
INFO: [fuzzer] Starting at 01:34:18
> Entering slow path...> Priming  35              > Increase sample size to 40> Priming  35              > Increase sample size to 160> Priming  35              > Increase sample size to 320> Priming  35             

================================ Violations detected ==========================
Contract trace:
 16776603801569537729 (hash)
Hardware traces:
  Input group 1: [48]
  Input group 2: [98]
  ^.^.^......^..^.......^.....^...^..............^............^.^^ [320    | 0     ]
  ^.^.^......^.^........^............^...........^^...........^.^^ [0      | 319   ]
  ^.^.^......^.^........^...^........^...........^^...........^.^^ [0      | 1     ]

================================ Violation Traces =============================
                      ##### Input 48 #####

                     ##### Input 0 #####
0x0 : add sil, 52
  rax=0x000089c6000089c6 rbx=0x000018b0000018b0 rcx=0x0000558400005584 rdx=0x0000ebf20000ebf2
  rsi=0x00004df600004df6 rdi=0x000052ea000052ea flags=0b100011010110
  xmm0=0x000090290000902900008e7700008e77 xmm1=0x0000bb2f0000bb2f0000777f0000777f 
  xmm2=0x0000bf370000bf370000a6a10000a6a1 xmm3=0x0000222d0000222d0000a44d0000a44d 
  xmm4=0x0000a04e0000a04e0000a93c0000a93c xmm5=0x0000fae10000fae10000654300006543 
  xmm6=0x0000fbd80000fbd80000be620000be62 xmm7=0x0000cd190000cd190000894a0000894a 

0x4 : push rax
  rax=0x000089c6000089c6 rbx=0x000018b0000018b0 rcx=0x0000558400005584 rdx=0x0000ebf20000ebf2
  rsi=0x00004df600004d2a rdi=0x000052ea000052ea flags=0b000000000011
  xmm0=0x000090290000902900008e7700008e77 xmm1=0x0000bb2f0000bb2f0000777f0000777f 
  xmm2=0x0000bf370000bf370000a6a10000a6a1 xmm3=0x0000222d0000222d0000a44d0000a44d 
  xmm4=0x0000a04e0000a04e0000a93c0000a93c xmm5=0x0000fae10000fae10000654300006543 
  xmm6=0x0000fbd80000fbd80000be620000be62 xmm7=0x0000cd190000cd190000894a0000894a 

    > store to +0xff0 value 0x89c6000089c6
0x5 : push rcx
  rax=0x000089c6000089c6 rbx=0x000018b0000018b0 rcx=0x0000558400005584 rdx=0x0000ebf20000ebf2
  rsi=0x00004df600004d2a rdi=0x000052ea000052ea flags=0b000000000011
  xmm0=0x000090290000902900008e7700008e77 xmm1=0x0000bb2f0000bb2f0000777f0000777f 
  xmm2=0x0000bf370000bf370000a6a10000a6a1 xmm3=0x0000222d0000222d0000a44d0000a44d 
  xmm4=0x0000a04e0000a04e0000a93c0000a93c xmm5=0x0000fae10000fae10000654300006543 
  xmm6=0x0000fbd80000fbd80000be620000be62 xmm7=0x0000cd190000cd190000894a0000894a 

    > store to +0xfe8 value 0x558400005584
0x6 : push rdx
  rax=0x000089c6000089c6 rbx=0x000018b0000018b0 rcx=0x0000558400005584 rdx=0x0000ebf20000ebf2
  rsi=0x00004df600004d2a rdi=0x000052ea000052ea flags=0b000000000011
  xmm0=0x000090290000902900008e7700008e77 xmm1=0x0000bb2f0000bb2f0000777f0000777f 
  xmm2=0x0000bf370000bf370000a6a10000a6a1 xmm3=0x0000222d0000222d0000a44d0000a44d 
  xmm4=0x0000a04e0000a04e0000a93c0000a93c xmm5=0x0000fae10000fae10000654300006543 
  xmm6=0x0000fbd80000fbd80000be620000be62 xmm7=0x0000cd190000cd190000894a0000894a 

    > store to +0xfe0 value 0xebf20000ebf2
0x7 : mov ecx, 0x1a4
  rax=0x000089c6000089c6 rbx=0x000018b0000018b0 rcx=0x0000558400005584 rdx=0x0000ebf20000ebf2
  rsi=0x00004df600004d2a rdi=0x000052ea000052ea flags=0b000000000011
  xmm0=0x000090290000902900008e7700008e77 xmm1=0x0000bb2f0000bb2f0000777f0000777f 
  xmm2=0x0000bf370000bf370000a6a10000a6a1 xmm3=0x0000222d0000222d0000a44d0000a44d 
  xmm4=0x0000a04e0000a04e0000a93c0000a93c xmm5=0x0000fae10000fae10000654300006543 
  xmm6=0x0000fbd80000fbd80000be620000be62 xmm7=0x0000cd190000cd190000894a0000894a 

0xc : mov edx, 0
  rax=0x000089c6000089c6 rbx=0x000018b0000018b0 rcx=0x00000000000001a4 rdx=0x0000ebf20000ebf2
  rsi=0x00004df600004d2a rdi=0x000052ea000052ea flags=0b000000000011
  xmm0=0x000090290000902900008e7700008e77 xmm1=0x0000bb2f0000bb2f0000777f0000777f 
  xmm2=0x0000bf370000bf370000a6a10000a6a1 xmm3=0x0000222d0000222d0000a44d0000a44d 
  xmm4=0x0000a04e0000a04e0000a93c0000a93c xmm5=0x0000fae10000fae10000654300006543 
  xmm6=0x0000fbd80000fbd80000be620000be62 xmm7=0x0000cd190000cd190000894a0000894a 

0x11: mov eax, 0b101111
  rax=0x000089c6000089c6 rbx=0x000018b0000018b0 rcx=0x00000000000001a4 rdx=0x0000000000000000
  rsi=0x00004df600004d2a rdi=0x000052ea000052ea flags=0b000000000011
  xmm0=0x000090290000902900008e7700008e77 xmm1=0x0000bb2f0000bb2f0000777f0000777f 
  xmm2=0x0000bf370000bf370000a6a10000a6a1 xmm3=0x0000222d0000222d0000a44d0000a44d 
  xmm4=0x0000a04e0000a04e0000a93c0000a93c xmm5=0x0000fae10000fae10000654300006543 
  xmm6=0x0000fbd80000fbd80000be620000be62 xmm7=0x0000cd190000cd190000894a0000894a 

0x16: wrmsr 
  rax=0x000000000000002f rbx=0x000018b0000018b0 rcx=0x00000000000001a4 rdx=0x0000000000000000
  rsi=0x00004df600004d2a rdi=0x000052ea000052ea flags=0b000000000011
  xmm0=0x000090290000902900008e7700008e77 xmm1=0x0000bb2f0000bb2f0000777f0000777f 
  xmm2=0x0000bf370000bf370000a6a10000a6a1 xmm3=0x0000222d0000222d0000a44d0000a44d 
  xmm4=0x0000a04e0000a04e0000a93c0000a93c xmm5=0x0000fae10000fae10000654300006543 
  xmm6=0x0000fbd80000fbd80000be620000be62 xmm7=0x0000cd190000cd190000894a0000894a 

0x18: mov ecx, 0x48
  rax=0x000000000000002f rbx=0x000018b0000018b0 rcx=0x00000000000001a4 rdx=0x0000000000000000
  rsi=0x00004df600004d2a rdi=0x000052ea000052ea flags=0b000000000011
  xmm0=0x000090290000902900008e7700008e77 xmm1=0x0000bb2f0000bb2f0000777f0000777f 
  xmm2=0x0000bf370000bf370000a6a10000a6a1 xmm3=0x0000222d0000222d0000a44d0000a44d 
  xmm4=0x0000a04e0000a04e0000a93c0000a93c xmm5=0x0000fae10000fae10000654300006543 
  xmm6=0x0000fbd80000fbd80000be620000be62 xmm7=0x0000cd190000cd190000894a0000894a 

0x1d: rdmsr 
  rax=0x000000000000002f rbx=0x000018b0000018b0 rcx=0x0000000000000048 rdx=0x0000000000000000
  rsi=0x00004df600004d2a rdi=0x000052ea000052ea flags=0b000000000011
  xmm0=0x000090290000902900008e7700008e77 xmm1=0x0000bb2f0000bb2f0000777f0000777f 
  xmm2=0x0000bf370000bf370000a6a10000a6a1 xmm3=0x0000222d0000222d0000a44d0000a44d 
  xmm4=0x0000a04e0000a04e0000a93c0000a93c xmm5=0x0000fae10000fae10000654300006543 
  xmm6=0x0000fbd80000fbd80000be620000be62 xmm7=0x0000cd190000cd190000894a0000894a 

0x1f: and eax, 0xfffffffb
  rax=0x0000000000000000 rbx=0x000018b0000018b0 rcx=0x0000000000000048 rdx=0x0000000000000000
  rsi=0x00004df600004d2a rdi=0x000052ea000052ea flags=0b000000000011
  xmm0=0x000090290000902900008e7700008e77 xmm1=0x0000bb2f0000bb2f0000777f0000777f 
  xmm2=0x0000bf370000bf370000a6a10000a6a1 xmm3=0x0000222d0000222d0000a44d0000a44d 
  xmm4=0x0000a04e0000a04e0000a93c0000a93c xmm5=0x0000fae10000fae10000654300006543 
  xmm6=0x0000fbd80000fbd80000be620000be62 xmm7=0x0000cd190000cd190000894a0000894a 

0x22: or eax, 0x100
  rax=0x0000000000000000 rbx=0x000018b0000018b0 rcx=0x0000000000000048 rdx=0x0000000000000000
  rsi=0x00004df600004d2a rdi=0x000052ea000052ea flags=0b000001000110
  xmm0=0x000090290000902900008e7700008e77 xmm1=0x0000bb2f0000bb2f0000777f0000777f 
  xmm2=0x0000bf370000bf370000a6a10000a6a1 xmm3=0x0000222d0000222d0000a44d0000a44d 
  xmm4=0x0000a04e0000a04e0000a93c0000a93c xmm5=0x0000fae10000fae10000654300006543 
  xmm6=0x0000fbd80000fbd80000be620000be62 xmm7=0x0000cd190000cd190000894a0000894a 

0x27: wrmsr 
  rax=0x0000000000000100 rbx=0x000018b0000018b0 rcx=0x0000000000000048 rdx=0x0000000000000000
  rsi=0x00004df600004d2a rdi=0x000052ea000052ea flags=0b000000000110
  xmm0=0x000090290000902900008e7700008e77 xmm1=0x0000bb2f0000bb2f0000777f0000777f 
  xmm2=0x0000bf370000bf370000a6a10000a6a1 xmm3=0x0000222d0000222d0000a44d0000a44d 
  xmm4=0x0000a04e0000a04e0000a93c0000a93c xmm5=0x0000fae10000fae10000654300006543 
  xmm6=0x0000fbd80000fbd80000be620000be62 xmm7=0x0000cd190000cd190000894a0000894a 

0x29: mfence 
  rax=0x0000000000000100 rbx=0x000018b0000018b0 rcx=0x0000000000000048 rdx=0x0000000000000000
  rsi=0x00004df600004d2a rdi=0x000052ea000052ea flags=0b000000000110
  xmm0=0x000090290000902900008e7700008e77 xmm1=0x0000bb2f0000bb2f0000777f0000777f 
  xmm2=0x0000bf370000bf370000a6a10000a6a1 xmm3=0x0000222d0000222d0000a44d0000a44d 
  xmm4=0x0000a04e0000a04e0000a93c0000a93c xmm5=0x0000fae10000fae10000654300006543 
  xmm6=0x0000fbd80000fbd80000be620000be62 xmm7=0x0000cd190000cd190000894a0000894a 

0x2c: lfence 
  rax=0x0000000000000100 rbx=0x000018b0000018b0 rcx=0x0000000000000048 rdx=0x0000000000000000
  rsi=0x00004df600004d2a rdi=0x000052ea000052ea flags=0b000000000110
  xmm0=0x000090290000902900008e7700008e77 xmm1=0x0000bb2f0000bb2f0000777f0000777f 
  xmm2=0x0000bf370000bf370000a6a10000a6a1 xmm3=0x0000222d0000222d0000a44d0000a44d 
  xmm4=0x0000a04e0000a04e0000a93c0000a93c xmm5=0x0000fae10000fae10000654300006543 
  xmm6=0x0000fbd80000fbd80000be620000be62 xmm7=0x0000cd190000cd190000894a0000894a 

0x2f: macro .measurement_start, .noarg
  rax=0x0000000000000100 rbx=0x000018b0000018b0 rcx=0x0000000000000048 rdx=0x0000000000000000
  rsi=0x00004df600004d2a rdi=0x000052ea000052ea flags=0b000000000110
  xmm0=0x000090290000902900008e7700008e77 xmm1=0x0000bb2f0000bb2f0000777f0000777f 
  xmm2=0x0000bf370000bf370000a6a10000a6a1 xmm3=0x0000222d0000222d0000a44d0000a44d 
  xmm4=0x0000a04e0000a04e0000a93c0000a93c xmm5=0x0000fae10000fae10000654300006543 
  xmm6=0x0000fbd80000fbd80000be620000be62 xmm7=0x0000cd190000cd190000894a0000894a 

0x37: mov ecx, 0x1a4
  rax=0x0000000000000100 rbx=0x000018b0000018b0 rcx=0x0000000000000048 rdx=0x0000000000000000
  rsi=0x00004df600004d2a rdi=0x000052ea000052ea flags=0b000000000110
  xmm0=0x000090290000902900008e7700008e77 xmm1=0x0000bb2f0000bb2f0000777f0000777f 
  xmm2=0x0000bf370000bf370000a6a10000a6a1 xmm3=0x0000222d0000222d0000a44d0000a44d 
  xmm4=0x0000a04e0000a04e0000a93c0000a93c xmm5=0x0000fae10000fae10000654300006543 
  xmm6=0x0000fbd80000fbd80000be620000be62 xmm7=0x0000cd190000cd190000894a0000894a 

0x3c: mov edx, 0
  rax=0x0000000000000100 rbx=0x000018b0000018b0 rcx=0x00000000000001a4 rdx=0x0000000000000000
  rsi=0x00004df600004d2a rdi=0x000052ea000052ea flags=0b000000000110
  xmm0=0x000090290000902900008e7700008e77 xmm1=0x0000bb2f0000bb2f0000777f0000777f 
  xmm2=0x0000bf370000bf370000a6a10000a6a1 xmm3=0x0000222d0000222d0000a44d0000a44d 
  xmm4=0x0000a04e0000a04e0000a93c0000a93c xmm5=0x0000fae10000fae10000654300006543 
  xmm6=0x0000fbd80000fbd80000be620000be62 xmm7=0x0000cd190000cd190000894a0000894a 

0x41: mov eax, 0b000000
  rax=0x0000000000000100 rbx=0x000018b0000018b0 rcx=0x00000000000001a4 rdx=0x0000000000000000
  rsi=0x00004df600004d2a rdi=0x000052ea000052ea flags=0b000000000110
  xmm0=0x000090290000902900008e7700008e77 xmm1=0x0000bb2f0000bb2f0000777f0000777f 
  xmm2=0x0000bf370000bf370000a6a10000a6a1 xmm3=0x0000222d0000222d0000a44d0000a44d 
  xmm4=0x0000a04e0000a04e0000a93c0000a93c xmm5=0x0000fae10000fae10000654300006543 
  xmm6=0x0000fbd80000fbd80000be620000be62 xmm7=0x0000cd190000cd190000894a0000894a 

0x46: mov ecx, 0x48
  rax=0x0000000000000000 rbx=0x000018b0000018b0 rcx=0x00000000000001a4 rdx=0x0000000000000000
  rsi=0x00004df600004d2a rdi=0x000052ea000052ea flags=0b000000000110
  xmm0=0x000090290000902900008e7700008e77 xmm1=0x0000bb2f0000bb2f0000777f0000777f 
  xmm2=0x0000bf370000bf370000a6a10000a6a1 xmm3=0x0000222d0000222d0000a44d0000a44d 
  xmm4=0x0000a04e0000a04e0000a93c0000a93c xmm5=0x0000fae10000fae10000654300006543 
  xmm6=0x0000fbd80000fbd80000be620000be62 xmm7=0x0000cd190000cd190000894a0000894a 

0x4b: rdmsr 
  rax=0x0000000000000000 rbx=0x000018b0000018b0 rcx=0x0000000000000048 rdx=0x0000000000000000
  rsi=0x00004df600004d2a rdi=0x000052ea000052ea flags=0b000000000110
  xmm0=0x000090290000902900008e7700008e77 xmm1=0x0000bb2f0000bb2f0000777f0000777f 
  xmm2=0x0000bf370000bf370000a6a10000a6a1 xmm3=0x0000222d0000222d0000a44d0000a44d 
  xmm4=0x0000a04e0000a04e0000a93c0000a93c xmm5=0x0000fae10000fae10000654300006543 
  xmm6=0x0000fbd80000fbd80000be620000be62 xmm7=0x0000cd190000cd190000894a0000894a 

0x4d: and eax, 0xfffffffb
  rax=0x0000000000000000 rbx=0x000018b0000018b0 rcx=0x0000000000000048 rdx=0x0000000000000000
  rsi=0x00004df600004d2a rdi=0x000052ea000052ea flags=0b000000000110
  xmm0=0x000090290000902900008e7700008e77 xmm1=0x0000bb2f0000bb2f0000777f0000777f 
  xmm2=0x0000bf370000bf370000a6a10000a6a1 xmm3=0x0000222d0000222d0000a44d0000a44d 
  xmm4=0x0000a04e0000a04e0000a93c0000a93c xmm5=0x0000fae10000fae10000654300006543 
  xmm6=0x0000fbd80000fbd80000be620000be62 xmm7=0x0000cd190000cd190000894a0000894a 

0x50: and eax, 0xfffffeff
  rax=0x0000000000000000 rbx=0x000018b0000018b0 rcx=0x0000000000000048 rdx=0x0000000000000000
  rsi=0x00004df600004d2a rdi=0x000052ea000052ea flags=0b000001000110
  xmm0=0x000090290000902900008e7700008e77 xmm1=0x0000bb2f0000bb2f0000777f0000777f 
  xmm2=0x0000bf370000bf370000a6a10000a6a1 xmm3=0x0000222d0000222d0000a44d0000a44d 
  xmm4=0x0000a04e0000a04e0000a93c0000a93c xmm5=0x0000fae10000fae10000654300006543 
  xmm6=0x0000fbd80000fbd80000be620000be62 xmm7=0x0000cd190000cd190000894a0000894a 

0x55: wrmsr 
  rax=0x0000000000000000 rbx=0x000018b0000018b0 rcx=0x0000000000000048 rdx=0x0000000000000000
  rsi=0x00004df600004d2a rdi=0x000052ea000052ea flags=0b000001000110
  xmm0=0x000090290000902900008e7700008e77 xmm1=0x0000bb2f0000bb2f0000777f0000777f 
  xmm2=0x0000bf370000bf370000a6a10000a6a1 xmm3=0x0000222d0000222d0000a44d0000a44d 
  xmm4=0x0000a04e0000a04e0000a93c0000a93c xmm5=0x0000fae10000fae10000654300006543 
  xmm6=0x0000fbd80000fbd80000be620000be62 xmm7=0x0000cd190000cd190000894a0000894a 

0x57: mfence 
  rax=0x0000000000000000 rbx=0x000018b0000018b0 rcx=0x0000000000000048 rdx=0x0000000000000000
  rsi=0x00004df600004d2a rdi=0x000052ea000052ea flags=0b000001000110
  xmm0=0x000090290000902900008e7700008e77 xmm1=0x0000bb2f0000bb2f0000777f0000777f 
  xmm2=0x0000bf370000bf370000a6a10000a6a1 xmm3=0x0000222d0000222d0000a44d0000a44d 
  xmm4=0x0000a04e0000a04e0000a93c0000a93c xmm5=0x0000fae10000fae10000654300006543 
  xmm6=0x0000fbd80000fbd80000be620000be62 xmm7=0x0000cd190000cd190000894a0000894a 

0x5a: lfence 
  rax=0x0000000000000000 rbx=0x000018b0000018b0 rcx=0x0000000000000048 rdx=0x0000000000000000
  rsi=0x00004df600004d2a rdi=0x000052ea000052ea flags=0b000001000110
  xmm0=0x000090290000902900008e7700008e77 xmm1=0x0000bb2f0000bb2f0000777f0000777f 
  xmm2=0x0000bf370000bf370000a6a10000a6a1 xmm3=0x0000222d0000222d0000a44d0000a44d 
  xmm4=0x0000a04e0000a04e0000a93c0000a93c xmm5=0x0000fae10000fae10000654300006543 
  xmm6=0x0000fbd80000fbd80000be620000be62 xmm7=0x0000cd190000cd190000894a0000894a 

0x5d: pop rdx
  rax=0x0000000000000000 rbx=0x000018b0000018b0 rcx=0x0000000000000048 rdx=0x0000000000000000
  rsi=0x00004df600004d2a rdi=0x000052ea000052ea flags=0b000001000110
  xmm0=0x000090290000902900008e7700008e77 xmm1=0x0000bb2f0000bb2f0000777f0000777f 
  xmm2=0x0000bf370000bf370000a6a10000a6a1 xmm3=0x0000222d0000222d0000a44d0000a44d 
  xmm4=0x0000a04e0000a04e0000a93c0000a93c xmm5=0x0000fae10000fae10000654300006543 
  xmm6=0x0000fbd80000fbd80000be620000be62 xmm7=0x0000cd190000cd190000894a0000894a 

    > load from +0xfe0 value 0xebf20000ebf2
0x5e: pop rcx
  rax=0x0000000000000000 rbx=0x000018b0000018b0 rcx=0x0000000000000048 rdx=0x0000ebf20000ebf2
  rsi=0x00004df600004d2a rdi=0x000052ea000052ea flags=0b000001000110
  xmm0=0x000090290000902900008e7700008e77 xmm1=0x0000bb2f0000bb2f0000777f0000777f 
  xmm2=0x0000bf370000bf370000a6a10000a6a1 xmm3=0x0000222d0000222d0000a44d0000a44d 
  xmm4=0x0000a04e0000a04e0000a93c0000a93c xmm5=0x0000fae10000fae10000654300006543 
  xmm6=0x0000fbd80000fbd80000be620000be62 xmm7=0x0000cd190000cd190000894a0000894a 

    > load from +0xfe8 value 0x558400005584
0x5f: pop rax
  rax=0x0000000000000000 rbx=0x000018b0000018b0 rcx=0x0000558400005584 rdx=0x0000ebf20000ebf2
  rsi=0x00004df600004d2a rdi=0x000052ea000052ea flags=0b000001000110
  xmm0=0x000090290000902900008e7700008e77 xmm1=0x0000bb2f0000bb2f0000777f0000777f 
  xmm2=0x0000bf370000bf370000a6a10000a6a1 xmm3=0x0000222d0000222d0000a44d0000a44d 
  xmm4=0x0000a04e0000a04e0000a93c0000a93c xmm5=0x0000fae10000fae10000654300006543 
  xmm6=0x0000fbd80000fbd80000be620000be62 xmm7=0x0000cd190000cd190000894a0000894a 

    > load from +0xff0 value 0x89c6000089c6
0x60: cmovp dx, ax
  rax=0x000089c6000089c6 rbx=0x000018b0000018b0 rcx=0x0000558400005584 rdx=0x0000ebf20000ebf2
  rsi=0x00004df600004d2a rdi=0x000052ea000052ea flags=0b000001000110
  xmm0=0x000090290000902900008e7700008e77 xmm1=0x0000bb2f0000bb2f0000777f0000777f 
  xmm2=0x0000bf370000bf370000a6a10000a6a1 xmm3=0x0000222d0000222d0000a44d0000a44d 
  xmm4=0x0000a04e0000a04e0000a93c0000a93c xmm5=0x0000fae10000fae10000654300006543 
  xmm6=0x0000fbd80000fbd80000be620000be62 xmm7=0x0000cd190000cd190000894a0000894a 

0x64: and rdi, 0b1111111111111
  rax=0x000089c6000089c6 rbx=0x000018b0000018b0 rcx=0x0000558400005584 rdx=0x0000ebf2000089c6
  rsi=0x00004df600004d2a rdi=0x000052ea000052ea flags=0b000001000110
  xmm0=0x000090290000902900008e7700008e77 xmm1=0x0000bb2f0000bb2f0000777f0000777f 
  xmm2=0x0000bf370000bf370000a6a10000a6a1 xmm3=0x0000222d0000222d0000a44d0000a44d 
  xmm4=0x0000a04e0000a04e0000a93c0000a93c xmm5=0x0000fae10000fae10000654300006543 
  xmm6=0x0000fbd80000fbd80000be620000be62 xmm7=0x0000cd190000cd190000894a0000894a 

0x6b: cmovnb bx, [r14 +rdi]
  rax=0x000089c6000089c6 rbx=0x000018b0000018b0 rcx=0x0000558400005584 rdx=0x0000ebf2000089c6
  rsi=0x00004df600004d2a rdi=0x00000000000012ea flags=0b000000000010
  xmm0=0x000090290000902900008e7700008e77 xmm1=0x0000bb2f0000bb2f0000777f0000777f 
  xmm2=0x0000bf370000bf370000a6a10000a6a1 xmm3=0x0000222d0000222d0000a44d0000a44d 
  xmm4=0x0000a04e0000a04e0000a93c0000a93c xmm5=0x0000fae10000fae10000654300006543 
  xmm6=0x0000fbd80000fbd80000be620000be62 xmm7=0x0000cd190000cd190000894a0000894a 

    > load from +0x12ea value 0x0
0x71: or rbx, 0b1000000000000000000000000000000
  rax=0x000089c6000089c6 rbx=0x000018b000000000 rcx=0x0000558400005584 rdx=0x0000ebf2000089c6
  rsi=0x00004df600004d2a rdi=0x00000000000012ea flags=0b000000000010
  xmm0=0x000090290000902900008e7700008e77 xmm1=0x0000bb2f0000bb2f0000777f0000777f 
  xmm2=0x0000bf370000bf370000a6a10000a6a1 xmm3=0x0000222d0000222d0000a44d0000a44d 
  xmm4=0x0000a04e0000a04e0000a93c0000a93c xmm5=0x0000fae10000fae10000654300006543 
  xmm6=0x0000fbd80000fbd80000be620000be62 xmm7=0x0000cd190000cd190000894a0000894a 

0x78: bsf rsi, rbx
  rax=0x000089c6000089c6 rbx=0x000018b040000000 rcx=0x0000558400005584 rdx=0x0000ebf2000089c6
  rsi=0x00004df600004d2a rdi=0x00000000000012ea flags=0b000000000110
  xmm0=0x000090290000902900008e7700008e77 xmm1=0x0000bb2f0000bb2f0000777f0000777f 
  xmm2=0x0000bf370000bf370000a6a10000a6a1 xmm3=0x0000222d0000222d0000a44d0000a44d 
  xmm4=0x0000a04e0000a04e0000a93c0000a93c xmm5=0x0000fae10000fae10000654300006543 
  xmm6=0x0000fbd80000fbd80000be620000be62 xmm7=0x0000cd190000cd190000894a0000894a 

0x7c: and rdi, 0b1111111111111
  rax=0x000089c6000089c6 rbx=0x000018b040000000 rcx=0x0000558400005584 rdx=0x0000ebf2000089c6
  rsi=0x000000000000001e rdi=0x00000000000012ea flags=0b000000000110
  xmm0=0x000090290000902900008e7700008e77 xmm1=0x0000bb2f0000bb2f0000777f0000777f 
  xmm2=0x0000bf370000bf370000a6a10000a6a1 xmm3=0x0000222d0000222d0000a44d0000a44d 
  xmm4=0x0000a04e0000a04e0000a93c0000a93c xmm5=0x0000fae10000fae10000654300006543 
  xmm6=0x0000fbd80000fbd80000be620000be62 xmm7=0x0000cd190000cd190000894a0000894a 

0x83: or bl, [r14 +rdi]
  rax=0x000089c6000089c6 rbx=0x000018b040000000 rcx=0x0000558400005584 rdx=0x0000ebf2000089c6
  rsi=0x000000000000001e rdi=0x00000000000012ea flags=0b000000000010
  xmm0=0x000090290000902900008e7700008e77 xmm1=0x0000bb2f0000bb2f0000777f0000777f 
  xmm2=0x0000bf370000bf370000a6a10000a6a1 xmm3=0x0000222d0000222d0000a44d0000a44d 
  xmm4=0x0000a04e0000a04e0000a93c0000a93c xmm5=0x0000fae10000fae10000654300006543 
  xmm6=0x0000fbd80000fbd80000be620000be62 xmm7=0x0000cd190000cd190000894a0000894a 

    > load from +0x12ea value 0x0
0x87: and rcx, 0b1111111111111
  rax=0x000089c6000089c6 rbx=0x000018b040000000 rcx=0x0000558400005584 rdx=0x0000ebf2000089c6
  rsi=0x000000000000001e rdi=0x00000000000012ea flags=0b000001000110
  xmm0=0x000090290000902900008e7700008e77 xmm1=0x0000bb2f0000bb2f0000777f0000777f 
  xmm2=0x0000bf370000bf370000a6a10000a6a1 xmm3=0x0000222d0000222d0000a44d0000a44d 
  xmm4=0x0000a04e0000a04e0000a93c0000a93c xmm5=0x0000fae10000fae10000654300006543 
  xmm6=0x0000fbd80000fbd80000be620000be62 xmm7=0x0000cd190000cd190000894a0000894a 

0x8e: adc dl, [r14 +rcx]
  rax=0x000089c6000089c6 rbx=0x000018b040000000 rcx=0x0000000000001584 rdx=0x0000ebf2000089c6
  rsi=0x000000000000001e rdi=0x00000000000012ea flags=0b000000000110
  xmm0=0x000090290000902900008e7700008e77 xmm1=0x0000bb2f0000bb2f0000777f0000777f 
  xmm2=0x0000bf370000bf370000a6a10000a6a1 xmm3=0x0000222d0000222d0000a44d0000a44d 
  xmm4=0x0000a04e0000a04e0000a93c0000a93c xmm5=0x0000fae10000fae10000654300006543 
  xmm6=0x0000fbd80000fbd80000be620000be62 xmm7=0x0000cd190000cd190000894a0000894a 

    > load from +0x1584 value 0xf2
0x92: and rdx, 0b1111111111111
  rax=0x000089c6000089c6 rbx=0x000018b040000000 rcx=0x0000000000001584 rdx=0x0000ebf2000089b8
  rsi=0x000000000000001e rdi=0x00000000000012ea flags=0b000010000111
  xmm0=0x000090290000902900008e7700008e77 xmm1=0x0000bb2f0000bb2f0000777f0000777f 
  xmm2=0x0000bf370000bf370000a6a10000a6a1 xmm3=0x0000222d0000222d0000a44d0000a44d 
  xmm4=0x0000a04e0000a04e0000a93c0000a93c xmm5=0x0000fae10000fae10000654300006543 
  xmm6=0x0000fbd80000fbd80000be620000be62 xmm7=0x0000cd190000cd190000894a0000894a 

0x99: or bl, [r14 +rdx]
  rax=0x000089c6000089c6 rbx=0x000018b040000000 rcx=0x0000000000001584 rdx=0x00000000000009b8
  rsi=0x000000000000001e rdi=0x00000000000012ea flags=0b000000000110
  xmm0=0x000090290000902900008e7700008e77 xmm1=0x0000bb2f0000bb2f0000777f0000777f 
  xmm2=0x0000bf370000bf370000a6a10000a6a1 xmm3=0x0000222d0000222d0000a44d0000a44d 
  xmm4=0x0000a04e0000a04e0000a93c0000a93c xmm5=0x0000fae10000fae10000654300006543 
  xmm6=0x0000fbd80000fbd80000be620000be62 xmm7=0x0000cd190000cd190000894a0000894a 

    > load from +0x9b8 value 0x5e
0x9d: and rdi, 0b1111111111111
  rax=0x000089c6000089c6 rbx=0x000018b04000005e rcx=0x0000000000001584 rdx=0x00000000000009b8
  rsi=0x000000000000001e rdi=0x00000000000012ea flags=0b000000000010
  xmm0=0x000090290000902900008e7700008e77 xmm1=0x0000bb2f0000bb2f0000777f0000777f 
  xmm2=0x0000bf370000bf370000a6a10000a6a1 xmm3=0x0000222d0000222d0000a44d0000a44d 
  xmm4=0x0000a04e0000a04e0000a93c0000a93c xmm5=0x0000fae10000fae10000654300006543 
  xmm6=0x0000fbd80000fbd80000be620000be62 xmm7=0x0000cd190000cd190000894a0000894a 

0xa4: test [r14 +rdi], rsi
  rax=0x000089c6000089c6 rbx=0x000018b04000005e rcx=0x0000000000001584 rdx=0x00000000000009b8
  rsi=0x000000000000001e rdi=0x00000000000012ea flags=0b000000000010
  xmm0=0x000090290000902900008e7700008e77 xmm1=0x0000bb2f0000bb2f0000777f0000777f 
  xmm2=0x0000bf370000bf370000a6a10000a6a1 xmm3=0x0000222d0000222d0000a44d0000a44d 
  xmm4=0x0000a04e0000a04e0000a93c0000a93c xmm5=0x0000fae10000fae10000654300006543 
  xmm6=0x0000fbd80000fbd80000be620000be62 xmm7=0x0000cd190000cd190000894a0000894a 

    > load from +0x12ea value 0x9f3c00000bc60000
0xa8: and rdi, 0b1111111111111
  rax=0x000089c6000089c6 rbx=0x000018b04000005e rcx=0x0000000000001584 rdx=0x00000000000009b8
  rsi=0x000000000000001e rdi=0x00000000000012ea flags=0b000001000110
  xmm0=0x000090290000902900008e7700008e77 xmm1=0x0000bb2f0000bb2f0000777f0000777f 
  xmm2=0x0000bf370000bf370000a6a10000a6a1 xmm3=0x0000222d0000222d0000a44d0000a44d 
  xmm4=0x0000a04e0000a04e0000a93c0000a93c xmm5=0x0000fae10000fae10000654300006543 
  xmm6=0x0000fbd80000fbd80000be620000be62 xmm7=0x0000cd190000cd190000894a0000894a 

0xaf: cmovp edi, [r14 +rdi]
  rax=0x000089c6000089c6 rbx=0x000018b04000005e rcx=0x0000000000001584 rdx=0x00000000000009b8
  rsi=0x000000000000001e rdi=0x00000000000012ea flags=0b000000000010
  xmm0=0x000090290000902900008e7700008e77 xmm1=0x0000bb2f0000bb2f0000777f0000777f 
  xmm2=0x0000bf370000bf370000a6a10000a6a1 xmm3=0x0000222d0000222d0000a44d0000a44d 
  xmm4=0x0000a04e0000a04e0000a93c0000a93c xmm5=0x0000fae10000fae10000654300006543 
  xmm6=0x0000fbd80000fbd80000be620000be62 xmm7=0x0000cd190000cd190000894a0000894a 

    > load from +0x12ea value 0xbc60000
0xb4: adc ecx, edx
  rax=0x000089c6000089c6 rbx=0x000018b04000005e rcx=0x0000000000001584 rdx=0x00000000000009b8
  rsi=0x000000000000001e rdi=0x00000000000012ea flags=0b000000000010
  xmm0=0x000090290000902900008e7700008e77 xmm1=0x0000bb2f0000bb2f0000777f0000777f 
  xmm2=0x0000bf370000bf370000a6a10000a6a1 xmm3=0x0000222d0000222d0000a44d0000a44d 
  xmm4=0x0000a04e0000a04e0000a93c0000a93c xmm5=0x0000fae10000fae10000654300006543 
  xmm6=0x0000fbd80000fbd80000be620000be62 xmm7=0x0000cd190000cd190000894a0000894a 

0xb6: or dl, dl
  rax=0x000089c6000089c6 rbx=0x000018b04000005e rcx=0x0000000000001f3c rdx=0x00000000000009b8
  rsi=0x000000000000001e rdi=0x00000000000012ea flags=0b000000000110
  xmm0=0x000090290000902900008e7700008e77 xmm1=0x0000bb2f0000bb2f0000777f0000777f 
  xmm2=0x0000bf370000bf370000a6a10000a6a1 xmm3=0x0000222d0000222d0000a44d0000a44d 
  xmm4=0x0000a04e0000a04e0000a93c0000a93c xmm5=0x0000fae10000fae10000654300006543 
  xmm6=0x0000fbd80000fbd80000be620000be62 xmm7=0x0000cd190000cd190000894a0000894a 

0xb8: and rdx, 0b1111111111111
  rax=0x000089c6000089c6 rbx=0x000018b04000005e rcx=0x0000000000001f3c rdx=0x00000000000009b8
  rsi=0x000000000000001e rdi=0x00000000000012ea flags=0b000010000110
  xmm0=0x000090290000902900008e7700008e77 xmm1=0x0000bb2f0000bb2f0000777f0000777f 
  xmm2=0x0000bf370000bf370000a6a10000a6a1 xmm3=0x0000222d0000222d0000a44d0000a44d 
  xmm4=0x0000a04e0000a04e0000a93c0000a93c xmm5=0x0000fae10000fae10000654300006543 
  xmm6=0x0000fbd80000fbd80000be620000be62 xmm7=0x0000cd190000cd190000894a0000894a 

0xbf: or [r14 +rdx], 1
  rax=0x000089c6000089c6 rbx=0x000018b04000005e rcx=0x0000000000001f3c rdx=0x00000000000009b8
  rsi=0x000000000000001e rdi=0x00000000000012ea flags=0b000000000110
  xmm0=0x000090290000902900008e7700008e77 xmm1=0x0000bb2f0000bb2f0000777f0000777f 
  xmm2=0x0000bf370000bf370000a6a10000a6a1 xmm3=0x0000222d0000222d0000a44d0000a44d 
  xmm4=0x0000a04e0000a04e0000a93c0000a93c xmm5=0x0000fae10000fae10000654300006543 
  xmm6=0x0000fbd80000fbd80000be620000be62 xmm7=0x0000cd190000cd190000894a0000894a 

    > load from +0x9b8 value 0x3f5e
    > store to +0x9b8 value 0x3f5f
0xc5: sahf 
  rax=0x000089c6000089c6 rbx=0x000018b04000005e rcx=0x0000000000001f3c rdx=0x00000000000009b8
  rsi=0x000000000000001e rdi=0x00000000000012ea flags=0b000000000110
  xmm0=0x000090290000902900008e7700008e77 xmm1=0x0000bb2f0000bb2f0000777f0000777f 
  xmm2=0x0000bf370000bf370000a6a10000a6a1 xmm3=0x0000222d0000222d0000a44d0000a44d 
  xmm4=0x0000a04e0000a04e0000a93c0000a93c xmm5=0x0000fae10000fae10000654300006543 
  xmm6=0x0000fbd80000fbd80000be620000be62 xmm7=0x0000cd190000cd190000894a0000894a 

0xc6: and rdx, 0b1111111111111
  rax=0x000089c6000089c6 rbx=0x000018b04000005e rcx=0x0000000000001f3c rdx=0x00000000000009b8
  rsi=0x000000000000001e rdi=0x00000000000012ea flags=0b000010000011
  xmm0=0x000090290000902900008e7700008e77 xmm1=0x0000bb2f0000bb2f0000777f0000777f 
  xmm2=0x0000bf370000bf370000a6a10000a6a1 xmm3=0x0000222d0000222d0000a44d0000a44d 
  xmm4=0x0000a04e0000a04e0000a93c0000a93c xmm5=0x0000fae10000fae10000654300006543 
  xmm6=0x0000fbd80000fbd80000be620000be62 xmm7=0x0000cd190000cd190000894a0000894a 

0xcd: sub ax, [r14 +rdx]
  rax=0x000089c6000089c6 rbx=0x000018b04000005e rcx=0x0000000000001f3c rdx=0x00000000000009b8
  rsi=0x000000000000001e rdi=0x00000000000012ea flags=0b000000000110
  xmm0=0x000090290000902900008e7700008e77 xmm1=0x0000bb2f0000bb2f0000777f0000777f 
  xmm2=0x0000bf370000bf370000a6a10000a6a1 xmm3=0x0000222d0000222d0000a44d0000a44d 
  xmm4=0x0000a04e0000a04e0000a93c0000a93c xmm5=0x0000fae10000fae10000654300006543 
  xmm6=0x0000fbd80000fbd80000be620000be62 xmm7=0x0000cd190000cd190000894a0000894a 

    > load from +0x9b8 value 0x3f5f
0xd2: sbb al, -98
  rax=0x000089c600004a67 rbx=0x000018b04000005e rcx=0x0000000000001f3c rdx=0x00000000000009b8
  rsi=0x000000000000001e rdi=0x00000000000012ea flags=0b100000010010
  xmm0=0x000090290000902900008e7700008e77 xmm1=0x0000bb2f0000bb2f0000777f0000777f 
  xmm2=0x0000bf370000bf370000a6a10000a6a1 xmm3=0x0000222d0000222d0000a44d0000a44d 
  xmm4=0x0000a04e0000a04e0000a93c0000a93c xmm5=0x0000fae10000fae10000654300006543 
  xmm6=0x0000fbd80000fbd80000be620000be62 xmm7=0x0000cd190000cd190000894a0000894a 

0xd4: and rdx, 0b1111111111111
  rax=0x000089c600004ac9 rbx=0x000018b04000005e rcx=0x0000000000001f3c rdx=0x00000000000009b8
  rsi=0x000000000000001e rdi=0x00000000000012ea flags=0b100010010111
  xmm0=0x000090290000902900008e7700008e77 xmm1=0x0000bb2f0000bb2f0000777f0000777f 
  xmm2=0x0000bf370000bf370000a6a10000a6a1 xmm3=0x0000222d0000222d0000a44d0000a44d 
  xmm4=0x0000a04e0000a04e0000a93c0000a93c xmm5=0x0000fae10000fae10000654300006543 
  xmm6=0x0000fbd80000fbd80000be620000be62 xmm7=0x0000cd190000cd190000894a0000894a 

0xdb: movsx si, [r14 +rdx]
  rax=0x000089c600004ac9 rbx=0x000018b04000005e rcx=0x0000000000001f3c rdx=0x00000000000009b8
  rsi=0x000000000000001e rdi=0x00000000000012ea flags=0b000000000110
  xmm0=0x000090290000902900008e7700008e77 xmm1=0x0000bb2f0000bb2f0000777f0000777f 
  xmm2=0x0000bf370000bf370000a6a10000a6a1 xmm3=0x0000222d0000222d0000a44d0000a44d 
  xmm4=0x0000a04e0000a04e0000a93c0000a93c xmm5=0x0000fae10000fae10000654300006543 
  xmm6=0x0000fbd80000fbd80000be620000be62 xmm7=0x0000cd190000cd190000894a0000894a 

    > load from +0x9b8 value 0x5f
0xe1: and rax, rax
  rax=0x000089c600004ac9 rbx=0x000018b04000005e rcx=0x0000000000001f3c rdx=0x00000000000009b8
  rsi=0x000000000000005f rdi=0x00000000000012ea flags=0b000000000110
  xmm0=0x000090290000902900008e7700008e77 xmm1=0x0000bb2f0000bb2f0000777f0000777f 
  xmm2=0x0000bf370000bf370000a6a10000a6a1 xmm3=0x0000222d0000222d0000a44d0000a44d 
  xmm4=0x0000a04e0000a04e0000a93c0000a93c xmm5=0x0000fae10000fae10000654300006543 
  xmm6=0x0000fbd80000fbd80000be620000be62 xmm7=0x0000cd190000cd190000894a0000894a 

0xe4: and rsi, 0b1111111111111
  rax=0x000089c600004ac9 rbx=0x000018b04000005e rcx=0x0000000000001f3c rdx=0x00000000000009b8
  rsi=0x000000000000005f rdi=0x00000000000012ea flags=0b000000000110
  xmm0=0x000090290000902900008e7700008e77 xmm1=0x0000bb2f0000bb2f0000777f0000777f 
  xmm2=0x0000bf370000bf370000a6a10000a6a1 xmm3=0x0000222d0000222d0000a44d0000a44d 
  xmm4=0x0000a04e0000a04e0000a93c0000a93c xmm5=0x0000fae10000fae10000654300006543 
  xmm6=0x0000fbd80000fbd80000be620000be62 xmm7=0x0000cd190000cd190000894a0000894a 

0xeb: cmovle edi, [r14 +rsi]
  rax=0x000089c600004ac9 rbx=0x000018b04000005e rcx=0x0000000000001f3c rdx=0x00000000000009b8
  rsi=0x000000000000005f rdi=0x00000000000012ea flags=0b000000000110
  xmm0=0x000090290000902900008e7700008e77 xmm1=0x0000bb2f0000bb2f0000777f0000777f 
  xmm2=0x0000bf370000bf370000a6a10000a6a1 xmm3=0x0000222d0000222d0000a44d0000a44d 
  xmm4=0x0000a04e0000a04e0000a93c0000a93c xmm5=0x0000fae10000fae10000654300006543 
  xmm6=0x0000fbd80000fbd80000be620000be62 xmm7=0x0000cd190000cd190000894a0000894a 

    > load from +0x5f value 0xc65a00
0xf0: xadd cx, cx
  rax=0x000089c600004ac9 rbx=0x000018b04000005e rcx=0x0000000000001f3c rdx=0x00000000000009b8
  rsi=0x000000000000005f rdi=0x00000000000012ea flags=0b000000000110
  xmm0=0x000090290000902900008e7700008e77 xmm1=0x0000bb2f0000bb2f0000777f0000777f 
  xmm2=0x0000bf370000bf370000a6a10000a6a1 xmm3=0x0000222d0000222d0000a44d0000a44d 
  xmm4=0x0000a04e0000a04e0000a93c0000a93c xmm5=0x0000fae10000fae10000654300006543 
  xmm6=0x0000fbd80000fbd80000be620000be62 xmm7=0x0000cd190000cd190000894a0000894a 

0xf4: and rcx, 0b1111111111111
  rax=0x000089c600004ac9 rbx=0x000018b04000005e rcx=0x0000000000003e78 rdx=0x00000000000009b8
  rsi=0x000000000000005f rdi=0x00000000000012ea flags=0b000000010110
  xmm0=0x000090290000902900008e7700008e77 xmm1=0x0000bb2f0000bb2f0000777f0000777f 
  xmm2=0x0000bf370000bf370000a6a10000a6a1 xmm3=0x0000222d0000222d0000a44d0000a44d 
  xmm4=0x0000a04e0000a04e0000a93c0000a93c xmm5=0x0000fae10000fae10000654300006543 
  xmm6=0x0000fbd80000fbd80000be620000be62 xmm7=0x0000cd190000cd190000894a0000894a 

0xfb: movsxd rdi, [r14 +rcx]
  rax=0x000089c600004ac9 rbx=0x000018b04000005e rcx=0x0000000000001e78 rdx=0x00000000000009b8
  rsi=0x000000000000005f rdi=0x00000000000012ea flags=0b000000000110
  xmm0=0x000090290000902900008e7700008e77 xmm1=0x0000bb2f0000bb2f0000777f0000777f 
  xmm2=0x0000bf370000bf370000a6a10000a6a1 xmm3=0x0000222d0000222d0000a44d0000a44d 
  xmm4=0x0000a04e0000a04e0000a93c0000a93c xmm5=0x0000fae10000fae10000654300006543 
  xmm6=0x0000fbd80000fbd80000be620000be62 xmm7=0x0000cd190000cd190000894a0000894a 

    > load from +0x1e78 value 0xa2fe
0xff: setnp dil
  rax=0x000089c600004ac9 rbx=0x000018b04000005e rcx=0x0000000000001e78 rdx=0x00000000000009b8
  rsi=0x000000000000005f rdi=0x000000000000a2fe flags=0b000000000110
  xmm0=0x000090290000902900008e7700008e77 xmm1=0x0000bb2f0000bb2f0000777f0000777f 
  xmm2=0x0000bf370000bf370000a6a10000a6a1 xmm3=0x0000222d0000222d0000a44d0000a44d 
  xmm4=0x0000a04e0000a04e0000a93c0000a93c xmm5=0x0000fae10000fae10000654300006543 
  xmm6=0x0000fbd80000fbd80000be620000be62 xmm7=0x0000cd190000cd190000894a0000894a 

0x103: bt esi, edx
  rax=0x000089c600004ac9 rbx=0x000018b04000005e rcx=0x0000000000001e78 rdx=0x00000000000009b8
  rsi=0x000000000000005f rdi=0x000000000000a200 flags=0b000000000110
  xmm0=0x000090290000902900008e7700008e77 xmm1=0x0000bb2f0000bb2f0000777f0000777f 
  xmm2=0x0000bf370000bf370000a6a10000a6a1 xmm3=0x0000222d0000222d0000a44d0000a44d 
  xmm4=0x0000a04e0000a04e0000a93c0000a93c xmm5=0x0000fae10000fae10000654300006543 
  xmm6=0x0000fbd80000fbd80000be620000be62 xmm7=0x0000cd190000cd190000894a0000894a 

0x106: cmp rdi, rbx
  rax=0x000089c600004ac9 rbx=0x000018b04000005e rcx=0x0000000000001e78 rdx=0x00000000000009b8
  rsi=0x000000000000005f rdi=0x000000000000a200 flags=0b000000000110
  xmm0=0x000090290000902900008e7700008e77 xmm1=0x0000bb2f0000bb2f0000777f0000777f 
  xmm2=0x0000bf370000bf370000a6a10000a6a1 xmm3=0x0000222d0000222d0000a44d0000a44d 
  xmm4=0x0000a04e0000a04e0000a93c0000a93c xmm5=0x0000fae10000fae10000654300006543 
  xmm6=0x0000fbd80000fbd80000be620000be62 xmm7=0x0000cd190000cd190000894a0000894a 

0x109: bts rdx, rbx
  rax=0x000089c600004ac9 rbx=0x000018b04000005e rcx=0x0000000000001e78 rdx=0x00000000000009b8
  rsi=0x000000000000005f rdi=0x000000000000a200 flags=0b000010010011
  xmm0=0x000090290000902900008e7700008e77 xmm1=0x0000bb2f0000bb2f0000777f0000777f 
  xmm2=0x0000bf370000bf370000a6a10000a6a1 xmm3=0x0000222d0000222d0000a44d0000a44d 
  xmm4=0x0000a04e0000a04e0000a93c0000a93c xmm5=0x0000fae10000fae10000654300006543 
  xmm6=0x0000fbd80000fbd80000be620000be62 xmm7=0x0000cd190000cd190000894a0000894a 

0x10d: setb bl
  rax=0x000089c600004ac9 rbx=0x000018b04000005e rcx=0x0000000000001e78 rdx=0x00000000400009b8
  rsi=0x000000000000005f rdi=0x000000000000a200 flags=0b100010000010
  xmm0=0x000090290000902900008e7700008e77 xmm1=0x0000bb2f0000bb2f0000777f0000777f 
  xmm2=0x0000bf370000bf370000a6a10000a6a1 xmm3=0x0000222d0000222d0000a44d0000a44d 
  xmm4=0x0000a04e0000a04e0000a93c0000a93c xmm5=0x0000fae10000fae10000654300006543 
  xmm6=0x0000fbd80000fbd80000be620000be62 xmm7=0x0000cd190000cd190000894a0000894a 

0x110: and rdi, 0b1111111111111
  rax=0x000089c600004ac9 rbx=0x000018b040000000 rcx=0x0000000000001e78 rdx=0x00000000400009b8
  rsi=0x000000000000005f rdi=0x000000000000a200 flags=0b100010000010
  xmm0=0x000090290000902900008e7700008e77 xmm1=0x0000bb2f0000bb2f0000777f0000777f 
  xmm2=0x0000bf370000bf370000a6a10000a6a1 xmm3=0x0000222d0000222d0000a44d0000a44d 
  xmm4=0x0000a04e0000a04e0000a93c0000a93c xmm5=0x0000fae10000fae10000654300006543 
  xmm6=0x0000fbd80000fbd80000be620000be62 xmm7=0x0000cd190000cd190000894a0000894a 

0x117: adc ecx, [r14 +rdi]
  rax=0x000089c600004ac9 rbx=0x000018b040000000 rcx=0x0000000000001e78 rdx=0x00000000400009b8
  rsi=0x000000000000005f rdi=0x0000000000000200 flags=0b000000000110
  xmm0=0x000090290000902900008e7700008e77 xmm1=0x0000bb2f0000bb2f0000777f0000777f 
  xmm2=0x0000bf370000bf370000a6a10000a6a1 xmm3=0x0000222d0000222d0000a44d0000a44d 
  xmm4=0x0000a04e0000a04e0000a93c0000a93c xmm5=0x0000fae10000fae10000654300006543 
  xmm6=0x0000fbd80000fbd80000be620000be62 xmm7=0x0000cd190000cd190000894a0000894a 

    > load from +0x200 value 0x40d4
0x11b: test rdx, 2037981753
  rax=0x000089c600004ac9 rbx=0x000018b040000000 rcx=0x0000000000005f4c rdx=0x00000000400009b8
  rsi=0x000000000000005f rdi=0x0000000000000200 flags=0b000000000010
  xmm0=0x000090290000902900008e7700008e77 xmm1=0x0000bb2f0000bb2f0000777f0000777f 
  xmm2=0x0000bf370000bf370000a6a10000a6a1 xmm3=0x0000222d0000222d0000a44d0000a44d 
  xmm4=0x0000a04e0000a04e0000a93c0000a93c xmm5=0x0000fae10000fae10000654300006543 
  xmm6=0x0000fbd80000fbd80000be620000be62 xmm7=0x0000cd190000cd190000894a0000894a 

0x122: or sil, 42
  rax=0x000089c600004ac9 rbx=0x000018b040000000 rcx=0x0000000000005f4c rdx=0x00000000400009b8
  rsi=0x000000000000005f rdi=0x0000000000000200 flags=0b000000000010
  xmm0=0x000090290000902900008e7700008e77 xmm1=0x0000bb2f0000bb2f0000777f0000777f 
  xmm2=0x0000bf370000bf370000a6a10000a6a1 xmm3=0x0000222d0000222d0000a44d0000a44d 
  xmm4=0x0000a04e0000a04e0000a93c0000a93c xmm5=0x0000fae10000fae10000654300006543 
  xmm6=0x0000fbd80000fbd80000be620000be62 xmm7=0x0000cd190000cd190000894a0000894a 

0x126: setle sil
  rax=0x000089c600004ac9 rbx=0x000018b040000000 rcx=0x0000000000005f4c rdx=0x00000000400009b8
  rsi=0x000000000000007f rdi=0x0000000000000200 flags=0b000000000010
  xmm0=0x000090290000902900008e7700008e77 xmm1=0x0000bb2f0000bb2f0000777f0000777f 
  xmm2=0x0000bf370000bf370000a6a10000a6a1 xmm3=0x0000222d0000222d0000a44d0000a44d 
  xmm4=0x0000a04e0000a04e0000a93c0000a93c xmm5=0x0000fae10000fae10000654300006543 
  xmm6=0x0000fbd80000fbd80000be620000be62 xmm7=0x0000cd190000cd190000894a0000894a 

0x12a: and rax, -88856102
  rax=0x000089c600004ac9 rbx=0x000018b040000000 rcx=0x0000000000005f4c rdx=0x00000000400009b8
  rsi=0x0000000000000000 rdi=0x0000000000000200 flags=0b000000000010
  xmm0=0x000090290000902900008e7700008e77 xmm1=0x0000bb2f0000bb2f0000777f0000777f 
  xmm2=0x0000bf370000bf370000a6a10000a6a1 xmm3=0x0000222d0000222d0000a44d0000a44d 
  xmm4=0x0000a04e0000a04e0000a93c0000a93c xmm5=0x0000fae10000fae10000654300006543 
  xmm6=0x0000fbd80000fbd80000be620000be62 xmm7=0x0000cd190000cd190000894a0000894a 

0x130: cmpxchg rcx, rbx
  rax=0x000089c6000008c8 rbx=0x000018b040000000 rcx=0x0000000000005f4c rdx=0x00000000400009b8
  rsi=0x0000000000000000 rdi=0x0000000000000200 flags=0b000000000010
  xmm0=0x000090290000902900008e7700008e77 xmm1=0x0000bb2f0000bb2f0000777f0000777f 
  xmm2=0x0000bf370000bf370000a6a10000a6a1 xmm3=0x0000222d0000222d0000a44d0000a44d 
  xmm4=0x0000a04e0000a04e0000a93c0000a93c xmm5=0x0000fae10000fae10000654300006543 
  xmm6=0x0000fbd80000fbd80000be620000be62 xmm7=0x0000cd190000cd190000894a0000894a 

0x134: and rcx, 0b1111111111111
  rax=0x0000000000005f4c rbx=0x000018b040000000 rcx=0x0000000000005f4c rdx=0x00000000400009b8
  rsi=0x0000000000000000 rdi=0x0000000000000200 flags=0b000000010010
  xmm0=0x000090290000902900008e7700008e77 xmm1=0x0000bb2f0000bb2f0000777f0000777f 
  xmm2=0x0000bf370000bf370000a6a10000a6a1 xmm3=0x0000222d0000222d0000a44d0000a44d 
  xmm4=0x0000a04e0000a04e0000a93c0000a93c xmm5=0x0000fae10000fae10000654300006543 
  xmm6=0x0000fbd80000fbd80000be620000be62 xmm7=0x0000cd190000cd190000894a0000894a 

0x13b: cmovz ax, [r14 +rcx]
  rax=0x0000000000005f4c rbx=0x000018b040000000 rcx=0x0000000000001f4c rdx=0x00000000400009b8
  rsi=0x0000000000000000 rdi=0x0000000000000200 flags=0b000000000010
  xmm0=0x000090290000902900008e7700008e77 xmm1=0x0000bb2f0000bb2f0000777f0000777f 
  xmm2=0x0000bf370000bf370000a6a10000a6a1 xmm3=0x0000222d0000222d0000a44d0000a44d 
  xmm4=0x0000a04e0000a04e0000a93c0000a93c xmm5=0x0000fae10000fae10000654300006543 
  xmm6=0x0000fbd80000fbd80000be620000be62 xmm7=0x0000cd190000cd190000894a0000894a 

    > load from +0x1f4c value 0xc3cb
0x141: and rbx, 0b1111111111111
  rax=0x0000000000005f4c rbx=0x000018b040000000 rcx=0x0000000000001f4c rdx=0x00000000400009b8
  rsi=0x0000000000000000 rdi=0x0000000000000200 flags=0b000000000010
  xmm0=0x000090290000902900008e7700008e77 xmm1=0x0000bb2f0000bb2f0000777f0000777f 
  xmm2=0x0000bf370000bf370000a6a10000a6a1 xmm3=0x0000222d0000222d0000a44d0000a44d 
  xmm4=0x0000a04e0000a04e0000a93c0000a93c xmm5=0x0000fae10000fae10000654300006543 
  xmm6=0x0000fbd80000fbd80000be620000be62 xmm7=0x0000cd190000cd190000894a0000894a 

0x148: xor rcx, [r14 +rbx]
  rax=0x0000000000005f4c rbx=0x0000000000000000 rcx=0x0000000000001f4c rdx=0x00000000400009b8
  rsi=0x0000000000000000 rdi=0x0000000000000200 flags=0b000001000110
  xmm0=0x000090290000902900008e7700008e77 xmm1=0x0000bb2f0000bb2f0000777f0000777f 
  xmm2=0x0000bf370000bf370000a6a10000a6a1 xmm3=0x0000222d0000222d0000a44d0000a44d 
  xmm4=0x0000a04e0000a04e0000a93c0000a93c xmm5=0x0000fae10000fae10000654300006543 
  xmm6=0x0000fbd80000fbd80000be620000be62 xmm7=0x0000cd190000cd190000894a0000894a 

    > load from +0x0 value 0x5ba900005ba9
0x14c: or di, 0b1000000000000000
  rax=0x0000000000005f4c rbx=0x0000000000000000 rcx=0x00005ba9000044e5 rdx=0x00000000400009b8
  rsi=0x0000000000000000 rdi=0x0000000000000200 flags=0b000000000010
  xmm0=0x000090290000902900008e7700008e77 xmm1=0x0000bb2f0000bb2f0000777f0000777f 
  xmm2=0x0000bf370000bf370000a6a10000a6a1 xmm3=0x0000222d0000222d0000a44d0000a44d 
  xmm4=0x0000a04e0000a04e0000a93c0000a93c xmm5=0x0000fae10000fae10000654300006543 
  xmm6=0x0000fbd80000fbd80000be620000be62 xmm7=0x0000cd190000cd190000894a0000894a 

0x151: bsf dx, di
  rax=0x0000000000005f4c rbx=0x0000000000000000 rcx=0x00005ba9000044e5 rdx=0x00000000400009b8
  rsi=0x0000000000000000 rdi=0x0000000000008200 flags=0b000010000110
  xmm0=0x000090290000902900008e7700008e77 xmm1=0x0000bb2f0000bb2f0000777f0000777f 
  xmm2=0x0000bf370000bf370000a6a10000a6a1 xmm3=0x0000222d0000222d0000a44d0000a44d 
  xmm4=0x0000a04e0000a04e0000a93c0000a93c xmm5=0x0000fae10000fae10000654300006543 
  xmm6=0x0000fbd80000fbd80000be620000be62 xmm7=0x0000cd190000cd190000894a0000894a 

0x155: add sil, 5
  rax=0x0000000000005f4c rbx=0x0000000000000000 rcx=0x00005ba9000044e5 rdx=0x0000000040000009
  rsi=0x0000000000000000 rdi=0x0000000000008200 flags=0b000010000110
  xmm0=0x000090290000902900008e7700008e77 xmm1=0x0000bb2f0000bb2f0000777f0000777f 
  xmm2=0x0000bf370000bf370000a6a10000a6a1 xmm3=0x0000222d0000222d0000a44d0000a44d 
  xmm4=0x0000a04e0000a04e0000a93c0000a93c xmm5=0x0000fae10000fae10000654300006543 
  xmm6=0x0000fbd80000fbd80000be620000be62 xmm7=0x0000cd190000cd190000894a0000894a 

0x159: and rcx, 0b1111111111111
  rax=0x0000000000005f4c rbx=0x0000000000000000 rcx=0x00005ba9000044e5 rdx=0x0000000040000009
  rsi=0x0000000000000005 rdi=0x0000000000008200 flags=0b000000000110
  xmm0=0x000090290000902900008e7700008e77 xmm1=0x0000bb2f0000bb2f0000777f0000777f 
  xmm2=0x0000bf370000bf370000a6a10000a6a1 xmm3=0x0000222d0000222d0000a44d0000a44d 
  xmm4=0x0000a04e0000a04e0000a93c0000a93c xmm5=0x0000fae10000fae10000654300006543 
  xmm6=0x0000fbd80000fbd80000be620000be62 xmm7=0x0000cd190000cd190000894a0000894a 

0x160: cmovnp edx, [r14 +rcx]
  rax=0x0000000000005f4c rbx=0x0000000000000000 rcx=0x00000000000004e5 rdx=0x0000000040000009
  rsi=0x0000000000000005 rdi=0x0000000000008200 flags=0b000000000010
  xmm0=0x000090290000902900008e7700008e77 xmm1=0x0000bb2f0000bb2f0000777f0000777f 
  xmm2=0x0000bf370000bf370000a6a10000a6a1 xmm3=0x0000222d0000222d0000a44d0000a44d 
  xmm4=0x0000a04e0000a04e0000a93c0000a93c xmm5=0x0000fae10000fae10000654300006543 
  xmm6=0x0000fbd80000fbd80000be620000be62 xmm7=0x0000cd190000cd190000894a0000894a 

    > load from +0x4e5 value 0x7d00004d
0x165: cmovo rbx, rbx
  rax=0x0000000000005f4c rbx=0x0000000000000000 rcx=0x00000000000004e5 rdx=0x000000007d00004d
  rsi=0x0000000000000005 rdi=0x0000000000008200 flags=0b000000000010
  xmm0=0x000090290000902900008e7700008e77 xmm1=0x0000bb2f0000bb2f0000777f0000777f 
  xmm2=0x0000bf370000bf370000a6a10000a6a1 xmm3=0x0000222d0000222d0000a44d0000a44d 
  xmm4=0x0000a04e0000a04e0000a93c0000a93c xmm5=0x0000fae10000fae10000654300006543 
  xmm6=0x0000fbd80000fbd80000be620000be62 xmm7=0x0000cd190000cd190000894a0000894a 

0x169: and rdx, 0b1111111111111
  rax=0x0000000000005f4c rbx=0x0000000000000000 rcx=0x00000000000004e5 rdx=0x000000007d00004d
  rsi=0x0000000000000005 rdi=0x0000000000008200 flags=0b000000000010
  xmm0=0x000090290000902900008e7700008e77 xmm1=0x0000bb2f0000bb2f0000777f0000777f 
  xmm2=0x0000bf370000bf370000a6a10000a6a1 xmm3=0x0000222d0000222d0000a44d0000a44d 
  xmm4=0x0000a04e0000a04e0000a93c0000a93c xmm5=0x0000fae10000fae10000654300006543 
  xmm6=0x0000fbd80000fbd80000be620000be62 xmm7=0x0000cd190000cd190000894a0000894a 

0x170: mov dl, [r14 +rdx]
  rax=0x0000000000005f4c rbx=0x0000000000000000 rcx=0x00000000000004e5 rdx=0x000000000000004d
  rsi=0x0000000000000005 rdi=0x0000000000008200 flags=0b000000000110
  xmm0=0x000090290000902900008e7700008e77 xmm1=0x0000bb2f0000bb2f0000777f0000777f 
  xmm2=0x0000bf370000bf370000a6a10000a6a1 xmm3=0x0000222d0000222d0000a44d0000a44d 
  xmm4=0x0000a04e0000a04e0000a93c0000a93c xmm5=0x0000fae10000fae10000654300006543 
  xmm6=0x0000fbd80000fbd80000be620000be62 xmm7=0x0000cd190000cd190000894a0000894a 

    > load from +0x4d value 0x94
0x174: cmpxchg ax, di
  rax=0x0000000000005f4c rbx=0x0000000000000000 rcx=0x00000000000004e5 rdx=0x0000000000000094
  rsi=0x0000000000000005 rdi=0x0000000000008200 flags=0b000000000110
  xmm0=0x000090290000902900008e7700008e77 xmm1=0x0000bb2f0000bb2f0000777f0000777f 
  xmm2=0x0000bf370000bf370000a6a10000a6a1 xmm3=0x0000222d0000222d0000a44d0000a44d 
  xmm4=0x0000a04e0000a04e0000a93c0000a93c xmm5=0x0000fae10000fae10000654300006543 
  xmm6=0x0000fbd80000fbd80000be620000be62 xmm7=0x0000cd190000cd190000894a0000894a 

0x178: and rdx, 0b1111111111111
  rax=0x0000000000008200 rbx=0x0000000000000000 rcx=0x00000000000004e5 rdx=0x0000000000000094
  rsi=0x0000000000000005 rdi=0x0000000000008200 flags=0b000001000110
  xmm0=0x000090290000902900008e7700008e77 xmm1=0x0000bb2f0000bb2f0000777f0000777f 
  xmm2=0x0000bf370000bf370000a6a10000a6a1 xmm3=0x0000222d0000222d0000a44d0000a44d 
  xmm4=0x0000a04e0000a04e0000a93c0000a93c xmm5=0x0000fae10000fae10000654300006543 
  xmm6=0x0000fbd80000fbd80000be620000be62 xmm7=0x0000cd190000cd190000894a0000894a 

0x17f: cmovnle eax, [r14 +rdx]
  rax=0x0000000000008200 rbx=0x0000000000000000 rcx=0x00000000000004e5 rdx=0x0000000000000094
  rsi=0x0000000000000005 rdi=0x0000000000008200 flags=0b000000000010
  xmm0=0x000090290000902900008e7700008e77 xmm1=0x0000bb2f0000bb2f0000777f0000777f 
  xmm2=0x0000bf370000bf370000a6a10000a6a1 xmm3=0x0000222d0000222d0000a44d0000a44d 
  xmm4=0x0000a04e0000a04e0000a93c0000a93c xmm5=0x0000fae10000fae10000654300006543 
  xmm6=0x0000fbd80000fbd80000be620000be62 xmm7=0x0000cd190000cd190000894a0000894a 

    > load from +0x94 value 0xecb9
0x184: and rdx, 0b1111111111111
  rax=0x000000000000ecb9 rbx=0x0000000000000000 rcx=0x00000000000004e5 rdx=0x0000000000000094
  rsi=0x0000000000000005 rdi=0x0000000000008200 flags=0b000000000010
  xmm0=0x000090290000902900008e7700008e77 xmm1=0x0000bb2f0000bb2f0000777f0000777f 
  xmm2=0x0000bf370000bf370000a6a10000a6a1 xmm3=0x0000222d0000222d0000a44d0000a44d 
  xmm4=0x0000a04e0000a04e0000a93c0000a93c xmm5=0x0000fae10000fae10000654300006543 
  xmm6=0x0000fbd80000fbd80000be620000be62 xmm7=0x0000cd190000cd190000894a0000894a 

0x18b: movsx eax, [r14 +rdx]
  rax=0x000000000000ecb9 rbx=0x0000000000000000 rcx=0x00000000000004e5 rdx=0x0000000000000094
  rsi=0x0000000000000005 rdi=0x0000000000008200 flags=0b000000000010
  xmm0=0x000090290000902900008e7700008e77 xmm1=0x0000bb2f0000bb2f0000777f0000777f 
  xmm2=0x0000bf370000bf370000a6a10000a6a1 xmm3=0x0000222d0000222d0000a44d0000a44d 
  xmm4=0x0000a04e0000a04e0000a93c0000a93c xmm5=0x0000fae10000fae10000654300006543 
  xmm6=0x0000fbd80000fbd80000be620000be62 xmm7=0x0000cd190000cd190000894a0000894a 

    > load from +0x94 value 0xb9
0x190: xor rdi, rax
  rax=0x00000000ffffffb9 rbx=0x0000000000000000 rcx=0x00000000000004e5 rdx=0x0000000000000094
  rsi=0x0000000000000005 rdi=0x0000000000008200 flags=0b000000000010
  xmm0=0x000090290000902900008e7700008e77 xmm1=0x0000bb2f0000bb2f0000777f0000777f 
  xmm2=0x0000bf370000bf370000a6a10000a6a1 xmm3=0x0000222d0000222d0000a44d0000a44d 
  xmm4=0x0000a04e0000a04e0000a93c0000a93c xmm5=0x0000fae10000fae10000654300006543 
  xmm6=0x0000fbd80000fbd80000be620000be62 xmm7=0x0000cd190000cd190000894a0000894a 

0x193: cmovo ecx, edx
  rax=0x00000000ffffffb9 rbx=0x0000000000000000 rcx=0x00000000000004e5 rdx=0x0000000000000094
  rsi=0x0000000000000005 rdi=0x00000000ffff7db9 flags=0b000000000010
  xmm0=0x000090290000902900008e7700008e77 xmm1=0x0000bb2f0000bb2f0000777f0000777f 
  xmm2=0x0000bf370000bf370000a6a10000a6a1 xmm3=0x0000222d0000222d0000a44d0000a44d 
  xmm4=0x0000a04e0000a04e0000a93c0000a93c xmm5=0x0000fae10000fae10000654300006543 
  xmm6=0x0000fbd80000fbd80000be620000be62 xmm7=0x0000cd190000cd190000894a0000894a 

0x196: or ebx, 0b1000000000000000000000000000000
  rax=0x00000000ffffffb9 rbx=0x0000000000000000 rcx=0x00000000000004e5 rdx=0x0000000000000094
  rsi=0x0000000000000005 rdi=0x00000000ffff7db9 flags=0b000000000010
  xmm0=0x000090290000902900008e7700008e77 xmm1=0x0000bb2f0000bb2f0000777f0000777f 
  xmm2=0x0000bf370000bf370000a6a10000a6a1 xmm3=0x0000222d0000222d0000a44d0000a44d 
  xmm4=0x0000a04e0000a04e0000a93c0000a93c xmm5=0x0000fae10000fae10000654300006543 
  xmm6=0x0000fbd80000fbd80000be620000be62 xmm7=0x0000cd190000cd190000894a0000894a 

0x19c: bsr edi, ebx
  rax=0x00000000ffffffb9 rbx=0x0000000040000000 rcx=0x00000000000004e5 rdx=0x0000000000000094
  rsi=0x0000000000000005 rdi=0x00000000ffff7db9 flags=0b000000000110
  xmm0=0x000090290000902900008e7700008e77 xmm1=0x0000bb2f0000bb2f0000777f0000777f 
  xmm2=0x0000bf370000bf370000a6a10000a6a1 xmm3=0x0000222d0000222d0000a44d0000a44d 
  xmm4=0x0000a04e0000a04e0000a93c0000a93c xmm5=0x0000fae10000fae10000654300006543 
  xmm6=0x0000fbd80000fbd80000be620000be62 xmm7=0x0000cd190000cd190000894a0000894a 

0x19f: and rbx, 0b1111111111111
  rax=0x00000000ffffffb9 rbx=0x0000000040000000 rcx=0x00000000000004e5 rdx=0x0000000000000094
  rsi=0x0000000000000005 rdi=0x000000000000001e flags=0b000000000110
  xmm0=0x000090290000902900008e7700008e77 xmm1=0x0000bb2f0000bb2f0000777f0000777f 
  xmm2=0x0000bf370000bf370000a6a10000a6a1 xmm3=0x0000222d0000222d0000a44d0000a44d 
  xmm4=0x0000a04e0000a04e0000a93c0000a93c xmm5=0x0000fae10000fae10000654300006543 
  xmm6=0x0000fbd80000fbd80000be620000be62 xmm7=0x0000cd190000cd190000894a0000894a 

0x1a6: or bl, [r14 +rbx]
  rax=0x00000000ffffffb9 rbx=0x0000000000000000 rcx=0x00000000000004e5 rdx=0x0000000000000094
  rsi=0x0000000000000005 rdi=0x000000000000001e flags=0b000001000110
  xmm0=0x000090290000902900008e7700008e77 xmm1=0x0000bb2f0000bb2f0000777f0000777f 
  xmm2=0x0000bf370000bf370000a6a10000a6a1 xmm3=0x0000222d0000222d0000a44d0000a44d 
  xmm4=0x0000a04e0000a04e0000a93c0000a93c xmm5=0x0000fae10000fae10000654300006543 
  xmm6=0x0000fbd80000fbd80000be620000be62 xmm7=0x0000cd190000cd190000894a0000894a 

    > load from +0x0 value 0xa9
0x1aa: or al, bl
  rax=0x00000000ffffffb9 rbx=0x00000000000000a9 rcx=0x00000000000004e5 rdx=0x0000000000000094
  rsi=0x0000000000000005 rdi=0x000000000000001e flags=0b000010000110
  xmm0=0x000090290000902900008e7700008e77 xmm1=0x0000bb2f0000bb2f0000777f0000777f 
  xmm2=0x0000bf370000bf370000a6a10000a6a1 xmm3=0x0000222d0000222d0000a44d0000a44d 
  xmm4=0x0000a04e0000a04e0000a93c0000a93c xmm5=0x0000fae10000fae10000654300006543 
  xmm6=0x0000fbd80000fbd80000be620000be62 xmm7=0x0000cd190000cd190000894a0000894a 

0x1ac: setnle dil
  rax=0x00000000ffffffb9 rbx=0x00000000000000a9 rcx=0x00000000000004e5 rdx=0x0000000000000094
  rsi=0x0000000000000005 rdi=0x000000000000001e flags=0b000010000010
  xmm0=0x000090290000902900008e7700008e77 xmm1=0x0000bb2f0000bb2f0000777f0000777f 
  xmm2=0x0000bf370000bf370000a6a10000a6a1 xmm3=0x0000222d0000222d0000a44d0000a44d 
  xmm4=0x0000a04e0000a04e0000a93c0000a93c xmm5=0x0000fae10000fae10000654300006543 
  xmm6=0x0000fbd80000fbd80000be620000be62 xmm7=0x0000cd190000cd190000894a0000894a 

0x1b0: and rsi, 0b1111111111111
  rax=0x00000000ffffffb9 rbx=0x00000000000000a9 rcx=0x00000000000004e5 rdx=0x0000000000000094
  rsi=0x0000000000000005 rdi=0x0000000000000000 flags=0b000010000010
  xmm0=0x000090290000902900008e7700008e77 xmm1=0x0000bb2f0000bb2f0000777f0000777f 
  xmm2=0x0000bf370000bf370000a6a10000a6a1 xmm3=0x0000222d0000222d0000a44d0000a44d 
  xmm4=0x0000a04e0000a04e0000a93c0000a93c xmm5=0x0000fae10000fae10000654300006543 
  xmm6=0x0000fbd80000fbd80000be620000be62 xmm7=0x0000cd190000cd190000894a0000894a 

0x1b7: imul rcx, [r14 +rsi], -33
  rax=0x00000000ffffffb9 rbx=0x00000000000000a9 rcx=0x00000000000004e5 rdx=0x0000000000000094
  rsi=0x0000000000000005 rdi=0x0000000000000000 flags=0b000000000110
  xmm0=0x000090290000902900008e7700008e77 xmm1=0x0000bb2f0000bb2f0000777f0000777f 
  xmm2=0x0000bf370000bf370000a6a10000a6a1 xmm3=0x0000222d0000222d0000a44d0000a44d 
  xmm4=0x0000a04e0000a04e0000a93c0000a93c xmm5=0x0000fae10000fae10000654300006543 
  xmm6=0x0000fbd80000fbd80000be620000be62 xmm7=0x0000cd190000cd190000894a0000894a 

    > load from +0x5 value 0x40000970400005b
0x1bc: or sil, 1
  rax=0x00000000ffffffb9 rbx=0x00000000000000a9 rcx=0x7bffec887bfff445 rdx=0x0000000000000094
  rsi=0x0000000000000005 rdi=0x0000000000000000 flags=0b100000000011
  xmm0=0x000090290000902900008e7700008e77 xmm1=0x0000bb2f0000bb2f0000777f0000777f 
  xmm2=0x0000bf370000bf370000a6a10000a6a1 xmm3=0x0000222d0000222d0000a44d0000a44d 
  xmm4=0x0000a04e0000a04e0000a93c0000a93c xmm5=0x0000fae10000fae10000654300006543 
  xmm6=0x0000fbd80000fbd80000be620000be62 xmm7=0x0000cd190000cd190000894a0000894a 

0x1c0: mov ax, 1
  rax=0x00000000ffffffb9 rbx=0x00000000000000a9 rcx=0x7bffec887bfff445 rdx=0x0000000000000094
  rsi=0x0000000000000005 rdi=0x0000000000000000 flags=0b000000000110
  xmm0=0x000090290000902900008e7700008e77 xmm1=0x0000bb2f0000bb2f0000777f0000777f 
  xmm2=0x0000bf370000bf370000a6a10000a6a1 xmm3=0x0000222d0000222d0000a44d0000a44d 
  xmm4=0x0000a04e0000a04e0000a93c0000a93c xmm5=0x0000fae10000fae10000654300006543 
  xmm6=0x0000fbd80000fbd80000be620000be62 xmm7=0x0000cd190000cd190000894a0000894a 

0x1c4: div sil
  rax=0x00000000ffff0001 rbx=0x00000000000000a9 rcx=0x7bffec887bfff445 rdx=0x0000000000000094
  rsi=0x0000000000000005 rdi=0x0000000000000000 flags=0b000000000110
  xmm0=0x000090290000902900008e7700008e77 xmm1=0x0000bb2f0000bb2f0000777f0000777f 
  xmm2=0x0000bf370000bf370000a6a10000a6a1 xmm3=0x0000222d0000222d0000a44d0000a44d 
  xmm4=0x0000a04e0000a04e0000a93c0000a93c xmm5=0x0000fae10000fae10000654300006543 
  xmm6=0x0000fbd80000fbd80000be620000be62 xmm7=0x0000cd190000cd190000894a0000894a 

0x1c7: add dil, 32
  rax=0x00000000ffff0100 rbx=0x00000000000000a9 rcx=0x7bffec887bfff445 rdx=0x0000000000000094
  rsi=0x0000000000000005 rdi=0x0000000000000000 flags=0b000000000110
  xmm0=0x000090290000902900008e7700008e77 xmm1=0x0000bb2f0000bb2f0000777f0000777f 
  xmm2=0x0000bf370000bf370000a6a10000a6a1 xmm3=0x0000222d0000222d0000a44d0000a44d 
  xmm4=0x0000a04e0000a04e0000a93c0000a93c xmm5=0x0000fae10000fae10000654300006543 
  xmm6=0x0000fbd80000fbd80000be620000be62 xmm7=0x0000cd190000cd190000894a0000894a 

0x1cb: setbe cl
  rax=0x00000000ffff0100 rbx=0x00000000000000a9 rcx=0x7bffec887bfff445 rdx=0x0000000000000094
  rsi=0x0000000000000005 rdi=0x0000000000000020 flags=0b000000000010
  xmm0=0x000090290000902900008e7700008e77 xmm1=0x0000bb2f0000bb2f0000777f0000777f 
  xmm2=0x0000bf370000bf370000a6a10000a6a1 xmm3=0x0000222d0000222d0000a44d0000a44d 
  xmm4=0x0000a04e0000a04e0000a93c0000a93c xmm5=0x0000fae10000fae10000654300006543 
  xmm6=0x0000fbd80000fbd80000be620000be62 xmm7=0x0000cd190000cd190000894a0000894a 

0x1ce: and eax, 882941455
  rax=0x00000000ffff0100 rbx=0x00000000000000a9 rcx=0x7bffec887bfff400 rdx=0x0000000000000094
  rsi=0x0000000000000005 rdi=0x0000000000000020 flags=0b000000000010
  xmm0=0x000090290000902900008e7700008e77 xmm1=0x0000bb2f0000bb2f0000777f0000777f 
  xmm2=0x0000bf370000bf370000a6a10000a6a1 xmm3=0x0000222d0000222d0000a44d0000a44d 
  xmm4=0x0000a04e0000a04e0000a93c0000a93c xmm5=0x0000fae10000fae10000654300006543 
  xmm6=0x0000fbd80000fbd80000be620000be62 xmm7=0x0000cd190000cd190000894a0000894a 

0x1d3: and rsi, 0b1111111111111
  rax=0x0000000034a00000 rbx=0x00000000000000a9 rcx=0x7bffec887bfff400 rdx=0x0000000000000094
  rsi=0x0000000000000005 rdi=0x0000000000000020 flags=0b000000000110
  xmm0=0x000090290000902900008e7700008e77 xmm1=0x0000bb2f0000bb2f0000777f0000777f 
  xmm2=0x0000bf370000bf370000a6a10000a6a1 xmm3=0x0000222d0000222d0000a44d0000a44d 
  xmm4=0x0000a04e0000a04e0000a93c0000a93c xmm5=0x0000fae10000fae10000654300006543 
  xmm6=0x0000fbd80000fbd80000be620000be62 xmm7=0x0000cd190000cd190000894a0000894a 

0x1da: xor di, [r14 +rsi]
  rax=0x0000000034a00000 rbx=0x00000000000000a9 rcx=0x7bffec887bfff400 rdx=0x0000000000000094
  rsi=0x0000000000000005 rdi=0x0000000000000020 flags=0b000000000110
  xmm0=0x000090290000902900008e7700008e77 xmm1=0x0000bb2f0000bb2f0000777f0000777f 
  xmm2=0x0000bf370000bf370000a6a10000a6a1 xmm3=0x0000222d0000222d0000a44d0000a44d 
  xmm4=0x0000a04e0000a04e0000a93c0000a93c xmm5=0x0000fae10000fae10000654300006543 
  xmm6=0x0000fbd80000fbd80000be620000be62 xmm7=0x0000cd190000cd190000894a0000894a 

    > load from +0x5 value 0x5b
0x1df: xor rax, 22
  rax=0x0000000034a00000 rbx=0x00000000000000a9 rcx=0x7bffec887bfff400 rdx=0x0000000000000094
  rsi=0x0000000000000005 rdi=0x000000000000007b flags=0b000000000110
  xmm0=0x000090290000902900008e7700008e77 xmm1=0x0000bb2f0000bb2f0000777f0000777f 
  xmm2=0x0000bf370000bf370000a6a10000a6a1 xmm3=0x0000222d0000222d0000a44d0000a44d 
  xmm4=0x0000a04e0000a04e0000a93c0000a93c xmm5=0x0000fae10000fae10000654300006543 
  xmm6=0x0000fbd80000fbd80000be620000be62 xmm7=0x0000cd190000cd190000894a0000894a 

0x1e3: or sil, 0b1000
  rax=0x0000000034a00016 rbx=0x00000000000000a9 rcx=0x7bffec887bfff400 rdx=0x0000000000000094
  rsi=0x0000000000000005 rdi=0x000000000000007b flags=0b000000000010
  xmm0=0x000090290000902900008e7700008e77 xmm1=0x0000bb2f0000bb2f0000777f0000777f 
  xmm2=0x0000bf370000bf370000a6a10000a6a1 xmm3=0x0000222d0000222d0000a44d0000a44d 
  xmm4=0x0000a04e0000a04e0000a93c0000a93c xmm5=0x0000fae10000fae10000654300006543 
  xmm6=0x0000fbd80000fbd80000be620000be62 xmm7=0x0000cd190000cd190000894a0000894a 

0x1e7: and sil, 0b11111000
  rax=0x0000000034a00016 rbx=0x00000000000000a9 rcx=0x7bffec887bfff400 rdx=0x0000000000000094
  rsi=0x000000000000000d rdi=0x000000000000007b flags=0b000000000010
  xmm0=0x000090290000902900008e7700008e77 xmm1=0x0000bb2f0000bb2f0000777f0000777f 
  xmm2=0x0000bf370000bf370000a6a10000a6a1 xmm3=0x0000222d0000222d0000a44d0000a44d 
  xmm4=0x0000a04e0000a04e0000a93c0000a93c xmm5=0x0000fae10000fae10000654300006543 
  xmm6=0x0000fbd80000fbd80000be620000be62 xmm7=0x0000cd190000cd190000894a0000894a 

0x1eb: mov ax, 1
  rax=0x0000000034a00016 rbx=0x00000000000000a9 rcx=0x7bffec887bfff400 rdx=0x0000000000000094
  rsi=0x0000000000000008 rdi=0x000000000000007b flags=0b000000000010
  xmm0=0x000090290000902900008e7700008e77 xmm1=0x0000bb2f0000bb2f0000777f0000777f 
  xmm2=0x0000bf370000bf370000a6a10000a6a1 xmm3=0x0000222d0000222d0000a44d0000a44d 
  xmm4=0x0000a04e0000a04e0000a93c0000a93c xmm5=0x0000fae10000fae10000654300006543 
  xmm6=0x0000fbd80000fbd80000be620000be62 xmm7=0x0000cd190000cd190000894a0000894a 

0x1ef: idiv sil
  rax=0x0000000034a00001 rbx=0x00000000000000a9 rcx=0x7bffec887bfff400 rdx=0x0000000000000094
  rsi=0x0000000000000008 rdi=0x000000000000007b flags=0b000000000010
  xmm0=0x000090290000902900008e7700008e77 xmm1=0x0000bb2f0000bb2f0000777f0000777f 
  xmm2=0x0000bf370000bf370000a6a10000a6a1 xmm3=0x0000222d0000222d0000a44d0000a44d 
  xmm4=0x0000a04e0000a04e0000a93c0000a93c xmm5=0x0000fae10000fae10000654300006543 
  xmm6=0x0000fbd80000fbd80000be620000be62 xmm7=0x0000cd190000cd190000894a0000894a 

0x1f2: and rax, 0b1111111111111
  rax=0x0000000034a00100 rbx=0x00000000000000a9 rcx=0x7bffec887bfff400 rdx=0x0000000000000094
  rsi=0x0000000000000008 rdi=0x000000000000007b flags=0b000000000010
  xmm0=0x000090290000902900008e7700008e77 xmm1=0x0000bb2f0000bb2f0000777f0000777f 
  xmm2=0x0000bf370000bf370000a6a10000a6a1 xmm3=0x0000222d0000222d0000a44d0000a44d 
  xmm4=0x0000a04e0000a04e0000a93c0000a93c xmm5=0x0000fae10000fae10000654300006543 
  xmm6=0x0000fbd80000fbd80000be620000be62 xmm7=0x0000cd190000cd190000894a0000894a 

0x1f8: test [r14 +rax], -11893
  rax=0x0000000000000100 rbx=0x00000000000000a9 rcx=0x7bffec887bfff400 rdx=0x0000000000000094
  rsi=0x0000000000000008 rdi=0x000000000000007b flags=0b000000000110
  xmm0=0x000090290000902900008e7700008e77 xmm1=0x0000bb2f0000bb2f0000777f0000777f 
  xmm2=0x0000bf370000bf370000a6a10000a6a1 xmm3=0x0000222d0000222d0000a44d0000a44d 
  xmm4=0x0000a04e0000a04e0000a93c0000a93c xmm5=0x0000fae10000fae10000654300006543 
  xmm6=0x0000fbd80000fbd80000be620000be62 xmm7=0x0000cd190000cd190000894a0000894a 

    > load from +0x100 value 0x1e5d
0x1ff: setle al
  rax=0x0000000000000100 rbx=0x00000000000000a9 rcx=0x7bffec887bfff400 rdx=0x0000000000000094
  rsi=0x0000000000000008 rdi=0x000000000000007b flags=0b000000000110
  xmm0=0x000090290000902900008e7700008e77 xmm1=0x0000bb2f0000bb2f0000777f0000777f 
  xmm2=0x0000bf370000bf370000a6a10000a6a1 xmm3=0x0000222d0000222d0000a44d0000a44d 
  xmm4=0x0000a04e0000a04e0000a93c0000a93c xmm5=0x0000fae10000fae10000654300006543 
  xmm6=0x0000fbd80000fbd80000be620000be62 xmm7=0x0000cd190000cd190000894a0000894a 

0x202: sbb dl, cl
  rax=0x0000000000000100 rbx=0x00000000000000a9 rcx=0x7bffec887bfff400 rdx=0x0000000000000094
  rsi=0x0000000000000008 rdi=0x000000000000007b flags=0b000000000110
  xmm0=0x000090290000902900008e7700008e77 xmm1=0x0000bb2f0000bb2f0000777f0000777f 
  xmm2=0x0000bf370000bf370000a6a10000a6a1 xmm3=0x0000222d0000222d0000a44d0000a44d 
  xmm4=0x0000a04e0000a04e0000a93c0000a93c xmm5=0x0000fae10000fae10000654300006543 
  xmm6=0x0000fbd80000fbd80000be620000be62 xmm7=0x0000cd190000cd190000894a0000894a 

0x204: and rbx, 0b1111111111111
  rax=0x0000000000000100 rbx=0x00000000000000a9 rcx=0x7bffec887bfff400 rdx=0x0000000000000094
  rsi=0x0000000000000008 rdi=0x000000000000007b flags=0b000010000010
  xmm0=0x000090290000902900008e7700008e77 xmm1=0x0000bb2f0000bb2f0000777f0000777f 
  xmm2=0x0000bf370000bf370000a6a10000a6a1 xmm3=0x0000222d0000222d0000a44d0000a44d 
  xmm4=0x0000a04e0000a04e0000a93c0000a93c xmm5=0x0000fae10000fae10000654300006543 
  xmm6=0x0000fbd80000fbd80000be620000be62 xmm7=0x0000cd190000cd190000894a0000894a 

0x20b: or [r14 +rbx], 0b1000
  rax=0x0000000000000100 rbx=0x00000000000000a9 rcx=0x7bffec887bfff400 rdx=0x0000000000000094
  rsi=0x0000000000000008 rdi=0x000000000000007b flags=0b000000000110
  xmm0=0x000090290000902900008e7700008e77 xmm1=0x0000bb2f0000bb2f0000777f0000777f 
  xmm2=0x0000bf370000bf370000a6a10000a6a1 xmm3=0x0000222d0000222d0000a44d0000a44d 
  xmm4=0x0000a04e0000a04e0000a93c0000a93c xmm5=0x0000fae10000fae10000654300006543 
  xmm6=0x0000fbd80000fbd80000be620000be62 xmm7=0x0000cd190000cd190000894a0000894a 

    > load from +0xa9 value 0xf60000db
    > store to +0xa9 value 0xf60000db
0x210: and [r14 +rbx], 0b11111000
  rax=0x0000000000000100 rbx=0x00000000000000a9 rcx=0x7bffec887bfff400 rdx=0x0000000000000094
  rsi=0x0000000000000008 rdi=0x000000000000007b flags=0b000010000110
  xmm0=0x000090290000902900008e7700008e77 xmm1=0x0000bb2f0000bb2f0000777f0000777f 
  xmm2=0x0000bf370000bf370000a6a10000a6a1 xmm3=0x0000222d0000222d0000a44d0000a44d 
  xmm4=0x0000a04e0000a04e0000a93c0000a93c xmm5=0x0000fae10000fae10000654300006543 
  xmm6=0x0000fbd80000fbd80000be620000be62 xmm7=0x0000cd190000cd190000894a0000894a 

    > load from +0xa9 value 0xdb
    > store to +0xa9 value 0xd8
0x215: and edx, 0b11
  rax=0x0000000000000100 rbx=0x00000000000000a9 rcx=0x7bffec887bfff400 rdx=0x0000000000000094
  rsi=0x0000000000000008 rdi=0x000000000000007b flags=0b000010000110
  xmm0=0x000090290000902900008e7700008e77 xmm1=0x0000bb2f0000bb2f0000777f0000777f 
  xmm2=0x0000bf370000bf370000a6a10000a6a1 xmm3=0x0000222d0000222d0000a44d0000a44d 
  xmm4=0x0000a04e0000a04e0000a93c0000a93c xmm5=0x0000fae10000fae10000654300006543 
  xmm6=0x0000fbd80000fbd80000be620000be62 xmm7=0x0000cd190000cd190000894a0000894a 

0x218: idiv [r14 +rbx]
  rax=0x0000000000000100 rbx=0x00000000000000a9 rcx=0x7bffec887bfff400 rdx=0x0000000000000000
  rsi=0x0000000000000008 rdi=0x000000000000007b flags=0b000001000110
  xmm0=0x000090290000902900008e7700008e77 xmm1=0x0000bb2f0000bb2f0000777f0000777f 
  xmm2=0x0000bf370000bf370000a6a10000a6a1 xmm3=0x0000222d0000222d0000a44d0000a44d 
  xmm4=0x0000a04e0000a04e0000a93c0000a93c xmm5=0x0000fae10000fae10000654300006543 
  xmm6=0x0000fbd80000fbd80000be620000be62 xmm7=0x0000cd190000cd190000894a0000894a 

    > load from +0xa9 value 0xf60000d8
0x21c: add sil, -96
  rax=0x0000000000000000 rbx=0x00000000000000a9 rcx=0x7bffec887bfff400 rdx=0x0000000000000100
  rsi=0x0000000000000008 rdi=0x000000000000007b flags=0b000001000110
  xmm0=0x000090290000902900008e7700008e77 xmm1=0x0000bb2f0000bb2f0000777f0000777f 
  xmm2=0x0000bf370000bf370000a6a10000a6a1 xmm3=0x0000222d0000222d0000a44d0000a44d 
  xmm4=0x0000a04e0000a04e0000a93c0000a93c xmm5=0x0000fae10000fae10000654300006543 
  xmm6=0x0000fbd80000fbd80000be620000be62 xmm7=0x0000cd190000cd190000894a0000894a 

0x220: setz dil
  rax=0x0000000000000000 rbx=0x00000000000000a9 rcx=0x7bffec887bfff400 rdx=0x0000000000000100
  rsi=0x00000000000000a8 rdi=0x000000000000007b flags=0b000010000010
  xmm0=0x000090290000902900008e7700008e77 xmm1=0x0000bb2f0000bb2f0000777f0000777f 
  xmm2=0x0000bf370000bf370000a6a10000a6a1 xmm3=0x0000222d0000222d0000a44d0000a44d 
  xmm4=0x0000a04e0000a04e0000a93c0000a93c xmm5=0x0000fae10000fae10000654300006543 
  xmm6=0x0000fbd80000fbd80000be620000be62 xmm7=0x0000cd190000cd190000894a0000894a 

0x224: cmovz rbx, rbx
  rax=0x0000000000000000 rbx=0x00000000000000a9 rcx=0x7bffec887bfff400 rdx=0x0000000000000100
  rsi=0x00000000000000a8 rdi=0x0000000000000000 flags=0b000010000010
  xmm0=0x000090290000902900008e7700008e77 xmm1=0x0000bb2f0000bb2f0000777f0000777f 
  xmm2=0x0000bf370000bf370000a6a10000a6a1 xmm3=0x0000222d0000222d0000a44d0000a44d 
  xmm4=0x0000a04e0000a04e0000a93c0000a93c xmm5=0x0000fae10000fae10000654300006543 
  xmm6=0x0000fbd80000fbd80000be620000be62 xmm7=0x0000cd190000cd190000894a0000894a 

0x228: and rsi, 0b1111111111111
  rax=0x0000000000000000 rbx=0x00000000000000a9 rcx=0x7bffec887bfff400 rdx=0x0000000000000100
  rsi=0x00000000000000a8 rdi=0x0000000000000000 flags=0b000010000010
  xmm0=0x000090290000902900008e7700008e77 xmm1=0x0000bb2f0000bb2f0000777f0000777f 
  xmm2=0x0000bf370000bf370000a6a10000a6a1 xmm3=0x0000222d0000222d0000a44d0000a44d 
  xmm4=0x0000a04e0000a04e0000a93c0000a93c xmm5=0x0000fae10000fae10000654300006543 
  xmm6=0x0000fbd80000fbd80000be620000be62 xmm7=0x0000cd190000cd190000894a0000894a 

0x22f: sbb al, [r14 +rsi]
  rax=0x0000000000000000 rbx=0x00000000000000a9 rcx=0x7bffec887bfff400 rdx=0x0000000000000100
  rsi=0x00000000000000a8 rdi=0x0000000000000000 flags=0b000000000010
  xmm0=0x000090290000902900008e7700008e77 xmm1=0x0000bb2f0000bb2f0000777f0000777f 
  xmm2=0x0000bf370000bf370000a6a10000a6a1 xmm3=0x0000222d0000222d0000a44d0000a44d 
  xmm4=0x0000a04e0000a04e0000a93c0000a93c xmm5=0x0000fae10000fae10000654300006543 
  xmm6=0x0000fbd80000fbd80000be620000be62 xmm7=0x0000cd190000cd190000894a0000894a 

    > load from +0xa8 value 0xf6
0x233: add bl, 64
  rax=0x000000000000000a rbx=0x00000000000000a9 rcx=0x7bffec887bfff400 rdx=0x0000000000000100
  rsi=0x00000000000000a8 rdi=0x0000000000000000 flags=0b000000010111
  xmm0=0x000090290000902900008e7700008e77 xmm1=0x0000bb2f0000bb2f0000777f0000777f 
  xmm2=0x0000bf370000bf370000a6a10000a6a1 xmm3=0x0000222d0000222d0000a44d0000a44d 
  xmm4=0x0000a04e0000a04e0000a93c0000a93c xmm5=0x0000fae10000fae10000654300006543 
  xmm6=0x0000fbd80000fbd80000be620000be62 xmm7=0x0000cd190000cd190000894a0000894a 

0x236: cmovnl rdi, rcx
  rax=0x000000000000000a rbx=0x00000000000000e9 rcx=0x7bffec887bfff400 rdx=0x0000000000000100
  rsi=0x00000000000000a8 rdi=0x0000000000000000 flags=0b000010000010
  xmm0=0x000090290000902900008e7700008e77 xmm1=0x0000bb2f0000bb2f0000777f0000777f 
  xmm2=0x0000bf370000bf370000a6a10000a6a1 xmm3=0x0000222d0000222d0000a44d0000a44d 
  xmm4=0x0000a04e0000a04e0000a93c0000a93c xmm5=0x0000fae10000fae10000654300006543 
  xmm6=0x0000fbd80000fbd80000be620000be62 xmm7=0x0000cd190000cd190000894a0000894a 

0x23a: and rsi, 0b1111111111111
  rax=0x000000000000000a rbx=0x00000000000000e9 rcx=0x7bffec887bfff400 rdx=0x0000000000000100
  rsi=0x00000000000000a8 rdi=0x0000000000000000 flags=0b000010000010
  xmm0=0x000090290000902900008e7700008e77 xmm1=0x0000bb2f0000bb2f0000777f0000777f 
  xmm2=0x0000bf370000bf370000a6a10000a6a1 xmm3=0x0000222d0000222d0000a44d0000a44d 
  xmm4=0x0000a04e0000a04e0000a93c0000a93c xmm5=0x0000fae10000fae10000654300006543 
  xmm6=0x0000fbd80000fbd80000be620000be62 xmm7=0x0000cd190000cd190000894a0000894a 

0x241: imul rsi, [r14 +rsi], 43
  rax=0x000000000000000a rbx=0x00000000000000e9 rcx=0x7bffec887bfff400 rdx=0x0000000000000100
  rsi=0x00000000000000a8 rdi=0x0000000000000000 flags=0b000000000010
  xmm0=0x000090290000902900008e7700008e77 xmm1=0x0000bb2f0000bb2f0000777f0000777f 
  xmm2=0x0000bf370000bf370000a6a10000a6a1 xmm3=0x0000222d0000222d0000a44d0000a44d 
  xmm4=0x0000a04e0000a04e0000a93c0000a93c xmm5=0x0000fae10000fae10000654300006543 
  xmm6=0x0000fbd80000fbd80000be620000be62 xmm7=0x0000cd190000cd190000894a0000894a 

    > load from +0xa8 value 0xdbf60000d8f6
0x246: add al, dl
  rax=0x000000000000000a rbx=0x00000000000000e9 rcx=0x7bffec887bfff400 rdx=0x0000000000000100
  rsi=0x0024f25200247152 rdi=0x0000000000000000 flags=0b000000000010
  xmm0=0x000090290000902900008e7700008e77 xmm1=0x0000bb2f0000bb2f0000777f0000777f 
  xmm2=0x0000bf370000bf370000a6a10000a6a1 xmm3=0x0000222d0000222d0000a44d0000a44d 
  xmm4=0x0000a04e0000a04e0000a93c0000a93c xmm5=0x0000fae10000fae10000654300006543 
  xmm6=0x0000fbd80000fbd80000be620000be62 xmm7=0x0000cd190000cd190000894a0000894a 

0x248: push rax
  rax=0x000000000000000a rbx=0x00000000000000e9 rcx=0x7bffec887bfff400 rdx=0x0000000000000100
  rsi=0x0024f25200247152 rdi=0x0000000000000000 flags=0b000000000110
  xmm0=0x000090290000902900008e7700008e77 xmm1=0x0000bb2f0000bb2f0000777f0000777f 
  xmm2=0x0000bf370000bf370000a6a10000a6a1 xmm3=0x0000222d0000222d0000a44d0000a44d 
  xmm4=0x0000a04e0000a04e0000a93c0000a93c xmm5=0x0000fae10000fae10000654300006543 
  xmm6=0x0000fbd80000fbd80000be620000be62 xmm7=0x0000cd190000cd190000894a0000894a 

    > store to +0xff0 value 0xa
0x249: push rcx
  rax=0x000000000000000a rbx=0x00000000000000e9 rcx=0x7bffec887bfff400 rdx=0x0000000000000100
  rsi=0x0024f25200247152 rdi=0x0000000000000000 flags=0b000000000110
  xmm0=0x000090290000902900008e7700008e77 xmm1=0x0000bb2f0000bb2f0000777f0000777f 
  xmm2=0x0000bf370000bf370000a6a10000a6a1 xmm3=0x0000222d0000222d0000a44d0000a44d 
  xmm4=0x0000a04e0000a04e0000a93c0000a93c xmm5=0x0000fae10000fae10000654300006543 
  xmm6=0x0000fbd80000fbd80000be620000be62 xmm7=0x0000cd190000cd190000894a0000894a 

    > store to +0xfe8 value 0x7bffec887bfff400
0x24a: push rdx
  rax=0x000000000000000a rbx=0x00000000000000e9 rcx=0x7bffec887bfff400 rdx=0x0000000000000100
  rsi=0x0024f25200247152 rdi=0x0000000000000000 flags=0b000000000110
  xmm0=0x000090290000902900008e7700008e77 xmm1=0x0000bb2f0000bb2f0000777f0000777f 
  xmm2=0x0000bf370000bf370000a6a10000a6a1 xmm3=0x0000222d0000222d0000a44d0000a44d 
  xmm4=0x0000a04e0000a04e0000a93c0000a93c xmm5=0x0000fae10000fae10000654300006543 
  xmm6=0x0000fbd80000fbd80000be620000be62 xmm7=0x0000cd190000cd190000894a0000894a 

    > store to +0xfe0 value 0x100
0x24b: mov ecx, 0x1a4
  rax=0x000000000000000a rbx=0x00000000000000e9 rcx=0x7bffec887bfff400 rdx=0x0000000000000100
  rsi=0x0024f25200247152 rdi=0x0000000000000000 flags=0b000000000110
  xmm0=0x000090290000902900008e7700008e77 xmm1=0x0000bb2f0000bb2f0000777f0000777f 
  xmm2=0x0000bf370000bf370000a6a10000a6a1 xmm3=0x0000222d0000222d0000a44d0000a44d 
  xmm4=0x0000a04e0000a04e0000a93c0000a93c xmm5=0x0000fae10000fae10000654300006543 
  xmm6=0x0000fbd80000fbd80000be620000be62 xmm7=0x0000cd190000cd190000894a0000894a 

0x250: mov edx, 0
  rax=0x000000000000000a rbx=0x00000000000000e9 rcx=0x00000000000001a4 rdx=0x0000000000000100
  rsi=0x0024f25200247152 rdi=0x0000000000000000 flags=0b000000000110
  xmm0=0x000090290000902900008e7700008e77 xmm1=0x0000bb2f0000bb2f0000777f0000777f 
  xmm2=0x0000bf370000bf370000a6a10000a6a1 xmm3=0x0000222d0000222d0000a44d0000a44d 
  xmm4=0x0000a04e0000a04e0000a93c0000a93c xmm5=0x0000fae10000fae10000654300006543 
  xmm6=0x0000fbd80000fbd80000be620000be62 xmm7=0x0000cd190000cd190000894a0000894a 

0x255: mov eax, 0b101111
  rax=0x000000000000000a rbx=0x00000000000000e9 rcx=0x00000000000001a4 rdx=0x0000000000000000
  rsi=0x0024f25200247152 rdi=0x0000000000000000 flags=0b000000000110
  xmm0=0x000090290000902900008e7700008e77 xmm1=0x0000bb2f0000bb2f0000777f0000777f 
  xmm2=0x0000bf370000bf370000a6a10000a6a1 xmm3=0x0000222d0000222d0000a44d0000a44d 
  xmm4=0x0000a04e0000a04e0000a93c0000a93c xmm5=0x0000fae10000fae10000654300006543 
  xmm6=0x0000fbd80000fbd80000be620000be62 xmm7=0x0000cd190000cd190000894a0000894a 

0x25a: wrmsr 
  rax=0x000000000000002f rbx=0x00000000000000e9 rcx=0x00000000000001a4 rdx=0x0000000000000000
  rsi=0x0024f25200247152 rdi=0x0000000000000000 flags=0b000000000110
  xmm0=0x000090290000902900008e7700008e77 xmm1=0x0000bb2f0000bb2f0000777f0000777f 
  xmm2=0x0000bf370000bf370000a6a10000a6a1 xmm3=0x0000222d0000222d0000a44d0000a44d 
  xmm4=0x0000a04e0000a04e0000a93c0000a93c xmm5=0x0000fae10000fae10000654300006543 
  xmm6=0x0000fbd80000fbd80000be620000be62 xmm7=0x0000cd190000cd190000894a0000894a 

0x25c: mov ecx, 0x48
  rax=0x000000000000002f rbx=0x00000000000000e9 rcx=0x00000000000001a4 rdx=0x0000000000000000
  rsi=0x0024f25200247152 rdi=0x0000000000000000 flags=0b000000000110
  xmm0=0x000090290000902900008e7700008e77 xmm1=0x0000bb2f0000bb2f0000777f0000777f 
  xmm2=0x0000bf370000bf370000a6a10000a6a1 xmm3=0x0000222d0000222d0000a44d0000a44d 
  xmm4=0x0000a04e0000a04e0000a93c0000a93c xmm5=0x0000fae10000fae10000654300006543 
  xmm6=0x0000fbd80000fbd80000be620000be62 xmm7=0x0000cd190000cd190000894a0000894a 

0x261: rdmsr 
  rax=0x000000000000002f rbx=0x00000000000000e9 rcx=0x0000000000000048 rdx=0x0000000000000000
  rsi=0x0024f25200247152 rdi=0x0000000000000000 flags=0b000000000110
  xmm0=0x000090290000902900008e7700008e77 xmm1=0x0000bb2f0000bb2f0000777f0000777f 
  xmm2=0x0000bf370000bf370000a6a10000a6a1 xmm3=0x0000222d0000222d0000a44d0000a44d 
  xmm4=0x0000a04e0000a04e0000a93c0000a93c xmm5=0x0000fae10000fae10000654300006543 
  xmm6=0x0000fbd80000fbd80000be620000be62 xmm7=0x0000cd190000cd190000894a0000894a 

0x263: and eax, 0xfffffffb
  rax=0x0000000000000000 rbx=0x00000000000000e9 rcx=0x0000000000000048 rdx=0x0000000000000000
  rsi=0x0024f25200247152 rdi=0x0000000000000000 flags=0b000000000110
  xmm0=0x000090290000902900008e7700008e77 xmm1=0x0000bb2f0000bb2f0000777f0000777f 
  xmm2=0x0000bf370000bf370000a6a10000a6a1 xmm3=0x0000222d0000222d0000a44d0000a44d 
  xmm4=0x0000a04e0000a04e0000a93c0000a93c xmm5=0x0000fae10000fae10000654300006543 
  xmm6=0x0000fbd80000fbd80000be620000be62 xmm7=0x0000cd190000cd190000894a0000894a 

0x266: or eax, 0x100
  rax=0x0000000000000000 rbx=0x00000000000000e9 rcx=0x0000000000000048 rdx=0x0000000000000000
  rsi=0x0024f25200247152 rdi=0x0000000000000000 flags=0b000001000110
  xmm0=0x000090290000902900008e7700008e77 xmm1=0x0000bb2f0000bb2f0000777f0000777f 
  xmm2=0x0000bf370000bf370000a6a10000a6a1 xmm3=0x0000222d0000222d0000a44d0000a44d 
  xmm4=0x0000a04e0000a04e0000a93c0000a93c xmm5=0x0000fae10000fae10000654300006543 
  xmm6=0x0000fbd80000fbd80000be620000be62 xmm7=0x0000cd190000cd190000894a0000894a 

0x26b: wrmsr 
  rax=0x0000000000000100 rbx=0x00000000000000e9 rcx=0x0000000000000048 rdx=0x0000000000000000
  rsi=0x0024f25200247152 rdi=0x0000000000000000 flags=0b000000000110
  xmm0=0x000090290000902900008e7700008e77 xmm1=0x0000bb2f0000bb2f0000777f0000777f 
  xmm2=0x0000bf370000bf370000a6a10000a6a1 xmm3=0x0000222d0000222d0000a44d0000a44d 
  xmm4=0x0000a04e0000a04e0000a93c0000a93c xmm5=0x0000fae10000fae10000654300006543 
  xmm6=0x0000fbd80000fbd80000be620000be62 xmm7=0x0000cd190000cd190000894a0000894a 

0x26d: mfence 
  rax=0x0000000000000100 rbx=0x00000000000000e9 rcx=0x0000000000000048 rdx=0x0000000000000000
  rsi=0x0024f25200247152 rdi=0x0000000000000000 flags=0b000000000110
  xmm0=0x000090290000902900008e7700008e77 xmm1=0x0000bb2f0000bb2f0000777f0000777f 
  xmm2=0x0000bf370000bf370000a6a10000a6a1 xmm3=0x0000222d0000222d0000a44d0000a44d 
  xmm4=0x0000a04e0000a04e0000a93c0000a93c xmm5=0x0000fae10000fae10000654300006543 
  xmm6=0x0000fbd80000fbd80000be620000be62 xmm7=0x0000cd190000cd190000894a0000894a 

0x270: lfence 
  rax=0x0000000000000100 rbx=0x00000000000000e9 rcx=0x0000000000000048 rdx=0x0000000000000000
  rsi=0x0024f25200247152 rdi=0x0000000000000000 flags=0b000000000110
  xmm0=0x000090290000902900008e7700008e77 xmm1=0x0000bb2f0000bb2f0000777f0000777f 
  xmm2=0x0000bf370000bf370000a6a10000a6a1 xmm3=0x0000222d0000222d0000a44d0000a44d 
  xmm4=0x0000a04e0000a04e0000a93c0000a93c xmm5=0x0000fae10000fae10000654300006543 
  xmm6=0x0000fbd80000fbd80000be620000be62 xmm7=0x0000cd190000cd190000894a0000894a 

0x273: macro .measurement_end, .noarg
  rax=0x0000000000000100 rbx=0x00000000000000e9 rcx=0x0000000000000048 rdx=0x0000000000000000
  rsi=0x0024f25200247152 rdi=0x0000000000000000 flags=0b000000000110
  xmm0=0x000090290000902900008e7700008e77 xmm1=0x0000bb2f0000bb2f0000777f0000777f 
  xmm2=0x0000bf370000bf370000a6a10000a6a1 xmm3=0x0000222d0000222d0000a44d0000a44d 
  xmm4=0x0000a04e0000a04e0000a93c0000a93c xmm5=0x0000fae10000fae10000654300006543 
  xmm6=0x0000fbd80000fbd80000be620000be62 xmm7=0x0000cd190000cd190000894a0000894a 

0x27b: mov ecx, 0x1a4
  rax=0x0000000000000100 rbx=0x00000000000000e9 rcx=0x0000000000000048 rdx=0x0000000000000000
  rsi=0x0024f25200247152 rdi=0x0000000000000000 flags=0b000000000110
  xmm0=0x000090290000902900008e7700008e77 xmm1=0x0000bb2f0000bb2f0000777f0000777f 
  xmm2=0x0000bf370000bf370000a6a10000a6a1 xmm3=0x0000222d0000222d0000a44d0000a44d 
  xmm4=0x0000a04e0000a04e0000a93c0000a93c xmm5=0x0000fae10000fae10000654300006543 
  xmm6=0x0000fbd80000fbd80000be620000be62 xmm7=0x0000cd190000cd190000894a0000894a 

0x280: mov edx, 0
  rax=0x0000000000000100 rbx=0x00000000000000e9 rcx=0x00000000000001a4 rdx=0x0000000000000000
  rsi=0x0024f25200247152 rdi=0x0000000000000000 flags=0b000000000110
  xmm0=0x000090290000902900008e7700008e77 xmm1=0x0000bb2f0000bb2f0000777f0000777f 
  xmm2=0x0000bf370000bf370000a6a10000a6a1 xmm3=0x0000222d0000222d0000a44d0000a44d 
  xmm4=0x0000a04e0000a04e0000a93c0000a93c xmm5=0x0000fae10000fae10000654300006543 
  xmm6=0x0000fbd80000fbd80000be620000be62 xmm7=0x0000cd190000cd190000894a0000894a 

0x285: mov eax, 0b000000
  rax=0x0000000000000100 rbx=0x00000000000000e9 rcx=0x00000000000001a4 rdx=0x0000000000000000
  rsi=0x0024f25200247152 rdi=0x0000000000000000 flags=0b000000000110
  xmm0=0x000090290000902900008e7700008e77 xmm1=0x0000bb2f0000bb2f0000777f0000777f 
  xmm2=0x0000bf370000bf370000a6a10000a6a1 xmm3=0x0000222d0000222d0000a44d0000a44d 
  xmm4=0x0000a04e0000a04e0000a93c0000a93c xmm5=0x0000fae10000fae10000654300006543 
  xmm6=0x0000fbd80000fbd80000be620000be62 xmm7=0x0000cd190000cd190000894a0000894a 

0x28a: mov ecx, 0x48
  rax=0x0000000000000000 rbx=0x00000000000000e9 rcx=0x00000000000001a4 rdx=0x0000000000000000
  rsi=0x0024f25200247152 rdi=0x0000000000000000 flags=0b000000000110
  xmm0=0x000090290000902900008e7700008e77 xmm1=0x0000bb2f0000bb2f0000777f0000777f 
  xmm2=0x0000bf370000bf370000a6a10000a6a1 xmm3=0x0000222d0000222d0000a44d0000a44d 
  xmm4=0x0000a04e0000a04e0000a93c0000a93c xmm5=0x0000fae10000fae10000654300006543 
  xmm6=0x0000fbd80000fbd80000be620000be62 xmm7=0x0000cd190000cd190000894a0000894a 

0x28f: rdmsr 
  rax=0x0000000000000000 rbx=0x00000000000000e9 rcx=0x0000000000000048 rdx=0x0000000000000000
  rsi=0x0024f25200247152 rdi=0x0000000000000000 flags=0b000000000110
  xmm0=0x000090290000902900008e7700008e77 xmm1=0x0000bb2f0000bb2f0000777f0000777f 
  xmm2=0x0000bf370000bf370000a6a10000a6a1 xmm3=0x0000222d0000222d0000a44d0000a44d 
  xmm4=0x0000a04e0000a04e0000a93c0000a93c xmm5=0x0000fae10000fae10000654300006543 
  xmm6=0x0000fbd80000fbd80000be620000be62 xmm7=0x0000cd190000cd190000894a0000894a 

0x291: and eax, 0xfffffffb
  rax=0x0000000000000000 rbx=0x00000000000000e9 rcx=0x0000000000000048 rdx=0x0000000000000000
  rsi=0x0024f25200247152 rdi=0x0000000000000000 flags=0b000000000110
  xmm0=0x000090290000902900008e7700008e77 xmm1=0x0000bb2f0000bb2f0000777f0000777f 
  xmm2=0x0000bf370000bf370000a6a10000a6a1 xmm3=0x0000222d0000222d0000a44d0000a44d 
  xmm4=0x0000a04e0000a04e0000a93c0000a93c xmm5=0x0000fae10000fae10000654300006543 
  xmm6=0x0000fbd80000fbd80000be620000be62 xmm7=0x0000cd190000cd190000894a0000894a 

0x294: and eax, 0xfffffeff
  rax=0x0000000000000000 rbx=0x00000000000000e9 rcx=0x0000000000000048 rdx=0x0000000000000000
  rsi=0x0024f25200247152 rdi=0x0000000000000000 flags=0b000001000110
  xmm0=0x000090290000902900008e7700008e77 xmm1=0x0000bb2f0000bb2f0000777f0000777f 
  xmm2=0x0000bf370000bf370000a6a10000a6a1 xmm3=0x0000222d0000222d0000a44d0000a44d 
  xmm4=0x0000a04e0000a04e0000a93c0000a93c xmm5=0x0000fae10000fae10000654300006543 
  xmm6=0x0000fbd80000fbd80000be620000be62 xmm7=0x0000cd190000cd190000894a0000894a 

0x299: wrmsr 
  rax=0x0000000000000000 rbx=0x00000000000000e9 rcx=0x0000000000000048 rdx=0x0000000000000000
  rsi=0x0024f25200247152 rdi=0x0000000000000000 flags=0b000001000110
  xmm0=0x000090290000902900008e7700008e77 xmm1=0x0000bb2f0000bb2f0000777f0000777f 
  xmm2=0x0000bf370000bf370000a6a10000a6a1 xmm3=0x0000222d0000222d0000a44d0000a44d 
  xmm4=0x0000a04e0000a04e0000a93c0000a93c xmm5=0x0000fae10000fae10000654300006543 
  xmm6=0x0000fbd80000fbd80000be620000be62 xmm7=0x0000cd190000cd190000894a0000894a 

0x29b: mfence 
  rax=0x0000000000000000 rbx=0x00000000000000e9 rcx=0x0000000000000048 rdx=0x0000000000000000
  rsi=0x0024f25200247152 rdi=0x0000000000000000 flags=0b000001000110
  xmm0=0x000090290000902900008e7700008e77 xmm1=0x0000bb2f0000bb2f0000777f0000777f 
  xmm2=0x0000bf370000bf370000a6a10000a6a1 xmm3=0x0000222d0000222d0000a44d0000a44d 
  xmm4=0x0000a04e0000a04e0000a93c0000a93c xmm5=0x0000fae10000fae10000654300006543 
  xmm6=0x0000fbd80000fbd80000be620000be62 xmm7=0x0000cd190000cd190000894a0000894a 

0x29e: lfence 
  rax=0x0000000000000000 rbx=0x00000000000000e9 rcx=0x0000000000000048 rdx=0x0000000000000000
  rsi=0x0024f25200247152 rdi=0x0000000000000000 flags=0b000001000110
  xmm0=0x000090290000902900008e7700008e77 xmm1=0x0000bb2f0000bb2f0000777f0000777f 
  xmm2=0x0000bf370000bf370000a6a10000a6a1 xmm3=0x0000222d0000222d0000a44d0000a44d 
  xmm4=0x0000a04e0000a04e0000a93c0000a93c xmm5=0x0000fae10000fae10000654300006543 
  xmm6=0x0000fbd80000fbd80000be620000be62 xmm7=0x0000cd190000cd190000894a0000894a 

0x2a1: pop rdx
  rax=0x0000000000000000 rbx=0x00000000000000e9 rcx=0x0000000000000048 rdx=0x0000000000000000
  rsi=0x0024f25200247152 rdi=0x0000000000000000 flags=0b000001000110
  xmm0=0x000090290000902900008e7700008e77 xmm1=0x0000bb2f0000bb2f0000777f0000777f 
  xmm2=0x0000bf370000bf370000a6a10000a6a1 xmm3=0x0000222d0000222d0000a44d0000a44d 
  xmm4=0x0000a04e0000a04e0000a93c0000a93c xmm5=0x0000fae10000fae10000654300006543 
  xmm6=0x0000fbd80000fbd80000be620000be62 xmm7=0x0000cd190000cd190000894a0000894a 

    > load from +0xfe0 value 0x100
0x2a2: pop rcx
  rax=0x0000000000000000 rbx=0x00000000000000e9 rcx=0x0000000000000048 rdx=0x0000000000000100
  rsi=0x0024f25200247152 rdi=0x0000000000000000 flags=0b000001000110
  xmm0=0x000090290000902900008e7700008e77 xmm1=0x0000bb2f0000bb2f0000777f0000777f 
  xmm2=0x0000bf370000bf370000a6a10000a6a1 xmm3=0x0000222d0000222d0000a44d0000a44d 
  xmm4=0x0000a04e0000a04e0000a93c0000a93c xmm5=0x0000fae10000fae10000654300006543 
  xmm6=0x0000fbd80000fbd80000be620000be62 xmm7=0x0000cd190000cd190000894a0000894a 

    > load from +0xfe8 value 0x7bffec887bfff400
0x2a3: pop rax [test_case_exit]
  rax=0x0000000000000000 rbx=0x00000000000000e9 rcx=0x7bffec887bfff400 rdx=0x0000000000000100
  rsi=0x0024f25200247152 rdi=0x0000000000000000 flags=0b000001000110
  xmm0=0x000090290000902900008e7700008e77 xmm1=0x0000bb2f0000bb2f0000777f0000777f 
  xmm2=0x0000bf370000bf370000a6a10000a6a1 xmm3=0x0000222d0000222d0000a44d0000a44d 
  xmm4=0x0000a04e0000a04e0000a93c0000a93c xmm5=0x0000fae10000fae10000654300006543 
  xmm6=0x0000fbd80000fbd80000be620000be62 xmm7=0x0000cd190000cd190000894a0000894a 

    > load from +0xff0 value 0xa



                      ##### Input 98 #####

                     ##### Input 0 #####
0x0 : add sil, 52
  rax=0x000089c6000089c6 rbx=0x000018b0000018b0 rcx=0x0000558400005584 rdx=0x0000ebf20000ebf2
  rsi=0x00004df600004df6 rdi=0x000052ea000052ea flags=0b000011000110
  xmm0=0x0000d7760000d7760000f78d0000f78d xmm1=0x0000abb20000abb20000f48d0000f48d 
  xmm2=0x00002c8200002c8200001c3a00001c3a xmm3=0x00001e1300001e1300009e6500009e65 
  xmm4=0x0000a4a80000a4a800001fa100001fa1 xmm5=0x000084c8000084c80000832100008321 
  xmm6=0x0000ae370000ae370000180500001805 xmm7=0x0000549c0000549c0000ae6c0000ae6c 

0x4 : push rax
  rax=0x000089c6000089c6 rbx=0x000018b0000018b0 rcx=0x0000558400005584 rdx=0x0000ebf20000ebf2
  rsi=0x00004df600004d2a rdi=0x000052ea000052ea flags=0b000000000011
  xmm0=0x0000d7760000d7760000f78d0000f78d xmm1=0x0000abb20000abb20000f48d0000f48d 
  xmm2=0x00002c8200002c8200001c3a00001c3a xmm3=0x00001e1300001e1300009e6500009e65 
  xmm4=0x0000a4a80000a4a800001fa100001fa1 xmm5=0x000084c8000084c80000832100008321 
  xmm6=0x0000ae370000ae370000180500001805 xmm7=0x0000549c0000549c0000ae6c0000ae6c 

    > store to +0xff0 value 0x89c6000089c6
0x5 : push rcx
  rax=0x000089c6000089c6 rbx=0x000018b0000018b0 rcx=0x0000558400005584 rdx=0x0000ebf20000ebf2
  rsi=0x00004df600004d2a rdi=0x000052ea000052ea flags=0b000000000011
  xmm0=0x0000d7760000d7760000f78d0000f78d xmm1=0x0000abb20000abb20000f48d0000f48d 
  xmm2=0x00002c8200002c8200001c3a00001c3a xmm3=0x00001e1300001e1300009e6500009e65 
  xmm4=0x0000a4a80000a4a800001fa100001fa1 xmm5=0x000084c8000084c80000832100008321 
  xmm6=0x0000ae370000ae370000180500001805 xmm7=0x0000549c0000549c0000ae6c0000ae6c 

    > store to +0xfe8 value 0x558400005584
0x6 : push rdx
  rax=0x000089c6000089c6 rbx=0x000018b0000018b0 rcx=0x0000558400005584 rdx=0x0000ebf20000ebf2
  rsi=0x00004df600004d2a rdi=0x000052ea000052ea flags=0b000000000011
  xmm0=0x0000d7760000d7760000f78d0000f78d xmm1=0x0000abb20000abb20000f48d0000f48d 
  xmm2=0x00002c8200002c8200001c3a00001c3a xmm3=0x00001e1300001e1300009e6500009e65 
  xmm4=0x0000a4a80000a4a800001fa100001fa1 xmm5=0x000084c8000084c80000832100008321 
  xmm6=0x0000ae370000ae370000180500001805 xmm7=0x0000549c0000549c0000ae6c0000ae6c 

    > store to +0xfe0 value 0xebf20000ebf2
0x7 : mov ecx, 0x1a4
  rax=0x000089c6000089c6 rbx=0x000018b0000018b0 rcx=0x0000558400005584 rdx=0x0000ebf20000ebf2
  rsi=0x00004df600004d2a rdi=0x000052ea000052ea flags=0b000000000011
  xmm0=0x0000d7760000d7760000f78d0000f78d xmm1=0x0000abb20000abb20000f48d0000f48d 
  xmm2=0x00002c8200002c8200001c3a00001c3a xmm3=0x00001e1300001e1300009e6500009e65 
  xmm4=0x0000a4a80000a4a800001fa100001fa1 xmm5=0x000084c8000084c80000832100008321 
  xmm6=0x0000ae370000ae370000180500001805 xmm7=0x0000549c0000549c0000ae6c0000ae6c 

0xc : mov edx, 0
  rax=0x000089c6000089c6 rbx=0x000018b0000018b0 rcx=0x00000000000001a4 rdx=0x0000ebf20000ebf2
  rsi=0x00004df600004d2a rdi=0x000052ea000052ea flags=0b000000000011
  xmm0=0x0000d7760000d7760000f78d0000f78d xmm1=0x0000abb20000abb20000f48d0000f48d 
  xmm2=0x00002c8200002c8200001c3a00001c3a xmm3=0x00001e1300001e1300009e6500009e65 
  xmm4=0x0000a4a80000a4a800001fa100001fa1 xmm5=0x000084c8000084c80000832100008321 
  xmm6=0x0000ae370000ae370000180500001805 xmm7=0x0000549c0000549c0000ae6c0000ae6c 

0x11: mov eax, 0b101111
  rax=0x000089c6000089c6 rbx=0x000018b0000018b0 rcx=0x00000000000001a4 rdx=0x0000000000000000
  rsi=0x00004df600004d2a rdi=0x000052ea000052ea flags=0b000000000011
  xmm0=0x0000d7760000d7760000f78d0000f78d xmm1=0x0000abb20000abb20000f48d0000f48d 
  xmm2=0x00002c8200002c8200001c3a00001c3a xmm3=0x00001e1300001e1300009e6500009e65 
  xmm4=0x0000a4a80000a4a800001fa100001fa1 xmm5=0x000084c8000084c80000832100008321 
  xmm6=0x0000ae370000ae370000180500001805 xmm7=0x0000549c0000549c0000ae6c0000ae6c 

0x16: wrmsr 
  rax=0x000000000000002f rbx=0x000018b0000018b0 rcx=0x00000000000001a4 rdx=0x0000000000000000
  rsi=0x00004df600004d2a rdi=0x000052ea000052ea flags=0b000000000011
  xmm0=0x0000d7760000d7760000f78d0000f78d xmm1=0x0000abb20000abb20000f48d0000f48d 
  xmm2=0x00002c8200002c8200001c3a00001c3a xmm3=0x00001e1300001e1300009e6500009e65 
  xmm4=0x0000a4a80000a4a800001fa100001fa1 xmm5=0x000084c8000084c80000832100008321 
  xmm6=0x0000ae370000ae370000180500001805 xmm7=0x0000549c0000549c0000ae6c0000ae6c 

0x18: mov ecx, 0x48
  rax=0x000000000000002f rbx=0x000018b0000018b0 rcx=0x00000000000001a4 rdx=0x0000000000000000
  rsi=0x00004df600004d2a rdi=0x000052ea000052ea flags=0b000000000011
  xmm0=0x0000d7760000d7760000f78d0000f78d xmm1=0x0000abb20000abb20000f48d0000f48d 
  xmm2=0x00002c8200002c8200001c3a00001c3a xmm3=0x00001e1300001e1300009e6500009e65 
  xmm4=0x0000a4a80000a4a800001fa100001fa1 xmm5=0x000084c8000084c80000832100008321 
  xmm6=0x0000ae370000ae370000180500001805 xmm7=0x0000549c0000549c0000ae6c0000ae6c 

0x1d: rdmsr 
  rax=0x000000000000002f rbx=0x000018b0000018b0 rcx=0x0000000000000048 rdx=0x0000000000000000
  rsi=0x00004df600004d2a rdi=0x000052ea000052ea flags=0b000000000011
  xmm0=0x0000d7760000d7760000f78d0000f78d xmm1=0x0000abb20000abb20000f48d0000f48d 
  xmm2=0x00002c8200002c8200001c3a00001c3a xmm3=0x00001e1300001e1300009e6500009e65 
  xmm4=0x0000a4a80000a4a800001fa100001fa1 xmm5=0x000084c8000084c80000832100008321 
  xmm6=0x0000ae370000ae370000180500001805 xmm7=0x0000549c0000549c0000ae6c0000ae6c 

0x1f: and eax, 0xfffffffb
  rax=0x0000000000000000 rbx=0x000018b0000018b0 rcx=0x0000000000000048 rdx=0x0000000000000000
  rsi=0x00004df600004d2a rdi=0x000052ea000052ea flags=0b000000000011
  xmm0=0x0000d7760000d7760000f78d0000f78d xmm1=0x0000abb20000abb20000f48d0000f48d 
  xmm2=0x00002c8200002c8200001c3a00001c3a xmm3=0x00001e1300001e1300009e6500009e65 
  xmm4=0x0000a4a80000a4a800001fa100001fa1 xmm5=0x000084c8000084c80000832100008321 
  xmm6=0x0000ae370000ae370000180500001805 xmm7=0x0000549c0000549c0000ae6c0000ae6c 

0x22: or eax, 0x100
  rax=0x0000000000000000 rbx=0x000018b0000018b0 rcx=0x0000000000000048 rdx=0x0000000000000000
  rsi=0x00004df600004d2a rdi=0x000052ea000052ea flags=0b000001000110
  xmm0=0x0000d7760000d7760000f78d0000f78d xmm1=0x0000abb20000abb20000f48d0000f48d 
  xmm2=0x00002c8200002c8200001c3a00001c3a xmm3=0x00001e1300001e1300009e6500009e65 
  xmm4=0x0000a4a80000a4a800001fa100001fa1 xmm5=0x000084c8000084c80000832100008321 
  xmm6=0x0000ae370000ae370000180500001805 xmm7=0x0000549c0000549c0000ae6c0000ae6c 

0x27: wrmsr 
  rax=0x0000000000000100 rbx=0x000018b0000018b0 rcx=0x0000000000000048 rdx=0x0000000000000000
  rsi=0x00004df600004d2a rdi=0x000052ea000052ea flags=0b000000000110
  xmm0=0x0000d7760000d7760000f78d0000f78d xmm1=0x0000abb20000abb20000f48d0000f48d 
  xmm2=0x00002c8200002c8200001c3a00001c3a xmm3=0x00001e1300001e1300009e6500009e65 
  xmm4=0x0000a4a80000a4a800001fa100001fa1 xmm5=0x000084c8000084c80000832100008321 
  xmm6=0x0000ae370000ae370000180500001805 xmm7=0x0000549c0000549c0000ae6c0000ae6c 

0x29: mfence 
  rax=0x0000000000000100 rbx=0x000018b0000018b0 rcx=0x0000000000000048 rdx=0x0000000000000000
  rsi=0x00004df600004d2a rdi=0x000052ea000052ea flags=0b000000000110
  xmm0=0x0000d7760000d7760000f78d0000f78d xmm1=0x0000abb20000abb20000f48d0000f48d 
  xmm2=0x00002c8200002c8200001c3a00001c3a xmm3=0x00001e1300001e1300009e6500009e65 
  xmm4=0x0000a4a80000a4a800001fa100001fa1 xmm5=0x000084c8000084c80000832100008321 
  xmm6=0x0000ae370000ae370000180500001805 xmm7=0x0000549c0000549c0000ae6c0000ae6c 

0x2c: lfence 
  rax=0x0000000000000100 rbx=0x000018b0000018b0 rcx=0x0000000000000048 rdx=0x0000000000000000
  rsi=0x00004df600004d2a rdi=0x000052ea000052ea flags=0b000000000110
  xmm0=0x0000d7760000d7760000f78d0000f78d xmm1=0x0000abb20000abb20000f48d0000f48d 
  xmm2=0x00002c8200002c8200001c3a00001c3a xmm3=0x00001e1300001e1300009e6500009e65 
  xmm4=0x0000a4a80000a4a800001fa100001fa1 xmm5=0x000084c8000084c80000832100008321 
  xmm6=0x0000ae370000ae370000180500001805 xmm7=0x0000549c0000549c0000ae6c0000ae6c 

0x2f: macro .measurement_start, .noarg
  rax=0x0000000000000100 rbx=0x000018b0000018b0 rcx=0x0000000000000048 rdx=0x0000000000000000
  rsi=0x00004df600004d2a rdi=0x000052ea000052ea flags=0b000000000110
  xmm0=0x0000d7760000d7760000f78d0000f78d xmm1=0x0000abb20000abb20000f48d0000f48d 
  xmm2=0x00002c8200002c8200001c3a00001c3a xmm3=0x00001e1300001e1300009e6500009e65 
  xmm4=0x0000a4a80000a4a800001fa100001fa1 xmm5=0x000084c8000084c80000832100008321 
  xmm6=0x0000ae370000ae370000180500001805 xmm7=0x0000549c0000549c0000ae6c0000ae6c 

0x37: mov ecx, 0x1a4
  rax=0x0000000000000100 rbx=0x000018b0000018b0 rcx=0x0000000000000048 rdx=0x0000000000000000
  rsi=0x00004df600004d2a rdi=0x000052ea000052ea flags=0b000000000110
  xmm0=0x0000d7760000d7760000f78d0000f78d xmm1=0x0000abb20000abb20000f48d0000f48d 
  xmm2=0x00002c8200002c8200001c3a00001c3a xmm3=0x00001e1300001e1300009e6500009e65 
  xmm4=0x0000a4a80000a4a800001fa100001fa1 xmm5=0x000084c8000084c80000832100008321 
  xmm6=0x0000ae370000ae370000180500001805 xmm7=0x0000549c0000549c0000ae6c0000ae6c 

0x3c: mov edx, 0
  rax=0x0000000000000100 rbx=0x000018b0000018b0 rcx=0x00000000000001a4 rdx=0x0000000000000000
  rsi=0x00004df600004d2a rdi=0x000052ea000052ea flags=0b000000000110
  xmm0=0x0000d7760000d7760000f78d0000f78d xmm1=0x0000abb20000abb20000f48d0000f48d 
  xmm2=0x00002c8200002c8200001c3a00001c3a xmm3=0x00001e1300001e1300009e6500009e65 
  xmm4=0x0000a4a80000a4a800001fa100001fa1 xmm5=0x000084c8000084c80000832100008321 
  xmm6=0x0000ae370000ae370000180500001805 xmm7=0x0000549c0000549c0000ae6c0000ae6c 

0x41: mov eax, 0b000000
  rax=0x0000000000000100 rbx=0x000018b0000018b0 rcx=0x00000000000001a4 rdx=0x0000000000000000
  rsi=0x00004df600004d2a rdi=0x000052ea000052ea flags=0b000000000110
  xmm0=0x0000d7760000d7760000f78d0000f78d xmm1=0x0000abb20000abb20000f48d0000f48d 
  xmm2=0x00002c8200002c8200001c3a00001c3a xmm3=0x00001e1300001e1300009e6500009e65 
  xmm4=0x0000a4a80000a4a800001fa100001fa1 xmm5=0x000084c8000084c80000832100008321 
  xmm6=0x0000ae370000ae370000180500001805 xmm7=0x0000549c0000549c0000ae6c0000ae6c 

0x46: mov ecx, 0x48
  rax=0x0000000000000000 rbx=0x000018b0000018b0 rcx=0x00000000000001a4 rdx=0x0000000000000000
  rsi=0x00004df600004d2a rdi=0x000052ea000052ea flags=0b000000000110
  xmm0=0x0000d7760000d7760000f78d0000f78d xmm1=0x0000abb20000abb20000f48d0000f48d 
  xmm2=0x00002c8200002c8200001c3a00001c3a xmm3=0x00001e1300001e1300009e6500009e65 
  xmm4=0x0000a4a80000a4a800001fa100001fa1 xmm5=0x000084c8000084c80000832100008321 
  xmm6=0x0000ae370000ae370000180500001805 xmm7=0x0000549c0000549c0000ae6c0000ae6c 

0x4b: rdmsr 
  rax=0x0000000000000000 rbx=0x000018b0000018b0 rcx=0x0000000000000048 rdx=0x0000000000000000
  rsi=0x00004df600004d2a rdi=0x000052ea000052ea flags=0b000000000110
  xmm0=0x0000d7760000d7760000f78d0000f78d xmm1=0x0000abb20000abb20000f48d0000f48d 
  xmm2=0x00002c8200002c8200001c3a00001c3a xmm3=0x00001e1300001e1300009e6500009e65 
  xmm4=0x0000a4a80000a4a800001fa100001fa1 xmm5=0x000084c8000084c80000832100008321 
  xmm6=0x0000ae370000ae370000180500001805 xmm7=0x0000549c0000549c0000ae6c0000ae6c 

0x4d: and eax, 0xfffffffb
  rax=0x0000000000000000 rbx=0x000018b0000018b0 rcx=0x0000000000000048 rdx=0x0000000000000000
  rsi=0x00004df600004d2a rdi=0x000052ea000052ea flags=0b000000000110
  xmm0=0x0000d7760000d7760000f78d0000f78d xmm1=0x0000abb20000abb20000f48d0000f48d 
  xmm2=0x00002c8200002c8200001c3a00001c3a xmm3=0x00001e1300001e1300009e6500009e65 
  xmm4=0x0000a4a80000a4a800001fa100001fa1 xmm5=0x000084c8000084c80000832100008321 
  xmm6=0x0000ae370000ae370000180500001805 xmm7=0x0000549c0000549c0000ae6c0000ae6c 

0x50: and eax, 0xfffffeff
  rax=0x0000000000000000 rbx=0x000018b0000018b0 rcx=0x0000000000000048 rdx=0x0000000000000000
  rsi=0x00004df600004d2a rdi=0x000052ea000052ea flags=0b000001000110
  xmm0=0x0000d7760000d7760000f78d0000f78d xmm1=0x0000abb20000abb20000f48d0000f48d 
  xmm2=0x00002c8200002c8200001c3a00001c3a xmm3=0x00001e1300001e1300009e6500009e65 
  xmm4=0x0000a4a80000a4a800001fa100001fa1 xmm5=0x000084c8000084c80000832100008321 
  xmm6=0x0000ae370000ae370000180500001805 xmm7=0x0000549c0000549c0000ae6c0000ae6c 

0x55: wrmsr 
  rax=0x0000000000000000 rbx=0x000018b0000018b0 rcx=0x0000000000000048 rdx=0x0000000000000000
  rsi=0x00004df600004d2a rdi=0x000052ea000052ea flags=0b000001000110
  xmm0=0x0000d7760000d7760000f78d0000f78d xmm1=0x0000abb20000abb20000f48d0000f48d 
  xmm2=0x00002c8200002c8200001c3a00001c3a xmm3=0x00001e1300001e1300009e6500009e65 
  xmm4=0x0000a4a80000a4a800001fa100001fa1 xmm5=0x000084c8000084c80000832100008321 
  xmm6=0x0000ae370000ae370000180500001805 xmm7=0x0000549c0000549c0000ae6c0000ae6c 

0x57: mfence 
  rax=0x0000000000000000 rbx=0x000018b0000018b0 rcx=0x0000000000000048 rdx=0x0000000000000000
  rsi=0x00004df600004d2a rdi=0x000052ea000052ea flags=0b000001000110
  xmm0=0x0000d7760000d7760000f78d0000f78d xmm1=0x0000abb20000abb20000f48d0000f48d 
  xmm2=0x00002c8200002c8200001c3a00001c3a xmm3=0x00001e1300001e1300009e6500009e65 
  xmm4=0x0000a4a80000a4a800001fa100001fa1 xmm5=0x000084c8000084c80000832100008321 
  xmm6=0x0000ae370000ae370000180500001805 xmm7=0x0000549c0000549c0000ae6c0000ae6c 

0x5a: lfence 
  rax=0x0000000000000000 rbx=0x000018b0000018b0 rcx=0x0000000000000048 rdx=0x0000000000000000
  rsi=0x00004df600004d2a rdi=0x000052ea000052ea flags=0b000001000110
  xmm0=0x0000d7760000d7760000f78d0000f78d xmm1=0x0000abb20000abb20000f48d0000f48d 
  xmm2=0x00002c8200002c8200001c3a00001c3a xmm3=0x00001e1300001e1300009e6500009e65 
  xmm4=0x0000a4a80000a4a800001fa100001fa1 xmm5=0x000084c8000084c80000832100008321 
  xmm6=0x0000ae370000ae370000180500001805 xmm7=0x0000549c0000549c0000ae6c0000ae6c 

0x5d: pop rdx
  rax=0x0000000000000000 rbx=0x000018b0000018b0 rcx=0x0000000000000048 rdx=0x0000000000000000
  rsi=0x00004df600004d2a rdi=0x000052ea000052ea flags=0b000001000110
  xmm0=0x0000d7760000d7760000f78d0000f78d xmm1=0x0000abb20000abb20000f48d0000f48d 
  xmm2=0x00002c8200002c8200001c3a00001c3a xmm3=0x00001e1300001e1300009e6500009e65 
  xmm4=0x0000a4a80000a4a800001fa100001fa1 xmm5=0x000084c8000084c80000832100008321 
  xmm6=0x0000ae370000ae370000180500001805 xmm7=0x0000549c0000549c0000ae6c0000ae6c 

    > load from +0xfe0 value 0xebf20000ebf2
0x5e: pop rcx
  rax=0x0000000000000000 rbx=0x000018b0000018b0 rcx=0x0000000000000048 rdx=0x0000ebf20000ebf2
  rsi=0x00004df600004d2a rdi=0x000052ea000052ea flags=0b000001000110
  xmm0=0x0000d7760000d7760000f78d0000f78d xmm1=0x0000abb20000abb20000f48d0000f48d 
  xmm2=0x00002c8200002c8200001c3a00001c3a xmm3=0x00001e1300001e1300009e6500009e65 
  xmm4=0x0000a4a80000a4a800001fa100001fa1 xmm5=0x000084c8000084c80000832100008321 
  xmm6=0x0000ae370000ae370000180500001805 xmm7=0x0000549c0000549c0000ae6c0000ae6c 

    > load from +0xfe8 value 0x558400005584
0x5f: pop rax
  rax=0x0000000000000000 rbx=0x000018b0000018b0 rcx=0x0000558400005584 rdx=0x0000ebf20000ebf2
  rsi=0x00004df600004d2a rdi=0x000052ea000052ea flags=0b000001000110
  xmm0=0x0000d7760000d7760000f78d0000f78d xmm1=0x0000abb20000abb20000f48d0000f48d 
  xmm2=0x00002c8200002c8200001c3a00001c3a xmm3=0x00001e1300001e1300009e6500009e65 
  xmm4=0x0000a4a80000a4a800001fa100001fa1 xmm5=0x000084c8000084c80000832100008321 
  xmm6=0x0000ae370000ae370000180500001805 xmm7=0x0000549c0000549c0000ae6c0000ae6c 

    > load from +0xff0 value 0x89c6000089c6
0x60: cmovp dx, ax
  rax=0x000089c6000089c6 rbx=0x000018b0000018b0 rcx=0x0000558400005584 rdx=0x0000ebf20000ebf2
  rsi=0x00004df600004d2a rdi=0x000052ea000052ea flags=0b000001000110
  xmm0=0x0000d7760000d7760000f78d0000f78d xmm1=0x0000abb20000abb20000f48d0000f48d 
  xmm2=0x00002c8200002c8200001c3a00001c3a xmm3=0x00001e1300001e1300009e6500009e65 
  xmm4=0x0000a4a80000a4a800001fa100001fa1 xmm5=0x000084c8000084c80000832100008321 
  xmm6=0x0000ae370000ae370000180500001805 xmm7=0x0000549c0000549c0000ae6c0000ae6c 

0x64: and rdi, 0b1111111111111
  rax=0x000089c6000089c6 rbx=0x000018b0000018b0 rcx=0x0000558400005584 rdx=0x0000ebf2000089c6
  rsi=0x00004df600004d2a rdi=0x000052ea000052ea flags=0b000001000110
  xmm0=0x0000d7760000d7760000f78d0000f78d xmm1=0x0000abb20000abb20000f48d0000f48d 
  xmm2=0x00002c8200002c8200001c3a00001c3a xmm3=0x00001e1300001e1300009e6500009e65 
  xmm4=0x0000a4a80000a4a800001fa100001fa1 xmm5=0x000084c8000084c80000832100008321 
  xmm6=0x0000ae370000ae370000180500001805 xmm7=0x0000549c0000549c0000ae6c0000ae6c 

0x6b: cmovnb bx, [r14 +rdi]
  rax=0x000089c6000089c6 rbx=0x000018b0000018b0 rcx=0x0000558400005584 rdx=0x0000ebf2000089c6
  rsi=0x00004df600004d2a rdi=0x00000000000012ea flags=0b000000000010
  xmm0=0x0000d7760000d7760000f78d0000f78d xmm1=0x0000abb20000abb20000f48d0000f48d 
  xmm2=0x00002c8200002c8200001c3a00001c3a xmm3=0x00001e1300001e1300009e6500009e65 
  xmm4=0x0000a4a80000a4a800001fa100001fa1 xmm5=0x000084c8000084c80000832100008321 
  xmm6=0x0000ae370000ae370000180500001805 xmm7=0x0000549c0000549c0000ae6c0000ae6c 

    > load from +0x12ea value 0x0
0x71: or rbx, 0b1000000000000000000000000000000
  rax=0x000089c6000089c6 rbx=0x000018b000000000 rcx=0x0000558400005584 rdx=0x0000ebf2000089c6
  rsi=0x00004df600004d2a rdi=0x00000000000012ea flags=0b000000000010
  xmm0=0x0000d7760000d7760000f78d0000f78d xmm1=0x0000abb20000abb20000f48d0000f48d 
  xmm2=0x00002c8200002c8200001c3a00001c3a xmm3=0x00001e1300001e1300009e6500009e65 
  xmm4=0x0000a4a80000a4a800001fa100001fa1 xmm5=0x000084c8000084c80000832100008321 
  xmm6=0x0000ae370000ae370000180500001805 xmm7=0x0000549c0000549c0000ae6c0000ae6c 

0x78: bsf rsi, rbx
  rax=0x000089c6000089c6 rbx=0x000018b040000000 rcx=0x0000558400005584 rdx=0x0000ebf2000089c6
  rsi=0x00004df600004d2a rdi=0x00000000000012ea flags=0b000000000110
  xmm0=0x0000d7760000d7760000f78d0000f78d xmm1=0x0000abb20000abb20000f48d0000f48d 
  xmm2=0x00002c8200002c8200001c3a00001c3a xmm3=0x00001e1300001e1300009e6500009e65 
  xmm4=0x0000a4a80000a4a800001fa100001fa1 xmm5=0x000084c8000084c80000832100008321 
  xmm6=0x0000ae370000ae370000180500001805 xmm7=0x0000549c0000549c0000ae6c0000ae6c 

0x7c: and rdi, 0b1111111111111
  rax=0x000089c6000089c6 rbx=0x000018b040000000 rcx=0x0000558400005584 rdx=0x0000ebf2000089c6
  rsi=0x000000000000001e rdi=0x00000000000012ea flags=0b000000000110
  xmm0=0x0000d7760000d7760000f78d0000f78d xmm1=0x0000abb20000abb20000f48d0000f48d 
  xmm2=0x00002c8200002c8200001c3a00001c3a xmm3=0x00001e1300001e1300009e6500009e65 
  xmm4=0x0000a4a80000a4a800001fa100001fa1 xmm5=0x000084c8000084c80000832100008321 
  xmm6=0x0000ae370000ae370000180500001805 xmm7=0x0000549c0000549c0000ae6c0000ae6c 

0x83: or bl, [r14 +rdi]
  rax=0x000089c6000089c6 rbx=0x000018b040000000 rcx=0x0000558400005584 rdx=0x0000ebf2000089c6
  rsi=0x000000000000001e rdi=0x00000000000012ea flags=0b000000000010
  xmm0=0x0000d7760000d7760000f78d0000f78d xmm1=0x0000abb20000abb20000f48d0000f48d 
  xmm2=0x00002c8200002c8200001c3a00001c3a xmm3=0x00001e1300001e1300009e6500009e65 
  xmm4=0x0000a4a80000a4a800001fa100001fa1 xmm5=0x000084c8000084c80000832100008321 
  xmm6=0x0000ae370000ae370000180500001805 xmm7=0x0000549c0000549c0000ae6c0000ae6c 

    > load from +0x12ea value 0x0
0x87: and rcx, 0b1111111111111
  rax=0x000089c6000089c6 rbx=0x000018b040000000 rcx=0x0000558400005584 rdx=0x0000ebf2000089c6
  rsi=0x000000000000001e rdi=0x00000000000012ea flags=0b000001000110
  xmm0=0x0000d7760000d7760000f78d0000f78d xmm1=0x0000abb20000abb20000f48d0000f48d 
  xmm2=0x00002c8200002c8200001c3a00001c3a xmm3=0x00001e1300001e1300009e6500009e65 
  xmm4=0x0000a4a80000a4a800001fa100001fa1 xmm5=0x000084c8000084c80000832100008321 
  xmm6=0x0000ae370000ae370000180500001805 xmm7=0x0000549c0000549c0000ae6c0000ae6c 

0x8e: adc dl, [r14 +rcx]
  rax=0x000089c6000089c6 rbx=0x000018b040000000 rcx=0x0000000000001584 rdx=0x0000ebf2000089c6
  rsi=0x000000000000001e rdi=0x00000000000012ea flags=0b000000000110
  xmm0=0x0000d7760000d7760000f78d0000f78d xmm1=0x0000abb20000abb20000f48d0000f48d 
  xmm2=0x00002c8200002c8200001c3a00001c3a xmm3=0x00001e1300001e1300009e6500009e65 
  xmm4=0x0000a4a80000a4a800001fa100001fa1 xmm5=0x000084c8000084c80000832100008321 
  xmm6=0x0000ae370000ae370000180500001805 xmm7=0x0000549c0000549c0000ae6c0000ae6c 

    > load from +0x1584 value 0xf2
0x92: and rdx, 0b1111111111111
  rax=0x000089c6000089c6 rbx=0x000018b040000000 rcx=0x0000000000001584 rdx=0x0000ebf2000089b8
  rsi=0x000000000000001e rdi=0x00000000000012ea flags=0b000010000111
  xmm0=0x0000d7760000d7760000f78d0000f78d xmm1=0x0000abb20000abb20000f48d0000f48d 
  xmm2=0x00002c8200002c8200001c3a00001c3a xmm3=0x00001e1300001e1300009e6500009e65 
  xmm4=0x0000a4a80000a4a800001fa100001fa1 xmm5=0x000084c8000084c80000832100008321 
  xmm6=0x0000ae370000ae370000180500001805 xmm7=0x0000549c0000549c0000ae6c0000ae6c 

0x99: or bl, [r14 +rdx]
  rax=0x000089c6000089c6 rbx=0x000018b040000000 rcx=0x0000000000001584 rdx=0x00000000000009b8
  rsi=0x000000000000001e rdi=0x00000000000012ea flags=0b000000000110
  xmm0=0x0000d7760000d7760000f78d0000f78d xmm1=0x0000abb20000abb20000f48d0000f48d 
  xmm2=0x00002c8200002c8200001c3a00001c3a xmm3=0x00001e1300001e1300009e6500009e65 
  xmm4=0x0000a4a80000a4a800001fa100001fa1 xmm5=0x000084c8000084c80000832100008321 
  xmm6=0x0000ae370000ae370000180500001805 xmm7=0x0000549c0000549c0000ae6c0000ae6c 

    > load from +0x9b8 value 0x5e
0x9d: and rdi, 0b1111111111111
  rax=0x000089c6000089c6 rbx=0x000018b04000005e rcx=0x0000000000001584 rdx=0x00000000000009b8
  rsi=0x000000000000001e rdi=0x00000000000012ea flags=0b000000000010
  xmm0=0x0000d7760000d7760000f78d0000f78d xmm1=0x0000abb20000abb20000f48d0000f48d 
  xmm2=0x00002c8200002c8200001c3a00001c3a xmm3=0x00001e1300001e1300009e6500009e65 
  xmm4=0x0000a4a80000a4a800001fa100001fa1 xmm5=0x000084c8000084c80000832100008321 
  xmm6=0x0000ae370000ae370000180500001805 xmm7=0x0000549c0000549c0000ae6c0000ae6c 

0xa4: test [r14 +rdi], rsi
  rax=0x000089c6000089c6 rbx=0x000018b04000005e rcx=0x0000000000001584 rdx=0x00000000000009b8
  rsi=0x000000000000001e rdi=0x00000000000012ea flags=0b000000000010
  xmm0=0x0000d7760000d7760000f78d0000f78d xmm1=0x0000abb20000abb20000f48d0000f48d 
  xmm2=0x00002c8200002c8200001c3a00001c3a xmm3=0x00001e1300001e1300009e6500009e65 
  xmm4=0x0000a4a80000a4a800001fa100001fa1 xmm5=0x000084c8000084c80000832100008321 
  xmm6=0x0000ae370000ae370000180500001805 xmm7=0x0000549c0000549c0000ae6c0000ae6c 

    > load from +0x12ea value 0xf9c700000bc60000
0xa8: and rdi, 0b1111111111111
  rax=0x000089c6000089c6 rbx=0x000018b04000005e rcx=0x0000000000001584 rdx=0x00000000000009b8
  rsi=0x000000000000001e rdi=0x00000000000012ea flags=0b000001000110
  xmm0=0x0000d7760000d7760000f78d0000f78d xmm1=0x0000abb20000abb20000f48d0000f48d 
  xmm2=0x00002c8200002c8200001c3a00001c3a xmm3=0x00001e1300001e1300009e6500009e65 
  xmm4=0x0000a4a80000a4a800001fa100001fa1 xmm5=0x000084c8000084c80000832100008321 
  xmm6=0x0000ae370000ae370000180500001805 xmm7=0x0000549c0000549c0000ae6c0000ae6c 

0xaf: cmovp edi, [r14 +rdi]
  rax=0x000089c6000089c6 rbx=0x000018b04000005e rcx=0x0000000000001584 rdx=0x00000000000009b8
  rsi=0x000000000000001e rdi=0x00000000000012ea flags=0b000000000010
  xmm0=0x0000d7760000d7760000f78d0000f78d xmm1=0x0000abb20000abb20000f48d0000f48d 
  xmm2=0x00002c8200002c8200001c3a00001c3a xmm3=0x00001e1300001e1300009e6500009e65 
  xmm4=0x0000a4a80000a4a800001fa100001fa1 xmm5=0x000084c8000084c80000832100008321 
  xmm6=0x0000ae370000ae370000180500001805 xmm7=0x0000549c0000549c0000ae6c0000ae6c 

    > load from +0x12ea value 0xbc60000
0xb4: adc ecx, edx
  rax=0x000089c6000089c6 rbx=0x000018b04000005e rcx=0x0000000000001584 rdx=0x00000000000009b8
  rsi=0x000000000000001e rdi=0x00000000000012ea flags=0b000000000010
  xmm0=0x0000d7760000d7760000f78d0000f78d xmm1=0x0000abb20000abb20000f48d0000f48d 
  xmm2=0x00002c8200002c8200001c3a00001c3a xmm3=0x00001e1300001e1300009e6500009e65 
  xmm4=0x0000a4a80000a4a800001fa100001fa1 xmm5=0x000084c8000084c80000832100008321 
  xmm6=0x0000ae370000ae370000180500001805 xmm7=0x0000549c0000549c0000ae6c0000ae6c 

0xb6: or dl, dl
  rax=0x000089c6000089c6 rbx=0x000018b04000005e rcx=0x0000000000001f3c rdx=0x00000000000009b8
  rsi=0x000000000000001e rdi=0x00000000000012ea flags=0b000000000110
  xmm0=0x0000d7760000d7760000f78d0000f78d xmm1=0x0000abb20000abb20000f48d0000f48d 
  xmm2=0x00002c8200002c8200001c3a00001c3a xmm3=0x00001e1300001e1300009e6500009e65 
  xmm4=0x0000a4a80000a4a800001fa100001fa1 xmm5=0x000084c8000084c80000832100008321 
  xmm6=0x0000ae370000ae370000180500001805 xmm7=0x0000549c0000549c0000ae6c0000ae6c 

0xb8: and rdx, 0b1111111111111
  rax=0x000089c6000089c6 rbx=0x000018b04000005e rcx=0x0000000000001f3c rdx=0x00000000000009b8
  rsi=0x000000000000001e rdi=0x00000000000012ea flags=0b000010000110
  xmm0=0x0000d7760000d7760000f78d0000f78d xmm1=0x0000abb20000abb20000f48d0000f48d 
  xmm2=0x00002c8200002c8200001c3a00001c3a xmm3=0x00001e1300001e1300009e6500009e65 
  xmm4=0x0000a4a80000a4a800001fa100001fa1 xmm5=0x000084c8000084c80000832100008321 
  xmm6=0x0000ae370000ae370000180500001805 xmm7=0x0000549c0000549c0000ae6c0000ae6c 

0xbf: or [r14 +rdx], 1
  rax=0x000089c6000089c6 rbx=0x000018b04000005e rcx=0x0000000000001f3c rdx=0x00000000000009b8
  rsi=0x000000000000001e rdi=0x00000000000012ea flags=0b000000000110
  xmm0=0x0000d7760000d7760000f78d0000f78d xmm1=0x0000abb20000abb20000f48d0000f48d 
  xmm2=0x00002c8200002c8200001c3a00001c3a xmm3=0x00001e1300001e1300009e6500009e65 
  xmm4=0x0000a4a80000a4a800001fa100001fa1 xmm5=0x000084c8000084c80000832100008321 
  xmm6=0x0000ae370000ae370000180500001805 xmm7=0x0000549c0000549c0000ae6c0000ae6c 

    > load from +0x9b8 value 0x3f5e
    > store to +0x9b8 value 0x3f5f
0xc5: sahf 
  rax=0x000089c6000089c6 rbx=0x000018b04000005e rcx=0x0000000000001f3c rdx=0x00000000000009b8
  rsi=0x000000000000001e rdi=0x00000000000012ea flags=0b000000000110
  xmm0=0x0000d7760000d7760000f78d0000f78d xmm1=0x0000abb20000abb20000f48d0000f48d 
  xmm2=0x00002c8200002c8200001c3a00001c3a xmm3=0x00001e1300001e1300009e6500009e65 
  xmm4=0x0000a4a80000a4a800001fa100001fa1 xmm5=0x000084c8000084c80000832100008321 
  xmm6=0x0000ae370000ae370000180500001805 xmm7=0x0000549c0000549c0000ae6c0000ae6c 

0xc6: and rdx, 0b1111111111111
  rax=0x000089c6000089c6 rbx=0x000018b04000005e rcx=0x0000000000001f3c rdx=0x00000000000009b8
  rsi=0x000000000000001e rdi=0x00000000000012ea flags=0b000010000011
  xmm0=0x0000d7760000d7760000f78d0000f78d xmm1=0x0000abb20000abb20000f48d0000f48d 
  xmm2=0x00002c8200002c8200001c3a00001c3a xmm3=0x00001e1300001e1300009e6500009e65 
  xmm4=0x0000a4a80000a4a800001fa100001fa1 xmm5=0x000084c8000084c80000832100008321 
  xmm6=0x0000ae370000ae370000180500001805 xmm7=0x0000549c0000549c0000ae6c0000ae6c 

0xcd: sub ax, [r14 +rdx]
  rax=0x000089c6000089c6 rbx=0x000018b04000005e rcx=0x0000000000001f3c rdx=0x00000000000009b8
  rsi=0x000000000000001e rdi=0x00000000000012ea flags=0b000000000110
  xmm0=0x0000d7760000d7760000f78d0000f78d xmm1=0x0000abb20000abb20000f48d0000f48d 
  xmm2=0x00002c8200002c8200001c3a00001c3a xmm3=0x00001e1300001e1300009e6500009e65 
  xmm4=0x0000a4a80000a4a800001fa100001fa1 xmm5=0x000084c8000084c80000832100008321 
  xmm6=0x0000ae370000ae370000180500001805 xmm7=0x0000549c0000549c0000ae6c0000ae6c 

    > load from +0x9b8 value 0x3f5f
0xd2: sbb al, -98
  rax=0x000089c600004a67 rbx=0x000018b04000005e rcx=0x0000000000001f3c rdx=0x00000000000009b8
  rsi=0x000000000000001e rdi=0x00000000000012ea flags=0b100000010010
  xmm0=0x0000d7760000d7760000f78d0000f78d xmm1=0x0000abb20000abb20000f48d0000f48d 
  xmm2=0x00002c8200002c8200001c3a00001c3a xmm3=0x00001e1300001e1300009e6500009e65 
  xmm4=0x0000a4a80000a4a800001fa100001fa1 xmm5=0x000084c8000084c80000832100008321 
  xmm6=0x0000ae370000ae370000180500001805 xmm7=0x0000549c0000549c0000ae6c0000ae6c 

0xd4: and rdx, 0b1111111111111
  rax=0x000089c600004ac9 rbx=0x000018b04000005e rcx=0x0000000000001f3c rdx=0x00000000000009b8
  rsi=0x000000000000001e rdi=0x00000000000012ea flags=0b100010010111
  xmm0=0x0000d7760000d7760000f78d0000f78d xmm1=0x0000abb20000abb20000f48d0000f48d 
  xmm2=0x00002c8200002c8200001c3a00001c3a xmm3=0x00001e1300001e1300009e6500009e65 
  xmm4=0x0000a4a80000a4a800001fa100001fa1 xmm5=0x000084c8000084c80000832100008321 
  xmm6=0x0000ae370000ae370000180500001805 xmm7=0x0000549c0000549c0000ae6c0000ae6c 

0xdb: movsx si, [r14 +rdx]
  rax=0x000089c600004ac9 rbx=0x000018b04000005e rcx=0x0000000000001f3c rdx=0x00000000000009b8
  rsi=0x000000000000001e rdi=0x00000000000012ea flags=0b000000000110
  xmm0=0x0000d7760000d7760000f78d0000f78d xmm1=0x0000abb20000abb20000f48d0000f48d 
  xmm2=0x00002c8200002c8200001c3a00001c3a xmm3=0x00001e1300001e1300009e6500009e65 
  xmm4=0x0000a4a80000a4a800001fa100001fa1 xmm5=0x000084c8000084c80000832100008321 
  xmm6=0x0000ae370000ae370000180500001805 xmm7=0x0000549c0000549c0000ae6c0000ae6c 

    > load from +0x9b8 value 0x5f
0xe1: and rax, rax
  rax=0x000089c600004ac9 rbx=0x000018b04000005e rcx=0x0000000000001f3c rdx=0x00000000000009b8
  rsi=0x000000000000005f rdi=0x00000000000012ea flags=0b000000000110
  xmm0=0x0000d7760000d7760000f78d0000f78d xmm1=0x0000abb20000abb20000f48d0000f48d 
  xmm2=0x00002c8200002c8200001c3a00001c3a xmm3=0x00001e1300001e1300009e6500009e65 
  xmm4=0x0000a4a80000a4a800001fa100001fa1 xmm5=0x000084c8000084c80000832100008321 
  xmm6=0x0000ae370000ae370000180500001805 xmm7=0x0000549c0000549c0000ae6c0000ae6c 

0xe4: and rsi, 0b1111111111111
  rax=0x000089c600004ac9 rbx=0x000018b04000005e rcx=0x0000000000001f3c rdx=0x00000000000009b8
  rsi=0x000000000000005f rdi=0x00000000000012ea flags=0b000000000110
  xmm0=0x0000d7760000d7760000f78d0000f78d xmm1=0x0000abb20000abb20000f48d0000f48d 
  xmm2=0x00002c8200002c8200001c3a00001c3a xmm3=0x00001e1300001e1300009e6500009e65 
  xmm4=0x0000a4a80000a4a800001fa100001fa1 xmm5=0x000084c8000084c80000832100008321 
  xmm6=0x0000ae370000ae370000180500001805 xmm7=0x0000549c0000549c0000ae6c0000ae6c 

0xeb: cmovle edi, [r14 +rsi]
  rax=0x000089c600004ac9 rbx=0x000018b04000005e rcx=0x0000000000001f3c rdx=0x00000000000009b8
  rsi=0x000000000000005f rdi=0x00000000000012ea flags=0b000000000110
  xmm0=0x0000d7760000d7760000f78d0000f78d xmm1=0x0000abb20000abb20000f48d0000f48d 
  xmm2=0x00002c8200002c8200001c3a00001c3a xmm3=0x00001e1300001e1300009e6500009e65 
  xmm4=0x0000a4a80000a4a800001fa100001fa1 xmm5=0x000084c8000084c80000832100008321 
  xmm6=0x0000ae370000ae370000180500001805 xmm7=0x0000549c0000549c0000ae6c0000ae6c 

    > load from +0x5f value 0x5a1400
0xf0: xadd cx, cx
  rax=0x000089c600004ac9 rbx=0x000018b04000005e rcx=0x0000000000001f3c rdx=0x00000000000009b8
  rsi=0x000000000000005f rdi=0x00000000000012ea flags=0b000000000110
  xmm0=0x0000d7760000d7760000f78d0000f78d xmm1=0x0000abb20000abb20000f48d0000f48d 
  xmm2=0x00002c8200002c8200001c3a00001c3a xmm3=0x00001e1300001e1300009e6500009e65 
  xmm4=0x0000a4a80000a4a800001fa100001fa1 xmm5=0x000084c8000084c80000832100008321 
  xmm6=0x0000ae370000ae370000180500001805 xmm7=0x0000549c0000549c0000ae6c0000ae6c 

0xf4: and rcx, 0b1111111111111
  rax=0x000089c600004ac9 rbx=0x000018b04000005e rcx=0x0000000000003e78 rdx=0x00000000000009b8
  rsi=0x000000000000005f rdi=0x00000000000012ea flags=0b000000010110
  xmm0=0x0000d7760000d7760000f78d0000f78d xmm1=0x0000abb20000abb20000f48d0000f48d 
  xmm2=0x00002c8200002c8200001c3a00001c3a xmm3=0x00001e1300001e1300009e6500009e65 
  xmm4=0x0000a4a80000a4a800001fa100001fa1 xmm5=0x000084c8000084c80000832100008321 
  xmm6=0x0000ae370000ae370000180500001805 xmm7=0x0000549c0000549c0000ae6c0000ae6c 

0xfb: movsxd rdi, [r14 +rcx]
  rax=0x000089c600004ac9 rbx=0x000018b04000005e rcx=0x0000000000001e78 rdx=0x00000000000009b8
  rsi=0x000000000000005f rdi=0x00000000000012ea flags=0b000000000110
  xmm0=0x0000d7760000d7760000f78d0000f78d xmm1=0x0000abb20000abb20000f48d0000f48d 
  xmm2=0x00002c8200002c8200001c3a00001c3a xmm3=0x00001e1300001e1300009e6500009e65 
  xmm4=0x0000a4a80000a4a800001fa100001fa1 xmm5=0x000084c8000084c80000832100008321 
  xmm6=0x0000ae370000ae370000180500001805 xmm7=0x0000549c0000549c0000ae6c0000ae6c 

    > load from +0x1e78 value 0xa2fe
0xff: setnp dil
  rax=0x000089c600004ac9 rbx=0x000018b04000005e rcx=0x0000000000001e78 rdx=0x00000000000009b8
  rsi=0x000000000000005f rdi=0x000000000000a2fe flags=0b000000000110
  xmm0=0x0000d7760000d7760000f78d0000f78d xmm1=0x0000abb20000abb20000f48d0000f48d 
  xmm2=0x00002c8200002c8200001c3a00001c3a xmm3=0x00001e1300001e1300009e6500009e65 
  xmm4=0x0000a4a80000a4a800001fa100001fa1 xmm5=0x000084c8000084c80000832100008321 
  xmm6=0x0000ae370000ae370000180500001805 xmm7=0x0000549c0000549c0000ae6c0000ae6c 

0x103: bt esi, edx
  rax=0x000089c600004ac9 rbx=0x000018b04000005e rcx=0x0000000000001e78 rdx=0x00000000000009b8
  rsi=0x000000000000005f rdi=0x000000000000a200 flags=0b000000000110
  xmm0=0x0000d7760000d7760000f78d0000f78d xmm1=0x0000abb20000abb20000f48d0000f48d 
  xmm2=0x00002c8200002c8200001c3a00001c3a xmm3=0x00001e1300001e1300009e6500009e65 
  xmm4=0x0000a4a80000a4a800001fa100001fa1 xmm5=0x000084c8000084c80000832100008321 
  xmm6=0x0000ae370000ae370000180500001805 xmm7=0x0000549c0000549c0000ae6c0000ae6c 

0x106: cmp rdi, rbx
  rax=0x000089c600004ac9 rbx=0x000018b04000005e rcx=0x0000000000001e78 rdx=0x00000000000009b8
  rsi=0x000000000000005f rdi=0x000000000000a200 flags=0b000000000110
  xmm0=0x0000d7760000d7760000f78d0000f78d xmm1=0x0000abb20000abb20000f48d0000f48d 
  xmm2=0x00002c8200002c8200001c3a00001c3a xmm3=0x00001e1300001e1300009e6500009e65 
  xmm4=0x0000a4a80000a4a800001fa100001fa1 xmm5=0x000084c8000084c80000832100008321 
  xmm6=0x0000ae370000ae370000180500001805 xmm7=0x0000549c0000549c0000ae6c0000ae6c 

0x109: bts rdx, rbx
  rax=0x000089c600004ac9 rbx=0x000018b04000005e rcx=0x0000000000001e78 rdx=0x00000000000009b8
  rsi=0x000000000000005f rdi=0x000000000000a200 flags=0b000010010011
  xmm0=0x0000d7760000d7760000f78d0000f78d xmm1=0x0000abb20000abb20000f48d0000f48d 
  xmm2=0x00002c8200002c8200001c3a00001c3a xmm3=0x00001e1300001e1300009e6500009e65 
  xmm4=0x0000a4a80000a4a800001fa100001fa1 xmm5=0x000084c8000084c80000832100008321 
  xmm6=0x0000ae370000ae370000180500001805 xmm7=0x0000549c0000549c0000ae6c0000ae6c 

0x10d: setb bl
  rax=0x000089c600004ac9 rbx=0x000018b04000005e rcx=0x0000000000001e78 rdx=0x00000000400009b8
  rsi=0x000000000000005f rdi=0x000000000000a200 flags=0b100010000010
  xmm0=0x0000d7760000d7760000f78d0000f78d xmm1=0x0000abb20000abb20000f48d0000f48d 
  xmm2=0x00002c8200002c8200001c3a00001c3a xmm3=0x00001e1300001e1300009e6500009e65 
  xmm4=0x0000a4a80000a4a800001fa100001fa1 xmm5=0x000084c8000084c80000832100008321 
  xmm6=0x0000ae370000ae370000180500001805 xmm7=0x0000549c0000549c0000ae6c0000ae6c 

0x110: and rdi, 0b1111111111111
  rax=0x000089c600004ac9 rbx=0x000018b040000000 rcx=0x0000000000001e78 rdx=0x00000000400009b8
  rsi=0x000000000000005f rdi=0x000000000000a200 flags=0b100010000010
  xmm0=0x0000d7760000d7760000f78d0000f78d xmm1=0x0000abb20000abb20000f48d0000f48d 
  xmm2=0x00002c8200002c8200001c3a00001c3a xmm3=0x00001e1300001e1300009e6500009e65 
  xmm4=0x0000a4a80000a4a800001fa100001fa1 xmm5=0x000084c8000084c80000832100008321 
  xmm6=0x0000ae370000ae370000180500001805 xmm7=0x0000549c0000549c0000ae6c0000ae6c 

0x117: adc ecx, [r14 +rdi]
  rax=0x000089c600004ac9 rbx=0x000018b040000000 rcx=0x0000000000001e78 rdx=0x00000000400009b8
  rsi=0x000000000000005f rdi=0x0000000000000200 flags=0b000000000110
  xmm0=0x0000d7760000d7760000f78d0000f78d xmm1=0x0000abb20000abb20000f48d0000f48d 
  xmm2=0x00002c8200002c8200001c3a00001c3a xmm3=0x00001e1300001e1300009e6500009e65 
  xmm4=0x0000a4a80000a4a800001fa100001fa1 xmm5=0x000084c8000084c80000832100008321 
  xmm6=0x0000ae370000ae370000180500001805 xmm7=0x0000549c0000549c0000ae6c0000ae6c 

    > load from +0x200 value 0x40d4
0x11b: test rdx, 2037981753
  rax=0x000089c600004ac9 rbx=0x000018b040000000 rcx=0x0000000000005f4c rdx=0x00000000400009b8
  rsi=0x000000000000005f rdi=0x0000000000000200 flags=0b000000000010
  xmm0=0x0000d7760000d7760000f78d0000f78d xmm1=0x0000abb20000abb20000f48d0000f48d 
  xmm2=0x00002c8200002c8200001c3a00001c3a xmm3=0x00001e1300001e1300009e6500009e65 
  xmm4=0x0000a4a80000a4a800001fa100001fa1 xmm5=0x000084c8000084c80000832100008321 
  xmm6=0x0000ae370000ae370000180500001805 xmm7=0x0000549c0000549c0000ae6c0000ae6c 

0x122: or sil, 42
  rax=0x000089c600004ac9 rbx=0x000018b040000000 rcx=0x0000000000005f4c rdx=0x00000000400009b8
  rsi=0x000000000000005f rdi=0x0000000000000200 flags=0b000000000010
  xmm0=0x0000d7760000d7760000f78d0000f78d xmm1=0x0000abb20000abb20000f48d0000f48d 
  xmm2=0x00002c8200002c8200001c3a00001c3a xmm3=0x00001e1300001e1300009e6500009e65 
  xmm4=0x0000a4a80000a4a800001fa100001fa1 xmm5=0x000084c8000084c80000832100008321 
  xmm6=0x0000ae370000ae370000180500001805 xmm7=0x0000549c0000549c0000ae6c0000ae6c 

0x126: setle sil
  rax=0x000089c600004ac9 rbx=0x000018b040000000 rcx=0x0000000000005f4c rdx=0x00000000400009b8
  rsi=0x000000000000007f rdi=0x0000000000000200 flags=0b000000000010
  xmm0=0x0000d7760000d7760000f78d0000f78d xmm1=0x0000abb20000abb20000f48d0000f48d 
  xmm2=0x00002c8200002c8200001c3a00001c3a xmm3=0x00001e1300001e1300009e6500009e65 
  xmm4=0x0000a4a80000a4a800001fa100001fa1 xmm5=0x000084c8000084c80000832100008321 
  xmm6=0x0000ae370000ae370000180500001805 xmm7=0x0000549c0000549c0000ae6c0000ae6c 

0x12a: and rax, -88856102
  rax=0x000089c600004ac9 rbx=0x000018b040000000 rcx=0x0000000000005f4c rdx=0x00000000400009b8
  rsi=0x0000000000000000 rdi=0x0000000000000200 flags=0b000000000010
  xmm0=0x0000d7760000d7760000f78d0000f78d xmm1=0x0000abb20000abb20000f48d0000f48d 
  xmm2=0x00002c8200002c8200001c3a00001c3a xmm3=0x00001e1300001e1300009e6500009e65 
  xmm4=0x0000a4a80000a4a800001fa100001fa1 xmm5=0x000084c8000084c80000832100008321 
  xmm6=0x0000ae370000ae370000180500001805 xmm7=0x0000549c0000549c0000ae6c0000ae6c 

0x130: cmpxchg rcx, rbx
  rax=0x000089c6000008c8 rbx=0x000018b040000000 rcx=0x0000000000005f4c rdx=0x00000000400009b8
  rsi=0x0000000000000000 rdi=0x0000000000000200 flags=0b000000000010
  xmm0=0x0000d7760000d7760000f78d0000f78d xmm1=0x0000abb20000abb20000f48d0000f48d 
  xmm2=0x00002c8200002c8200001c3a00001c3a xmm3=0x00001e1300001e1300009e6500009e65 
  xmm4=0x0000a4a80000a4a800001fa100001fa1 xmm5=0x000084c8000084c80000832100008321 
  xmm6=0x0000ae370000ae370000180500001805 xmm7=0x0000549c0000549c0000ae6c0000ae6c 

0x134: and rcx, 0b1111111111111
  rax=0x0000000000005f4c rbx=0x000018b040000000 rcx=0x0000000000005f4c rdx=0x00000000400009b8
  rsi=0x0000000000000000 rdi=0x0000000000000200 flags=0b000000010010
  xmm0=0x0000d7760000d7760000f78d0000f78d xmm1=0x0000abb20000abb20000f48d0000f48d 
  xmm2=0x00002c8200002c8200001c3a00001c3a xmm3=0x00001e1300001e1300009e6500009e65 
  xmm4=0x0000a4a80000a4a800001fa100001fa1 xmm5=0x000084c8000084c80000832100008321 
  xmm6=0x0000ae370000ae370000180500001805 xmm7=0x0000549c0000549c0000ae6c0000ae6c 

0x13b: cmovz ax, [r14 +rcx]
  rax=0x0000000000005f4c rbx=0x000018b040000000 rcx=0x0000000000001f4c rdx=0x00000000400009b8
  rsi=0x0000000000000000 rdi=0x0000000000000200 flags=0b000000000010
  xmm0=0x0000d7760000d7760000f78d0000f78d xmm1=0x0000abb20000abb20000f48d0000f48d 
  xmm2=0x00002c8200002c8200001c3a00001c3a xmm3=0x00001e1300001e1300009e6500009e65 
  xmm4=0x0000a4a80000a4a800001fa100001fa1 xmm5=0x000084c8000084c80000832100008321 
  xmm6=0x0000ae370000ae370000180500001805 xmm7=0x0000549c0000549c0000ae6c0000ae6c 

    > load from +0x1f4c value 0xc3cb
0x141: and rbx, 0b1111111111111
  rax=0x0000000000005f4c rbx=0x000018b040000000 rcx=0x0000000000001f4c rdx=0x00000000400009b8
  rsi=0x0000000000000000 rdi=0x0000000000000200 flags=0b000000000010
  xmm0=0x0000d7760000d7760000f78d0000f78d xmm1=0x0000abb20000abb20000f48d0000f48d 
  xmm2=0x00002c8200002c8200001c3a00001c3a xmm3=0x00001e1300001e1300009e6500009e65 
  xmm4=0x0000a4a80000a4a800001fa100001fa1 xmm5=0x000084c8000084c80000832100008321 
  xmm6=0x0000ae370000ae370000180500001805 xmm7=0x0000549c0000549c0000ae6c0000ae6c 

0x148: xor rcx, [r14 +rbx]
  rax=0x0000000000005f4c rbx=0x0000000000000000 rcx=0x0000000000001f4c rdx=0x00000000400009b8
  rsi=0x0000000000000000 rdi=0x0000000000000200 flags=0b000001000110
  xmm0=0x0000d7760000d7760000f78d0000f78d xmm1=0x0000abb20000abb20000f48d0000f48d 
  xmm2=0x00002c8200002c8200001c3a00001c3a xmm3=0x00001e1300001e1300009e6500009e65 
  xmm4=0x0000a4a80000a4a800001fa100001fa1 xmm5=0x000084c8000084c80000832100008321 
  xmm6=0x0000ae370000ae370000180500001805 xmm7=0x0000549c0000549c0000ae6c0000ae6c 

    > load from +0x0 value 0x5ba900005ba9
0x14c: or di, 0b1000000000000000
  rax=0x0000000000005f4c rbx=0x0000000000000000 rcx=0x00005ba9000044e5 rdx=0x00000000400009b8
  rsi=0x0000000000000000 rdi=0x0000000000000200 flags=0b000000000010
  xmm0=0x0000d7760000d7760000f78d0000f78d xmm1=0x0000abb20000abb20000f48d0000f48d 
  xmm2=0x00002c8200002c8200001c3a00001c3a xmm3=0x00001e1300001e1300009e6500009e65 
  xmm4=0x0000a4a80000a4a800001fa100001fa1 xmm5=0x000084c8000084c80000832100008321 
  xmm6=0x0000ae370000ae370000180500001805 xmm7=0x0000549c0000549c0000ae6c0000ae6c 

0x151: bsf dx, di
  rax=0x0000000000005f4c rbx=0x0000000000000000 rcx=0x00005ba9000044e5 rdx=0x00000000400009b8
  rsi=0x0000000000000000 rdi=0x0000000000008200 flags=0b000010000110
  xmm0=0x0000d7760000d7760000f78d0000f78d xmm1=0x0000abb20000abb20000f48d0000f48d 
  xmm2=0x00002c8200002c8200001c3a00001c3a xmm3=0x00001e1300001e1300009e6500009e65 
  xmm4=0x0000a4a80000a4a800001fa100001fa1 xmm5=0x000084c8000084c80000832100008321 
  xmm6=0x0000ae370000ae370000180500001805 xmm7=0x0000549c0000549c0000ae6c0000ae6c 

0x155: add sil, 5
  rax=0x0000000000005f4c rbx=0x0000000000000000 rcx=0x00005ba9000044e5 rdx=0x0000000040000009
  rsi=0x0000000000000000 rdi=0x0000000000008200 flags=0b000010000110
  xmm0=0x0000d7760000d7760000f78d0000f78d xmm1=0x0000abb20000abb20000f48d0000f48d 
  xmm2=0x00002c8200002c8200001c3a00001c3a xmm3=0x00001e1300001e1300009e6500009e65 
  xmm4=0x0000a4a80000a4a800001fa100001fa1 xmm5=0x000084c8000084c80000832100008321 
  xmm6=0x0000ae370000ae370000180500001805 xmm7=0x0000549c0000549c0000ae6c0000ae6c 

0x159: and rcx, 0b1111111111111
  rax=0x0000000000005f4c rbx=0x0000000000000000 rcx=0x00005ba9000044e5 rdx=0x0000000040000009
  rsi=0x0000000000000005 rdi=0x0000000000008200 flags=0b000000000110
  xmm0=0x0000d7760000d7760000f78d0000f78d xmm1=0x0000abb20000abb20000f48d0000f48d 
  xmm2=0x00002c8200002c8200001c3a00001c3a xmm3=0x00001e1300001e1300009e6500009e65 
  xmm4=0x0000a4a80000a4a800001fa100001fa1 xmm5=0x000084c8000084c80000832100008321 
  xmm6=0x0000ae370000ae370000180500001805 xmm7=0x0000549c0000549c0000ae6c0000ae6c 

0x160: cmovnp edx, [r14 +rcx]
  rax=0x0000000000005f4c rbx=0x0000000000000000 rcx=0x00000000000004e5 rdx=0x0000000040000009
  rsi=0x0000000000000005 rdi=0x0000000000008200 flags=0b000000000010
  xmm0=0x0000d7760000d7760000f78d0000f78d xmm1=0x0000abb20000abb20000f48d0000f48d 
  xmm2=0x00002c8200002c8200001c3a00001c3a xmm3=0x00001e1300001e1300009e6500009e65 
  xmm4=0x0000a4a80000a4a800001fa100001fa1 xmm5=0x000084c8000084c80000832100008321 
  xmm6=0x0000ae370000ae370000180500001805 xmm7=0x0000549c0000549c0000ae6c0000ae6c 

    > load from +0x4e5 value 0x7d00004d
0x165: cmovo rbx, rbx
  rax=0x0000000000005f4c rbx=0x0000000000000000 rcx=0x00000000000004e5 rdx=0x000000007d00004d
  rsi=0x0000000000000005 rdi=0x0000000000008200 flags=0b000000000010
  xmm0=0x0000d7760000d7760000f78d0000f78d xmm1=0x0000abb20000abb20000f48d0000f48d 
  xmm2=0x00002c8200002c8200001c3a00001c3a xmm3=0x00001e1300001e1300009e6500009e65 
  xmm4=0x0000a4a80000a4a800001fa100001fa1 xmm5=0x000084c8000084c80000832100008321 
  xmm6=0x0000ae370000ae370000180500001805 xmm7=0x0000549c0000549c0000ae6c0000ae6c 

0x169: and rdx, 0b1111111111111
  rax=0x0000000000005f4c rbx=0x0000000000000000 rcx=0x00000000000004e5 rdx=0x000000007d00004d
  rsi=0x0000000000000005 rdi=0x0000000000008200 flags=0b000000000010
  xmm0=0x0000d7760000d7760000f78d0000f78d xmm1=0x0000abb20000abb20000f48d0000f48d 
  xmm2=0x00002c8200002c8200001c3a00001c3a xmm3=0x00001e1300001e1300009e6500009e65 
  xmm4=0x0000a4a80000a4a800001fa100001fa1 xmm5=0x000084c8000084c80000832100008321 
  xmm6=0x0000ae370000ae370000180500001805 xmm7=0x0000549c0000549c0000ae6c0000ae6c 

0x170: mov dl, [r14 +rdx]
  rax=0x0000000000005f4c rbx=0x0000000000000000 rcx=0x00000000000004e5 rdx=0x000000000000004d
  rsi=0x0000000000000005 rdi=0x0000000000008200 flags=0b000000000110
  xmm0=0x0000d7760000d7760000f78d0000f78d xmm1=0x0000abb20000abb20000f48d0000f48d 
  xmm2=0x00002c8200002c8200001c3a00001c3a xmm3=0x00001e1300001e1300009e6500009e65 
  xmm4=0x0000a4a80000a4a800001fa100001fa1 xmm5=0x000084c8000084c80000832100008321 
  xmm6=0x0000ae370000ae370000180500001805 xmm7=0x0000549c0000549c0000ae6c0000ae6c 

    > load from +0x4d value 0x94
0x174: cmpxchg ax, di
  rax=0x0000000000005f4c rbx=0x0000000000000000 rcx=0x00000000000004e5 rdx=0x0000000000000094
  rsi=0x0000000000000005 rdi=0x0000000000008200 flags=0b000000000110
  xmm0=0x0000d7760000d7760000f78d0000f78d xmm1=0x0000abb20000abb20000f48d0000f48d 
  xmm2=0x00002c8200002c8200001c3a00001c3a xmm3=0x00001e1300001e1300009e6500009e65 
  xmm4=0x0000a4a80000a4a800001fa100001fa1 xmm5=0x000084c8000084c80000832100008321 
  xmm6=0x0000ae370000ae370000180500001805 xmm7=0x0000549c0000549c0000ae6c0000ae6c 

0x178: and rdx, 0b1111111111111
  rax=0x0000000000008200 rbx=0x0000000000000000 rcx=0x00000000000004e5 rdx=0x0000000000000094
  rsi=0x0000000000000005 rdi=0x0000000000008200 flags=0b000001000110
  xmm0=0x0000d7760000d7760000f78d0000f78d xmm1=0x0000abb20000abb20000f48d0000f48d 
  xmm2=0x00002c8200002c8200001c3a00001c3a xmm3=0x00001e1300001e1300009e6500009e65 
  xmm4=0x0000a4a80000a4a800001fa100001fa1 xmm5=0x000084c8000084c80000832100008321 
  xmm6=0x0000ae370000ae370000180500001805 xmm7=0x0000549c0000549c0000ae6c0000ae6c 

0x17f: cmovnle eax, [r14 +rdx]
  rax=0x0000000000008200 rbx=0x0000000000000000 rcx=0x00000000000004e5 rdx=0x0000000000000094
  rsi=0x0000000000000005 rdi=0x0000000000008200 flags=0b000000000010
  xmm0=0x0000d7760000d7760000f78d0000f78d xmm1=0x0000abb20000abb20000f48d0000f48d 
  xmm2=0x00002c8200002c8200001c3a00001c3a xmm3=0x00001e1300001e1300009e6500009e65 
  xmm4=0x0000a4a80000a4a800001fa100001fa1 xmm5=0x000084c8000084c80000832100008321 
  xmm6=0x0000ae370000ae370000180500001805 xmm7=0x0000549c0000549c0000ae6c0000ae6c 

    > load from +0x94 value 0xecb9
0x184: and rdx, 0b1111111111111
  rax=0x000000000000ecb9 rbx=0x0000000000000000 rcx=0x00000000000004e5 rdx=0x0000000000000094
  rsi=0x0000000000000005 rdi=0x0000000000008200 flags=0b000000000010
  xmm0=0x0000d7760000d7760000f78d0000f78d xmm1=0x0000abb20000abb20000f48d0000f48d 
  xmm2=0x00002c8200002c8200001c3a00001c3a xmm3=0x00001e1300001e1300009e6500009e65 
  xmm4=0x0000a4a80000a4a800001fa100001fa1 xmm5=0x000084c8000084c80000832100008321 
  xmm6=0x0000ae370000ae370000180500001805 xmm7=0x0000549c0000549c0000ae6c0000ae6c 

0x18b: movsx eax, [r14 +rdx]
  rax=0x000000000000ecb9 rbx=0x0000000000000000 rcx=0x00000000000004e5 rdx=0x0000000000000094
  rsi=0x0000000000000005 rdi=0x0000000000008200 flags=0b000000000010
  xmm0=0x0000d7760000d7760000f78d0000f78d xmm1=0x0000abb20000abb20000f48d0000f48d 
  xmm2=0x00002c8200002c8200001c3a00001c3a xmm3=0x00001e1300001e1300009e6500009e65 
  xmm4=0x0000a4a80000a4a800001fa100001fa1 xmm5=0x000084c8000084c80000832100008321 
  xmm6=0x0000ae370000ae370000180500001805 xmm7=0x0000549c0000549c0000ae6c0000ae6c 

    > load from +0x94 value 0xb9
0x190: xor rdi, rax
  rax=0x00000000ffffffb9 rbx=0x0000000000000000 rcx=0x00000000000004e5 rdx=0x0000000000000094
  rsi=0x0000000000000005 rdi=0x0000000000008200 flags=0b000000000010
  xmm0=0x0000d7760000d7760000f78d0000f78d xmm1=0x0000abb20000abb20000f48d0000f48d 
  xmm2=0x00002c8200002c8200001c3a00001c3a xmm3=0x00001e1300001e1300009e6500009e65 
  xmm4=0x0000a4a80000a4a800001fa100001fa1 xmm5=0x000084c8000084c80000832100008321 
  xmm6=0x0000ae370000ae370000180500001805 xmm7=0x0000549c0000549c0000ae6c0000ae6c 

0x193: cmovo ecx, edx
  rax=0x00000000ffffffb9 rbx=0x0000000000000000 rcx=0x00000000000004e5 rdx=0x0000000000000094
  rsi=0x0000000000000005 rdi=0x00000000ffff7db9 flags=0b000000000010
  xmm0=0x0000d7760000d7760000f78d0000f78d xmm1=0x0000abb20000abb20000f48d0000f48d 
  xmm2=0x00002c8200002c8200001c3a00001c3a xmm3=0x00001e1300001e1300009e6500009e65 
  xmm4=0x0000a4a80000a4a800001fa100001fa1 xmm5=0x000084c8000084c80000832100008321 
  xmm6=0x0000ae370000ae370000180500001805 xmm7=0x0000549c0000549c0000ae6c0000ae6c 

0x196: or ebx, 0b1000000000000000000000000000000
  rax=0x00000000ffffffb9 rbx=0x0000000000000000 rcx=0x00000000000004e5 rdx=0x0000000000000094
  rsi=0x0000000000000005 rdi=0x00000000ffff7db9 flags=0b000000000010
  xmm0=0x0000d7760000d7760000f78d0000f78d xmm1=0x0000abb20000abb20000f48d0000f48d 
  xmm2=0x00002c8200002c8200001c3a00001c3a xmm3=0x00001e1300001e1300009e6500009e65 
  xmm4=0x0000a4a80000a4a800001fa100001fa1 xmm5=0x000084c8000084c80000832100008321 
  xmm6=0x0000ae370000ae370000180500001805 xmm7=0x0000549c0000549c0000ae6c0000ae6c 

0x19c: bsr edi, ebx
  rax=0x00000000ffffffb9 rbx=0x0000000040000000 rcx=0x00000000000004e5 rdx=0x0000000000000094
  rsi=0x0000000000000005 rdi=0x00000000ffff7db9 flags=0b000000000110
  xmm0=0x0000d7760000d7760000f78d0000f78d xmm1=0x0000abb20000abb20000f48d0000f48d 
  xmm2=0x00002c8200002c8200001c3a00001c3a xmm3=0x00001e1300001e1300009e6500009e65 
  xmm4=0x0000a4a80000a4a800001fa100001fa1 xmm5=0x000084c8000084c80000832100008321 
  xmm6=0x0000ae370000ae370000180500001805 xmm7=0x0000549c0000549c0000ae6c0000ae6c 

0x19f: and rbx, 0b1111111111111
  rax=0x00000000ffffffb9 rbx=0x0000000040000000 rcx=0x00000000000004e5 rdx=0x0000000000000094
  rsi=0x0000000000000005 rdi=0x000000000000001e flags=0b000000000110
  xmm0=0x0000d7760000d7760000f78d0000f78d xmm1=0x0000abb20000abb20000f48d0000f48d 
  xmm2=0x00002c8200002c8200001c3a00001c3a xmm3=0x00001e1300001e1300009e6500009e65 
  xmm4=0x0000a4a80000a4a800001fa100001fa1 xmm5=0x000084c8000084c80000832100008321 
  xmm6=0x0000ae370000ae370000180500001805 xmm7=0x0000549c0000549c0000ae6c0000ae6c 

0x1a6: or bl, [r14 +rbx]
  rax=0x00000000ffffffb9 rbx=0x0000000000000000 rcx=0x00000000000004e5 rdx=0x0000000000000094
  rsi=0x0000000000000005 rdi=0x000000000000001e flags=0b000001000110
  xmm0=0x0000d7760000d7760000f78d0000f78d xmm1=0x0000abb20000abb20000f48d0000f48d 
  xmm2=0x00002c8200002c8200001c3a00001c3a xmm3=0x00001e1300001e1300009e6500009e65 
  xmm4=0x0000a4a80000a4a800001fa100001fa1 xmm5=0x000084c8000084c80000832100008321 
  xmm6=0x0000ae370000ae370000180500001805 xmm7=0x0000549c0000549c0000ae6c0000ae6c 

    > load from +0x0 value 0xa9
0x1aa: or al, bl
  rax=0x00000000ffffffb9 rbx=0x00000000000000a9 rcx=0x00000000000004e5 rdx=0x0000000000000094
  rsi=0x0000000000000005 rdi=0x000000000000001e flags=0b000010000110
  xmm0=0x0000d7760000d7760000f78d0000f78d xmm1=0x0000abb20000abb20000f48d0000f48d 
  xmm2=0x00002c8200002c8200001c3a00001c3a xmm3=0x00001e1300001e1300009e6500009e65 
  xmm4=0x0000a4a80000a4a800001fa100001fa1 xmm5=0x000084c8000084c80000832100008321 
  xmm6=0x0000ae370000ae370000180500001805 xmm7=0x0000549c0000549c0000ae6c0000ae6c 

0x1ac: setnle dil
  rax=0x00000000ffffffb9 rbx=0x00000000000000a9 rcx=0x00000000000004e5 rdx=0x0000000000000094
  rsi=0x0000000000000005 rdi=0x000000000000001e flags=0b000010000010
  xmm0=0x0000d7760000d7760000f78d0000f78d xmm1=0x0000abb20000abb20000f48d0000f48d 
  xmm2=0x00002c8200002c8200001c3a00001c3a xmm3=0x00001e1300001e1300009e6500009e65 
  xmm4=0x0000a4a80000a4a800001fa100001fa1 xmm5=0x000084c8000084c80000832100008321 
  xmm6=0x0000ae370000ae370000180500001805 xmm7=0x0000549c0000549c0000ae6c0000ae6c 

0x1b0: and rsi, 0b1111111111111
  rax=0x00000000ffffffb9 rbx=0x00000000000000a9 rcx=0x00000000000004e5 rdx=0x0000000000000094
  rsi=0x0000000000000005 rdi=0x0000000000000000 flags=0b000010000010
  xmm0=0x0000d7760000d7760000f78d0000f78d xmm1=0x0000abb20000abb20000f48d0000f48d 
  xmm2=0x00002c8200002c8200001c3a00001c3a xmm3=0x00001e1300001e1300009e6500009e65 
  xmm4=0x0000a4a80000a4a800001fa100001fa1 xmm5=0x000084c8000084c80000832100008321 
  xmm6=0x0000ae370000ae370000180500001805 xmm7=0x0000549c0000549c0000ae6c0000ae6c 

0x1b7: imul rcx, [r14 +rsi], -33
  rax=0x00000000ffffffb9 rbx=0x00000000000000a9 rcx=0x00000000000004e5 rdx=0x0000000000000094
  rsi=0x0000000000000005 rdi=0x0000000000000000 flags=0b000000000110
  xmm0=0x0000d7760000d7760000f78d0000f78d xmm1=0x0000abb20000abb20000f48d0000f48d 
  xmm2=0x00002c8200002c8200001c3a00001c3a xmm3=0x00001e1300001e1300009e6500009e65 
  xmm4=0x0000a4a80000a4a800001fa100001fa1 xmm5=0x000084c8000084c80000832100008321 
  xmm6=0x0000ae370000ae370000180500001805 xmm7=0x0000549c0000549c0000ae6c0000ae6c 

    > load from +0x5 value 0x40000970400005b
0x1bc: or sil, 1
  rax=0x00000000ffffffb9 rbx=0x00000000000000a9 rcx=0x7bffec887bfff445 rdx=0x0000000000000094
  rsi=0x0000000000000005 rdi=0x0000000000000000 flags=0b100000000011
  xmm0=0x0000d7760000d7760000f78d0000f78d xmm1=0x0000abb20000abb20000f48d0000f48d 
  xmm2=0x00002c8200002c8200001c3a00001c3a xmm3=0x00001e1300001e1300009e6500009e65 
  xmm4=0x0000a4a80000a4a800001fa100001fa1 xmm5=0x000084c8000084c80000832100008321 
  xmm6=0x0000ae370000ae370000180500001805 xmm7=0x0000549c0000549c0000ae6c0000ae6c 

0x1c0: mov ax, 1
  rax=0x00000000ffffffb9 rbx=0x00000000000000a9 rcx=0x7bffec887bfff445 rdx=0x0000000000000094
  rsi=0x0000000000000005 rdi=0x0000000000000000 flags=0b000000000110
  xmm0=0x0000d7760000d7760000f78d0000f78d xmm1=0x0000abb20000abb20000f48d0000f48d 
  xmm2=0x00002c8200002c8200001c3a00001c3a xmm3=0x00001e1300001e1300009e6500009e65 
  xmm4=0x0000a4a80000a4a800001fa100001fa1 xmm5=0x000084c8000084c80000832100008321 
  xmm6=0x0000ae370000ae370000180500001805 xmm7=0x0000549c0000549c0000ae6c0000ae6c 

0x1c4: div sil
  rax=0x00000000ffff0001 rbx=0x00000000000000a9 rcx=0x7bffec887bfff445 rdx=0x0000000000000094
  rsi=0x0000000000000005 rdi=0x0000000000000000 flags=0b000000000110
  xmm0=0x0000d7760000d7760000f78d0000f78d xmm1=0x0000abb20000abb20000f48d0000f48d 
  xmm2=0x00002c8200002c8200001c3a00001c3a xmm3=0x00001e1300001e1300009e6500009e65 
  xmm4=0x0000a4a80000a4a800001fa100001fa1 xmm5=0x000084c8000084c80000832100008321 
  xmm6=0x0000ae370000ae370000180500001805 xmm7=0x0000549c0000549c0000ae6c0000ae6c 

0x1c7: add dil, 32
  rax=0x00000000ffff0100 rbx=0x00000000000000a9 rcx=0x7bffec887bfff445 rdx=0x0000000000000094
  rsi=0x0000000000000005 rdi=0x0000000000000000 flags=0b000000000110
  xmm0=0x0000d7760000d7760000f78d0000f78d xmm1=0x0000abb20000abb20000f48d0000f48d 
  xmm2=0x00002c8200002c8200001c3a00001c3a xmm3=0x00001e1300001e1300009e6500009e65 
  xmm4=0x0000a4a80000a4a800001fa100001fa1 xmm5=0x000084c8000084c80000832100008321 
  xmm6=0x0000ae370000ae370000180500001805 xmm7=0x0000549c0000549c0000ae6c0000ae6c 

0x1cb: setbe cl
  rax=0x00000000ffff0100 rbx=0x00000000000000a9 rcx=0x7bffec887bfff445 rdx=0x0000000000000094
  rsi=0x0000000000000005 rdi=0x0000000000000020 flags=0b000000000010
  xmm0=0x0000d7760000d7760000f78d0000f78d xmm1=0x0000abb20000abb20000f48d0000f48d 
  xmm2=0x00002c8200002c8200001c3a00001c3a xmm3=0x00001e1300001e1300009e6500009e65 
  xmm4=0x0000a4a80000a4a800001fa100001fa1 xmm5=0x000084c8000084c80000832100008321 
  xmm6=0x0000ae370000ae370000180500001805 xmm7=0x0000549c0000549c0000ae6c0000ae6c 

0x1ce: and eax, 882941455
  rax=0x00000000ffff0100 rbx=0x00000000000000a9 rcx=0x7bffec887bfff400 rdx=0x0000000000000094
  rsi=0x0000000000000005 rdi=0x0000000000000020 flags=0b000000000010
  xmm0=0x0000d7760000d7760000f78d0000f78d xmm1=0x0000abb20000abb20000f48d0000f48d 
  xmm2=0x00002c8200002c8200001c3a00001c3a xmm3=0x00001e1300001e1300009e6500009e65 
  xmm4=0x0000a4a80000a4a800001fa100001fa1 xmm5=0x000084c8000084c80000832100008321 
  xmm6=0x0000ae370000ae370000180500001805 xmm7=0x0000549c0000549c0000ae6c0000ae6c 

0x1d3: and rsi, 0b1111111111111
  rax=0x0000000034a00000 rbx=0x00000000000000a9 rcx=0x7bffec887bfff400 rdx=0x0000000000000094
  rsi=0x0000000000000005 rdi=0x0000000000000020 flags=0b000000000110
  xmm0=0x0000d7760000d7760000f78d0000f78d xmm1=0x0000abb20000abb20000f48d0000f48d 
  xmm2=0x00002c8200002c8200001c3a00001c3a xmm3=0x00001e1300001e1300009e6500009e65 
  xmm4=0x0000a4a80000a4a800001fa100001fa1 xmm5=0x000084c8000084c80000832100008321 
  xmm6=0x0000ae370000ae370000180500001805 xmm7=0x0000549c0000549c0000ae6c0000ae6c 

0x1da: xor di, [r14 +rsi]
  rax=0x0000000034a00000 rbx=0x00000000000000a9 rcx=0x7bffec887bfff400 rdx=0x0000000000000094
  rsi=0x0000000000000005 rdi=0x0000000000000020 flags=0b000000000110
  xmm0=0x0000d7760000d7760000f78d0000f78d xmm1=0x0000abb20000abb20000f48d0000f48d 
  xmm2=0x00002c8200002c8200001c3a00001c3a xmm3=0x00001e1300001e1300009e6500009e65 
  xmm4=0x0000a4a80000a4a800001fa100001fa1 xmm5=0x000084c8000084c80000832100008321 
  xmm6=0x0000ae370000ae370000180500001805 xmm7=0x0000549c0000549c0000ae6c0000ae6c 

    > load from +0x5 value 0x5b
0x1df: xor rax, 22
  rax=0x0000000034a00000 rbx=0x00000000000000a9 rcx=0x7bffec887bfff400 rdx=0x0000000000000094
  rsi=0x0000000000000005 rdi=0x000000000000007b flags=0b000000000110
  xmm0=0x0000d7760000d7760000f78d0000f78d xmm1=0x0000abb20000abb20000f48d0000f48d 
  xmm2=0x00002c8200002c8200001c3a00001c3a xmm3=0x00001e1300001e1300009e6500009e65 
  xmm4=0x0000a4a80000a4a800001fa100001fa1 xmm5=0x000084c8000084c80000832100008321 
  xmm6=0x0000ae370000ae370000180500001805 xmm7=0x0000549c0000549c0000ae6c0000ae6c 

0x1e3: or sil, 0b1000
  rax=0x0000000034a00016 rbx=0x00000000000000a9 rcx=0x7bffec887bfff400 rdx=0x0000000000000094
  rsi=0x0000000000000005 rdi=0x000000000000007b flags=0b000000000010
  xmm0=0x0000d7760000d7760000f78d0000f78d xmm1=0x0000abb20000abb20000f48d0000f48d 
  xmm2=0x00002c8200002c8200001c3a00001c3a xmm3=0x00001e1300001e1300009e6500009e65 
  xmm4=0x0000a4a80000a4a800001fa100001fa1 xmm5=0x000084c8000084c80000832100008321 
  xmm6=0x0000ae370000ae370000180500001805 xmm7=0x0000549c0000549c0000ae6c0000ae6c 

0x1e7: and sil, 0b11111000
  rax=0x0000000034a00016 rbx=0x00000000000000a9 rcx=0x7bffec887bfff400 rdx=0x0000000000000094
  rsi=0x000000000000000d rdi=0x000000000000007b flags=0b000000000010
  xmm0=0x0000d7760000d7760000f78d0000f78d xmm1=0x0000abb20000abb20000f48d0000f48d 
  xmm2=0x00002c8200002c8200001c3a00001c3a xmm3=0x00001e1300001e1300009e6500009e65 
  xmm4=0x0000a4a80000a4a800001fa100001fa1 xmm5=0x000084c8000084c80000832100008321 
  xmm6=0x0000ae370000ae370000180500001805 xmm7=0x0000549c0000549c0000ae6c0000ae6c 

0x1eb: mov ax, 1
  rax=0x0000000034a00016 rbx=0x00000000000000a9 rcx=0x7bffec887bfff400 rdx=0x0000000000000094
  rsi=0x0000000000000008 rdi=0x000000000000007b flags=0b000000000010
  xmm0=0x0000d7760000d7760000f78d0000f78d xmm1=0x0000abb20000abb20000f48d0000f48d 
  xmm2=0x00002c8200002c8200001c3a00001c3a xmm3=0x00001e1300001e1300009e6500009e65 
  xmm4=0x0000a4a80000a4a800001fa100001fa1 xmm5=0x000084c8000084c80000832100008321 
  xmm6=0x0000ae370000ae370000180500001805 xmm7=0x0000549c0000549c0000ae6c0000ae6c 

0x1ef: idiv sil
  rax=0x0000000034a00001 rbx=0x00000000000000a9 rcx=0x7bffec887bfff400 rdx=0x0000000000000094
  rsi=0x0000000000000008 rdi=0x000000000000007b flags=0b000000000010
  xmm0=0x0000d7760000d7760000f78d0000f78d xmm1=0x0000abb20000abb20000f48d0000f48d 
  xmm2=0x00002c8200002c8200001c3a00001c3a xmm3=0x00001e1300001e1300009e6500009e65 
  xmm4=0x0000a4a80000a4a800001fa100001fa1 xmm5=0x000084c8000084c80000832100008321 
  xmm6=0x0000ae370000ae370000180500001805 xmm7=0x0000549c0000549c0000ae6c0000ae6c 

0x1f2: and rax, 0b1111111111111
  rax=0x0000000034a00100 rbx=0x00000000000000a9 rcx=0x7bffec887bfff400 rdx=0x0000000000000094
  rsi=0x0000000000000008 rdi=0x000000000000007b flags=0b000000000010
  xmm0=0x0000d7760000d7760000f78d0000f78d xmm1=0x0000abb20000abb20000f48d0000f48d 
  xmm2=0x00002c8200002c8200001c3a00001c3a xmm3=0x00001e1300001e1300009e6500009e65 
  xmm4=0x0000a4a80000a4a800001fa100001fa1 xmm5=0x000084c8000084c80000832100008321 
  xmm6=0x0000ae370000ae370000180500001805 xmm7=0x0000549c0000549c0000ae6c0000ae6c 

0x1f8: test [r14 +rax], -11893
  rax=0x0000000000000100 rbx=0x00000000000000a9 rcx=0x7bffec887bfff400 rdx=0x0000000000000094
  rsi=0x0000000000000008 rdi=0x000000000000007b flags=0b000000000110
  xmm0=0x0000d7760000d7760000f78d0000f78d xmm1=0x0000abb20000abb20000f48d0000f48d 
  xmm2=0x00002c8200002c8200001c3a00001c3a xmm3=0x00001e1300001e1300009e6500009e65 
  xmm4=0x0000a4a80000a4a800001fa100001fa1 xmm5=0x000084c8000084c80000832100008321 
  xmm6=0x0000ae370000ae370000180500001805 xmm7=0x0000549c0000549c0000ae6c0000ae6c 

    > load from +0x100 value 0x1e5d
0x1ff: setle al
  rax=0x0000000000000100 rbx=0x00000000000000a9 rcx=0x7bffec887bfff400 rdx=0x0000000000000094
  rsi=0x0000000000000008 rdi=0x000000000000007b flags=0b000000000110
  xmm0=0x0000d7760000d7760000f78d0000f78d xmm1=0x0000abb20000abb20000f48d0000f48d 
  xmm2=0x00002c8200002c8200001c3a00001c3a xmm3=0x00001e1300001e1300009e6500009e65 
  xmm4=0x0000a4a80000a4a800001fa100001fa1 xmm5=0x000084c8000084c80000832100008321 
  xmm6=0x0000ae370000ae370000180500001805 xmm7=0x0000549c0000549c0000ae6c0000ae6c 

0x202: sbb dl, cl
  rax=0x0000000000000100 rbx=0x00000000000000a9 rcx=0x7bffec887bfff400 rdx=0x0000000000000094
  rsi=0x0000000000000008 rdi=0x000000000000007b flags=0b000000000110
  xmm0=0x0000d7760000d7760000f78d0000f78d xmm1=0x0000abb20000abb20000f48d0000f48d 
  xmm2=0x00002c8200002c8200001c3a00001c3a xmm3=0x00001e1300001e1300009e6500009e65 
  xmm4=0x0000a4a80000a4a800001fa100001fa1 xmm5=0x000084c8000084c80000832100008321 
  xmm6=0x0000ae370000ae370000180500001805 xmm7=0x0000549c0000549c0000ae6c0000ae6c 

0x204: and rbx, 0b1111111111111
  rax=0x0000000000000100 rbx=0x00000000000000a9 rcx=0x7bffec887bfff400 rdx=0x0000000000000094
  rsi=0x0000000000000008 rdi=0x000000000000007b flags=0b000010000010
  xmm0=0x0000d7760000d7760000f78d0000f78d xmm1=0x0000abb20000abb20000f48d0000f48d 
  xmm2=0x00002c8200002c8200001c3a00001c3a xmm3=0x00001e1300001e1300009e6500009e65 
  xmm4=0x0000a4a80000a4a800001fa100001fa1 xmm5=0x000084c8000084c80000832100008321 
  xmm6=0x0000ae370000ae370000180500001805 xmm7=0x0000549c0000549c0000ae6c0000ae6c 

0x20b: or [r14 +rbx], 0b1000
  rax=0x0000000000000100 rbx=0x00000000000000a9 rcx=0x7bffec887bfff400 rdx=0x0000000000000094
  rsi=0x0000000000000008 rdi=0x000000000000007b flags=0b000000000110
  xmm0=0x0000d7760000d7760000f78d0000f78d xmm1=0x0000abb20000abb20000f48d0000f48d 
  xmm2=0x00002c8200002c8200001c3a00001c3a xmm3=0x00001e1300001e1300009e6500009e65 
  xmm4=0x0000a4a80000a4a800001fa100001fa1 xmm5=0x000084c8000084c80000832100008321 
  xmm6=0x0000ae370000ae370000180500001805 xmm7=0x0000549c0000549c0000ae6c0000ae6c 

    > load from +0xa9 value 0xf60000db
    > store to +0xa9 value 0xf60000db
0x210: and [r14 +rbx], 0b11111000
  rax=0x0000000000000100 rbx=0x00000000000000a9 rcx=0x7bffec887bfff400 rdx=0x0000000000000094
  rsi=0x0000000000000008 rdi=0x000000000000007b flags=0b000010000110
  xmm0=0x0000d7760000d7760000f78d0000f78d xmm1=0x0000abb20000abb20000f48d0000f48d 
  xmm2=0x00002c8200002c8200001c3a00001c3a xmm3=0x00001e1300001e1300009e6500009e65 
  xmm4=0x0000a4a80000a4a800001fa100001fa1 xmm5=0x000084c8000084c80000832100008321 
  xmm6=0x0000ae370000ae370000180500001805 xmm7=0x0000549c0000549c0000ae6c0000ae6c 

    > load from +0xa9 value 0xdb
    > store to +0xa9 value 0xd8
0x215: and edx, 0b11
  rax=0x0000000000000100 rbx=0x00000000000000a9 rcx=0x7bffec887bfff400 rdx=0x0000000000000094
  rsi=0x0000000000000008 rdi=0x000000000000007b flags=0b000010000110
  xmm0=0x0000d7760000d7760000f78d0000f78d xmm1=0x0000abb20000abb20000f48d0000f48d 
  xmm2=0x00002c8200002c8200001c3a00001c3a xmm3=0x00001e1300001e1300009e6500009e65 
  xmm4=0x0000a4a80000a4a800001fa100001fa1 xmm5=0x000084c8000084c80000832100008321 
  xmm6=0x0000ae370000ae370000180500001805 xmm7=0x0000549c0000549c0000ae6c0000ae6c 

0x218: idiv [r14 +rbx]
  rax=0x0000000000000100 rbx=0x00000000000000a9 rcx=0x7bffec887bfff400 rdx=0x0000000000000000
  rsi=0x0000000000000008 rdi=0x000000000000007b flags=0b000001000110
  xmm0=0x0000d7760000d7760000f78d0000f78d xmm1=0x0000abb20000abb20000f48d0000f48d 
  xmm2=0x00002c8200002c8200001c3a00001c3a xmm3=0x00001e1300001e1300009e6500009e65 
  xmm4=0x0000a4a80000a4a800001fa100001fa1 xmm5=0x000084c8000084c80000832100008321 
  xmm6=0x0000ae370000ae370000180500001805 xmm7=0x0000549c0000549c0000ae6c0000ae6c 

    > load from +0xa9 value 0xf60000d8
0x21c: add sil, -96
  rax=0x0000000000000000 rbx=0x00000000000000a9 rcx=0x7bffec887bfff400 rdx=0x0000000000000100
  rsi=0x0000000000000008 rdi=0x000000000000007b flags=0b000001000110
  xmm0=0x0000d7760000d7760000f78d0000f78d xmm1=0x0000abb20000abb20000f48d0000f48d 
  xmm2=0x00002c8200002c8200001c3a00001c3a xmm3=0x00001e1300001e1300009e6500009e65 
  xmm4=0x0000a4a80000a4a800001fa100001fa1 xmm5=0x000084c8000084c80000832100008321 
  xmm6=0x0000ae370000ae370000180500001805 xmm7=0x0000549c0000549c0000ae6c0000ae6c 

0x220: setz dil
  rax=0x0000000000000000 rbx=0x00000000000000a9 rcx=0x7bffec887bfff400 rdx=0x0000000000000100
  rsi=0x00000000000000a8 rdi=0x000000000000007b flags=0b000010000010
  xmm0=0x0000d7760000d7760000f78d0000f78d xmm1=0x0000abb20000abb20000f48d0000f48d 
  xmm2=0x00002c8200002c8200001c3a00001c3a xmm3=0x00001e1300001e1300009e6500009e65 
  xmm4=0x0000a4a80000a4a800001fa100001fa1 xmm5=0x000084c8000084c80000832100008321 
  xmm6=0x0000ae370000ae370000180500001805 xmm7=0x0000549c0000549c0000ae6c0000ae6c 

0x224: cmovz rbx, rbx
  rax=0x0000000000000000 rbx=0x00000000000000a9 rcx=0x7bffec887bfff400 rdx=0x0000000000000100
  rsi=0x00000000000000a8 rdi=0x0000000000000000 flags=0b000010000010
  xmm0=0x0000d7760000d7760000f78d0000f78d xmm1=0x0000abb20000abb20000f48d0000f48d 
  xmm2=0x00002c8200002c8200001c3a00001c3a xmm3=0x00001e1300001e1300009e6500009e65 
  xmm4=0x0000a4a80000a4a800001fa100001fa1 xmm5=0x000084c8000084c80000832100008321 
  xmm6=0x0000ae370000ae370000180500001805 xmm7=0x0000549c0000549c0000ae6c0000ae6c 

0x228: and rsi, 0b1111111111111
  rax=0x0000000000000000 rbx=0x00000000000000a9 rcx=0x7bffec887bfff400 rdx=0x0000000000000100
  rsi=0x00000000000000a8 rdi=0x0000000000000000 flags=0b000010000010
  xmm0=0x0000d7760000d7760000f78d0000f78d xmm1=0x0000abb20000abb20000f48d0000f48d 
  xmm2=0x00002c8200002c8200001c3a00001c3a xmm3=0x00001e1300001e1300009e6500009e65 
  xmm4=0x0000a4a80000a4a800001fa100001fa1 xmm5=0x000084c8000084c80000832100008321 
  xmm6=0x0000ae370000ae370000180500001805 xmm7=0x0000549c0000549c0000ae6c0000ae6c 

0x22f: sbb al, [r14 +rsi]
  rax=0x0000000000000000 rbx=0x00000000000000a9 rcx=0x7bffec887bfff400 rdx=0x0000000000000100
  rsi=0x00000000000000a8 rdi=0x0000000000000000 flags=0b000000000010
  xmm0=0x0000d7760000d7760000f78d0000f78d xmm1=0x0000abb20000abb20000f48d0000f48d 
  xmm2=0x00002c8200002c8200001c3a00001c3a xmm3=0x00001e1300001e1300009e6500009e65 
  xmm4=0x0000a4a80000a4a800001fa100001fa1 xmm5=0x000084c8000084c80000832100008321 
  xmm6=0x0000ae370000ae370000180500001805 xmm7=0x0000549c0000549c0000ae6c0000ae6c 

    > load from +0xa8 value 0xf6
0x233: add bl, 64
  rax=0x000000000000000a rbx=0x00000000000000a9 rcx=0x7bffec887bfff400 rdx=0x0000000000000100
  rsi=0x00000000000000a8 rdi=0x0000000000000000 flags=0b000000010111
  xmm0=0x0000d7760000d7760000f78d0000f78d xmm1=0x0000abb20000abb20000f48d0000f48d 
  xmm2=0x00002c8200002c8200001c3a00001c3a xmm3=0x00001e1300001e1300009e6500009e65 
  xmm4=0x0000a4a80000a4a800001fa100001fa1 xmm5=0x000084c8000084c80000832100008321 
  xmm6=0x0000ae370000ae370000180500001805 xmm7=0x0000549c0000549c0000ae6c0000ae6c 

0x236: cmovnl rdi, rcx
  rax=0x000000000000000a rbx=0x00000000000000e9 rcx=0x7bffec887bfff400 rdx=0x0000000000000100
  rsi=0x00000000000000a8 rdi=0x0000000000000000 flags=0b000010000010
  xmm0=0x0000d7760000d7760000f78d0000f78d xmm1=0x0000abb20000abb20000f48d0000f48d 
  xmm2=0x00002c8200002c8200001c3a00001c3a xmm3=0x00001e1300001e1300009e6500009e65 
  xmm4=0x0000a4a80000a4a800001fa100001fa1 xmm5=0x000084c8000084c80000832100008321 
  xmm6=0x0000ae370000ae370000180500001805 xmm7=0x0000549c0000549c0000ae6c0000ae6c 

0x23a: and rsi, 0b1111111111111
  rax=0x000000000000000a rbx=0x00000000000000e9 rcx=0x7bffec887bfff400 rdx=0x0000000000000100
  rsi=0x00000000000000a8 rdi=0x0000000000000000 flags=0b000010000010
  xmm0=0x0000d7760000d7760000f78d0000f78d xmm1=0x0000abb20000abb20000f48d0000f48d 
  xmm2=0x00002c8200002c8200001c3a00001c3a xmm3=0x00001e1300001e1300009e6500009e65 
  xmm4=0x0000a4a80000a4a800001fa100001fa1 xmm5=0x000084c8000084c80000832100008321 
  xmm6=0x0000ae370000ae370000180500001805 xmm7=0x0000549c0000549c0000ae6c0000ae6c 

0x241: imul rsi, [r14 +rsi], 43
  rax=0x000000000000000a rbx=0x00000000000000e9 rcx=0x7bffec887bfff400 rdx=0x0000000000000100
  rsi=0x00000000000000a8 rdi=0x0000000000000000 flags=0b000000000010
  xmm0=0x0000d7760000d7760000f78d0000f78d xmm1=0x0000abb20000abb20000f48d0000f48d 
  xmm2=0x00002c8200002c8200001c3a00001c3a xmm3=0x00001e1300001e1300009e6500009e65 
  xmm4=0x0000a4a80000a4a800001fa100001fa1 xmm5=0x000084c8000084c80000832100008321 
  xmm6=0x0000ae370000ae370000180500001805 xmm7=0x0000549c0000549c0000ae6c0000ae6c 

    > load from +0xa8 value 0xdbf60000d8f6
0x246: add al, dl
  rax=0x000000000000000a rbx=0x00000000000000e9 rcx=0x7bffec887bfff400 rdx=0x0000000000000100
  rsi=0x0024f25200247152 rdi=0x0000000000000000 flags=0b000000000010
  xmm0=0x0000d7760000d7760000f78d0000f78d xmm1=0x0000abb20000abb20000f48d0000f48d 
  xmm2=0x00002c8200002c8200001c3a00001c3a xmm3=0x00001e1300001e1300009e6500009e65 
  xmm4=0x0000a4a80000a4a800001fa100001fa1 xmm5=0x000084c8000084c80000832100008321 
  xmm6=0x0000ae370000ae370000180500001805 xmm7=0x0000549c0000549c0000ae6c0000ae6c 

0x248: push rax
  rax=0x000000000000000a rbx=0x00000000000000e9 rcx=0x7bffec887bfff400 rdx=0x0000000000000100
  rsi=0x0024f25200247152 rdi=0x0000000000000000 flags=0b000000000110
  xmm0=0x0000d7760000d7760000f78d0000f78d xmm1=0x0000abb20000abb20000f48d0000f48d 
  xmm2=0x00002c8200002c8200001c3a00001c3a xmm3=0x00001e1300001e1300009e6500009e65 
  xmm4=0x0000a4a80000a4a800001fa100001fa1 xmm5=0x000084c8000084c80000832100008321 
  xmm6=0x0000ae370000ae370000180500001805 xmm7=0x0000549c0000549c0000ae6c0000ae6c 

    > store to +0xff0 value 0xa
0x249: push rcx
  rax=0x000000000000000a rbx=0x00000000000000e9 rcx=0x7bffec887bfff400 rdx=0x0000000000000100
  rsi=0x0024f25200247152 rdi=0x0000000000000000 flags=0b000000000110
  xmm0=0x0000d7760000d7760000f78d0000f78d xmm1=0x0000abb20000abb20000f48d0000f48d 
  xmm2=0x00002c8200002c8200001c3a00001c3a xmm3=0x00001e1300001e1300009e6500009e65 
  xmm4=0x0000a4a80000a4a800001fa100001fa1 xmm5=0x000084c8000084c80000832100008321 
  xmm6=0x0000ae370000ae370000180500001805 xmm7=0x0000549c0000549c0000ae6c0000ae6c 

    > store to +0xfe8 value 0x7bffec887bfff400
0x24a: push rdx
  rax=0x000000000000000a rbx=0x00000000000000e9 rcx=0x7bffec887bfff400 rdx=0x0000000000000100
  rsi=0x0024f25200247152 rdi=0x0000000000000000 flags=0b000000000110
  xmm0=0x0000d7760000d7760000f78d0000f78d xmm1=0x0000abb20000abb20000f48d0000f48d 
  xmm2=0x00002c8200002c8200001c3a00001c3a xmm3=0x00001e1300001e1300009e6500009e65 
  xmm4=0x0000a4a80000a4a800001fa100001fa1 xmm5=0x000084c8000084c80000832100008321 
  xmm6=0x0000ae370000ae370000180500001805 xmm7=0x0000549c0000549c0000ae6c0000ae6c 

    > store to +0xfe0 value 0x100
0x24b: mov ecx, 0x1a4
  rax=0x000000000000000a rbx=0x00000000000000e9 rcx=0x7bffec887bfff400 rdx=0x0000000000000100
  rsi=0x0024f25200247152 rdi=0x0000000000000000 flags=0b000000000110
  xmm0=0x0000d7760000d7760000f78d0000f78d xmm1=0x0000abb20000abb20000f48d0000f48d 
  xmm2=0x00002c8200002c8200001c3a00001c3a xmm3=0x00001e1300001e1300009e6500009e65 
  xmm4=0x0000a4a80000a4a800001fa100001fa1 xmm5=0x000084c8000084c80000832100008321 
  xmm6=0x0000ae370000ae370000180500001805 xmm7=0x0000549c0000549c0000ae6c0000ae6c 

0x250: mov edx, 0
  rax=0x000000000000000a rbx=0x00000000000000e9 rcx=0x00000000000001a4 rdx=0x0000000000000100
  rsi=0x0024f25200247152 rdi=0x0000000000000000 flags=0b000000000110
  xmm0=0x0000d7760000d7760000f78d0000f78d xmm1=0x0000abb20000abb20000f48d0000f48d 
  xmm2=0x00002c8200002c8200001c3a00001c3a xmm3=0x00001e1300001e1300009e6500009e65 
  xmm4=0x0000a4a80000a4a800001fa100001fa1 xmm5=0x000084c8000084c80000832100008321 
  xmm6=0x0000ae370000ae370000180500001805 xmm7=0x0000549c0000549c0000ae6c0000ae6c 

0x255: mov eax, 0b101111
  rax=0x000000000000000a rbx=0x00000000000000e9 rcx=0x00000000000001a4 rdx=0x0000000000000000
  rsi=0x0024f25200247152 rdi=0x0000000000000000 flags=0b000000000110
  xmm0=0x0000d7760000d7760000f78d0000f78d xmm1=0x0000abb20000abb20000f48d0000f48d 
  xmm2=0x00002c8200002c8200001c3a00001c3a xmm3=0x00001e1300001e1300009e6500009e65 
  xmm4=0x0000a4a80000a4a800001fa100001fa1 xmm5=0x000084c8000084c80000832100008321 
  xmm6=0x0000ae370000ae370000180500001805 xmm7=0x0000549c0000549c0000ae6c0000ae6c 

0x25a: wrmsr 
  rax=0x000000000000002f rbx=0x00000000000000e9 rcx=0x00000000000001a4 rdx=0x0000000000000000
  rsi=0x0024f25200247152 rdi=0x0000000000000000 flags=0b000000000110
  xmm0=0x0000d7760000d7760000f78d0000f78d xmm1=0x0000abb20000abb20000f48d0000f48d 
  xmm2=0x00002c8200002c8200001c3a00001c3a xmm3=0x00001e1300001e1300009e6500009e65 
  xmm4=0x0000a4a80000a4a800001fa100001fa1 xmm5=0x000084c8000084c80000832100008321 
  xmm6=0x0000ae370000ae370000180500001805 xmm7=0x0000549c0000549c0000ae6c0000ae6c 

0x25c: mov ecx, 0x48
  rax=0x000000000000002f rbx=0x00000000000000e9 rcx=0x00000000000001a4 rdx=0x0000000000000000
  rsi=0x0024f25200247152 rdi=0x0000000000000000 flags=0b000000000110
  xmm0=0x0000d7760000d7760000f78d0000f78d xmm1=0x0000abb20000abb20000f48d0000f48d 
  xmm2=0x00002c8200002c8200001c3a00001c3a xmm3=0x00001e1300001e1300009e6500009e65 
  xmm4=0x0000a4a80000a4a800001fa100001fa1 xmm5=0x000084c8000084c80000832100008321 
  xmm6=0x0000ae370000ae370000180500001805 xmm7=0x0000549c0000549c0000ae6c0000ae6c 

0x261: rdmsr 
  rax=0x000000000000002f rbx=0x00000000000000e9 rcx=0x0000000000000048 rdx=0x0000000000000000
  rsi=0x0024f25200247152 rdi=0x0000000000000000 flags=0b000000000110
  xmm0=0x0000d7760000d7760000f78d0000f78d xmm1=0x0000abb20000abb20000f48d0000f48d 
  xmm2=0x00002c8200002c8200001c3a00001c3a xmm3=0x00001e1300001e1300009e6500009e65 
  xmm4=0x0000a4a80000a4a800001fa100001fa1 xmm5=0x000084c8000084c80000832100008321 
  xmm6=0x0000ae370000ae370000180500001805 xmm7=0x0000549c0000549c0000ae6c0000ae6c 

0x263: and eax, 0xfffffffb
  rax=0x0000000000000000 rbx=0x00000000000000e9 rcx=0x0000000000000048 rdx=0x0000000000000000
  rsi=0x0024f25200247152 rdi=0x0000000000000000 flags=0b000000000110
  xmm0=0x0000d7760000d7760000f78d0000f78d xmm1=0x0000abb20000abb20000f48d0000f48d 
  xmm2=0x00002c8200002c8200001c3a00001c3a xmm3=0x00001e1300001e1300009e6500009e65 
  xmm4=0x0000a4a80000a4a800001fa100001fa1 xmm5=0x000084c8000084c80000832100008321 
  xmm6=0x0000ae370000ae370000180500001805 xmm7=0x0000549c0000549c0000ae6c0000ae6c 

0x266: or eax, 0x100
  rax=0x0000000000000000 rbx=0x00000000000000e9 rcx=0x0000000000000048 rdx=0x0000000000000000
  rsi=0x0024f25200247152 rdi=0x0000000000000000 flags=0b000001000110
  xmm0=0x0000d7760000d7760000f78d0000f78d xmm1=0x0000abb20000abb20000f48d0000f48d 
  xmm2=0x00002c8200002c8200001c3a00001c3a xmm3=0x00001e1300001e1300009e6500009e65 
  xmm4=0x0000a4a80000a4a800001fa100001fa1 xmm5=0x000084c8000084c80000832100008321 
  xmm6=0x0000ae370000ae370000180500001805 xmm7=0x0000549c0000549c0000ae6c0000ae6c 

0x26b: wrmsr 
  rax=0x0000000000000100 rbx=0x00000000000000e9 rcx=0x0000000000000048 rdx=0x0000000000000000
  rsi=0x0024f25200247152 rdi=0x0000000000000000 flags=0b000000000110
  xmm0=0x0000d7760000d7760000f78d0000f78d xmm1=0x0000abb20000abb20000f48d0000f48d 
  xmm2=0x00002c8200002c8200001c3a00001c3a xmm3=0x00001e1300001e1300009e6500009e65 
  xmm4=0x0000a4a80000a4a800001fa100001fa1 xmm5=0x000084c8000084c80000832100008321 
  xmm6=0x0000ae370000ae370000180500001805 xmm7=0x0000549c0000549c0000ae6c0000ae6c 

0x26d: mfence 
  rax=0x0000000000000100 rbx=0x00000000000000e9 rcx=0x0000000000000048 rdx=0x0000000000000000
  rsi=0x0024f25200247152 rdi=0x0000000000000000 flags=0b000000000110
  xmm0=0x0000d7760000d7760000f78d0000f78d xmm1=0x0000abb20000abb20000f48d0000f48d 
  xmm2=0x00002c8200002c8200001c3a00001c3a xmm3=0x00001e1300001e1300009e6500009e65 
  xmm4=0x0000a4a80000a4a800001fa100001fa1 xmm5=0x000084c8000084c80000832100008321 
  xmm6=0x0000ae370000ae370000180500001805 xmm7=0x0000549c0000549c0000ae6c0000ae6c 

0x270: lfence 
  rax=0x0000000000000100 rbx=0x00000000000000e9 rcx=0x0000000000000048 rdx=0x0000000000000000
  rsi=0x0024f25200247152 rdi=0x0000000000000000 flags=0b000000000110
  xmm0=0x0000d7760000d7760000f78d0000f78d xmm1=0x0000abb20000abb20000f48d0000f48d 
  xmm2=0x00002c8200002c8200001c3a00001c3a xmm3=0x00001e1300001e1300009e6500009e65 
  xmm4=0x0000a4a80000a4a800001fa100001fa1 xmm5=0x000084c8000084c80000832100008321 
  xmm6=0x0000ae370000ae370000180500001805 xmm7=0x0000549c0000549c0000ae6c0000ae6c 

0x273: macro .measurement_end, .noarg
  rax=0x0000000000000100 rbx=0x00000000000000e9 rcx=0x0000000000000048 rdx=0x0000000000000000
  rsi=0x0024f25200247152 rdi=0x0000000000000000 flags=0b000000000110
  xmm0=0x0000d7760000d7760000f78d0000f78d xmm1=0x0000abb20000abb20000f48d0000f48d 
  xmm2=0x00002c8200002c8200001c3a00001c3a xmm3=0x00001e1300001e1300009e6500009e65 
  xmm4=0x0000a4a80000a4a800001fa100001fa1 xmm5=0x000084c8000084c80000832100008321 
  xmm6=0x0000ae370000ae370000180500001805 xmm7=0x0000549c0000549c0000ae6c0000ae6c 

0x27b: mov ecx, 0x1a4
  rax=0x0000000000000100 rbx=0x00000000000000e9 rcx=0x0000000000000048 rdx=0x0000000000000000
  rsi=0x0024f25200247152 rdi=0x0000000000000000 flags=0b000000000110
  xmm0=0x0000d7760000d7760000f78d0000f78d xmm1=0x0000abb20000abb20000f48d0000f48d 
  xmm2=0x00002c8200002c8200001c3a00001c3a xmm3=0x00001e1300001e1300009e6500009e65 
  xmm4=0x0000a4a80000a4a800001fa100001fa1 xmm5=0x000084c8000084c80000832100008321 
  xmm6=0x0000ae370000ae370000180500001805 xmm7=0x0000549c0000549c0000ae6c0000ae6c 

0x280: mov edx, 0
  rax=0x0000000000000100 rbx=0x00000000000000e9 rcx=0x00000000000001a4 rdx=0x0000000000000000
  rsi=0x0024f25200247152 rdi=0x0000000000000000 flags=0b000000000110
  xmm0=0x0000d7760000d7760000f78d0000f78d xmm1=0x0000abb20000abb20000f48d0000f48d 
  xmm2=0x00002c8200002c8200001c3a00001c3a xmm3=0x00001e1300001e1300009e6500009e65 
  xmm4=0x0000a4a80000a4a800001fa100001fa1 xmm5=0x000084c8000084c80000832100008321 
  xmm6=0x0000ae370000ae370000180500001805 xmm7=0x0000549c0000549c0000ae6c0000ae6c 

0x285: mov eax, 0b000000
  rax=0x0000000000000100 rbx=0x00000000000000e9 rcx=0x00000000000001a4 rdx=0x0000000000000000
  rsi=0x0024f25200247152 rdi=0x0000000000000000 flags=0b000000000110
  xmm0=0x0000d7760000d7760000f78d0000f78d xmm1=0x0000abb20000abb20000f48d0000f48d 
  xmm2=0x00002c8200002c8200001c3a00001c3a xmm3=0x00001e1300001e1300009e6500009e65 
  xmm4=0x0000a4a80000a4a800001fa100001fa1 xmm5=0x000084c8000084c80000832100008321 
  xmm6=0x0000ae370000ae370000180500001805 xmm7=0x0000549c0000549c0000ae6c0000ae6c 

0x28a: mov ecx, 0x48
  rax=0x0000000000000000 rbx=0x00000000000000e9 rcx=0x00000000000001a4 rdx=0x0000000000000000
  rsi=0x0024f25200247152 rdi=0x0000000000000000 flags=0b000000000110
  xmm0=0x0000d7760000d7760000f78d0000f78d xmm1=0x0000abb20000abb20000f48d0000f48d 
  xmm2=0x00002c8200002c8200001c3a00001c3a xmm3=0x00001e1300001e1300009e6500009e65 
  xmm4=0x0000a4a80000a4a800001fa100001fa1 xmm5=0x000084c8000084c80000832100008321 
  xmm6=0x0000ae370000ae370000180500001805 xmm7=0x0000549c0000549c0000ae6c0000ae6c 

0x28f: rdmsr 
  rax=0x0000000000000000 rbx=0x00000000000000e9 rcx=0x0000000000000048 rdx=0x0000000000000000
  rsi=0x0024f25200247152 rdi=0x0000000000000000 flags=0b000000000110
  xmm0=0x0000d7760000d7760000f78d0000f78d xmm1=0x0000abb20000abb20000f48d0000f48d 
  xmm2=0x00002c8200002c8200001c3a00001c3a xmm3=0x00001e1300001e1300009e6500009e65 
  xmm4=0x0000a4a80000a4a800001fa100001fa1 xmm5=0x000084c8000084c80000832100008321 
  xmm6=0x0000ae370000ae370000180500001805 xmm7=0x0000549c0000549c0000ae6c0000ae6c 

0x291: and eax, 0xfffffffb
  rax=0x0000000000000000 rbx=0x00000000000000e9 rcx=0x0000000000000048 rdx=0x0000000000000000
  rsi=0x0024f25200247152 rdi=0x0000000000000000 flags=0b000000000110
  xmm0=0x0000d7760000d7760000f78d0000f78d xmm1=0x0000abb20000abb20000f48d0000f48d 
  xmm2=0x00002c8200002c8200001c3a00001c3a xmm3=0x00001e1300001e1300009e6500009e65 
  xmm4=0x0000a4a80000a4a800001fa100001fa1 xmm5=0x000084c8000084c80000832100008321 
  xmm6=0x0000ae370000ae370000180500001805 xmm7=0x0000549c0000549c0000ae6c0000ae6c 

0x294: and eax, 0xfffffeff
  rax=0x0000000000000000 rbx=0x00000000000000e9 rcx=0x0000000000000048 rdx=0x0000000000000000
  rsi=0x0024f25200247152 rdi=0x0000000000000000 flags=0b000001000110
  xmm0=0x0000d7760000d7760000f78d0000f78d xmm1=0x0000abb20000abb20000f48d0000f48d 
  xmm2=0x00002c8200002c8200001c3a00001c3a xmm3=0x00001e1300001e1300009e6500009e65 
  xmm4=0x0000a4a80000a4a800001fa100001fa1 xmm5=0x000084c8000084c80000832100008321 
  xmm6=0x0000ae370000ae370000180500001805 xmm7=0x0000549c0000549c0000ae6c0000ae6c 

0x299: wrmsr 
  rax=0x0000000000000000 rbx=0x00000000000000e9 rcx=0x0000000000000048 rdx=0x0000000000000000
  rsi=0x0024f25200247152 rdi=0x0000000000000000 flags=0b000001000110
  xmm0=0x0000d7760000d7760000f78d0000f78d xmm1=0x0000abb20000abb20000f48d0000f48d 
  xmm2=0x00002c8200002c8200001c3a00001c3a xmm3=0x00001e1300001e1300009e6500009e65 
  xmm4=0x0000a4a80000a4a800001fa100001fa1 xmm5=0x000084c8000084c80000832100008321 
  xmm6=0x0000ae370000ae370000180500001805 xmm7=0x0000549c0000549c0000ae6c0000ae6c 

0x29b: mfence 
  rax=0x0000000000000000 rbx=0x00000000000000e9 rcx=0x0000000000000048 rdx=0x0000000000000000
  rsi=0x0024f25200247152 rdi=0x0000000000000000 flags=0b000001000110
  xmm0=0x0000d7760000d7760000f78d0000f78d xmm1=0x0000abb20000abb20000f48d0000f48d 
  xmm2=0x00002c8200002c8200001c3a00001c3a xmm3=0x00001e1300001e1300009e6500009e65 
  xmm4=0x0000a4a80000a4a800001fa100001fa1 xmm5=0x000084c8000084c80000832100008321 
  xmm6=0x0000ae370000ae370000180500001805 xmm7=0x0000549c0000549c0000ae6c0000ae6c 

0x29e: lfence 
  rax=0x0000000000000000 rbx=0x00000000000000e9 rcx=0x0000000000000048 rdx=0x0000000000000000
  rsi=0x0024f25200247152 rdi=0x0000000000000000 flags=0b000001000110
  xmm0=0x0000d7760000d7760000f78d0000f78d xmm1=0x0000abb20000abb20000f48d0000f48d 
  xmm2=0x00002c8200002c8200001c3a00001c3a xmm3=0x00001e1300001e1300009e6500009e65 
  xmm4=0x0000a4a80000a4a800001fa100001fa1 xmm5=0x000084c8000084c80000832100008321 
  xmm6=0x0000ae370000ae370000180500001805 xmm7=0x0000549c0000549c0000ae6c0000ae6c 

0x2a1: pop rdx
  rax=0x0000000000000000 rbx=0x00000000000000e9 rcx=0x0000000000000048 rdx=0x0000000000000000
  rsi=0x0024f25200247152 rdi=0x0000000000000000 flags=0b000001000110
  xmm0=0x0000d7760000d7760000f78d0000f78d xmm1=0x0000abb20000abb20000f48d0000f48d 
  xmm2=0x00002c8200002c8200001c3a00001c3a xmm3=0x00001e1300001e1300009e6500009e65 
  xmm4=0x0000a4a80000a4a800001fa100001fa1 xmm5=0x000084c8000084c80000832100008321 
  xmm6=0x0000ae370000ae370000180500001805 xmm7=0x0000549c0000549c0000ae6c0000ae6c 

    > load from +0xfe0 value 0x100
0x2a2: pop rcx
  rax=0x0000000000000000 rbx=0x00000000000000e9 rcx=0x0000000000000048 rdx=0x0000000000000100
  rsi=0x0024f25200247152 rdi=0x0000000000000000 flags=0b000001000110
  xmm0=0x0000d7760000d7760000f78d0000f78d xmm1=0x0000abb20000abb20000f48d0000f48d 
  xmm2=0x00002c8200002c8200001c3a00001c3a xmm3=0x00001e1300001e1300009e6500009e65 
  xmm4=0x0000a4a80000a4a800001fa100001fa1 xmm5=0x000084c8000084c80000832100008321 
  xmm6=0x0000ae370000ae370000180500001805 xmm7=0x0000549c0000549c0000ae6c0000ae6c 

    > load from +0xfe8 value 0x7bffec887bfff400
0x2a3: pop rax [test_case_exit]
  rax=0x0000000000000000 rbx=0x00000000000000e9 rcx=0x7bffec887bfff400 rdx=0x0000000000000100
  rsi=0x0024f25200247152 rdi=0x0000000000000000 flags=0b000001000110
  xmm0=0x0000d7760000d7760000f78d0000f78d xmm1=0x0000abb20000abb20000f48d0000f48d 
  xmm2=0x00002c8200002c8200001c3a00001c3a xmm3=0x00001e1300001e1300009e6500009e65 
  xmm4=0x0000a4a80000a4a800001fa100001fa1 xmm5=0x000084c8000084c80000832100008321 
  xmm6=0x0000ae370000ae370000180500001805 xmm7=0x0000549c0000549c0000ae6c0000ae6c 

    > load from +0xff0 value 0xa




================================ Statistics ===================================

Test Cases: 1
Inputs per test case: 100.0
Violations: 1
Effectiveness: 
  Total Cls: 50.0
  Effective Cls: 50.0
Discarded Test Cases:
  Speculation Filter: 0
  Observation Filter: 0
  Fast Path: 0
  Max Nesting Check: 0
  Tainting Check: 0
  Early Priming Check: 0
  Large Sample Check: 0
  Priming Check: 0

Duration: 29.3
Finished at 01:34:47
