
INFO: [fuzzer] Starting at 01:33:48
> Entering slow path...> Priming  1              > Increase sample size to 40> Priming  1              > Increase sample size to 160> Priming  1              > Increase sample size to 320> Priming  1             

================================ Violations detected ==========================
Contract trace:
 17012745425085671697 (hash)
Hardware traces:
  Input group 1: [17]
  Input group 2: [67]
  ^^..^...........^.^^^..........^........^^......^...........^.^^ [202    | 0     ]
  ^^..^...........^.^^^..........^........^.......^...........^.^^ [117    | 106   ]
  ^^^.^......^....^.^^^..........^........^.......^...........^.^^ [1      | 0     ]
  ^^..^...........^.^^^..........^........^.......^.^^........^.^^ [0      | 214   ]

================================ Violation Traces =============================
                      ##### Input 17 #####

                     ##### Input 0 #####
0x0 : push rax
  rax=0x0000811300008113 rbx=0x000084bf000084bf rcx=0x00005c2400005c24 rdx=0x0000144f0000144f
  rsi=0x0000786100007861 rdi=0x0000bf390000bf39 flags=0b000010000011
  xmm0=0x00005175000051750000138c0000138c xmm1=0x0000b1dc0000b1dc0000613900006139 
  xmm2=0x000012ea000012ea0000b4180000b418 xmm3=0x00005f7f00005f7f000091a6000091a6 
  xmm4=0x0000a1db0000a1db00003e7a00003e7a xmm5=0x000053bf000053bf00004b8900004b89 
  xmm6=0x0000dea40000dea40000bae20000bae2 xmm7=0x00008da200008da2000064e6000064e6 

    > store to +0xff0 value 0x811300008113
0x1 : push rcx
  rax=0x0000811300008113 rbx=0x000084bf000084bf rcx=0x00005c2400005c24 rdx=0x0000144f0000144f
  rsi=0x0000786100007861 rdi=0x0000bf390000bf39 flags=0b000010000011
  xmm0=0x00005175000051750000138c0000138c xmm1=0x0000b1dc0000b1dc0000613900006139 
  xmm2=0x000012ea000012ea0000b4180000b418 xmm3=0x00005f7f00005f7f000091a6000091a6 
  xmm4=0x0000a1db0000a1db00003e7a00003e7a xmm5=0x000053bf000053bf00004b8900004b89 
  xmm6=0x0000dea40000dea40000bae20000bae2 xmm7=0x00008da200008da2000064e6000064e6 

    > store to +0xfe8 value 0x5c2400005c24
0x2 : push rdx
  rax=0x0000811300008113 rbx=0x000084bf000084bf rcx=0x00005c2400005c24 rdx=0x0000144f0000144f
  rsi=0x0000786100007861 rdi=0x0000bf390000bf39 flags=0b000010000011
  xmm0=0x00005175000051750000138c0000138c xmm1=0x0000b1dc0000b1dc0000613900006139 
  xmm2=0x000012ea000012ea0000b4180000b418 xmm3=0x00005f7f00005f7f000091a6000091a6 
  xmm4=0x0000a1db0000a1db00003e7a00003e7a xmm5=0x000053bf000053bf00004b8900004b89 
  xmm6=0x0000dea40000dea40000bae20000bae2 xmm7=0x00008da200008da2000064e6000064e6 

    > store to +0xfe0 value 0x144f0000144f
0x3 : mov ecx, 0x1a4
  rax=0x0000811300008113 rbx=0x000084bf000084bf rcx=0x00005c2400005c24 rdx=0x0000144f0000144f
  rsi=0x0000786100007861 rdi=0x0000bf390000bf39 flags=0b000010000011
  xmm0=0x00005175000051750000138c0000138c xmm1=0x0000b1dc0000b1dc0000613900006139 
  xmm2=0x000012ea000012ea0000b4180000b418 xmm3=0x00005f7f00005f7f000091a6000091a6 
  xmm4=0x0000a1db0000a1db00003e7a00003e7a xmm5=0x000053bf000053bf00004b8900004b89 
  xmm6=0x0000dea40000dea40000bae20000bae2 xmm7=0x00008da200008da2000064e6000064e6 

0x8 : mov edx, 0
  rax=0x0000811300008113 rbx=0x000084bf000084bf rcx=0x00000000000001a4 rdx=0x0000144f0000144f
  rsi=0x0000786100007861 rdi=0x0000bf390000bf39 flags=0b000010000011
  xmm0=0x00005175000051750000138c0000138c xmm1=0x0000b1dc0000b1dc0000613900006139 
  xmm2=0x000012ea000012ea0000b4180000b418 xmm3=0x00005f7f00005f7f000091a6000091a6 
  xmm4=0x0000a1db0000a1db00003e7a00003e7a xmm5=0x000053bf000053bf00004b8900004b89 
  xmm6=0x0000dea40000dea40000bae20000bae2 xmm7=0x00008da200008da2000064e6000064e6 

0xd : mov eax, 0b101111
  rax=0x0000811300008113 rbx=0x000084bf000084bf rcx=0x00000000000001a4 rdx=0x0000000000000000
  rsi=0x0000786100007861 rdi=0x0000bf390000bf39 flags=0b000010000011
  xmm0=0x00005175000051750000138c0000138c xmm1=0x0000b1dc0000b1dc0000613900006139 
  xmm2=0x000012ea000012ea0000b4180000b418 xmm3=0x00005f7f00005f7f000091a6000091a6 
  xmm4=0x0000a1db0000a1db00003e7a00003e7a xmm5=0x000053bf000053bf00004b8900004b89 
  xmm6=0x0000dea40000dea40000bae20000bae2 xmm7=0x00008da200008da2000064e6000064e6 

0x12: wrmsr 
  rax=0x000000000000002f rbx=0x000084bf000084bf rcx=0x00000000000001a4 rdx=0x0000000000000000
  rsi=0x0000786100007861 rdi=0x0000bf390000bf39 flags=0b000010000011
  xmm0=0x00005175000051750000138c0000138c xmm1=0x0000b1dc0000b1dc0000613900006139 
  xmm2=0x000012ea000012ea0000b4180000b418 xmm3=0x00005f7f00005f7f000091a6000091a6 
  xmm4=0x0000a1db0000a1db00003e7a00003e7a xmm5=0x000053bf000053bf00004b8900004b89 
  xmm6=0x0000dea40000dea40000bae20000bae2 xmm7=0x00008da200008da2000064e6000064e6 

0x14: mov ecx, 0x48
  rax=0x000000000000002f rbx=0x000084bf000084bf rcx=0x00000000000001a4 rdx=0x0000000000000000
  rsi=0x0000786100007861 rdi=0x0000bf390000bf39 flags=0b000010000011
  xmm0=0x00005175000051750000138c0000138c xmm1=0x0000b1dc0000b1dc0000613900006139 
  xmm2=0x000012ea000012ea0000b4180000b418 xmm3=0x00005f7f00005f7f000091a6000091a6 
  xmm4=0x0000a1db0000a1db00003e7a00003e7a xmm5=0x000053bf000053bf00004b8900004b89 
  xmm6=0x0000dea40000dea40000bae20000bae2 xmm7=0x00008da200008da2000064e6000064e6 

0x19: rdmsr 
  rax=0x000000000000002f rbx=0x000084bf000084bf rcx=0x0000000000000048 rdx=0x0000000000000000
  rsi=0x0000786100007861 rdi=0x0000bf390000bf39 flags=0b000010000011
  xmm0=0x00005175000051750000138c0000138c xmm1=0x0000b1dc0000b1dc0000613900006139 
  xmm2=0x000012ea000012ea0000b4180000b418 xmm3=0x00005f7f00005f7f000091a6000091a6 
  xmm4=0x0000a1db0000a1db00003e7a00003e7a xmm5=0x000053bf000053bf00004b8900004b89 
  xmm6=0x0000dea40000dea40000bae20000bae2 xmm7=0x00008da200008da2000064e6000064e6 

0x1b: and eax, 0xfffffffb
  rax=0x0000000000000000 rbx=0x000084bf000084bf rcx=0x0000000000000048 rdx=0x0000000000000000
  rsi=0x0000786100007861 rdi=0x0000bf390000bf39 flags=0b000010000011
  xmm0=0x00005175000051750000138c0000138c xmm1=0x0000b1dc0000b1dc0000613900006139 
  xmm2=0x000012ea000012ea0000b4180000b418 xmm3=0x00005f7f00005f7f000091a6000091a6 
  xmm4=0x0000a1db0000a1db00003e7a00003e7a xmm5=0x000053bf000053bf00004b8900004b89 
  xmm6=0x0000dea40000dea40000bae20000bae2 xmm7=0x00008da200008da2000064e6000064e6 

0x1e: or eax, 0x100
  rax=0x0000000000000000 rbx=0x000084bf000084bf rcx=0x0000000000000048 rdx=0x0000000000000000
  rsi=0x0000786100007861 rdi=0x0000bf390000bf39 flags=0b000001000110
  xmm0=0x00005175000051750000138c0000138c xmm1=0x0000b1dc0000b1dc0000613900006139 
  xmm2=0x000012ea000012ea0000b4180000b418 xmm3=0x00005f7f00005f7f000091a6000091a6 
  xmm4=0x0000a1db0000a1db00003e7a00003e7a xmm5=0x000053bf000053bf00004b8900004b89 
  xmm6=0x0000dea40000dea40000bae20000bae2 xmm7=0x00008da200008da2000064e6000064e6 

0x23: wrmsr 
  rax=0x0000000000000100 rbx=0x000084bf000084bf rcx=0x0000000000000048 rdx=0x0000000000000000
  rsi=0x0000786100007861 rdi=0x0000bf390000bf39 flags=0b000000000110
  xmm0=0x00005175000051750000138c0000138c xmm1=0x0000b1dc0000b1dc0000613900006139 
  xmm2=0x000012ea000012ea0000b4180000b418 xmm3=0x00005f7f00005f7f000091a6000091a6 
  xmm4=0x0000a1db0000a1db00003e7a00003e7a xmm5=0x000053bf000053bf00004b8900004b89 
  xmm6=0x0000dea40000dea40000bae20000bae2 xmm7=0x00008da200008da2000064e6000064e6 

0x25: mfence 
  rax=0x0000000000000100 rbx=0x000084bf000084bf rcx=0x0000000000000048 rdx=0x0000000000000000
  rsi=0x0000786100007861 rdi=0x0000bf390000bf39 flags=0b000000000110
  xmm0=0x00005175000051750000138c0000138c xmm1=0x0000b1dc0000b1dc0000613900006139 
  xmm2=0x000012ea000012ea0000b4180000b418 xmm3=0x00005f7f00005f7f000091a6000091a6 
  xmm4=0x0000a1db0000a1db00003e7a00003e7a xmm5=0x000053bf000053bf00004b8900004b89 
  xmm6=0x0000dea40000dea40000bae20000bae2 xmm7=0x00008da200008da2000064e6000064e6 

0x28: lfence 
  rax=0x0000000000000100 rbx=0x000084bf000084bf rcx=0x0000000000000048 rdx=0x0000000000000000
  rsi=0x0000786100007861 rdi=0x0000bf390000bf39 flags=0b000000000110
  xmm0=0x00005175000051750000138c0000138c xmm1=0x0000b1dc0000b1dc0000613900006139 
  xmm2=0x000012ea000012ea0000b4180000b418 xmm3=0x00005f7f00005f7f000091a6000091a6 
  xmm4=0x0000a1db0000a1db00003e7a00003e7a xmm5=0x000053bf000053bf00004b8900004b89 
  xmm6=0x0000dea40000dea40000bae20000bae2 xmm7=0x00008da200008da2000064e6000064e6 

0x2b: macro .measurement_start, .noarg
  rax=0x0000000000000100 rbx=0x000084bf000084bf rcx=0x0000000000000048 rdx=0x0000000000000000
  rsi=0x0000786100007861 rdi=0x0000bf390000bf39 flags=0b000000000110
  xmm0=0x00005175000051750000138c0000138c xmm1=0x0000b1dc0000b1dc0000613900006139 
  xmm2=0x000012ea000012ea0000b4180000b418 xmm3=0x00005f7f00005f7f000091a6000091a6 
  xmm4=0x0000a1db0000a1db00003e7a00003e7a xmm5=0x000053bf000053bf00004b8900004b89 
  xmm6=0x0000dea40000dea40000bae20000bae2 xmm7=0x00008da200008da2000064e6000064e6 

0x33: mov ecx, 0x1a4
  rax=0x0000000000000100 rbx=0x000084bf000084bf rcx=0x0000000000000048 rdx=0x0000000000000000
  rsi=0x0000786100007861 rdi=0x0000bf390000bf39 flags=0b000000000110
  xmm0=0x00005175000051750000138c0000138c xmm1=0x0000b1dc0000b1dc0000613900006139 
  xmm2=0x000012ea000012ea0000b4180000b418 xmm3=0x00005f7f00005f7f000091a6000091a6 
  xmm4=0x0000a1db0000a1db00003e7a00003e7a xmm5=0x000053bf000053bf00004b8900004b89 
  xmm6=0x0000dea40000dea40000bae20000bae2 xmm7=0x00008da200008da2000064e6000064e6 

0x38: mov edx, 0
  rax=0x0000000000000100 rbx=0x000084bf000084bf rcx=0x00000000000001a4 rdx=0x0000000000000000
  rsi=0x0000786100007861 rdi=0x0000bf390000bf39 flags=0b000000000110
  xmm0=0x00005175000051750000138c0000138c xmm1=0x0000b1dc0000b1dc0000613900006139 
  xmm2=0x000012ea000012ea0000b4180000b418 xmm3=0x00005f7f00005f7f000091a6000091a6 
  xmm4=0x0000a1db0000a1db00003e7a00003e7a xmm5=0x000053bf000053bf00004b8900004b89 
  xmm6=0x0000dea40000dea40000bae20000bae2 xmm7=0x00008da200008da2000064e6000064e6 

0x3d: mov eax, 0b000000
  rax=0x0000000000000100 rbx=0x000084bf000084bf rcx=0x00000000000001a4 rdx=0x0000000000000000
  rsi=0x0000786100007861 rdi=0x0000bf390000bf39 flags=0b000000000110
  xmm0=0x00005175000051750000138c0000138c xmm1=0x0000b1dc0000b1dc0000613900006139 
  xmm2=0x000012ea000012ea0000b4180000b418 xmm3=0x00005f7f00005f7f000091a6000091a6 
  xmm4=0x0000a1db0000a1db00003e7a00003e7a xmm5=0x000053bf000053bf00004b8900004b89 
  xmm6=0x0000dea40000dea40000bae20000bae2 xmm7=0x00008da200008da2000064e6000064e6 

0x42: mov ecx, 0x48
  rax=0x0000000000000000 rbx=0x000084bf000084bf rcx=0x00000000000001a4 rdx=0x0000000000000000
  rsi=0x0000786100007861 rdi=0x0000bf390000bf39 flags=0b000000000110
  xmm0=0x00005175000051750000138c0000138c xmm1=0x0000b1dc0000b1dc0000613900006139 
  xmm2=0x000012ea000012ea0000b4180000b418 xmm3=0x00005f7f00005f7f000091a6000091a6 
  xmm4=0x0000a1db0000a1db00003e7a00003e7a xmm5=0x000053bf000053bf00004b8900004b89 
  xmm6=0x0000dea40000dea40000bae20000bae2 xmm7=0x00008da200008da2000064e6000064e6 

0x47: rdmsr 
  rax=0x0000000000000000 rbx=0x000084bf000084bf rcx=0x0000000000000048 rdx=0x0000000000000000
  rsi=0x0000786100007861 rdi=0x0000bf390000bf39 flags=0b000000000110
  xmm0=0x00005175000051750000138c0000138c xmm1=0x0000b1dc0000b1dc0000613900006139 
  xmm2=0x000012ea000012ea0000b4180000b418 xmm3=0x00005f7f00005f7f000091a6000091a6 
  xmm4=0x0000a1db0000a1db00003e7a00003e7a xmm5=0x000053bf000053bf00004b8900004b89 
  xmm6=0x0000dea40000dea40000bae20000bae2 xmm7=0x00008da200008da2000064e6000064e6 

0x49: and eax, 0xfffffffb
  rax=0x0000000000000000 rbx=0x000084bf000084bf rcx=0x0000000000000048 rdx=0x0000000000000000
  rsi=0x0000786100007861 rdi=0x0000bf390000bf39 flags=0b000000000110
  xmm0=0x00005175000051750000138c0000138c xmm1=0x0000b1dc0000b1dc0000613900006139 
  xmm2=0x000012ea000012ea0000b4180000b418 xmm3=0x00005f7f00005f7f000091a6000091a6 
  xmm4=0x0000a1db0000a1db00003e7a00003e7a xmm5=0x000053bf000053bf00004b8900004b89 
  xmm6=0x0000dea40000dea40000bae20000bae2 xmm7=0x00008da200008da2000064e6000064e6 

0x4c: and eax, 0xfffffeff
  rax=0x0000000000000000 rbx=0x000084bf000084bf rcx=0x0000000000000048 rdx=0x0000000000000000
  rsi=0x0000786100007861 rdi=0x0000bf390000bf39 flags=0b000001000110
  xmm0=0x00005175000051750000138c0000138c xmm1=0x0000b1dc0000b1dc0000613900006139 
  xmm2=0x000012ea000012ea0000b4180000b418 xmm3=0x00005f7f00005f7f000091a6000091a6 
  xmm4=0x0000a1db0000a1db00003e7a00003e7a xmm5=0x000053bf000053bf00004b8900004b89 
  xmm6=0x0000dea40000dea40000bae20000bae2 xmm7=0x00008da200008da2000064e6000064e6 

0x51: wrmsr 
  rax=0x0000000000000000 rbx=0x000084bf000084bf rcx=0x0000000000000048 rdx=0x0000000000000000
  rsi=0x0000786100007861 rdi=0x0000bf390000bf39 flags=0b000001000110
  xmm0=0x00005175000051750000138c0000138c xmm1=0x0000b1dc0000b1dc0000613900006139 
  xmm2=0x000012ea000012ea0000b4180000b418 xmm3=0x00005f7f00005f7f000091a6000091a6 
  xmm4=0x0000a1db0000a1db00003e7a00003e7a xmm5=0x000053bf000053bf00004b8900004b89 
  xmm6=0x0000dea40000dea40000bae20000bae2 xmm7=0x00008da200008da2000064e6000064e6 

0x53: mfence 
  rax=0x0000000000000000 rbx=0x000084bf000084bf rcx=0x0000000000000048 rdx=0x0000000000000000
  rsi=0x0000786100007861 rdi=0x0000bf390000bf39 flags=0b000001000110
  xmm0=0x00005175000051750000138c0000138c xmm1=0x0000b1dc0000b1dc0000613900006139 
  xmm2=0x000012ea000012ea0000b4180000b418 xmm3=0x00005f7f00005f7f000091a6000091a6 
  xmm4=0x0000a1db0000a1db00003e7a00003e7a xmm5=0x000053bf000053bf00004b8900004b89 
  xmm6=0x0000dea40000dea40000bae20000bae2 xmm7=0x00008da200008da2000064e6000064e6 

0x56: lfence 
  rax=0x0000000000000000 rbx=0x000084bf000084bf rcx=0x0000000000000048 rdx=0x0000000000000000
  rsi=0x0000786100007861 rdi=0x0000bf390000bf39 flags=0b000001000110
  xmm0=0x00005175000051750000138c0000138c xmm1=0x0000b1dc0000b1dc0000613900006139 
  xmm2=0x000012ea000012ea0000b4180000b418 xmm3=0x00005f7f00005f7f000091a6000091a6 
  xmm4=0x0000a1db0000a1db00003e7a00003e7a xmm5=0x000053bf000053bf00004b8900004b89 
  xmm6=0x0000dea40000dea40000bae20000bae2 xmm7=0x00008da200008da2000064e6000064e6 

0x59: pop rdx
  rax=0x0000000000000000 rbx=0x000084bf000084bf rcx=0x0000000000000048 rdx=0x0000000000000000
  rsi=0x0000786100007861 rdi=0x0000bf390000bf39 flags=0b000001000110
  xmm0=0x00005175000051750000138c0000138c xmm1=0x0000b1dc0000b1dc0000613900006139 
  xmm2=0x000012ea000012ea0000b4180000b418 xmm3=0x00005f7f00005f7f000091a6000091a6 
  xmm4=0x0000a1db0000a1db00003e7a00003e7a xmm5=0x000053bf000053bf00004b8900004b89 
  xmm6=0x0000dea40000dea40000bae20000bae2 xmm7=0x00008da200008da2000064e6000064e6 

    > load from +0xfe0 value 0x144f0000144f
0x5a: pop rcx
  rax=0x0000000000000000 rbx=0x000084bf000084bf rcx=0x0000000000000048 rdx=0x0000144f0000144f
  rsi=0x0000786100007861 rdi=0x0000bf390000bf39 flags=0b000001000110
  xmm0=0x00005175000051750000138c0000138c xmm1=0x0000b1dc0000b1dc0000613900006139 
  xmm2=0x000012ea000012ea0000b4180000b418 xmm3=0x00005f7f00005f7f000091a6000091a6 
  xmm4=0x0000a1db0000a1db00003e7a00003e7a xmm5=0x000053bf000053bf00004b8900004b89 
  xmm6=0x0000dea40000dea40000bae20000bae2 xmm7=0x00008da200008da2000064e6000064e6 

    > load from +0xfe8 value 0x5c2400005c24
0x5b: pop rax
  rax=0x0000000000000000 rbx=0x000084bf000084bf rcx=0x00005c2400005c24 rdx=0x0000144f0000144f
  rsi=0x0000786100007861 rdi=0x0000bf390000bf39 flags=0b000001000110
  xmm0=0x00005175000051750000138c0000138c xmm1=0x0000b1dc0000b1dc0000613900006139 
  xmm2=0x000012ea000012ea0000b4180000b418 xmm3=0x00005f7f00005f7f000091a6000091a6 
  xmm4=0x0000a1db0000a1db00003e7a00003e7a xmm5=0x000053bf000053bf00004b8900004b89 
  xmm6=0x0000dea40000dea40000bae20000bae2 xmm7=0x00008da200008da2000064e6000064e6 

    > load from +0xff0 value 0x811300008113
0x5c: and rax, 0b1111111111111
  rax=0x0000811300008113 rbx=0x000084bf000084bf rcx=0x00005c2400005c24 rdx=0x0000144f0000144f
  rsi=0x0000786100007861 rdi=0x0000bf390000bf39 flags=0b000001000110
  xmm0=0x00005175000051750000138c0000138c xmm1=0x0000b1dc0000b1dc0000613900006139 
  xmm2=0x000012ea000012ea0000b4180000b418 xmm3=0x00005f7f00005f7f000091a6000091a6 
  xmm4=0x0000a1db0000a1db00003e7a00003e7a xmm5=0x000053bf000053bf00004b8900004b89 
  xmm6=0x0000dea40000dea40000bae20000bae2 xmm7=0x00008da200008da2000064e6000064e6 

0x62: imul rsi, [r14 +rax]
  rax=0x0000000000000113 rbx=0x000084bf000084bf rcx=0x00005c2400005c24 rdx=0x0000144f0000144f
  rsi=0x0000786100007861 rdi=0x0000bf390000bf39 flags=0b000000000010
  xmm0=0x00005175000051750000138c0000138c xmm1=0x0000b1dc0000b1dc0000613900006139 
  xmm2=0x000012ea000012ea0000b4180000b418 xmm3=0x00005f7f00005f7f000091a6000091a6 
  xmm4=0x0000a1db0000a1db00003e7a00003e7a xmm5=0x000053bf000053bf00004b8900004b89 
  xmm6=0x0000dea40000dea40000bae20000bae2 xmm7=0x00008da200008da2000064e6000064e6 

    > load from +0x113 value 0x87fb0000ba0f00
0x67: add dil, 63
  rax=0x0000000000000113 rbx=0x000084bf000084bf rcx=0x00005c2400005c24 rdx=0x0000144f0000144f
  rsi=0x6eb5ca577d87af00 rdi=0x0000bf390000bf39 flags=0b100000000111
  xmm0=0x00005175000051750000138c0000138c xmm1=0x0000b1dc0000b1dc0000613900006139 
  xmm2=0x000012ea000012ea0000b4180000b418 xmm3=0x00005f7f00005f7f000091a6000091a6 
  xmm4=0x0000a1db0000a1db00003e7a00003e7a xmm5=0x000053bf000053bf00004b8900004b89 
  xmm6=0x0000dea40000dea40000bae20000bae2 xmm7=0x00008da200008da2000064e6000064e6 

0x6b: and rbx, 0b1111111111111
  rax=0x0000000000000113 rbx=0x000084bf000084bf rcx=0x00005c2400005c24 rdx=0x0000144f0000144f
  rsi=0x6eb5ca577d87af00 rdi=0x0000bf390000bf78 flags=0b000000010110
  xmm0=0x00005175000051750000138c0000138c xmm1=0x0000b1dc0000b1dc0000613900006139 
  xmm2=0x000012ea000012ea0000b4180000b418 xmm3=0x00005f7f00005f7f000091a6000091a6 
  xmm4=0x0000a1db0000a1db00003e7a00003e7a xmm5=0x000053bf000053bf00004b8900004b89 
  xmm6=0x0000dea40000dea40000bae20000bae2 xmm7=0x00008da200008da2000064e6000064e6 

0x72: movsxd rdi, [r14 +rbx]
  rax=0x0000000000000113 rbx=0x00000000000004bf rcx=0x00005c2400005c24 rdx=0x0000144f0000144f
  rsi=0x6eb5ca577d87af00 rdi=0x0000bf390000bf78 flags=0b000000000010
  xmm0=0x00005175000051750000138c0000138c xmm1=0x0000b1dc0000b1dc0000613900006139 
  xmm2=0x000012ea000012ea0000b4180000b418 xmm3=0x00005f7f00005f7f000091a6000091a6 
  xmm4=0x0000a1db0000a1db00003e7a00003e7a xmm5=0x000053bf000053bf00004b8900004b89 
  xmm6=0x0000dea40000dea40000bae20000bae2 xmm7=0x00008da200008da2000064e6000064e6 

    > load from +0x4bf value 0x559600
0x76: cwde 
  rax=0x0000000000000113 rbx=0x00000000000004bf rcx=0x00005c2400005c24 rdx=0x0000144f0000144f
  rsi=0x6eb5ca577d87af00 rdi=0x0000000000559600 flags=0b000000000010
  xmm0=0x00005175000051750000138c0000138c xmm1=0x0000b1dc0000b1dc0000613900006139 
  xmm2=0x000012ea000012ea0000b4180000b418 xmm3=0x00005f7f00005f7f000091a6000091a6 
  xmm4=0x0000a1db0000a1db00003e7a00003e7a xmm5=0x000053bf000053bf00004b8900004b89 
  xmm6=0x0000dea40000dea40000bae20000bae2 xmm7=0x00008da200008da2000064e6000064e6 

0x77: and rax, 0b1111111111111
  rax=0x0000000000000113 rbx=0x00000000000004bf rcx=0x00005c2400005c24 rdx=0x0000144f0000144f
  rsi=0x6eb5ca577d87af00 rdi=0x0000000000559600 flags=0b000000000010
  xmm0=0x00005175000051750000138c0000138c xmm1=0x0000b1dc0000b1dc0000613900006139 
  xmm2=0x000012ea000012ea0000b4180000b418 xmm3=0x00005f7f00005f7f000091a6000091a6 
  xmm4=0x0000a1db0000a1db00003e7a00003e7a xmm5=0x000053bf000053bf00004b8900004b89 
  xmm6=0x0000dea40000dea40000bae20000bae2 xmm7=0x00008da200008da2000064e6000064e6 

0x7d: cmovnbe di, [r14 +rax]
  rax=0x0000000000000113 rbx=0x00000000000004bf rcx=0x00005c2400005c24 rdx=0x0000144f0000144f
  rsi=0x6eb5ca577d87af00 rdi=0x0000000000559600 flags=0b000000000010
  xmm0=0x00005175000051750000138c0000138c xmm1=0x0000b1dc0000b1dc0000613900006139 
  xmm2=0x000012ea000012ea0000b4180000b418 xmm3=0x00005f7f00005f7f000091a6000091a6 
  xmm4=0x0000a1db0000a1db00003e7a00003e7a xmm5=0x000053bf000053bf00004b8900004b89 
  xmm6=0x0000dea40000dea40000bae20000bae2 xmm7=0x00008da200008da2000064e6000064e6 

    > load from +0x113 value 0xf00
0x83: bts ecx, 155
  rax=0x0000000000000113 rbx=0x00000000000004bf rcx=0x00005c2400005c24 rdx=0x0000144f0000144f
  rsi=0x6eb5ca577d87af00 rdi=0x0000000000550f00 flags=0b000000000010
  xmm0=0x00005175000051750000138c0000138c xmm1=0x0000b1dc0000b1dc0000613900006139 
  xmm2=0x000012ea000012ea0000b4180000b418 xmm3=0x00005f7f00005f7f000091a6000091a6 
  xmm4=0x0000a1db0000a1db00003e7a00003e7a xmm5=0x000053bf000053bf00004b8900004b89 
  xmm6=0x0000dea40000dea40000bae20000bae2 xmm7=0x00008da200008da2000064e6000064e6 

0x87: and rcx, 0b1111111111111
  rax=0x0000000000000113 rbx=0x00000000000004bf rcx=0x0000000008005c24 rdx=0x0000144f0000144f
  rsi=0x6eb5ca577d87af00 rdi=0x0000000000550f00 flags=0b000000000010
  xmm0=0x00005175000051750000138c0000138c xmm1=0x0000b1dc0000b1dc0000613900006139 
  xmm2=0x000012ea000012ea0000b4180000b418 xmm3=0x00005f7f00005f7f000091a6000091a6 
  xmm4=0x0000a1db0000a1db00003e7a00003e7a xmm5=0x000053bf000053bf00004b8900004b89 
  xmm6=0x0000dea40000dea40000bae20000bae2 xmm7=0x00008da200008da2000064e6000064e6 

0x8e: sbb edx, [r14 +rcx]
  rax=0x0000000000000113 rbx=0x00000000000004bf rcx=0x0000000000001c24 rdx=0x0000144f0000144f
  rsi=0x6eb5ca577d87af00 rdi=0x0000000000550f00 flags=0b000000000110
  xmm0=0x00005175000051750000138c0000138c xmm1=0x0000b1dc0000b1dc0000613900006139 
  xmm2=0x000012ea000012ea0000b4180000b418 xmm3=0x00005f7f00005f7f000091a6000091a6 
  xmm4=0x0000a1db0000a1db00003e7a00003e7a xmm5=0x000053bf000053bf00004b8900004b89 
  xmm6=0x0000dea40000dea40000bae20000bae2 xmm7=0x00008da200008da2000064e6000064e6 

    > load from +0x1c24 value 0x6276
0x92: dec cl
  rax=0x0000000000000113 rbx=0x00000000000004bf rcx=0x0000000000001c24 rdx=0x00000000ffffb1d9
  rsi=0x6eb5ca577d87af00 rdi=0x0000000000550f00 flags=0b000010000011
  xmm0=0x00005175000051750000138c0000138c xmm1=0x0000b1dc0000b1dc0000613900006139 
  xmm2=0x000012ea000012ea0000b4180000b418 xmm3=0x00005f7f00005f7f000091a6000091a6 
  xmm4=0x0000a1db0000a1db00003e7a00003e7a xmm5=0x000053bf000053bf00004b8900004b89 
  xmm6=0x0000dea40000dea40000bae20000bae2 xmm7=0x00008da200008da2000064e6000064e6 

0x94: and rbx, 0b1111111111111
  rax=0x0000000000000113 rbx=0x00000000000004bf rcx=0x0000000000001c23 rdx=0x00000000ffffb1d9
  rsi=0x6eb5ca577d87af00 rdi=0x0000000000550f00 flags=0b000000000011
  xmm0=0x00005175000051750000138c0000138c xmm1=0x0000b1dc0000b1dc0000613900006139 
  xmm2=0x000012ea000012ea0000b4180000b418 xmm3=0x00005f7f00005f7f000091a6000091a6 
  xmm4=0x0000a1db0000a1db00003e7a00003e7a xmm5=0x000053bf000053bf00004b8900004b89 
  xmm6=0x0000dea40000dea40000bae20000bae2 xmm7=0x00008da200008da2000064e6000064e6 

0x9b: or bl, [r14 +rbx]
  rax=0x0000000000000113 rbx=0x00000000000004bf rcx=0x0000000000001c23 rdx=0x00000000ffffb1d9
  rsi=0x6eb5ca577d87af00 rdi=0x0000000000550f00 flags=0b000000000010
  xmm0=0x00005175000051750000138c0000138c xmm1=0x0000b1dc0000b1dc0000613900006139 
  xmm2=0x000012ea000012ea0000b4180000b418 xmm3=0x00005f7f00005f7f000091a6000091a6 
  xmm4=0x0000a1db0000a1db00003e7a00003e7a xmm5=0x000053bf000053bf00004b8900004b89 
  xmm6=0x0000dea40000dea40000bae20000bae2 xmm7=0x00008da200008da2000064e6000064e6 

    > load from +0x4bf value 0x0
0x9f: or eax, ebx
  rax=0x0000000000000113 rbx=0x00000000000004bf rcx=0x0000000000001c23 rdx=0x00000000ffffb1d9
  rsi=0x6eb5ca577d87af00 rdi=0x0000000000550f00 flags=0b000010000010
  xmm0=0x00005175000051750000138c0000138c xmm1=0x0000b1dc0000b1dc0000613900006139 
  xmm2=0x000012ea000012ea0000b4180000b418 xmm3=0x00005f7f00005f7f000091a6000091a6 
  xmm4=0x0000a1db0000a1db00003e7a00003e7a xmm5=0x000053bf000053bf00004b8900004b89 
  xmm6=0x0000dea40000dea40000bae20000bae2 xmm7=0x00008da200008da2000064e6000064e6 

0xa1: and rsi, 0b1111111111111
  rax=0x00000000000005bf rbx=0x00000000000004bf rcx=0x0000000000001c23 rdx=0x00000000ffffb1d9
  rsi=0x6eb5ca577d87af00 rdi=0x0000000000550f00 flags=0b000000000010
  xmm0=0x00005175000051750000138c0000138c xmm1=0x0000b1dc0000b1dc0000613900006139 
  xmm2=0x000012ea000012ea0000b4180000b418 xmm3=0x00005f7f00005f7f000091a6000091a6 
  xmm4=0x0000a1db0000a1db00003e7a00003e7a xmm5=0x000053bf000053bf00004b8900004b89 
  xmm6=0x0000dea40000dea40000bae20000bae2 xmm7=0x00008da200008da2000064e6000064e6 

0xa8: dec [r14 +rsi]
  rax=0x00000000000005bf rbx=0x00000000000004bf rcx=0x0000000000001c23 rdx=0x00000000ffffb1d9
  rsi=0x0000000000000f00 rdi=0x0000000000550f00 flags=0b000000000110
  xmm0=0x00005175000051750000138c0000138c xmm1=0x0000b1dc0000b1dc0000613900006139 
  xmm2=0x000012ea000012ea0000b4180000b418 xmm3=0x00005f7f00005f7f000091a6000091a6 
  xmm4=0x0000a1db0000a1db00003e7a00003e7a xmm5=0x000053bf000053bf00004b8900004b89 
  xmm6=0x0000dea40000dea40000bae20000bae2 xmm7=0x00008da200008da2000064e6000064e6 

    > load from +0xf00 value 0x3eb1
    > store to +0xf00 value 0x3eb0
0xac: movsx rdx, cx
  rax=0x00000000000005bf rbx=0x00000000000004bf rcx=0x0000000000001c23 rdx=0x00000000ffffb1d9
  rsi=0x0000000000000f00 rdi=0x0000000000550f00 flags=0b000000000010
  xmm0=0x00005175000051750000138c0000138c xmm1=0x0000b1dc0000b1dc0000613900006139 
  xmm2=0x000012ea000012ea0000b4180000b418 xmm3=0x00005f7f00005f7f000091a6000091a6 
  xmm4=0x0000a1db0000a1db00003e7a00003e7a xmm5=0x000053bf000053bf00004b8900004b89 
  xmm6=0x0000dea40000dea40000bae20000bae2 xmm7=0x00008da200008da2000064e6000064e6 

0xb0: test esi, eax
  rax=0x00000000000005bf rbx=0x00000000000004bf rcx=0x0000000000001c23 rdx=0x0000000000001c23
  rsi=0x0000000000000f00 rdi=0x0000000000550f00 flags=0b000000000010
  xmm0=0x00005175000051750000138c0000138c xmm1=0x0000b1dc0000b1dc0000613900006139 
  xmm2=0x000012ea000012ea0000b4180000b418 xmm3=0x00005f7f00005f7f000091a6000091a6 
  xmm4=0x0000a1db0000a1db00003e7a00003e7a xmm5=0x000053bf000053bf00004b8900004b89 
  xmm6=0x0000dea40000dea40000bae20000bae2 xmm7=0x00008da200008da2000064e6000064e6 

0xb2: sbb al, -7
  rax=0x00000000000005bf rbx=0x00000000000004bf rcx=0x0000000000001c23 rdx=0x0000000000001c23
  rsi=0x0000000000000f00 rdi=0x0000000000550f00 flags=0b000000000110
  xmm0=0x00005175000051750000138c0000138c xmm1=0x0000b1dc0000b1dc0000613900006139 
  xmm2=0x000012ea000012ea0000b4180000b418 xmm3=0x00005f7f00005f7f000091a6000091a6 
  xmm4=0x0000a1db0000a1db00003e7a00003e7a xmm5=0x000053bf000053bf00004b8900004b89 
  xmm6=0x0000dea40000dea40000bae20000bae2 xmm7=0x00008da200008da2000064e6000064e6 

0xb4: and rcx, 0b1111111111111
  rax=0x00000000000005c6 rbx=0x00000000000004bf rcx=0x0000000000001c23 rdx=0x0000000000001c23
  rsi=0x0000000000000f00 rdi=0x0000000000550f00 flags=0b000010000111
  xmm0=0x00005175000051750000138c0000138c xmm1=0x0000b1dc0000b1dc0000613900006139 
  xmm2=0x000012ea000012ea0000b4180000b418 xmm3=0x00005f7f00005f7f000091a6000091a6 
  xmm4=0x0000a1db0000a1db00003e7a00003e7a xmm5=0x000053bf000053bf00004b8900004b89 
  xmm6=0x0000dea40000dea40000bae20000bae2 xmm7=0x00008da200008da2000064e6000064e6 

0xbb: or sil, [r14 +rcx]
  rax=0x00000000000005c6 rbx=0x00000000000004bf rcx=0x0000000000001c23 rdx=0x0000000000001c23
  rsi=0x0000000000000f00 rdi=0x0000000000550f00 flags=0b000000000010
  xmm0=0x00005175000051750000138c0000138c xmm1=0x0000b1dc0000b1dc0000613900006139 
  xmm2=0x000012ea000012ea0000b4180000b418 xmm3=0x00005f7f00005f7f000091a6000091a6 
  xmm4=0x0000a1db0000a1db00003e7a00003e7a xmm5=0x000053bf000053bf00004b8900004b89 
  xmm6=0x0000dea40000dea40000bae20000bae2 xmm7=0x00008da200008da2000064e6000064e6 

    > load from +0x1c23 value 0x0
0xbf: and rdi, 0b1111111111111
  rax=0x00000000000005c6 rbx=0x00000000000004bf rcx=0x0000000000001c23 rdx=0x0000000000001c23
  rsi=0x0000000000000f00 rdi=0x0000000000550f00 flags=0b000001000110
  xmm0=0x00005175000051750000138c0000138c xmm1=0x0000b1dc0000b1dc0000613900006139 
  xmm2=0x000012ea000012ea0000b4180000b418 xmm3=0x00005f7f00005f7f000091a6000091a6 
  xmm4=0x0000a1db0000a1db00003e7a00003e7a xmm5=0x000053bf000053bf00004b8900004b89 
  xmm6=0x0000dea40000dea40000bae20000bae2 xmm7=0x00008da200008da2000064e6000064e6 

0xc6: sbb [r14 +rdi], ax
  rax=0x00000000000005c6 rbx=0x00000000000004bf rcx=0x0000000000001c23 rdx=0x0000000000001c23
  rsi=0x0000000000000f00 rdi=0x0000000000000f00 flags=0b000000000110
  xmm0=0x00005175000051750000138c0000138c xmm1=0x0000b1dc0000b1dc0000613900006139 
  xmm2=0x000012ea000012ea0000b4180000b418 xmm3=0x00005f7f00005f7f000091a6000091a6 
  xmm4=0x0000a1db0000a1db00003e7a00003e7a xmm5=0x000053bf000053bf00004b8900004b89 
  xmm6=0x0000dea40000dea40000bae20000bae2 xmm7=0x00008da200008da2000064e6000064e6 

    > load from +0xf00 value 0x3eb0
    > store to +0xf00 value 0x38ea
0xcb: setno dl
  rax=0x00000000000005c6 rbx=0x00000000000004bf rcx=0x0000000000001c23 rdx=0x0000000000001c23
  rsi=0x0000000000000f00 rdi=0x0000000000000f00 flags=0b000000010010
  xmm0=0x00005175000051750000138c0000138c xmm1=0x0000b1dc0000b1dc0000613900006139 
  xmm2=0x000012ea000012ea0000b4180000b418 xmm3=0x00005f7f00005f7f000091a6000091a6 
  xmm4=0x0000a1db0000a1db00003e7a00003e7a xmm5=0x000053bf000053bf00004b8900004b89 
  xmm6=0x0000dea40000dea40000bae20000bae2 xmm7=0x00008da200008da2000064e6000064e6 

0xce: and rdx, 0b1111111111000
  rax=0x00000000000005c6 rbx=0x00000000000004bf rcx=0x0000000000001c23 rdx=0x0000000000001c01
  rsi=0x0000000000000f00 rdi=0x0000000000000f00 flags=0b000000010010
  xmm0=0x00005175000051750000138c0000138c xmm1=0x0000b1dc0000b1dc0000613900006139 
  xmm2=0x000012ea000012ea0000b4180000b418 xmm3=0x00005f7f00005f7f000091a6000091a6 
  xmm4=0x0000a1db0000a1db00003e7a00003e7a xmm5=0x000053bf000053bf00004b8900004b89 
  xmm6=0x0000dea40000dea40000bae20000bae2 xmm7=0x00008da200008da2000064e6000064e6 

0xd5: lock and [r14 +rdx], rbx
  rax=0x00000000000005c6 rbx=0x00000000000004bf rcx=0x0000000000001c23 rdx=0x0000000000001c00
  rsi=0x0000000000000f00 rdi=0x0000000000000f00 flags=0b000000000110
  xmm0=0x00005175000051750000138c0000138c xmm1=0x0000b1dc0000b1dc0000613900006139 
  xmm2=0x000012ea000012ea0000b4180000b418 xmm3=0x00005f7f00005f7f000091a6000091a6 
  xmm4=0x0000a1db0000a1db00003e7a00003e7a xmm5=0x000053bf000053bf00004b8900004b89 
  xmm6=0x0000dea40000dea40000bae20000bae2 xmm7=0x00008da200008da2000064e6000064e6 

    > load from +0x1c00 value 0x220d0000220d
    > store to +0x1c00 value 0xd
0xda: setnp al
  rax=0x00000000000005c6 rbx=0x00000000000004bf rcx=0x0000000000001c23 rdx=0x0000000000001c00
  rsi=0x0000000000000f00 rdi=0x0000000000000f00 flags=0b000000000010
  xmm0=0x00005175000051750000138c0000138c xmm1=0x0000b1dc0000b1dc0000613900006139 
  xmm2=0x000012ea000012ea0000b4180000b418 xmm3=0x00005f7f00005f7f000091a6000091a6 
  xmm4=0x0000a1db0000a1db00003e7a00003e7a xmm5=0x000053bf000053bf00004b8900004b89 
  xmm6=0x0000dea40000dea40000bae20000bae2 xmm7=0x00008da200008da2000064e6000064e6 

0xdd: and rdi, 0b1111111111000
  rax=0x0000000000000501 rbx=0x00000000000004bf rcx=0x0000000000001c23 rdx=0x0000000000001c00
  rsi=0x0000000000000f00 rdi=0x0000000000000f00 flags=0b000000000010
  xmm0=0x00005175000051750000138c0000138c xmm1=0x0000b1dc0000b1dc0000613900006139 
  xmm2=0x000012ea000012ea0000b4180000b418 xmm3=0x00005f7f00005f7f000091a6000091a6 
  xmm4=0x0000a1db0000a1db00003e7a00003e7a xmm5=0x000053bf000053bf00004b8900004b89 
  xmm6=0x0000dea40000dea40000bae20000bae2 xmm7=0x00008da200008da2000064e6000064e6 

0xe4: lock not [r14 +rdi]
  rax=0x0000000000000501 rbx=0x00000000000004bf rcx=0x0000000000001c23 rdx=0x0000000000001c00
  rsi=0x0000000000000f00 rdi=0x0000000000000f00 flags=0b000000000110
  xmm0=0x00005175000051750000138c0000138c xmm1=0x0000b1dc0000b1dc0000613900006139 
  xmm2=0x000012ea000012ea0000b4180000b418 xmm3=0x00005f7f00005f7f000091a6000091a6 
  xmm4=0x0000a1db0000a1db00003e7a00003e7a xmm5=0x000053bf000053bf00004b8900004b89 
  xmm6=0x0000dea40000dea40000bae20000bae2 xmm7=0x00008da200008da2000064e6000064e6 

    > load from +0xf00 value 0x38ea
    > store to +0xf00 value 0xffffc715
0xe9: setle bl
  rax=0x0000000000000501 rbx=0x00000000000004bf rcx=0x0000000000001c23 rdx=0x0000000000001c00
  rsi=0x0000000000000f00 rdi=0x0000000000000f00 flags=0b000000000110
  xmm0=0x00005175000051750000138c0000138c xmm1=0x0000b1dc0000b1dc0000613900006139 
  xmm2=0x000012ea000012ea0000b4180000b418 xmm3=0x00005f7f00005f7f000091a6000091a6 
  xmm4=0x0000a1db0000a1db00003e7a00003e7a xmm5=0x000053bf000053bf00004b8900004b89 
  xmm6=0x0000dea40000dea40000bae20000bae2 xmm7=0x00008da200008da2000064e6000064e6 

0xec: test cx, 29533
  rax=0x0000000000000501 rbx=0x0000000000000400 rcx=0x0000000000001c23 rdx=0x0000000000001c00
  rsi=0x0000000000000f00 rdi=0x0000000000000f00 flags=0b000000000110
  xmm0=0x00005175000051750000138c0000138c xmm1=0x0000b1dc0000b1dc0000613900006139 
  xmm2=0x000012ea000012ea0000b4180000b418 xmm3=0x00005f7f00005f7f000091a6000091a6 
  xmm4=0x0000a1db0000a1db00003e7a00003e7a xmm5=0x000053bf000053bf00004b8900004b89 
  xmm6=0x0000dea40000dea40000bae20000bae2 xmm7=0x00008da200008da2000064e6000064e6 

0xf1: and rdi, 0b1111111111111
  rax=0x0000000000000501 rbx=0x0000000000000400 rcx=0x0000000000001c23 rdx=0x0000000000001c00
  rsi=0x0000000000000f00 rdi=0x0000000000000f00 flags=0b000000000010
  xmm0=0x00005175000051750000138c0000138c xmm1=0x0000b1dc0000b1dc0000613900006139 
  xmm2=0x000012ea000012ea0000b4180000b418 xmm3=0x00005f7f00005f7f000091a6000091a6 
  xmm4=0x0000a1db0000a1db00003e7a00003e7a xmm5=0x000053bf000053bf00004b8900004b89 
  xmm6=0x0000dea40000dea40000bae20000bae2 xmm7=0x00008da200008da2000064e6000064e6 

0xf8: cmovp rdi, [r14 +rdi]
  rax=0x0000000000000501 rbx=0x0000000000000400 rcx=0x0000000000001c23 rdx=0x0000000000001c00
  rsi=0x0000000000000f00 rdi=0x0000000000000f00 flags=0b000000000110
  xmm0=0x00005175000051750000138c0000138c xmm1=0x0000b1dc0000b1dc0000613900006139 
  xmm2=0x000012ea000012ea0000b4180000b418 xmm3=0x00005f7f00005f7f000091a6000091a6 
  xmm4=0x0000a1db0000a1db00003e7a00003e7a xmm5=0x000053bf000053bf00004b8900004b89 
  xmm6=0x0000dea40000dea40000bae20000bae2 xmm7=0x00008da200008da2000064e6000064e6 

    > load from +0xf00 value 0x3eb1ffffc715
0xfd: test bx, -8209
  rax=0x0000000000000501 rbx=0x0000000000000400 rcx=0x0000000000001c23 rdx=0x0000000000001c00
  rsi=0x0000000000000f00 rdi=0x00003eb1ffffc715 flags=0b000000000110
  xmm0=0x00005175000051750000138c0000138c xmm1=0x0000b1dc0000b1dc0000613900006139 
  xmm2=0x000012ea000012ea0000b4180000b418 xmm3=0x00005f7f00005f7f000091a6000091a6 
  xmm4=0x0000a1db0000a1db00003e7a00003e7a xmm5=0x000053bf000053bf00004b8900004b89 
  xmm6=0x0000dea40000dea40000bae20000bae2 xmm7=0x00008da200008da2000064e6000064e6 

0x102: and rax, 0b1111111111111
  rax=0x0000000000000501 rbx=0x0000000000000400 rcx=0x0000000000001c23 rdx=0x0000000000001c00
  rsi=0x0000000000000f00 rdi=0x00003eb1ffffc715 flags=0b000000000110
  xmm0=0x00005175000051750000138c0000138c xmm1=0x0000b1dc0000b1dc0000613900006139 
  xmm2=0x000012ea000012ea0000b4180000b418 xmm3=0x00005f7f00005f7f000091a6000091a6 
  xmm4=0x0000a1db0000a1db00003e7a00003e7a xmm5=0x000053bf000053bf00004b8900004b89 
  xmm6=0x0000dea40000dea40000bae20000bae2 xmm7=0x00008da200008da2000064e6000064e6 

0x108: imul eax, [r14 +rax], 83
  rax=0x0000000000000501 rbx=0x0000000000000400 rcx=0x0000000000001c23 rdx=0x0000000000001c00
  rsi=0x0000000000000f00 rdi=0x00003eb1ffffc715 flags=0b000000000010
  xmm0=0x00005175000051750000138c0000138c xmm1=0x0000b1dc0000b1dc0000613900006139 
  xmm2=0x000012ea000012ea0000b4180000b418 xmm3=0x00005f7f00005f7f000091a6000091a6 
  xmm4=0x0000a1db0000a1db00003e7a00003e7a xmm5=0x000053bf000053bf00004b8900004b89 
  xmm6=0x0000dea40000dea40000bae20000bae2 xmm7=0x00008da200008da2000064e6000064e6 

    > load from +0x501 value 0x710000ab
0x10d: add sil, -5
  rax=0x00000000a3003771 rbx=0x0000000000000400 rcx=0x0000000000001c23 rdx=0x0000000000001c00
  rsi=0x0000000000000f00 rdi=0x00003eb1ffffc715 flags=0b100010000111
  xmm0=0x00005175000051750000138c0000138c xmm1=0x0000b1dc0000b1dc0000613900006139 
  xmm2=0x000012ea000012ea0000b4180000b418 xmm3=0x00005f7f00005f7f000091a6000091a6 
  xmm4=0x0000a1db0000a1db00003e7a00003e7a xmm5=0x000053bf000053bf00004b8900004b89 
  xmm6=0x0000dea40000dea40000bae20000bae2 xmm7=0x00008da200008da2000064e6000064e6 

0x111: cmovle rax, rbx
  rax=0x00000000a3003771 rbx=0x0000000000000400 rcx=0x0000000000001c23 rdx=0x0000000000001c00
  rsi=0x0000000000000ffb rdi=0x00003eb1ffffc715 flags=0b000010000010
  xmm0=0x00005175000051750000138c0000138c xmm1=0x0000b1dc0000b1dc0000613900006139 
  xmm2=0x000012ea000012ea0000b4180000b418 xmm3=0x00005f7f00005f7f000091a6000091a6 
  xmm4=0x0000a1db0000a1db00003e7a00003e7a xmm5=0x000053bf000053bf00004b8900004b89 
  xmm6=0x0000dea40000dea40000bae20000bae2 xmm7=0x00008da200008da2000064e6000064e6 

0x115: and rdx, 0b1111111111000
  rax=0x0000000000000400 rbx=0x0000000000000400 rcx=0x0000000000001c23 rdx=0x0000000000001c00
  rsi=0x0000000000000ffb rdi=0x00003eb1ffffc715 flags=0b000010000010
  xmm0=0x00005175000051750000138c0000138c xmm1=0x0000b1dc0000b1dc0000613900006139 
  xmm2=0x000012ea000012ea0000b4180000b418 xmm3=0x00005f7f00005f7f000091a6000091a6 
  xmm4=0x0000a1db0000a1db00003e7a00003e7a xmm5=0x000053bf000053bf00004b8900004b89 
  xmm6=0x0000dea40000dea40000bae20000bae2 xmm7=0x00008da200008da2000064e6000064e6 

0x11c: lock btr [r14 +rdx], 169
  rax=0x0000000000000400 rbx=0x0000000000000400 rcx=0x0000000000001c23 rdx=0x0000000000001c00
  rsi=0x0000000000000ffb rdi=0x00003eb1ffffc715 flags=0b000000000110
  xmm0=0x00005175000051750000138c0000138c xmm1=0x0000b1dc0000b1dc0000613900006139 
  xmm2=0x000012ea000012ea0000b4180000b418 xmm3=0x00005f7f00005f7f000091a6000091a6 
  xmm4=0x0000a1db0000a1db00003e7a00003e7a xmm5=0x000053bf000053bf00004b8900004b89 
  xmm6=0x0000dea40000dea40000bae20000bae2 xmm7=0x00008da200008da2000064e6000064e6 

    > load from +0x1c00 value 0xd
    > store to +0x1c00 value 0xd
0x124: add dil, 73
  rax=0x0000000000000400 rbx=0x0000000000000400 rcx=0x0000000000001c23 rdx=0x0000000000001c00
  rsi=0x0000000000000ffb rdi=0x00003eb1ffffc715 flags=0b000000000110
  xmm0=0x00005175000051750000138c0000138c xmm1=0x0000b1dc0000b1dc0000613900006139 
  xmm2=0x000012ea000012ea0000b4180000b418 xmm3=0x00005f7f00005f7f000091a6000091a6 
  xmm4=0x0000a1db0000a1db00003e7a00003e7a xmm5=0x000053bf000053bf00004b8900004b89 
  xmm6=0x0000dea40000dea40000bae20000bae2 xmm7=0x00008da200008da2000064e6000064e6 

0x128: and rdx, 0b1111111111111
  rax=0x0000000000000400 rbx=0x0000000000000400 rcx=0x0000000000001c23 rdx=0x0000000000001c00
  rsi=0x0000000000000ffb rdi=0x00003eb1ffffc75e flags=0b000000000010
  xmm0=0x00005175000051750000138c0000138c xmm1=0x0000b1dc0000b1dc0000613900006139 
  xmm2=0x000012ea000012ea0000b4180000b418 xmm3=0x00005f7f00005f7f000091a6000091a6 
  xmm4=0x0000a1db0000a1db00003e7a00003e7a xmm5=0x000053bf000053bf00004b8900004b89 
  xmm6=0x0000dea40000dea40000bae20000bae2 xmm7=0x00008da200008da2000064e6000064e6 

0x12f: cmovl di, [r14 +rdx]
  rax=0x0000000000000400 rbx=0x0000000000000400 rcx=0x0000000000001c23 rdx=0x0000000000001c00
  rsi=0x0000000000000ffb rdi=0x00003eb1ffffc75e flags=0b000000000110
  xmm0=0x00005175000051750000138c0000138c xmm1=0x0000b1dc0000b1dc0000613900006139 
  xmm2=0x000012ea000012ea0000b4180000b418 xmm3=0x00005f7f00005f7f000091a6000091a6 
  xmm4=0x0000a1db0000a1db00003e7a00003e7a xmm5=0x000053bf000053bf00004b8900004b89 
  xmm6=0x0000dea40000dea40000bae20000bae2 xmm7=0x00008da200008da2000064e6000064e6 

    > load from +0x1c00 value 0xd
0x135: sbb al, sil
  rax=0x0000000000000400 rbx=0x0000000000000400 rcx=0x0000000000001c23 rdx=0x0000000000001c00
  rsi=0x0000000000000ffb rdi=0x00003eb1ffffc75e flags=0b000000000110
  xmm0=0x00005175000051750000138c0000138c xmm1=0x0000b1dc0000b1dc0000613900006139 
  xmm2=0x000012ea000012ea0000b4180000b418 xmm3=0x00005f7f00005f7f000091a6000091a6 
  xmm4=0x0000a1db0000a1db00003e7a00003e7a xmm5=0x000053bf000053bf00004b8900004b89 
  xmm6=0x0000dea40000dea40000bae20000bae2 xmm7=0x00008da200008da2000064e6000064e6 

0x138: and rbx, 0b1111111111111
  rax=0x0000000000000405 rbx=0x0000000000000400 rcx=0x0000000000001c23 rdx=0x0000000000001c00
  rsi=0x0000000000000ffb rdi=0x00003eb1ffffc75e flags=0b000000010111
  xmm0=0x00005175000051750000138c0000138c xmm1=0x0000b1dc0000b1dc0000613900006139 
  xmm2=0x000012ea000012ea0000b4180000b418 xmm3=0x00005f7f00005f7f000091a6000091a6 
  xmm4=0x0000a1db0000a1db00003e7a00003e7a xmm5=0x000053bf000053bf00004b8900004b89 
  xmm6=0x0000dea40000dea40000bae20000bae2 xmm7=0x00008da200008da2000064e6000064e6 

0x13f: setno [r14 +rbx]
  rax=0x0000000000000405 rbx=0x0000000000000400 rcx=0x0000000000001c23 rdx=0x0000000000001c00
  rsi=0x0000000000000ffb rdi=0x00003eb1ffffc75e flags=0b000000000110
  xmm0=0x00005175000051750000138c0000138c xmm1=0x0000b1dc0000b1dc0000613900006139 
  xmm2=0x000012ea000012ea0000b4180000b418 xmm3=0x00005f7f00005f7f000091a6000091a6 
  xmm4=0x0000a1db0000a1db00003e7a00003e7a xmm5=0x000053bf000053bf00004b8900004b89 
  xmm6=0x0000dea40000dea40000bae20000bae2 xmm7=0x00008da200008da2000064e6000064e6 

    > store to +0x400 value 0x1
0x144: and rsi, 0b1111111111111
  rax=0x0000000000000405 rbx=0x0000000000000400 rcx=0x0000000000001c23 rdx=0x0000000000001c00
  rsi=0x0000000000000ffb rdi=0x00003eb1ffffc75e flags=0b000000000110
  xmm0=0x00005175000051750000138c0000138c xmm1=0x0000b1dc0000b1dc0000613900006139 
  xmm2=0x000012ea000012ea0000b4180000b418 xmm3=0x00005f7f00005f7f000091a6000091a6 
  xmm4=0x0000a1db0000a1db00003e7a00003e7a xmm5=0x000053bf000053bf00004b8900004b89 
  xmm6=0x0000dea40000dea40000bae20000bae2 xmm7=0x00008da200008da2000064e6000064e6 

0x14b: mov eax, [r14 +rsi]
  rax=0x0000000000000405 rbx=0x0000000000000400 rcx=0x0000000000001c23 rdx=0x0000000000001c00
  rsi=0x0000000000000ffb rdi=0x00003eb1ffffc75e flags=0b000000000010
  xmm0=0x00005175000051750000138c0000138c xmm1=0x0000b1dc0000b1dc0000613900006139 
  xmm2=0x000012ea000012ea0000b4180000b418 xmm3=0x00005f7f00005f7f000091a6000091a6 
  xmm4=0x0000a1db0000a1db00003e7a00003e7a xmm5=0x000053bf000053bf00004b8900004b89 
  xmm6=0x0000dea40000dea40000bae20000bae2 xmm7=0x00008da200008da2000064e6000064e6 

    > load from +0xffb value 0x5e5c00
0x14f: and rdx, 0b1111111111111
  rax=0x00000000005e5c00 rbx=0x0000000000000400 rcx=0x0000000000001c23 rdx=0x0000000000001c00
  rsi=0x0000000000000ffb rdi=0x00003eb1ffffc75e flags=0b000000000010
  xmm0=0x00005175000051750000138c0000138c xmm1=0x0000b1dc0000b1dc0000613900006139 
  xmm2=0x000012ea000012ea0000b4180000b418 xmm3=0x00005f7f00005f7f000091a6000091a6 
  xmm4=0x0000a1db0000a1db00003e7a00003e7a xmm5=0x000053bf000053bf00004b8900004b89 
  xmm6=0x0000dea40000dea40000bae20000bae2 xmm7=0x00008da200008da2000064e6000064e6 

0x156: cmp [r14 +rdx], -128
  rax=0x00000000005e5c00 rbx=0x0000000000000400 rcx=0x0000000000001c23 rdx=0x0000000000001c00
  rsi=0x0000000000000ffb rdi=0x00003eb1ffffc75e flags=0b000000000110
  xmm0=0x00005175000051750000138c0000138c xmm1=0x0000b1dc0000b1dc0000613900006139 
  xmm2=0x000012ea000012ea0000b4180000b418 xmm3=0x00005f7f00005f7f000091a6000091a6 
  xmm4=0x0000a1db0000a1db00003e7a00003e7a xmm5=0x000053bf000053bf00004b8900004b89 
  xmm6=0x0000dea40000dea40000bae20000bae2 xmm7=0x00008da200008da2000064e6000064e6 

    > load from +0x1c00 value 0xd
0x15b: and rdx, 0b1111111111111
  rax=0x00000000005e5c00 rbx=0x0000000000000400 rcx=0x0000000000001c23 rdx=0x0000000000001c00
  rsi=0x0000000000000ffb rdi=0x00003eb1ffffc75e flags=0b000000000111
  xmm0=0x00005175000051750000138c0000138c xmm1=0x0000b1dc0000b1dc0000613900006139 
  xmm2=0x000012ea000012ea0000b4180000b418 xmm3=0x00005f7f00005f7f000091a6000091a6 
  xmm4=0x0000a1db0000a1db00003e7a00003e7a xmm5=0x000053bf000053bf00004b8900004b89 
  xmm6=0x0000dea40000dea40000bae20000bae2 xmm7=0x00008da200008da2000064e6000064e6 

0x162: mov al, [r14 +rdx]
  rax=0x00000000005e5c00 rbx=0x0000000000000400 rcx=0x0000000000001c23 rdx=0x0000000000001c00
  rsi=0x0000000000000ffb rdi=0x00003eb1ffffc75e flags=0b000000000110
  xmm0=0x00005175000051750000138c0000138c xmm1=0x0000b1dc0000b1dc0000613900006139 
  xmm2=0x000012ea000012ea0000b4180000b418 xmm3=0x00005f7f00005f7f000091a6000091a6 
  xmm4=0x0000a1db0000a1db00003e7a00003e7a xmm5=0x000053bf000053bf00004b8900004b89 
  xmm6=0x0000dea40000dea40000bae20000bae2 xmm7=0x00008da200008da2000064e6000064e6 

    > load from +0x1c00 value 0xd
0x166: and rbx, 0b1111111111000
  rax=0x00000000005e5c0d rbx=0x0000000000000400 rcx=0x0000000000001c23 rdx=0x0000000000001c00
  rsi=0x0000000000000ffb rdi=0x00003eb1ffffc75e flags=0b000000000110
  xmm0=0x00005175000051750000138c0000138c xmm1=0x0000b1dc0000b1dc0000613900006139 
  xmm2=0x000012ea000012ea0000b4180000b418 xmm3=0x00005f7f00005f7f000091a6000091a6 
  xmm4=0x0000a1db0000a1db00003e7a00003e7a xmm5=0x000053bf000053bf00004b8900004b89 
  xmm6=0x0000dea40000dea40000bae20000bae2 xmm7=0x00008da200008da2000064e6000064e6 

0x16d: lock add [r14 +rbx], 23
  rax=0x00000000005e5c0d rbx=0x0000000000000400 rcx=0x0000000000001c23 rdx=0x0000000000001c00
  rsi=0x0000000000000ffb rdi=0x00003eb1ffffc75e flags=0b000000000110
  xmm0=0x00005175000051750000138c0000138c xmm1=0x0000b1dc0000b1dc0000613900006139 
  xmm2=0x000012ea000012ea0000b4180000b418 xmm3=0x00005f7f00005f7f000091a6000091a6 
  xmm4=0x0000a1db0000a1db00003e7a00003e7a xmm5=0x000053bf000053bf00004b8900004b89 
  xmm6=0x0000dea40000dea40000bae20000bae2 xmm7=0x00008da200008da2000064e6000064e6 

    > load from +0x400 value 0xfa01
    > store to +0x400 value 0xfa18
0x174: and rcx, 0b1111111111111
  rax=0x00000000005e5c0d rbx=0x0000000000000400 rcx=0x0000000000001c23 rdx=0x0000000000001c00
  rsi=0x0000000000000ffb rdi=0x00003eb1ffffc75e flags=0b000010000110
  xmm0=0x00005175000051750000138c0000138c xmm1=0x0000b1dc0000b1dc0000613900006139 
  xmm2=0x000012ea000012ea0000b4180000b418 xmm3=0x00005f7f00005f7f000091a6000091a6 
  xmm4=0x0000a1db0000a1db00003e7a00003e7a xmm5=0x000053bf000053bf00004b8900004b89 
  xmm6=0x0000dea40000dea40000bae20000bae2 xmm7=0x00008da200008da2000064e6000064e6 

0x17b: add [r14 +rcx], al
  rax=0x00000000005e5c0d rbx=0x0000000000000400 rcx=0x0000000000001c23 rdx=0x0000000000001c00
  rsi=0x0000000000000ffb rdi=0x00003eb1ffffc75e flags=0b000000000010
  xmm0=0x00005175000051750000138c0000138c xmm1=0x0000b1dc0000b1dc0000613900006139 
  xmm2=0x000012ea000012ea0000b4180000b418 xmm3=0x00005f7f00005f7f000091a6000091a6 
  xmm4=0x0000a1db0000a1db00003e7a00003e7a xmm5=0x000053bf000053bf00004b8900004b89 
  xmm6=0x0000dea40000dea40000bae20000bae2 xmm7=0x00008da200008da2000064e6000064e6 

    > load from +0x1c23 value 0x0
    > store to +0x1c23 value 0xd
0x17f: and rdx, 0b1111111111111
  rax=0x00000000005e5c0d rbx=0x0000000000000400 rcx=0x0000000000001c23 rdx=0x0000000000001c00
  rsi=0x0000000000000ffb rdi=0x00003eb1ffffc75e flags=0b000000000010
  xmm0=0x00005175000051750000138c0000138c xmm1=0x0000b1dc0000b1dc0000613900006139 
  xmm2=0x000012ea000012ea0000b4180000b418 xmm3=0x00005f7f00005f7f000091a6000091a6 
  xmm4=0x0000a1db0000a1db00003e7a00003e7a xmm5=0x000053bf000053bf00004b8900004b89 
  xmm6=0x0000dea40000dea40000bae20000bae2 xmm7=0x00008da200008da2000064e6000064e6 

0x186: add [r14 +rdx], -124
  rax=0x00000000005e5c0d rbx=0x0000000000000400 rcx=0x0000000000001c23 rdx=0x0000000000001c00
  rsi=0x0000000000000ffb rdi=0x00003eb1ffffc75e flags=0b000000000110
  xmm0=0x00005175000051750000138c0000138c xmm1=0x0000b1dc0000b1dc0000613900006139 
  xmm2=0x000012ea000012ea0000b4180000b418 xmm3=0x00005f7f00005f7f000091a6000091a6 
  xmm4=0x0000a1db0000a1db00003e7a00003e7a xmm5=0x000053bf000053bf00004b8900004b89 
  xmm6=0x0000dea40000dea40000bae20000bae2 xmm7=0x00008da200008da2000064e6000064e6 

    > load from +0x1c00 value 0xd
    > store to +0x1c00 value 0xffffff91
0x18b: and rcx, 0b1111111111111
  rax=0x00000000005e5c0d rbx=0x0000000000000400 rcx=0x0000000000001c23 rdx=0x0000000000001c00
  rsi=0x0000000000000ffb rdi=0x00003eb1ffffc75e flags=0b000010010010
  xmm0=0x00005175000051750000138c0000138c xmm1=0x0000b1dc0000b1dc0000613900006139 
  xmm2=0x000012ea000012ea0000b4180000b418 xmm3=0x00005f7f00005f7f000091a6000091a6 
  xmm4=0x0000a1db0000a1db00003e7a00003e7a xmm5=0x000053bf000053bf00004b8900004b89 
  xmm6=0x0000dea40000dea40000bae20000bae2 xmm7=0x00008da200008da2000064e6000064e6 

0x192: mul [r14 +rcx]
  rax=0x00000000005e5c0d rbx=0x0000000000000400 rcx=0x0000000000001c23 rdx=0x0000000000001c00
  rsi=0x0000000000000ffb rdi=0x00003eb1ffffc75e flags=0b000000000010
  xmm0=0x00005175000051750000138c0000138c xmm1=0x0000b1dc0000b1dc0000613900006139 
  xmm2=0x000012ea000012ea0000b4180000b418 xmm3=0x00005f7f00005f7f000091a6000091a6 
  xmm4=0x0000a1db0000a1db00003e7a00003e7a xmm5=0x000053bf000053bf00004b8900004b89 
  xmm6=0x0000dea40000dea40000bae20000bae2 xmm7=0x00008da200008da2000064e6000064e6 

    > load from +0x1c23 value 0x760d
0x197: add dil, 121
  rax=0x00000000005eaaa9 rbx=0x0000000000000400 rcx=0x0000000000001c23 rdx=0x0000000000002a72
  rsi=0x0000000000000ffb rdi=0x00003eb1ffffc75e flags=0b100010000111
  xmm0=0x00005175000051750000138c0000138c xmm1=0x0000b1dc0000b1dc0000613900006139 
  xmm2=0x000012ea000012ea0000b4180000b418 xmm3=0x00005f7f00005f7f000091a6000091a6 
  xmm4=0x0000a1db0000a1db00003e7a00003e7a xmm5=0x000053bf000053bf00004b8900004b89 
  xmm6=0x0000dea40000dea40000bae20000bae2 xmm7=0x00008da200008da2000064e6000064e6 

0x19b: setp al
  rax=0x00000000005eaaa9 rbx=0x0000000000000400 rcx=0x0000000000001c23 rdx=0x0000000000002a72
  rsi=0x0000000000000ffb rdi=0x00003eb1ffffc7d7 flags=0b100010010110
  xmm0=0x00005175000051750000138c0000138c xmm1=0x0000b1dc0000b1dc0000613900006139 
  xmm2=0x000012ea000012ea0000b4180000b418 xmm3=0x00005f7f00005f7f000091a6000091a6 
  xmm4=0x0000a1db0000a1db00003e7a00003e7a xmm5=0x000053bf000053bf00004b8900004b89 
  xmm6=0x0000dea40000dea40000bae20000bae2 xmm7=0x00008da200008da2000064e6000064e6 

0x19e: xadd ax, dx
  rax=0x00000000005eaa01 rbx=0x0000000000000400 rcx=0x0000000000001c23 rdx=0x0000000000002a72
  rsi=0x0000000000000ffb rdi=0x00003eb1ffffc7d7 flags=0b100010010110
  xmm0=0x00005175000051750000138c0000138c xmm1=0x0000b1dc0000b1dc0000613900006139 
  xmm2=0x000012ea000012ea0000b4180000b418 xmm3=0x00005f7f00005f7f000091a6000091a6 
  xmm4=0x0000a1db0000a1db00003e7a00003e7a xmm5=0x000053bf000053bf00004b8900004b89 
  xmm6=0x0000dea40000dea40000bae20000bae2 xmm7=0x00008da200008da2000064e6000064e6 

0x1a2: and rsi, 0b1111111111111
  rax=0x00000000005ed473 rbx=0x0000000000000400 rcx=0x0000000000001c23 rdx=0x000000000000aa01
  rsi=0x0000000000000ffb rdi=0x00003eb1ffffc7d7 flags=0b000010000010
  xmm0=0x00005175000051750000138c0000138c xmm1=0x0000b1dc0000b1dc0000613900006139 
  xmm2=0x000012ea000012ea0000b4180000b418 xmm3=0x00005f7f00005f7f000091a6000091a6 
  xmm4=0x0000a1db0000a1db00003e7a00003e7a xmm5=0x000053bf000053bf00004b8900004b89 
  xmm6=0x0000dea40000dea40000bae20000bae2 xmm7=0x00008da200008da2000064e6000064e6 

0x1a9: movzx bx, [r14 +rsi]
  rax=0x00000000005ed473 rbx=0x0000000000000400 rcx=0x0000000000001c23 rdx=0x000000000000aa01
  rsi=0x0000000000000ffb rdi=0x00003eb1ffffc7d7 flags=0b000000000010
  xmm0=0x00005175000051750000138c0000138c xmm1=0x0000b1dc0000b1dc0000613900006139 
  xmm2=0x000012ea000012ea0000b4180000b418 xmm3=0x00005f7f00005f7f000091a6000091a6 
  xmm4=0x0000a1db0000a1db00003e7a00003e7a xmm5=0x000053bf000053bf00004b8900004b89 
  xmm6=0x0000dea40000dea40000bae20000bae2 xmm7=0x00008da200008da2000064e6000064e6 

    > load from +0xffb value 0x0
0x1af: and eax, eax
  rax=0x00000000005ed473 rbx=0x0000000000000000 rcx=0x0000000000001c23 rdx=0x000000000000aa01
  rsi=0x0000000000000ffb rdi=0x00003eb1ffffc7d7 flags=0b000000000010
  xmm0=0x00005175000051750000138c0000138c xmm1=0x0000b1dc0000b1dc0000613900006139 
  xmm2=0x000012ea000012ea0000b4180000b418 xmm3=0x00005f7f00005f7f000091a6000091a6 
  xmm4=0x0000a1db0000a1db00003e7a00003e7a xmm5=0x000053bf000053bf00004b8900004b89 
  xmm6=0x0000dea40000dea40000bae20000bae2 xmm7=0x00008da200008da2000064e6000064e6 

0x1b1: btc rax, 98
  rax=0x00000000005ed473 rbx=0x0000000000000000 rcx=0x0000000000001c23 rdx=0x000000000000aa01
  rsi=0x0000000000000ffb rdi=0x00003eb1ffffc7d7 flags=0b000000000010
  xmm0=0x00005175000051750000138c0000138c xmm1=0x0000b1dc0000b1dc0000613900006139 
  xmm2=0x000012ea000012ea0000b4180000b418 xmm3=0x00005f7f00005f7f000091a6000091a6 
  xmm4=0x0000a1db0000a1db00003e7a00003e7a xmm5=0x000053bf000053bf00004b8900004b89 
  xmm6=0x0000dea40000dea40000bae20000bae2 xmm7=0x00008da200008da2000064e6000064e6 

0x1b6: and rdx, 0b1111111111111
  rax=0x00000004005ed473 rbx=0x0000000000000000 rcx=0x0000000000001c23 rdx=0x000000000000aa01
  rsi=0x0000000000000ffb rdi=0x00003eb1ffffc7d7 flags=0b000000000010
  xmm0=0x00005175000051750000138c0000138c xmm1=0x0000b1dc0000b1dc0000613900006139 
  xmm2=0x000012ea000012ea0000b4180000b418 xmm3=0x00005f7f00005f7f000091a6000091a6 
  xmm4=0x0000a1db0000a1db00003e7a00003e7a xmm5=0x000053bf000053bf00004b8900004b89 
  xmm6=0x0000dea40000dea40000bae20000bae2 xmm7=0x00008da200008da2000064e6000064e6 

0x1bd: or cl, [r14 +rdx]
  rax=0x00000004005ed473 rbx=0x0000000000000000 rcx=0x0000000000001c23 rdx=0x0000000000000a01
  rsi=0x0000000000000ffb rdi=0x00003eb1ffffc7d7 flags=0b000000000010
  xmm0=0x00005175000051750000138c0000138c xmm1=0x0000b1dc0000b1dc0000613900006139 
  xmm2=0x000012ea000012ea0000b4180000b418 xmm3=0x00005f7f00005f7f000091a6000091a6 
  xmm4=0x0000a1db0000a1db00003e7a00003e7a xmm5=0x000053bf000053bf00004b8900004b89 
  xmm6=0x0000dea40000dea40000bae20000bae2 xmm7=0x00008da200008da2000064e6000064e6 

    > load from +0xa01 value 0xd
0x1c1: and rdx, 0b1111111111111
  rax=0x00000004005ed473 rbx=0x0000000000000000 rcx=0x0000000000001c2f rdx=0x0000000000000a01
  rsi=0x0000000000000ffb rdi=0x00003eb1ffffc7d7 flags=0b000000000010
  xmm0=0x00005175000051750000138c0000138c xmm1=0x0000b1dc0000b1dc0000613900006139 
  xmm2=0x000012ea000012ea0000b4180000b418 xmm3=0x00005f7f00005f7f000091a6000091a6 
  xmm4=0x0000a1db0000a1db00003e7a00003e7a xmm5=0x000053bf000053bf00004b8900004b89 
  xmm6=0x0000dea40000dea40000bae20000bae2 xmm7=0x00008da200008da2000064e6000064e6 

0x1c8: test [r14 +rdx], 1736854741
  rax=0x00000004005ed473 rbx=0x0000000000000000 rcx=0x0000000000001c2f rdx=0x0000000000000a01
  rsi=0x0000000000000ffb rdi=0x00003eb1ffffc7d7 flags=0b000000000010
  xmm0=0x00005175000051750000138c0000138c xmm1=0x0000b1dc0000b1dc0000613900006139 
  xmm2=0x000012ea000012ea0000b4180000b418 xmm3=0x00005f7f00005f7f000091a6000091a6 
  xmm4=0x0000a1db0000a1db00003e7a00003e7a xmm5=0x000053bf000053bf00004b8900004b89 
  xmm6=0x0000dea40000dea40000bae20000bae2 xmm7=0x00008da200008da2000064e6000064e6 

    > load from +0xa01 value 0x7e00000d
0x1d0: and rdi, 0b1111111111111
  rax=0x00000004005ed473 rbx=0x0000000000000000 rcx=0x0000000000001c2f rdx=0x0000000000000a01
  rsi=0x0000000000000ffb rdi=0x00003eb1ffffc7d7 flags=0b000000000110
  xmm0=0x00005175000051750000138c0000138c xmm1=0x0000b1dc0000b1dc0000613900006139 
  xmm2=0x000012ea000012ea0000b4180000b418 xmm3=0x00005f7f00005f7f000091a6000091a6 
  xmm4=0x0000a1db0000a1db00003e7a00003e7a xmm5=0x000053bf000053bf00004b8900004b89 
  xmm6=0x0000dea40000dea40000bae20000bae2 xmm7=0x00008da200008da2000064e6000064e6 

0x1d7: setb [r14 +rdi]
  rax=0x00000004005ed473 rbx=0x0000000000000000 rcx=0x0000000000001c2f rdx=0x0000000000000a01
  rsi=0x0000000000000ffb rdi=0x00000000000007d7 flags=0b000000000110
  xmm0=0x00005175000051750000138c0000138c xmm1=0x0000b1dc0000b1dc0000613900006139 
  xmm2=0x000012ea000012ea0000b4180000b418 xmm3=0x00005f7f00005f7f000091a6000091a6 
  xmm4=0x0000a1db0000a1db00003e7a00003e7a xmm5=0x000053bf000053bf00004b8900004b89 
  xmm6=0x0000dea40000dea40000bae20000bae2 xmm7=0x00008da200008da2000064e6000064e6 

    > store to +0x7d7 value 0x0
0x1dc: or al, 78
  rax=0x00000004005ed473 rbx=0x0000000000000000 rcx=0x0000000000001c2f rdx=0x0000000000000a01
  rsi=0x0000000000000ffb rdi=0x00000000000007d7 flags=0b000000000110
  xmm0=0x00005175000051750000138c0000138c xmm1=0x0000b1dc0000b1dc0000613900006139 
  xmm2=0x000012ea000012ea0000b4180000b418 xmm3=0x00005f7f00005f7f000091a6000091a6 
  xmm4=0x0000a1db0000a1db00003e7a00003e7a xmm5=0x000053bf000053bf00004b8900004b89 
  xmm6=0x0000dea40000dea40000bae20000bae2 xmm7=0x00008da200008da2000064e6000064e6 

0x1de: seto dl
  rax=0x00000004005ed47f rbx=0x0000000000000000 rcx=0x0000000000001c2f rdx=0x0000000000000a01
  rsi=0x0000000000000ffb rdi=0x00000000000007d7 flags=0b000000000010
  xmm0=0x00005175000051750000138c0000138c xmm1=0x0000b1dc0000b1dc0000613900006139 
  xmm2=0x000012ea000012ea0000b4180000b418 xmm3=0x00005f7f00005f7f000091a6000091a6 
  xmm4=0x0000a1db0000a1db00003e7a00003e7a xmm5=0x000053bf000053bf00004b8900004b89 
  xmm6=0x0000dea40000dea40000bae20000bae2 xmm7=0x00008da200008da2000064e6000064e6 

0x1e1: setnl cl
  rax=0x00000004005ed47f rbx=0x0000000000000000 rcx=0x0000000000001c2f rdx=0x0000000000000a00
  rsi=0x0000000000000ffb rdi=0x00000000000007d7 flags=0b000000000010
  xmm0=0x00005175000051750000138c0000138c xmm1=0x0000b1dc0000b1dc0000613900006139 
  xmm2=0x000012ea000012ea0000b4180000b418 xmm3=0x00005f7f00005f7f000091a6000091a6 
  xmm4=0x0000a1db0000a1db00003e7a00003e7a xmm5=0x000053bf000053bf00004b8900004b89 
  xmm6=0x0000dea40000dea40000bae20000bae2 xmm7=0x00008da200008da2000064e6000064e6 

0x1e4: and rsi, 0b1111111111111
  rax=0x00000004005ed47f rbx=0x0000000000000000 rcx=0x0000000000001c01 rdx=0x0000000000000a00
  rsi=0x0000000000000ffb rdi=0x00000000000007d7 flags=0b000000000010
  xmm0=0x00005175000051750000138c0000138c xmm1=0x0000b1dc0000b1dc0000613900006139 
  xmm2=0x000012ea000012ea0000b4180000b418 xmm3=0x00005f7f00005f7f000091a6000091a6 
  xmm4=0x0000a1db0000a1db00003e7a00003e7a xmm5=0x000053bf000053bf00004b8900004b89 
  xmm6=0x0000dea40000dea40000bae20000bae2 xmm7=0x00008da200008da2000064e6000064e6 

0x1eb: mov edx, [r14 +rsi]
  rax=0x00000004005ed47f rbx=0x0000000000000000 rcx=0x0000000000001c01 rdx=0x0000000000000a00
  rsi=0x0000000000000ffb rdi=0x00000000000007d7 flags=0b000000000010
  xmm0=0x00005175000051750000138c0000138c xmm1=0x0000b1dc0000b1dc0000613900006139 
  xmm2=0x000012ea000012ea0000b4180000b418 xmm3=0x00005f7f00005f7f000091a6000091a6 
  xmm4=0x0000a1db0000a1db00003e7a00003e7a xmm5=0x000053bf000053bf00004b8900004b89 
  xmm6=0x0000dea40000dea40000bae20000bae2 xmm7=0x00008da200008da2000064e6000064e6 

    > load from +0xffb value 0x5e5c00
0x1ef: xor ebx, -100
  rax=0x00000004005ed47f rbx=0x0000000000000000 rcx=0x0000000000001c01 rdx=0x00000000005e5c00
  rsi=0x0000000000000ffb rdi=0x00000000000007d7 flags=0b000000000010
  xmm0=0x00005175000051750000138c0000138c xmm1=0x0000b1dc0000b1dc0000613900006139 
  xmm2=0x000012ea000012ea0000b4180000b418 xmm3=0x00005f7f00005f7f000091a6000091a6 
  xmm4=0x0000a1db0000a1db00003e7a00003e7a xmm5=0x000053bf000053bf00004b8900004b89 
  xmm6=0x0000dea40000dea40000bae20000bae2 xmm7=0x00008da200008da2000064e6000064e6 

0x1f2: and rcx, 0b1111111111111
  rax=0x00000004005ed47f rbx=0x00000000ffffff9c rcx=0x0000000000001c01 rdx=0x00000000005e5c00
  rsi=0x0000000000000ffb rdi=0x00000000000007d7 flags=0b000010000110
  xmm0=0x00005175000051750000138c0000138c xmm1=0x0000b1dc0000b1dc0000613900006139 
  xmm2=0x000012ea000012ea0000b4180000b418 xmm3=0x00005f7f00005f7f000091a6000091a6 
  xmm4=0x0000a1db0000a1db00003e7a00003e7a xmm5=0x000053bf000053bf00004b8900004b89 
  xmm6=0x0000dea40000dea40000bae20000bae2 xmm7=0x00008da200008da2000064e6000064e6 

0x1f9: cmovbe rcx, [r14 +rcx]
  rax=0x00000004005ed47f rbx=0x00000000ffffff9c rcx=0x0000000000001c01 rdx=0x00000000005e5c00
  rsi=0x0000000000000ffb rdi=0x00000000000007d7 flags=0b000000000010
  xmm0=0x00005175000051750000138c0000138c xmm1=0x0000b1dc0000b1dc0000613900006139 
  xmm2=0x000012ea000012ea0000b4180000b418 xmm3=0x00005f7f00005f7f000091a6000091a6 
  xmm4=0x0000a1db0000a1db00003e7a00003e7a xmm5=0x000053bf000053bf00004b8900004b89 
  xmm6=0x0000dea40000dea40000bae20000bae2 xmm7=0x00008da200008da2000064e6000064e6 

    > load from +0x1c01 value 0x3900000000ffffff
0x1fe: add cl, cl
  rax=0x00000004005ed47f rbx=0x00000000ffffff9c rcx=0x0000000000001c01 rdx=0x00000000005e5c00
  rsi=0x0000000000000ffb rdi=0x00000000000007d7 flags=0b000000000010
  xmm0=0x00005175000051750000138c0000138c xmm1=0x0000b1dc0000b1dc0000613900006139 
  xmm2=0x000012ea000012ea0000b4180000b418 xmm3=0x00005f7f00005f7f000091a6000091a6 
  xmm4=0x0000a1db0000a1db00003e7a00003e7a xmm5=0x000053bf000053bf00004b8900004b89 
  xmm6=0x0000dea40000dea40000bae20000bae2 xmm7=0x00008da200008da2000064e6000064e6 

0x200: and rbx, 0b1111111111111
  rax=0x00000004005ed47f rbx=0x00000000ffffff9c rcx=0x0000000000001c02 rdx=0x00000000005e5c00
  rsi=0x0000000000000ffb rdi=0x00000000000007d7 flags=0b000000000010
  xmm0=0x00005175000051750000138c0000138c xmm1=0x0000b1dc0000b1dc0000613900006139 
  xmm2=0x000012ea000012ea0000b4180000b418 xmm3=0x00005f7f00005f7f000091a6000091a6 
  xmm4=0x0000a1db0000a1db00003e7a00003e7a xmm5=0x000053bf000053bf00004b8900004b89 
  xmm6=0x0000dea40000dea40000bae20000bae2 xmm7=0x00008da200008da2000064e6000064e6 

0x207: cmovle ax, [r14 +rbx]
  rax=0x00000004005ed47f rbx=0x0000000000001f9c rcx=0x0000000000001c02 rdx=0x00000000005e5c00
  rsi=0x0000000000000ffb rdi=0x00000000000007d7 flags=0b000000000110
  xmm0=0x00005175000051750000138c0000138c xmm1=0x0000b1dc0000b1dc0000613900006139 
  xmm2=0x000012ea000012ea0000b4180000b418 xmm3=0x00005f7f00005f7f000091a6000091a6 
  xmm4=0x0000a1db0000a1db00003e7a00003e7a xmm5=0x000053bf000053bf00004b8900004b89 
  xmm6=0x0000dea40000dea40000bae20000bae2 xmm7=0x00008da200008da2000064e6000064e6 

    > load from +0x1f9c value 0x8e86
0x20d: and rdx, 0b1111111111111
  rax=0x00000004005ed47f rbx=0x0000000000001f9c rcx=0x0000000000001c02 rdx=0x00000000005e5c00
  rsi=0x0000000000000ffb rdi=0x00000000000007d7 flags=0b000000000110
  xmm0=0x00005175000051750000138c0000138c xmm1=0x0000b1dc0000b1dc0000613900006139 
  xmm2=0x000012ea000012ea0000b4180000b418 xmm3=0x00005f7f00005f7f000091a6000091a6 
  xmm4=0x0000a1db0000a1db00003e7a00003e7a xmm5=0x000053bf000053bf00004b8900004b89 
  xmm6=0x0000dea40000dea40000bae20000bae2 xmm7=0x00008da200008da2000064e6000064e6 

0x214: xor al, [r14 +rdx]
  rax=0x00000004005ed47f rbx=0x0000000000001f9c rcx=0x0000000000001c02 rdx=0x0000000000001c00
  rsi=0x0000000000000ffb rdi=0x00000000000007d7 flags=0b000000000110
  xmm0=0x00005175000051750000138c0000138c xmm1=0x0000b1dc0000b1dc0000613900006139 
  xmm2=0x000012ea000012ea0000b4180000b418 xmm3=0x00005f7f00005f7f000091a6000091a6 
  xmm4=0x0000a1db0000a1db00003e7a00003e7a xmm5=0x000053bf000053bf00004b8900004b89 
  xmm6=0x0000dea40000dea40000bae20000bae2 xmm7=0x00008da200008da2000064e6000064e6 

    > load from +0x1c00 value 0x91
0x218: and edx, 73
  rax=0x00000004005ed4ee rbx=0x0000000000001f9c rcx=0x0000000000001c02 rdx=0x0000000000001c00
  rsi=0x0000000000000ffb rdi=0x00000000000007d7 flags=0b000010000110
  xmm0=0x00005175000051750000138c0000138c xmm1=0x0000b1dc0000b1dc0000613900006139 
  xmm2=0x000012ea000012ea0000b4180000b418 xmm3=0x00005f7f00005f7f000091a6000091a6 
  xmm4=0x0000a1db0000a1db00003e7a00003e7a xmm5=0x000053bf000053bf00004b8900004b89 
  xmm6=0x0000dea40000dea40000bae20000bae2 xmm7=0x00008da200008da2000064e6000064e6 

0x21b: and rcx, 0b1111111111111
  rax=0x00000004005ed4ee rbx=0x0000000000001f9c rcx=0x0000000000001c02 rdx=0x0000000000000000
  rsi=0x0000000000000ffb rdi=0x00000000000007d7 flags=0b000001000110
  xmm0=0x00005175000051750000138c0000138c xmm1=0x0000b1dc0000b1dc0000613900006139 
  xmm2=0x000012ea000012ea0000b4180000b418 xmm3=0x00005f7f00005f7f000091a6000091a6 
  xmm4=0x0000a1db0000a1db00003e7a00003e7a xmm5=0x000053bf000053bf00004b8900004b89 
  xmm6=0x0000dea40000dea40000bae20000bae2 xmm7=0x00008da200008da2000064e6000064e6 

0x222: imul di, [r14 +rcx], 105
  rax=0x00000004005ed4ee rbx=0x0000000000001f9c rcx=0x0000000000001c02 rdx=0x0000000000000000
  rsi=0x0000000000000ffb rdi=0x00000000000007d7 flags=0b000000000010
  xmm0=0x00005175000051750000138c0000138c xmm1=0x0000b1dc0000b1dc0000613900006139 
  xmm2=0x000012ea000012ea0000b4180000b418 xmm3=0x00005f7f00005f7f000091a6000091a6 
  xmm4=0x0000a1db0000a1db00003e7a00003e7a xmm5=0x000053bf000053bf00004b8900004b89 
  xmm6=0x0000dea40000dea40000bae20000bae2 xmm7=0x00008da200008da2000064e6000064e6 

    > load from +0x1c02 value 0xffff
0x228: and rsi, 0b1111111111111
  rax=0x00000004005ed4ee rbx=0x0000000000001f9c rcx=0x0000000000001c02 rdx=0x0000000000000000
  rsi=0x0000000000000ffb rdi=0x000000000000ff97 flags=0b000010000010
  xmm0=0x00005175000051750000138c0000138c xmm1=0x0000b1dc0000b1dc0000613900006139 
  xmm2=0x000012ea000012ea0000b4180000b418 xmm3=0x00005f7f00005f7f000091a6000091a6 
  xmm4=0x0000a1db0000a1db00003e7a00003e7a xmm5=0x000053bf000053bf00004b8900004b89 
  xmm6=0x0000dea40000dea40000bae20000bae2 xmm7=0x00008da200008da2000064e6000064e6 

0x22f: mov ecx, [r14 +rsi]
  rax=0x00000004005ed4ee rbx=0x0000000000001f9c rcx=0x0000000000001c02 rdx=0x0000000000000000
  rsi=0x0000000000000ffb rdi=0x000000000000ff97 flags=0b000000000010
  xmm0=0x00005175000051750000138c0000138c xmm1=0x0000b1dc0000b1dc0000613900006139 
  xmm2=0x000012ea000012ea0000b4180000b418 xmm3=0x00005f7f00005f7f000091a6000091a6 
  xmm4=0x0000a1db0000a1db00003e7a00003e7a xmm5=0x000053bf000053bf00004b8900004b89 
  xmm6=0x0000dea40000dea40000bae20000bae2 xmm7=0x00008da200008da2000064e6000064e6 

    > load from +0xffb value 0x5e5c00
0x233: sub al, -44
  rax=0x00000004005ed4ee rbx=0x0000000000001f9c rcx=0x00000000005e5c00 rdx=0x0000000000000000
  rsi=0x0000000000000ffb rdi=0x000000000000ff97 flags=0b000000000010
  xmm0=0x00005175000051750000138c0000138c xmm1=0x0000b1dc0000b1dc0000613900006139 
  xmm2=0x000012ea000012ea0000b4180000b418 xmm3=0x00005f7f00005f7f000091a6000091a6 
  xmm4=0x0000a1db0000a1db00003e7a00003e7a xmm5=0x000053bf000053bf00004b8900004b89 
  xmm6=0x0000dea40000dea40000bae20000bae2 xmm7=0x00008da200008da2000064e6000064e6 

0x235: cmovns rdx, rax
  rax=0x00000004005ed41a rbx=0x0000000000001f9c rcx=0x00000000005e5c00 rdx=0x0000000000000000
  rsi=0x0000000000000ffb rdi=0x000000000000ff97 flags=0b000000000010
  xmm0=0x00005175000051750000138c0000138c xmm1=0x0000b1dc0000b1dc0000613900006139 
  xmm2=0x000012ea000012ea0000b4180000b418 xmm3=0x00005f7f00005f7f000091a6000091a6 
  xmm4=0x0000a1db0000a1db00003e7a00003e7a xmm5=0x000053bf000053bf00004b8900004b89 
  xmm6=0x0000dea40000dea40000bae20000bae2 xmm7=0x00008da200008da2000064e6000064e6 

0x239: and rdx, 0b1111111111111
  rax=0x00000004005ed41a rbx=0x0000000000001f9c rcx=0x00000000005e5c00 rdx=0x00000004005ed41a
  rsi=0x0000000000000ffb rdi=0x000000000000ff97 flags=0b000000000010
  xmm0=0x00005175000051750000138c0000138c xmm1=0x0000b1dc0000b1dc0000613900006139 
  xmm2=0x000012ea000012ea0000b4180000b418 xmm3=0x00005f7f00005f7f000091a6000091a6 
  xmm4=0x0000a1db0000a1db00003e7a00003e7a xmm5=0x000053bf000053bf00004b8900004b89 
  xmm6=0x0000dea40000dea40000bae20000bae2 xmm7=0x00008da200008da2000064e6000064e6 

0x240: imul rdx, [r14 +rdx], -10
  rax=0x00000004005ed41a rbx=0x0000000000001f9c rcx=0x00000000005e5c00 rdx=0x000000000000141a
  rsi=0x0000000000000ffb rdi=0x000000000000ff97 flags=0b000000000010
  xmm0=0x00005175000051750000138c0000138c xmm1=0x0000b1dc0000b1dc0000613900006139 
  xmm2=0x000012ea000012ea0000b4180000b418 xmm3=0x00005f7f00005f7f000091a6000091a6 
  xmm4=0x0000a1db0000a1db00003e7a00003e7a xmm5=0x000053bf000053bf00004b8900004b89 
  xmm6=0x0000dea40000dea40000bae20000bae2 xmm7=0x00008da200008da2000064e6000064e6 

    > load from +0x141a value 0x6f8b0000293a0000
0x245: add sil, -65
  rax=0x00000004005ed41a rbx=0x0000000000001f9c rcx=0x00000000005e5c00 rdx=0xa491fffe63bc0000
  rsi=0x0000000000000ffb rdi=0x000000000000ff97 flags=0b100010000111
  xmm0=0x00005175000051750000138c0000138c xmm1=0x0000b1dc0000b1dc0000613900006139 
  xmm2=0x000012ea000012ea0000b4180000b418 xmm3=0x00005f7f00005f7f000091a6000091a6 
  xmm4=0x0000a1db0000a1db00003e7a00003e7a xmm5=0x000053bf000053bf00004b8900004b89 
  xmm6=0x0000dea40000dea40000bae20000bae2 xmm7=0x00008da200008da2000064e6000064e6 

0x249: and rdx, 0b1111111111111
  rax=0x00000004005ed41a rbx=0x0000000000001f9c rcx=0x00000000005e5c00 rdx=0xa491fffe63bc0000
  rsi=0x0000000000000fba rdi=0x000000000000ff97 flags=0b000010010011
  xmm0=0x00005175000051750000138c0000138c xmm1=0x0000b1dc0000b1dc0000613900006139 
  xmm2=0x000012ea000012ea0000b4180000b418 xmm3=0x00005f7f00005f7f000091a6000091a6 
  xmm4=0x0000a1db0000a1db00003e7a00003e7a xmm5=0x000053bf000053bf00004b8900004b89 
  xmm6=0x0000dea40000dea40000bae20000bae2 xmm7=0x00008da200008da2000064e6000064e6 

0x250: cmovns edi, [r14 +rdx]
  rax=0x00000004005ed41a rbx=0x0000000000001f9c rcx=0x00000000005e5c00 rdx=0x0000000000000000
  rsi=0x0000000000000fba rdi=0x000000000000ff97 flags=0b000001000110
  xmm0=0x00005175000051750000138c0000138c xmm1=0x0000b1dc0000b1dc0000613900006139 
  xmm2=0x000012ea000012ea0000b4180000b418 xmm3=0x00005f7f00005f7f000091a6000091a6 
  xmm4=0x0000a1db0000a1db00003e7a00003e7a xmm5=0x000053bf000053bf00004b8900004b89 
  xmm6=0x0000dea40000dea40000bae20000bae2 xmm7=0x00008da200008da2000064e6000064e6 

    > load from +0x0 value 0xb099
0x255: and rcx, 0b1111111111111
  rax=0x00000004005ed41a rbx=0x0000000000001f9c rcx=0x00000000005e5c00 rdx=0x0000000000000000
  rsi=0x0000000000000fba rdi=0x000000000000b099 flags=0b000001000110
  xmm0=0x00005175000051750000138c0000138c xmm1=0x0000b1dc0000b1dc0000613900006139 
  xmm2=0x000012ea000012ea0000b4180000b418 xmm3=0x00005f7f00005f7f000091a6000091a6 
  xmm4=0x0000a1db0000a1db00003e7a00003e7a xmm5=0x000053bf000053bf00004b8900004b89 
  xmm6=0x0000dea40000dea40000bae20000bae2 xmm7=0x00008da200008da2000064e6000064e6 

0x25c: movsxd rcx, [r14 +rcx]
  rax=0x00000004005ed41a rbx=0x0000000000001f9c rcx=0x0000000000001c00 rdx=0x0000000000000000
  rsi=0x0000000000000fba rdi=0x000000000000b099 flags=0b000000000110
  xmm0=0x00005175000051750000138c0000138c xmm1=0x0000b1dc0000b1dc0000613900006139 
  xmm2=0x000012ea000012ea0000b4180000b418 xmm3=0x00005f7f00005f7f000091a6000091a6 
  xmm4=0x0000a1db0000a1db00003e7a00003e7a xmm5=0x000053bf000053bf00004b8900004b89 
  xmm6=0x0000dea40000dea40000bae20000bae2 xmm7=0x00008da200008da2000064e6000064e6 

    > load from +0x1c00 value 0xffffff91
0x260: or rdx, 71
  rax=0x00000004005ed41a rbx=0x0000000000001f9c rcx=0xffffffffffffff91 rdx=0x0000000000000000
  rsi=0x0000000000000fba rdi=0x000000000000b099 flags=0b000000000110
  xmm0=0x00005175000051750000138c0000138c xmm1=0x0000b1dc0000b1dc0000613900006139 
  xmm2=0x000012ea000012ea0000b4180000b418 xmm3=0x00005f7f00005f7f000091a6000091a6 
  xmm4=0x0000a1db0000a1db00003e7a00003e7a xmm5=0x000053bf000053bf00004b8900004b89 
  xmm6=0x0000dea40000dea40000bae20000bae2 xmm7=0x00008da200008da2000064e6000064e6 

0x264: and rax, 0b1111111111000
  rax=0x00000004005ed41a rbx=0x0000000000001f9c rcx=0xffffffffffffff91 rdx=0x0000000000000047
  rsi=0x0000000000000fba rdi=0x000000000000b099 flags=0b000000000110
  xmm0=0x00005175000051750000138c0000138c xmm1=0x0000b1dc0000b1dc0000613900006139 
  xmm2=0x000012ea000012ea0000b4180000b418 xmm3=0x00005f7f00005f7f000091a6000091a6 
  xmm4=0x0000a1db0000a1db00003e7a00003e7a xmm5=0x000053bf000053bf00004b8900004b89 
  xmm6=0x0000dea40000dea40000bae20000bae2 xmm7=0x00008da200008da2000064e6000064e6 

0x26a: lock neg [r14 +rax]
  rax=0x0000000000001418 rbx=0x0000000000001f9c rcx=0xffffffffffffff91 rdx=0x0000000000000047
  rsi=0x0000000000000fba rdi=0x000000000000b099 flags=0b000000000110
  xmm0=0x00005175000051750000138c0000138c xmm1=0x0000b1dc0000b1dc0000613900006139 
  xmm2=0x000012ea000012ea0000b4180000b418 xmm3=0x00005f7f00005f7f000091a6000091a6 
  xmm4=0x0000a1db0000a1db00003e7a00003e7a xmm5=0x000053bf000053bf00004b8900004b89 
  xmm6=0x0000dea40000dea40000bae20000bae2 xmm7=0x00008da200008da2000064e6000064e6 

    > load from +0x1418 value 0x293a
    > store to +0x1418 value 0xd6c6
0x270: and rdx, 0b1111111111000
  rax=0x0000000000001418 rbx=0x0000000000001f9c rcx=0xffffffffffffff91 rdx=0x0000000000000047
  rsi=0x0000000000000fba rdi=0x000000000000b099 flags=0b000010010111
  xmm0=0x00005175000051750000138c0000138c xmm1=0x0000b1dc0000b1dc0000613900006139 
  xmm2=0x000012ea000012ea0000b4180000b418 xmm3=0x00005f7f00005f7f000091a6000091a6 
  xmm4=0x0000a1db0000a1db00003e7a00003e7a xmm5=0x000053bf000053bf00004b8900004b89 
  xmm6=0x0000dea40000dea40000bae20000bae2 xmm7=0x00008da200008da2000064e6000064e6 

0x277: lock neg [r14 +rdx]
  rax=0x0000000000001418 rbx=0x0000000000001f9c rcx=0xffffffffffffff91 rdx=0x0000000000000040
  rsi=0x0000000000000fba rdi=0x000000000000b099 flags=0b000000000010
  xmm0=0x00005175000051750000138c0000138c xmm1=0x0000b1dc0000b1dc0000613900006139 
  xmm2=0x000012ea000012ea0000b4180000b418 xmm3=0x00005f7f00005f7f000091a6000091a6 
  xmm4=0x0000a1db0000a1db00003e7a00003e7a xmm5=0x000053bf000053bf00004b8900004b89 
  xmm6=0x0000dea40000dea40000bae20000bae2 xmm7=0x00008da200008da2000064e6000064e6 

    > load from +0x40 value 0x9a8a00009a8a
    > store to +0x40 value 0x-9a8a00009a8a
0x27c: push rax
  rax=0x0000000000001418 rbx=0x0000000000001f9c rcx=0xffffffffffffff91 rdx=0x0000000000000040
  rsi=0x0000000000000fba rdi=0x000000000000b099 flags=0b000010010011
  xmm0=0x00005175000051750000138c0000138c xmm1=0x0000b1dc0000b1dc0000613900006139 
  xmm2=0x000012ea000012ea0000b4180000b418 xmm3=0x00005f7f00005f7f000091a6000091a6 
  xmm4=0x0000a1db0000a1db00003e7a00003e7a xmm5=0x000053bf000053bf00004b8900004b89 
  xmm6=0x0000dea40000dea40000bae20000bae2 xmm7=0x00008da200008da2000064e6000064e6 

    > store to +0xff0 value 0x1418
0x27d: push rcx
  rax=0x0000000000001418 rbx=0x0000000000001f9c rcx=0xffffffffffffff91 rdx=0x0000000000000040
  rsi=0x0000000000000fba rdi=0x000000000000b099 flags=0b000010010011
  xmm0=0x00005175000051750000138c0000138c xmm1=0x0000b1dc0000b1dc0000613900006139 
  xmm2=0x000012ea000012ea0000b4180000b418 xmm3=0x00005f7f00005f7f000091a6000091a6 
  xmm4=0x0000a1db0000a1db00003e7a00003e7a xmm5=0x000053bf000053bf00004b8900004b89 
  xmm6=0x0000dea40000dea40000bae20000bae2 xmm7=0x00008da200008da2000064e6000064e6 

    > store to +0xfe8 value 0x-6f
0x27e: push rdx
  rax=0x0000000000001418 rbx=0x0000000000001f9c rcx=0xffffffffffffff91 rdx=0x0000000000000040
  rsi=0x0000000000000fba rdi=0x000000000000b099 flags=0b000010010011
  xmm0=0x00005175000051750000138c0000138c xmm1=0x0000b1dc0000b1dc0000613900006139 
  xmm2=0x000012ea000012ea0000b4180000b418 xmm3=0x00005f7f00005f7f000091a6000091a6 
  xmm4=0x0000a1db0000a1db00003e7a00003e7a xmm5=0x000053bf000053bf00004b8900004b89 
  xmm6=0x0000dea40000dea40000bae20000bae2 xmm7=0x00008da200008da2000064e6000064e6 

    > store to +0xfe0 value 0x40
0x27f: mov ecx, 0x1a4
  rax=0x0000000000001418 rbx=0x0000000000001f9c rcx=0xffffffffffffff91 rdx=0x0000000000000040
  rsi=0x0000000000000fba rdi=0x000000000000b099 flags=0b000010010011
  xmm0=0x00005175000051750000138c0000138c xmm1=0x0000b1dc0000b1dc0000613900006139 
  xmm2=0x000012ea000012ea0000b4180000b418 xmm3=0x00005f7f00005f7f000091a6000091a6 
  xmm4=0x0000a1db0000a1db00003e7a00003e7a xmm5=0x000053bf000053bf00004b8900004b89 
  xmm6=0x0000dea40000dea40000bae20000bae2 xmm7=0x00008da200008da2000064e6000064e6 

0x284: mov edx, 0
  rax=0x0000000000001418 rbx=0x0000000000001f9c rcx=0x00000000000001a4 rdx=0x0000000000000040
  rsi=0x0000000000000fba rdi=0x000000000000b099 flags=0b000010010011
  xmm0=0x00005175000051750000138c0000138c xmm1=0x0000b1dc0000b1dc0000613900006139 
  xmm2=0x000012ea000012ea0000b4180000b418 xmm3=0x00005f7f00005f7f000091a6000091a6 
  xmm4=0x0000a1db0000a1db00003e7a00003e7a xmm5=0x000053bf000053bf00004b8900004b89 
  xmm6=0x0000dea40000dea40000bae20000bae2 xmm7=0x00008da200008da2000064e6000064e6 

0x289: mov eax, 0b101111
  rax=0x0000000000001418 rbx=0x0000000000001f9c rcx=0x00000000000001a4 rdx=0x0000000000000000
  rsi=0x0000000000000fba rdi=0x000000000000b099 flags=0b000010010011
  xmm0=0x00005175000051750000138c0000138c xmm1=0x0000b1dc0000b1dc0000613900006139 
  xmm2=0x000012ea000012ea0000b4180000b418 xmm3=0x00005f7f00005f7f000091a6000091a6 
  xmm4=0x0000a1db0000a1db00003e7a00003e7a xmm5=0x000053bf000053bf00004b8900004b89 
  xmm6=0x0000dea40000dea40000bae20000bae2 xmm7=0x00008da200008da2000064e6000064e6 

0x28e: wrmsr 
  rax=0x000000000000002f rbx=0x0000000000001f9c rcx=0x00000000000001a4 rdx=0x0000000000000000
  rsi=0x0000000000000fba rdi=0x000000000000b099 flags=0b000010010011
  xmm0=0x00005175000051750000138c0000138c xmm1=0x0000b1dc0000b1dc0000613900006139 
  xmm2=0x000012ea000012ea0000b4180000b418 xmm3=0x00005f7f00005f7f000091a6000091a6 
  xmm4=0x0000a1db0000a1db00003e7a00003e7a xmm5=0x000053bf000053bf00004b8900004b89 
  xmm6=0x0000dea40000dea40000bae20000bae2 xmm7=0x00008da200008da2000064e6000064e6 

0x290: mov ecx, 0x48
  rax=0x000000000000002f rbx=0x0000000000001f9c rcx=0x00000000000001a4 rdx=0x0000000000000000
  rsi=0x0000000000000fba rdi=0x000000000000b099 flags=0b000010010011
  xmm0=0x00005175000051750000138c0000138c xmm1=0x0000b1dc0000b1dc0000613900006139 
  xmm2=0x000012ea000012ea0000b4180000b418 xmm3=0x00005f7f00005f7f000091a6000091a6 
  xmm4=0x0000a1db0000a1db00003e7a00003e7a xmm5=0x000053bf000053bf00004b8900004b89 
  xmm6=0x0000dea40000dea40000bae20000bae2 xmm7=0x00008da200008da2000064e6000064e6 

0x295: rdmsr 
  rax=0x000000000000002f rbx=0x0000000000001f9c rcx=0x0000000000000048 rdx=0x0000000000000000
  rsi=0x0000000000000fba rdi=0x000000000000b099 flags=0b000010010011
  xmm0=0x00005175000051750000138c0000138c xmm1=0x0000b1dc0000b1dc0000613900006139 
  xmm2=0x000012ea000012ea0000b4180000b418 xmm3=0x00005f7f00005f7f000091a6000091a6 
  xmm4=0x0000a1db0000a1db00003e7a00003e7a xmm5=0x000053bf000053bf00004b8900004b89 
  xmm6=0x0000dea40000dea40000bae20000bae2 xmm7=0x00008da200008da2000064e6000064e6 

0x297: and eax, 0xfffffffb
  rax=0x0000000000000000 rbx=0x0000000000001f9c rcx=0x0000000000000048 rdx=0x0000000000000000
  rsi=0x0000000000000fba rdi=0x000000000000b099 flags=0b000010010011
  xmm0=0x00005175000051750000138c0000138c xmm1=0x0000b1dc0000b1dc0000613900006139 
  xmm2=0x000012ea000012ea0000b4180000b418 xmm3=0x00005f7f00005f7f000091a6000091a6 
  xmm4=0x0000a1db0000a1db00003e7a00003e7a xmm5=0x000053bf000053bf00004b8900004b89 
  xmm6=0x0000dea40000dea40000bae20000bae2 xmm7=0x00008da200008da2000064e6000064e6 

0x29a: or eax, 0x100
  rax=0x0000000000000000 rbx=0x0000000000001f9c rcx=0x0000000000000048 rdx=0x0000000000000000
  rsi=0x0000000000000fba rdi=0x000000000000b099 flags=0b000001000110
  xmm0=0x00005175000051750000138c0000138c xmm1=0x0000b1dc0000b1dc0000613900006139 
  xmm2=0x000012ea000012ea0000b4180000b418 xmm3=0x00005f7f00005f7f000091a6000091a6 
  xmm4=0x0000a1db0000a1db00003e7a00003e7a xmm5=0x000053bf000053bf00004b8900004b89 
  xmm6=0x0000dea40000dea40000bae20000bae2 xmm7=0x00008da200008da2000064e6000064e6 

0x29f: wrmsr 
  rax=0x0000000000000100 rbx=0x0000000000001f9c rcx=0x0000000000000048 rdx=0x0000000000000000
  rsi=0x0000000000000fba rdi=0x000000000000b099 flags=0b000000000110
  xmm0=0x00005175000051750000138c0000138c xmm1=0x0000b1dc0000b1dc0000613900006139 
  xmm2=0x000012ea000012ea0000b4180000b418 xmm3=0x00005f7f00005f7f000091a6000091a6 
  xmm4=0x0000a1db0000a1db00003e7a00003e7a xmm5=0x000053bf000053bf00004b8900004b89 
  xmm6=0x0000dea40000dea40000bae20000bae2 xmm7=0x00008da200008da2000064e6000064e6 

0x2a1: mfence 
  rax=0x0000000000000100 rbx=0x0000000000001f9c rcx=0x0000000000000048 rdx=0x0000000000000000
  rsi=0x0000000000000fba rdi=0x000000000000b099 flags=0b000000000110
  xmm0=0x00005175000051750000138c0000138c xmm1=0x0000b1dc0000b1dc0000613900006139 
  xmm2=0x000012ea000012ea0000b4180000b418 xmm3=0x00005f7f00005f7f000091a6000091a6 
  xmm4=0x0000a1db0000a1db00003e7a00003e7a xmm5=0x000053bf000053bf00004b8900004b89 
  xmm6=0x0000dea40000dea40000bae20000bae2 xmm7=0x00008da200008da2000064e6000064e6 

0x2a4: lfence 
  rax=0x0000000000000100 rbx=0x0000000000001f9c rcx=0x0000000000000048 rdx=0x0000000000000000
  rsi=0x0000000000000fba rdi=0x000000000000b099 flags=0b000000000110
  xmm0=0x00005175000051750000138c0000138c xmm1=0x0000b1dc0000b1dc0000613900006139 
  xmm2=0x000012ea000012ea0000b4180000b418 xmm3=0x00005f7f00005f7f000091a6000091a6 
  xmm4=0x0000a1db0000a1db00003e7a00003e7a xmm5=0x000053bf000053bf00004b8900004b89 
  xmm6=0x0000dea40000dea40000bae20000bae2 xmm7=0x00008da200008da2000064e6000064e6 

0x2a7: macro .measurement_end, .noarg
  rax=0x0000000000000100 rbx=0x0000000000001f9c rcx=0x0000000000000048 rdx=0x0000000000000000
  rsi=0x0000000000000fba rdi=0x000000000000b099 flags=0b000000000110
  xmm0=0x00005175000051750000138c0000138c xmm1=0x0000b1dc0000b1dc0000613900006139 
  xmm2=0x000012ea000012ea0000b4180000b418 xmm3=0x00005f7f00005f7f000091a6000091a6 
  xmm4=0x0000a1db0000a1db00003e7a00003e7a xmm5=0x000053bf000053bf00004b8900004b89 
  xmm6=0x0000dea40000dea40000bae20000bae2 xmm7=0x00008da200008da2000064e6000064e6 

0x2af: mov ecx, 0x1a4
  rax=0x0000000000000100 rbx=0x0000000000001f9c rcx=0x0000000000000048 rdx=0x0000000000000000
  rsi=0x0000000000000fba rdi=0x000000000000b099 flags=0b000000000110
  xmm0=0x00005175000051750000138c0000138c xmm1=0x0000b1dc0000b1dc0000613900006139 
  xmm2=0x000012ea000012ea0000b4180000b418 xmm3=0x00005f7f00005f7f000091a6000091a6 
  xmm4=0x0000a1db0000a1db00003e7a00003e7a xmm5=0x000053bf000053bf00004b8900004b89 
  xmm6=0x0000dea40000dea40000bae20000bae2 xmm7=0x00008da200008da2000064e6000064e6 

0x2b4: mov edx, 0
  rax=0x0000000000000100 rbx=0x0000000000001f9c rcx=0x00000000000001a4 rdx=0x0000000000000000
  rsi=0x0000000000000fba rdi=0x000000000000b099 flags=0b000000000110
  xmm0=0x00005175000051750000138c0000138c xmm1=0x0000b1dc0000b1dc0000613900006139 
  xmm2=0x000012ea000012ea0000b4180000b418 xmm3=0x00005f7f00005f7f000091a6000091a6 
  xmm4=0x0000a1db0000a1db00003e7a00003e7a xmm5=0x000053bf000053bf00004b8900004b89 
  xmm6=0x0000dea40000dea40000bae20000bae2 xmm7=0x00008da200008da2000064e6000064e6 

0x2b9: mov eax, 0b000000
  rax=0x0000000000000100 rbx=0x0000000000001f9c rcx=0x00000000000001a4 rdx=0x0000000000000000
  rsi=0x0000000000000fba rdi=0x000000000000b099 flags=0b000000000110
  xmm0=0x00005175000051750000138c0000138c xmm1=0x0000b1dc0000b1dc0000613900006139 
  xmm2=0x000012ea000012ea0000b4180000b418 xmm3=0x00005f7f00005f7f000091a6000091a6 
  xmm4=0x0000a1db0000a1db00003e7a00003e7a xmm5=0x000053bf000053bf00004b8900004b89 
  xmm6=0x0000dea40000dea40000bae20000bae2 xmm7=0x00008da200008da2000064e6000064e6 

0x2be: mov ecx, 0x48
  rax=0x0000000000000000 rbx=0x0000000000001f9c rcx=0x00000000000001a4 rdx=0x0000000000000000
  rsi=0x0000000000000fba rdi=0x000000000000b099 flags=0b000000000110
  xmm0=0x00005175000051750000138c0000138c xmm1=0x0000b1dc0000b1dc0000613900006139 
  xmm2=0x000012ea000012ea0000b4180000b418 xmm3=0x00005f7f00005f7f000091a6000091a6 
  xmm4=0x0000a1db0000a1db00003e7a00003e7a xmm5=0x000053bf000053bf00004b8900004b89 
  xmm6=0x0000dea40000dea40000bae20000bae2 xmm7=0x00008da200008da2000064e6000064e6 

0x2c3: rdmsr 
  rax=0x0000000000000000 rbx=0x0000000000001f9c rcx=0x0000000000000048 rdx=0x0000000000000000
  rsi=0x0000000000000fba rdi=0x000000000000b099 flags=0b000000000110
  xmm0=0x00005175000051750000138c0000138c xmm1=0x0000b1dc0000b1dc0000613900006139 
  xmm2=0x000012ea000012ea0000b4180000b418 xmm3=0x00005f7f00005f7f000091a6000091a6 
  xmm4=0x0000a1db0000a1db00003e7a00003e7a xmm5=0x000053bf000053bf00004b8900004b89 
  xmm6=0x0000dea40000dea40000bae20000bae2 xmm7=0x00008da200008da2000064e6000064e6 

0x2c5: and eax, 0xfffffffb
  rax=0x0000000000000000 rbx=0x0000000000001f9c rcx=0x0000000000000048 rdx=0x0000000000000000
  rsi=0x0000000000000fba rdi=0x000000000000b099 flags=0b000000000110
  xmm0=0x00005175000051750000138c0000138c xmm1=0x0000b1dc0000b1dc0000613900006139 
  xmm2=0x000012ea000012ea0000b4180000b418 xmm3=0x00005f7f00005f7f000091a6000091a6 
  xmm4=0x0000a1db0000a1db00003e7a00003e7a xmm5=0x000053bf000053bf00004b8900004b89 
  xmm6=0x0000dea40000dea40000bae20000bae2 xmm7=0x00008da200008da2000064e6000064e6 

0x2c8: and eax, 0xfffffeff
  rax=0x0000000000000000 rbx=0x0000000000001f9c rcx=0x0000000000000048 rdx=0x0000000000000000
  rsi=0x0000000000000fba rdi=0x000000000000b099 flags=0b000001000110
  xmm0=0x00005175000051750000138c0000138c xmm1=0x0000b1dc0000b1dc0000613900006139 
  xmm2=0x000012ea000012ea0000b4180000b418 xmm3=0x00005f7f00005f7f000091a6000091a6 
  xmm4=0x0000a1db0000a1db00003e7a00003e7a xmm5=0x000053bf000053bf00004b8900004b89 
  xmm6=0x0000dea40000dea40000bae20000bae2 xmm7=0x00008da200008da2000064e6000064e6 

0x2cd: wrmsr 
  rax=0x0000000000000000 rbx=0x0000000000001f9c rcx=0x0000000000000048 rdx=0x0000000000000000
  rsi=0x0000000000000fba rdi=0x000000000000b099 flags=0b000001000110
  xmm0=0x00005175000051750000138c0000138c xmm1=0x0000b1dc0000b1dc0000613900006139 
  xmm2=0x000012ea000012ea0000b4180000b418 xmm3=0x00005f7f00005f7f000091a6000091a6 
  xmm4=0x0000a1db0000a1db00003e7a00003e7a xmm5=0x000053bf000053bf00004b8900004b89 
  xmm6=0x0000dea40000dea40000bae20000bae2 xmm7=0x00008da200008da2000064e6000064e6 

0x2cf: mfence 
  rax=0x0000000000000000 rbx=0x0000000000001f9c rcx=0x0000000000000048 rdx=0x0000000000000000
  rsi=0x0000000000000fba rdi=0x000000000000b099 flags=0b000001000110
  xmm0=0x00005175000051750000138c0000138c xmm1=0x0000b1dc0000b1dc0000613900006139 
  xmm2=0x000012ea000012ea0000b4180000b418 xmm3=0x00005f7f00005f7f000091a6000091a6 
  xmm4=0x0000a1db0000a1db00003e7a00003e7a xmm5=0x000053bf000053bf00004b8900004b89 
  xmm6=0x0000dea40000dea40000bae20000bae2 xmm7=0x00008da200008da2000064e6000064e6 

0x2d2: lfence 
  rax=0x0000000000000000 rbx=0x0000000000001f9c rcx=0x0000000000000048 rdx=0x0000000000000000
  rsi=0x0000000000000fba rdi=0x000000000000b099 flags=0b000001000110
  xmm0=0x00005175000051750000138c0000138c xmm1=0x0000b1dc0000b1dc0000613900006139 
  xmm2=0x000012ea000012ea0000b4180000b418 xmm3=0x00005f7f00005f7f000091a6000091a6 
  xmm4=0x0000a1db0000a1db00003e7a00003e7a xmm5=0x000053bf000053bf00004b8900004b89 
  xmm6=0x0000dea40000dea40000bae20000bae2 xmm7=0x00008da200008da2000064e6000064e6 

0x2d5: pop rdx
  rax=0x0000000000000000 rbx=0x0000000000001f9c rcx=0x0000000000000048 rdx=0x0000000000000000
  rsi=0x0000000000000fba rdi=0x000000000000b099 flags=0b000001000110
  xmm0=0x00005175000051750000138c0000138c xmm1=0x0000b1dc0000b1dc0000613900006139 
  xmm2=0x000012ea000012ea0000b4180000b418 xmm3=0x00005f7f00005f7f000091a6000091a6 
  xmm4=0x0000a1db0000a1db00003e7a00003e7a xmm5=0x000053bf000053bf00004b8900004b89 
  xmm6=0x0000dea40000dea40000bae20000bae2 xmm7=0x00008da200008da2000064e6000064e6 

    > load from +0xfe0 value 0x40
0x2d6: pop rcx
  rax=0x0000000000000000 rbx=0x0000000000001f9c rcx=0x0000000000000048 rdx=0x0000000000000040
  rsi=0x0000000000000fba rdi=0x000000000000b099 flags=0b000001000110
  xmm0=0x00005175000051750000138c0000138c xmm1=0x0000b1dc0000b1dc0000613900006139 
  xmm2=0x000012ea000012ea0000b4180000b418 xmm3=0x00005f7f00005f7f000091a6000091a6 
  xmm4=0x0000a1db0000a1db00003e7a00003e7a xmm5=0x000053bf000053bf00004b8900004b89 
  xmm6=0x0000dea40000dea40000bae20000bae2 xmm7=0x00008da200008da2000064e6000064e6 

    > load from +0xfe8 value 0xffffffffffffff91
0x2d7: pop rax [test_case_exit]
  rax=0x0000000000000000 rbx=0x0000000000001f9c rcx=0xffffffffffffff91 rdx=0x0000000000000040
  rsi=0x0000000000000fba rdi=0x000000000000b099 flags=0b000001000110
  xmm0=0x00005175000051750000138c0000138c xmm1=0x0000b1dc0000b1dc0000613900006139 
  xmm2=0x000012ea000012ea0000b4180000b418 xmm3=0x00005f7f00005f7f000091a6000091a6 
  xmm4=0x0000a1db0000a1db00003e7a00003e7a xmm5=0x000053bf000053bf00004b8900004b89 
  xmm6=0x0000dea40000dea40000bae20000bae2 xmm7=0x00008da200008da2000064e6000064e6 

    > load from +0xff0 value 0x1418



                      ##### Input 67 #####

                     ##### Input 0 #####
0x0 : push rax
  rax=0x0000811300008113 rbx=0x000084bf000084bf rcx=0x00005c2400005c24 rdx=0x0000144f0000144f
  rsi=0x0000786100007861 rdi=0x0000bf390000bf39 flags=0b000010000011
  xmm0=0x00000b4200000b42000079be000079be xmm1=0x0000ff4e0000ff4e00007ee600007ee6 
  xmm2=0x0000b4950000b49500009a3d00009a3d xmm3=0x000068110000681100002fa900002fa9 
  xmm4=0x00004dcd00004dcd0000b8b80000b8b8 xmm5=0x0000d2ba0000d2ba0000489800004898 
  xmm6=0x0000c8750000c8750000487000004870 xmm7=0x00006ebf00006ebf0000065f0000065f 

    > store to +0xff0 value 0x811300008113
0x1 : push rcx
  rax=0x0000811300008113 rbx=0x000084bf000084bf rcx=0x00005c2400005c24 rdx=0x0000144f0000144f
  rsi=0x0000786100007861 rdi=0x0000bf390000bf39 flags=0b000010000011
  xmm0=0x00000b4200000b42000079be000079be xmm1=0x0000ff4e0000ff4e00007ee600007ee6 
  xmm2=0x0000b4950000b49500009a3d00009a3d xmm3=0x000068110000681100002fa900002fa9 
  xmm4=0x00004dcd00004dcd0000b8b80000b8b8 xmm5=0x0000d2ba0000d2ba0000489800004898 
  xmm6=0x0000c8750000c8750000487000004870 xmm7=0x00006ebf00006ebf0000065f0000065f 

    > store to +0xfe8 value 0x5c2400005c24
0x2 : push rdx
  rax=0x0000811300008113 rbx=0x000084bf000084bf rcx=0x00005c2400005c24 rdx=0x0000144f0000144f
  rsi=0x0000786100007861 rdi=0x0000bf390000bf39 flags=0b000010000011
  xmm0=0x00000b4200000b42000079be000079be xmm1=0x0000ff4e0000ff4e00007ee600007ee6 
  xmm2=0x0000b4950000b49500009a3d00009a3d xmm3=0x000068110000681100002fa900002fa9 
  xmm4=0x00004dcd00004dcd0000b8b80000b8b8 xmm5=0x0000d2ba0000d2ba0000489800004898 
  xmm6=0x0000c8750000c8750000487000004870 xmm7=0x00006ebf00006ebf0000065f0000065f 

    > store to +0xfe0 value 0x144f0000144f
0x3 : mov ecx, 0x1a4
  rax=0x0000811300008113 rbx=0x000084bf000084bf rcx=0x00005c2400005c24 rdx=0x0000144f0000144f
  rsi=0x0000786100007861 rdi=0x0000bf390000bf39 flags=0b000010000011
  xmm0=0x00000b4200000b42000079be000079be xmm1=0x0000ff4e0000ff4e00007ee600007ee6 
  xmm2=0x0000b4950000b49500009a3d00009a3d xmm3=0x000068110000681100002fa900002fa9 
  xmm4=0x00004dcd00004dcd0000b8b80000b8b8 xmm5=0x0000d2ba0000d2ba0000489800004898 
  xmm6=0x0000c8750000c8750000487000004870 xmm7=0x00006ebf00006ebf0000065f0000065f 

0x8 : mov edx, 0
  rax=0x0000811300008113 rbx=0x000084bf000084bf rcx=0x00000000000001a4 rdx=0x0000144f0000144f
  rsi=0x0000786100007861 rdi=0x0000bf390000bf39 flags=0b000010000011
  xmm0=0x00000b4200000b42000079be000079be xmm1=0x0000ff4e0000ff4e00007ee600007ee6 
  xmm2=0x0000b4950000b49500009a3d00009a3d xmm3=0x000068110000681100002fa900002fa9 
  xmm4=0x00004dcd00004dcd0000b8b80000b8b8 xmm5=0x0000d2ba0000d2ba0000489800004898 
  xmm6=0x0000c8750000c8750000487000004870 xmm7=0x00006ebf00006ebf0000065f0000065f 

0xd : mov eax, 0b101111
  rax=0x0000811300008113 rbx=0x000084bf000084bf rcx=0x00000000000001a4 rdx=0x0000000000000000
  rsi=0x0000786100007861 rdi=0x0000bf390000bf39 flags=0b000010000011
  xmm0=0x00000b4200000b42000079be000079be xmm1=0x0000ff4e0000ff4e00007ee600007ee6 
  xmm2=0x0000b4950000b49500009a3d00009a3d xmm3=0x000068110000681100002fa900002fa9 
  xmm4=0x00004dcd00004dcd0000b8b80000b8b8 xmm5=0x0000d2ba0000d2ba0000489800004898 
  xmm6=0x0000c8750000c8750000487000004870 xmm7=0x00006ebf00006ebf0000065f0000065f 

0x12: wrmsr 
  rax=0x000000000000002f rbx=0x000084bf000084bf rcx=0x00000000000001a4 rdx=0x0000000000000000
  rsi=0x0000786100007861 rdi=0x0000bf390000bf39 flags=0b000010000011
  xmm0=0x00000b4200000b42000079be000079be xmm1=0x0000ff4e0000ff4e00007ee600007ee6 
  xmm2=0x0000b4950000b49500009a3d00009a3d xmm3=0x000068110000681100002fa900002fa9 
  xmm4=0x00004dcd00004dcd0000b8b80000b8b8 xmm5=0x0000d2ba0000d2ba0000489800004898 
  xmm6=0x0000c8750000c8750000487000004870 xmm7=0x00006ebf00006ebf0000065f0000065f 

0x14: mov ecx, 0x48
  rax=0x000000000000002f rbx=0x000084bf000084bf rcx=0x00000000000001a4 rdx=0x0000000000000000
  rsi=0x0000786100007861 rdi=0x0000bf390000bf39 flags=0b000010000011
  xmm0=0x00000b4200000b42000079be000079be xmm1=0x0000ff4e0000ff4e00007ee600007ee6 
  xmm2=0x0000b4950000b49500009a3d00009a3d xmm3=0x000068110000681100002fa900002fa9 
  xmm4=0x00004dcd00004dcd0000b8b80000b8b8 xmm5=0x0000d2ba0000d2ba0000489800004898 
  xmm6=0x0000c8750000c8750000487000004870 xmm7=0x00006ebf00006ebf0000065f0000065f 

0x19: rdmsr 
  rax=0x000000000000002f rbx=0x000084bf000084bf rcx=0x0000000000000048 rdx=0x0000000000000000
  rsi=0x0000786100007861 rdi=0x0000bf390000bf39 flags=0b000010000011
  xmm0=0x00000b4200000b42000079be000079be xmm1=0x0000ff4e0000ff4e00007ee600007ee6 
  xmm2=0x0000b4950000b49500009a3d00009a3d xmm3=0x000068110000681100002fa900002fa9 
  xmm4=0x00004dcd00004dcd0000b8b80000b8b8 xmm5=0x0000d2ba0000d2ba0000489800004898 
  xmm6=0x0000c8750000c8750000487000004870 xmm7=0x00006ebf00006ebf0000065f0000065f 

0x1b: and eax, 0xfffffffb
  rax=0x0000000000000000 rbx=0x000084bf000084bf rcx=0x0000000000000048 rdx=0x0000000000000000
  rsi=0x0000786100007861 rdi=0x0000bf390000bf39 flags=0b000010000011
  xmm0=0x00000b4200000b42000079be000079be xmm1=0x0000ff4e0000ff4e00007ee600007ee6 
  xmm2=0x0000b4950000b49500009a3d00009a3d xmm3=0x000068110000681100002fa900002fa9 
  xmm4=0x00004dcd00004dcd0000b8b80000b8b8 xmm5=0x0000d2ba0000d2ba0000489800004898 
  xmm6=0x0000c8750000c8750000487000004870 xmm7=0x00006ebf00006ebf0000065f0000065f 

0x1e: or eax, 0x100
  rax=0x0000000000000000 rbx=0x000084bf000084bf rcx=0x0000000000000048 rdx=0x0000000000000000
  rsi=0x0000786100007861 rdi=0x0000bf390000bf39 flags=0b000001000110
  xmm0=0x00000b4200000b42000079be000079be xmm1=0x0000ff4e0000ff4e00007ee600007ee6 
  xmm2=0x0000b4950000b49500009a3d00009a3d xmm3=0x000068110000681100002fa900002fa9 
  xmm4=0x00004dcd00004dcd0000b8b80000b8b8 xmm5=0x0000d2ba0000d2ba0000489800004898 
  xmm6=0x0000c8750000c8750000487000004870 xmm7=0x00006ebf00006ebf0000065f0000065f 

0x23: wrmsr 
  rax=0x0000000000000100 rbx=0x000084bf000084bf rcx=0x0000000000000048 rdx=0x0000000000000000
  rsi=0x0000786100007861 rdi=0x0000bf390000bf39 flags=0b000000000110
  xmm0=0x00000b4200000b42000079be000079be xmm1=0x0000ff4e0000ff4e00007ee600007ee6 
  xmm2=0x0000b4950000b49500009a3d00009a3d xmm3=0x000068110000681100002fa900002fa9 
  xmm4=0x00004dcd00004dcd0000b8b80000b8b8 xmm5=0x0000d2ba0000d2ba0000489800004898 
  xmm6=0x0000c8750000c8750000487000004870 xmm7=0x00006ebf00006ebf0000065f0000065f 

0x25: mfence 
  rax=0x0000000000000100 rbx=0x000084bf000084bf rcx=0x0000000000000048 rdx=0x0000000000000000
  rsi=0x0000786100007861 rdi=0x0000bf390000bf39 flags=0b000000000110
  xmm0=0x00000b4200000b42000079be000079be xmm1=0x0000ff4e0000ff4e00007ee600007ee6 
  xmm2=0x0000b4950000b49500009a3d00009a3d xmm3=0x000068110000681100002fa900002fa9 
  xmm4=0x00004dcd00004dcd0000b8b80000b8b8 xmm5=0x0000d2ba0000d2ba0000489800004898 
  xmm6=0x0000c8750000c8750000487000004870 xmm7=0x00006ebf00006ebf0000065f0000065f 

0x28: lfence 
  rax=0x0000000000000100 rbx=0x000084bf000084bf rcx=0x0000000000000048 rdx=0x0000000000000000
  rsi=0x0000786100007861 rdi=0x0000bf390000bf39 flags=0b000000000110
  xmm0=0x00000b4200000b42000079be000079be xmm1=0x0000ff4e0000ff4e00007ee600007ee6 
  xmm2=0x0000b4950000b49500009a3d00009a3d xmm3=0x000068110000681100002fa900002fa9 
  xmm4=0x00004dcd00004dcd0000b8b80000b8b8 xmm5=0x0000d2ba0000d2ba0000489800004898 
  xmm6=0x0000c8750000c8750000487000004870 xmm7=0x00006ebf00006ebf0000065f0000065f 

0x2b: macro .measurement_start, .noarg
  rax=0x0000000000000100 rbx=0x000084bf000084bf rcx=0x0000000000000048 rdx=0x0000000000000000
  rsi=0x0000786100007861 rdi=0x0000bf390000bf39 flags=0b000000000110
  xmm0=0x00000b4200000b42000079be000079be xmm1=0x0000ff4e0000ff4e00007ee600007ee6 
  xmm2=0x0000b4950000b49500009a3d00009a3d xmm3=0x000068110000681100002fa900002fa9 
  xmm4=0x00004dcd00004dcd0000b8b80000b8b8 xmm5=0x0000d2ba0000d2ba0000489800004898 
  xmm6=0x0000c8750000c8750000487000004870 xmm7=0x00006ebf00006ebf0000065f0000065f 

0x33: mov ecx, 0x1a4
  rax=0x0000000000000100 rbx=0x000084bf000084bf rcx=0x0000000000000048 rdx=0x0000000000000000
  rsi=0x0000786100007861 rdi=0x0000bf390000bf39 flags=0b000000000110
  xmm0=0x00000b4200000b42000079be000079be xmm1=0x0000ff4e0000ff4e00007ee600007ee6 
  xmm2=0x0000b4950000b49500009a3d00009a3d xmm3=0x000068110000681100002fa900002fa9 
  xmm4=0x00004dcd00004dcd0000b8b80000b8b8 xmm5=0x0000d2ba0000d2ba0000489800004898 
  xmm6=0x0000c8750000c8750000487000004870 xmm7=0x00006ebf00006ebf0000065f0000065f 

0x38: mov edx, 0
  rax=0x0000000000000100 rbx=0x000084bf000084bf rcx=0x00000000000001a4 rdx=0x0000000000000000
  rsi=0x0000786100007861 rdi=0x0000bf390000bf39 flags=0b000000000110
  xmm0=0x00000b4200000b42000079be000079be xmm1=0x0000ff4e0000ff4e00007ee600007ee6 
  xmm2=0x0000b4950000b49500009a3d00009a3d xmm3=0x000068110000681100002fa900002fa9 
  xmm4=0x00004dcd00004dcd0000b8b80000b8b8 xmm5=0x0000d2ba0000d2ba0000489800004898 
  xmm6=0x0000c8750000c8750000487000004870 xmm7=0x00006ebf00006ebf0000065f0000065f 

0x3d: mov eax, 0b000000
  rax=0x0000000000000100 rbx=0x000084bf000084bf rcx=0x00000000000001a4 rdx=0x0000000000000000
  rsi=0x0000786100007861 rdi=0x0000bf390000bf39 flags=0b000000000110
  xmm0=0x00000b4200000b42000079be000079be xmm1=0x0000ff4e0000ff4e00007ee600007ee6 
  xmm2=0x0000b4950000b49500009a3d00009a3d xmm3=0x000068110000681100002fa900002fa9 
  xmm4=0x00004dcd00004dcd0000b8b80000b8b8 xmm5=0x0000d2ba0000d2ba0000489800004898 
  xmm6=0x0000c8750000c8750000487000004870 xmm7=0x00006ebf00006ebf0000065f0000065f 

0x42: mov ecx, 0x48
  rax=0x0000000000000000 rbx=0x000084bf000084bf rcx=0x00000000000001a4 rdx=0x0000000000000000
  rsi=0x0000786100007861 rdi=0x0000bf390000bf39 flags=0b000000000110
  xmm0=0x00000b4200000b42000079be000079be xmm1=0x0000ff4e0000ff4e00007ee600007ee6 
  xmm2=0x0000b4950000b49500009a3d00009a3d xmm3=0x000068110000681100002fa900002fa9 
  xmm4=0x00004dcd00004dcd0000b8b80000b8b8 xmm5=0x0000d2ba0000d2ba0000489800004898 
  xmm6=0x0000c8750000c8750000487000004870 xmm7=0x00006ebf00006ebf0000065f0000065f 

0x47: rdmsr 
  rax=0x0000000000000000 rbx=0x000084bf000084bf rcx=0x0000000000000048 rdx=0x0000000000000000
  rsi=0x0000786100007861 rdi=0x0000bf390000bf39 flags=0b000000000110
  xmm0=0x00000b4200000b42000079be000079be xmm1=0x0000ff4e0000ff4e00007ee600007ee6 
  xmm2=0x0000b4950000b49500009a3d00009a3d xmm3=0x000068110000681100002fa900002fa9 
  xmm4=0x00004dcd00004dcd0000b8b80000b8b8 xmm5=0x0000d2ba0000d2ba0000489800004898 
  xmm6=0x0000c8750000c8750000487000004870 xmm7=0x00006ebf00006ebf0000065f0000065f 

0x49: and eax, 0xfffffffb
  rax=0x0000000000000000 rbx=0x000084bf000084bf rcx=0x0000000000000048 rdx=0x0000000000000000
  rsi=0x0000786100007861 rdi=0x0000bf390000bf39 flags=0b000000000110
  xmm0=0x00000b4200000b42000079be000079be xmm1=0x0000ff4e0000ff4e00007ee600007ee6 
  xmm2=0x0000b4950000b49500009a3d00009a3d xmm3=0x000068110000681100002fa900002fa9 
  xmm4=0x00004dcd00004dcd0000b8b80000b8b8 xmm5=0x0000d2ba0000d2ba0000489800004898 
  xmm6=0x0000c8750000c8750000487000004870 xmm7=0x00006ebf00006ebf0000065f0000065f 

0x4c: and eax, 0xfffffeff
  rax=0x0000000000000000 rbx=0x000084bf000084bf rcx=0x0000000000000048 rdx=0x0000000000000000
  rsi=0x0000786100007861 rdi=0x0000bf390000bf39 flags=0b000001000110
  xmm0=0x00000b4200000b42000079be000079be xmm1=0x0000ff4e0000ff4e00007ee600007ee6 
  xmm2=0x0000b4950000b49500009a3d00009a3d xmm3=0x000068110000681100002fa900002fa9 
  xmm4=0x00004dcd00004dcd0000b8b80000b8b8 xmm5=0x0000d2ba0000d2ba0000489800004898 
  xmm6=0x0000c8750000c8750000487000004870 xmm7=0x00006ebf00006ebf0000065f0000065f 

0x51: wrmsr 
  rax=0x0000000000000000 rbx=0x000084bf000084bf rcx=0x0000000000000048 rdx=0x0000000000000000
  rsi=0x0000786100007861 rdi=0x0000bf390000bf39 flags=0b000001000110
  xmm0=0x00000b4200000b42000079be000079be xmm1=0x0000ff4e0000ff4e00007ee600007ee6 
  xmm2=0x0000b4950000b49500009a3d00009a3d xmm3=0x000068110000681100002fa900002fa9 
  xmm4=0x00004dcd00004dcd0000b8b80000b8b8 xmm5=0x0000d2ba0000d2ba0000489800004898 
  xmm6=0x0000c8750000c8750000487000004870 xmm7=0x00006ebf00006ebf0000065f0000065f 

0x53: mfence 
  rax=0x0000000000000000 rbx=0x000084bf000084bf rcx=0x0000000000000048 rdx=0x0000000000000000
  rsi=0x0000786100007861 rdi=0x0000bf390000bf39 flags=0b000001000110
  xmm0=0x00000b4200000b42000079be000079be xmm1=0x0000ff4e0000ff4e00007ee600007ee6 
  xmm2=0x0000b4950000b49500009a3d00009a3d xmm3=0x000068110000681100002fa900002fa9 
  xmm4=0x00004dcd00004dcd0000b8b80000b8b8 xmm5=0x0000d2ba0000d2ba0000489800004898 
  xmm6=0x0000c8750000c8750000487000004870 xmm7=0x00006ebf00006ebf0000065f0000065f 

0x56: lfence 
  rax=0x0000000000000000 rbx=0x000084bf000084bf rcx=0x0000000000000048 rdx=0x0000000000000000
  rsi=0x0000786100007861 rdi=0x0000bf390000bf39 flags=0b000001000110
  xmm0=0x00000b4200000b42000079be000079be xmm1=0x0000ff4e0000ff4e00007ee600007ee6 
  xmm2=0x0000b4950000b49500009a3d00009a3d xmm3=0x000068110000681100002fa900002fa9 
  xmm4=0x00004dcd00004dcd0000b8b80000b8b8 xmm5=0x0000d2ba0000d2ba0000489800004898 
  xmm6=0x0000c8750000c8750000487000004870 xmm7=0x00006ebf00006ebf0000065f0000065f 

0x59: pop rdx
  rax=0x0000000000000000 rbx=0x000084bf000084bf rcx=0x0000000000000048 rdx=0x0000000000000000
  rsi=0x0000786100007861 rdi=0x0000bf390000bf39 flags=0b000001000110
  xmm0=0x00000b4200000b42000079be000079be xmm1=0x0000ff4e0000ff4e00007ee600007ee6 
  xmm2=0x0000b4950000b49500009a3d00009a3d xmm3=0x000068110000681100002fa900002fa9 
  xmm4=0x00004dcd00004dcd0000b8b80000b8b8 xmm5=0x0000d2ba0000d2ba0000489800004898 
  xmm6=0x0000c8750000c8750000487000004870 xmm7=0x00006ebf00006ebf0000065f0000065f 

    > load from +0xfe0 value 0x144f0000144f
0x5a: pop rcx
  rax=0x0000000000000000 rbx=0x000084bf000084bf rcx=0x0000000000000048 rdx=0x0000144f0000144f
  rsi=0x0000786100007861 rdi=0x0000bf390000bf39 flags=0b000001000110
  xmm0=0x00000b4200000b42000079be000079be xmm1=0x0000ff4e0000ff4e00007ee600007ee6 
  xmm2=0x0000b4950000b49500009a3d00009a3d xmm3=0x000068110000681100002fa900002fa9 
  xmm4=0x00004dcd00004dcd0000b8b80000b8b8 xmm5=0x0000d2ba0000d2ba0000489800004898 
  xmm6=0x0000c8750000c8750000487000004870 xmm7=0x00006ebf00006ebf0000065f0000065f 

    > load from +0xfe8 value 0x5c2400005c24
0x5b: pop rax
  rax=0x0000000000000000 rbx=0x000084bf000084bf rcx=0x00005c2400005c24 rdx=0x0000144f0000144f
  rsi=0x0000786100007861 rdi=0x0000bf390000bf39 flags=0b000001000110
  xmm0=0x00000b4200000b42000079be000079be xmm1=0x0000ff4e0000ff4e00007ee600007ee6 
  xmm2=0x0000b4950000b49500009a3d00009a3d xmm3=0x000068110000681100002fa900002fa9 
  xmm4=0x00004dcd00004dcd0000b8b80000b8b8 xmm5=0x0000d2ba0000d2ba0000489800004898 
  xmm6=0x0000c8750000c8750000487000004870 xmm7=0x00006ebf00006ebf0000065f0000065f 

    > load from +0xff0 value 0x811300008113
0x5c: and rax, 0b1111111111111
  rax=0x0000811300008113 rbx=0x000084bf000084bf rcx=0x00005c2400005c24 rdx=0x0000144f0000144f
  rsi=0x0000786100007861 rdi=0x0000bf390000bf39 flags=0b000001000110
  xmm0=0x00000b4200000b42000079be000079be xmm1=0x0000ff4e0000ff4e00007ee600007ee6 
  xmm2=0x0000b4950000b49500009a3d00009a3d xmm3=0x000068110000681100002fa900002fa9 
  xmm4=0x00004dcd00004dcd0000b8b80000b8b8 xmm5=0x0000d2ba0000d2ba0000489800004898 
  xmm6=0x0000c8750000c8750000487000004870 xmm7=0x00006ebf00006ebf0000065f0000065f 

0x62: imul rsi, [r14 +rax]
  rax=0x0000000000000113 rbx=0x000084bf000084bf rcx=0x00005c2400005c24 rdx=0x0000144f0000144f
  rsi=0x0000786100007861 rdi=0x0000bf390000bf39 flags=0b000000000010
  xmm0=0x00000b4200000b42000079be000079be xmm1=0x0000ff4e0000ff4e00007ee600007ee6 
  xmm2=0x0000b4950000b49500009a3d00009a3d xmm3=0x000068110000681100002fa900002fa9 
  xmm4=0x00004dcd00004dcd0000b8b80000b8b8 xmm5=0x0000d2ba0000d2ba0000489800004898 
  xmm6=0x0000c8750000c8750000487000004870 xmm7=0x00006ebf00006ebf0000065f0000065f 

    > load from +0x113 value 0x87fb0000ba0f00
0x67: add dil, 63
  rax=0x0000000000000113 rbx=0x000084bf000084bf rcx=0x00005c2400005c24 rdx=0x0000144f0000144f
  rsi=0x6eb5ca577d87af00 rdi=0x0000bf390000bf39 flags=0b100000000111
  xmm0=0x00000b4200000b42000079be000079be xmm1=0x0000ff4e0000ff4e00007ee600007ee6 
  xmm2=0x0000b4950000b49500009a3d00009a3d xmm3=0x000068110000681100002fa900002fa9 
  xmm4=0x00004dcd00004dcd0000b8b80000b8b8 xmm5=0x0000d2ba0000d2ba0000489800004898 
  xmm6=0x0000c8750000c8750000487000004870 xmm7=0x00006ebf00006ebf0000065f0000065f 

0x6b: and rbx, 0b1111111111111
  rax=0x0000000000000113 rbx=0x000084bf000084bf rcx=0x00005c2400005c24 rdx=0x0000144f0000144f
  rsi=0x6eb5ca577d87af00 rdi=0x0000bf390000bf78 flags=0b000000010110
  xmm0=0x00000b4200000b42000079be000079be xmm1=0x0000ff4e0000ff4e00007ee600007ee6 
  xmm2=0x0000b4950000b49500009a3d00009a3d xmm3=0x000068110000681100002fa900002fa9 
  xmm4=0x00004dcd00004dcd0000b8b80000b8b8 xmm5=0x0000d2ba0000d2ba0000489800004898 
  xmm6=0x0000c8750000c8750000487000004870 xmm7=0x00006ebf00006ebf0000065f0000065f 

0x72: movsxd rdi, [r14 +rbx]
  rax=0x0000000000000113 rbx=0x00000000000004bf rcx=0x00005c2400005c24 rdx=0x0000144f0000144f
  rsi=0x6eb5ca577d87af00 rdi=0x0000bf390000bf78 flags=0b000000000010
  xmm0=0x00000b4200000b42000079be000079be xmm1=0x0000ff4e0000ff4e00007ee600007ee6 
  xmm2=0x0000b4950000b49500009a3d00009a3d xmm3=0x000068110000681100002fa900002fa9 
  xmm4=0x00004dcd00004dcd0000b8b80000b8b8 xmm5=0x0000d2ba0000d2ba0000489800004898 
  xmm6=0x0000c8750000c8750000487000004870 xmm7=0x00006ebf00006ebf0000065f0000065f 

    > load from +0x4bf value 0x559600
0x76: cwde 
  rax=0x0000000000000113 rbx=0x00000000000004bf rcx=0x00005c2400005c24 rdx=0x0000144f0000144f
  rsi=0x6eb5ca577d87af00 rdi=0x0000000000559600 flags=0b000000000010
  xmm0=0x00000b4200000b42000079be000079be xmm1=0x0000ff4e0000ff4e00007ee600007ee6 
  xmm2=0x0000b4950000b49500009a3d00009a3d xmm3=0x000068110000681100002fa900002fa9 
  xmm4=0x00004dcd00004dcd0000b8b80000b8b8 xmm5=0x0000d2ba0000d2ba0000489800004898 
  xmm6=0x0000c8750000c8750000487000004870 xmm7=0x00006ebf00006ebf0000065f0000065f 

0x77: and rax, 0b1111111111111
  rax=0x0000000000000113 rbx=0x00000000000004bf rcx=0x00005c2400005c24 rdx=0x0000144f0000144f
  rsi=0x6eb5ca577d87af00 rdi=0x0000000000559600 flags=0b000000000010
  xmm0=0x00000b4200000b42000079be000079be xmm1=0x0000ff4e0000ff4e00007ee600007ee6 
  xmm2=0x0000b4950000b49500009a3d00009a3d xmm3=0x000068110000681100002fa900002fa9 
  xmm4=0x00004dcd00004dcd0000b8b80000b8b8 xmm5=0x0000d2ba0000d2ba0000489800004898 
  xmm6=0x0000c8750000c8750000487000004870 xmm7=0x00006ebf00006ebf0000065f0000065f 

0x7d: cmovnbe di, [r14 +rax]
  rax=0x0000000000000113 rbx=0x00000000000004bf rcx=0x00005c2400005c24 rdx=0x0000144f0000144f
  rsi=0x6eb5ca577d87af00 rdi=0x0000000000559600 flags=0b000000000010
  xmm0=0x00000b4200000b42000079be000079be xmm1=0x0000ff4e0000ff4e00007ee600007ee6 
  xmm2=0x0000b4950000b49500009a3d00009a3d xmm3=0x000068110000681100002fa900002fa9 
  xmm4=0x00004dcd00004dcd0000b8b80000b8b8 xmm5=0x0000d2ba0000d2ba0000489800004898 
  xmm6=0x0000c8750000c8750000487000004870 xmm7=0x00006ebf00006ebf0000065f0000065f 

    > load from +0x113 value 0xf00
0x83: bts ecx, 155
  rax=0x0000000000000113 rbx=0x00000000000004bf rcx=0x00005c2400005c24 rdx=0x0000144f0000144f
  rsi=0x6eb5ca577d87af00 rdi=0x0000000000550f00 flags=0b000000000010
  xmm0=0x00000b4200000b42000079be000079be xmm1=0x0000ff4e0000ff4e00007ee600007ee6 
  xmm2=0x0000b4950000b49500009a3d00009a3d xmm3=0x000068110000681100002fa900002fa9 
  xmm4=0x00004dcd00004dcd0000b8b80000b8b8 xmm5=0x0000d2ba0000d2ba0000489800004898 
  xmm6=0x0000c8750000c8750000487000004870 xmm7=0x00006ebf00006ebf0000065f0000065f 

0x87: and rcx, 0b1111111111111
  rax=0x0000000000000113 rbx=0x00000000000004bf rcx=0x0000000008005c24 rdx=0x0000144f0000144f
  rsi=0x6eb5ca577d87af00 rdi=0x0000000000550f00 flags=0b000000000010
  xmm0=0x00000b4200000b42000079be000079be xmm1=0x0000ff4e0000ff4e00007ee600007ee6 
  xmm2=0x0000b4950000b49500009a3d00009a3d xmm3=0x000068110000681100002fa900002fa9 
  xmm4=0x00004dcd00004dcd0000b8b80000b8b8 xmm5=0x0000d2ba0000d2ba0000489800004898 
  xmm6=0x0000c8750000c8750000487000004870 xmm7=0x00006ebf00006ebf0000065f0000065f 

0x8e: sbb edx, [r14 +rcx]
  rax=0x0000000000000113 rbx=0x00000000000004bf rcx=0x0000000000001c24 rdx=0x0000144f0000144f
  rsi=0x6eb5ca577d87af00 rdi=0x0000000000550f00 flags=0b000000000110
  xmm0=0x00000b4200000b42000079be000079be xmm1=0x0000ff4e0000ff4e00007ee600007ee6 
  xmm2=0x0000b4950000b49500009a3d00009a3d xmm3=0x000068110000681100002fa900002fa9 
  xmm4=0x00004dcd00004dcd0000b8b80000b8b8 xmm5=0x0000d2ba0000d2ba0000489800004898 
  xmm6=0x0000c8750000c8750000487000004870 xmm7=0x00006ebf00006ebf0000065f0000065f 

    > load from +0x1c24 value 0x6276
0x92: dec cl
  rax=0x0000000000000113 rbx=0x00000000000004bf rcx=0x0000000000001c24 rdx=0x00000000ffffb1d9
  rsi=0x6eb5ca577d87af00 rdi=0x0000000000550f00 flags=0b000010000011
  xmm0=0x00000b4200000b42000079be000079be xmm1=0x0000ff4e0000ff4e00007ee600007ee6 
  xmm2=0x0000b4950000b49500009a3d00009a3d xmm3=0x000068110000681100002fa900002fa9 
  xmm4=0x00004dcd00004dcd0000b8b80000b8b8 xmm5=0x0000d2ba0000d2ba0000489800004898 
  xmm6=0x0000c8750000c8750000487000004870 xmm7=0x00006ebf00006ebf0000065f0000065f 

0x94: and rbx, 0b1111111111111
  rax=0x0000000000000113 rbx=0x00000000000004bf rcx=0x0000000000001c23 rdx=0x00000000ffffb1d9
  rsi=0x6eb5ca577d87af00 rdi=0x0000000000550f00 flags=0b000000000011
  xmm0=0x00000b4200000b42000079be000079be xmm1=0x0000ff4e0000ff4e00007ee600007ee6 
  xmm2=0x0000b4950000b49500009a3d00009a3d xmm3=0x000068110000681100002fa900002fa9 
  xmm4=0x00004dcd00004dcd0000b8b80000b8b8 xmm5=0x0000d2ba0000d2ba0000489800004898 
  xmm6=0x0000c8750000c8750000487000004870 xmm7=0x00006ebf00006ebf0000065f0000065f 

0x9b: or bl, [r14 +rbx]
  rax=0x0000000000000113 rbx=0x00000000000004bf rcx=0x0000000000001c23 rdx=0x00000000ffffb1d9
  rsi=0x6eb5ca577d87af00 rdi=0x0000000000550f00 flags=0b000000000010
  xmm0=0x00000b4200000b42000079be000079be xmm1=0x0000ff4e0000ff4e00007ee600007ee6 
  xmm2=0x0000b4950000b49500009a3d00009a3d xmm3=0x000068110000681100002fa900002fa9 
  xmm4=0x00004dcd00004dcd0000b8b80000b8b8 xmm5=0x0000d2ba0000d2ba0000489800004898 
  xmm6=0x0000c8750000c8750000487000004870 xmm7=0x00006ebf00006ebf0000065f0000065f 

    > load from +0x4bf value 0x0
0x9f: or eax, ebx
  rax=0x0000000000000113 rbx=0x00000000000004bf rcx=0x0000000000001c23 rdx=0x00000000ffffb1d9
  rsi=0x6eb5ca577d87af00 rdi=0x0000000000550f00 flags=0b000010000010
  xmm0=0x00000b4200000b42000079be000079be xmm1=0x0000ff4e0000ff4e00007ee600007ee6 
  xmm2=0x0000b4950000b49500009a3d00009a3d xmm3=0x000068110000681100002fa900002fa9 
  xmm4=0x00004dcd00004dcd0000b8b80000b8b8 xmm5=0x0000d2ba0000d2ba0000489800004898 
  xmm6=0x0000c8750000c8750000487000004870 xmm7=0x00006ebf00006ebf0000065f0000065f 

0xa1: and rsi, 0b1111111111111
  rax=0x00000000000005bf rbx=0x00000000000004bf rcx=0x0000000000001c23 rdx=0x00000000ffffb1d9
  rsi=0x6eb5ca577d87af00 rdi=0x0000000000550f00 flags=0b000000000010
  xmm0=0x00000b4200000b42000079be000079be xmm1=0x0000ff4e0000ff4e00007ee600007ee6 
  xmm2=0x0000b4950000b49500009a3d00009a3d xmm3=0x000068110000681100002fa900002fa9 
  xmm4=0x00004dcd00004dcd0000b8b80000b8b8 xmm5=0x0000d2ba0000d2ba0000489800004898 
  xmm6=0x0000c8750000c8750000487000004870 xmm7=0x00006ebf00006ebf0000065f0000065f 

0xa8: dec [r14 +rsi]
  rax=0x00000000000005bf rbx=0x00000000000004bf rcx=0x0000000000001c23 rdx=0x00000000ffffb1d9
  rsi=0x0000000000000f00 rdi=0x0000000000550f00 flags=0b000000000110
  xmm0=0x00000b4200000b42000079be000079be xmm1=0x0000ff4e0000ff4e00007ee600007ee6 
  xmm2=0x0000b4950000b49500009a3d00009a3d xmm3=0x000068110000681100002fa900002fa9 
  xmm4=0x00004dcd00004dcd0000b8b80000b8b8 xmm5=0x0000d2ba0000d2ba0000489800004898 
  xmm6=0x0000c8750000c8750000487000004870 xmm7=0x00006ebf00006ebf0000065f0000065f 

    > load from +0xf00 value 0x3eb1
    > store to +0xf00 value 0x3eb0
0xac: movsx rdx, cx
  rax=0x00000000000005bf rbx=0x00000000000004bf rcx=0x0000000000001c23 rdx=0x00000000ffffb1d9
  rsi=0x0000000000000f00 rdi=0x0000000000550f00 flags=0b000000000010
  xmm0=0x00000b4200000b42000079be000079be xmm1=0x0000ff4e0000ff4e00007ee600007ee6 
  xmm2=0x0000b4950000b49500009a3d00009a3d xmm3=0x000068110000681100002fa900002fa9 
  xmm4=0x00004dcd00004dcd0000b8b80000b8b8 xmm5=0x0000d2ba0000d2ba0000489800004898 
  xmm6=0x0000c8750000c8750000487000004870 xmm7=0x00006ebf00006ebf0000065f0000065f 

0xb0: test esi, eax
  rax=0x00000000000005bf rbx=0x00000000000004bf rcx=0x0000000000001c23 rdx=0x0000000000001c23
  rsi=0x0000000000000f00 rdi=0x0000000000550f00 flags=0b000000000010
  xmm0=0x00000b4200000b42000079be000079be xmm1=0x0000ff4e0000ff4e00007ee600007ee6 
  xmm2=0x0000b4950000b49500009a3d00009a3d xmm3=0x000068110000681100002fa900002fa9 
  xmm4=0x00004dcd00004dcd0000b8b80000b8b8 xmm5=0x0000d2ba0000d2ba0000489800004898 
  xmm6=0x0000c8750000c8750000487000004870 xmm7=0x00006ebf00006ebf0000065f0000065f 

0xb2: sbb al, -7
  rax=0x00000000000005bf rbx=0x00000000000004bf rcx=0x0000000000001c23 rdx=0x0000000000001c23
  rsi=0x0000000000000f00 rdi=0x0000000000550f00 flags=0b000000000110
  xmm0=0x00000b4200000b42000079be000079be xmm1=0x0000ff4e0000ff4e00007ee600007ee6 
  xmm2=0x0000b4950000b49500009a3d00009a3d xmm3=0x000068110000681100002fa900002fa9 
  xmm4=0x00004dcd00004dcd0000b8b80000b8b8 xmm5=0x0000d2ba0000d2ba0000489800004898 
  xmm6=0x0000c8750000c8750000487000004870 xmm7=0x00006ebf00006ebf0000065f0000065f 

0xb4: and rcx, 0b1111111111111
  rax=0x00000000000005c6 rbx=0x00000000000004bf rcx=0x0000000000001c23 rdx=0x0000000000001c23
  rsi=0x0000000000000f00 rdi=0x0000000000550f00 flags=0b000010000111
  xmm0=0x00000b4200000b42000079be000079be xmm1=0x0000ff4e0000ff4e00007ee600007ee6 
  xmm2=0x0000b4950000b49500009a3d00009a3d xmm3=0x000068110000681100002fa900002fa9 
  xmm4=0x00004dcd00004dcd0000b8b80000b8b8 xmm5=0x0000d2ba0000d2ba0000489800004898 
  xmm6=0x0000c8750000c8750000487000004870 xmm7=0x00006ebf00006ebf0000065f0000065f 

0xbb: or sil, [r14 +rcx]
  rax=0x00000000000005c6 rbx=0x00000000000004bf rcx=0x0000000000001c23 rdx=0x0000000000001c23
  rsi=0x0000000000000f00 rdi=0x0000000000550f00 flags=0b000000000010
  xmm0=0x00000b4200000b42000079be000079be xmm1=0x0000ff4e0000ff4e00007ee600007ee6 
  xmm2=0x0000b4950000b49500009a3d00009a3d xmm3=0x000068110000681100002fa900002fa9 
  xmm4=0x00004dcd00004dcd0000b8b80000b8b8 xmm5=0x0000d2ba0000d2ba0000489800004898 
  xmm6=0x0000c8750000c8750000487000004870 xmm7=0x00006ebf00006ebf0000065f0000065f 

    > load from +0x1c23 value 0x0
0xbf: and rdi, 0b1111111111111
  rax=0x00000000000005c6 rbx=0x00000000000004bf rcx=0x0000000000001c23 rdx=0x0000000000001c23
  rsi=0x0000000000000f00 rdi=0x0000000000550f00 flags=0b000001000110
  xmm0=0x00000b4200000b42000079be000079be xmm1=0x0000ff4e0000ff4e00007ee600007ee6 
  xmm2=0x0000b4950000b49500009a3d00009a3d xmm3=0x000068110000681100002fa900002fa9 
  xmm4=0x00004dcd00004dcd0000b8b80000b8b8 xmm5=0x0000d2ba0000d2ba0000489800004898 
  xmm6=0x0000c8750000c8750000487000004870 xmm7=0x00006ebf00006ebf0000065f0000065f 

0xc6: sbb [r14 +rdi], ax
  rax=0x00000000000005c6 rbx=0x00000000000004bf rcx=0x0000000000001c23 rdx=0x0000000000001c23
  rsi=0x0000000000000f00 rdi=0x0000000000000f00 flags=0b000000000110
  xmm0=0x00000b4200000b42000079be000079be xmm1=0x0000ff4e0000ff4e00007ee600007ee6 
  xmm2=0x0000b4950000b49500009a3d00009a3d xmm3=0x000068110000681100002fa900002fa9 
  xmm4=0x00004dcd00004dcd0000b8b80000b8b8 xmm5=0x0000d2ba0000d2ba0000489800004898 
  xmm6=0x0000c8750000c8750000487000004870 xmm7=0x00006ebf00006ebf0000065f0000065f 

    > load from +0xf00 value 0x3eb0
    > store to +0xf00 value 0x38ea
0xcb: setno dl
  rax=0x00000000000005c6 rbx=0x00000000000004bf rcx=0x0000000000001c23 rdx=0x0000000000001c23
  rsi=0x0000000000000f00 rdi=0x0000000000000f00 flags=0b000000010010
  xmm0=0x00000b4200000b42000079be000079be xmm1=0x0000ff4e0000ff4e00007ee600007ee6 
  xmm2=0x0000b4950000b49500009a3d00009a3d xmm3=0x000068110000681100002fa900002fa9 
  xmm4=0x00004dcd00004dcd0000b8b80000b8b8 xmm5=0x0000d2ba0000d2ba0000489800004898 
  xmm6=0x0000c8750000c8750000487000004870 xmm7=0x00006ebf00006ebf0000065f0000065f 

0xce: and rdx, 0b1111111111000
  rax=0x00000000000005c6 rbx=0x00000000000004bf rcx=0x0000000000001c23 rdx=0x0000000000001c01
  rsi=0x0000000000000f00 rdi=0x0000000000000f00 flags=0b000000010010
  xmm0=0x00000b4200000b42000079be000079be xmm1=0x0000ff4e0000ff4e00007ee600007ee6 
  xmm2=0x0000b4950000b49500009a3d00009a3d xmm3=0x000068110000681100002fa900002fa9 
  xmm4=0x00004dcd00004dcd0000b8b80000b8b8 xmm5=0x0000d2ba0000d2ba0000489800004898 
  xmm6=0x0000c8750000c8750000487000004870 xmm7=0x00006ebf00006ebf0000065f0000065f 

0xd5: lock and [r14 +rdx], rbx
  rax=0x00000000000005c6 rbx=0x00000000000004bf rcx=0x0000000000001c23 rdx=0x0000000000001c00
  rsi=0x0000000000000f00 rdi=0x0000000000000f00 flags=0b000000000110
  xmm0=0x00000b4200000b42000079be000079be xmm1=0x0000ff4e0000ff4e00007ee600007ee6 
  xmm2=0x0000b4950000b49500009a3d00009a3d xmm3=0x000068110000681100002fa900002fa9 
  xmm4=0x00004dcd00004dcd0000b8b80000b8b8 xmm5=0x0000d2ba0000d2ba0000489800004898 
  xmm6=0x0000c8750000c8750000487000004870 xmm7=0x00006ebf00006ebf0000065f0000065f 

    > load from +0x1c00 value 0x220d0000220d
    > store to +0x1c00 value 0xd
0xda: setnp al
  rax=0x00000000000005c6 rbx=0x00000000000004bf rcx=0x0000000000001c23 rdx=0x0000000000001c00
  rsi=0x0000000000000f00 rdi=0x0000000000000f00 flags=0b000000000010
  xmm0=0x00000b4200000b42000079be000079be xmm1=0x0000ff4e0000ff4e00007ee600007ee6 
  xmm2=0x0000b4950000b49500009a3d00009a3d xmm3=0x000068110000681100002fa900002fa9 
  xmm4=0x00004dcd00004dcd0000b8b80000b8b8 xmm5=0x0000d2ba0000d2ba0000489800004898 
  xmm6=0x0000c8750000c8750000487000004870 xmm7=0x00006ebf00006ebf0000065f0000065f 

0xdd: and rdi, 0b1111111111000
  rax=0x0000000000000501 rbx=0x00000000000004bf rcx=0x0000000000001c23 rdx=0x0000000000001c00
  rsi=0x0000000000000f00 rdi=0x0000000000000f00 flags=0b000000000010
  xmm0=0x00000b4200000b42000079be000079be xmm1=0x0000ff4e0000ff4e00007ee600007ee6 
  xmm2=0x0000b4950000b49500009a3d00009a3d xmm3=0x000068110000681100002fa900002fa9 
  xmm4=0x00004dcd00004dcd0000b8b80000b8b8 xmm5=0x0000d2ba0000d2ba0000489800004898 
  xmm6=0x0000c8750000c8750000487000004870 xmm7=0x00006ebf00006ebf0000065f0000065f 

0xe4: lock not [r14 +rdi]
  rax=0x0000000000000501 rbx=0x00000000000004bf rcx=0x0000000000001c23 rdx=0x0000000000001c00
  rsi=0x0000000000000f00 rdi=0x0000000000000f00 flags=0b000000000110
  xmm0=0x00000b4200000b42000079be000079be xmm1=0x0000ff4e0000ff4e00007ee600007ee6 
  xmm2=0x0000b4950000b49500009a3d00009a3d xmm3=0x000068110000681100002fa900002fa9 
  xmm4=0x00004dcd00004dcd0000b8b80000b8b8 xmm5=0x0000d2ba0000d2ba0000489800004898 
  xmm6=0x0000c8750000c8750000487000004870 xmm7=0x00006ebf00006ebf0000065f0000065f 

    > load from +0xf00 value 0x38ea
    > store to +0xf00 value 0xffffc715
0xe9: setle bl
  rax=0x0000000000000501 rbx=0x00000000000004bf rcx=0x0000000000001c23 rdx=0x0000000000001c00
  rsi=0x0000000000000f00 rdi=0x0000000000000f00 flags=0b000000000110
  xmm0=0x00000b4200000b42000079be000079be xmm1=0x0000ff4e0000ff4e00007ee600007ee6 
  xmm2=0x0000b4950000b49500009a3d00009a3d xmm3=0x000068110000681100002fa900002fa9 
  xmm4=0x00004dcd00004dcd0000b8b80000b8b8 xmm5=0x0000d2ba0000d2ba0000489800004898 
  xmm6=0x0000c8750000c8750000487000004870 xmm7=0x00006ebf00006ebf0000065f0000065f 

0xec: test cx, 29533
  rax=0x0000000000000501 rbx=0x0000000000000400 rcx=0x0000000000001c23 rdx=0x0000000000001c00
  rsi=0x0000000000000f00 rdi=0x0000000000000f00 flags=0b000000000110
  xmm0=0x00000b4200000b42000079be000079be xmm1=0x0000ff4e0000ff4e00007ee600007ee6 
  xmm2=0x0000b4950000b49500009a3d00009a3d xmm3=0x000068110000681100002fa900002fa9 
  xmm4=0x00004dcd00004dcd0000b8b80000b8b8 xmm5=0x0000d2ba0000d2ba0000489800004898 
  xmm6=0x0000c8750000c8750000487000004870 xmm7=0x00006ebf00006ebf0000065f0000065f 

0xf1: and rdi, 0b1111111111111
  rax=0x0000000000000501 rbx=0x0000000000000400 rcx=0x0000000000001c23 rdx=0x0000000000001c00
  rsi=0x0000000000000f00 rdi=0x0000000000000f00 flags=0b000000000010
  xmm0=0x00000b4200000b42000079be000079be xmm1=0x0000ff4e0000ff4e00007ee600007ee6 
  xmm2=0x0000b4950000b49500009a3d00009a3d xmm3=0x000068110000681100002fa900002fa9 
  xmm4=0x00004dcd00004dcd0000b8b80000b8b8 xmm5=0x0000d2ba0000d2ba0000489800004898 
  xmm6=0x0000c8750000c8750000487000004870 xmm7=0x00006ebf00006ebf0000065f0000065f 

0xf8: cmovp rdi, [r14 +rdi]
  rax=0x0000000000000501 rbx=0x0000000000000400 rcx=0x0000000000001c23 rdx=0x0000000000001c00
  rsi=0x0000000000000f00 rdi=0x0000000000000f00 flags=0b000000000110
  xmm0=0x00000b4200000b42000079be000079be xmm1=0x0000ff4e0000ff4e00007ee600007ee6 
  xmm2=0x0000b4950000b49500009a3d00009a3d xmm3=0x000068110000681100002fa900002fa9 
  xmm4=0x00004dcd00004dcd0000b8b80000b8b8 xmm5=0x0000d2ba0000d2ba0000489800004898 
  xmm6=0x0000c8750000c8750000487000004870 xmm7=0x00006ebf00006ebf0000065f0000065f 

    > load from +0xf00 value 0x3eb1ffffc715
0xfd: test bx, -8209
  rax=0x0000000000000501 rbx=0x0000000000000400 rcx=0x0000000000001c23 rdx=0x0000000000001c00
  rsi=0x0000000000000f00 rdi=0x00003eb1ffffc715 flags=0b000000000110
  xmm0=0x00000b4200000b42000079be000079be xmm1=0x0000ff4e0000ff4e00007ee600007ee6 
  xmm2=0x0000b4950000b49500009a3d00009a3d xmm3=0x000068110000681100002fa900002fa9 
  xmm4=0x00004dcd00004dcd0000b8b80000b8b8 xmm5=0x0000d2ba0000d2ba0000489800004898 
  xmm6=0x0000c8750000c8750000487000004870 xmm7=0x00006ebf00006ebf0000065f0000065f 

0x102: and rax, 0b1111111111111
  rax=0x0000000000000501 rbx=0x0000000000000400 rcx=0x0000000000001c23 rdx=0x0000000000001c00
  rsi=0x0000000000000f00 rdi=0x00003eb1ffffc715 flags=0b000000000110
  xmm0=0x00000b4200000b42000079be000079be xmm1=0x0000ff4e0000ff4e00007ee600007ee6 
  xmm2=0x0000b4950000b49500009a3d00009a3d xmm3=0x000068110000681100002fa900002fa9 
  xmm4=0x00004dcd00004dcd0000b8b80000b8b8 xmm5=0x0000d2ba0000d2ba0000489800004898 
  xmm6=0x0000c8750000c8750000487000004870 xmm7=0x00006ebf00006ebf0000065f0000065f 

0x108: imul eax, [r14 +rax], 83
  rax=0x0000000000000501 rbx=0x0000000000000400 rcx=0x0000000000001c23 rdx=0x0000000000001c00
  rsi=0x0000000000000f00 rdi=0x00003eb1ffffc715 flags=0b000000000010
  xmm0=0x00000b4200000b42000079be000079be xmm1=0x0000ff4e0000ff4e00007ee600007ee6 
  xmm2=0x0000b4950000b49500009a3d00009a3d xmm3=0x000068110000681100002fa900002fa9 
  xmm4=0x00004dcd00004dcd0000b8b80000b8b8 xmm5=0x0000d2ba0000d2ba0000489800004898 
  xmm6=0x0000c8750000c8750000487000004870 xmm7=0x00006ebf00006ebf0000065f0000065f 

    > load from +0x501 value 0x710000ab
0x10d: add sil, -5
  rax=0x00000000a3003771 rbx=0x0000000000000400 rcx=0x0000000000001c23 rdx=0x0000000000001c00
  rsi=0x0000000000000f00 rdi=0x00003eb1ffffc715 flags=0b100010000111
  xmm0=0x00000b4200000b42000079be000079be xmm1=0x0000ff4e0000ff4e00007ee600007ee6 
  xmm2=0x0000b4950000b49500009a3d00009a3d xmm3=0x000068110000681100002fa900002fa9 
  xmm4=0x00004dcd00004dcd0000b8b80000b8b8 xmm5=0x0000d2ba0000d2ba0000489800004898 
  xmm6=0x0000c8750000c8750000487000004870 xmm7=0x00006ebf00006ebf0000065f0000065f 

0x111: cmovle rax, rbx
  rax=0x00000000a3003771 rbx=0x0000000000000400 rcx=0x0000000000001c23 rdx=0x0000000000001c00
  rsi=0x0000000000000ffb rdi=0x00003eb1ffffc715 flags=0b000010000010
  xmm0=0x00000b4200000b42000079be000079be xmm1=0x0000ff4e0000ff4e00007ee600007ee6 
  xmm2=0x0000b4950000b49500009a3d00009a3d xmm3=0x000068110000681100002fa900002fa9 
  xmm4=0x00004dcd00004dcd0000b8b80000b8b8 xmm5=0x0000d2ba0000d2ba0000489800004898 
  xmm6=0x0000c8750000c8750000487000004870 xmm7=0x00006ebf00006ebf0000065f0000065f 

0x115: and rdx, 0b1111111111000
  rax=0x0000000000000400 rbx=0x0000000000000400 rcx=0x0000000000001c23 rdx=0x0000000000001c00
  rsi=0x0000000000000ffb rdi=0x00003eb1ffffc715 flags=0b000010000010
  xmm0=0x00000b4200000b42000079be000079be xmm1=0x0000ff4e0000ff4e00007ee600007ee6 
  xmm2=0x0000b4950000b49500009a3d00009a3d xmm3=0x000068110000681100002fa900002fa9 
  xmm4=0x00004dcd00004dcd0000b8b80000b8b8 xmm5=0x0000d2ba0000d2ba0000489800004898 
  xmm6=0x0000c8750000c8750000487000004870 xmm7=0x00006ebf00006ebf0000065f0000065f 

0x11c: lock btr [r14 +rdx], 169
  rax=0x0000000000000400 rbx=0x0000000000000400 rcx=0x0000000000001c23 rdx=0x0000000000001c00
  rsi=0x0000000000000ffb rdi=0x00003eb1ffffc715 flags=0b000000000110
  xmm0=0x00000b4200000b42000079be000079be xmm1=0x0000ff4e0000ff4e00007ee600007ee6 
  xmm2=0x0000b4950000b49500009a3d00009a3d xmm3=0x000068110000681100002fa900002fa9 
  xmm4=0x00004dcd00004dcd0000b8b80000b8b8 xmm5=0x0000d2ba0000d2ba0000489800004898 
  xmm6=0x0000c8750000c8750000487000004870 xmm7=0x00006ebf00006ebf0000065f0000065f 

    > load from +0x1c00 value 0xd
    > store to +0x1c00 value 0xd
0x124: add dil, 73
  rax=0x0000000000000400 rbx=0x0000000000000400 rcx=0x0000000000001c23 rdx=0x0000000000001c00
  rsi=0x0000000000000ffb rdi=0x00003eb1ffffc715 flags=0b000000000110
  xmm0=0x00000b4200000b42000079be000079be xmm1=0x0000ff4e0000ff4e00007ee600007ee6 
  xmm2=0x0000b4950000b49500009a3d00009a3d xmm3=0x000068110000681100002fa900002fa9 
  xmm4=0x00004dcd00004dcd0000b8b80000b8b8 xmm5=0x0000d2ba0000d2ba0000489800004898 
  xmm6=0x0000c8750000c8750000487000004870 xmm7=0x00006ebf00006ebf0000065f0000065f 

0x128: and rdx, 0b1111111111111
  rax=0x0000000000000400 rbx=0x0000000000000400 rcx=0x0000000000001c23 rdx=0x0000000000001c00
  rsi=0x0000000000000ffb rdi=0x00003eb1ffffc75e flags=0b000000000010
  xmm0=0x00000b4200000b42000079be000079be xmm1=0x0000ff4e0000ff4e00007ee600007ee6 
  xmm2=0x0000b4950000b49500009a3d00009a3d xmm3=0x000068110000681100002fa900002fa9 
  xmm4=0x00004dcd00004dcd0000b8b80000b8b8 xmm5=0x0000d2ba0000d2ba0000489800004898 
  xmm6=0x0000c8750000c8750000487000004870 xmm7=0x00006ebf00006ebf0000065f0000065f 

0x12f: cmovl di, [r14 +rdx]
  rax=0x0000000000000400 rbx=0x0000000000000400 rcx=0x0000000000001c23 rdx=0x0000000000001c00
  rsi=0x0000000000000ffb rdi=0x00003eb1ffffc75e flags=0b000000000110
  xmm0=0x00000b4200000b42000079be000079be xmm1=0x0000ff4e0000ff4e00007ee600007ee6 
  xmm2=0x0000b4950000b49500009a3d00009a3d xmm3=0x000068110000681100002fa900002fa9 
  xmm4=0x00004dcd00004dcd0000b8b80000b8b8 xmm5=0x0000d2ba0000d2ba0000489800004898 
  xmm6=0x0000c8750000c8750000487000004870 xmm7=0x00006ebf00006ebf0000065f0000065f 

    > load from +0x1c00 value 0xd
0x135: sbb al, sil
  rax=0x0000000000000400 rbx=0x0000000000000400 rcx=0x0000000000001c23 rdx=0x0000000000001c00
  rsi=0x0000000000000ffb rdi=0x00003eb1ffffc75e flags=0b000000000110
  xmm0=0x00000b4200000b42000079be000079be xmm1=0x0000ff4e0000ff4e00007ee600007ee6 
  xmm2=0x0000b4950000b49500009a3d00009a3d xmm3=0x000068110000681100002fa900002fa9 
  xmm4=0x00004dcd00004dcd0000b8b80000b8b8 xmm5=0x0000d2ba0000d2ba0000489800004898 
  xmm6=0x0000c8750000c8750000487000004870 xmm7=0x00006ebf00006ebf0000065f0000065f 

0x138: and rbx, 0b1111111111111
  rax=0x0000000000000405 rbx=0x0000000000000400 rcx=0x0000000000001c23 rdx=0x0000000000001c00
  rsi=0x0000000000000ffb rdi=0x00003eb1ffffc75e flags=0b000000010111
  xmm0=0x00000b4200000b42000079be000079be xmm1=0x0000ff4e0000ff4e00007ee600007ee6 
  xmm2=0x0000b4950000b49500009a3d00009a3d xmm3=0x000068110000681100002fa900002fa9 
  xmm4=0x00004dcd00004dcd0000b8b80000b8b8 xmm5=0x0000d2ba0000d2ba0000489800004898 
  xmm6=0x0000c8750000c8750000487000004870 xmm7=0x00006ebf00006ebf0000065f0000065f 

0x13f: setno [r14 +rbx]
  rax=0x0000000000000405 rbx=0x0000000000000400 rcx=0x0000000000001c23 rdx=0x0000000000001c00
  rsi=0x0000000000000ffb rdi=0x00003eb1ffffc75e flags=0b000000000110
  xmm0=0x00000b4200000b42000079be000079be xmm1=0x0000ff4e0000ff4e00007ee600007ee6 
  xmm2=0x0000b4950000b49500009a3d00009a3d xmm3=0x000068110000681100002fa900002fa9 
  xmm4=0x00004dcd00004dcd0000b8b80000b8b8 xmm5=0x0000d2ba0000d2ba0000489800004898 
  xmm6=0x0000c8750000c8750000487000004870 xmm7=0x00006ebf00006ebf0000065f0000065f 

    > store to +0x400 value 0x1
0x144: and rsi, 0b1111111111111
  rax=0x0000000000000405 rbx=0x0000000000000400 rcx=0x0000000000001c23 rdx=0x0000000000001c00
  rsi=0x0000000000000ffb rdi=0x00003eb1ffffc75e flags=0b000000000110
  xmm0=0x00000b4200000b42000079be000079be xmm1=0x0000ff4e0000ff4e00007ee600007ee6 
  xmm2=0x0000b4950000b49500009a3d00009a3d xmm3=0x000068110000681100002fa900002fa9 
  xmm4=0x00004dcd00004dcd0000b8b80000b8b8 xmm5=0x0000d2ba0000d2ba0000489800004898 
  xmm6=0x0000c8750000c8750000487000004870 xmm7=0x00006ebf00006ebf0000065f0000065f 

0x14b: mov eax, [r14 +rsi]
  rax=0x0000000000000405 rbx=0x0000000000000400 rcx=0x0000000000001c23 rdx=0x0000000000001c00
  rsi=0x0000000000000ffb rdi=0x00003eb1ffffc75e flags=0b000000000010
  xmm0=0x00000b4200000b42000079be000079be xmm1=0x0000ff4e0000ff4e00007ee600007ee6 
  xmm2=0x0000b4950000b49500009a3d00009a3d xmm3=0x000068110000681100002fa900002fa9 
  xmm4=0x00004dcd00004dcd0000b8b80000b8b8 xmm5=0x0000d2ba0000d2ba0000489800004898 
  xmm6=0x0000c8750000c8750000487000004870 xmm7=0x00006ebf00006ebf0000065f0000065f 

    > load from +0xffb value 0x5e5c00
0x14f: and rdx, 0b1111111111111
  rax=0x00000000005e5c00 rbx=0x0000000000000400 rcx=0x0000000000001c23 rdx=0x0000000000001c00
  rsi=0x0000000000000ffb rdi=0x00003eb1ffffc75e flags=0b000000000010
  xmm0=0x00000b4200000b42000079be000079be xmm1=0x0000ff4e0000ff4e00007ee600007ee6 
  xmm2=0x0000b4950000b49500009a3d00009a3d xmm3=0x000068110000681100002fa900002fa9 
  xmm4=0x00004dcd00004dcd0000b8b80000b8b8 xmm5=0x0000d2ba0000d2ba0000489800004898 
  xmm6=0x0000c8750000c8750000487000004870 xmm7=0x00006ebf00006ebf0000065f0000065f 

0x156: cmp [r14 +rdx], -128
  rax=0x00000000005e5c00 rbx=0x0000000000000400 rcx=0x0000000000001c23 rdx=0x0000000000001c00
  rsi=0x0000000000000ffb rdi=0x00003eb1ffffc75e flags=0b000000000110
  xmm0=0x00000b4200000b42000079be000079be xmm1=0x0000ff4e0000ff4e00007ee600007ee6 
  xmm2=0x0000b4950000b49500009a3d00009a3d xmm3=0x000068110000681100002fa900002fa9 
  xmm4=0x00004dcd00004dcd0000b8b80000b8b8 xmm5=0x0000d2ba0000d2ba0000489800004898 
  xmm6=0x0000c8750000c8750000487000004870 xmm7=0x00006ebf00006ebf0000065f0000065f 

    > load from +0x1c00 value 0xd
0x15b: and rdx, 0b1111111111111
  rax=0x00000000005e5c00 rbx=0x0000000000000400 rcx=0x0000000000001c23 rdx=0x0000000000001c00
  rsi=0x0000000000000ffb rdi=0x00003eb1ffffc75e flags=0b000000000111
  xmm0=0x00000b4200000b42000079be000079be xmm1=0x0000ff4e0000ff4e00007ee600007ee6 
  xmm2=0x0000b4950000b49500009a3d00009a3d xmm3=0x000068110000681100002fa900002fa9 
  xmm4=0x00004dcd00004dcd0000b8b80000b8b8 xmm5=0x0000d2ba0000d2ba0000489800004898 
  xmm6=0x0000c8750000c8750000487000004870 xmm7=0x00006ebf00006ebf0000065f0000065f 

0x162: mov al, [r14 +rdx]
  rax=0x00000000005e5c00 rbx=0x0000000000000400 rcx=0x0000000000001c23 rdx=0x0000000000001c00
  rsi=0x0000000000000ffb rdi=0x00003eb1ffffc75e flags=0b000000000110
  xmm0=0x00000b4200000b42000079be000079be xmm1=0x0000ff4e0000ff4e00007ee600007ee6 
  xmm2=0x0000b4950000b49500009a3d00009a3d xmm3=0x000068110000681100002fa900002fa9 
  xmm4=0x00004dcd00004dcd0000b8b80000b8b8 xmm5=0x0000d2ba0000d2ba0000489800004898 
  xmm6=0x0000c8750000c8750000487000004870 xmm7=0x00006ebf00006ebf0000065f0000065f 

    > load from +0x1c00 value 0xd
0x166: and rbx, 0b1111111111000
  rax=0x00000000005e5c0d rbx=0x0000000000000400 rcx=0x0000000000001c23 rdx=0x0000000000001c00
  rsi=0x0000000000000ffb rdi=0x00003eb1ffffc75e flags=0b000000000110
  xmm0=0x00000b4200000b42000079be000079be xmm1=0x0000ff4e0000ff4e00007ee600007ee6 
  xmm2=0x0000b4950000b49500009a3d00009a3d xmm3=0x000068110000681100002fa900002fa9 
  xmm4=0x00004dcd00004dcd0000b8b80000b8b8 xmm5=0x0000d2ba0000d2ba0000489800004898 
  xmm6=0x0000c8750000c8750000487000004870 xmm7=0x00006ebf00006ebf0000065f0000065f 

0x16d: lock add [r14 +rbx], 23
  rax=0x00000000005e5c0d rbx=0x0000000000000400 rcx=0x0000000000001c23 rdx=0x0000000000001c00
  rsi=0x0000000000000ffb rdi=0x00003eb1ffffc75e flags=0b000000000110
  xmm0=0x00000b4200000b42000079be000079be xmm1=0x0000ff4e0000ff4e00007ee600007ee6 
  xmm2=0x0000b4950000b49500009a3d00009a3d xmm3=0x000068110000681100002fa900002fa9 
  xmm4=0x00004dcd00004dcd0000b8b80000b8b8 xmm5=0x0000d2ba0000d2ba0000489800004898 
  xmm6=0x0000c8750000c8750000487000004870 xmm7=0x00006ebf00006ebf0000065f0000065f 

    > load from +0x400 value 0xfa01
    > store to +0x400 value 0xfa18
0x174: and rcx, 0b1111111111111
  rax=0x00000000005e5c0d rbx=0x0000000000000400 rcx=0x0000000000001c23 rdx=0x0000000000001c00
  rsi=0x0000000000000ffb rdi=0x00003eb1ffffc75e flags=0b000010000110
  xmm0=0x00000b4200000b42000079be000079be xmm1=0x0000ff4e0000ff4e00007ee600007ee6 
  xmm2=0x0000b4950000b49500009a3d00009a3d xmm3=0x000068110000681100002fa900002fa9 
  xmm4=0x00004dcd00004dcd0000b8b80000b8b8 xmm5=0x0000d2ba0000d2ba0000489800004898 
  xmm6=0x0000c8750000c8750000487000004870 xmm7=0x00006ebf00006ebf0000065f0000065f 

0x17b: add [r14 +rcx], al
  rax=0x00000000005e5c0d rbx=0x0000000000000400 rcx=0x0000000000001c23 rdx=0x0000000000001c00
  rsi=0x0000000000000ffb rdi=0x00003eb1ffffc75e flags=0b000000000010
  xmm0=0x00000b4200000b42000079be000079be xmm1=0x0000ff4e0000ff4e00007ee600007ee6 
  xmm2=0x0000b4950000b49500009a3d00009a3d xmm3=0x000068110000681100002fa900002fa9 
  xmm4=0x00004dcd00004dcd0000b8b80000b8b8 xmm5=0x0000d2ba0000d2ba0000489800004898 
  xmm6=0x0000c8750000c8750000487000004870 xmm7=0x00006ebf00006ebf0000065f0000065f 

    > load from +0x1c23 value 0x0
    > store to +0x1c23 value 0xd
0x17f: and rdx, 0b1111111111111
  rax=0x00000000005e5c0d rbx=0x0000000000000400 rcx=0x0000000000001c23 rdx=0x0000000000001c00
  rsi=0x0000000000000ffb rdi=0x00003eb1ffffc75e flags=0b000000000010
  xmm0=0x00000b4200000b42000079be000079be xmm1=0x0000ff4e0000ff4e00007ee600007ee6 
  xmm2=0x0000b4950000b49500009a3d00009a3d xmm3=0x000068110000681100002fa900002fa9 
  xmm4=0x00004dcd00004dcd0000b8b80000b8b8 xmm5=0x0000d2ba0000d2ba0000489800004898 
  xmm6=0x0000c8750000c8750000487000004870 xmm7=0x00006ebf00006ebf0000065f0000065f 

0x186: add [r14 +rdx], -124
  rax=0x00000000005e5c0d rbx=0x0000000000000400 rcx=0x0000000000001c23 rdx=0x0000000000001c00
  rsi=0x0000000000000ffb rdi=0x00003eb1ffffc75e flags=0b000000000110
  xmm0=0x00000b4200000b42000079be000079be xmm1=0x0000ff4e0000ff4e00007ee600007ee6 
  xmm2=0x0000b4950000b49500009a3d00009a3d xmm3=0x000068110000681100002fa900002fa9 
  xmm4=0x00004dcd00004dcd0000b8b80000b8b8 xmm5=0x0000d2ba0000d2ba0000489800004898 
  xmm6=0x0000c8750000c8750000487000004870 xmm7=0x00006ebf00006ebf0000065f0000065f 

    > load from +0x1c00 value 0xd
    > store to +0x1c00 value 0xffffff91
0x18b: and rcx, 0b1111111111111
  rax=0x00000000005e5c0d rbx=0x0000000000000400 rcx=0x0000000000001c23 rdx=0x0000000000001c00
  rsi=0x0000000000000ffb rdi=0x00003eb1ffffc75e flags=0b000010010010
  xmm0=0x00000b4200000b42000079be000079be xmm1=0x0000ff4e0000ff4e00007ee600007ee6 
  xmm2=0x0000b4950000b49500009a3d00009a3d xmm3=0x000068110000681100002fa900002fa9 
  xmm4=0x00004dcd00004dcd0000b8b80000b8b8 xmm5=0x0000d2ba0000d2ba0000489800004898 
  xmm6=0x0000c8750000c8750000487000004870 xmm7=0x00006ebf00006ebf0000065f0000065f 

0x192: mul [r14 +rcx]
  rax=0x00000000005e5c0d rbx=0x0000000000000400 rcx=0x0000000000001c23 rdx=0x0000000000001c00
  rsi=0x0000000000000ffb rdi=0x00003eb1ffffc75e flags=0b000000000010
  xmm0=0x00000b4200000b42000079be000079be xmm1=0x0000ff4e0000ff4e00007ee600007ee6 
  xmm2=0x0000b4950000b49500009a3d00009a3d xmm3=0x000068110000681100002fa900002fa9 
  xmm4=0x00004dcd00004dcd0000b8b80000b8b8 xmm5=0x0000d2ba0000d2ba0000489800004898 
  xmm6=0x0000c8750000c8750000487000004870 xmm7=0x00006ebf00006ebf0000065f0000065f 

    > load from +0x1c23 value 0x760d
0x197: add dil, 121
  rax=0x00000000005eaaa9 rbx=0x0000000000000400 rcx=0x0000000000001c23 rdx=0x0000000000002a72
  rsi=0x0000000000000ffb rdi=0x00003eb1ffffc75e flags=0b100010000111
  xmm0=0x00000b4200000b42000079be000079be xmm1=0x0000ff4e0000ff4e00007ee600007ee6 
  xmm2=0x0000b4950000b49500009a3d00009a3d xmm3=0x000068110000681100002fa900002fa9 
  xmm4=0x00004dcd00004dcd0000b8b80000b8b8 xmm5=0x0000d2ba0000d2ba0000489800004898 
  xmm6=0x0000c8750000c8750000487000004870 xmm7=0x00006ebf00006ebf0000065f0000065f 

0x19b: setp al
  rax=0x00000000005eaaa9 rbx=0x0000000000000400 rcx=0x0000000000001c23 rdx=0x0000000000002a72
  rsi=0x0000000000000ffb rdi=0x00003eb1ffffc7d7 flags=0b100010010110
  xmm0=0x00000b4200000b42000079be000079be xmm1=0x0000ff4e0000ff4e00007ee600007ee6 
  xmm2=0x0000b4950000b49500009a3d00009a3d xmm3=0x000068110000681100002fa900002fa9 
  xmm4=0x00004dcd00004dcd0000b8b80000b8b8 xmm5=0x0000d2ba0000d2ba0000489800004898 
  xmm6=0x0000c8750000c8750000487000004870 xmm7=0x00006ebf00006ebf0000065f0000065f 

0x19e: xadd ax, dx
  rax=0x00000000005eaa01 rbx=0x0000000000000400 rcx=0x0000000000001c23 rdx=0x0000000000002a72
  rsi=0x0000000000000ffb rdi=0x00003eb1ffffc7d7 flags=0b100010010110
  xmm0=0x00000b4200000b42000079be000079be xmm1=0x0000ff4e0000ff4e00007ee600007ee6 
  xmm2=0x0000b4950000b49500009a3d00009a3d xmm3=0x000068110000681100002fa900002fa9 
  xmm4=0x00004dcd00004dcd0000b8b80000b8b8 xmm5=0x0000d2ba0000d2ba0000489800004898 
  xmm6=0x0000c8750000c8750000487000004870 xmm7=0x00006ebf00006ebf0000065f0000065f 

0x1a2: and rsi, 0b1111111111111
  rax=0x00000000005ed473 rbx=0x0000000000000400 rcx=0x0000000000001c23 rdx=0x000000000000aa01
  rsi=0x0000000000000ffb rdi=0x00003eb1ffffc7d7 flags=0b000010000010
  xmm0=0x00000b4200000b42000079be000079be xmm1=0x0000ff4e0000ff4e00007ee600007ee6 
  xmm2=0x0000b4950000b49500009a3d00009a3d xmm3=0x000068110000681100002fa900002fa9 
  xmm4=0x00004dcd00004dcd0000b8b80000b8b8 xmm5=0x0000d2ba0000d2ba0000489800004898 
  xmm6=0x0000c8750000c8750000487000004870 xmm7=0x00006ebf00006ebf0000065f0000065f 

0x1a9: movzx bx, [r14 +rsi]
  rax=0x00000000005ed473 rbx=0x0000000000000400 rcx=0x0000000000001c23 rdx=0x000000000000aa01
  rsi=0x0000000000000ffb rdi=0x00003eb1ffffc7d7 flags=0b000000000010
  xmm0=0x00000b4200000b42000079be000079be xmm1=0x0000ff4e0000ff4e00007ee600007ee6 
  xmm2=0x0000b4950000b49500009a3d00009a3d xmm3=0x000068110000681100002fa900002fa9 
  xmm4=0x00004dcd00004dcd0000b8b80000b8b8 xmm5=0x0000d2ba0000d2ba0000489800004898 
  xmm6=0x0000c8750000c8750000487000004870 xmm7=0x00006ebf00006ebf0000065f0000065f 

    > load from +0xffb value 0x0
0x1af: and eax, eax
  rax=0x00000000005ed473 rbx=0x0000000000000000 rcx=0x0000000000001c23 rdx=0x000000000000aa01
  rsi=0x0000000000000ffb rdi=0x00003eb1ffffc7d7 flags=0b000000000010
  xmm0=0x00000b4200000b42000079be000079be xmm1=0x0000ff4e0000ff4e00007ee600007ee6 
  xmm2=0x0000b4950000b49500009a3d00009a3d xmm3=0x000068110000681100002fa900002fa9 
  xmm4=0x00004dcd00004dcd0000b8b80000b8b8 xmm5=0x0000d2ba0000d2ba0000489800004898 
  xmm6=0x0000c8750000c8750000487000004870 xmm7=0x00006ebf00006ebf0000065f0000065f 

0x1b1: btc rax, 98
  rax=0x00000000005ed473 rbx=0x0000000000000000 rcx=0x0000000000001c23 rdx=0x000000000000aa01
  rsi=0x0000000000000ffb rdi=0x00003eb1ffffc7d7 flags=0b000000000010
  xmm0=0x00000b4200000b42000079be000079be xmm1=0x0000ff4e0000ff4e00007ee600007ee6 
  xmm2=0x0000b4950000b49500009a3d00009a3d xmm3=0x000068110000681100002fa900002fa9 
  xmm4=0x00004dcd00004dcd0000b8b80000b8b8 xmm5=0x0000d2ba0000d2ba0000489800004898 
  xmm6=0x0000c8750000c8750000487000004870 xmm7=0x00006ebf00006ebf0000065f0000065f 

0x1b6: and rdx, 0b1111111111111
  rax=0x00000004005ed473 rbx=0x0000000000000000 rcx=0x0000000000001c23 rdx=0x000000000000aa01
  rsi=0x0000000000000ffb rdi=0x00003eb1ffffc7d7 flags=0b000000000010
  xmm0=0x00000b4200000b42000079be000079be xmm1=0x0000ff4e0000ff4e00007ee600007ee6 
  xmm2=0x0000b4950000b49500009a3d00009a3d xmm3=0x000068110000681100002fa900002fa9 
  xmm4=0x00004dcd00004dcd0000b8b80000b8b8 xmm5=0x0000d2ba0000d2ba0000489800004898 
  xmm6=0x0000c8750000c8750000487000004870 xmm7=0x00006ebf00006ebf0000065f0000065f 

0x1bd: or cl, [r14 +rdx]
  rax=0x00000004005ed473 rbx=0x0000000000000000 rcx=0x0000000000001c23 rdx=0x0000000000000a01
  rsi=0x0000000000000ffb rdi=0x00003eb1ffffc7d7 flags=0b000000000010
  xmm0=0x00000b4200000b42000079be000079be xmm1=0x0000ff4e0000ff4e00007ee600007ee6 
  xmm2=0x0000b4950000b49500009a3d00009a3d xmm3=0x000068110000681100002fa900002fa9 
  xmm4=0x00004dcd00004dcd0000b8b80000b8b8 xmm5=0x0000d2ba0000d2ba0000489800004898 
  xmm6=0x0000c8750000c8750000487000004870 xmm7=0x00006ebf00006ebf0000065f0000065f 

    > load from +0xa01 value 0xd
0x1c1: and rdx, 0b1111111111111
  rax=0x00000004005ed473 rbx=0x0000000000000000 rcx=0x0000000000001c2f rdx=0x0000000000000a01
  rsi=0x0000000000000ffb rdi=0x00003eb1ffffc7d7 flags=0b000000000010
  xmm0=0x00000b4200000b42000079be000079be xmm1=0x0000ff4e0000ff4e00007ee600007ee6 
  xmm2=0x0000b4950000b49500009a3d00009a3d xmm3=0x000068110000681100002fa900002fa9 
  xmm4=0x00004dcd00004dcd0000b8b80000b8b8 xmm5=0x0000d2ba0000d2ba0000489800004898 
  xmm6=0x0000c8750000c8750000487000004870 xmm7=0x00006ebf00006ebf0000065f0000065f 

0x1c8: test [r14 +rdx], 1736854741
  rax=0x00000004005ed473 rbx=0x0000000000000000 rcx=0x0000000000001c2f rdx=0x0000000000000a01
  rsi=0x0000000000000ffb rdi=0x00003eb1ffffc7d7 flags=0b000000000010
  xmm0=0x00000b4200000b42000079be000079be xmm1=0x0000ff4e0000ff4e00007ee600007ee6 
  xmm2=0x0000b4950000b49500009a3d00009a3d xmm3=0x000068110000681100002fa900002fa9 
  xmm4=0x00004dcd00004dcd0000b8b80000b8b8 xmm5=0x0000d2ba0000d2ba0000489800004898 
  xmm6=0x0000c8750000c8750000487000004870 xmm7=0x00006ebf00006ebf0000065f0000065f 

    > load from +0xa01 value 0x7e00000d
0x1d0: and rdi, 0b1111111111111
  rax=0x00000004005ed473 rbx=0x0000000000000000 rcx=0x0000000000001c2f rdx=0x0000000000000a01
  rsi=0x0000000000000ffb rdi=0x00003eb1ffffc7d7 flags=0b000000000110
  xmm0=0x00000b4200000b42000079be000079be xmm1=0x0000ff4e0000ff4e00007ee600007ee6 
  xmm2=0x0000b4950000b49500009a3d00009a3d xmm3=0x000068110000681100002fa900002fa9 
  xmm4=0x00004dcd00004dcd0000b8b80000b8b8 xmm5=0x0000d2ba0000d2ba0000489800004898 
  xmm6=0x0000c8750000c8750000487000004870 xmm7=0x00006ebf00006ebf0000065f0000065f 

0x1d7: setb [r14 +rdi]
  rax=0x00000004005ed473 rbx=0x0000000000000000 rcx=0x0000000000001c2f rdx=0x0000000000000a01
  rsi=0x0000000000000ffb rdi=0x00000000000007d7 flags=0b000000000110
  xmm0=0x00000b4200000b42000079be000079be xmm1=0x0000ff4e0000ff4e00007ee600007ee6 
  xmm2=0x0000b4950000b49500009a3d00009a3d xmm3=0x000068110000681100002fa900002fa9 
  xmm4=0x00004dcd00004dcd0000b8b80000b8b8 xmm5=0x0000d2ba0000d2ba0000489800004898 
  xmm6=0x0000c8750000c8750000487000004870 xmm7=0x00006ebf00006ebf0000065f0000065f 

    > store to +0x7d7 value 0x0
0x1dc: or al, 78
  rax=0x00000004005ed473 rbx=0x0000000000000000 rcx=0x0000000000001c2f rdx=0x0000000000000a01
  rsi=0x0000000000000ffb rdi=0x00000000000007d7 flags=0b000000000110
  xmm0=0x00000b4200000b42000079be000079be xmm1=0x0000ff4e0000ff4e00007ee600007ee6 
  xmm2=0x0000b4950000b49500009a3d00009a3d xmm3=0x000068110000681100002fa900002fa9 
  xmm4=0x00004dcd00004dcd0000b8b80000b8b8 xmm5=0x0000d2ba0000d2ba0000489800004898 
  xmm6=0x0000c8750000c8750000487000004870 xmm7=0x00006ebf00006ebf0000065f0000065f 

0x1de: seto dl
  rax=0x00000004005ed47f rbx=0x0000000000000000 rcx=0x0000000000001c2f rdx=0x0000000000000a01
  rsi=0x0000000000000ffb rdi=0x00000000000007d7 flags=0b000000000010
  xmm0=0x00000b4200000b42000079be000079be xmm1=0x0000ff4e0000ff4e00007ee600007ee6 
  xmm2=0x0000b4950000b49500009a3d00009a3d xmm3=0x000068110000681100002fa900002fa9 
  xmm4=0x00004dcd00004dcd0000b8b80000b8b8 xmm5=0x0000d2ba0000d2ba0000489800004898 
  xmm6=0x0000c8750000c8750000487000004870 xmm7=0x00006ebf00006ebf0000065f0000065f 

0x1e1: setnl cl
  rax=0x00000004005ed47f rbx=0x0000000000000000 rcx=0x0000000000001c2f rdx=0x0000000000000a00
  rsi=0x0000000000000ffb rdi=0x00000000000007d7 flags=0b000000000010
  xmm0=0x00000b4200000b42000079be000079be xmm1=0x0000ff4e0000ff4e00007ee600007ee6 
  xmm2=0x0000b4950000b49500009a3d00009a3d xmm3=0x000068110000681100002fa900002fa9 
  xmm4=0x00004dcd00004dcd0000b8b80000b8b8 xmm5=0x0000d2ba0000d2ba0000489800004898 
  xmm6=0x0000c8750000c8750000487000004870 xmm7=0x00006ebf00006ebf0000065f0000065f 

0x1e4: and rsi, 0b1111111111111
  rax=0x00000004005ed47f rbx=0x0000000000000000 rcx=0x0000000000001c01 rdx=0x0000000000000a00
  rsi=0x0000000000000ffb rdi=0x00000000000007d7 flags=0b000000000010
  xmm0=0x00000b4200000b42000079be000079be xmm1=0x0000ff4e0000ff4e00007ee600007ee6 
  xmm2=0x0000b4950000b49500009a3d00009a3d xmm3=0x000068110000681100002fa900002fa9 
  xmm4=0x00004dcd00004dcd0000b8b80000b8b8 xmm5=0x0000d2ba0000d2ba0000489800004898 
  xmm6=0x0000c8750000c8750000487000004870 xmm7=0x00006ebf00006ebf0000065f0000065f 

0x1eb: mov edx, [r14 +rsi]
  rax=0x00000004005ed47f rbx=0x0000000000000000 rcx=0x0000000000001c01 rdx=0x0000000000000a00
  rsi=0x0000000000000ffb rdi=0x00000000000007d7 flags=0b000000000010
  xmm0=0x00000b4200000b42000079be000079be xmm1=0x0000ff4e0000ff4e00007ee600007ee6 
  xmm2=0x0000b4950000b49500009a3d00009a3d xmm3=0x000068110000681100002fa900002fa9 
  xmm4=0x00004dcd00004dcd0000b8b80000b8b8 xmm5=0x0000d2ba0000d2ba0000489800004898 
  xmm6=0x0000c8750000c8750000487000004870 xmm7=0x00006ebf00006ebf0000065f0000065f 

    > load from +0xffb value 0x5e5c00
0x1ef: xor ebx, -100
  rax=0x00000004005ed47f rbx=0x0000000000000000 rcx=0x0000000000001c01 rdx=0x00000000005e5c00
  rsi=0x0000000000000ffb rdi=0x00000000000007d7 flags=0b000000000010
  xmm0=0x00000b4200000b42000079be000079be xmm1=0x0000ff4e0000ff4e00007ee600007ee6 
  xmm2=0x0000b4950000b49500009a3d00009a3d xmm3=0x000068110000681100002fa900002fa9 
  xmm4=0x00004dcd00004dcd0000b8b80000b8b8 xmm5=0x0000d2ba0000d2ba0000489800004898 
  xmm6=0x0000c8750000c8750000487000004870 xmm7=0x00006ebf00006ebf0000065f0000065f 

0x1f2: and rcx, 0b1111111111111
  rax=0x00000004005ed47f rbx=0x00000000ffffff9c rcx=0x0000000000001c01 rdx=0x00000000005e5c00
  rsi=0x0000000000000ffb rdi=0x00000000000007d7 flags=0b000010000110
  xmm0=0x00000b4200000b42000079be000079be xmm1=0x0000ff4e0000ff4e00007ee600007ee6 
  xmm2=0x0000b4950000b49500009a3d00009a3d xmm3=0x000068110000681100002fa900002fa9 
  xmm4=0x00004dcd00004dcd0000b8b80000b8b8 xmm5=0x0000d2ba0000d2ba0000489800004898 
  xmm6=0x0000c8750000c8750000487000004870 xmm7=0x00006ebf00006ebf0000065f0000065f 

0x1f9: cmovbe rcx, [r14 +rcx]
  rax=0x00000004005ed47f rbx=0x00000000ffffff9c rcx=0x0000000000001c01 rdx=0x00000000005e5c00
  rsi=0x0000000000000ffb rdi=0x00000000000007d7 flags=0b000000000010
  xmm0=0x00000b4200000b42000079be000079be xmm1=0x0000ff4e0000ff4e00007ee600007ee6 
  xmm2=0x0000b4950000b49500009a3d00009a3d xmm3=0x000068110000681100002fa900002fa9 
  xmm4=0x00004dcd00004dcd0000b8b80000b8b8 xmm5=0x0000d2ba0000d2ba0000489800004898 
  xmm6=0x0000c8750000c8750000487000004870 xmm7=0x00006ebf00006ebf0000065f0000065f 

    > load from +0x1c01 value 0x3900000000ffffff
0x1fe: add cl, cl
  rax=0x00000004005ed47f rbx=0x00000000ffffff9c rcx=0x0000000000001c01 rdx=0x00000000005e5c00
  rsi=0x0000000000000ffb rdi=0x00000000000007d7 flags=0b000000000010
  xmm0=0x00000b4200000b42000079be000079be xmm1=0x0000ff4e0000ff4e00007ee600007ee6 
  xmm2=0x0000b4950000b49500009a3d00009a3d xmm3=0x000068110000681100002fa900002fa9 
  xmm4=0x00004dcd00004dcd0000b8b80000b8b8 xmm5=0x0000d2ba0000d2ba0000489800004898 
  xmm6=0x0000c8750000c8750000487000004870 xmm7=0x00006ebf00006ebf0000065f0000065f 

0x200: and rbx, 0b1111111111111
  rax=0x00000004005ed47f rbx=0x00000000ffffff9c rcx=0x0000000000001c02 rdx=0x00000000005e5c00
  rsi=0x0000000000000ffb rdi=0x00000000000007d7 flags=0b000000000010
  xmm0=0x00000b4200000b42000079be000079be xmm1=0x0000ff4e0000ff4e00007ee600007ee6 
  xmm2=0x0000b4950000b49500009a3d00009a3d xmm3=0x000068110000681100002fa900002fa9 
  xmm4=0x00004dcd00004dcd0000b8b80000b8b8 xmm5=0x0000d2ba0000d2ba0000489800004898 
  xmm6=0x0000c8750000c8750000487000004870 xmm7=0x00006ebf00006ebf0000065f0000065f 

0x207: cmovle ax, [r14 +rbx]
  rax=0x00000004005ed47f rbx=0x0000000000001f9c rcx=0x0000000000001c02 rdx=0x00000000005e5c00
  rsi=0x0000000000000ffb rdi=0x00000000000007d7 flags=0b000000000110
  xmm0=0x00000b4200000b42000079be000079be xmm1=0x0000ff4e0000ff4e00007ee600007ee6 
  xmm2=0x0000b4950000b49500009a3d00009a3d xmm3=0x000068110000681100002fa900002fa9 
  xmm4=0x00004dcd00004dcd0000b8b80000b8b8 xmm5=0x0000d2ba0000d2ba0000489800004898 
  xmm6=0x0000c8750000c8750000487000004870 xmm7=0x00006ebf00006ebf0000065f0000065f 

    > load from +0x1f9c value 0x8e86
0x20d: and rdx, 0b1111111111111
  rax=0x00000004005ed47f rbx=0x0000000000001f9c rcx=0x0000000000001c02 rdx=0x00000000005e5c00
  rsi=0x0000000000000ffb rdi=0x00000000000007d7 flags=0b000000000110
  xmm0=0x00000b4200000b42000079be000079be xmm1=0x0000ff4e0000ff4e00007ee600007ee6 
  xmm2=0x0000b4950000b49500009a3d00009a3d xmm3=0x000068110000681100002fa900002fa9 
  xmm4=0x00004dcd00004dcd0000b8b80000b8b8 xmm5=0x0000d2ba0000d2ba0000489800004898 
  xmm6=0x0000c8750000c8750000487000004870 xmm7=0x00006ebf00006ebf0000065f0000065f 

0x214: xor al, [r14 +rdx]
  rax=0x00000004005ed47f rbx=0x0000000000001f9c rcx=0x0000000000001c02 rdx=0x0000000000001c00
  rsi=0x0000000000000ffb rdi=0x00000000000007d7 flags=0b000000000110
  xmm0=0x00000b4200000b42000079be000079be xmm1=0x0000ff4e0000ff4e00007ee600007ee6 
  xmm2=0x0000b4950000b49500009a3d00009a3d xmm3=0x000068110000681100002fa900002fa9 
  xmm4=0x00004dcd00004dcd0000b8b80000b8b8 xmm5=0x0000d2ba0000d2ba0000489800004898 
  xmm6=0x0000c8750000c8750000487000004870 xmm7=0x00006ebf00006ebf0000065f0000065f 

    > load from +0x1c00 value 0x91
0x218: and edx, 73
  rax=0x00000004005ed4ee rbx=0x0000000000001f9c rcx=0x0000000000001c02 rdx=0x0000000000001c00
  rsi=0x0000000000000ffb rdi=0x00000000000007d7 flags=0b000010000110
  xmm0=0x00000b4200000b42000079be000079be xmm1=0x0000ff4e0000ff4e00007ee600007ee6 
  xmm2=0x0000b4950000b49500009a3d00009a3d xmm3=0x000068110000681100002fa900002fa9 
  xmm4=0x00004dcd00004dcd0000b8b80000b8b8 xmm5=0x0000d2ba0000d2ba0000489800004898 
  xmm6=0x0000c8750000c8750000487000004870 xmm7=0x00006ebf00006ebf0000065f0000065f 

0x21b: and rcx, 0b1111111111111
  rax=0x00000004005ed4ee rbx=0x0000000000001f9c rcx=0x0000000000001c02 rdx=0x0000000000000000
  rsi=0x0000000000000ffb rdi=0x00000000000007d7 flags=0b000001000110
  xmm0=0x00000b4200000b42000079be000079be xmm1=0x0000ff4e0000ff4e00007ee600007ee6 
  xmm2=0x0000b4950000b49500009a3d00009a3d xmm3=0x000068110000681100002fa900002fa9 
  xmm4=0x00004dcd00004dcd0000b8b80000b8b8 xmm5=0x0000d2ba0000d2ba0000489800004898 
  xmm6=0x0000c8750000c8750000487000004870 xmm7=0x00006ebf00006ebf0000065f0000065f 

0x222: imul di, [r14 +rcx], 105
  rax=0x00000004005ed4ee rbx=0x0000000000001f9c rcx=0x0000000000001c02 rdx=0x0000000000000000
  rsi=0x0000000000000ffb rdi=0x00000000000007d7 flags=0b000000000010
  xmm0=0x00000b4200000b42000079be000079be xmm1=0x0000ff4e0000ff4e00007ee600007ee6 
  xmm2=0x0000b4950000b49500009a3d00009a3d xmm3=0x000068110000681100002fa900002fa9 
  xmm4=0x00004dcd00004dcd0000b8b80000b8b8 xmm5=0x0000d2ba0000d2ba0000489800004898 
  xmm6=0x0000c8750000c8750000487000004870 xmm7=0x00006ebf00006ebf0000065f0000065f 

    > load from +0x1c02 value 0xffff
0x228: and rsi, 0b1111111111111
  rax=0x00000004005ed4ee rbx=0x0000000000001f9c rcx=0x0000000000001c02 rdx=0x0000000000000000
  rsi=0x0000000000000ffb rdi=0x000000000000ff97 flags=0b000010000010
  xmm0=0x00000b4200000b42000079be000079be xmm1=0x0000ff4e0000ff4e00007ee600007ee6 
  xmm2=0x0000b4950000b49500009a3d00009a3d xmm3=0x000068110000681100002fa900002fa9 
  xmm4=0x00004dcd00004dcd0000b8b80000b8b8 xmm5=0x0000d2ba0000d2ba0000489800004898 
  xmm6=0x0000c8750000c8750000487000004870 xmm7=0x00006ebf00006ebf0000065f0000065f 

0x22f: mov ecx, [r14 +rsi]
  rax=0x00000004005ed4ee rbx=0x0000000000001f9c rcx=0x0000000000001c02 rdx=0x0000000000000000
  rsi=0x0000000000000ffb rdi=0x000000000000ff97 flags=0b000000000010
  xmm0=0x00000b4200000b42000079be000079be xmm1=0x0000ff4e0000ff4e00007ee600007ee6 
  xmm2=0x0000b4950000b49500009a3d00009a3d xmm3=0x000068110000681100002fa900002fa9 
  xmm4=0x00004dcd00004dcd0000b8b80000b8b8 xmm5=0x0000d2ba0000d2ba0000489800004898 
  xmm6=0x0000c8750000c8750000487000004870 xmm7=0x00006ebf00006ebf0000065f0000065f 

    > load from +0xffb value 0x5e5c00
0x233: sub al, -44
  rax=0x00000004005ed4ee rbx=0x0000000000001f9c rcx=0x00000000005e5c00 rdx=0x0000000000000000
  rsi=0x0000000000000ffb rdi=0x000000000000ff97 flags=0b000000000010
  xmm0=0x00000b4200000b42000079be000079be xmm1=0x0000ff4e0000ff4e00007ee600007ee6 
  xmm2=0x0000b4950000b49500009a3d00009a3d xmm3=0x000068110000681100002fa900002fa9 
  xmm4=0x00004dcd00004dcd0000b8b80000b8b8 xmm5=0x0000d2ba0000d2ba0000489800004898 
  xmm6=0x0000c8750000c8750000487000004870 xmm7=0x00006ebf00006ebf0000065f0000065f 

0x235: cmovns rdx, rax
  rax=0x00000004005ed41a rbx=0x0000000000001f9c rcx=0x00000000005e5c00 rdx=0x0000000000000000
  rsi=0x0000000000000ffb rdi=0x000000000000ff97 flags=0b000000000010
  xmm0=0x00000b4200000b42000079be000079be xmm1=0x0000ff4e0000ff4e00007ee600007ee6 
  xmm2=0x0000b4950000b49500009a3d00009a3d xmm3=0x000068110000681100002fa900002fa9 
  xmm4=0x00004dcd00004dcd0000b8b80000b8b8 xmm5=0x0000d2ba0000d2ba0000489800004898 
  xmm6=0x0000c8750000c8750000487000004870 xmm7=0x00006ebf00006ebf0000065f0000065f 

0x239: and rdx, 0b1111111111111
  rax=0x00000004005ed41a rbx=0x0000000000001f9c rcx=0x00000000005e5c00 rdx=0x00000004005ed41a
  rsi=0x0000000000000ffb rdi=0x000000000000ff97 flags=0b000000000010
  xmm0=0x00000b4200000b42000079be000079be xmm1=0x0000ff4e0000ff4e00007ee600007ee6 
  xmm2=0x0000b4950000b49500009a3d00009a3d xmm3=0x000068110000681100002fa900002fa9 
  xmm4=0x00004dcd00004dcd0000b8b80000b8b8 xmm5=0x0000d2ba0000d2ba0000489800004898 
  xmm6=0x0000c8750000c8750000487000004870 xmm7=0x00006ebf00006ebf0000065f0000065f 

0x240: imul rdx, [r14 +rdx], -10
  rax=0x00000004005ed41a rbx=0x0000000000001f9c rcx=0x00000000005e5c00 rdx=0x000000000000141a
  rsi=0x0000000000000ffb rdi=0x000000000000ff97 flags=0b000000000010
  xmm0=0x00000b4200000b42000079be000079be xmm1=0x0000ff4e0000ff4e00007ee600007ee6 
  xmm2=0x0000b4950000b49500009a3d00009a3d xmm3=0x000068110000681100002fa900002fa9 
  xmm4=0x00004dcd00004dcd0000b8b80000b8b8 xmm5=0x0000d2ba0000d2ba0000489800004898 
  xmm6=0x0000c8750000c8750000487000004870 xmm7=0x00006ebf00006ebf0000065f0000065f 

    > load from +0x141a value 0x6f8b0000293a0000
0x245: add sil, -65
  rax=0x00000004005ed41a rbx=0x0000000000001f9c rcx=0x00000000005e5c00 rdx=0xa491fffe63bc0000
  rsi=0x0000000000000ffb rdi=0x000000000000ff97 flags=0b100010000111
  xmm0=0x00000b4200000b42000079be000079be xmm1=0x0000ff4e0000ff4e00007ee600007ee6 
  xmm2=0x0000b4950000b49500009a3d00009a3d xmm3=0x000068110000681100002fa900002fa9 
  xmm4=0x00004dcd00004dcd0000b8b80000b8b8 xmm5=0x0000d2ba0000d2ba0000489800004898 
  xmm6=0x0000c8750000c8750000487000004870 xmm7=0x00006ebf00006ebf0000065f0000065f 

0x249: and rdx, 0b1111111111111
  rax=0x00000004005ed41a rbx=0x0000000000001f9c rcx=0x00000000005e5c00 rdx=0xa491fffe63bc0000
  rsi=0x0000000000000fba rdi=0x000000000000ff97 flags=0b000010010011
  xmm0=0x00000b4200000b42000079be000079be xmm1=0x0000ff4e0000ff4e00007ee600007ee6 
  xmm2=0x0000b4950000b49500009a3d00009a3d xmm3=0x000068110000681100002fa900002fa9 
  xmm4=0x00004dcd00004dcd0000b8b80000b8b8 xmm5=0x0000d2ba0000d2ba0000489800004898 
  xmm6=0x0000c8750000c8750000487000004870 xmm7=0x00006ebf00006ebf0000065f0000065f 

0x250: cmovns edi, [r14 +rdx]
  rax=0x00000004005ed41a rbx=0x0000000000001f9c rcx=0x00000000005e5c00 rdx=0x0000000000000000
  rsi=0x0000000000000fba rdi=0x000000000000ff97 flags=0b000001000110
  xmm0=0x00000b4200000b42000079be000079be xmm1=0x0000ff4e0000ff4e00007ee600007ee6 
  xmm2=0x0000b4950000b49500009a3d00009a3d xmm3=0x000068110000681100002fa900002fa9 
  xmm4=0x00004dcd00004dcd0000b8b80000b8b8 xmm5=0x0000d2ba0000d2ba0000489800004898 
  xmm6=0x0000c8750000c8750000487000004870 xmm7=0x00006ebf00006ebf0000065f0000065f 

    > load from +0x0 value 0x6856
0x255: and rcx, 0b1111111111111
  rax=0x00000004005ed41a rbx=0x0000000000001f9c rcx=0x00000000005e5c00 rdx=0x0000000000000000
  rsi=0x0000000000000fba rdi=0x0000000000006856 flags=0b000001000110
  xmm0=0x00000b4200000b42000079be000079be xmm1=0x0000ff4e0000ff4e00007ee600007ee6 
  xmm2=0x0000b4950000b49500009a3d00009a3d xmm3=0x000068110000681100002fa900002fa9 
  xmm4=0x00004dcd00004dcd0000b8b80000b8b8 xmm5=0x0000d2ba0000d2ba0000489800004898 
  xmm6=0x0000c8750000c8750000487000004870 xmm7=0x00006ebf00006ebf0000065f0000065f 

0x25c: movsxd rcx, [r14 +rcx]
  rax=0x00000004005ed41a rbx=0x0000000000001f9c rcx=0x0000000000001c00 rdx=0x0000000000000000
  rsi=0x0000000000000fba rdi=0x0000000000006856 flags=0b000000000110
  xmm0=0x00000b4200000b42000079be000079be xmm1=0x0000ff4e0000ff4e00007ee600007ee6 
  xmm2=0x0000b4950000b49500009a3d00009a3d xmm3=0x000068110000681100002fa900002fa9 
  xmm4=0x00004dcd00004dcd0000b8b80000b8b8 xmm5=0x0000d2ba0000d2ba0000489800004898 
  xmm6=0x0000c8750000c8750000487000004870 xmm7=0x00006ebf00006ebf0000065f0000065f 

    > load from +0x1c00 value 0xffffff91
0x260: or rdx, 71
  rax=0x00000004005ed41a rbx=0x0000000000001f9c rcx=0xffffffffffffff91 rdx=0x0000000000000000
  rsi=0x0000000000000fba rdi=0x0000000000006856 flags=0b000000000110
  xmm0=0x00000b4200000b42000079be000079be xmm1=0x0000ff4e0000ff4e00007ee600007ee6 
  xmm2=0x0000b4950000b49500009a3d00009a3d xmm3=0x000068110000681100002fa900002fa9 
  xmm4=0x00004dcd00004dcd0000b8b80000b8b8 xmm5=0x0000d2ba0000d2ba0000489800004898 
  xmm6=0x0000c8750000c8750000487000004870 xmm7=0x00006ebf00006ebf0000065f0000065f 

0x264: and rax, 0b1111111111000
  rax=0x00000004005ed41a rbx=0x0000000000001f9c rcx=0xffffffffffffff91 rdx=0x0000000000000047
  rsi=0x0000000000000fba rdi=0x0000000000006856 flags=0b000000000110
  xmm0=0x00000b4200000b42000079be000079be xmm1=0x0000ff4e0000ff4e00007ee600007ee6 
  xmm2=0x0000b4950000b49500009a3d00009a3d xmm3=0x000068110000681100002fa900002fa9 
  xmm4=0x00004dcd00004dcd0000b8b80000b8b8 xmm5=0x0000d2ba0000d2ba0000489800004898 
  xmm6=0x0000c8750000c8750000487000004870 xmm7=0x00006ebf00006ebf0000065f0000065f 

0x26a: lock neg [r14 +rax]
  rax=0x0000000000001418 rbx=0x0000000000001f9c rcx=0xffffffffffffff91 rdx=0x0000000000000047
  rsi=0x0000000000000fba rdi=0x0000000000006856 flags=0b000000000110
  xmm0=0x00000b4200000b42000079be000079be xmm1=0x0000ff4e0000ff4e00007ee600007ee6 
  xmm2=0x0000b4950000b49500009a3d00009a3d xmm3=0x000068110000681100002fa900002fa9 
  xmm4=0x00004dcd00004dcd0000b8b80000b8b8 xmm5=0x0000d2ba0000d2ba0000489800004898 
  xmm6=0x0000c8750000c8750000487000004870 xmm7=0x00006ebf00006ebf0000065f0000065f 

    > load from +0x1418 value 0x293a
    > store to +0x1418 value 0xd6c6
0x270: and rdx, 0b1111111111000
  rax=0x0000000000001418 rbx=0x0000000000001f9c rcx=0xffffffffffffff91 rdx=0x0000000000000047
  rsi=0x0000000000000fba rdi=0x0000000000006856 flags=0b000010010111
  xmm0=0x00000b4200000b42000079be000079be xmm1=0x0000ff4e0000ff4e00007ee600007ee6 
  xmm2=0x0000b4950000b49500009a3d00009a3d xmm3=0x000068110000681100002fa900002fa9 
  xmm4=0x00004dcd00004dcd0000b8b80000b8b8 xmm5=0x0000d2ba0000d2ba0000489800004898 
  xmm6=0x0000c8750000c8750000487000004870 xmm7=0x00006ebf00006ebf0000065f0000065f 

0x277: lock neg [r14 +rdx]
  rax=0x0000000000001418 rbx=0x0000000000001f9c rcx=0xffffffffffffff91 rdx=0x0000000000000040
  rsi=0x0000000000000fba rdi=0x0000000000006856 flags=0b000000000010
  xmm0=0x00000b4200000b42000079be000079be xmm1=0x0000ff4e0000ff4e00007ee600007ee6 
  xmm2=0x0000b4950000b49500009a3d00009a3d xmm3=0x000068110000681100002fa900002fa9 
  xmm4=0x00004dcd00004dcd0000b8b80000b8b8 xmm5=0x0000d2ba0000d2ba0000489800004898 
  xmm6=0x0000c8750000c8750000487000004870 xmm7=0x00006ebf00006ebf0000065f0000065f 

    > load from +0x40 value 0x6eea00006eea
    > store to +0x40 value 0x-6eea00006eea
0x27c: push rax
  rax=0x0000000000001418 rbx=0x0000000000001f9c rcx=0xffffffffffffff91 rdx=0x0000000000000040
  rsi=0x0000000000000fba rdi=0x0000000000006856 flags=0b000010010011
  xmm0=0x00000b4200000b42000079be000079be xmm1=0x0000ff4e0000ff4e00007ee600007ee6 
  xmm2=0x0000b4950000b49500009a3d00009a3d xmm3=0x000068110000681100002fa900002fa9 
  xmm4=0x00004dcd00004dcd0000b8b80000b8b8 xmm5=0x0000d2ba0000d2ba0000489800004898 
  xmm6=0x0000c8750000c8750000487000004870 xmm7=0x00006ebf00006ebf0000065f0000065f 

    > store to +0xff0 value 0x1418
0x27d: push rcx
  rax=0x0000000000001418 rbx=0x0000000000001f9c rcx=0xffffffffffffff91 rdx=0x0000000000000040
  rsi=0x0000000000000fba rdi=0x0000000000006856 flags=0b000010010011
  xmm0=0x00000b4200000b42000079be000079be xmm1=0x0000ff4e0000ff4e00007ee600007ee6 
  xmm2=0x0000b4950000b49500009a3d00009a3d xmm3=0x000068110000681100002fa900002fa9 
  xmm4=0x00004dcd00004dcd0000b8b80000b8b8 xmm5=0x0000d2ba0000d2ba0000489800004898 
  xmm6=0x0000c8750000c8750000487000004870 xmm7=0x00006ebf00006ebf0000065f0000065f 

    > store to +0xfe8 value 0x-6f
0x27e: push rdx
  rax=0x0000000000001418 rbx=0x0000000000001f9c rcx=0xffffffffffffff91 rdx=0x0000000000000040
  rsi=0x0000000000000fba rdi=0x0000000000006856 flags=0b000010010011
  xmm0=0x00000b4200000b42000079be000079be xmm1=0x0000ff4e0000ff4e00007ee600007ee6 
  xmm2=0x0000b4950000b49500009a3d00009a3d xmm3=0x000068110000681100002fa900002fa9 
  xmm4=0x00004dcd00004dcd0000b8b80000b8b8 xmm5=0x0000d2ba0000d2ba0000489800004898 
  xmm6=0x0000c8750000c8750000487000004870 xmm7=0x00006ebf00006ebf0000065f0000065f 

    > store to +0xfe0 value 0x40
0x27f: mov ecx, 0x1a4
  rax=0x0000000000001418 rbx=0x0000000000001f9c rcx=0xffffffffffffff91 rdx=0x0000000000000040
  rsi=0x0000000000000fba rdi=0x0000000000006856 flags=0b000010010011
  xmm0=0x00000b4200000b42000079be000079be xmm1=0x0000ff4e0000ff4e00007ee600007ee6 
  xmm2=0x0000b4950000b49500009a3d00009a3d xmm3=0x000068110000681100002fa900002fa9 
  xmm4=0x00004dcd00004dcd0000b8b80000b8b8 xmm5=0x0000d2ba0000d2ba0000489800004898 
  xmm6=0x0000c8750000c8750000487000004870 xmm7=0x00006ebf00006ebf0000065f0000065f 

0x284: mov edx, 0
  rax=0x0000000000001418 rbx=0x0000000000001f9c rcx=0x00000000000001a4 rdx=0x0000000000000040
  rsi=0x0000000000000fba rdi=0x0000000000006856 flags=0b000010010011
  xmm0=0x00000b4200000b42000079be000079be xmm1=0x0000ff4e0000ff4e00007ee600007ee6 
  xmm2=0x0000b4950000b49500009a3d00009a3d xmm3=0x000068110000681100002fa900002fa9 
  xmm4=0x00004dcd00004dcd0000b8b80000b8b8 xmm5=0x0000d2ba0000d2ba0000489800004898 
  xmm6=0x0000c8750000c8750000487000004870 xmm7=0x00006ebf00006ebf0000065f0000065f 

0x289: mov eax, 0b101111
  rax=0x0000000000001418 rbx=0x0000000000001f9c rcx=0x00000000000001a4 rdx=0x0000000000000000
  rsi=0x0000000000000fba rdi=0x0000000000006856 flags=0b000010010011
  xmm0=0x00000b4200000b42000079be000079be xmm1=0x0000ff4e0000ff4e00007ee600007ee6 
  xmm2=0x0000b4950000b49500009a3d00009a3d xmm3=0x000068110000681100002fa900002fa9 
  xmm4=0x00004dcd00004dcd0000b8b80000b8b8 xmm5=0x0000d2ba0000d2ba0000489800004898 
  xmm6=0x0000c8750000c8750000487000004870 xmm7=0x00006ebf00006ebf0000065f0000065f 

0x28e: wrmsr 
  rax=0x000000000000002f rbx=0x0000000000001f9c rcx=0x00000000000001a4 rdx=0x0000000000000000
  rsi=0x0000000000000fba rdi=0x0000000000006856 flags=0b000010010011
  xmm0=0x00000b4200000b42000079be000079be xmm1=0x0000ff4e0000ff4e00007ee600007ee6 
  xmm2=0x0000b4950000b49500009a3d00009a3d xmm3=0x000068110000681100002fa900002fa9 
  xmm4=0x00004dcd00004dcd0000b8b80000b8b8 xmm5=0x0000d2ba0000d2ba0000489800004898 
  xmm6=0x0000c8750000c8750000487000004870 xmm7=0x00006ebf00006ebf0000065f0000065f 

0x290: mov ecx, 0x48
  rax=0x000000000000002f rbx=0x0000000000001f9c rcx=0x00000000000001a4 rdx=0x0000000000000000
  rsi=0x0000000000000fba rdi=0x0000000000006856 flags=0b000010010011
  xmm0=0x00000b4200000b42000079be000079be xmm1=0x0000ff4e0000ff4e00007ee600007ee6 
  xmm2=0x0000b4950000b49500009a3d00009a3d xmm3=0x000068110000681100002fa900002fa9 
  xmm4=0x00004dcd00004dcd0000b8b80000b8b8 xmm5=0x0000d2ba0000d2ba0000489800004898 
  xmm6=0x0000c8750000c8750000487000004870 xmm7=0x00006ebf00006ebf0000065f0000065f 

0x295: rdmsr 
  rax=0x000000000000002f rbx=0x0000000000001f9c rcx=0x0000000000000048 rdx=0x0000000000000000
  rsi=0x0000000000000fba rdi=0x0000000000006856 flags=0b000010010011
  xmm0=0x00000b4200000b42000079be000079be xmm1=0x0000ff4e0000ff4e00007ee600007ee6 
  xmm2=0x0000b4950000b49500009a3d00009a3d xmm3=0x000068110000681100002fa900002fa9 
  xmm4=0x00004dcd00004dcd0000b8b80000b8b8 xmm5=0x0000d2ba0000d2ba0000489800004898 
  xmm6=0x0000c8750000c8750000487000004870 xmm7=0x00006ebf00006ebf0000065f0000065f 

0x297: and eax, 0xfffffffb
  rax=0x0000000000000000 rbx=0x0000000000001f9c rcx=0x0000000000000048 rdx=0x0000000000000000
  rsi=0x0000000000000fba rdi=0x0000000000006856 flags=0b000010010011
  xmm0=0x00000b4200000b42000079be000079be xmm1=0x0000ff4e0000ff4e00007ee600007ee6 
  xmm2=0x0000b4950000b49500009a3d00009a3d xmm3=0x000068110000681100002fa900002fa9 
  xmm4=0x00004dcd00004dcd0000b8b80000b8b8 xmm5=0x0000d2ba0000d2ba0000489800004898 
  xmm6=0x0000c8750000c8750000487000004870 xmm7=0x00006ebf00006ebf0000065f0000065f 

0x29a: or eax, 0x100
  rax=0x0000000000000000 rbx=0x0000000000001f9c rcx=0x0000000000000048 rdx=0x0000000000000000
  rsi=0x0000000000000fba rdi=0x0000000000006856 flags=0b000001000110
  xmm0=0x00000b4200000b42000079be000079be xmm1=0x0000ff4e0000ff4e00007ee600007ee6 
  xmm2=0x0000b4950000b49500009a3d00009a3d xmm3=0x000068110000681100002fa900002fa9 
  xmm4=0x00004dcd00004dcd0000b8b80000b8b8 xmm5=0x0000d2ba0000d2ba0000489800004898 
  xmm6=0x0000c8750000c8750000487000004870 xmm7=0x00006ebf00006ebf0000065f0000065f 

0x29f: wrmsr 
  rax=0x0000000000000100 rbx=0x0000000000001f9c rcx=0x0000000000000048 rdx=0x0000000000000000
  rsi=0x0000000000000fba rdi=0x0000000000006856 flags=0b000000000110
  xmm0=0x00000b4200000b42000079be000079be xmm1=0x0000ff4e0000ff4e00007ee600007ee6 
  xmm2=0x0000b4950000b49500009a3d00009a3d xmm3=0x000068110000681100002fa900002fa9 
  xmm4=0x00004dcd00004dcd0000b8b80000b8b8 xmm5=0x0000d2ba0000d2ba0000489800004898 
  xmm6=0x0000c8750000c8750000487000004870 xmm7=0x00006ebf00006ebf0000065f0000065f 

0x2a1: mfence 
  rax=0x0000000000000100 rbx=0x0000000000001f9c rcx=0x0000000000000048 rdx=0x0000000000000000
  rsi=0x0000000000000fba rdi=0x0000000000006856 flags=0b000000000110
  xmm0=0x00000b4200000b42000079be000079be xmm1=0x0000ff4e0000ff4e00007ee600007ee6 
  xmm2=0x0000b4950000b49500009a3d00009a3d xmm3=0x000068110000681100002fa900002fa9 
  xmm4=0x00004dcd00004dcd0000b8b80000b8b8 xmm5=0x0000d2ba0000d2ba0000489800004898 
  xmm6=0x0000c8750000c8750000487000004870 xmm7=0x00006ebf00006ebf0000065f0000065f 

0x2a4: lfence 
  rax=0x0000000000000100 rbx=0x0000000000001f9c rcx=0x0000000000000048 rdx=0x0000000000000000
  rsi=0x0000000000000fba rdi=0x0000000000006856 flags=0b000000000110
  xmm0=0x00000b4200000b42000079be000079be xmm1=0x0000ff4e0000ff4e00007ee600007ee6 
  xmm2=0x0000b4950000b49500009a3d00009a3d xmm3=0x000068110000681100002fa900002fa9 
  xmm4=0x00004dcd00004dcd0000b8b80000b8b8 xmm5=0x0000d2ba0000d2ba0000489800004898 
  xmm6=0x0000c8750000c8750000487000004870 xmm7=0x00006ebf00006ebf0000065f0000065f 

0x2a7: macro .measurement_end, .noarg
  rax=0x0000000000000100 rbx=0x0000000000001f9c rcx=0x0000000000000048 rdx=0x0000000000000000
  rsi=0x0000000000000fba rdi=0x0000000000006856 flags=0b000000000110
  xmm0=0x00000b4200000b42000079be000079be xmm1=0x0000ff4e0000ff4e00007ee600007ee6 
  xmm2=0x0000b4950000b49500009a3d00009a3d xmm3=0x000068110000681100002fa900002fa9 
  xmm4=0x00004dcd00004dcd0000b8b80000b8b8 xmm5=0x0000d2ba0000d2ba0000489800004898 
  xmm6=0x0000c8750000c8750000487000004870 xmm7=0x00006ebf00006ebf0000065f0000065f 

0x2af: mov ecx, 0x1a4
  rax=0x0000000000000100 rbx=0x0000000000001f9c rcx=0x0000000000000048 rdx=0x0000000000000000
  rsi=0x0000000000000fba rdi=0x0000000000006856 flags=0b000000000110
  xmm0=0x00000b4200000b42000079be000079be xmm1=0x0000ff4e0000ff4e00007ee600007ee6 
  xmm2=0x0000b4950000b49500009a3d00009a3d xmm3=0x000068110000681100002fa900002fa9 
  xmm4=0x00004dcd00004dcd0000b8b80000b8b8 xmm5=0x0000d2ba0000d2ba0000489800004898 
  xmm6=0x0000c8750000c8750000487000004870 xmm7=0x00006ebf00006ebf0000065f0000065f 

0x2b4: mov edx, 0
  rax=0x0000000000000100 rbx=0x0000000000001f9c rcx=0x00000000000001a4 rdx=0x0000000000000000
  rsi=0x0000000000000fba rdi=0x0000000000006856 flags=0b000000000110
  xmm0=0x00000b4200000b42000079be000079be xmm1=0x0000ff4e0000ff4e00007ee600007ee6 
  xmm2=0x0000b4950000b49500009a3d00009a3d xmm3=0x000068110000681100002fa900002fa9 
  xmm4=0x00004dcd00004dcd0000b8b80000b8b8 xmm5=0x0000d2ba0000d2ba0000489800004898 
  xmm6=0x0000c8750000c8750000487000004870 xmm7=0x00006ebf00006ebf0000065f0000065f 

0x2b9: mov eax, 0b000000
  rax=0x0000000000000100 rbx=0x0000000000001f9c rcx=0x00000000000001a4 rdx=0x0000000000000000
  rsi=0x0000000000000fba rdi=0x0000000000006856 flags=0b000000000110
  xmm0=0x00000b4200000b42000079be000079be xmm1=0x0000ff4e0000ff4e00007ee600007ee6 
  xmm2=0x0000b4950000b49500009a3d00009a3d xmm3=0x000068110000681100002fa900002fa9 
  xmm4=0x00004dcd00004dcd0000b8b80000b8b8 xmm5=0x0000d2ba0000d2ba0000489800004898 
  xmm6=0x0000c8750000c8750000487000004870 xmm7=0x00006ebf00006ebf0000065f0000065f 

0x2be: mov ecx, 0x48
  rax=0x0000000000000000 rbx=0x0000000000001f9c rcx=0x00000000000001a4 rdx=0x0000000000000000
  rsi=0x0000000000000fba rdi=0x0000000000006856 flags=0b000000000110
  xmm0=0x00000b4200000b42000079be000079be xmm1=0x0000ff4e0000ff4e00007ee600007ee6 
  xmm2=0x0000b4950000b49500009a3d00009a3d xmm3=0x000068110000681100002fa900002fa9 
  xmm4=0x00004dcd00004dcd0000b8b80000b8b8 xmm5=0x0000d2ba0000d2ba0000489800004898 
  xmm6=0x0000c8750000c8750000487000004870 xmm7=0x00006ebf00006ebf0000065f0000065f 

0x2c3: rdmsr 
  rax=0x0000000000000000 rbx=0x0000000000001f9c rcx=0x0000000000000048 rdx=0x0000000000000000
  rsi=0x0000000000000fba rdi=0x0000000000006856 flags=0b000000000110
  xmm0=0x00000b4200000b42000079be000079be xmm1=0x0000ff4e0000ff4e00007ee600007ee6 
  xmm2=0x0000b4950000b49500009a3d00009a3d xmm3=0x000068110000681100002fa900002fa9 
  xmm4=0x00004dcd00004dcd0000b8b80000b8b8 xmm5=0x0000d2ba0000d2ba0000489800004898 
  xmm6=0x0000c8750000c8750000487000004870 xmm7=0x00006ebf00006ebf0000065f0000065f 

0x2c5: and eax, 0xfffffffb
  rax=0x0000000000000000 rbx=0x0000000000001f9c rcx=0x0000000000000048 rdx=0x0000000000000000
  rsi=0x0000000000000fba rdi=0x0000000000006856 flags=0b000000000110
  xmm0=0x00000b4200000b42000079be000079be xmm1=0x0000ff4e0000ff4e00007ee600007ee6 
  xmm2=0x0000b4950000b49500009a3d00009a3d xmm3=0x000068110000681100002fa900002fa9 
  xmm4=0x00004dcd00004dcd0000b8b80000b8b8 xmm5=0x0000d2ba0000d2ba0000489800004898 
  xmm6=0x0000c8750000c8750000487000004870 xmm7=0x00006ebf00006ebf0000065f0000065f 

0x2c8: and eax, 0xfffffeff
  rax=0x0000000000000000 rbx=0x0000000000001f9c rcx=0x0000000000000048 rdx=0x0000000000000000
  rsi=0x0000000000000fba rdi=0x0000000000006856 flags=0b000001000110
  xmm0=0x00000b4200000b42000079be000079be xmm1=0x0000ff4e0000ff4e00007ee600007ee6 
  xmm2=0x0000b4950000b49500009a3d00009a3d xmm3=0x000068110000681100002fa900002fa9 
  xmm4=0x00004dcd00004dcd0000b8b80000b8b8 xmm5=0x0000d2ba0000d2ba0000489800004898 
  xmm6=0x0000c8750000c8750000487000004870 xmm7=0x00006ebf00006ebf0000065f0000065f 

0x2cd: wrmsr 
  rax=0x0000000000000000 rbx=0x0000000000001f9c rcx=0x0000000000000048 rdx=0x0000000000000000
  rsi=0x0000000000000fba rdi=0x0000000000006856 flags=0b000001000110
  xmm0=0x00000b4200000b42000079be000079be xmm1=0x0000ff4e0000ff4e00007ee600007ee6 
  xmm2=0x0000b4950000b49500009a3d00009a3d xmm3=0x000068110000681100002fa900002fa9 
  xmm4=0x00004dcd00004dcd0000b8b80000b8b8 xmm5=0x0000d2ba0000d2ba0000489800004898 
  xmm6=0x0000c8750000c8750000487000004870 xmm7=0x00006ebf00006ebf0000065f0000065f 

0x2cf: mfence 
  rax=0x0000000000000000 rbx=0x0000000000001f9c rcx=0x0000000000000048 rdx=0x0000000000000000
  rsi=0x0000000000000fba rdi=0x0000000000006856 flags=0b000001000110
  xmm0=0x00000b4200000b42000079be000079be xmm1=0x0000ff4e0000ff4e00007ee600007ee6 
  xmm2=0x0000b4950000b49500009a3d00009a3d xmm3=0x000068110000681100002fa900002fa9 
  xmm4=0x00004dcd00004dcd0000b8b80000b8b8 xmm5=0x0000d2ba0000d2ba0000489800004898 
  xmm6=0x0000c8750000c8750000487000004870 xmm7=0x00006ebf00006ebf0000065f0000065f 

0x2d2: lfence 
  rax=0x0000000000000000 rbx=0x0000000000001f9c rcx=0x0000000000000048 rdx=0x0000000000000000
  rsi=0x0000000000000fba rdi=0x0000000000006856 flags=0b000001000110
  xmm0=0x00000b4200000b42000079be000079be xmm1=0x0000ff4e0000ff4e00007ee600007ee6 
  xmm2=0x0000b4950000b49500009a3d00009a3d xmm3=0x000068110000681100002fa900002fa9 
  xmm4=0x00004dcd00004dcd0000b8b80000b8b8 xmm5=0x0000d2ba0000d2ba0000489800004898 
  xmm6=0x0000c8750000c8750000487000004870 xmm7=0x00006ebf00006ebf0000065f0000065f 

0x2d5: pop rdx
  rax=0x0000000000000000 rbx=0x0000000000001f9c rcx=0x0000000000000048 rdx=0x0000000000000000
  rsi=0x0000000000000fba rdi=0x0000000000006856 flags=0b000001000110
  xmm0=0x00000b4200000b42000079be000079be xmm1=0x0000ff4e0000ff4e00007ee600007ee6 
  xmm2=0x0000b4950000b49500009a3d00009a3d xmm3=0x000068110000681100002fa900002fa9 
  xmm4=0x00004dcd00004dcd0000b8b80000b8b8 xmm5=0x0000d2ba0000d2ba0000489800004898 
  xmm6=0x0000c8750000c8750000487000004870 xmm7=0x00006ebf00006ebf0000065f0000065f 

    > load from +0xfe0 value 0x40
0x2d6: pop rcx
  rax=0x0000000000000000 rbx=0x0000000000001f9c rcx=0x0000000000000048 rdx=0x0000000000000040
  rsi=0x0000000000000fba rdi=0x0000000000006856 flags=0b000001000110
  xmm0=0x00000b4200000b42000079be000079be xmm1=0x0000ff4e0000ff4e00007ee600007ee6 
  xmm2=0x0000b4950000b49500009a3d00009a3d xmm3=0x000068110000681100002fa900002fa9 
  xmm4=0x00004dcd00004dcd0000b8b80000b8b8 xmm5=0x0000d2ba0000d2ba0000489800004898 
  xmm6=0x0000c8750000c8750000487000004870 xmm7=0x00006ebf00006ebf0000065f0000065f 

    > load from +0xfe8 value 0xffffffffffffff91
0x2d7: pop rax [test_case_exit]
  rax=0x0000000000000000 rbx=0x0000000000001f9c rcx=0xffffffffffffff91 rdx=0x0000000000000040
  rsi=0x0000000000000fba rdi=0x0000000000006856 flags=0b000001000110
  xmm0=0x00000b4200000b42000079be000079be xmm1=0x0000ff4e0000ff4e00007ee600007ee6 
  xmm2=0x0000b4950000b49500009a3d00009a3d xmm3=0x000068110000681100002fa900002fa9 
  xmm4=0x00004dcd00004dcd0000b8b80000b8b8 xmm5=0x0000d2ba0000d2ba0000489800004898 
  xmm6=0x0000c8750000c8750000487000004870 xmm7=0x00006ebf00006ebf0000065f0000065f 

    > load from +0xff0 value 0x1418




================================ Statistics ===================================

Test Cases: 1
Inputs per test case: 100.0
Violations: 1
Effectiveness: 
  Total Cls: 50.0
  Effective Cls: 50.0
Discarded Test Cases:
  Speculation Filter: 0
  Observation Filter: 0
  Fast Path: 0
  Max Nesting Check: 0
  Tainting Check: 0
  Early Priming Check: 0
  Large Sample Check: 0
  Priming Check: 0

Duration: 29.4
Finished at 01:34:17
