
INFO: [fuzzer] Starting at 01:36:30
> Entering slow path...> Priming  1              > Increase sample size to 40> Priming  1              > Increase sample size to 160> Priming  1              > Increase sample size to 320> Priming  1             

================================ Violations detected ==========================
Contract trace:
 8483931728542819012 (hash)
Hardware traces:
  Input group 1: [47]
  Input group 2: [97]
  ^^.^^^^.............^^.^.........^......^^..^^..^^..^.......^..^ [311    | 0     ]
  ^^.^^^^.............^^.^.........^......^...^^...^..^.......^..^ [9      | 1     ]
  ^^.^^^^.............^^.^.........^......^^..^^...^..^...^...^..^ [0      | 318   ]
  ^^.^^^^.^.......^.^.^^^^.........^.....^^^..^^...^.^^...^...^..^ [0      | 1     ]

================================ Violation Traces =============================
                      ##### Input 47 #####

                     ##### Input 0 #####
0x0 : pushfq 
  rax=0x0000184500001845 rbx=0x0000c0cf0000c0cf rcx=0x000011a1000011a1 rdx=0x00003c2400003c24
  rsi=0x0000870800008708 rdi=0x00004c7100004c71 flags=0b000010000111
  xmm0=0x00002636000026360000dc500000dc50 xmm1=0x0000d6f80000d6f80000a0650000a065 
  xmm2=0x000024da000024da0000765d0000765d xmm3=0x00008847000088470000ea410000ea41 
  xmm4=0x0000510a0000510a000006bd000006bd xmm5=0x00000521000005210000a02e0000a02e 
  xmm6=0x00000cf200000cf20000d9cc0000d9cc xmm7=0x0000dd130000dd13000061c3000061c3 

    > store to +0xff0 value 0x87
0x1 : push rax
  rax=0x0000184500001845 rbx=0x0000c0cf0000c0cf rcx=0x000011a1000011a1 rdx=0x00003c2400003c24
  rsi=0x0000870800008708 rdi=0x00004c7100004c71 flags=0b000010000111
  xmm0=0x00002636000026360000dc500000dc50 xmm1=0x0000d6f80000d6f80000a0650000a065 
  xmm2=0x000024da000024da0000765d0000765d xmm3=0x00008847000088470000ea410000ea41 
  xmm4=0x0000510a0000510a000006bd000006bd xmm5=0x00000521000005210000a02e0000a02e 
  xmm6=0x00000cf200000cf20000d9cc0000d9cc xmm7=0x0000dd130000dd13000061c3000061c3 

    > store to +0xfe8 value 0x184500001845
0x2 : push rcx
  rax=0x0000184500001845 rbx=0x0000c0cf0000c0cf rcx=0x000011a1000011a1 rdx=0x00003c2400003c24
  rsi=0x0000870800008708 rdi=0x00004c7100004c71 flags=0b000010000111
  xmm0=0x00002636000026360000dc500000dc50 xmm1=0x0000d6f80000d6f80000a0650000a065 
  xmm2=0x000024da000024da0000765d0000765d xmm3=0x00008847000088470000ea410000ea41 
  xmm4=0x0000510a0000510a000006bd000006bd xmm5=0x00000521000005210000a02e0000a02e 
  xmm6=0x00000cf200000cf20000d9cc0000d9cc xmm7=0x0000dd130000dd13000061c3000061c3 

    > store to +0xfe0 value 0x11a1000011a1
0x3 : push rdx
  rax=0x0000184500001845 rbx=0x0000c0cf0000c0cf rcx=0x000011a1000011a1 rdx=0x00003c2400003c24
  rsi=0x0000870800008708 rdi=0x00004c7100004c71 flags=0b000010000111
  xmm0=0x00002636000026360000dc500000dc50 xmm1=0x0000d6f80000d6f80000a0650000a065 
  xmm2=0x000024da000024da0000765d0000765d xmm3=0x00008847000088470000ea410000ea41 
  xmm4=0x0000510a0000510a000006bd000006bd xmm5=0x00000521000005210000a02e0000a02e 
  xmm6=0x00000cf200000cf20000d9cc0000d9cc xmm7=0x0000dd130000dd13000061c3000061c3 

    > store to +0xfd8 value 0x3c2400003c24
0x4 : mov ecx, 0x1a4
  rax=0x0000184500001845 rbx=0x0000c0cf0000c0cf rcx=0x000011a1000011a1 rdx=0x00003c2400003c24
  rsi=0x0000870800008708 rdi=0x00004c7100004c71 flags=0b000010000111
  xmm0=0x00002636000026360000dc500000dc50 xmm1=0x0000d6f80000d6f80000a0650000a065 
  xmm2=0x000024da000024da0000765d0000765d xmm3=0x00008847000088470000ea410000ea41 
  xmm4=0x0000510a0000510a000006bd000006bd xmm5=0x00000521000005210000a02e0000a02e 
  xmm6=0x00000cf200000cf20000d9cc0000d9cc xmm7=0x0000dd130000dd13000061c3000061c3 

0x9 : mov edx, 0
  rax=0x0000184500001845 rbx=0x0000c0cf0000c0cf rcx=0x00000000000001a4 rdx=0x00003c2400003c24
  rsi=0x0000870800008708 rdi=0x00004c7100004c71 flags=0b000010000111
  xmm0=0x00002636000026360000dc500000dc50 xmm1=0x0000d6f80000d6f80000a0650000a065 
  xmm2=0x000024da000024da0000765d0000765d xmm3=0x00008847000088470000ea410000ea41 
  xmm4=0x0000510a0000510a000006bd000006bd xmm5=0x00000521000005210000a02e0000a02e 
  xmm6=0x00000cf200000cf20000d9cc0000d9cc xmm7=0x0000dd130000dd13000061c3000061c3 

0xe : mov eax, 0b101111
  rax=0x0000184500001845 rbx=0x0000c0cf0000c0cf rcx=0x00000000000001a4 rdx=0x0000000000000000
  rsi=0x0000870800008708 rdi=0x00004c7100004c71 flags=0b000010000111
  xmm0=0x00002636000026360000dc500000dc50 xmm1=0x0000d6f80000d6f80000a0650000a065 
  xmm2=0x000024da000024da0000765d0000765d xmm3=0x00008847000088470000ea410000ea41 
  xmm4=0x0000510a0000510a000006bd000006bd xmm5=0x00000521000005210000a02e0000a02e 
  xmm6=0x00000cf200000cf20000d9cc0000d9cc xmm7=0x0000dd130000dd13000061c3000061c3 

0x13: wrmsr 
  rax=0x000000000000002f rbx=0x0000c0cf0000c0cf rcx=0x00000000000001a4 rdx=0x0000000000000000
  rsi=0x0000870800008708 rdi=0x00004c7100004c71 flags=0b000010000111
  xmm0=0x00002636000026360000dc500000dc50 xmm1=0x0000d6f80000d6f80000a0650000a065 
  xmm2=0x000024da000024da0000765d0000765d xmm3=0x00008847000088470000ea410000ea41 
  xmm4=0x0000510a0000510a000006bd000006bd xmm5=0x00000521000005210000a02e0000a02e 
  xmm6=0x00000cf200000cf20000d9cc0000d9cc xmm7=0x0000dd130000dd13000061c3000061c3 

0x15: mov ecx, 0x48
  rax=0x000000000000002f rbx=0x0000c0cf0000c0cf rcx=0x00000000000001a4 rdx=0x0000000000000000
  rsi=0x0000870800008708 rdi=0x00004c7100004c71 flags=0b000010000111
  xmm0=0x00002636000026360000dc500000dc50 xmm1=0x0000d6f80000d6f80000a0650000a065 
  xmm2=0x000024da000024da0000765d0000765d xmm3=0x00008847000088470000ea410000ea41 
  xmm4=0x0000510a0000510a000006bd000006bd xmm5=0x00000521000005210000a02e0000a02e 
  xmm6=0x00000cf200000cf20000d9cc0000d9cc xmm7=0x0000dd130000dd13000061c3000061c3 

0x1a: rdmsr 
  rax=0x000000000000002f rbx=0x0000c0cf0000c0cf rcx=0x0000000000000048 rdx=0x0000000000000000
  rsi=0x0000870800008708 rdi=0x00004c7100004c71 flags=0b000010000111
  xmm0=0x00002636000026360000dc500000dc50 xmm1=0x0000d6f80000d6f80000a0650000a065 
  xmm2=0x000024da000024da0000765d0000765d xmm3=0x00008847000088470000ea410000ea41 
  xmm4=0x0000510a0000510a000006bd000006bd xmm5=0x00000521000005210000a02e0000a02e 
  xmm6=0x00000cf200000cf20000d9cc0000d9cc xmm7=0x0000dd130000dd13000061c3000061c3 

0x1c: and eax, 0xfffffffb
  rax=0x0000000000000000 rbx=0x0000c0cf0000c0cf rcx=0x0000000000000048 rdx=0x0000000000000000
  rsi=0x0000870800008708 rdi=0x00004c7100004c71 flags=0b000010000111
  xmm0=0x00002636000026360000dc500000dc50 xmm1=0x0000d6f80000d6f80000a0650000a065 
  xmm2=0x000024da000024da0000765d0000765d xmm3=0x00008847000088470000ea410000ea41 
  xmm4=0x0000510a0000510a000006bd000006bd xmm5=0x00000521000005210000a02e0000a02e 
  xmm6=0x00000cf200000cf20000d9cc0000d9cc xmm7=0x0000dd130000dd13000061c3000061c3 

0x1f: or eax, 0x100
  rax=0x0000000000000000 rbx=0x0000c0cf0000c0cf rcx=0x0000000000000048 rdx=0x0000000000000000
  rsi=0x0000870800008708 rdi=0x00004c7100004c71 flags=0b000001000110
  xmm0=0x00002636000026360000dc500000dc50 xmm1=0x0000d6f80000d6f80000a0650000a065 
  xmm2=0x000024da000024da0000765d0000765d xmm3=0x00008847000088470000ea410000ea41 
  xmm4=0x0000510a0000510a000006bd000006bd xmm5=0x00000521000005210000a02e0000a02e 
  xmm6=0x00000cf200000cf20000d9cc0000d9cc xmm7=0x0000dd130000dd13000061c3000061c3 

0x24: wrmsr 
  rax=0x0000000000000100 rbx=0x0000c0cf0000c0cf rcx=0x0000000000000048 rdx=0x0000000000000000
  rsi=0x0000870800008708 rdi=0x00004c7100004c71 flags=0b000000000110
  xmm0=0x00002636000026360000dc500000dc50 xmm1=0x0000d6f80000d6f80000a0650000a065 
  xmm2=0x000024da000024da0000765d0000765d xmm3=0x00008847000088470000ea410000ea41 
  xmm4=0x0000510a0000510a000006bd000006bd xmm5=0x00000521000005210000a02e0000a02e 
  xmm6=0x00000cf200000cf20000d9cc0000d9cc xmm7=0x0000dd130000dd13000061c3000061c3 

0x26: mfence 
  rax=0x0000000000000100 rbx=0x0000c0cf0000c0cf rcx=0x0000000000000048 rdx=0x0000000000000000
  rsi=0x0000870800008708 rdi=0x00004c7100004c71 flags=0b000000000110
  xmm0=0x00002636000026360000dc500000dc50 xmm1=0x0000d6f80000d6f80000a0650000a065 
  xmm2=0x000024da000024da0000765d0000765d xmm3=0x00008847000088470000ea410000ea41 
  xmm4=0x0000510a0000510a000006bd000006bd xmm5=0x00000521000005210000a02e0000a02e 
  xmm6=0x00000cf200000cf20000d9cc0000d9cc xmm7=0x0000dd130000dd13000061c3000061c3 

0x29: lfence 
  rax=0x0000000000000100 rbx=0x0000c0cf0000c0cf rcx=0x0000000000000048 rdx=0x0000000000000000
  rsi=0x0000870800008708 rdi=0x00004c7100004c71 flags=0b000000000110
  xmm0=0x00002636000026360000dc500000dc50 xmm1=0x0000d6f80000d6f80000a0650000a065 
  xmm2=0x000024da000024da0000765d0000765d xmm3=0x00008847000088470000ea410000ea41 
  xmm4=0x0000510a0000510a000006bd000006bd xmm5=0x00000521000005210000a02e0000a02e 
  xmm6=0x00000cf200000cf20000d9cc0000d9cc xmm7=0x0000dd130000dd13000061c3000061c3 

0x2c: macro .measurement_start, .noarg
  rax=0x0000000000000100 rbx=0x0000c0cf0000c0cf rcx=0x0000000000000048 rdx=0x0000000000000000
  rsi=0x0000870800008708 rdi=0x00004c7100004c71 flags=0b000000000110
  xmm0=0x00002636000026360000dc500000dc50 xmm1=0x0000d6f80000d6f80000a0650000a065 
  xmm2=0x000024da000024da0000765d0000765d xmm3=0x00008847000088470000ea410000ea41 
  xmm4=0x0000510a0000510a000006bd000006bd xmm5=0x00000521000005210000a02e0000a02e 
  xmm6=0x00000cf200000cf20000d9cc0000d9cc xmm7=0x0000dd130000dd13000061c3000061c3 

0x34: mov ecx, 0x1a4
  rax=0x0000000000000100 rbx=0x0000c0cf0000c0cf rcx=0x0000000000000048 rdx=0x0000000000000000
  rsi=0x0000870800008708 rdi=0x00004c7100004c71 flags=0b000000000110
  xmm0=0x00002636000026360000dc500000dc50 xmm1=0x0000d6f80000d6f80000a0650000a065 
  xmm2=0x000024da000024da0000765d0000765d xmm3=0x00008847000088470000ea410000ea41 
  xmm4=0x0000510a0000510a000006bd000006bd xmm5=0x00000521000005210000a02e0000a02e 
  xmm6=0x00000cf200000cf20000d9cc0000d9cc xmm7=0x0000dd130000dd13000061c3000061c3 

0x39: mov edx, 0
  rax=0x0000000000000100 rbx=0x0000c0cf0000c0cf rcx=0x00000000000001a4 rdx=0x0000000000000000
  rsi=0x0000870800008708 rdi=0x00004c7100004c71 flags=0b000000000110
  xmm0=0x00002636000026360000dc500000dc50 xmm1=0x0000d6f80000d6f80000a0650000a065 
  xmm2=0x000024da000024da0000765d0000765d xmm3=0x00008847000088470000ea410000ea41 
  xmm4=0x0000510a0000510a000006bd000006bd xmm5=0x00000521000005210000a02e0000a02e 
  xmm6=0x00000cf200000cf20000d9cc0000d9cc xmm7=0x0000dd130000dd13000061c3000061c3 

0x3e: mov eax, 0b000000
  rax=0x0000000000000100 rbx=0x0000c0cf0000c0cf rcx=0x00000000000001a4 rdx=0x0000000000000000
  rsi=0x0000870800008708 rdi=0x00004c7100004c71 flags=0b000000000110
  xmm0=0x00002636000026360000dc500000dc50 xmm1=0x0000d6f80000d6f80000a0650000a065 
  xmm2=0x000024da000024da0000765d0000765d xmm3=0x00008847000088470000ea410000ea41 
  xmm4=0x0000510a0000510a000006bd000006bd xmm5=0x00000521000005210000a02e0000a02e 
  xmm6=0x00000cf200000cf20000d9cc0000d9cc xmm7=0x0000dd130000dd13000061c3000061c3 

0x43: mov ecx, 0x48
  rax=0x0000000000000000 rbx=0x0000c0cf0000c0cf rcx=0x00000000000001a4 rdx=0x0000000000000000
  rsi=0x0000870800008708 rdi=0x00004c7100004c71 flags=0b000000000110
  xmm0=0x00002636000026360000dc500000dc50 xmm1=0x0000d6f80000d6f80000a0650000a065 
  xmm2=0x000024da000024da0000765d0000765d xmm3=0x00008847000088470000ea410000ea41 
  xmm4=0x0000510a0000510a000006bd000006bd xmm5=0x00000521000005210000a02e0000a02e 
  xmm6=0x00000cf200000cf20000d9cc0000d9cc xmm7=0x0000dd130000dd13000061c3000061c3 

0x48: rdmsr 
  rax=0x0000000000000000 rbx=0x0000c0cf0000c0cf rcx=0x0000000000000048 rdx=0x0000000000000000
  rsi=0x0000870800008708 rdi=0x00004c7100004c71 flags=0b000000000110
  xmm0=0x00002636000026360000dc500000dc50 xmm1=0x0000d6f80000d6f80000a0650000a065 
  xmm2=0x000024da000024da0000765d0000765d xmm3=0x00008847000088470000ea410000ea41 
  xmm4=0x0000510a0000510a000006bd000006bd xmm5=0x00000521000005210000a02e0000a02e 
  xmm6=0x00000cf200000cf20000d9cc0000d9cc xmm7=0x0000dd130000dd13000061c3000061c3 

0x4a: and eax, 0xfffffffb
  rax=0x0000000000000000 rbx=0x0000c0cf0000c0cf rcx=0x0000000000000048 rdx=0x0000000000000000
  rsi=0x0000870800008708 rdi=0x00004c7100004c71 flags=0b000000000110
  xmm0=0x00002636000026360000dc500000dc50 xmm1=0x0000d6f80000d6f80000a0650000a065 
  xmm2=0x000024da000024da0000765d0000765d xmm3=0x00008847000088470000ea410000ea41 
  xmm4=0x0000510a0000510a000006bd000006bd xmm5=0x00000521000005210000a02e0000a02e 
  xmm6=0x00000cf200000cf20000d9cc0000d9cc xmm7=0x0000dd130000dd13000061c3000061c3 

0x4d: and eax, 0xfffffeff
  rax=0x0000000000000000 rbx=0x0000c0cf0000c0cf rcx=0x0000000000000048 rdx=0x0000000000000000
  rsi=0x0000870800008708 rdi=0x00004c7100004c71 flags=0b000001000110
  xmm0=0x00002636000026360000dc500000dc50 xmm1=0x0000d6f80000d6f80000a0650000a065 
  xmm2=0x000024da000024da0000765d0000765d xmm3=0x00008847000088470000ea410000ea41 
  xmm4=0x0000510a0000510a000006bd000006bd xmm5=0x00000521000005210000a02e0000a02e 
  xmm6=0x00000cf200000cf20000d9cc0000d9cc xmm7=0x0000dd130000dd13000061c3000061c3 

0x52: wrmsr 
  rax=0x0000000000000000 rbx=0x0000c0cf0000c0cf rcx=0x0000000000000048 rdx=0x0000000000000000
  rsi=0x0000870800008708 rdi=0x00004c7100004c71 flags=0b000001000110
  xmm0=0x00002636000026360000dc500000dc50 xmm1=0x0000d6f80000d6f80000a0650000a065 
  xmm2=0x000024da000024da0000765d0000765d xmm3=0x00008847000088470000ea410000ea41 
  xmm4=0x0000510a0000510a000006bd000006bd xmm5=0x00000521000005210000a02e0000a02e 
  xmm6=0x00000cf200000cf20000d9cc0000d9cc xmm7=0x0000dd130000dd13000061c3000061c3 

0x54: mfence 
  rax=0x0000000000000000 rbx=0x0000c0cf0000c0cf rcx=0x0000000000000048 rdx=0x0000000000000000
  rsi=0x0000870800008708 rdi=0x00004c7100004c71 flags=0b000001000110
  xmm0=0x00002636000026360000dc500000dc50 xmm1=0x0000d6f80000d6f80000a0650000a065 
  xmm2=0x000024da000024da0000765d0000765d xmm3=0x00008847000088470000ea410000ea41 
  xmm4=0x0000510a0000510a000006bd000006bd xmm5=0x00000521000005210000a02e0000a02e 
  xmm6=0x00000cf200000cf20000d9cc0000d9cc xmm7=0x0000dd130000dd13000061c3000061c3 

0x57: lfence 
  rax=0x0000000000000000 rbx=0x0000c0cf0000c0cf rcx=0x0000000000000048 rdx=0x0000000000000000
  rsi=0x0000870800008708 rdi=0x00004c7100004c71 flags=0b000001000110
  xmm0=0x00002636000026360000dc500000dc50 xmm1=0x0000d6f80000d6f80000a0650000a065 
  xmm2=0x000024da000024da0000765d0000765d xmm3=0x00008847000088470000ea410000ea41 
  xmm4=0x0000510a0000510a000006bd000006bd xmm5=0x00000521000005210000a02e0000a02e 
  xmm6=0x00000cf200000cf20000d9cc0000d9cc xmm7=0x0000dd130000dd13000061c3000061c3 

0x5a: pop rdx
  rax=0x0000000000000000 rbx=0x0000c0cf0000c0cf rcx=0x0000000000000048 rdx=0x0000000000000000
  rsi=0x0000870800008708 rdi=0x00004c7100004c71 flags=0b000001000110
  xmm0=0x00002636000026360000dc500000dc50 xmm1=0x0000d6f80000d6f80000a0650000a065 
  xmm2=0x000024da000024da0000765d0000765d xmm3=0x00008847000088470000ea410000ea41 
  xmm4=0x0000510a0000510a000006bd000006bd xmm5=0x00000521000005210000a02e0000a02e 
  xmm6=0x00000cf200000cf20000d9cc0000d9cc xmm7=0x0000dd130000dd13000061c3000061c3 

    > load from +0xfd8 value 0x3c2400003c24
0x5b: pop rcx
  rax=0x0000000000000000 rbx=0x0000c0cf0000c0cf rcx=0x0000000000000048 rdx=0x00003c2400003c24
  rsi=0x0000870800008708 rdi=0x00004c7100004c71 flags=0b000001000110
  xmm0=0x00002636000026360000dc500000dc50 xmm1=0x0000d6f80000d6f80000a0650000a065 
  xmm2=0x000024da000024da0000765d0000765d xmm3=0x00008847000088470000ea410000ea41 
  xmm4=0x0000510a0000510a000006bd000006bd xmm5=0x00000521000005210000a02e0000a02e 
  xmm6=0x00000cf200000cf20000d9cc0000d9cc xmm7=0x0000dd130000dd13000061c3000061c3 

    > load from +0xfe0 value 0x11a1000011a1
0x5c: pop rax
  rax=0x0000000000000000 rbx=0x0000c0cf0000c0cf rcx=0x000011a1000011a1 rdx=0x00003c2400003c24
  rsi=0x0000870800008708 rdi=0x00004c7100004c71 flags=0b000001000110
  xmm0=0x00002636000026360000dc500000dc50 xmm1=0x0000d6f80000d6f80000a0650000a065 
  xmm2=0x000024da000024da0000765d0000765d xmm3=0x00008847000088470000ea410000ea41 
  xmm4=0x0000510a0000510a000006bd000006bd xmm5=0x00000521000005210000a02e0000a02e 
  xmm6=0x00000cf200000cf20000d9cc0000d9cc xmm7=0x0000dd130000dd13000061c3000061c3 

    > load from +0xfe8 value 0x184500001845
0x5d: popfq 
  rax=0x0000184500001845 rbx=0x0000c0cf0000c0cf rcx=0x000011a1000011a1 rdx=0x00003c2400003c24
  rsi=0x0000870800008708 rdi=0x00004c7100004c71 flags=0b000001000110
  xmm0=0x00002636000026360000dc500000dc50 xmm1=0x0000d6f80000d6f80000a0650000a065 
  xmm2=0x000024da000024da0000765d0000765d xmm3=0x00008847000088470000ea410000ea41 
  xmm4=0x0000510a0000510a000006bd000006bd xmm5=0x00000521000005210000a02e0000a02e 
  xmm6=0x00000cf200000cf20000d9cc0000d9cc xmm7=0x0000dd130000dd13000061c3000061c3 

    > load from +0xff0 value 0x87
0x5e: and rax, 0b1111111111111
  rax=0x0000184500001845 rbx=0x0000c0cf0000c0cf rcx=0x000011a1000011a1 rdx=0x00003c2400003c24
  rsi=0x0000870800008708 rdi=0x00004c7100004c71 flags=0b000010000111
  xmm0=0x00002636000026360000dc500000dc50 xmm1=0x0000d6f80000d6f80000a0650000a065 
  xmm2=0x000024da000024da0000765d0000765d xmm3=0x00008847000088470000ea410000ea41 
  xmm4=0x0000510a0000510a000006bd000006bd xmm5=0x00000521000005210000a02e0000a02e 
  xmm6=0x00000cf200000cf20000d9cc0000d9cc xmm7=0x0000dd130000dd13000061c3000061c3 

0x64: cmp [r14 +rax], -87
  rax=0x0000000000001845 rbx=0x0000c0cf0000c0cf rcx=0x000011a1000011a1 rdx=0x00003c2400003c24
  rsi=0x0000870800008708 rdi=0x00004c7100004c71 flags=0b000000000010
  xmm0=0x00002636000026360000dc500000dc50 xmm1=0x0000d6f80000d6f80000a0650000a065 
  xmm2=0x000024da000024da0000765d0000765d xmm3=0x00008847000088470000ea410000ea41 
  xmm4=0x0000510a0000510a000006bd000006bd xmm5=0x00000521000005210000a02e0000a02e 
  xmm6=0x00000cf200000cf20000d9cc0000d9cc xmm7=0x0000dd130000dd13000061c3000061c3 

    > load from +0x1845 value 0x3400008d
0x69: xchg cl, cl
  rax=0x0000000000001845 rbx=0x0000c0cf0000c0cf rcx=0x000011a1000011a1 rdx=0x00003c2400003c24
  rsi=0x0000870800008708 rdi=0x00004c7100004c71 flags=0b000000000111
  xmm0=0x00002636000026360000dc500000dc50 xmm1=0x0000d6f80000d6f80000a0650000a065 
  xmm2=0x000024da000024da0000765d0000765d xmm3=0x00008847000088470000ea410000ea41 
  xmm4=0x0000510a0000510a000006bd000006bd xmm5=0x00000521000005210000a02e0000a02e 
  xmm6=0x00000cf200000cf20000d9cc0000d9cc xmm7=0x0000dd130000dd13000061c3000061c3 

0x6b: imul rsi
  rax=0x0000000000001845 rbx=0x0000c0cf0000c0cf rcx=0x000011a1000011a1 rdx=0x00003c2400003c24
  rsi=0x0000870800008708 rdi=0x00004c7100004c71 flags=0b000000000111
  xmm0=0x00002636000026360000dc500000dc50 xmm1=0x0000d6f80000d6f80000a0650000a065 
  xmm2=0x000024da000024da0000765d0000765d xmm3=0x00008847000088470000ea410000ea41 
  xmm4=0x0000510a0000510a000006bd000006bd xmm5=0x00000521000005210000a02e0000a02e 
  xmm6=0x00000cf200000cf20000d9cc0000d9cc xmm7=0x0000dd130000dd13000061c3000061c3 

0x6e: and rdi, 0b1111111111111
  rax=0x0ccd25280ccd2528 rbx=0x0000c0cf0000c0cf rcx=0x000011a1000011a1 rdx=0x0000000000000000
  rsi=0x0000870800008708 rdi=0x00004c7100004c71 flags=0b000000000110
  xmm0=0x00002636000026360000dc500000dc50 xmm1=0x0000d6f80000d6f80000a0650000a065 
  xmm2=0x000024da000024da0000765d0000765d xmm3=0x00008847000088470000ea410000ea41 
  xmm4=0x0000510a0000510a000006bd000006bd xmm5=0x00000521000005210000a02e0000a02e 
  xmm6=0x00000cf200000cf20000d9cc0000d9cc xmm7=0x0000dd130000dd13000061c3000061c3 

0x75: movsx esi, [r14 +rdi]
  rax=0x0ccd25280ccd2528 rbx=0x0000c0cf0000c0cf rcx=0x000011a1000011a1 rdx=0x0000000000000000
  rsi=0x0000870800008708 rdi=0x0000000000000c71 flags=0b000000000110
  xmm0=0x00002636000026360000dc500000dc50 xmm1=0x0000d6f80000d6f80000a0650000a065 
  xmm2=0x000024da000024da0000765d0000765d xmm3=0x00008847000088470000ea410000ea41 
  xmm4=0x0000510a0000510a000006bd000006bd xmm5=0x00000521000005210000a02e0000a02e 
  xmm6=0x00000cf200000cf20000d9cc0000d9cc xmm7=0x0000dd130000dd13000061c3000061c3 

    > load from +0xc71 value 0xcf
0x7a: and rax, 0b1111111111111
  rax=0x0ccd25280ccd2528 rbx=0x0000c0cf0000c0cf rcx=0x000011a1000011a1 rdx=0x0000000000000000
  rsi=0x00000000000000cf rdi=0x0000000000000c71 flags=0b000000000110
  xmm0=0x00002636000026360000dc500000dc50 xmm1=0x0000d6f80000d6f80000a0650000a065 
  xmm2=0x000024da000024da0000765d0000765d xmm3=0x00008847000088470000ea410000ea41 
  xmm4=0x0000510a0000510a000006bd000006bd xmm5=0x00000521000005210000a02e0000a02e 
  xmm6=0x00000cf200000cf20000d9cc0000d9cc xmm7=0x0000dd130000dd13000061c3000061c3 

0x80: cmp [r14 +rax], dx
  rax=0x0000000000000528 rbx=0x0000c0cf0000c0cf rcx=0x000011a1000011a1 rdx=0x0000000000000000
  rsi=0x00000000000000cf rdi=0x0000000000000c71 flags=0b000000000110
  xmm0=0x00002636000026360000dc500000dc50 xmm1=0x0000d6f80000d6f80000a0650000a065 
  xmm2=0x000024da000024da0000765d0000765d xmm3=0x00008847000088470000ea410000ea41 
  xmm4=0x0000510a0000510a000006bd000006bd xmm5=0x00000521000005210000a02e0000a02e 
  xmm6=0x00000cf200000cf20000d9cc0000d9cc xmm7=0x0000dd130000dd13000061c3000061c3 

    > load from +0x528 value 0x1619
0x85: xor ax, 18625
  rax=0x0000000000000528 rbx=0x0000c0cf0000c0cf rcx=0x000011a1000011a1 rdx=0x0000000000000000
  rsi=0x00000000000000cf rdi=0x0000000000000c71 flags=0b000000000010
  xmm0=0x00002636000026360000dc500000dc50 xmm1=0x0000d6f80000d6f80000a0650000a065 
  xmm2=0x000024da000024da0000765d0000765d xmm3=0x00008847000088470000ea410000ea41 
  xmm4=0x0000510a0000510a000006bd000006bd xmm5=0x00000521000005210000a02e0000a02e 
  xmm6=0x00000cf200000cf20000d9cc0000d9cc xmm7=0x0000dd130000dd13000061c3000061c3 

0x89: and rsi, 0b1111111111111
  rax=0x0000000000004de9 rbx=0x0000c0cf0000c0cf rcx=0x000011a1000011a1 rdx=0x0000000000000000
  rsi=0x00000000000000cf rdi=0x0000000000000c71 flags=0b000000000010
  xmm0=0x00002636000026360000dc500000dc50 xmm1=0x0000d6f80000d6f80000a0650000a065 
  xmm2=0x000024da000024da0000765d0000765d xmm3=0x00008847000088470000ea410000ea41 
  xmm4=0x0000510a0000510a000006bd000006bd xmm5=0x00000521000005210000a02e0000a02e 
  xmm6=0x00000cf200000cf20000d9cc0000d9cc xmm7=0x0000dd130000dd13000061c3000061c3 

0x90: or [r14 +rsi], 0b1000
  rax=0x0000000000004de9 rbx=0x0000c0cf0000c0cf rcx=0x000011a1000011a1 rdx=0x0000000000000000
  rsi=0x00000000000000cf rdi=0x0000000000000c71 flags=0b000000000110
  xmm0=0x00002636000026360000dc500000dc50 xmm1=0x0000d6f80000d6f80000a0650000a065 
  xmm2=0x000024da000024da0000765d0000765d xmm3=0x00008847000088470000ea410000ea41 
  xmm4=0x0000510a0000510a000006bd000006bd xmm5=0x00000521000005210000a02e0000a02e 
  xmm6=0x00000cf200000cf20000d9cc0000d9cc xmm7=0x0000dd130000dd13000061c3000061c3 

    > load from +0xcf value 0x0
    > store to +0xcf value 0x8
0x95: and [r14 +rsi], 0b11111000
  rax=0x0000000000004de9 rbx=0x0000c0cf0000c0cf rcx=0x000011a1000011a1 rdx=0x0000000000000000
  rsi=0x00000000000000cf rdi=0x0000000000000c71 flags=0b000000000010
  xmm0=0x00002636000026360000dc500000dc50 xmm1=0x0000d6f80000d6f80000a0650000a065 
  xmm2=0x000024da000024da0000765d0000765d xmm3=0x00008847000088470000ea410000ea41 
  xmm4=0x0000510a0000510a000006bd000006bd xmm5=0x00000521000005210000a02e0000a02e 
  xmm6=0x00000cf200000cf20000d9cc0000d9cc xmm7=0x0000dd130000dd13000061c3000061c3 

    > load from +0xcf value 0x8
    > store to +0xcf value 0x8
0x9a: mov ax, 1
  rax=0x0000000000004de9 rbx=0x0000c0cf0000c0cf rcx=0x000011a1000011a1 rdx=0x0000000000000000
  rsi=0x00000000000000cf rdi=0x0000000000000c71 flags=0b000000000010
  xmm0=0x00002636000026360000dc500000dc50 xmm1=0x0000d6f80000d6f80000a0650000a065 
  xmm2=0x000024da000024da0000765d0000765d xmm3=0x00008847000088470000ea410000ea41 
  xmm4=0x0000510a0000510a000006bd000006bd xmm5=0x00000521000005210000a02e0000a02e 
  xmm6=0x00000cf200000cf20000d9cc0000d9cc xmm7=0x0000dd130000dd13000061c3000061c3 

0x9e: idiv [r14 +rsi]
  rax=0x0000000000000001 rbx=0x0000c0cf0000c0cf rcx=0x000011a1000011a1 rdx=0x0000000000000000
  rsi=0x00000000000000cf rdi=0x0000000000000c71 flags=0b000000000010
  xmm0=0x00002636000026360000dc500000dc50 xmm1=0x0000d6f80000d6f80000a0650000a065 
  xmm2=0x000024da000024da0000765d0000765d xmm3=0x00008847000088470000ea410000ea41 
  xmm4=0x0000510a0000510a000006bd000006bd xmm5=0x00000521000005210000a02e0000a02e 
  xmm6=0x00000cf200000cf20000d9cc0000d9cc xmm7=0x0000dd130000dd13000061c3000061c3 

    > load from +0xcf value 0x8
0xa2: and rdx, 0b1111111111111
  rax=0x0000000000000100 rbx=0x0000c0cf0000c0cf rcx=0x000011a1000011a1 rdx=0x0000000000000000
  rsi=0x00000000000000cf rdi=0x0000000000000c71 flags=0b000000000010
  xmm0=0x00002636000026360000dc500000dc50 xmm1=0x0000d6f80000d6f80000a0650000a065 
  xmm2=0x000024da000024da0000765d0000765d xmm3=0x00008847000088470000ea410000ea41 
  xmm4=0x0000510a0000510a000006bd000006bd xmm5=0x00000521000005210000a02e0000a02e 
  xmm6=0x00000cf200000cf20000d9cc0000d9cc xmm7=0x0000dd130000dd13000061c3000061c3 

0xa9: movsx rsi, [r14 +rdx]
  rax=0x0000000000000100 rbx=0x0000c0cf0000c0cf rcx=0x000011a1000011a1 rdx=0x0000000000000000
  rsi=0x00000000000000cf rdi=0x0000000000000c71 flags=0b000001000110
  xmm0=0x00002636000026360000dc500000dc50 xmm1=0x0000d6f80000d6f80000a0650000a065 
  xmm2=0x000024da000024da0000765d0000765d xmm3=0x00008847000088470000ea410000ea41 
  xmm4=0x0000510a0000510a000006bd000006bd xmm5=0x00000521000005210000a02e0000a02e 
  xmm6=0x00000cf200000cf20000d9cc0000d9cc xmm7=0x0000dd130000dd13000061c3000061c3 

    > load from +0x0 value 0x3f
0xae: and rsi, 0b1111111111111
  rax=0x0000000000000100 rbx=0x0000c0cf0000c0cf rcx=0x000011a1000011a1 rdx=0x0000000000000000
  rsi=0x000000000000003f rdi=0x0000000000000c71 flags=0b000001000110
  xmm0=0x00002636000026360000dc500000dc50 xmm1=0x0000d6f80000d6f80000a0650000a065 
  xmm2=0x000024da000024da0000765d0000765d xmm3=0x00008847000088470000ea410000ea41 
  xmm4=0x0000510a0000510a000006bd000006bd xmm5=0x00000521000005210000a02e0000a02e 
  xmm6=0x00000cf200000cf20000d9cc0000d9cc xmm7=0x0000dd130000dd13000061c3000061c3 

0xb5: imul [r14 +rsi]
  rax=0x0000000000000100 rbx=0x0000c0cf0000c0cf rcx=0x000011a1000011a1 rdx=0x0000000000000000
  rsi=0x000000000000003f rdi=0x0000000000000c71 flags=0b000000000110
  xmm0=0x00002636000026360000dc500000dc50 xmm1=0x0000d6f80000d6f80000a0650000a065 
  xmm2=0x000024da000024da0000765d0000765d xmm3=0x00008847000088470000ea410000ea41 
  xmm4=0x0000510a0000510a000006bd000006bd xmm5=0x00000521000005210000a02e0000a02e 
  xmm6=0x00000cf200000cf20000d9cc0000d9cc xmm7=0x0000dd130000dd13000061c3000061c3 

    > load from +0x3f value 0x586d00
0xb9: and rbx, 0b1111111111111
  rax=0x00000000586d0000 rbx=0x0000c0cf0000c0cf rcx=0x000011a1000011a1 rdx=0x0000000000000000
  rsi=0x000000000000003f rdi=0x0000000000000c71 flags=0b000000000110
  xmm0=0x00002636000026360000dc500000dc50 xmm1=0x0000d6f80000d6f80000a0650000a065 
  xmm2=0x000024da000024da0000765d0000765d xmm3=0x00008847000088470000ea410000ea41 
  xmm4=0x0000510a0000510a000006bd000006bd xmm5=0x00000521000005210000a02e0000a02e 
  xmm6=0x00000cf200000cf20000d9cc0000d9cc xmm7=0x0000dd130000dd13000061c3000061c3 

0xc0: cmovo rdi, [r14 +rbx]
  rax=0x00000000586d0000 rbx=0x00000000000000cf rcx=0x000011a1000011a1 rdx=0x0000000000000000
  rsi=0x000000000000003f rdi=0x0000000000000c71 flags=0b000000000110
  xmm0=0x00002636000026360000dc500000dc50 xmm1=0x0000d6f80000d6f80000a0650000a065 
  xmm2=0x000024da000024da0000765d0000765d xmm3=0x00008847000088470000ea410000ea41 
  xmm4=0x0000510a0000510a000006bd000006bd xmm5=0x00000521000005210000a02e0000a02e 
  xmm6=0x00000cf200000cf20000d9cc0000d9cc xmm7=0x0000dd130000dd13000061c3000061c3 

    > load from +0xcf value 0x92c6000092c608
0xc5: test bl, bl
  rax=0x00000000586d0000 rbx=0x00000000000000cf rcx=0x000011a1000011a1 rdx=0x0000000000000000
  rsi=0x000000000000003f rdi=0x0000000000000c71 flags=0b000000000110
  xmm0=0x00002636000026360000dc500000dc50 xmm1=0x0000d6f80000d6f80000a0650000a065 
  xmm2=0x000024da000024da0000765d0000765d xmm3=0x00008847000088470000ea410000ea41 
  xmm4=0x0000510a0000510a000006bd000006bd xmm5=0x00000521000005210000a02e0000a02e 
  xmm6=0x00000cf200000cf20000d9cc0000d9cc xmm7=0x0000dd130000dd13000061c3000061c3 

0xc7: and rbx, 0b1111111111111
  rax=0x00000000586d0000 rbx=0x00000000000000cf rcx=0x000011a1000011a1 rdx=0x0000000000000000
  rsi=0x000000000000003f rdi=0x0000000000000c71 flags=0b000010000110
  xmm0=0x00002636000026360000dc500000dc50 xmm1=0x0000d6f80000d6f80000a0650000a065 
  xmm2=0x000024da000024da0000765d0000765d xmm3=0x00008847000088470000ea410000ea41 
  xmm4=0x0000510a0000510a000006bd000006bd xmm5=0x00000521000005210000a02e0000a02e 
  xmm6=0x00000cf200000cf20000d9cc0000d9cc xmm7=0x0000dd130000dd13000061c3000061c3 

0xce: sub esi, [r14 +rbx]
  rax=0x00000000586d0000 rbx=0x00000000000000cf rcx=0x000011a1000011a1 rdx=0x0000000000000000
  rsi=0x000000000000003f rdi=0x0000000000000c71 flags=0b000000000110
  xmm0=0x00002636000026360000dc500000dc50 xmm1=0x0000d6f80000d6f80000a0650000a065 
  xmm2=0x000024da000024da0000765d0000765d xmm3=0x00008847000088470000ea410000ea41 
  xmm4=0x0000510a0000510a000006bd000006bd xmm5=0x00000521000005210000a02e0000a02e 
  xmm6=0x00000cf200000cf20000d9cc0000d9cc xmm7=0x0000dd130000dd13000061c3000061c3 

    > load from +0xcf value 0x92c608
0xd2: and rsi, 0b1111111111111
  rax=0x00000000586d0000 rbx=0x00000000000000cf rcx=0x000011a1000011a1 rdx=0x0000000000000000
  rsi=0x00000000ff6d3a37 rdi=0x0000000000000c71 flags=0b000010000011
  xmm0=0x00002636000026360000dc500000dc50 xmm1=0x0000d6f80000d6f80000a0650000a065 
  xmm2=0x000024da000024da0000765d0000765d xmm3=0x00008847000088470000ea410000ea41 
  xmm4=0x0000510a0000510a000006bd000006bd xmm5=0x00000521000005210000a02e0000a02e 
  xmm6=0x00000cf200000cf20000d9cc0000d9cc xmm7=0x0000dd130000dd13000061c3000061c3 

0xd9: cmovp rdx, [r14 +rsi]
  rax=0x00000000586d0000 rbx=0x00000000000000cf rcx=0x000011a1000011a1 rdx=0x0000000000000000
  rsi=0x0000000000001a37 rdi=0x0000000000000c71 flags=0b000000000010
  xmm0=0x00002636000026360000dc500000dc50 xmm1=0x0000d6f80000d6f80000a0650000a065 
  xmm2=0x000024da000024da0000765d0000765d xmm3=0x00008847000088470000ea410000ea41 
  xmm4=0x0000510a0000510a000006bd000006bd xmm5=0x00000521000005210000a02e0000a02e 
  xmm6=0x00000cf200000cf20000d9cc0000d9cc xmm7=0x0000dd130000dd13000061c3000061c3 

    > load from +0x1a37 value 0x67620000676200
0xde: and rax, 0b1111111111111
  rax=0x00000000586d0000 rbx=0x00000000000000cf rcx=0x000011a1000011a1 rdx=0x0000000000000000
  rsi=0x0000000000001a37 rdi=0x0000000000000c71 flags=0b000000000010
  xmm0=0x00002636000026360000dc500000dc50 xmm1=0x0000d6f80000d6f80000a0650000a065 
  xmm2=0x000024da000024da0000765d0000765d xmm3=0x00008847000088470000ea410000ea41 
  xmm4=0x0000510a0000510a000006bd000006bd xmm5=0x00000521000005210000a02e0000a02e 
  xmm6=0x00000cf200000cf20000d9cc0000d9cc xmm7=0x0000dd130000dd13000061c3000061c3 

0xe4: cmovnle si, [r14 +rax]
  rax=0x0000000000000000 rbx=0x00000000000000cf rcx=0x000011a1000011a1 rdx=0x0000000000000000
  rsi=0x0000000000001a37 rdi=0x0000000000000c71 flags=0b000001000110
  xmm0=0x00002636000026360000dc500000dc50 xmm1=0x0000d6f80000d6f80000a0650000a065 
  xmm2=0x000024da000024da0000765d0000765d xmm3=0x00008847000088470000ea410000ea41 
  xmm4=0x0000510a0000510a000006bd000006bd xmm5=0x00000521000005210000a02e0000a02e 
  xmm6=0x00000cf200000cf20000d9cc0000d9cc xmm7=0x0000dd130000dd13000061c3000061c3 

    > load from +0x0 value 0xb53f
0xea: setp al
  rax=0x0000000000000000 rbx=0x00000000000000cf rcx=0x000011a1000011a1 rdx=0x0000000000000000
  rsi=0x0000000000001a37 rdi=0x0000000000000c71 flags=0b000001000110
  xmm0=0x00002636000026360000dc500000dc50 xmm1=0x0000d6f80000d6f80000a0650000a065 
  xmm2=0x000024da000024da0000765d0000765d xmm3=0x00008847000088470000ea410000ea41 
  xmm4=0x0000510a0000510a000006bd000006bd xmm5=0x00000521000005210000a02e0000a02e 
  xmm6=0x00000cf200000cf20000d9cc0000d9cc xmm7=0x0000dd130000dd13000061c3000061c3 

0xed: and rdx, 0b1111111111111
  rax=0x0000000000000001 rbx=0x00000000000000cf rcx=0x000011a1000011a1 rdx=0x0000000000000000
  rsi=0x0000000000001a37 rdi=0x0000000000000c71 flags=0b000001000110
  xmm0=0x00002636000026360000dc500000dc50 xmm1=0x0000d6f80000d6f80000a0650000a065 
  xmm2=0x000024da000024da0000765d0000765d xmm3=0x00008847000088470000ea410000ea41 
  xmm4=0x0000510a0000510a000006bd000006bd xmm5=0x00000521000005210000a02e0000a02e 
  xmm6=0x00000cf200000cf20000d9cc0000d9cc xmm7=0x0000dd130000dd13000061c3000061c3 

0xf4: cmp [r14 +rdx], cx
  rax=0x0000000000000001 rbx=0x00000000000000cf rcx=0x000011a1000011a1 rdx=0x0000000000000000
  rsi=0x0000000000001a37 rdi=0x0000000000000c71 flags=0b000001000110
  xmm0=0x00002636000026360000dc500000dc50 xmm1=0x0000d6f80000d6f80000a0650000a065 
  xmm2=0x000024da000024da0000765d0000765d xmm3=0x00008847000088470000ea410000ea41 
  xmm4=0x0000510a0000510a000006bd000006bd xmm5=0x00000521000005210000a02e0000a02e 
  xmm6=0x00000cf200000cf20000d9cc0000d9cc xmm7=0x0000dd130000dd13000061c3000061c3 

    > load from +0x0 value 0xb53f
0xf9: and rdi, 0b1111111111111
  rax=0x0000000000000001 rbx=0x00000000000000cf rcx=0x000011a1000011a1 rdx=0x0000000000000000
  rsi=0x0000000000001a37 rdi=0x0000000000000c71 flags=0b000010000010
  xmm0=0x00002636000026360000dc500000dc50 xmm1=0x0000d6f80000d6f80000a0650000a065 
  xmm2=0x000024da000024da0000765d0000765d xmm3=0x00008847000088470000ea410000ea41 
  xmm4=0x0000510a0000510a000006bd000006bd xmm5=0x00000521000005210000a02e0000a02e 
  xmm6=0x00000cf200000cf20000d9cc0000d9cc xmm7=0x0000dd130000dd13000061c3000061c3 

0x100: cmovs si, [r14 +rdi]
  rax=0x0000000000000001 rbx=0x00000000000000cf rcx=0x000011a1000011a1 rdx=0x0000000000000000
  rsi=0x0000000000001a37 rdi=0x0000000000000c71 flags=0b000000000110
  xmm0=0x00002636000026360000dc500000dc50 xmm1=0x0000d6f80000d6f80000a0650000a065 
  xmm2=0x000024da000024da0000765d0000765d xmm3=0x00008847000088470000ea410000ea41 
  xmm4=0x0000510a0000510a000006bd000006bd xmm5=0x00000521000005210000a02e0000a02e 
  xmm6=0x00000cf200000cf20000d9cc0000d9cc xmm7=0x0000dd130000dd13000061c3000061c3 

    > load from +0xc71 value 0xcf
0x106: and rbx, 0b1111111111111
  rax=0x0000000000000001 rbx=0x00000000000000cf rcx=0x000011a1000011a1 rdx=0x0000000000000000
  rsi=0x0000000000001a37 rdi=0x0000000000000c71 flags=0b000000000110
  xmm0=0x00002636000026360000dc500000dc50 xmm1=0x0000d6f80000d6f80000a0650000a065 
  xmm2=0x000024da000024da0000765d0000765d xmm3=0x00008847000088470000ea410000ea41 
  xmm4=0x0000510a0000510a000006bd000006bd xmm5=0x00000521000005210000a02e0000a02e 
  xmm6=0x00000cf200000cf20000d9cc0000d9cc xmm7=0x0000dd130000dd13000061c3000061c3 

0x10d: or [r14 +rbx], 0b1000000000000000000000000000000
  rax=0x0000000000000001 rbx=0x00000000000000cf rcx=0x000011a1000011a1 rdx=0x0000000000000000
  rsi=0x0000000000001a37 rdi=0x0000000000000c71 flags=0b000000000110
  xmm0=0x00002636000026360000dc500000dc50 xmm1=0x0000d6f80000d6f80000a0650000a065 
  xmm2=0x000024da000024da0000765d0000765d xmm3=0x00008847000088470000ea410000ea41 
  xmm4=0x0000510a0000510a000006bd000006bd xmm5=0x00000521000005210000a02e0000a02e 
  xmm6=0x00000cf200000cf20000d9cc0000d9cc xmm7=0x0000dd130000dd13000061c3000061c3 

    > load from +0xcf value 0x92c6000092c608
    > store to +0xcf value 0x92c6004092c608
0x115: bsf rax, [r14 +rbx]
  rax=0x0000000000000001 rbx=0x00000000000000cf rcx=0x000011a1000011a1 rdx=0x0000000000000000
  rsi=0x0000000000001a37 rdi=0x0000000000000c71 flags=0b000000000010
  xmm0=0x00002636000026360000dc500000dc50 xmm1=0x0000d6f80000d6f80000a0650000a065 
  xmm2=0x000024da000024da0000765d0000765d xmm3=0x00008847000088470000ea410000ea41 
  xmm4=0x0000510a0000510a000006bd000006bd xmm5=0x00000521000005210000a02e0000a02e 
  xmm6=0x00000cf200000cf20000d9cc0000d9cc xmm7=0x0000dd130000dd13000061c3000061c3 

    > load from +0xcf value 0x92c6004092c608
0x11a: add sil, -41
  rax=0x0000000000000003 rbx=0x00000000000000cf rcx=0x000011a1000011a1 rdx=0x0000000000000000
  rsi=0x0000000000001a37 rdi=0x0000000000000c71 flags=0b000000000010
  xmm0=0x00002636000026360000dc500000dc50 xmm1=0x0000d6f80000d6f80000a0650000a065 
  xmm2=0x000024da000024da0000765d0000765d xmm3=0x00008847000088470000ea410000ea41 
  xmm4=0x0000510a0000510a000006bd000006bd xmm5=0x00000521000005210000a02e0000a02e 
  xmm6=0x00000cf200000cf20000d9cc0000d9cc xmm7=0x0000dd130000dd13000061c3000061c3 

0x11e: clc 
  rax=0x0000000000000003 rbx=0x00000000000000cf rcx=0x000011a1000011a1 rdx=0x0000000000000000
  rsi=0x0000000000001a0e rdi=0x0000000000000c71 flags=0b000000000011
  xmm0=0x00002636000026360000dc500000dc50 xmm1=0x0000d6f80000d6f80000a0650000a065 
  xmm2=0x000024da000024da0000765d0000765d xmm3=0x00008847000088470000ea410000ea41 
  xmm4=0x0000510a0000510a000006bd000006bd xmm5=0x00000521000005210000a02e0000a02e 
  xmm6=0x00000cf200000cf20000d9cc0000d9cc xmm7=0x0000dd130000dd13000061c3000061c3 

0x11f: sets al
  rax=0x0000000000000003 rbx=0x00000000000000cf rcx=0x000011a1000011a1 rdx=0x0000000000000000
  rsi=0x0000000000001a0e rdi=0x0000000000000c71 flags=0b000000000010
  xmm0=0x00002636000026360000dc500000dc50 xmm1=0x0000d6f80000d6f80000a0650000a065 
  xmm2=0x000024da000024da0000765d0000765d xmm3=0x00008847000088470000ea410000ea41 
  xmm4=0x0000510a0000510a000006bd000006bd xmm5=0x00000521000005210000a02e0000a02e 
  xmm6=0x00000cf200000cf20000d9cc0000d9cc xmm7=0x0000dd130000dd13000061c3000061c3 

0x122: setb bl
  rax=0x0000000000000000 rbx=0x00000000000000cf rcx=0x000011a1000011a1 rdx=0x0000000000000000
  rsi=0x0000000000001a0e rdi=0x0000000000000c71 flags=0b000000000010
  xmm0=0x00002636000026360000dc500000dc50 xmm1=0x0000d6f80000d6f80000a0650000a065 
  xmm2=0x000024da000024da0000765d0000765d xmm3=0x00008847000088470000ea410000ea41 
  xmm4=0x0000510a0000510a000006bd000006bd xmm5=0x00000521000005210000a02e0000a02e 
  xmm6=0x00000cf200000cf20000d9cc0000d9cc xmm7=0x0000dd130000dd13000061c3000061c3 

0x125: and rdx, 0b1111111111111
  rax=0x0000000000000000 rbx=0x0000000000000000 rcx=0x000011a1000011a1 rdx=0x0000000000000000
  rsi=0x0000000000001a0e rdi=0x0000000000000c71 flags=0b000000000010
  xmm0=0x00002636000026360000dc500000dc50 xmm1=0x0000d6f80000d6f80000a0650000a065 
  xmm2=0x000024da000024da0000765d0000765d xmm3=0x00008847000088470000ea410000ea41 
  xmm4=0x0000510a0000510a000006bd000006bd xmm5=0x00000521000005210000a02e0000a02e 
  xmm6=0x00000cf200000cf20000d9cc0000d9cc xmm7=0x0000dd130000dd13000061c3000061c3 

0x12c: movsx ebx, [r14 +rdx]
  rax=0x0000000000000000 rbx=0x0000000000000000 rcx=0x000011a1000011a1 rdx=0x0000000000000000
  rsi=0x0000000000001a0e rdi=0x0000000000000c71 flags=0b000001000110
  xmm0=0x00002636000026360000dc500000dc50 xmm1=0x0000d6f80000d6f80000a0650000a065 
  xmm2=0x000024da000024da0000765d0000765d xmm3=0x00008847000088470000ea410000ea41 
  xmm4=0x0000510a0000510a000006bd000006bd xmm5=0x00000521000005210000a02e0000a02e 
  xmm6=0x00000cf200000cf20000d9cc0000d9cc xmm7=0x0000dd130000dd13000061c3000061c3 

    > load from +0x0 value 0x3f
0x131: or ecx, ebx
  rax=0x0000000000000000 rbx=0x000000000000003f rcx=0x000011a1000011a1 rdx=0x0000000000000000
  rsi=0x0000000000001a0e rdi=0x0000000000000c71 flags=0b000001000110
  xmm0=0x00002636000026360000dc500000dc50 xmm1=0x0000d6f80000d6f80000a0650000a065 
  xmm2=0x000024da000024da0000765d0000765d xmm3=0x00008847000088470000ea410000ea41 
  xmm4=0x0000510a0000510a000006bd000006bd xmm5=0x00000521000005210000a02e0000a02e 
  xmm6=0x00000cf200000cf20000d9cc0000d9cc xmm7=0x0000dd130000dd13000061c3000061c3 

0x133: and rsi, 0b1111111111111
  rax=0x0000000000000000 rbx=0x000000000000003f rcx=0x00000000000011bf rdx=0x0000000000000000
  rsi=0x0000000000001a0e rdi=0x0000000000000c71 flags=0b000000000010
  xmm0=0x00002636000026360000dc500000dc50 xmm1=0x0000d6f80000d6f80000a0650000a065 
  xmm2=0x000024da000024da0000765d0000765d xmm3=0x00008847000088470000ea410000ea41 
  xmm4=0x0000510a0000510a000006bd000006bd xmm5=0x00000521000005210000a02e0000a02e 
  xmm6=0x00000cf200000cf20000d9cc0000d9cc xmm7=0x0000dd130000dd13000061c3000061c3 

0x13a: cmovnp dx, [r14 +rsi]
  rax=0x0000000000000000 rbx=0x000000000000003f rcx=0x00000000000011bf rdx=0x0000000000000000
  rsi=0x0000000000001a0e rdi=0x0000000000000c71 flags=0b000000000010
  xmm0=0x00002636000026360000dc500000dc50 xmm1=0x0000d6f80000d6f80000a0650000a065 
  xmm2=0x000024da000024da0000765d0000765d xmm3=0x00008847000088470000ea410000ea41 
  xmm4=0x0000510a0000510a000006bd000006bd xmm5=0x00000521000005210000a02e0000a02e 
  xmm6=0x00000cf200000cf20000d9cc0000d9cc xmm7=0x0000dd130000dd13000061c3000061c3 

    > load from +0x1a0e value 0x0
0x140: and rdx, 0b1111111111111
  rax=0x0000000000000000 rbx=0x000000000000003f rcx=0x00000000000011bf rdx=0x0000000000000000
  rsi=0x0000000000001a0e rdi=0x0000000000000c71 flags=0b000000000010
  xmm0=0x00002636000026360000dc500000dc50 xmm1=0x0000d6f80000d6f80000a0650000a065 
  xmm2=0x000024da000024da0000765d0000765d xmm3=0x00008847000088470000ea410000ea41 
  xmm4=0x0000510a0000510a000006bd000006bd xmm5=0x00000521000005210000a02e0000a02e 
  xmm6=0x00000cf200000cf20000d9cc0000d9cc xmm7=0x0000dd130000dd13000061c3000061c3 

0x147: or [r14 +rdx], 1
  rax=0x0000000000000000 rbx=0x000000000000003f rcx=0x00000000000011bf rdx=0x0000000000000000
  rsi=0x0000000000001a0e rdi=0x0000000000000c71 flags=0b000001000110
  xmm0=0x00002636000026360000dc500000dc50 xmm1=0x0000d6f80000d6f80000a0650000a065 
  xmm2=0x000024da000024da0000765d0000765d xmm3=0x00008847000088470000ea410000ea41 
  xmm4=0x0000510a0000510a000006bd000006bd xmm5=0x00000521000005210000a02e0000a02e 
  xmm6=0x00000cf200000cf20000d9cc0000d9cc xmm7=0x0000dd130000dd13000061c3000061c3 

    > load from +0x0 value 0x3f
    > store to +0x0 value 0x3f
0x14c: and rcx, 0b1111111111111
  rax=0x0000000000000000 rbx=0x000000000000003f rcx=0x00000000000011bf rdx=0x0000000000000000
  rsi=0x0000000000001a0e rdi=0x0000000000000c71 flags=0b000000000110
  xmm0=0x00002636000026360000dc500000dc50 xmm1=0x0000d6f80000d6f80000a0650000a065 
  xmm2=0x000024da000024da0000765d0000765d xmm3=0x00008847000088470000ea410000ea41 
  xmm4=0x0000510a0000510a000006bd000006bd xmm5=0x00000521000005210000a02e0000a02e 
  xmm6=0x00000cf200000cf20000d9cc0000d9cc xmm7=0x0000dd130000dd13000061c3000061c3 

0x153: add al, [r14 +rcx]
  rax=0x0000000000000000 rbx=0x000000000000003f rcx=0x00000000000011bf rdx=0x0000000000000000
  rsi=0x0000000000001a0e rdi=0x0000000000000c71 flags=0b000000000010
  xmm0=0x00002636000026360000dc500000dc50 xmm1=0x0000d6f80000d6f80000a0650000a065 
  xmm2=0x000024da000024da0000765d0000765d xmm3=0x00008847000088470000ea410000ea41 
  xmm4=0x0000510a0000510a000006bd000006bd xmm5=0x00000521000005210000a02e0000a02e 
  xmm6=0x00000cf200000cf20000d9cc0000d9cc xmm7=0x0000dd130000dd13000061c3000061c3 

    > load from +0x11bf value 0x0
0x157: and rsi, 0b1111111111111
  rax=0x0000000000000000 rbx=0x000000000000003f rcx=0x00000000000011bf rdx=0x0000000000000000
  rsi=0x0000000000001a0e rdi=0x0000000000000c71 flags=0b000001000110
  xmm0=0x00002636000026360000dc500000dc50 xmm1=0x0000d6f80000d6f80000a0650000a065 
  xmm2=0x000024da000024da0000765d0000765d xmm3=0x00008847000088470000ea410000ea41 
  xmm4=0x0000510a0000510a000006bd000006bd xmm5=0x00000521000005210000a02e0000a02e 
  xmm6=0x00000cf200000cf20000d9cc0000d9cc xmm7=0x0000dd130000dd13000061c3000061c3 

0x15e: movzx ebx, [r14 +rsi]
  rax=0x0000000000000000 rbx=0x000000000000003f rcx=0x00000000000011bf rdx=0x0000000000000000
  rsi=0x0000000000001a0e rdi=0x0000000000000c71 flags=0b000000000010
  xmm0=0x00002636000026360000dc500000dc50 xmm1=0x0000d6f80000d6f80000a0650000a065 
  xmm2=0x000024da000024da0000765d0000765d xmm3=0x00008847000088470000ea410000ea41 
  xmm4=0x0000510a0000510a000006bd000006bd xmm5=0x00000521000005210000a02e0000a02e 
  xmm6=0x00000cf200000cf20000d9cc0000d9cc xmm7=0x0000dd130000dd13000061c3000061c3 

    > load from +0x1a0e value 0x0
0x163: and rbx, 0b1111111111111
  rax=0x0000000000000000 rbx=0x0000000000000000 rcx=0x00000000000011bf rdx=0x0000000000000000
  rsi=0x0000000000001a0e rdi=0x0000000000000c71 flags=0b000000000010
  xmm0=0x00002636000026360000dc500000dc50 xmm1=0x0000d6f80000d6f80000a0650000a065 
  xmm2=0x000024da000024da0000765d0000765d xmm3=0x00008847000088470000ea410000ea41 
  xmm4=0x0000510a0000510a000006bd000006bd xmm5=0x00000521000005210000a02e0000a02e 
  xmm6=0x00000cf200000cf20000d9cc0000d9cc xmm7=0x0000dd130000dd13000061c3000061c3 

0x16a: and rbx, [r14 +rbx]
  rax=0x0000000000000000 rbx=0x0000000000000000 rcx=0x00000000000011bf rdx=0x0000000000000000
  rsi=0x0000000000001a0e rdi=0x0000000000000c71 flags=0b000001000110
  xmm0=0x00002636000026360000dc500000dc50 xmm1=0x0000d6f80000d6f80000a0650000a065 
  xmm2=0x000024da000024da0000765d0000765d xmm3=0x00008847000088470000ea410000ea41 
  xmm4=0x0000510a0000510a000006bd000006bd xmm5=0x00000521000005210000a02e0000a02e 
  xmm6=0x00000cf200000cf20000d9cc0000d9cc xmm7=0x0000dd130000dd13000061c3000061c3 

    > load from +0x0 value 0xb53f0000b53f
0x16e: cbw 
  rax=0x0000000000000000 rbx=0x0000000000000000 rcx=0x00000000000011bf rdx=0x0000000000000000
  rsi=0x0000000000001a0e rdi=0x0000000000000c71 flags=0b000001000110
  xmm0=0x00002636000026360000dc500000dc50 xmm1=0x0000d6f80000d6f80000a0650000a065 
  xmm2=0x000024da000024da0000765d0000765d xmm3=0x00008847000088470000ea410000ea41 
  xmm4=0x0000510a0000510a000006bd000006bd xmm5=0x00000521000005210000a02e0000a02e 
  xmm6=0x00000cf200000cf20000d9cc0000d9cc xmm7=0x0000dd130000dd13000061c3000061c3 

0x170: setnb cl
  rax=0x0000000000000000 rbx=0x0000000000000000 rcx=0x00000000000011bf rdx=0x0000000000000000
  rsi=0x0000000000001a0e rdi=0x0000000000000c71 flags=0b000001000110
  xmm0=0x00002636000026360000dc500000dc50 xmm1=0x0000d6f80000d6f80000a0650000a065 
  xmm2=0x000024da000024da0000765d0000765d xmm3=0x00008847000088470000ea410000ea41 
  xmm4=0x0000510a0000510a000006bd000006bd xmm5=0x00000521000005210000a02e0000a02e 
  xmm6=0x00000cf200000cf20000d9cc0000d9cc xmm7=0x0000dd130000dd13000061c3000061c3 

0x173: and rcx, 0b1111111111111
  rax=0x0000000000000000 rbx=0x0000000000000000 rcx=0x0000000000001101 rdx=0x0000000000000000
  rsi=0x0000000000001a0e rdi=0x0000000000000c71 flags=0b000001000110
  xmm0=0x00002636000026360000dc500000dc50 xmm1=0x0000d6f80000d6f80000a0650000a065 
  xmm2=0x000024da000024da0000765d0000765d xmm3=0x00008847000088470000ea410000ea41 
  xmm4=0x0000510a0000510a000006bd000006bd xmm5=0x00000521000005210000a02e0000a02e 
  xmm6=0x00000cf200000cf20000d9cc0000d9cc xmm7=0x0000dd130000dd13000061c3000061c3 

0x17a: test [r14 +rcx], -2105633054
  rax=0x0000000000000000 rbx=0x0000000000000000 rcx=0x0000000000001101 rdx=0x0000000000000000
  rsi=0x0000000000001a0e rdi=0x0000000000000c71 flags=0b000000000010
  xmm0=0x00002636000026360000dc500000dc50 xmm1=0x0000d6f80000d6f80000a0650000a065 
  xmm2=0x000024da000024da0000765d0000765d xmm3=0x00008847000088470000ea410000ea41 
  xmm4=0x0000510a0000510a000006bd000006bd xmm5=0x00000521000005210000a02e0000a02e 
  xmm6=0x00000cf200000cf20000d9cc0000d9cc xmm7=0x0000dd130000dd13000061c3000061c3 

    > load from +0x1101 value 0xd80000d1
0x182: and rsi, 0b1111111111111
  rax=0x0000000000000000 rbx=0x0000000000000000 rcx=0x0000000000001101 rdx=0x0000000000000000
  rsi=0x0000000000001a0e rdi=0x0000000000000c71 flags=0b000010000110
  xmm0=0x00002636000026360000dc500000dc50 xmm1=0x0000d6f80000d6f80000a0650000a065 
  xmm2=0x000024da000024da0000765d0000765d xmm3=0x00008847000088470000ea410000ea41 
  xmm4=0x0000510a0000510a000006bd000006bd xmm5=0x00000521000005210000a02e0000a02e 
  xmm6=0x00000cf200000cf20000d9cc0000d9cc xmm7=0x0000dd130000dd13000061c3000061c3 

0x189: sub rcx, [r14 +rsi]
  rax=0x0000000000000000 rbx=0x0000000000000000 rcx=0x0000000000001101 rdx=0x0000000000000000
  rsi=0x0000000000001a0e rdi=0x0000000000000c71 flags=0b000000000010
  xmm0=0x00002636000026360000dc500000dc50 xmm1=0x0000d6f80000d6f80000a0650000a065 
  xmm2=0x000024da000024da0000765d0000765d xmm3=0x00008847000088470000ea410000ea41 
  xmm4=0x0000510a0000510a000006bd000006bd xmm5=0x00000521000005210000a02e0000a02e 
  xmm6=0x00000cf200000cf20000d9cc0000d9cc xmm7=0x0000dd130000dd13000061c3000061c3 

    > load from +0x1a0e value 0x1567000015670000
0x18d: and rbx, 0b1111111111111
  rax=0x0000000000000000 rbx=0x0000000000000000 rcx=0xea98ffffea991101 rdx=0x0000000000000000
  rsi=0x0000000000001a0e rdi=0x0000000000000c71 flags=0b000010000011
  xmm0=0x00002636000026360000dc500000dc50 xmm1=0x0000d6f80000d6f80000a0650000a065 
  xmm2=0x000024da000024da0000765d0000765d xmm3=0x00008847000088470000ea410000ea41 
  xmm4=0x0000510a0000510a000006bd000006bd xmm5=0x00000521000005210000a02e0000a02e 
  xmm6=0x00000cf200000cf20000d9cc0000d9cc xmm7=0x0000dd130000dd13000061c3000061c3 

0x194: add sil, [r14 +rbx]
  rax=0x0000000000000000 rbx=0x0000000000000000 rcx=0xea98ffffea991101 rdx=0x0000000000000000
  rsi=0x0000000000001a0e rdi=0x0000000000000c71 flags=0b000001000110
  xmm0=0x00002636000026360000dc500000dc50 xmm1=0x0000d6f80000d6f80000a0650000a065 
  xmm2=0x000024da000024da0000765d0000765d xmm3=0x00008847000088470000ea410000ea41 
  xmm4=0x0000510a0000510a000006bd000006bd xmm5=0x00000521000005210000a02e0000a02e 
  xmm6=0x00000cf200000cf20000d9cc0000d9cc xmm7=0x0000dd130000dd13000061c3000061c3 

    > load from +0x0 value 0x3f
0x198: and rcx, 0b1111111111111
  rax=0x0000000000000000 rbx=0x0000000000000000 rcx=0xea98ffffea991101 rdx=0x0000000000000000
  rsi=0x0000000000001a4d rdi=0x0000000000000c71 flags=0b000000010110
  xmm0=0x00002636000026360000dc500000dc50 xmm1=0x0000d6f80000d6f80000a0650000a065 
  xmm2=0x000024da000024da0000765d0000765d xmm3=0x00008847000088470000ea410000ea41 
  xmm4=0x0000510a0000510a000006bd000006bd xmm5=0x00000521000005210000a02e0000a02e 
  xmm6=0x00000cf200000cf20000d9cc0000d9cc xmm7=0x0000dd130000dd13000061c3000061c3 

0x19f: test [r14 +rcx], al
  rax=0x0000000000000000 rbx=0x0000000000000000 rcx=0x0000000000001101 rdx=0x0000000000000000
  rsi=0x0000000000001a4d rdi=0x0000000000000c71 flags=0b000000000010
  xmm0=0x00002636000026360000dc500000dc50 xmm1=0x0000d6f80000d6f80000a0650000a065 
  xmm2=0x000024da000024da0000765d0000765d xmm3=0x00008847000088470000ea410000ea41 
  xmm4=0x0000510a0000510a000006bd000006bd xmm5=0x00000521000005210000a02e0000a02e 
  xmm6=0x00000cf200000cf20000d9cc0000d9cc xmm7=0x0000dd130000dd13000061c3000061c3 

    > load from +0x1101 value 0xd1
0x1a3: and rcx, 0b1111111111111
  rax=0x0000000000000000 rbx=0x0000000000000000 rcx=0x0000000000001101 rdx=0x0000000000000000
  rsi=0x0000000000001a4d rdi=0x0000000000000c71 flags=0b000001000110
  xmm0=0x00002636000026360000dc500000dc50 xmm1=0x0000d6f80000d6f80000a0650000a065 
  xmm2=0x000024da000024da0000765d0000765d xmm3=0x00008847000088470000ea410000ea41 
  xmm4=0x0000510a0000510a000006bd000006bd xmm5=0x00000521000005210000a02e0000a02e 
  xmm6=0x00000cf200000cf20000d9cc0000d9cc xmm7=0x0000dd130000dd13000061c3000061c3 

0x1aa: nop [r14 +rcx]
  rax=0x0000000000000000 rbx=0x0000000000000000 rcx=0x0000000000001101 rdx=0x0000000000000000
  rsi=0x0000000000001a4d rdi=0x0000000000000c71 flags=0b000000000010
  xmm0=0x00002636000026360000dc500000dc50 xmm1=0x0000d6f80000d6f80000a0650000a065 
  xmm2=0x000024da000024da0000765d0000765d xmm3=0x00008847000088470000ea410000ea41 
  xmm4=0x0000510a0000510a000006bd000006bd xmm5=0x00000521000005210000a02e0000a02e 
  xmm6=0x00000cf200000cf20000d9cc0000d9cc xmm7=0x0000dd130000dd13000061c3000061c3 

0x1b0: and rdx, 0b1111111111111
  rax=0x0000000000000000 rbx=0x0000000000000000 rcx=0x0000000000001101 rdx=0x0000000000000000
  rsi=0x0000000000001a4d rdi=0x0000000000000c71 flags=0b000000000010
  xmm0=0x00002636000026360000dc500000dc50 xmm1=0x0000d6f80000d6f80000a0650000a065 
  xmm2=0x000024da000024da0000765d0000765d xmm3=0x00008847000088470000ea410000ea41 
  xmm4=0x0000510a0000510a000006bd000006bd xmm5=0x00000521000005210000a02e0000a02e 
  xmm6=0x00000cf200000cf20000d9cc0000d9cc xmm7=0x0000dd130000dd13000061c3000061c3 

0x1b7: movzx rsi, [r14 +rdx]
  rax=0x0000000000000000 rbx=0x0000000000000000 rcx=0x0000000000001101 rdx=0x0000000000000000
  rsi=0x0000000000001a4d rdi=0x0000000000000c71 flags=0b000001000110
  xmm0=0x00002636000026360000dc500000dc50 xmm1=0x0000d6f80000d6f80000a0650000a065 
  xmm2=0x000024da000024da0000765d0000765d xmm3=0x00008847000088470000ea410000ea41 
  xmm4=0x0000510a0000510a000006bd000006bd xmm5=0x00000521000005210000a02e0000a02e 
  xmm6=0x00000cf200000cf20000d9cc0000d9cc xmm7=0x0000dd130000dd13000061c3000061c3 

    > load from +0x0 value 0xb53f
0x1bc: and rax, 0b1111111111111
  rax=0x0000000000000000 rbx=0x0000000000000000 rcx=0x0000000000001101 rdx=0x0000000000000000
  rsi=0x000000000000b53f rdi=0x0000000000000c71 flags=0b000001000110
  xmm0=0x00002636000026360000dc500000dc50 xmm1=0x0000d6f80000d6f80000a0650000a065 
  xmm2=0x000024da000024da0000765d0000765d xmm3=0x00008847000088470000ea410000ea41 
  xmm4=0x0000510a0000510a000006bd000006bd xmm5=0x00000521000005210000a02e0000a02e 
  xmm6=0x00000cf200000cf20000d9cc0000d9cc xmm7=0x0000dd130000dd13000061c3000061c3 

0x1c2: mov rax, [r14 +rax]
  rax=0x0000000000000000 rbx=0x0000000000000000 rcx=0x0000000000001101 rdx=0x0000000000000000
  rsi=0x000000000000b53f rdi=0x0000000000000c71 flags=0b000001000110
  xmm0=0x00002636000026360000dc500000dc50 xmm1=0x0000d6f80000d6f80000a0650000a065 
  xmm2=0x000024da000024da0000765d0000765d xmm3=0x00008847000088470000ea410000ea41 
  xmm4=0x0000510a0000510a000006bd000006bd xmm5=0x00000521000005210000a02e0000a02e 
  xmm6=0x00000cf200000cf20000d9cc0000d9cc xmm7=0x0000dd130000dd13000061c3000061c3 

    > load from +0x0 value 0xb53f0000b53f
0x1c6: and rax, 0b1111111111111
  rax=0x0000b53f0000b53f rbx=0x0000000000000000 rcx=0x0000000000001101 rdx=0x0000000000000000
  rsi=0x000000000000b53f rdi=0x0000000000000c71 flags=0b000001000110
  xmm0=0x00002636000026360000dc500000dc50 xmm1=0x0000d6f80000d6f80000a0650000a065 
  xmm2=0x000024da000024da0000765d0000765d xmm3=0x00008847000088470000ea410000ea41 
  xmm4=0x0000510a0000510a000006bd000006bd xmm5=0x00000521000005210000a02e0000a02e 
  xmm6=0x00000cf200000cf20000d9cc0000d9cc xmm7=0x0000dd130000dd13000061c3000061c3 

0x1cc: cmp ecx, [r14 +rax]
  rax=0x000000000000153f rbx=0x0000000000000000 rcx=0x0000000000001101 rdx=0x0000000000000000
  rsi=0x000000000000b53f rdi=0x0000000000000c71 flags=0b000000000110
  xmm0=0x00002636000026360000dc500000dc50 xmm1=0x0000d6f80000d6f80000a0650000a065 
  xmm2=0x000024da000024da0000765d0000765d xmm3=0x00008847000088470000ea410000ea41 
  xmm4=0x0000510a0000510a000006bd000006bd xmm5=0x00000521000005210000a02e0000a02e 
  xmm6=0x00000cf200000cf20000d9cc0000d9cc xmm7=0x0000dd130000dd13000061c3000061c3 

    > load from +0x153f value 0xd66300
0x1d0: imul edi, ecx, 59
  rax=0x000000000000153f rbx=0x0000000000000000 rcx=0x0000000000001101 rdx=0x0000000000000000
  rsi=0x000000000000b53f rdi=0x0000000000000c71 flags=0b000010000011
  xmm0=0x00002636000026360000dc500000dc50 xmm1=0x0000d6f80000d6f80000a0650000a065 
  xmm2=0x000024da000024da0000765d0000765d xmm3=0x00008847000088470000ea410000ea41 
  xmm4=0x0000510a0000510a000006bd000006bd xmm5=0x00000521000005210000a02e0000a02e 
  xmm6=0x00000cf200000cf20000d9cc0000d9cc xmm7=0x0000dd130000dd13000061c3000061c3 

0x1d3: and rdx, 0b1111111111111
  rax=0x000000000000153f rbx=0x0000000000000000 rcx=0x0000000000001101 rdx=0x0000000000000000
  rsi=0x000000000000b53f rdi=0x000000000003eb3b flags=0b000000000010
  xmm0=0x00002636000026360000dc500000dc50 xmm1=0x0000d6f80000d6f80000a0650000a065 
  xmm2=0x000024da000024da0000765d0000765d xmm3=0x00008847000088470000ea410000ea41 
  xmm4=0x0000510a0000510a000006bd000006bd xmm5=0x00000521000005210000a02e0000a02e 
  xmm6=0x00000cf200000cf20000d9cc0000d9cc xmm7=0x0000dd130000dd13000061c3000061c3 

0x1da: adc cl, [r14 +rdx]
  rax=0x000000000000153f rbx=0x0000000000000000 rcx=0x0000000000001101 rdx=0x0000000000000000
  rsi=0x000000000000b53f rdi=0x000000000003eb3b flags=0b000001000110
  xmm0=0x00002636000026360000dc500000dc50 xmm1=0x0000d6f80000d6f80000a0650000a065 
  xmm2=0x000024da000024da0000765d0000765d xmm3=0x00008847000088470000ea410000ea41 
  xmm4=0x0000510a0000510a000006bd000006bd xmm5=0x00000521000005210000a02e0000a02e 
  xmm6=0x00000cf200000cf20000d9cc0000d9cc xmm7=0x0000dd130000dd13000061c3000061c3 

    > load from +0x0 value 0x3f
0x1de: and rdi, 0b1111111111111
  rax=0x000000000000153f rbx=0x0000000000000000 rcx=0x0000000000001140 rdx=0x0000000000000000
  rsi=0x000000000000b53f rdi=0x000000000003eb3b flags=0b000000010010
  xmm0=0x00002636000026360000dc500000dc50 xmm1=0x0000d6f80000d6f80000a0650000a065 
  xmm2=0x000024da000024da0000765d0000765d xmm3=0x00008847000088470000ea410000ea41 
  xmm4=0x0000510a0000510a000006bd000006bd xmm5=0x00000521000005210000a02e0000a02e 
  xmm6=0x00000cf200000cf20000d9cc0000d9cc xmm7=0x0000dd130000dd13000061c3000061c3 

0x1e5: cmovnp rbx, [r14 +rdi]
  rax=0x000000000000153f rbx=0x0000000000000000 rcx=0x0000000000001140 rdx=0x0000000000000000
  rsi=0x000000000000b53f rdi=0x0000000000000b3b flags=0b000000000010
  xmm0=0x00002636000026360000dc500000dc50 xmm1=0x0000d6f80000d6f80000a0650000a065 
  xmm2=0x000024da000024da0000765d0000765d xmm3=0x00008847000088470000ea410000ea41 
  xmm4=0x0000510a0000510a000006bd000006bd xmm5=0x00000521000005210000a02e0000a02e 
  xmm6=0x00000cf200000cf20000d9cc0000d9cc xmm7=0x0000dd130000dd13000061c3000061c3 

    > load from +0xb3b value 0xeb2400009b2d00
0x1ea: and rsi, 0b1111111111111
  rax=0x000000000000153f rbx=0x00eb2400009b2d00 rcx=0x0000000000001140 rdx=0x0000000000000000
  rsi=0x000000000000b53f rdi=0x0000000000000b3b flags=0b000000000010
  xmm0=0x00002636000026360000dc500000dc50 xmm1=0x0000d6f80000d6f80000a0650000a065 
  xmm2=0x000024da000024da0000765d0000765d xmm3=0x00008847000088470000ea410000ea41 
  xmm4=0x0000510a0000510a000006bd000006bd xmm5=0x00000521000005210000a02e0000a02e 
  xmm6=0x00000cf200000cf20000d9cc0000d9cc xmm7=0x0000dd130000dd13000061c3000061c3 

0x1f1: cmovnp rdi, [r14 +rsi]
  rax=0x000000000000153f rbx=0x00eb2400009b2d00 rcx=0x0000000000001140 rdx=0x0000000000000000
  rsi=0x000000000000153f rdi=0x0000000000000b3b flags=0b000000000110
  xmm0=0x00002636000026360000dc500000dc50 xmm1=0x0000d6f80000d6f80000a0650000a065 
  xmm2=0x000024da000024da0000765d0000765d xmm3=0x00008847000088470000ea410000ea41 
  xmm4=0x0000510a0000510a000006bd000006bd xmm5=0x00000521000005210000a02e0000a02e 
  xmm6=0x00000cf200000cf20000d9cc0000d9cc xmm7=0x0000dd130000dd13000061c3000061c3 

    > load from +0x153f value 0xd6630000d66300
0x1f6: and rbx, 0b1111111111111
  rax=0x000000000000153f rbx=0x00eb2400009b2d00 rcx=0x0000000000001140 rdx=0x0000000000000000
  rsi=0x000000000000153f rdi=0x0000000000000b3b flags=0b000000000110
  xmm0=0x00002636000026360000dc500000dc50 xmm1=0x0000d6f80000d6f80000a0650000a065 
  xmm2=0x000024da000024da0000765d0000765d xmm3=0x00008847000088470000ea410000ea41 
  xmm4=0x0000510a0000510a000006bd000006bd xmm5=0x00000521000005210000a02e0000a02e 
  xmm6=0x00000cf200000cf20000d9cc0000d9cc xmm7=0x0000dd130000dd13000061c3000061c3 

0x1fd: cmovl edi, [r14 +rbx]
  rax=0x000000000000153f rbx=0x0000000000000d00 rcx=0x0000000000001140 rdx=0x0000000000000000
  rsi=0x000000000000153f rdi=0x0000000000000b3b flags=0b000000000110
  xmm0=0x00002636000026360000dc500000dc50 xmm1=0x0000d6f80000d6f80000a0650000a065 
  xmm2=0x000024da000024da0000765d0000765d xmm3=0x00008847000088470000ea410000ea41 
  xmm4=0x0000510a0000510a000006bd000006bd xmm5=0x00000521000005210000a02e0000a02e 
  xmm6=0x00000cf200000cf20000d9cc0000d9cc xmm7=0x0000dd130000dd13000061c3000061c3 

    > load from +0xd00 value 0xcf26
0x202: sub al, cl
  rax=0x000000000000153f rbx=0x0000000000000d00 rcx=0x0000000000001140 rdx=0x0000000000000000
  rsi=0x000000000000153f rdi=0x0000000000000b3b flags=0b000000000110
  xmm0=0x00002636000026360000dc500000dc50 xmm1=0x0000d6f80000d6f80000a0650000a065 
  xmm2=0x000024da000024da0000765d0000765d xmm3=0x00008847000088470000ea410000ea41 
  xmm4=0x0000510a0000510a000006bd000006bd xmm5=0x00000521000005210000a02e0000a02e 
  xmm6=0x00000cf200000cf20000d9cc0000d9cc xmm7=0x0000dd130000dd13000061c3000061c3 

0x204: and rbx, 0b1111111111111
  rax=0x00000000000015ff rbx=0x0000000000000d00 rcx=0x0000000000001140 rdx=0x0000000000000000
  rsi=0x000000000000153f rdi=0x0000000000000b3b flags=0b000010000111
  xmm0=0x00002636000026360000dc500000dc50 xmm1=0x0000d6f80000d6f80000a0650000a065 
  xmm2=0x000024da000024da0000765d0000765d xmm3=0x00008847000088470000ea410000ea41 
  xmm4=0x0000510a0000510a000006bd000006bd xmm5=0x00000521000005210000a02e0000a02e 
  xmm6=0x00000cf200000cf20000d9cc0000d9cc xmm7=0x0000dd130000dd13000061c3000061c3 

0x20b: sbb edx, [r14 +rbx]
  rax=0x00000000000015ff rbx=0x0000000000000d00 rcx=0x0000000000001140 rdx=0x0000000000000000
  rsi=0x000000000000153f rdi=0x0000000000000b3b flags=0b000000000110
  xmm0=0x00002636000026360000dc500000dc50 xmm1=0x0000d6f80000d6f80000a0650000a065 
  xmm2=0x000024da000024da0000765d0000765d xmm3=0x00008847000088470000ea410000ea41 
  xmm4=0x0000510a0000510a000006bd000006bd xmm5=0x00000521000005210000a02e0000a02e 
  xmm6=0x00000cf200000cf20000d9cc0000d9cc xmm7=0x0000dd130000dd13000061c3000061c3 

    > load from +0xd00 value 0xcf26
0x20f: and rdx, 0b1111111111111
  rax=0x00000000000015ff rbx=0x0000000000000d00 rcx=0x0000000000001140 rdx=0x00000000ffff30da
  rsi=0x000000000000153f rdi=0x0000000000000b3b flags=0b000010010011
  xmm0=0x00002636000026360000dc500000dc50 xmm1=0x0000d6f80000d6f80000a0650000a065 
  xmm2=0x000024da000024da0000765d0000765d xmm3=0x00008847000088470000ea410000ea41 
  xmm4=0x0000510a0000510a000006bd000006bd xmm5=0x00000521000005210000a02e0000a02e 
  xmm6=0x00000cf200000cf20000d9cc0000d9cc xmm7=0x0000dd130000dd13000061c3000061c3 

0x216: xor edx, [r14 +rdx]
  rax=0x00000000000015ff rbx=0x0000000000000d00 rcx=0x0000000000001140 rdx=0x00000000000010da
  rsi=0x000000000000153f rdi=0x0000000000000b3b flags=0b000000000010
  xmm0=0x00002636000026360000dc500000dc50 xmm1=0x0000d6f80000d6f80000a0650000a065 
  xmm2=0x000024da000024da0000765d0000765d xmm3=0x00008847000088470000ea410000ea41 
  xmm4=0x0000510a0000510a000006bd000006bd xmm5=0x00000521000005210000a02e0000a02e 
  xmm6=0x00000cf200000cf20000d9cc0000d9cc xmm7=0x0000dd130000dd13000061c3000061c3 

    > load from +0x10da value 0x111d0000
0x21a: cmp rsi, rax
  rax=0x00000000000015ff rbx=0x0000000000000d00 rcx=0x0000000000001140 rdx=0x00000000111d10da
  rsi=0x000000000000153f rdi=0x0000000000000b3b flags=0b000000000010
  xmm0=0x00002636000026360000dc500000dc50 xmm1=0x0000d6f80000d6f80000a0650000a065 
  xmm2=0x000024da000024da0000765d0000765d xmm3=0x00008847000088470000ea410000ea41 
  xmm4=0x0000510a0000510a000006bd000006bd xmm5=0x00000521000005210000a02e0000a02e 
  xmm6=0x00000cf200000cf20000d9cc0000d9cc xmm7=0x0000dd130000dd13000061c3000061c3 

0x21d: inc eax
  rax=0x00000000000015ff rbx=0x0000000000000d00 rcx=0x0000000000001140 rdx=0x00000000111d10da
  rsi=0x000000000000153f rdi=0x0000000000000b3b flags=0b000010000011
  xmm0=0x00002636000026360000dc500000dc50 xmm1=0x0000d6f80000d6f80000a0650000a065 
  xmm2=0x000024da000024da0000765d0000765d xmm3=0x00008847000088470000ea410000ea41 
  xmm4=0x0000510a0000510a000006bd000006bd xmm5=0x00000521000005210000a02e0000a02e 
  xmm6=0x00000cf200000cf20000d9cc0000d9cc xmm7=0x0000dd130000dd13000061c3000061c3 

0x21f: and rsi, 0b1111111111111
  rax=0x0000000000001600 rbx=0x0000000000000d00 rcx=0x0000000000001140 rdx=0x00000000111d10da
  rsi=0x000000000000153f rdi=0x0000000000000b3b flags=0b000000010111
  xmm0=0x00002636000026360000dc500000dc50 xmm1=0x0000d6f80000d6f80000a0650000a065 
  xmm2=0x000024da000024da0000765d0000765d xmm3=0x00008847000088470000ea410000ea41 
  xmm4=0x0000510a0000510a000006bd000006bd xmm5=0x00000521000005210000a02e0000a02e 
  xmm6=0x00000cf200000cf20000d9cc0000d9cc xmm7=0x0000dd130000dd13000061c3000061c3 

0x226: cmp [r14 +rsi], -25
  rax=0x0000000000001600 rbx=0x0000000000000d00 rcx=0x0000000000001140 rdx=0x00000000111d10da
  rsi=0x000000000000153f rdi=0x0000000000000b3b flags=0b000000000110
  xmm0=0x00002636000026360000dc500000dc50 xmm1=0x0000d6f80000d6f80000a0650000a065 
  xmm2=0x000024da000024da0000765d0000765d xmm3=0x00008847000088470000ea410000ea41 
  xmm4=0x0000510a0000510a000006bd000006bd xmm5=0x00000521000005210000a02e0000a02e 
  xmm6=0x00000cf200000cf20000d9cc0000d9cc xmm7=0x0000dd130000dd13000061c3000061c3 

    > load from +0x153f value 0xd6630000d66300
0x22b: and rcx, 0b1111111111111
  rax=0x0000000000001600 rbx=0x0000000000000d00 rcx=0x0000000000001140 rdx=0x00000000111d10da
  rsi=0x000000000000153f rdi=0x0000000000000b3b flags=0b000000010011
  xmm0=0x00002636000026360000dc500000dc50 xmm1=0x0000d6f80000d6f80000a0650000a065 
  xmm2=0x000024da000024da0000765d0000765d xmm3=0x00008847000088470000ea410000ea41 
  xmm4=0x0000510a0000510a000006bd000006bd xmm5=0x00000521000005210000a02e0000a02e 
  xmm6=0x00000cf200000cf20000d9cc0000d9cc xmm7=0x0000dd130000dd13000061c3000061c3 

0x232: cmovz si, [r14 +rcx]
  rax=0x0000000000001600 rbx=0x0000000000000d00 rcx=0x0000000000001140 rdx=0x00000000111d10da
  rsi=0x000000000000153f rdi=0x0000000000000b3b flags=0b000000000010
  xmm0=0x00002636000026360000dc500000dc50 xmm1=0x0000d6f80000d6f80000a0650000a065 
  xmm2=0x000024da000024da0000765d0000765d xmm3=0x00008847000088470000ea410000ea41 
  xmm4=0x0000510a0000510a000006bd000006bd xmm5=0x00000521000005210000a02e0000a02e 
  xmm6=0x00000cf200000cf20000d9cc0000d9cc xmm7=0x0000dd130000dd13000061c3000061c3 

    > load from +0x1140 value 0xd34c
0x238: and rdi, 0b1111111111111
  rax=0x0000000000001600 rbx=0x0000000000000d00 rcx=0x0000000000001140 rdx=0x00000000111d10da
  rsi=0x000000000000153f rdi=0x0000000000000b3b flags=0b000000000010
  xmm0=0x00002636000026360000dc500000dc50 xmm1=0x0000d6f80000d6f80000a0650000a065 
  xmm2=0x000024da000024da0000765d0000765d xmm3=0x00008847000088470000ea410000ea41 
  xmm4=0x0000510a0000510a000006bd000006bd xmm5=0x00000521000005210000a02e0000a02e 
  xmm6=0x00000cf200000cf20000d9cc0000d9cc xmm7=0x0000dd130000dd13000061c3000061c3 

0x23f: cmovp di, [r14 +rdi]
  rax=0x0000000000001600 rbx=0x0000000000000d00 rcx=0x0000000000001140 rdx=0x00000000111d10da
  rsi=0x000000000000153f rdi=0x0000000000000b3b flags=0b000000000010
  xmm0=0x00002636000026360000dc500000dc50 xmm1=0x0000d6f80000d6f80000a0650000a065 
  xmm2=0x000024da000024da0000765d0000765d xmm3=0x00008847000088470000ea410000ea41 
  xmm4=0x0000510a0000510a000006bd000006bd xmm5=0x00000521000005210000a02e0000a02e 
  xmm6=0x00000cf200000cf20000d9cc0000d9cc xmm7=0x0000dd130000dd13000061c3000061c3 

    > load from +0xb3b value 0x2d00
0x245: cmovnbe ax, si
  rax=0x0000000000001600 rbx=0x0000000000000d00 rcx=0x0000000000001140 rdx=0x00000000111d10da
  rsi=0x000000000000153f rdi=0x0000000000000b3b flags=0b000000000010
  xmm0=0x00002636000026360000dc500000dc50 xmm1=0x0000d6f80000d6f80000a0650000a065 
  xmm2=0x000024da000024da0000765d0000765d xmm3=0x00008847000088470000ea410000ea41 
  xmm4=0x0000510a0000510a000006bd000006bd xmm5=0x00000521000005210000a02e0000a02e 
  xmm6=0x00000cf200000cf20000d9cc0000d9cc xmm7=0x0000dd130000dd13000061c3000061c3 

0x249: and rbx, 0b1111111111111
  rax=0x000000000000153f rbx=0x0000000000000d00 rcx=0x0000000000001140 rdx=0x00000000111d10da
  rsi=0x000000000000153f rdi=0x0000000000000b3b flags=0b000000000010
  xmm0=0x00002636000026360000dc500000dc50 xmm1=0x0000d6f80000d6f80000a0650000a065 
  xmm2=0x000024da000024da0000765d0000765d xmm3=0x00008847000088470000ea410000ea41 
  xmm4=0x0000510a0000510a000006bd000006bd xmm5=0x00000521000005210000a02e0000a02e 
  xmm6=0x00000cf200000cf20000d9cc0000d9cc xmm7=0x0000dd130000dd13000061c3000061c3 

0x250: movzx rax, [r14 +rbx]
  rax=0x000000000000153f rbx=0x0000000000000d00 rcx=0x0000000000001140 rdx=0x00000000111d10da
  rsi=0x000000000000153f rdi=0x0000000000000b3b flags=0b000000000110
  xmm0=0x00002636000026360000dc500000dc50 xmm1=0x0000d6f80000d6f80000a0650000a065 
  xmm2=0x000024da000024da0000765d0000765d xmm3=0x00008847000088470000ea410000ea41 
  xmm4=0x0000510a0000510a000006bd000006bd xmm5=0x00000521000005210000a02e0000a02e 
  xmm6=0x00000cf200000cf20000d9cc0000d9cc xmm7=0x0000dd130000dd13000061c3000061c3 

    > load from +0xd00 value 0xcf26
0x255: bts edi, 33
  rax=0x000000000000cf26 rbx=0x0000000000000d00 rcx=0x0000000000001140 rdx=0x00000000111d10da
  rsi=0x000000000000153f rdi=0x0000000000000b3b flags=0b000000000110
  xmm0=0x00002636000026360000dc500000dc50 xmm1=0x0000d6f80000d6f80000a0650000a065 
  xmm2=0x000024da000024da0000765d0000765d xmm3=0x00008847000088470000ea410000ea41 
  xmm4=0x0000510a0000510a000006bd000006bd xmm5=0x00000521000005210000a02e0000a02e 
  xmm6=0x00000cf200000cf20000d9cc0000d9cc xmm7=0x0000dd130000dd13000061c3000061c3 

0x259: and rdx, 0b1111111111111
  rax=0x000000000000cf26 rbx=0x0000000000000d00 rcx=0x0000000000001140 rdx=0x00000000111d10da
  rsi=0x000000000000153f rdi=0x0000000000000b3b flags=0b000000000111
  xmm0=0x00002636000026360000dc500000dc50 xmm1=0x0000d6f80000d6f80000a0650000a065 
  xmm2=0x000024da000024da0000765d0000765d xmm3=0x00008847000088470000ea410000ea41 
  xmm4=0x0000510a0000510a000006bd000006bd xmm5=0x00000521000005210000a02e0000a02e 
  xmm6=0x00000cf200000cf20000d9cc0000d9cc xmm7=0x0000dd130000dd13000061c3000061c3 

0x260: or bl, [r14 +rdx]
  rax=0x000000000000cf26 rbx=0x0000000000000d00 rcx=0x0000000000001140 rdx=0x00000000000010da
  rsi=0x000000000000153f rdi=0x0000000000000b3b flags=0b000000000010
  xmm0=0x00002636000026360000dc500000dc50 xmm1=0x0000d6f80000d6f80000a0650000a065 
  xmm2=0x000024da000024da0000765d0000765d xmm3=0x00008847000088470000ea410000ea41 
  xmm4=0x0000510a0000510a000006bd000006bd xmm5=0x00000521000005210000a02e0000a02e 
  xmm6=0x00000cf200000cf20000d9cc0000d9cc xmm7=0x0000dd130000dd13000061c3000061c3 

    > load from +0x10da value 0x0
0x264: imul rsi, rax, -7
  rax=0x000000000000cf26 rbx=0x0000000000000d00 rcx=0x0000000000001140 rdx=0x00000000000010da
  rsi=0x000000000000153f rdi=0x0000000000000b3b flags=0b000001000110
  xmm0=0x00002636000026360000dc500000dc50 xmm1=0x0000d6f80000d6f80000a0650000a065 
  xmm2=0x000024da000024da0000765d0000765d xmm3=0x00008847000088470000ea410000ea41 
  xmm4=0x0000510a0000510a000006bd000006bd xmm5=0x00000521000005210000a02e0000a02e 
  xmm6=0x00000cf200000cf20000d9cc0000d9cc xmm7=0x0000dd130000dd13000061c3000061c3 

0x268: add dil, 16
  rax=0x000000000000cf26 rbx=0x0000000000000d00 rcx=0x0000000000001140 rdx=0x00000000000010da
  rsi=0xfffffffffffa55f6 rdi=0x0000000000000b3b flags=0b000010000110
  xmm0=0x00002636000026360000dc500000dc50 xmm1=0x0000d6f80000d6f80000a0650000a065 
  xmm2=0x000024da000024da0000765d0000765d xmm3=0x00008847000088470000ea410000ea41 
  xmm4=0x0000510a0000510a000006bd000006bd xmm5=0x00000521000005210000a02e0000a02e 
  xmm6=0x00000cf200000cf20000d9cc0000d9cc xmm7=0x0000dd130000dd13000061c3000061c3 

0x26c: and rax, 0b1111111111111
  rax=0x000000000000cf26 rbx=0x0000000000000d00 rcx=0x0000000000001140 rdx=0x00000000000010da
  rsi=0xfffffffffffa55f6 rdi=0x0000000000000b4b flags=0b000000000110
  xmm0=0x00002636000026360000dc500000dc50 xmm1=0x0000d6f80000d6f80000a0650000a065 
  xmm2=0x000024da000024da0000765d0000765d xmm3=0x00008847000088470000ea410000ea41 
  xmm4=0x0000510a0000510a000006bd000006bd xmm5=0x00000521000005210000a02e0000a02e 
  xmm6=0x00000cf200000cf20000d9cc0000d9cc xmm7=0x0000dd130000dd13000061c3000061c3 

0x272: movzx ecx, [r14 +rax]
  rax=0x0000000000000f26 rbx=0x0000000000000d00 rcx=0x0000000000001140 rdx=0x00000000000010da
  rsi=0xfffffffffffa55f6 rdi=0x0000000000000b4b flags=0b000000000010
  xmm0=0x00002636000026360000dc500000dc50 xmm1=0x0000d6f80000d6f80000a0650000a065 
  xmm2=0x000024da000024da0000765d0000765d xmm3=0x00008847000088470000ea410000ea41 
  xmm4=0x0000510a0000510a000006bd000006bd xmm5=0x00000521000005210000a02e0000a02e 
  xmm6=0x00000cf200000cf20000d9cc0000d9cc xmm7=0x0000dd130000dd13000061c3000061c3 

    > load from +0xf26 value 0x0
0x277: and rsi, 0b1111111111111
  rax=0x0000000000000f26 rbx=0x0000000000000d00 rcx=0x0000000000000000 rdx=0x00000000000010da
  rsi=0xfffffffffffa55f6 rdi=0x0000000000000b4b flags=0b000000000010
  xmm0=0x00002636000026360000dc500000dc50 xmm1=0x0000d6f80000d6f80000a0650000a065 
  xmm2=0x000024da000024da0000765d0000765d xmm3=0x00008847000088470000ea410000ea41 
  xmm4=0x0000510a0000510a000006bd000006bd xmm5=0x00000521000005210000a02e0000a02e 
  xmm6=0x00000cf200000cf20000d9cc0000d9cc xmm7=0x0000dd130000dd13000061c3000061c3 

0x27e: cmovnle ax, [r14 +rsi]
  rax=0x0000000000000f26 rbx=0x0000000000000d00 rcx=0x0000000000000000 rdx=0x00000000000010da
  rsi=0x00000000000015f6 rdi=0x0000000000000b4b flags=0b000000000110
  xmm0=0x00002636000026360000dc500000dc50 xmm1=0x0000d6f80000d6f80000a0650000a065 
  xmm2=0x000024da000024da0000765d0000765d xmm3=0x00008847000088470000ea410000ea41 
  xmm4=0x0000510a0000510a000006bd000006bd xmm5=0x00000521000005210000a02e0000a02e 
  xmm6=0x00000cf200000cf20000d9cc0000d9cc xmm7=0x0000dd130000dd13000061c3000061c3 

    > load from +0x15f6 value 0x0
0x284: and rcx, 0b1111111111111
  rax=0x0000000000000000 rbx=0x0000000000000d00 rcx=0x0000000000000000 rdx=0x00000000000010da
  rsi=0x00000000000015f6 rdi=0x0000000000000b4b flags=0b000000000110
  xmm0=0x00002636000026360000dc500000dc50 xmm1=0x0000d6f80000d6f80000a0650000a065 
  xmm2=0x000024da000024da0000765d0000765d xmm3=0x00008847000088470000ea410000ea41 
  xmm4=0x0000510a0000510a000006bd000006bd xmm5=0x00000521000005210000a02e0000a02e 
  xmm6=0x00000cf200000cf20000d9cc0000d9cc xmm7=0x0000dd130000dd13000061c3000061c3 

0x28b: cmp [r14 +rcx], eax
  rax=0x0000000000000000 rbx=0x0000000000000d00 rcx=0x0000000000000000 rdx=0x00000000000010da
  rsi=0x00000000000015f6 rdi=0x0000000000000b4b flags=0b000001000110
  xmm0=0x00002636000026360000dc500000dc50 xmm1=0x0000d6f80000d6f80000a0650000a065 
  xmm2=0x000024da000024da0000765d0000765d xmm3=0x00008847000088470000ea410000ea41 
  xmm4=0x0000510a0000510a000006bd000006bd xmm5=0x00000521000005210000a02e0000a02e 
  xmm6=0x00000cf200000cf20000d9cc0000d9cc xmm7=0x0000dd130000dd13000061c3000061c3 

    > load from +0x0 value 0xb53f
0x28f: and rsi, 0b1111111111111
  rax=0x0000000000000000 rbx=0x0000000000000d00 rcx=0x0000000000000000 rdx=0x00000000000010da
  rsi=0x00000000000015f6 rdi=0x0000000000000b4b flags=0b000000000110
  xmm0=0x00002636000026360000dc500000dc50 xmm1=0x0000d6f80000d6f80000a0650000a065 
  xmm2=0x000024da000024da0000765d0000765d xmm3=0x00008847000088470000ea410000ea41 
  xmm4=0x0000510a0000510a000006bd000006bd xmm5=0x00000521000005210000a02e0000a02e 
  xmm6=0x00000cf200000cf20000d9cc0000d9cc xmm7=0x0000dd130000dd13000061c3000061c3 

0x296: and bx, 0b111
  rax=0x0000000000000000 rbx=0x0000000000000d00 rcx=0x0000000000000000 rdx=0x00000000000010da
  rsi=0x00000000000015f6 rdi=0x0000000000000b4b flags=0b000000000110
  xmm0=0x00002636000026360000dc500000dc50 xmm1=0x0000d6f80000d6f80000a0650000a065 
  xmm2=0x000024da000024da0000765d0000765d xmm3=0x00008847000088470000ea410000ea41 
  xmm4=0x0000510a0000510a000006bd000006bd xmm5=0x00000521000005210000a02e0000a02e 
  xmm6=0x00000cf200000cf20000d9cc0000d9cc xmm7=0x0000dd130000dd13000061c3000061c3 

0x29a: bt [r14 +rsi], bx
  rax=0x0000000000000000 rbx=0x0000000000000000 rcx=0x0000000000000000 rdx=0x00000000000010da
  rsi=0x00000000000015f6 rdi=0x0000000000000b4b flags=0b000001000110
  xmm0=0x00002636000026360000dc500000dc50 xmm1=0x0000d6f80000d6f80000a0650000a065 
  xmm2=0x000024da000024da0000765d0000765d xmm3=0x00008847000088470000ea410000ea41 
  xmm4=0x0000510a0000510a000006bd000006bd xmm5=0x00000521000005210000a02e0000a02e 
  xmm6=0x00000cf200000cf20000d9cc0000d9cc xmm7=0x0000dd130000dd13000061c3000061c3 

    > load from +0x15f6 value 0x0
0x2a0: and rdi, 0b1111111111111
  rax=0x0000000000000000 rbx=0x0000000000000000 rcx=0x0000000000000000 rdx=0x00000000000010da
  rsi=0x00000000000015f6 rdi=0x0000000000000b4b flags=0b000001000110
  xmm0=0x00002636000026360000dc500000dc50 xmm1=0x0000d6f80000d6f80000a0650000a065 
  xmm2=0x000024da000024da0000765d0000765d xmm3=0x00008847000088470000ea410000ea41 
  xmm4=0x0000510a0000510a000006bd000006bd xmm5=0x00000521000005210000a02e0000a02e 
  xmm6=0x00000cf200000cf20000d9cc0000d9cc xmm7=0x0000dd130000dd13000061c3000061c3 

0x2a7: add esi, [r14 +rdi]
  rax=0x0000000000000000 rbx=0x0000000000000000 rcx=0x0000000000000000 rdx=0x00000000000010da
  rsi=0x00000000000015f6 rdi=0x0000000000000b4b flags=0b000000000110
  xmm0=0x00002636000026360000dc500000dc50 xmm1=0x0000d6f80000d6f80000a0650000a065 
  xmm2=0x000024da000024da0000765d0000765d xmm3=0x00008847000088470000ea410000ea41 
  xmm4=0x0000510a0000510a000006bd000006bd xmm5=0x00000521000005210000a02e0000a02e 
  xmm6=0x00000cf200000cf20000d9cc0000d9cc xmm7=0x0000dd130000dd13000061c3000061c3 

    > load from +0xb4b value 0xce2700
0x2ab: adc bl, bl
  rax=0x0000000000000000 rbx=0x0000000000000000 rcx=0x0000000000000000 rdx=0x00000000000010da
  rsi=0x0000000000ce3cf6 rdi=0x0000000000000b4b flags=0b000000000110
  xmm0=0x00002636000026360000dc500000dc50 xmm1=0x0000d6f80000d6f80000a0650000a065 
  xmm2=0x000024da000024da0000765d0000765d xmm3=0x00008847000088470000ea410000ea41 
  xmm4=0x0000510a0000510a000006bd000006bd xmm5=0x00000521000005210000a02e0000a02e 
  xmm6=0x00000cf200000cf20000d9cc0000d9cc xmm7=0x0000dd130000dd13000061c3000061c3 

0x2ad: imul ax, si, 121
  rax=0x0000000000000000 rbx=0x0000000000000000 rcx=0x0000000000000000 rdx=0x00000000000010da
  rsi=0x0000000000ce3cf6 rdi=0x0000000000000b4b flags=0b000001000110
  xmm0=0x00002636000026360000dc500000dc50 xmm1=0x0000d6f80000d6f80000a0650000a065 
  xmm2=0x000024da000024da0000765d0000765d xmm3=0x00008847000088470000ea410000ea41 
  xmm4=0x0000510a0000510a000006bd000006bd xmm5=0x00000521000005210000a02e0000a02e 
  xmm6=0x00000cf200000cf20000d9cc0000d9cc xmm7=0x0000dd130000dd13000061c3000061c3 

0x2b1: add sil, -102
  rax=0x000000000000d046 rbx=0x0000000000000000 rcx=0x0000000000000000 rdx=0x00000000000010da
  rsi=0x0000000000ce3cf6 rdi=0x0000000000000b4b flags=0b100010000011
  xmm0=0x00002636000026360000dc500000dc50 xmm1=0x0000d6f80000d6f80000a0650000a065 
  xmm2=0x000024da000024da0000765d0000765d xmm3=0x00008847000088470000ea410000ea41 
  xmm4=0x0000510a0000510a000006bd000006bd xmm5=0x00000521000005210000a02e0000a02e 
  xmm6=0x00000cf200000cf20000d9cc0000d9cc xmm7=0x0000dd130000dd13000061c3000061c3 

0x2b5: setns cl
  rax=0x000000000000d046 rbx=0x0000000000000000 rcx=0x0000000000000000 rdx=0x00000000000010da
  rsi=0x0000000000ce3c90 rdi=0x0000000000000b4b flags=0b000010010111
  xmm0=0x00002636000026360000dc500000dc50 xmm1=0x0000d6f80000d6f80000a0650000a065 
  xmm2=0x000024da000024da0000765d0000765d xmm3=0x00008847000088470000ea410000ea41 
  xmm4=0x0000510a0000510a000006bd000006bd xmm5=0x00000521000005210000a02e0000a02e 
  xmm6=0x00000cf200000cf20000d9cc0000d9cc xmm7=0x0000dd130000dd13000061c3000061c3 

0x2b8: pushfq 
  rax=0x000000000000d046 rbx=0x0000000000000000 rcx=0x0000000000000000 rdx=0x00000000000010da
  rsi=0x0000000000ce3c90 rdi=0x0000000000000b4b flags=0b000010010111
  xmm0=0x00002636000026360000dc500000dc50 xmm1=0x0000d6f80000d6f80000a0650000a065 
  xmm2=0x000024da000024da0000765d0000765d xmm3=0x00008847000088470000ea410000ea41 
  xmm4=0x0000510a0000510a000006bd000006bd xmm5=0x00000521000005210000a02e0000a02e 
  xmm6=0x00000cf200000cf20000d9cc0000d9cc xmm7=0x0000dd130000dd13000061c3000061c3 

    > store to +0xff0 value 0x97
0x2b9: push rax
  rax=0x000000000000d046 rbx=0x0000000000000000 rcx=0x0000000000000000 rdx=0x00000000000010da
  rsi=0x0000000000ce3c90 rdi=0x0000000000000b4b flags=0b000010010111
  xmm0=0x00002636000026360000dc500000dc50 xmm1=0x0000d6f80000d6f80000a0650000a065 
  xmm2=0x000024da000024da0000765d0000765d xmm3=0x00008847000088470000ea410000ea41 
  xmm4=0x0000510a0000510a000006bd000006bd xmm5=0x00000521000005210000a02e0000a02e 
  xmm6=0x00000cf200000cf20000d9cc0000d9cc xmm7=0x0000dd130000dd13000061c3000061c3 

    > store to +0xfe8 value 0xd046
0x2ba: push rcx
  rax=0x000000000000d046 rbx=0x0000000000000000 rcx=0x0000000000000000 rdx=0x00000000000010da
  rsi=0x0000000000ce3c90 rdi=0x0000000000000b4b flags=0b000010010111
  xmm0=0x00002636000026360000dc500000dc50 xmm1=0x0000d6f80000d6f80000a0650000a065 
  xmm2=0x000024da000024da0000765d0000765d xmm3=0x00008847000088470000ea410000ea41 
  xmm4=0x0000510a0000510a000006bd000006bd xmm5=0x00000521000005210000a02e0000a02e 
  xmm6=0x00000cf200000cf20000d9cc0000d9cc xmm7=0x0000dd130000dd13000061c3000061c3 

    > store to +0xfe0 value 0x0
0x2bb: push rdx
  rax=0x000000000000d046 rbx=0x0000000000000000 rcx=0x0000000000000000 rdx=0x00000000000010da
  rsi=0x0000000000ce3c90 rdi=0x0000000000000b4b flags=0b000010010111
  xmm0=0x00002636000026360000dc500000dc50 xmm1=0x0000d6f80000d6f80000a0650000a065 
  xmm2=0x000024da000024da0000765d0000765d xmm3=0x00008847000088470000ea410000ea41 
  xmm4=0x0000510a0000510a000006bd000006bd xmm5=0x00000521000005210000a02e0000a02e 
  xmm6=0x00000cf200000cf20000d9cc0000d9cc xmm7=0x0000dd130000dd13000061c3000061c3 

    > store to +0xfd8 value 0x10da
0x2bc: mov ecx, 0x1a4
  rax=0x000000000000d046 rbx=0x0000000000000000 rcx=0x0000000000000000 rdx=0x00000000000010da
  rsi=0x0000000000ce3c90 rdi=0x0000000000000b4b flags=0b000010010111
  xmm0=0x00002636000026360000dc500000dc50 xmm1=0x0000d6f80000d6f80000a0650000a065 
  xmm2=0x000024da000024da0000765d0000765d xmm3=0x00008847000088470000ea410000ea41 
  xmm4=0x0000510a0000510a000006bd000006bd xmm5=0x00000521000005210000a02e0000a02e 
  xmm6=0x00000cf200000cf20000d9cc0000d9cc xmm7=0x0000dd130000dd13000061c3000061c3 

0x2c1: mov edx, 0
  rax=0x000000000000d046 rbx=0x0000000000000000 rcx=0x00000000000001a4 rdx=0x00000000000010da
  rsi=0x0000000000ce3c90 rdi=0x0000000000000b4b flags=0b000010010111
  xmm0=0x00002636000026360000dc500000dc50 xmm1=0x0000d6f80000d6f80000a0650000a065 
  xmm2=0x000024da000024da0000765d0000765d xmm3=0x00008847000088470000ea410000ea41 
  xmm4=0x0000510a0000510a000006bd000006bd xmm5=0x00000521000005210000a02e0000a02e 
  xmm6=0x00000cf200000cf20000d9cc0000d9cc xmm7=0x0000dd130000dd13000061c3000061c3 

0x2c6: mov eax, 0b101111
  rax=0x000000000000d046 rbx=0x0000000000000000 rcx=0x00000000000001a4 rdx=0x0000000000000000
  rsi=0x0000000000ce3c90 rdi=0x0000000000000b4b flags=0b000010010111
  xmm0=0x00002636000026360000dc500000dc50 xmm1=0x0000d6f80000d6f80000a0650000a065 
  xmm2=0x000024da000024da0000765d0000765d xmm3=0x00008847000088470000ea410000ea41 
  xmm4=0x0000510a0000510a000006bd000006bd xmm5=0x00000521000005210000a02e0000a02e 
  xmm6=0x00000cf200000cf20000d9cc0000d9cc xmm7=0x0000dd130000dd13000061c3000061c3 

0x2cb: wrmsr 
  rax=0x000000000000002f rbx=0x0000000000000000 rcx=0x00000000000001a4 rdx=0x0000000000000000
  rsi=0x0000000000ce3c90 rdi=0x0000000000000b4b flags=0b000010010111
  xmm0=0x00002636000026360000dc500000dc50 xmm1=0x0000d6f80000d6f80000a0650000a065 
  xmm2=0x000024da000024da0000765d0000765d xmm3=0x00008847000088470000ea410000ea41 
  xmm4=0x0000510a0000510a000006bd000006bd xmm5=0x00000521000005210000a02e0000a02e 
  xmm6=0x00000cf200000cf20000d9cc0000d9cc xmm7=0x0000dd130000dd13000061c3000061c3 

0x2cd: mov ecx, 0x48
  rax=0x000000000000002f rbx=0x0000000000000000 rcx=0x00000000000001a4 rdx=0x0000000000000000
  rsi=0x0000000000ce3c90 rdi=0x0000000000000b4b flags=0b000010010111
  xmm0=0x00002636000026360000dc500000dc50 xmm1=0x0000d6f80000d6f80000a0650000a065 
  xmm2=0x000024da000024da0000765d0000765d xmm3=0x00008847000088470000ea410000ea41 
  xmm4=0x0000510a0000510a000006bd000006bd xmm5=0x00000521000005210000a02e0000a02e 
  xmm6=0x00000cf200000cf20000d9cc0000d9cc xmm7=0x0000dd130000dd13000061c3000061c3 

0x2d2: rdmsr 
  rax=0x000000000000002f rbx=0x0000000000000000 rcx=0x0000000000000048 rdx=0x0000000000000000
  rsi=0x0000000000ce3c90 rdi=0x0000000000000b4b flags=0b000010010111
  xmm0=0x00002636000026360000dc500000dc50 xmm1=0x0000d6f80000d6f80000a0650000a065 
  xmm2=0x000024da000024da0000765d0000765d xmm3=0x00008847000088470000ea410000ea41 
  xmm4=0x0000510a0000510a000006bd000006bd xmm5=0x00000521000005210000a02e0000a02e 
  xmm6=0x00000cf200000cf20000d9cc0000d9cc xmm7=0x0000dd130000dd13000061c3000061c3 

0x2d4: and eax, 0xfffffffb
  rax=0x0000000000000000 rbx=0x0000000000000000 rcx=0x0000000000000048 rdx=0x0000000000000000
  rsi=0x0000000000ce3c90 rdi=0x0000000000000b4b flags=0b000010010111
  xmm0=0x00002636000026360000dc500000dc50 xmm1=0x0000d6f80000d6f80000a0650000a065 
  xmm2=0x000024da000024da0000765d0000765d xmm3=0x00008847000088470000ea410000ea41 
  xmm4=0x0000510a0000510a000006bd000006bd xmm5=0x00000521000005210000a02e0000a02e 
  xmm6=0x00000cf200000cf20000d9cc0000d9cc xmm7=0x0000dd130000dd13000061c3000061c3 

0x2d7: or eax, 0x100
  rax=0x0000000000000000 rbx=0x0000000000000000 rcx=0x0000000000000048 rdx=0x0000000000000000
  rsi=0x0000000000ce3c90 rdi=0x0000000000000b4b flags=0b000001000110
  xmm0=0x00002636000026360000dc500000dc50 xmm1=0x0000d6f80000d6f80000a0650000a065 
  xmm2=0x000024da000024da0000765d0000765d xmm3=0x00008847000088470000ea410000ea41 
  xmm4=0x0000510a0000510a000006bd000006bd xmm5=0x00000521000005210000a02e0000a02e 
  xmm6=0x00000cf200000cf20000d9cc0000d9cc xmm7=0x0000dd130000dd13000061c3000061c3 

0x2dc: wrmsr 
  rax=0x0000000000000100 rbx=0x0000000000000000 rcx=0x0000000000000048 rdx=0x0000000000000000
  rsi=0x0000000000ce3c90 rdi=0x0000000000000b4b flags=0b000000000110
  xmm0=0x00002636000026360000dc500000dc50 xmm1=0x0000d6f80000d6f80000a0650000a065 
  xmm2=0x000024da000024da0000765d0000765d xmm3=0x00008847000088470000ea410000ea41 
  xmm4=0x0000510a0000510a000006bd000006bd xmm5=0x00000521000005210000a02e0000a02e 
  xmm6=0x00000cf200000cf20000d9cc0000d9cc xmm7=0x0000dd130000dd13000061c3000061c3 

0x2de: mfence 
  rax=0x0000000000000100 rbx=0x0000000000000000 rcx=0x0000000000000048 rdx=0x0000000000000000
  rsi=0x0000000000ce3c90 rdi=0x0000000000000b4b flags=0b000000000110
  xmm0=0x00002636000026360000dc500000dc50 xmm1=0x0000d6f80000d6f80000a0650000a065 
  xmm2=0x000024da000024da0000765d0000765d xmm3=0x00008847000088470000ea410000ea41 
  xmm4=0x0000510a0000510a000006bd000006bd xmm5=0x00000521000005210000a02e0000a02e 
  xmm6=0x00000cf200000cf20000d9cc0000d9cc xmm7=0x0000dd130000dd13000061c3000061c3 

0x2e1: lfence 
  rax=0x0000000000000100 rbx=0x0000000000000000 rcx=0x0000000000000048 rdx=0x0000000000000000
  rsi=0x0000000000ce3c90 rdi=0x0000000000000b4b flags=0b000000000110
  xmm0=0x00002636000026360000dc500000dc50 xmm1=0x0000d6f80000d6f80000a0650000a065 
  xmm2=0x000024da000024da0000765d0000765d xmm3=0x00008847000088470000ea410000ea41 
  xmm4=0x0000510a0000510a000006bd000006bd xmm5=0x00000521000005210000a02e0000a02e 
  xmm6=0x00000cf200000cf20000d9cc0000d9cc xmm7=0x0000dd130000dd13000061c3000061c3 

0x2e4: macro .measurement_end, .noarg
  rax=0x0000000000000100 rbx=0x0000000000000000 rcx=0x0000000000000048 rdx=0x0000000000000000
  rsi=0x0000000000ce3c90 rdi=0x0000000000000b4b flags=0b000000000110
  xmm0=0x00002636000026360000dc500000dc50 xmm1=0x0000d6f80000d6f80000a0650000a065 
  xmm2=0x000024da000024da0000765d0000765d xmm3=0x00008847000088470000ea410000ea41 
  xmm4=0x0000510a0000510a000006bd000006bd xmm5=0x00000521000005210000a02e0000a02e 
  xmm6=0x00000cf200000cf20000d9cc0000d9cc xmm7=0x0000dd130000dd13000061c3000061c3 

0x2ec: mov ecx, 0x1a4
  rax=0x0000000000000100 rbx=0x0000000000000000 rcx=0x0000000000000048 rdx=0x0000000000000000
  rsi=0x0000000000ce3c90 rdi=0x0000000000000b4b flags=0b000000000110
  xmm0=0x00002636000026360000dc500000dc50 xmm1=0x0000d6f80000d6f80000a0650000a065 
  xmm2=0x000024da000024da0000765d0000765d xmm3=0x00008847000088470000ea410000ea41 
  xmm4=0x0000510a0000510a000006bd000006bd xmm5=0x00000521000005210000a02e0000a02e 
  xmm6=0x00000cf200000cf20000d9cc0000d9cc xmm7=0x0000dd130000dd13000061c3000061c3 

0x2f1: mov edx, 0
  rax=0x0000000000000100 rbx=0x0000000000000000 rcx=0x00000000000001a4 rdx=0x0000000000000000
  rsi=0x0000000000ce3c90 rdi=0x0000000000000b4b flags=0b000000000110
  xmm0=0x00002636000026360000dc500000dc50 xmm1=0x0000d6f80000d6f80000a0650000a065 
  xmm2=0x000024da000024da0000765d0000765d xmm3=0x00008847000088470000ea410000ea41 
  xmm4=0x0000510a0000510a000006bd000006bd xmm5=0x00000521000005210000a02e0000a02e 
  xmm6=0x00000cf200000cf20000d9cc0000d9cc xmm7=0x0000dd130000dd13000061c3000061c3 

0x2f6: mov eax, 0b000000
  rax=0x0000000000000100 rbx=0x0000000000000000 rcx=0x00000000000001a4 rdx=0x0000000000000000
  rsi=0x0000000000ce3c90 rdi=0x0000000000000b4b flags=0b000000000110
  xmm0=0x00002636000026360000dc500000dc50 xmm1=0x0000d6f80000d6f80000a0650000a065 
  xmm2=0x000024da000024da0000765d0000765d xmm3=0x00008847000088470000ea410000ea41 
  xmm4=0x0000510a0000510a000006bd000006bd xmm5=0x00000521000005210000a02e0000a02e 
  xmm6=0x00000cf200000cf20000d9cc0000d9cc xmm7=0x0000dd130000dd13000061c3000061c3 

0x2fb: mov ecx, 0x48
  rax=0x0000000000000000 rbx=0x0000000000000000 rcx=0x00000000000001a4 rdx=0x0000000000000000
  rsi=0x0000000000ce3c90 rdi=0x0000000000000b4b flags=0b000000000110
  xmm0=0x00002636000026360000dc500000dc50 xmm1=0x0000d6f80000d6f80000a0650000a065 
  xmm2=0x000024da000024da0000765d0000765d xmm3=0x00008847000088470000ea410000ea41 
  xmm4=0x0000510a0000510a000006bd000006bd xmm5=0x00000521000005210000a02e0000a02e 
  xmm6=0x00000cf200000cf20000d9cc0000d9cc xmm7=0x0000dd130000dd13000061c3000061c3 

0x300: rdmsr 
  rax=0x0000000000000000 rbx=0x0000000000000000 rcx=0x0000000000000048 rdx=0x0000000000000000
  rsi=0x0000000000ce3c90 rdi=0x0000000000000b4b flags=0b000000000110
  xmm0=0x00002636000026360000dc500000dc50 xmm1=0x0000d6f80000d6f80000a0650000a065 
  xmm2=0x000024da000024da0000765d0000765d xmm3=0x00008847000088470000ea410000ea41 
  xmm4=0x0000510a0000510a000006bd000006bd xmm5=0x00000521000005210000a02e0000a02e 
  xmm6=0x00000cf200000cf20000d9cc0000d9cc xmm7=0x0000dd130000dd13000061c3000061c3 

0x302: and eax, 0xfffffffb
  rax=0x0000000000000000 rbx=0x0000000000000000 rcx=0x0000000000000048 rdx=0x0000000000000000
  rsi=0x0000000000ce3c90 rdi=0x0000000000000b4b flags=0b000000000110
  xmm0=0x00002636000026360000dc500000dc50 xmm1=0x0000d6f80000d6f80000a0650000a065 
  xmm2=0x000024da000024da0000765d0000765d xmm3=0x00008847000088470000ea410000ea41 
  xmm4=0x0000510a0000510a000006bd000006bd xmm5=0x00000521000005210000a02e0000a02e 
  xmm6=0x00000cf200000cf20000d9cc0000d9cc xmm7=0x0000dd130000dd13000061c3000061c3 

0x305: and eax, 0xfffffeff
  rax=0x0000000000000000 rbx=0x0000000000000000 rcx=0x0000000000000048 rdx=0x0000000000000000
  rsi=0x0000000000ce3c90 rdi=0x0000000000000b4b flags=0b000001000110
  xmm0=0x00002636000026360000dc500000dc50 xmm1=0x0000d6f80000d6f80000a0650000a065 
  xmm2=0x000024da000024da0000765d0000765d xmm3=0x00008847000088470000ea410000ea41 
  xmm4=0x0000510a0000510a000006bd000006bd xmm5=0x00000521000005210000a02e0000a02e 
  xmm6=0x00000cf200000cf20000d9cc0000d9cc xmm7=0x0000dd130000dd13000061c3000061c3 

0x30a: wrmsr 
  rax=0x0000000000000000 rbx=0x0000000000000000 rcx=0x0000000000000048 rdx=0x0000000000000000
  rsi=0x0000000000ce3c90 rdi=0x0000000000000b4b flags=0b000001000110
  xmm0=0x00002636000026360000dc500000dc50 xmm1=0x0000d6f80000d6f80000a0650000a065 
  xmm2=0x000024da000024da0000765d0000765d xmm3=0x00008847000088470000ea410000ea41 
  xmm4=0x0000510a0000510a000006bd000006bd xmm5=0x00000521000005210000a02e0000a02e 
  xmm6=0x00000cf200000cf20000d9cc0000d9cc xmm7=0x0000dd130000dd13000061c3000061c3 

0x30c: mfence 
  rax=0x0000000000000000 rbx=0x0000000000000000 rcx=0x0000000000000048 rdx=0x0000000000000000
  rsi=0x0000000000ce3c90 rdi=0x0000000000000b4b flags=0b000001000110
  xmm0=0x00002636000026360000dc500000dc50 xmm1=0x0000d6f80000d6f80000a0650000a065 
  xmm2=0x000024da000024da0000765d0000765d xmm3=0x00008847000088470000ea410000ea41 
  xmm4=0x0000510a0000510a000006bd000006bd xmm5=0x00000521000005210000a02e0000a02e 
  xmm6=0x00000cf200000cf20000d9cc0000d9cc xmm7=0x0000dd130000dd13000061c3000061c3 

0x30f: lfence 
  rax=0x0000000000000000 rbx=0x0000000000000000 rcx=0x0000000000000048 rdx=0x0000000000000000
  rsi=0x0000000000ce3c90 rdi=0x0000000000000b4b flags=0b000001000110
  xmm0=0x00002636000026360000dc500000dc50 xmm1=0x0000d6f80000d6f80000a0650000a065 
  xmm2=0x000024da000024da0000765d0000765d xmm3=0x00008847000088470000ea410000ea41 
  xmm4=0x0000510a0000510a000006bd000006bd xmm5=0x00000521000005210000a02e0000a02e 
  xmm6=0x00000cf200000cf20000d9cc0000d9cc xmm7=0x0000dd130000dd13000061c3000061c3 

0x312: pop rdx
  rax=0x0000000000000000 rbx=0x0000000000000000 rcx=0x0000000000000048 rdx=0x0000000000000000
  rsi=0x0000000000ce3c90 rdi=0x0000000000000b4b flags=0b000001000110
  xmm0=0x00002636000026360000dc500000dc50 xmm1=0x0000d6f80000d6f80000a0650000a065 
  xmm2=0x000024da000024da0000765d0000765d xmm3=0x00008847000088470000ea410000ea41 
  xmm4=0x0000510a0000510a000006bd000006bd xmm5=0x00000521000005210000a02e0000a02e 
  xmm6=0x00000cf200000cf20000d9cc0000d9cc xmm7=0x0000dd130000dd13000061c3000061c3 

    > load from +0xfd8 value 0x10da
0x313: pop rcx
  rax=0x0000000000000000 rbx=0x0000000000000000 rcx=0x0000000000000048 rdx=0x00000000000010da
  rsi=0x0000000000ce3c90 rdi=0x0000000000000b4b flags=0b000001000110
  xmm0=0x00002636000026360000dc500000dc50 xmm1=0x0000d6f80000d6f80000a0650000a065 
  xmm2=0x000024da000024da0000765d0000765d xmm3=0x00008847000088470000ea410000ea41 
  xmm4=0x0000510a0000510a000006bd000006bd xmm5=0x00000521000005210000a02e0000a02e 
  xmm6=0x00000cf200000cf20000d9cc0000d9cc xmm7=0x0000dd130000dd13000061c3000061c3 

    > load from +0xfe0 value 0x0
0x314: pop rax
  rax=0x0000000000000000 rbx=0x0000000000000000 rcx=0x0000000000000000 rdx=0x00000000000010da
  rsi=0x0000000000ce3c90 rdi=0x0000000000000b4b flags=0b000001000110
  xmm0=0x00002636000026360000dc500000dc50 xmm1=0x0000d6f80000d6f80000a0650000a065 
  xmm2=0x000024da000024da0000765d0000765d xmm3=0x00008847000088470000ea410000ea41 
  xmm4=0x0000510a0000510a000006bd000006bd xmm5=0x00000521000005210000a02e0000a02e 
  xmm6=0x00000cf200000cf20000d9cc0000d9cc xmm7=0x0000dd130000dd13000061c3000061c3 

    > load from +0xfe8 value 0xd046
0x315: popfq  [test_case_exit]
  rax=0x000000000000d046 rbx=0x0000000000000000 rcx=0x0000000000000000 rdx=0x00000000000010da
  rsi=0x0000000000ce3c90 rdi=0x0000000000000b4b flags=0b000001000110
  xmm0=0x00002636000026360000dc500000dc50 xmm1=0x0000d6f80000d6f80000a0650000a065 
  xmm2=0x000024da000024da0000765d0000765d xmm3=0x00008847000088470000ea410000ea41 
  xmm4=0x0000510a0000510a000006bd000006bd xmm5=0x00000521000005210000a02e0000a02e 
  xmm6=0x00000cf200000cf20000d9cc0000d9cc xmm7=0x0000dd130000dd13000061c3000061c3 

    > load from +0xff0 value 0x97



                      ##### Input 97 #####

                     ##### Input 0 #####
0x0 : pushfq 
  rax=0x0000184500001845 rbx=0x0000c0cf0000c0cf rcx=0x000011a1000011a1 rdx=0x00003c2400003c24
  rsi=0x0000870800008708 rdi=0x00004c7100004c71 flags=0b000010000111
  xmm0=0x00000af400000af400007e4100007e41 xmm1=0x0000adde0000adde0000992a0000992a 
  xmm2=0x00009d2700009d270000df0f0000df0f xmm3=0x000045ce000045ce0000f1da0000f1da 
  xmm4=0x00009cb800009cb80000473300004733 xmm5=0x0000e4340000e43400000fb100000fb1 
  xmm6=0x00003961000039610000024c0000024c xmm7=0x0000765e0000765e00007f6900007f69 

    > store to +0xff0 value 0x87
0x1 : push rax
  rax=0x0000184500001845 rbx=0x0000c0cf0000c0cf rcx=0x000011a1000011a1 rdx=0x00003c2400003c24
  rsi=0x0000870800008708 rdi=0x00004c7100004c71 flags=0b000010000111
  xmm0=0x00000af400000af400007e4100007e41 xmm1=0x0000adde0000adde0000992a0000992a 
  xmm2=0x00009d2700009d270000df0f0000df0f xmm3=0x000045ce000045ce0000f1da0000f1da 
  xmm4=0x00009cb800009cb80000473300004733 xmm5=0x0000e4340000e43400000fb100000fb1 
  xmm6=0x00003961000039610000024c0000024c xmm7=0x0000765e0000765e00007f6900007f69 

    > store to +0xfe8 value 0x184500001845
0x2 : push rcx
  rax=0x0000184500001845 rbx=0x0000c0cf0000c0cf rcx=0x000011a1000011a1 rdx=0x00003c2400003c24
  rsi=0x0000870800008708 rdi=0x00004c7100004c71 flags=0b000010000111
  xmm0=0x00000af400000af400007e4100007e41 xmm1=0x0000adde0000adde0000992a0000992a 
  xmm2=0x00009d2700009d270000df0f0000df0f xmm3=0x000045ce000045ce0000f1da0000f1da 
  xmm4=0x00009cb800009cb80000473300004733 xmm5=0x0000e4340000e43400000fb100000fb1 
  xmm6=0x00003961000039610000024c0000024c xmm7=0x0000765e0000765e00007f6900007f69 

    > store to +0xfe0 value 0x11a1000011a1
0x3 : push rdx
  rax=0x0000184500001845 rbx=0x0000c0cf0000c0cf rcx=0x000011a1000011a1 rdx=0x00003c2400003c24
  rsi=0x0000870800008708 rdi=0x00004c7100004c71 flags=0b000010000111
  xmm0=0x00000af400000af400007e4100007e41 xmm1=0x0000adde0000adde0000992a0000992a 
  xmm2=0x00009d2700009d270000df0f0000df0f xmm3=0x000045ce000045ce0000f1da0000f1da 
  xmm4=0x00009cb800009cb80000473300004733 xmm5=0x0000e4340000e43400000fb100000fb1 
  xmm6=0x00003961000039610000024c0000024c xmm7=0x0000765e0000765e00007f6900007f69 

    > store to +0xfd8 value 0x3c2400003c24
0x4 : mov ecx, 0x1a4
  rax=0x0000184500001845 rbx=0x0000c0cf0000c0cf rcx=0x000011a1000011a1 rdx=0x00003c2400003c24
  rsi=0x0000870800008708 rdi=0x00004c7100004c71 flags=0b000010000111
  xmm0=0x00000af400000af400007e4100007e41 xmm1=0x0000adde0000adde0000992a0000992a 
  xmm2=0x00009d2700009d270000df0f0000df0f xmm3=0x000045ce000045ce0000f1da0000f1da 
  xmm4=0x00009cb800009cb80000473300004733 xmm5=0x0000e4340000e43400000fb100000fb1 
  xmm6=0x00003961000039610000024c0000024c xmm7=0x0000765e0000765e00007f6900007f69 

0x9 : mov edx, 0
  rax=0x0000184500001845 rbx=0x0000c0cf0000c0cf rcx=0x00000000000001a4 rdx=0x00003c2400003c24
  rsi=0x0000870800008708 rdi=0x00004c7100004c71 flags=0b000010000111
  xmm0=0x00000af400000af400007e4100007e41 xmm1=0x0000adde0000adde0000992a0000992a 
  xmm2=0x00009d2700009d270000df0f0000df0f xmm3=0x000045ce000045ce0000f1da0000f1da 
  xmm4=0x00009cb800009cb80000473300004733 xmm5=0x0000e4340000e43400000fb100000fb1 
  xmm6=0x00003961000039610000024c0000024c xmm7=0x0000765e0000765e00007f6900007f69 

0xe : mov eax, 0b101111
  rax=0x0000184500001845 rbx=0x0000c0cf0000c0cf rcx=0x00000000000001a4 rdx=0x0000000000000000
  rsi=0x0000870800008708 rdi=0x00004c7100004c71 flags=0b000010000111
  xmm0=0x00000af400000af400007e4100007e41 xmm1=0x0000adde0000adde0000992a0000992a 
  xmm2=0x00009d2700009d270000df0f0000df0f xmm3=0x000045ce000045ce0000f1da0000f1da 
  xmm4=0x00009cb800009cb80000473300004733 xmm5=0x0000e4340000e43400000fb100000fb1 
  xmm6=0x00003961000039610000024c0000024c xmm7=0x0000765e0000765e00007f6900007f69 

0x13: wrmsr 
  rax=0x000000000000002f rbx=0x0000c0cf0000c0cf rcx=0x00000000000001a4 rdx=0x0000000000000000
  rsi=0x0000870800008708 rdi=0x00004c7100004c71 flags=0b000010000111
  xmm0=0x00000af400000af400007e4100007e41 xmm1=0x0000adde0000adde0000992a0000992a 
  xmm2=0x00009d2700009d270000df0f0000df0f xmm3=0x000045ce000045ce0000f1da0000f1da 
  xmm4=0x00009cb800009cb80000473300004733 xmm5=0x0000e4340000e43400000fb100000fb1 
  xmm6=0x00003961000039610000024c0000024c xmm7=0x0000765e0000765e00007f6900007f69 

0x15: mov ecx, 0x48
  rax=0x000000000000002f rbx=0x0000c0cf0000c0cf rcx=0x00000000000001a4 rdx=0x0000000000000000
  rsi=0x0000870800008708 rdi=0x00004c7100004c71 flags=0b000010000111
  xmm0=0x00000af400000af400007e4100007e41 xmm1=0x0000adde0000adde0000992a0000992a 
  xmm2=0x00009d2700009d270000df0f0000df0f xmm3=0x000045ce000045ce0000f1da0000f1da 
  xmm4=0x00009cb800009cb80000473300004733 xmm5=0x0000e4340000e43400000fb100000fb1 
  xmm6=0x00003961000039610000024c0000024c xmm7=0x0000765e0000765e00007f6900007f69 

0x1a: rdmsr 
  rax=0x000000000000002f rbx=0x0000c0cf0000c0cf rcx=0x0000000000000048 rdx=0x0000000000000000
  rsi=0x0000870800008708 rdi=0x00004c7100004c71 flags=0b000010000111
  xmm0=0x00000af400000af400007e4100007e41 xmm1=0x0000adde0000adde0000992a0000992a 
  xmm2=0x00009d2700009d270000df0f0000df0f xmm3=0x000045ce000045ce0000f1da0000f1da 
  xmm4=0x00009cb800009cb80000473300004733 xmm5=0x0000e4340000e43400000fb100000fb1 
  xmm6=0x00003961000039610000024c0000024c xmm7=0x0000765e0000765e00007f6900007f69 

0x1c: and eax, 0xfffffffb
  rax=0x0000000000000000 rbx=0x0000c0cf0000c0cf rcx=0x0000000000000048 rdx=0x0000000000000000
  rsi=0x0000870800008708 rdi=0x00004c7100004c71 flags=0b000010000111
  xmm0=0x00000af400000af400007e4100007e41 xmm1=0x0000adde0000adde0000992a0000992a 
  xmm2=0x00009d2700009d270000df0f0000df0f xmm3=0x000045ce000045ce0000f1da0000f1da 
  xmm4=0x00009cb800009cb80000473300004733 xmm5=0x0000e4340000e43400000fb100000fb1 
  xmm6=0x00003961000039610000024c0000024c xmm7=0x0000765e0000765e00007f6900007f69 

0x1f: or eax, 0x100
  rax=0x0000000000000000 rbx=0x0000c0cf0000c0cf rcx=0x0000000000000048 rdx=0x0000000000000000
  rsi=0x0000870800008708 rdi=0x00004c7100004c71 flags=0b000001000110
  xmm0=0x00000af400000af400007e4100007e41 xmm1=0x0000adde0000adde0000992a0000992a 
  xmm2=0x00009d2700009d270000df0f0000df0f xmm3=0x000045ce000045ce0000f1da0000f1da 
  xmm4=0x00009cb800009cb80000473300004733 xmm5=0x0000e4340000e43400000fb100000fb1 
  xmm6=0x00003961000039610000024c0000024c xmm7=0x0000765e0000765e00007f6900007f69 

0x24: wrmsr 
  rax=0x0000000000000100 rbx=0x0000c0cf0000c0cf rcx=0x0000000000000048 rdx=0x0000000000000000
  rsi=0x0000870800008708 rdi=0x00004c7100004c71 flags=0b000000000110
  xmm0=0x00000af400000af400007e4100007e41 xmm1=0x0000adde0000adde0000992a0000992a 
  xmm2=0x00009d2700009d270000df0f0000df0f xmm3=0x000045ce000045ce0000f1da0000f1da 
  xmm4=0x00009cb800009cb80000473300004733 xmm5=0x0000e4340000e43400000fb100000fb1 
  xmm6=0x00003961000039610000024c0000024c xmm7=0x0000765e0000765e00007f6900007f69 

0x26: mfence 
  rax=0x0000000000000100 rbx=0x0000c0cf0000c0cf rcx=0x0000000000000048 rdx=0x0000000000000000
  rsi=0x0000870800008708 rdi=0x00004c7100004c71 flags=0b000000000110
  xmm0=0x00000af400000af400007e4100007e41 xmm1=0x0000adde0000adde0000992a0000992a 
  xmm2=0x00009d2700009d270000df0f0000df0f xmm3=0x000045ce000045ce0000f1da0000f1da 
  xmm4=0x00009cb800009cb80000473300004733 xmm5=0x0000e4340000e43400000fb100000fb1 
  xmm6=0x00003961000039610000024c0000024c xmm7=0x0000765e0000765e00007f6900007f69 

0x29: lfence 
  rax=0x0000000000000100 rbx=0x0000c0cf0000c0cf rcx=0x0000000000000048 rdx=0x0000000000000000
  rsi=0x0000870800008708 rdi=0x00004c7100004c71 flags=0b000000000110
  xmm0=0x00000af400000af400007e4100007e41 xmm1=0x0000adde0000adde0000992a0000992a 
  xmm2=0x00009d2700009d270000df0f0000df0f xmm3=0x000045ce000045ce0000f1da0000f1da 
  xmm4=0x00009cb800009cb80000473300004733 xmm5=0x0000e4340000e43400000fb100000fb1 
  xmm6=0x00003961000039610000024c0000024c xmm7=0x0000765e0000765e00007f6900007f69 

0x2c: macro .measurement_start, .noarg
  rax=0x0000000000000100 rbx=0x0000c0cf0000c0cf rcx=0x0000000000000048 rdx=0x0000000000000000
  rsi=0x0000870800008708 rdi=0x00004c7100004c71 flags=0b000000000110
  xmm0=0x00000af400000af400007e4100007e41 xmm1=0x0000adde0000adde0000992a0000992a 
  xmm2=0x00009d2700009d270000df0f0000df0f xmm3=0x000045ce000045ce0000f1da0000f1da 
  xmm4=0x00009cb800009cb80000473300004733 xmm5=0x0000e4340000e43400000fb100000fb1 
  xmm6=0x00003961000039610000024c0000024c xmm7=0x0000765e0000765e00007f6900007f69 

0x34: mov ecx, 0x1a4
  rax=0x0000000000000100 rbx=0x0000c0cf0000c0cf rcx=0x0000000000000048 rdx=0x0000000000000000
  rsi=0x0000870800008708 rdi=0x00004c7100004c71 flags=0b000000000110
  xmm0=0x00000af400000af400007e4100007e41 xmm1=0x0000adde0000adde0000992a0000992a 
  xmm2=0x00009d2700009d270000df0f0000df0f xmm3=0x000045ce000045ce0000f1da0000f1da 
  xmm4=0x00009cb800009cb80000473300004733 xmm5=0x0000e4340000e43400000fb100000fb1 
  xmm6=0x00003961000039610000024c0000024c xmm7=0x0000765e0000765e00007f6900007f69 

0x39: mov edx, 0
  rax=0x0000000000000100 rbx=0x0000c0cf0000c0cf rcx=0x00000000000001a4 rdx=0x0000000000000000
  rsi=0x0000870800008708 rdi=0x00004c7100004c71 flags=0b000000000110
  xmm0=0x00000af400000af400007e4100007e41 xmm1=0x0000adde0000adde0000992a0000992a 
  xmm2=0x00009d2700009d270000df0f0000df0f xmm3=0x000045ce000045ce0000f1da0000f1da 
  xmm4=0x00009cb800009cb80000473300004733 xmm5=0x0000e4340000e43400000fb100000fb1 
  xmm6=0x00003961000039610000024c0000024c xmm7=0x0000765e0000765e00007f6900007f69 

0x3e: mov eax, 0b000000
  rax=0x0000000000000100 rbx=0x0000c0cf0000c0cf rcx=0x00000000000001a4 rdx=0x0000000000000000
  rsi=0x0000870800008708 rdi=0x00004c7100004c71 flags=0b000000000110
  xmm0=0x00000af400000af400007e4100007e41 xmm1=0x0000adde0000adde0000992a0000992a 
  xmm2=0x00009d2700009d270000df0f0000df0f xmm3=0x000045ce000045ce0000f1da0000f1da 
  xmm4=0x00009cb800009cb80000473300004733 xmm5=0x0000e4340000e43400000fb100000fb1 
  xmm6=0x00003961000039610000024c0000024c xmm7=0x0000765e0000765e00007f6900007f69 

0x43: mov ecx, 0x48
  rax=0x0000000000000000 rbx=0x0000c0cf0000c0cf rcx=0x00000000000001a4 rdx=0x0000000000000000
  rsi=0x0000870800008708 rdi=0x00004c7100004c71 flags=0b000000000110
  xmm0=0x00000af400000af400007e4100007e41 xmm1=0x0000adde0000adde0000992a0000992a 
  xmm2=0x00009d2700009d270000df0f0000df0f xmm3=0x000045ce000045ce0000f1da0000f1da 
  xmm4=0x00009cb800009cb80000473300004733 xmm5=0x0000e4340000e43400000fb100000fb1 
  xmm6=0x00003961000039610000024c0000024c xmm7=0x0000765e0000765e00007f6900007f69 

0x48: rdmsr 
  rax=0x0000000000000000 rbx=0x0000c0cf0000c0cf rcx=0x0000000000000048 rdx=0x0000000000000000
  rsi=0x0000870800008708 rdi=0x00004c7100004c71 flags=0b000000000110
  xmm0=0x00000af400000af400007e4100007e41 xmm1=0x0000adde0000adde0000992a0000992a 
  xmm2=0x00009d2700009d270000df0f0000df0f xmm3=0x000045ce000045ce0000f1da0000f1da 
  xmm4=0x00009cb800009cb80000473300004733 xmm5=0x0000e4340000e43400000fb100000fb1 
  xmm6=0x00003961000039610000024c0000024c xmm7=0x0000765e0000765e00007f6900007f69 

0x4a: and eax, 0xfffffffb
  rax=0x0000000000000000 rbx=0x0000c0cf0000c0cf rcx=0x0000000000000048 rdx=0x0000000000000000
  rsi=0x0000870800008708 rdi=0x00004c7100004c71 flags=0b000000000110
  xmm0=0x00000af400000af400007e4100007e41 xmm1=0x0000adde0000adde0000992a0000992a 
  xmm2=0x00009d2700009d270000df0f0000df0f xmm3=0x000045ce000045ce0000f1da0000f1da 
  xmm4=0x00009cb800009cb80000473300004733 xmm5=0x0000e4340000e43400000fb100000fb1 
  xmm6=0x00003961000039610000024c0000024c xmm7=0x0000765e0000765e00007f6900007f69 

0x4d: and eax, 0xfffffeff
  rax=0x0000000000000000 rbx=0x0000c0cf0000c0cf rcx=0x0000000000000048 rdx=0x0000000000000000
  rsi=0x0000870800008708 rdi=0x00004c7100004c71 flags=0b000001000110
  xmm0=0x00000af400000af400007e4100007e41 xmm1=0x0000adde0000adde0000992a0000992a 
  xmm2=0x00009d2700009d270000df0f0000df0f xmm3=0x000045ce000045ce0000f1da0000f1da 
  xmm4=0x00009cb800009cb80000473300004733 xmm5=0x0000e4340000e43400000fb100000fb1 
  xmm6=0x00003961000039610000024c0000024c xmm7=0x0000765e0000765e00007f6900007f69 

0x52: wrmsr 
  rax=0x0000000000000000 rbx=0x0000c0cf0000c0cf rcx=0x0000000000000048 rdx=0x0000000000000000
  rsi=0x0000870800008708 rdi=0x00004c7100004c71 flags=0b000001000110
  xmm0=0x00000af400000af400007e4100007e41 xmm1=0x0000adde0000adde0000992a0000992a 
  xmm2=0x00009d2700009d270000df0f0000df0f xmm3=0x000045ce000045ce0000f1da0000f1da 
  xmm4=0x00009cb800009cb80000473300004733 xmm5=0x0000e4340000e43400000fb100000fb1 
  xmm6=0x00003961000039610000024c0000024c xmm7=0x0000765e0000765e00007f6900007f69 

0x54: mfence 
  rax=0x0000000000000000 rbx=0x0000c0cf0000c0cf rcx=0x0000000000000048 rdx=0x0000000000000000
  rsi=0x0000870800008708 rdi=0x00004c7100004c71 flags=0b000001000110
  xmm0=0x00000af400000af400007e4100007e41 xmm1=0x0000adde0000adde0000992a0000992a 
  xmm2=0x00009d2700009d270000df0f0000df0f xmm3=0x000045ce000045ce0000f1da0000f1da 
  xmm4=0x00009cb800009cb80000473300004733 xmm5=0x0000e4340000e43400000fb100000fb1 
  xmm6=0x00003961000039610000024c0000024c xmm7=0x0000765e0000765e00007f6900007f69 

0x57: lfence 
  rax=0x0000000000000000 rbx=0x0000c0cf0000c0cf rcx=0x0000000000000048 rdx=0x0000000000000000
  rsi=0x0000870800008708 rdi=0x00004c7100004c71 flags=0b000001000110
  xmm0=0x00000af400000af400007e4100007e41 xmm1=0x0000adde0000adde0000992a0000992a 
  xmm2=0x00009d2700009d270000df0f0000df0f xmm3=0x000045ce000045ce0000f1da0000f1da 
  xmm4=0x00009cb800009cb80000473300004733 xmm5=0x0000e4340000e43400000fb100000fb1 
  xmm6=0x00003961000039610000024c0000024c xmm7=0x0000765e0000765e00007f6900007f69 

0x5a: pop rdx
  rax=0x0000000000000000 rbx=0x0000c0cf0000c0cf rcx=0x0000000000000048 rdx=0x0000000000000000
  rsi=0x0000870800008708 rdi=0x00004c7100004c71 flags=0b000001000110
  xmm0=0x00000af400000af400007e4100007e41 xmm1=0x0000adde0000adde0000992a0000992a 
  xmm2=0x00009d2700009d270000df0f0000df0f xmm3=0x000045ce000045ce0000f1da0000f1da 
  xmm4=0x00009cb800009cb80000473300004733 xmm5=0x0000e4340000e43400000fb100000fb1 
  xmm6=0x00003961000039610000024c0000024c xmm7=0x0000765e0000765e00007f6900007f69 

    > load from +0xfd8 value 0x3c2400003c24
0x5b: pop rcx
  rax=0x0000000000000000 rbx=0x0000c0cf0000c0cf rcx=0x0000000000000048 rdx=0x00003c2400003c24
  rsi=0x0000870800008708 rdi=0x00004c7100004c71 flags=0b000001000110
  xmm0=0x00000af400000af400007e4100007e41 xmm1=0x0000adde0000adde0000992a0000992a 
  xmm2=0x00009d2700009d270000df0f0000df0f xmm3=0x000045ce000045ce0000f1da0000f1da 
  xmm4=0x00009cb800009cb80000473300004733 xmm5=0x0000e4340000e43400000fb100000fb1 
  xmm6=0x00003961000039610000024c0000024c xmm7=0x0000765e0000765e00007f6900007f69 

    > load from +0xfe0 value 0x11a1000011a1
0x5c: pop rax
  rax=0x0000000000000000 rbx=0x0000c0cf0000c0cf rcx=0x000011a1000011a1 rdx=0x00003c2400003c24
  rsi=0x0000870800008708 rdi=0x00004c7100004c71 flags=0b000001000110
  xmm0=0x00000af400000af400007e4100007e41 xmm1=0x0000adde0000adde0000992a0000992a 
  xmm2=0x00009d2700009d270000df0f0000df0f xmm3=0x000045ce000045ce0000f1da0000f1da 
  xmm4=0x00009cb800009cb80000473300004733 xmm5=0x0000e4340000e43400000fb100000fb1 
  xmm6=0x00003961000039610000024c0000024c xmm7=0x0000765e0000765e00007f6900007f69 

    > load from +0xfe8 value 0x184500001845
0x5d: popfq 
  rax=0x0000184500001845 rbx=0x0000c0cf0000c0cf rcx=0x000011a1000011a1 rdx=0x00003c2400003c24
  rsi=0x0000870800008708 rdi=0x00004c7100004c71 flags=0b000001000110
  xmm0=0x00000af400000af400007e4100007e41 xmm1=0x0000adde0000adde0000992a0000992a 
  xmm2=0x00009d2700009d270000df0f0000df0f xmm3=0x000045ce000045ce0000f1da0000f1da 
  xmm4=0x00009cb800009cb80000473300004733 xmm5=0x0000e4340000e43400000fb100000fb1 
  xmm6=0x00003961000039610000024c0000024c xmm7=0x0000765e0000765e00007f6900007f69 

    > load from +0xff0 value 0x87
0x5e: and rax, 0b1111111111111
  rax=0x0000184500001845 rbx=0x0000c0cf0000c0cf rcx=0x000011a1000011a1 rdx=0x00003c2400003c24
  rsi=0x0000870800008708 rdi=0x00004c7100004c71 flags=0b000010000111
  xmm0=0x00000af400000af400007e4100007e41 xmm1=0x0000adde0000adde0000992a0000992a 
  xmm2=0x00009d2700009d270000df0f0000df0f xmm3=0x000045ce000045ce0000f1da0000f1da 
  xmm4=0x00009cb800009cb80000473300004733 xmm5=0x0000e4340000e43400000fb100000fb1 
  xmm6=0x00003961000039610000024c0000024c xmm7=0x0000765e0000765e00007f6900007f69 

0x64: cmp [r14 +rax], -87
  rax=0x0000000000001845 rbx=0x0000c0cf0000c0cf rcx=0x000011a1000011a1 rdx=0x00003c2400003c24
  rsi=0x0000870800008708 rdi=0x00004c7100004c71 flags=0b000000000010
  xmm0=0x00000af400000af400007e4100007e41 xmm1=0x0000adde0000adde0000992a0000992a 
  xmm2=0x00009d2700009d270000df0f0000df0f xmm3=0x000045ce000045ce0000f1da0000f1da 
  xmm4=0x00009cb800009cb80000473300004733 xmm5=0x0000e4340000e43400000fb100000fb1 
  xmm6=0x00003961000039610000024c0000024c xmm7=0x0000765e0000765e00007f6900007f69 

    > load from +0x1845 value 0x3400008d
0x69: xchg cl, cl
  rax=0x0000000000001845 rbx=0x0000c0cf0000c0cf rcx=0x000011a1000011a1 rdx=0x00003c2400003c24
  rsi=0x0000870800008708 rdi=0x00004c7100004c71 flags=0b000000000111
  xmm0=0x00000af400000af400007e4100007e41 xmm1=0x0000adde0000adde0000992a0000992a 
  xmm2=0x00009d2700009d270000df0f0000df0f xmm3=0x000045ce000045ce0000f1da0000f1da 
  xmm4=0x00009cb800009cb80000473300004733 xmm5=0x0000e4340000e43400000fb100000fb1 
  xmm6=0x00003961000039610000024c0000024c xmm7=0x0000765e0000765e00007f6900007f69 

0x6b: imul rsi
  rax=0x0000000000001845 rbx=0x0000c0cf0000c0cf rcx=0x000011a1000011a1 rdx=0x00003c2400003c24
  rsi=0x0000870800008708 rdi=0x00004c7100004c71 flags=0b000000000111
  xmm0=0x00000af400000af400007e4100007e41 xmm1=0x0000adde0000adde0000992a0000992a 
  xmm2=0x00009d2700009d270000df0f0000df0f xmm3=0x000045ce000045ce0000f1da0000f1da 
  xmm4=0x00009cb800009cb80000473300004733 xmm5=0x0000e4340000e43400000fb100000fb1 
  xmm6=0x00003961000039610000024c0000024c xmm7=0x0000765e0000765e00007f6900007f69 

0x6e: and rdi, 0b1111111111111
  rax=0x0ccd25280ccd2528 rbx=0x0000c0cf0000c0cf rcx=0x000011a1000011a1 rdx=0x0000000000000000
  rsi=0x0000870800008708 rdi=0x00004c7100004c71 flags=0b000000000110
  xmm0=0x00000af400000af400007e4100007e41 xmm1=0x0000adde0000adde0000992a0000992a 
  xmm2=0x00009d2700009d270000df0f0000df0f xmm3=0x000045ce000045ce0000f1da0000f1da 
  xmm4=0x00009cb800009cb80000473300004733 xmm5=0x0000e4340000e43400000fb100000fb1 
  xmm6=0x00003961000039610000024c0000024c xmm7=0x0000765e0000765e00007f6900007f69 

0x75: movsx esi, [r14 +rdi]
  rax=0x0ccd25280ccd2528 rbx=0x0000c0cf0000c0cf rcx=0x000011a1000011a1 rdx=0x0000000000000000
  rsi=0x0000870800008708 rdi=0x0000000000000c71 flags=0b000000000110
  xmm0=0x00000af400000af400007e4100007e41 xmm1=0x0000adde0000adde0000992a0000992a 
  xmm2=0x00009d2700009d270000df0f0000df0f xmm3=0x000045ce000045ce0000f1da0000f1da 
  xmm4=0x00009cb800009cb80000473300004733 xmm5=0x0000e4340000e43400000fb100000fb1 
  xmm6=0x00003961000039610000024c0000024c xmm7=0x0000765e0000765e00007f6900007f69 

    > load from +0xc71 value 0xcf
0x7a: and rax, 0b1111111111111
  rax=0x0ccd25280ccd2528 rbx=0x0000c0cf0000c0cf rcx=0x000011a1000011a1 rdx=0x0000000000000000
  rsi=0x00000000000000cf rdi=0x0000000000000c71 flags=0b000000000110
  xmm0=0x00000af400000af400007e4100007e41 xmm1=0x0000adde0000adde0000992a0000992a 
  xmm2=0x00009d2700009d270000df0f0000df0f xmm3=0x000045ce000045ce0000f1da0000f1da 
  xmm4=0x00009cb800009cb80000473300004733 xmm5=0x0000e4340000e43400000fb100000fb1 
  xmm6=0x00003961000039610000024c0000024c xmm7=0x0000765e0000765e00007f6900007f69 

0x80: cmp [r14 +rax], dx
  rax=0x0000000000000528 rbx=0x0000c0cf0000c0cf rcx=0x000011a1000011a1 rdx=0x0000000000000000
  rsi=0x00000000000000cf rdi=0x0000000000000c71 flags=0b000000000110
  xmm0=0x00000af400000af400007e4100007e41 xmm1=0x0000adde0000adde0000992a0000992a 
  xmm2=0x00009d2700009d270000df0f0000df0f xmm3=0x000045ce000045ce0000f1da0000f1da 
  xmm4=0x00009cb800009cb80000473300004733 xmm5=0x0000e4340000e43400000fb100000fb1 
  xmm6=0x00003961000039610000024c0000024c xmm7=0x0000765e0000765e00007f6900007f69 

    > load from +0x528 value 0x1619
0x85: xor ax, 18625
  rax=0x0000000000000528 rbx=0x0000c0cf0000c0cf rcx=0x000011a1000011a1 rdx=0x0000000000000000
  rsi=0x00000000000000cf rdi=0x0000000000000c71 flags=0b000000000010
  xmm0=0x00000af400000af400007e4100007e41 xmm1=0x0000adde0000adde0000992a0000992a 
  xmm2=0x00009d2700009d270000df0f0000df0f xmm3=0x000045ce000045ce0000f1da0000f1da 
  xmm4=0x00009cb800009cb80000473300004733 xmm5=0x0000e4340000e43400000fb100000fb1 
  xmm6=0x00003961000039610000024c0000024c xmm7=0x0000765e0000765e00007f6900007f69 

0x89: and rsi, 0b1111111111111
  rax=0x0000000000004de9 rbx=0x0000c0cf0000c0cf rcx=0x000011a1000011a1 rdx=0x0000000000000000
  rsi=0x00000000000000cf rdi=0x0000000000000c71 flags=0b000000000010
  xmm0=0x00000af400000af400007e4100007e41 xmm1=0x0000adde0000adde0000992a0000992a 
  xmm2=0x00009d2700009d270000df0f0000df0f xmm3=0x000045ce000045ce0000f1da0000f1da 
  xmm4=0x00009cb800009cb80000473300004733 xmm5=0x0000e4340000e43400000fb100000fb1 
  xmm6=0x00003961000039610000024c0000024c xmm7=0x0000765e0000765e00007f6900007f69 

0x90: or [r14 +rsi], 0b1000
  rax=0x0000000000004de9 rbx=0x0000c0cf0000c0cf rcx=0x000011a1000011a1 rdx=0x0000000000000000
  rsi=0x00000000000000cf rdi=0x0000000000000c71 flags=0b000000000110
  xmm0=0x00000af400000af400007e4100007e41 xmm1=0x0000adde0000adde0000992a0000992a 
  xmm2=0x00009d2700009d270000df0f0000df0f xmm3=0x000045ce000045ce0000f1da0000f1da 
  xmm4=0x00009cb800009cb80000473300004733 xmm5=0x0000e4340000e43400000fb100000fb1 
  xmm6=0x00003961000039610000024c0000024c xmm7=0x0000765e0000765e00007f6900007f69 

    > load from +0xcf value 0x0
    > store to +0xcf value 0x8
0x95: and [r14 +rsi], 0b11111000
  rax=0x0000000000004de9 rbx=0x0000c0cf0000c0cf rcx=0x000011a1000011a1 rdx=0x0000000000000000
  rsi=0x00000000000000cf rdi=0x0000000000000c71 flags=0b000000000010
  xmm0=0x00000af400000af400007e4100007e41 xmm1=0x0000adde0000adde0000992a0000992a 
  xmm2=0x00009d2700009d270000df0f0000df0f xmm3=0x000045ce000045ce0000f1da0000f1da 
  xmm4=0x00009cb800009cb80000473300004733 xmm5=0x0000e4340000e43400000fb100000fb1 
  xmm6=0x00003961000039610000024c0000024c xmm7=0x0000765e0000765e00007f6900007f69 

    > load from +0xcf value 0x8
    > store to +0xcf value 0x8
0x9a: mov ax, 1
  rax=0x0000000000004de9 rbx=0x0000c0cf0000c0cf rcx=0x000011a1000011a1 rdx=0x0000000000000000
  rsi=0x00000000000000cf rdi=0x0000000000000c71 flags=0b000000000010
  xmm0=0x00000af400000af400007e4100007e41 xmm1=0x0000adde0000adde0000992a0000992a 
  xmm2=0x00009d2700009d270000df0f0000df0f xmm3=0x000045ce000045ce0000f1da0000f1da 
  xmm4=0x00009cb800009cb80000473300004733 xmm5=0x0000e4340000e43400000fb100000fb1 
  xmm6=0x00003961000039610000024c0000024c xmm7=0x0000765e0000765e00007f6900007f69 

0x9e: idiv [r14 +rsi]
  rax=0x0000000000000001 rbx=0x0000c0cf0000c0cf rcx=0x000011a1000011a1 rdx=0x0000000000000000
  rsi=0x00000000000000cf rdi=0x0000000000000c71 flags=0b000000000010
  xmm0=0x00000af400000af400007e4100007e41 xmm1=0x0000adde0000adde0000992a0000992a 
  xmm2=0x00009d2700009d270000df0f0000df0f xmm3=0x000045ce000045ce0000f1da0000f1da 
  xmm4=0x00009cb800009cb80000473300004733 xmm5=0x0000e4340000e43400000fb100000fb1 
  xmm6=0x00003961000039610000024c0000024c xmm7=0x0000765e0000765e00007f6900007f69 

    > load from +0xcf value 0x8
0xa2: and rdx, 0b1111111111111
  rax=0x0000000000000100 rbx=0x0000c0cf0000c0cf rcx=0x000011a1000011a1 rdx=0x0000000000000000
  rsi=0x00000000000000cf rdi=0x0000000000000c71 flags=0b000000000010
  xmm0=0x00000af400000af400007e4100007e41 xmm1=0x0000adde0000adde0000992a0000992a 
  xmm2=0x00009d2700009d270000df0f0000df0f xmm3=0x000045ce000045ce0000f1da0000f1da 
  xmm4=0x00009cb800009cb80000473300004733 xmm5=0x0000e4340000e43400000fb100000fb1 
  xmm6=0x00003961000039610000024c0000024c xmm7=0x0000765e0000765e00007f6900007f69 

0xa9: movsx rsi, [r14 +rdx]
  rax=0x0000000000000100 rbx=0x0000c0cf0000c0cf rcx=0x000011a1000011a1 rdx=0x0000000000000000
  rsi=0x00000000000000cf rdi=0x0000000000000c71 flags=0b000001000110
  xmm0=0x00000af400000af400007e4100007e41 xmm1=0x0000adde0000adde0000992a0000992a 
  xmm2=0x00009d2700009d270000df0f0000df0f xmm3=0x000045ce000045ce0000f1da0000f1da 
  xmm4=0x00009cb800009cb80000473300004733 xmm5=0x0000e4340000e43400000fb100000fb1 
  xmm6=0x00003961000039610000024c0000024c xmm7=0x0000765e0000765e00007f6900007f69 

    > load from +0x0 value 0x3f
0xae: and rsi, 0b1111111111111
  rax=0x0000000000000100 rbx=0x0000c0cf0000c0cf rcx=0x000011a1000011a1 rdx=0x0000000000000000
  rsi=0x000000000000003f rdi=0x0000000000000c71 flags=0b000001000110
  xmm0=0x00000af400000af400007e4100007e41 xmm1=0x0000adde0000adde0000992a0000992a 
  xmm2=0x00009d2700009d270000df0f0000df0f xmm3=0x000045ce000045ce0000f1da0000f1da 
  xmm4=0x00009cb800009cb80000473300004733 xmm5=0x0000e4340000e43400000fb100000fb1 
  xmm6=0x00003961000039610000024c0000024c xmm7=0x0000765e0000765e00007f6900007f69 

0xb5: imul [r14 +rsi]
  rax=0x0000000000000100 rbx=0x0000c0cf0000c0cf rcx=0x000011a1000011a1 rdx=0x0000000000000000
  rsi=0x000000000000003f rdi=0x0000000000000c71 flags=0b000000000110
  xmm0=0x00000af400000af400007e4100007e41 xmm1=0x0000adde0000adde0000992a0000992a 
  xmm2=0x00009d2700009d270000df0f0000df0f xmm3=0x000045ce000045ce0000f1da0000f1da 
  xmm4=0x00009cb800009cb80000473300004733 xmm5=0x0000e4340000e43400000fb100000fb1 
  xmm6=0x00003961000039610000024c0000024c xmm7=0x0000765e0000765e00007f6900007f69 

    > load from +0x3f value 0x586d00
0xb9: and rbx, 0b1111111111111
  rax=0x00000000586d0000 rbx=0x0000c0cf0000c0cf rcx=0x000011a1000011a1 rdx=0x0000000000000000
  rsi=0x000000000000003f rdi=0x0000000000000c71 flags=0b000000000110
  xmm0=0x00000af400000af400007e4100007e41 xmm1=0x0000adde0000adde0000992a0000992a 
  xmm2=0x00009d2700009d270000df0f0000df0f xmm3=0x000045ce000045ce0000f1da0000f1da 
  xmm4=0x00009cb800009cb80000473300004733 xmm5=0x0000e4340000e43400000fb100000fb1 
  xmm6=0x00003961000039610000024c0000024c xmm7=0x0000765e0000765e00007f6900007f69 

0xc0: cmovo rdi, [r14 +rbx]
  rax=0x00000000586d0000 rbx=0x00000000000000cf rcx=0x000011a1000011a1 rdx=0x0000000000000000
  rsi=0x000000000000003f rdi=0x0000000000000c71 flags=0b000000000110
  xmm0=0x00000af400000af400007e4100007e41 xmm1=0x0000adde0000adde0000992a0000992a 
  xmm2=0x00009d2700009d270000df0f0000df0f xmm3=0x000045ce000045ce0000f1da0000f1da 
  xmm4=0x00009cb800009cb80000473300004733 xmm5=0x0000e4340000e43400000fb100000fb1 
  xmm6=0x00003961000039610000024c0000024c xmm7=0x0000765e0000765e00007f6900007f69 

    > load from +0xcf value 0x92c6000092c608
0xc5: test bl, bl
  rax=0x00000000586d0000 rbx=0x00000000000000cf rcx=0x000011a1000011a1 rdx=0x0000000000000000
  rsi=0x000000000000003f rdi=0x0000000000000c71 flags=0b000000000110
  xmm0=0x00000af400000af400007e4100007e41 xmm1=0x0000adde0000adde0000992a0000992a 
  xmm2=0x00009d2700009d270000df0f0000df0f xmm3=0x000045ce000045ce0000f1da0000f1da 
  xmm4=0x00009cb800009cb80000473300004733 xmm5=0x0000e4340000e43400000fb100000fb1 
  xmm6=0x00003961000039610000024c0000024c xmm7=0x0000765e0000765e00007f6900007f69 

0xc7: and rbx, 0b1111111111111
  rax=0x00000000586d0000 rbx=0x00000000000000cf rcx=0x000011a1000011a1 rdx=0x0000000000000000
  rsi=0x000000000000003f rdi=0x0000000000000c71 flags=0b000010000110
  xmm0=0x00000af400000af400007e4100007e41 xmm1=0x0000adde0000adde0000992a0000992a 
  xmm2=0x00009d2700009d270000df0f0000df0f xmm3=0x000045ce000045ce0000f1da0000f1da 
  xmm4=0x00009cb800009cb80000473300004733 xmm5=0x0000e4340000e43400000fb100000fb1 
  xmm6=0x00003961000039610000024c0000024c xmm7=0x0000765e0000765e00007f6900007f69 

0xce: sub esi, [r14 +rbx]
  rax=0x00000000586d0000 rbx=0x00000000000000cf rcx=0x000011a1000011a1 rdx=0x0000000000000000
  rsi=0x000000000000003f rdi=0x0000000000000c71 flags=0b000000000110
  xmm0=0x00000af400000af400007e4100007e41 xmm1=0x0000adde0000adde0000992a0000992a 
  xmm2=0x00009d2700009d270000df0f0000df0f xmm3=0x000045ce000045ce0000f1da0000f1da 
  xmm4=0x00009cb800009cb80000473300004733 xmm5=0x0000e4340000e43400000fb100000fb1 
  xmm6=0x00003961000039610000024c0000024c xmm7=0x0000765e0000765e00007f6900007f69 

    > load from +0xcf value 0x92c608
0xd2: and rsi, 0b1111111111111
  rax=0x00000000586d0000 rbx=0x00000000000000cf rcx=0x000011a1000011a1 rdx=0x0000000000000000
  rsi=0x00000000ff6d3a37 rdi=0x0000000000000c71 flags=0b000010000011
  xmm0=0x00000af400000af400007e4100007e41 xmm1=0x0000adde0000adde0000992a0000992a 
  xmm2=0x00009d2700009d270000df0f0000df0f xmm3=0x000045ce000045ce0000f1da0000f1da 
  xmm4=0x00009cb800009cb80000473300004733 xmm5=0x0000e4340000e43400000fb100000fb1 
  xmm6=0x00003961000039610000024c0000024c xmm7=0x0000765e0000765e00007f6900007f69 

0xd9: cmovp rdx, [r14 +rsi]
  rax=0x00000000586d0000 rbx=0x00000000000000cf rcx=0x000011a1000011a1 rdx=0x0000000000000000
  rsi=0x0000000000001a37 rdi=0x0000000000000c71 flags=0b000000000010
  xmm0=0x00000af400000af400007e4100007e41 xmm1=0x0000adde0000adde0000992a0000992a 
  xmm2=0x00009d2700009d270000df0f0000df0f xmm3=0x000045ce000045ce0000f1da0000f1da 
  xmm4=0x00009cb800009cb80000473300004733 xmm5=0x0000e4340000e43400000fb100000fb1 
  xmm6=0x00003961000039610000024c0000024c xmm7=0x0000765e0000765e00007f6900007f69 

    > load from +0x1a37 value 0x67620000676200
0xde: and rax, 0b1111111111111
  rax=0x00000000586d0000 rbx=0x00000000000000cf rcx=0x000011a1000011a1 rdx=0x0000000000000000
  rsi=0x0000000000001a37 rdi=0x0000000000000c71 flags=0b000000000010
  xmm0=0x00000af400000af400007e4100007e41 xmm1=0x0000adde0000adde0000992a0000992a 
  xmm2=0x00009d2700009d270000df0f0000df0f xmm3=0x000045ce000045ce0000f1da0000f1da 
  xmm4=0x00009cb800009cb80000473300004733 xmm5=0x0000e4340000e43400000fb100000fb1 
  xmm6=0x00003961000039610000024c0000024c xmm7=0x0000765e0000765e00007f6900007f69 

0xe4: cmovnle si, [r14 +rax]
  rax=0x0000000000000000 rbx=0x00000000000000cf rcx=0x000011a1000011a1 rdx=0x0000000000000000
  rsi=0x0000000000001a37 rdi=0x0000000000000c71 flags=0b000001000110
  xmm0=0x00000af400000af400007e4100007e41 xmm1=0x0000adde0000adde0000992a0000992a 
  xmm2=0x00009d2700009d270000df0f0000df0f xmm3=0x000045ce000045ce0000f1da0000f1da 
  xmm4=0x00009cb800009cb80000473300004733 xmm5=0x0000e4340000e43400000fb100000fb1 
  xmm6=0x00003961000039610000024c0000024c xmm7=0x0000765e0000765e00007f6900007f69 

    > load from +0x0 value 0xb53f
0xea: setp al
  rax=0x0000000000000000 rbx=0x00000000000000cf rcx=0x000011a1000011a1 rdx=0x0000000000000000
  rsi=0x0000000000001a37 rdi=0x0000000000000c71 flags=0b000001000110
  xmm0=0x00000af400000af400007e4100007e41 xmm1=0x0000adde0000adde0000992a0000992a 
  xmm2=0x00009d2700009d270000df0f0000df0f xmm3=0x000045ce000045ce0000f1da0000f1da 
  xmm4=0x00009cb800009cb80000473300004733 xmm5=0x0000e4340000e43400000fb100000fb1 
  xmm6=0x00003961000039610000024c0000024c xmm7=0x0000765e0000765e00007f6900007f69 

0xed: and rdx, 0b1111111111111
  rax=0x0000000000000001 rbx=0x00000000000000cf rcx=0x000011a1000011a1 rdx=0x0000000000000000
  rsi=0x0000000000001a37 rdi=0x0000000000000c71 flags=0b000001000110
  xmm0=0x00000af400000af400007e4100007e41 xmm1=0x0000adde0000adde0000992a0000992a 
  xmm2=0x00009d2700009d270000df0f0000df0f xmm3=0x000045ce000045ce0000f1da0000f1da 
  xmm4=0x00009cb800009cb80000473300004733 xmm5=0x0000e4340000e43400000fb100000fb1 
  xmm6=0x00003961000039610000024c0000024c xmm7=0x0000765e0000765e00007f6900007f69 

0xf4: cmp [r14 +rdx], cx
  rax=0x0000000000000001 rbx=0x00000000000000cf rcx=0x000011a1000011a1 rdx=0x0000000000000000
  rsi=0x0000000000001a37 rdi=0x0000000000000c71 flags=0b000001000110
  xmm0=0x00000af400000af400007e4100007e41 xmm1=0x0000adde0000adde0000992a0000992a 
  xmm2=0x00009d2700009d270000df0f0000df0f xmm3=0x000045ce000045ce0000f1da0000f1da 
  xmm4=0x00009cb800009cb80000473300004733 xmm5=0x0000e4340000e43400000fb100000fb1 
  xmm6=0x00003961000039610000024c0000024c xmm7=0x0000765e0000765e00007f6900007f69 

    > load from +0x0 value 0xb53f
0xf9: and rdi, 0b1111111111111
  rax=0x0000000000000001 rbx=0x00000000000000cf rcx=0x000011a1000011a1 rdx=0x0000000000000000
  rsi=0x0000000000001a37 rdi=0x0000000000000c71 flags=0b000010000010
  xmm0=0x00000af400000af400007e4100007e41 xmm1=0x0000adde0000adde0000992a0000992a 
  xmm2=0x00009d2700009d270000df0f0000df0f xmm3=0x000045ce000045ce0000f1da0000f1da 
  xmm4=0x00009cb800009cb80000473300004733 xmm5=0x0000e4340000e43400000fb100000fb1 
  xmm6=0x00003961000039610000024c0000024c xmm7=0x0000765e0000765e00007f6900007f69 

0x100: cmovs si, [r14 +rdi]
  rax=0x0000000000000001 rbx=0x00000000000000cf rcx=0x000011a1000011a1 rdx=0x0000000000000000
  rsi=0x0000000000001a37 rdi=0x0000000000000c71 flags=0b000000000110
  xmm0=0x00000af400000af400007e4100007e41 xmm1=0x0000adde0000adde0000992a0000992a 
  xmm2=0x00009d2700009d270000df0f0000df0f xmm3=0x000045ce000045ce0000f1da0000f1da 
  xmm4=0x00009cb800009cb80000473300004733 xmm5=0x0000e4340000e43400000fb100000fb1 
  xmm6=0x00003961000039610000024c0000024c xmm7=0x0000765e0000765e00007f6900007f69 

    > load from +0xc71 value 0xcf
0x106: and rbx, 0b1111111111111
  rax=0x0000000000000001 rbx=0x00000000000000cf rcx=0x000011a1000011a1 rdx=0x0000000000000000
  rsi=0x0000000000001a37 rdi=0x0000000000000c71 flags=0b000000000110
  xmm0=0x00000af400000af400007e4100007e41 xmm1=0x0000adde0000adde0000992a0000992a 
  xmm2=0x00009d2700009d270000df0f0000df0f xmm3=0x000045ce000045ce0000f1da0000f1da 
  xmm4=0x00009cb800009cb80000473300004733 xmm5=0x0000e4340000e43400000fb100000fb1 
  xmm6=0x00003961000039610000024c0000024c xmm7=0x0000765e0000765e00007f6900007f69 

0x10d: or [r14 +rbx], 0b1000000000000000000000000000000
  rax=0x0000000000000001 rbx=0x00000000000000cf rcx=0x000011a1000011a1 rdx=0x0000000000000000
  rsi=0x0000000000001a37 rdi=0x0000000000000c71 flags=0b000000000110
  xmm0=0x00000af400000af400007e4100007e41 xmm1=0x0000adde0000adde0000992a0000992a 
  xmm2=0x00009d2700009d270000df0f0000df0f xmm3=0x000045ce000045ce0000f1da0000f1da 
  xmm4=0x00009cb800009cb80000473300004733 xmm5=0x0000e4340000e43400000fb100000fb1 
  xmm6=0x00003961000039610000024c0000024c xmm7=0x0000765e0000765e00007f6900007f69 

    > load from +0xcf value 0x92c6000092c608
    > store to +0xcf value 0x92c6004092c608
0x115: bsf rax, [r14 +rbx]
  rax=0x0000000000000001 rbx=0x00000000000000cf rcx=0x000011a1000011a1 rdx=0x0000000000000000
  rsi=0x0000000000001a37 rdi=0x0000000000000c71 flags=0b000000000010
  xmm0=0x00000af400000af400007e4100007e41 xmm1=0x0000adde0000adde0000992a0000992a 
  xmm2=0x00009d2700009d270000df0f0000df0f xmm3=0x000045ce000045ce0000f1da0000f1da 
  xmm4=0x00009cb800009cb80000473300004733 xmm5=0x0000e4340000e43400000fb100000fb1 
  xmm6=0x00003961000039610000024c0000024c xmm7=0x0000765e0000765e00007f6900007f69 

    > load from +0xcf value 0x92c6004092c608
0x11a: add sil, -41
  rax=0x0000000000000003 rbx=0x00000000000000cf rcx=0x000011a1000011a1 rdx=0x0000000000000000
  rsi=0x0000000000001a37 rdi=0x0000000000000c71 flags=0b000000000010
  xmm0=0x00000af400000af400007e4100007e41 xmm1=0x0000adde0000adde0000992a0000992a 
  xmm2=0x00009d2700009d270000df0f0000df0f xmm3=0x000045ce000045ce0000f1da0000f1da 
  xmm4=0x00009cb800009cb80000473300004733 xmm5=0x0000e4340000e43400000fb100000fb1 
  xmm6=0x00003961000039610000024c0000024c xmm7=0x0000765e0000765e00007f6900007f69 

0x11e: clc 
  rax=0x0000000000000003 rbx=0x00000000000000cf rcx=0x000011a1000011a1 rdx=0x0000000000000000
  rsi=0x0000000000001a0e rdi=0x0000000000000c71 flags=0b000000000011
  xmm0=0x00000af400000af400007e4100007e41 xmm1=0x0000adde0000adde0000992a0000992a 
  xmm2=0x00009d2700009d270000df0f0000df0f xmm3=0x000045ce000045ce0000f1da0000f1da 
  xmm4=0x00009cb800009cb80000473300004733 xmm5=0x0000e4340000e43400000fb100000fb1 
  xmm6=0x00003961000039610000024c0000024c xmm7=0x0000765e0000765e00007f6900007f69 

0x11f: sets al
  rax=0x0000000000000003 rbx=0x00000000000000cf rcx=0x000011a1000011a1 rdx=0x0000000000000000
  rsi=0x0000000000001a0e rdi=0x0000000000000c71 flags=0b000000000010
  xmm0=0x00000af400000af400007e4100007e41 xmm1=0x0000adde0000adde0000992a0000992a 
  xmm2=0x00009d2700009d270000df0f0000df0f xmm3=0x000045ce000045ce0000f1da0000f1da 
  xmm4=0x00009cb800009cb80000473300004733 xmm5=0x0000e4340000e43400000fb100000fb1 
  xmm6=0x00003961000039610000024c0000024c xmm7=0x0000765e0000765e00007f6900007f69 

0x122: setb bl
  rax=0x0000000000000000 rbx=0x00000000000000cf rcx=0x000011a1000011a1 rdx=0x0000000000000000
  rsi=0x0000000000001a0e rdi=0x0000000000000c71 flags=0b000000000010
  xmm0=0x00000af400000af400007e4100007e41 xmm1=0x0000adde0000adde0000992a0000992a 
  xmm2=0x00009d2700009d270000df0f0000df0f xmm3=0x000045ce000045ce0000f1da0000f1da 
  xmm4=0x00009cb800009cb80000473300004733 xmm5=0x0000e4340000e43400000fb100000fb1 
  xmm6=0x00003961000039610000024c0000024c xmm7=0x0000765e0000765e00007f6900007f69 

0x125: and rdx, 0b1111111111111
  rax=0x0000000000000000 rbx=0x0000000000000000 rcx=0x000011a1000011a1 rdx=0x0000000000000000
  rsi=0x0000000000001a0e rdi=0x0000000000000c71 flags=0b000000000010
  xmm0=0x00000af400000af400007e4100007e41 xmm1=0x0000adde0000adde0000992a0000992a 
  xmm2=0x00009d2700009d270000df0f0000df0f xmm3=0x000045ce000045ce0000f1da0000f1da 
  xmm4=0x00009cb800009cb80000473300004733 xmm5=0x0000e4340000e43400000fb100000fb1 
  xmm6=0x00003961000039610000024c0000024c xmm7=0x0000765e0000765e00007f6900007f69 

0x12c: movsx ebx, [r14 +rdx]
  rax=0x0000000000000000 rbx=0x0000000000000000 rcx=0x000011a1000011a1 rdx=0x0000000000000000
  rsi=0x0000000000001a0e rdi=0x0000000000000c71 flags=0b000001000110
  xmm0=0x00000af400000af400007e4100007e41 xmm1=0x0000adde0000adde0000992a0000992a 
  xmm2=0x00009d2700009d270000df0f0000df0f xmm3=0x000045ce000045ce0000f1da0000f1da 
  xmm4=0x00009cb800009cb80000473300004733 xmm5=0x0000e4340000e43400000fb100000fb1 
  xmm6=0x00003961000039610000024c0000024c xmm7=0x0000765e0000765e00007f6900007f69 

    > load from +0x0 value 0x3f
0x131: or ecx, ebx
  rax=0x0000000000000000 rbx=0x000000000000003f rcx=0x000011a1000011a1 rdx=0x0000000000000000
  rsi=0x0000000000001a0e rdi=0x0000000000000c71 flags=0b000001000110
  xmm0=0x00000af400000af400007e4100007e41 xmm1=0x0000adde0000adde0000992a0000992a 
  xmm2=0x00009d2700009d270000df0f0000df0f xmm3=0x000045ce000045ce0000f1da0000f1da 
  xmm4=0x00009cb800009cb80000473300004733 xmm5=0x0000e4340000e43400000fb100000fb1 
  xmm6=0x00003961000039610000024c0000024c xmm7=0x0000765e0000765e00007f6900007f69 

0x133: and rsi, 0b1111111111111
  rax=0x0000000000000000 rbx=0x000000000000003f rcx=0x00000000000011bf rdx=0x0000000000000000
  rsi=0x0000000000001a0e rdi=0x0000000000000c71 flags=0b000000000010
  xmm0=0x00000af400000af400007e4100007e41 xmm1=0x0000adde0000adde0000992a0000992a 
  xmm2=0x00009d2700009d270000df0f0000df0f xmm3=0x000045ce000045ce0000f1da0000f1da 
  xmm4=0x00009cb800009cb80000473300004733 xmm5=0x0000e4340000e43400000fb100000fb1 
  xmm6=0x00003961000039610000024c0000024c xmm7=0x0000765e0000765e00007f6900007f69 

0x13a: cmovnp dx, [r14 +rsi]
  rax=0x0000000000000000 rbx=0x000000000000003f rcx=0x00000000000011bf rdx=0x0000000000000000
  rsi=0x0000000000001a0e rdi=0x0000000000000c71 flags=0b000000000010
  xmm0=0x00000af400000af400007e4100007e41 xmm1=0x0000adde0000adde0000992a0000992a 
  xmm2=0x00009d2700009d270000df0f0000df0f xmm3=0x000045ce000045ce0000f1da0000f1da 
  xmm4=0x00009cb800009cb80000473300004733 xmm5=0x0000e4340000e43400000fb100000fb1 
  xmm6=0x00003961000039610000024c0000024c xmm7=0x0000765e0000765e00007f6900007f69 

    > load from +0x1a0e value 0x0
0x140: and rdx, 0b1111111111111
  rax=0x0000000000000000 rbx=0x000000000000003f rcx=0x00000000000011bf rdx=0x0000000000000000
  rsi=0x0000000000001a0e rdi=0x0000000000000c71 flags=0b000000000010
  xmm0=0x00000af400000af400007e4100007e41 xmm1=0x0000adde0000adde0000992a0000992a 
  xmm2=0x00009d2700009d270000df0f0000df0f xmm3=0x000045ce000045ce0000f1da0000f1da 
  xmm4=0x00009cb800009cb80000473300004733 xmm5=0x0000e4340000e43400000fb100000fb1 
  xmm6=0x00003961000039610000024c0000024c xmm7=0x0000765e0000765e00007f6900007f69 

0x147: or [r14 +rdx], 1
  rax=0x0000000000000000 rbx=0x000000000000003f rcx=0x00000000000011bf rdx=0x0000000000000000
  rsi=0x0000000000001a0e rdi=0x0000000000000c71 flags=0b000001000110
  xmm0=0x00000af400000af400007e4100007e41 xmm1=0x0000adde0000adde0000992a0000992a 
  xmm2=0x00009d2700009d270000df0f0000df0f xmm3=0x000045ce000045ce0000f1da0000f1da 
  xmm4=0x00009cb800009cb80000473300004733 xmm5=0x0000e4340000e43400000fb100000fb1 
  xmm6=0x00003961000039610000024c0000024c xmm7=0x0000765e0000765e00007f6900007f69 

    > load from +0x0 value 0x3f
    > store to +0x0 value 0x3f
0x14c: and rcx, 0b1111111111111
  rax=0x0000000000000000 rbx=0x000000000000003f rcx=0x00000000000011bf rdx=0x0000000000000000
  rsi=0x0000000000001a0e rdi=0x0000000000000c71 flags=0b000000000110
  xmm0=0x00000af400000af400007e4100007e41 xmm1=0x0000adde0000adde0000992a0000992a 
  xmm2=0x00009d2700009d270000df0f0000df0f xmm3=0x000045ce000045ce0000f1da0000f1da 
  xmm4=0x00009cb800009cb80000473300004733 xmm5=0x0000e4340000e43400000fb100000fb1 
  xmm6=0x00003961000039610000024c0000024c xmm7=0x0000765e0000765e00007f6900007f69 

0x153: add al, [r14 +rcx]
  rax=0x0000000000000000 rbx=0x000000000000003f rcx=0x00000000000011bf rdx=0x0000000000000000
  rsi=0x0000000000001a0e rdi=0x0000000000000c71 flags=0b000000000010
  xmm0=0x00000af400000af400007e4100007e41 xmm1=0x0000adde0000adde0000992a0000992a 
  xmm2=0x00009d2700009d270000df0f0000df0f xmm3=0x000045ce000045ce0000f1da0000f1da 
  xmm4=0x00009cb800009cb80000473300004733 xmm5=0x0000e4340000e43400000fb100000fb1 
  xmm6=0x00003961000039610000024c0000024c xmm7=0x0000765e0000765e00007f6900007f69 

    > load from +0x11bf value 0x0
0x157: and rsi, 0b1111111111111
  rax=0x0000000000000000 rbx=0x000000000000003f rcx=0x00000000000011bf rdx=0x0000000000000000
  rsi=0x0000000000001a0e rdi=0x0000000000000c71 flags=0b000001000110
  xmm0=0x00000af400000af400007e4100007e41 xmm1=0x0000adde0000adde0000992a0000992a 
  xmm2=0x00009d2700009d270000df0f0000df0f xmm3=0x000045ce000045ce0000f1da0000f1da 
  xmm4=0x00009cb800009cb80000473300004733 xmm5=0x0000e4340000e43400000fb100000fb1 
  xmm6=0x00003961000039610000024c0000024c xmm7=0x0000765e0000765e00007f6900007f69 

0x15e: movzx ebx, [r14 +rsi]
  rax=0x0000000000000000 rbx=0x000000000000003f rcx=0x00000000000011bf rdx=0x0000000000000000
  rsi=0x0000000000001a0e rdi=0x0000000000000c71 flags=0b000000000010
  xmm0=0x00000af400000af400007e4100007e41 xmm1=0x0000adde0000adde0000992a0000992a 
  xmm2=0x00009d2700009d270000df0f0000df0f xmm3=0x000045ce000045ce0000f1da0000f1da 
  xmm4=0x00009cb800009cb80000473300004733 xmm5=0x0000e4340000e43400000fb100000fb1 
  xmm6=0x00003961000039610000024c0000024c xmm7=0x0000765e0000765e00007f6900007f69 

    > load from +0x1a0e value 0x0
0x163: and rbx, 0b1111111111111
  rax=0x0000000000000000 rbx=0x0000000000000000 rcx=0x00000000000011bf rdx=0x0000000000000000
  rsi=0x0000000000001a0e rdi=0x0000000000000c71 flags=0b000000000010
  xmm0=0x00000af400000af400007e4100007e41 xmm1=0x0000adde0000adde0000992a0000992a 
  xmm2=0x00009d2700009d270000df0f0000df0f xmm3=0x000045ce000045ce0000f1da0000f1da 
  xmm4=0x00009cb800009cb80000473300004733 xmm5=0x0000e4340000e43400000fb100000fb1 
  xmm6=0x00003961000039610000024c0000024c xmm7=0x0000765e0000765e00007f6900007f69 

0x16a: and rbx, [r14 +rbx]
  rax=0x0000000000000000 rbx=0x0000000000000000 rcx=0x00000000000011bf rdx=0x0000000000000000
  rsi=0x0000000000001a0e rdi=0x0000000000000c71 flags=0b000001000110
  xmm0=0x00000af400000af400007e4100007e41 xmm1=0x0000adde0000adde0000992a0000992a 
  xmm2=0x00009d2700009d270000df0f0000df0f xmm3=0x000045ce000045ce0000f1da0000f1da 
  xmm4=0x00009cb800009cb80000473300004733 xmm5=0x0000e4340000e43400000fb100000fb1 
  xmm6=0x00003961000039610000024c0000024c xmm7=0x0000765e0000765e00007f6900007f69 

    > load from +0x0 value 0xb53f0000b53f
0x16e: cbw 
  rax=0x0000000000000000 rbx=0x0000000000000000 rcx=0x00000000000011bf rdx=0x0000000000000000
  rsi=0x0000000000001a0e rdi=0x0000000000000c71 flags=0b000001000110
  xmm0=0x00000af400000af400007e4100007e41 xmm1=0x0000adde0000adde0000992a0000992a 
  xmm2=0x00009d2700009d270000df0f0000df0f xmm3=0x000045ce000045ce0000f1da0000f1da 
  xmm4=0x00009cb800009cb80000473300004733 xmm5=0x0000e4340000e43400000fb100000fb1 
  xmm6=0x00003961000039610000024c0000024c xmm7=0x0000765e0000765e00007f6900007f69 

0x170: setnb cl
  rax=0x0000000000000000 rbx=0x0000000000000000 rcx=0x00000000000011bf rdx=0x0000000000000000
  rsi=0x0000000000001a0e rdi=0x0000000000000c71 flags=0b000001000110
  xmm0=0x00000af400000af400007e4100007e41 xmm1=0x0000adde0000adde0000992a0000992a 
  xmm2=0x00009d2700009d270000df0f0000df0f xmm3=0x000045ce000045ce0000f1da0000f1da 
  xmm4=0x00009cb800009cb80000473300004733 xmm5=0x0000e4340000e43400000fb100000fb1 
  xmm6=0x00003961000039610000024c0000024c xmm7=0x0000765e0000765e00007f6900007f69 

0x173: and rcx, 0b1111111111111
  rax=0x0000000000000000 rbx=0x0000000000000000 rcx=0x0000000000001101 rdx=0x0000000000000000
  rsi=0x0000000000001a0e rdi=0x0000000000000c71 flags=0b000001000110
  xmm0=0x00000af400000af400007e4100007e41 xmm1=0x0000adde0000adde0000992a0000992a 
  xmm2=0x00009d2700009d270000df0f0000df0f xmm3=0x000045ce000045ce0000f1da0000f1da 
  xmm4=0x00009cb800009cb80000473300004733 xmm5=0x0000e4340000e43400000fb100000fb1 
  xmm6=0x00003961000039610000024c0000024c xmm7=0x0000765e0000765e00007f6900007f69 

0x17a: test [r14 +rcx], -2105633054
  rax=0x0000000000000000 rbx=0x0000000000000000 rcx=0x0000000000001101 rdx=0x0000000000000000
  rsi=0x0000000000001a0e rdi=0x0000000000000c71 flags=0b000000000010
  xmm0=0x00000af400000af400007e4100007e41 xmm1=0x0000adde0000adde0000992a0000992a 
  xmm2=0x00009d2700009d270000df0f0000df0f xmm3=0x000045ce000045ce0000f1da0000f1da 
  xmm4=0x00009cb800009cb80000473300004733 xmm5=0x0000e4340000e43400000fb100000fb1 
  xmm6=0x00003961000039610000024c0000024c xmm7=0x0000765e0000765e00007f6900007f69 

    > load from +0x1101 value 0xb700004d
0x182: and rsi, 0b1111111111111
  rax=0x0000000000000000 rbx=0x0000000000000000 rcx=0x0000000000001101 rdx=0x0000000000000000
  rsi=0x0000000000001a0e rdi=0x0000000000000c71 flags=0b000010000010
  xmm0=0x00000af400000af400007e4100007e41 xmm1=0x0000adde0000adde0000992a0000992a 
  xmm2=0x00009d2700009d270000df0f0000df0f xmm3=0x000045ce000045ce0000f1da0000f1da 
  xmm4=0x00009cb800009cb80000473300004733 xmm5=0x0000e4340000e43400000fb100000fb1 
  xmm6=0x00003961000039610000024c0000024c xmm7=0x0000765e0000765e00007f6900007f69 

0x189: sub rcx, [r14 +rsi]
  rax=0x0000000000000000 rbx=0x0000000000000000 rcx=0x0000000000001101 rdx=0x0000000000000000
  rsi=0x0000000000001a0e rdi=0x0000000000000c71 flags=0b000000000010
  xmm0=0x00000af400000af400007e4100007e41 xmm1=0x0000adde0000adde0000992a0000992a 
  xmm2=0x00009d2700009d270000df0f0000df0f xmm3=0x000045ce000045ce0000f1da0000f1da 
  xmm4=0x00009cb800009cb80000473300004733 xmm5=0x0000e4340000e43400000fb100000fb1 
  xmm6=0x00003961000039610000024c0000024c xmm7=0x0000765e0000765e00007f6900007f69 

    > load from +0x1a0e value 0x1567000015670000
0x18d: and rbx, 0b1111111111111
  rax=0x0000000000000000 rbx=0x0000000000000000 rcx=0xea98ffffea991101 rdx=0x0000000000000000
  rsi=0x0000000000001a0e rdi=0x0000000000000c71 flags=0b000010000011
  xmm0=0x00000af400000af400007e4100007e41 xmm1=0x0000adde0000adde0000992a0000992a 
  xmm2=0x00009d2700009d270000df0f0000df0f xmm3=0x000045ce000045ce0000f1da0000f1da 
  xmm4=0x00009cb800009cb80000473300004733 xmm5=0x0000e4340000e43400000fb100000fb1 
  xmm6=0x00003961000039610000024c0000024c xmm7=0x0000765e0000765e00007f6900007f69 

0x194: add sil, [r14 +rbx]
  rax=0x0000000000000000 rbx=0x0000000000000000 rcx=0xea98ffffea991101 rdx=0x0000000000000000
  rsi=0x0000000000001a0e rdi=0x0000000000000c71 flags=0b000001000110
  xmm0=0x00000af400000af400007e4100007e41 xmm1=0x0000adde0000adde0000992a0000992a 
  xmm2=0x00009d2700009d270000df0f0000df0f xmm3=0x000045ce000045ce0000f1da0000f1da 
  xmm4=0x00009cb800009cb80000473300004733 xmm5=0x0000e4340000e43400000fb100000fb1 
  xmm6=0x00003961000039610000024c0000024c xmm7=0x0000765e0000765e00007f6900007f69 

    > load from +0x0 value 0x3f
0x198: and rcx, 0b1111111111111
  rax=0x0000000000000000 rbx=0x0000000000000000 rcx=0xea98ffffea991101 rdx=0x0000000000000000
  rsi=0x0000000000001a4d rdi=0x0000000000000c71 flags=0b000000010110
  xmm0=0x00000af400000af400007e4100007e41 xmm1=0x0000adde0000adde0000992a0000992a 
  xmm2=0x00009d2700009d270000df0f0000df0f xmm3=0x000045ce000045ce0000f1da0000f1da 
  xmm4=0x00009cb800009cb80000473300004733 xmm5=0x0000e4340000e43400000fb100000fb1 
  xmm6=0x00003961000039610000024c0000024c xmm7=0x0000765e0000765e00007f6900007f69 

0x19f: test [r14 +rcx], al
  rax=0x0000000000000000 rbx=0x0000000000000000 rcx=0x0000000000001101 rdx=0x0000000000000000
  rsi=0x0000000000001a4d rdi=0x0000000000000c71 flags=0b000000000010
  xmm0=0x00000af400000af400007e4100007e41 xmm1=0x0000adde0000adde0000992a0000992a 
  xmm2=0x00009d2700009d270000df0f0000df0f xmm3=0x000045ce000045ce0000f1da0000f1da 
  xmm4=0x00009cb800009cb80000473300004733 xmm5=0x0000e4340000e43400000fb100000fb1 
  xmm6=0x00003961000039610000024c0000024c xmm7=0x0000765e0000765e00007f6900007f69 

    > load from +0x1101 value 0x4d
0x1a3: and rcx, 0b1111111111111
  rax=0x0000000000000000 rbx=0x0000000000000000 rcx=0x0000000000001101 rdx=0x0000000000000000
  rsi=0x0000000000001a4d rdi=0x0000000000000c71 flags=0b000001000110
  xmm0=0x00000af400000af400007e4100007e41 xmm1=0x0000adde0000adde0000992a0000992a 
  xmm2=0x00009d2700009d270000df0f0000df0f xmm3=0x000045ce000045ce0000f1da0000f1da 
  xmm4=0x00009cb800009cb80000473300004733 xmm5=0x0000e4340000e43400000fb100000fb1 
  xmm6=0x00003961000039610000024c0000024c xmm7=0x0000765e0000765e00007f6900007f69 

0x1aa: nop [r14 +rcx]
  rax=0x0000000000000000 rbx=0x0000000000000000 rcx=0x0000000000001101 rdx=0x0000000000000000
  rsi=0x0000000000001a4d rdi=0x0000000000000c71 flags=0b000000000010
  xmm0=0x00000af400000af400007e4100007e41 xmm1=0x0000adde0000adde0000992a0000992a 
  xmm2=0x00009d2700009d270000df0f0000df0f xmm3=0x000045ce000045ce0000f1da0000f1da 
  xmm4=0x00009cb800009cb80000473300004733 xmm5=0x0000e4340000e43400000fb100000fb1 
  xmm6=0x00003961000039610000024c0000024c xmm7=0x0000765e0000765e00007f6900007f69 

0x1b0: and rdx, 0b1111111111111
  rax=0x0000000000000000 rbx=0x0000000000000000 rcx=0x0000000000001101 rdx=0x0000000000000000
  rsi=0x0000000000001a4d rdi=0x0000000000000c71 flags=0b000000000010
  xmm0=0x00000af400000af400007e4100007e41 xmm1=0x0000adde0000adde0000992a0000992a 
  xmm2=0x00009d2700009d270000df0f0000df0f xmm3=0x000045ce000045ce0000f1da0000f1da 
  xmm4=0x00009cb800009cb80000473300004733 xmm5=0x0000e4340000e43400000fb100000fb1 
  xmm6=0x00003961000039610000024c0000024c xmm7=0x0000765e0000765e00007f6900007f69 

0x1b7: movzx rsi, [r14 +rdx]
  rax=0x0000000000000000 rbx=0x0000000000000000 rcx=0x0000000000001101 rdx=0x0000000000000000
  rsi=0x0000000000001a4d rdi=0x0000000000000c71 flags=0b000001000110
  xmm0=0x00000af400000af400007e4100007e41 xmm1=0x0000adde0000adde0000992a0000992a 
  xmm2=0x00009d2700009d270000df0f0000df0f xmm3=0x000045ce000045ce0000f1da0000f1da 
  xmm4=0x00009cb800009cb80000473300004733 xmm5=0x0000e4340000e43400000fb100000fb1 
  xmm6=0x00003961000039610000024c0000024c xmm7=0x0000765e0000765e00007f6900007f69 

    > load from +0x0 value 0xb53f
0x1bc: and rax, 0b1111111111111
  rax=0x0000000000000000 rbx=0x0000000000000000 rcx=0x0000000000001101 rdx=0x0000000000000000
  rsi=0x000000000000b53f rdi=0x0000000000000c71 flags=0b000001000110
  xmm0=0x00000af400000af400007e4100007e41 xmm1=0x0000adde0000adde0000992a0000992a 
  xmm2=0x00009d2700009d270000df0f0000df0f xmm3=0x000045ce000045ce0000f1da0000f1da 
  xmm4=0x00009cb800009cb80000473300004733 xmm5=0x0000e4340000e43400000fb100000fb1 
  xmm6=0x00003961000039610000024c0000024c xmm7=0x0000765e0000765e00007f6900007f69 

0x1c2: mov rax, [r14 +rax]
  rax=0x0000000000000000 rbx=0x0000000000000000 rcx=0x0000000000001101 rdx=0x0000000000000000
  rsi=0x000000000000b53f rdi=0x0000000000000c71 flags=0b000001000110
  xmm0=0x00000af400000af400007e4100007e41 xmm1=0x0000adde0000adde0000992a0000992a 
  xmm2=0x00009d2700009d270000df0f0000df0f xmm3=0x000045ce000045ce0000f1da0000f1da 
  xmm4=0x00009cb800009cb80000473300004733 xmm5=0x0000e4340000e43400000fb100000fb1 
  xmm6=0x00003961000039610000024c0000024c xmm7=0x0000765e0000765e00007f6900007f69 

    > load from +0x0 value 0xb53f0000b53f
0x1c6: and rax, 0b1111111111111
  rax=0x0000b53f0000b53f rbx=0x0000000000000000 rcx=0x0000000000001101 rdx=0x0000000000000000
  rsi=0x000000000000b53f rdi=0x0000000000000c71 flags=0b000001000110
  xmm0=0x00000af400000af400007e4100007e41 xmm1=0x0000adde0000adde0000992a0000992a 
  xmm2=0x00009d2700009d270000df0f0000df0f xmm3=0x000045ce000045ce0000f1da0000f1da 
  xmm4=0x00009cb800009cb80000473300004733 xmm5=0x0000e4340000e43400000fb100000fb1 
  xmm6=0x00003961000039610000024c0000024c xmm7=0x0000765e0000765e00007f6900007f69 

0x1cc: cmp ecx, [r14 +rax]
  rax=0x000000000000153f rbx=0x0000000000000000 rcx=0x0000000000001101 rdx=0x0000000000000000
  rsi=0x000000000000b53f rdi=0x0000000000000c71 flags=0b000000000110
  xmm0=0x00000af400000af400007e4100007e41 xmm1=0x0000adde0000adde0000992a0000992a 
  xmm2=0x00009d2700009d270000df0f0000df0f xmm3=0x000045ce000045ce0000f1da0000f1da 
  xmm4=0x00009cb800009cb80000473300004733 xmm5=0x0000e4340000e43400000fb100000fb1 
  xmm6=0x00003961000039610000024c0000024c xmm7=0x0000765e0000765e00007f6900007f69 

    > load from +0x153f value 0xd66300
0x1d0: imul edi, ecx, 59
  rax=0x000000000000153f rbx=0x0000000000000000 rcx=0x0000000000001101 rdx=0x0000000000000000
  rsi=0x000000000000b53f rdi=0x0000000000000c71 flags=0b000010000011
  xmm0=0x00000af400000af400007e4100007e41 xmm1=0x0000adde0000adde0000992a0000992a 
  xmm2=0x00009d2700009d270000df0f0000df0f xmm3=0x000045ce000045ce0000f1da0000f1da 
  xmm4=0x00009cb800009cb80000473300004733 xmm5=0x0000e4340000e43400000fb100000fb1 
  xmm6=0x00003961000039610000024c0000024c xmm7=0x0000765e0000765e00007f6900007f69 

0x1d3: and rdx, 0b1111111111111
  rax=0x000000000000153f rbx=0x0000000000000000 rcx=0x0000000000001101 rdx=0x0000000000000000
  rsi=0x000000000000b53f rdi=0x000000000003eb3b flags=0b000000000010
  xmm0=0x00000af400000af400007e4100007e41 xmm1=0x0000adde0000adde0000992a0000992a 
  xmm2=0x00009d2700009d270000df0f0000df0f xmm3=0x000045ce000045ce0000f1da0000f1da 
  xmm4=0x00009cb800009cb80000473300004733 xmm5=0x0000e4340000e43400000fb100000fb1 
  xmm6=0x00003961000039610000024c0000024c xmm7=0x0000765e0000765e00007f6900007f69 

0x1da: adc cl, [r14 +rdx]
  rax=0x000000000000153f rbx=0x0000000000000000 rcx=0x0000000000001101 rdx=0x0000000000000000
  rsi=0x000000000000b53f rdi=0x000000000003eb3b flags=0b000001000110
  xmm0=0x00000af400000af400007e4100007e41 xmm1=0x0000adde0000adde0000992a0000992a 
  xmm2=0x00009d2700009d270000df0f0000df0f xmm3=0x000045ce000045ce0000f1da0000f1da 
  xmm4=0x00009cb800009cb80000473300004733 xmm5=0x0000e4340000e43400000fb100000fb1 
  xmm6=0x00003961000039610000024c0000024c xmm7=0x0000765e0000765e00007f6900007f69 

    > load from +0x0 value 0x3f
0x1de: and rdi, 0b1111111111111
  rax=0x000000000000153f rbx=0x0000000000000000 rcx=0x0000000000001140 rdx=0x0000000000000000
  rsi=0x000000000000b53f rdi=0x000000000003eb3b flags=0b000000010010
  xmm0=0x00000af400000af400007e4100007e41 xmm1=0x0000adde0000adde0000992a0000992a 
  xmm2=0x00009d2700009d270000df0f0000df0f xmm3=0x000045ce000045ce0000f1da0000f1da 
  xmm4=0x00009cb800009cb80000473300004733 xmm5=0x0000e4340000e43400000fb100000fb1 
  xmm6=0x00003961000039610000024c0000024c xmm7=0x0000765e0000765e00007f6900007f69 

0x1e5: cmovnp rbx, [r14 +rdi]
  rax=0x000000000000153f rbx=0x0000000000000000 rcx=0x0000000000001140 rdx=0x0000000000000000
  rsi=0x000000000000b53f rdi=0x0000000000000b3b flags=0b000000000010
  xmm0=0x00000af400000af400007e4100007e41 xmm1=0x0000adde0000adde0000992a0000992a 
  xmm2=0x00009d2700009d270000df0f0000df0f xmm3=0x000045ce000045ce0000f1da0000f1da 
  xmm4=0x00009cb800009cb80000473300004733 xmm5=0x0000e4340000e43400000fb100000fb1 
  xmm6=0x00003961000039610000024c0000024c xmm7=0x0000765e0000765e00007f6900007f69 

    > load from +0xb3b value 0xeb2400009b2d00
0x1ea: and rsi, 0b1111111111111
  rax=0x000000000000153f rbx=0x00eb2400009b2d00 rcx=0x0000000000001140 rdx=0x0000000000000000
  rsi=0x000000000000b53f rdi=0x0000000000000b3b flags=0b000000000010
  xmm0=0x00000af400000af400007e4100007e41 xmm1=0x0000adde0000adde0000992a0000992a 
  xmm2=0x00009d2700009d270000df0f0000df0f xmm3=0x000045ce000045ce0000f1da0000f1da 
  xmm4=0x00009cb800009cb80000473300004733 xmm5=0x0000e4340000e43400000fb100000fb1 
  xmm6=0x00003961000039610000024c0000024c xmm7=0x0000765e0000765e00007f6900007f69 

0x1f1: cmovnp rdi, [r14 +rsi]
  rax=0x000000000000153f rbx=0x00eb2400009b2d00 rcx=0x0000000000001140 rdx=0x0000000000000000
  rsi=0x000000000000153f rdi=0x0000000000000b3b flags=0b000000000110
  xmm0=0x00000af400000af400007e4100007e41 xmm1=0x0000adde0000adde0000992a0000992a 
  xmm2=0x00009d2700009d270000df0f0000df0f xmm3=0x000045ce000045ce0000f1da0000f1da 
  xmm4=0x00009cb800009cb80000473300004733 xmm5=0x0000e4340000e43400000fb100000fb1 
  xmm6=0x00003961000039610000024c0000024c xmm7=0x0000765e0000765e00007f6900007f69 

    > load from +0x153f value 0xd6630000d66300
0x1f6: and rbx, 0b1111111111111
  rax=0x000000000000153f rbx=0x00eb2400009b2d00 rcx=0x0000000000001140 rdx=0x0000000000000000
  rsi=0x000000000000153f rdi=0x0000000000000b3b flags=0b000000000110
  xmm0=0x00000af400000af400007e4100007e41 xmm1=0x0000adde0000adde0000992a0000992a 
  xmm2=0x00009d2700009d270000df0f0000df0f xmm3=0x000045ce000045ce0000f1da0000f1da 
  xmm4=0x00009cb800009cb80000473300004733 xmm5=0x0000e4340000e43400000fb100000fb1 
  xmm6=0x00003961000039610000024c0000024c xmm7=0x0000765e0000765e00007f6900007f69 

0x1fd: cmovl edi, [r14 +rbx]
  rax=0x000000000000153f rbx=0x0000000000000d00 rcx=0x0000000000001140 rdx=0x0000000000000000
  rsi=0x000000000000153f rdi=0x0000000000000b3b flags=0b000000000110
  xmm0=0x00000af400000af400007e4100007e41 xmm1=0x0000adde0000adde0000992a0000992a 
  xmm2=0x00009d2700009d270000df0f0000df0f xmm3=0x000045ce000045ce0000f1da0000f1da 
  xmm4=0x00009cb800009cb80000473300004733 xmm5=0x0000e4340000e43400000fb100000fb1 
  xmm6=0x00003961000039610000024c0000024c xmm7=0x0000765e0000765e00007f6900007f69 

    > load from +0xd00 value 0xcf26
0x202: sub al, cl
  rax=0x000000000000153f rbx=0x0000000000000d00 rcx=0x0000000000001140 rdx=0x0000000000000000
  rsi=0x000000000000153f rdi=0x0000000000000b3b flags=0b000000000110
  xmm0=0x00000af400000af400007e4100007e41 xmm1=0x0000adde0000adde0000992a0000992a 
  xmm2=0x00009d2700009d270000df0f0000df0f xmm3=0x000045ce000045ce0000f1da0000f1da 
  xmm4=0x00009cb800009cb80000473300004733 xmm5=0x0000e4340000e43400000fb100000fb1 
  xmm6=0x00003961000039610000024c0000024c xmm7=0x0000765e0000765e00007f6900007f69 

0x204: and rbx, 0b1111111111111
  rax=0x00000000000015ff rbx=0x0000000000000d00 rcx=0x0000000000001140 rdx=0x0000000000000000
  rsi=0x000000000000153f rdi=0x0000000000000b3b flags=0b000010000111
  xmm0=0x00000af400000af400007e4100007e41 xmm1=0x0000adde0000adde0000992a0000992a 
  xmm2=0x00009d2700009d270000df0f0000df0f xmm3=0x000045ce000045ce0000f1da0000f1da 
  xmm4=0x00009cb800009cb80000473300004733 xmm5=0x0000e4340000e43400000fb100000fb1 
  xmm6=0x00003961000039610000024c0000024c xmm7=0x0000765e0000765e00007f6900007f69 

0x20b: sbb edx, [r14 +rbx]
  rax=0x00000000000015ff rbx=0x0000000000000d00 rcx=0x0000000000001140 rdx=0x0000000000000000
  rsi=0x000000000000153f rdi=0x0000000000000b3b flags=0b000000000110
  xmm0=0x00000af400000af400007e4100007e41 xmm1=0x0000adde0000adde0000992a0000992a 
  xmm2=0x00009d2700009d270000df0f0000df0f xmm3=0x000045ce000045ce0000f1da0000f1da 
  xmm4=0x00009cb800009cb80000473300004733 xmm5=0x0000e4340000e43400000fb100000fb1 
  xmm6=0x00003961000039610000024c0000024c xmm7=0x0000765e0000765e00007f6900007f69 

    > load from +0xd00 value 0xcf26
0x20f: and rdx, 0b1111111111111
  rax=0x00000000000015ff rbx=0x0000000000000d00 rcx=0x0000000000001140 rdx=0x00000000ffff30da
  rsi=0x000000000000153f rdi=0x0000000000000b3b flags=0b000010010011
  xmm0=0x00000af400000af400007e4100007e41 xmm1=0x0000adde0000adde0000992a0000992a 
  xmm2=0x00009d2700009d270000df0f0000df0f xmm3=0x000045ce000045ce0000f1da0000f1da 
  xmm4=0x00009cb800009cb80000473300004733 xmm5=0x0000e4340000e43400000fb100000fb1 
  xmm6=0x00003961000039610000024c0000024c xmm7=0x0000765e0000765e00007f6900007f69 

0x216: xor edx, [r14 +rdx]
  rax=0x00000000000015ff rbx=0x0000000000000d00 rcx=0x0000000000001140 rdx=0x00000000000010da
  rsi=0x000000000000153f rdi=0x0000000000000b3b flags=0b000000000010
  xmm0=0x00000af400000af400007e4100007e41 xmm1=0x0000adde0000adde0000992a0000992a 
  xmm2=0x00009d2700009d270000df0f0000df0f xmm3=0x000045ce000045ce0000f1da0000f1da 
  xmm4=0x00009cb800009cb80000473300004733 xmm5=0x0000e4340000e43400000fb100000fb1 
  xmm6=0x00003961000039610000024c0000024c xmm7=0x0000765e0000765e00007f6900007f69 

    > load from +0x10da value 0x111d0000
0x21a: cmp rsi, rax
  rax=0x00000000000015ff rbx=0x0000000000000d00 rcx=0x0000000000001140 rdx=0x00000000111d10da
  rsi=0x000000000000153f rdi=0x0000000000000b3b flags=0b000000000010
  xmm0=0x00000af400000af400007e4100007e41 xmm1=0x0000adde0000adde0000992a0000992a 
  xmm2=0x00009d2700009d270000df0f0000df0f xmm3=0x000045ce000045ce0000f1da0000f1da 
  xmm4=0x00009cb800009cb80000473300004733 xmm5=0x0000e4340000e43400000fb100000fb1 
  xmm6=0x00003961000039610000024c0000024c xmm7=0x0000765e0000765e00007f6900007f69 

0x21d: inc eax
  rax=0x00000000000015ff rbx=0x0000000000000d00 rcx=0x0000000000001140 rdx=0x00000000111d10da
  rsi=0x000000000000153f rdi=0x0000000000000b3b flags=0b000010000011
  xmm0=0x00000af400000af400007e4100007e41 xmm1=0x0000adde0000adde0000992a0000992a 
  xmm2=0x00009d2700009d270000df0f0000df0f xmm3=0x000045ce000045ce0000f1da0000f1da 
  xmm4=0x00009cb800009cb80000473300004733 xmm5=0x0000e4340000e43400000fb100000fb1 
  xmm6=0x00003961000039610000024c0000024c xmm7=0x0000765e0000765e00007f6900007f69 

0x21f: and rsi, 0b1111111111111
  rax=0x0000000000001600 rbx=0x0000000000000d00 rcx=0x0000000000001140 rdx=0x00000000111d10da
  rsi=0x000000000000153f rdi=0x0000000000000b3b flags=0b000000010111
  xmm0=0x00000af400000af400007e4100007e41 xmm1=0x0000adde0000adde0000992a0000992a 
  xmm2=0x00009d2700009d270000df0f0000df0f xmm3=0x000045ce000045ce0000f1da0000f1da 
  xmm4=0x00009cb800009cb80000473300004733 xmm5=0x0000e4340000e43400000fb100000fb1 
  xmm6=0x00003961000039610000024c0000024c xmm7=0x0000765e0000765e00007f6900007f69 

0x226: cmp [r14 +rsi], -25
  rax=0x0000000000001600 rbx=0x0000000000000d00 rcx=0x0000000000001140 rdx=0x00000000111d10da
  rsi=0x000000000000153f rdi=0x0000000000000b3b flags=0b000000000110
  xmm0=0x00000af400000af400007e4100007e41 xmm1=0x0000adde0000adde0000992a0000992a 
  xmm2=0x00009d2700009d270000df0f0000df0f xmm3=0x000045ce000045ce0000f1da0000f1da 
  xmm4=0x00009cb800009cb80000473300004733 xmm5=0x0000e4340000e43400000fb100000fb1 
  xmm6=0x00003961000039610000024c0000024c xmm7=0x0000765e0000765e00007f6900007f69 

    > load from +0x153f value 0xd6630000d66300
0x22b: and rcx, 0b1111111111111
  rax=0x0000000000001600 rbx=0x0000000000000d00 rcx=0x0000000000001140 rdx=0x00000000111d10da
  rsi=0x000000000000153f rdi=0x0000000000000b3b flags=0b000000010011
  xmm0=0x00000af400000af400007e4100007e41 xmm1=0x0000adde0000adde0000992a0000992a 
  xmm2=0x00009d2700009d270000df0f0000df0f xmm3=0x000045ce000045ce0000f1da0000f1da 
  xmm4=0x00009cb800009cb80000473300004733 xmm5=0x0000e4340000e43400000fb100000fb1 
  xmm6=0x00003961000039610000024c0000024c xmm7=0x0000765e0000765e00007f6900007f69 

0x232: cmovz si, [r14 +rcx]
  rax=0x0000000000001600 rbx=0x0000000000000d00 rcx=0x0000000000001140 rdx=0x00000000111d10da
  rsi=0x000000000000153f rdi=0x0000000000000b3b flags=0b000000000010
  xmm0=0x00000af400000af400007e4100007e41 xmm1=0x0000adde0000adde0000992a0000992a 
  xmm2=0x00009d2700009d270000df0f0000df0f xmm3=0x000045ce000045ce0000f1da0000f1da 
  xmm4=0x00009cb800009cb80000473300004733 xmm5=0x0000e4340000e43400000fb100000fb1 
  xmm6=0x00003961000039610000024c0000024c xmm7=0x0000765e0000765e00007f6900007f69 

    > load from +0x1140 value 0xd34c
0x238: and rdi, 0b1111111111111
  rax=0x0000000000001600 rbx=0x0000000000000d00 rcx=0x0000000000001140 rdx=0x00000000111d10da
  rsi=0x000000000000153f rdi=0x0000000000000b3b flags=0b000000000010
  xmm0=0x00000af400000af400007e4100007e41 xmm1=0x0000adde0000adde0000992a0000992a 
  xmm2=0x00009d2700009d270000df0f0000df0f xmm3=0x000045ce000045ce0000f1da0000f1da 
  xmm4=0x00009cb800009cb80000473300004733 xmm5=0x0000e4340000e43400000fb100000fb1 
  xmm6=0x00003961000039610000024c0000024c xmm7=0x0000765e0000765e00007f6900007f69 

0x23f: cmovp di, [r14 +rdi]
  rax=0x0000000000001600 rbx=0x0000000000000d00 rcx=0x0000000000001140 rdx=0x00000000111d10da
  rsi=0x000000000000153f rdi=0x0000000000000b3b flags=0b000000000010
  xmm0=0x00000af400000af400007e4100007e41 xmm1=0x0000adde0000adde0000992a0000992a 
  xmm2=0x00009d2700009d270000df0f0000df0f xmm3=0x000045ce000045ce0000f1da0000f1da 
  xmm4=0x00009cb800009cb80000473300004733 xmm5=0x0000e4340000e43400000fb100000fb1 
  xmm6=0x00003961000039610000024c0000024c xmm7=0x0000765e0000765e00007f6900007f69 

    > load from +0xb3b value 0x2d00
0x245: cmovnbe ax, si
  rax=0x0000000000001600 rbx=0x0000000000000d00 rcx=0x0000000000001140 rdx=0x00000000111d10da
  rsi=0x000000000000153f rdi=0x0000000000000b3b flags=0b000000000010
  xmm0=0x00000af400000af400007e4100007e41 xmm1=0x0000adde0000adde0000992a0000992a 
  xmm2=0x00009d2700009d270000df0f0000df0f xmm3=0x000045ce000045ce0000f1da0000f1da 
  xmm4=0x00009cb800009cb80000473300004733 xmm5=0x0000e4340000e43400000fb100000fb1 
  xmm6=0x00003961000039610000024c0000024c xmm7=0x0000765e0000765e00007f6900007f69 

0x249: and rbx, 0b1111111111111
  rax=0x000000000000153f rbx=0x0000000000000d00 rcx=0x0000000000001140 rdx=0x00000000111d10da
  rsi=0x000000000000153f rdi=0x0000000000000b3b flags=0b000000000010
  xmm0=0x00000af400000af400007e4100007e41 xmm1=0x0000adde0000adde0000992a0000992a 
  xmm2=0x00009d2700009d270000df0f0000df0f xmm3=0x000045ce000045ce0000f1da0000f1da 
  xmm4=0x00009cb800009cb80000473300004733 xmm5=0x0000e4340000e43400000fb100000fb1 
  xmm6=0x00003961000039610000024c0000024c xmm7=0x0000765e0000765e00007f6900007f69 

0x250: movzx rax, [r14 +rbx]
  rax=0x000000000000153f rbx=0x0000000000000d00 rcx=0x0000000000001140 rdx=0x00000000111d10da
  rsi=0x000000000000153f rdi=0x0000000000000b3b flags=0b000000000110
  xmm0=0x00000af400000af400007e4100007e41 xmm1=0x0000adde0000adde0000992a0000992a 
  xmm2=0x00009d2700009d270000df0f0000df0f xmm3=0x000045ce000045ce0000f1da0000f1da 
  xmm4=0x00009cb800009cb80000473300004733 xmm5=0x0000e4340000e43400000fb100000fb1 
  xmm6=0x00003961000039610000024c0000024c xmm7=0x0000765e0000765e00007f6900007f69 

    > load from +0xd00 value 0xcf26
0x255: bts edi, 33
  rax=0x000000000000cf26 rbx=0x0000000000000d00 rcx=0x0000000000001140 rdx=0x00000000111d10da
  rsi=0x000000000000153f rdi=0x0000000000000b3b flags=0b000000000110
  xmm0=0x00000af400000af400007e4100007e41 xmm1=0x0000adde0000adde0000992a0000992a 
  xmm2=0x00009d2700009d270000df0f0000df0f xmm3=0x000045ce000045ce0000f1da0000f1da 
  xmm4=0x00009cb800009cb80000473300004733 xmm5=0x0000e4340000e43400000fb100000fb1 
  xmm6=0x00003961000039610000024c0000024c xmm7=0x0000765e0000765e00007f6900007f69 

0x259: and rdx, 0b1111111111111
  rax=0x000000000000cf26 rbx=0x0000000000000d00 rcx=0x0000000000001140 rdx=0x00000000111d10da
  rsi=0x000000000000153f rdi=0x0000000000000b3b flags=0b000000000111
  xmm0=0x00000af400000af400007e4100007e41 xmm1=0x0000adde0000adde0000992a0000992a 
  xmm2=0x00009d2700009d270000df0f0000df0f xmm3=0x000045ce000045ce0000f1da0000f1da 
  xmm4=0x00009cb800009cb80000473300004733 xmm5=0x0000e4340000e43400000fb100000fb1 
  xmm6=0x00003961000039610000024c0000024c xmm7=0x0000765e0000765e00007f6900007f69 

0x260: or bl, [r14 +rdx]
  rax=0x000000000000cf26 rbx=0x0000000000000d00 rcx=0x0000000000001140 rdx=0x00000000000010da
  rsi=0x000000000000153f rdi=0x0000000000000b3b flags=0b000000000010
  xmm0=0x00000af400000af400007e4100007e41 xmm1=0x0000adde0000adde0000992a0000992a 
  xmm2=0x00009d2700009d270000df0f0000df0f xmm3=0x000045ce000045ce0000f1da0000f1da 
  xmm4=0x00009cb800009cb80000473300004733 xmm5=0x0000e4340000e43400000fb100000fb1 
  xmm6=0x00003961000039610000024c0000024c xmm7=0x0000765e0000765e00007f6900007f69 

    > load from +0x10da value 0x0
0x264: imul rsi, rax, -7
  rax=0x000000000000cf26 rbx=0x0000000000000d00 rcx=0x0000000000001140 rdx=0x00000000000010da
  rsi=0x000000000000153f rdi=0x0000000000000b3b flags=0b000001000110
  xmm0=0x00000af400000af400007e4100007e41 xmm1=0x0000adde0000adde0000992a0000992a 
  xmm2=0x00009d2700009d270000df0f0000df0f xmm3=0x000045ce000045ce0000f1da0000f1da 
  xmm4=0x00009cb800009cb80000473300004733 xmm5=0x0000e4340000e43400000fb100000fb1 
  xmm6=0x00003961000039610000024c0000024c xmm7=0x0000765e0000765e00007f6900007f69 

0x268: add dil, 16
  rax=0x000000000000cf26 rbx=0x0000000000000d00 rcx=0x0000000000001140 rdx=0x00000000000010da
  rsi=0xfffffffffffa55f6 rdi=0x0000000000000b3b flags=0b000010000110
  xmm0=0x00000af400000af400007e4100007e41 xmm1=0x0000adde0000adde0000992a0000992a 
  xmm2=0x00009d2700009d270000df0f0000df0f xmm3=0x000045ce000045ce0000f1da0000f1da 
  xmm4=0x00009cb800009cb80000473300004733 xmm5=0x0000e4340000e43400000fb100000fb1 
  xmm6=0x00003961000039610000024c0000024c xmm7=0x0000765e0000765e00007f6900007f69 

0x26c: and rax, 0b1111111111111
  rax=0x000000000000cf26 rbx=0x0000000000000d00 rcx=0x0000000000001140 rdx=0x00000000000010da
  rsi=0xfffffffffffa55f6 rdi=0x0000000000000b4b flags=0b000000000110
  xmm0=0x00000af400000af400007e4100007e41 xmm1=0x0000adde0000adde0000992a0000992a 
  xmm2=0x00009d2700009d270000df0f0000df0f xmm3=0x000045ce000045ce0000f1da0000f1da 
  xmm4=0x00009cb800009cb80000473300004733 xmm5=0x0000e4340000e43400000fb100000fb1 
  xmm6=0x00003961000039610000024c0000024c xmm7=0x0000765e0000765e00007f6900007f69 

0x272: movzx ecx, [r14 +rax]
  rax=0x0000000000000f26 rbx=0x0000000000000d00 rcx=0x0000000000001140 rdx=0x00000000000010da
  rsi=0xfffffffffffa55f6 rdi=0x0000000000000b4b flags=0b000000000010
  xmm0=0x00000af400000af400007e4100007e41 xmm1=0x0000adde0000adde0000992a0000992a 
  xmm2=0x00009d2700009d270000df0f0000df0f xmm3=0x000045ce000045ce0000f1da0000f1da 
  xmm4=0x00009cb800009cb80000473300004733 xmm5=0x0000e4340000e43400000fb100000fb1 
  xmm6=0x00003961000039610000024c0000024c xmm7=0x0000765e0000765e00007f6900007f69 

    > load from +0xf26 value 0x0
0x277: and rsi, 0b1111111111111
  rax=0x0000000000000f26 rbx=0x0000000000000d00 rcx=0x0000000000000000 rdx=0x00000000000010da
  rsi=0xfffffffffffa55f6 rdi=0x0000000000000b4b flags=0b000000000010
  xmm0=0x00000af400000af400007e4100007e41 xmm1=0x0000adde0000adde0000992a0000992a 
  xmm2=0x00009d2700009d270000df0f0000df0f xmm3=0x000045ce000045ce0000f1da0000f1da 
  xmm4=0x00009cb800009cb80000473300004733 xmm5=0x0000e4340000e43400000fb100000fb1 
  xmm6=0x00003961000039610000024c0000024c xmm7=0x0000765e0000765e00007f6900007f69 

0x27e: cmovnle ax, [r14 +rsi]
  rax=0x0000000000000f26 rbx=0x0000000000000d00 rcx=0x0000000000000000 rdx=0x00000000000010da
  rsi=0x00000000000015f6 rdi=0x0000000000000b4b flags=0b000000000110
  xmm0=0x00000af400000af400007e4100007e41 xmm1=0x0000adde0000adde0000992a0000992a 
  xmm2=0x00009d2700009d270000df0f0000df0f xmm3=0x000045ce000045ce0000f1da0000f1da 
  xmm4=0x00009cb800009cb80000473300004733 xmm5=0x0000e4340000e43400000fb100000fb1 
  xmm6=0x00003961000039610000024c0000024c xmm7=0x0000765e0000765e00007f6900007f69 

    > load from +0x15f6 value 0x0
0x284: and rcx, 0b1111111111111
  rax=0x0000000000000000 rbx=0x0000000000000d00 rcx=0x0000000000000000 rdx=0x00000000000010da
  rsi=0x00000000000015f6 rdi=0x0000000000000b4b flags=0b000000000110
  xmm0=0x00000af400000af400007e4100007e41 xmm1=0x0000adde0000adde0000992a0000992a 
  xmm2=0x00009d2700009d270000df0f0000df0f xmm3=0x000045ce000045ce0000f1da0000f1da 
  xmm4=0x00009cb800009cb80000473300004733 xmm5=0x0000e4340000e43400000fb100000fb1 
  xmm6=0x00003961000039610000024c0000024c xmm7=0x0000765e0000765e00007f6900007f69 

0x28b: cmp [r14 +rcx], eax
  rax=0x0000000000000000 rbx=0x0000000000000d00 rcx=0x0000000000000000 rdx=0x00000000000010da
  rsi=0x00000000000015f6 rdi=0x0000000000000b4b flags=0b000001000110
  xmm0=0x00000af400000af400007e4100007e41 xmm1=0x0000adde0000adde0000992a0000992a 
  xmm2=0x00009d2700009d270000df0f0000df0f xmm3=0x000045ce000045ce0000f1da0000f1da 
  xmm4=0x00009cb800009cb80000473300004733 xmm5=0x0000e4340000e43400000fb100000fb1 
  xmm6=0x00003961000039610000024c0000024c xmm7=0x0000765e0000765e00007f6900007f69 

    > load from +0x0 value 0xb53f
0x28f: and rsi, 0b1111111111111
  rax=0x0000000000000000 rbx=0x0000000000000d00 rcx=0x0000000000000000 rdx=0x00000000000010da
  rsi=0x00000000000015f6 rdi=0x0000000000000b4b flags=0b000000000110
  xmm0=0x00000af400000af400007e4100007e41 xmm1=0x0000adde0000adde0000992a0000992a 
  xmm2=0x00009d2700009d270000df0f0000df0f xmm3=0x000045ce000045ce0000f1da0000f1da 
  xmm4=0x00009cb800009cb80000473300004733 xmm5=0x0000e4340000e43400000fb100000fb1 
  xmm6=0x00003961000039610000024c0000024c xmm7=0x0000765e0000765e00007f6900007f69 

0x296: and bx, 0b111
  rax=0x0000000000000000 rbx=0x0000000000000d00 rcx=0x0000000000000000 rdx=0x00000000000010da
  rsi=0x00000000000015f6 rdi=0x0000000000000b4b flags=0b000000000110
  xmm0=0x00000af400000af400007e4100007e41 xmm1=0x0000adde0000adde0000992a0000992a 
  xmm2=0x00009d2700009d270000df0f0000df0f xmm3=0x000045ce000045ce0000f1da0000f1da 
  xmm4=0x00009cb800009cb80000473300004733 xmm5=0x0000e4340000e43400000fb100000fb1 
  xmm6=0x00003961000039610000024c0000024c xmm7=0x0000765e0000765e00007f6900007f69 

0x29a: bt [r14 +rsi], bx
  rax=0x0000000000000000 rbx=0x0000000000000000 rcx=0x0000000000000000 rdx=0x00000000000010da
  rsi=0x00000000000015f6 rdi=0x0000000000000b4b flags=0b000001000110
  xmm0=0x00000af400000af400007e4100007e41 xmm1=0x0000adde0000adde0000992a0000992a 
  xmm2=0x00009d2700009d270000df0f0000df0f xmm3=0x000045ce000045ce0000f1da0000f1da 
  xmm4=0x00009cb800009cb80000473300004733 xmm5=0x0000e4340000e43400000fb100000fb1 
  xmm6=0x00003961000039610000024c0000024c xmm7=0x0000765e0000765e00007f6900007f69 

    > load from +0x15f6 value 0x0
0x2a0: and rdi, 0b1111111111111
  rax=0x0000000000000000 rbx=0x0000000000000000 rcx=0x0000000000000000 rdx=0x00000000000010da
  rsi=0x00000000000015f6 rdi=0x0000000000000b4b flags=0b000001000110
  xmm0=0x00000af400000af400007e4100007e41 xmm1=0x0000adde0000adde0000992a0000992a 
  xmm2=0x00009d2700009d270000df0f0000df0f xmm3=0x000045ce000045ce0000f1da0000f1da 
  xmm4=0x00009cb800009cb80000473300004733 xmm5=0x0000e4340000e43400000fb100000fb1 
  xmm6=0x00003961000039610000024c0000024c xmm7=0x0000765e0000765e00007f6900007f69 

0x2a7: add esi, [r14 +rdi]
  rax=0x0000000000000000 rbx=0x0000000000000000 rcx=0x0000000000000000 rdx=0x00000000000010da
  rsi=0x00000000000015f6 rdi=0x0000000000000b4b flags=0b000000000110
  xmm0=0x00000af400000af400007e4100007e41 xmm1=0x0000adde0000adde0000992a0000992a 
  xmm2=0x00009d2700009d270000df0f0000df0f xmm3=0x000045ce000045ce0000f1da0000f1da 
  xmm4=0x00009cb800009cb80000473300004733 xmm5=0x0000e4340000e43400000fb100000fb1 
  xmm6=0x00003961000039610000024c0000024c xmm7=0x0000765e0000765e00007f6900007f69 

    > load from +0xb4b value 0xce2700
0x2ab: adc bl, bl
  rax=0x0000000000000000 rbx=0x0000000000000000 rcx=0x0000000000000000 rdx=0x00000000000010da
  rsi=0x0000000000ce3cf6 rdi=0x0000000000000b4b flags=0b000000000110
  xmm0=0x00000af400000af400007e4100007e41 xmm1=0x0000adde0000adde0000992a0000992a 
  xmm2=0x00009d2700009d270000df0f0000df0f xmm3=0x000045ce000045ce0000f1da0000f1da 
  xmm4=0x00009cb800009cb80000473300004733 xmm5=0x0000e4340000e43400000fb100000fb1 
  xmm6=0x00003961000039610000024c0000024c xmm7=0x0000765e0000765e00007f6900007f69 

0x2ad: imul ax, si, 121
  rax=0x0000000000000000 rbx=0x0000000000000000 rcx=0x0000000000000000 rdx=0x00000000000010da
  rsi=0x0000000000ce3cf6 rdi=0x0000000000000b4b flags=0b000001000110
  xmm0=0x00000af400000af400007e4100007e41 xmm1=0x0000adde0000adde0000992a0000992a 
  xmm2=0x00009d2700009d270000df0f0000df0f xmm3=0x000045ce000045ce0000f1da0000f1da 
  xmm4=0x00009cb800009cb80000473300004733 xmm5=0x0000e4340000e43400000fb100000fb1 
  xmm6=0x00003961000039610000024c0000024c xmm7=0x0000765e0000765e00007f6900007f69 

0x2b1: add sil, -102
  rax=0x000000000000d046 rbx=0x0000000000000000 rcx=0x0000000000000000 rdx=0x00000000000010da
  rsi=0x0000000000ce3cf6 rdi=0x0000000000000b4b flags=0b100010000011
  xmm0=0x00000af400000af400007e4100007e41 xmm1=0x0000adde0000adde0000992a0000992a 
  xmm2=0x00009d2700009d270000df0f0000df0f xmm3=0x000045ce000045ce0000f1da0000f1da 
  xmm4=0x00009cb800009cb80000473300004733 xmm5=0x0000e4340000e43400000fb100000fb1 
  xmm6=0x00003961000039610000024c0000024c xmm7=0x0000765e0000765e00007f6900007f69 

0x2b5: setns cl
  rax=0x000000000000d046 rbx=0x0000000000000000 rcx=0x0000000000000000 rdx=0x00000000000010da
  rsi=0x0000000000ce3c90 rdi=0x0000000000000b4b flags=0b000010010111
  xmm0=0x00000af400000af400007e4100007e41 xmm1=0x0000adde0000adde0000992a0000992a 
  xmm2=0x00009d2700009d270000df0f0000df0f xmm3=0x000045ce000045ce0000f1da0000f1da 
  xmm4=0x00009cb800009cb80000473300004733 xmm5=0x0000e4340000e43400000fb100000fb1 
  xmm6=0x00003961000039610000024c0000024c xmm7=0x0000765e0000765e00007f6900007f69 

0x2b8: pushfq 
  rax=0x000000000000d046 rbx=0x0000000000000000 rcx=0x0000000000000000 rdx=0x00000000000010da
  rsi=0x0000000000ce3c90 rdi=0x0000000000000b4b flags=0b000010010111
  xmm0=0x00000af400000af400007e4100007e41 xmm1=0x0000adde0000adde0000992a0000992a 
  xmm2=0x00009d2700009d270000df0f0000df0f xmm3=0x000045ce000045ce0000f1da0000f1da 
  xmm4=0x00009cb800009cb80000473300004733 xmm5=0x0000e4340000e43400000fb100000fb1 
  xmm6=0x00003961000039610000024c0000024c xmm7=0x0000765e0000765e00007f6900007f69 

    > store to +0xff0 value 0x97
0x2b9: push rax
  rax=0x000000000000d046 rbx=0x0000000000000000 rcx=0x0000000000000000 rdx=0x00000000000010da
  rsi=0x0000000000ce3c90 rdi=0x0000000000000b4b flags=0b000010010111
  xmm0=0x00000af400000af400007e4100007e41 xmm1=0x0000adde0000adde0000992a0000992a 
  xmm2=0x00009d2700009d270000df0f0000df0f xmm3=0x000045ce000045ce0000f1da0000f1da 
  xmm4=0x00009cb800009cb80000473300004733 xmm5=0x0000e4340000e43400000fb100000fb1 
  xmm6=0x00003961000039610000024c0000024c xmm7=0x0000765e0000765e00007f6900007f69 

    > store to +0xfe8 value 0xd046
0x2ba: push rcx
  rax=0x000000000000d046 rbx=0x0000000000000000 rcx=0x0000000000000000 rdx=0x00000000000010da
  rsi=0x0000000000ce3c90 rdi=0x0000000000000b4b flags=0b000010010111
  xmm0=0x00000af400000af400007e4100007e41 xmm1=0x0000adde0000adde0000992a0000992a 
  xmm2=0x00009d2700009d270000df0f0000df0f xmm3=0x000045ce000045ce0000f1da0000f1da 
  xmm4=0x00009cb800009cb80000473300004733 xmm5=0x0000e4340000e43400000fb100000fb1 
  xmm6=0x00003961000039610000024c0000024c xmm7=0x0000765e0000765e00007f6900007f69 

    > store to +0xfe0 value 0x0
0x2bb: push rdx
  rax=0x000000000000d046 rbx=0x0000000000000000 rcx=0x0000000000000000 rdx=0x00000000000010da
  rsi=0x0000000000ce3c90 rdi=0x0000000000000b4b flags=0b000010010111
  xmm0=0x00000af400000af400007e4100007e41 xmm1=0x0000adde0000adde0000992a0000992a 
  xmm2=0x00009d2700009d270000df0f0000df0f xmm3=0x000045ce000045ce0000f1da0000f1da 
  xmm4=0x00009cb800009cb80000473300004733 xmm5=0x0000e4340000e43400000fb100000fb1 
  xmm6=0x00003961000039610000024c0000024c xmm7=0x0000765e0000765e00007f6900007f69 

    > store to +0xfd8 value 0x10da
0x2bc: mov ecx, 0x1a4
  rax=0x000000000000d046 rbx=0x0000000000000000 rcx=0x0000000000000000 rdx=0x00000000000010da
  rsi=0x0000000000ce3c90 rdi=0x0000000000000b4b flags=0b000010010111
  xmm0=0x00000af400000af400007e4100007e41 xmm1=0x0000adde0000adde0000992a0000992a 
  xmm2=0x00009d2700009d270000df0f0000df0f xmm3=0x000045ce000045ce0000f1da0000f1da 
  xmm4=0x00009cb800009cb80000473300004733 xmm5=0x0000e4340000e43400000fb100000fb1 
  xmm6=0x00003961000039610000024c0000024c xmm7=0x0000765e0000765e00007f6900007f69 

0x2c1: mov edx, 0
  rax=0x000000000000d046 rbx=0x0000000000000000 rcx=0x00000000000001a4 rdx=0x00000000000010da
  rsi=0x0000000000ce3c90 rdi=0x0000000000000b4b flags=0b000010010111
  xmm0=0x00000af400000af400007e4100007e41 xmm1=0x0000adde0000adde0000992a0000992a 
  xmm2=0x00009d2700009d270000df0f0000df0f xmm3=0x000045ce000045ce0000f1da0000f1da 
  xmm4=0x00009cb800009cb80000473300004733 xmm5=0x0000e4340000e43400000fb100000fb1 
  xmm6=0x00003961000039610000024c0000024c xmm7=0x0000765e0000765e00007f6900007f69 

0x2c6: mov eax, 0b101111
  rax=0x000000000000d046 rbx=0x0000000000000000 rcx=0x00000000000001a4 rdx=0x0000000000000000
  rsi=0x0000000000ce3c90 rdi=0x0000000000000b4b flags=0b000010010111
  xmm0=0x00000af400000af400007e4100007e41 xmm1=0x0000adde0000adde0000992a0000992a 
  xmm2=0x00009d2700009d270000df0f0000df0f xmm3=0x000045ce000045ce0000f1da0000f1da 
  xmm4=0x00009cb800009cb80000473300004733 xmm5=0x0000e4340000e43400000fb100000fb1 
  xmm6=0x00003961000039610000024c0000024c xmm7=0x0000765e0000765e00007f6900007f69 

0x2cb: wrmsr 
  rax=0x000000000000002f rbx=0x0000000000000000 rcx=0x00000000000001a4 rdx=0x0000000000000000
  rsi=0x0000000000ce3c90 rdi=0x0000000000000b4b flags=0b000010010111
  xmm0=0x00000af400000af400007e4100007e41 xmm1=0x0000adde0000adde0000992a0000992a 
  xmm2=0x00009d2700009d270000df0f0000df0f xmm3=0x000045ce000045ce0000f1da0000f1da 
  xmm4=0x00009cb800009cb80000473300004733 xmm5=0x0000e4340000e43400000fb100000fb1 
  xmm6=0x00003961000039610000024c0000024c xmm7=0x0000765e0000765e00007f6900007f69 

0x2cd: mov ecx, 0x48
  rax=0x000000000000002f rbx=0x0000000000000000 rcx=0x00000000000001a4 rdx=0x0000000000000000
  rsi=0x0000000000ce3c90 rdi=0x0000000000000b4b flags=0b000010010111
  xmm0=0x00000af400000af400007e4100007e41 xmm1=0x0000adde0000adde0000992a0000992a 
  xmm2=0x00009d2700009d270000df0f0000df0f xmm3=0x000045ce000045ce0000f1da0000f1da 
  xmm4=0x00009cb800009cb80000473300004733 xmm5=0x0000e4340000e43400000fb100000fb1 
  xmm6=0x00003961000039610000024c0000024c xmm7=0x0000765e0000765e00007f6900007f69 

0x2d2: rdmsr 
  rax=0x000000000000002f rbx=0x0000000000000000 rcx=0x0000000000000048 rdx=0x0000000000000000
  rsi=0x0000000000ce3c90 rdi=0x0000000000000b4b flags=0b000010010111
  xmm0=0x00000af400000af400007e4100007e41 xmm1=0x0000adde0000adde0000992a0000992a 
  xmm2=0x00009d2700009d270000df0f0000df0f xmm3=0x000045ce000045ce0000f1da0000f1da 
  xmm4=0x00009cb800009cb80000473300004733 xmm5=0x0000e4340000e43400000fb100000fb1 
  xmm6=0x00003961000039610000024c0000024c xmm7=0x0000765e0000765e00007f6900007f69 

0x2d4: and eax, 0xfffffffb
  rax=0x0000000000000000 rbx=0x0000000000000000 rcx=0x0000000000000048 rdx=0x0000000000000000
  rsi=0x0000000000ce3c90 rdi=0x0000000000000b4b flags=0b000010010111
  xmm0=0x00000af400000af400007e4100007e41 xmm1=0x0000adde0000adde0000992a0000992a 
  xmm2=0x00009d2700009d270000df0f0000df0f xmm3=0x000045ce000045ce0000f1da0000f1da 
  xmm4=0x00009cb800009cb80000473300004733 xmm5=0x0000e4340000e43400000fb100000fb1 
  xmm6=0x00003961000039610000024c0000024c xmm7=0x0000765e0000765e00007f6900007f69 

0x2d7: or eax, 0x100
  rax=0x0000000000000000 rbx=0x0000000000000000 rcx=0x0000000000000048 rdx=0x0000000000000000
  rsi=0x0000000000ce3c90 rdi=0x0000000000000b4b flags=0b000001000110
  xmm0=0x00000af400000af400007e4100007e41 xmm1=0x0000adde0000adde0000992a0000992a 
  xmm2=0x00009d2700009d270000df0f0000df0f xmm3=0x000045ce000045ce0000f1da0000f1da 
  xmm4=0x00009cb800009cb80000473300004733 xmm5=0x0000e4340000e43400000fb100000fb1 
  xmm6=0x00003961000039610000024c0000024c xmm7=0x0000765e0000765e00007f6900007f69 

0x2dc: wrmsr 
  rax=0x0000000000000100 rbx=0x0000000000000000 rcx=0x0000000000000048 rdx=0x0000000000000000
  rsi=0x0000000000ce3c90 rdi=0x0000000000000b4b flags=0b000000000110
  xmm0=0x00000af400000af400007e4100007e41 xmm1=0x0000adde0000adde0000992a0000992a 
  xmm2=0x00009d2700009d270000df0f0000df0f xmm3=0x000045ce000045ce0000f1da0000f1da 
  xmm4=0x00009cb800009cb80000473300004733 xmm5=0x0000e4340000e43400000fb100000fb1 
  xmm6=0x00003961000039610000024c0000024c xmm7=0x0000765e0000765e00007f6900007f69 

0x2de: mfence 
  rax=0x0000000000000100 rbx=0x0000000000000000 rcx=0x0000000000000048 rdx=0x0000000000000000
  rsi=0x0000000000ce3c90 rdi=0x0000000000000b4b flags=0b000000000110
  xmm0=0x00000af400000af400007e4100007e41 xmm1=0x0000adde0000adde0000992a0000992a 
  xmm2=0x00009d2700009d270000df0f0000df0f xmm3=0x000045ce000045ce0000f1da0000f1da 
  xmm4=0x00009cb800009cb80000473300004733 xmm5=0x0000e4340000e43400000fb100000fb1 
  xmm6=0x00003961000039610000024c0000024c xmm7=0x0000765e0000765e00007f6900007f69 

0x2e1: lfence 
  rax=0x0000000000000100 rbx=0x0000000000000000 rcx=0x0000000000000048 rdx=0x0000000000000000
  rsi=0x0000000000ce3c90 rdi=0x0000000000000b4b flags=0b000000000110
  xmm0=0x00000af400000af400007e4100007e41 xmm1=0x0000adde0000adde0000992a0000992a 
  xmm2=0x00009d2700009d270000df0f0000df0f xmm3=0x000045ce000045ce0000f1da0000f1da 
  xmm4=0x00009cb800009cb80000473300004733 xmm5=0x0000e4340000e43400000fb100000fb1 
  xmm6=0x00003961000039610000024c0000024c xmm7=0x0000765e0000765e00007f6900007f69 

0x2e4: macro .measurement_end, .noarg
  rax=0x0000000000000100 rbx=0x0000000000000000 rcx=0x0000000000000048 rdx=0x0000000000000000
  rsi=0x0000000000ce3c90 rdi=0x0000000000000b4b flags=0b000000000110
  xmm0=0x00000af400000af400007e4100007e41 xmm1=0x0000adde0000adde0000992a0000992a 
  xmm2=0x00009d2700009d270000df0f0000df0f xmm3=0x000045ce000045ce0000f1da0000f1da 
  xmm4=0x00009cb800009cb80000473300004733 xmm5=0x0000e4340000e43400000fb100000fb1 
  xmm6=0x00003961000039610000024c0000024c xmm7=0x0000765e0000765e00007f6900007f69 

0x2ec: mov ecx, 0x1a4
  rax=0x0000000000000100 rbx=0x0000000000000000 rcx=0x0000000000000048 rdx=0x0000000000000000
  rsi=0x0000000000ce3c90 rdi=0x0000000000000b4b flags=0b000000000110
  xmm0=0x00000af400000af400007e4100007e41 xmm1=0x0000adde0000adde0000992a0000992a 
  xmm2=0x00009d2700009d270000df0f0000df0f xmm3=0x000045ce000045ce0000f1da0000f1da 
  xmm4=0x00009cb800009cb80000473300004733 xmm5=0x0000e4340000e43400000fb100000fb1 
  xmm6=0x00003961000039610000024c0000024c xmm7=0x0000765e0000765e00007f6900007f69 

0x2f1: mov edx, 0
  rax=0x0000000000000100 rbx=0x0000000000000000 rcx=0x00000000000001a4 rdx=0x0000000000000000
  rsi=0x0000000000ce3c90 rdi=0x0000000000000b4b flags=0b000000000110
  xmm0=0x00000af400000af400007e4100007e41 xmm1=0x0000adde0000adde0000992a0000992a 
  xmm2=0x00009d2700009d270000df0f0000df0f xmm3=0x000045ce000045ce0000f1da0000f1da 
  xmm4=0x00009cb800009cb80000473300004733 xmm5=0x0000e4340000e43400000fb100000fb1 
  xmm6=0x00003961000039610000024c0000024c xmm7=0x0000765e0000765e00007f6900007f69 

0x2f6: mov eax, 0b000000
  rax=0x0000000000000100 rbx=0x0000000000000000 rcx=0x00000000000001a4 rdx=0x0000000000000000
  rsi=0x0000000000ce3c90 rdi=0x0000000000000b4b flags=0b000000000110
  xmm0=0x00000af400000af400007e4100007e41 xmm1=0x0000adde0000adde0000992a0000992a 
  xmm2=0x00009d2700009d270000df0f0000df0f xmm3=0x000045ce000045ce0000f1da0000f1da 
  xmm4=0x00009cb800009cb80000473300004733 xmm5=0x0000e4340000e43400000fb100000fb1 
  xmm6=0x00003961000039610000024c0000024c xmm7=0x0000765e0000765e00007f6900007f69 

0x2fb: mov ecx, 0x48
  rax=0x0000000000000000 rbx=0x0000000000000000 rcx=0x00000000000001a4 rdx=0x0000000000000000
  rsi=0x0000000000ce3c90 rdi=0x0000000000000b4b flags=0b000000000110
  xmm0=0x00000af400000af400007e4100007e41 xmm1=0x0000adde0000adde0000992a0000992a 
  xmm2=0x00009d2700009d270000df0f0000df0f xmm3=0x000045ce000045ce0000f1da0000f1da 
  xmm4=0x00009cb800009cb80000473300004733 xmm5=0x0000e4340000e43400000fb100000fb1 
  xmm6=0x00003961000039610000024c0000024c xmm7=0x0000765e0000765e00007f6900007f69 

0x300: rdmsr 
  rax=0x0000000000000000 rbx=0x0000000000000000 rcx=0x0000000000000048 rdx=0x0000000000000000
  rsi=0x0000000000ce3c90 rdi=0x0000000000000b4b flags=0b000000000110
  xmm0=0x00000af400000af400007e4100007e41 xmm1=0x0000adde0000adde0000992a0000992a 
  xmm2=0x00009d2700009d270000df0f0000df0f xmm3=0x000045ce000045ce0000f1da0000f1da 
  xmm4=0x00009cb800009cb80000473300004733 xmm5=0x0000e4340000e43400000fb100000fb1 
  xmm6=0x00003961000039610000024c0000024c xmm7=0x0000765e0000765e00007f6900007f69 

0x302: and eax, 0xfffffffb
  rax=0x0000000000000000 rbx=0x0000000000000000 rcx=0x0000000000000048 rdx=0x0000000000000000
  rsi=0x0000000000ce3c90 rdi=0x0000000000000b4b flags=0b000000000110
  xmm0=0x00000af400000af400007e4100007e41 xmm1=0x0000adde0000adde0000992a0000992a 
  xmm2=0x00009d2700009d270000df0f0000df0f xmm3=0x000045ce000045ce0000f1da0000f1da 
  xmm4=0x00009cb800009cb80000473300004733 xmm5=0x0000e4340000e43400000fb100000fb1 
  xmm6=0x00003961000039610000024c0000024c xmm7=0x0000765e0000765e00007f6900007f69 

0x305: and eax, 0xfffffeff
  rax=0x0000000000000000 rbx=0x0000000000000000 rcx=0x0000000000000048 rdx=0x0000000000000000
  rsi=0x0000000000ce3c90 rdi=0x0000000000000b4b flags=0b000001000110
  xmm0=0x00000af400000af400007e4100007e41 xmm1=0x0000adde0000adde0000992a0000992a 
  xmm2=0x00009d2700009d270000df0f0000df0f xmm3=0x000045ce000045ce0000f1da0000f1da 
  xmm4=0x00009cb800009cb80000473300004733 xmm5=0x0000e4340000e43400000fb100000fb1 
  xmm6=0x00003961000039610000024c0000024c xmm7=0x0000765e0000765e00007f6900007f69 

0x30a: wrmsr 
  rax=0x0000000000000000 rbx=0x0000000000000000 rcx=0x0000000000000048 rdx=0x0000000000000000
  rsi=0x0000000000ce3c90 rdi=0x0000000000000b4b flags=0b000001000110
  xmm0=0x00000af400000af400007e4100007e41 xmm1=0x0000adde0000adde0000992a0000992a 
  xmm2=0x00009d2700009d270000df0f0000df0f xmm3=0x000045ce000045ce0000f1da0000f1da 
  xmm4=0x00009cb800009cb80000473300004733 xmm5=0x0000e4340000e43400000fb100000fb1 
  xmm6=0x00003961000039610000024c0000024c xmm7=0x0000765e0000765e00007f6900007f69 

0x30c: mfence 
  rax=0x0000000000000000 rbx=0x0000000000000000 rcx=0x0000000000000048 rdx=0x0000000000000000
  rsi=0x0000000000ce3c90 rdi=0x0000000000000b4b flags=0b000001000110
  xmm0=0x00000af400000af400007e4100007e41 xmm1=0x0000adde0000adde0000992a0000992a 
  xmm2=0x00009d2700009d270000df0f0000df0f xmm3=0x000045ce000045ce0000f1da0000f1da 
  xmm4=0x00009cb800009cb80000473300004733 xmm5=0x0000e4340000e43400000fb100000fb1 
  xmm6=0x00003961000039610000024c0000024c xmm7=0x0000765e0000765e00007f6900007f69 

0x30f: lfence 
  rax=0x0000000000000000 rbx=0x0000000000000000 rcx=0x0000000000000048 rdx=0x0000000000000000
  rsi=0x0000000000ce3c90 rdi=0x0000000000000b4b flags=0b000001000110
  xmm0=0x00000af400000af400007e4100007e41 xmm1=0x0000adde0000adde0000992a0000992a 
  xmm2=0x00009d2700009d270000df0f0000df0f xmm3=0x000045ce000045ce0000f1da0000f1da 
  xmm4=0x00009cb800009cb80000473300004733 xmm5=0x0000e4340000e43400000fb100000fb1 
  xmm6=0x00003961000039610000024c0000024c xmm7=0x0000765e0000765e00007f6900007f69 

0x312: pop rdx
  rax=0x0000000000000000 rbx=0x0000000000000000 rcx=0x0000000000000048 rdx=0x0000000000000000
  rsi=0x0000000000ce3c90 rdi=0x0000000000000b4b flags=0b000001000110
  xmm0=0x00000af400000af400007e4100007e41 xmm1=0x0000adde0000adde0000992a0000992a 
  xmm2=0x00009d2700009d270000df0f0000df0f xmm3=0x000045ce000045ce0000f1da0000f1da 
  xmm4=0x00009cb800009cb80000473300004733 xmm5=0x0000e4340000e43400000fb100000fb1 
  xmm6=0x00003961000039610000024c0000024c xmm7=0x0000765e0000765e00007f6900007f69 

    > load from +0xfd8 value 0x10da
0x313: pop rcx
  rax=0x0000000000000000 rbx=0x0000000000000000 rcx=0x0000000000000048 rdx=0x00000000000010da
  rsi=0x0000000000ce3c90 rdi=0x0000000000000b4b flags=0b000001000110
  xmm0=0x00000af400000af400007e4100007e41 xmm1=0x0000adde0000adde0000992a0000992a 
  xmm2=0x00009d2700009d270000df0f0000df0f xmm3=0x000045ce000045ce0000f1da0000f1da 
  xmm4=0x00009cb800009cb80000473300004733 xmm5=0x0000e4340000e43400000fb100000fb1 
  xmm6=0x00003961000039610000024c0000024c xmm7=0x0000765e0000765e00007f6900007f69 

    > load from +0xfe0 value 0x0
0x314: pop rax
  rax=0x0000000000000000 rbx=0x0000000000000000 rcx=0x0000000000000000 rdx=0x00000000000010da
  rsi=0x0000000000ce3c90 rdi=0x0000000000000b4b flags=0b000001000110
  xmm0=0x00000af400000af400007e4100007e41 xmm1=0x0000adde0000adde0000992a0000992a 
  xmm2=0x00009d2700009d270000df0f0000df0f xmm3=0x000045ce000045ce0000f1da0000f1da 
  xmm4=0x00009cb800009cb80000473300004733 xmm5=0x0000e4340000e43400000fb100000fb1 
  xmm6=0x00003961000039610000024c0000024c xmm7=0x0000765e0000765e00007f6900007f69 

    > load from +0xfe8 value 0xd046
0x315: popfq  [test_case_exit]
  rax=0x000000000000d046 rbx=0x0000000000000000 rcx=0x0000000000000000 rdx=0x00000000000010da
  rsi=0x0000000000ce3c90 rdi=0x0000000000000b4b flags=0b000001000110
  xmm0=0x00000af400000af400007e4100007e41 xmm1=0x0000adde0000adde0000992a0000992a 
  xmm2=0x00009d2700009d270000df0f0000df0f xmm3=0x000045ce000045ce0000f1da0000f1da 
  xmm4=0x00009cb800009cb80000473300004733 xmm5=0x0000e4340000e43400000fb100000fb1 
  xmm6=0x00003961000039610000024c0000024c xmm7=0x0000765e0000765e00007f6900007f69 

    > load from +0xff0 value 0x97




================================ Statistics ===================================

Test Cases: 1
Inputs per test case: 100.0
Violations: 1
Effectiveness: 
  Total Cls: 50.0
  Effective Cls: 50.0
Discarded Test Cases:
  Speculation Filter: 0
  Observation Filter: 0
  Fast Path: 0
  Max Nesting Check: 0
  Tainting Check: 0
  Early Priming Check: 0
  Large Sample Check: 0
  Priming Check: 0

Duration: 29.4
Finished at 01:36:59
