
INFO: [fuzzer] Starting at 01:34:48
> Entering slow path...> Priming  1              > Increase sample size to 40> Priming  1              > Increase sample size to 160> Priming  1              > Increase sample size to 320> Priming  1             

================================ Violations detected ==========================
Contract trace:
 1015031602307480131 (hash)
Hardware traces:
  Input group 1: [43]
  Input group 2: [93]
  ^^.^..........^...^........^^.^..^.^^.^........^...^.......^^..^ [316    | 0     ]
  ^^............^...^........^^.^..^.^..^............^.......^^..^ [3      | 4     ]
  ^^.^..........^...^........^^.^..^.^^.^............^.......^^..^ [1      | 0     ]
  ^^.^^.........^...^........^^.^..^.^..^............^.......^^..^ [0      | 316   ]

================================ Violation Traces =============================
                      ##### Input 43 #####

                     ##### Input 0 #####
0x0 : pushfq 
  rax=0x0000210b0000210b rbx=0x0000d6480000d648 rcx=0x0000139400001394 rdx=0x0000bcbb0000bcbb
  rsi=0x0000e9940000e994 rdi=0x0000c8d50000c8d5 flags=0b100001010010
  xmm0=0x00003f9700003f97000007ab000007ab xmm1=0x00006dc400006dc40000b0260000b026 
  xmm2=0x00002a0a00002a0a0000384500003845 xmm3=0x0000848a0000848a0000f64b0000f64b 
  xmm4=0x0000b3690000b3690000ddfd0000ddfd xmm5=0x00007f6900007f690000bd130000bd13 
  xmm6=0x00001ae200001ae200009f9900009f99 xmm7=0x0000e19a0000e19a0000282200002822 

    > store to +0xff0 value 0x852
0x1 : push rax
  rax=0x0000210b0000210b rbx=0x0000d6480000d648 rcx=0x0000139400001394 rdx=0x0000bcbb0000bcbb
  rsi=0x0000e9940000e994 rdi=0x0000c8d50000c8d5 flags=0b100001010010
  xmm0=0x00003f9700003f97000007ab000007ab xmm1=0x00006dc400006dc40000b0260000b026 
  xmm2=0x00002a0a00002a0a0000384500003845 xmm3=0x0000848a0000848a0000f64b0000f64b 
  xmm4=0x0000b3690000b3690000ddfd0000ddfd xmm5=0x00007f6900007f690000bd130000bd13 
  xmm6=0x00001ae200001ae200009f9900009f99 xmm7=0x0000e19a0000e19a0000282200002822 

    > store to +0xfe8 value 0x210b0000210b
0x2 : push rcx
  rax=0x0000210b0000210b rbx=0x0000d6480000d648 rcx=0x0000139400001394 rdx=0x0000bcbb0000bcbb
  rsi=0x0000e9940000e994 rdi=0x0000c8d50000c8d5 flags=0b100001010010
  xmm0=0x00003f9700003f97000007ab000007ab xmm1=0x00006dc400006dc40000b0260000b026 
  xmm2=0x00002a0a00002a0a0000384500003845 xmm3=0x0000848a0000848a0000f64b0000f64b 
  xmm4=0x0000b3690000b3690000ddfd0000ddfd xmm5=0x00007f6900007f690000bd130000bd13 
  xmm6=0x00001ae200001ae200009f9900009f99 xmm7=0x0000e19a0000e19a0000282200002822 

    > store to +0xfe0 value 0x139400001394
0x3 : push rdx
  rax=0x0000210b0000210b rbx=0x0000d6480000d648 rcx=0x0000139400001394 rdx=0x0000bcbb0000bcbb
  rsi=0x0000e9940000e994 rdi=0x0000c8d50000c8d5 flags=0b100001010010
  xmm0=0x00003f9700003f97000007ab000007ab xmm1=0x00006dc400006dc40000b0260000b026 
  xmm2=0x00002a0a00002a0a0000384500003845 xmm3=0x0000848a0000848a0000f64b0000f64b 
  xmm4=0x0000b3690000b3690000ddfd0000ddfd xmm5=0x00007f6900007f690000bd130000bd13 
  xmm6=0x00001ae200001ae200009f9900009f99 xmm7=0x0000e19a0000e19a0000282200002822 

    > store to +0xfd8 value 0xbcbb0000bcbb
0x4 : mov ecx, 0x1a4
  rax=0x0000210b0000210b rbx=0x0000d6480000d648 rcx=0x0000139400001394 rdx=0x0000bcbb0000bcbb
  rsi=0x0000e9940000e994 rdi=0x0000c8d50000c8d5 flags=0b100001010010
  xmm0=0x00003f9700003f97000007ab000007ab xmm1=0x00006dc400006dc40000b0260000b026 
  xmm2=0x00002a0a00002a0a0000384500003845 xmm3=0x0000848a0000848a0000f64b0000f64b 
  xmm4=0x0000b3690000b3690000ddfd0000ddfd xmm5=0x00007f6900007f690000bd130000bd13 
  xmm6=0x00001ae200001ae200009f9900009f99 xmm7=0x0000e19a0000e19a0000282200002822 

0x9 : mov edx, 0
  rax=0x0000210b0000210b rbx=0x0000d6480000d648 rcx=0x00000000000001a4 rdx=0x0000bcbb0000bcbb
  rsi=0x0000e9940000e994 rdi=0x0000c8d50000c8d5 flags=0b100001010010
  xmm0=0x00003f9700003f97000007ab000007ab xmm1=0x00006dc400006dc40000b0260000b026 
  xmm2=0x00002a0a00002a0a0000384500003845 xmm3=0x0000848a0000848a0000f64b0000f64b 
  xmm4=0x0000b3690000b3690000ddfd0000ddfd xmm5=0x00007f6900007f690000bd130000bd13 
  xmm6=0x00001ae200001ae200009f9900009f99 xmm7=0x0000e19a0000e19a0000282200002822 

0xe : mov eax, 0b101111
  rax=0x0000210b0000210b rbx=0x0000d6480000d648 rcx=0x00000000000001a4 rdx=0x0000000000000000
  rsi=0x0000e9940000e994 rdi=0x0000c8d50000c8d5 flags=0b100001010010
  xmm0=0x00003f9700003f97000007ab000007ab xmm1=0x00006dc400006dc40000b0260000b026 
  xmm2=0x00002a0a00002a0a0000384500003845 xmm3=0x0000848a0000848a0000f64b0000f64b 
  xmm4=0x0000b3690000b3690000ddfd0000ddfd xmm5=0x00007f6900007f690000bd130000bd13 
  xmm6=0x00001ae200001ae200009f9900009f99 xmm7=0x0000e19a0000e19a0000282200002822 

0x13: wrmsr 
  rax=0x000000000000002f rbx=0x0000d6480000d648 rcx=0x00000000000001a4 rdx=0x0000000000000000
  rsi=0x0000e9940000e994 rdi=0x0000c8d50000c8d5 flags=0b100001010010
  xmm0=0x00003f9700003f97000007ab000007ab xmm1=0x00006dc400006dc40000b0260000b026 
  xmm2=0x00002a0a00002a0a0000384500003845 xmm3=0x0000848a0000848a0000f64b0000f64b 
  xmm4=0x0000b3690000b3690000ddfd0000ddfd xmm5=0x00007f6900007f690000bd130000bd13 
  xmm6=0x00001ae200001ae200009f9900009f99 xmm7=0x0000e19a0000e19a0000282200002822 

0x15: mov ecx, 0x48
  rax=0x000000000000002f rbx=0x0000d6480000d648 rcx=0x00000000000001a4 rdx=0x0000000000000000
  rsi=0x0000e9940000e994 rdi=0x0000c8d50000c8d5 flags=0b100001010010
  xmm0=0x00003f9700003f97000007ab000007ab xmm1=0x00006dc400006dc40000b0260000b026 
  xmm2=0x00002a0a00002a0a0000384500003845 xmm3=0x0000848a0000848a0000f64b0000f64b 
  xmm4=0x0000b3690000b3690000ddfd0000ddfd xmm5=0x00007f6900007f690000bd130000bd13 
  xmm6=0x00001ae200001ae200009f9900009f99 xmm7=0x0000e19a0000e19a0000282200002822 

0x1a: rdmsr 
  rax=0x000000000000002f rbx=0x0000d6480000d648 rcx=0x0000000000000048 rdx=0x0000000000000000
  rsi=0x0000e9940000e994 rdi=0x0000c8d50000c8d5 flags=0b100001010010
  xmm0=0x00003f9700003f97000007ab000007ab xmm1=0x00006dc400006dc40000b0260000b026 
  xmm2=0x00002a0a00002a0a0000384500003845 xmm3=0x0000848a0000848a0000f64b0000f64b 
  xmm4=0x0000b3690000b3690000ddfd0000ddfd xmm5=0x00007f6900007f690000bd130000bd13 
  xmm6=0x00001ae200001ae200009f9900009f99 xmm7=0x0000e19a0000e19a0000282200002822 

0x1c: and eax, 0xfffffffb
  rax=0x0000000000000000 rbx=0x0000d6480000d648 rcx=0x0000000000000048 rdx=0x0000000000000000
  rsi=0x0000e9940000e994 rdi=0x0000c8d50000c8d5 flags=0b100001010010
  xmm0=0x00003f9700003f97000007ab000007ab xmm1=0x00006dc400006dc40000b0260000b026 
  xmm2=0x00002a0a00002a0a0000384500003845 xmm3=0x0000848a0000848a0000f64b0000f64b 
  xmm4=0x0000b3690000b3690000ddfd0000ddfd xmm5=0x00007f6900007f690000bd130000bd13 
  xmm6=0x00001ae200001ae200009f9900009f99 xmm7=0x0000e19a0000e19a0000282200002822 

0x1f: or eax, 0x100
  rax=0x0000000000000000 rbx=0x0000d6480000d648 rcx=0x0000000000000048 rdx=0x0000000000000000
  rsi=0x0000e9940000e994 rdi=0x0000c8d50000c8d5 flags=0b000001000110
  xmm0=0x00003f9700003f97000007ab000007ab xmm1=0x00006dc400006dc40000b0260000b026 
  xmm2=0x00002a0a00002a0a0000384500003845 xmm3=0x0000848a0000848a0000f64b0000f64b 
  xmm4=0x0000b3690000b3690000ddfd0000ddfd xmm5=0x00007f6900007f690000bd130000bd13 
  xmm6=0x00001ae200001ae200009f9900009f99 xmm7=0x0000e19a0000e19a0000282200002822 

0x24: wrmsr 
  rax=0x0000000000000100 rbx=0x0000d6480000d648 rcx=0x0000000000000048 rdx=0x0000000000000000
  rsi=0x0000e9940000e994 rdi=0x0000c8d50000c8d5 flags=0b000000000110
  xmm0=0x00003f9700003f97000007ab000007ab xmm1=0x00006dc400006dc40000b0260000b026 
  xmm2=0x00002a0a00002a0a0000384500003845 xmm3=0x0000848a0000848a0000f64b0000f64b 
  xmm4=0x0000b3690000b3690000ddfd0000ddfd xmm5=0x00007f6900007f690000bd130000bd13 
  xmm6=0x00001ae200001ae200009f9900009f99 xmm7=0x0000e19a0000e19a0000282200002822 

0x26: mfence 
  rax=0x0000000000000100 rbx=0x0000d6480000d648 rcx=0x0000000000000048 rdx=0x0000000000000000
  rsi=0x0000e9940000e994 rdi=0x0000c8d50000c8d5 flags=0b000000000110
  xmm0=0x00003f9700003f97000007ab000007ab xmm1=0x00006dc400006dc40000b0260000b026 
  xmm2=0x00002a0a00002a0a0000384500003845 xmm3=0x0000848a0000848a0000f64b0000f64b 
  xmm4=0x0000b3690000b3690000ddfd0000ddfd xmm5=0x00007f6900007f690000bd130000bd13 
  xmm6=0x00001ae200001ae200009f9900009f99 xmm7=0x0000e19a0000e19a0000282200002822 

0x29: lfence 
  rax=0x0000000000000100 rbx=0x0000d6480000d648 rcx=0x0000000000000048 rdx=0x0000000000000000
  rsi=0x0000e9940000e994 rdi=0x0000c8d50000c8d5 flags=0b000000000110
  xmm0=0x00003f9700003f97000007ab000007ab xmm1=0x00006dc400006dc40000b0260000b026 
  xmm2=0x00002a0a00002a0a0000384500003845 xmm3=0x0000848a0000848a0000f64b0000f64b 
  xmm4=0x0000b3690000b3690000ddfd0000ddfd xmm5=0x00007f6900007f690000bd130000bd13 
  xmm6=0x00001ae200001ae200009f9900009f99 xmm7=0x0000e19a0000e19a0000282200002822 

0x2c: macro .measurement_start, .noarg
  rax=0x0000000000000100 rbx=0x0000d6480000d648 rcx=0x0000000000000048 rdx=0x0000000000000000
  rsi=0x0000e9940000e994 rdi=0x0000c8d50000c8d5 flags=0b000000000110
  xmm0=0x00003f9700003f97000007ab000007ab xmm1=0x00006dc400006dc40000b0260000b026 
  xmm2=0x00002a0a00002a0a0000384500003845 xmm3=0x0000848a0000848a0000f64b0000f64b 
  xmm4=0x0000b3690000b3690000ddfd0000ddfd xmm5=0x00007f6900007f690000bd130000bd13 
  xmm6=0x00001ae200001ae200009f9900009f99 xmm7=0x0000e19a0000e19a0000282200002822 

0x34: mov ecx, 0x1a4
  rax=0x0000000000000100 rbx=0x0000d6480000d648 rcx=0x0000000000000048 rdx=0x0000000000000000
  rsi=0x0000e9940000e994 rdi=0x0000c8d50000c8d5 flags=0b000000000110
  xmm0=0x00003f9700003f97000007ab000007ab xmm1=0x00006dc400006dc40000b0260000b026 
  xmm2=0x00002a0a00002a0a0000384500003845 xmm3=0x0000848a0000848a0000f64b0000f64b 
  xmm4=0x0000b3690000b3690000ddfd0000ddfd xmm5=0x00007f6900007f690000bd130000bd13 
  xmm6=0x00001ae200001ae200009f9900009f99 xmm7=0x0000e19a0000e19a0000282200002822 

0x39: mov edx, 0
  rax=0x0000000000000100 rbx=0x0000d6480000d648 rcx=0x00000000000001a4 rdx=0x0000000000000000
  rsi=0x0000e9940000e994 rdi=0x0000c8d50000c8d5 flags=0b000000000110
  xmm0=0x00003f9700003f97000007ab000007ab xmm1=0x00006dc400006dc40000b0260000b026 
  xmm2=0x00002a0a00002a0a0000384500003845 xmm3=0x0000848a0000848a0000f64b0000f64b 
  xmm4=0x0000b3690000b3690000ddfd0000ddfd xmm5=0x00007f6900007f690000bd130000bd13 
  xmm6=0x00001ae200001ae200009f9900009f99 xmm7=0x0000e19a0000e19a0000282200002822 

0x3e: mov eax, 0b000000
  rax=0x0000000000000100 rbx=0x0000d6480000d648 rcx=0x00000000000001a4 rdx=0x0000000000000000
  rsi=0x0000e9940000e994 rdi=0x0000c8d50000c8d5 flags=0b000000000110
  xmm0=0x00003f9700003f97000007ab000007ab xmm1=0x00006dc400006dc40000b0260000b026 
  xmm2=0x00002a0a00002a0a0000384500003845 xmm3=0x0000848a0000848a0000f64b0000f64b 
  xmm4=0x0000b3690000b3690000ddfd0000ddfd xmm5=0x00007f6900007f690000bd130000bd13 
  xmm6=0x00001ae200001ae200009f9900009f99 xmm7=0x0000e19a0000e19a0000282200002822 

0x43: mov ecx, 0x48
  rax=0x0000000000000000 rbx=0x0000d6480000d648 rcx=0x00000000000001a4 rdx=0x0000000000000000
  rsi=0x0000e9940000e994 rdi=0x0000c8d50000c8d5 flags=0b000000000110
  xmm0=0x00003f9700003f97000007ab000007ab xmm1=0x00006dc400006dc40000b0260000b026 
  xmm2=0x00002a0a00002a0a0000384500003845 xmm3=0x0000848a0000848a0000f64b0000f64b 
  xmm4=0x0000b3690000b3690000ddfd0000ddfd xmm5=0x00007f6900007f690000bd130000bd13 
  xmm6=0x00001ae200001ae200009f9900009f99 xmm7=0x0000e19a0000e19a0000282200002822 

0x48: rdmsr 
  rax=0x0000000000000000 rbx=0x0000d6480000d648 rcx=0x0000000000000048 rdx=0x0000000000000000
  rsi=0x0000e9940000e994 rdi=0x0000c8d50000c8d5 flags=0b000000000110
  xmm0=0x00003f9700003f97000007ab000007ab xmm1=0x00006dc400006dc40000b0260000b026 
  xmm2=0x00002a0a00002a0a0000384500003845 xmm3=0x0000848a0000848a0000f64b0000f64b 
  xmm4=0x0000b3690000b3690000ddfd0000ddfd xmm5=0x00007f6900007f690000bd130000bd13 
  xmm6=0x00001ae200001ae200009f9900009f99 xmm7=0x0000e19a0000e19a0000282200002822 

0x4a: and eax, 0xfffffffb
  rax=0x0000000000000000 rbx=0x0000d6480000d648 rcx=0x0000000000000048 rdx=0x0000000000000000
  rsi=0x0000e9940000e994 rdi=0x0000c8d50000c8d5 flags=0b000000000110
  xmm0=0x00003f9700003f97000007ab000007ab xmm1=0x00006dc400006dc40000b0260000b026 
  xmm2=0x00002a0a00002a0a0000384500003845 xmm3=0x0000848a0000848a0000f64b0000f64b 
  xmm4=0x0000b3690000b3690000ddfd0000ddfd xmm5=0x00007f6900007f690000bd130000bd13 
  xmm6=0x00001ae200001ae200009f9900009f99 xmm7=0x0000e19a0000e19a0000282200002822 

0x4d: and eax, 0xfffffeff
  rax=0x0000000000000000 rbx=0x0000d6480000d648 rcx=0x0000000000000048 rdx=0x0000000000000000
  rsi=0x0000e9940000e994 rdi=0x0000c8d50000c8d5 flags=0b000001000110
  xmm0=0x00003f9700003f97000007ab000007ab xmm1=0x00006dc400006dc40000b0260000b026 
  xmm2=0x00002a0a00002a0a0000384500003845 xmm3=0x0000848a0000848a0000f64b0000f64b 
  xmm4=0x0000b3690000b3690000ddfd0000ddfd xmm5=0x00007f6900007f690000bd130000bd13 
  xmm6=0x00001ae200001ae200009f9900009f99 xmm7=0x0000e19a0000e19a0000282200002822 

0x52: wrmsr 
  rax=0x0000000000000000 rbx=0x0000d6480000d648 rcx=0x0000000000000048 rdx=0x0000000000000000
  rsi=0x0000e9940000e994 rdi=0x0000c8d50000c8d5 flags=0b000001000110
  xmm0=0x00003f9700003f97000007ab000007ab xmm1=0x00006dc400006dc40000b0260000b026 
  xmm2=0x00002a0a00002a0a0000384500003845 xmm3=0x0000848a0000848a0000f64b0000f64b 
  xmm4=0x0000b3690000b3690000ddfd0000ddfd xmm5=0x00007f6900007f690000bd130000bd13 
  xmm6=0x00001ae200001ae200009f9900009f99 xmm7=0x0000e19a0000e19a0000282200002822 

0x54: mfence 
  rax=0x0000000000000000 rbx=0x0000d6480000d648 rcx=0x0000000000000048 rdx=0x0000000000000000
  rsi=0x0000e9940000e994 rdi=0x0000c8d50000c8d5 flags=0b000001000110
  xmm0=0x00003f9700003f97000007ab000007ab xmm1=0x00006dc400006dc40000b0260000b026 
  xmm2=0x00002a0a00002a0a0000384500003845 xmm3=0x0000848a0000848a0000f64b0000f64b 
  xmm4=0x0000b3690000b3690000ddfd0000ddfd xmm5=0x00007f6900007f690000bd130000bd13 
  xmm6=0x00001ae200001ae200009f9900009f99 xmm7=0x0000e19a0000e19a0000282200002822 

0x57: lfence 
  rax=0x0000000000000000 rbx=0x0000d6480000d648 rcx=0x0000000000000048 rdx=0x0000000000000000
  rsi=0x0000e9940000e994 rdi=0x0000c8d50000c8d5 flags=0b000001000110
  xmm0=0x00003f9700003f97000007ab000007ab xmm1=0x00006dc400006dc40000b0260000b026 
  xmm2=0x00002a0a00002a0a0000384500003845 xmm3=0x0000848a0000848a0000f64b0000f64b 
  xmm4=0x0000b3690000b3690000ddfd0000ddfd xmm5=0x00007f6900007f690000bd130000bd13 
  xmm6=0x00001ae200001ae200009f9900009f99 xmm7=0x0000e19a0000e19a0000282200002822 

0x5a: pop rdx
  rax=0x0000000000000000 rbx=0x0000d6480000d648 rcx=0x0000000000000048 rdx=0x0000000000000000
  rsi=0x0000e9940000e994 rdi=0x0000c8d50000c8d5 flags=0b000001000110
  xmm0=0x00003f9700003f97000007ab000007ab xmm1=0x00006dc400006dc40000b0260000b026 
  xmm2=0x00002a0a00002a0a0000384500003845 xmm3=0x0000848a0000848a0000f64b0000f64b 
  xmm4=0x0000b3690000b3690000ddfd0000ddfd xmm5=0x00007f6900007f690000bd130000bd13 
  xmm6=0x00001ae200001ae200009f9900009f99 xmm7=0x0000e19a0000e19a0000282200002822 

    > load from +0xfd8 value 0xbcbb0000bcbb
0x5b: pop rcx
  rax=0x0000000000000000 rbx=0x0000d6480000d648 rcx=0x0000000000000048 rdx=0x0000bcbb0000bcbb
  rsi=0x0000e9940000e994 rdi=0x0000c8d50000c8d5 flags=0b000001000110
  xmm0=0x00003f9700003f97000007ab000007ab xmm1=0x00006dc400006dc40000b0260000b026 
  xmm2=0x00002a0a00002a0a0000384500003845 xmm3=0x0000848a0000848a0000f64b0000f64b 
  xmm4=0x0000b3690000b3690000ddfd0000ddfd xmm5=0x00007f6900007f690000bd130000bd13 
  xmm6=0x00001ae200001ae200009f9900009f99 xmm7=0x0000e19a0000e19a0000282200002822 

    > load from +0xfe0 value 0x139400001394
0x5c: pop rax
  rax=0x0000000000000000 rbx=0x0000d6480000d648 rcx=0x0000139400001394 rdx=0x0000bcbb0000bcbb
  rsi=0x0000e9940000e994 rdi=0x0000c8d50000c8d5 flags=0b000001000110
  xmm0=0x00003f9700003f97000007ab000007ab xmm1=0x00006dc400006dc40000b0260000b026 
  xmm2=0x00002a0a00002a0a0000384500003845 xmm3=0x0000848a0000848a0000f64b0000f64b 
  xmm4=0x0000b3690000b3690000ddfd0000ddfd xmm5=0x00007f6900007f690000bd130000bd13 
  xmm6=0x00001ae200001ae200009f9900009f99 xmm7=0x0000e19a0000e19a0000282200002822 

    > load from +0xfe8 value 0x210b0000210b
0x5d: popfq 
  rax=0x0000210b0000210b rbx=0x0000d6480000d648 rcx=0x0000139400001394 rdx=0x0000bcbb0000bcbb
  rsi=0x0000e9940000e994 rdi=0x0000c8d50000c8d5 flags=0b000001000110
  xmm0=0x00003f9700003f97000007ab000007ab xmm1=0x00006dc400006dc40000b0260000b026 
  xmm2=0x00002a0a00002a0a0000384500003845 xmm3=0x0000848a0000848a0000f64b0000f64b 
  xmm4=0x0000b3690000b3690000ddfd0000ddfd xmm5=0x00007f6900007f690000bd130000bd13 
  xmm6=0x00001ae200001ae200009f9900009f99 xmm7=0x0000e19a0000e19a0000282200002822 

    > load from +0xff0 value 0x852
0x5e: imul rbx, rax, 114
  rax=0x0000210b0000210b rbx=0x0000d6480000d648 rcx=0x0000139400001394 rdx=0x0000bcbb0000bcbb
  rsi=0x0000e9940000e994 rdi=0x0000c8d50000c8d5 flags=0b100001010010
  xmm0=0x00003f9700003f97000007ab000007ab xmm1=0x00006dc400006dc40000b0260000b026 
  xmm2=0x00002a0a00002a0a0000384500003845 xmm3=0x0000848a0000848a0000f64b0000f64b 
  xmm4=0x0000b3690000b3690000ddfd0000ddfd xmm5=0x00007f6900007f690000bd130000bd13 
  xmm6=0x00001ae200001ae200009f9900009f99 xmm7=0x0000e19a0000e19a0000282200002822 

0x62: inc bx
  rax=0x0000210b0000210b rbx=0x000eb6e6000eb6e6 rcx=0x0000139400001394 rdx=0x0000bcbb0000bcbb
  rsi=0x0000e9940000e994 rdi=0x0000c8d50000c8d5 flags=0b000000000010
  xmm0=0x00003f9700003f97000007ab000007ab xmm1=0x00006dc400006dc40000b0260000b026 
  xmm2=0x00002a0a00002a0a0000384500003845 xmm3=0x0000848a0000848a0000f64b0000f64b 
  xmm4=0x0000b3690000b3690000ddfd0000ddfd xmm5=0x00007f6900007f690000bd130000bd13 
  xmm6=0x00001ae200001ae200009f9900009f99 xmm7=0x0000e19a0000e19a0000282200002822 

0x65: and rbx, 0b1111111111111
  rax=0x0000210b0000210b rbx=0x000eb6e6000eb6e7 rcx=0x0000139400001394 rdx=0x0000bcbb0000bcbb
  rsi=0x0000e9940000e994 rdi=0x0000c8d50000c8d5 flags=0b000010000110
  xmm0=0x00003f9700003f97000007ab000007ab xmm1=0x00006dc400006dc40000b0260000b026 
  xmm2=0x00002a0a00002a0a0000384500003845 xmm3=0x0000848a0000848a0000f64b0000f64b 
  xmm4=0x0000b3690000b3690000ddfd0000ddfd xmm5=0x00007f6900007f690000bd130000bd13 
  xmm6=0x00001ae200001ae200009f9900009f99 xmm7=0x0000e19a0000e19a0000282200002822 

0x6c: xor rbx, [r14 +rbx]
  rax=0x0000210b0000210b rbx=0x00000000000016e7 rcx=0x0000139400001394 rdx=0x0000bcbb0000bcbb
  rsi=0x0000e9940000e994 rdi=0x0000c8d50000c8d5 flags=0b000000000110
  xmm0=0x00003f9700003f97000007ab000007ab xmm1=0x00006dc400006dc40000b0260000b026 
  xmm2=0x00002a0a00002a0a0000384500003845 xmm3=0x0000848a0000848a0000f64b0000f64b 
  xmm4=0x0000b3690000b3690000ddfd0000ddfd xmm5=0x00007f6900007f690000bd130000bd13 
  xmm6=0x00001ae200001ae200009f9900009f99 xmm7=0x0000e19a0000e19a0000282200002822 

    > load from +0x16e7 value 0x2a1600002a1600
0x70: and rcx, 0b1111111111111
  rax=0x0000210b0000210b rbx=0x002a1600002a00e7 rcx=0x0000139400001394 rdx=0x0000bcbb0000bcbb
  rsi=0x0000e9940000e994 rdi=0x0000c8d50000c8d5 flags=0b000000000110
  xmm0=0x00003f9700003f97000007ab000007ab xmm1=0x00006dc400006dc40000b0260000b026 
  xmm2=0x00002a0a00002a0a0000384500003845 xmm3=0x0000848a0000848a0000f64b0000f64b 
  xmm4=0x0000b3690000b3690000ddfd0000ddfd xmm5=0x00007f6900007f690000bd130000bd13 
  xmm6=0x00001ae200001ae200009f9900009f99 xmm7=0x0000e19a0000e19a0000282200002822 

0x77: imul [r14 +rcx]
  rax=0x0000210b0000210b rbx=0x002a1600002a00e7 rcx=0x0000000000001394 rdx=0x0000bcbb0000bcbb
  rsi=0x0000e9940000e994 rdi=0x0000c8d50000c8d5 flags=0b000000000010
  xmm0=0x00003f9700003f97000007ab000007ab xmm1=0x00006dc400006dc40000b0260000b026 
  xmm2=0x00002a0a00002a0a0000384500003845 xmm3=0x0000848a0000848a0000f64b0000f64b 
  xmm4=0x0000b3690000b3690000ddfd0000ddfd xmm5=0x00007f6900007f690000bd130000bd13 
  xmm6=0x00001ae200001ae200009f9900009f99 xmm7=0x0000e19a0000e19a0000282200002822 

    > load from +0x1394 value 0x8654
0x7b: sbb bl, cl
  rax=0x000000001156999c rbx=0x002a1600002a00e7 rcx=0x0000000000001394 rdx=0x0000000000000000
  rsi=0x0000e9940000e994 rdi=0x0000c8d50000c8d5 flags=0b000000000110
  xmm0=0x00003f9700003f97000007ab000007ab xmm1=0x00006dc400006dc40000b0260000b026 
  xmm2=0x00002a0a00002a0a0000384500003845 xmm3=0x0000848a0000848a0000f64b0000f64b 
  xmm4=0x0000b3690000b3690000ddfd0000ddfd xmm5=0x00007f6900007f690000bd130000bd13 
  xmm6=0x00001ae200001ae200009f9900009f99 xmm7=0x0000e19a0000e19a0000282200002822 

0x7d: and rdx, 0b1111111111111
  rax=0x000000001156999c rbx=0x002a1600002a0053 rcx=0x0000000000001394 rdx=0x0000000000000000
  rsi=0x0000e9940000e994 rdi=0x0000c8d50000c8d5 flags=0b000000000110
  xmm0=0x00003f9700003f97000007ab000007ab xmm1=0x00006dc400006dc40000b0260000b026 
  xmm2=0x00002a0a00002a0a0000384500003845 xmm3=0x0000848a0000848a0000f64b0000f64b 
  xmm4=0x0000b3690000b3690000ddfd0000ddfd xmm5=0x00007f6900007f690000bd130000bd13 
  xmm6=0x00001ae200001ae200009f9900009f99 xmm7=0x0000e19a0000e19a0000282200002822 

0x84: test [r14 +rdx], 1915
  rax=0x000000001156999c rbx=0x002a1600002a0053 rcx=0x0000000000001394 rdx=0x0000000000000000
  rsi=0x0000e9940000e994 rdi=0x0000c8d50000c8d5 flags=0b000001000110
  xmm0=0x00003f9700003f97000007ab000007ab xmm1=0x00006dc400006dc40000b0260000b026 
  xmm2=0x00002a0a00002a0a0000384500003845 xmm3=0x0000848a0000848a0000f64b0000f64b 
  xmm4=0x0000b3690000b3690000ddfd0000ddfd xmm5=0x00007f6900007f690000bd130000bd13 
  xmm6=0x00001ae200001ae200009f9900009f99 xmm7=0x0000e19a0000e19a0000282200002822 

    > load from +0x0 value 0x4faf
0x8b: and rdi, 0b1111111111111
  rax=0x000000001156999c rbx=0x002a1600002a0053 rcx=0x0000000000001394 rdx=0x0000000000000000
  rsi=0x0000e9940000e994 rdi=0x0000c8d50000c8d5 flags=0b000000000110
  xmm0=0x00003f9700003f97000007ab000007ab xmm1=0x00006dc400006dc40000b0260000b026 
  xmm2=0x00002a0a00002a0a0000384500003845 xmm3=0x0000848a0000848a0000f64b0000f64b 
  xmm4=0x0000b3690000b3690000ddfd0000ddfd xmm5=0x00007f6900007f690000bd130000bd13 
  xmm6=0x00001ae200001ae200009f9900009f99 xmm7=0x0000e19a0000e19a0000282200002822 

0x92: or [r14 +rdi], 0b1000000000000000
  rax=0x000000001156999c rbx=0x002a1600002a0053 rcx=0x0000000000001394 rdx=0x0000000000000000
  rsi=0x0000e9940000e994 rdi=0x00000000000008d5 flags=0b000000000010
  xmm0=0x00003f9700003f97000007ab000007ab xmm1=0x00006dc400006dc40000b0260000b026 
  xmm2=0x00002a0a00002a0a0000384500003845 xmm3=0x0000848a0000848a0000f64b0000f64b 
  xmm4=0x0000b3690000b3690000ddfd0000ddfd xmm5=0x00007f6900007f690000bd130000bd13 
  xmm6=0x00001ae200001ae200009f9900009f99 xmm7=0x0000e19a0000e19a0000282200002822 

    > load from +0x8d5 value 0xf4
    > store to +0x8d5 value 0x80f4
0x99: bsf si, [r14 +rdi]
  rax=0x000000001156999c rbx=0x002a1600002a0053 rcx=0x0000000000001394 rdx=0x0000000000000000
  rsi=0x0000e9940000e994 rdi=0x00000000000008d5 flags=0b000010000010
  xmm0=0x00003f9700003f97000007ab000007ab xmm1=0x00006dc400006dc40000b0260000b026 
  xmm2=0x00002a0a00002a0a0000384500003845 xmm3=0x0000848a0000848a0000f64b0000f64b 
  xmm4=0x0000b3690000b3690000ddfd0000ddfd xmm5=0x00007f6900007f690000bd130000bd13 
  xmm6=0x00001ae200001ae200009f9900009f99 xmm7=0x0000e19a0000e19a0000282200002822 

    > load from +0x8d5 value 0x80f4
0x9f: add dil, -113
  rax=0x000000001156999c rbx=0x002a1600002a0053 rcx=0x0000000000001394 rdx=0x0000000000000000
  rsi=0x0000e99400000002 rdi=0x00000000000008d5 flags=0b000010000010
  xmm0=0x00003f9700003f97000007ab000007ab xmm1=0x00006dc400006dc40000b0260000b026 
  xmm2=0x00002a0a00002a0a0000384500003845 xmm3=0x0000848a0000848a0000f64b0000f64b 
  xmm4=0x0000b3690000b3690000ddfd0000ddfd xmm5=0x00007f6900007f690000bd130000bd13 
  xmm6=0x00001ae200001ae200009f9900009f99 xmm7=0x0000e19a0000e19a0000282200002822 

0xa3: setnz bl
  rax=0x000000001156999c rbx=0x002a1600002a0053 rcx=0x0000000000001394 rdx=0x0000000000000000
  rsi=0x0000e99400000002 rdi=0x0000000000000864 flags=0b100000010011
  xmm0=0x00003f9700003f97000007ab000007ab xmm1=0x00006dc400006dc40000b0260000b026 
  xmm2=0x00002a0a00002a0a0000384500003845 xmm3=0x0000848a0000848a0000f64b0000f64b 
  xmm4=0x0000b3690000b3690000ddfd0000ddfd xmm5=0x00007f6900007f690000bd130000bd13 
  xmm6=0x00001ae200001ae200009f9900009f99 xmm7=0x0000e19a0000e19a0000282200002822 

0xa6: cmovle cx, si
  rax=0x000000001156999c rbx=0x002a1600002a0001 rcx=0x0000000000001394 rdx=0x0000000000000000
  rsi=0x0000e99400000002 rdi=0x0000000000000864 flags=0b100000010011
  xmm0=0x00003f9700003f97000007ab000007ab xmm1=0x00006dc400006dc40000b0260000b026 
  xmm2=0x00002a0a00002a0a0000384500003845 xmm3=0x0000848a0000848a0000f64b0000f64b 
  xmm4=0x0000b3690000b3690000ddfd0000ddfd xmm5=0x00007f6900007f690000bd130000bd13 
  xmm6=0x00001ae200001ae200009f9900009f99 xmm7=0x0000e19a0000e19a0000282200002822 

0xaa: and rax, 0b1111111111111
  rax=0x000000001156999c rbx=0x002a1600002a0001 rcx=0x0000000000000002 rdx=0x0000000000000000
  rsi=0x0000e99400000002 rdi=0x0000000000000864 flags=0b100000010011
  xmm0=0x00003f9700003f97000007ab000007ab xmm1=0x00006dc400006dc40000b0260000b026 
  xmm2=0x00002a0a00002a0a0000384500003845 xmm3=0x0000848a0000848a0000f64b0000f64b 
  xmm4=0x0000b3690000b3690000ddfd0000ddfd xmm5=0x00007f6900007f690000bd130000bd13 
  xmm6=0x00001ae200001ae200009f9900009f99 xmm7=0x0000e19a0000e19a0000282200002822 

0xb0: cmovnle rsi, [r14 +rax]
  rax=0x000000000000199c rbx=0x002a1600002a0001 rcx=0x0000000000000002 rdx=0x0000000000000000
  rsi=0x0000e99400000002 rdi=0x0000000000000864 flags=0b000000000110
  xmm0=0x00003f9700003f97000007ab000007ab xmm1=0x00006dc400006dc40000b0260000b026 
  xmm2=0x00002a0a00002a0a0000384500003845 xmm3=0x0000848a0000848a0000f64b0000f64b 
  xmm4=0x0000b3690000b3690000ddfd0000ddfd xmm5=0x00007f6900007f690000bd130000bd13 
  xmm6=0x00001ae200001ae200009f9900009f99 xmm7=0x0000e19a0000e19a0000282200002822 

    > load from +0x199c value 0xd2b50000d489
0xb5: cmovo rbx, rax
  rax=0x000000000000199c rbx=0x002a1600002a0001 rcx=0x0000000000000002 rdx=0x0000000000000000
  rsi=0x0000d2b50000d489 rdi=0x0000000000000864 flags=0b000000000110
  xmm0=0x00003f9700003f97000007ab000007ab xmm1=0x00006dc400006dc40000b0260000b026 
  xmm2=0x00002a0a00002a0a0000384500003845 xmm3=0x0000848a0000848a0000f64b0000f64b 
  xmm4=0x0000b3690000b3690000ddfd0000ddfd xmm5=0x00007f6900007f690000bd130000bd13 
  xmm6=0x00001ae200001ae200009f9900009f99 xmm7=0x0000e19a0000e19a0000282200002822 

0xb9: and rbx, 0b1111111111111
  rax=0x000000000000199c rbx=0x002a1600002a0001 rcx=0x0000000000000002 rdx=0x0000000000000000
  rsi=0x0000d2b50000d489 rdi=0x0000000000000864 flags=0b000000000110
  xmm0=0x00003f9700003f97000007ab000007ab xmm1=0x00006dc400006dc40000b0260000b026 
  xmm2=0x00002a0a00002a0a0000384500003845 xmm3=0x0000848a0000848a0000f64b0000f64b 
  xmm4=0x0000b3690000b3690000ddfd0000ddfd xmm5=0x00007f6900007f690000bd130000bd13 
  xmm6=0x00001ae200001ae200009f9900009f99 xmm7=0x0000e19a0000e19a0000282200002822 

0xc0: cmovnle eax, [r14 +rbx]
  rax=0x000000000000199c rbx=0x0000000000000001 rcx=0x0000000000000002 rdx=0x0000000000000000
  rsi=0x0000d2b50000d489 rdi=0x0000000000000864 flags=0b000000000010
  xmm0=0x00003f9700003f97000007ab000007ab xmm1=0x00006dc400006dc40000b0260000b026 
  xmm2=0x00002a0a00002a0a0000384500003845 xmm3=0x0000848a0000848a0000f64b0000f64b 
  xmm4=0x0000b3690000b3690000ddfd0000ddfd xmm5=0x00007f6900007f690000bd130000bd13 
  xmm6=0x00001ae200001ae200009f9900009f99 xmm7=0x0000e19a0000e19a0000282200002822 

    > load from +0x1 value 0xaf00004f
0xc5: mul edx
  rax=0x00000000af00004f rbx=0x0000000000000001 rcx=0x0000000000000002 rdx=0x0000000000000000
  rsi=0x0000d2b50000d489 rdi=0x0000000000000864 flags=0b000000000010
  xmm0=0x00003f9700003f97000007ab000007ab xmm1=0x00006dc400006dc40000b0260000b026 
  xmm2=0x00002a0a00002a0a0000384500003845 xmm3=0x0000848a0000848a0000f64b0000f64b 
  xmm4=0x0000b3690000b3690000ddfd0000ddfd xmm5=0x00007f6900007f690000bd130000bd13 
  xmm6=0x00001ae200001ae200009f9900009f99 xmm7=0x0000e19a0000e19a0000282200002822 

0xc7: and rcx, 0b1111111111111
  rax=0x0000000000000000 rbx=0x0000000000000001 rcx=0x0000000000000002 rdx=0x0000000000000000
  rsi=0x0000d2b50000d489 rdi=0x0000000000000864 flags=0b000001000110
  xmm0=0x00003f9700003f97000007ab000007ab xmm1=0x00006dc400006dc40000b0260000b026 
  xmm2=0x00002a0a00002a0a0000384500003845 xmm3=0x0000848a0000848a0000f64b0000f64b 
  xmm4=0x0000b3690000b3690000ddfd0000ddfd xmm5=0x00007f6900007f690000bd130000bd13 
  xmm6=0x00001ae200001ae200009f9900009f99 xmm7=0x0000e19a0000e19a0000282200002822 

0xce: sbb sil, [r14 +rcx]
  rax=0x0000000000000000 rbx=0x0000000000000001 rcx=0x0000000000000002 rdx=0x0000000000000000
  rsi=0x0000d2b50000d489 rdi=0x0000000000000864 flags=0b000000000010
  xmm0=0x00003f9700003f97000007ab000007ab xmm1=0x00006dc400006dc40000b0260000b026 
  xmm2=0x00002a0a00002a0a0000384500003845 xmm3=0x0000848a0000848a0000f64b0000f64b 
  xmm4=0x0000b3690000b3690000ddfd0000ddfd xmm5=0x00007f6900007f690000bd130000bd13 
  xmm6=0x00001ae200001ae200009f9900009f99 xmm7=0x0000e19a0000e19a0000282200002822 

    > load from +0x2 value 0x0
0xd2: and rsi, 0b1111111111111
  rax=0x0000000000000000 rbx=0x0000000000000001 rcx=0x0000000000000002 rdx=0x0000000000000000
  rsi=0x0000d2b50000d489 rdi=0x0000000000000864 flags=0b000010000010
  xmm0=0x00003f9700003f97000007ab000007ab xmm1=0x00006dc400006dc40000b0260000b026 
  xmm2=0x00002a0a00002a0a0000384500003845 xmm3=0x0000848a0000848a0000f64b0000f64b 
  xmm4=0x0000b3690000b3690000ddfd0000ddfd xmm5=0x00007f6900007f690000bd130000bd13 
  xmm6=0x00001ae200001ae200009f9900009f99 xmm7=0x0000e19a0000e19a0000282200002822 

0xd9: cmovz si, [r14 +rsi]
  rax=0x0000000000000000 rbx=0x0000000000000001 rcx=0x0000000000000002 rdx=0x0000000000000000
  rsi=0x0000000000001489 rdi=0x0000000000000864 flags=0b000000000010
  xmm0=0x00003f9700003f97000007ab000007ab xmm1=0x00006dc400006dc40000b0260000b026 
  xmm2=0x00002a0a00002a0a0000384500003845 xmm3=0x0000848a0000848a0000f64b0000f64b 
  xmm4=0x0000b3690000b3690000ddfd0000ddfd xmm5=0x00007f6900007f690000bd130000bd13 
  xmm6=0x00001ae200001ae200009f9900009f99 xmm7=0x0000e19a0000e19a0000282200002822 

    > load from +0x1489 value 0xa1
0xdf: not dil
  rax=0x0000000000000000 rbx=0x0000000000000001 rcx=0x0000000000000002 rdx=0x0000000000000000
  rsi=0x0000000000001489 rdi=0x0000000000000864 flags=0b000000000010
  xmm0=0x00003f9700003f97000007ab000007ab xmm1=0x00006dc400006dc40000b0260000b026 
  xmm2=0x00002a0a00002a0a0000384500003845 xmm3=0x0000848a0000848a0000f64b0000f64b 
  xmm4=0x0000b3690000b3690000ddfd0000ddfd xmm5=0x00007f6900007f690000bd130000bd13 
  xmm6=0x00001ae200001ae200009f9900009f99 xmm7=0x0000e19a0000e19a0000282200002822 

0xe2: add rcx, rdx
  rax=0x0000000000000000 rbx=0x0000000000000001 rcx=0x0000000000000002 rdx=0x0000000000000000
  rsi=0x0000000000001489 rdi=0x000000000000089b flags=0b000000000010
  xmm0=0x00003f9700003f97000007ab000007ab xmm1=0x00006dc400006dc40000b0260000b026 
  xmm2=0x00002a0a00002a0a0000384500003845 xmm3=0x0000848a0000848a0000f64b0000f64b 
  xmm4=0x0000b3690000b3690000ddfd0000ddfd xmm5=0x00007f6900007f690000bd130000bd13 
  xmm6=0x00001ae200001ae200009f9900009f99 xmm7=0x0000e19a0000e19a0000282200002822 

0xe5: and rcx, 0b1111111111111
  rax=0x0000000000000000 rbx=0x0000000000000001 rcx=0x0000000000000002 rdx=0x0000000000000000
  rsi=0x0000000000001489 rdi=0x000000000000089b flags=0b000000000010
  xmm0=0x00003f9700003f97000007ab000007ab xmm1=0x00006dc400006dc40000b0260000b026 
  xmm2=0x00002a0a00002a0a0000384500003845 xmm3=0x0000848a0000848a0000f64b0000f64b 
  xmm4=0x0000b3690000b3690000ddfd0000ddfd xmm5=0x00007f6900007f690000bd130000bd13 
  xmm6=0x00001ae200001ae200009f9900009f99 xmm7=0x0000e19a0000e19a0000282200002822 

0xec: or [r14 +rcx], 0b1000
  rax=0x0000000000000000 rbx=0x0000000000000001 rcx=0x0000000000000002 rdx=0x0000000000000000
  rsi=0x0000000000001489 rdi=0x000000000000089b flags=0b000000000010
  xmm0=0x00003f9700003f97000007ab000007ab xmm1=0x00006dc400006dc40000b0260000b026 
  xmm2=0x00002a0a00002a0a0000384500003845 xmm3=0x0000848a0000848a0000f64b0000f64b 
  xmm4=0x0000b3690000b3690000ddfd0000ddfd xmm5=0x00007f6900007f690000bd130000bd13 
  xmm6=0x00001ae200001ae200009f9900009f99 xmm7=0x0000e19a0000e19a0000282200002822 

    > load from +0x2 value 0x0
    > store to +0x2 value 0x8
0xf1: and [r14 +rcx], 0b11111000
  rax=0x0000000000000000 rbx=0x0000000000000001 rcx=0x0000000000000002 rdx=0x0000000000000000
  rsi=0x0000000000001489 rdi=0x000000000000089b flags=0b000000000010
  xmm0=0x00003f9700003f97000007ab000007ab xmm1=0x00006dc400006dc40000b0260000b026 
  xmm2=0x00002a0a00002a0a0000384500003845 xmm3=0x0000848a0000848a0000f64b0000f64b 
  xmm4=0x0000b3690000b3690000ddfd0000ddfd xmm5=0x00007f6900007f690000bd130000bd13 
  xmm6=0x00001ae200001ae200009f9900009f99 xmm7=0x0000e19a0000e19a0000282200002822 

    > load from +0x2 value 0x8
    > store to +0x2 value 0x8
0xf6: mov ax, 1
  rax=0x0000000000000000 rbx=0x0000000000000001 rcx=0x0000000000000002 rdx=0x0000000000000000
  rsi=0x0000000000001489 rdi=0x000000000000089b flags=0b000000000010
  xmm0=0x00003f9700003f97000007ab000007ab xmm1=0x00006dc400006dc40000b0260000b026 
  xmm2=0x00002a0a00002a0a0000384500003845 xmm3=0x0000848a0000848a0000f64b0000f64b 
  xmm4=0x0000b3690000b3690000ddfd0000ddfd xmm5=0x00007f6900007f690000bd130000bd13 
  xmm6=0x00001ae200001ae200009f9900009f99 xmm7=0x0000e19a0000e19a0000282200002822 

0xfa: idiv [r14 +rcx]
  rax=0x0000000000000001 rbx=0x0000000000000001 rcx=0x0000000000000002 rdx=0x0000000000000000
  rsi=0x0000000000001489 rdi=0x000000000000089b flags=0b000000000010
  xmm0=0x00003f9700003f97000007ab000007ab xmm1=0x00006dc400006dc40000b0260000b026 
  xmm2=0x00002a0a00002a0a0000384500003845 xmm3=0x0000848a0000848a0000f64b0000f64b 
  xmm4=0x0000b3690000b3690000ddfd0000ddfd xmm5=0x00007f6900007f690000bd130000bd13 
  xmm6=0x00001ae200001ae200009f9900009f99 xmm7=0x0000e19a0000e19a0000282200002822 

    > load from +0x2 value 0x8
0xfe: lea edx, rbx
  rax=0x0000000000000100 rbx=0x0000000000000001 rcx=0x0000000000000002 rdx=0x0000000000000000
  rsi=0x0000000000001489 rdi=0x000000000000089b flags=0b000000000010
  xmm0=0x00003f9700003f97000007ab000007ab xmm1=0x00006dc400006dc40000b0260000b026 
  xmm2=0x00002a0a00002a0a0000384500003845 xmm3=0x0000848a0000848a0000f64b0000f64b 
  xmm4=0x0000b3690000b3690000ddfd0000ddfd xmm5=0x00007f6900007f690000bd130000bd13 
  xmm6=0x00001ae200001ae200009f9900009f99 xmm7=0x0000e19a0000e19a0000282200002822 

0x100: cmp rdi, -127
  rax=0x0000000000000100 rbx=0x0000000000000001 rcx=0x0000000000000002 rdx=0x0000000000000001
  rsi=0x0000000000001489 rdi=0x000000000000089b flags=0b000000000010
  xmm0=0x00003f9700003f97000007ab000007ab xmm1=0x00006dc400006dc40000b0260000b026 
  xmm2=0x00002a0a00002a0a0000384500003845 xmm3=0x0000848a0000848a0000f64b0000f64b 
  xmm4=0x0000b3690000b3690000ddfd0000ddfd xmm5=0x00007f6900007f690000bd130000bd13 
  xmm6=0x00001ae200001ae200009f9900009f99 xmm7=0x0000e19a0000e19a0000282200002822 

0x104: and rcx, 0b1111111111111
  rax=0x0000000000000100 rbx=0x0000000000000001 rcx=0x0000000000000002 rdx=0x0000000000000001
  rsi=0x0000000000001489 rdi=0x000000000000089b flags=0b000000000011
  xmm0=0x00003f9700003f97000007ab000007ab xmm1=0x00006dc400006dc40000b0260000b026 
  xmm2=0x00002a0a00002a0a0000384500003845 xmm3=0x0000848a0000848a0000f64b0000f64b 
  xmm4=0x0000b3690000b3690000ddfd0000ddfd xmm5=0x00007f6900007f690000bd130000bd13 
  xmm6=0x00001ae200001ae200009f9900009f99 xmm7=0x0000e19a0000e19a0000282200002822 

0x10b: movzx eax, [r14 +rcx]
  rax=0x0000000000000100 rbx=0x0000000000000001 rcx=0x0000000000000002 rdx=0x0000000000000001
  rsi=0x0000000000001489 rdi=0x000000000000089b flags=0b000000000010
  xmm0=0x00003f9700003f97000007ab000007ab xmm1=0x00006dc400006dc40000b0260000b026 
  xmm2=0x00002a0a00002a0a0000384500003845 xmm3=0x0000848a0000848a0000f64b0000f64b 
  xmm4=0x0000b3690000b3690000ddfd0000ddfd xmm5=0x00007f6900007f690000bd130000bd13 
  xmm6=0x00001ae200001ae200009f9900009f99 xmm7=0x0000e19a0000e19a0000282200002822 

    > load from +0x2 value 0x8
0x110: and rdx, 0b1111111111111
  rax=0x0000000000000008 rbx=0x0000000000000001 rcx=0x0000000000000002 rdx=0x0000000000000001
  rsi=0x0000000000001489 rdi=0x000000000000089b flags=0b000000000010
  xmm0=0x00003f9700003f97000007ab000007ab xmm1=0x00006dc400006dc40000b0260000b026 
  xmm2=0x00002a0a00002a0a0000384500003845 xmm3=0x0000848a0000848a0000f64b0000f64b 
  xmm4=0x0000b3690000b3690000ddfd0000ddfd xmm5=0x00007f6900007f690000bd130000bd13 
  xmm6=0x00001ae200001ae200009f9900009f99 xmm7=0x0000e19a0000e19a0000282200002822 

0x117: cmp cl, [r14 +rdx]
  rax=0x0000000000000008 rbx=0x0000000000000001 rcx=0x0000000000000002 rdx=0x0000000000000001
  rsi=0x0000000000001489 rdi=0x000000000000089b flags=0b000000000010
  xmm0=0x00003f9700003f97000007ab000007ab xmm1=0x00006dc400006dc40000b0260000b026 
  xmm2=0x00002a0a00002a0a0000384500003845 xmm3=0x0000848a0000848a0000f64b0000f64b 
  xmm4=0x0000b3690000b3690000ddfd0000ddfd xmm5=0x00007f6900007f690000bd130000bd13 
  xmm6=0x00001ae200001ae200009f9900009f99 xmm7=0x0000e19a0000e19a0000282200002822 

    > load from +0x1 value 0x4f
0x11b: and rbx, 0b1111111111111
  rax=0x0000000000000008 rbx=0x0000000000000001 rcx=0x0000000000000002 rdx=0x0000000000000001
  rsi=0x0000000000001489 rdi=0x000000000000089b flags=0b000010010011
  xmm0=0x00003f9700003f97000007ab000007ab xmm1=0x00006dc400006dc40000b0260000b026 
  xmm2=0x00002a0a00002a0a0000384500003845 xmm3=0x0000848a0000848a0000f64b0000f64b 
  xmm4=0x0000b3690000b3690000ddfd0000ddfd xmm5=0x00007f6900007f690000bd130000bd13 
  xmm6=0x00001ae200001ae200009f9900009f99 xmm7=0x0000e19a0000e19a0000282200002822 

0x122: nop [r14 +rbx]
  rax=0x0000000000000008 rbx=0x0000000000000001 rcx=0x0000000000000002 rdx=0x0000000000000001
  rsi=0x0000000000001489 rdi=0x000000000000089b flags=0b000000000010
  xmm0=0x00003f9700003f97000007ab000007ab xmm1=0x00006dc400006dc40000b0260000b026 
  xmm2=0x00002a0a00002a0a0000384500003845 xmm3=0x0000848a0000848a0000f64b0000f64b 
  xmm4=0x0000b3690000b3690000ddfd0000ddfd xmm5=0x00007f6900007f690000bd130000bd13 
  xmm6=0x00001ae200001ae200009f9900009f99 xmm7=0x0000e19a0000e19a0000282200002822 

0x128: and rbx, 0b1111111111111
  rax=0x0000000000000008 rbx=0x0000000000000001 rcx=0x0000000000000002 rdx=0x0000000000000001
  rsi=0x0000000000001489 rdi=0x000000000000089b flags=0b000000000010
  xmm0=0x00003f9700003f97000007ab000007ab xmm1=0x00006dc400006dc40000b0260000b026 
  xmm2=0x00002a0a00002a0a0000384500003845 xmm3=0x0000848a0000848a0000f64b0000f64b 
  xmm4=0x0000b3690000b3690000ddfd0000ddfd xmm5=0x00007f6900007f690000bd130000bd13 
  xmm6=0x00001ae200001ae200009f9900009f99 xmm7=0x0000e19a0000e19a0000282200002822 

0x12f: cmovnbe cx, [r14 +rbx]
  rax=0x0000000000000008 rbx=0x0000000000000001 rcx=0x0000000000000002 rdx=0x0000000000000001
  rsi=0x0000000000001489 rdi=0x000000000000089b flags=0b000000000010
  xmm0=0x00003f9700003f97000007ab000007ab xmm1=0x00006dc400006dc40000b0260000b026 
  xmm2=0x00002a0a00002a0a0000384500003845 xmm3=0x0000848a0000848a0000f64b0000f64b 
  xmm4=0x0000b3690000b3690000ddfd0000ddfd xmm5=0x00007f6900007f690000bd130000bd13 
  xmm6=0x00001ae200001ae200009f9900009f99 xmm7=0x0000e19a0000e19a0000282200002822 

    > load from +0x1 value 0x84f
0x135: and rcx, 0b1111111111111
  rax=0x0000000000000008 rbx=0x0000000000000001 rcx=0x000000000000084f rdx=0x0000000000000001
  rsi=0x0000000000001489 rdi=0x000000000000089b flags=0b000000000010
  xmm0=0x00003f9700003f97000007ab000007ab xmm1=0x00006dc400006dc40000b0260000b026 
  xmm2=0x00002a0a00002a0a0000384500003845 xmm3=0x0000848a0000848a0000f64b0000f64b 
  xmm4=0x0000b3690000b3690000ddfd0000ddfd xmm5=0x00007f6900007f690000bd130000bd13 
  xmm6=0x00001ae200001ae200009f9900009f99 xmm7=0x0000e19a0000e19a0000282200002822 

0x13c: cmovnl rcx, [r14 +rcx]
  rax=0x0000000000000008 rbx=0x0000000000000001 rcx=0x000000000000084f rdx=0x0000000000000001
  rsi=0x0000000000001489 rdi=0x000000000000089b flags=0b000000000010
  xmm0=0x00003f9700003f97000007ab000007ab xmm1=0x00006dc400006dc40000b0260000b026 
  xmm2=0x00002a0a00002a0a0000384500003845 xmm3=0x0000848a0000848a0000f64b0000f64b 
  xmm4=0x0000b3690000b3690000ddfd0000ddfd xmm5=0x00007f6900007f690000bd130000bd13 
  xmm6=0x00001ae200001ae200009f9900009f99 xmm7=0x0000e19a0000e19a0000282200002822 

    > load from +0x84f value 0x23000000230000
0x141: and rbx, 0b1111111111111
  rax=0x0000000000000008 rbx=0x0000000000000001 rcx=0x0023000000230000 rdx=0x0000000000000001
  rsi=0x0000000000001489 rdi=0x000000000000089b flags=0b000000000010
  xmm0=0x00003f9700003f97000007ab000007ab xmm1=0x00006dc400006dc40000b0260000b026 
  xmm2=0x00002a0a00002a0a0000384500003845 xmm3=0x0000848a0000848a0000f64b0000f64b 
  xmm4=0x0000b3690000b3690000ddfd0000ddfd xmm5=0x00007f6900007f690000bd130000bd13 
  xmm6=0x00001ae200001ae200009f9900009f99 xmm7=0x0000e19a0000e19a0000282200002822 

0x148: movsx esi, [r14 +rbx]
  rax=0x0000000000000008 rbx=0x0000000000000001 rcx=0x0023000000230000 rdx=0x0000000000000001
  rsi=0x0000000000001489 rdi=0x000000000000089b flags=0b000000000010
  xmm0=0x00003f9700003f97000007ab000007ab xmm1=0x00006dc400006dc40000b0260000b026 
  xmm2=0x00002a0a00002a0a0000384500003845 xmm3=0x0000848a0000848a0000f64b0000f64b 
  xmm4=0x0000b3690000b3690000ddfd0000ddfd xmm5=0x00007f6900007f690000bd130000bd13 
  xmm6=0x00001ae200001ae200009f9900009f99 xmm7=0x0000e19a0000e19a0000282200002822 

    > load from +0x1 value 0x84f
0x14d: and rax, 0b1111111111111
  rax=0x0000000000000008 rbx=0x0000000000000001 rcx=0x0023000000230000 rdx=0x0000000000000001
  rsi=0x000000000000084f rdi=0x000000000000089b flags=0b000000000010
  xmm0=0x00003f9700003f97000007ab000007ab xmm1=0x00006dc400006dc40000b0260000b026 
  xmm2=0x00002a0a00002a0a0000384500003845 xmm3=0x0000848a0000848a0000f64b0000f64b 
  xmm4=0x0000b3690000b3690000ddfd0000ddfd xmm5=0x00007f6900007f690000bd130000bd13 
  xmm6=0x00001ae200001ae200009f9900009f99 xmm7=0x0000e19a0000e19a0000282200002822 

0x153: cmovno rdi, [r14 +rax]
  rax=0x0000000000000008 rbx=0x0000000000000001 rcx=0x0023000000230000 rdx=0x0000000000000001
  rsi=0x000000000000084f rdi=0x000000000000089b flags=0b000000000010
  xmm0=0x00003f9700003f97000007ab000007ab xmm1=0x00006dc400006dc40000b0260000b026 
  xmm2=0x00002a0a00002a0a0000384500003845 xmm3=0x0000848a0000848a0000f64b0000f64b 
  xmm4=0x0000b3690000b3690000ddfd0000ddfd xmm5=0x00007f6900007f690000bd130000bd13 
  xmm6=0x00001ae200001ae200009f9900009f99 xmm7=0x0000e19a0000e19a0000282200002822 

    > load from +0x8 value 0x141400001414
0x158: setnle cl
  rax=0x0000000000000008 rbx=0x0000000000000001 rcx=0x0023000000230000 rdx=0x0000000000000001
  rsi=0x000000000000084f rdi=0x0000141400001414 flags=0b000000000010
  xmm0=0x00003f9700003f97000007ab000007ab xmm1=0x00006dc400006dc40000b0260000b026 
  xmm2=0x00002a0a00002a0a0000384500003845 xmm3=0x0000848a0000848a0000f64b0000f64b 
  xmm4=0x0000b3690000b3690000ddfd0000ddfd xmm5=0x00007f6900007f690000bd130000bd13 
  xmm6=0x00001ae200001ae200009f9900009f99 xmm7=0x0000e19a0000e19a0000282200002822 

0x15b: bts ecx, eax
  rax=0x0000000000000008 rbx=0x0000000000000001 rcx=0x0023000000230001 rdx=0x0000000000000001
  rsi=0x000000000000084f rdi=0x0000141400001414 flags=0b000000000010
  xmm0=0x00003f9700003f97000007ab000007ab xmm1=0x00006dc400006dc40000b0260000b026 
  xmm2=0x00002a0a00002a0a0000384500003845 xmm3=0x0000848a0000848a0000f64b0000f64b 
  xmm4=0x0000b3690000b3690000ddfd0000ddfd xmm5=0x00007f6900007f690000bd130000bd13 
  xmm6=0x00001ae200001ae200009f9900009f99 xmm7=0x0000e19a0000e19a0000282200002822 

0x15e: test ecx, -16385070
  rax=0x0000000000000008 rbx=0x0000000000000001 rcx=0x0000000000230101 rdx=0x0000000000000001
  rsi=0x000000000000084f rdi=0x0000141400001414 flags=0b000000000010
  xmm0=0x00003f9700003f97000007ab000007ab xmm1=0x00006dc400006dc40000b0260000b026 
  xmm2=0x00002a0a00002a0a0000384500003845 xmm3=0x0000848a0000848a0000f64b0000f64b 
  xmm4=0x0000b3690000b3690000ddfd0000ddfd xmm5=0x00007f6900007f690000bd130000bd13 
  xmm6=0x00001ae200001ae200009f9900009f99 xmm7=0x0000e19a0000e19a0000282200002822 

0x164: and rbx, 0b1111111111111
  rax=0x0000000000000008 rbx=0x0000000000000001 rcx=0x0000000000230101 rdx=0x0000000000000001
  rsi=0x000000000000084f rdi=0x0000141400001414 flags=0b000000000110
  xmm0=0x00003f9700003f97000007ab000007ab xmm1=0x00006dc400006dc40000b0260000b026 
  xmm2=0x00002a0a00002a0a0000384500003845 xmm3=0x0000848a0000848a0000f64b0000f64b 
  xmm4=0x0000b3690000b3690000ddfd0000ddfd xmm5=0x00007f6900007f690000bd130000bd13 
  xmm6=0x00001ae200001ae200009f9900009f99 xmm7=0x0000e19a0000e19a0000282200002822 

0x16b: movsx rax, [r14 +rbx]
  rax=0x0000000000000008 rbx=0x0000000000000001 rcx=0x0000000000230101 rdx=0x0000000000000001
  rsi=0x000000000000084f rdi=0x0000141400001414 flags=0b000000000010
  xmm0=0x00003f9700003f97000007ab000007ab xmm1=0x00006dc400006dc40000b0260000b026 
  xmm2=0x00002a0a00002a0a0000384500003845 xmm3=0x0000848a0000848a0000f64b0000f64b 
  xmm4=0x0000b3690000b3690000ddfd0000ddfd xmm5=0x00007f6900007f690000bd130000bd13 
  xmm6=0x00001ae200001ae200009f9900009f99 xmm7=0x0000e19a0000e19a0000282200002822 

    > load from +0x1 value 0x4f
0x170: or rax, -398243840
  rax=0x000000000000004f rbx=0x0000000000000001 rcx=0x0000000000230101 rdx=0x0000000000000001
  rsi=0x000000000000084f rdi=0x0000141400001414 flags=0b000000000010
  xmm0=0x00003f9700003f97000007ab000007ab xmm1=0x00006dc400006dc40000b0260000b026 
  xmm2=0x00002a0a00002a0a0000384500003845 xmm3=0x0000848a0000848a0000f64b0000f64b 
  xmm4=0x0000b3690000b3690000ddfd0000ddfd xmm5=0x00007f6900007f690000bd130000bd13 
  xmm6=0x00001ae200001ae200009f9900009f99 xmm7=0x0000e19a0000e19a0000282200002822 

0x176: not cx
  rax=0xffffffffe843484f rbx=0x0000000000000001 rcx=0x0000000000230101 rdx=0x0000000000000001
  rsi=0x000000000000084f rdi=0x0000141400001414 flags=0b000010000010
  xmm0=0x00003f9700003f97000007ab000007ab xmm1=0x00006dc400006dc40000b0260000b026 
  xmm2=0x00002a0a00002a0a0000384500003845 xmm3=0x0000848a0000848a0000f64b0000f64b 
  xmm4=0x0000b3690000b3690000ddfd0000ddfd xmm5=0x00007f6900007f690000bd130000bd13 
  xmm6=0x00001ae200001ae200009f9900009f99 xmm7=0x0000e19a0000e19a0000282200002822 

0x179: and rdx, 0b1111111111111
  rax=0xffffffffe843484f rbx=0x0000000000000001 rcx=0x000000000023fefe rdx=0x0000000000000001
  rsi=0x000000000000084f rdi=0x0000141400001414 flags=0b000010000010
  xmm0=0x00003f9700003f97000007ab000007ab xmm1=0x00006dc400006dc40000b0260000b026 
  xmm2=0x00002a0a00002a0a0000384500003845 xmm3=0x0000848a0000848a0000f64b0000f64b 
  xmm4=0x0000b3690000b3690000ddfd0000ddfd xmm5=0x00007f6900007f690000bd130000bd13 
  xmm6=0x00001ae200001ae200009f9900009f99 xmm7=0x0000e19a0000e19a0000282200002822 

0x180: imul di, [r14 +rdx], 51
  rax=0xffffffffe843484f rbx=0x0000000000000001 rcx=0x000000000023fefe rdx=0x0000000000000001
  rsi=0x000000000000084f rdi=0x0000141400001414 flags=0b000000000010
  xmm0=0x00003f9700003f97000007ab000007ab xmm1=0x00006dc400006dc40000b0260000b026 
  xmm2=0x00002a0a00002a0a0000384500003845 xmm3=0x0000848a0000848a0000f64b0000f64b 
  xmm4=0x0000b3690000b3690000ddfd0000ddfd xmm5=0x00007f6900007f690000bd130000bd13 
  xmm6=0x00001ae200001ae200009f9900009f99 xmm7=0x0000e19a0000e19a0000282200002822 

    > load from +0x1 value 0x84f
0x186: add dil, 72
  rax=0xffffffffe843484f rbx=0x0000000000000001 rcx=0x000000000023fefe rdx=0x0000000000000001
  rsi=0x000000000000084f rdi=0x000014140000a7bd flags=0b100010000111
  xmm0=0x00003f9700003f97000007ab000007ab xmm1=0x00006dc400006dc40000b0260000b026 
  xmm2=0x00002a0a00002a0a0000384500003845 xmm3=0x0000848a0000848a0000f64b0000f64b 
  xmm4=0x0000b3690000b3690000ddfd0000ddfd xmm5=0x00007f6900007f690000bd130000bd13 
  xmm6=0x00001ae200001ae200009f9900009f99 xmm7=0x0000e19a0000e19a0000282200002822 

0x18a: and rsi, 0b1111111111111
  rax=0xffffffffe843484f rbx=0x0000000000000001 rcx=0x000000000023fefe rdx=0x0000000000000001
  rsi=0x000000000000084f rdi=0x000014140000a705 flags=0b000000010111
  xmm0=0x00003f9700003f97000007ab000007ab xmm1=0x00006dc400006dc40000b0260000b026 
  xmm2=0x00002a0a00002a0a0000384500003845 xmm3=0x0000848a0000848a0000f64b0000f64b 
  xmm4=0x0000b3690000b3690000ddfd0000ddfd xmm5=0x00007f6900007f690000bd130000bd13 
  xmm6=0x00001ae200001ae200009f9900009f99 xmm7=0x0000e19a0000e19a0000282200002822 

0x191: mov rax, [r14 +rsi]
  rax=0xffffffffe843484f rbx=0x0000000000000001 rcx=0x000000000023fefe rdx=0x0000000000000001
  rsi=0x000000000000084f rdi=0x000014140000a705 flags=0b000000000010
  xmm0=0x00003f9700003f97000007ab000007ab xmm1=0x00006dc400006dc40000b0260000b026 
  xmm2=0x00002a0a00002a0a0000384500003845 xmm3=0x0000848a0000848a0000f64b0000f64b 
  xmm4=0x0000b3690000b3690000ddfd0000ddfd xmm5=0x00007f6900007f690000bd130000bd13 
  xmm6=0x00001ae200001ae200009f9900009f99 xmm7=0x0000e19a0000e19a0000282200002822 

    > load from +0x84f value 0x23000000230000
0x195: and rsi, 0b1111111111111
  rax=0x0023000000230000 rbx=0x0000000000000001 rcx=0x000000000023fefe rdx=0x0000000000000001
  rsi=0x000000000000084f rdi=0x000014140000a705 flags=0b000000000010
  xmm0=0x00003f9700003f97000007ab000007ab xmm1=0x00006dc400006dc40000b0260000b026 
  xmm2=0x00002a0a00002a0a0000384500003845 xmm3=0x0000848a0000848a0000f64b0000f64b 
  xmm4=0x0000b3690000b3690000ddfd0000ddfd xmm5=0x00007f6900007f690000bd130000bd13 
  xmm6=0x00001ae200001ae200009f9900009f99 xmm7=0x0000e19a0000e19a0000282200002822 

0x19c: cmovz cx, [r14 +rsi]
  rax=0x0023000000230000 rbx=0x0000000000000001 rcx=0x000000000023fefe rdx=0x0000000000000001
  rsi=0x000000000000084f rdi=0x000014140000a705 flags=0b000000000010
  xmm0=0x00003f9700003f97000007ab000007ab xmm1=0x00006dc400006dc40000b0260000b026 
  xmm2=0x00002a0a00002a0a0000384500003845 xmm3=0x0000848a0000848a0000f64b0000f64b 
  xmm4=0x0000b3690000b3690000ddfd0000ddfd xmm5=0x00007f6900007f690000bd130000bd13 
  xmm6=0x00001ae200001ae200009f9900009f99 xmm7=0x0000e19a0000e19a0000282200002822 

    > load from +0x84f value 0x0
0x1a2: setnb dil
  rax=0x0023000000230000 rbx=0x0000000000000001 rcx=0x000000000023fefe rdx=0x0000000000000001
  rsi=0x000000000000084f rdi=0x000014140000a705 flags=0b000000000010
  xmm0=0x00003f9700003f97000007ab000007ab xmm1=0x00006dc400006dc40000b0260000b026 
  xmm2=0x00002a0a00002a0a0000384500003845 xmm3=0x0000848a0000848a0000f64b0000f64b 
  xmm4=0x0000b3690000b3690000ddfd0000ddfd xmm5=0x00007f6900007f690000bd130000bd13 
  xmm6=0x00001ae200001ae200009f9900009f99 xmm7=0x0000e19a0000e19a0000282200002822 

0x1a6: sub dx, -114
  rax=0x0023000000230000 rbx=0x0000000000000001 rcx=0x000000000023fefe rdx=0x0000000000000001
  rsi=0x000000000000084f rdi=0x000014140000a701 flags=0b000000000010
  xmm0=0x00003f9700003f97000007ab000007ab xmm1=0x00006dc400006dc40000b0260000b026 
  xmm2=0x00002a0a00002a0a0000384500003845 xmm3=0x0000848a0000848a0000f64b0000f64b 
  xmm4=0x0000b3690000b3690000ddfd0000ddfd xmm5=0x00007f6900007f690000bd130000bd13 
  xmm6=0x00001ae200001ae200009f9900009f99 xmm7=0x0000e19a0000e19a0000282200002822 

0x1aa: and rax, 0b1111111111111
  rax=0x0023000000230000 rbx=0x0000000000000001 rcx=0x000000000023fefe rdx=0x0000000000000073
  rsi=0x000000000000084f rdi=0x000014140000a701 flags=0b000000010011
  xmm0=0x00003f9700003f97000007ab000007ab xmm1=0x00006dc400006dc40000b0260000b026 
  xmm2=0x00002a0a00002a0a0000384500003845 xmm3=0x0000848a0000848a0000f64b0000f64b 
  xmm4=0x0000b3690000b3690000ddfd0000ddfd xmm5=0x00007f6900007f690000bd130000bd13 
  xmm6=0x00001ae200001ae200009f9900009f99 xmm7=0x0000e19a0000e19a0000282200002822 

0x1b0: or sil, [r14 +rax]
  rax=0x0000000000000000 rbx=0x0000000000000001 rcx=0x000000000023fefe rdx=0x0000000000000073
  rsi=0x000000000000084f rdi=0x000014140000a701 flags=0b000001000110
  xmm0=0x00003f9700003f97000007ab000007ab xmm1=0x00006dc400006dc40000b0260000b026 
  xmm2=0x00002a0a00002a0a0000384500003845 xmm3=0x0000848a0000848a0000f64b0000f64b 
  xmm4=0x0000b3690000b3690000ddfd0000ddfd xmm5=0x00007f6900007f690000bd130000bd13 
  xmm6=0x00001ae200001ae200009f9900009f99 xmm7=0x0000e19a0000e19a0000282200002822 

    > load from +0x0 value 0xaf
0x1b4: and rsi, 0b1111111111111
  rax=0x0000000000000000 rbx=0x0000000000000001 rcx=0x000000000023fefe rdx=0x0000000000000073
  rsi=0x00000000000008ef rdi=0x000014140000a701 flags=0b000010000010
  xmm0=0x00003f9700003f97000007ab000007ab xmm1=0x00006dc400006dc40000b0260000b026 
  xmm2=0x00002a0a00002a0a0000384500003845 xmm3=0x0000848a0000848a0000f64b0000f64b 
  xmm4=0x0000b3690000b3690000ddfd0000ddfd xmm5=0x00007f6900007f690000bd130000bd13 
  xmm6=0x00001ae200001ae200009f9900009f99 xmm7=0x0000e19a0000e19a0000282200002822 

0x1bb: or bl, [r14 +rsi]
  rax=0x0000000000000000 rbx=0x0000000000000001 rcx=0x000000000023fefe rdx=0x0000000000000073
  rsi=0x00000000000008ef rdi=0x000014140000a701 flags=0b000000000010
  xmm0=0x00003f9700003f97000007ab000007ab xmm1=0x00006dc400006dc40000b0260000b026 
  xmm2=0x00002a0a00002a0a0000384500003845 xmm3=0x0000848a0000848a0000f64b0000f64b 
  xmm4=0x0000b3690000b3690000ddfd0000ddfd xmm5=0x00007f6900007f690000bd130000bd13 
  xmm6=0x00001ae200001ae200009f9900009f99 xmm7=0x0000e19a0000e19a0000282200002822 

    > load from +0x8ef value 0x0
0x1bf: nop bx
  rax=0x0000000000000000 rbx=0x0000000000000001 rcx=0x000000000023fefe rdx=0x0000000000000073
  rsi=0x00000000000008ef rdi=0x000014140000a701 flags=0b000000000010
  xmm0=0x00003f9700003f97000007ab000007ab xmm1=0x00006dc400006dc40000b0260000b026 
  xmm2=0x00002a0a00002a0a0000384500003845 xmm3=0x0000848a0000848a0000f64b0000f64b 
  xmm4=0x0000b3690000b3690000ddfd0000ddfd xmm5=0x00007f6900007f690000bd130000bd13 
  xmm6=0x00001ae200001ae200009f9900009f99 xmm7=0x0000e19a0000e19a0000282200002822 

0x1c3: movsx bx, dil
  rax=0x0000000000000000 rbx=0x0000000000000001 rcx=0x000000000023fefe rdx=0x0000000000000073
  rsi=0x00000000000008ef rdi=0x000014140000a701 flags=0b000000000010
  xmm0=0x00003f9700003f97000007ab000007ab xmm1=0x00006dc400006dc40000b0260000b026 
  xmm2=0x00002a0a00002a0a0000384500003845 xmm3=0x0000848a0000848a0000f64b0000f64b 
  xmm4=0x0000b3690000b3690000ddfd0000ddfd xmm5=0x00007f6900007f690000bd130000bd13 
  xmm6=0x00001ae200001ae200009f9900009f99 xmm7=0x0000e19a0000e19a0000282200002822 

0x1c8: and rdx, 0b1111111111111
  rax=0x0000000000000000 rbx=0x0000000000000001 rcx=0x000000000023fefe rdx=0x0000000000000073
  rsi=0x00000000000008ef rdi=0x000014140000a701 flags=0b000000000010
  xmm0=0x00003f9700003f97000007ab000007ab xmm1=0x00006dc400006dc40000b0260000b026 
  xmm2=0x00002a0a00002a0a0000384500003845 xmm3=0x0000848a0000848a0000f64b0000f64b 
  xmm4=0x0000b3690000b3690000ddfd0000ddfd xmm5=0x00007f6900007f690000bd130000bd13 
  xmm6=0x00001ae200001ae200009f9900009f99 xmm7=0x0000e19a0000e19a0000282200002822 

0x1cf: or [r14 +rdx], 0b1000000000000000000000000000000
  rax=0x0000000000000000 rbx=0x0000000000000001 rcx=0x000000000023fefe rdx=0x0000000000000073
  rsi=0x00000000000008ef rdi=0x000014140000a701 flags=0b000000000010
  xmm0=0x00003f9700003f97000007ab000007ab xmm1=0x00006dc400006dc40000b0260000b026 
  xmm2=0x00002a0a00002a0a0000384500003845 xmm3=0x0000848a0000848a0000f64b0000f64b 
  xmm4=0x0000b3690000b3690000ddfd0000ddfd xmm5=0x00007f6900007f690000bd130000bd13 
  xmm6=0x00001ae200001ae200009f9900009f99 xmm7=0x0000e19a0000e19a0000282200002822 

    > load from +0x73 value 0xc8010000dce200
    > store to +0x73 value 0xc8010040dce200
0x1d7: bsf rax, [r14 +rdx]
  rax=0x0000000000000000 rbx=0x0000000000000001 rcx=0x000000000023fefe rdx=0x0000000000000073
  rsi=0x00000000000008ef rdi=0x000014140000a701 flags=0b000000000110
  xmm0=0x00003f9700003f97000007ab000007ab xmm1=0x00006dc400006dc40000b0260000b026 
  xmm2=0x00002a0a00002a0a0000384500003845 xmm3=0x0000848a0000848a0000f64b0000f64b 
  xmm4=0x0000b3690000b3690000ddfd0000ddfd xmm5=0x00007f6900007f690000bd130000bd13 
  xmm6=0x00001ae200001ae200009f9900009f99 xmm7=0x0000e19a0000e19a0000282200002822 

    > load from +0x73 value 0xc8010040dce200
0x1dc: and rdi, 0b1111111111111
  rax=0x0000000000000009 rbx=0x0000000000000001 rcx=0x000000000023fefe rdx=0x0000000000000073
  rsi=0x00000000000008ef rdi=0x000014140000a701 flags=0b000000000110
  xmm0=0x00003f9700003f97000007ab000007ab xmm1=0x00006dc400006dc40000b0260000b026 
  xmm2=0x00002a0a00002a0a0000384500003845 xmm3=0x0000848a0000848a0000f64b0000f64b 
  xmm4=0x0000b3690000b3690000ddfd0000ddfd xmm5=0x00007f6900007f690000bd130000bd13 
  xmm6=0x00001ae200001ae200009f9900009f99 xmm7=0x0000e19a0000e19a0000282200002822 

0x1e3: mul [r14 +rdi]
  rax=0x0000000000000009 rbx=0x0000000000000001 rcx=0x000000000023fefe rdx=0x0000000000000073
  rsi=0x00000000000008ef rdi=0x0000000000000701 flags=0b000000000010
  xmm0=0x00003f9700003f97000007ab000007ab xmm1=0x00006dc400006dc40000b0260000b026 
  xmm2=0x00002a0a00002a0a0000384500003845 xmm3=0x0000848a0000848a0000f64b0000f64b 
  xmm4=0x0000b3690000b3690000ddfd0000ddfd xmm5=0x00007f6900007f690000bd130000bd13 
  xmm6=0x00001ae200001ae200009f9900009f99 xmm7=0x0000e19a0000e19a0000282200002822 

    > load from +0x701 value 0xb70000dc
0x1e7: and rax, 0b1111111111111
  rax=0x000000006f0007bc rbx=0x0000000000000001 rcx=0x000000000023fefe rdx=0x0000000000000006
  rsi=0x00000000000008ef rdi=0x0000000000000701 flags=0b100000000011
  xmm0=0x00003f9700003f97000007ab000007ab xmm1=0x00006dc400006dc40000b0260000b026 
  xmm2=0x00002a0a00002a0a0000384500003845 xmm3=0x0000848a0000848a0000f64b0000f64b 
  xmm4=0x0000b3690000b3690000ddfd0000ddfd xmm5=0x00007f6900007f690000bd130000bd13 
  xmm6=0x00001ae200001ae200009f9900009f99 xmm7=0x0000e19a0000e19a0000282200002822 

0x1ed: or bl, [r14 +rax]
  rax=0x00000000000007bc rbx=0x0000000000000001 rcx=0x000000000023fefe rdx=0x0000000000000006
  rsi=0x00000000000008ef rdi=0x0000000000000701 flags=0b000000000010
  xmm0=0x00003f9700003f97000007ab000007ab xmm1=0x00006dc400006dc40000b0260000b026 
  xmm2=0x00002a0a00002a0a0000384500003845 xmm3=0x0000848a0000848a0000f64b0000f64b 
  xmm4=0x0000b3690000b3690000ddfd0000ddfd xmm5=0x00007f6900007f690000bd130000bd13 
  xmm6=0x00001ae200001ae200009f9900009f99 xmm7=0x0000e19a0000e19a0000282200002822 

    > load from +0x7bc value 0xeb
0x1f1: bt edi, 63
  rax=0x00000000000007bc rbx=0x00000000000000eb rcx=0x000000000023fefe rdx=0x0000000000000006
  rsi=0x00000000000008ef rdi=0x0000000000000701 flags=0b000010000110
  xmm0=0x00003f9700003f97000007ab000007ab xmm1=0x00006dc400006dc40000b0260000b026 
  xmm2=0x00002a0a00002a0a0000384500003845 xmm3=0x0000848a0000848a0000f64b0000f64b 
  xmm4=0x0000b3690000b3690000ddfd0000ddfd xmm5=0x00007f6900007f690000bd130000bd13 
  xmm6=0x00001ae200001ae200009f9900009f99 xmm7=0x0000e19a0000e19a0000282200002822 

0x1f5: and rdi, 0b1111111111111
  rax=0x00000000000007bc rbx=0x00000000000000eb rcx=0x000000000023fefe rdx=0x0000000000000006
  rsi=0x00000000000008ef rdi=0x0000000000000701 flags=0b100010000110
  xmm0=0x00003f9700003f97000007ab000007ab xmm1=0x00006dc400006dc40000b0260000b026 
  xmm2=0x00002a0a00002a0a0000384500003845 xmm3=0x0000848a0000848a0000f64b0000f64b 
  xmm4=0x0000b3690000b3690000ddfd0000ddfd xmm5=0x00007f6900007f690000bd130000bd13 
  xmm6=0x00001ae200001ae200009f9900009f99 xmm7=0x0000e19a0000e19a0000282200002822 

0x1fc: or edi, [r14 +rdi]
  rax=0x00000000000007bc rbx=0x00000000000000eb rcx=0x000000000023fefe rdx=0x0000000000000006
  rsi=0x00000000000008ef rdi=0x0000000000000701 flags=0b000000000010
  xmm0=0x00003f9700003f97000007ab000007ab xmm1=0x00006dc400006dc40000b0260000b026 
  xmm2=0x00002a0a00002a0a0000384500003845 xmm3=0x0000848a0000848a0000f64b0000f64b 
  xmm4=0x0000b3690000b3690000ddfd0000ddfd xmm5=0x00007f6900007f690000bd130000bd13 
  xmm6=0x00001ae200001ae200009f9900009f99 xmm7=0x0000e19a0000e19a0000282200002822 

    > load from +0x701 value 0xb70000dc
0x200: setbe bl
  rax=0x00000000000007bc rbx=0x00000000000000eb rcx=0x000000000023fefe rdx=0x0000000000000006
  rsi=0x00000000000008ef rdi=0x00000000b70007dd flags=0b000010000110
  xmm0=0x00003f9700003f97000007ab000007ab xmm1=0x00006dc400006dc40000b0260000b026 
  xmm2=0x00002a0a00002a0a0000384500003845 xmm3=0x0000848a0000848a0000f64b0000f64b 
  xmm4=0x0000b3690000b3690000ddfd0000ddfd xmm5=0x00007f6900007f690000bd130000bd13 
  xmm6=0x00001ae200001ae200009f9900009f99 xmm7=0x0000e19a0000e19a0000282200002822 

0x203: and rsi, 0b1111111111111
  rax=0x00000000000007bc rbx=0x0000000000000000 rcx=0x000000000023fefe rdx=0x0000000000000006
  rsi=0x00000000000008ef rdi=0x00000000b70007dd flags=0b000010000110
  xmm0=0x00003f9700003f97000007ab000007ab xmm1=0x00006dc400006dc40000b0260000b026 
  xmm2=0x00002a0a00002a0a0000384500003845 xmm3=0x0000848a0000848a0000f64b0000f64b 
  xmm4=0x0000b3690000b3690000ddfd0000ddfd xmm5=0x00007f6900007f690000bd130000bd13 
  xmm6=0x00001ae200001ae200009f9900009f99 xmm7=0x0000e19a0000e19a0000282200002822 

0x20a: mul [r14 +rsi]
  rax=0x00000000000007bc rbx=0x0000000000000000 rcx=0x000000000023fefe rdx=0x0000000000000006
  rsi=0x00000000000008ef rdi=0x00000000b70007dd flags=0b000000000010
  xmm0=0x00003f9700003f97000007ab000007ab xmm1=0x00006dc400006dc40000b0260000b026 
  xmm2=0x00002a0a00002a0a0000384500003845 xmm3=0x0000848a0000848a0000f64b0000f64b 
  xmm4=0x0000b3690000b3690000ddfd0000ddfd xmm5=0x00007f6900007f690000bd130000bd13 
  xmm6=0x00001ae200001ae200009f9900009f99 xmm7=0x0000e19a0000e19a0000282200002822 

    > load from +0x8ef value 0x0
0x20e: and rbx, 0b1111111111111
  rax=0x0000000000000000 rbx=0x0000000000000000 rcx=0x000000000023fefe rdx=0x0000000000000006
  rsi=0x00000000000008ef rdi=0x00000000b70007dd flags=0b000001000110
  xmm0=0x00003f9700003f97000007ab000007ab xmm1=0x00006dc400006dc40000b0260000b026 
  xmm2=0x00002a0a00002a0a0000384500003845 xmm3=0x0000848a0000848a0000f64b0000f64b 
  xmm4=0x0000b3690000b3690000ddfd0000ddfd xmm5=0x00007f6900007f690000bd130000bd13 
  xmm6=0x00001ae200001ae200009f9900009f99 xmm7=0x0000e19a0000e19a0000282200002822 

0x215: sub dil, [r14 +rbx]
  rax=0x0000000000000000 rbx=0x0000000000000000 rcx=0x000000000023fefe rdx=0x0000000000000006
  rsi=0x00000000000008ef rdi=0x00000000b70007dd flags=0b000001000110
  xmm0=0x00003f9700003f97000007ab000007ab xmm1=0x00006dc400006dc40000b0260000b026 
  xmm2=0x00002a0a00002a0a0000384500003845 xmm3=0x0000848a0000848a0000f64b0000f64b 
  xmm4=0x0000b3690000b3690000ddfd0000ddfd xmm5=0x00007f6900007f690000bd130000bd13 
  xmm6=0x00001ae200001ae200009f9900009f99 xmm7=0x0000e19a0000e19a0000282200002822 

    > load from +0x0 value 0xaf
0x219: cmovp ebx, ecx
  rax=0x0000000000000000 rbx=0x0000000000000000 rcx=0x000000000023fefe rdx=0x0000000000000006
  rsi=0x00000000000008ef rdi=0x00000000b700072e flags=0b000000010110
  xmm0=0x00003f9700003f97000007ab000007ab xmm1=0x00006dc400006dc40000b0260000b026 
  xmm2=0x00002a0a00002a0a0000384500003845 xmm3=0x0000848a0000848a0000f64b0000f64b 
  xmm4=0x0000b3690000b3690000ddfd0000ddfd xmm5=0x00007f6900007f690000bd130000bd13 
  xmm6=0x00001ae200001ae200009f9900009f99 xmm7=0x0000e19a0000e19a0000282200002822 

0x21c: bswap edx
  rax=0x0000000000000000 rbx=0x000000000023fefe rcx=0x000000000023fefe rdx=0x0000000000000006
  rsi=0x00000000000008ef rdi=0x00000000b700072e flags=0b000000010110
  xmm0=0x00003f9700003f97000007ab000007ab xmm1=0x00006dc400006dc40000b0260000b026 
  xmm2=0x00002a0a00002a0a0000384500003845 xmm3=0x0000848a0000848a0000f64b0000f64b 
  xmm4=0x0000b3690000b3690000ddfd0000ddfd xmm5=0x00007f6900007f690000bd130000bd13 
  xmm6=0x00001ae200001ae200009f9900009f99 xmm7=0x0000e19a0000e19a0000282200002822 

0x21e: and rsi, 0b1111111111111
  rax=0x0000000000000000 rbx=0x000000000023fefe rcx=0x000000000023fefe rdx=0x0000000006000000
  rsi=0x00000000000008ef rdi=0x00000000b700072e flags=0b000000010110
  xmm0=0x00003f9700003f97000007ab000007ab xmm1=0x00006dc400006dc40000b0260000b026 
  xmm2=0x00002a0a00002a0a0000384500003845 xmm3=0x0000848a0000848a0000f64b0000f64b 
  xmm4=0x0000b3690000b3690000ddfd0000ddfd xmm5=0x00007f6900007f690000bd130000bd13 
  xmm6=0x00001ae200001ae200009f9900009f99 xmm7=0x0000e19a0000e19a0000282200002822 

0x225: sbb esi, [r14 +rsi]
  rax=0x0000000000000000 rbx=0x000000000023fefe rcx=0x000000000023fefe rdx=0x0000000006000000
  rsi=0x00000000000008ef rdi=0x00000000b700072e flags=0b000000000010
  xmm0=0x00003f9700003f97000007ab000007ab xmm1=0x00006dc400006dc40000b0260000b026 
  xmm2=0x00002a0a00002a0a0000384500003845 xmm3=0x0000848a0000848a0000f64b0000f64b 
  xmm4=0x0000b3690000b3690000ddfd0000ddfd xmm5=0x00007f6900007f690000bd130000bd13 
  xmm6=0x00001ae200001ae200009f9900009f99 xmm7=0x0000e19a0000e19a0000282200002822 

    > load from +0x8ef value 0xc49c00
0x229: and rbx, 0b1111111111111
  rax=0x0000000000000000 rbx=0x000000000023fefe rcx=0x000000000023fefe rdx=0x0000000006000000
  rsi=0x00000000ff3b6cef rdi=0x00000000b700072e flags=0b000010000011
  xmm0=0x00003f9700003f97000007ab000007ab xmm1=0x00006dc400006dc40000b0260000b026 
  xmm2=0x00002a0a00002a0a0000384500003845 xmm3=0x0000848a0000848a0000f64b0000f64b 
  xmm4=0x0000b3690000b3690000ddfd0000ddfd xmm5=0x00007f6900007f690000bd130000bd13 
  xmm6=0x00001ae200001ae200009f9900009f99 xmm7=0x0000e19a0000e19a0000282200002822 

0x230: sbb bx, [r14 +rbx]
  rax=0x0000000000000000 rbx=0x0000000000001efe rcx=0x000000000023fefe rdx=0x0000000006000000
  rsi=0x00000000ff3b6cef rdi=0x00000000b700072e flags=0b000000000010
  xmm0=0x00003f9700003f97000007ab000007ab xmm1=0x00006dc400006dc40000b0260000b026 
  xmm2=0x00002a0a00002a0a0000384500003845 xmm3=0x0000848a0000848a0000f64b0000f64b 
  xmm4=0x0000b3690000b3690000ddfd0000ddfd xmm5=0x00007f6900007f690000bd130000bd13 
  xmm6=0x00001ae200001ae200009f9900009f99 xmm7=0x0000e19a0000e19a0000282200002822 

    > load from +0x1efe value 0x0
0x235: and rsi, 0b1111111111111
  rax=0x0000000000000000 rbx=0x0000000000001efe rcx=0x000000000023fefe rdx=0x0000000006000000
  rsi=0x00000000ff3b6cef rdi=0x00000000b700072e flags=0b000000000010
  xmm0=0x00003f9700003f97000007ab000007ab xmm1=0x00006dc400006dc40000b0260000b026 
  xmm2=0x00002a0a00002a0a0000384500003845 xmm3=0x0000848a0000848a0000f64b0000f64b 
  xmm4=0x0000b3690000b3690000ddfd0000ddfd xmm5=0x00007f6900007f690000bd130000bd13 
  xmm6=0x00001ae200001ae200009f9900009f99 xmm7=0x0000e19a0000e19a0000282200002822 

0x23c: imul bx, [r14 +rsi], 63
  rax=0x0000000000000000 rbx=0x0000000000001efe rcx=0x000000000023fefe rdx=0x0000000006000000
  rsi=0x0000000000000cef rdi=0x00000000b700072e flags=0b000000000010
  xmm0=0x00003f9700003f97000007ab000007ab xmm1=0x00006dc400006dc40000b0260000b026 
  xmm2=0x00002a0a00002a0a0000384500003845 xmm3=0x0000848a0000848a0000f64b0000f64b 
  xmm4=0x0000b3690000b3690000ddfd0000ddfd xmm5=0x00007f6900007f690000bd130000bd13 
  xmm6=0x00001ae200001ae200009f9900009f99 xmm7=0x0000e19a0000e19a0000282200002822 

    > load from +0xcef value 0xc100
0x242: add sil, 89
  rax=0x0000000000000000 rbx=0x0000000000007f00 rcx=0x000000000023fefe rdx=0x0000000006000000
  rsi=0x0000000000000cef rdi=0x00000000b700072e flags=0b100000000111
  xmm0=0x00003f9700003f97000007ab000007ab xmm1=0x00006dc400006dc40000b0260000b026 
  xmm2=0x00002a0a00002a0a0000384500003845 xmm3=0x0000848a0000848a0000f64b0000f64b 
  xmm4=0x0000b3690000b3690000ddfd0000ddfd xmm5=0x00007f6900007f690000bd130000bd13 
  xmm6=0x00001ae200001ae200009f9900009f99 xmm7=0x0000e19a0000e19a0000282200002822 

0x246: and rdi, 0b1111111111111
  rax=0x0000000000000000 rbx=0x0000000000007f00 rcx=0x000000000023fefe rdx=0x0000000006000000
  rsi=0x0000000000000c48 rdi=0x00000000b700072e flags=0b000000010111
  xmm0=0x00003f9700003f97000007ab000007ab xmm1=0x00006dc400006dc40000b0260000b026 
  xmm2=0x00002a0a00002a0a0000384500003845 xmm3=0x0000848a0000848a0000f64b0000f64b 
  xmm4=0x0000b3690000b3690000ddfd0000ddfd xmm5=0x00007f6900007f690000bd130000bd13 
  xmm6=0x00001ae200001ae200009f9900009f99 xmm7=0x0000e19a0000e19a0000282200002822 

0x24d: cmovnz ebx, [r14 +rdi]
  rax=0x0000000000000000 rbx=0x0000000000007f00 rcx=0x000000000023fefe rdx=0x0000000006000000
  rsi=0x0000000000000c48 rdi=0x000000000000072e flags=0b000000000110
  xmm0=0x00003f9700003f97000007ab000007ab xmm1=0x00006dc400006dc40000b0260000b026 
  xmm2=0x00002a0a00002a0a0000384500003845 xmm3=0x0000848a0000848a0000f64b0000f64b 
  xmm4=0x0000b3690000b3690000ddfd0000ddfd xmm5=0x00007f6900007f690000bd130000bd13 
  xmm6=0x00001ae200001ae200009f9900009f99 xmm7=0x0000e19a0000e19a0000282200002822 

    > load from +0x72e value 0xa2610000
0x252: mov dil, dl
  rax=0x0000000000000000 rbx=0x00000000a2610000 rcx=0x000000000023fefe rdx=0x0000000006000000
  rsi=0x0000000000000c48 rdi=0x000000000000072e flags=0b000000000110
  xmm0=0x00003f9700003f97000007ab000007ab xmm1=0x00006dc400006dc40000b0260000b026 
  xmm2=0x00002a0a00002a0a0000384500003845 xmm3=0x0000848a0000848a0000f64b0000f64b 
  xmm4=0x0000b3690000b3690000ddfd0000ddfd xmm5=0x00007f6900007f690000bd130000bd13 
  xmm6=0x00001ae200001ae200009f9900009f99 xmm7=0x0000e19a0000e19a0000282200002822 

0x255: movsx si, al
  rax=0x0000000000000000 rbx=0x00000000a2610000 rcx=0x000000000023fefe rdx=0x0000000006000000
  rsi=0x0000000000000c48 rdi=0x0000000000000700 flags=0b000000000110
  xmm0=0x00003f9700003f97000007ab000007ab xmm1=0x00006dc400006dc40000b0260000b026 
  xmm2=0x00002a0a00002a0a0000384500003845 xmm3=0x0000848a0000848a0000f64b0000f64b 
  xmm4=0x0000b3690000b3690000ddfd0000ddfd xmm5=0x00007f6900007f690000bd130000bd13 
  xmm6=0x00001ae200001ae200009f9900009f99 xmm7=0x0000e19a0000e19a0000282200002822 

0x259: or dl, 0b1000
  rax=0x0000000000000000 rbx=0x00000000a2610000 rcx=0x000000000023fefe rdx=0x0000000006000000
  rsi=0x0000000000000000 rdi=0x0000000000000700 flags=0b000000000110
  xmm0=0x00003f9700003f97000007ab000007ab xmm1=0x00006dc400006dc40000b0260000b026 
  xmm2=0x00002a0a00002a0a0000384500003845 xmm3=0x0000848a0000848a0000f64b0000f64b 
  xmm4=0x0000b3690000b3690000ddfd0000ddfd xmm5=0x00007f6900007f690000bd130000bd13 
  xmm6=0x00001ae200001ae200009f9900009f99 xmm7=0x0000e19a0000e19a0000282200002822 

0x25c: and dl, 0b11111000
  rax=0x0000000000000000 rbx=0x00000000a2610000 rcx=0x000000000023fefe rdx=0x0000000006000008
  rsi=0x0000000000000000 rdi=0x0000000000000700 flags=0b000000000010
  xmm0=0x00003f9700003f97000007ab000007ab xmm1=0x00006dc400006dc40000b0260000b026 
  xmm2=0x00002a0a00002a0a0000384500003845 xmm3=0x0000848a0000848a0000f64b0000f64b 
  xmm4=0x0000b3690000b3690000ddfd0000ddfd xmm5=0x00007f6900007f690000bd130000bd13 
  xmm6=0x00001ae200001ae200009f9900009f99 xmm7=0x0000e19a0000e19a0000282200002822 

0x25f: and rcx, 0b1111111111111
  rax=0x0000000000000000 rbx=0x00000000a2610000 rcx=0x000000000023fefe rdx=0x0000000006000008
  rsi=0x0000000000000000 rdi=0x0000000000000700 flags=0b000000000010
  xmm0=0x00003f9700003f97000007ab000007ab xmm1=0x00006dc400006dc40000b0260000b026 
  xmm2=0x00002a0a00002a0a0000384500003845 xmm3=0x0000848a0000848a0000f64b0000f64b 
  xmm4=0x0000b3690000b3690000ddfd0000ddfd xmm5=0x00007f6900007f690000bd130000bd13 
  xmm6=0x00001ae200001ae200009f9900009f99 xmm7=0x0000e19a0000e19a0000282200002822 

0x266: mov al, [r14 +rcx]
  rax=0x0000000000000000 rbx=0x00000000a2610000 rcx=0x0000000000001efe rdx=0x0000000006000008
  rsi=0x0000000000000000 rdi=0x0000000000000700 flags=0b000000000010
  xmm0=0x00003f9700003f97000007ab000007ab xmm1=0x00006dc400006dc40000b0260000b026 
  xmm2=0x00002a0a00002a0a0000384500003845 xmm3=0x0000848a0000848a0000f64b0000f64b 
  xmm4=0x0000b3690000b3690000ddfd0000ddfd xmm5=0x00007f6900007f690000bd130000bd13 
  xmm6=0x00001ae200001ae200009f9900009f99 xmm7=0x0000e19a0000e19a0000282200002822 

    > load from +0x1efe value 0x0
0x26a: bts edx, 135
  rax=0x0000000000000000 rbx=0x00000000a2610000 rcx=0x0000000000001efe rdx=0x0000000006000008
  rsi=0x0000000000000000 rdi=0x0000000000000700 flags=0b000000000010
  xmm0=0x00003f9700003f97000007ab000007ab xmm1=0x00006dc400006dc40000b0260000b026 
  xmm2=0x00002a0a00002a0a0000384500003845 xmm3=0x0000848a0000848a0000f64b0000f64b 
  xmm4=0x0000b3690000b3690000ddfd0000ddfd xmm5=0x00007f6900007f690000bd130000bd13 
  xmm6=0x00001ae200001ae200009f9900009f99 xmm7=0x0000e19a0000e19a0000282200002822 

0x26e: and rcx, 0b1111111111111
  rax=0x0000000000000000 rbx=0x00000000a2610000 rcx=0x0000000000001efe rdx=0x0000000006000088
  rsi=0x0000000000000000 rdi=0x0000000000000700 flags=0b000000000010
  xmm0=0x00003f9700003f97000007ab000007ab xmm1=0x00006dc400006dc40000b0260000b026 
  xmm2=0x00002a0a00002a0a0000384500003845 xmm3=0x0000848a0000848a0000f64b0000f64b 
  xmm4=0x0000b3690000b3690000ddfd0000ddfd xmm5=0x00007f6900007f690000bd130000bd13 
  xmm6=0x00001ae200001ae200009f9900009f99 xmm7=0x0000e19a0000e19a0000282200002822 

0x275: or [r14 +rcx], 0b1000000000000000000000000000000
  rax=0x0000000000000000 rbx=0x00000000a2610000 rcx=0x0000000000001efe rdx=0x0000000006000088
  rsi=0x0000000000000000 rdi=0x0000000000000700 flags=0b000000000010
  xmm0=0x00003f9700003f97000007ab000007ab xmm1=0x00006dc400006dc40000b0260000b026 
  xmm2=0x00002a0a00002a0a0000384500003845 xmm3=0x0000848a0000848a0000f64b0000f64b 
  xmm4=0x0000b3690000b3690000ddfd0000ddfd xmm5=0x00007f6900007f690000bd130000bd13 
  xmm6=0x00001ae200001ae200009f9900009f99 xmm7=0x0000e19a0000e19a0000282200002822 

    > load from +0x1efe value 0xb9b20000
    > store to +0x1efe value 0xf9b20000
0x27d: bsf esi, [r14 +rcx]
  rax=0x0000000000000000 rbx=0x00000000a2610000 rcx=0x0000000000001efe rdx=0x0000000006000088
  rsi=0x0000000000000000 rdi=0x0000000000000700 flags=0b000010000110
  xmm0=0x00003f9700003f97000007ab000007ab xmm1=0x00006dc400006dc40000b0260000b026 
  xmm2=0x00002a0a00002a0a0000384500003845 xmm3=0x0000848a0000848a0000f64b0000f64b 
  xmm4=0x0000b3690000b3690000ddfd0000ddfd xmm5=0x00007f6900007f690000bd130000bd13 
  xmm6=0x00001ae200001ae200009f9900009f99 xmm7=0x0000e19a0000e19a0000282200002822 

    > load from +0x1efe value 0xf9b20000
0x282: movsxd rsi, ecx
  rax=0x0000000000000000 rbx=0x00000000a2610000 rcx=0x0000000000001efe rdx=0x0000000006000088
  rsi=0x0000000000000011 rdi=0x0000000000000700 flags=0b000010000110
  xmm0=0x00003f9700003f97000007ab000007ab xmm1=0x00006dc400006dc40000b0260000b026 
  xmm2=0x00002a0a00002a0a0000384500003845 xmm3=0x0000848a0000848a0000f64b0000f64b 
  xmm4=0x0000b3690000b3690000ddfd0000ddfd xmm5=0x00007f6900007f690000bd130000bd13 
  xmm6=0x00001ae200001ae200009f9900009f99 xmm7=0x0000e19a0000e19a0000282200002822 

0x285: add edx, -93
  rax=0x0000000000000000 rbx=0x00000000a2610000 rcx=0x0000000000001efe rdx=0x0000000006000088
  rsi=0x0000000000001efe rdi=0x0000000000000700 flags=0b000010000110
  xmm0=0x00003f9700003f97000007ab000007ab xmm1=0x00006dc400006dc40000b0260000b026 
  xmm2=0x00002a0a00002a0a0000384500003845 xmm3=0x0000848a0000848a0000f64b0000f64b 
  xmm4=0x0000b3690000b3690000ddfd0000ddfd xmm5=0x00007f6900007f690000bd130000bd13 
  xmm6=0x00001ae200001ae200009f9900009f99 xmm7=0x0000e19a0000e19a0000282200002822 

0x288: pushfq 
  rax=0x0000000000000000 rbx=0x00000000a2610000 rcx=0x0000000000001efe rdx=0x000000000600002b
  rsi=0x0000000000001efe rdi=0x0000000000000700 flags=0b000000000111
  xmm0=0x00003f9700003f97000007ab000007ab xmm1=0x00006dc400006dc40000b0260000b026 
  xmm2=0x00002a0a00002a0a0000384500003845 xmm3=0x0000848a0000848a0000f64b0000f64b 
  xmm4=0x0000b3690000b3690000ddfd0000ddfd xmm5=0x00007f6900007f690000bd130000bd13 
  xmm6=0x00001ae200001ae200009f9900009f99 xmm7=0x0000e19a0000e19a0000282200002822 

    > store to +0xff0 value 0x7
0x289: push rax
  rax=0x0000000000000000 rbx=0x00000000a2610000 rcx=0x0000000000001efe rdx=0x000000000600002b
  rsi=0x0000000000001efe rdi=0x0000000000000700 flags=0b000000000111
  xmm0=0x00003f9700003f97000007ab000007ab xmm1=0x00006dc400006dc40000b0260000b026 
  xmm2=0x00002a0a00002a0a0000384500003845 xmm3=0x0000848a0000848a0000f64b0000f64b 
  xmm4=0x0000b3690000b3690000ddfd0000ddfd xmm5=0x00007f6900007f690000bd130000bd13 
  xmm6=0x00001ae200001ae200009f9900009f99 xmm7=0x0000e19a0000e19a0000282200002822 

    > store to +0xfe8 value 0x0
0x28a: push rcx
  rax=0x0000000000000000 rbx=0x00000000a2610000 rcx=0x0000000000001efe rdx=0x000000000600002b
  rsi=0x0000000000001efe rdi=0x0000000000000700 flags=0b000000000111
  xmm0=0x00003f9700003f97000007ab000007ab xmm1=0x00006dc400006dc40000b0260000b026 
  xmm2=0x00002a0a00002a0a0000384500003845 xmm3=0x0000848a0000848a0000f64b0000f64b 
  xmm4=0x0000b3690000b3690000ddfd0000ddfd xmm5=0x00007f6900007f690000bd130000bd13 
  xmm6=0x00001ae200001ae200009f9900009f99 xmm7=0x0000e19a0000e19a0000282200002822 

    > store to +0xfe0 value 0x1efe
0x28b: push rdx
  rax=0x0000000000000000 rbx=0x00000000a2610000 rcx=0x0000000000001efe rdx=0x000000000600002b
  rsi=0x0000000000001efe rdi=0x0000000000000700 flags=0b000000000111
  xmm0=0x00003f9700003f97000007ab000007ab xmm1=0x00006dc400006dc40000b0260000b026 
  xmm2=0x00002a0a00002a0a0000384500003845 xmm3=0x0000848a0000848a0000f64b0000f64b 
  xmm4=0x0000b3690000b3690000ddfd0000ddfd xmm5=0x00007f6900007f690000bd130000bd13 
  xmm6=0x00001ae200001ae200009f9900009f99 xmm7=0x0000e19a0000e19a0000282200002822 

    > store to +0xfd8 value 0x600002b
0x28c: mov ecx, 0x1a4
  rax=0x0000000000000000 rbx=0x00000000a2610000 rcx=0x0000000000001efe rdx=0x000000000600002b
  rsi=0x0000000000001efe rdi=0x0000000000000700 flags=0b000000000111
  xmm0=0x00003f9700003f97000007ab000007ab xmm1=0x00006dc400006dc40000b0260000b026 
  xmm2=0x00002a0a00002a0a0000384500003845 xmm3=0x0000848a0000848a0000f64b0000f64b 
  xmm4=0x0000b3690000b3690000ddfd0000ddfd xmm5=0x00007f6900007f690000bd130000bd13 
  xmm6=0x00001ae200001ae200009f9900009f99 xmm7=0x0000e19a0000e19a0000282200002822 

0x291: mov edx, 0
  rax=0x0000000000000000 rbx=0x00000000a2610000 rcx=0x00000000000001a4 rdx=0x000000000600002b
  rsi=0x0000000000001efe rdi=0x0000000000000700 flags=0b000000000111
  xmm0=0x00003f9700003f97000007ab000007ab xmm1=0x00006dc400006dc40000b0260000b026 
  xmm2=0x00002a0a00002a0a0000384500003845 xmm3=0x0000848a0000848a0000f64b0000f64b 
  xmm4=0x0000b3690000b3690000ddfd0000ddfd xmm5=0x00007f6900007f690000bd130000bd13 
  xmm6=0x00001ae200001ae200009f9900009f99 xmm7=0x0000e19a0000e19a0000282200002822 

0x296: mov eax, 0b101111
  rax=0x0000000000000000 rbx=0x00000000a2610000 rcx=0x00000000000001a4 rdx=0x0000000000000000
  rsi=0x0000000000001efe rdi=0x0000000000000700 flags=0b000000000111
  xmm0=0x00003f9700003f97000007ab000007ab xmm1=0x00006dc400006dc40000b0260000b026 
  xmm2=0x00002a0a00002a0a0000384500003845 xmm3=0x0000848a0000848a0000f64b0000f64b 
  xmm4=0x0000b3690000b3690000ddfd0000ddfd xmm5=0x00007f6900007f690000bd130000bd13 
  xmm6=0x00001ae200001ae200009f9900009f99 xmm7=0x0000e19a0000e19a0000282200002822 

0x29b: wrmsr 
  rax=0x000000000000002f rbx=0x00000000a2610000 rcx=0x00000000000001a4 rdx=0x0000000000000000
  rsi=0x0000000000001efe rdi=0x0000000000000700 flags=0b000000000111
  xmm0=0x00003f9700003f97000007ab000007ab xmm1=0x00006dc400006dc40000b0260000b026 
  xmm2=0x00002a0a00002a0a0000384500003845 xmm3=0x0000848a0000848a0000f64b0000f64b 
  xmm4=0x0000b3690000b3690000ddfd0000ddfd xmm5=0x00007f6900007f690000bd130000bd13 
  xmm6=0x00001ae200001ae200009f9900009f99 xmm7=0x0000e19a0000e19a0000282200002822 

0x29d: mov ecx, 0x48
  rax=0x000000000000002f rbx=0x00000000a2610000 rcx=0x00000000000001a4 rdx=0x0000000000000000
  rsi=0x0000000000001efe rdi=0x0000000000000700 flags=0b000000000111
  xmm0=0x00003f9700003f97000007ab000007ab xmm1=0x00006dc400006dc40000b0260000b026 
  xmm2=0x00002a0a00002a0a0000384500003845 xmm3=0x0000848a0000848a0000f64b0000f64b 
  xmm4=0x0000b3690000b3690000ddfd0000ddfd xmm5=0x00007f6900007f690000bd130000bd13 
  xmm6=0x00001ae200001ae200009f9900009f99 xmm7=0x0000e19a0000e19a0000282200002822 

0x2a2: rdmsr 
  rax=0x000000000000002f rbx=0x00000000a2610000 rcx=0x0000000000000048 rdx=0x0000000000000000
  rsi=0x0000000000001efe rdi=0x0000000000000700 flags=0b000000000111
  xmm0=0x00003f9700003f97000007ab000007ab xmm1=0x00006dc400006dc40000b0260000b026 
  xmm2=0x00002a0a00002a0a0000384500003845 xmm3=0x0000848a0000848a0000f64b0000f64b 
  xmm4=0x0000b3690000b3690000ddfd0000ddfd xmm5=0x00007f6900007f690000bd130000bd13 
  xmm6=0x00001ae200001ae200009f9900009f99 xmm7=0x0000e19a0000e19a0000282200002822 

0x2a4: and eax, 0xfffffffb
  rax=0x0000000000000000 rbx=0x00000000a2610000 rcx=0x0000000000000048 rdx=0x0000000000000000
  rsi=0x0000000000001efe rdi=0x0000000000000700 flags=0b000000000111
  xmm0=0x00003f9700003f97000007ab000007ab xmm1=0x00006dc400006dc40000b0260000b026 
  xmm2=0x00002a0a00002a0a0000384500003845 xmm3=0x0000848a0000848a0000f64b0000f64b 
  xmm4=0x0000b3690000b3690000ddfd0000ddfd xmm5=0x00007f6900007f690000bd130000bd13 
  xmm6=0x00001ae200001ae200009f9900009f99 xmm7=0x0000e19a0000e19a0000282200002822 

0x2a7: or eax, 0x100
  rax=0x0000000000000000 rbx=0x00000000a2610000 rcx=0x0000000000000048 rdx=0x0000000000000000
  rsi=0x0000000000001efe rdi=0x0000000000000700 flags=0b000001000110
  xmm0=0x00003f9700003f97000007ab000007ab xmm1=0x00006dc400006dc40000b0260000b026 
  xmm2=0x00002a0a00002a0a0000384500003845 xmm3=0x0000848a0000848a0000f64b0000f64b 
  xmm4=0x0000b3690000b3690000ddfd0000ddfd xmm5=0x00007f6900007f690000bd130000bd13 
  xmm6=0x00001ae200001ae200009f9900009f99 xmm7=0x0000e19a0000e19a0000282200002822 

0x2ac: wrmsr 
  rax=0x0000000000000100 rbx=0x00000000a2610000 rcx=0x0000000000000048 rdx=0x0000000000000000
  rsi=0x0000000000001efe rdi=0x0000000000000700 flags=0b000000000110
  xmm0=0x00003f9700003f97000007ab000007ab xmm1=0x00006dc400006dc40000b0260000b026 
  xmm2=0x00002a0a00002a0a0000384500003845 xmm3=0x0000848a0000848a0000f64b0000f64b 
  xmm4=0x0000b3690000b3690000ddfd0000ddfd xmm5=0x00007f6900007f690000bd130000bd13 
  xmm6=0x00001ae200001ae200009f9900009f99 xmm7=0x0000e19a0000e19a0000282200002822 

0x2ae: mfence 
  rax=0x0000000000000100 rbx=0x00000000a2610000 rcx=0x0000000000000048 rdx=0x0000000000000000
  rsi=0x0000000000001efe rdi=0x0000000000000700 flags=0b000000000110
  xmm0=0x00003f9700003f97000007ab000007ab xmm1=0x00006dc400006dc40000b0260000b026 
  xmm2=0x00002a0a00002a0a0000384500003845 xmm3=0x0000848a0000848a0000f64b0000f64b 
  xmm4=0x0000b3690000b3690000ddfd0000ddfd xmm5=0x00007f6900007f690000bd130000bd13 
  xmm6=0x00001ae200001ae200009f9900009f99 xmm7=0x0000e19a0000e19a0000282200002822 

0x2b1: lfence 
  rax=0x0000000000000100 rbx=0x00000000a2610000 rcx=0x0000000000000048 rdx=0x0000000000000000
  rsi=0x0000000000001efe rdi=0x0000000000000700 flags=0b000000000110
  xmm0=0x00003f9700003f97000007ab000007ab xmm1=0x00006dc400006dc40000b0260000b026 
  xmm2=0x00002a0a00002a0a0000384500003845 xmm3=0x0000848a0000848a0000f64b0000f64b 
  xmm4=0x0000b3690000b3690000ddfd0000ddfd xmm5=0x00007f6900007f690000bd130000bd13 
  xmm6=0x00001ae200001ae200009f9900009f99 xmm7=0x0000e19a0000e19a0000282200002822 

0x2b4: macro .measurement_end, .noarg
  rax=0x0000000000000100 rbx=0x00000000a2610000 rcx=0x0000000000000048 rdx=0x0000000000000000
  rsi=0x0000000000001efe rdi=0x0000000000000700 flags=0b000000000110
  xmm0=0x00003f9700003f97000007ab000007ab xmm1=0x00006dc400006dc40000b0260000b026 
  xmm2=0x00002a0a00002a0a0000384500003845 xmm3=0x0000848a0000848a0000f64b0000f64b 
  xmm4=0x0000b3690000b3690000ddfd0000ddfd xmm5=0x00007f6900007f690000bd130000bd13 
  xmm6=0x00001ae200001ae200009f9900009f99 xmm7=0x0000e19a0000e19a0000282200002822 

0x2bc: mov ecx, 0x1a4
  rax=0x0000000000000100 rbx=0x00000000a2610000 rcx=0x0000000000000048 rdx=0x0000000000000000
  rsi=0x0000000000001efe rdi=0x0000000000000700 flags=0b000000000110
  xmm0=0x00003f9700003f97000007ab000007ab xmm1=0x00006dc400006dc40000b0260000b026 
  xmm2=0x00002a0a00002a0a0000384500003845 xmm3=0x0000848a0000848a0000f64b0000f64b 
  xmm4=0x0000b3690000b3690000ddfd0000ddfd xmm5=0x00007f6900007f690000bd130000bd13 
  xmm6=0x00001ae200001ae200009f9900009f99 xmm7=0x0000e19a0000e19a0000282200002822 

0x2c1: mov edx, 0
  rax=0x0000000000000100 rbx=0x00000000a2610000 rcx=0x00000000000001a4 rdx=0x0000000000000000
  rsi=0x0000000000001efe rdi=0x0000000000000700 flags=0b000000000110
  xmm0=0x00003f9700003f97000007ab000007ab xmm1=0x00006dc400006dc40000b0260000b026 
  xmm2=0x00002a0a00002a0a0000384500003845 xmm3=0x0000848a0000848a0000f64b0000f64b 
  xmm4=0x0000b3690000b3690000ddfd0000ddfd xmm5=0x00007f6900007f690000bd130000bd13 
  xmm6=0x00001ae200001ae200009f9900009f99 xmm7=0x0000e19a0000e19a0000282200002822 

0x2c6: mov eax, 0b000000
  rax=0x0000000000000100 rbx=0x00000000a2610000 rcx=0x00000000000001a4 rdx=0x0000000000000000
  rsi=0x0000000000001efe rdi=0x0000000000000700 flags=0b000000000110
  xmm0=0x00003f9700003f97000007ab000007ab xmm1=0x00006dc400006dc40000b0260000b026 
  xmm2=0x00002a0a00002a0a0000384500003845 xmm3=0x0000848a0000848a0000f64b0000f64b 
  xmm4=0x0000b3690000b3690000ddfd0000ddfd xmm5=0x00007f6900007f690000bd130000bd13 
  xmm6=0x00001ae200001ae200009f9900009f99 xmm7=0x0000e19a0000e19a0000282200002822 

0x2cb: mov ecx, 0x48
  rax=0x0000000000000000 rbx=0x00000000a2610000 rcx=0x00000000000001a4 rdx=0x0000000000000000
  rsi=0x0000000000001efe rdi=0x0000000000000700 flags=0b000000000110
  xmm0=0x00003f9700003f97000007ab000007ab xmm1=0x00006dc400006dc40000b0260000b026 
  xmm2=0x00002a0a00002a0a0000384500003845 xmm3=0x0000848a0000848a0000f64b0000f64b 
  xmm4=0x0000b3690000b3690000ddfd0000ddfd xmm5=0x00007f6900007f690000bd130000bd13 
  xmm6=0x00001ae200001ae200009f9900009f99 xmm7=0x0000e19a0000e19a0000282200002822 

0x2d0: rdmsr 
  rax=0x0000000000000000 rbx=0x00000000a2610000 rcx=0x0000000000000048 rdx=0x0000000000000000
  rsi=0x0000000000001efe rdi=0x0000000000000700 flags=0b000000000110
  xmm0=0x00003f9700003f97000007ab000007ab xmm1=0x00006dc400006dc40000b0260000b026 
  xmm2=0x00002a0a00002a0a0000384500003845 xmm3=0x0000848a0000848a0000f64b0000f64b 
  xmm4=0x0000b3690000b3690000ddfd0000ddfd xmm5=0x00007f6900007f690000bd130000bd13 
  xmm6=0x00001ae200001ae200009f9900009f99 xmm7=0x0000e19a0000e19a0000282200002822 

0x2d2: and eax, 0xfffffffb
  rax=0x0000000000000000 rbx=0x00000000a2610000 rcx=0x0000000000000048 rdx=0x0000000000000000
  rsi=0x0000000000001efe rdi=0x0000000000000700 flags=0b000000000110
  xmm0=0x00003f9700003f97000007ab000007ab xmm1=0x00006dc400006dc40000b0260000b026 
  xmm2=0x00002a0a00002a0a0000384500003845 xmm3=0x0000848a0000848a0000f64b0000f64b 
  xmm4=0x0000b3690000b3690000ddfd0000ddfd xmm5=0x00007f6900007f690000bd130000bd13 
  xmm6=0x00001ae200001ae200009f9900009f99 xmm7=0x0000e19a0000e19a0000282200002822 

0x2d5: and eax, 0xfffffeff
  rax=0x0000000000000000 rbx=0x00000000a2610000 rcx=0x0000000000000048 rdx=0x0000000000000000
  rsi=0x0000000000001efe rdi=0x0000000000000700 flags=0b000001000110
  xmm0=0x00003f9700003f97000007ab000007ab xmm1=0x00006dc400006dc40000b0260000b026 
  xmm2=0x00002a0a00002a0a0000384500003845 xmm3=0x0000848a0000848a0000f64b0000f64b 
  xmm4=0x0000b3690000b3690000ddfd0000ddfd xmm5=0x00007f6900007f690000bd130000bd13 
  xmm6=0x00001ae200001ae200009f9900009f99 xmm7=0x0000e19a0000e19a0000282200002822 

0x2da: wrmsr 
  rax=0x0000000000000000 rbx=0x00000000a2610000 rcx=0x0000000000000048 rdx=0x0000000000000000
  rsi=0x0000000000001efe rdi=0x0000000000000700 flags=0b000001000110
  xmm0=0x00003f9700003f97000007ab000007ab xmm1=0x00006dc400006dc40000b0260000b026 
  xmm2=0x00002a0a00002a0a0000384500003845 xmm3=0x0000848a0000848a0000f64b0000f64b 
  xmm4=0x0000b3690000b3690000ddfd0000ddfd xmm5=0x00007f6900007f690000bd130000bd13 
  xmm6=0x00001ae200001ae200009f9900009f99 xmm7=0x0000e19a0000e19a0000282200002822 

0x2dc: mfence 
  rax=0x0000000000000000 rbx=0x00000000a2610000 rcx=0x0000000000000048 rdx=0x0000000000000000
  rsi=0x0000000000001efe rdi=0x0000000000000700 flags=0b000001000110
  xmm0=0x00003f9700003f97000007ab000007ab xmm1=0x00006dc400006dc40000b0260000b026 
  xmm2=0x00002a0a00002a0a0000384500003845 xmm3=0x0000848a0000848a0000f64b0000f64b 
  xmm4=0x0000b3690000b3690000ddfd0000ddfd xmm5=0x00007f6900007f690000bd130000bd13 
  xmm6=0x00001ae200001ae200009f9900009f99 xmm7=0x0000e19a0000e19a0000282200002822 

0x2df: lfence 
  rax=0x0000000000000000 rbx=0x00000000a2610000 rcx=0x0000000000000048 rdx=0x0000000000000000
  rsi=0x0000000000001efe rdi=0x0000000000000700 flags=0b000001000110
  xmm0=0x00003f9700003f97000007ab000007ab xmm1=0x00006dc400006dc40000b0260000b026 
  xmm2=0x00002a0a00002a0a0000384500003845 xmm3=0x0000848a0000848a0000f64b0000f64b 
  xmm4=0x0000b3690000b3690000ddfd0000ddfd xmm5=0x00007f6900007f690000bd130000bd13 
  xmm6=0x00001ae200001ae200009f9900009f99 xmm7=0x0000e19a0000e19a0000282200002822 

0x2e2: pop rdx
  rax=0x0000000000000000 rbx=0x00000000a2610000 rcx=0x0000000000000048 rdx=0x0000000000000000
  rsi=0x0000000000001efe rdi=0x0000000000000700 flags=0b000001000110
  xmm0=0x00003f9700003f97000007ab000007ab xmm1=0x00006dc400006dc40000b0260000b026 
  xmm2=0x00002a0a00002a0a0000384500003845 xmm3=0x0000848a0000848a0000f64b0000f64b 
  xmm4=0x0000b3690000b3690000ddfd0000ddfd xmm5=0x00007f6900007f690000bd130000bd13 
  xmm6=0x00001ae200001ae200009f9900009f99 xmm7=0x0000e19a0000e19a0000282200002822 

    > load from +0xfd8 value 0x600002b
0x2e3: pop rcx
  rax=0x0000000000000000 rbx=0x00000000a2610000 rcx=0x0000000000000048 rdx=0x000000000600002b
  rsi=0x0000000000001efe rdi=0x0000000000000700 flags=0b000001000110
  xmm0=0x00003f9700003f97000007ab000007ab xmm1=0x00006dc400006dc40000b0260000b026 
  xmm2=0x00002a0a00002a0a0000384500003845 xmm3=0x0000848a0000848a0000f64b0000f64b 
  xmm4=0x0000b3690000b3690000ddfd0000ddfd xmm5=0x00007f6900007f690000bd130000bd13 
  xmm6=0x00001ae200001ae200009f9900009f99 xmm7=0x0000e19a0000e19a0000282200002822 

    > load from +0xfe0 value 0x1efe
0x2e4: pop rax
  rax=0x0000000000000000 rbx=0x00000000a2610000 rcx=0x0000000000001efe rdx=0x000000000600002b
  rsi=0x0000000000001efe rdi=0x0000000000000700 flags=0b000001000110
  xmm0=0x00003f9700003f97000007ab000007ab xmm1=0x00006dc400006dc40000b0260000b026 
  xmm2=0x00002a0a00002a0a0000384500003845 xmm3=0x0000848a0000848a0000f64b0000f64b 
  xmm4=0x0000b3690000b3690000ddfd0000ddfd xmm5=0x00007f6900007f690000bd130000bd13 
  xmm6=0x00001ae200001ae200009f9900009f99 xmm7=0x0000e19a0000e19a0000282200002822 

    > load from +0xfe8 value 0x0
0x2e5: popfq  [test_case_exit]
  rax=0x0000000000000000 rbx=0x00000000a2610000 rcx=0x0000000000001efe rdx=0x000000000600002b
  rsi=0x0000000000001efe rdi=0x0000000000000700 flags=0b000001000110
  xmm0=0x00003f9700003f97000007ab000007ab xmm1=0x00006dc400006dc40000b0260000b026 
  xmm2=0x00002a0a00002a0a0000384500003845 xmm3=0x0000848a0000848a0000f64b0000f64b 
  xmm4=0x0000b3690000b3690000ddfd0000ddfd xmm5=0x00007f6900007f690000bd130000bd13 
  xmm6=0x00001ae200001ae200009f9900009f99 xmm7=0x0000e19a0000e19a0000282200002822 

    > load from +0xff0 value 0x7



                      ##### Input 93 #####

                     ##### Input 0 #####
0x0 : pushfq 
  rax=0x0000210b0000210b rbx=0x0000d6480000d648 rcx=0x0000139400001394 rdx=0x0000bcbb0000bcbb
  rsi=0x0000e9940000e994 rdi=0x0000c8d50000c8d5 flags=0b100001010010
  xmm0=0x0000957100009571000083af000083af xmm1=0x00000ef100000ef10000720e0000720e 
  xmm2=0x0000b9620000b9620000ad440000ad44 xmm3=0x0000911b0000911b0000d9da0000d9da 
  xmm4=0x00006d2500006d250000b0f70000b0f7 xmm5=0x000007cd000007cd0000a2b30000a2b3 
  xmm6=0x000046b6000046b60000ad510000ad51 xmm7=0x0000553c0000553c0000326400003264 

    > store to +0xff0 value 0x852
0x1 : push rax
  rax=0x0000210b0000210b rbx=0x0000d6480000d648 rcx=0x0000139400001394 rdx=0x0000bcbb0000bcbb
  rsi=0x0000e9940000e994 rdi=0x0000c8d50000c8d5 flags=0b100001010010
  xmm0=0x0000957100009571000083af000083af xmm1=0x00000ef100000ef10000720e0000720e 
  xmm2=0x0000b9620000b9620000ad440000ad44 xmm3=0x0000911b0000911b0000d9da0000d9da 
  xmm4=0x00006d2500006d250000b0f70000b0f7 xmm5=0x000007cd000007cd0000a2b30000a2b3 
  xmm6=0x000046b6000046b60000ad510000ad51 xmm7=0x0000553c0000553c0000326400003264 

    > store to +0xfe8 value 0x210b0000210b
0x2 : push rcx
  rax=0x0000210b0000210b rbx=0x0000d6480000d648 rcx=0x0000139400001394 rdx=0x0000bcbb0000bcbb
  rsi=0x0000e9940000e994 rdi=0x0000c8d50000c8d5 flags=0b100001010010
  xmm0=0x0000957100009571000083af000083af xmm1=0x00000ef100000ef10000720e0000720e 
  xmm2=0x0000b9620000b9620000ad440000ad44 xmm3=0x0000911b0000911b0000d9da0000d9da 
  xmm4=0x00006d2500006d250000b0f70000b0f7 xmm5=0x000007cd000007cd0000a2b30000a2b3 
  xmm6=0x000046b6000046b60000ad510000ad51 xmm7=0x0000553c0000553c0000326400003264 

    > store to +0xfe0 value 0x139400001394
0x3 : push rdx
  rax=0x0000210b0000210b rbx=0x0000d6480000d648 rcx=0x0000139400001394 rdx=0x0000bcbb0000bcbb
  rsi=0x0000e9940000e994 rdi=0x0000c8d50000c8d5 flags=0b100001010010
  xmm0=0x0000957100009571000083af000083af xmm1=0x00000ef100000ef10000720e0000720e 
  xmm2=0x0000b9620000b9620000ad440000ad44 xmm3=0x0000911b0000911b0000d9da0000d9da 
  xmm4=0x00006d2500006d250000b0f70000b0f7 xmm5=0x000007cd000007cd0000a2b30000a2b3 
  xmm6=0x000046b6000046b60000ad510000ad51 xmm7=0x0000553c0000553c0000326400003264 

    > store to +0xfd8 value 0xbcbb0000bcbb
0x4 : mov ecx, 0x1a4
  rax=0x0000210b0000210b rbx=0x0000d6480000d648 rcx=0x0000139400001394 rdx=0x0000bcbb0000bcbb
  rsi=0x0000e9940000e994 rdi=0x0000c8d50000c8d5 flags=0b100001010010
  xmm0=0x0000957100009571000083af000083af xmm1=0x00000ef100000ef10000720e0000720e 
  xmm2=0x0000b9620000b9620000ad440000ad44 xmm3=0x0000911b0000911b0000d9da0000d9da 
  xmm4=0x00006d2500006d250000b0f70000b0f7 xmm5=0x000007cd000007cd0000a2b30000a2b3 
  xmm6=0x000046b6000046b60000ad510000ad51 xmm7=0x0000553c0000553c0000326400003264 

0x9 : mov edx, 0
  rax=0x0000210b0000210b rbx=0x0000d6480000d648 rcx=0x00000000000001a4 rdx=0x0000bcbb0000bcbb
  rsi=0x0000e9940000e994 rdi=0x0000c8d50000c8d5 flags=0b100001010010
  xmm0=0x0000957100009571000083af000083af xmm1=0x00000ef100000ef10000720e0000720e 
  xmm2=0x0000b9620000b9620000ad440000ad44 xmm3=0x0000911b0000911b0000d9da0000d9da 
  xmm4=0x00006d2500006d250000b0f70000b0f7 xmm5=0x000007cd000007cd0000a2b30000a2b3 
  xmm6=0x000046b6000046b60000ad510000ad51 xmm7=0x0000553c0000553c0000326400003264 

0xe : mov eax, 0b101111
  rax=0x0000210b0000210b rbx=0x0000d6480000d648 rcx=0x00000000000001a4 rdx=0x0000000000000000
  rsi=0x0000e9940000e994 rdi=0x0000c8d50000c8d5 flags=0b100001010010
  xmm0=0x0000957100009571000083af000083af xmm1=0x00000ef100000ef10000720e0000720e 
  xmm2=0x0000b9620000b9620000ad440000ad44 xmm3=0x0000911b0000911b0000d9da0000d9da 
  xmm4=0x00006d2500006d250000b0f70000b0f7 xmm5=0x000007cd000007cd0000a2b30000a2b3 
  xmm6=0x000046b6000046b60000ad510000ad51 xmm7=0x0000553c0000553c0000326400003264 

0x13: wrmsr 
  rax=0x000000000000002f rbx=0x0000d6480000d648 rcx=0x00000000000001a4 rdx=0x0000000000000000
  rsi=0x0000e9940000e994 rdi=0x0000c8d50000c8d5 flags=0b100001010010
  xmm0=0x0000957100009571000083af000083af xmm1=0x00000ef100000ef10000720e0000720e 
  xmm2=0x0000b9620000b9620000ad440000ad44 xmm3=0x0000911b0000911b0000d9da0000d9da 
  xmm4=0x00006d2500006d250000b0f70000b0f7 xmm5=0x000007cd000007cd0000a2b30000a2b3 
  xmm6=0x000046b6000046b60000ad510000ad51 xmm7=0x0000553c0000553c0000326400003264 

0x15: mov ecx, 0x48
  rax=0x000000000000002f rbx=0x0000d6480000d648 rcx=0x00000000000001a4 rdx=0x0000000000000000
  rsi=0x0000e9940000e994 rdi=0x0000c8d50000c8d5 flags=0b100001010010
  xmm0=0x0000957100009571000083af000083af xmm1=0x00000ef100000ef10000720e0000720e 
  xmm2=0x0000b9620000b9620000ad440000ad44 xmm3=0x0000911b0000911b0000d9da0000d9da 
  xmm4=0x00006d2500006d250000b0f70000b0f7 xmm5=0x000007cd000007cd0000a2b30000a2b3 
  xmm6=0x000046b6000046b60000ad510000ad51 xmm7=0x0000553c0000553c0000326400003264 

0x1a: rdmsr 
  rax=0x000000000000002f rbx=0x0000d6480000d648 rcx=0x0000000000000048 rdx=0x0000000000000000
  rsi=0x0000e9940000e994 rdi=0x0000c8d50000c8d5 flags=0b100001010010
  xmm0=0x0000957100009571000083af000083af xmm1=0x00000ef100000ef10000720e0000720e 
  xmm2=0x0000b9620000b9620000ad440000ad44 xmm3=0x0000911b0000911b0000d9da0000d9da 
  xmm4=0x00006d2500006d250000b0f70000b0f7 xmm5=0x000007cd000007cd0000a2b30000a2b3 
  xmm6=0x000046b6000046b60000ad510000ad51 xmm7=0x0000553c0000553c0000326400003264 

0x1c: and eax, 0xfffffffb
  rax=0x0000000000000000 rbx=0x0000d6480000d648 rcx=0x0000000000000048 rdx=0x0000000000000000
  rsi=0x0000e9940000e994 rdi=0x0000c8d50000c8d5 flags=0b100001010010
  xmm0=0x0000957100009571000083af000083af xmm1=0x00000ef100000ef10000720e0000720e 
  xmm2=0x0000b9620000b9620000ad440000ad44 xmm3=0x0000911b0000911b0000d9da0000d9da 
  xmm4=0x00006d2500006d250000b0f70000b0f7 xmm5=0x000007cd000007cd0000a2b30000a2b3 
  xmm6=0x000046b6000046b60000ad510000ad51 xmm7=0x0000553c0000553c0000326400003264 

0x1f: or eax, 0x100
  rax=0x0000000000000000 rbx=0x0000d6480000d648 rcx=0x0000000000000048 rdx=0x0000000000000000
  rsi=0x0000e9940000e994 rdi=0x0000c8d50000c8d5 flags=0b000001000110
  xmm0=0x0000957100009571000083af000083af xmm1=0x00000ef100000ef10000720e0000720e 
  xmm2=0x0000b9620000b9620000ad440000ad44 xmm3=0x0000911b0000911b0000d9da0000d9da 
  xmm4=0x00006d2500006d250000b0f70000b0f7 xmm5=0x000007cd000007cd0000a2b30000a2b3 
  xmm6=0x000046b6000046b60000ad510000ad51 xmm7=0x0000553c0000553c0000326400003264 

0x24: wrmsr 
  rax=0x0000000000000100 rbx=0x0000d6480000d648 rcx=0x0000000000000048 rdx=0x0000000000000000
  rsi=0x0000e9940000e994 rdi=0x0000c8d50000c8d5 flags=0b000000000110
  xmm0=0x0000957100009571000083af000083af xmm1=0x00000ef100000ef10000720e0000720e 
  xmm2=0x0000b9620000b9620000ad440000ad44 xmm3=0x0000911b0000911b0000d9da0000d9da 
  xmm4=0x00006d2500006d250000b0f70000b0f7 xmm5=0x000007cd000007cd0000a2b30000a2b3 
  xmm6=0x000046b6000046b60000ad510000ad51 xmm7=0x0000553c0000553c0000326400003264 

0x26: mfence 
  rax=0x0000000000000100 rbx=0x0000d6480000d648 rcx=0x0000000000000048 rdx=0x0000000000000000
  rsi=0x0000e9940000e994 rdi=0x0000c8d50000c8d5 flags=0b000000000110
  xmm0=0x0000957100009571000083af000083af xmm1=0x00000ef100000ef10000720e0000720e 
  xmm2=0x0000b9620000b9620000ad440000ad44 xmm3=0x0000911b0000911b0000d9da0000d9da 
  xmm4=0x00006d2500006d250000b0f70000b0f7 xmm5=0x000007cd000007cd0000a2b30000a2b3 
  xmm6=0x000046b6000046b60000ad510000ad51 xmm7=0x0000553c0000553c0000326400003264 

0x29: lfence 
  rax=0x0000000000000100 rbx=0x0000d6480000d648 rcx=0x0000000000000048 rdx=0x0000000000000000
  rsi=0x0000e9940000e994 rdi=0x0000c8d50000c8d5 flags=0b000000000110
  xmm0=0x0000957100009571000083af000083af xmm1=0x00000ef100000ef10000720e0000720e 
  xmm2=0x0000b9620000b9620000ad440000ad44 xmm3=0x0000911b0000911b0000d9da0000d9da 
  xmm4=0x00006d2500006d250000b0f70000b0f7 xmm5=0x000007cd000007cd0000a2b30000a2b3 
  xmm6=0x000046b6000046b60000ad510000ad51 xmm7=0x0000553c0000553c0000326400003264 

0x2c: macro .measurement_start, .noarg
  rax=0x0000000000000100 rbx=0x0000d6480000d648 rcx=0x0000000000000048 rdx=0x0000000000000000
  rsi=0x0000e9940000e994 rdi=0x0000c8d50000c8d5 flags=0b000000000110
  xmm0=0x0000957100009571000083af000083af xmm1=0x00000ef100000ef10000720e0000720e 
  xmm2=0x0000b9620000b9620000ad440000ad44 xmm3=0x0000911b0000911b0000d9da0000d9da 
  xmm4=0x00006d2500006d250000b0f70000b0f7 xmm5=0x000007cd000007cd0000a2b30000a2b3 
  xmm6=0x000046b6000046b60000ad510000ad51 xmm7=0x0000553c0000553c0000326400003264 

0x34: mov ecx, 0x1a4
  rax=0x0000000000000100 rbx=0x0000d6480000d648 rcx=0x0000000000000048 rdx=0x0000000000000000
  rsi=0x0000e9940000e994 rdi=0x0000c8d50000c8d5 flags=0b000000000110
  xmm0=0x0000957100009571000083af000083af xmm1=0x00000ef100000ef10000720e0000720e 
  xmm2=0x0000b9620000b9620000ad440000ad44 xmm3=0x0000911b0000911b0000d9da0000d9da 
  xmm4=0x00006d2500006d250000b0f70000b0f7 xmm5=0x000007cd000007cd0000a2b30000a2b3 
  xmm6=0x000046b6000046b60000ad510000ad51 xmm7=0x0000553c0000553c0000326400003264 

0x39: mov edx, 0
  rax=0x0000000000000100 rbx=0x0000d6480000d648 rcx=0x00000000000001a4 rdx=0x0000000000000000
  rsi=0x0000e9940000e994 rdi=0x0000c8d50000c8d5 flags=0b000000000110
  xmm0=0x0000957100009571000083af000083af xmm1=0x00000ef100000ef10000720e0000720e 
  xmm2=0x0000b9620000b9620000ad440000ad44 xmm3=0x0000911b0000911b0000d9da0000d9da 
  xmm4=0x00006d2500006d250000b0f70000b0f7 xmm5=0x000007cd000007cd0000a2b30000a2b3 
  xmm6=0x000046b6000046b60000ad510000ad51 xmm7=0x0000553c0000553c0000326400003264 

0x3e: mov eax, 0b000000
  rax=0x0000000000000100 rbx=0x0000d6480000d648 rcx=0x00000000000001a4 rdx=0x0000000000000000
  rsi=0x0000e9940000e994 rdi=0x0000c8d50000c8d5 flags=0b000000000110
  xmm0=0x0000957100009571000083af000083af xmm1=0x00000ef100000ef10000720e0000720e 
  xmm2=0x0000b9620000b9620000ad440000ad44 xmm3=0x0000911b0000911b0000d9da0000d9da 
  xmm4=0x00006d2500006d250000b0f70000b0f7 xmm5=0x000007cd000007cd0000a2b30000a2b3 
  xmm6=0x000046b6000046b60000ad510000ad51 xmm7=0x0000553c0000553c0000326400003264 

0x43: mov ecx, 0x48
  rax=0x0000000000000000 rbx=0x0000d6480000d648 rcx=0x00000000000001a4 rdx=0x0000000000000000
  rsi=0x0000e9940000e994 rdi=0x0000c8d50000c8d5 flags=0b000000000110
  xmm0=0x0000957100009571000083af000083af xmm1=0x00000ef100000ef10000720e0000720e 
  xmm2=0x0000b9620000b9620000ad440000ad44 xmm3=0x0000911b0000911b0000d9da0000d9da 
  xmm4=0x00006d2500006d250000b0f70000b0f7 xmm5=0x000007cd000007cd0000a2b30000a2b3 
  xmm6=0x000046b6000046b60000ad510000ad51 xmm7=0x0000553c0000553c0000326400003264 

0x48: rdmsr 
  rax=0x0000000000000000 rbx=0x0000d6480000d648 rcx=0x0000000000000048 rdx=0x0000000000000000
  rsi=0x0000e9940000e994 rdi=0x0000c8d50000c8d5 flags=0b000000000110
  xmm0=0x0000957100009571000083af000083af xmm1=0x00000ef100000ef10000720e0000720e 
  xmm2=0x0000b9620000b9620000ad440000ad44 xmm3=0x0000911b0000911b0000d9da0000d9da 
  xmm4=0x00006d2500006d250000b0f70000b0f7 xmm5=0x000007cd000007cd0000a2b30000a2b3 
  xmm6=0x000046b6000046b60000ad510000ad51 xmm7=0x0000553c0000553c0000326400003264 

0x4a: and eax, 0xfffffffb
  rax=0x0000000000000000 rbx=0x0000d6480000d648 rcx=0x0000000000000048 rdx=0x0000000000000000
  rsi=0x0000e9940000e994 rdi=0x0000c8d50000c8d5 flags=0b000000000110
  xmm0=0x0000957100009571000083af000083af xmm1=0x00000ef100000ef10000720e0000720e 
  xmm2=0x0000b9620000b9620000ad440000ad44 xmm3=0x0000911b0000911b0000d9da0000d9da 
  xmm4=0x00006d2500006d250000b0f70000b0f7 xmm5=0x000007cd000007cd0000a2b30000a2b3 
  xmm6=0x000046b6000046b60000ad510000ad51 xmm7=0x0000553c0000553c0000326400003264 

0x4d: and eax, 0xfffffeff
  rax=0x0000000000000000 rbx=0x0000d6480000d648 rcx=0x0000000000000048 rdx=0x0000000000000000
  rsi=0x0000e9940000e994 rdi=0x0000c8d50000c8d5 flags=0b000001000110
  xmm0=0x0000957100009571000083af000083af xmm1=0x00000ef100000ef10000720e0000720e 
  xmm2=0x0000b9620000b9620000ad440000ad44 xmm3=0x0000911b0000911b0000d9da0000d9da 
  xmm4=0x00006d2500006d250000b0f70000b0f7 xmm5=0x000007cd000007cd0000a2b30000a2b3 
  xmm6=0x000046b6000046b60000ad510000ad51 xmm7=0x0000553c0000553c0000326400003264 

0x52: wrmsr 
  rax=0x0000000000000000 rbx=0x0000d6480000d648 rcx=0x0000000000000048 rdx=0x0000000000000000
  rsi=0x0000e9940000e994 rdi=0x0000c8d50000c8d5 flags=0b000001000110
  xmm0=0x0000957100009571000083af000083af xmm1=0x00000ef100000ef10000720e0000720e 
  xmm2=0x0000b9620000b9620000ad440000ad44 xmm3=0x0000911b0000911b0000d9da0000d9da 
  xmm4=0x00006d2500006d250000b0f70000b0f7 xmm5=0x000007cd000007cd0000a2b30000a2b3 
  xmm6=0x000046b6000046b60000ad510000ad51 xmm7=0x0000553c0000553c0000326400003264 

0x54: mfence 
  rax=0x0000000000000000 rbx=0x0000d6480000d648 rcx=0x0000000000000048 rdx=0x0000000000000000
  rsi=0x0000e9940000e994 rdi=0x0000c8d50000c8d5 flags=0b000001000110
  xmm0=0x0000957100009571000083af000083af xmm1=0x00000ef100000ef10000720e0000720e 
  xmm2=0x0000b9620000b9620000ad440000ad44 xmm3=0x0000911b0000911b0000d9da0000d9da 
  xmm4=0x00006d2500006d250000b0f70000b0f7 xmm5=0x000007cd000007cd0000a2b30000a2b3 
  xmm6=0x000046b6000046b60000ad510000ad51 xmm7=0x0000553c0000553c0000326400003264 

0x57: lfence 
  rax=0x0000000000000000 rbx=0x0000d6480000d648 rcx=0x0000000000000048 rdx=0x0000000000000000
  rsi=0x0000e9940000e994 rdi=0x0000c8d50000c8d5 flags=0b000001000110
  xmm0=0x0000957100009571000083af000083af xmm1=0x00000ef100000ef10000720e0000720e 
  xmm2=0x0000b9620000b9620000ad440000ad44 xmm3=0x0000911b0000911b0000d9da0000d9da 
  xmm4=0x00006d2500006d250000b0f70000b0f7 xmm5=0x000007cd000007cd0000a2b30000a2b3 
  xmm6=0x000046b6000046b60000ad510000ad51 xmm7=0x0000553c0000553c0000326400003264 

0x5a: pop rdx
  rax=0x0000000000000000 rbx=0x0000d6480000d648 rcx=0x0000000000000048 rdx=0x0000000000000000
  rsi=0x0000e9940000e994 rdi=0x0000c8d50000c8d5 flags=0b000001000110
  xmm0=0x0000957100009571000083af000083af xmm1=0x00000ef100000ef10000720e0000720e 
  xmm2=0x0000b9620000b9620000ad440000ad44 xmm3=0x0000911b0000911b0000d9da0000d9da 
  xmm4=0x00006d2500006d250000b0f70000b0f7 xmm5=0x000007cd000007cd0000a2b30000a2b3 
  xmm6=0x000046b6000046b60000ad510000ad51 xmm7=0x0000553c0000553c0000326400003264 

    > load from +0xfd8 value 0xbcbb0000bcbb
0x5b: pop rcx
  rax=0x0000000000000000 rbx=0x0000d6480000d648 rcx=0x0000000000000048 rdx=0x0000bcbb0000bcbb
  rsi=0x0000e9940000e994 rdi=0x0000c8d50000c8d5 flags=0b000001000110
  xmm0=0x0000957100009571000083af000083af xmm1=0x00000ef100000ef10000720e0000720e 
  xmm2=0x0000b9620000b9620000ad440000ad44 xmm3=0x0000911b0000911b0000d9da0000d9da 
  xmm4=0x00006d2500006d250000b0f70000b0f7 xmm5=0x000007cd000007cd0000a2b30000a2b3 
  xmm6=0x000046b6000046b60000ad510000ad51 xmm7=0x0000553c0000553c0000326400003264 

    > load from +0xfe0 value 0x139400001394
0x5c: pop rax
  rax=0x0000000000000000 rbx=0x0000d6480000d648 rcx=0x0000139400001394 rdx=0x0000bcbb0000bcbb
  rsi=0x0000e9940000e994 rdi=0x0000c8d50000c8d5 flags=0b000001000110
  xmm0=0x0000957100009571000083af000083af xmm1=0x00000ef100000ef10000720e0000720e 
  xmm2=0x0000b9620000b9620000ad440000ad44 xmm3=0x0000911b0000911b0000d9da0000d9da 
  xmm4=0x00006d2500006d250000b0f70000b0f7 xmm5=0x000007cd000007cd0000a2b30000a2b3 
  xmm6=0x000046b6000046b60000ad510000ad51 xmm7=0x0000553c0000553c0000326400003264 

    > load from +0xfe8 value 0x210b0000210b
0x5d: popfq 
  rax=0x0000210b0000210b rbx=0x0000d6480000d648 rcx=0x0000139400001394 rdx=0x0000bcbb0000bcbb
  rsi=0x0000e9940000e994 rdi=0x0000c8d50000c8d5 flags=0b000001000110
  xmm0=0x0000957100009571000083af000083af xmm1=0x00000ef100000ef10000720e0000720e 
  xmm2=0x0000b9620000b9620000ad440000ad44 xmm3=0x0000911b0000911b0000d9da0000d9da 
  xmm4=0x00006d2500006d250000b0f70000b0f7 xmm5=0x000007cd000007cd0000a2b30000a2b3 
  xmm6=0x000046b6000046b60000ad510000ad51 xmm7=0x0000553c0000553c0000326400003264 

    > load from +0xff0 value 0x852
0x5e: imul rbx, rax, 114
  rax=0x0000210b0000210b rbx=0x0000d6480000d648 rcx=0x0000139400001394 rdx=0x0000bcbb0000bcbb
  rsi=0x0000e9940000e994 rdi=0x0000c8d50000c8d5 flags=0b100001010010
  xmm0=0x0000957100009571000083af000083af xmm1=0x00000ef100000ef10000720e0000720e 
  xmm2=0x0000b9620000b9620000ad440000ad44 xmm3=0x0000911b0000911b0000d9da0000d9da 
  xmm4=0x00006d2500006d250000b0f70000b0f7 xmm5=0x000007cd000007cd0000a2b30000a2b3 
  xmm6=0x000046b6000046b60000ad510000ad51 xmm7=0x0000553c0000553c0000326400003264 

0x62: inc bx
  rax=0x0000210b0000210b rbx=0x000eb6e6000eb6e6 rcx=0x0000139400001394 rdx=0x0000bcbb0000bcbb
  rsi=0x0000e9940000e994 rdi=0x0000c8d50000c8d5 flags=0b000000000010
  xmm0=0x0000957100009571000083af000083af xmm1=0x00000ef100000ef10000720e0000720e 
  xmm2=0x0000b9620000b9620000ad440000ad44 xmm3=0x0000911b0000911b0000d9da0000d9da 
  xmm4=0x00006d2500006d250000b0f70000b0f7 xmm5=0x000007cd000007cd0000a2b30000a2b3 
  xmm6=0x000046b6000046b60000ad510000ad51 xmm7=0x0000553c0000553c0000326400003264 

0x65: and rbx, 0b1111111111111
  rax=0x0000210b0000210b rbx=0x000eb6e6000eb6e7 rcx=0x0000139400001394 rdx=0x0000bcbb0000bcbb
  rsi=0x0000e9940000e994 rdi=0x0000c8d50000c8d5 flags=0b000010000110
  xmm0=0x0000957100009571000083af000083af xmm1=0x00000ef100000ef10000720e0000720e 
  xmm2=0x0000b9620000b9620000ad440000ad44 xmm3=0x0000911b0000911b0000d9da0000d9da 
  xmm4=0x00006d2500006d250000b0f70000b0f7 xmm5=0x000007cd000007cd0000a2b30000a2b3 
  xmm6=0x000046b6000046b60000ad510000ad51 xmm7=0x0000553c0000553c0000326400003264 

0x6c: xor rbx, [r14 +rbx]
  rax=0x0000210b0000210b rbx=0x00000000000016e7 rcx=0x0000139400001394 rdx=0x0000bcbb0000bcbb
  rsi=0x0000e9940000e994 rdi=0x0000c8d50000c8d5 flags=0b000000000110
  xmm0=0x0000957100009571000083af000083af xmm1=0x00000ef100000ef10000720e0000720e 
  xmm2=0x0000b9620000b9620000ad440000ad44 xmm3=0x0000911b0000911b0000d9da0000d9da 
  xmm4=0x00006d2500006d250000b0f70000b0f7 xmm5=0x000007cd000007cd0000a2b30000a2b3 
  xmm6=0x000046b6000046b60000ad510000ad51 xmm7=0x0000553c0000553c0000326400003264 

    > load from +0x16e7 value 0x2a1600002a1600
0x70: and rcx, 0b1111111111111
  rax=0x0000210b0000210b rbx=0x002a1600002a00e7 rcx=0x0000139400001394 rdx=0x0000bcbb0000bcbb
  rsi=0x0000e9940000e994 rdi=0x0000c8d50000c8d5 flags=0b000000000110
  xmm0=0x0000957100009571000083af000083af xmm1=0x00000ef100000ef10000720e0000720e 
  xmm2=0x0000b9620000b9620000ad440000ad44 xmm3=0x0000911b0000911b0000d9da0000d9da 
  xmm4=0x00006d2500006d250000b0f70000b0f7 xmm5=0x000007cd000007cd0000a2b30000a2b3 
  xmm6=0x000046b6000046b60000ad510000ad51 xmm7=0x0000553c0000553c0000326400003264 

0x77: imul [r14 +rcx]
  rax=0x0000210b0000210b rbx=0x002a1600002a00e7 rcx=0x0000000000001394 rdx=0x0000bcbb0000bcbb
  rsi=0x0000e9940000e994 rdi=0x0000c8d50000c8d5 flags=0b000000000010
  xmm0=0x0000957100009571000083af000083af xmm1=0x00000ef100000ef10000720e0000720e 
  xmm2=0x0000b9620000b9620000ad440000ad44 xmm3=0x0000911b0000911b0000d9da0000d9da 
  xmm4=0x00006d2500006d250000b0f70000b0f7 xmm5=0x000007cd000007cd0000a2b30000a2b3 
  xmm6=0x000046b6000046b60000ad510000ad51 xmm7=0x0000553c0000553c0000326400003264 

    > load from +0x1394 value 0x8654
0x7b: sbb bl, cl
  rax=0x000000001156999c rbx=0x002a1600002a00e7 rcx=0x0000000000001394 rdx=0x0000000000000000
  rsi=0x0000e9940000e994 rdi=0x0000c8d50000c8d5 flags=0b000000000110
  xmm0=0x0000957100009571000083af000083af xmm1=0x00000ef100000ef10000720e0000720e 
  xmm2=0x0000b9620000b9620000ad440000ad44 xmm3=0x0000911b0000911b0000d9da0000d9da 
  xmm4=0x00006d2500006d250000b0f70000b0f7 xmm5=0x000007cd000007cd0000a2b30000a2b3 
  xmm6=0x000046b6000046b60000ad510000ad51 xmm7=0x0000553c0000553c0000326400003264 

0x7d: and rdx, 0b1111111111111
  rax=0x000000001156999c rbx=0x002a1600002a0053 rcx=0x0000000000001394 rdx=0x0000000000000000
  rsi=0x0000e9940000e994 rdi=0x0000c8d50000c8d5 flags=0b000000000110
  xmm0=0x0000957100009571000083af000083af xmm1=0x00000ef100000ef10000720e0000720e 
  xmm2=0x0000b9620000b9620000ad440000ad44 xmm3=0x0000911b0000911b0000d9da0000d9da 
  xmm4=0x00006d2500006d250000b0f70000b0f7 xmm5=0x000007cd000007cd0000a2b30000a2b3 
  xmm6=0x000046b6000046b60000ad510000ad51 xmm7=0x0000553c0000553c0000326400003264 

0x84: test [r14 +rdx], 1915
  rax=0x000000001156999c rbx=0x002a1600002a0053 rcx=0x0000000000001394 rdx=0x0000000000000000
  rsi=0x0000e9940000e994 rdi=0x0000c8d50000c8d5 flags=0b000001000110
  xmm0=0x0000957100009571000083af000083af xmm1=0x00000ef100000ef10000720e0000720e 
  xmm2=0x0000b9620000b9620000ad440000ad44 xmm3=0x0000911b0000911b0000d9da0000d9da 
  xmm4=0x00006d2500006d250000b0f70000b0f7 xmm5=0x000007cd000007cd0000a2b30000a2b3 
  xmm6=0x000046b6000046b60000ad510000ad51 xmm7=0x0000553c0000553c0000326400003264 

    > load from +0x0 value 0x4faf
0x8b: and rdi, 0b1111111111111
  rax=0x000000001156999c rbx=0x002a1600002a0053 rcx=0x0000000000001394 rdx=0x0000000000000000
  rsi=0x0000e9940000e994 rdi=0x0000c8d50000c8d5 flags=0b000000000110
  xmm0=0x0000957100009571000083af000083af xmm1=0x00000ef100000ef10000720e0000720e 
  xmm2=0x0000b9620000b9620000ad440000ad44 xmm3=0x0000911b0000911b0000d9da0000d9da 
  xmm4=0x00006d2500006d250000b0f70000b0f7 xmm5=0x000007cd000007cd0000a2b30000a2b3 
  xmm6=0x000046b6000046b60000ad510000ad51 xmm7=0x0000553c0000553c0000326400003264 

0x92: or [r14 +rdi], 0b1000000000000000
  rax=0x000000001156999c rbx=0x002a1600002a0053 rcx=0x0000000000001394 rdx=0x0000000000000000
  rsi=0x0000e9940000e994 rdi=0x00000000000008d5 flags=0b000000000010
  xmm0=0x0000957100009571000083af000083af xmm1=0x00000ef100000ef10000720e0000720e 
  xmm2=0x0000b9620000b9620000ad440000ad44 xmm3=0x0000911b0000911b0000d9da0000d9da 
  xmm4=0x00006d2500006d250000b0f70000b0f7 xmm5=0x000007cd000007cd0000a2b30000a2b3 
  xmm6=0x000046b6000046b60000ad510000ad51 xmm7=0x0000553c0000553c0000326400003264 

    > load from +0x8d5 value 0xf4
    > store to +0x8d5 value 0x80f4
0x99: bsf si, [r14 +rdi]
  rax=0x000000001156999c rbx=0x002a1600002a0053 rcx=0x0000000000001394 rdx=0x0000000000000000
  rsi=0x0000e9940000e994 rdi=0x00000000000008d5 flags=0b000010000010
  xmm0=0x0000957100009571000083af000083af xmm1=0x00000ef100000ef10000720e0000720e 
  xmm2=0x0000b9620000b9620000ad440000ad44 xmm3=0x0000911b0000911b0000d9da0000d9da 
  xmm4=0x00006d2500006d250000b0f70000b0f7 xmm5=0x000007cd000007cd0000a2b30000a2b3 
  xmm6=0x000046b6000046b60000ad510000ad51 xmm7=0x0000553c0000553c0000326400003264 

    > load from +0x8d5 value 0x80f4
0x9f: add dil, -113
  rax=0x000000001156999c rbx=0x002a1600002a0053 rcx=0x0000000000001394 rdx=0x0000000000000000
  rsi=0x0000e99400000002 rdi=0x00000000000008d5 flags=0b000010000010
  xmm0=0x0000957100009571000083af000083af xmm1=0x00000ef100000ef10000720e0000720e 
  xmm2=0x0000b9620000b9620000ad440000ad44 xmm3=0x0000911b0000911b0000d9da0000d9da 
  xmm4=0x00006d2500006d250000b0f70000b0f7 xmm5=0x000007cd000007cd0000a2b30000a2b3 
  xmm6=0x000046b6000046b60000ad510000ad51 xmm7=0x0000553c0000553c0000326400003264 

0xa3: setnz bl
  rax=0x000000001156999c rbx=0x002a1600002a0053 rcx=0x0000000000001394 rdx=0x0000000000000000
  rsi=0x0000e99400000002 rdi=0x0000000000000864 flags=0b100000010011
  xmm0=0x0000957100009571000083af000083af xmm1=0x00000ef100000ef10000720e0000720e 
  xmm2=0x0000b9620000b9620000ad440000ad44 xmm3=0x0000911b0000911b0000d9da0000d9da 
  xmm4=0x00006d2500006d250000b0f70000b0f7 xmm5=0x000007cd000007cd0000a2b30000a2b3 
  xmm6=0x000046b6000046b60000ad510000ad51 xmm7=0x0000553c0000553c0000326400003264 

0xa6: cmovle cx, si
  rax=0x000000001156999c rbx=0x002a1600002a0001 rcx=0x0000000000001394 rdx=0x0000000000000000
  rsi=0x0000e99400000002 rdi=0x0000000000000864 flags=0b100000010011
  xmm0=0x0000957100009571000083af000083af xmm1=0x00000ef100000ef10000720e0000720e 
  xmm2=0x0000b9620000b9620000ad440000ad44 xmm3=0x0000911b0000911b0000d9da0000d9da 
  xmm4=0x00006d2500006d250000b0f70000b0f7 xmm5=0x000007cd000007cd0000a2b30000a2b3 
  xmm6=0x000046b6000046b60000ad510000ad51 xmm7=0x0000553c0000553c0000326400003264 

0xaa: and rax, 0b1111111111111
  rax=0x000000001156999c rbx=0x002a1600002a0001 rcx=0x0000000000000002 rdx=0x0000000000000000
  rsi=0x0000e99400000002 rdi=0x0000000000000864 flags=0b100000010011
  xmm0=0x0000957100009571000083af000083af xmm1=0x00000ef100000ef10000720e0000720e 
  xmm2=0x0000b9620000b9620000ad440000ad44 xmm3=0x0000911b0000911b0000d9da0000d9da 
  xmm4=0x00006d2500006d250000b0f70000b0f7 xmm5=0x000007cd000007cd0000a2b30000a2b3 
  xmm6=0x000046b6000046b60000ad510000ad51 xmm7=0x0000553c0000553c0000326400003264 

0xb0: cmovnle rsi, [r14 +rax]
  rax=0x000000000000199c rbx=0x002a1600002a0001 rcx=0x0000000000000002 rdx=0x0000000000000000
  rsi=0x0000e99400000002 rdi=0x0000000000000864 flags=0b000000000110
  xmm0=0x0000957100009571000083af000083af xmm1=0x00000ef100000ef10000720e0000720e 
  xmm2=0x0000b9620000b9620000ad440000ad44 xmm3=0x0000911b0000911b0000d9da0000d9da 
  xmm4=0x00006d2500006d250000b0f70000b0f7 xmm5=0x000007cd000007cd0000a2b30000a2b3 
  xmm6=0x000046b6000046b60000ad510000ad51 xmm7=0x0000553c0000553c0000326400003264 

    > load from +0x199c value 0xd2b50000d489
0xb5: cmovo rbx, rax
  rax=0x000000000000199c rbx=0x002a1600002a0001 rcx=0x0000000000000002 rdx=0x0000000000000000
  rsi=0x0000d2b50000d489 rdi=0x0000000000000864 flags=0b000000000110
  xmm0=0x0000957100009571000083af000083af xmm1=0x00000ef100000ef10000720e0000720e 
  xmm2=0x0000b9620000b9620000ad440000ad44 xmm3=0x0000911b0000911b0000d9da0000d9da 
  xmm4=0x00006d2500006d250000b0f70000b0f7 xmm5=0x000007cd000007cd0000a2b30000a2b3 
  xmm6=0x000046b6000046b60000ad510000ad51 xmm7=0x0000553c0000553c0000326400003264 

0xb9: and rbx, 0b1111111111111
  rax=0x000000000000199c rbx=0x002a1600002a0001 rcx=0x0000000000000002 rdx=0x0000000000000000
  rsi=0x0000d2b50000d489 rdi=0x0000000000000864 flags=0b000000000110
  xmm0=0x0000957100009571000083af000083af xmm1=0x00000ef100000ef10000720e0000720e 
  xmm2=0x0000b9620000b9620000ad440000ad44 xmm3=0x0000911b0000911b0000d9da0000d9da 
  xmm4=0x00006d2500006d250000b0f70000b0f7 xmm5=0x000007cd000007cd0000a2b30000a2b3 
  xmm6=0x000046b6000046b60000ad510000ad51 xmm7=0x0000553c0000553c0000326400003264 

0xc0: cmovnle eax, [r14 +rbx]
  rax=0x000000000000199c rbx=0x0000000000000001 rcx=0x0000000000000002 rdx=0x0000000000000000
  rsi=0x0000d2b50000d489 rdi=0x0000000000000864 flags=0b000000000010
  xmm0=0x0000957100009571000083af000083af xmm1=0x00000ef100000ef10000720e0000720e 
  xmm2=0x0000b9620000b9620000ad440000ad44 xmm3=0x0000911b0000911b0000d9da0000d9da 
  xmm4=0x00006d2500006d250000b0f70000b0f7 xmm5=0x000007cd000007cd0000a2b30000a2b3 
  xmm6=0x000046b6000046b60000ad510000ad51 xmm7=0x0000553c0000553c0000326400003264 

    > load from +0x1 value 0xaf00004f
0xc5: mul edx
  rax=0x00000000af00004f rbx=0x0000000000000001 rcx=0x0000000000000002 rdx=0x0000000000000000
  rsi=0x0000d2b50000d489 rdi=0x0000000000000864 flags=0b000000000010
  xmm0=0x0000957100009571000083af000083af xmm1=0x00000ef100000ef10000720e0000720e 
  xmm2=0x0000b9620000b9620000ad440000ad44 xmm3=0x0000911b0000911b0000d9da0000d9da 
  xmm4=0x00006d2500006d250000b0f70000b0f7 xmm5=0x000007cd000007cd0000a2b30000a2b3 
  xmm6=0x000046b6000046b60000ad510000ad51 xmm7=0x0000553c0000553c0000326400003264 

0xc7: and rcx, 0b1111111111111
  rax=0x0000000000000000 rbx=0x0000000000000001 rcx=0x0000000000000002 rdx=0x0000000000000000
  rsi=0x0000d2b50000d489 rdi=0x0000000000000864 flags=0b000001000110
  xmm0=0x0000957100009571000083af000083af xmm1=0x00000ef100000ef10000720e0000720e 
  xmm2=0x0000b9620000b9620000ad440000ad44 xmm3=0x0000911b0000911b0000d9da0000d9da 
  xmm4=0x00006d2500006d250000b0f70000b0f7 xmm5=0x000007cd000007cd0000a2b30000a2b3 
  xmm6=0x000046b6000046b60000ad510000ad51 xmm7=0x0000553c0000553c0000326400003264 

0xce: sbb sil, [r14 +rcx]
  rax=0x0000000000000000 rbx=0x0000000000000001 rcx=0x0000000000000002 rdx=0x0000000000000000
  rsi=0x0000d2b50000d489 rdi=0x0000000000000864 flags=0b000000000010
  xmm0=0x0000957100009571000083af000083af xmm1=0x00000ef100000ef10000720e0000720e 
  xmm2=0x0000b9620000b9620000ad440000ad44 xmm3=0x0000911b0000911b0000d9da0000d9da 
  xmm4=0x00006d2500006d250000b0f70000b0f7 xmm5=0x000007cd000007cd0000a2b30000a2b3 
  xmm6=0x000046b6000046b60000ad510000ad51 xmm7=0x0000553c0000553c0000326400003264 

    > load from +0x2 value 0x0
0xd2: and rsi, 0b1111111111111
  rax=0x0000000000000000 rbx=0x0000000000000001 rcx=0x0000000000000002 rdx=0x0000000000000000
  rsi=0x0000d2b50000d489 rdi=0x0000000000000864 flags=0b000010000010
  xmm0=0x0000957100009571000083af000083af xmm1=0x00000ef100000ef10000720e0000720e 
  xmm2=0x0000b9620000b9620000ad440000ad44 xmm3=0x0000911b0000911b0000d9da0000d9da 
  xmm4=0x00006d2500006d250000b0f70000b0f7 xmm5=0x000007cd000007cd0000a2b30000a2b3 
  xmm6=0x000046b6000046b60000ad510000ad51 xmm7=0x0000553c0000553c0000326400003264 

0xd9: cmovz si, [r14 +rsi]
  rax=0x0000000000000000 rbx=0x0000000000000001 rcx=0x0000000000000002 rdx=0x0000000000000000
  rsi=0x0000000000001489 rdi=0x0000000000000864 flags=0b000000000010
  xmm0=0x0000957100009571000083af000083af xmm1=0x00000ef100000ef10000720e0000720e 
  xmm2=0x0000b9620000b9620000ad440000ad44 xmm3=0x0000911b0000911b0000d9da0000d9da 
  xmm4=0x00006d2500006d250000b0f70000b0f7 xmm5=0x000007cd000007cd0000a2b30000a2b3 
  xmm6=0x000046b6000046b60000ad510000ad51 xmm7=0x0000553c0000553c0000326400003264 

    > load from +0x1489 value 0xa1
0xdf: not dil
  rax=0x0000000000000000 rbx=0x0000000000000001 rcx=0x0000000000000002 rdx=0x0000000000000000
  rsi=0x0000000000001489 rdi=0x0000000000000864 flags=0b000000000010
  xmm0=0x0000957100009571000083af000083af xmm1=0x00000ef100000ef10000720e0000720e 
  xmm2=0x0000b9620000b9620000ad440000ad44 xmm3=0x0000911b0000911b0000d9da0000d9da 
  xmm4=0x00006d2500006d250000b0f70000b0f7 xmm5=0x000007cd000007cd0000a2b30000a2b3 
  xmm6=0x000046b6000046b60000ad510000ad51 xmm7=0x0000553c0000553c0000326400003264 

0xe2: add rcx, rdx
  rax=0x0000000000000000 rbx=0x0000000000000001 rcx=0x0000000000000002 rdx=0x0000000000000000
  rsi=0x0000000000001489 rdi=0x000000000000089b flags=0b000000000010
  xmm0=0x0000957100009571000083af000083af xmm1=0x00000ef100000ef10000720e0000720e 
  xmm2=0x0000b9620000b9620000ad440000ad44 xmm3=0x0000911b0000911b0000d9da0000d9da 
  xmm4=0x00006d2500006d250000b0f70000b0f7 xmm5=0x000007cd000007cd0000a2b30000a2b3 
  xmm6=0x000046b6000046b60000ad510000ad51 xmm7=0x0000553c0000553c0000326400003264 

0xe5: and rcx, 0b1111111111111
  rax=0x0000000000000000 rbx=0x0000000000000001 rcx=0x0000000000000002 rdx=0x0000000000000000
  rsi=0x0000000000001489 rdi=0x000000000000089b flags=0b000000000010
  xmm0=0x0000957100009571000083af000083af xmm1=0x00000ef100000ef10000720e0000720e 
  xmm2=0x0000b9620000b9620000ad440000ad44 xmm3=0x0000911b0000911b0000d9da0000d9da 
  xmm4=0x00006d2500006d250000b0f70000b0f7 xmm5=0x000007cd000007cd0000a2b30000a2b3 
  xmm6=0x000046b6000046b60000ad510000ad51 xmm7=0x0000553c0000553c0000326400003264 

0xec: or [r14 +rcx], 0b1000
  rax=0x0000000000000000 rbx=0x0000000000000001 rcx=0x0000000000000002 rdx=0x0000000000000000
  rsi=0x0000000000001489 rdi=0x000000000000089b flags=0b000000000010
  xmm0=0x0000957100009571000083af000083af xmm1=0x00000ef100000ef10000720e0000720e 
  xmm2=0x0000b9620000b9620000ad440000ad44 xmm3=0x0000911b0000911b0000d9da0000d9da 
  xmm4=0x00006d2500006d250000b0f70000b0f7 xmm5=0x000007cd000007cd0000a2b30000a2b3 
  xmm6=0x000046b6000046b60000ad510000ad51 xmm7=0x0000553c0000553c0000326400003264 

    > load from +0x2 value 0x0
    > store to +0x2 value 0x8
0xf1: and [r14 +rcx], 0b11111000
  rax=0x0000000000000000 rbx=0x0000000000000001 rcx=0x0000000000000002 rdx=0x0000000000000000
  rsi=0x0000000000001489 rdi=0x000000000000089b flags=0b000000000010
  xmm0=0x0000957100009571000083af000083af xmm1=0x00000ef100000ef10000720e0000720e 
  xmm2=0x0000b9620000b9620000ad440000ad44 xmm3=0x0000911b0000911b0000d9da0000d9da 
  xmm4=0x00006d2500006d250000b0f70000b0f7 xmm5=0x000007cd000007cd0000a2b30000a2b3 
  xmm6=0x000046b6000046b60000ad510000ad51 xmm7=0x0000553c0000553c0000326400003264 

    > load from +0x2 value 0x8
    > store to +0x2 value 0x8
0xf6: mov ax, 1
  rax=0x0000000000000000 rbx=0x0000000000000001 rcx=0x0000000000000002 rdx=0x0000000000000000
  rsi=0x0000000000001489 rdi=0x000000000000089b flags=0b000000000010
  xmm0=0x0000957100009571000083af000083af xmm1=0x00000ef100000ef10000720e0000720e 
  xmm2=0x0000b9620000b9620000ad440000ad44 xmm3=0x0000911b0000911b0000d9da0000d9da 
  xmm4=0x00006d2500006d250000b0f70000b0f7 xmm5=0x000007cd000007cd0000a2b30000a2b3 
  xmm6=0x000046b6000046b60000ad510000ad51 xmm7=0x0000553c0000553c0000326400003264 

0xfa: idiv [r14 +rcx]
  rax=0x0000000000000001 rbx=0x0000000000000001 rcx=0x0000000000000002 rdx=0x0000000000000000
  rsi=0x0000000000001489 rdi=0x000000000000089b flags=0b000000000010
  xmm0=0x0000957100009571000083af000083af xmm1=0x00000ef100000ef10000720e0000720e 
  xmm2=0x0000b9620000b9620000ad440000ad44 xmm3=0x0000911b0000911b0000d9da0000d9da 
  xmm4=0x00006d2500006d250000b0f70000b0f7 xmm5=0x000007cd000007cd0000a2b30000a2b3 
  xmm6=0x000046b6000046b60000ad510000ad51 xmm7=0x0000553c0000553c0000326400003264 

    > load from +0x2 value 0x8
0xfe: lea edx, rbx
  rax=0x0000000000000100 rbx=0x0000000000000001 rcx=0x0000000000000002 rdx=0x0000000000000000
  rsi=0x0000000000001489 rdi=0x000000000000089b flags=0b000000000010
  xmm0=0x0000957100009571000083af000083af xmm1=0x00000ef100000ef10000720e0000720e 
  xmm2=0x0000b9620000b9620000ad440000ad44 xmm3=0x0000911b0000911b0000d9da0000d9da 
  xmm4=0x00006d2500006d250000b0f70000b0f7 xmm5=0x000007cd000007cd0000a2b30000a2b3 
  xmm6=0x000046b6000046b60000ad510000ad51 xmm7=0x0000553c0000553c0000326400003264 

0x100: cmp rdi, -127
  rax=0x0000000000000100 rbx=0x0000000000000001 rcx=0x0000000000000002 rdx=0x0000000000000001
  rsi=0x0000000000001489 rdi=0x000000000000089b flags=0b000000000010
  xmm0=0x0000957100009571000083af000083af xmm1=0x00000ef100000ef10000720e0000720e 
  xmm2=0x0000b9620000b9620000ad440000ad44 xmm3=0x0000911b0000911b0000d9da0000d9da 
  xmm4=0x00006d2500006d250000b0f70000b0f7 xmm5=0x000007cd000007cd0000a2b30000a2b3 
  xmm6=0x000046b6000046b60000ad510000ad51 xmm7=0x0000553c0000553c0000326400003264 

0x104: and rcx, 0b1111111111111
  rax=0x0000000000000100 rbx=0x0000000000000001 rcx=0x0000000000000002 rdx=0x0000000000000001
  rsi=0x0000000000001489 rdi=0x000000000000089b flags=0b000000000011
  xmm0=0x0000957100009571000083af000083af xmm1=0x00000ef100000ef10000720e0000720e 
  xmm2=0x0000b9620000b9620000ad440000ad44 xmm3=0x0000911b0000911b0000d9da0000d9da 
  xmm4=0x00006d2500006d250000b0f70000b0f7 xmm5=0x000007cd000007cd0000a2b30000a2b3 
  xmm6=0x000046b6000046b60000ad510000ad51 xmm7=0x0000553c0000553c0000326400003264 

0x10b: movzx eax, [r14 +rcx]
  rax=0x0000000000000100 rbx=0x0000000000000001 rcx=0x0000000000000002 rdx=0x0000000000000001
  rsi=0x0000000000001489 rdi=0x000000000000089b flags=0b000000000010
  xmm0=0x0000957100009571000083af000083af xmm1=0x00000ef100000ef10000720e0000720e 
  xmm2=0x0000b9620000b9620000ad440000ad44 xmm3=0x0000911b0000911b0000d9da0000d9da 
  xmm4=0x00006d2500006d250000b0f70000b0f7 xmm5=0x000007cd000007cd0000a2b30000a2b3 
  xmm6=0x000046b6000046b60000ad510000ad51 xmm7=0x0000553c0000553c0000326400003264 

    > load from +0x2 value 0x8
0x110: and rdx, 0b1111111111111
  rax=0x0000000000000008 rbx=0x0000000000000001 rcx=0x0000000000000002 rdx=0x0000000000000001
  rsi=0x0000000000001489 rdi=0x000000000000089b flags=0b000000000010
  xmm0=0x0000957100009571000083af000083af xmm1=0x00000ef100000ef10000720e0000720e 
  xmm2=0x0000b9620000b9620000ad440000ad44 xmm3=0x0000911b0000911b0000d9da0000d9da 
  xmm4=0x00006d2500006d250000b0f70000b0f7 xmm5=0x000007cd000007cd0000a2b30000a2b3 
  xmm6=0x000046b6000046b60000ad510000ad51 xmm7=0x0000553c0000553c0000326400003264 

0x117: cmp cl, [r14 +rdx]
  rax=0x0000000000000008 rbx=0x0000000000000001 rcx=0x0000000000000002 rdx=0x0000000000000001
  rsi=0x0000000000001489 rdi=0x000000000000089b flags=0b000000000010
  xmm0=0x0000957100009571000083af000083af xmm1=0x00000ef100000ef10000720e0000720e 
  xmm2=0x0000b9620000b9620000ad440000ad44 xmm3=0x0000911b0000911b0000d9da0000d9da 
  xmm4=0x00006d2500006d250000b0f70000b0f7 xmm5=0x000007cd000007cd0000a2b30000a2b3 
  xmm6=0x000046b6000046b60000ad510000ad51 xmm7=0x0000553c0000553c0000326400003264 

    > load from +0x1 value 0x4f
0x11b: and rbx, 0b1111111111111
  rax=0x0000000000000008 rbx=0x0000000000000001 rcx=0x0000000000000002 rdx=0x0000000000000001
  rsi=0x0000000000001489 rdi=0x000000000000089b flags=0b000010010011
  xmm0=0x0000957100009571000083af000083af xmm1=0x00000ef100000ef10000720e0000720e 
  xmm2=0x0000b9620000b9620000ad440000ad44 xmm3=0x0000911b0000911b0000d9da0000d9da 
  xmm4=0x00006d2500006d250000b0f70000b0f7 xmm5=0x000007cd000007cd0000a2b30000a2b3 
  xmm6=0x000046b6000046b60000ad510000ad51 xmm7=0x0000553c0000553c0000326400003264 

0x122: nop [r14 +rbx]
  rax=0x0000000000000008 rbx=0x0000000000000001 rcx=0x0000000000000002 rdx=0x0000000000000001
  rsi=0x0000000000001489 rdi=0x000000000000089b flags=0b000000000010
  xmm0=0x0000957100009571000083af000083af xmm1=0x00000ef100000ef10000720e0000720e 
  xmm2=0x0000b9620000b9620000ad440000ad44 xmm3=0x0000911b0000911b0000d9da0000d9da 
  xmm4=0x00006d2500006d250000b0f70000b0f7 xmm5=0x000007cd000007cd0000a2b30000a2b3 
  xmm6=0x000046b6000046b60000ad510000ad51 xmm7=0x0000553c0000553c0000326400003264 

0x128: and rbx, 0b1111111111111
  rax=0x0000000000000008 rbx=0x0000000000000001 rcx=0x0000000000000002 rdx=0x0000000000000001
  rsi=0x0000000000001489 rdi=0x000000000000089b flags=0b000000000010
  xmm0=0x0000957100009571000083af000083af xmm1=0x00000ef100000ef10000720e0000720e 
  xmm2=0x0000b9620000b9620000ad440000ad44 xmm3=0x0000911b0000911b0000d9da0000d9da 
  xmm4=0x00006d2500006d250000b0f70000b0f7 xmm5=0x000007cd000007cd0000a2b30000a2b3 
  xmm6=0x000046b6000046b60000ad510000ad51 xmm7=0x0000553c0000553c0000326400003264 

0x12f: cmovnbe cx, [r14 +rbx]
  rax=0x0000000000000008 rbx=0x0000000000000001 rcx=0x0000000000000002 rdx=0x0000000000000001
  rsi=0x0000000000001489 rdi=0x000000000000089b flags=0b000000000010
  xmm0=0x0000957100009571000083af000083af xmm1=0x00000ef100000ef10000720e0000720e 
  xmm2=0x0000b9620000b9620000ad440000ad44 xmm3=0x0000911b0000911b0000d9da0000d9da 
  xmm4=0x00006d2500006d250000b0f70000b0f7 xmm5=0x000007cd000007cd0000a2b30000a2b3 
  xmm6=0x000046b6000046b60000ad510000ad51 xmm7=0x0000553c0000553c0000326400003264 

    > load from +0x1 value 0x84f
0x135: and rcx, 0b1111111111111
  rax=0x0000000000000008 rbx=0x0000000000000001 rcx=0x000000000000084f rdx=0x0000000000000001
  rsi=0x0000000000001489 rdi=0x000000000000089b flags=0b000000000010
  xmm0=0x0000957100009571000083af000083af xmm1=0x00000ef100000ef10000720e0000720e 
  xmm2=0x0000b9620000b9620000ad440000ad44 xmm3=0x0000911b0000911b0000d9da0000d9da 
  xmm4=0x00006d2500006d250000b0f70000b0f7 xmm5=0x000007cd000007cd0000a2b30000a2b3 
  xmm6=0x000046b6000046b60000ad510000ad51 xmm7=0x0000553c0000553c0000326400003264 

0x13c: cmovnl rcx, [r14 +rcx]
  rax=0x0000000000000008 rbx=0x0000000000000001 rcx=0x000000000000084f rdx=0x0000000000000001
  rsi=0x0000000000001489 rdi=0x000000000000089b flags=0b000000000010
  xmm0=0x0000957100009571000083af000083af xmm1=0x00000ef100000ef10000720e0000720e 
  xmm2=0x0000b9620000b9620000ad440000ad44 xmm3=0x0000911b0000911b0000d9da0000d9da 
  xmm4=0x00006d2500006d250000b0f70000b0f7 xmm5=0x000007cd000007cd0000a2b30000a2b3 
  xmm6=0x000046b6000046b60000ad510000ad51 xmm7=0x0000553c0000553c0000326400003264 

    > load from +0x84f value 0x23000000230000
0x141: and rbx, 0b1111111111111
  rax=0x0000000000000008 rbx=0x0000000000000001 rcx=0x0023000000230000 rdx=0x0000000000000001
  rsi=0x0000000000001489 rdi=0x000000000000089b flags=0b000000000010
  xmm0=0x0000957100009571000083af000083af xmm1=0x00000ef100000ef10000720e0000720e 
  xmm2=0x0000b9620000b9620000ad440000ad44 xmm3=0x0000911b0000911b0000d9da0000d9da 
  xmm4=0x00006d2500006d250000b0f70000b0f7 xmm5=0x000007cd000007cd0000a2b30000a2b3 
  xmm6=0x000046b6000046b60000ad510000ad51 xmm7=0x0000553c0000553c0000326400003264 

0x148: movsx esi, [r14 +rbx]
  rax=0x0000000000000008 rbx=0x0000000000000001 rcx=0x0023000000230000 rdx=0x0000000000000001
  rsi=0x0000000000001489 rdi=0x000000000000089b flags=0b000000000010
  xmm0=0x0000957100009571000083af000083af xmm1=0x00000ef100000ef10000720e0000720e 
  xmm2=0x0000b9620000b9620000ad440000ad44 xmm3=0x0000911b0000911b0000d9da0000d9da 
  xmm4=0x00006d2500006d250000b0f70000b0f7 xmm5=0x000007cd000007cd0000a2b30000a2b3 
  xmm6=0x000046b6000046b60000ad510000ad51 xmm7=0x0000553c0000553c0000326400003264 

    > load from +0x1 value 0x84f
0x14d: and rax, 0b1111111111111
  rax=0x0000000000000008 rbx=0x0000000000000001 rcx=0x0023000000230000 rdx=0x0000000000000001
  rsi=0x000000000000084f rdi=0x000000000000089b flags=0b000000000010
  xmm0=0x0000957100009571000083af000083af xmm1=0x00000ef100000ef10000720e0000720e 
  xmm2=0x0000b9620000b9620000ad440000ad44 xmm3=0x0000911b0000911b0000d9da0000d9da 
  xmm4=0x00006d2500006d250000b0f70000b0f7 xmm5=0x000007cd000007cd0000a2b30000a2b3 
  xmm6=0x000046b6000046b60000ad510000ad51 xmm7=0x0000553c0000553c0000326400003264 

0x153: cmovno rdi, [r14 +rax]
  rax=0x0000000000000008 rbx=0x0000000000000001 rcx=0x0023000000230000 rdx=0x0000000000000001
  rsi=0x000000000000084f rdi=0x000000000000089b flags=0b000000000010
  xmm0=0x0000957100009571000083af000083af xmm1=0x00000ef100000ef10000720e0000720e 
  xmm2=0x0000b9620000b9620000ad440000ad44 xmm3=0x0000911b0000911b0000d9da0000d9da 
  xmm4=0x00006d2500006d250000b0f70000b0f7 xmm5=0x000007cd000007cd0000a2b30000a2b3 
  xmm6=0x000046b6000046b60000ad510000ad51 xmm7=0x0000553c0000553c0000326400003264 

    > load from +0x8 value 0x141400001414
0x158: setnle cl
  rax=0x0000000000000008 rbx=0x0000000000000001 rcx=0x0023000000230000 rdx=0x0000000000000001
  rsi=0x000000000000084f rdi=0x0000141400001414 flags=0b000000000010
  xmm0=0x0000957100009571000083af000083af xmm1=0x00000ef100000ef10000720e0000720e 
  xmm2=0x0000b9620000b9620000ad440000ad44 xmm3=0x0000911b0000911b0000d9da0000d9da 
  xmm4=0x00006d2500006d250000b0f70000b0f7 xmm5=0x000007cd000007cd0000a2b30000a2b3 
  xmm6=0x000046b6000046b60000ad510000ad51 xmm7=0x0000553c0000553c0000326400003264 

0x15b: bts ecx, eax
  rax=0x0000000000000008 rbx=0x0000000000000001 rcx=0x0023000000230001 rdx=0x0000000000000001
  rsi=0x000000000000084f rdi=0x0000141400001414 flags=0b000000000010
  xmm0=0x0000957100009571000083af000083af xmm1=0x00000ef100000ef10000720e0000720e 
  xmm2=0x0000b9620000b9620000ad440000ad44 xmm3=0x0000911b0000911b0000d9da0000d9da 
  xmm4=0x00006d2500006d250000b0f70000b0f7 xmm5=0x000007cd000007cd0000a2b30000a2b3 
  xmm6=0x000046b6000046b60000ad510000ad51 xmm7=0x0000553c0000553c0000326400003264 

0x15e: test ecx, -16385070
  rax=0x0000000000000008 rbx=0x0000000000000001 rcx=0x0000000000230101 rdx=0x0000000000000001
  rsi=0x000000000000084f rdi=0x0000141400001414 flags=0b000000000010
  xmm0=0x0000957100009571000083af000083af xmm1=0x00000ef100000ef10000720e0000720e 
  xmm2=0x0000b9620000b9620000ad440000ad44 xmm3=0x0000911b0000911b0000d9da0000d9da 
  xmm4=0x00006d2500006d250000b0f70000b0f7 xmm5=0x000007cd000007cd0000a2b30000a2b3 
  xmm6=0x000046b6000046b60000ad510000ad51 xmm7=0x0000553c0000553c0000326400003264 

0x164: and rbx, 0b1111111111111
  rax=0x0000000000000008 rbx=0x0000000000000001 rcx=0x0000000000230101 rdx=0x0000000000000001
  rsi=0x000000000000084f rdi=0x0000141400001414 flags=0b000000000110
  xmm0=0x0000957100009571000083af000083af xmm1=0x00000ef100000ef10000720e0000720e 
  xmm2=0x0000b9620000b9620000ad440000ad44 xmm3=0x0000911b0000911b0000d9da0000d9da 
  xmm4=0x00006d2500006d250000b0f70000b0f7 xmm5=0x000007cd000007cd0000a2b30000a2b3 
  xmm6=0x000046b6000046b60000ad510000ad51 xmm7=0x0000553c0000553c0000326400003264 

0x16b: movsx rax, [r14 +rbx]
  rax=0x0000000000000008 rbx=0x0000000000000001 rcx=0x0000000000230101 rdx=0x0000000000000001
  rsi=0x000000000000084f rdi=0x0000141400001414 flags=0b000000000010
  xmm0=0x0000957100009571000083af000083af xmm1=0x00000ef100000ef10000720e0000720e 
  xmm2=0x0000b9620000b9620000ad440000ad44 xmm3=0x0000911b0000911b0000d9da0000d9da 
  xmm4=0x00006d2500006d250000b0f70000b0f7 xmm5=0x000007cd000007cd0000a2b30000a2b3 
  xmm6=0x000046b6000046b60000ad510000ad51 xmm7=0x0000553c0000553c0000326400003264 

    > load from +0x1 value 0x4f
0x170: or rax, -398243840
  rax=0x000000000000004f rbx=0x0000000000000001 rcx=0x0000000000230101 rdx=0x0000000000000001
  rsi=0x000000000000084f rdi=0x0000141400001414 flags=0b000000000010
  xmm0=0x0000957100009571000083af000083af xmm1=0x00000ef100000ef10000720e0000720e 
  xmm2=0x0000b9620000b9620000ad440000ad44 xmm3=0x0000911b0000911b0000d9da0000d9da 
  xmm4=0x00006d2500006d250000b0f70000b0f7 xmm5=0x000007cd000007cd0000a2b30000a2b3 
  xmm6=0x000046b6000046b60000ad510000ad51 xmm7=0x0000553c0000553c0000326400003264 

0x176: not cx
  rax=0xffffffffe843484f rbx=0x0000000000000001 rcx=0x0000000000230101 rdx=0x0000000000000001
  rsi=0x000000000000084f rdi=0x0000141400001414 flags=0b000010000010
  xmm0=0x0000957100009571000083af000083af xmm1=0x00000ef100000ef10000720e0000720e 
  xmm2=0x0000b9620000b9620000ad440000ad44 xmm3=0x0000911b0000911b0000d9da0000d9da 
  xmm4=0x00006d2500006d250000b0f70000b0f7 xmm5=0x000007cd000007cd0000a2b30000a2b3 
  xmm6=0x000046b6000046b60000ad510000ad51 xmm7=0x0000553c0000553c0000326400003264 

0x179: and rdx, 0b1111111111111
  rax=0xffffffffe843484f rbx=0x0000000000000001 rcx=0x000000000023fefe rdx=0x0000000000000001
  rsi=0x000000000000084f rdi=0x0000141400001414 flags=0b000010000010
  xmm0=0x0000957100009571000083af000083af xmm1=0x00000ef100000ef10000720e0000720e 
  xmm2=0x0000b9620000b9620000ad440000ad44 xmm3=0x0000911b0000911b0000d9da0000d9da 
  xmm4=0x00006d2500006d250000b0f70000b0f7 xmm5=0x000007cd000007cd0000a2b30000a2b3 
  xmm6=0x000046b6000046b60000ad510000ad51 xmm7=0x0000553c0000553c0000326400003264 

0x180: imul di, [r14 +rdx], 51
  rax=0xffffffffe843484f rbx=0x0000000000000001 rcx=0x000000000023fefe rdx=0x0000000000000001
  rsi=0x000000000000084f rdi=0x0000141400001414 flags=0b000000000010
  xmm0=0x0000957100009571000083af000083af xmm1=0x00000ef100000ef10000720e0000720e 
  xmm2=0x0000b9620000b9620000ad440000ad44 xmm3=0x0000911b0000911b0000d9da0000d9da 
  xmm4=0x00006d2500006d250000b0f70000b0f7 xmm5=0x000007cd000007cd0000a2b30000a2b3 
  xmm6=0x000046b6000046b60000ad510000ad51 xmm7=0x0000553c0000553c0000326400003264 

    > load from +0x1 value 0x84f
0x186: add dil, 72
  rax=0xffffffffe843484f rbx=0x0000000000000001 rcx=0x000000000023fefe rdx=0x0000000000000001
  rsi=0x000000000000084f rdi=0x000014140000a7bd flags=0b100010000111
  xmm0=0x0000957100009571000083af000083af xmm1=0x00000ef100000ef10000720e0000720e 
  xmm2=0x0000b9620000b9620000ad440000ad44 xmm3=0x0000911b0000911b0000d9da0000d9da 
  xmm4=0x00006d2500006d250000b0f70000b0f7 xmm5=0x000007cd000007cd0000a2b30000a2b3 
  xmm6=0x000046b6000046b60000ad510000ad51 xmm7=0x0000553c0000553c0000326400003264 

0x18a: and rsi, 0b1111111111111
  rax=0xffffffffe843484f rbx=0x0000000000000001 rcx=0x000000000023fefe rdx=0x0000000000000001
  rsi=0x000000000000084f rdi=0x000014140000a705 flags=0b000000010111
  xmm0=0x0000957100009571000083af000083af xmm1=0x00000ef100000ef10000720e0000720e 
  xmm2=0x0000b9620000b9620000ad440000ad44 xmm3=0x0000911b0000911b0000d9da0000d9da 
  xmm4=0x00006d2500006d250000b0f70000b0f7 xmm5=0x000007cd000007cd0000a2b30000a2b3 
  xmm6=0x000046b6000046b60000ad510000ad51 xmm7=0x0000553c0000553c0000326400003264 

0x191: mov rax, [r14 +rsi]
  rax=0xffffffffe843484f rbx=0x0000000000000001 rcx=0x000000000023fefe rdx=0x0000000000000001
  rsi=0x000000000000084f rdi=0x000014140000a705 flags=0b000000000010
  xmm0=0x0000957100009571000083af000083af xmm1=0x00000ef100000ef10000720e0000720e 
  xmm2=0x0000b9620000b9620000ad440000ad44 xmm3=0x0000911b0000911b0000d9da0000d9da 
  xmm4=0x00006d2500006d250000b0f70000b0f7 xmm5=0x000007cd000007cd0000a2b30000a2b3 
  xmm6=0x000046b6000046b60000ad510000ad51 xmm7=0x0000553c0000553c0000326400003264 

    > load from +0x84f value 0x23000000230000
0x195: and rsi, 0b1111111111111
  rax=0x0023000000230000 rbx=0x0000000000000001 rcx=0x000000000023fefe rdx=0x0000000000000001
  rsi=0x000000000000084f rdi=0x000014140000a705 flags=0b000000000010
  xmm0=0x0000957100009571000083af000083af xmm1=0x00000ef100000ef10000720e0000720e 
  xmm2=0x0000b9620000b9620000ad440000ad44 xmm3=0x0000911b0000911b0000d9da0000d9da 
  xmm4=0x00006d2500006d250000b0f70000b0f7 xmm5=0x000007cd000007cd0000a2b30000a2b3 
  xmm6=0x000046b6000046b60000ad510000ad51 xmm7=0x0000553c0000553c0000326400003264 

0x19c: cmovz cx, [r14 +rsi]
  rax=0x0023000000230000 rbx=0x0000000000000001 rcx=0x000000000023fefe rdx=0x0000000000000001
  rsi=0x000000000000084f rdi=0x000014140000a705 flags=0b000000000010
  xmm0=0x0000957100009571000083af000083af xmm1=0x00000ef100000ef10000720e0000720e 
  xmm2=0x0000b9620000b9620000ad440000ad44 xmm3=0x0000911b0000911b0000d9da0000d9da 
  xmm4=0x00006d2500006d250000b0f70000b0f7 xmm5=0x000007cd000007cd0000a2b30000a2b3 
  xmm6=0x000046b6000046b60000ad510000ad51 xmm7=0x0000553c0000553c0000326400003264 

    > load from +0x84f value 0x0
0x1a2: setnb dil
  rax=0x0023000000230000 rbx=0x0000000000000001 rcx=0x000000000023fefe rdx=0x0000000000000001
  rsi=0x000000000000084f rdi=0x000014140000a705 flags=0b000000000010
  xmm0=0x0000957100009571000083af000083af xmm1=0x00000ef100000ef10000720e0000720e 
  xmm2=0x0000b9620000b9620000ad440000ad44 xmm3=0x0000911b0000911b0000d9da0000d9da 
  xmm4=0x00006d2500006d250000b0f70000b0f7 xmm5=0x000007cd000007cd0000a2b30000a2b3 
  xmm6=0x000046b6000046b60000ad510000ad51 xmm7=0x0000553c0000553c0000326400003264 

0x1a6: sub dx, -114
  rax=0x0023000000230000 rbx=0x0000000000000001 rcx=0x000000000023fefe rdx=0x0000000000000001
  rsi=0x000000000000084f rdi=0x000014140000a701 flags=0b000000000010
  xmm0=0x0000957100009571000083af000083af xmm1=0x00000ef100000ef10000720e0000720e 
  xmm2=0x0000b9620000b9620000ad440000ad44 xmm3=0x0000911b0000911b0000d9da0000d9da 
  xmm4=0x00006d2500006d250000b0f70000b0f7 xmm5=0x000007cd000007cd0000a2b30000a2b3 
  xmm6=0x000046b6000046b60000ad510000ad51 xmm7=0x0000553c0000553c0000326400003264 

0x1aa: and rax, 0b1111111111111
  rax=0x0023000000230000 rbx=0x0000000000000001 rcx=0x000000000023fefe rdx=0x0000000000000073
  rsi=0x000000000000084f rdi=0x000014140000a701 flags=0b000000010011
  xmm0=0x0000957100009571000083af000083af xmm1=0x00000ef100000ef10000720e0000720e 
  xmm2=0x0000b9620000b9620000ad440000ad44 xmm3=0x0000911b0000911b0000d9da0000d9da 
  xmm4=0x00006d2500006d250000b0f70000b0f7 xmm5=0x000007cd000007cd0000a2b30000a2b3 
  xmm6=0x000046b6000046b60000ad510000ad51 xmm7=0x0000553c0000553c0000326400003264 

0x1b0: or sil, [r14 +rax]
  rax=0x0000000000000000 rbx=0x0000000000000001 rcx=0x000000000023fefe rdx=0x0000000000000073
  rsi=0x000000000000084f rdi=0x000014140000a701 flags=0b000001000110
  xmm0=0x0000957100009571000083af000083af xmm1=0x00000ef100000ef10000720e0000720e 
  xmm2=0x0000b9620000b9620000ad440000ad44 xmm3=0x0000911b0000911b0000d9da0000d9da 
  xmm4=0x00006d2500006d250000b0f70000b0f7 xmm5=0x000007cd000007cd0000a2b30000a2b3 
  xmm6=0x000046b6000046b60000ad510000ad51 xmm7=0x0000553c0000553c0000326400003264 

    > load from +0x0 value 0xaf
0x1b4: and rsi, 0b1111111111111
  rax=0x0000000000000000 rbx=0x0000000000000001 rcx=0x000000000023fefe rdx=0x0000000000000073
  rsi=0x00000000000008ef rdi=0x000014140000a701 flags=0b000010000010
  xmm0=0x0000957100009571000083af000083af xmm1=0x00000ef100000ef10000720e0000720e 
  xmm2=0x0000b9620000b9620000ad440000ad44 xmm3=0x0000911b0000911b0000d9da0000d9da 
  xmm4=0x00006d2500006d250000b0f70000b0f7 xmm5=0x000007cd000007cd0000a2b30000a2b3 
  xmm6=0x000046b6000046b60000ad510000ad51 xmm7=0x0000553c0000553c0000326400003264 

0x1bb: or bl, [r14 +rsi]
  rax=0x0000000000000000 rbx=0x0000000000000001 rcx=0x000000000023fefe rdx=0x0000000000000073
  rsi=0x00000000000008ef rdi=0x000014140000a701 flags=0b000000000010
  xmm0=0x0000957100009571000083af000083af xmm1=0x00000ef100000ef10000720e0000720e 
  xmm2=0x0000b9620000b9620000ad440000ad44 xmm3=0x0000911b0000911b0000d9da0000d9da 
  xmm4=0x00006d2500006d250000b0f70000b0f7 xmm5=0x000007cd000007cd0000a2b30000a2b3 
  xmm6=0x000046b6000046b60000ad510000ad51 xmm7=0x0000553c0000553c0000326400003264 

    > load from +0x8ef value 0x0
0x1bf: nop bx
  rax=0x0000000000000000 rbx=0x0000000000000001 rcx=0x000000000023fefe rdx=0x0000000000000073
  rsi=0x00000000000008ef rdi=0x000014140000a701 flags=0b000000000010
  xmm0=0x0000957100009571000083af000083af xmm1=0x00000ef100000ef10000720e0000720e 
  xmm2=0x0000b9620000b9620000ad440000ad44 xmm3=0x0000911b0000911b0000d9da0000d9da 
  xmm4=0x00006d2500006d250000b0f70000b0f7 xmm5=0x000007cd000007cd0000a2b30000a2b3 
  xmm6=0x000046b6000046b60000ad510000ad51 xmm7=0x0000553c0000553c0000326400003264 

0x1c3: movsx bx, dil
  rax=0x0000000000000000 rbx=0x0000000000000001 rcx=0x000000000023fefe rdx=0x0000000000000073
  rsi=0x00000000000008ef rdi=0x000014140000a701 flags=0b000000000010
  xmm0=0x0000957100009571000083af000083af xmm1=0x00000ef100000ef10000720e0000720e 
  xmm2=0x0000b9620000b9620000ad440000ad44 xmm3=0x0000911b0000911b0000d9da0000d9da 
  xmm4=0x00006d2500006d250000b0f70000b0f7 xmm5=0x000007cd000007cd0000a2b30000a2b3 
  xmm6=0x000046b6000046b60000ad510000ad51 xmm7=0x0000553c0000553c0000326400003264 

0x1c8: and rdx, 0b1111111111111
  rax=0x0000000000000000 rbx=0x0000000000000001 rcx=0x000000000023fefe rdx=0x0000000000000073
  rsi=0x00000000000008ef rdi=0x000014140000a701 flags=0b000000000010
  xmm0=0x0000957100009571000083af000083af xmm1=0x00000ef100000ef10000720e0000720e 
  xmm2=0x0000b9620000b9620000ad440000ad44 xmm3=0x0000911b0000911b0000d9da0000d9da 
  xmm4=0x00006d2500006d250000b0f70000b0f7 xmm5=0x000007cd000007cd0000a2b30000a2b3 
  xmm6=0x000046b6000046b60000ad510000ad51 xmm7=0x0000553c0000553c0000326400003264 

0x1cf: or [r14 +rdx], 0b1000000000000000000000000000000
  rax=0x0000000000000000 rbx=0x0000000000000001 rcx=0x000000000023fefe rdx=0x0000000000000073
  rsi=0x00000000000008ef rdi=0x000014140000a701 flags=0b000000000010
  xmm0=0x0000957100009571000083af000083af xmm1=0x00000ef100000ef10000720e0000720e 
  xmm2=0x0000b9620000b9620000ad440000ad44 xmm3=0x0000911b0000911b0000d9da0000d9da 
  xmm4=0x00006d2500006d250000b0f70000b0f7 xmm5=0x000007cd000007cd0000a2b30000a2b3 
  xmm6=0x000046b6000046b60000ad510000ad51 xmm7=0x0000553c0000553c0000326400003264 

    > load from +0x73 value 0xc8010000dce200
    > store to +0x73 value 0xc8010040dce200
0x1d7: bsf rax, [r14 +rdx]
  rax=0x0000000000000000 rbx=0x0000000000000001 rcx=0x000000000023fefe rdx=0x0000000000000073
  rsi=0x00000000000008ef rdi=0x000014140000a701 flags=0b000000000110
  xmm0=0x0000957100009571000083af000083af xmm1=0x00000ef100000ef10000720e0000720e 
  xmm2=0x0000b9620000b9620000ad440000ad44 xmm3=0x0000911b0000911b0000d9da0000d9da 
  xmm4=0x00006d2500006d250000b0f70000b0f7 xmm5=0x000007cd000007cd0000a2b30000a2b3 
  xmm6=0x000046b6000046b60000ad510000ad51 xmm7=0x0000553c0000553c0000326400003264 

    > load from +0x73 value 0xc8010040dce200
0x1dc: and rdi, 0b1111111111111
  rax=0x0000000000000009 rbx=0x0000000000000001 rcx=0x000000000023fefe rdx=0x0000000000000073
  rsi=0x00000000000008ef rdi=0x000014140000a701 flags=0b000000000110
  xmm0=0x0000957100009571000083af000083af xmm1=0x00000ef100000ef10000720e0000720e 
  xmm2=0x0000b9620000b9620000ad440000ad44 xmm3=0x0000911b0000911b0000d9da0000d9da 
  xmm4=0x00006d2500006d250000b0f70000b0f7 xmm5=0x000007cd000007cd0000a2b30000a2b3 
  xmm6=0x000046b6000046b60000ad510000ad51 xmm7=0x0000553c0000553c0000326400003264 

0x1e3: mul [r14 +rdi]
  rax=0x0000000000000009 rbx=0x0000000000000001 rcx=0x000000000023fefe rdx=0x0000000000000073
  rsi=0x00000000000008ef rdi=0x0000000000000701 flags=0b000000000010
  xmm0=0x0000957100009571000083af000083af xmm1=0x00000ef100000ef10000720e0000720e 
  xmm2=0x0000b9620000b9620000ad440000ad44 xmm3=0x0000911b0000911b0000d9da0000d9da 
  xmm4=0x00006d2500006d250000b0f70000b0f7 xmm5=0x000007cd000007cd0000a2b30000a2b3 
  xmm6=0x000046b6000046b60000ad510000ad51 xmm7=0x0000553c0000553c0000326400003264 

    > load from +0x701 value 0xb70000dc
0x1e7: and rax, 0b1111111111111
  rax=0x000000006f0007bc rbx=0x0000000000000001 rcx=0x000000000023fefe rdx=0x0000000000000006
  rsi=0x00000000000008ef rdi=0x0000000000000701 flags=0b100000000011
  xmm0=0x0000957100009571000083af000083af xmm1=0x00000ef100000ef10000720e0000720e 
  xmm2=0x0000b9620000b9620000ad440000ad44 xmm3=0x0000911b0000911b0000d9da0000d9da 
  xmm4=0x00006d2500006d250000b0f70000b0f7 xmm5=0x000007cd000007cd0000a2b30000a2b3 
  xmm6=0x000046b6000046b60000ad510000ad51 xmm7=0x0000553c0000553c0000326400003264 

0x1ed: or bl, [r14 +rax]
  rax=0x00000000000007bc rbx=0x0000000000000001 rcx=0x000000000023fefe rdx=0x0000000000000006
  rsi=0x00000000000008ef rdi=0x0000000000000701 flags=0b000000000010
  xmm0=0x0000957100009571000083af000083af xmm1=0x00000ef100000ef10000720e0000720e 
  xmm2=0x0000b9620000b9620000ad440000ad44 xmm3=0x0000911b0000911b0000d9da0000d9da 
  xmm4=0x00006d2500006d250000b0f70000b0f7 xmm5=0x000007cd000007cd0000a2b30000a2b3 
  xmm6=0x000046b6000046b60000ad510000ad51 xmm7=0x0000553c0000553c0000326400003264 

    > load from +0x7bc value 0xeb
0x1f1: bt edi, 63
  rax=0x00000000000007bc rbx=0x00000000000000eb rcx=0x000000000023fefe rdx=0x0000000000000006
  rsi=0x00000000000008ef rdi=0x0000000000000701 flags=0b000010000110
  xmm0=0x0000957100009571000083af000083af xmm1=0x00000ef100000ef10000720e0000720e 
  xmm2=0x0000b9620000b9620000ad440000ad44 xmm3=0x0000911b0000911b0000d9da0000d9da 
  xmm4=0x00006d2500006d250000b0f70000b0f7 xmm5=0x000007cd000007cd0000a2b30000a2b3 
  xmm6=0x000046b6000046b60000ad510000ad51 xmm7=0x0000553c0000553c0000326400003264 

0x1f5: and rdi, 0b1111111111111
  rax=0x00000000000007bc rbx=0x00000000000000eb rcx=0x000000000023fefe rdx=0x0000000000000006
  rsi=0x00000000000008ef rdi=0x0000000000000701 flags=0b100010000110
  xmm0=0x0000957100009571000083af000083af xmm1=0x00000ef100000ef10000720e0000720e 
  xmm2=0x0000b9620000b9620000ad440000ad44 xmm3=0x0000911b0000911b0000d9da0000d9da 
  xmm4=0x00006d2500006d250000b0f70000b0f7 xmm5=0x000007cd000007cd0000a2b30000a2b3 
  xmm6=0x000046b6000046b60000ad510000ad51 xmm7=0x0000553c0000553c0000326400003264 

0x1fc: or edi, [r14 +rdi]
  rax=0x00000000000007bc rbx=0x00000000000000eb rcx=0x000000000023fefe rdx=0x0000000000000006
  rsi=0x00000000000008ef rdi=0x0000000000000701 flags=0b000000000010
  xmm0=0x0000957100009571000083af000083af xmm1=0x00000ef100000ef10000720e0000720e 
  xmm2=0x0000b9620000b9620000ad440000ad44 xmm3=0x0000911b0000911b0000d9da0000d9da 
  xmm4=0x00006d2500006d250000b0f70000b0f7 xmm5=0x000007cd000007cd0000a2b30000a2b3 
  xmm6=0x000046b6000046b60000ad510000ad51 xmm7=0x0000553c0000553c0000326400003264 

    > load from +0x701 value 0xb70000dc
0x200: setbe bl
  rax=0x00000000000007bc rbx=0x00000000000000eb rcx=0x000000000023fefe rdx=0x0000000000000006
  rsi=0x00000000000008ef rdi=0x00000000b70007dd flags=0b000010000110
  xmm0=0x0000957100009571000083af000083af xmm1=0x00000ef100000ef10000720e0000720e 
  xmm2=0x0000b9620000b9620000ad440000ad44 xmm3=0x0000911b0000911b0000d9da0000d9da 
  xmm4=0x00006d2500006d250000b0f70000b0f7 xmm5=0x000007cd000007cd0000a2b30000a2b3 
  xmm6=0x000046b6000046b60000ad510000ad51 xmm7=0x0000553c0000553c0000326400003264 

0x203: and rsi, 0b1111111111111
  rax=0x00000000000007bc rbx=0x0000000000000000 rcx=0x000000000023fefe rdx=0x0000000000000006
  rsi=0x00000000000008ef rdi=0x00000000b70007dd flags=0b000010000110
  xmm0=0x0000957100009571000083af000083af xmm1=0x00000ef100000ef10000720e0000720e 
  xmm2=0x0000b9620000b9620000ad440000ad44 xmm3=0x0000911b0000911b0000d9da0000d9da 
  xmm4=0x00006d2500006d250000b0f70000b0f7 xmm5=0x000007cd000007cd0000a2b30000a2b3 
  xmm6=0x000046b6000046b60000ad510000ad51 xmm7=0x0000553c0000553c0000326400003264 

0x20a: mul [r14 +rsi]
  rax=0x00000000000007bc rbx=0x0000000000000000 rcx=0x000000000023fefe rdx=0x0000000000000006
  rsi=0x00000000000008ef rdi=0x00000000b70007dd flags=0b000000000010
  xmm0=0x0000957100009571000083af000083af xmm1=0x00000ef100000ef10000720e0000720e 
  xmm2=0x0000b9620000b9620000ad440000ad44 xmm3=0x0000911b0000911b0000d9da0000d9da 
  xmm4=0x00006d2500006d250000b0f70000b0f7 xmm5=0x000007cd000007cd0000a2b30000a2b3 
  xmm6=0x000046b6000046b60000ad510000ad51 xmm7=0x0000553c0000553c0000326400003264 

    > load from +0x8ef value 0x0
0x20e: and rbx, 0b1111111111111
  rax=0x0000000000000000 rbx=0x0000000000000000 rcx=0x000000000023fefe rdx=0x0000000000000006
  rsi=0x00000000000008ef rdi=0x00000000b70007dd flags=0b000001000110
  xmm0=0x0000957100009571000083af000083af xmm1=0x00000ef100000ef10000720e0000720e 
  xmm2=0x0000b9620000b9620000ad440000ad44 xmm3=0x0000911b0000911b0000d9da0000d9da 
  xmm4=0x00006d2500006d250000b0f70000b0f7 xmm5=0x000007cd000007cd0000a2b30000a2b3 
  xmm6=0x000046b6000046b60000ad510000ad51 xmm7=0x0000553c0000553c0000326400003264 

0x215: sub dil, [r14 +rbx]
  rax=0x0000000000000000 rbx=0x0000000000000000 rcx=0x000000000023fefe rdx=0x0000000000000006
  rsi=0x00000000000008ef rdi=0x00000000b70007dd flags=0b000001000110
  xmm0=0x0000957100009571000083af000083af xmm1=0x00000ef100000ef10000720e0000720e 
  xmm2=0x0000b9620000b9620000ad440000ad44 xmm3=0x0000911b0000911b0000d9da0000d9da 
  xmm4=0x00006d2500006d250000b0f70000b0f7 xmm5=0x000007cd000007cd0000a2b30000a2b3 
  xmm6=0x000046b6000046b60000ad510000ad51 xmm7=0x0000553c0000553c0000326400003264 

    > load from +0x0 value 0xaf
0x219: cmovp ebx, ecx
  rax=0x0000000000000000 rbx=0x0000000000000000 rcx=0x000000000023fefe rdx=0x0000000000000006
  rsi=0x00000000000008ef rdi=0x00000000b700072e flags=0b000000010110
  xmm0=0x0000957100009571000083af000083af xmm1=0x00000ef100000ef10000720e0000720e 
  xmm2=0x0000b9620000b9620000ad440000ad44 xmm3=0x0000911b0000911b0000d9da0000d9da 
  xmm4=0x00006d2500006d250000b0f70000b0f7 xmm5=0x000007cd000007cd0000a2b30000a2b3 
  xmm6=0x000046b6000046b60000ad510000ad51 xmm7=0x0000553c0000553c0000326400003264 

0x21c: bswap edx
  rax=0x0000000000000000 rbx=0x000000000023fefe rcx=0x000000000023fefe rdx=0x0000000000000006
  rsi=0x00000000000008ef rdi=0x00000000b700072e flags=0b000000010110
  xmm0=0x0000957100009571000083af000083af xmm1=0x00000ef100000ef10000720e0000720e 
  xmm2=0x0000b9620000b9620000ad440000ad44 xmm3=0x0000911b0000911b0000d9da0000d9da 
  xmm4=0x00006d2500006d250000b0f70000b0f7 xmm5=0x000007cd000007cd0000a2b30000a2b3 
  xmm6=0x000046b6000046b60000ad510000ad51 xmm7=0x0000553c0000553c0000326400003264 

0x21e: and rsi, 0b1111111111111
  rax=0x0000000000000000 rbx=0x000000000023fefe rcx=0x000000000023fefe rdx=0x0000000006000000
  rsi=0x00000000000008ef rdi=0x00000000b700072e flags=0b000000010110
  xmm0=0x0000957100009571000083af000083af xmm1=0x00000ef100000ef10000720e0000720e 
  xmm2=0x0000b9620000b9620000ad440000ad44 xmm3=0x0000911b0000911b0000d9da0000d9da 
  xmm4=0x00006d2500006d250000b0f70000b0f7 xmm5=0x000007cd000007cd0000a2b30000a2b3 
  xmm6=0x000046b6000046b60000ad510000ad51 xmm7=0x0000553c0000553c0000326400003264 

0x225: sbb esi, [r14 +rsi]
  rax=0x0000000000000000 rbx=0x000000000023fefe rcx=0x000000000023fefe rdx=0x0000000006000000
  rsi=0x00000000000008ef rdi=0x00000000b700072e flags=0b000000000010
  xmm0=0x0000957100009571000083af000083af xmm1=0x00000ef100000ef10000720e0000720e 
  xmm2=0x0000b9620000b9620000ad440000ad44 xmm3=0x0000911b0000911b0000d9da0000d9da 
  xmm4=0x00006d2500006d250000b0f70000b0f7 xmm5=0x000007cd000007cd0000a2b30000a2b3 
  xmm6=0x000046b6000046b60000ad510000ad51 xmm7=0x0000553c0000553c0000326400003264 

    > load from +0x8ef value 0xc49c00
0x229: and rbx, 0b1111111111111
  rax=0x0000000000000000 rbx=0x000000000023fefe rcx=0x000000000023fefe rdx=0x0000000006000000
  rsi=0x00000000ff3b6cef rdi=0x00000000b700072e flags=0b000010000011
  xmm0=0x0000957100009571000083af000083af xmm1=0x00000ef100000ef10000720e0000720e 
  xmm2=0x0000b9620000b9620000ad440000ad44 xmm3=0x0000911b0000911b0000d9da0000d9da 
  xmm4=0x00006d2500006d250000b0f70000b0f7 xmm5=0x000007cd000007cd0000a2b30000a2b3 
  xmm6=0x000046b6000046b60000ad510000ad51 xmm7=0x0000553c0000553c0000326400003264 

0x230: sbb bx, [r14 +rbx]
  rax=0x0000000000000000 rbx=0x0000000000001efe rcx=0x000000000023fefe rdx=0x0000000006000000
  rsi=0x00000000ff3b6cef rdi=0x00000000b700072e flags=0b000000000010
  xmm0=0x0000957100009571000083af000083af xmm1=0x00000ef100000ef10000720e0000720e 
  xmm2=0x0000b9620000b9620000ad440000ad44 xmm3=0x0000911b0000911b0000d9da0000d9da 
  xmm4=0x00006d2500006d250000b0f70000b0f7 xmm5=0x000007cd000007cd0000a2b30000a2b3 
  xmm6=0x000046b6000046b60000ad510000ad51 xmm7=0x0000553c0000553c0000326400003264 

    > load from +0x1efe value 0x0
0x235: and rsi, 0b1111111111111
  rax=0x0000000000000000 rbx=0x0000000000001efe rcx=0x000000000023fefe rdx=0x0000000006000000
  rsi=0x00000000ff3b6cef rdi=0x00000000b700072e flags=0b000000000010
  xmm0=0x0000957100009571000083af000083af xmm1=0x00000ef100000ef10000720e0000720e 
  xmm2=0x0000b9620000b9620000ad440000ad44 xmm3=0x0000911b0000911b0000d9da0000d9da 
  xmm4=0x00006d2500006d250000b0f70000b0f7 xmm5=0x000007cd000007cd0000a2b30000a2b3 
  xmm6=0x000046b6000046b60000ad510000ad51 xmm7=0x0000553c0000553c0000326400003264 

0x23c: imul bx, [r14 +rsi], 63
  rax=0x0000000000000000 rbx=0x0000000000001efe rcx=0x000000000023fefe rdx=0x0000000006000000
  rsi=0x0000000000000cef rdi=0x00000000b700072e flags=0b000000000010
  xmm0=0x0000957100009571000083af000083af xmm1=0x00000ef100000ef10000720e0000720e 
  xmm2=0x0000b9620000b9620000ad440000ad44 xmm3=0x0000911b0000911b0000d9da0000d9da 
  xmm4=0x00006d2500006d250000b0f70000b0f7 xmm5=0x000007cd000007cd0000a2b30000a2b3 
  xmm6=0x000046b6000046b60000ad510000ad51 xmm7=0x0000553c0000553c0000326400003264 

    > load from +0xcef value 0x4b00
0x242: add sil, 89
  rax=0x0000000000000000 rbx=0x0000000000007500 rcx=0x000000000023fefe rdx=0x0000000006000000
  rsi=0x0000000000000cef rdi=0x00000000b700072e flags=0b100000000111
  xmm0=0x0000957100009571000083af000083af xmm1=0x00000ef100000ef10000720e0000720e 
  xmm2=0x0000b9620000b9620000ad440000ad44 xmm3=0x0000911b0000911b0000d9da0000d9da 
  xmm4=0x00006d2500006d250000b0f70000b0f7 xmm5=0x000007cd000007cd0000a2b30000a2b3 
  xmm6=0x000046b6000046b60000ad510000ad51 xmm7=0x0000553c0000553c0000326400003264 

0x246: and rdi, 0b1111111111111
  rax=0x0000000000000000 rbx=0x0000000000007500 rcx=0x000000000023fefe rdx=0x0000000006000000
  rsi=0x0000000000000c48 rdi=0x00000000b700072e flags=0b000000010111
  xmm0=0x0000957100009571000083af000083af xmm1=0x00000ef100000ef10000720e0000720e 
  xmm2=0x0000b9620000b9620000ad440000ad44 xmm3=0x0000911b0000911b0000d9da0000d9da 
  xmm4=0x00006d2500006d250000b0f70000b0f7 xmm5=0x000007cd000007cd0000a2b30000a2b3 
  xmm6=0x000046b6000046b60000ad510000ad51 xmm7=0x0000553c0000553c0000326400003264 

0x24d: cmovnz ebx, [r14 +rdi]
  rax=0x0000000000000000 rbx=0x0000000000007500 rcx=0x000000000023fefe rdx=0x0000000006000000
  rsi=0x0000000000000c48 rdi=0x000000000000072e flags=0b000000000110
  xmm0=0x0000957100009571000083af000083af xmm1=0x00000ef100000ef10000720e0000720e 
  xmm2=0x0000b9620000b9620000ad440000ad44 xmm3=0x0000911b0000911b0000d9da0000d9da 
  xmm4=0x00006d2500006d250000b0f70000b0f7 xmm5=0x000007cd000007cd0000a2b30000a2b3 
  xmm6=0x000046b6000046b60000ad510000ad51 xmm7=0x0000553c0000553c0000326400003264 

    > load from +0x72e value 0x35ad0000
0x252: mov dil, dl
  rax=0x0000000000000000 rbx=0x0000000035ad0000 rcx=0x000000000023fefe rdx=0x0000000006000000
  rsi=0x0000000000000c48 rdi=0x000000000000072e flags=0b000000000110
  xmm0=0x0000957100009571000083af000083af xmm1=0x00000ef100000ef10000720e0000720e 
  xmm2=0x0000b9620000b9620000ad440000ad44 xmm3=0x0000911b0000911b0000d9da0000d9da 
  xmm4=0x00006d2500006d250000b0f70000b0f7 xmm5=0x000007cd000007cd0000a2b30000a2b3 
  xmm6=0x000046b6000046b60000ad510000ad51 xmm7=0x0000553c0000553c0000326400003264 

0x255: movsx si, al
  rax=0x0000000000000000 rbx=0x0000000035ad0000 rcx=0x000000000023fefe rdx=0x0000000006000000
  rsi=0x0000000000000c48 rdi=0x0000000000000700 flags=0b000000000110
  xmm0=0x0000957100009571000083af000083af xmm1=0x00000ef100000ef10000720e0000720e 
  xmm2=0x0000b9620000b9620000ad440000ad44 xmm3=0x0000911b0000911b0000d9da0000d9da 
  xmm4=0x00006d2500006d250000b0f70000b0f7 xmm5=0x000007cd000007cd0000a2b30000a2b3 
  xmm6=0x000046b6000046b60000ad510000ad51 xmm7=0x0000553c0000553c0000326400003264 

0x259: or dl, 0b1000
  rax=0x0000000000000000 rbx=0x0000000035ad0000 rcx=0x000000000023fefe rdx=0x0000000006000000
  rsi=0x0000000000000000 rdi=0x0000000000000700 flags=0b000000000110
  xmm0=0x0000957100009571000083af000083af xmm1=0x00000ef100000ef10000720e0000720e 
  xmm2=0x0000b9620000b9620000ad440000ad44 xmm3=0x0000911b0000911b0000d9da0000d9da 
  xmm4=0x00006d2500006d250000b0f70000b0f7 xmm5=0x000007cd000007cd0000a2b30000a2b3 
  xmm6=0x000046b6000046b60000ad510000ad51 xmm7=0x0000553c0000553c0000326400003264 

0x25c: and dl, 0b11111000
  rax=0x0000000000000000 rbx=0x0000000035ad0000 rcx=0x000000000023fefe rdx=0x0000000006000008
  rsi=0x0000000000000000 rdi=0x0000000000000700 flags=0b000000000010
  xmm0=0x0000957100009571000083af000083af xmm1=0x00000ef100000ef10000720e0000720e 
  xmm2=0x0000b9620000b9620000ad440000ad44 xmm3=0x0000911b0000911b0000d9da0000d9da 
  xmm4=0x00006d2500006d250000b0f70000b0f7 xmm5=0x000007cd000007cd0000a2b30000a2b3 
  xmm6=0x000046b6000046b60000ad510000ad51 xmm7=0x0000553c0000553c0000326400003264 

0x25f: and rcx, 0b1111111111111
  rax=0x0000000000000000 rbx=0x0000000035ad0000 rcx=0x000000000023fefe rdx=0x0000000006000008
  rsi=0x0000000000000000 rdi=0x0000000000000700 flags=0b000000000010
  xmm0=0x0000957100009571000083af000083af xmm1=0x00000ef100000ef10000720e0000720e 
  xmm2=0x0000b9620000b9620000ad440000ad44 xmm3=0x0000911b0000911b0000d9da0000d9da 
  xmm4=0x00006d2500006d250000b0f70000b0f7 xmm5=0x000007cd000007cd0000a2b30000a2b3 
  xmm6=0x000046b6000046b60000ad510000ad51 xmm7=0x0000553c0000553c0000326400003264 

0x266: mov al, [r14 +rcx]
  rax=0x0000000000000000 rbx=0x0000000035ad0000 rcx=0x0000000000001efe rdx=0x0000000006000008
  rsi=0x0000000000000000 rdi=0x0000000000000700 flags=0b000000000010
  xmm0=0x0000957100009571000083af000083af xmm1=0x00000ef100000ef10000720e0000720e 
  xmm2=0x0000b9620000b9620000ad440000ad44 xmm3=0x0000911b0000911b0000d9da0000d9da 
  xmm4=0x00006d2500006d250000b0f70000b0f7 xmm5=0x000007cd000007cd0000a2b30000a2b3 
  xmm6=0x000046b6000046b60000ad510000ad51 xmm7=0x0000553c0000553c0000326400003264 

    > load from +0x1efe value 0x0
0x26a: bts edx, 135
  rax=0x0000000000000000 rbx=0x0000000035ad0000 rcx=0x0000000000001efe rdx=0x0000000006000008
  rsi=0x0000000000000000 rdi=0x0000000000000700 flags=0b000000000010
  xmm0=0x0000957100009571000083af000083af xmm1=0x00000ef100000ef10000720e0000720e 
  xmm2=0x0000b9620000b9620000ad440000ad44 xmm3=0x0000911b0000911b0000d9da0000d9da 
  xmm4=0x00006d2500006d250000b0f70000b0f7 xmm5=0x000007cd000007cd0000a2b30000a2b3 
  xmm6=0x000046b6000046b60000ad510000ad51 xmm7=0x0000553c0000553c0000326400003264 

0x26e: and rcx, 0b1111111111111
  rax=0x0000000000000000 rbx=0x0000000035ad0000 rcx=0x0000000000001efe rdx=0x0000000006000088
  rsi=0x0000000000000000 rdi=0x0000000000000700 flags=0b000000000010
  xmm0=0x0000957100009571000083af000083af xmm1=0x00000ef100000ef10000720e0000720e 
  xmm2=0x0000b9620000b9620000ad440000ad44 xmm3=0x0000911b0000911b0000d9da0000d9da 
  xmm4=0x00006d2500006d250000b0f70000b0f7 xmm5=0x000007cd000007cd0000a2b30000a2b3 
  xmm6=0x000046b6000046b60000ad510000ad51 xmm7=0x0000553c0000553c0000326400003264 

0x275: or [r14 +rcx], 0b1000000000000000000000000000000
  rax=0x0000000000000000 rbx=0x0000000035ad0000 rcx=0x0000000000001efe rdx=0x0000000006000088
  rsi=0x0000000000000000 rdi=0x0000000000000700 flags=0b000000000010
  xmm0=0x0000957100009571000083af000083af xmm1=0x00000ef100000ef10000720e0000720e 
  xmm2=0x0000b9620000b9620000ad440000ad44 xmm3=0x0000911b0000911b0000d9da0000d9da 
  xmm4=0x00006d2500006d250000b0f70000b0f7 xmm5=0x000007cd000007cd0000a2b30000a2b3 
  xmm6=0x000046b6000046b60000ad510000ad51 xmm7=0x0000553c0000553c0000326400003264 

    > load from +0x1efe value 0x4aad0000
    > store to +0x1efe value 0x4aad0000
0x27d: bsf esi, [r14 +rcx]
  rax=0x0000000000000000 rbx=0x0000000035ad0000 rcx=0x0000000000001efe rdx=0x0000000006000088
  rsi=0x0000000000000000 rdi=0x0000000000000700 flags=0b000000000110
  xmm0=0x0000957100009571000083af000083af xmm1=0x00000ef100000ef10000720e0000720e 
  xmm2=0x0000b9620000b9620000ad440000ad44 xmm3=0x0000911b0000911b0000d9da0000d9da 
  xmm4=0x00006d2500006d250000b0f70000b0f7 xmm5=0x000007cd000007cd0000a2b30000a2b3 
  xmm6=0x000046b6000046b60000ad510000ad51 xmm7=0x0000553c0000553c0000326400003264 

    > load from +0x1efe value 0x4aad0000
0x282: movsxd rsi, ecx
  rax=0x0000000000000000 rbx=0x0000000035ad0000 rcx=0x0000000000001efe rdx=0x0000000006000088
  rsi=0x0000000000000010 rdi=0x0000000000000700 flags=0b000000000110
  xmm0=0x0000957100009571000083af000083af xmm1=0x00000ef100000ef10000720e0000720e 
  xmm2=0x0000b9620000b9620000ad440000ad44 xmm3=0x0000911b0000911b0000d9da0000d9da 
  xmm4=0x00006d2500006d250000b0f70000b0f7 xmm5=0x000007cd000007cd0000a2b30000a2b3 
  xmm6=0x000046b6000046b60000ad510000ad51 xmm7=0x0000553c0000553c0000326400003264 

0x285: add edx, -93
  rax=0x0000000000000000 rbx=0x0000000035ad0000 rcx=0x0000000000001efe rdx=0x0000000006000088
  rsi=0x0000000000001efe rdi=0x0000000000000700 flags=0b000000000110
  xmm0=0x0000957100009571000083af000083af xmm1=0x00000ef100000ef10000720e0000720e 
  xmm2=0x0000b9620000b9620000ad440000ad44 xmm3=0x0000911b0000911b0000d9da0000d9da 
  xmm4=0x00006d2500006d250000b0f70000b0f7 xmm5=0x000007cd000007cd0000a2b30000a2b3 
  xmm6=0x000046b6000046b60000ad510000ad51 xmm7=0x0000553c0000553c0000326400003264 

0x288: pushfq 
  rax=0x0000000000000000 rbx=0x0000000035ad0000 rcx=0x0000000000001efe rdx=0x000000000600002b
  rsi=0x0000000000001efe rdi=0x0000000000000700 flags=0b000000000111
  xmm0=0x0000957100009571000083af000083af xmm1=0x00000ef100000ef10000720e0000720e 
  xmm2=0x0000b9620000b9620000ad440000ad44 xmm3=0x0000911b0000911b0000d9da0000d9da 
  xmm4=0x00006d2500006d250000b0f70000b0f7 xmm5=0x000007cd000007cd0000a2b30000a2b3 
  xmm6=0x000046b6000046b60000ad510000ad51 xmm7=0x0000553c0000553c0000326400003264 

    > store to +0xff0 value 0x7
0x289: push rax
  rax=0x0000000000000000 rbx=0x0000000035ad0000 rcx=0x0000000000001efe rdx=0x000000000600002b
  rsi=0x0000000000001efe rdi=0x0000000000000700 flags=0b000000000111
  xmm0=0x0000957100009571000083af000083af xmm1=0x00000ef100000ef10000720e0000720e 
  xmm2=0x0000b9620000b9620000ad440000ad44 xmm3=0x0000911b0000911b0000d9da0000d9da 
  xmm4=0x00006d2500006d250000b0f70000b0f7 xmm5=0x000007cd000007cd0000a2b30000a2b3 
  xmm6=0x000046b6000046b60000ad510000ad51 xmm7=0x0000553c0000553c0000326400003264 

    > store to +0xfe8 value 0x0
0x28a: push rcx
  rax=0x0000000000000000 rbx=0x0000000035ad0000 rcx=0x0000000000001efe rdx=0x000000000600002b
  rsi=0x0000000000001efe rdi=0x0000000000000700 flags=0b000000000111
  xmm0=0x0000957100009571000083af000083af xmm1=0x00000ef100000ef10000720e0000720e 
  xmm2=0x0000b9620000b9620000ad440000ad44 xmm3=0x0000911b0000911b0000d9da0000d9da 
  xmm4=0x00006d2500006d250000b0f70000b0f7 xmm5=0x000007cd000007cd0000a2b30000a2b3 
  xmm6=0x000046b6000046b60000ad510000ad51 xmm7=0x0000553c0000553c0000326400003264 

    > store to +0xfe0 value 0x1efe
0x28b: push rdx
  rax=0x0000000000000000 rbx=0x0000000035ad0000 rcx=0x0000000000001efe rdx=0x000000000600002b
  rsi=0x0000000000001efe rdi=0x0000000000000700 flags=0b000000000111
  xmm0=0x0000957100009571000083af000083af xmm1=0x00000ef100000ef10000720e0000720e 
  xmm2=0x0000b9620000b9620000ad440000ad44 xmm3=0x0000911b0000911b0000d9da0000d9da 
  xmm4=0x00006d2500006d250000b0f70000b0f7 xmm5=0x000007cd000007cd0000a2b30000a2b3 
  xmm6=0x000046b6000046b60000ad510000ad51 xmm7=0x0000553c0000553c0000326400003264 

    > store to +0xfd8 value 0x600002b
0x28c: mov ecx, 0x1a4
  rax=0x0000000000000000 rbx=0x0000000035ad0000 rcx=0x0000000000001efe rdx=0x000000000600002b
  rsi=0x0000000000001efe rdi=0x0000000000000700 flags=0b000000000111
  xmm0=0x0000957100009571000083af000083af xmm1=0x00000ef100000ef10000720e0000720e 
  xmm2=0x0000b9620000b9620000ad440000ad44 xmm3=0x0000911b0000911b0000d9da0000d9da 
  xmm4=0x00006d2500006d250000b0f70000b0f7 xmm5=0x000007cd000007cd0000a2b30000a2b3 
  xmm6=0x000046b6000046b60000ad510000ad51 xmm7=0x0000553c0000553c0000326400003264 

0x291: mov edx, 0
  rax=0x0000000000000000 rbx=0x0000000035ad0000 rcx=0x00000000000001a4 rdx=0x000000000600002b
  rsi=0x0000000000001efe rdi=0x0000000000000700 flags=0b000000000111
  xmm0=0x0000957100009571000083af000083af xmm1=0x00000ef100000ef10000720e0000720e 
  xmm2=0x0000b9620000b9620000ad440000ad44 xmm3=0x0000911b0000911b0000d9da0000d9da 
  xmm4=0x00006d2500006d250000b0f70000b0f7 xmm5=0x000007cd000007cd0000a2b30000a2b3 
  xmm6=0x000046b6000046b60000ad510000ad51 xmm7=0x0000553c0000553c0000326400003264 

0x296: mov eax, 0b101111
  rax=0x0000000000000000 rbx=0x0000000035ad0000 rcx=0x00000000000001a4 rdx=0x0000000000000000
  rsi=0x0000000000001efe rdi=0x0000000000000700 flags=0b000000000111
  xmm0=0x0000957100009571000083af000083af xmm1=0x00000ef100000ef10000720e0000720e 
  xmm2=0x0000b9620000b9620000ad440000ad44 xmm3=0x0000911b0000911b0000d9da0000d9da 
  xmm4=0x00006d2500006d250000b0f70000b0f7 xmm5=0x000007cd000007cd0000a2b30000a2b3 
  xmm6=0x000046b6000046b60000ad510000ad51 xmm7=0x0000553c0000553c0000326400003264 

0x29b: wrmsr 
  rax=0x000000000000002f rbx=0x0000000035ad0000 rcx=0x00000000000001a4 rdx=0x0000000000000000
  rsi=0x0000000000001efe rdi=0x0000000000000700 flags=0b000000000111
  xmm0=0x0000957100009571000083af000083af xmm1=0x00000ef100000ef10000720e0000720e 
  xmm2=0x0000b9620000b9620000ad440000ad44 xmm3=0x0000911b0000911b0000d9da0000d9da 
  xmm4=0x00006d2500006d250000b0f70000b0f7 xmm5=0x000007cd000007cd0000a2b30000a2b3 
  xmm6=0x000046b6000046b60000ad510000ad51 xmm7=0x0000553c0000553c0000326400003264 

0x29d: mov ecx, 0x48
  rax=0x000000000000002f rbx=0x0000000035ad0000 rcx=0x00000000000001a4 rdx=0x0000000000000000
  rsi=0x0000000000001efe rdi=0x0000000000000700 flags=0b000000000111
  xmm0=0x0000957100009571000083af000083af xmm1=0x00000ef100000ef10000720e0000720e 
  xmm2=0x0000b9620000b9620000ad440000ad44 xmm3=0x0000911b0000911b0000d9da0000d9da 
  xmm4=0x00006d2500006d250000b0f70000b0f7 xmm5=0x000007cd000007cd0000a2b30000a2b3 
  xmm6=0x000046b6000046b60000ad510000ad51 xmm7=0x0000553c0000553c0000326400003264 

0x2a2: rdmsr 
  rax=0x000000000000002f rbx=0x0000000035ad0000 rcx=0x0000000000000048 rdx=0x0000000000000000
  rsi=0x0000000000001efe rdi=0x0000000000000700 flags=0b000000000111
  xmm0=0x0000957100009571000083af000083af xmm1=0x00000ef100000ef10000720e0000720e 
  xmm2=0x0000b9620000b9620000ad440000ad44 xmm3=0x0000911b0000911b0000d9da0000d9da 
  xmm4=0x00006d2500006d250000b0f70000b0f7 xmm5=0x000007cd000007cd0000a2b30000a2b3 
  xmm6=0x000046b6000046b60000ad510000ad51 xmm7=0x0000553c0000553c0000326400003264 

0x2a4: and eax, 0xfffffffb
  rax=0x0000000000000000 rbx=0x0000000035ad0000 rcx=0x0000000000000048 rdx=0x0000000000000000
  rsi=0x0000000000001efe rdi=0x0000000000000700 flags=0b000000000111
  xmm0=0x0000957100009571000083af000083af xmm1=0x00000ef100000ef10000720e0000720e 
  xmm2=0x0000b9620000b9620000ad440000ad44 xmm3=0x0000911b0000911b0000d9da0000d9da 
  xmm4=0x00006d2500006d250000b0f70000b0f7 xmm5=0x000007cd000007cd0000a2b30000a2b3 
  xmm6=0x000046b6000046b60000ad510000ad51 xmm7=0x0000553c0000553c0000326400003264 

0x2a7: or eax, 0x100
  rax=0x0000000000000000 rbx=0x0000000035ad0000 rcx=0x0000000000000048 rdx=0x0000000000000000
  rsi=0x0000000000001efe rdi=0x0000000000000700 flags=0b000001000110
  xmm0=0x0000957100009571000083af000083af xmm1=0x00000ef100000ef10000720e0000720e 
  xmm2=0x0000b9620000b9620000ad440000ad44 xmm3=0x0000911b0000911b0000d9da0000d9da 
  xmm4=0x00006d2500006d250000b0f70000b0f7 xmm5=0x000007cd000007cd0000a2b30000a2b3 
  xmm6=0x000046b6000046b60000ad510000ad51 xmm7=0x0000553c0000553c0000326400003264 

0x2ac: wrmsr 
  rax=0x0000000000000100 rbx=0x0000000035ad0000 rcx=0x0000000000000048 rdx=0x0000000000000000
  rsi=0x0000000000001efe rdi=0x0000000000000700 flags=0b000000000110
  xmm0=0x0000957100009571000083af000083af xmm1=0x00000ef100000ef10000720e0000720e 
  xmm2=0x0000b9620000b9620000ad440000ad44 xmm3=0x0000911b0000911b0000d9da0000d9da 
  xmm4=0x00006d2500006d250000b0f70000b0f7 xmm5=0x000007cd000007cd0000a2b30000a2b3 
  xmm6=0x000046b6000046b60000ad510000ad51 xmm7=0x0000553c0000553c0000326400003264 

0x2ae: mfence 
  rax=0x0000000000000100 rbx=0x0000000035ad0000 rcx=0x0000000000000048 rdx=0x0000000000000000
  rsi=0x0000000000001efe rdi=0x0000000000000700 flags=0b000000000110
  xmm0=0x0000957100009571000083af000083af xmm1=0x00000ef100000ef10000720e0000720e 
  xmm2=0x0000b9620000b9620000ad440000ad44 xmm3=0x0000911b0000911b0000d9da0000d9da 
  xmm4=0x00006d2500006d250000b0f70000b0f7 xmm5=0x000007cd000007cd0000a2b30000a2b3 
  xmm6=0x000046b6000046b60000ad510000ad51 xmm7=0x0000553c0000553c0000326400003264 

0x2b1: lfence 
  rax=0x0000000000000100 rbx=0x0000000035ad0000 rcx=0x0000000000000048 rdx=0x0000000000000000
  rsi=0x0000000000001efe rdi=0x0000000000000700 flags=0b000000000110
  xmm0=0x0000957100009571000083af000083af xmm1=0x00000ef100000ef10000720e0000720e 
  xmm2=0x0000b9620000b9620000ad440000ad44 xmm3=0x0000911b0000911b0000d9da0000d9da 
  xmm4=0x00006d2500006d250000b0f70000b0f7 xmm5=0x000007cd000007cd0000a2b30000a2b3 
  xmm6=0x000046b6000046b60000ad510000ad51 xmm7=0x0000553c0000553c0000326400003264 

0x2b4: macro .measurement_end, .noarg
  rax=0x0000000000000100 rbx=0x0000000035ad0000 rcx=0x0000000000000048 rdx=0x0000000000000000
  rsi=0x0000000000001efe rdi=0x0000000000000700 flags=0b000000000110
  xmm0=0x0000957100009571000083af000083af xmm1=0x00000ef100000ef10000720e0000720e 
  xmm2=0x0000b9620000b9620000ad440000ad44 xmm3=0x0000911b0000911b0000d9da0000d9da 
  xmm4=0x00006d2500006d250000b0f70000b0f7 xmm5=0x000007cd000007cd0000a2b30000a2b3 
  xmm6=0x000046b6000046b60000ad510000ad51 xmm7=0x0000553c0000553c0000326400003264 

0x2bc: mov ecx, 0x1a4
  rax=0x0000000000000100 rbx=0x0000000035ad0000 rcx=0x0000000000000048 rdx=0x0000000000000000
  rsi=0x0000000000001efe rdi=0x0000000000000700 flags=0b000000000110
  xmm0=0x0000957100009571000083af000083af xmm1=0x00000ef100000ef10000720e0000720e 
  xmm2=0x0000b9620000b9620000ad440000ad44 xmm3=0x0000911b0000911b0000d9da0000d9da 
  xmm4=0x00006d2500006d250000b0f70000b0f7 xmm5=0x000007cd000007cd0000a2b30000a2b3 
  xmm6=0x000046b6000046b60000ad510000ad51 xmm7=0x0000553c0000553c0000326400003264 

0x2c1: mov edx, 0
  rax=0x0000000000000100 rbx=0x0000000035ad0000 rcx=0x00000000000001a4 rdx=0x0000000000000000
  rsi=0x0000000000001efe rdi=0x0000000000000700 flags=0b000000000110
  xmm0=0x0000957100009571000083af000083af xmm1=0x00000ef100000ef10000720e0000720e 
  xmm2=0x0000b9620000b9620000ad440000ad44 xmm3=0x0000911b0000911b0000d9da0000d9da 
  xmm4=0x00006d2500006d250000b0f70000b0f7 xmm5=0x000007cd000007cd0000a2b30000a2b3 
  xmm6=0x000046b6000046b60000ad510000ad51 xmm7=0x0000553c0000553c0000326400003264 

0x2c6: mov eax, 0b000000
  rax=0x0000000000000100 rbx=0x0000000035ad0000 rcx=0x00000000000001a4 rdx=0x0000000000000000
  rsi=0x0000000000001efe rdi=0x0000000000000700 flags=0b000000000110
  xmm0=0x0000957100009571000083af000083af xmm1=0x00000ef100000ef10000720e0000720e 
  xmm2=0x0000b9620000b9620000ad440000ad44 xmm3=0x0000911b0000911b0000d9da0000d9da 
  xmm4=0x00006d2500006d250000b0f70000b0f7 xmm5=0x000007cd000007cd0000a2b30000a2b3 
  xmm6=0x000046b6000046b60000ad510000ad51 xmm7=0x0000553c0000553c0000326400003264 

0x2cb: mov ecx, 0x48
  rax=0x0000000000000000 rbx=0x0000000035ad0000 rcx=0x00000000000001a4 rdx=0x0000000000000000
  rsi=0x0000000000001efe rdi=0x0000000000000700 flags=0b000000000110
  xmm0=0x0000957100009571000083af000083af xmm1=0x00000ef100000ef10000720e0000720e 
  xmm2=0x0000b9620000b9620000ad440000ad44 xmm3=0x0000911b0000911b0000d9da0000d9da 
  xmm4=0x00006d2500006d250000b0f70000b0f7 xmm5=0x000007cd000007cd0000a2b30000a2b3 
  xmm6=0x000046b6000046b60000ad510000ad51 xmm7=0x0000553c0000553c0000326400003264 

0x2d0: rdmsr 
  rax=0x0000000000000000 rbx=0x0000000035ad0000 rcx=0x0000000000000048 rdx=0x0000000000000000
  rsi=0x0000000000001efe rdi=0x0000000000000700 flags=0b000000000110
  xmm0=0x0000957100009571000083af000083af xmm1=0x00000ef100000ef10000720e0000720e 
  xmm2=0x0000b9620000b9620000ad440000ad44 xmm3=0x0000911b0000911b0000d9da0000d9da 
  xmm4=0x00006d2500006d250000b0f70000b0f7 xmm5=0x000007cd000007cd0000a2b30000a2b3 
  xmm6=0x000046b6000046b60000ad510000ad51 xmm7=0x0000553c0000553c0000326400003264 

0x2d2: and eax, 0xfffffffb
  rax=0x0000000000000000 rbx=0x0000000035ad0000 rcx=0x0000000000000048 rdx=0x0000000000000000
  rsi=0x0000000000001efe rdi=0x0000000000000700 flags=0b000000000110
  xmm0=0x0000957100009571000083af000083af xmm1=0x00000ef100000ef10000720e0000720e 
  xmm2=0x0000b9620000b9620000ad440000ad44 xmm3=0x0000911b0000911b0000d9da0000d9da 
  xmm4=0x00006d2500006d250000b0f70000b0f7 xmm5=0x000007cd000007cd0000a2b30000a2b3 
  xmm6=0x000046b6000046b60000ad510000ad51 xmm7=0x0000553c0000553c0000326400003264 

0x2d5: and eax, 0xfffffeff
  rax=0x0000000000000000 rbx=0x0000000035ad0000 rcx=0x0000000000000048 rdx=0x0000000000000000
  rsi=0x0000000000001efe rdi=0x0000000000000700 flags=0b000001000110
  xmm0=0x0000957100009571000083af000083af xmm1=0x00000ef100000ef10000720e0000720e 
  xmm2=0x0000b9620000b9620000ad440000ad44 xmm3=0x0000911b0000911b0000d9da0000d9da 
  xmm4=0x00006d2500006d250000b0f70000b0f7 xmm5=0x000007cd000007cd0000a2b30000a2b3 
  xmm6=0x000046b6000046b60000ad510000ad51 xmm7=0x0000553c0000553c0000326400003264 

0x2da: wrmsr 
  rax=0x0000000000000000 rbx=0x0000000035ad0000 rcx=0x0000000000000048 rdx=0x0000000000000000
  rsi=0x0000000000001efe rdi=0x0000000000000700 flags=0b000001000110
  xmm0=0x0000957100009571000083af000083af xmm1=0x00000ef100000ef10000720e0000720e 
  xmm2=0x0000b9620000b9620000ad440000ad44 xmm3=0x0000911b0000911b0000d9da0000d9da 
  xmm4=0x00006d2500006d250000b0f70000b0f7 xmm5=0x000007cd000007cd0000a2b30000a2b3 
  xmm6=0x000046b6000046b60000ad510000ad51 xmm7=0x0000553c0000553c0000326400003264 

0x2dc: mfence 
  rax=0x0000000000000000 rbx=0x0000000035ad0000 rcx=0x0000000000000048 rdx=0x0000000000000000
  rsi=0x0000000000001efe rdi=0x0000000000000700 flags=0b000001000110
  xmm0=0x0000957100009571000083af000083af xmm1=0x00000ef100000ef10000720e0000720e 
  xmm2=0x0000b9620000b9620000ad440000ad44 xmm3=0x0000911b0000911b0000d9da0000d9da 
  xmm4=0x00006d2500006d250000b0f70000b0f7 xmm5=0x000007cd000007cd0000a2b30000a2b3 
  xmm6=0x000046b6000046b60000ad510000ad51 xmm7=0x0000553c0000553c0000326400003264 

0x2df: lfence 
  rax=0x0000000000000000 rbx=0x0000000035ad0000 rcx=0x0000000000000048 rdx=0x0000000000000000
  rsi=0x0000000000001efe rdi=0x0000000000000700 flags=0b000001000110
  xmm0=0x0000957100009571000083af000083af xmm1=0x00000ef100000ef10000720e0000720e 
  xmm2=0x0000b9620000b9620000ad440000ad44 xmm3=0x0000911b0000911b0000d9da0000d9da 
  xmm4=0x00006d2500006d250000b0f70000b0f7 xmm5=0x000007cd000007cd0000a2b30000a2b3 
  xmm6=0x000046b6000046b60000ad510000ad51 xmm7=0x0000553c0000553c0000326400003264 

0x2e2: pop rdx
  rax=0x0000000000000000 rbx=0x0000000035ad0000 rcx=0x0000000000000048 rdx=0x0000000000000000
  rsi=0x0000000000001efe rdi=0x0000000000000700 flags=0b000001000110
  xmm0=0x0000957100009571000083af000083af xmm1=0x00000ef100000ef10000720e0000720e 
  xmm2=0x0000b9620000b9620000ad440000ad44 xmm3=0x0000911b0000911b0000d9da0000d9da 
  xmm4=0x00006d2500006d250000b0f70000b0f7 xmm5=0x000007cd000007cd0000a2b30000a2b3 
  xmm6=0x000046b6000046b60000ad510000ad51 xmm7=0x0000553c0000553c0000326400003264 

    > load from +0xfd8 value 0x600002b
0x2e3: pop rcx
  rax=0x0000000000000000 rbx=0x0000000035ad0000 rcx=0x0000000000000048 rdx=0x000000000600002b
  rsi=0x0000000000001efe rdi=0x0000000000000700 flags=0b000001000110
  xmm0=0x0000957100009571000083af000083af xmm1=0x00000ef100000ef10000720e0000720e 
  xmm2=0x0000b9620000b9620000ad440000ad44 xmm3=0x0000911b0000911b0000d9da0000d9da 
  xmm4=0x00006d2500006d250000b0f70000b0f7 xmm5=0x000007cd000007cd0000a2b30000a2b3 
  xmm6=0x000046b6000046b60000ad510000ad51 xmm7=0x0000553c0000553c0000326400003264 

    > load from +0xfe0 value 0x1efe
0x2e4: pop rax
  rax=0x0000000000000000 rbx=0x0000000035ad0000 rcx=0x0000000000001efe rdx=0x000000000600002b
  rsi=0x0000000000001efe rdi=0x0000000000000700 flags=0b000001000110
  xmm0=0x0000957100009571000083af000083af xmm1=0x00000ef100000ef10000720e0000720e 
  xmm2=0x0000b9620000b9620000ad440000ad44 xmm3=0x0000911b0000911b0000d9da0000d9da 
  xmm4=0x00006d2500006d250000b0f70000b0f7 xmm5=0x000007cd000007cd0000a2b30000a2b3 
  xmm6=0x000046b6000046b60000ad510000ad51 xmm7=0x0000553c0000553c0000326400003264 

    > load from +0xfe8 value 0x0
0x2e5: popfq  [test_case_exit]
  rax=0x0000000000000000 rbx=0x0000000035ad0000 rcx=0x0000000000001efe rdx=0x000000000600002b
  rsi=0x0000000000001efe rdi=0x0000000000000700 flags=0b000001000110
  xmm0=0x0000957100009571000083af000083af xmm1=0x00000ef100000ef10000720e0000720e 
  xmm2=0x0000b9620000b9620000ad440000ad44 xmm3=0x0000911b0000911b0000d9da0000d9da 
  xmm4=0x00006d2500006d250000b0f70000b0f7 xmm5=0x000007cd000007cd0000a2b30000a2b3 
  xmm6=0x000046b6000046b60000ad510000ad51 xmm7=0x0000553c0000553c0000326400003264 

    > load from +0xff0 value 0x7




================================ Statistics ===================================

Test Cases: 1
Inputs per test case: 100.0
Violations: 1
Effectiveness: 
  Total Cls: 50.0
  Effective Cls: 50.0
Discarded Test Cases:
  Speculation Filter: 0
  Observation Filter: 0
  Fast Path: 0
  Max Nesting Check: 0
  Tainting Check: 0
  Early Priming Check: 0
  Large Sample Check: 0
  Priming Check: 0

Duration: 29.4
Finished at 01:35:17
