
INFO: [fuzzer] Starting at 01:35:18
> Entering slow path...> Priming  1              > Increase sample size to 40> Priming  1              > Increase sample size to 160> Priming  1              > Increase sample size to 320> Priming  1             

================================ Violations detected ==========================
Contract trace:
 1300217378771420068 (hash)
Hardware traces:
  Input group 1: [0]
  Input group 2: [50]
  ^^.^^^........................^.........^...........^.^^.....^^^ [249    | 233   ]
  ^^.^^^........................^.........^...........^.^^....^^^^ [71     | 0     ]
  ^^.^^^..........^.............^.........^...........^.^^.....^^^ [0      | 87    ]

================================ Violation Traces =============================
                      ##### Input 0 #####

                     ##### Input 0 #####
0x0 : add sil, 43
  rax=0x0000cee30000cee3 rbx=0x0000aa190000aa19 rcx=0x0000dd980000dd98 rdx=0x000038f9000038f9
  rsi=0x00004ae100004ae1 rdi=0x0000013400000134 flags=0b000010000111
  xmm0=0x00009a9600009a9600006f2400006f24 xmm1=0x0000cf470000cf4700005a6f00005a6f 
  xmm2=0x0000235a0000235a0000cbaf0000cbaf xmm3=0x000045100000451000001fd400001fd4 
  xmm4=0x000014d8000014d80000f2d30000f2d3 xmm5=0x0000d2800000d2800000cc230000cc23 
  xmm6=0x0000dead0000dead0000afae0000afae xmm7=0x0000cd120000cd120000674100006741 

0x4 : pushfq 
  rax=0x0000cee30000cee3 rbx=0x0000aa190000aa19 rcx=0x0000dd980000dd98 rdx=0x000038f9000038f9
  rsi=0x00004ae100004a0c rdi=0x0000013400000134 flags=0b000000000111
  xmm0=0x00009a9600009a9600006f2400006f24 xmm1=0x0000cf470000cf4700005a6f00005a6f 
  xmm2=0x0000235a0000235a0000cbaf0000cbaf xmm3=0x000045100000451000001fd400001fd4 
  xmm4=0x000014d8000014d80000f2d30000f2d3 xmm5=0x0000d2800000d2800000cc230000cc23 
  xmm6=0x0000dead0000dead0000afae0000afae xmm7=0x0000cd120000cd120000674100006741 

    > store to +0xff0 value 0x7
0x5 : push rax
  rax=0x0000cee30000cee3 rbx=0x0000aa190000aa19 rcx=0x0000dd980000dd98 rdx=0x000038f9000038f9
  rsi=0x00004ae100004a0c rdi=0x0000013400000134 flags=0b000000000111
  xmm0=0x00009a9600009a9600006f2400006f24 xmm1=0x0000cf470000cf4700005a6f00005a6f 
  xmm2=0x0000235a0000235a0000cbaf0000cbaf xmm3=0x000045100000451000001fd400001fd4 
  xmm4=0x000014d8000014d80000f2d30000f2d3 xmm5=0x0000d2800000d2800000cc230000cc23 
  xmm6=0x0000dead0000dead0000afae0000afae xmm7=0x0000cd120000cd120000674100006741 

    > store to +0xfe8 value 0xcee30000cee3
0x6 : push rcx
  rax=0x0000cee30000cee3 rbx=0x0000aa190000aa19 rcx=0x0000dd980000dd98 rdx=0x000038f9000038f9
  rsi=0x00004ae100004a0c rdi=0x0000013400000134 flags=0b000000000111
  xmm0=0x00009a9600009a9600006f2400006f24 xmm1=0x0000cf470000cf4700005a6f00005a6f 
  xmm2=0x0000235a0000235a0000cbaf0000cbaf xmm3=0x000045100000451000001fd400001fd4 
  xmm4=0x000014d8000014d80000f2d30000f2d3 xmm5=0x0000d2800000d2800000cc230000cc23 
  xmm6=0x0000dead0000dead0000afae0000afae xmm7=0x0000cd120000cd120000674100006741 

    > store to +0xfe0 value 0xdd980000dd98
0x7 : push rdx
  rax=0x0000cee30000cee3 rbx=0x0000aa190000aa19 rcx=0x0000dd980000dd98 rdx=0x000038f9000038f9
  rsi=0x00004ae100004a0c rdi=0x0000013400000134 flags=0b000000000111
  xmm0=0x00009a9600009a9600006f2400006f24 xmm1=0x0000cf470000cf4700005a6f00005a6f 
  xmm2=0x0000235a0000235a0000cbaf0000cbaf xmm3=0x000045100000451000001fd400001fd4 
  xmm4=0x000014d8000014d80000f2d30000f2d3 xmm5=0x0000d2800000d2800000cc230000cc23 
  xmm6=0x0000dead0000dead0000afae0000afae xmm7=0x0000cd120000cd120000674100006741 

    > store to +0xfd8 value 0x38f9000038f9
0x8 : mov ecx, 0x1a4
  rax=0x0000cee30000cee3 rbx=0x0000aa190000aa19 rcx=0x0000dd980000dd98 rdx=0x000038f9000038f9
  rsi=0x00004ae100004a0c rdi=0x0000013400000134 flags=0b000000000111
  xmm0=0x00009a9600009a9600006f2400006f24 xmm1=0x0000cf470000cf4700005a6f00005a6f 
  xmm2=0x0000235a0000235a0000cbaf0000cbaf xmm3=0x000045100000451000001fd400001fd4 
  xmm4=0x000014d8000014d80000f2d30000f2d3 xmm5=0x0000d2800000d2800000cc230000cc23 
  xmm6=0x0000dead0000dead0000afae0000afae xmm7=0x0000cd120000cd120000674100006741 

0xd : mov edx, 0
  rax=0x0000cee30000cee3 rbx=0x0000aa190000aa19 rcx=0x00000000000001a4 rdx=0x000038f9000038f9
  rsi=0x00004ae100004a0c rdi=0x0000013400000134 flags=0b000000000111
  xmm0=0x00009a9600009a9600006f2400006f24 xmm1=0x0000cf470000cf4700005a6f00005a6f 
  xmm2=0x0000235a0000235a0000cbaf0000cbaf xmm3=0x000045100000451000001fd400001fd4 
  xmm4=0x000014d8000014d80000f2d30000f2d3 xmm5=0x0000d2800000d2800000cc230000cc23 
  xmm6=0x0000dead0000dead0000afae0000afae xmm7=0x0000cd120000cd120000674100006741 

0x12: mov eax, 0b101111
  rax=0x0000cee30000cee3 rbx=0x0000aa190000aa19 rcx=0x00000000000001a4 rdx=0x0000000000000000
  rsi=0x00004ae100004a0c rdi=0x0000013400000134 flags=0b000000000111
  xmm0=0x00009a9600009a9600006f2400006f24 xmm1=0x0000cf470000cf4700005a6f00005a6f 
  xmm2=0x0000235a0000235a0000cbaf0000cbaf xmm3=0x000045100000451000001fd400001fd4 
  xmm4=0x000014d8000014d80000f2d30000f2d3 xmm5=0x0000d2800000d2800000cc230000cc23 
  xmm6=0x0000dead0000dead0000afae0000afae xmm7=0x0000cd120000cd120000674100006741 

0x17: wrmsr 
  rax=0x000000000000002f rbx=0x0000aa190000aa19 rcx=0x00000000000001a4 rdx=0x0000000000000000
  rsi=0x00004ae100004a0c rdi=0x0000013400000134 flags=0b000000000111
  xmm0=0x00009a9600009a9600006f2400006f24 xmm1=0x0000cf470000cf4700005a6f00005a6f 
  xmm2=0x0000235a0000235a0000cbaf0000cbaf xmm3=0x000045100000451000001fd400001fd4 
  xmm4=0x000014d8000014d80000f2d30000f2d3 xmm5=0x0000d2800000d2800000cc230000cc23 
  xmm6=0x0000dead0000dead0000afae0000afae xmm7=0x0000cd120000cd120000674100006741 

0x19: mov ecx, 0x48
  rax=0x000000000000002f rbx=0x0000aa190000aa19 rcx=0x00000000000001a4 rdx=0x0000000000000000
  rsi=0x00004ae100004a0c rdi=0x0000013400000134 flags=0b000000000111
  xmm0=0x00009a9600009a9600006f2400006f24 xmm1=0x0000cf470000cf4700005a6f00005a6f 
  xmm2=0x0000235a0000235a0000cbaf0000cbaf xmm3=0x000045100000451000001fd400001fd4 
  xmm4=0x000014d8000014d80000f2d30000f2d3 xmm5=0x0000d2800000d2800000cc230000cc23 
  xmm6=0x0000dead0000dead0000afae0000afae xmm7=0x0000cd120000cd120000674100006741 

0x1e: rdmsr 
  rax=0x000000000000002f rbx=0x0000aa190000aa19 rcx=0x0000000000000048 rdx=0x0000000000000000
  rsi=0x00004ae100004a0c rdi=0x0000013400000134 flags=0b000000000111
  xmm0=0x00009a9600009a9600006f2400006f24 xmm1=0x0000cf470000cf4700005a6f00005a6f 
  xmm2=0x0000235a0000235a0000cbaf0000cbaf xmm3=0x000045100000451000001fd400001fd4 
  xmm4=0x000014d8000014d80000f2d30000f2d3 xmm5=0x0000d2800000d2800000cc230000cc23 
  xmm6=0x0000dead0000dead0000afae0000afae xmm7=0x0000cd120000cd120000674100006741 

0x20: and eax, 0xfffffffb
  rax=0x0000000000000000 rbx=0x0000aa190000aa19 rcx=0x0000000000000048 rdx=0x0000000000000000
  rsi=0x00004ae100004a0c rdi=0x0000013400000134 flags=0b000000000111
  xmm0=0x00009a9600009a9600006f2400006f24 xmm1=0x0000cf470000cf4700005a6f00005a6f 
  xmm2=0x0000235a0000235a0000cbaf0000cbaf xmm3=0x000045100000451000001fd400001fd4 
  xmm4=0x000014d8000014d80000f2d30000f2d3 xmm5=0x0000d2800000d2800000cc230000cc23 
  xmm6=0x0000dead0000dead0000afae0000afae xmm7=0x0000cd120000cd120000674100006741 

0x23: or eax, 0x100
  rax=0x0000000000000000 rbx=0x0000aa190000aa19 rcx=0x0000000000000048 rdx=0x0000000000000000
  rsi=0x00004ae100004a0c rdi=0x0000013400000134 flags=0b000001000110
  xmm0=0x00009a9600009a9600006f2400006f24 xmm1=0x0000cf470000cf4700005a6f00005a6f 
  xmm2=0x0000235a0000235a0000cbaf0000cbaf xmm3=0x000045100000451000001fd400001fd4 
  xmm4=0x000014d8000014d80000f2d30000f2d3 xmm5=0x0000d2800000d2800000cc230000cc23 
  xmm6=0x0000dead0000dead0000afae0000afae xmm7=0x0000cd120000cd120000674100006741 

0x28: wrmsr 
  rax=0x0000000000000100 rbx=0x0000aa190000aa19 rcx=0x0000000000000048 rdx=0x0000000000000000
  rsi=0x00004ae100004a0c rdi=0x0000013400000134 flags=0b000000000110
  xmm0=0x00009a9600009a9600006f2400006f24 xmm1=0x0000cf470000cf4700005a6f00005a6f 
  xmm2=0x0000235a0000235a0000cbaf0000cbaf xmm3=0x000045100000451000001fd400001fd4 
  xmm4=0x000014d8000014d80000f2d30000f2d3 xmm5=0x0000d2800000d2800000cc230000cc23 
  xmm6=0x0000dead0000dead0000afae0000afae xmm7=0x0000cd120000cd120000674100006741 

0x2a: mfence 
  rax=0x0000000000000100 rbx=0x0000aa190000aa19 rcx=0x0000000000000048 rdx=0x0000000000000000
  rsi=0x00004ae100004a0c rdi=0x0000013400000134 flags=0b000000000110
  xmm0=0x00009a9600009a9600006f2400006f24 xmm1=0x0000cf470000cf4700005a6f00005a6f 
  xmm2=0x0000235a0000235a0000cbaf0000cbaf xmm3=0x000045100000451000001fd400001fd4 
  xmm4=0x000014d8000014d80000f2d30000f2d3 xmm5=0x0000d2800000d2800000cc230000cc23 
  xmm6=0x0000dead0000dead0000afae0000afae xmm7=0x0000cd120000cd120000674100006741 

0x2d: lfence 
  rax=0x0000000000000100 rbx=0x0000aa190000aa19 rcx=0x0000000000000048 rdx=0x0000000000000000
  rsi=0x00004ae100004a0c rdi=0x0000013400000134 flags=0b000000000110
  xmm0=0x00009a9600009a9600006f2400006f24 xmm1=0x0000cf470000cf4700005a6f00005a6f 
  xmm2=0x0000235a0000235a0000cbaf0000cbaf xmm3=0x000045100000451000001fd400001fd4 
  xmm4=0x000014d8000014d80000f2d30000f2d3 xmm5=0x0000d2800000d2800000cc230000cc23 
  xmm6=0x0000dead0000dead0000afae0000afae xmm7=0x0000cd120000cd120000674100006741 

0x30: macro .measurement_start, .noarg
  rax=0x0000000000000100 rbx=0x0000aa190000aa19 rcx=0x0000000000000048 rdx=0x0000000000000000
  rsi=0x00004ae100004a0c rdi=0x0000013400000134 flags=0b000000000110
  xmm0=0x00009a9600009a9600006f2400006f24 xmm1=0x0000cf470000cf4700005a6f00005a6f 
  xmm2=0x0000235a0000235a0000cbaf0000cbaf xmm3=0x000045100000451000001fd400001fd4 
  xmm4=0x000014d8000014d80000f2d30000f2d3 xmm5=0x0000d2800000d2800000cc230000cc23 
  xmm6=0x0000dead0000dead0000afae0000afae xmm7=0x0000cd120000cd120000674100006741 

0x38: mov ecx, 0x1a4
  rax=0x0000000000000100 rbx=0x0000aa190000aa19 rcx=0x0000000000000048 rdx=0x0000000000000000
  rsi=0x00004ae100004a0c rdi=0x0000013400000134 flags=0b000000000110
  xmm0=0x00009a9600009a9600006f2400006f24 xmm1=0x0000cf470000cf4700005a6f00005a6f 
  xmm2=0x0000235a0000235a0000cbaf0000cbaf xmm3=0x000045100000451000001fd400001fd4 
  xmm4=0x000014d8000014d80000f2d30000f2d3 xmm5=0x0000d2800000d2800000cc230000cc23 
  xmm6=0x0000dead0000dead0000afae0000afae xmm7=0x0000cd120000cd120000674100006741 

0x3d: mov edx, 0
  rax=0x0000000000000100 rbx=0x0000aa190000aa19 rcx=0x00000000000001a4 rdx=0x0000000000000000
  rsi=0x00004ae100004a0c rdi=0x0000013400000134 flags=0b000000000110
  xmm0=0x00009a9600009a9600006f2400006f24 xmm1=0x0000cf470000cf4700005a6f00005a6f 
  xmm2=0x0000235a0000235a0000cbaf0000cbaf xmm3=0x000045100000451000001fd400001fd4 
  xmm4=0x000014d8000014d80000f2d30000f2d3 xmm5=0x0000d2800000d2800000cc230000cc23 
  xmm6=0x0000dead0000dead0000afae0000afae xmm7=0x0000cd120000cd120000674100006741 

0x42: mov eax, 0b000000
  rax=0x0000000000000100 rbx=0x0000aa190000aa19 rcx=0x00000000000001a4 rdx=0x0000000000000000
  rsi=0x00004ae100004a0c rdi=0x0000013400000134 flags=0b000000000110
  xmm0=0x00009a9600009a9600006f2400006f24 xmm1=0x0000cf470000cf4700005a6f00005a6f 
  xmm2=0x0000235a0000235a0000cbaf0000cbaf xmm3=0x000045100000451000001fd400001fd4 
  xmm4=0x000014d8000014d80000f2d30000f2d3 xmm5=0x0000d2800000d2800000cc230000cc23 
  xmm6=0x0000dead0000dead0000afae0000afae xmm7=0x0000cd120000cd120000674100006741 

0x47: mov ecx, 0x48
  rax=0x0000000000000000 rbx=0x0000aa190000aa19 rcx=0x00000000000001a4 rdx=0x0000000000000000
  rsi=0x00004ae100004a0c rdi=0x0000013400000134 flags=0b000000000110
  xmm0=0x00009a9600009a9600006f2400006f24 xmm1=0x0000cf470000cf4700005a6f00005a6f 
  xmm2=0x0000235a0000235a0000cbaf0000cbaf xmm3=0x000045100000451000001fd400001fd4 
  xmm4=0x000014d8000014d80000f2d30000f2d3 xmm5=0x0000d2800000d2800000cc230000cc23 
  xmm6=0x0000dead0000dead0000afae0000afae xmm7=0x0000cd120000cd120000674100006741 

0x4c: rdmsr 
  rax=0x0000000000000000 rbx=0x0000aa190000aa19 rcx=0x0000000000000048 rdx=0x0000000000000000
  rsi=0x00004ae100004a0c rdi=0x0000013400000134 flags=0b000000000110
  xmm0=0x00009a9600009a9600006f2400006f24 xmm1=0x0000cf470000cf4700005a6f00005a6f 
  xmm2=0x0000235a0000235a0000cbaf0000cbaf xmm3=0x000045100000451000001fd400001fd4 
  xmm4=0x000014d8000014d80000f2d30000f2d3 xmm5=0x0000d2800000d2800000cc230000cc23 
  xmm6=0x0000dead0000dead0000afae0000afae xmm7=0x0000cd120000cd120000674100006741 

0x4e: and eax, 0xfffffffb
  rax=0x0000000000000000 rbx=0x0000aa190000aa19 rcx=0x0000000000000048 rdx=0x0000000000000000
  rsi=0x00004ae100004a0c rdi=0x0000013400000134 flags=0b000000000110
  xmm0=0x00009a9600009a9600006f2400006f24 xmm1=0x0000cf470000cf4700005a6f00005a6f 
  xmm2=0x0000235a0000235a0000cbaf0000cbaf xmm3=0x000045100000451000001fd400001fd4 
  xmm4=0x000014d8000014d80000f2d30000f2d3 xmm5=0x0000d2800000d2800000cc230000cc23 
  xmm6=0x0000dead0000dead0000afae0000afae xmm7=0x0000cd120000cd120000674100006741 

0x51: and eax, 0xfffffeff
  rax=0x0000000000000000 rbx=0x0000aa190000aa19 rcx=0x0000000000000048 rdx=0x0000000000000000
  rsi=0x00004ae100004a0c rdi=0x0000013400000134 flags=0b000001000110
  xmm0=0x00009a9600009a9600006f2400006f24 xmm1=0x0000cf470000cf4700005a6f00005a6f 
  xmm2=0x0000235a0000235a0000cbaf0000cbaf xmm3=0x000045100000451000001fd400001fd4 
  xmm4=0x000014d8000014d80000f2d30000f2d3 xmm5=0x0000d2800000d2800000cc230000cc23 
  xmm6=0x0000dead0000dead0000afae0000afae xmm7=0x0000cd120000cd120000674100006741 

0x56: wrmsr 
  rax=0x0000000000000000 rbx=0x0000aa190000aa19 rcx=0x0000000000000048 rdx=0x0000000000000000
  rsi=0x00004ae100004a0c rdi=0x0000013400000134 flags=0b000001000110
  xmm0=0x00009a9600009a9600006f2400006f24 xmm1=0x0000cf470000cf4700005a6f00005a6f 
  xmm2=0x0000235a0000235a0000cbaf0000cbaf xmm3=0x000045100000451000001fd400001fd4 
  xmm4=0x000014d8000014d80000f2d30000f2d3 xmm5=0x0000d2800000d2800000cc230000cc23 
  xmm6=0x0000dead0000dead0000afae0000afae xmm7=0x0000cd120000cd120000674100006741 

0x58: mfence 
  rax=0x0000000000000000 rbx=0x0000aa190000aa19 rcx=0x0000000000000048 rdx=0x0000000000000000
  rsi=0x00004ae100004a0c rdi=0x0000013400000134 flags=0b000001000110
  xmm0=0x00009a9600009a9600006f2400006f24 xmm1=0x0000cf470000cf4700005a6f00005a6f 
  xmm2=0x0000235a0000235a0000cbaf0000cbaf xmm3=0x000045100000451000001fd400001fd4 
  xmm4=0x000014d8000014d80000f2d30000f2d3 xmm5=0x0000d2800000d2800000cc230000cc23 
  xmm6=0x0000dead0000dead0000afae0000afae xmm7=0x0000cd120000cd120000674100006741 

0x5b: lfence 
  rax=0x0000000000000000 rbx=0x0000aa190000aa19 rcx=0x0000000000000048 rdx=0x0000000000000000
  rsi=0x00004ae100004a0c rdi=0x0000013400000134 flags=0b000001000110
  xmm0=0x00009a9600009a9600006f2400006f24 xmm1=0x0000cf470000cf4700005a6f00005a6f 
  xmm2=0x0000235a0000235a0000cbaf0000cbaf xmm3=0x000045100000451000001fd400001fd4 
  xmm4=0x000014d8000014d80000f2d30000f2d3 xmm5=0x0000d2800000d2800000cc230000cc23 
  xmm6=0x0000dead0000dead0000afae0000afae xmm7=0x0000cd120000cd120000674100006741 

0x5e: pop rdx
  rax=0x0000000000000000 rbx=0x0000aa190000aa19 rcx=0x0000000000000048 rdx=0x0000000000000000
  rsi=0x00004ae100004a0c rdi=0x0000013400000134 flags=0b000001000110
  xmm0=0x00009a9600009a9600006f2400006f24 xmm1=0x0000cf470000cf4700005a6f00005a6f 
  xmm2=0x0000235a0000235a0000cbaf0000cbaf xmm3=0x000045100000451000001fd400001fd4 
  xmm4=0x000014d8000014d80000f2d30000f2d3 xmm5=0x0000d2800000d2800000cc230000cc23 
  xmm6=0x0000dead0000dead0000afae0000afae xmm7=0x0000cd120000cd120000674100006741 

    > load from +0xfd8 value 0x38f9000038f9
0x5f: pop rcx
  rax=0x0000000000000000 rbx=0x0000aa190000aa19 rcx=0x0000000000000048 rdx=0x000038f9000038f9
  rsi=0x00004ae100004a0c rdi=0x0000013400000134 flags=0b000001000110
  xmm0=0x00009a9600009a9600006f2400006f24 xmm1=0x0000cf470000cf4700005a6f00005a6f 
  xmm2=0x0000235a0000235a0000cbaf0000cbaf xmm3=0x000045100000451000001fd400001fd4 
  xmm4=0x000014d8000014d80000f2d30000f2d3 xmm5=0x0000d2800000d2800000cc230000cc23 
  xmm6=0x0000dead0000dead0000afae0000afae xmm7=0x0000cd120000cd120000674100006741 

    > load from +0xfe0 value 0xdd980000dd98
0x60: pop rax
  rax=0x0000000000000000 rbx=0x0000aa190000aa19 rcx=0x0000dd980000dd98 rdx=0x000038f9000038f9
  rsi=0x00004ae100004a0c rdi=0x0000013400000134 flags=0b000001000110
  xmm0=0x00009a9600009a9600006f2400006f24 xmm1=0x0000cf470000cf4700005a6f00005a6f 
  xmm2=0x0000235a0000235a0000cbaf0000cbaf xmm3=0x000045100000451000001fd400001fd4 
  xmm4=0x000014d8000014d80000f2d30000f2d3 xmm5=0x0000d2800000d2800000cc230000cc23 
  xmm6=0x0000dead0000dead0000afae0000afae xmm7=0x0000cd120000cd120000674100006741 

    > load from +0xfe8 value 0xcee30000cee3
0x61: popfq 
  rax=0x0000cee30000cee3 rbx=0x0000aa190000aa19 rcx=0x0000dd980000dd98 rdx=0x000038f9000038f9
  rsi=0x00004ae100004a0c rdi=0x0000013400000134 flags=0b000001000110
  xmm0=0x00009a9600009a9600006f2400006f24 xmm1=0x0000cf470000cf4700005a6f00005a6f 
  xmm2=0x0000235a0000235a0000cbaf0000cbaf xmm3=0x000045100000451000001fd400001fd4 
  xmm4=0x000014d8000014d80000f2d30000f2d3 xmm5=0x0000d2800000d2800000cc230000cc23 
  xmm6=0x0000dead0000dead0000afae0000afae xmm7=0x0000cd120000cd120000674100006741 

    > load from +0xff0 value 0x7
0x62: and rcx, 0b1111111111111
  rax=0x0000cee30000cee3 rbx=0x0000aa190000aa19 rcx=0x0000dd980000dd98 rdx=0x000038f9000038f9
  rsi=0x00004ae100004a0c rdi=0x0000013400000134 flags=0b000000000111
  xmm0=0x00009a9600009a9600006f2400006f24 xmm1=0x0000cf470000cf4700005a6f00005a6f 
  xmm2=0x0000235a0000235a0000cbaf0000cbaf xmm3=0x000045100000451000001fd400001fd4 
  xmm4=0x000014d8000014d80000f2d30000f2d3 xmm5=0x0000d2800000d2800000cc230000cc23 
  xmm6=0x0000dead0000dead0000afae0000afae xmm7=0x0000cd120000cd120000674100006741 

0x69: cmovb esi, [r14 +rcx]
  rax=0x0000cee30000cee3 rbx=0x0000aa190000aa19 rcx=0x0000000000001d98 rdx=0x000038f9000038f9
  rsi=0x00004ae100004a0c rdi=0x0000013400000134 flags=0b000000000010
  xmm0=0x00009a9600009a9600006f2400006f24 xmm1=0x0000cf470000cf4700005a6f00005a6f 
  xmm2=0x0000235a0000235a0000cbaf0000cbaf xmm3=0x000045100000451000001fd400001fd4 
  xmm4=0x000014d8000014d80000f2d30000f2d3 xmm5=0x0000d2800000d2800000cc230000cc23 
  xmm6=0x0000dead0000dead0000afae0000afae xmm7=0x0000cd120000cd120000674100006741 

    > load from +0x1d98 value 0xc4b2
0x6e: and rsi, 0b1111111111111
  rax=0x0000cee30000cee3 rbx=0x0000aa190000aa19 rcx=0x0000000000001d98 rdx=0x000038f9000038f9
  rsi=0x0000000000004a0c rdi=0x0000013400000134 flags=0b000000000010
  xmm0=0x00009a9600009a9600006f2400006f24 xmm1=0x0000cf470000cf4700005a6f00005a6f 
  xmm2=0x0000235a0000235a0000cbaf0000cbaf xmm3=0x000045100000451000001fd400001fd4 
  xmm4=0x000014d8000014d80000f2d30000f2d3 xmm5=0x0000d2800000d2800000cc230000cc23 
  xmm6=0x0000dead0000dead0000afae0000afae xmm7=0x0000cd120000cd120000674100006741 

0x75: cmovo rdx, [r14 +rsi]
  rax=0x0000cee30000cee3 rbx=0x0000aa190000aa19 rcx=0x0000000000001d98 rdx=0x000038f9000038f9
  rsi=0x0000000000000a0c rdi=0x0000013400000134 flags=0b000000000110
  xmm0=0x00009a9600009a9600006f2400006f24 xmm1=0x0000cf470000cf4700005a6f00005a6f 
  xmm2=0x0000235a0000235a0000cbaf0000cbaf xmm3=0x000045100000451000001fd400001fd4 
  xmm4=0x000014d8000014d80000f2d30000f2d3 xmm5=0x0000d2800000d2800000cc230000cc23 
  xmm6=0x0000dead0000dead0000afae0000afae xmm7=0x0000cd120000cd120000674100006741 

    > load from +0xa0c value 0x9bd50000b105
0x7a: setno dl
  rax=0x0000cee30000cee3 rbx=0x0000aa190000aa19 rcx=0x0000000000001d98 rdx=0x000038f9000038f9
  rsi=0x0000000000000a0c rdi=0x0000013400000134 flags=0b000000000110
  xmm0=0x00009a9600009a9600006f2400006f24 xmm1=0x0000cf470000cf4700005a6f00005a6f 
  xmm2=0x0000235a0000235a0000cbaf0000cbaf xmm3=0x000045100000451000001fd400001fd4 
  xmm4=0x000014d8000014d80000f2d30000f2d3 xmm5=0x0000d2800000d2800000cc230000cc23 
  xmm6=0x0000dead0000dead0000afae0000afae xmm7=0x0000cd120000cd120000674100006741 

0x7d: or edi, 1
  rax=0x0000cee30000cee3 rbx=0x0000aa190000aa19 rcx=0x0000000000001d98 rdx=0x000038f900003801
  rsi=0x0000000000000a0c rdi=0x0000013400000134 flags=0b000000000110
  xmm0=0x00009a9600009a9600006f2400006f24 xmm1=0x0000cf470000cf4700005a6f00005a6f 
  xmm2=0x0000235a0000235a0000cbaf0000cbaf xmm3=0x000045100000451000001fd400001fd4 
  xmm4=0x000014d8000014d80000f2d30000f2d3 xmm5=0x0000d2800000d2800000cc230000cc23 
  xmm6=0x0000dead0000dead0000afae0000afae xmm7=0x0000cd120000cd120000674100006741 

0x80: and edx, edi
  rax=0x0000cee30000cee3 rbx=0x0000aa190000aa19 rcx=0x0000000000001d98 rdx=0x000038f900003801
  rsi=0x0000000000000a0c rdi=0x0000000000000135 flags=0b000000000110
  xmm0=0x00009a9600009a9600006f2400006f24 xmm1=0x0000cf470000cf4700005a6f00005a6f 
  xmm2=0x0000235a0000235a0000cbaf0000cbaf xmm3=0x000045100000451000001fd400001fd4 
  xmm4=0x000014d8000014d80000f2d30000f2d3 xmm5=0x0000d2800000d2800000cc230000cc23 
  xmm6=0x0000dead0000dead0000afae0000afae xmm7=0x0000cd120000cd120000674100006741 

0x82: shr edx, 1
  rax=0x0000cee30000cee3 rbx=0x0000aa190000aa19 rcx=0x0000000000001d98 rdx=0x0000000000000001
  rsi=0x0000000000000a0c rdi=0x0000000000000135 flags=0b000000000010
  xmm0=0x00009a9600009a9600006f2400006f24 xmm1=0x0000cf470000cf4700005a6f00005a6f 
  xmm2=0x0000235a0000235a0000cbaf0000cbaf xmm3=0x000045100000451000001fd400001fd4 
  xmm4=0x000014d8000014d80000f2d30000f2d3 xmm5=0x0000d2800000d2800000cc230000cc23 
  xmm6=0x0000dead0000dead0000afae0000afae xmm7=0x0000cd120000cd120000674100006741 

0x84: div edi
  rax=0x0000cee30000cee3 rbx=0x0000aa190000aa19 rcx=0x0000000000001d98 rdx=0x0000000000000000
  rsi=0x0000000000000a0c rdi=0x0000000000000135 flags=0b000001000111
  xmm0=0x00009a9600009a9600006f2400006f24 xmm1=0x0000cf470000cf4700005a6f00005a6f 
  xmm2=0x0000235a0000235a0000cbaf0000cbaf xmm3=0x000045100000451000001fd400001fd4 
  xmm4=0x000014d8000014d80000f2d30000f2d3 xmm5=0x0000d2800000d2800000cc230000cc23 
  xmm6=0x0000dead0000dead0000afae0000afae xmm7=0x0000cd120000cd120000674100006741 

0x86: inc al
  rax=0x00000000000000ab rbx=0x0000aa190000aa19 rcx=0x0000000000001d98 rdx=0x000000000000007c
  rsi=0x0000000000000a0c rdi=0x0000000000000135 flags=0b000001000111
  xmm0=0x00009a9600009a9600006f2400006f24 xmm1=0x0000cf470000cf4700005a6f00005a6f 
  xmm2=0x0000235a0000235a0000cbaf0000cbaf xmm3=0x000045100000451000001fd400001fd4 
  xmm4=0x000014d8000014d80000f2d30000f2d3 xmm5=0x0000d2800000d2800000cc230000cc23 
  xmm6=0x0000dead0000dead0000afae0000afae xmm7=0x0000cd120000cd120000674100006741 

0x88: and rsi, 0b1111111111111
  rax=0x00000000000000ac rbx=0x0000aa190000aa19 rcx=0x0000000000001d98 rdx=0x000000000000007c
  rsi=0x0000000000000a0c rdi=0x0000000000000135 flags=0b000010000111
  xmm0=0x00009a9600009a9600006f2400006f24 xmm1=0x0000cf470000cf4700005a6f00005a6f 
  xmm2=0x0000235a0000235a0000cbaf0000cbaf xmm3=0x000045100000451000001fd400001fd4 
  xmm4=0x000014d8000014d80000f2d30000f2d3 xmm5=0x0000d2800000d2800000cc230000cc23 
  xmm6=0x0000dead0000dead0000afae0000afae xmm7=0x0000cd120000cd120000674100006741 

0x8f: or ecx, [r14 +rsi]
  rax=0x00000000000000ac rbx=0x0000aa190000aa19 rcx=0x0000000000001d98 rdx=0x000000000000007c
  rsi=0x0000000000000a0c rdi=0x0000000000000135 flags=0b000000000110
  xmm0=0x00009a9600009a9600006f2400006f24 xmm1=0x0000cf470000cf4700005a6f00005a6f 
  xmm2=0x0000235a0000235a0000cbaf0000cbaf xmm3=0x000045100000451000001fd400001fd4 
  xmm4=0x000014d8000014d80000f2d30000f2d3 xmm5=0x0000d2800000d2800000cc230000cc23 
  xmm6=0x0000dead0000dead0000afae0000afae xmm7=0x0000cd120000cd120000674100006741 

    > load from +0xa0c value 0xb105
0x93: add cl, 68
  rax=0x00000000000000ac rbx=0x0000aa190000aa19 rcx=0x000000000000bd9d rdx=0x000000000000007c
  rsi=0x0000000000000a0c rdi=0x0000000000000135 flags=0b000000000010
  xmm0=0x00009a9600009a9600006f2400006f24 xmm1=0x0000cf470000cf4700005a6f00005a6f 
  xmm2=0x0000235a0000235a0000cbaf0000cbaf xmm3=0x000045100000451000001fd400001fd4 
  xmm4=0x000014d8000014d80000f2d30000f2d3 xmm5=0x0000d2800000d2800000cc230000cc23 
  xmm6=0x0000dead0000dead0000afae0000afae xmm7=0x0000cd120000cd120000674100006741 

0x96: and rcx, 0b1111111111111
  rax=0x00000000000000ac rbx=0x0000aa190000aa19 rcx=0x000000000000bde1 rdx=0x000000000000007c
  rsi=0x0000000000000a0c rdi=0x0000000000000135 flags=0b000010010110
  xmm0=0x00009a9600009a9600006f2400006f24 xmm1=0x0000cf470000cf4700005a6f00005a6f 
  xmm2=0x0000235a0000235a0000cbaf0000cbaf xmm3=0x000045100000451000001fd400001fd4 
  xmm4=0x000014d8000014d80000f2d30000f2d3 xmm5=0x0000d2800000d2800000cc230000cc23 
  xmm6=0x0000dead0000dead0000afae0000afae xmm7=0x0000cd120000cd120000674100006741 

0x9d: cmovnz ecx, [r14 +rcx]
  rax=0x00000000000000ac rbx=0x0000aa190000aa19 rcx=0x0000000000001de1 rdx=0x000000000000007c
  rsi=0x0000000000000a0c rdi=0x0000000000000135 flags=0b000000000110
  xmm0=0x00009a9600009a9600006f2400006f24 xmm1=0x0000cf470000cf4700005a6f00005a6f 
  xmm2=0x0000235a0000235a0000cbaf0000cbaf xmm3=0x000045100000451000001fd400001fd4 
  xmm4=0x000014d8000014d80000f2d30000f2d3 xmm5=0x0000d2800000d2800000cc230000cc23 
  xmm6=0x0000dead0000dead0000afae0000afae xmm7=0x0000cd120000cd120000674100006741 

    > load from +0x1de1 value 0xd80000de
0xa2: and rcx, 0b1111111111111
  rax=0x00000000000000ac rbx=0x0000aa190000aa19 rcx=0x00000000d80000de rdx=0x000000000000007c
  rsi=0x0000000000000a0c rdi=0x0000000000000135 flags=0b000000000110
  xmm0=0x00009a9600009a9600006f2400006f24 xmm1=0x0000cf470000cf4700005a6f00005a6f 
  xmm2=0x0000235a0000235a0000cbaf0000cbaf xmm3=0x000045100000451000001fd400001fd4 
  xmm4=0x000014d8000014d80000f2d30000f2d3 xmm5=0x0000d2800000d2800000cc230000cc23 
  xmm6=0x0000dead0000dead0000afae0000afae xmm7=0x0000cd120000cd120000674100006741 

0xa9: cmovl ax, [r14 +rcx]
  rax=0x00000000000000ac rbx=0x0000aa190000aa19 rcx=0x00000000000000de rdx=0x000000000000007c
  rsi=0x0000000000000a0c rdi=0x0000000000000135 flags=0b000000000110
  xmm0=0x00009a9600009a9600006f2400006f24 xmm1=0x0000cf470000cf4700005a6f00005a6f 
  xmm2=0x0000235a0000235a0000cbaf0000cbaf xmm3=0x000045100000451000001fd400001fd4 
  xmm4=0x000014d8000014d80000f2d30000f2d3 xmm5=0x0000d2800000d2800000cc230000cc23 
  xmm6=0x0000dead0000dead0000afae0000afae xmm7=0x0000cd120000cd120000674100006741 

    > load from +0xde value 0x0
0xaf: and rcx, 0b1111111111111
  rax=0x00000000000000ac rbx=0x0000aa190000aa19 rcx=0x00000000000000de rdx=0x000000000000007c
  rsi=0x0000000000000a0c rdi=0x0000000000000135 flags=0b000000000110
  xmm0=0x00009a9600009a9600006f2400006f24 xmm1=0x0000cf470000cf4700005a6f00005a6f 
  xmm2=0x0000235a0000235a0000cbaf0000cbaf xmm3=0x000045100000451000001fd400001fd4 
  xmm4=0x000014d8000014d80000f2d30000f2d3 xmm5=0x0000d2800000d2800000cc230000cc23 
  xmm6=0x0000dead0000dead0000afae0000afae xmm7=0x0000cd120000cd120000674100006741 

0xb6: cmovs rdx, [r14 +rcx]
  rax=0x00000000000000ac rbx=0x0000aa190000aa19 rcx=0x00000000000000de rdx=0x000000000000007c
  rsi=0x0000000000000a0c rdi=0x0000000000000135 flags=0b000000000110
  xmm0=0x00009a9600009a9600006f2400006f24 xmm1=0x0000cf470000cf4700005a6f00005a6f 
  xmm2=0x0000235a0000235a0000cbaf0000cbaf xmm3=0x000045100000451000001fd400001fd4 
  xmm4=0x000014d8000014d80000f2d30000f2d3 xmm5=0x0000d2800000d2800000cc230000cc23 
  xmm6=0x0000dead0000dead0000afae0000afae xmm7=0x0000cd120000cd120000674100006741 

    > load from +0xde value 0xd15c0000d15c0000
0xbb: and rcx, 0b1111111111111
  rax=0x00000000000000ac rbx=0x0000aa190000aa19 rcx=0x00000000000000de rdx=0x000000000000007c
  rsi=0x0000000000000a0c rdi=0x0000000000000135 flags=0b000000000110
  xmm0=0x00009a9600009a9600006f2400006f24 xmm1=0x0000cf470000cf4700005a6f00005a6f 
  xmm2=0x0000235a0000235a0000cbaf0000cbaf xmm3=0x000045100000451000001fd400001fd4 
  xmm4=0x000014d8000014d80000f2d30000f2d3 xmm5=0x0000d2800000d2800000cc230000cc23 
  xmm6=0x0000dead0000dead0000afae0000afae xmm7=0x0000cd120000cd120000674100006741 

0xc2: test [r14 +rcx], rcx
  rax=0x00000000000000ac rbx=0x0000aa190000aa19 rcx=0x00000000000000de rdx=0x000000000000007c
  rsi=0x0000000000000a0c rdi=0x0000000000000135 flags=0b000000000110
  xmm0=0x00009a9600009a9600006f2400006f24 xmm1=0x0000cf470000cf4700005a6f00005a6f 
  xmm2=0x0000235a0000235a0000cbaf0000cbaf xmm3=0x000045100000451000001fd400001fd4 
  xmm4=0x000014d8000014d80000f2d30000f2d3 xmm5=0x0000d2800000d2800000cc230000cc23 
  xmm6=0x0000dead0000dead0000afae0000afae xmm7=0x0000cd120000cd120000674100006741 

    > load from +0xde value 0xd15c0000d15c0000
0xc6: and rcx, 0b1111111111111
  rax=0x00000000000000ac rbx=0x0000aa190000aa19 rcx=0x00000000000000de rdx=0x000000000000007c
  rsi=0x0000000000000a0c rdi=0x0000000000000135 flags=0b000001000110
  xmm0=0x00009a9600009a9600006f2400006f24 xmm1=0x0000cf470000cf4700005a6f00005a6f 
  xmm2=0x0000235a0000235a0000cbaf0000cbaf xmm3=0x000045100000451000001fd400001fd4 
  xmm4=0x000014d8000014d80000f2d30000f2d3 xmm5=0x0000d2800000d2800000cc230000cc23 
  xmm6=0x0000dead0000dead0000afae0000afae xmm7=0x0000cd120000cd120000674100006741 

0xcd: or [r14 +rcx], 1
  rax=0x00000000000000ac rbx=0x0000aa190000aa19 rcx=0x00000000000000de rdx=0x000000000000007c
  rsi=0x0000000000000a0c rdi=0x0000000000000135 flags=0b000000000110
  xmm0=0x00009a9600009a9600006f2400006f24 xmm1=0x0000cf470000cf4700005a6f00005a6f 
  xmm2=0x0000235a0000235a0000cbaf0000cbaf xmm3=0x000045100000451000001fd400001fd4 
  xmm4=0x000014d8000014d80000f2d30000f2d3 xmm5=0x0000d2800000d2800000cc230000cc23 
  xmm6=0x0000dead0000dead0000afae0000afae xmm7=0x0000cd120000cd120000674100006741 

    > load from +0xde value 0x0
    > store to +0xde value 0x1
0xd3: and dx, [r14 +rcx]
  rax=0x00000000000000ac rbx=0x0000aa190000aa19 rcx=0x00000000000000de rdx=0x000000000000007c
  rsi=0x0000000000000a0c rdi=0x0000000000000135 flags=0b000000000010
  xmm0=0x00009a9600009a9600006f2400006f24 xmm1=0x0000cf470000cf4700005a6f00005a6f 
  xmm2=0x0000235a0000235a0000cbaf0000cbaf xmm3=0x000045100000451000001fd400001fd4 
  xmm4=0x000014d8000014d80000f2d30000f2d3 xmm5=0x0000d2800000d2800000cc230000cc23 
  xmm6=0x0000dead0000dead0000afae0000afae xmm7=0x0000cd120000cd120000674100006741 

    > load from +0xde value 0x1
0xd8: shr dx, 1
  rax=0x00000000000000ac rbx=0x0000aa190000aa19 rcx=0x00000000000000de rdx=0x0000000000000000
  rsi=0x0000000000000a0c rdi=0x0000000000000135 flags=0b000001000110
  xmm0=0x00009a9600009a9600006f2400006f24 xmm1=0x0000cf470000cf4700005a6f00005a6f 
  xmm2=0x0000235a0000235a0000cbaf0000cbaf xmm3=0x000045100000451000001fd400001fd4 
  xmm4=0x000014d8000014d80000f2d30000f2d3 xmm5=0x0000d2800000d2800000cc230000cc23 
  xmm6=0x0000dead0000dead0000afae0000afae xmm7=0x0000cd120000cd120000674100006741 

0xdb: div [r14 +rcx]
  rax=0x00000000000000ac rbx=0x0000aa190000aa19 rcx=0x00000000000000de rdx=0x0000000000000000
  rsi=0x0000000000000a0c rdi=0x0000000000000135 flags=0b000001000110
  xmm0=0x00009a9600009a9600006f2400006f24 xmm1=0x0000cf470000cf4700005a6f00005a6f 
  xmm2=0x0000235a0000235a0000cbaf0000cbaf xmm3=0x000045100000451000001fd400001fd4 
  xmm4=0x000014d8000014d80000f2d30000f2d3 xmm5=0x0000d2800000d2800000cc230000cc23 
  xmm6=0x0000dead0000dead0000afae0000afae xmm7=0x0000cd120000cd120000674100006741 

    > load from +0xde value 0x1
0xe0: and rdi, 0b1111111111111
  rax=0x00000000000000ac rbx=0x0000aa190000aa19 rcx=0x00000000000000de rdx=0x0000000000000000
  rsi=0x0000000000000a0c rdi=0x0000000000000135 flags=0b000001000110
  xmm0=0x00009a9600009a9600006f2400006f24 xmm1=0x0000cf470000cf4700005a6f00005a6f 
  xmm2=0x0000235a0000235a0000cbaf0000cbaf xmm3=0x000045100000451000001fd400001fd4 
  xmm4=0x000014d8000014d80000f2d30000f2d3 xmm5=0x0000d2800000d2800000cc230000cc23 
  xmm6=0x0000dead0000dead0000afae0000afae xmm7=0x0000cd120000cd120000674100006741 

0xe7: and rbx, 0b1111111111111
  rax=0x00000000000000ac rbx=0x0000aa190000aa19 rcx=0x00000000000000de rdx=0x0000000000000000
  rsi=0x0000000000000a0c rdi=0x0000000000000135 flags=0b000000000110
  xmm0=0x00009a9600009a9600006f2400006f24 xmm1=0x0000cf470000cf4700005a6f00005a6f 
  xmm2=0x0000235a0000235a0000cbaf0000cbaf xmm3=0x000045100000451000001fd400001fd4 
  xmm4=0x000014d8000014d80000f2d30000f2d3 xmm5=0x0000d2800000d2800000cc230000cc23 
  xmm6=0x0000dead0000dead0000afae0000afae xmm7=0x0000cd120000cd120000674100006741 

0xee: movzx di, [r14 +rbx]
  rax=0x00000000000000ac rbx=0x0000000000000a19 rcx=0x00000000000000de rdx=0x0000000000000000
  rsi=0x0000000000000a0c rdi=0x0000000000000135 flags=0b000000000010
  xmm0=0x00009a9600009a9600006f2400006f24 xmm1=0x0000cf470000cf4700005a6f00005a6f 
  xmm2=0x0000235a0000235a0000cbaf0000cbaf xmm3=0x000045100000451000001fd400001fd4 
  xmm4=0x000014d8000014d80000f2d30000f2d3 xmm5=0x0000d2800000d2800000cc230000cc23 
  xmm6=0x0000dead0000dead0000afae0000afae xmm7=0x0000cd120000cd120000674100006741 

    > load from +0xa19 value 0x2c
0xf4: and rdi, 0b1111111111111
  rax=0x00000000000000ac rbx=0x0000000000000a19 rcx=0x00000000000000de rdx=0x0000000000000000
  rsi=0x0000000000000a0c rdi=0x000000000000002c flags=0b000000000010
  xmm0=0x00009a9600009a9600006f2400006f24 xmm1=0x0000cf470000cf4700005a6f00005a6f 
  xmm2=0x0000235a0000235a0000cbaf0000cbaf xmm3=0x000045100000451000001fd400001fd4 
  xmm4=0x000014d8000014d80000f2d30000f2d3 xmm5=0x0000d2800000d2800000cc230000cc23 
  xmm6=0x0000dead0000dead0000afae0000afae xmm7=0x0000cd120000cd120000674100006741 

0xfb: or al, [r14 +rdi]
  rax=0x00000000000000ac rbx=0x0000000000000a19 rcx=0x00000000000000de rdx=0x0000000000000000
  rsi=0x0000000000000a0c rdi=0x000000000000002c flags=0b000000000010
  xmm0=0x00009a9600009a9600006f2400006f24 xmm1=0x0000cf470000cf4700005a6f00005a6f 
  xmm2=0x0000235a0000235a0000cbaf0000cbaf xmm3=0x000045100000451000001fd400001fd4 
  xmm4=0x000014d8000014d80000f2d30000f2d3 xmm5=0x0000d2800000d2800000cc230000cc23 
  xmm6=0x0000dead0000dead0000afae0000afae xmm7=0x0000cd120000cd120000674100006741 

    > load from +0x2c value 0x5b
0xff: add esi, 9
  rax=0x00000000000000ff rbx=0x0000000000000a19 rcx=0x00000000000000de rdx=0x0000000000000000
  rsi=0x0000000000000a0c rdi=0x000000000000002c flags=0b000010000110
  xmm0=0x00009a9600009a9600006f2400006f24 xmm1=0x0000cf470000cf4700005a6f00005a6f 
  xmm2=0x0000235a0000235a0000cbaf0000cbaf xmm3=0x000045100000451000001fd400001fd4 
  xmm4=0x000014d8000014d80000f2d30000f2d3 xmm5=0x0000d2800000d2800000cc230000cc23 
  xmm6=0x0000dead0000dead0000afae0000afae xmm7=0x0000cd120000cd120000674100006741 

0x102: and rax, 0b1111111111111
  rax=0x00000000000000ff rbx=0x0000000000000a19 rcx=0x00000000000000de rdx=0x0000000000000000
  rsi=0x0000000000000a15 rdi=0x000000000000002c flags=0b000000010010
  xmm0=0x00009a9600009a9600006f2400006f24 xmm1=0x0000cf470000cf4700005a6f00005a6f 
  xmm2=0x0000235a0000235a0000cbaf0000cbaf xmm3=0x000045100000451000001fd400001fd4 
  xmm4=0x000014d8000014d80000f2d30000f2d3 xmm5=0x0000d2800000d2800000cc230000cc23 
  xmm6=0x0000dead0000dead0000afae0000afae xmm7=0x0000cd120000cd120000674100006741 

0x108: cmovl esi, [r14 +rax]
  rax=0x00000000000000ff rbx=0x0000000000000a19 rcx=0x00000000000000de rdx=0x0000000000000000
  rsi=0x0000000000000a15 rdi=0x000000000000002c flags=0b000000000110
  xmm0=0x00009a9600009a9600006f2400006f24 xmm1=0x0000cf470000cf4700005a6f00005a6f 
  xmm2=0x0000235a0000235a0000cbaf0000cbaf xmm3=0x000045100000451000001fd400001fd4 
  xmm4=0x000014d8000014d80000f2d30000f2d3 xmm5=0x0000d2800000d2800000cc230000cc23 
  xmm6=0x0000dead0000dead0000afae0000afae xmm7=0x0000cd120000cd120000674100006741 

    > load from +0xff value 0x978000
0x10d: and rcx, 0b1111111111111
  rax=0x00000000000000ff rbx=0x0000000000000a19 rcx=0x00000000000000de rdx=0x0000000000000000
  rsi=0x0000000000000a15 rdi=0x000000000000002c flags=0b000000000110
  xmm0=0x00009a9600009a9600006f2400006f24 xmm1=0x0000cf470000cf4700005a6f00005a6f 
  xmm2=0x0000235a0000235a0000cbaf0000cbaf xmm3=0x000045100000451000001fd400001fd4 
  xmm4=0x000014d8000014d80000f2d30000f2d3 xmm5=0x0000d2800000d2800000cc230000cc23 
  xmm6=0x0000dead0000dead0000afae0000afae xmm7=0x0000cd120000cd120000674100006741 

0x114: cmovns si, [r14 +rcx]
  rax=0x00000000000000ff rbx=0x0000000000000a19 rcx=0x00000000000000de rdx=0x0000000000000000
  rsi=0x0000000000000a15 rdi=0x000000000000002c flags=0b000000000110
  xmm0=0x00009a9600009a9600006f2400006f24 xmm1=0x0000cf470000cf4700005a6f00005a6f 
  xmm2=0x0000235a0000235a0000cbaf0000cbaf xmm3=0x000045100000451000001fd400001fd4 
  xmm4=0x000014d8000014d80000f2d30000f2d3 xmm5=0x0000d2800000d2800000cc230000cc23 
  xmm6=0x0000dead0000dead0000afae0000afae xmm7=0x0000cd120000cd120000674100006741 

    > load from +0xde value 0x1
0x11a: adc dx, -121
  rax=0x00000000000000ff rbx=0x0000000000000a19 rcx=0x00000000000000de rdx=0x0000000000000000
  rsi=0x0000000000000001 rdi=0x000000000000002c flags=0b000000000110
  xmm0=0x00009a9600009a9600006f2400006f24 xmm1=0x0000cf470000cf4700005a6f00005a6f 
  xmm2=0x0000235a0000235a0000cbaf0000cbaf xmm3=0x000045100000451000001fd400001fd4 
  xmm4=0x000014d8000014d80000f2d30000f2d3 xmm5=0x0000d2800000d2800000cc230000cc23 
  xmm6=0x0000dead0000dead0000afae0000afae xmm7=0x0000cd120000cd120000674100006741 

0x11e: and rcx, 0b1111111111111
  rax=0x00000000000000ff rbx=0x0000000000000a19 rcx=0x00000000000000de rdx=0x000000000000ff87
  rsi=0x0000000000000001 rdi=0x000000000000002c flags=0b000010000110
  xmm0=0x00009a9600009a9600006f2400006f24 xmm1=0x0000cf470000cf4700005a6f00005a6f 
  xmm2=0x0000235a0000235a0000cbaf0000cbaf xmm3=0x000045100000451000001fd400001fd4 
  xmm4=0x000014d8000014d80000f2d30000f2d3 xmm5=0x0000d2800000d2800000cc230000cc23 
  xmm6=0x0000dead0000dead0000afae0000afae xmm7=0x0000cd120000cd120000674100006741 

0x125: test [r14 +rcx], cx
  rax=0x00000000000000ff rbx=0x0000000000000a19 rcx=0x00000000000000de rdx=0x000000000000ff87
  rsi=0x0000000000000001 rdi=0x000000000000002c flags=0b000000000110
  xmm0=0x00009a9600009a9600006f2400006f24 xmm1=0x0000cf470000cf4700005a6f00005a6f 
  xmm2=0x0000235a0000235a0000cbaf0000cbaf xmm3=0x000045100000451000001fd400001fd4 
  xmm4=0x000014d8000014d80000f2d30000f2d3 xmm5=0x0000d2800000d2800000cc230000cc23 
  xmm6=0x0000dead0000dead0000afae0000afae xmm7=0x0000cd120000cd120000674100006741 

    > load from +0xde value 0x1
0x12a: and rdx, 0b1111111111111
  rax=0x00000000000000ff rbx=0x0000000000000a19 rcx=0x00000000000000de rdx=0x000000000000ff87
  rsi=0x0000000000000001 rdi=0x000000000000002c flags=0b000001000110
  xmm0=0x00009a9600009a9600006f2400006f24 xmm1=0x0000cf470000cf4700005a6f00005a6f 
  xmm2=0x0000235a0000235a0000cbaf0000cbaf xmm3=0x000045100000451000001fd400001fd4 
  xmm4=0x000014d8000014d80000f2d30000f2d3 xmm5=0x0000d2800000d2800000cc230000cc23 
  xmm6=0x0000dead0000dead0000afae0000afae xmm7=0x0000cd120000cd120000674100006741 

0x131: test [r14 +rdx], 1928182737
  rax=0x00000000000000ff rbx=0x0000000000000a19 rcx=0x00000000000000de rdx=0x0000000000001f87
  rsi=0x0000000000000001 rdi=0x000000000000002c flags=0b000000000110
  xmm0=0x00009a9600009a9600006f2400006f24 xmm1=0x0000cf470000cf4700005a6f00005a6f 
  xmm2=0x0000235a0000235a0000cbaf0000cbaf xmm3=0x000045100000451000001fd400001fd4 
  xmm4=0x000014d8000014d80000f2d30000f2d3 xmm5=0x0000d2800000d2800000cc230000cc23 
  xmm6=0x0000dead0000dead0000afae0000afae xmm7=0x0000cd120000cd120000674100006741 

    > load from +0x1f87 value 0xb6c400
0x139: and rsi, 0b1111111111111
  rax=0x00000000000000ff rbx=0x0000000000000a19 rcx=0x00000000000000de rdx=0x0000000000001f87
  rsi=0x0000000000000001 rdi=0x000000000000002c flags=0b000000000110
  xmm0=0x00009a9600009a9600006f2400006f24 xmm1=0x0000cf470000cf4700005a6f00005a6f 
  xmm2=0x0000235a0000235a0000cbaf0000cbaf xmm3=0x000045100000451000001fd400001fd4 
  xmm4=0x000014d8000014d80000f2d30000f2d3 xmm5=0x0000d2800000d2800000cc230000cc23 
  xmm6=0x0000dead0000dead0000afae0000afae xmm7=0x0000cd120000cd120000674100006741 

0x140: nop [r14 +rsi]
  rax=0x00000000000000ff rbx=0x0000000000000a19 rcx=0x00000000000000de rdx=0x0000000000001f87
  rsi=0x0000000000000001 rdi=0x000000000000002c flags=0b000000000010
  xmm0=0x00009a9600009a9600006f2400006f24 xmm1=0x0000cf470000cf4700005a6f00005a6f 
  xmm2=0x0000235a0000235a0000cbaf0000cbaf xmm3=0x000045100000451000001fd400001fd4 
  xmm4=0x000014d8000014d80000f2d30000f2d3 xmm5=0x0000d2800000d2800000cc230000cc23 
  xmm6=0x0000dead0000dead0000afae0000afae xmm7=0x0000cd120000cd120000674100006741 

0x145: and rsi, 0b1111111111111
  rax=0x00000000000000ff rbx=0x0000000000000a19 rcx=0x00000000000000de rdx=0x0000000000001f87
  rsi=0x0000000000000001 rdi=0x000000000000002c flags=0b000000000010
  xmm0=0x00009a9600009a9600006f2400006f24 xmm1=0x0000cf470000cf4700005a6f00005a6f 
  xmm2=0x0000235a0000235a0000cbaf0000cbaf xmm3=0x000045100000451000001fd400001fd4 
  xmm4=0x000014d8000014d80000f2d30000f2d3 xmm5=0x0000d2800000d2800000cc230000cc23 
  xmm6=0x0000dead0000dead0000afae0000afae xmm7=0x0000cd120000cd120000674100006741 

0x14c: cmovle rdx, [r14 +rsi]
  rax=0x00000000000000ff rbx=0x0000000000000a19 rcx=0x00000000000000de rdx=0x0000000000001f87
  rsi=0x0000000000000001 rdi=0x000000000000002c flags=0b000000000010
  xmm0=0x00009a9600009a9600006f2400006f24 xmm1=0x0000cf470000cf4700005a6f00005a6f 
  xmm2=0x0000235a0000235a0000cbaf0000cbaf xmm3=0x000045100000451000001fd400001fd4 
  xmm4=0x000014d8000014d80000f2d30000f2d3 xmm5=0x0000d2800000d2800000cc230000cc23 
  xmm6=0x0000dead0000dead0000afae0000afae xmm7=0x0000cd120000cd120000674100006741 

    > load from +0x1 value 0x12000057ad000057
0x151: and rdx, 0b1111111111111
  rax=0x00000000000000ff rbx=0x0000000000000a19 rcx=0x00000000000000de rdx=0x0000000000001f87
  rsi=0x0000000000000001 rdi=0x000000000000002c flags=0b000000000010
  xmm0=0x00009a9600009a9600006f2400006f24 xmm1=0x0000cf470000cf4700005a6f00005a6f 
  xmm2=0x0000235a0000235a0000cbaf0000cbaf xmm3=0x000045100000451000001fd400001fd4 
  xmm4=0x000014d8000014d80000f2d30000f2d3 xmm5=0x0000d2800000d2800000cc230000cc23 
  xmm6=0x0000dead0000dead0000afae0000afae xmm7=0x0000cd120000cd120000674100006741 

0x158: cmp [r14 +rdx], rdi
  rax=0x00000000000000ff rbx=0x0000000000000a19 rcx=0x00000000000000de rdx=0x0000000000001f87
  rsi=0x0000000000000001 rdi=0x000000000000002c flags=0b000000000110
  xmm0=0x00009a9600009a9600006f2400006f24 xmm1=0x0000cf470000cf4700005a6f00005a6f 
  xmm2=0x0000235a0000235a0000cbaf0000cbaf xmm3=0x000045100000451000001fd400001fd4 
  xmm4=0x000014d8000014d80000f2d30000f2d3 xmm5=0x0000d2800000d2800000cc230000cc23 
  xmm6=0x0000dead0000dead0000afae0000afae xmm7=0x0000cd120000cd120000674100006741 

    > load from +0x1f87 value 0xb6c40000b6c400
0x15c: cmovnp rbx, rdx
  rax=0x00000000000000ff rbx=0x0000000000000a19 rcx=0x00000000000000de rdx=0x0000000000001f87
  rsi=0x0000000000000001 rdi=0x000000000000002c flags=0b000000010110
  xmm0=0x00009a9600009a9600006f2400006f24 xmm1=0x0000cf470000cf4700005a6f00005a6f 
  xmm2=0x0000235a0000235a0000cbaf0000cbaf xmm3=0x000045100000451000001fd400001fd4 
  xmm4=0x000014d8000014d80000f2d30000f2d3 xmm5=0x0000d2800000d2800000cc230000cc23 
  xmm6=0x0000dead0000dead0000afae0000afae xmm7=0x0000cd120000cd120000674100006741 

0x160: and rdi, 0b1111111111111
  rax=0x00000000000000ff rbx=0x0000000000000a19 rcx=0x00000000000000de rdx=0x0000000000001f87
  rsi=0x0000000000000001 rdi=0x000000000000002c flags=0b000000010110
  xmm0=0x00009a9600009a9600006f2400006f24 xmm1=0x0000cf470000cf4700005a6f00005a6f 
  xmm2=0x0000235a0000235a0000cbaf0000cbaf xmm3=0x000045100000451000001fd400001fd4 
  xmm4=0x000014d8000014d80000f2d30000f2d3 xmm5=0x0000d2800000d2800000cc230000cc23 
  xmm6=0x0000dead0000dead0000afae0000afae xmm7=0x0000cd120000cd120000674100006741 

0x167: cmovnb cx, [r14 +rdi]
  rax=0x00000000000000ff rbx=0x0000000000000a19 rcx=0x00000000000000de rdx=0x0000000000001f87
  rsi=0x0000000000000001 rdi=0x000000000000002c flags=0b000000000010
  xmm0=0x00009a9600009a9600006f2400006f24 xmm1=0x0000cf470000cf4700005a6f00005a6f 
  xmm2=0x0000235a0000235a0000cbaf0000cbaf xmm3=0x000045100000451000001fd400001fd4 
  xmm4=0x000014d8000014d80000f2d30000f2d3 xmm5=0x0000d2800000d2800000cc230000cc23 
  xmm6=0x0000dead0000dead0000afae0000afae xmm7=0x0000cd120000cd120000674100006741 

    > load from +0x2c value 0xc25b
0x16d: and rdx, 0b1111111111111
  rax=0x00000000000000ff rbx=0x0000000000000a19 rcx=0x000000000000c25b rdx=0x0000000000001f87
  rsi=0x0000000000000001 rdi=0x000000000000002c flags=0b000000000010
  xmm0=0x00009a9600009a9600006f2400006f24 xmm1=0x0000cf470000cf4700005a6f00005a6f 
  xmm2=0x0000235a0000235a0000cbaf0000cbaf xmm3=0x000045100000451000001fd400001fd4 
  xmm4=0x000014d8000014d80000f2d30000f2d3 xmm5=0x0000d2800000d2800000cc230000cc23 
  xmm6=0x0000dead0000dead0000afae0000afae xmm7=0x0000cd120000cd120000674100006741 

0x174: cmp [r14 +rdx], rsi
  rax=0x00000000000000ff rbx=0x0000000000000a19 rcx=0x000000000000c25b rdx=0x0000000000001f87
  rsi=0x0000000000000001 rdi=0x000000000000002c flags=0b000000000110
  xmm0=0x00009a9600009a9600006f2400006f24 xmm1=0x0000cf470000cf4700005a6f00005a6f 
  xmm2=0x0000235a0000235a0000cbaf0000cbaf xmm3=0x000045100000451000001fd400001fd4 
  xmm4=0x000014d8000014d80000f2d30000f2d3 xmm5=0x0000d2800000d2800000cc230000cc23 
  xmm6=0x0000dead0000dead0000afae0000afae xmm7=0x0000cd120000cd120000674100006741 

    > load from +0x1f87 value 0xb6c40000b6c400
0x178: cmovnb ecx, ebx
  rax=0x00000000000000ff rbx=0x0000000000000a19 rcx=0x000000000000c25b rdx=0x0000000000001f87
  rsi=0x0000000000000001 rdi=0x000000000000002c flags=0b000000010110
  xmm0=0x00009a9600009a9600006f2400006f24 xmm1=0x0000cf470000cf4700005a6f00005a6f 
  xmm2=0x0000235a0000235a0000cbaf0000cbaf xmm3=0x000045100000451000001fd400001fd4 
  xmm4=0x000014d8000014d80000f2d30000f2d3 xmm5=0x0000d2800000d2800000cc230000cc23 
  xmm6=0x0000dead0000dead0000afae0000afae xmm7=0x0000cd120000cd120000674100006741 

0x17b: and rdi, 0b1111111111111
  rax=0x00000000000000ff rbx=0x0000000000000a19 rcx=0x0000000000000a19 rdx=0x0000000000001f87
  rsi=0x0000000000000001 rdi=0x000000000000002c flags=0b000000010110
  xmm0=0x00009a9600009a9600006f2400006f24 xmm1=0x0000cf470000cf4700005a6f00005a6f 
  xmm2=0x0000235a0000235a0000cbaf0000cbaf xmm3=0x000045100000451000001fd400001fd4 
  xmm4=0x000014d8000014d80000f2d30000f2d3 xmm5=0x0000d2800000d2800000cc230000cc23 
  xmm6=0x0000dead0000dead0000afae0000afae xmm7=0x0000cd120000cd120000674100006741 

0x182: cmovns ax, [r14 +rdi]
  rax=0x00000000000000ff rbx=0x0000000000000a19 rcx=0x0000000000000a19 rdx=0x0000000000001f87
  rsi=0x0000000000000001 rdi=0x000000000000002c flags=0b000000000010
  xmm0=0x00009a9600009a9600006f2400006f24 xmm1=0x0000cf470000cf4700005a6f00005a6f 
  xmm2=0x0000235a0000235a0000cbaf0000cbaf xmm3=0x000045100000451000001fd400001fd4 
  xmm4=0x000014d8000014d80000f2d30000f2d3 xmm5=0x0000d2800000d2800000cc230000cc23 
  xmm6=0x0000dead0000dead0000afae0000afae xmm7=0x0000cd120000cd120000674100006741 

    > load from +0x2c value 0xc25b
0x188: test rax, -1158516276
  rax=0x000000000000c25b rbx=0x0000000000000a19 rcx=0x0000000000000a19 rdx=0x0000000000001f87
  rsi=0x0000000000000001 rdi=0x000000000000002c flags=0b000000000010
  xmm0=0x00009a9600009a9600006f2400006f24 xmm1=0x0000cf470000cf4700005a6f00005a6f 
  xmm2=0x0000235a0000235a0000cbaf0000cbaf xmm3=0x000045100000451000001fd400001fd4 
  xmm4=0x000014d8000014d80000f2d30000f2d3 xmm5=0x0000d2800000d2800000cc230000cc23 
  xmm6=0x0000dead0000dead0000afae0000afae xmm7=0x0000cd120000cd120000674100006741 

0x18e: xadd rbx, rsi
  rax=0x000000000000c25b rbx=0x0000000000000a19 rcx=0x0000000000000a19 rdx=0x0000000000001f87
  rsi=0x0000000000000001 rdi=0x000000000000002c flags=0b000000000110
  xmm0=0x00009a9600009a9600006f2400006f24 xmm1=0x0000cf470000cf4700005a6f00005a6f 
  xmm2=0x0000235a0000235a0000cbaf0000cbaf xmm3=0x000045100000451000001fd400001fd4 
  xmm4=0x000014d8000014d80000f2d30000f2d3 xmm5=0x0000d2800000d2800000cc230000cc23 
  xmm6=0x0000dead0000dead0000afae0000afae xmm7=0x0000cd120000cd120000674100006741 

0x192: and rcx, 0b1111111111111
  rax=0x000000000000c25b rbx=0x0000000000000a1a rcx=0x0000000000000a19 rdx=0x0000000000001f87
  rsi=0x0000000000000a19 rdi=0x000000000000002c flags=0b000000000010
  xmm0=0x00009a9600009a9600006f2400006f24 xmm1=0x0000cf470000cf4700005a6f00005a6f 
  xmm2=0x0000235a0000235a0000cbaf0000cbaf xmm3=0x000045100000451000001fd400001fd4 
  xmm4=0x000014d8000014d80000f2d30000f2d3 xmm5=0x0000d2800000d2800000cc230000cc23 
  xmm6=0x0000dead0000dead0000afae0000afae xmm7=0x0000cd120000cd120000674100006741 

0x199: cmovno rcx, [r14 +rcx]
  rax=0x000000000000c25b rbx=0x0000000000000a1a rcx=0x0000000000000a19 rdx=0x0000000000001f87
  rsi=0x0000000000000a19 rdi=0x000000000000002c flags=0b000000000010
  xmm0=0x00009a9600009a9600006f2400006f24 xmm1=0x0000cf470000cf4700005a6f00005a6f 
  xmm2=0x0000235a0000235a0000cbaf0000cbaf xmm3=0x000045100000451000001fd400001fd4 
  xmm4=0x000014d8000014d80000f2d30000f2d3 xmm5=0x0000d2800000d2800000cc230000cc23 
  xmm6=0x0000dead0000dead0000afae0000afae xmm7=0x0000cd120000cd120000674100006741 

    > load from +0xa19 value 0xf600002c7700002c
0x19e: test eax, -1193550956
  rax=0x000000000000c25b rbx=0x0000000000000a1a rcx=0xf600002c7700002c rdx=0x0000000000001f87
  rsi=0x0000000000000a19 rdi=0x000000000000002c flags=0b000000000010
  xmm0=0x00009a9600009a9600006f2400006f24 xmm1=0x0000cf470000cf4700005a6f00005a6f 
  xmm2=0x0000235a0000235a0000cbaf0000cbaf xmm3=0x000045100000451000001fd400001fd4 
  xmm4=0x000014d8000014d80000f2d30000f2d3 xmm5=0x0000d2800000d2800000cc230000cc23 
  xmm6=0x0000dead0000dead0000afae0000afae xmm7=0x0000cd120000cd120000674100006741 

0x1a3: not eax
  rax=0x000000000000c25b rbx=0x0000000000000a1a rcx=0xf600002c7700002c rdx=0x0000000000001f87
  rsi=0x0000000000000a19 rdi=0x000000000000002c flags=0b000000000010
  xmm0=0x00009a9600009a9600006f2400006f24 xmm1=0x0000cf470000cf4700005a6f00005a6f 
  xmm2=0x0000235a0000235a0000cbaf0000cbaf xmm3=0x000045100000451000001fd400001fd4 
  xmm4=0x000014d8000014d80000f2d30000f2d3 xmm5=0x0000d2800000d2800000cc230000cc23 
  xmm6=0x0000dead0000dead0000afae0000afae xmm7=0x0000cd120000cd120000674100006741 

0x1a5: seto dil
  rax=0x00000000ffff3da4 rbx=0x0000000000000a1a rcx=0xf600002c7700002c rdx=0x0000000000001f87
  rsi=0x0000000000000a19 rdi=0x000000000000002c flags=0b000000000010
  xmm0=0x00009a9600009a9600006f2400006f24 xmm1=0x0000cf470000cf4700005a6f00005a6f 
  xmm2=0x0000235a0000235a0000cbaf0000cbaf xmm3=0x000045100000451000001fd400001fd4 
  xmm4=0x000014d8000014d80000f2d30000f2d3 xmm5=0x0000d2800000d2800000cc230000cc23 
  xmm6=0x0000dead0000dead0000afae0000afae xmm7=0x0000cd120000cd120000674100006741 

0x1a9: and rbx, 0b1111111111111
  rax=0x00000000ffff3da4 rbx=0x0000000000000a1a rcx=0xf600002c7700002c rdx=0x0000000000001f87
  rsi=0x0000000000000a19 rdi=0x0000000000000000 flags=0b000000000010
  xmm0=0x00009a9600009a9600006f2400006f24 xmm1=0x0000cf470000cf4700005a6f00005a6f 
  xmm2=0x0000235a0000235a0000cbaf0000cbaf xmm3=0x000045100000451000001fd400001fd4 
  xmm4=0x000014d8000014d80000f2d30000f2d3 xmm5=0x0000d2800000d2800000cc230000cc23 
  xmm6=0x0000dead0000dead0000afae0000afae xmm7=0x0000cd120000cd120000674100006741 

0x1b0: or [r14 +rbx], 0b1000
  rax=0x00000000ffff3da4 rbx=0x0000000000000a1a rcx=0xf600002c7700002c rdx=0x0000000000001f87
  rsi=0x0000000000000a19 rdi=0x0000000000000000 flags=0b000000000010
  xmm0=0x00009a9600009a9600006f2400006f24 xmm1=0x0000cf470000cf4700005a6f00005a6f 
  xmm2=0x0000235a0000235a0000cbaf0000cbaf xmm3=0x000045100000451000001fd400001fd4 
  xmm4=0x000014d8000014d80000f2d30000f2d3 xmm5=0x0000d2800000d2800000cc230000cc23 
  xmm6=0x0000dead0000dead0000afae0000afae xmm7=0x0000cd120000cd120000674100006741 

    > load from +0xa1a value 0x0
    > store to +0xa1a value 0x8
0x1b5: and [r14 +rbx], 0b11111000
  rax=0x00000000ffff3da4 rbx=0x0000000000000a1a rcx=0xf600002c7700002c rdx=0x0000000000001f87
  rsi=0x0000000000000a19 rdi=0x0000000000000000 flags=0b000000000010
  xmm0=0x00009a9600009a9600006f2400006f24 xmm1=0x0000cf470000cf4700005a6f00005a6f 
  xmm2=0x0000235a0000235a0000cbaf0000cbaf xmm3=0x000045100000451000001fd400001fd4 
  xmm4=0x000014d8000014d80000f2d30000f2d3 xmm5=0x0000d2800000d2800000cc230000cc23 
  xmm6=0x0000dead0000dead0000afae0000afae xmm7=0x0000cd120000cd120000674100006741 

    > load from +0xa1a value 0x8
    > store to +0xa1a value 0x8
0x1ba: mov ax, 1
  rax=0x00000000ffff3da4 rbx=0x0000000000000a1a rcx=0xf600002c7700002c rdx=0x0000000000001f87
  rsi=0x0000000000000a19 rdi=0x0000000000000000 flags=0b000000000010
  xmm0=0x00009a9600009a9600006f2400006f24 xmm1=0x0000cf470000cf4700005a6f00005a6f 
  xmm2=0x0000235a0000235a0000cbaf0000cbaf xmm3=0x000045100000451000001fd400001fd4 
  xmm4=0x000014d8000014d80000f2d30000f2d3 xmm5=0x0000d2800000d2800000cc230000cc23 
  xmm6=0x0000dead0000dead0000afae0000afae xmm7=0x0000cd120000cd120000674100006741 

0x1be: idiv [r14 +rbx]
  rax=0x00000000ffff0001 rbx=0x0000000000000a1a rcx=0xf600002c7700002c rdx=0x0000000000001f87
  rsi=0x0000000000000a19 rdi=0x0000000000000000 flags=0b000000000010
  xmm0=0x00009a9600009a9600006f2400006f24 xmm1=0x0000cf470000cf4700005a6f00005a6f 
  xmm2=0x0000235a0000235a0000cbaf0000cbaf xmm3=0x000045100000451000001fd400001fd4 
  xmm4=0x000014d8000014d80000f2d30000f2d3 xmm5=0x0000d2800000d2800000cc230000cc23 
  xmm6=0x0000dead0000dead0000afae0000afae xmm7=0x0000cd120000cd120000674100006741 

    > load from +0xa1a value 0x8
0x1c2: and rsi, 0b1111111111111
  rax=0x00000000ffff0100 rbx=0x0000000000000a1a rcx=0xf600002c7700002c rdx=0x0000000000001f87
  rsi=0x0000000000000a19 rdi=0x0000000000000000 flags=0b000000000010
  xmm0=0x00009a9600009a9600006f2400006f24 xmm1=0x0000cf470000cf4700005a6f00005a6f 
  xmm2=0x0000235a0000235a0000cbaf0000cbaf xmm3=0x000045100000451000001fd400001fd4 
  xmm4=0x000014d8000014d80000f2d30000f2d3 xmm5=0x0000d2800000d2800000cc230000cc23 
  xmm6=0x0000dead0000dead0000afae0000afae xmm7=0x0000cd120000cd120000674100006741 

0x1c9: add dx, [r14 +rsi]
  rax=0x00000000ffff0100 rbx=0x0000000000000a1a rcx=0xf600002c7700002c rdx=0x0000000000001f87
  rsi=0x0000000000000a19 rdi=0x0000000000000000 flags=0b000000000010
  xmm0=0x00009a9600009a9600006f2400006f24 xmm1=0x0000cf470000cf4700005a6f00005a6f 
  xmm2=0x0000235a0000235a0000cbaf0000cbaf xmm3=0x000045100000451000001fd400001fd4 
  xmm4=0x000014d8000014d80000f2d30000f2d3 xmm5=0x0000d2800000d2800000cc230000cc23 
  xmm6=0x0000dead0000dead0000afae0000afae xmm7=0x0000cd120000cd120000674100006741 

    > load from +0xa19 value 0x82c
0x1ce: and rdx, 0b1111111111111
  rax=0x00000000ffff0100 rbx=0x0000000000000a1a rcx=0xf600002c7700002c rdx=0x00000000000027b3
  rsi=0x0000000000000a19 rdi=0x0000000000000000 flags=0b000000010010
  xmm0=0x00009a9600009a9600006f2400006f24 xmm1=0x0000cf470000cf4700005a6f00005a6f 
  xmm2=0x0000235a0000235a0000cbaf0000cbaf xmm3=0x000045100000451000001fd400001fd4 
  xmm4=0x000014d8000014d80000f2d30000f2d3 xmm5=0x0000d2800000d2800000cc230000cc23 
  xmm6=0x0000dead0000dead0000afae0000afae xmm7=0x0000cd120000cd120000674100006741 

0x1d5: cmp [r14 +rdx], rdi
  rax=0x00000000ffff0100 rbx=0x0000000000000a1a rcx=0xf600002c7700002c rdx=0x00000000000007b3
  rsi=0x0000000000000a19 rdi=0x0000000000000000 flags=0b000000000010
  xmm0=0x00009a9600009a9600006f2400006f24 xmm1=0x0000cf470000cf4700005a6f00005a6f 
  xmm2=0x0000235a0000235a0000cbaf0000cbaf xmm3=0x000045100000451000001fd400001fd4 
  xmm4=0x000014d8000014d80000f2d30000f2d3 xmm5=0x0000d2800000d2800000cc230000cc23 
  xmm6=0x0000dead0000dead0000afae0000afae xmm7=0x0000cd120000cd120000674100006741 

    > load from +0x7b3 value 0xc69700007dcd00
0x1d9: and rdx, 0b1111111111111
  rax=0x00000000ffff0100 rbx=0x0000000000000a1a rcx=0xf600002c7700002c rdx=0x00000000000007b3
  rsi=0x0000000000000a19 rdi=0x0000000000000000 flags=0b000000000110
  xmm0=0x00009a9600009a9600006f2400006f24 xmm1=0x0000cf470000cf4700005a6f00005a6f 
  xmm2=0x0000235a0000235a0000cbaf0000cbaf xmm3=0x000045100000451000001fd400001fd4 
  xmm4=0x000014d8000014d80000f2d30000f2d3 xmm5=0x0000d2800000d2800000cc230000cc23 
  xmm6=0x0000dead0000dead0000afae0000afae xmm7=0x0000cd120000cd120000674100006741 

0x1e0: mov rax, [r14 +rdx]
  rax=0x00000000ffff0100 rbx=0x0000000000000a1a rcx=0xf600002c7700002c rdx=0x00000000000007b3
  rsi=0x0000000000000a19 rdi=0x0000000000000000 flags=0b000000000010
  xmm0=0x00009a9600009a9600006f2400006f24 xmm1=0x0000cf470000cf4700005a6f00005a6f 
  xmm2=0x0000235a0000235a0000cbaf0000cbaf xmm3=0x000045100000451000001fd400001fd4 
  xmm4=0x000014d8000014d80000f2d30000f2d3 xmm5=0x0000d2800000d2800000cc230000cc23 
  xmm6=0x0000dead0000dead0000afae0000afae xmm7=0x0000cd120000cd120000674100006741 

    > load from +0x7b3 value 0xc69700007dcd00
0x1e4: xchg eax, esi
  rax=0x00c69700007dcd00 rbx=0x0000000000000a1a rcx=0xf600002c7700002c rdx=0x00000000000007b3
  rsi=0x0000000000000a19 rdi=0x0000000000000000 flags=0b000000000010
  xmm0=0x00009a9600009a9600006f2400006f24 xmm1=0x0000cf470000cf4700005a6f00005a6f 
  xmm2=0x0000235a0000235a0000cbaf0000cbaf xmm3=0x000045100000451000001fd400001fd4 
  xmm4=0x000014d8000014d80000f2d30000f2d3 xmm5=0x0000d2800000d2800000cc230000cc23 
  xmm6=0x0000dead0000dead0000afae0000afae xmm7=0x0000cd120000cd120000674100006741 

0x1e5: and rax, 0b1111111111111
  rax=0x0000000000000a19 rbx=0x0000000000000a1a rcx=0xf600002c7700002c rdx=0x00000000000007b3
  rsi=0x00000000007dcd00 rdi=0x0000000000000000 flags=0b000000000010
  xmm0=0x00009a9600009a9600006f2400006f24 xmm1=0x0000cf470000cf4700005a6f00005a6f 
  xmm2=0x0000235a0000235a0000cbaf0000cbaf xmm3=0x000045100000451000001fd400001fd4 
  xmm4=0x000014d8000014d80000f2d30000f2d3 xmm5=0x0000d2800000d2800000cc230000cc23 
  xmm6=0x0000dead0000dead0000afae0000afae xmm7=0x0000cd120000cd120000674100006741 

0x1eb: cmovno rdi, [r14 +rax]
  rax=0x0000000000000a19 rbx=0x0000000000000a1a rcx=0xf600002c7700002c rdx=0x00000000000007b3
  rsi=0x00000000007dcd00 rdi=0x0000000000000000 flags=0b000000000010
  xmm0=0x00009a9600009a9600006f2400006f24 xmm1=0x0000cf470000cf4700005a6f00005a6f 
  xmm2=0x0000235a0000235a0000cbaf0000cbaf xmm3=0x000045100000451000001fd400001fd4 
  xmm4=0x000014d8000014d80000f2d30000f2d3 xmm5=0x0000d2800000d2800000cc230000cc23 
  xmm6=0x0000dead0000dead0000afae0000afae xmm7=0x0000cd120000cd120000674100006741 

    > load from +0xa19 value 0xf600002c7700082c
0x1f0: cmovb eax, edi
  rax=0x0000000000000a19 rbx=0x0000000000000a1a rcx=0xf600002c7700002c rdx=0x00000000000007b3
  rsi=0x00000000007dcd00 rdi=0xf600002c7700082c flags=0b000000000010
  xmm0=0x00009a9600009a9600006f2400006f24 xmm1=0x0000cf470000cf4700005a6f00005a6f 
  xmm2=0x0000235a0000235a0000cbaf0000cbaf xmm3=0x000045100000451000001fd400001fd4 
  xmm4=0x000014d8000014d80000f2d30000f2d3 xmm5=0x0000d2800000d2800000cc230000cc23 
  xmm6=0x0000dead0000dead0000afae0000afae xmm7=0x0000cd120000cd120000674100006741 

0x1f3: setnbe bl
  rax=0x0000000000000a19 rbx=0x0000000000000a1a rcx=0xf600002c7700002c rdx=0x00000000000007b3
  rsi=0x00000000007dcd00 rdi=0xf600002c7700082c flags=0b000000000010
  xmm0=0x00009a9600009a9600006f2400006f24 xmm1=0x0000cf470000cf4700005a6f00005a6f 
  xmm2=0x0000235a0000235a0000cbaf0000cbaf xmm3=0x000045100000451000001fd400001fd4 
  xmm4=0x000014d8000014d80000f2d30000f2d3 xmm5=0x0000d2800000d2800000cc230000cc23 
  xmm6=0x0000dead0000dead0000afae0000afae xmm7=0x0000cd120000cd120000674100006741 

0x1f6: movsx eax, bl
  rax=0x0000000000000a19 rbx=0x0000000000000a01 rcx=0xf600002c7700002c rdx=0x00000000000007b3
  rsi=0x00000000007dcd00 rdi=0xf600002c7700082c flags=0b000000000010
  xmm0=0x00009a9600009a9600006f2400006f24 xmm1=0x0000cf470000cf4700005a6f00005a6f 
  xmm2=0x0000235a0000235a0000cbaf0000cbaf xmm3=0x000045100000451000001fd400001fd4 
  xmm4=0x000014d8000014d80000f2d30000f2d3 xmm5=0x0000d2800000d2800000cc230000cc23 
  xmm6=0x0000dead0000dead0000afae0000afae xmm7=0x0000cd120000cd120000674100006741 

0x1f9: xor rcx, 67
  rax=0x0000000000000001 rbx=0x0000000000000a01 rcx=0xf600002c7700002c rdx=0x00000000000007b3
  rsi=0x00000000007dcd00 rdi=0xf600002c7700082c flags=0b000000000010
  xmm0=0x00009a9600009a9600006f2400006f24 xmm1=0x0000cf470000cf4700005a6f00005a6f 
  xmm2=0x0000235a0000235a0000cbaf0000cbaf xmm3=0x000045100000451000001fd400001fd4 
  xmm4=0x000014d8000014d80000f2d30000f2d3 xmm5=0x0000d2800000d2800000cc230000cc23 
  xmm6=0x0000dead0000dead0000afae0000afae xmm7=0x0000cd120000cd120000674100006741 

0x1fd: and rcx, 0b1111111111111
  rax=0x0000000000000001 rbx=0x0000000000000a01 rcx=0xf600002c7700006f rdx=0x00000000000007b3
  rsi=0x00000000007dcd00 rdi=0xf600002c7700082c flags=0b000010000110
  xmm0=0x00009a9600009a9600006f2400006f24 xmm1=0x0000cf470000cf4700005a6f00005a6f 
  xmm2=0x0000235a0000235a0000cbaf0000cbaf xmm3=0x000045100000451000001fd400001fd4 
  xmm4=0x000014d8000014d80000f2d30000f2d3 xmm5=0x0000d2800000d2800000cc230000cc23 
  xmm6=0x0000dead0000dead0000afae0000afae xmm7=0x0000cd120000cd120000674100006741 

0x204: test [r14 +rcx], -1692864314
  rax=0x0000000000000001 rbx=0x0000000000000a01 rcx=0x000000000000006f rdx=0x00000000000007b3
  rsi=0x00000000007dcd00 rdi=0xf600002c7700082c flags=0b000000000110
  xmm0=0x00009a9600009a9600006f2400006f24 xmm1=0x0000cf470000cf4700005a6f00005a6f 
  xmm2=0x0000235a0000235a0000cbaf0000cbaf xmm3=0x000045100000451000001fd400001fd4 
  xmm4=0x000014d8000014d80000f2d30000f2d3 xmm5=0x0000d2800000d2800000cc230000cc23 
  xmm6=0x0000dead0000dead0000afae0000afae xmm7=0x0000cd120000cd120000674100006741 

    > load from +0x6f value 0x511a0000511a00
0x20c: xchg bx, ax
  rax=0x0000000000000001 rbx=0x0000000000000a01 rcx=0x000000000000006f rdx=0x00000000000007b3
  rsi=0x00000000007dcd00 rdi=0xf600002c7700082c flags=0b000000000110
  xmm0=0x00009a9600009a9600006f2400006f24 xmm1=0x0000cf470000cf4700005a6f00005a6f 
  xmm2=0x0000235a0000235a0000cbaf0000cbaf xmm3=0x000045100000451000001fd400001fd4 
  xmm4=0x000014d8000014d80000f2d30000f2d3 xmm5=0x0000d2800000d2800000cc230000cc23 
  xmm6=0x0000dead0000dead0000afae0000afae xmm7=0x0000cd120000cd120000674100006741 

0x20e: sbb rdi, rsi
  rax=0x0000000000000a01 rbx=0x0000000000000001 rcx=0x000000000000006f rdx=0x00000000000007b3
  rsi=0x00000000007dcd00 rdi=0xf600002c7700082c flags=0b000000000110
  xmm0=0x00009a9600009a9600006f2400006f24 xmm1=0x0000cf470000cf4700005a6f00005a6f 
  xmm2=0x0000235a0000235a0000cbaf0000cbaf xmm3=0x000045100000451000001fd400001fd4 
  xmm4=0x000014d8000014d80000f2d30000f2d3 xmm5=0x0000d2800000d2800000cc230000cc23 
  xmm6=0x0000dead0000dead0000afae0000afae xmm7=0x0000cd120000cd120000674100006741 

0x211: or rax, 1886745957
  rax=0x0000000000000a01 rbx=0x0000000000000001 rcx=0x000000000000006f rdx=0x00000000000007b3
  rsi=0x00000000007dcd00 rdi=0xf600002c76823b2c flags=0b000010000010
  xmm0=0x00009a9600009a9600006f2400006f24 xmm1=0x0000cf470000cf4700005a6f00005a6f 
  xmm2=0x0000235a0000235a0000cbaf0000cbaf xmm3=0x000045100000451000001fd400001fd4 
  xmm4=0x000014d8000014d80000f2d30000f2d3 xmm5=0x0000d2800000d2800000cc230000cc23 
  xmm6=0x0000dead0000dead0000afae0000afae xmm7=0x0000cd120000cd120000674100006741 

0x217: and rax, 0b1111111111111
  rax=0x0000000070757f65 rbx=0x0000000000000001 rcx=0x000000000000006f rdx=0x00000000000007b3
  rsi=0x00000000007dcd00 rdi=0xf600002c76823b2c flags=0b000000000110
  xmm0=0x00009a9600009a9600006f2400006f24 xmm1=0x0000cf470000cf4700005a6f00005a6f 
  xmm2=0x0000235a0000235a0000cbaf0000cbaf xmm3=0x000045100000451000001fd400001fd4 
  xmm4=0x000014d8000014d80000f2d30000f2d3 xmm5=0x0000d2800000d2800000cc230000cc23 
  xmm6=0x0000dead0000dead0000afae0000afae xmm7=0x0000cd120000cd120000674100006741 

0x21d: adc rcx, [r14 +rax]
  rax=0x0000000000001f65 rbx=0x0000000000000001 rcx=0x000000000000006f rdx=0x00000000000007b3
  rsi=0x00000000007dcd00 rdi=0xf600002c76823b2c flags=0b000000000110
  xmm0=0x00009a9600009a9600006f2400006f24 xmm1=0x0000cf470000cf4700005a6f00005a6f 
  xmm2=0x0000235a0000235a0000cbaf0000cbaf xmm3=0x000045100000451000001fd400001fd4 
  xmm4=0x000014d8000014d80000f2d30000f2d3 xmm5=0x0000d2800000d2800000cc230000cc23 
  xmm6=0x0000dead0000dead0000afae0000afae xmm7=0x0000cd120000cd120000674100006741 

    > load from +0x1f65 value 0x8200005a820000d0
0x221: sbb esi, edi
  rax=0x0000000000001f65 rbx=0x0000000000000001 rcx=0x8200005a8200013f rdx=0x00000000000007b3
  rsi=0x00000000007dcd00 rdi=0xf600002c76823b2c flags=0b000010000110
  xmm0=0x00009a9600009a9600006f2400006f24 xmm1=0x0000cf470000cf4700005a6f00005a6f 
  xmm2=0x0000235a0000235a0000cbaf0000cbaf xmm3=0x000045100000451000001fd400001fd4 
  xmm4=0x000014d8000014d80000f2d30000f2d3 xmm5=0x0000d2800000d2800000cc230000cc23 
  xmm6=0x0000dead0000dead0000afae0000afae xmm7=0x0000cd120000cd120000674100006741 

0x223: and rsi, 0b1111111111111
  rax=0x0000000000001f65 rbx=0x0000000000000001 rcx=0x8200005a8200013f rdx=0x00000000000007b3
  rsi=0x0000000089fb91d4 rdi=0xf600002c76823b2c flags=0b000010010111
  xmm0=0x00009a9600009a9600006f2400006f24 xmm1=0x0000cf470000cf4700005a6f00005a6f 
  xmm2=0x0000235a0000235a0000cbaf0000cbaf xmm3=0x000045100000451000001fd400001fd4 
  xmm4=0x000014d8000014d80000f2d30000f2d3 xmm5=0x0000d2800000d2800000cc230000cc23 
  xmm6=0x0000dead0000dead0000afae0000afae xmm7=0x0000cd120000cd120000674100006741 

0x22a: and esi, 0b111
  rax=0x0000000000001f65 rbx=0x0000000000000001 rcx=0x8200005a8200013f rdx=0x00000000000007b3
  rsi=0x00000000000011d4 rdi=0xf600002c76823b2c flags=0b000000000110
  xmm0=0x00009a9600009a9600006f2400006f24 xmm1=0x0000cf470000cf4700005a6f00005a6f 
  xmm2=0x0000235a0000235a0000cbaf0000cbaf xmm3=0x000045100000451000001fd400001fd4 
  xmm4=0x000014d8000014d80000f2d30000f2d3 xmm5=0x0000d2800000d2800000cc230000cc23 
  xmm6=0x0000dead0000dead0000afae0000afae xmm7=0x0000cd120000cd120000674100006741 

0x22d: bt [r14 +rsi], esi
  rax=0x0000000000001f65 rbx=0x0000000000000001 rcx=0x8200005a8200013f rdx=0x00000000000007b3
  rsi=0x0000000000000004 rdi=0xf600002c76823b2c flags=0b000000000010
  xmm0=0x00009a9600009a9600006f2400006f24 xmm1=0x0000cf470000cf4700005a6f00005a6f 
  xmm2=0x0000235a0000235a0000cbaf0000cbaf xmm3=0x000045100000451000001fd400001fd4 
  xmm4=0x000014d8000014d80000f2d30000f2d3 xmm5=0x0000d2800000d2800000cc230000cc23 
  xmm6=0x0000dead0000dead0000afae0000afae xmm7=0x0000cd120000cd120000674100006741 

    > load from +0x4 value 0x57ad
0x232: add sil, -40
  rax=0x0000000000001f65 rbx=0x0000000000000001 rcx=0x8200005a8200013f rdx=0x00000000000007b3
  rsi=0x0000000000000004 rdi=0xf600002c76823b2c flags=0b000000000010
  xmm0=0x00009a9600009a9600006f2400006f24 xmm1=0x0000cf470000cf4700005a6f00005a6f 
  xmm2=0x0000235a0000235a0000cbaf0000cbaf xmm3=0x000045100000451000001fd400001fd4 
  xmm4=0x000014d8000014d80000f2d30000f2d3 xmm5=0x0000d2800000d2800000cc230000cc23 
  xmm6=0x0000dead0000dead0000afae0000afae xmm7=0x0000cd120000cd120000674100006741 

0x236: and rcx, 0b1111111111111
  rax=0x0000000000001f65 rbx=0x0000000000000001 rcx=0x8200005a8200013f rdx=0x00000000000007b3
  rsi=0x00000000000000dc rdi=0xf600002c76823b2c flags=0b000010000010
  xmm0=0x00009a9600009a9600006f2400006f24 xmm1=0x0000cf470000cf4700005a6f00005a6f 
  xmm2=0x0000235a0000235a0000cbaf0000cbaf xmm3=0x000045100000451000001fd400001fd4 
  xmm4=0x000014d8000014d80000f2d30000f2d3 xmm5=0x0000d2800000d2800000cc230000cc23 
  xmm6=0x0000dead0000dead0000afae0000afae xmm7=0x0000cd120000cd120000674100006741 

0x23d: cmovle ebx, [r14 +rcx]
  rax=0x0000000000001f65 rbx=0x0000000000000001 rcx=0x000000000000013f rdx=0x00000000000007b3
  rsi=0x00000000000000dc rdi=0xf600002c76823b2c flags=0b000000000110
  xmm0=0x00009a9600009a9600006f2400006f24 xmm1=0x0000cf470000cf4700005a6f00005a6f 
  xmm2=0x0000235a0000235a0000cbaf0000cbaf xmm3=0x000045100000451000001fd400001fd4 
  xmm4=0x000014d8000014d80000f2d30000f2d3 xmm5=0x0000d2800000d2800000cc230000cc23 
  xmm6=0x0000dead0000dead0000afae0000afae xmm7=0x0000cd120000cd120000674100006741 

    > load from +0x13f value 0x1fbc00
0x242: and rdx, 0b1111111111111
  rax=0x0000000000001f65 rbx=0x0000000000000001 rcx=0x000000000000013f rdx=0x00000000000007b3
  rsi=0x00000000000000dc rdi=0xf600002c76823b2c flags=0b000000000110
  xmm0=0x00009a9600009a9600006f2400006f24 xmm1=0x0000cf470000cf4700005a6f00005a6f 
  xmm2=0x0000235a0000235a0000cbaf0000cbaf xmm3=0x000045100000451000001fd400001fd4 
  xmm4=0x000014d8000014d80000f2d30000f2d3 xmm5=0x0000d2800000d2800000cc230000cc23 
  xmm6=0x0000dead0000dead0000afae0000afae xmm7=0x0000cd120000cd120000674100006741 

0x249: mov esi, [r14 +rdx]
  rax=0x0000000000001f65 rbx=0x0000000000000001 rcx=0x000000000000013f rdx=0x00000000000007b3
  rsi=0x00000000000000dc rdi=0xf600002c76823b2c flags=0b000000000010
  xmm0=0x00009a9600009a9600006f2400006f24 xmm1=0x0000cf470000cf4700005a6f00005a6f 
  xmm2=0x0000235a0000235a0000cbaf0000cbaf xmm3=0x000045100000451000001fd400001fd4 
  xmm4=0x000014d8000014d80000f2d30000f2d3 xmm5=0x0000d2800000d2800000cc230000cc23 
  xmm6=0x0000dead0000dead0000afae0000afae xmm7=0x0000cd120000cd120000674100006741 

    > load from +0x7b3 value 0x7dcd00
0x24d: sbb dx, 111
  rax=0x0000000000001f65 rbx=0x0000000000000001 rcx=0x000000000000013f rdx=0x00000000000007b3
  rsi=0x00000000007dcd00 rdi=0xf600002c76823b2c flags=0b000000000010
  xmm0=0x00009a9600009a9600006f2400006f24 xmm1=0x0000cf470000cf4700005a6f00005a6f 
  xmm2=0x0000235a0000235a0000cbaf0000cbaf xmm3=0x000045100000451000001fd400001fd4 
  xmm4=0x000014d8000014d80000f2d30000f2d3 xmm5=0x0000d2800000d2800000cc230000cc23 
  xmm6=0x0000dead0000dead0000afae0000afae xmm7=0x0000cd120000cd120000674100006741 

0x251: and rsi, 0b1111111111111
  rax=0x0000000000001f65 rbx=0x0000000000000001 rcx=0x000000000000013f rdx=0x0000000000000744
  rsi=0x00000000007dcd00 rdi=0xf600002c76823b2c flags=0b000000010110
  xmm0=0x00009a9600009a9600006f2400006f24 xmm1=0x0000cf470000cf4700005a6f00005a6f 
  xmm2=0x0000235a0000235a0000cbaf0000cbaf xmm3=0x000045100000451000001fd400001fd4 
  xmm4=0x000014d8000014d80000f2d30000f2d3 xmm5=0x0000d2800000d2800000cc230000cc23 
  xmm6=0x0000dead0000dead0000afae0000afae xmm7=0x0000cd120000cd120000674100006741 

0x258: nop [r14 +rsi]
  rax=0x0000000000001f65 rbx=0x0000000000000001 rcx=0x000000000000013f rdx=0x0000000000000744
  rsi=0x0000000000000d00 rdi=0xf600002c76823b2c flags=0b000000000110
  xmm0=0x00009a9600009a9600006f2400006f24 xmm1=0x0000cf470000cf4700005a6f00005a6f 
  xmm2=0x0000235a0000235a0000cbaf0000cbaf xmm3=0x000045100000451000001fd400001fd4 
  xmm4=0x000014d8000014d80000f2d30000f2d3 xmm5=0x0000d2800000d2800000cc230000cc23 
  xmm6=0x0000dead0000dead0000afae0000afae xmm7=0x0000cd120000cd120000674100006741 

0x25d: and rax, 0b1111111111111
  rax=0x0000000000001f65 rbx=0x0000000000000001 rcx=0x000000000000013f rdx=0x0000000000000744
  rsi=0x0000000000000d00 rdi=0xf600002c76823b2c flags=0b000000000110
  xmm0=0x00009a9600009a9600006f2400006f24 xmm1=0x0000cf470000cf4700005a6f00005a6f 
  xmm2=0x0000235a0000235a0000cbaf0000cbaf xmm3=0x000045100000451000001fd400001fd4 
  xmm4=0x000014d8000014d80000f2d30000f2d3 xmm5=0x0000d2800000d2800000cc230000cc23 
  xmm6=0x0000dead0000dead0000afae0000afae xmm7=0x0000cd120000cd120000674100006741 

0x263: adc ecx, [r14 +rax]
  rax=0x0000000000001f65 rbx=0x0000000000000001 rcx=0x000000000000013f rdx=0x0000000000000744
  rsi=0x0000000000000d00 rdi=0xf600002c76823b2c flags=0b000000000110
  xmm0=0x00009a9600009a9600006f2400006f24 xmm1=0x0000cf470000cf4700005a6f00005a6f 
  xmm2=0x0000235a0000235a0000cbaf0000cbaf xmm3=0x000045100000451000001fd400001fd4 
  xmm4=0x000014d8000014d80000f2d30000f2d3 xmm5=0x0000d2800000d2800000cc230000cc23 
  xmm6=0x0000dead0000dead0000afae0000afae xmm7=0x0000cd120000cd120000674100006741 

    > load from +0x1f65 value 0x820000d0
0x267: and rbx, 0b1111111111111
  rax=0x0000000000001f65 rbx=0x0000000000000001 rcx=0x000000008200020f rdx=0x0000000000000744
  rsi=0x0000000000000d00 rdi=0xf600002c76823b2c flags=0b000010000110
  xmm0=0x00009a9600009a9600006f2400006f24 xmm1=0x0000cf470000cf4700005a6f00005a6f 
  xmm2=0x0000235a0000235a0000cbaf0000cbaf xmm3=0x000045100000451000001fd400001fd4 
  xmm4=0x000014d8000014d80000f2d30000f2d3 xmm5=0x0000d2800000d2800000cc230000cc23 
  xmm6=0x0000dead0000dead0000afae0000afae xmm7=0x0000cd120000cd120000674100006741 

0x26e: and ax, [r14 +rbx]
  rax=0x0000000000001f65 rbx=0x0000000000000001 rcx=0x000000008200020f rdx=0x0000000000000744
  rsi=0x0000000000000d00 rdi=0xf600002c76823b2c flags=0b000000000010
  xmm0=0x00009a9600009a9600006f2400006f24 xmm1=0x0000cf470000cf4700005a6f00005a6f 
  xmm2=0x0000235a0000235a0000cbaf0000cbaf xmm3=0x000045100000451000001fd400001fd4 
  xmm4=0x000014d8000014d80000f2d30000f2d3 xmm5=0x0000d2800000d2800000cc230000cc23 
  xmm6=0x0000dead0000dead0000afae0000afae xmm7=0x0000cd120000cd120000674100006741 

    > load from +0x1 value 0x57
0x273: and rdx, -104
  rax=0x0000000000000045 rbx=0x0000000000000001 rcx=0x000000008200020f rdx=0x0000000000000744
  rsi=0x0000000000000d00 rdi=0xf600002c76823b2c flags=0b000000000010
  xmm0=0x00009a9600009a9600006f2400006f24 xmm1=0x0000cf470000cf4700005a6f00005a6f 
  xmm2=0x0000235a0000235a0000cbaf0000cbaf xmm3=0x000045100000451000001fd400001fd4 
  xmm4=0x000014d8000014d80000f2d30000f2d3 xmm5=0x0000d2800000d2800000cc230000cc23 
  xmm6=0x0000dead0000dead0000afae0000afae xmm7=0x0000cd120000cd120000674100006741 

0x277: bts rax, rcx
  rax=0x0000000000000045 rbx=0x0000000000000001 rcx=0x000000008200020f rdx=0x0000000000000700
  rsi=0x0000000000000d00 rdi=0xf600002c76823b2c flags=0b000000000110
  xmm0=0x00009a9600009a9600006f2400006f24 xmm1=0x0000cf470000cf4700005a6f00005a6f 
  xmm2=0x0000235a0000235a0000cbaf0000cbaf xmm3=0x000045100000451000001fd400001fd4 
  xmm4=0x000014d8000014d80000f2d30000f2d3 xmm5=0x0000d2800000d2800000cc230000cc23 
  xmm6=0x0000dead0000dead0000afae0000afae xmm7=0x0000cd120000cd120000674100006741 

0x27b: and rbx, 0b1111111111111
  rax=0x0000000000008045 rbx=0x0000000000000001 rcx=0x000000008200020f rdx=0x0000000000000700
  rsi=0x0000000000000d00 rdi=0xf600002c76823b2c flags=0b000000000110
  xmm0=0x00009a9600009a9600006f2400006f24 xmm1=0x0000cf470000cf4700005a6f00005a6f 
  xmm2=0x0000235a0000235a0000cbaf0000cbaf xmm3=0x000045100000451000001fd400001fd4 
  xmm4=0x000014d8000014d80000f2d30000f2d3 xmm5=0x0000d2800000d2800000cc230000cc23 
  xmm6=0x0000dead0000dead0000afae0000afae xmm7=0x0000cd120000cd120000674100006741 

0x282: movzx rcx, [r14 +rbx]
  rax=0x0000000000008045 rbx=0x0000000000000001 rcx=0x000000008200020f rdx=0x0000000000000700
  rsi=0x0000000000000d00 rdi=0xf600002c76823b2c flags=0b000000000010
  xmm0=0x00009a9600009a9600006f2400006f24 xmm1=0x0000cf470000cf4700005a6f00005a6f 
  xmm2=0x0000235a0000235a0000cbaf0000cbaf xmm3=0x000045100000451000001fd400001fd4 
  xmm4=0x000014d8000014d80000f2d30000f2d3 xmm5=0x0000d2800000d2800000cc230000cc23 
  xmm6=0x0000dead0000dead0000afae0000afae xmm7=0x0000cd120000cd120000674100006741 

    > load from +0x1 value 0x57
0x287: and rax, 0b1111111111111
  rax=0x0000000000008045 rbx=0x0000000000000001 rcx=0x0000000000000057 rdx=0x0000000000000700
  rsi=0x0000000000000d00 rdi=0xf600002c76823b2c flags=0b000000000010
  xmm0=0x00009a9600009a9600006f2400006f24 xmm1=0x0000cf470000cf4700005a6f00005a6f 
  xmm2=0x0000235a0000235a0000cbaf0000cbaf xmm3=0x000045100000451000001fd400001fd4 
  xmm4=0x000014d8000014d80000f2d30000f2d3 xmm5=0x0000d2800000d2800000cc230000cc23 
  xmm6=0x0000dead0000dead0000afae0000afae xmm7=0x0000cd120000cd120000674100006741 

0x28d: cmp bx, [r14 +rax]
  rax=0x0000000000000045 rbx=0x0000000000000001 rcx=0x0000000000000057 rdx=0x0000000000000700
  rsi=0x0000000000000d00 rdi=0xf600002c76823b2c flags=0b000000000010
  xmm0=0x00009a9600009a9600006f2400006f24 xmm1=0x0000cf470000cf4700005a6f00005a6f 
  xmm2=0x0000235a0000235a0000cbaf0000cbaf xmm3=0x000045100000451000001fd400001fd4 
  xmm4=0x000014d8000014d80000f2d30000f2d3 xmm5=0x0000d2800000d2800000cc230000cc23 
  xmm6=0x0000dead0000dead0000afae0000afae xmm7=0x0000cd120000cd120000674100006741 

    > load from +0x45 value 0x1c
0x292: imul sil
  rax=0x0000000000000045 rbx=0x0000000000000001 rcx=0x0000000000000057 rdx=0x0000000000000700
  rsi=0x0000000000000d00 rdi=0xf600002c76823b2c flags=0b000010010011
  xmm0=0x00009a9600009a9600006f2400006f24 xmm1=0x0000cf470000cf4700005a6f00005a6f 
  xmm2=0x0000235a0000235a0000cbaf0000cbaf xmm3=0x000045100000451000001fd400001fd4 
  xmm4=0x000014d8000014d80000f2d30000f2d3 xmm5=0x0000d2800000d2800000cc230000cc23 
  xmm6=0x0000dead0000dead0000afae0000afae xmm7=0x0000cd120000cd120000674100006741 

0x295: and rsi, 0b1111111111111
  rax=0x0000000000000000 rbx=0x0000000000000001 rcx=0x0000000000000057 rdx=0x0000000000000700
  rsi=0x0000000000000d00 rdi=0xf600002c76823b2c flags=0b000001000110
  xmm0=0x00009a9600009a9600006f2400006f24 xmm1=0x0000cf470000cf4700005a6f00005a6f 
  xmm2=0x0000235a0000235a0000cbaf0000cbaf xmm3=0x000045100000451000001fd400001fd4 
  xmm4=0x000014d8000014d80000f2d30000f2d3 xmm5=0x0000d2800000d2800000cc230000cc23 
  xmm6=0x0000dead0000dead0000afae0000afae xmm7=0x0000cd120000cd120000674100006741 

0x29c: movzx rdi, [r14 +rsi]
  rax=0x0000000000000000 rbx=0x0000000000000001 rcx=0x0000000000000057 rdx=0x0000000000000700
  rsi=0x0000000000000d00 rdi=0xf600002c76823b2c flags=0b000000000110
  xmm0=0x00009a9600009a9600006f2400006f24 xmm1=0x0000cf470000cf4700005a6f00005a6f 
  xmm2=0x0000235a0000235a0000cbaf0000cbaf xmm3=0x000045100000451000001fd400001fd4 
  xmm4=0x000014d8000014d80000f2d30000f2d3 xmm5=0x0000d2800000d2800000cc230000cc23 
  xmm6=0x0000dead0000dead0000afae0000afae xmm7=0x0000cd120000cd120000674100006741 

    > load from +0xd00 value 0xe4
0x2a1: pushfq 
  rax=0x0000000000000000 rbx=0x0000000000000001 rcx=0x0000000000000057 rdx=0x0000000000000700
  rsi=0x0000000000000d00 rdi=0x00000000000000e4 flags=0b000000000110
  xmm0=0x00009a9600009a9600006f2400006f24 xmm1=0x0000cf470000cf4700005a6f00005a6f 
  xmm2=0x0000235a0000235a0000cbaf0000cbaf xmm3=0x000045100000451000001fd400001fd4 
  xmm4=0x000014d8000014d80000f2d30000f2d3 xmm5=0x0000d2800000d2800000cc230000cc23 
  xmm6=0x0000dead0000dead0000afae0000afae xmm7=0x0000cd120000cd120000674100006741 

    > store to +0xff0 value 0x6
0x2a2: push rax
  rax=0x0000000000000000 rbx=0x0000000000000001 rcx=0x0000000000000057 rdx=0x0000000000000700
  rsi=0x0000000000000d00 rdi=0x00000000000000e4 flags=0b000000000110
  xmm0=0x00009a9600009a9600006f2400006f24 xmm1=0x0000cf470000cf4700005a6f00005a6f 
  xmm2=0x0000235a0000235a0000cbaf0000cbaf xmm3=0x000045100000451000001fd400001fd4 
  xmm4=0x000014d8000014d80000f2d30000f2d3 xmm5=0x0000d2800000d2800000cc230000cc23 
  xmm6=0x0000dead0000dead0000afae0000afae xmm7=0x0000cd120000cd120000674100006741 

    > store to +0xfe8 value 0x0
0x2a3: push rcx
  rax=0x0000000000000000 rbx=0x0000000000000001 rcx=0x0000000000000057 rdx=0x0000000000000700
  rsi=0x0000000000000d00 rdi=0x00000000000000e4 flags=0b000000000110
  xmm0=0x00009a9600009a9600006f2400006f24 xmm1=0x0000cf470000cf4700005a6f00005a6f 
  xmm2=0x0000235a0000235a0000cbaf0000cbaf xmm3=0x000045100000451000001fd400001fd4 
  xmm4=0x000014d8000014d80000f2d30000f2d3 xmm5=0x0000d2800000d2800000cc230000cc23 
  xmm6=0x0000dead0000dead0000afae0000afae xmm7=0x0000cd120000cd120000674100006741 

    > store to +0xfe0 value 0x57
0x2a4: push rdx
  rax=0x0000000000000000 rbx=0x0000000000000001 rcx=0x0000000000000057 rdx=0x0000000000000700
  rsi=0x0000000000000d00 rdi=0x00000000000000e4 flags=0b000000000110
  xmm0=0x00009a9600009a9600006f2400006f24 xmm1=0x0000cf470000cf4700005a6f00005a6f 
  xmm2=0x0000235a0000235a0000cbaf0000cbaf xmm3=0x000045100000451000001fd400001fd4 
  xmm4=0x000014d8000014d80000f2d30000f2d3 xmm5=0x0000d2800000d2800000cc230000cc23 
  xmm6=0x0000dead0000dead0000afae0000afae xmm7=0x0000cd120000cd120000674100006741 

    > store to +0xfd8 value 0x700
0x2a5: mov ecx, 0x1a4
  rax=0x0000000000000000 rbx=0x0000000000000001 rcx=0x0000000000000057 rdx=0x0000000000000700
  rsi=0x0000000000000d00 rdi=0x00000000000000e4 flags=0b000000000110
  xmm0=0x00009a9600009a9600006f2400006f24 xmm1=0x0000cf470000cf4700005a6f00005a6f 
  xmm2=0x0000235a0000235a0000cbaf0000cbaf xmm3=0x000045100000451000001fd400001fd4 
  xmm4=0x000014d8000014d80000f2d30000f2d3 xmm5=0x0000d2800000d2800000cc230000cc23 
  xmm6=0x0000dead0000dead0000afae0000afae xmm7=0x0000cd120000cd120000674100006741 

0x2aa: mov edx, 0
  rax=0x0000000000000000 rbx=0x0000000000000001 rcx=0x00000000000001a4 rdx=0x0000000000000700
  rsi=0x0000000000000d00 rdi=0x00000000000000e4 flags=0b000000000110
  xmm0=0x00009a9600009a9600006f2400006f24 xmm1=0x0000cf470000cf4700005a6f00005a6f 
  xmm2=0x0000235a0000235a0000cbaf0000cbaf xmm3=0x000045100000451000001fd400001fd4 
  xmm4=0x000014d8000014d80000f2d30000f2d3 xmm5=0x0000d2800000d2800000cc230000cc23 
  xmm6=0x0000dead0000dead0000afae0000afae xmm7=0x0000cd120000cd120000674100006741 

0x2af: mov eax, 0b101111
  rax=0x0000000000000000 rbx=0x0000000000000001 rcx=0x00000000000001a4 rdx=0x0000000000000000
  rsi=0x0000000000000d00 rdi=0x00000000000000e4 flags=0b000000000110
  xmm0=0x00009a9600009a9600006f2400006f24 xmm1=0x0000cf470000cf4700005a6f00005a6f 
  xmm2=0x0000235a0000235a0000cbaf0000cbaf xmm3=0x000045100000451000001fd400001fd4 
  xmm4=0x000014d8000014d80000f2d30000f2d3 xmm5=0x0000d2800000d2800000cc230000cc23 
  xmm6=0x0000dead0000dead0000afae0000afae xmm7=0x0000cd120000cd120000674100006741 

0x2b4: wrmsr 
  rax=0x000000000000002f rbx=0x0000000000000001 rcx=0x00000000000001a4 rdx=0x0000000000000000
  rsi=0x0000000000000d00 rdi=0x00000000000000e4 flags=0b000000000110
  xmm0=0x00009a9600009a9600006f2400006f24 xmm1=0x0000cf470000cf4700005a6f00005a6f 
  xmm2=0x0000235a0000235a0000cbaf0000cbaf xmm3=0x000045100000451000001fd400001fd4 
  xmm4=0x000014d8000014d80000f2d30000f2d3 xmm5=0x0000d2800000d2800000cc230000cc23 
  xmm6=0x0000dead0000dead0000afae0000afae xmm7=0x0000cd120000cd120000674100006741 

0x2b6: mov ecx, 0x48
  rax=0x000000000000002f rbx=0x0000000000000001 rcx=0x00000000000001a4 rdx=0x0000000000000000
  rsi=0x0000000000000d00 rdi=0x00000000000000e4 flags=0b000000000110
  xmm0=0x00009a9600009a9600006f2400006f24 xmm1=0x0000cf470000cf4700005a6f00005a6f 
  xmm2=0x0000235a0000235a0000cbaf0000cbaf xmm3=0x000045100000451000001fd400001fd4 
  xmm4=0x000014d8000014d80000f2d30000f2d3 xmm5=0x0000d2800000d2800000cc230000cc23 
  xmm6=0x0000dead0000dead0000afae0000afae xmm7=0x0000cd120000cd120000674100006741 

0x2bb: rdmsr 
  rax=0x000000000000002f rbx=0x0000000000000001 rcx=0x0000000000000048 rdx=0x0000000000000000
  rsi=0x0000000000000d00 rdi=0x00000000000000e4 flags=0b000000000110
  xmm0=0x00009a9600009a9600006f2400006f24 xmm1=0x0000cf470000cf4700005a6f00005a6f 
  xmm2=0x0000235a0000235a0000cbaf0000cbaf xmm3=0x000045100000451000001fd400001fd4 
  xmm4=0x000014d8000014d80000f2d30000f2d3 xmm5=0x0000d2800000d2800000cc230000cc23 
  xmm6=0x0000dead0000dead0000afae0000afae xmm7=0x0000cd120000cd120000674100006741 

0x2bd: and eax, 0xfffffffb
  rax=0x0000000000000000 rbx=0x0000000000000001 rcx=0x0000000000000048 rdx=0x0000000000000000
  rsi=0x0000000000000d00 rdi=0x00000000000000e4 flags=0b000000000110
  xmm0=0x00009a9600009a9600006f2400006f24 xmm1=0x0000cf470000cf4700005a6f00005a6f 
  xmm2=0x0000235a0000235a0000cbaf0000cbaf xmm3=0x000045100000451000001fd400001fd4 
  xmm4=0x000014d8000014d80000f2d30000f2d3 xmm5=0x0000d2800000d2800000cc230000cc23 
  xmm6=0x0000dead0000dead0000afae0000afae xmm7=0x0000cd120000cd120000674100006741 

0x2c0: or eax, 0x100
  rax=0x0000000000000000 rbx=0x0000000000000001 rcx=0x0000000000000048 rdx=0x0000000000000000
  rsi=0x0000000000000d00 rdi=0x00000000000000e4 flags=0b000001000110
  xmm0=0x00009a9600009a9600006f2400006f24 xmm1=0x0000cf470000cf4700005a6f00005a6f 
  xmm2=0x0000235a0000235a0000cbaf0000cbaf xmm3=0x000045100000451000001fd400001fd4 
  xmm4=0x000014d8000014d80000f2d30000f2d3 xmm5=0x0000d2800000d2800000cc230000cc23 
  xmm6=0x0000dead0000dead0000afae0000afae xmm7=0x0000cd120000cd120000674100006741 

0x2c5: wrmsr 
  rax=0x0000000000000100 rbx=0x0000000000000001 rcx=0x0000000000000048 rdx=0x0000000000000000
  rsi=0x0000000000000d00 rdi=0x00000000000000e4 flags=0b000000000110
  xmm0=0x00009a9600009a9600006f2400006f24 xmm1=0x0000cf470000cf4700005a6f00005a6f 
  xmm2=0x0000235a0000235a0000cbaf0000cbaf xmm3=0x000045100000451000001fd400001fd4 
  xmm4=0x000014d8000014d80000f2d30000f2d3 xmm5=0x0000d2800000d2800000cc230000cc23 
  xmm6=0x0000dead0000dead0000afae0000afae xmm7=0x0000cd120000cd120000674100006741 

0x2c7: mfence 
  rax=0x0000000000000100 rbx=0x0000000000000001 rcx=0x0000000000000048 rdx=0x0000000000000000
  rsi=0x0000000000000d00 rdi=0x00000000000000e4 flags=0b000000000110
  xmm0=0x00009a9600009a9600006f2400006f24 xmm1=0x0000cf470000cf4700005a6f00005a6f 
  xmm2=0x0000235a0000235a0000cbaf0000cbaf xmm3=0x000045100000451000001fd400001fd4 
  xmm4=0x000014d8000014d80000f2d30000f2d3 xmm5=0x0000d2800000d2800000cc230000cc23 
  xmm6=0x0000dead0000dead0000afae0000afae xmm7=0x0000cd120000cd120000674100006741 

0x2ca: lfence 
  rax=0x0000000000000100 rbx=0x0000000000000001 rcx=0x0000000000000048 rdx=0x0000000000000000
  rsi=0x0000000000000d00 rdi=0x00000000000000e4 flags=0b000000000110
  xmm0=0x00009a9600009a9600006f2400006f24 xmm1=0x0000cf470000cf4700005a6f00005a6f 
  xmm2=0x0000235a0000235a0000cbaf0000cbaf xmm3=0x000045100000451000001fd400001fd4 
  xmm4=0x000014d8000014d80000f2d30000f2d3 xmm5=0x0000d2800000d2800000cc230000cc23 
  xmm6=0x0000dead0000dead0000afae0000afae xmm7=0x0000cd120000cd120000674100006741 

0x2cd: macro .measurement_end, .noarg
  rax=0x0000000000000100 rbx=0x0000000000000001 rcx=0x0000000000000048 rdx=0x0000000000000000
  rsi=0x0000000000000d00 rdi=0x00000000000000e4 flags=0b000000000110
  xmm0=0x00009a9600009a9600006f2400006f24 xmm1=0x0000cf470000cf4700005a6f00005a6f 
  xmm2=0x0000235a0000235a0000cbaf0000cbaf xmm3=0x000045100000451000001fd400001fd4 
  xmm4=0x000014d8000014d80000f2d30000f2d3 xmm5=0x0000d2800000d2800000cc230000cc23 
  xmm6=0x0000dead0000dead0000afae0000afae xmm7=0x0000cd120000cd120000674100006741 

0x2d5: mov ecx, 0x1a4
  rax=0x0000000000000100 rbx=0x0000000000000001 rcx=0x0000000000000048 rdx=0x0000000000000000
  rsi=0x0000000000000d00 rdi=0x00000000000000e4 flags=0b000000000110
  xmm0=0x00009a9600009a9600006f2400006f24 xmm1=0x0000cf470000cf4700005a6f00005a6f 
  xmm2=0x0000235a0000235a0000cbaf0000cbaf xmm3=0x000045100000451000001fd400001fd4 
  xmm4=0x000014d8000014d80000f2d30000f2d3 xmm5=0x0000d2800000d2800000cc230000cc23 
  xmm6=0x0000dead0000dead0000afae0000afae xmm7=0x0000cd120000cd120000674100006741 

0x2da: mov edx, 0
  rax=0x0000000000000100 rbx=0x0000000000000001 rcx=0x00000000000001a4 rdx=0x0000000000000000
  rsi=0x0000000000000d00 rdi=0x00000000000000e4 flags=0b000000000110
  xmm0=0x00009a9600009a9600006f2400006f24 xmm1=0x0000cf470000cf4700005a6f00005a6f 
  xmm2=0x0000235a0000235a0000cbaf0000cbaf xmm3=0x000045100000451000001fd400001fd4 
  xmm4=0x000014d8000014d80000f2d30000f2d3 xmm5=0x0000d2800000d2800000cc230000cc23 
  xmm6=0x0000dead0000dead0000afae0000afae xmm7=0x0000cd120000cd120000674100006741 

0x2df: mov eax, 0b000000
  rax=0x0000000000000100 rbx=0x0000000000000001 rcx=0x00000000000001a4 rdx=0x0000000000000000
  rsi=0x0000000000000d00 rdi=0x00000000000000e4 flags=0b000000000110
  xmm0=0x00009a9600009a9600006f2400006f24 xmm1=0x0000cf470000cf4700005a6f00005a6f 
  xmm2=0x0000235a0000235a0000cbaf0000cbaf xmm3=0x000045100000451000001fd400001fd4 
  xmm4=0x000014d8000014d80000f2d30000f2d3 xmm5=0x0000d2800000d2800000cc230000cc23 
  xmm6=0x0000dead0000dead0000afae0000afae xmm7=0x0000cd120000cd120000674100006741 

0x2e4: mov ecx, 0x48
  rax=0x0000000000000000 rbx=0x0000000000000001 rcx=0x00000000000001a4 rdx=0x0000000000000000
  rsi=0x0000000000000d00 rdi=0x00000000000000e4 flags=0b000000000110
  xmm0=0x00009a9600009a9600006f2400006f24 xmm1=0x0000cf470000cf4700005a6f00005a6f 
  xmm2=0x0000235a0000235a0000cbaf0000cbaf xmm3=0x000045100000451000001fd400001fd4 
  xmm4=0x000014d8000014d80000f2d30000f2d3 xmm5=0x0000d2800000d2800000cc230000cc23 
  xmm6=0x0000dead0000dead0000afae0000afae xmm7=0x0000cd120000cd120000674100006741 

0x2e9: rdmsr 
  rax=0x0000000000000000 rbx=0x0000000000000001 rcx=0x0000000000000048 rdx=0x0000000000000000
  rsi=0x0000000000000d00 rdi=0x00000000000000e4 flags=0b000000000110
  xmm0=0x00009a9600009a9600006f2400006f24 xmm1=0x0000cf470000cf4700005a6f00005a6f 
  xmm2=0x0000235a0000235a0000cbaf0000cbaf xmm3=0x000045100000451000001fd400001fd4 
  xmm4=0x000014d8000014d80000f2d30000f2d3 xmm5=0x0000d2800000d2800000cc230000cc23 
  xmm6=0x0000dead0000dead0000afae0000afae xmm7=0x0000cd120000cd120000674100006741 

0x2eb: and eax, 0xfffffffb
  rax=0x0000000000000000 rbx=0x0000000000000001 rcx=0x0000000000000048 rdx=0x0000000000000000
  rsi=0x0000000000000d00 rdi=0x00000000000000e4 flags=0b000000000110
  xmm0=0x00009a9600009a9600006f2400006f24 xmm1=0x0000cf470000cf4700005a6f00005a6f 
  xmm2=0x0000235a0000235a0000cbaf0000cbaf xmm3=0x000045100000451000001fd400001fd4 
  xmm4=0x000014d8000014d80000f2d30000f2d3 xmm5=0x0000d2800000d2800000cc230000cc23 
  xmm6=0x0000dead0000dead0000afae0000afae xmm7=0x0000cd120000cd120000674100006741 

0x2ee: and eax, 0xfffffeff
  rax=0x0000000000000000 rbx=0x0000000000000001 rcx=0x0000000000000048 rdx=0x0000000000000000
  rsi=0x0000000000000d00 rdi=0x00000000000000e4 flags=0b000001000110
  xmm0=0x00009a9600009a9600006f2400006f24 xmm1=0x0000cf470000cf4700005a6f00005a6f 
  xmm2=0x0000235a0000235a0000cbaf0000cbaf xmm3=0x000045100000451000001fd400001fd4 
  xmm4=0x000014d8000014d80000f2d30000f2d3 xmm5=0x0000d2800000d2800000cc230000cc23 
  xmm6=0x0000dead0000dead0000afae0000afae xmm7=0x0000cd120000cd120000674100006741 

0x2f3: wrmsr 
  rax=0x0000000000000000 rbx=0x0000000000000001 rcx=0x0000000000000048 rdx=0x0000000000000000
  rsi=0x0000000000000d00 rdi=0x00000000000000e4 flags=0b000001000110
  xmm0=0x00009a9600009a9600006f2400006f24 xmm1=0x0000cf470000cf4700005a6f00005a6f 
  xmm2=0x0000235a0000235a0000cbaf0000cbaf xmm3=0x000045100000451000001fd400001fd4 
  xmm4=0x000014d8000014d80000f2d30000f2d3 xmm5=0x0000d2800000d2800000cc230000cc23 
  xmm6=0x0000dead0000dead0000afae0000afae xmm7=0x0000cd120000cd120000674100006741 

0x2f5: mfence 
  rax=0x0000000000000000 rbx=0x0000000000000001 rcx=0x0000000000000048 rdx=0x0000000000000000
  rsi=0x0000000000000d00 rdi=0x00000000000000e4 flags=0b000001000110
  xmm0=0x00009a9600009a9600006f2400006f24 xmm1=0x0000cf470000cf4700005a6f00005a6f 
  xmm2=0x0000235a0000235a0000cbaf0000cbaf xmm3=0x000045100000451000001fd400001fd4 
  xmm4=0x000014d8000014d80000f2d30000f2d3 xmm5=0x0000d2800000d2800000cc230000cc23 
  xmm6=0x0000dead0000dead0000afae0000afae xmm7=0x0000cd120000cd120000674100006741 

0x2f8: lfence 
  rax=0x0000000000000000 rbx=0x0000000000000001 rcx=0x0000000000000048 rdx=0x0000000000000000
  rsi=0x0000000000000d00 rdi=0x00000000000000e4 flags=0b000001000110
  xmm0=0x00009a9600009a9600006f2400006f24 xmm1=0x0000cf470000cf4700005a6f00005a6f 
  xmm2=0x0000235a0000235a0000cbaf0000cbaf xmm3=0x000045100000451000001fd400001fd4 
  xmm4=0x000014d8000014d80000f2d30000f2d3 xmm5=0x0000d2800000d2800000cc230000cc23 
  xmm6=0x0000dead0000dead0000afae0000afae xmm7=0x0000cd120000cd120000674100006741 

0x2fb: pop rdx
  rax=0x0000000000000000 rbx=0x0000000000000001 rcx=0x0000000000000048 rdx=0x0000000000000000
  rsi=0x0000000000000d00 rdi=0x00000000000000e4 flags=0b000001000110
  xmm0=0x00009a9600009a9600006f2400006f24 xmm1=0x0000cf470000cf4700005a6f00005a6f 
  xmm2=0x0000235a0000235a0000cbaf0000cbaf xmm3=0x000045100000451000001fd400001fd4 
  xmm4=0x000014d8000014d80000f2d30000f2d3 xmm5=0x0000d2800000d2800000cc230000cc23 
  xmm6=0x0000dead0000dead0000afae0000afae xmm7=0x0000cd120000cd120000674100006741 

    > load from +0xfd8 value 0x700
0x2fc: pop rcx
  rax=0x0000000000000000 rbx=0x0000000000000001 rcx=0x0000000000000048 rdx=0x0000000000000700
  rsi=0x0000000000000d00 rdi=0x00000000000000e4 flags=0b000001000110
  xmm0=0x00009a9600009a9600006f2400006f24 xmm1=0x0000cf470000cf4700005a6f00005a6f 
  xmm2=0x0000235a0000235a0000cbaf0000cbaf xmm3=0x000045100000451000001fd400001fd4 
  xmm4=0x000014d8000014d80000f2d30000f2d3 xmm5=0x0000d2800000d2800000cc230000cc23 
  xmm6=0x0000dead0000dead0000afae0000afae xmm7=0x0000cd120000cd120000674100006741 

    > load from +0xfe0 value 0x57
0x2fd: pop rax
  rax=0x0000000000000000 rbx=0x0000000000000001 rcx=0x0000000000000057 rdx=0x0000000000000700
  rsi=0x0000000000000d00 rdi=0x00000000000000e4 flags=0b000001000110
  xmm0=0x00009a9600009a9600006f2400006f24 xmm1=0x0000cf470000cf4700005a6f00005a6f 
  xmm2=0x0000235a0000235a0000cbaf0000cbaf xmm3=0x000045100000451000001fd400001fd4 
  xmm4=0x000014d8000014d80000f2d30000f2d3 xmm5=0x0000d2800000d2800000cc230000cc23 
  xmm6=0x0000dead0000dead0000afae0000afae xmm7=0x0000cd120000cd120000674100006741 

    > load from +0xfe8 value 0x0
0x2fe: popfq  [test_case_exit]
  rax=0x0000000000000000 rbx=0x0000000000000001 rcx=0x0000000000000057 rdx=0x0000000000000700
  rsi=0x0000000000000d00 rdi=0x00000000000000e4 flags=0b000001000110
  xmm0=0x00009a9600009a9600006f2400006f24 xmm1=0x0000cf470000cf4700005a6f00005a6f 
  xmm2=0x0000235a0000235a0000cbaf0000cbaf xmm3=0x000045100000451000001fd400001fd4 
  xmm4=0x000014d8000014d80000f2d30000f2d3 xmm5=0x0000d2800000d2800000cc230000cc23 
  xmm6=0x0000dead0000dead0000afae0000afae xmm7=0x0000cd120000cd120000674100006741 

    > load from +0xff0 value 0x6



                      ##### Input 50 #####

                     ##### Input 0 #####
0x0 : add sil, 43
  rax=0x0000cee30000cee3 rbx=0x0000aa190000aa19 rcx=0x0000dd980000dd98 rdx=0x000038f9000038f9
  rsi=0x00004ae100004ae1 rdi=0x0000013400000134 flags=0b000010000111
  xmm0=0x0000bffd0000bffd0000b8840000b884 xmm1=0x000071a4000071a4000084b0000084b0 
  xmm2=0x0000bbbd0000bbbd00008ebe00008ebe xmm3=0x0000a12d0000a12d0000cef10000cef1 
  xmm4=0x00007c9c00007c9c00002f0e00002f0e xmm5=0x00007bdb00007bdb0000518a0000518a 
  xmm6=0x0000f8250000f82500002e6200002e62 xmm7=0x000032b3000032b300009c1500009c15 

0x4 : pushfq 
  rax=0x0000cee30000cee3 rbx=0x0000aa190000aa19 rcx=0x0000dd980000dd98 rdx=0x000038f9000038f9
  rsi=0x00004ae100004a0c rdi=0x0000013400000134 flags=0b000000000111
  xmm0=0x0000bffd0000bffd0000b8840000b884 xmm1=0x000071a4000071a4000084b0000084b0 
  xmm2=0x0000bbbd0000bbbd00008ebe00008ebe xmm3=0x0000a12d0000a12d0000cef10000cef1 
  xmm4=0x00007c9c00007c9c00002f0e00002f0e xmm5=0x00007bdb00007bdb0000518a0000518a 
  xmm6=0x0000f8250000f82500002e6200002e62 xmm7=0x000032b3000032b300009c1500009c15 

    > store to +0xff0 value 0x7
0x5 : push rax
  rax=0x0000cee30000cee3 rbx=0x0000aa190000aa19 rcx=0x0000dd980000dd98 rdx=0x000038f9000038f9
  rsi=0x00004ae100004a0c rdi=0x0000013400000134 flags=0b000000000111
  xmm0=0x0000bffd0000bffd0000b8840000b884 xmm1=0x000071a4000071a4000084b0000084b0 
  xmm2=0x0000bbbd0000bbbd00008ebe00008ebe xmm3=0x0000a12d0000a12d0000cef10000cef1 
  xmm4=0x00007c9c00007c9c00002f0e00002f0e xmm5=0x00007bdb00007bdb0000518a0000518a 
  xmm6=0x0000f8250000f82500002e6200002e62 xmm7=0x000032b3000032b300009c1500009c15 

    > store to +0xfe8 value 0xcee30000cee3
0x6 : push rcx
  rax=0x0000cee30000cee3 rbx=0x0000aa190000aa19 rcx=0x0000dd980000dd98 rdx=0x000038f9000038f9
  rsi=0x00004ae100004a0c rdi=0x0000013400000134 flags=0b000000000111
  xmm0=0x0000bffd0000bffd0000b8840000b884 xmm1=0x000071a4000071a4000084b0000084b0 
  xmm2=0x0000bbbd0000bbbd00008ebe00008ebe xmm3=0x0000a12d0000a12d0000cef10000cef1 
  xmm4=0x00007c9c00007c9c00002f0e00002f0e xmm5=0x00007bdb00007bdb0000518a0000518a 
  xmm6=0x0000f8250000f82500002e6200002e62 xmm7=0x000032b3000032b300009c1500009c15 

    > store to +0xfe0 value 0xdd980000dd98
0x7 : push rdx
  rax=0x0000cee30000cee3 rbx=0x0000aa190000aa19 rcx=0x0000dd980000dd98 rdx=0x000038f9000038f9
  rsi=0x00004ae100004a0c rdi=0x0000013400000134 flags=0b000000000111
  xmm0=0x0000bffd0000bffd0000b8840000b884 xmm1=0x000071a4000071a4000084b0000084b0 
  xmm2=0x0000bbbd0000bbbd00008ebe00008ebe xmm3=0x0000a12d0000a12d0000cef10000cef1 
  xmm4=0x00007c9c00007c9c00002f0e00002f0e xmm5=0x00007bdb00007bdb0000518a0000518a 
  xmm6=0x0000f8250000f82500002e6200002e62 xmm7=0x000032b3000032b300009c1500009c15 

    > store to +0xfd8 value 0x38f9000038f9
0x8 : mov ecx, 0x1a4
  rax=0x0000cee30000cee3 rbx=0x0000aa190000aa19 rcx=0x0000dd980000dd98 rdx=0x000038f9000038f9
  rsi=0x00004ae100004a0c rdi=0x0000013400000134 flags=0b000000000111
  xmm0=0x0000bffd0000bffd0000b8840000b884 xmm1=0x000071a4000071a4000084b0000084b0 
  xmm2=0x0000bbbd0000bbbd00008ebe00008ebe xmm3=0x0000a12d0000a12d0000cef10000cef1 
  xmm4=0x00007c9c00007c9c00002f0e00002f0e xmm5=0x00007bdb00007bdb0000518a0000518a 
  xmm6=0x0000f8250000f82500002e6200002e62 xmm7=0x000032b3000032b300009c1500009c15 

0xd : mov edx, 0
  rax=0x0000cee30000cee3 rbx=0x0000aa190000aa19 rcx=0x00000000000001a4 rdx=0x000038f9000038f9
  rsi=0x00004ae100004a0c rdi=0x0000013400000134 flags=0b000000000111
  xmm0=0x0000bffd0000bffd0000b8840000b884 xmm1=0x000071a4000071a4000084b0000084b0 
  xmm2=0x0000bbbd0000bbbd00008ebe00008ebe xmm3=0x0000a12d0000a12d0000cef10000cef1 
  xmm4=0x00007c9c00007c9c00002f0e00002f0e xmm5=0x00007bdb00007bdb0000518a0000518a 
  xmm6=0x0000f8250000f82500002e6200002e62 xmm7=0x000032b3000032b300009c1500009c15 

0x12: mov eax, 0b101111
  rax=0x0000cee30000cee3 rbx=0x0000aa190000aa19 rcx=0x00000000000001a4 rdx=0x0000000000000000
  rsi=0x00004ae100004a0c rdi=0x0000013400000134 flags=0b000000000111
  xmm0=0x0000bffd0000bffd0000b8840000b884 xmm1=0x000071a4000071a4000084b0000084b0 
  xmm2=0x0000bbbd0000bbbd00008ebe00008ebe xmm3=0x0000a12d0000a12d0000cef10000cef1 
  xmm4=0x00007c9c00007c9c00002f0e00002f0e xmm5=0x00007bdb00007bdb0000518a0000518a 
  xmm6=0x0000f8250000f82500002e6200002e62 xmm7=0x000032b3000032b300009c1500009c15 

0x17: wrmsr 
  rax=0x000000000000002f rbx=0x0000aa190000aa19 rcx=0x00000000000001a4 rdx=0x0000000000000000
  rsi=0x00004ae100004a0c rdi=0x0000013400000134 flags=0b000000000111
  xmm0=0x0000bffd0000bffd0000b8840000b884 xmm1=0x000071a4000071a4000084b0000084b0 
  xmm2=0x0000bbbd0000bbbd00008ebe00008ebe xmm3=0x0000a12d0000a12d0000cef10000cef1 
  xmm4=0x00007c9c00007c9c00002f0e00002f0e xmm5=0x00007bdb00007bdb0000518a0000518a 
  xmm6=0x0000f8250000f82500002e6200002e62 xmm7=0x000032b3000032b300009c1500009c15 

0x19: mov ecx, 0x48
  rax=0x000000000000002f rbx=0x0000aa190000aa19 rcx=0x00000000000001a4 rdx=0x0000000000000000
  rsi=0x00004ae100004a0c rdi=0x0000013400000134 flags=0b000000000111
  xmm0=0x0000bffd0000bffd0000b8840000b884 xmm1=0x000071a4000071a4000084b0000084b0 
  xmm2=0x0000bbbd0000bbbd00008ebe00008ebe xmm3=0x0000a12d0000a12d0000cef10000cef1 
  xmm4=0x00007c9c00007c9c00002f0e00002f0e xmm5=0x00007bdb00007bdb0000518a0000518a 
  xmm6=0x0000f8250000f82500002e6200002e62 xmm7=0x000032b3000032b300009c1500009c15 

0x1e: rdmsr 
  rax=0x000000000000002f rbx=0x0000aa190000aa19 rcx=0x0000000000000048 rdx=0x0000000000000000
  rsi=0x00004ae100004a0c rdi=0x0000013400000134 flags=0b000000000111
  xmm0=0x0000bffd0000bffd0000b8840000b884 xmm1=0x000071a4000071a4000084b0000084b0 
  xmm2=0x0000bbbd0000bbbd00008ebe00008ebe xmm3=0x0000a12d0000a12d0000cef10000cef1 
  xmm4=0x00007c9c00007c9c00002f0e00002f0e xmm5=0x00007bdb00007bdb0000518a0000518a 
  xmm6=0x0000f8250000f82500002e6200002e62 xmm7=0x000032b3000032b300009c1500009c15 

0x20: and eax, 0xfffffffb
  rax=0x0000000000000000 rbx=0x0000aa190000aa19 rcx=0x0000000000000048 rdx=0x0000000000000000
  rsi=0x00004ae100004a0c rdi=0x0000013400000134 flags=0b000000000111
  xmm0=0x0000bffd0000bffd0000b8840000b884 xmm1=0x000071a4000071a4000084b0000084b0 
  xmm2=0x0000bbbd0000bbbd00008ebe00008ebe xmm3=0x0000a12d0000a12d0000cef10000cef1 
  xmm4=0x00007c9c00007c9c00002f0e00002f0e xmm5=0x00007bdb00007bdb0000518a0000518a 
  xmm6=0x0000f8250000f82500002e6200002e62 xmm7=0x000032b3000032b300009c1500009c15 

0x23: or eax, 0x100
  rax=0x0000000000000000 rbx=0x0000aa190000aa19 rcx=0x0000000000000048 rdx=0x0000000000000000
  rsi=0x00004ae100004a0c rdi=0x0000013400000134 flags=0b000001000110
  xmm0=0x0000bffd0000bffd0000b8840000b884 xmm1=0x000071a4000071a4000084b0000084b0 
  xmm2=0x0000bbbd0000bbbd00008ebe00008ebe xmm3=0x0000a12d0000a12d0000cef10000cef1 
  xmm4=0x00007c9c00007c9c00002f0e00002f0e xmm5=0x00007bdb00007bdb0000518a0000518a 
  xmm6=0x0000f8250000f82500002e6200002e62 xmm7=0x000032b3000032b300009c1500009c15 

0x28: wrmsr 
  rax=0x0000000000000100 rbx=0x0000aa190000aa19 rcx=0x0000000000000048 rdx=0x0000000000000000
  rsi=0x00004ae100004a0c rdi=0x0000013400000134 flags=0b000000000110
  xmm0=0x0000bffd0000bffd0000b8840000b884 xmm1=0x000071a4000071a4000084b0000084b0 
  xmm2=0x0000bbbd0000bbbd00008ebe00008ebe xmm3=0x0000a12d0000a12d0000cef10000cef1 
  xmm4=0x00007c9c00007c9c00002f0e00002f0e xmm5=0x00007bdb00007bdb0000518a0000518a 
  xmm6=0x0000f8250000f82500002e6200002e62 xmm7=0x000032b3000032b300009c1500009c15 

0x2a: mfence 
  rax=0x0000000000000100 rbx=0x0000aa190000aa19 rcx=0x0000000000000048 rdx=0x0000000000000000
  rsi=0x00004ae100004a0c rdi=0x0000013400000134 flags=0b000000000110
  xmm0=0x0000bffd0000bffd0000b8840000b884 xmm1=0x000071a4000071a4000084b0000084b0 
  xmm2=0x0000bbbd0000bbbd00008ebe00008ebe xmm3=0x0000a12d0000a12d0000cef10000cef1 
  xmm4=0x00007c9c00007c9c00002f0e00002f0e xmm5=0x00007bdb00007bdb0000518a0000518a 
  xmm6=0x0000f8250000f82500002e6200002e62 xmm7=0x000032b3000032b300009c1500009c15 

0x2d: lfence 
  rax=0x0000000000000100 rbx=0x0000aa190000aa19 rcx=0x0000000000000048 rdx=0x0000000000000000
  rsi=0x00004ae100004a0c rdi=0x0000013400000134 flags=0b000000000110
  xmm0=0x0000bffd0000bffd0000b8840000b884 xmm1=0x000071a4000071a4000084b0000084b0 
  xmm2=0x0000bbbd0000bbbd00008ebe00008ebe xmm3=0x0000a12d0000a12d0000cef10000cef1 
  xmm4=0x00007c9c00007c9c00002f0e00002f0e xmm5=0x00007bdb00007bdb0000518a0000518a 
  xmm6=0x0000f8250000f82500002e6200002e62 xmm7=0x000032b3000032b300009c1500009c15 

0x30: macro .measurement_start, .noarg
  rax=0x0000000000000100 rbx=0x0000aa190000aa19 rcx=0x0000000000000048 rdx=0x0000000000000000
  rsi=0x00004ae100004a0c rdi=0x0000013400000134 flags=0b000000000110
  xmm0=0x0000bffd0000bffd0000b8840000b884 xmm1=0x000071a4000071a4000084b0000084b0 
  xmm2=0x0000bbbd0000bbbd00008ebe00008ebe xmm3=0x0000a12d0000a12d0000cef10000cef1 
  xmm4=0x00007c9c00007c9c00002f0e00002f0e xmm5=0x00007bdb00007bdb0000518a0000518a 
  xmm6=0x0000f8250000f82500002e6200002e62 xmm7=0x000032b3000032b300009c1500009c15 

0x38: mov ecx, 0x1a4
  rax=0x0000000000000100 rbx=0x0000aa190000aa19 rcx=0x0000000000000048 rdx=0x0000000000000000
  rsi=0x00004ae100004a0c rdi=0x0000013400000134 flags=0b000000000110
  xmm0=0x0000bffd0000bffd0000b8840000b884 xmm1=0x000071a4000071a4000084b0000084b0 
  xmm2=0x0000bbbd0000bbbd00008ebe00008ebe xmm3=0x0000a12d0000a12d0000cef10000cef1 
  xmm4=0x00007c9c00007c9c00002f0e00002f0e xmm5=0x00007bdb00007bdb0000518a0000518a 
  xmm6=0x0000f8250000f82500002e6200002e62 xmm7=0x000032b3000032b300009c1500009c15 

0x3d: mov edx, 0
  rax=0x0000000000000100 rbx=0x0000aa190000aa19 rcx=0x00000000000001a4 rdx=0x0000000000000000
  rsi=0x00004ae100004a0c rdi=0x0000013400000134 flags=0b000000000110
  xmm0=0x0000bffd0000bffd0000b8840000b884 xmm1=0x000071a4000071a4000084b0000084b0 
  xmm2=0x0000bbbd0000bbbd00008ebe00008ebe xmm3=0x0000a12d0000a12d0000cef10000cef1 
  xmm4=0x00007c9c00007c9c00002f0e00002f0e xmm5=0x00007bdb00007bdb0000518a0000518a 
  xmm6=0x0000f8250000f82500002e6200002e62 xmm7=0x000032b3000032b300009c1500009c15 

0x42: mov eax, 0b000000
  rax=0x0000000000000100 rbx=0x0000aa190000aa19 rcx=0x00000000000001a4 rdx=0x0000000000000000
  rsi=0x00004ae100004a0c rdi=0x0000013400000134 flags=0b000000000110
  xmm0=0x0000bffd0000bffd0000b8840000b884 xmm1=0x000071a4000071a4000084b0000084b0 
  xmm2=0x0000bbbd0000bbbd00008ebe00008ebe xmm3=0x0000a12d0000a12d0000cef10000cef1 
  xmm4=0x00007c9c00007c9c00002f0e00002f0e xmm5=0x00007bdb00007bdb0000518a0000518a 
  xmm6=0x0000f8250000f82500002e6200002e62 xmm7=0x000032b3000032b300009c1500009c15 

0x47: mov ecx, 0x48
  rax=0x0000000000000000 rbx=0x0000aa190000aa19 rcx=0x00000000000001a4 rdx=0x0000000000000000
  rsi=0x00004ae100004a0c rdi=0x0000013400000134 flags=0b000000000110
  xmm0=0x0000bffd0000bffd0000b8840000b884 xmm1=0x000071a4000071a4000084b0000084b0 
  xmm2=0x0000bbbd0000bbbd00008ebe00008ebe xmm3=0x0000a12d0000a12d0000cef10000cef1 
  xmm4=0x00007c9c00007c9c00002f0e00002f0e xmm5=0x00007bdb00007bdb0000518a0000518a 
  xmm6=0x0000f8250000f82500002e6200002e62 xmm7=0x000032b3000032b300009c1500009c15 

0x4c: rdmsr 
  rax=0x0000000000000000 rbx=0x0000aa190000aa19 rcx=0x0000000000000048 rdx=0x0000000000000000
  rsi=0x00004ae100004a0c rdi=0x0000013400000134 flags=0b000000000110
  xmm0=0x0000bffd0000bffd0000b8840000b884 xmm1=0x000071a4000071a4000084b0000084b0 
  xmm2=0x0000bbbd0000bbbd00008ebe00008ebe xmm3=0x0000a12d0000a12d0000cef10000cef1 
  xmm4=0x00007c9c00007c9c00002f0e00002f0e xmm5=0x00007bdb00007bdb0000518a0000518a 
  xmm6=0x0000f8250000f82500002e6200002e62 xmm7=0x000032b3000032b300009c1500009c15 

0x4e: and eax, 0xfffffffb
  rax=0x0000000000000000 rbx=0x0000aa190000aa19 rcx=0x0000000000000048 rdx=0x0000000000000000
  rsi=0x00004ae100004a0c rdi=0x0000013400000134 flags=0b000000000110
  xmm0=0x0000bffd0000bffd0000b8840000b884 xmm1=0x000071a4000071a4000084b0000084b0 
  xmm2=0x0000bbbd0000bbbd00008ebe00008ebe xmm3=0x0000a12d0000a12d0000cef10000cef1 
  xmm4=0x00007c9c00007c9c00002f0e00002f0e xmm5=0x00007bdb00007bdb0000518a0000518a 
  xmm6=0x0000f8250000f82500002e6200002e62 xmm7=0x000032b3000032b300009c1500009c15 

0x51: and eax, 0xfffffeff
  rax=0x0000000000000000 rbx=0x0000aa190000aa19 rcx=0x0000000000000048 rdx=0x0000000000000000
  rsi=0x00004ae100004a0c rdi=0x0000013400000134 flags=0b000001000110
  xmm0=0x0000bffd0000bffd0000b8840000b884 xmm1=0x000071a4000071a4000084b0000084b0 
  xmm2=0x0000bbbd0000bbbd00008ebe00008ebe xmm3=0x0000a12d0000a12d0000cef10000cef1 
  xmm4=0x00007c9c00007c9c00002f0e00002f0e xmm5=0x00007bdb00007bdb0000518a0000518a 
  xmm6=0x0000f8250000f82500002e6200002e62 xmm7=0x000032b3000032b300009c1500009c15 

0x56: wrmsr 
  rax=0x0000000000000000 rbx=0x0000aa190000aa19 rcx=0x0000000000000048 rdx=0x0000000000000000
  rsi=0x00004ae100004a0c rdi=0x0000013400000134 flags=0b000001000110
  xmm0=0x0000bffd0000bffd0000b8840000b884 xmm1=0x000071a4000071a4000084b0000084b0 
  xmm2=0x0000bbbd0000bbbd00008ebe00008ebe xmm3=0x0000a12d0000a12d0000cef10000cef1 
  xmm4=0x00007c9c00007c9c00002f0e00002f0e xmm5=0x00007bdb00007bdb0000518a0000518a 
  xmm6=0x0000f8250000f82500002e6200002e62 xmm7=0x000032b3000032b300009c1500009c15 

0x58: mfence 
  rax=0x0000000000000000 rbx=0x0000aa190000aa19 rcx=0x0000000000000048 rdx=0x0000000000000000
  rsi=0x00004ae100004a0c rdi=0x0000013400000134 flags=0b000001000110
  xmm0=0x0000bffd0000bffd0000b8840000b884 xmm1=0x000071a4000071a4000084b0000084b0 
  xmm2=0x0000bbbd0000bbbd00008ebe00008ebe xmm3=0x0000a12d0000a12d0000cef10000cef1 
  xmm4=0x00007c9c00007c9c00002f0e00002f0e xmm5=0x00007bdb00007bdb0000518a0000518a 
  xmm6=0x0000f8250000f82500002e6200002e62 xmm7=0x000032b3000032b300009c1500009c15 

0x5b: lfence 
  rax=0x0000000000000000 rbx=0x0000aa190000aa19 rcx=0x0000000000000048 rdx=0x0000000000000000
  rsi=0x00004ae100004a0c rdi=0x0000013400000134 flags=0b000001000110
  xmm0=0x0000bffd0000bffd0000b8840000b884 xmm1=0x000071a4000071a4000084b0000084b0 
  xmm2=0x0000bbbd0000bbbd00008ebe00008ebe xmm3=0x0000a12d0000a12d0000cef10000cef1 
  xmm4=0x00007c9c00007c9c00002f0e00002f0e xmm5=0x00007bdb00007bdb0000518a0000518a 
  xmm6=0x0000f8250000f82500002e6200002e62 xmm7=0x000032b3000032b300009c1500009c15 

0x5e: pop rdx
  rax=0x0000000000000000 rbx=0x0000aa190000aa19 rcx=0x0000000000000048 rdx=0x0000000000000000
  rsi=0x00004ae100004a0c rdi=0x0000013400000134 flags=0b000001000110
  xmm0=0x0000bffd0000bffd0000b8840000b884 xmm1=0x000071a4000071a4000084b0000084b0 
  xmm2=0x0000bbbd0000bbbd00008ebe00008ebe xmm3=0x0000a12d0000a12d0000cef10000cef1 
  xmm4=0x00007c9c00007c9c00002f0e00002f0e xmm5=0x00007bdb00007bdb0000518a0000518a 
  xmm6=0x0000f8250000f82500002e6200002e62 xmm7=0x000032b3000032b300009c1500009c15 

    > load from +0xfd8 value 0x38f9000038f9
0x5f: pop rcx
  rax=0x0000000000000000 rbx=0x0000aa190000aa19 rcx=0x0000000000000048 rdx=0x000038f9000038f9
  rsi=0x00004ae100004a0c rdi=0x0000013400000134 flags=0b000001000110
  xmm0=0x0000bffd0000bffd0000b8840000b884 xmm1=0x000071a4000071a4000084b0000084b0 
  xmm2=0x0000bbbd0000bbbd00008ebe00008ebe xmm3=0x0000a12d0000a12d0000cef10000cef1 
  xmm4=0x00007c9c00007c9c00002f0e00002f0e xmm5=0x00007bdb00007bdb0000518a0000518a 
  xmm6=0x0000f8250000f82500002e6200002e62 xmm7=0x000032b3000032b300009c1500009c15 

    > load from +0xfe0 value 0xdd980000dd98
0x60: pop rax
  rax=0x0000000000000000 rbx=0x0000aa190000aa19 rcx=0x0000dd980000dd98 rdx=0x000038f9000038f9
  rsi=0x00004ae100004a0c rdi=0x0000013400000134 flags=0b000001000110
  xmm0=0x0000bffd0000bffd0000b8840000b884 xmm1=0x000071a4000071a4000084b0000084b0 
  xmm2=0x0000bbbd0000bbbd00008ebe00008ebe xmm3=0x0000a12d0000a12d0000cef10000cef1 
  xmm4=0x00007c9c00007c9c00002f0e00002f0e xmm5=0x00007bdb00007bdb0000518a0000518a 
  xmm6=0x0000f8250000f82500002e6200002e62 xmm7=0x000032b3000032b300009c1500009c15 

    > load from +0xfe8 value 0xcee30000cee3
0x61: popfq 
  rax=0x0000cee30000cee3 rbx=0x0000aa190000aa19 rcx=0x0000dd980000dd98 rdx=0x000038f9000038f9
  rsi=0x00004ae100004a0c rdi=0x0000013400000134 flags=0b000001000110
  xmm0=0x0000bffd0000bffd0000b8840000b884 xmm1=0x000071a4000071a4000084b0000084b0 
  xmm2=0x0000bbbd0000bbbd00008ebe00008ebe xmm3=0x0000a12d0000a12d0000cef10000cef1 
  xmm4=0x00007c9c00007c9c00002f0e00002f0e xmm5=0x00007bdb00007bdb0000518a0000518a 
  xmm6=0x0000f8250000f82500002e6200002e62 xmm7=0x000032b3000032b300009c1500009c15 

    > load from +0xff0 value 0x7
0x62: and rcx, 0b1111111111111
  rax=0x0000cee30000cee3 rbx=0x0000aa190000aa19 rcx=0x0000dd980000dd98 rdx=0x000038f9000038f9
  rsi=0x00004ae100004a0c rdi=0x0000013400000134 flags=0b000000000111
  xmm0=0x0000bffd0000bffd0000b8840000b884 xmm1=0x000071a4000071a4000084b0000084b0 
  xmm2=0x0000bbbd0000bbbd00008ebe00008ebe xmm3=0x0000a12d0000a12d0000cef10000cef1 
  xmm4=0x00007c9c00007c9c00002f0e00002f0e xmm5=0x00007bdb00007bdb0000518a0000518a 
  xmm6=0x0000f8250000f82500002e6200002e62 xmm7=0x000032b3000032b300009c1500009c15 

0x69: cmovb esi, [r14 +rcx]
  rax=0x0000cee30000cee3 rbx=0x0000aa190000aa19 rcx=0x0000000000001d98 rdx=0x000038f9000038f9
  rsi=0x00004ae100004a0c rdi=0x0000013400000134 flags=0b000000000010
  xmm0=0x0000bffd0000bffd0000b8840000b884 xmm1=0x000071a4000071a4000084b0000084b0 
  xmm2=0x0000bbbd0000bbbd00008ebe00008ebe xmm3=0x0000a12d0000a12d0000cef10000cef1 
  xmm4=0x00007c9c00007c9c00002f0e00002f0e xmm5=0x00007bdb00007bdb0000518a0000518a 
  xmm6=0x0000f8250000f82500002e6200002e62 xmm7=0x000032b3000032b300009c1500009c15 

    > load from +0x1d98 value 0xc4b2
0x6e: and rsi, 0b1111111111111
  rax=0x0000cee30000cee3 rbx=0x0000aa190000aa19 rcx=0x0000000000001d98 rdx=0x000038f9000038f9
  rsi=0x0000000000004a0c rdi=0x0000013400000134 flags=0b000000000010
  xmm0=0x0000bffd0000bffd0000b8840000b884 xmm1=0x000071a4000071a4000084b0000084b0 
  xmm2=0x0000bbbd0000bbbd00008ebe00008ebe xmm3=0x0000a12d0000a12d0000cef10000cef1 
  xmm4=0x00007c9c00007c9c00002f0e00002f0e xmm5=0x00007bdb00007bdb0000518a0000518a 
  xmm6=0x0000f8250000f82500002e6200002e62 xmm7=0x000032b3000032b300009c1500009c15 

0x75: cmovo rdx, [r14 +rsi]
  rax=0x0000cee30000cee3 rbx=0x0000aa190000aa19 rcx=0x0000000000001d98 rdx=0x000038f9000038f9
  rsi=0x0000000000000a0c rdi=0x0000013400000134 flags=0b000000000110
  xmm0=0x0000bffd0000bffd0000b8840000b884 xmm1=0x000071a4000071a4000084b0000084b0 
  xmm2=0x0000bbbd0000bbbd00008ebe00008ebe xmm3=0x0000a12d0000a12d0000cef10000cef1 
  xmm4=0x00007c9c00007c9c00002f0e00002f0e xmm5=0x00007bdb00007bdb0000518a0000518a 
  xmm6=0x0000f8250000f82500002e6200002e62 xmm7=0x000032b3000032b300009c1500009c15 

    > load from +0xa0c value 0x9bd50000b105
0x7a: setno dl
  rax=0x0000cee30000cee3 rbx=0x0000aa190000aa19 rcx=0x0000000000001d98 rdx=0x000038f9000038f9
  rsi=0x0000000000000a0c rdi=0x0000013400000134 flags=0b000000000110
  xmm0=0x0000bffd0000bffd0000b8840000b884 xmm1=0x000071a4000071a4000084b0000084b0 
  xmm2=0x0000bbbd0000bbbd00008ebe00008ebe xmm3=0x0000a12d0000a12d0000cef10000cef1 
  xmm4=0x00007c9c00007c9c00002f0e00002f0e xmm5=0x00007bdb00007bdb0000518a0000518a 
  xmm6=0x0000f8250000f82500002e6200002e62 xmm7=0x000032b3000032b300009c1500009c15 

0x7d: or edi, 1
  rax=0x0000cee30000cee3 rbx=0x0000aa190000aa19 rcx=0x0000000000001d98 rdx=0x000038f900003801
  rsi=0x0000000000000a0c rdi=0x0000013400000134 flags=0b000000000110
  xmm0=0x0000bffd0000bffd0000b8840000b884 xmm1=0x000071a4000071a4000084b0000084b0 
  xmm2=0x0000bbbd0000bbbd00008ebe00008ebe xmm3=0x0000a12d0000a12d0000cef10000cef1 
  xmm4=0x00007c9c00007c9c00002f0e00002f0e xmm5=0x00007bdb00007bdb0000518a0000518a 
  xmm6=0x0000f8250000f82500002e6200002e62 xmm7=0x000032b3000032b300009c1500009c15 

0x80: and edx, edi
  rax=0x0000cee30000cee3 rbx=0x0000aa190000aa19 rcx=0x0000000000001d98 rdx=0x000038f900003801
  rsi=0x0000000000000a0c rdi=0x0000000000000135 flags=0b000000000110
  xmm0=0x0000bffd0000bffd0000b8840000b884 xmm1=0x000071a4000071a4000084b0000084b0 
  xmm2=0x0000bbbd0000bbbd00008ebe00008ebe xmm3=0x0000a12d0000a12d0000cef10000cef1 
  xmm4=0x00007c9c00007c9c00002f0e00002f0e xmm5=0x00007bdb00007bdb0000518a0000518a 
  xmm6=0x0000f8250000f82500002e6200002e62 xmm7=0x000032b3000032b300009c1500009c15 

0x82: shr edx, 1
  rax=0x0000cee30000cee3 rbx=0x0000aa190000aa19 rcx=0x0000000000001d98 rdx=0x0000000000000001
  rsi=0x0000000000000a0c rdi=0x0000000000000135 flags=0b000000000010
  xmm0=0x0000bffd0000bffd0000b8840000b884 xmm1=0x000071a4000071a4000084b0000084b0 
  xmm2=0x0000bbbd0000bbbd00008ebe00008ebe xmm3=0x0000a12d0000a12d0000cef10000cef1 
  xmm4=0x00007c9c00007c9c00002f0e00002f0e xmm5=0x00007bdb00007bdb0000518a0000518a 
  xmm6=0x0000f8250000f82500002e6200002e62 xmm7=0x000032b3000032b300009c1500009c15 

0x84: div edi
  rax=0x0000cee30000cee3 rbx=0x0000aa190000aa19 rcx=0x0000000000001d98 rdx=0x0000000000000000
  rsi=0x0000000000000a0c rdi=0x0000000000000135 flags=0b000001000111
  xmm0=0x0000bffd0000bffd0000b8840000b884 xmm1=0x000071a4000071a4000084b0000084b0 
  xmm2=0x0000bbbd0000bbbd00008ebe00008ebe xmm3=0x0000a12d0000a12d0000cef10000cef1 
  xmm4=0x00007c9c00007c9c00002f0e00002f0e xmm5=0x00007bdb00007bdb0000518a0000518a 
  xmm6=0x0000f8250000f82500002e6200002e62 xmm7=0x000032b3000032b300009c1500009c15 

0x86: inc al
  rax=0x00000000000000ab rbx=0x0000aa190000aa19 rcx=0x0000000000001d98 rdx=0x000000000000007c
  rsi=0x0000000000000a0c rdi=0x0000000000000135 flags=0b000001000111
  xmm0=0x0000bffd0000bffd0000b8840000b884 xmm1=0x000071a4000071a4000084b0000084b0 
  xmm2=0x0000bbbd0000bbbd00008ebe00008ebe xmm3=0x0000a12d0000a12d0000cef10000cef1 
  xmm4=0x00007c9c00007c9c00002f0e00002f0e xmm5=0x00007bdb00007bdb0000518a0000518a 
  xmm6=0x0000f8250000f82500002e6200002e62 xmm7=0x000032b3000032b300009c1500009c15 

0x88: and rsi, 0b1111111111111
  rax=0x00000000000000ac rbx=0x0000aa190000aa19 rcx=0x0000000000001d98 rdx=0x000000000000007c
  rsi=0x0000000000000a0c rdi=0x0000000000000135 flags=0b000010000111
  xmm0=0x0000bffd0000bffd0000b8840000b884 xmm1=0x000071a4000071a4000084b0000084b0 
  xmm2=0x0000bbbd0000bbbd00008ebe00008ebe xmm3=0x0000a12d0000a12d0000cef10000cef1 
  xmm4=0x00007c9c00007c9c00002f0e00002f0e xmm5=0x00007bdb00007bdb0000518a0000518a 
  xmm6=0x0000f8250000f82500002e6200002e62 xmm7=0x000032b3000032b300009c1500009c15 

0x8f: or ecx, [r14 +rsi]
  rax=0x00000000000000ac rbx=0x0000aa190000aa19 rcx=0x0000000000001d98 rdx=0x000000000000007c
  rsi=0x0000000000000a0c rdi=0x0000000000000135 flags=0b000000000110
  xmm0=0x0000bffd0000bffd0000b8840000b884 xmm1=0x000071a4000071a4000084b0000084b0 
  xmm2=0x0000bbbd0000bbbd00008ebe00008ebe xmm3=0x0000a12d0000a12d0000cef10000cef1 
  xmm4=0x00007c9c00007c9c00002f0e00002f0e xmm5=0x00007bdb00007bdb0000518a0000518a 
  xmm6=0x0000f8250000f82500002e6200002e62 xmm7=0x000032b3000032b300009c1500009c15 

    > load from +0xa0c value 0xb105
0x93: add cl, 68
  rax=0x00000000000000ac rbx=0x0000aa190000aa19 rcx=0x000000000000bd9d rdx=0x000000000000007c
  rsi=0x0000000000000a0c rdi=0x0000000000000135 flags=0b000000000010
  xmm0=0x0000bffd0000bffd0000b8840000b884 xmm1=0x000071a4000071a4000084b0000084b0 
  xmm2=0x0000bbbd0000bbbd00008ebe00008ebe xmm3=0x0000a12d0000a12d0000cef10000cef1 
  xmm4=0x00007c9c00007c9c00002f0e00002f0e xmm5=0x00007bdb00007bdb0000518a0000518a 
  xmm6=0x0000f8250000f82500002e6200002e62 xmm7=0x000032b3000032b300009c1500009c15 

0x96: and rcx, 0b1111111111111
  rax=0x00000000000000ac rbx=0x0000aa190000aa19 rcx=0x000000000000bde1 rdx=0x000000000000007c
  rsi=0x0000000000000a0c rdi=0x0000000000000135 flags=0b000010010110
  xmm0=0x0000bffd0000bffd0000b8840000b884 xmm1=0x000071a4000071a4000084b0000084b0 
  xmm2=0x0000bbbd0000bbbd00008ebe00008ebe xmm3=0x0000a12d0000a12d0000cef10000cef1 
  xmm4=0x00007c9c00007c9c00002f0e00002f0e xmm5=0x00007bdb00007bdb0000518a0000518a 
  xmm6=0x0000f8250000f82500002e6200002e62 xmm7=0x000032b3000032b300009c1500009c15 

0x9d: cmovnz ecx, [r14 +rcx]
  rax=0x00000000000000ac rbx=0x0000aa190000aa19 rcx=0x0000000000001de1 rdx=0x000000000000007c
  rsi=0x0000000000000a0c rdi=0x0000000000000135 flags=0b000000000110
  xmm0=0x0000bffd0000bffd0000b8840000b884 xmm1=0x000071a4000071a4000084b0000084b0 
  xmm2=0x0000bbbd0000bbbd00008ebe00008ebe xmm3=0x0000a12d0000a12d0000cef10000cef1 
  xmm4=0x00007c9c00007c9c00002f0e00002f0e xmm5=0x00007bdb00007bdb0000518a0000518a 
  xmm6=0x0000f8250000f82500002e6200002e62 xmm7=0x000032b3000032b300009c1500009c15 

    > load from +0x1de1 value 0xd80000de
0xa2: and rcx, 0b1111111111111
  rax=0x00000000000000ac rbx=0x0000aa190000aa19 rcx=0x00000000d80000de rdx=0x000000000000007c
  rsi=0x0000000000000a0c rdi=0x0000000000000135 flags=0b000000000110
  xmm0=0x0000bffd0000bffd0000b8840000b884 xmm1=0x000071a4000071a4000084b0000084b0 
  xmm2=0x0000bbbd0000bbbd00008ebe00008ebe xmm3=0x0000a12d0000a12d0000cef10000cef1 
  xmm4=0x00007c9c00007c9c00002f0e00002f0e xmm5=0x00007bdb00007bdb0000518a0000518a 
  xmm6=0x0000f8250000f82500002e6200002e62 xmm7=0x000032b3000032b300009c1500009c15 

0xa9: cmovl ax, [r14 +rcx]
  rax=0x00000000000000ac rbx=0x0000aa190000aa19 rcx=0x00000000000000de rdx=0x000000000000007c
  rsi=0x0000000000000a0c rdi=0x0000000000000135 flags=0b000000000110
  xmm0=0x0000bffd0000bffd0000b8840000b884 xmm1=0x000071a4000071a4000084b0000084b0 
  xmm2=0x0000bbbd0000bbbd00008ebe00008ebe xmm3=0x0000a12d0000a12d0000cef10000cef1 
  xmm4=0x00007c9c00007c9c00002f0e00002f0e xmm5=0x00007bdb00007bdb0000518a0000518a 
  xmm6=0x0000f8250000f82500002e6200002e62 xmm7=0x000032b3000032b300009c1500009c15 

    > load from +0xde value 0x0
0xaf: and rcx, 0b1111111111111
  rax=0x00000000000000ac rbx=0x0000aa190000aa19 rcx=0x00000000000000de rdx=0x000000000000007c
  rsi=0x0000000000000a0c rdi=0x0000000000000135 flags=0b000000000110
  xmm0=0x0000bffd0000bffd0000b8840000b884 xmm1=0x000071a4000071a4000084b0000084b0 
  xmm2=0x0000bbbd0000bbbd00008ebe00008ebe xmm3=0x0000a12d0000a12d0000cef10000cef1 
  xmm4=0x00007c9c00007c9c00002f0e00002f0e xmm5=0x00007bdb00007bdb0000518a0000518a 
  xmm6=0x0000f8250000f82500002e6200002e62 xmm7=0x000032b3000032b300009c1500009c15 

0xb6: cmovs rdx, [r14 +rcx]
  rax=0x00000000000000ac rbx=0x0000aa190000aa19 rcx=0x00000000000000de rdx=0x000000000000007c
  rsi=0x0000000000000a0c rdi=0x0000000000000135 flags=0b000000000110
  xmm0=0x0000bffd0000bffd0000b8840000b884 xmm1=0x000071a4000071a4000084b0000084b0 
  xmm2=0x0000bbbd0000bbbd00008ebe00008ebe xmm3=0x0000a12d0000a12d0000cef10000cef1 
  xmm4=0x00007c9c00007c9c00002f0e00002f0e xmm5=0x00007bdb00007bdb0000518a0000518a 
  xmm6=0x0000f8250000f82500002e6200002e62 xmm7=0x000032b3000032b300009c1500009c15 

    > load from +0xde value 0xd15c0000d15c0000
0xbb: and rcx, 0b1111111111111
  rax=0x00000000000000ac rbx=0x0000aa190000aa19 rcx=0x00000000000000de rdx=0x000000000000007c
  rsi=0x0000000000000a0c rdi=0x0000000000000135 flags=0b000000000110
  xmm0=0x0000bffd0000bffd0000b8840000b884 xmm1=0x000071a4000071a4000084b0000084b0 
  xmm2=0x0000bbbd0000bbbd00008ebe00008ebe xmm3=0x0000a12d0000a12d0000cef10000cef1 
  xmm4=0x00007c9c00007c9c00002f0e00002f0e xmm5=0x00007bdb00007bdb0000518a0000518a 
  xmm6=0x0000f8250000f82500002e6200002e62 xmm7=0x000032b3000032b300009c1500009c15 

0xc2: test [r14 +rcx], rcx
  rax=0x00000000000000ac rbx=0x0000aa190000aa19 rcx=0x00000000000000de rdx=0x000000000000007c
  rsi=0x0000000000000a0c rdi=0x0000000000000135 flags=0b000000000110
  xmm0=0x0000bffd0000bffd0000b8840000b884 xmm1=0x000071a4000071a4000084b0000084b0 
  xmm2=0x0000bbbd0000bbbd00008ebe00008ebe xmm3=0x0000a12d0000a12d0000cef10000cef1 
  xmm4=0x00007c9c00007c9c00002f0e00002f0e xmm5=0x00007bdb00007bdb0000518a0000518a 
  xmm6=0x0000f8250000f82500002e6200002e62 xmm7=0x000032b3000032b300009c1500009c15 

    > load from +0xde value 0xd15c0000d15c0000
0xc6: and rcx, 0b1111111111111
  rax=0x00000000000000ac rbx=0x0000aa190000aa19 rcx=0x00000000000000de rdx=0x000000000000007c
  rsi=0x0000000000000a0c rdi=0x0000000000000135 flags=0b000001000110
  xmm0=0x0000bffd0000bffd0000b8840000b884 xmm1=0x000071a4000071a4000084b0000084b0 
  xmm2=0x0000bbbd0000bbbd00008ebe00008ebe xmm3=0x0000a12d0000a12d0000cef10000cef1 
  xmm4=0x00007c9c00007c9c00002f0e00002f0e xmm5=0x00007bdb00007bdb0000518a0000518a 
  xmm6=0x0000f8250000f82500002e6200002e62 xmm7=0x000032b3000032b300009c1500009c15 

0xcd: or [r14 +rcx], 1
  rax=0x00000000000000ac rbx=0x0000aa190000aa19 rcx=0x00000000000000de rdx=0x000000000000007c
  rsi=0x0000000000000a0c rdi=0x0000000000000135 flags=0b000000000110
  xmm0=0x0000bffd0000bffd0000b8840000b884 xmm1=0x000071a4000071a4000084b0000084b0 
  xmm2=0x0000bbbd0000bbbd00008ebe00008ebe xmm3=0x0000a12d0000a12d0000cef10000cef1 
  xmm4=0x00007c9c00007c9c00002f0e00002f0e xmm5=0x00007bdb00007bdb0000518a0000518a 
  xmm6=0x0000f8250000f82500002e6200002e62 xmm7=0x000032b3000032b300009c1500009c15 

    > load from +0xde value 0x0
    > store to +0xde value 0x1
0xd3: and dx, [r14 +rcx]
  rax=0x00000000000000ac rbx=0x0000aa190000aa19 rcx=0x00000000000000de rdx=0x000000000000007c
  rsi=0x0000000000000a0c rdi=0x0000000000000135 flags=0b000000000010
  xmm0=0x0000bffd0000bffd0000b8840000b884 xmm1=0x000071a4000071a4000084b0000084b0 
  xmm2=0x0000bbbd0000bbbd00008ebe00008ebe xmm3=0x0000a12d0000a12d0000cef10000cef1 
  xmm4=0x00007c9c00007c9c00002f0e00002f0e xmm5=0x00007bdb00007bdb0000518a0000518a 
  xmm6=0x0000f8250000f82500002e6200002e62 xmm7=0x000032b3000032b300009c1500009c15 

    > load from +0xde value 0x1
0xd8: shr dx, 1
  rax=0x00000000000000ac rbx=0x0000aa190000aa19 rcx=0x00000000000000de rdx=0x0000000000000000
  rsi=0x0000000000000a0c rdi=0x0000000000000135 flags=0b000001000110
  xmm0=0x0000bffd0000bffd0000b8840000b884 xmm1=0x000071a4000071a4000084b0000084b0 
  xmm2=0x0000bbbd0000bbbd00008ebe00008ebe xmm3=0x0000a12d0000a12d0000cef10000cef1 
  xmm4=0x00007c9c00007c9c00002f0e00002f0e xmm5=0x00007bdb00007bdb0000518a0000518a 
  xmm6=0x0000f8250000f82500002e6200002e62 xmm7=0x000032b3000032b300009c1500009c15 

0xdb: div [r14 +rcx]
  rax=0x00000000000000ac rbx=0x0000aa190000aa19 rcx=0x00000000000000de rdx=0x0000000000000000
  rsi=0x0000000000000a0c rdi=0x0000000000000135 flags=0b000001000110
  xmm0=0x0000bffd0000bffd0000b8840000b884 xmm1=0x000071a4000071a4000084b0000084b0 
  xmm2=0x0000bbbd0000bbbd00008ebe00008ebe xmm3=0x0000a12d0000a12d0000cef10000cef1 
  xmm4=0x00007c9c00007c9c00002f0e00002f0e xmm5=0x00007bdb00007bdb0000518a0000518a 
  xmm6=0x0000f8250000f82500002e6200002e62 xmm7=0x000032b3000032b300009c1500009c15 

    > load from +0xde value 0x1
0xe0: and rdi, 0b1111111111111
  rax=0x00000000000000ac rbx=0x0000aa190000aa19 rcx=0x00000000000000de rdx=0x0000000000000000
  rsi=0x0000000000000a0c rdi=0x0000000000000135 flags=0b000001000110
  xmm0=0x0000bffd0000bffd0000b8840000b884 xmm1=0x000071a4000071a4000084b0000084b0 
  xmm2=0x0000bbbd0000bbbd00008ebe00008ebe xmm3=0x0000a12d0000a12d0000cef10000cef1 
  xmm4=0x00007c9c00007c9c00002f0e00002f0e xmm5=0x00007bdb00007bdb0000518a0000518a 
  xmm6=0x0000f8250000f82500002e6200002e62 xmm7=0x000032b3000032b300009c1500009c15 

0xe7: and rbx, 0b1111111111111
  rax=0x00000000000000ac rbx=0x0000aa190000aa19 rcx=0x00000000000000de rdx=0x0000000000000000
  rsi=0x0000000000000a0c rdi=0x0000000000000135 flags=0b000000000110
  xmm0=0x0000bffd0000bffd0000b8840000b884 xmm1=0x000071a4000071a4000084b0000084b0 
  xmm2=0x0000bbbd0000bbbd00008ebe00008ebe xmm3=0x0000a12d0000a12d0000cef10000cef1 
  xmm4=0x00007c9c00007c9c00002f0e00002f0e xmm5=0x00007bdb00007bdb0000518a0000518a 
  xmm6=0x0000f8250000f82500002e6200002e62 xmm7=0x000032b3000032b300009c1500009c15 

0xee: movzx di, [r14 +rbx]
  rax=0x00000000000000ac rbx=0x0000000000000a19 rcx=0x00000000000000de rdx=0x0000000000000000
  rsi=0x0000000000000a0c rdi=0x0000000000000135 flags=0b000000000010
  xmm0=0x0000bffd0000bffd0000b8840000b884 xmm1=0x000071a4000071a4000084b0000084b0 
  xmm2=0x0000bbbd0000bbbd00008ebe00008ebe xmm3=0x0000a12d0000a12d0000cef10000cef1 
  xmm4=0x00007c9c00007c9c00002f0e00002f0e xmm5=0x00007bdb00007bdb0000518a0000518a 
  xmm6=0x0000f8250000f82500002e6200002e62 xmm7=0x000032b3000032b300009c1500009c15 

    > load from +0xa19 value 0x2c
0xf4: and rdi, 0b1111111111111
  rax=0x00000000000000ac rbx=0x0000000000000a19 rcx=0x00000000000000de rdx=0x0000000000000000
  rsi=0x0000000000000a0c rdi=0x000000000000002c flags=0b000000000010
  xmm0=0x0000bffd0000bffd0000b8840000b884 xmm1=0x000071a4000071a4000084b0000084b0 
  xmm2=0x0000bbbd0000bbbd00008ebe00008ebe xmm3=0x0000a12d0000a12d0000cef10000cef1 
  xmm4=0x00007c9c00007c9c00002f0e00002f0e xmm5=0x00007bdb00007bdb0000518a0000518a 
  xmm6=0x0000f8250000f82500002e6200002e62 xmm7=0x000032b3000032b300009c1500009c15 

0xfb: or al, [r14 +rdi]
  rax=0x00000000000000ac rbx=0x0000000000000a19 rcx=0x00000000000000de rdx=0x0000000000000000
  rsi=0x0000000000000a0c rdi=0x000000000000002c flags=0b000000000010
  xmm0=0x0000bffd0000bffd0000b8840000b884 xmm1=0x000071a4000071a4000084b0000084b0 
  xmm2=0x0000bbbd0000bbbd00008ebe00008ebe xmm3=0x0000a12d0000a12d0000cef10000cef1 
  xmm4=0x00007c9c00007c9c00002f0e00002f0e xmm5=0x00007bdb00007bdb0000518a0000518a 
  xmm6=0x0000f8250000f82500002e6200002e62 xmm7=0x000032b3000032b300009c1500009c15 

    > load from +0x2c value 0x5b
0xff: add esi, 9
  rax=0x00000000000000ff rbx=0x0000000000000a19 rcx=0x00000000000000de rdx=0x0000000000000000
  rsi=0x0000000000000a0c rdi=0x000000000000002c flags=0b000010000110
  xmm0=0x0000bffd0000bffd0000b8840000b884 xmm1=0x000071a4000071a4000084b0000084b0 
  xmm2=0x0000bbbd0000bbbd00008ebe00008ebe xmm3=0x0000a12d0000a12d0000cef10000cef1 
  xmm4=0x00007c9c00007c9c00002f0e00002f0e xmm5=0x00007bdb00007bdb0000518a0000518a 
  xmm6=0x0000f8250000f82500002e6200002e62 xmm7=0x000032b3000032b300009c1500009c15 

0x102: and rax, 0b1111111111111
  rax=0x00000000000000ff rbx=0x0000000000000a19 rcx=0x00000000000000de rdx=0x0000000000000000
  rsi=0x0000000000000a15 rdi=0x000000000000002c flags=0b000000010010
  xmm0=0x0000bffd0000bffd0000b8840000b884 xmm1=0x000071a4000071a4000084b0000084b0 
  xmm2=0x0000bbbd0000bbbd00008ebe00008ebe xmm3=0x0000a12d0000a12d0000cef10000cef1 
  xmm4=0x00007c9c00007c9c00002f0e00002f0e xmm5=0x00007bdb00007bdb0000518a0000518a 
  xmm6=0x0000f8250000f82500002e6200002e62 xmm7=0x000032b3000032b300009c1500009c15 

0x108: cmovl esi, [r14 +rax]
  rax=0x00000000000000ff rbx=0x0000000000000a19 rcx=0x00000000000000de rdx=0x0000000000000000
  rsi=0x0000000000000a15 rdi=0x000000000000002c flags=0b000000000110
  xmm0=0x0000bffd0000bffd0000b8840000b884 xmm1=0x000071a4000071a4000084b0000084b0 
  xmm2=0x0000bbbd0000bbbd00008ebe00008ebe xmm3=0x0000a12d0000a12d0000cef10000cef1 
  xmm4=0x00007c9c00007c9c00002f0e00002f0e xmm5=0x00007bdb00007bdb0000518a0000518a 
  xmm6=0x0000f8250000f82500002e6200002e62 xmm7=0x000032b3000032b300009c1500009c15 

    > load from +0xff value 0x978000
0x10d: and rcx, 0b1111111111111
  rax=0x00000000000000ff rbx=0x0000000000000a19 rcx=0x00000000000000de rdx=0x0000000000000000
  rsi=0x0000000000000a15 rdi=0x000000000000002c flags=0b000000000110
  xmm0=0x0000bffd0000bffd0000b8840000b884 xmm1=0x000071a4000071a4000084b0000084b0 
  xmm2=0x0000bbbd0000bbbd00008ebe00008ebe xmm3=0x0000a12d0000a12d0000cef10000cef1 
  xmm4=0x00007c9c00007c9c00002f0e00002f0e xmm5=0x00007bdb00007bdb0000518a0000518a 
  xmm6=0x0000f8250000f82500002e6200002e62 xmm7=0x000032b3000032b300009c1500009c15 

0x114: cmovns si, [r14 +rcx]
  rax=0x00000000000000ff rbx=0x0000000000000a19 rcx=0x00000000000000de rdx=0x0000000000000000
  rsi=0x0000000000000a15 rdi=0x000000000000002c flags=0b000000000110
  xmm0=0x0000bffd0000bffd0000b8840000b884 xmm1=0x000071a4000071a4000084b0000084b0 
  xmm2=0x0000bbbd0000bbbd00008ebe00008ebe xmm3=0x0000a12d0000a12d0000cef10000cef1 
  xmm4=0x00007c9c00007c9c00002f0e00002f0e xmm5=0x00007bdb00007bdb0000518a0000518a 
  xmm6=0x0000f8250000f82500002e6200002e62 xmm7=0x000032b3000032b300009c1500009c15 

    > load from +0xde value 0x1
0x11a: adc dx, -121
  rax=0x00000000000000ff rbx=0x0000000000000a19 rcx=0x00000000000000de rdx=0x0000000000000000
  rsi=0x0000000000000001 rdi=0x000000000000002c flags=0b000000000110
  xmm0=0x0000bffd0000bffd0000b8840000b884 xmm1=0x000071a4000071a4000084b0000084b0 
  xmm2=0x0000bbbd0000bbbd00008ebe00008ebe xmm3=0x0000a12d0000a12d0000cef10000cef1 
  xmm4=0x00007c9c00007c9c00002f0e00002f0e xmm5=0x00007bdb00007bdb0000518a0000518a 
  xmm6=0x0000f8250000f82500002e6200002e62 xmm7=0x000032b3000032b300009c1500009c15 

0x11e: and rcx, 0b1111111111111
  rax=0x00000000000000ff rbx=0x0000000000000a19 rcx=0x00000000000000de rdx=0x000000000000ff87
  rsi=0x0000000000000001 rdi=0x000000000000002c flags=0b000010000110
  xmm0=0x0000bffd0000bffd0000b8840000b884 xmm1=0x000071a4000071a4000084b0000084b0 
  xmm2=0x0000bbbd0000bbbd00008ebe00008ebe xmm3=0x0000a12d0000a12d0000cef10000cef1 
  xmm4=0x00007c9c00007c9c00002f0e00002f0e xmm5=0x00007bdb00007bdb0000518a0000518a 
  xmm6=0x0000f8250000f82500002e6200002e62 xmm7=0x000032b3000032b300009c1500009c15 

0x125: test [r14 +rcx], cx
  rax=0x00000000000000ff rbx=0x0000000000000a19 rcx=0x00000000000000de rdx=0x000000000000ff87
  rsi=0x0000000000000001 rdi=0x000000000000002c flags=0b000000000110
  xmm0=0x0000bffd0000bffd0000b8840000b884 xmm1=0x000071a4000071a4000084b0000084b0 
  xmm2=0x0000bbbd0000bbbd00008ebe00008ebe xmm3=0x0000a12d0000a12d0000cef10000cef1 
  xmm4=0x00007c9c00007c9c00002f0e00002f0e xmm5=0x00007bdb00007bdb0000518a0000518a 
  xmm6=0x0000f8250000f82500002e6200002e62 xmm7=0x000032b3000032b300009c1500009c15 

    > load from +0xde value 0x1
0x12a: and rdx, 0b1111111111111
  rax=0x00000000000000ff rbx=0x0000000000000a19 rcx=0x00000000000000de rdx=0x000000000000ff87
  rsi=0x0000000000000001 rdi=0x000000000000002c flags=0b000001000110
  xmm0=0x0000bffd0000bffd0000b8840000b884 xmm1=0x000071a4000071a4000084b0000084b0 
  xmm2=0x0000bbbd0000bbbd00008ebe00008ebe xmm3=0x0000a12d0000a12d0000cef10000cef1 
  xmm4=0x00007c9c00007c9c00002f0e00002f0e xmm5=0x00007bdb00007bdb0000518a0000518a 
  xmm6=0x0000f8250000f82500002e6200002e62 xmm7=0x000032b3000032b300009c1500009c15 

0x131: test [r14 +rdx], 1928182737
  rax=0x00000000000000ff rbx=0x0000000000000a19 rcx=0x00000000000000de rdx=0x0000000000001f87
  rsi=0x0000000000000001 rdi=0x000000000000002c flags=0b000000000110
  xmm0=0x0000bffd0000bffd0000b8840000b884 xmm1=0x000071a4000071a4000084b0000084b0 
  xmm2=0x0000bbbd0000bbbd00008ebe00008ebe xmm3=0x0000a12d0000a12d0000cef10000cef1 
  xmm4=0x00007c9c00007c9c00002f0e00002f0e xmm5=0x00007bdb00007bdb0000518a0000518a 
  xmm6=0x0000f8250000f82500002e6200002e62 xmm7=0x000032b3000032b300009c1500009c15 

    > load from +0x1f87 value 0xb6c400
0x139: and rsi, 0b1111111111111
  rax=0x00000000000000ff rbx=0x0000000000000a19 rcx=0x00000000000000de rdx=0x0000000000001f87
  rsi=0x0000000000000001 rdi=0x000000000000002c flags=0b000000000110
  xmm0=0x0000bffd0000bffd0000b8840000b884 xmm1=0x000071a4000071a4000084b0000084b0 
  xmm2=0x0000bbbd0000bbbd00008ebe00008ebe xmm3=0x0000a12d0000a12d0000cef10000cef1 
  xmm4=0x00007c9c00007c9c00002f0e00002f0e xmm5=0x00007bdb00007bdb0000518a0000518a 
  xmm6=0x0000f8250000f82500002e6200002e62 xmm7=0x000032b3000032b300009c1500009c15 

0x140: nop [r14 +rsi]
  rax=0x00000000000000ff rbx=0x0000000000000a19 rcx=0x00000000000000de rdx=0x0000000000001f87
  rsi=0x0000000000000001 rdi=0x000000000000002c flags=0b000000000010
  xmm0=0x0000bffd0000bffd0000b8840000b884 xmm1=0x000071a4000071a4000084b0000084b0 
  xmm2=0x0000bbbd0000bbbd00008ebe00008ebe xmm3=0x0000a12d0000a12d0000cef10000cef1 
  xmm4=0x00007c9c00007c9c00002f0e00002f0e xmm5=0x00007bdb00007bdb0000518a0000518a 
  xmm6=0x0000f8250000f82500002e6200002e62 xmm7=0x000032b3000032b300009c1500009c15 

0x145: and rsi, 0b1111111111111
  rax=0x00000000000000ff rbx=0x0000000000000a19 rcx=0x00000000000000de rdx=0x0000000000001f87
  rsi=0x0000000000000001 rdi=0x000000000000002c flags=0b000000000010
  xmm0=0x0000bffd0000bffd0000b8840000b884 xmm1=0x000071a4000071a4000084b0000084b0 
  xmm2=0x0000bbbd0000bbbd00008ebe00008ebe xmm3=0x0000a12d0000a12d0000cef10000cef1 
  xmm4=0x00007c9c00007c9c00002f0e00002f0e xmm5=0x00007bdb00007bdb0000518a0000518a 
  xmm6=0x0000f8250000f82500002e6200002e62 xmm7=0x000032b3000032b300009c1500009c15 

0x14c: cmovle rdx, [r14 +rsi]
  rax=0x00000000000000ff rbx=0x0000000000000a19 rcx=0x00000000000000de rdx=0x0000000000001f87
  rsi=0x0000000000000001 rdi=0x000000000000002c flags=0b000000000010
  xmm0=0x0000bffd0000bffd0000b8840000b884 xmm1=0x000071a4000071a4000084b0000084b0 
  xmm2=0x0000bbbd0000bbbd00008ebe00008ebe xmm3=0x0000a12d0000a12d0000cef10000cef1 
  xmm4=0x00007c9c00007c9c00002f0e00002f0e xmm5=0x00007bdb00007bdb0000518a0000518a 
  xmm6=0x0000f8250000f82500002e6200002e62 xmm7=0x000032b3000032b300009c1500009c15 

    > load from +0x1 value 0x12000057ad000057
0x151: and rdx, 0b1111111111111
  rax=0x00000000000000ff rbx=0x0000000000000a19 rcx=0x00000000000000de rdx=0x0000000000001f87
  rsi=0x0000000000000001 rdi=0x000000000000002c flags=0b000000000010
  xmm0=0x0000bffd0000bffd0000b8840000b884 xmm1=0x000071a4000071a4000084b0000084b0 
  xmm2=0x0000bbbd0000bbbd00008ebe00008ebe xmm3=0x0000a12d0000a12d0000cef10000cef1 
  xmm4=0x00007c9c00007c9c00002f0e00002f0e xmm5=0x00007bdb00007bdb0000518a0000518a 
  xmm6=0x0000f8250000f82500002e6200002e62 xmm7=0x000032b3000032b300009c1500009c15 

0x158: cmp [r14 +rdx], rdi
  rax=0x00000000000000ff rbx=0x0000000000000a19 rcx=0x00000000000000de rdx=0x0000000000001f87
  rsi=0x0000000000000001 rdi=0x000000000000002c flags=0b000000000110
  xmm0=0x0000bffd0000bffd0000b8840000b884 xmm1=0x000071a4000071a4000084b0000084b0 
  xmm2=0x0000bbbd0000bbbd00008ebe00008ebe xmm3=0x0000a12d0000a12d0000cef10000cef1 
  xmm4=0x00007c9c00007c9c00002f0e00002f0e xmm5=0x00007bdb00007bdb0000518a0000518a 
  xmm6=0x0000f8250000f82500002e6200002e62 xmm7=0x000032b3000032b300009c1500009c15 

    > load from +0x1f87 value 0xb6c40000b6c400
0x15c: cmovnp rbx, rdx
  rax=0x00000000000000ff rbx=0x0000000000000a19 rcx=0x00000000000000de rdx=0x0000000000001f87
  rsi=0x0000000000000001 rdi=0x000000000000002c flags=0b000000010110
  xmm0=0x0000bffd0000bffd0000b8840000b884 xmm1=0x000071a4000071a4000084b0000084b0 
  xmm2=0x0000bbbd0000bbbd00008ebe00008ebe xmm3=0x0000a12d0000a12d0000cef10000cef1 
  xmm4=0x00007c9c00007c9c00002f0e00002f0e xmm5=0x00007bdb00007bdb0000518a0000518a 
  xmm6=0x0000f8250000f82500002e6200002e62 xmm7=0x000032b3000032b300009c1500009c15 

0x160: and rdi, 0b1111111111111
  rax=0x00000000000000ff rbx=0x0000000000000a19 rcx=0x00000000000000de rdx=0x0000000000001f87
  rsi=0x0000000000000001 rdi=0x000000000000002c flags=0b000000010110
  xmm0=0x0000bffd0000bffd0000b8840000b884 xmm1=0x000071a4000071a4000084b0000084b0 
  xmm2=0x0000bbbd0000bbbd00008ebe00008ebe xmm3=0x0000a12d0000a12d0000cef10000cef1 
  xmm4=0x00007c9c00007c9c00002f0e00002f0e xmm5=0x00007bdb00007bdb0000518a0000518a 
  xmm6=0x0000f8250000f82500002e6200002e62 xmm7=0x000032b3000032b300009c1500009c15 

0x167: cmovnb cx, [r14 +rdi]
  rax=0x00000000000000ff rbx=0x0000000000000a19 rcx=0x00000000000000de rdx=0x0000000000001f87
  rsi=0x0000000000000001 rdi=0x000000000000002c flags=0b000000000010
  xmm0=0x0000bffd0000bffd0000b8840000b884 xmm1=0x000071a4000071a4000084b0000084b0 
  xmm2=0x0000bbbd0000bbbd00008ebe00008ebe xmm3=0x0000a12d0000a12d0000cef10000cef1 
  xmm4=0x00007c9c00007c9c00002f0e00002f0e xmm5=0x00007bdb00007bdb0000518a0000518a 
  xmm6=0x0000f8250000f82500002e6200002e62 xmm7=0x000032b3000032b300009c1500009c15 

    > load from +0x2c value 0xc25b
0x16d: and rdx, 0b1111111111111
  rax=0x00000000000000ff rbx=0x0000000000000a19 rcx=0x000000000000c25b rdx=0x0000000000001f87
  rsi=0x0000000000000001 rdi=0x000000000000002c flags=0b000000000010
  xmm0=0x0000bffd0000bffd0000b8840000b884 xmm1=0x000071a4000071a4000084b0000084b0 
  xmm2=0x0000bbbd0000bbbd00008ebe00008ebe xmm3=0x0000a12d0000a12d0000cef10000cef1 
  xmm4=0x00007c9c00007c9c00002f0e00002f0e xmm5=0x00007bdb00007bdb0000518a0000518a 
  xmm6=0x0000f8250000f82500002e6200002e62 xmm7=0x000032b3000032b300009c1500009c15 

0x174: cmp [r14 +rdx], rsi
  rax=0x00000000000000ff rbx=0x0000000000000a19 rcx=0x000000000000c25b rdx=0x0000000000001f87
  rsi=0x0000000000000001 rdi=0x000000000000002c flags=0b000000000110
  xmm0=0x0000bffd0000bffd0000b8840000b884 xmm1=0x000071a4000071a4000084b0000084b0 
  xmm2=0x0000bbbd0000bbbd00008ebe00008ebe xmm3=0x0000a12d0000a12d0000cef10000cef1 
  xmm4=0x00007c9c00007c9c00002f0e00002f0e xmm5=0x00007bdb00007bdb0000518a0000518a 
  xmm6=0x0000f8250000f82500002e6200002e62 xmm7=0x000032b3000032b300009c1500009c15 

    > load from +0x1f87 value 0xb6c40000b6c400
0x178: cmovnb ecx, ebx
  rax=0x00000000000000ff rbx=0x0000000000000a19 rcx=0x000000000000c25b rdx=0x0000000000001f87
  rsi=0x0000000000000001 rdi=0x000000000000002c flags=0b000000010110
  xmm0=0x0000bffd0000bffd0000b8840000b884 xmm1=0x000071a4000071a4000084b0000084b0 
  xmm2=0x0000bbbd0000bbbd00008ebe00008ebe xmm3=0x0000a12d0000a12d0000cef10000cef1 
  xmm4=0x00007c9c00007c9c00002f0e00002f0e xmm5=0x00007bdb00007bdb0000518a0000518a 
  xmm6=0x0000f8250000f82500002e6200002e62 xmm7=0x000032b3000032b300009c1500009c15 

0x17b: and rdi, 0b1111111111111
  rax=0x00000000000000ff rbx=0x0000000000000a19 rcx=0x0000000000000a19 rdx=0x0000000000001f87
  rsi=0x0000000000000001 rdi=0x000000000000002c flags=0b000000010110
  xmm0=0x0000bffd0000bffd0000b8840000b884 xmm1=0x000071a4000071a4000084b0000084b0 
  xmm2=0x0000bbbd0000bbbd00008ebe00008ebe xmm3=0x0000a12d0000a12d0000cef10000cef1 
  xmm4=0x00007c9c00007c9c00002f0e00002f0e xmm5=0x00007bdb00007bdb0000518a0000518a 
  xmm6=0x0000f8250000f82500002e6200002e62 xmm7=0x000032b3000032b300009c1500009c15 

0x182: cmovns ax, [r14 +rdi]
  rax=0x00000000000000ff rbx=0x0000000000000a19 rcx=0x0000000000000a19 rdx=0x0000000000001f87
  rsi=0x0000000000000001 rdi=0x000000000000002c flags=0b000000000010
  xmm0=0x0000bffd0000bffd0000b8840000b884 xmm1=0x000071a4000071a4000084b0000084b0 
  xmm2=0x0000bbbd0000bbbd00008ebe00008ebe xmm3=0x0000a12d0000a12d0000cef10000cef1 
  xmm4=0x00007c9c00007c9c00002f0e00002f0e xmm5=0x00007bdb00007bdb0000518a0000518a 
  xmm6=0x0000f8250000f82500002e6200002e62 xmm7=0x000032b3000032b300009c1500009c15 

    > load from +0x2c value 0xc25b
0x188: test rax, -1158516276
  rax=0x000000000000c25b rbx=0x0000000000000a19 rcx=0x0000000000000a19 rdx=0x0000000000001f87
  rsi=0x0000000000000001 rdi=0x000000000000002c flags=0b000000000010
  xmm0=0x0000bffd0000bffd0000b8840000b884 xmm1=0x000071a4000071a4000084b0000084b0 
  xmm2=0x0000bbbd0000bbbd00008ebe00008ebe xmm3=0x0000a12d0000a12d0000cef10000cef1 
  xmm4=0x00007c9c00007c9c00002f0e00002f0e xmm5=0x00007bdb00007bdb0000518a0000518a 
  xmm6=0x0000f8250000f82500002e6200002e62 xmm7=0x000032b3000032b300009c1500009c15 

0x18e: xadd rbx, rsi
  rax=0x000000000000c25b rbx=0x0000000000000a19 rcx=0x0000000000000a19 rdx=0x0000000000001f87
  rsi=0x0000000000000001 rdi=0x000000000000002c flags=0b000000000110
  xmm0=0x0000bffd0000bffd0000b8840000b884 xmm1=0x000071a4000071a4000084b0000084b0 
  xmm2=0x0000bbbd0000bbbd00008ebe00008ebe xmm3=0x0000a12d0000a12d0000cef10000cef1 
  xmm4=0x00007c9c00007c9c00002f0e00002f0e xmm5=0x00007bdb00007bdb0000518a0000518a 
  xmm6=0x0000f8250000f82500002e6200002e62 xmm7=0x000032b3000032b300009c1500009c15 

0x192: and rcx, 0b1111111111111
  rax=0x000000000000c25b rbx=0x0000000000000a1a rcx=0x0000000000000a19 rdx=0x0000000000001f87
  rsi=0x0000000000000a19 rdi=0x000000000000002c flags=0b000000000010
  xmm0=0x0000bffd0000bffd0000b8840000b884 xmm1=0x000071a4000071a4000084b0000084b0 
  xmm2=0x0000bbbd0000bbbd00008ebe00008ebe xmm3=0x0000a12d0000a12d0000cef10000cef1 
  xmm4=0x00007c9c00007c9c00002f0e00002f0e xmm5=0x00007bdb00007bdb0000518a0000518a 
  xmm6=0x0000f8250000f82500002e6200002e62 xmm7=0x000032b3000032b300009c1500009c15 

0x199: cmovno rcx, [r14 +rcx]
  rax=0x000000000000c25b rbx=0x0000000000000a1a rcx=0x0000000000000a19 rdx=0x0000000000001f87
  rsi=0x0000000000000a19 rdi=0x000000000000002c flags=0b000000000010
  xmm0=0x0000bffd0000bffd0000b8840000b884 xmm1=0x000071a4000071a4000084b0000084b0 
  xmm2=0x0000bbbd0000bbbd00008ebe00008ebe xmm3=0x0000a12d0000a12d0000cef10000cef1 
  xmm4=0x00007c9c00007c9c00002f0e00002f0e xmm5=0x00007bdb00007bdb0000518a0000518a 
  xmm6=0x0000f8250000f82500002e6200002e62 xmm7=0x000032b3000032b300009c1500009c15 

    > load from +0xa19 value 0xf600002c7700002c
0x19e: test eax, -1193550956
  rax=0x000000000000c25b rbx=0x0000000000000a1a rcx=0xf600002c7700002c rdx=0x0000000000001f87
  rsi=0x0000000000000a19 rdi=0x000000000000002c flags=0b000000000010
  xmm0=0x0000bffd0000bffd0000b8840000b884 xmm1=0x000071a4000071a4000084b0000084b0 
  xmm2=0x0000bbbd0000bbbd00008ebe00008ebe xmm3=0x0000a12d0000a12d0000cef10000cef1 
  xmm4=0x00007c9c00007c9c00002f0e00002f0e xmm5=0x00007bdb00007bdb0000518a0000518a 
  xmm6=0x0000f8250000f82500002e6200002e62 xmm7=0x000032b3000032b300009c1500009c15 

0x1a3: not eax
  rax=0x000000000000c25b rbx=0x0000000000000a1a rcx=0xf600002c7700002c rdx=0x0000000000001f87
  rsi=0x0000000000000a19 rdi=0x000000000000002c flags=0b000000000010
  xmm0=0x0000bffd0000bffd0000b8840000b884 xmm1=0x000071a4000071a4000084b0000084b0 
  xmm2=0x0000bbbd0000bbbd00008ebe00008ebe xmm3=0x0000a12d0000a12d0000cef10000cef1 
  xmm4=0x00007c9c00007c9c00002f0e00002f0e xmm5=0x00007bdb00007bdb0000518a0000518a 
  xmm6=0x0000f8250000f82500002e6200002e62 xmm7=0x000032b3000032b300009c1500009c15 

0x1a5: seto dil
  rax=0x00000000ffff3da4 rbx=0x0000000000000a1a rcx=0xf600002c7700002c rdx=0x0000000000001f87
  rsi=0x0000000000000a19 rdi=0x000000000000002c flags=0b000000000010
  xmm0=0x0000bffd0000bffd0000b8840000b884 xmm1=0x000071a4000071a4000084b0000084b0 
  xmm2=0x0000bbbd0000bbbd00008ebe00008ebe xmm3=0x0000a12d0000a12d0000cef10000cef1 
  xmm4=0x00007c9c00007c9c00002f0e00002f0e xmm5=0x00007bdb00007bdb0000518a0000518a 
  xmm6=0x0000f8250000f82500002e6200002e62 xmm7=0x000032b3000032b300009c1500009c15 

0x1a9: and rbx, 0b1111111111111
  rax=0x00000000ffff3da4 rbx=0x0000000000000a1a rcx=0xf600002c7700002c rdx=0x0000000000001f87
  rsi=0x0000000000000a19 rdi=0x0000000000000000 flags=0b000000000010
  xmm0=0x0000bffd0000bffd0000b8840000b884 xmm1=0x000071a4000071a4000084b0000084b0 
  xmm2=0x0000bbbd0000bbbd00008ebe00008ebe xmm3=0x0000a12d0000a12d0000cef10000cef1 
  xmm4=0x00007c9c00007c9c00002f0e00002f0e xmm5=0x00007bdb00007bdb0000518a0000518a 
  xmm6=0x0000f8250000f82500002e6200002e62 xmm7=0x000032b3000032b300009c1500009c15 

0x1b0: or [r14 +rbx], 0b1000
  rax=0x00000000ffff3da4 rbx=0x0000000000000a1a rcx=0xf600002c7700002c rdx=0x0000000000001f87
  rsi=0x0000000000000a19 rdi=0x0000000000000000 flags=0b000000000010
  xmm0=0x0000bffd0000bffd0000b8840000b884 xmm1=0x000071a4000071a4000084b0000084b0 
  xmm2=0x0000bbbd0000bbbd00008ebe00008ebe xmm3=0x0000a12d0000a12d0000cef10000cef1 
  xmm4=0x00007c9c00007c9c00002f0e00002f0e xmm5=0x00007bdb00007bdb0000518a0000518a 
  xmm6=0x0000f8250000f82500002e6200002e62 xmm7=0x000032b3000032b300009c1500009c15 

    > load from +0xa1a value 0x0
    > store to +0xa1a value 0x8
0x1b5: and [r14 +rbx], 0b11111000
  rax=0x00000000ffff3da4 rbx=0x0000000000000a1a rcx=0xf600002c7700002c rdx=0x0000000000001f87
  rsi=0x0000000000000a19 rdi=0x0000000000000000 flags=0b000000000010
  xmm0=0x0000bffd0000bffd0000b8840000b884 xmm1=0x000071a4000071a4000084b0000084b0 
  xmm2=0x0000bbbd0000bbbd00008ebe00008ebe xmm3=0x0000a12d0000a12d0000cef10000cef1 
  xmm4=0x00007c9c00007c9c00002f0e00002f0e xmm5=0x00007bdb00007bdb0000518a0000518a 
  xmm6=0x0000f8250000f82500002e6200002e62 xmm7=0x000032b3000032b300009c1500009c15 

    > load from +0xa1a value 0x8
    > store to +0xa1a value 0x8
0x1ba: mov ax, 1
  rax=0x00000000ffff3da4 rbx=0x0000000000000a1a rcx=0xf600002c7700002c rdx=0x0000000000001f87
  rsi=0x0000000000000a19 rdi=0x0000000000000000 flags=0b000000000010
  xmm0=0x0000bffd0000bffd0000b8840000b884 xmm1=0x000071a4000071a4000084b0000084b0 
  xmm2=0x0000bbbd0000bbbd00008ebe00008ebe xmm3=0x0000a12d0000a12d0000cef10000cef1 
  xmm4=0x00007c9c00007c9c00002f0e00002f0e xmm5=0x00007bdb00007bdb0000518a0000518a 
  xmm6=0x0000f8250000f82500002e6200002e62 xmm7=0x000032b3000032b300009c1500009c15 

0x1be: idiv [r14 +rbx]
  rax=0x00000000ffff0001 rbx=0x0000000000000a1a rcx=0xf600002c7700002c rdx=0x0000000000001f87
  rsi=0x0000000000000a19 rdi=0x0000000000000000 flags=0b000000000010
  xmm0=0x0000bffd0000bffd0000b8840000b884 xmm1=0x000071a4000071a4000084b0000084b0 
  xmm2=0x0000bbbd0000bbbd00008ebe00008ebe xmm3=0x0000a12d0000a12d0000cef10000cef1 
  xmm4=0x00007c9c00007c9c00002f0e00002f0e xmm5=0x00007bdb00007bdb0000518a0000518a 
  xmm6=0x0000f8250000f82500002e6200002e62 xmm7=0x000032b3000032b300009c1500009c15 

    > load from +0xa1a value 0x8
0x1c2: and rsi, 0b1111111111111
  rax=0x00000000ffff0100 rbx=0x0000000000000a1a rcx=0xf600002c7700002c rdx=0x0000000000001f87
  rsi=0x0000000000000a19 rdi=0x0000000000000000 flags=0b000000000010
  xmm0=0x0000bffd0000bffd0000b8840000b884 xmm1=0x000071a4000071a4000084b0000084b0 
  xmm2=0x0000bbbd0000bbbd00008ebe00008ebe xmm3=0x0000a12d0000a12d0000cef10000cef1 
  xmm4=0x00007c9c00007c9c00002f0e00002f0e xmm5=0x00007bdb00007bdb0000518a0000518a 
  xmm6=0x0000f8250000f82500002e6200002e62 xmm7=0x000032b3000032b300009c1500009c15 

0x1c9: add dx, [r14 +rsi]
  rax=0x00000000ffff0100 rbx=0x0000000000000a1a rcx=0xf600002c7700002c rdx=0x0000000000001f87
  rsi=0x0000000000000a19 rdi=0x0000000000000000 flags=0b000000000010
  xmm0=0x0000bffd0000bffd0000b8840000b884 xmm1=0x000071a4000071a4000084b0000084b0 
  xmm2=0x0000bbbd0000bbbd00008ebe00008ebe xmm3=0x0000a12d0000a12d0000cef10000cef1 
  xmm4=0x00007c9c00007c9c00002f0e00002f0e xmm5=0x00007bdb00007bdb0000518a0000518a 
  xmm6=0x0000f8250000f82500002e6200002e62 xmm7=0x000032b3000032b300009c1500009c15 

    > load from +0xa19 value 0x82c
0x1ce: and rdx, 0b1111111111111
  rax=0x00000000ffff0100 rbx=0x0000000000000a1a rcx=0xf600002c7700002c rdx=0x00000000000027b3
  rsi=0x0000000000000a19 rdi=0x0000000000000000 flags=0b000000010010
  xmm0=0x0000bffd0000bffd0000b8840000b884 xmm1=0x000071a4000071a4000084b0000084b0 
  xmm2=0x0000bbbd0000bbbd00008ebe00008ebe xmm3=0x0000a12d0000a12d0000cef10000cef1 
  xmm4=0x00007c9c00007c9c00002f0e00002f0e xmm5=0x00007bdb00007bdb0000518a0000518a 
  xmm6=0x0000f8250000f82500002e6200002e62 xmm7=0x000032b3000032b300009c1500009c15 

0x1d5: cmp [r14 +rdx], rdi
  rax=0x00000000ffff0100 rbx=0x0000000000000a1a rcx=0xf600002c7700002c rdx=0x00000000000007b3
  rsi=0x0000000000000a19 rdi=0x0000000000000000 flags=0b000000000010
  xmm0=0x0000bffd0000bffd0000b8840000b884 xmm1=0x000071a4000071a4000084b0000084b0 
  xmm2=0x0000bbbd0000bbbd00008ebe00008ebe xmm3=0x0000a12d0000a12d0000cef10000cef1 
  xmm4=0x00007c9c00007c9c00002f0e00002f0e xmm5=0x00007bdb00007bdb0000518a0000518a 
  xmm6=0x0000f8250000f82500002e6200002e62 xmm7=0x000032b3000032b300009c1500009c15 

    > load from +0x7b3 value 0xc69700007dcd00
0x1d9: and rdx, 0b1111111111111
  rax=0x00000000ffff0100 rbx=0x0000000000000a1a rcx=0xf600002c7700002c rdx=0x00000000000007b3
  rsi=0x0000000000000a19 rdi=0x0000000000000000 flags=0b000000000110
  xmm0=0x0000bffd0000bffd0000b8840000b884 xmm1=0x000071a4000071a4000084b0000084b0 
  xmm2=0x0000bbbd0000bbbd00008ebe00008ebe xmm3=0x0000a12d0000a12d0000cef10000cef1 
  xmm4=0x00007c9c00007c9c00002f0e00002f0e xmm5=0x00007bdb00007bdb0000518a0000518a 
  xmm6=0x0000f8250000f82500002e6200002e62 xmm7=0x000032b3000032b300009c1500009c15 

0x1e0: mov rax, [r14 +rdx]
  rax=0x00000000ffff0100 rbx=0x0000000000000a1a rcx=0xf600002c7700002c rdx=0x00000000000007b3
  rsi=0x0000000000000a19 rdi=0x0000000000000000 flags=0b000000000010
  xmm0=0x0000bffd0000bffd0000b8840000b884 xmm1=0x000071a4000071a4000084b0000084b0 
  xmm2=0x0000bbbd0000bbbd00008ebe00008ebe xmm3=0x0000a12d0000a12d0000cef10000cef1 
  xmm4=0x00007c9c00007c9c00002f0e00002f0e xmm5=0x00007bdb00007bdb0000518a0000518a 
  xmm6=0x0000f8250000f82500002e6200002e62 xmm7=0x000032b3000032b300009c1500009c15 

    > load from +0x7b3 value 0xc69700007dcd00
0x1e4: xchg eax, esi
  rax=0x00c69700007dcd00 rbx=0x0000000000000a1a rcx=0xf600002c7700002c rdx=0x00000000000007b3
  rsi=0x0000000000000a19 rdi=0x0000000000000000 flags=0b000000000010
  xmm0=0x0000bffd0000bffd0000b8840000b884 xmm1=0x000071a4000071a4000084b0000084b0 
  xmm2=0x0000bbbd0000bbbd00008ebe00008ebe xmm3=0x0000a12d0000a12d0000cef10000cef1 
  xmm4=0x00007c9c00007c9c00002f0e00002f0e xmm5=0x00007bdb00007bdb0000518a0000518a 
  xmm6=0x0000f8250000f82500002e6200002e62 xmm7=0x000032b3000032b300009c1500009c15 

0x1e5: and rax, 0b1111111111111
  rax=0x0000000000000a19 rbx=0x0000000000000a1a rcx=0xf600002c7700002c rdx=0x00000000000007b3
  rsi=0x00000000007dcd00 rdi=0x0000000000000000 flags=0b000000000010
  xmm0=0x0000bffd0000bffd0000b8840000b884 xmm1=0x000071a4000071a4000084b0000084b0 
  xmm2=0x0000bbbd0000bbbd00008ebe00008ebe xmm3=0x0000a12d0000a12d0000cef10000cef1 
  xmm4=0x00007c9c00007c9c00002f0e00002f0e xmm5=0x00007bdb00007bdb0000518a0000518a 
  xmm6=0x0000f8250000f82500002e6200002e62 xmm7=0x000032b3000032b300009c1500009c15 

0x1eb: cmovno rdi, [r14 +rax]
  rax=0x0000000000000a19 rbx=0x0000000000000a1a rcx=0xf600002c7700002c rdx=0x00000000000007b3
  rsi=0x00000000007dcd00 rdi=0x0000000000000000 flags=0b000000000010
  xmm0=0x0000bffd0000bffd0000b8840000b884 xmm1=0x000071a4000071a4000084b0000084b0 
  xmm2=0x0000bbbd0000bbbd00008ebe00008ebe xmm3=0x0000a12d0000a12d0000cef10000cef1 
  xmm4=0x00007c9c00007c9c00002f0e00002f0e xmm5=0x00007bdb00007bdb0000518a0000518a 
  xmm6=0x0000f8250000f82500002e6200002e62 xmm7=0x000032b3000032b300009c1500009c15 

    > load from +0xa19 value 0xf600002c7700082c
0x1f0: cmovb eax, edi
  rax=0x0000000000000a19 rbx=0x0000000000000a1a rcx=0xf600002c7700002c rdx=0x00000000000007b3
  rsi=0x00000000007dcd00 rdi=0xf600002c7700082c flags=0b000000000010
  xmm0=0x0000bffd0000bffd0000b8840000b884 xmm1=0x000071a4000071a4000084b0000084b0 
  xmm2=0x0000bbbd0000bbbd00008ebe00008ebe xmm3=0x0000a12d0000a12d0000cef10000cef1 
  xmm4=0x00007c9c00007c9c00002f0e00002f0e xmm5=0x00007bdb00007bdb0000518a0000518a 
  xmm6=0x0000f8250000f82500002e6200002e62 xmm7=0x000032b3000032b300009c1500009c15 

0x1f3: setnbe bl
  rax=0x0000000000000a19 rbx=0x0000000000000a1a rcx=0xf600002c7700002c rdx=0x00000000000007b3
  rsi=0x00000000007dcd00 rdi=0xf600002c7700082c flags=0b000000000010
  xmm0=0x0000bffd0000bffd0000b8840000b884 xmm1=0x000071a4000071a4000084b0000084b0 
  xmm2=0x0000bbbd0000bbbd00008ebe00008ebe xmm3=0x0000a12d0000a12d0000cef10000cef1 
  xmm4=0x00007c9c00007c9c00002f0e00002f0e xmm5=0x00007bdb00007bdb0000518a0000518a 
  xmm6=0x0000f8250000f82500002e6200002e62 xmm7=0x000032b3000032b300009c1500009c15 

0x1f6: movsx eax, bl
  rax=0x0000000000000a19 rbx=0x0000000000000a01 rcx=0xf600002c7700002c rdx=0x00000000000007b3
  rsi=0x00000000007dcd00 rdi=0xf600002c7700082c flags=0b000000000010
  xmm0=0x0000bffd0000bffd0000b8840000b884 xmm1=0x000071a4000071a4000084b0000084b0 
  xmm2=0x0000bbbd0000bbbd00008ebe00008ebe xmm3=0x0000a12d0000a12d0000cef10000cef1 
  xmm4=0x00007c9c00007c9c00002f0e00002f0e xmm5=0x00007bdb00007bdb0000518a0000518a 
  xmm6=0x0000f8250000f82500002e6200002e62 xmm7=0x000032b3000032b300009c1500009c15 

0x1f9: xor rcx, 67
  rax=0x0000000000000001 rbx=0x0000000000000a01 rcx=0xf600002c7700002c rdx=0x00000000000007b3
  rsi=0x00000000007dcd00 rdi=0xf600002c7700082c flags=0b000000000010
  xmm0=0x0000bffd0000bffd0000b8840000b884 xmm1=0x000071a4000071a4000084b0000084b0 
  xmm2=0x0000bbbd0000bbbd00008ebe00008ebe xmm3=0x0000a12d0000a12d0000cef10000cef1 
  xmm4=0x00007c9c00007c9c00002f0e00002f0e xmm5=0x00007bdb00007bdb0000518a0000518a 
  xmm6=0x0000f8250000f82500002e6200002e62 xmm7=0x000032b3000032b300009c1500009c15 

0x1fd: and rcx, 0b1111111111111
  rax=0x0000000000000001 rbx=0x0000000000000a01 rcx=0xf600002c7700006f rdx=0x00000000000007b3
  rsi=0x00000000007dcd00 rdi=0xf600002c7700082c flags=0b000010000110
  xmm0=0x0000bffd0000bffd0000b8840000b884 xmm1=0x000071a4000071a4000084b0000084b0 
  xmm2=0x0000bbbd0000bbbd00008ebe00008ebe xmm3=0x0000a12d0000a12d0000cef10000cef1 
  xmm4=0x00007c9c00007c9c00002f0e00002f0e xmm5=0x00007bdb00007bdb0000518a0000518a 
  xmm6=0x0000f8250000f82500002e6200002e62 xmm7=0x000032b3000032b300009c1500009c15 

0x204: test [r14 +rcx], -1692864314
  rax=0x0000000000000001 rbx=0x0000000000000a01 rcx=0x000000000000006f rdx=0x00000000000007b3
  rsi=0x00000000007dcd00 rdi=0xf600002c7700082c flags=0b000000000110
  xmm0=0x0000bffd0000bffd0000b8840000b884 xmm1=0x000071a4000071a4000084b0000084b0 
  xmm2=0x0000bbbd0000bbbd00008ebe00008ebe xmm3=0x0000a12d0000a12d0000cef10000cef1 
  xmm4=0x00007c9c00007c9c00002f0e00002f0e xmm5=0x00007bdb00007bdb0000518a0000518a 
  xmm6=0x0000f8250000f82500002e6200002e62 xmm7=0x000032b3000032b300009c1500009c15 

    > load from +0x6f value 0x511a0000511a00
0x20c: xchg bx, ax
  rax=0x0000000000000001 rbx=0x0000000000000a01 rcx=0x000000000000006f rdx=0x00000000000007b3
  rsi=0x00000000007dcd00 rdi=0xf600002c7700082c flags=0b000000000110
  xmm0=0x0000bffd0000bffd0000b8840000b884 xmm1=0x000071a4000071a4000084b0000084b0 
  xmm2=0x0000bbbd0000bbbd00008ebe00008ebe xmm3=0x0000a12d0000a12d0000cef10000cef1 
  xmm4=0x00007c9c00007c9c00002f0e00002f0e xmm5=0x00007bdb00007bdb0000518a0000518a 
  xmm6=0x0000f8250000f82500002e6200002e62 xmm7=0x000032b3000032b300009c1500009c15 

0x20e: sbb rdi, rsi
  rax=0x0000000000000a01 rbx=0x0000000000000001 rcx=0x000000000000006f rdx=0x00000000000007b3
  rsi=0x00000000007dcd00 rdi=0xf600002c7700082c flags=0b000000000110
  xmm0=0x0000bffd0000bffd0000b8840000b884 xmm1=0x000071a4000071a4000084b0000084b0 
  xmm2=0x0000bbbd0000bbbd00008ebe00008ebe xmm3=0x0000a12d0000a12d0000cef10000cef1 
  xmm4=0x00007c9c00007c9c00002f0e00002f0e xmm5=0x00007bdb00007bdb0000518a0000518a 
  xmm6=0x0000f8250000f82500002e6200002e62 xmm7=0x000032b3000032b300009c1500009c15 

0x211: or rax, 1886745957
  rax=0x0000000000000a01 rbx=0x0000000000000001 rcx=0x000000000000006f rdx=0x00000000000007b3
  rsi=0x00000000007dcd00 rdi=0xf600002c76823b2c flags=0b000010000010
  xmm0=0x0000bffd0000bffd0000b8840000b884 xmm1=0x000071a4000071a4000084b0000084b0 
  xmm2=0x0000bbbd0000bbbd00008ebe00008ebe xmm3=0x0000a12d0000a12d0000cef10000cef1 
  xmm4=0x00007c9c00007c9c00002f0e00002f0e xmm5=0x00007bdb00007bdb0000518a0000518a 
  xmm6=0x0000f8250000f82500002e6200002e62 xmm7=0x000032b3000032b300009c1500009c15 

0x217: and rax, 0b1111111111111
  rax=0x0000000070757f65 rbx=0x0000000000000001 rcx=0x000000000000006f rdx=0x00000000000007b3
  rsi=0x00000000007dcd00 rdi=0xf600002c76823b2c flags=0b000000000110
  xmm0=0x0000bffd0000bffd0000b8840000b884 xmm1=0x000071a4000071a4000084b0000084b0 
  xmm2=0x0000bbbd0000bbbd00008ebe00008ebe xmm3=0x0000a12d0000a12d0000cef10000cef1 
  xmm4=0x00007c9c00007c9c00002f0e00002f0e xmm5=0x00007bdb00007bdb0000518a0000518a 
  xmm6=0x0000f8250000f82500002e6200002e62 xmm7=0x000032b3000032b300009c1500009c15 

0x21d: adc rcx, [r14 +rax]
  rax=0x0000000000001f65 rbx=0x0000000000000001 rcx=0x000000000000006f rdx=0x00000000000007b3
  rsi=0x00000000007dcd00 rdi=0xf600002c76823b2c flags=0b000000000110
  xmm0=0x0000bffd0000bffd0000b8840000b884 xmm1=0x000071a4000071a4000084b0000084b0 
  xmm2=0x0000bbbd0000bbbd00008ebe00008ebe xmm3=0x0000a12d0000a12d0000cef10000cef1 
  xmm4=0x00007c9c00007c9c00002f0e00002f0e xmm5=0x00007bdb00007bdb0000518a0000518a 
  xmm6=0x0000f8250000f82500002e6200002e62 xmm7=0x000032b3000032b300009c1500009c15 

    > load from +0x1f65 value 0x8200005a820000d0
0x221: sbb esi, edi
  rax=0x0000000000001f65 rbx=0x0000000000000001 rcx=0x8200005a8200013f rdx=0x00000000000007b3
  rsi=0x00000000007dcd00 rdi=0xf600002c76823b2c flags=0b000010000110
  xmm0=0x0000bffd0000bffd0000b8840000b884 xmm1=0x000071a4000071a4000084b0000084b0 
  xmm2=0x0000bbbd0000bbbd00008ebe00008ebe xmm3=0x0000a12d0000a12d0000cef10000cef1 
  xmm4=0x00007c9c00007c9c00002f0e00002f0e xmm5=0x00007bdb00007bdb0000518a0000518a 
  xmm6=0x0000f8250000f82500002e6200002e62 xmm7=0x000032b3000032b300009c1500009c15 

0x223: and rsi, 0b1111111111111
  rax=0x0000000000001f65 rbx=0x0000000000000001 rcx=0x8200005a8200013f rdx=0x00000000000007b3
  rsi=0x0000000089fb91d4 rdi=0xf600002c76823b2c flags=0b000010010111
  xmm0=0x0000bffd0000bffd0000b8840000b884 xmm1=0x000071a4000071a4000084b0000084b0 
  xmm2=0x0000bbbd0000bbbd00008ebe00008ebe xmm3=0x0000a12d0000a12d0000cef10000cef1 
  xmm4=0x00007c9c00007c9c00002f0e00002f0e xmm5=0x00007bdb00007bdb0000518a0000518a 
  xmm6=0x0000f8250000f82500002e6200002e62 xmm7=0x000032b3000032b300009c1500009c15 

0x22a: and esi, 0b111
  rax=0x0000000000001f65 rbx=0x0000000000000001 rcx=0x8200005a8200013f rdx=0x00000000000007b3
  rsi=0x00000000000011d4 rdi=0xf600002c76823b2c flags=0b000000000110
  xmm0=0x0000bffd0000bffd0000b8840000b884 xmm1=0x000071a4000071a4000084b0000084b0 
  xmm2=0x0000bbbd0000bbbd00008ebe00008ebe xmm3=0x0000a12d0000a12d0000cef10000cef1 
  xmm4=0x00007c9c00007c9c00002f0e00002f0e xmm5=0x00007bdb00007bdb0000518a0000518a 
  xmm6=0x0000f8250000f82500002e6200002e62 xmm7=0x000032b3000032b300009c1500009c15 

0x22d: bt [r14 +rsi], esi
  rax=0x0000000000001f65 rbx=0x0000000000000001 rcx=0x8200005a8200013f rdx=0x00000000000007b3
  rsi=0x0000000000000004 rdi=0xf600002c76823b2c flags=0b000000000010
  xmm0=0x0000bffd0000bffd0000b8840000b884 xmm1=0x000071a4000071a4000084b0000084b0 
  xmm2=0x0000bbbd0000bbbd00008ebe00008ebe xmm3=0x0000a12d0000a12d0000cef10000cef1 
  xmm4=0x00007c9c00007c9c00002f0e00002f0e xmm5=0x00007bdb00007bdb0000518a0000518a 
  xmm6=0x0000f8250000f82500002e6200002e62 xmm7=0x000032b3000032b300009c1500009c15 

    > load from +0x4 value 0x57ad
0x232: add sil, -40
  rax=0x0000000000001f65 rbx=0x0000000000000001 rcx=0x8200005a8200013f rdx=0x00000000000007b3
  rsi=0x0000000000000004 rdi=0xf600002c76823b2c flags=0b000000000010
  xmm0=0x0000bffd0000bffd0000b8840000b884 xmm1=0x000071a4000071a4000084b0000084b0 
  xmm2=0x0000bbbd0000bbbd00008ebe00008ebe xmm3=0x0000a12d0000a12d0000cef10000cef1 
  xmm4=0x00007c9c00007c9c00002f0e00002f0e xmm5=0x00007bdb00007bdb0000518a0000518a 
  xmm6=0x0000f8250000f82500002e6200002e62 xmm7=0x000032b3000032b300009c1500009c15 

0x236: and rcx, 0b1111111111111
  rax=0x0000000000001f65 rbx=0x0000000000000001 rcx=0x8200005a8200013f rdx=0x00000000000007b3
  rsi=0x00000000000000dc rdi=0xf600002c76823b2c flags=0b000010000010
  xmm0=0x0000bffd0000bffd0000b8840000b884 xmm1=0x000071a4000071a4000084b0000084b0 
  xmm2=0x0000bbbd0000bbbd00008ebe00008ebe xmm3=0x0000a12d0000a12d0000cef10000cef1 
  xmm4=0x00007c9c00007c9c00002f0e00002f0e xmm5=0x00007bdb00007bdb0000518a0000518a 
  xmm6=0x0000f8250000f82500002e6200002e62 xmm7=0x000032b3000032b300009c1500009c15 

0x23d: cmovle ebx, [r14 +rcx]
  rax=0x0000000000001f65 rbx=0x0000000000000001 rcx=0x000000000000013f rdx=0x00000000000007b3
  rsi=0x00000000000000dc rdi=0xf600002c76823b2c flags=0b000000000110
  xmm0=0x0000bffd0000bffd0000b8840000b884 xmm1=0x000071a4000071a4000084b0000084b0 
  xmm2=0x0000bbbd0000bbbd00008ebe00008ebe xmm3=0x0000a12d0000a12d0000cef10000cef1 
  xmm4=0x00007c9c00007c9c00002f0e00002f0e xmm5=0x00007bdb00007bdb0000518a0000518a 
  xmm6=0x0000f8250000f82500002e6200002e62 xmm7=0x000032b3000032b300009c1500009c15 

    > load from +0x13f value 0x1fbc00
0x242: and rdx, 0b1111111111111
  rax=0x0000000000001f65 rbx=0x0000000000000001 rcx=0x000000000000013f rdx=0x00000000000007b3
  rsi=0x00000000000000dc rdi=0xf600002c76823b2c flags=0b000000000110
  xmm0=0x0000bffd0000bffd0000b8840000b884 xmm1=0x000071a4000071a4000084b0000084b0 
  xmm2=0x0000bbbd0000bbbd00008ebe00008ebe xmm3=0x0000a12d0000a12d0000cef10000cef1 
  xmm4=0x00007c9c00007c9c00002f0e00002f0e xmm5=0x00007bdb00007bdb0000518a0000518a 
  xmm6=0x0000f8250000f82500002e6200002e62 xmm7=0x000032b3000032b300009c1500009c15 

0x249: mov esi, [r14 +rdx]
  rax=0x0000000000001f65 rbx=0x0000000000000001 rcx=0x000000000000013f rdx=0x00000000000007b3
  rsi=0x00000000000000dc rdi=0xf600002c76823b2c flags=0b000000000010
  xmm0=0x0000bffd0000bffd0000b8840000b884 xmm1=0x000071a4000071a4000084b0000084b0 
  xmm2=0x0000bbbd0000bbbd00008ebe00008ebe xmm3=0x0000a12d0000a12d0000cef10000cef1 
  xmm4=0x00007c9c00007c9c00002f0e00002f0e xmm5=0x00007bdb00007bdb0000518a0000518a 
  xmm6=0x0000f8250000f82500002e6200002e62 xmm7=0x000032b3000032b300009c1500009c15 

    > load from +0x7b3 value 0x7dcd00
0x24d: sbb dx, 111
  rax=0x0000000000001f65 rbx=0x0000000000000001 rcx=0x000000000000013f rdx=0x00000000000007b3
  rsi=0x00000000007dcd00 rdi=0xf600002c76823b2c flags=0b000000000010
  xmm0=0x0000bffd0000bffd0000b8840000b884 xmm1=0x000071a4000071a4000084b0000084b0 
  xmm2=0x0000bbbd0000bbbd00008ebe00008ebe xmm3=0x0000a12d0000a12d0000cef10000cef1 
  xmm4=0x00007c9c00007c9c00002f0e00002f0e xmm5=0x00007bdb00007bdb0000518a0000518a 
  xmm6=0x0000f8250000f82500002e6200002e62 xmm7=0x000032b3000032b300009c1500009c15 

0x251: and rsi, 0b1111111111111
  rax=0x0000000000001f65 rbx=0x0000000000000001 rcx=0x000000000000013f rdx=0x0000000000000744
  rsi=0x00000000007dcd00 rdi=0xf600002c76823b2c flags=0b000000010110
  xmm0=0x0000bffd0000bffd0000b8840000b884 xmm1=0x000071a4000071a4000084b0000084b0 
  xmm2=0x0000bbbd0000bbbd00008ebe00008ebe xmm3=0x0000a12d0000a12d0000cef10000cef1 
  xmm4=0x00007c9c00007c9c00002f0e00002f0e xmm5=0x00007bdb00007bdb0000518a0000518a 
  xmm6=0x0000f8250000f82500002e6200002e62 xmm7=0x000032b3000032b300009c1500009c15 

0x258: nop [r14 +rsi]
  rax=0x0000000000001f65 rbx=0x0000000000000001 rcx=0x000000000000013f rdx=0x0000000000000744
  rsi=0x0000000000000d00 rdi=0xf600002c76823b2c flags=0b000000000110
  xmm0=0x0000bffd0000bffd0000b8840000b884 xmm1=0x000071a4000071a4000084b0000084b0 
  xmm2=0x0000bbbd0000bbbd00008ebe00008ebe xmm3=0x0000a12d0000a12d0000cef10000cef1 
  xmm4=0x00007c9c00007c9c00002f0e00002f0e xmm5=0x00007bdb00007bdb0000518a0000518a 
  xmm6=0x0000f8250000f82500002e6200002e62 xmm7=0x000032b3000032b300009c1500009c15 

0x25d: and rax, 0b1111111111111
  rax=0x0000000000001f65 rbx=0x0000000000000001 rcx=0x000000000000013f rdx=0x0000000000000744
  rsi=0x0000000000000d00 rdi=0xf600002c76823b2c flags=0b000000000110
  xmm0=0x0000bffd0000bffd0000b8840000b884 xmm1=0x000071a4000071a4000084b0000084b0 
  xmm2=0x0000bbbd0000bbbd00008ebe00008ebe xmm3=0x0000a12d0000a12d0000cef10000cef1 
  xmm4=0x00007c9c00007c9c00002f0e00002f0e xmm5=0x00007bdb00007bdb0000518a0000518a 
  xmm6=0x0000f8250000f82500002e6200002e62 xmm7=0x000032b3000032b300009c1500009c15 

0x263: adc ecx, [r14 +rax]
  rax=0x0000000000001f65 rbx=0x0000000000000001 rcx=0x000000000000013f rdx=0x0000000000000744
  rsi=0x0000000000000d00 rdi=0xf600002c76823b2c flags=0b000000000110
  xmm0=0x0000bffd0000bffd0000b8840000b884 xmm1=0x000071a4000071a4000084b0000084b0 
  xmm2=0x0000bbbd0000bbbd00008ebe00008ebe xmm3=0x0000a12d0000a12d0000cef10000cef1 
  xmm4=0x00007c9c00007c9c00002f0e00002f0e xmm5=0x00007bdb00007bdb0000518a0000518a 
  xmm6=0x0000f8250000f82500002e6200002e62 xmm7=0x000032b3000032b300009c1500009c15 

    > load from +0x1f65 value 0x820000d0
0x267: and rbx, 0b1111111111111
  rax=0x0000000000001f65 rbx=0x0000000000000001 rcx=0x000000008200020f rdx=0x0000000000000744
  rsi=0x0000000000000d00 rdi=0xf600002c76823b2c flags=0b000010000110
  xmm0=0x0000bffd0000bffd0000b8840000b884 xmm1=0x000071a4000071a4000084b0000084b0 
  xmm2=0x0000bbbd0000bbbd00008ebe00008ebe xmm3=0x0000a12d0000a12d0000cef10000cef1 
  xmm4=0x00007c9c00007c9c00002f0e00002f0e xmm5=0x00007bdb00007bdb0000518a0000518a 
  xmm6=0x0000f8250000f82500002e6200002e62 xmm7=0x000032b3000032b300009c1500009c15 

0x26e: and ax, [r14 +rbx]
  rax=0x0000000000001f65 rbx=0x0000000000000001 rcx=0x000000008200020f rdx=0x0000000000000744
  rsi=0x0000000000000d00 rdi=0xf600002c76823b2c flags=0b000000000010
  xmm0=0x0000bffd0000bffd0000b8840000b884 xmm1=0x000071a4000071a4000084b0000084b0 
  xmm2=0x0000bbbd0000bbbd00008ebe00008ebe xmm3=0x0000a12d0000a12d0000cef10000cef1 
  xmm4=0x00007c9c00007c9c00002f0e00002f0e xmm5=0x00007bdb00007bdb0000518a0000518a 
  xmm6=0x0000f8250000f82500002e6200002e62 xmm7=0x000032b3000032b300009c1500009c15 

    > load from +0x1 value 0x57
0x273: and rdx, -104
  rax=0x0000000000000045 rbx=0x0000000000000001 rcx=0x000000008200020f rdx=0x0000000000000744
  rsi=0x0000000000000d00 rdi=0xf600002c76823b2c flags=0b000000000010
  xmm0=0x0000bffd0000bffd0000b8840000b884 xmm1=0x000071a4000071a4000084b0000084b0 
  xmm2=0x0000bbbd0000bbbd00008ebe00008ebe xmm3=0x0000a12d0000a12d0000cef10000cef1 
  xmm4=0x00007c9c00007c9c00002f0e00002f0e xmm5=0x00007bdb00007bdb0000518a0000518a 
  xmm6=0x0000f8250000f82500002e6200002e62 xmm7=0x000032b3000032b300009c1500009c15 

0x277: bts rax, rcx
  rax=0x0000000000000045 rbx=0x0000000000000001 rcx=0x000000008200020f rdx=0x0000000000000700
  rsi=0x0000000000000d00 rdi=0xf600002c76823b2c flags=0b000000000110
  xmm0=0x0000bffd0000bffd0000b8840000b884 xmm1=0x000071a4000071a4000084b0000084b0 
  xmm2=0x0000bbbd0000bbbd00008ebe00008ebe xmm3=0x0000a12d0000a12d0000cef10000cef1 
  xmm4=0x00007c9c00007c9c00002f0e00002f0e xmm5=0x00007bdb00007bdb0000518a0000518a 
  xmm6=0x0000f8250000f82500002e6200002e62 xmm7=0x000032b3000032b300009c1500009c15 

0x27b: and rbx, 0b1111111111111
  rax=0x0000000000008045 rbx=0x0000000000000001 rcx=0x000000008200020f rdx=0x0000000000000700
  rsi=0x0000000000000d00 rdi=0xf600002c76823b2c flags=0b000000000110
  xmm0=0x0000bffd0000bffd0000b8840000b884 xmm1=0x000071a4000071a4000084b0000084b0 
  xmm2=0x0000bbbd0000bbbd00008ebe00008ebe xmm3=0x0000a12d0000a12d0000cef10000cef1 
  xmm4=0x00007c9c00007c9c00002f0e00002f0e xmm5=0x00007bdb00007bdb0000518a0000518a 
  xmm6=0x0000f8250000f82500002e6200002e62 xmm7=0x000032b3000032b300009c1500009c15 

0x282: movzx rcx, [r14 +rbx]
  rax=0x0000000000008045 rbx=0x0000000000000001 rcx=0x000000008200020f rdx=0x0000000000000700
  rsi=0x0000000000000d00 rdi=0xf600002c76823b2c flags=0b000000000010
  xmm0=0x0000bffd0000bffd0000b8840000b884 xmm1=0x000071a4000071a4000084b0000084b0 
  xmm2=0x0000bbbd0000bbbd00008ebe00008ebe xmm3=0x0000a12d0000a12d0000cef10000cef1 
  xmm4=0x00007c9c00007c9c00002f0e00002f0e xmm5=0x00007bdb00007bdb0000518a0000518a 
  xmm6=0x0000f8250000f82500002e6200002e62 xmm7=0x000032b3000032b300009c1500009c15 

    > load from +0x1 value 0x57
0x287: and rax, 0b1111111111111
  rax=0x0000000000008045 rbx=0x0000000000000001 rcx=0x0000000000000057 rdx=0x0000000000000700
  rsi=0x0000000000000d00 rdi=0xf600002c76823b2c flags=0b000000000010
  xmm0=0x0000bffd0000bffd0000b8840000b884 xmm1=0x000071a4000071a4000084b0000084b0 
  xmm2=0x0000bbbd0000bbbd00008ebe00008ebe xmm3=0x0000a12d0000a12d0000cef10000cef1 
  xmm4=0x00007c9c00007c9c00002f0e00002f0e xmm5=0x00007bdb00007bdb0000518a0000518a 
  xmm6=0x0000f8250000f82500002e6200002e62 xmm7=0x000032b3000032b300009c1500009c15 

0x28d: cmp bx, [r14 +rax]
  rax=0x0000000000000045 rbx=0x0000000000000001 rcx=0x0000000000000057 rdx=0x0000000000000700
  rsi=0x0000000000000d00 rdi=0xf600002c76823b2c flags=0b000000000010
  xmm0=0x0000bffd0000bffd0000b8840000b884 xmm1=0x000071a4000071a4000084b0000084b0 
  xmm2=0x0000bbbd0000bbbd00008ebe00008ebe xmm3=0x0000a12d0000a12d0000cef10000cef1 
  xmm4=0x00007c9c00007c9c00002f0e00002f0e xmm5=0x00007bdb00007bdb0000518a0000518a 
  xmm6=0x0000f8250000f82500002e6200002e62 xmm7=0x000032b3000032b300009c1500009c15 

    > load from +0x45 value 0x1c
0x292: imul sil
  rax=0x0000000000000045 rbx=0x0000000000000001 rcx=0x0000000000000057 rdx=0x0000000000000700
  rsi=0x0000000000000d00 rdi=0xf600002c76823b2c flags=0b000010010011
  xmm0=0x0000bffd0000bffd0000b8840000b884 xmm1=0x000071a4000071a4000084b0000084b0 
  xmm2=0x0000bbbd0000bbbd00008ebe00008ebe xmm3=0x0000a12d0000a12d0000cef10000cef1 
  xmm4=0x00007c9c00007c9c00002f0e00002f0e xmm5=0x00007bdb00007bdb0000518a0000518a 
  xmm6=0x0000f8250000f82500002e6200002e62 xmm7=0x000032b3000032b300009c1500009c15 

0x295: and rsi, 0b1111111111111
  rax=0x0000000000000000 rbx=0x0000000000000001 rcx=0x0000000000000057 rdx=0x0000000000000700
  rsi=0x0000000000000d00 rdi=0xf600002c76823b2c flags=0b000001000110
  xmm0=0x0000bffd0000bffd0000b8840000b884 xmm1=0x000071a4000071a4000084b0000084b0 
  xmm2=0x0000bbbd0000bbbd00008ebe00008ebe xmm3=0x0000a12d0000a12d0000cef10000cef1 
  xmm4=0x00007c9c00007c9c00002f0e00002f0e xmm5=0x00007bdb00007bdb0000518a0000518a 
  xmm6=0x0000f8250000f82500002e6200002e62 xmm7=0x000032b3000032b300009c1500009c15 

0x29c: movzx rdi, [r14 +rsi]
  rax=0x0000000000000000 rbx=0x0000000000000001 rcx=0x0000000000000057 rdx=0x0000000000000700
  rsi=0x0000000000000d00 rdi=0xf600002c76823b2c flags=0b000000000110
  xmm0=0x0000bffd0000bffd0000b8840000b884 xmm1=0x000071a4000071a4000084b0000084b0 
  xmm2=0x0000bbbd0000bbbd00008ebe00008ebe xmm3=0x0000a12d0000a12d0000cef10000cef1 
  xmm4=0x00007c9c00007c9c00002f0e00002f0e xmm5=0x00007bdb00007bdb0000518a0000518a 
  xmm6=0x0000f8250000f82500002e6200002e62 xmm7=0x000032b3000032b300009c1500009c15 

    > load from +0xd00 value 0xdc
0x2a1: pushfq 
  rax=0x0000000000000000 rbx=0x0000000000000001 rcx=0x0000000000000057 rdx=0x0000000000000700
  rsi=0x0000000000000d00 rdi=0x00000000000000dc flags=0b000000000110
  xmm0=0x0000bffd0000bffd0000b8840000b884 xmm1=0x000071a4000071a4000084b0000084b0 
  xmm2=0x0000bbbd0000bbbd00008ebe00008ebe xmm3=0x0000a12d0000a12d0000cef10000cef1 
  xmm4=0x00007c9c00007c9c00002f0e00002f0e xmm5=0x00007bdb00007bdb0000518a0000518a 
  xmm6=0x0000f8250000f82500002e6200002e62 xmm7=0x000032b3000032b300009c1500009c15 

    > store to +0xff0 value 0x6
0x2a2: push rax
  rax=0x0000000000000000 rbx=0x0000000000000001 rcx=0x0000000000000057 rdx=0x0000000000000700
  rsi=0x0000000000000d00 rdi=0x00000000000000dc flags=0b000000000110
  xmm0=0x0000bffd0000bffd0000b8840000b884 xmm1=0x000071a4000071a4000084b0000084b0 
  xmm2=0x0000bbbd0000bbbd00008ebe00008ebe xmm3=0x0000a12d0000a12d0000cef10000cef1 
  xmm4=0x00007c9c00007c9c00002f0e00002f0e xmm5=0x00007bdb00007bdb0000518a0000518a 
  xmm6=0x0000f8250000f82500002e6200002e62 xmm7=0x000032b3000032b300009c1500009c15 

    > store to +0xfe8 value 0x0
0x2a3: push rcx
  rax=0x0000000000000000 rbx=0x0000000000000001 rcx=0x0000000000000057 rdx=0x0000000000000700
  rsi=0x0000000000000d00 rdi=0x00000000000000dc flags=0b000000000110
  xmm0=0x0000bffd0000bffd0000b8840000b884 xmm1=0x000071a4000071a4000084b0000084b0 
  xmm2=0x0000bbbd0000bbbd00008ebe00008ebe xmm3=0x0000a12d0000a12d0000cef10000cef1 
  xmm4=0x00007c9c00007c9c00002f0e00002f0e xmm5=0x00007bdb00007bdb0000518a0000518a 
  xmm6=0x0000f8250000f82500002e6200002e62 xmm7=0x000032b3000032b300009c1500009c15 

    > store to +0xfe0 value 0x57
0x2a4: push rdx
  rax=0x0000000000000000 rbx=0x0000000000000001 rcx=0x0000000000000057 rdx=0x0000000000000700
  rsi=0x0000000000000d00 rdi=0x00000000000000dc flags=0b000000000110
  xmm0=0x0000bffd0000bffd0000b8840000b884 xmm1=0x000071a4000071a4000084b0000084b0 
  xmm2=0x0000bbbd0000bbbd00008ebe00008ebe xmm3=0x0000a12d0000a12d0000cef10000cef1 
  xmm4=0x00007c9c00007c9c00002f0e00002f0e xmm5=0x00007bdb00007bdb0000518a0000518a 
  xmm6=0x0000f8250000f82500002e6200002e62 xmm7=0x000032b3000032b300009c1500009c15 

    > store to +0xfd8 value 0x700
0x2a5: mov ecx, 0x1a4
  rax=0x0000000000000000 rbx=0x0000000000000001 rcx=0x0000000000000057 rdx=0x0000000000000700
  rsi=0x0000000000000d00 rdi=0x00000000000000dc flags=0b000000000110
  xmm0=0x0000bffd0000bffd0000b8840000b884 xmm1=0x000071a4000071a4000084b0000084b0 
  xmm2=0x0000bbbd0000bbbd00008ebe00008ebe xmm3=0x0000a12d0000a12d0000cef10000cef1 
  xmm4=0x00007c9c00007c9c00002f0e00002f0e xmm5=0x00007bdb00007bdb0000518a0000518a 
  xmm6=0x0000f8250000f82500002e6200002e62 xmm7=0x000032b3000032b300009c1500009c15 

0x2aa: mov edx, 0
  rax=0x0000000000000000 rbx=0x0000000000000001 rcx=0x00000000000001a4 rdx=0x0000000000000700
  rsi=0x0000000000000d00 rdi=0x00000000000000dc flags=0b000000000110
  xmm0=0x0000bffd0000bffd0000b8840000b884 xmm1=0x000071a4000071a4000084b0000084b0 
  xmm2=0x0000bbbd0000bbbd00008ebe00008ebe xmm3=0x0000a12d0000a12d0000cef10000cef1 
  xmm4=0x00007c9c00007c9c00002f0e00002f0e xmm5=0x00007bdb00007bdb0000518a0000518a 
  xmm6=0x0000f8250000f82500002e6200002e62 xmm7=0x000032b3000032b300009c1500009c15 

0x2af: mov eax, 0b101111
  rax=0x0000000000000000 rbx=0x0000000000000001 rcx=0x00000000000001a4 rdx=0x0000000000000000
  rsi=0x0000000000000d00 rdi=0x00000000000000dc flags=0b000000000110
  xmm0=0x0000bffd0000bffd0000b8840000b884 xmm1=0x000071a4000071a4000084b0000084b0 
  xmm2=0x0000bbbd0000bbbd00008ebe00008ebe xmm3=0x0000a12d0000a12d0000cef10000cef1 
  xmm4=0x00007c9c00007c9c00002f0e00002f0e xmm5=0x00007bdb00007bdb0000518a0000518a 
  xmm6=0x0000f8250000f82500002e6200002e62 xmm7=0x000032b3000032b300009c1500009c15 

0x2b4: wrmsr 
  rax=0x000000000000002f rbx=0x0000000000000001 rcx=0x00000000000001a4 rdx=0x0000000000000000
  rsi=0x0000000000000d00 rdi=0x00000000000000dc flags=0b000000000110
  xmm0=0x0000bffd0000bffd0000b8840000b884 xmm1=0x000071a4000071a4000084b0000084b0 
  xmm2=0x0000bbbd0000bbbd00008ebe00008ebe xmm3=0x0000a12d0000a12d0000cef10000cef1 
  xmm4=0x00007c9c00007c9c00002f0e00002f0e xmm5=0x00007bdb00007bdb0000518a0000518a 
  xmm6=0x0000f8250000f82500002e6200002e62 xmm7=0x000032b3000032b300009c1500009c15 

0x2b6: mov ecx, 0x48
  rax=0x000000000000002f rbx=0x0000000000000001 rcx=0x00000000000001a4 rdx=0x0000000000000000
  rsi=0x0000000000000d00 rdi=0x00000000000000dc flags=0b000000000110
  xmm0=0x0000bffd0000bffd0000b8840000b884 xmm1=0x000071a4000071a4000084b0000084b0 
  xmm2=0x0000bbbd0000bbbd00008ebe00008ebe xmm3=0x0000a12d0000a12d0000cef10000cef1 
  xmm4=0x00007c9c00007c9c00002f0e00002f0e xmm5=0x00007bdb00007bdb0000518a0000518a 
  xmm6=0x0000f8250000f82500002e6200002e62 xmm7=0x000032b3000032b300009c1500009c15 

0x2bb: rdmsr 
  rax=0x000000000000002f rbx=0x0000000000000001 rcx=0x0000000000000048 rdx=0x0000000000000000
  rsi=0x0000000000000d00 rdi=0x00000000000000dc flags=0b000000000110
  xmm0=0x0000bffd0000bffd0000b8840000b884 xmm1=0x000071a4000071a4000084b0000084b0 
  xmm2=0x0000bbbd0000bbbd00008ebe00008ebe xmm3=0x0000a12d0000a12d0000cef10000cef1 
  xmm4=0x00007c9c00007c9c00002f0e00002f0e xmm5=0x00007bdb00007bdb0000518a0000518a 
  xmm6=0x0000f8250000f82500002e6200002e62 xmm7=0x000032b3000032b300009c1500009c15 

0x2bd: and eax, 0xfffffffb
  rax=0x0000000000000000 rbx=0x0000000000000001 rcx=0x0000000000000048 rdx=0x0000000000000000
  rsi=0x0000000000000d00 rdi=0x00000000000000dc flags=0b000000000110
  xmm0=0x0000bffd0000bffd0000b8840000b884 xmm1=0x000071a4000071a4000084b0000084b0 
  xmm2=0x0000bbbd0000bbbd00008ebe00008ebe xmm3=0x0000a12d0000a12d0000cef10000cef1 
  xmm4=0x00007c9c00007c9c00002f0e00002f0e xmm5=0x00007bdb00007bdb0000518a0000518a 
  xmm6=0x0000f8250000f82500002e6200002e62 xmm7=0x000032b3000032b300009c1500009c15 

0x2c0: or eax, 0x100
  rax=0x0000000000000000 rbx=0x0000000000000001 rcx=0x0000000000000048 rdx=0x0000000000000000
  rsi=0x0000000000000d00 rdi=0x00000000000000dc flags=0b000001000110
  xmm0=0x0000bffd0000bffd0000b8840000b884 xmm1=0x000071a4000071a4000084b0000084b0 
  xmm2=0x0000bbbd0000bbbd00008ebe00008ebe xmm3=0x0000a12d0000a12d0000cef10000cef1 
  xmm4=0x00007c9c00007c9c00002f0e00002f0e xmm5=0x00007bdb00007bdb0000518a0000518a 
  xmm6=0x0000f8250000f82500002e6200002e62 xmm7=0x000032b3000032b300009c1500009c15 

0x2c5: wrmsr 
  rax=0x0000000000000100 rbx=0x0000000000000001 rcx=0x0000000000000048 rdx=0x0000000000000000
  rsi=0x0000000000000d00 rdi=0x00000000000000dc flags=0b000000000110
  xmm0=0x0000bffd0000bffd0000b8840000b884 xmm1=0x000071a4000071a4000084b0000084b0 
  xmm2=0x0000bbbd0000bbbd00008ebe00008ebe xmm3=0x0000a12d0000a12d0000cef10000cef1 
  xmm4=0x00007c9c00007c9c00002f0e00002f0e xmm5=0x00007bdb00007bdb0000518a0000518a 
  xmm6=0x0000f8250000f82500002e6200002e62 xmm7=0x000032b3000032b300009c1500009c15 

0x2c7: mfence 
  rax=0x0000000000000100 rbx=0x0000000000000001 rcx=0x0000000000000048 rdx=0x0000000000000000
  rsi=0x0000000000000d00 rdi=0x00000000000000dc flags=0b000000000110
  xmm0=0x0000bffd0000bffd0000b8840000b884 xmm1=0x000071a4000071a4000084b0000084b0 
  xmm2=0x0000bbbd0000bbbd00008ebe00008ebe xmm3=0x0000a12d0000a12d0000cef10000cef1 
  xmm4=0x00007c9c00007c9c00002f0e00002f0e xmm5=0x00007bdb00007bdb0000518a0000518a 
  xmm6=0x0000f8250000f82500002e6200002e62 xmm7=0x000032b3000032b300009c1500009c15 

0x2ca: lfence 
  rax=0x0000000000000100 rbx=0x0000000000000001 rcx=0x0000000000000048 rdx=0x0000000000000000
  rsi=0x0000000000000d00 rdi=0x00000000000000dc flags=0b000000000110
  xmm0=0x0000bffd0000bffd0000b8840000b884 xmm1=0x000071a4000071a4000084b0000084b0 
  xmm2=0x0000bbbd0000bbbd00008ebe00008ebe xmm3=0x0000a12d0000a12d0000cef10000cef1 
  xmm4=0x00007c9c00007c9c00002f0e00002f0e xmm5=0x00007bdb00007bdb0000518a0000518a 
  xmm6=0x0000f8250000f82500002e6200002e62 xmm7=0x000032b3000032b300009c1500009c15 

0x2cd: macro .measurement_end, .noarg
  rax=0x0000000000000100 rbx=0x0000000000000001 rcx=0x0000000000000048 rdx=0x0000000000000000
  rsi=0x0000000000000d00 rdi=0x00000000000000dc flags=0b000000000110
  xmm0=0x0000bffd0000bffd0000b8840000b884 xmm1=0x000071a4000071a4000084b0000084b0 
  xmm2=0x0000bbbd0000bbbd00008ebe00008ebe xmm3=0x0000a12d0000a12d0000cef10000cef1 
  xmm4=0x00007c9c00007c9c00002f0e00002f0e xmm5=0x00007bdb00007bdb0000518a0000518a 
  xmm6=0x0000f8250000f82500002e6200002e62 xmm7=0x000032b3000032b300009c1500009c15 

0x2d5: mov ecx, 0x1a4
  rax=0x0000000000000100 rbx=0x0000000000000001 rcx=0x0000000000000048 rdx=0x0000000000000000
  rsi=0x0000000000000d00 rdi=0x00000000000000dc flags=0b000000000110
  xmm0=0x0000bffd0000bffd0000b8840000b884 xmm1=0x000071a4000071a4000084b0000084b0 
  xmm2=0x0000bbbd0000bbbd00008ebe00008ebe xmm3=0x0000a12d0000a12d0000cef10000cef1 
  xmm4=0x00007c9c00007c9c00002f0e00002f0e xmm5=0x00007bdb00007bdb0000518a0000518a 
  xmm6=0x0000f8250000f82500002e6200002e62 xmm7=0x000032b3000032b300009c1500009c15 

0x2da: mov edx, 0
  rax=0x0000000000000100 rbx=0x0000000000000001 rcx=0x00000000000001a4 rdx=0x0000000000000000
  rsi=0x0000000000000d00 rdi=0x00000000000000dc flags=0b000000000110
  xmm0=0x0000bffd0000bffd0000b8840000b884 xmm1=0x000071a4000071a4000084b0000084b0 
  xmm2=0x0000bbbd0000bbbd00008ebe00008ebe xmm3=0x0000a12d0000a12d0000cef10000cef1 
  xmm4=0x00007c9c00007c9c00002f0e00002f0e xmm5=0x00007bdb00007bdb0000518a0000518a 
  xmm6=0x0000f8250000f82500002e6200002e62 xmm7=0x000032b3000032b300009c1500009c15 

0x2df: mov eax, 0b000000
  rax=0x0000000000000100 rbx=0x0000000000000001 rcx=0x00000000000001a4 rdx=0x0000000000000000
  rsi=0x0000000000000d00 rdi=0x00000000000000dc flags=0b000000000110
  xmm0=0x0000bffd0000bffd0000b8840000b884 xmm1=0x000071a4000071a4000084b0000084b0 
  xmm2=0x0000bbbd0000bbbd00008ebe00008ebe xmm3=0x0000a12d0000a12d0000cef10000cef1 
  xmm4=0x00007c9c00007c9c00002f0e00002f0e xmm5=0x00007bdb00007bdb0000518a0000518a 
  xmm6=0x0000f8250000f82500002e6200002e62 xmm7=0x000032b3000032b300009c1500009c15 

0x2e4: mov ecx, 0x48
  rax=0x0000000000000000 rbx=0x0000000000000001 rcx=0x00000000000001a4 rdx=0x0000000000000000
  rsi=0x0000000000000d00 rdi=0x00000000000000dc flags=0b000000000110
  xmm0=0x0000bffd0000bffd0000b8840000b884 xmm1=0x000071a4000071a4000084b0000084b0 
  xmm2=0x0000bbbd0000bbbd00008ebe00008ebe xmm3=0x0000a12d0000a12d0000cef10000cef1 
  xmm4=0x00007c9c00007c9c00002f0e00002f0e xmm5=0x00007bdb00007bdb0000518a0000518a 
  xmm6=0x0000f8250000f82500002e6200002e62 xmm7=0x000032b3000032b300009c1500009c15 

0x2e9: rdmsr 
  rax=0x0000000000000000 rbx=0x0000000000000001 rcx=0x0000000000000048 rdx=0x0000000000000000
  rsi=0x0000000000000d00 rdi=0x00000000000000dc flags=0b000000000110
  xmm0=0x0000bffd0000bffd0000b8840000b884 xmm1=0x000071a4000071a4000084b0000084b0 
  xmm2=0x0000bbbd0000bbbd00008ebe00008ebe xmm3=0x0000a12d0000a12d0000cef10000cef1 
  xmm4=0x00007c9c00007c9c00002f0e00002f0e xmm5=0x00007bdb00007bdb0000518a0000518a 
  xmm6=0x0000f8250000f82500002e6200002e62 xmm7=0x000032b3000032b300009c1500009c15 

0x2eb: and eax, 0xfffffffb
  rax=0x0000000000000000 rbx=0x0000000000000001 rcx=0x0000000000000048 rdx=0x0000000000000000
  rsi=0x0000000000000d00 rdi=0x00000000000000dc flags=0b000000000110
  xmm0=0x0000bffd0000bffd0000b8840000b884 xmm1=0x000071a4000071a4000084b0000084b0 
  xmm2=0x0000bbbd0000bbbd00008ebe00008ebe xmm3=0x0000a12d0000a12d0000cef10000cef1 
  xmm4=0x00007c9c00007c9c00002f0e00002f0e xmm5=0x00007bdb00007bdb0000518a0000518a 
  xmm6=0x0000f8250000f82500002e6200002e62 xmm7=0x000032b3000032b300009c1500009c15 

0x2ee: and eax, 0xfffffeff
  rax=0x0000000000000000 rbx=0x0000000000000001 rcx=0x0000000000000048 rdx=0x0000000000000000
  rsi=0x0000000000000d00 rdi=0x00000000000000dc flags=0b000001000110
  xmm0=0x0000bffd0000bffd0000b8840000b884 xmm1=0x000071a4000071a4000084b0000084b0 
  xmm2=0x0000bbbd0000bbbd00008ebe00008ebe xmm3=0x0000a12d0000a12d0000cef10000cef1 
  xmm4=0x00007c9c00007c9c00002f0e00002f0e xmm5=0x00007bdb00007bdb0000518a0000518a 
  xmm6=0x0000f8250000f82500002e6200002e62 xmm7=0x000032b3000032b300009c1500009c15 

0x2f3: wrmsr 
  rax=0x0000000000000000 rbx=0x0000000000000001 rcx=0x0000000000000048 rdx=0x0000000000000000
  rsi=0x0000000000000d00 rdi=0x00000000000000dc flags=0b000001000110
  xmm0=0x0000bffd0000bffd0000b8840000b884 xmm1=0x000071a4000071a4000084b0000084b0 
  xmm2=0x0000bbbd0000bbbd00008ebe00008ebe xmm3=0x0000a12d0000a12d0000cef10000cef1 
  xmm4=0x00007c9c00007c9c00002f0e00002f0e xmm5=0x00007bdb00007bdb0000518a0000518a 
  xmm6=0x0000f8250000f82500002e6200002e62 xmm7=0x000032b3000032b300009c1500009c15 

0x2f5: mfence 
  rax=0x0000000000000000 rbx=0x0000000000000001 rcx=0x0000000000000048 rdx=0x0000000000000000
  rsi=0x0000000000000d00 rdi=0x00000000000000dc flags=0b000001000110
  xmm0=0x0000bffd0000bffd0000b8840000b884 xmm1=0x000071a4000071a4000084b0000084b0 
  xmm2=0x0000bbbd0000bbbd00008ebe00008ebe xmm3=0x0000a12d0000a12d0000cef10000cef1 
  xmm4=0x00007c9c00007c9c00002f0e00002f0e xmm5=0x00007bdb00007bdb0000518a0000518a 
  xmm6=0x0000f8250000f82500002e6200002e62 xmm7=0x000032b3000032b300009c1500009c15 

0x2f8: lfence 
  rax=0x0000000000000000 rbx=0x0000000000000001 rcx=0x0000000000000048 rdx=0x0000000000000000
  rsi=0x0000000000000d00 rdi=0x00000000000000dc flags=0b000001000110
  xmm0=0x0000bffd0000bffd0000b8840000b884 xmm1=0x000071a4000071a4000084b0000084b0 
  xmm2=0x0000bbbd0000bbbd00008ebe00008ebe xmm3=0x0000a12d0000a12d0000cef10000cef1 
  xmm4=0x00007c9c00007c9c00002f0e00002f0e xmm5=0x00007bdb00007bdb0000518a0000518a 
  xmm6=0x0000f8250000f82500002e6200002e62 xmm7=0x000032b3000032b300009c1500009c15 

0x2fb: pop rdx
  rax=0x0000000000000000 rbx=0x0000000000000001 rcx=0x0000000000000048 rdx=0x0000000000000000
  rsi=0x0000000000000d00 rdi=0x00000000000000dc flags=0b000001000110
  xmm0=0x0000bffd0000bffd0000b8840000b884 xmm1=0x000071a4000071a4000084b0000084b0 
  xmm2=0x0000bbbd0000bbbd00008ebe00008ebe xmm3=0x0000a12d0000a12d0000cef10000cef1 
  xmm4=0x00007c9c00007c9c00002f0e00002f0e xmm5=0x00007bdb00007bdb0000518a0000518a 
  xmm6=0x0000f8250000f82500002e6200002e62 xmm7=0x000032b3000032b300009c1500009c15 

    > load from +0xfd8 value 0x700
0x2fc: pop rcx
  rax=0x0000000000000000 rbx=0x0000000000000001 rcx=0x0000000000000048 rdx=0x0000000000000700
  rsi=0x0000000000000d00 rdi=0x00000000000000dc flags=0b000001000110
  xmm0=0x0000bffd0000bffd0000b8840000b884 xmm1=0x000071a4000071a4000084b0000084b0 
  xmm2=0x0000bbbd0000bbbd00008ebe00008ebe xmm3=0x0000a12d0000a12d0000cef10000cef1 
  xmm4=0x00007c9c00007c9c00002f0e00002f0e xmm5=0x00007bdb00007bdb0000518a0000518a 
  xmm6=0x0000f8250000f82500002e6200002e62 xmm7=0x000032b3000032b300009c1500009c15 

    > load from +0xfe0 value 0x57
0x2fd: pop rax
  rax=0x0000000000000000 rbx=0x0000000000000001 rcx=0x0000000000000057 rdx=0x0000000000000700
  rsi=0x0000000000000d00 rdi=0x00000000000000dc flags=0b000001000110
  xmm0=0x0000bffd0000bffd0000b8840000b884 xmm1=0x000071a4000071a4000084b0000084b0 
  xmm2=0x0000bbbd0000bbbd00008ebe00008ebe xmm3=0x0000a12d0000a12d0000cef10000cef1 
  xmm4=0x00007c9c00007c9c00002f0e00002f0e xmm5=0x00007bdb00007bdb0000518a0000518a 
  xmm6=0x0000f8250000f82500002e6200002e62 xmm7=0x000032b3000032b300009c1500009c15 

    > load from +0xfe8 value 0x0
0x2fe: popfq  [test_case_exit]
  rax=0x0000000000000000 rbx=0x0000000000000001 rcx=0x0000000000000057 rdx=0x0000000000000700
  rsi=0x0000000000000d00 rdi=0x00000000000000dc flags=0b000001000110
  xmm0=0x0000bffd0000bffd0000b8840000b884 xmm1=0x000071a4000071a4000084b0000084b0 
  xmm2=0x0000bbbd0000bbbd00008ebe00008ebe xmm3=0x0000a12d0000a12d0000cef10000cef1 
  xmm4=0x00007c9c00007c9c00002f0e00002f0e xmm5=0x00007bdb00007bdb0000518a0000518a 
  xmm6=0x0000f8250000f82500002e6200002e62 xmm7=0x000032b3000032b300009c1500009c15 

    > load from +0xff0 value 0x6




================================ Statistics ===================================

Test Cases: 1
Inputs per test case: 100.0
Violations: 1
Effectiveness: 
  Total Cls: 50.0
  Effective Cls: 50.0
Discarded Test Cases:
  Speculation Filter: 0
  Observation Filter: 0
  Fast Path: 0
  Max Nesting Check: 0
  Tainting Check: 0
  Early Priming Check: 0
  Large Sample Check: 0
  Priming Check: 0

Duration: 40.6
Finished at 01:35:59
