
INFO: [fuzzer] Starting at 11:01:43
> Entering slow path...> Priming  1              > Increase sample size to 40> Priming  1              > Increase sample size to 160> Priming  1              > Increase sample size to 320> Priming  1             

================================ Violations detected ==========================
Contract trace:
 11411466863201465766 (hash)
Hardware traces:
  Input group 1: [11]
  Input group 2: [61]
  ^^^^..^^^.......^....^...^^.....^.....^.......^................^ [307    | 0     ]
  ^^^^..^^^.......^....^...^^.....^.............^................^ [13     | 12    ]
  ^^^^..^^^.....^.^....^...^^.....^.............^................^ [0      | 308   ]

================================ Violation Traces =============================
                      ##### Input 11 #####

                     ##### Input 0 #####
0x0 : macro .switch, .actor2.function_actor2_0
  rax=0x00005ac200005ac2 rbx=0x0000081600000816 rcx=0x0000341600003416 rdx=0x00009b8e00009b8e
  rsi=0x00003d3300003d33 rdi=0x0000f6a30000f6a3 flags=0b000001010110
  xmm0=0x00009f8f00009f8f0000420c0000420c xmm1=0x0000739c0000739c00005b3500005b35 
  xmm2=0x0000a3610000a3610000b4bf0000b4bf xmm3=0x000067300000673000005ece00005ece 
  xmm4=0x0000195c0000195c0000a9eb0000a9eb xmm5=0x0000a6bb0000a6bb0000590e0000590e 
  xmm6=0x0000ef190000ef190000b57c0000b57c xmm7=0x00006e5e00006e5e000067e5000067e5 

0x3000: pushfq 
  rax=0x00005ac200005ac2 rbx=0x0000081600000816 rcx=0x0000341600003416 rdx=0x00009b8e00009b8e
  rsi=0x00003d3300003d33 rdi=0x0000f6a30000f6a3 flags=0b000001010110
  xmm0=0x00009f8f00009f8f0000420c0000420c xmm1=0x0000739c0000739c00005b3500005b35 
  xmm2=0x0000a3610000a3610000b4bf0000b4bf xmm3=0x000067300000673000005ece00005ece 
  xmm4=0x0000195c0000195c0000a9eb0000a9eb xmm5=0x0000a6bb0000a6bb0000590e0000590e 
  xmm6=0x0000ef190000ef190000b57c0000b57c xmm7=0x00006e5e00006e5e000067e5000067e5 

    > store to +0x4ff0 value 0x56
0x3001: push rax
  rax=0x00005ac200005ac2 rbx=0x0000081600000816 rcx=0x0000341600003416 rdx=0x00009b8e00009b8e
  rsi=0x00003d3300003d33 rdi=0x0000f6a30000f6a3 flags=0b000001010110
  xmm0=0x00009f8f00009f8f0000420c0000420c xmm1=0x0000739c0000739c00005b3500005b35 
  xmm2=0x0000a3610000a3610000b4bf0000b4bf xmm3=0x000067300000673000005ece00005ece 
  xmm4=0x0000195c0000195c0000a9eb0000a9eb xmm5=0x0000a6bb0000a6bb0000590e0000590e 
  xmm6=0x0000ef190000ef190000b57c0000b57c xmm7=0x00006e5e00006e5e000067e5000067e5 

    > store to +0x4fe8 value 0x5ac200005ac2
0x3002: push rcx
  rax=0x00005ac200005ac2 rbx=0x0000081600000816 rcx=0x0000341600003416 rdx=0x00009b8e00009b8e
  rsi=0x00003d3300003d33 rdi=0x0000f6a30000f6a3 flags=0b000001010110
  xmm0=0x00009f8f00009f8f0000420c0000420c xmm1=0x0000739c0000739c00005b3500005b35 
  xmm2=0x0000a3610000a3610000b4bf0000b4bf xmm3=0x000067300000673000005ece00005ece 
  xmm4=0x0000195c0000195c0000a9eb0000a9eb xmm5=0x0000a6bb0000a6bb0000590e0000590e 
  xmm6=0x0000ef190000ef190000b57c0000b57c xmm7=0x00006e5e00006e5e000067e5000067e5 

    > store to +0x4fe0 value 0x341600003416
0x3003: push rdx
  rax=0x00005ac200005ac2 rbx=0x0000081600000816 rcx=0x0000341600003416 rdx=0x00009b8e00009b8e
  rsi=0x00003d3300003d33 rdi=0x0000f6a30000f6a3 flags=0b000001010110
  xmm0=0x00009f8f00009f8f0000420c0000420c xmm1=0x0000739c0000739c00005b3500005b35 
  xmm2=0x0000a3610000a3610000b4bf0000b4bf xmm3=0x000067300000673000005ece00005ece 
  xmm4=0x0000195c0000195c0000a9eb0000a9eb xmm5=0x0000a6bb0000a6bb0000590e0000590e 
  xmm6=0x0000ef190000ef190000b57c0000b57c xmm7=0x00006e5e00006e5e000067e5000067e5 

    > store to +0x4fd8 value 0x9b8e00009b8e
0x3004: mov ecx, 0x48
  rax=0x00005ac200005ac2 rbx=0x0000081600000816 rcx=0x0000341600003416 rdx=0x00009b8e00009b8e
  rsi=0x00003d3300003d33 rdi=0x0000f6a30000f6a3 flags=0b000001010110
  xmm0=0x00009f8f00009f8f0000420c0000420c xmm1=0x0000739c0000739c00005b3500005b35 
  xmm2=0x0000a3610000a3610000b4bf0000b4bf xmm3=0x000067300000673000005ece00005ece 
  xmm4=0x0000195c0000195c0000a9eb0000a9eb xmm5=0x0000a6bb0000a6bb0000590e0000590e 
  xmm6=0x0000ef190000ef190000b57c0000b57c xmm7=0x00006e5e00006e5e000067e5000067e5 

0x3009: rdmsr 
  rax=0x00005ac200005ac2 rbx=0x0000081600000816 rcx=0x0000000000000048 rdx=0x00009b8e00009b8e
  rsi=0x00003d3300003d33 rdi=0x0000f6a30000f6a3 flags=0b000001010110
  xmm0=0x00009f8f00009f8f0000420c0000420c xmm1=0x0000739c0000739c00005b3500005b35 
  xmm2=0x0000a3610000a3610000b4bf0000b4bf xmm3=0x000067300000673000005ece00005ece 
  xmm4=0x0000195c0000195c0000a9eb0000a9eb xmm5=0x0000a6bb0000a6bb0000590e0000590e 
  xmm6=0x0000ef190000ef190000b57c0000b57c xmm7=0x00006e5e00006e5e000067e5000067e5 

0x300b: and eax, 0xfffffffb
  rax=0x0000000000000000 rbx=0x0000081600000816 rcx=0x0000000000000048 rdx=0x0000000000000000
  rsi=0x00003d3300003d33 rdi=0x0000f6a30000f6a3 flags=0b000001010110
  xmm0=0x00009f8f00009f8f0000420c0000420c xmm1=0x0000739c0000739c00005b3500005b35 
  xmm2=0x0000a3610000a3610000b4bf0000b4bf xmm3=0x000067300000673000005ece00005ece 
  xmm4=0x0000195c0000195c0000a9eb0000a9eb xmm5=0x0000a6bb0000a6bb0000590e0000590e 
  xmm6=0x0000ef190000ef190000b57c0000b57c xmm7=0x00006e5e00006e5e000067e5000067e5 

0x300e: or eax, 0x100
  rax=0x0000000000000000 rbx=0x0000081600000816 rcx=0x0000000000000048 rdx=0x0000000000000000
  rsi=0x00003d3300003d33 rdi=0x0000f6a30000f6a3 flags=0b000001000110
  xmm0=0x00009f8f00009f8f0000420c0000420c xmm1=0x0000739c0000739c00005b3500005b35 
  xmm2=0x0000a3610000a3610000b4bf0000b4bf xmm3=0x000067300000673000005ece00005ece 
  xmm4=0x0000195c0000195c0000a9eb0000a9eb xmm5=0x0000a6bb0000a6bb0000590e0000590e 
  xmm6=0x0000ef190000ef190000b57c0000b57c xmm7=0x00006e5e00006e5e000067e5000067e5 

0x3013: wrmsr 
  rax=0x0000000000000100 rbx=0x0000081600000816 rcx=0x0000000000000048 rdx=0x0000000000000000
  rsi=0x00003d3300003d33 rdi=0x0000f6a30000f6a3 flags=0b000000000110
  xmm0=0x00009f8f00009f8f0000420c0000420c xmm1=0x0000739c0000739c00005b3500005b35 
  xmm2=0x0000a3610000a3610000b4bf0000b4bf xmm3=0x000067300000673000005ece00005ece 
  xmm4=0x0000195c0000195c0000a9eb0000a9eb xmm5=0x0000a6bb0000a6bb0000590e0000590e 
  xmm6=0x0000ef190000ef190000b57c0000b57c xmm7=0x00006e5e00006e5e000067e5000067e5 

0x3015: mfence 
  rax=0x0000000000000100 rbx=0x0000081600000816 rcx=0x0000000000000048 rdx=0x0000000000000000
  rsi=0x00003d3300003d33 rdi=0x0000f6a30000f6a3 flags=0b000000000110
  xmm0=0x00009f8f00009f8f0000420c0000420c xmm1=0x0000739c0000739c00005b3500005b35 
  xmm2=0x0000a3610000a3610000b4bf0000b4bf xmm3=0x000067300000673000005ece00005ece 
  xmm4=0x0000195c0000195c0000a9eb0000a9eb xmm5=0x0000a6bb0000a6bb0000590e0000590e 
  xmm6=0x0000ef190000ef190000b57c0000b57c xmm7=0x00006e5e00006e5e000067e5000067e5 

0x3018: lfence 
  rax=0x0000000000000100 rbx=0x0000081600000816 rcx=0x0000000000000048 rdx=0x0000000000000000
  rsi=0x00003d3300003d33 rdi=0x0000f6a30000f6a3 flags=0b000000000110
  xmm0=0x00009f8f00009f8f0000420c0000420c xmm1=0x0000739c0000739c00005b3500005b35 
  xmm2=0x0000a3610000a3610000b4bf0000b4bf xmm3=0x000067300000673000005ece00005ece 
  xmm4=0x0000195c0000195c0000a9eb0000a9eb xmm5=0x0000a6bb0000a6bb0000590e0000590e 
  xmm6=0x0000ef190000ef190000b57c0000b57c xmm7=0x00006e5e00006e5e000067e5000067e5 

0x301b: macro .measurement_start, .noarg
  rax=0x0000000000000100 rbx=0x0000081600000816 rcx=0x0000000000000048 rdx=0x0000000000000000
  rsi=0x00003d3300003d33 rdi=0x0000f6a30000f6a3 flags=0b000000000110
  xmm0=0x00009f8f00009f8f0000420c0000420c xmm1=0x0000739c0000739c00005b3500005b35 
  xmm2=0x0000a3610000a3610000b4bf0000b4bf xmm3=0x000067300000673000005ece00005ece 
  xmm4=0x0000195c0000195c0000a9eb0000a9eb xmm5=0x0000a6bb0000a6bb0000590e0000590e 
  xmm6=0x0000ef190000ef190000b57c0000b57c xmm7=0x00006e5e00006e5e000067e5000067e5 

0x3023: mov ecx, 0x48
  rax=0x0000000000000100 rbx=0x0000081600000816 rcx=0x0000000000000048 rdx=0x0000000000000000
  rsi=0x00003d3300003d33 rdi=0x0000f6a30000f6a3 flags=0b000000000110
  xmm0=0x00009f8f00009f8f0000420c0000420c xmm1=0x0000739c0000739c00005b3500005b35 
  xmm2=0x0000a3610000a3610000b4bf0000b4bf xmm3=0x000067300000673000005ece00005ece 
  xmm4=0x0000195c0000195c0000a9eb0000a9eb xmm5=0x0000a6bb0000a6bb0000590e0000590e 
  xmm6=0x0000ef190000ef190000b57c0000b57c xmm7=0x00006e5e00006e5e000067e5000067e5 

0x3028: rdmsr 
  rax=0x0000000000000100 rbx=0x0000081600000816 rcx=0x0000000000000048 rdx=0x0000000000000000
  rsi=0x00003d3300003d33 rdi=0x0000f6a30000f6a3 flags=0b000000000110
  xmm0=0x00009f8f00009f8f0000420c0000420c xmm1=0x0000739c0000739c00005b3500005b35 
  xmm2=0x0000a3610000a3610000b4bf0000b4bf xmm3=0x000067300000673000005ece00005ece 
  xmm4=0x0000195c0000195c0000a9eb0000a9eb xmm5=0x0000a6bb0000a6bb0000590e0000590e 
  xmm6=0x0000ef190000ef190000b57c0000b57c xmm7=0x00006e5e00006e5e000067e5000067e5 

0x302a: and eax, 0xfffffffb
  rax=0x0000000000000000 rbx=0x0000081600000816 rcx=0x0000000000000048 rdx=0x0000000000000000
  rsi=0x00003d3300003d33 rdi=0x0000f6a30000f6a3 flags=0b000000000110
  xmm0=0x00009f8f00009f8f0000420c0000420c xmm1=0x0000739c0000739c00005b3500005b35 
  xmm2=0x0000a3610000a3610000b4bf0000b4bf xmm3=0x000067300000673000005ece00005ece 
  xmm4=0x0000195c0000195c0000a9eb0000a9eb xmm5=0x0000a6bb0000a6bb0000590e0000590e 
  xmm6=0x0000ef190000ef190000b57c0000b57c xmm7=0x00006e5e00006e5e000067e5000067e5 

0x302d: and eax, 0xfffffeff
  rax=0x0000000000000000 rbx=0x0000081600000816 rcx=0x0000000000000048 rdx=0x0000000000000000
  rsi=0x00003d3300003d33 rdi=0x0000f6a30000f6a3 flags=0b000001000110
  xmm0=0x00009f8f00009f8f0000420c0000420c xmm1=0x0000739c0000739c00005b3500005b35 
  xmm2=0x0000a3610000a3610000b4bf0000b4bf xmm3=0x000067300000673000005ece00005ece 
  xmm4=0x0000195c0000195c0000a9eb0000a9eb xmm5=0x0000a6bb0000a6bb0000590e0000590e 
  xmm6=0x0000ef190000ef190000b57c0000b57c xmm7=0x00006e5e00006e5e000067e5000067e5 

0x3032: wrmsr 
  rax=0x0000000000000000 rbx=0x0000081600000816 rcx=0x0000000000000048 rdx=0x0000000000000000
  rsi=0x00003d3300003d33 rdi=0x0000f6a30000f6a3 flags=0b000001000110
  xmm0=0x00009f8f00009f8f0000420c0000420c xmm1=0x0000739c0000739c00005b3500005b35 
  xmm2=0x0000a3610000a3610000b4bf0000b4bf xmm3=0x000067300000673000005ece00005ece 
  xmm4=0x0000195c0000195c0000a9eb0000a9eb xmm5=0x0000a6bb0000a6bb0000590e0000590e 
  xmm6=0x0000ef190000ef190000b57c0000b57c xmm7=0x00006e5e00006e5e000067e5000067e5 

0x3034: mfence 
  rax=0x0000000000000000 rbx=0x0000081600000816 rcx=0x0000000000000048 rdx=0x0000000000000000
  rsi=0x00003d3300003d33 rdi=0x0000f6a30000f6a3 flags=0b000001000110
  xmm0=0x00009f8f00009f8f0000420c0000420c xmm1=0x0000739c0000739c00005b3500005b35 
  xmm2=0x0000a3610000a3610000b4bf0000b4bf xmm3=0x000067300000673000005ece00005ece 
  xmm4=0x0000195c0000195c0000a9eb0000a9eb xmm5=0x0000a6bb0000a6bb0000590e0000590e 
  xmm6=0x0000ef190000ef190000b57c0000b57c xmm7=0x00006e5e00006e5e000067e5000067e5 

0x3037: lfence 
  rax=0x0000000000000000 rbx=0x0000081600000816 rcx=0x0000000000000048 rdx=0x0000000000000000
  rsi=0x00003d3300003d33 rdi=0x0000f6a30000f6a3 flags=0b000001000110
  xmm0=0x00009f8f00009f8f0000420c0000420c xmm1=0x0000739c0000739c00005b3500005b35 
  xmm2=0x0000a3610000a3610000b4bf0000b4bf xmm3=0x000067300000673000005ece00005ece 
  xmm4=0x0000195c0000195c0000a9eb0000a9eb xmm5=0x0000a6bb0000a6bb0000590e0000590e 
  xmm6=0x0000ef190000ef190000b57c0000b57c xmm7=0x00006e5e00006e5e000067e5000067e5 

0x303a: pop rdx
  rax=0x0000000000000000 rbx=0x0000081600000816 rcx=0x0000000000000048 rdx=0x0000000000000000
  rsi=0x00003d3300003d33 rdi=0x0000f6a30000f6a3 flags=0b000001000110
  xmm0=0x00009f8f00009f8f0000420c0000420c xmm1=0x0000739c0000739c00005b3500005b35 
  xmm2=0x0000a3610000a3610000b4bf0000b4bf xmm3=0x000067300000673000005ece00005ece 
  xmm4=0x0000195c0000195c0000a9eb0000a9eb xmm5=0x0000a6bb0000a6bb0000590e0000590e 
  xmm6=0x0000ef190000ef190000b57c0000b57c xmm7=0x00006e5e00006e5e000067e5000067e5 

    > load from +0x4fd8 value 0x9b8e00009b8e
0x303b: pop rcx
  rax=0x0000000000000000 rbx=0x0000081600000816 rcx=0x0000000000000048 rdx=0x00009b8e00009b8e
  rsi=0x00003d3300003d33 rdi=0x0000f6a30000f6a3 flags=0b000001000110
  xmm0=0x00009f8f00009f8f0000420c0000420c xmm1=0x0000739c0000739c00005b3500005b35 
  xmm2=0x0000a3610000a3610000b4bf0000b4bf xmm3=0x000067300000673000005ece00005ece 
  xmm4=0x0000195c0000195c0000a9eb0000a9eb xmm5=0x0000a6bb0000a6bb0000590e0000590e 
  xmm6=0x0000ef190000ef190000b57c0000b57c xmm7=0x00006e5e00006e5e000067e5000067e5 

    > load from +0x4fe0 value 0x341600003416
0x303c: pop rax
  rax=0x0000000000000000 rbx=0x0000081600000816 rcx=0x0000341600003416 rdx=0x00009b8e00009b8e
  rsi=0x00003d3300003d33 rdi=0x0000f6a30000f6a3 flags=0b000001000110
  xmm0=0x00009f8f00009f8f0000420c0000420c xmm1=0x0000739c0000739c00005b3500005b35 
  xmm2=0x0000a3610000a3610000b4bf0000b4bf xmm3=0x000067300000673000005ece00005ece 
  xmm4=0x0000195c0000195c0000a9eb0000a9eb xmm5=0x0000a6bb0000a6bb0000590e0000590e 
  xmm6=0x0000ef190000ef190000b57c0000b57c xmm7=0x00006e5e00006e5e000067e5000067e5 

    > load from +0x4fe8 value 0x5ac200005ac2
0x303d: popfq 
  rax=0x00005ac200005ac2 rbx=0x0000081600000816 rcx=0x0000341600003416 rdx=0x00009b8e00009b8e
  rsi=0x00003d3300003d33 rdi=0x0000f6a30000f6a3 flags=0b000001000110
  xmm0=0x00009f8f00009f8f0000420c0000420c xmm1=0x0000739c0000739c00005b3500005b35 
  xmm2=0x0000a3610000a3610000b4bf0000b4bf xmm3=0x000067300000673000005ece00005ece 
  xmm4=0x0000195c0000195c0000a9eb0000a9eb xmm5=0x0000a6bb0000a6bb0000590e0000590e 
  xmm6=0x0000ef190000ef190000b57c0000b57c xmm7=0x00006e5e00006e5e000067e5000067e5 

    > load from +0x4ff0 value 0x56
0x303e: and rdx, 0b1111111111111
  rax=0x00005ac200005ac2 rbx=0x0000081600000816 rcx=0x0000341600003416 rdx=0x00009b8e00009b8e
  rsi=0x00003d3300003d33 rdi=0x0000f6a30000f6a3 flags=0b000001010110
  xmm0=0x00009f8f00009f8f0000420c0000420c xmm1=0x0000739c0000739c00005b3500005b35 
  xmm2=0x0000a3610000a3610000b4bf0000b4bf xmm3=0x000067300000673000005ece00005ece 
  xmm4=0x0000195c0000195c0000a9eb0000a9eb xmm5=0x0000a6bb0000a6bb0000590e0000590e 
  xmm6=0x0000ef190000ef190000b57c0000b57c xmm7=0x00006e5e00006e5e000067e5000067e5 

0x3045: imul si, [r14 +rdx], -28
  rax=0x00005ac200005ac2 rbx=0x0000081600000816 rcx=0x0000341600003416 rdx=0x0000000000001b8e
  rsi=0x00003d3300003d33 rdi=0x0000f6a30000f6a3 flags=0b000000000110
  xmm0=0x00009f8f00009f8f0000420c0000420c xmm1=0x0000739c0000739c00005b3500005b35 
  xmm2=0x0000a3610000a3610000b4bf0000b4bf xmm3=0x000067300000673000005ece00005ece 
  xmm4=0x0000195c0000195c0000a9eb0000a9eb xmm5=0x0000a6bb0000a6bb0000590e0000590e 
  xmm6=0x0000ef190000ef190000b57c0000b57c xmm7=0x00006e5e00006e5e000067e5000067e5 

    > load from +0x5b8e value 0x0
0x304b: dec eax
  rax=0x00005ac200005ac2 rbx=0x0000081600000816 rcx=0x0000341600003416 rdx=0x0000000000001b8e
  rsi=0x00003d3300000000 rdi=0x0000f6a30000f6a3 flags=0b000001000110
  xmm0=0x00009f8f00009f8f0000420c0000420c xmm1=0x0000739c0000739c00005b3500005b35 
  xmm2=0x0000a3610000a3610000b4bf0000b4bf xmm3=0x000067300000673000005ece00005ece 
  xmm4=0x0000195c0000195c0000a9eb0000a9eb xmm5=0x0000a6bb0000a6bb0000590e0000590e 
  xmm6=0x0000ef190000ef190000b57c0000b57c xmm7=0x00006e5e00006e5e000067e5000067e5 

0x304d: or eax, -81460010
  rax=0x0000000000005ac1 rbx=0x0000081600000816 rcx=0x0000341600003416 rdx=0x0000000000001b8e
  rsi=0x00003d3300000000 rdi=0x0000f6a30000f6a3 flags=0b000000000010
  xmm0=0x00009f8f00009f8f0000420c0000420c xmm1=0x0000739c0000739c00005b3500005b35 
  xmm2=0x0000a3610000a3610000b4bf0000b4bf xmm3=0x000067300000673000005ece00005ece 
  xmm4=0x0000195c0000195c0000a9eb0000a9eb xmm5=0x0000a6bb0000a6bb0000590e0000590e 
  xmm6=0x0000ef190000ef190000b57c0000b57c xmm7=0x00006e5e00006e5e000067e5000067e5 

0x3052: btc ecx, 180
  rax=0x00000000fb255ed7 rbx=0x0000081600000816 rcx=0x0000341600003416 rdx=0x0000000000001b8e
  rsi=0x00003d3300000000 rdi=0x0000f6a30000f6a3 flags=0b000010000110
  xmm0=0x00009f8f00009f8f0000420c0000420c xmm1=0x0000739c0000739c00005b3500005b35 
  xmm2=0x0000a3610000a3610000b4bf0000b4bf xmm3=0x000067300000673000005ece00005ece 
  xmm4=0x0000195c0000195c0000a9eb0000a9eb xmm5=0x0000a6bb0000a6bb0000590e0000590e 
  xmm6=0x0000ef190000ef190000b57c0000b57c xmm7=0x00006e5e00006e5e000067e5000067e5 

0x3056: xor eax, -1762807288
  rax=0x00000000fb255ed7 rbx=0x0000081600000816 rcx=0x0000000000103416 rdx=0x0000000000001b8e
  rsi=0x00003d3300000000 rdi=0x0000f6a30000f6a3 flags=0b100010000110
  xmm0=0x00009f8f00009f8f0000420c0000420c xmm1=0x0000739c0000739c00005b3500005b35 
  xmm2=0x0000a3610000a3610000b4bf0000b4bf xmm3=0x000067300000673000005ece00005ece 
  xmm4=0x0000195c0000195c0000a9eb0000a9eb xmm5=0x0000a6bb0000a6bb0000590e0000590e 
  xmm6=0x0000ef190000ef190000b57c0000b57c xmm7=0x00006e5e00006e5e000067e5000067e5 

0x305b: and rbx, 0b1111111111111
  rax=0x000000006dc8ecdf rbx=0x0000081600000816 rcx=0x0000000000103416 rdx=0x0000000000001b8e
  rsi=0x00003d3300000000 rdi=0x0000f6a30000f6a3 flags=0b000000000010
  xmm0=0x00009f8f00009f8f0000420c0000420c xmm1=0x0000739c0000739c00005b3500005b35 
  xmm2=0x0000a3610000a3610000b4bf0000b4bf xmm3=0x000067300000673000005ece00005ece 
  xmm4=0x0000195c0000195c0000a9eb0000a9eb xmm5=0x0000a6bb0000a6bb0000590e0000590e 
  xmm6=0x0000ef190000ef190000b57c0000b57c xmm7=0x00006e5e00006e5e000067e5000067e5 

0x3062: imul [r14 +rbx]
  rax=0x000000006dc8ecdf rbx=0x0000000000000816 rcx=0x0000000000103416 rdx=0x0000000000001b8e
  rsi=0x00003d3300000000 rdi=0x0000f6a30000f6a3 flags=0b000000000010
  xmm0=0x00009f8f00009f8f0000420c0000420c xmm1=0x0000739c0000739c00005b3500005b35 
  xmm2=0x0000a3610000a3610000b4bf0000b4bf xmm3=0x000067300000673000005ece00005ece 
  xmm4=0x0000195c0000195c0000a9eb0000a9eb xmm5=0x0000a6bb0000a6bb0000590e0000590e 
  xmm6=0x0000ef190000ef190000b57c0000b57c xmm7=0x00006e5e00006e5e000067e5000067e5 

    > load from +0x4816 value 0xbd600000
0x3066: and rcx, 0b1111111111111
  rax=0x0000000076a00000 rbx=0x0000000000000816 rcx=0x0000000000103416 rdx=0x00000000e36d955a
  rsi=0x00003d3300000000 rdi=0x0000f6a30000f6a3 flags=0b100000000111
  xmm0=0x00009f8f00009f8f0000420c0000420c xmm1=0x0000739c0000739c00005b3500005b35 
  xmm2=0x0000a3610000a3610000b4bf0000b4bf xmm3=0x000067300000673000005ece00005ece 
  xmm4=0x0000195c0000195c0000a9eb0000a9eb xmm5=0x0000a6bb0000a6bb0000590e0000590e 
  xmm6=0x0000ef190000ef190000b57c0000b57c xmm7=0x00006e5e00006e5e000067e5000067e5 

0x306d: bt [r14 +rcx], 6
  rax=0x0000000076a00000 rbx=0x0000000000000816 rcx=0x0000000000001416 rdx=0x00000000e36d955a
  rsi=0x00003d3300000000 rdi=0x0000f6a30000f6a3 flags=0b000000000010
  xmm0=0x00009f8f00009f8f0000420c0000420c xmm1=0x0000739c0000739c00005b3500005b35 
  xmm2=0x0000a3610000a3610000b4bf0000b4bf xmm3=0x000067300000673000005ece00005ece 
  xmm4=0x0000195c0000195c0000a9eb0000a9eb xmm5=0x0000a6bb0000a6bb0000590e0000590e 
  xmm6=0x0000ef190000ef190000b57c0000b57c xmm7=0x00006e5e00006e5e000067e5000067e5 

    > load from +0x5416 value 0x32a0000032a0000
0x3073: cmovb di, bx
  rax=0x0000000076a00000 rbx=0x0000000000000816 rcx=0x0000000000001416 rdx=0x00000000e36d955a
  rsi=0x00003d3300000000 rdi=0x0000f6a30000f6a3 flags=0b000000000010
  xmm0=0x00009f8f00009f8f0000420c0000420c xmm1=0x0000739c0000739c00005b3500005b35 
  xmm2=0x0000a3610000a3610000b4bf0000b4bf xmm3=0x000067300000673000005ece00005ece 
  xmm4=0x0000195c0000195c0000a9eb0000a9eb xmm5=0x0000a6bb0000a6bb0000590e0000590e 
  xmm6=0x0000ef190000ef190000b57c0000b57c xmm7=0x00006e5e00006e5e000067e5000067e5 

0x3077: and rax, 0b1111111111111
  rax=0x0000000076a00000 rbx=0x0000000000000816 rcx=0x0000000000001416 rdx=0x00000000e36d955a
  rsi=0x00003d3300000000 rdi=0x0000f6a30000f6a3 flags=0b000000000010
  xmm0=0x00009f8f00009f8f0000420c0000420c xmm1=0x0000739c0000739c00005b3500005b35 
  xmm2=0x0000a3610000a3610000b4bf0000b4bf xmm3=0x000067300000673000005ece00005ece 
  xmm4=0x0000195c0000195c0000a9eb0000a9eb xmm5=0x0000a6bb0000a6bb0000590e0000590e 
  xmm6=0x0000ef190000ef190000b57c0000b57c xmm7=0x00006e5e00006e5e000067e5000067e5 

0x307d: add bx, [r14 +rax]
  rax=0x0000000000000000 rbx=0x0000000000000816 rcx=0x0000000000001416 rdx=0x00000000e36d955a
  rsi=0x00003d3300000000 rdi=0x0000f6a30000f6a3 flags=0b000001000110
  xmm0=0x00009f8f00009f8f0000420c0000420c xmm1=0x0000739c0000739c00005b3500005b35 
  xmm2=0x0000a3610000a3610000b4bf0000b4bf xmm3=0x000067300000673000005ece00005ece 
  xmm4=0x0000195c0000195c0000a9eb0000a9eb xmm5=0x0000a6bb0000a6bb0000590e0000590e 
  xmm6=0x0000ef190000ef190000b57c0000b57c xmm7=0x00006e5e00006e5e000067e5000067e5 

    > load from +0x4000 value 0x267d
0x3082: and rax, 0b1111111111111
  rax=0x0000000000000000 rbx=0x0000000000002e93 rcx=0x0000000000001416 rdx=0x00000000e36d955a
  rsi=0x00003d3300000000 rdi=0x0000f6a30000f6a3 flags=0b000000010110
  xmm0=0x00009f8f00009f8f0000420c0000420c xmm1=0x0000739c0000739c00005b3500005b35 
  xmm2=0x0000a3610000a3610000b4bf0000b4bf xmm3=0x000067300000673000005ece00005ece 
  xmm4=0x0000195c0000195c0000a9eb0000a9eb xmm5=0x0000a6bb0000a6bb0000590e0000590e 
  xmm6=0x0000ef190000ef190000b57c0000b57c xmm7=0x00006e5e00006e5e000067e5000067e5 

0x3088: cmovns ebx, [r14 +rax]
  rax=0x0000000000000000 rbx=0x0000000000002e93 rcx=0x0000000000001416 rdx=0x00000000e36d955a
  rsi=0x00003d3300000000 rdi=0x0000f6a30000f6a3 flags=0b000001000110
  xmm0=0x00009f8f00009f8f0000420c0000420c xmm1=0x0000739c0000739c00005b3500005b35 
  xmm2=0x0000a3610000a3610000b4bf0000b4bf xmm3=0x000067300000673000005ece00005ece 
  xmm4=0x0000195c0000195c0000a9eb0000a9eb xmm5=0x0000a6bb0000a6bb0000590e0000590e 
  xmm6=0x0000ef190000ef190000b57c0000b57c xmm7=0x00006e5e00006e5e000067e5000067e5 

    > load from +0x4000 value 0x267d
0x308d: add ax, 11815
  rax=0x0000000000000000 rbx=0x000000000000267d rcx=0x0000000000001416 rdx=0x00000000e36d955a
  rsi=0x00003d3300000000 rdi=0x0000f6a30000f6a3 flags=0b000001000110
  xmm0=0x00009f8f00009f8f0000420c0000420c xmm1=0x0000739c0000739c00005b3500005b35 
  xmm2=0x0000a3610000a3610000b4bf0000b4bf xmm3=0x000067300000673000005ece00005ece 
  xmm4=0x0000195c0000195c0000a9eb0000a9eb xmm5=0x0000a6bb0000a6bb0000590e0000590e 
  xmm6=0x0000ef190000ef190000b57c0000b57c xmm7=0x00006e5e00006e5e000067e5000067e5 

0x3091: setbe al
  rax=0x0000000000002e27 rbx=0x000000000000267d rcx=0x0000000000001416 rdx=0x00000000e36d955a
  rsi=0x00003d3300000000 rdi=0x0000f6a30000f6a3 flags=0b000000000110
  xmm0=0x00009f8f00009f8f0000420c0000420c xmm1=0x0000739c0000739c00005b3500005b35 
  xmm2=0x0000a3610000a3610000b4bf0000b4bf xmm3=0x000067300000673000005ece00005ece 
  xmm4=0x0000195c0000195c0000a9eb0000a9eb xmm5=0x0000a6bb0000a6bb0000590e0000590e 
  xmm6=0x0000ef190000ef190000b57c0000b57c xmm7=0x00006e5e00006e5e000067e5000067e5 

0x3094: and rbx, 0b1111111111111
  rax=0x0000000000002e00 rbx=0x000000000000267d rcx=0x0000000000001416 rdx=0x00000000e36d955a
  rsi=0x00003d3300000000 rdi=0x0000f6a30000f6a3 flags=0b000000000110
  xmm0=0x00009f8f00009f8f0000420c0000420c xmm1=0x0000739c0000739c00005b3500005b35 
  xmm2=0x0000a3610000a3610000b4bf0000b4bf xmm3=0x000067300000673000005ece00005ece 
  xmm4=0x0000195c0000195c0000a9eb0000a9eb xmm5=0x0000a6bb0000a6bb0000590e0000590e 
  xmm6=0x0000ef190000ef190000b57c0000b57c xmm7=0x00006e5e00006e5e000067e5000067e5 

0x309b: cmp cl, [r14 +rbx]
  rax=0x0000000000002e00 rbx=0x000000000000067d rcx=0x0000000000001416 rdx=0x00000000e36d955a
  rsi=0x00003d3300000000 rdi=0x0000f6a30000f6a3 flags=0b000000000110
  xmm0=0x00009f8f00009f8f0000420c0000420c xmm1=0x0000739c0000739c00005b3500005b35 
  xmm2=0x0000a3610000a3610000b4bf0000b4bf xmm3=0x000067300000673000005ece00005ece 
  xmm4=0x0000195c0000195c0000a9eb0000a9eb xmm5=0x0000a6bb0000a6bb0000590e0000590e 
  xmm6=0x0000ef190000ef190000b57c0000b57c xmm7=0x00006e5e00006e5e000067e5000067e5 

    > load from +0x467d value 0xd5
0x309f: and rdx, 0b1111111111111
  rax=0x0000000000002e00 rbx=0x000000000000067d rcx=0x0000000000001416 rdx=0x00000000e36d955a
  rsi=0x00003d3300000000 rdi=0x0000f6a30000f6a3 flags=0b000000000111
  xmm0=0x00009f8f00009f8f0000420c0000420c xmm1=0x0000739c0000739c00005b3500005b35 
  xmm2=0x0000a3610000a3610000b4bf0000b4bf xmm3=0x000067300000673000005ece00005ece 
  xmm4=0x0000195c0000195c0000a9eb0000a9eb xmm5=0x0000a6bb0000a6bb0000590e0000590e 
  xmm6=0x0000ef190000ef190000b57c0000b57c xmm7=0x00006e5e00006e5e000067e5000067e5 

0x30a6: xor rdx, [r14 +rdx]
  rax=0x0000000000002e00 rbx=0x000000000000067d rcx=0x0000000000001416 rdx=0x000000000000155a
  rsi=0x00003d3300000000 rdi=0x0000f6a30000f6a3 flags=0b000000000110
  xmm0=0x00009f8f00009f8f0000420c0000420c xmm1=0x0000739c0000739c00005b3500005b35 
  xmm2=0x0000a3610000a3610000b4bf0000b4bf xmm3=0x000067300000673000005ece00005ece 
  xmm4=0x0000195c0000195c0000a9eb0000a9eb xmm5=0x0000a6bb0000a6bb0000590e0000590e 
  xmm6=0x0000ef190000ef190000b57c0000b57c xmm7=0x00006e5e00006e5e000067e5000067e5 

    > load from +0x555a value 0x83b10000a4b70000
0x30aa: and rdi, 0b1111111111111
  rax=0x0000000000002e00 rbx=0x000000000000067d rcx=0x0000000000001416 rdx=0x83b10000a4b7155a
  rsi=0x00003d3300000000 rdi=0x0000f6a30000f6a3 flags=0b000010000110
  xmm0=0x00009f8f00009f8f0000420c0000420c xmm1=0x0000739c0000739c00005b3500005b35 
  xmm2=0x0000a3610000a3610000b4bf0000b4bf xmm3=0x000067300000673000005ece00005ece 
  xmm4=0x0000195c0000195c0000a9eb0000a9eb xmm5=0x0000a6bb0000a6bb0000590e0000590e 
  xmm6=0x0000ef190000ef190000b57c0000b57c xmm7=0x00006e5e00006e5e000067e5000067e5 

0x30b1: cmovo edx, [r14 +rdi]
  rax=0x0000000000002e00 rbx=0x000000000000067d rcx=0x0000000000001416 rdx=0x83b10000a4b7155a
  rsi=0x00003d3300000000 rdi=0x00000000000016a3 flags=0b000000000110
  xmm0=0x00009f8f00009f8f0000420c0000420c xmm1=0x0000739c0000739c00005b3500005b35 
  xmm2=0x0000a3610000a3610000b4bf0000b4bf xmm3=0x000067300000673000005ece00005ece 
  xmm4=0x0000195c0000195c0000a9eb0000a9eb xmm5=0x0000a6bb0000a6bb0000590e0000590e 
  xmm6=0x0000ef190000ef190000b57c0000b57c xmm7=0x00006e5e00006e5e000067e5000067e5 

    > load from +0x56a3 value 0xf7200
0x30b6: and rdx, 0b1111111111111
  rax=0x0000000000002e00 rbx=0x000000000000067d rcx=0x0000000000001416 rdx=0x00000000a4b7155a
  rsi=0x00003d3300000000 rdi=0x00000000000016a3 flags=0b000000000110
  xmm0=0x00009f8f00009f8f0000420c0000420c xmm1=0x0000739c0000739c00005b3500005b35 
  xmm2=0x0000a3610000a3610000b4bf0000b4bf xmm3=0x000067300000673000005ece00005ece 
  xmm4=0x0000195c0000195c0000a9eb0000a9eb xmm5=0x0000a6bb0000a6bb0000590e0000590e 
  xmm6=0x0000ef190000ef190000b57c0000b57c xmm7=0x00006e5e00006e5e000067e5000067e5 

0x30bd: xor rdi, [r14 +rdx]
  rax=0x0000000000002e00 rbx=0x000000000000067d rcx=0x0000000000001416 rdx=0x000000000000155a
  rsi=0x00003d3300000000 rdi=0x00000000000016a3 flags=0b000000000110
  xmm0=0x00009f8f00009f8f0000420c0000420c xmm1=0x0000739c0000739c00005b3500005b35 
  xmm2=0x0000a3610000a3610000b4bf0000b4bf xmm3=0x000067300000673000005ece00005ece 
  xmm4=0x0000195c0000195c0000a9eb0000a9eb xmm5=0x0000a6bb0000a6bb0000590e0000590e 
  xmm6=0x0000ef190000ef190000b57c0000b57c xmm7=0x00006e5e00006e5e000067e5000067e5 

    > load from +0x555a value 0x83b10000a4b70000
0x30c1: and rbx, 0b1111111111111
  rax=0x0000000000002e00 rbx=0x000000000000067d rcx=0x0000000000001416 rdx=0x000000000000155a
  rsi=0x00003d3300000000 rdi=0x83b10000a4b716a3 flags=0b000010000110
  xmm0=0x00009f8f00009f8f0000420c0000420c xmm1=0x0000739c0000739c00005b3500005b35 
  xmm2=0x0000a3610000a3610000b4bf0000b4bf xmm3=0x000067300000673000005ece00005ece 
  xmm4=0x0000195c0000195c0000a9eb0000a9eb xmm5=0x0000a6bb0000a6bb0000590e0000590e 
  xmm6=0x0000ef190000ef190000b57c0000b57c xmm7=0x00006e5e00006e5e000067e5000067e5 

0x30c8: mov bx, [r14 +rbx]
  rax=0x0000000000002e00 rbx=0x000000000000067d rcx=0x0000000000001416 rdx=0x000000000000155a
  rsi=0x00003d3300000000 rdi=0x83b10000a4b716a3 flags=0b000000000110
  xmm0=0x00009f8f00009f8f0000420c0000420c xmm1=0x0000739c0000739c00005b3500005b35 
  xmm2=0x0000a3610000a3610000b4bf0000b4bf xmm3=0x000067300000673000005ece00005ece 
  xmm4=0x0000195c0000195c0000a9eb0000a9eb xmm5=0x0000a6bb0000a6bb0000590e0000590e 
  xmm6=0x0000ef190000ef190000b57c0000b57c xmm7=0x00006e5e00006e5e000067e5000067e5 

    > load from +0x467d value 0xd5
0x30cd: adc rbx, rbx
  rax=0x0000000000002e00 rbx=0x00000000000000d5 rcx=0x0000000000001416 rdx=0x000000000000155a
  rsi=0x00003d3300000000 rdi=0x83b10000a4b716a3 flags=0b000000000110
  xmm0=0x00009f8f00009f8f0000420c0000420c xmm1=0x0000739c0000739c00005b3500005b35 
  xmm2=0x0000a3610000a3610000b4bf0000b4bf xmm3=0x000067300000673000005ece00005ece 
  xmm4=0x0000195c0000195c0000a9eb0000a9eb xmm5=0x0000a6bb0000a6bb0000590e0000590e 
  xmm6=0x0000ef190000ef190000b57c0000b57c xmm7=0x00006e5e00006e5e000067e5000067e5 

0x30d0: xor edi, esi
  rax=0x0000000000002e00 rbx=0x00000000000001aa rcx=0x0000000000001416 rdx=0x000000000000155a
  rsi=0x00003d3300000000 rdi=0x83b10000a4b716a3 flags=0b000000000110
  xmm0=0x00009f8f00009f8f0000420c0000420c xmm1=0x0000739c0000739c00005b3500005b35 
  xmm2=0x0000a3610000a3610000b4bf0000b4bf xmm3=0x000067300000673000005ece00005ece 
  xmm4=0x0000195c0000195c0000a9eb0000a9eb xmm5=0x0000a6bb0000a6bb0000590e0000590e 
  xmm6=0x0000ef190000ef190000b57c0000b57c xmm7=0x00006e5e00006e5e000067e5000067e5 

0x30d2: bts esi, eax
  rax=0x0000000000002e00 rbx=0x00000000000001aa rcx=0x0000000000001416 rdx=0x000000000000155a
  rsi=0x00003d3300000000 rdi=0x00000000a4b716a3 flags=0b000010000110
  xmm0=0x00009f8f00009f8f0000420c0000420c xmm1=0x0000739c0000739c00005b3500005b35 
  xmm2=0x0000a3610000a3610000b4bf0000b4bf xmm3=0x000067300000673000005ece00005ece 
  xmm4=0x0000195c0000195c0000a9eb0000a9eb xmm5=0x0000a6bb0000a6bb0000590e0000590e 
  xmm6=0x0000ef190000ef190000b57c0000b57c xmm7=0x00006e5e00006e5e000067e5000067e5 

0x30d5: add sil, 72
  rax=0x0000000000002e00 rbx=0x00000000000001aa rcx=0x0000000000001416 rdx=0x000000000000155a
  rsi=0x0000000000000001 rdi=0x00000000a4b716a3 flags=0b100010000110
  xmm0=0x00009f8f00009f8f0000420c0000420c xmm1=0x0000739c0000739c00005b3500005b35 
  xmm2=0x0000a3610000a3610000b4bf0000b4bf xmm3=0x000067300000673000005ece00005ece 
  xmm4=0x0000195c0000195c0000a9eb0000a9eb xmm5=0x0000a6bb0000a6bb0000590e0000590e 
  xmm6=0x0000ef190000ef190000b57c0000b57c xmm7=0x00006e5e00006e5e000067e5000067e5 

0x30d9: and rdi, 0b1111111111111
  rax=0x0000000000002e00 rbx=0x00000000000001aa rcx=0x0000000000001416 rdx=0x000000000000155a
  rsi=0x0000000000000049 rdi=0x00000000a4b716a3 flags=0b000000000010
  xmm0=0x00009f8f00009f8f0000420c0000420c xmm1=0x0000739c0000739c00005b3500005b35 
  xmm2=0x0000a3610000a3610000b4bf0000b4bf xmm3=0x000067300000673000005ece00005ece 
  xmm4=0x0000195c0000195c0000a9eb0000a9eb xmm5=0x0000a6bb0000a6bb0000590e0000590e 
  xmm6=0x0000ef190000ef190000b57c0000b57c xmm7=0x00006e5e00006e5e000067e5000067e5 

0x30e0: cmovns cx, [r14 +rdi]
  rax=0x0000000000002e00 rbx=0x00000000000001aa rcx=0x0000000000001416 rdx=0x000000000000155a
  rsi=0x0000000000000049 rdi=0x00000000000016a3 flags=0b000000000110
  xmm0=0x00009f8f00009f8f0000420c0000420c xmm1=0x0000739c0000739c00005b3500005b35 
  xmm2=0x0000a3610000a3610000b4bf0000b4bf xmm3=0x000067300000673000005ece00005ece 
  xmm4=0x0000195c0000195c0000a9eb0000a9eb xmm5=0x0000a6bb0000a6bb0000590e0000590e 
  xmm6=0x0000ef190000ef190000b57c0000b57c xmm7=0x00006e5e00006e5e000067e5000067e5 

    > load from +0x56a3 value 0x7200
0x30e6: and rdx, 0b1111111111111
  rax=0x0000000000002e00 rbx=0x00000000000001aa rcx=0x0000000000007200 rdx=0x000000000000155a
  rsi=0x0000000000000049 rdi=0x00000000000016a3 flags=0b000000000110
  xmm0=0x00009f8f00009f8f0000420c0000420c xmm1=0x0000739c0000739c00005b3500005b35 
  xmm2=0x0000a3610000a3610000b4bf0000b4bf xmm3=0x000067300000673000005ece00005ece 
  xmm4=0x0000195c0000195c0000a9eb0000a9eb xmm5=0x0000a6bb0000a6bb0000590e0000590e 
  xmm6=0x0000ef190000ef190000b57c0000b57c xmm7=0x00006e5e00006e5e000067e5000067e5 

0x30ed: imul di, [r14 +rdx], 91
  rax=0x0000000000002e00 rbx=0x00000000000001aa rcx=0x0000000000007200 rdx=0x000000000000155a
  rsi=0x0000000000000049 rdi=0x00000000000016a3 flags=0b000000000110
  xmm0=0x00009f8f00009f8f0000420c0000420c xmm1=0x0000739c0000739c00005b3500005b35 
  xmm2=0x0000a3610000a3610000b4bf0000b4bf xmm3=0x000067300000673000005ece00005ece 
  xmm4=0x0000195c0000195c0000a9eb0000a9eb xmm5=0x0000a6bb0000a6bb0000590e0000590e 
  xmm6=0x0000ef190000ef190000b57c0000b57c xmm7=0x00006e5e00006e5e000067e5000067e5 

    > load from +0x555a value 0x0
0x30f3: and rsi, 0b1111111111111
  rax=0x0000000000002e00 rbx=0x00000000000001aa rcx=0x0000000000007200 rdx=0x000000000000155a
  rsi=0x0000000000000049 rdi=0x0000000000000000 flags=0b000001000110
  xmm0=0x00009f8f00009f8f0000420c0000420c xmm1=0x0000739c0000739c00005b3500005b35 
  xmm2=0x0000a3610000a3610000b4bf0000b4bf xmm3=0x000067300000673000005ece00005ece 
  xmm4=0x0000195c0000195c0000a9eb0000a9eb xmm5=0x0000a6bb0000a6bb0000590e0000590e 
  xmm6=0x0000ef190000ef190000b57c0000b57c xmm7=0x00006e5e00006e5e000067e5000067e5 

0x30fa: adc ecx, [r14 +rsi]
  rax=0x0000000000002e00 rbx=0x00000000000001aa rcx=0x0000000000007200 rdx=0x000000000000155a
  rsi=0x0000000000000049 rdi=0x0000000000000000 flags=0b000000000010
  xmm0=0x00009f8f00009f8f0000420c0000420c xmm1=0x0000739c0000739c00005b3500005b35 
  xmm2=0x0000a3610000a3610000b4bf0000b4bf xmm3=0x000067300000673000005ece00005ece 
  xmm4=0x0000195c0000195c0000a9eb0000a9eb xmm5=0x0000a6bb0000a6bb0000590e0000590e 
  xmm6=0x0000ef190000ef190000b57c0000b57c xmm7=0x00006e5e00006e5e000067e5000067e5 

    > load from +0x4049 value 0x2900001e
0x30fe: cmp eax, -494562875
  rax=0x0000000000002e00 rbx=0x00000000000001aa rcx=0x000000002900721e rdx=0x000000000000155a
  rsi=0x0000000000000049 rdi=0x0000000000000000 flags=0b000000000110
  xmm0=0x00009f8f00009f8f0000420c0000420c xmm1=0x0000739c0000739c00005b3500005b35 
  xmm2=0x0000a3610000a3610000b4bf0000b4bf xmm3=0x000067300000673000005ece00005ece 
  xmm4=0x0000195c0000195c0000a9eb0000a9eb xmm5=0x0000a6bb0000a6bb0000590e0000590e 
  xmm6=0x0000ef190000ef190000b57c0000b57c xmm7=0x00006e5e00006e5e000067e5000067e5 

0x3103: and rcx, 0b1111111111111
  rax=0x0000000000002e00 rbx=0x00000000000001aa rcx=0x000000002900721e rdx=0x000000000000155a
  rsi=0x0000000000000049 rdi=0x0000000000000000 flags=0b000000010011
  xmm0=0x00009f8f00009f8f0000420c0000420c xmm1=0x0000739c0000739c00005b3500005b35 
  xmm2=0x0000a3610000a3610000b4bf0000b4bf xmm3=0x000067300000673000005ece00005ece 
  xmm4=0x0000195c0000195c0000a9eb0000a9eb xmm5=0x0000a6bb0000a6bb0000590e0000590e 
  xmm6=0x0000ef190000ef190000b57c0000b57c xmm7=0x00006e5e00006e5e000067e5000067e5 

0x310a: add sil, 40
  rax=0x0000000000002e00 rbx=0x00000000000001aa rcx=0x000000000000121e rdx=0x000000000000155a
  rsi=0x0000000000000049 rdi=0x0000000000000000 flags=0b000000000110
  xmm0=0x00009f8f00009f8f0000420c0000420c xmm1=0x0000739c0000739c00005b3500005b35 
  xmm2=0x0000a3610000a3610000b4bf0000b4bf xmm3=0x000067300000673000005ece00005ece 
  xmm4=0x0000195c0000195c0000a9eb0000a9eb xmm5=0x0000a6bb0000a6bb0000590e0000590e 
  xmm6=0x0000ef190000ef190000b57c0000b57c xmm7=0x00006e5e00006e5e000067e5000067e5 

0x310e: movzx rcx, cx
  rax=0x0000000000002e00 rbx=0x00000000000001aa rcx=0x000000000000121e rdx=0x000000000000155a
  rsi=0x0000000000000071 rdi=0x0000000000000000 flags=0b000000010110
  xmm0=0x00009f8f00009f8f0000420c0000420c xmm1=0x0000739c0000739c00005b3500005b35 
  xmm2=0x0000a3610000a3610000b4bf0000b4bf xmm3=0x000067300000673000005ece00005ece 
  xmm4=0x0000195c0000195c0000a9eb0000a9eb xmm5=0x0000a6bb0000a6bb0000590e0000590e 
  xmm6=0x0000ef190000ef190000b57c0000b57c xmm7=0x00006e5e00006e5e000067e5000067e5 

0x3112: not eax
  rax=0x0000000000002e00 rbx=0x00000000000001aa rcx=0x000000000000121e rdx=0x000000000000155a
  rsi=0x0000000000000071 rdi=0x0000000000000000 flags=0b000000010110
  xmm0=0x00009f8f00009f8f0000420c0000420c xmm1=0x0000739c0000739c00005b3500005b35 
  xmm2=0x0000a3610000a3610000b4bf0000b4bf xmm3=0x000067300000673000005ece00005ece 
  xmm4=0x0000195c0000195c0000a9eb0000a9eb xmm5=0x0000a6bb0000a6bb0000590e0000590e 
  xmm6=0x0000ef190000ef190000b57c0000b57c xmm7=0x00006e5e00006e5e000067e5000067e5 

0x3114: and rax, 0b1111111111111
  rax=0x00000000ffffd1ff rbx=0x00000000000001aa rcx=0x000000000000121e rdx=0x000000000000155a
  rsi=0x0000000000000071 rdi=0x0000000000000000 flags=0b000000010110
  xmm0=0x00009f8f00009f8f0000420c0000420c xmm1=0x0000739c0000739c00005b3500005b35 
  xmm2=0x0000a3610000a3610000b4bf0000b4bf xmm3=0x000067300000673000005ece00005ece 
  xmm4=0x0000195c0000195c0000a9eb0000a9eb xmm5=0x0000a6bb0000a6bb0000590e0000590e 
  xmm6=0x0000ef190000ef190000b57c0000b57c xmm7=0x00006e5e00006e5e000067e5000067e5 

0x311a: cmovbe esi, [r14 +rax]
  rax=0x00000000000011ff rbx=0x00000000000001aa rcx=0x000000000000121e rdx=0x000000000000155a
  rsi=0x0000000000000071 rdi=0x0000000000000000 flags=0b000000000110
  xmm0=0x00009f8f00009f8f0000420c0000420c xmm1=0x0000739c0000739c00005b3500005b35 
  xmm2=0x0000a3610000a3610000b4bf0000b4bf xmm3=0x000067300000673000005ece00005ece 
  xmm4=0x0000195c0000195c0000a9eb0000a9eb xmm5=0x0000a6bb0000a6bb0000590e0000590e 
  xmm6=0x0000ef190000ef190000b57c0000b57c xmm7=0x00006e5e00006e5e000067e5000067e5 

    > load from +0x51ff value 0x8a3200
0x311f: setno dil
  rax=0x00000000000011ff rbx=0x00000000000001aa rcx=0x000000000000121e rdx=0x000000000000155a
  rsi=0x0000000000000071 rdi=0x0000000000000000 flags=0b000000000110
  xmm0=0x00009f8f00009f8f0000420c0000420c xmm1=0x0000739c0000739c00005b3500005b35 
  xmm2=0x0000a3610000a3610000b4bf0000b4bf xmm3=0x000067300000673000005ece00005ece 
  xmm4=0x0000195c0000195c0000a9eb0000a9eb xmm5=0x0000a6bb0000a6bb0000590e0000590e 
  xmm6=0x0000ef190000ef190000b57c0000b57c xmm7=0x00006e5e00006e5e000067e5000067e5 

0x3123: or al, -126
  rax=0x00000000000011ff rbx=0x00000000000001aa rcx=0x000000000000121e rdx=0x000000000000155a
  rsi=0x0000000000000071 rdi=0x0000000000000001 flags=0b000000000110
  xmm0=0x00009f8f00009f8f0000420c0000420c xmm1=0x0000739c0000739c00005b3500005b35 
  xmm2=0x0000a3610000a3610000b4bf0000b4bf xmm3=0x000067300000673000005ece00005ece 
  xmm4=0x0000195c0000195c0000a9eb0000a9eb xmm5=0x0000a6bb0000a6bb0000590e0000590e 
  xmm6=0x0000ef190000ef190000b57c0000b57c xmm7=0x00006e5e00006e5e000067e5000067e5 

0x3125: and rdi, 0b1111111111111
  rax=0x00000000000011ff rbx=0x00000000000001aa rcx=0x000000000000121e rdx=0x000000000000155a
  rsi=0x0000000000000071 rdi=0x0000000000000001 flags=0b000010000110
  xmm0=0x00009f8f00009f8f0000420c0000420c xmm1=0x0000739c0000739c00005b3500005b35 
  xmm2=0x0000a3610000a3610000b4bf0000b4bf xmm3=0x000067300000673000005ece00005ece 
  xmm4=0x0000195c0000195c0000a9eb0000a9eb xmm5=0x0000a6bb0000a6bb0000590e0000590e 
  xmm6=0x0000ef190000ef190000b57c0000b57c xmm7=0x00006e5e00006e5e000067e5000067e5 

0x312c: imul [r14 +rdi]
  rax=0x00000000000011ff rbx=0x00000000000001aa rcx=0x000000000000121e rdx=0x000000000000155a
  rsi=0x0000000000000071 rdi=0x0000000000000001 flags=0b000000000010
  xmm0=0x00009f8f00009f8f0000420c0000420c xmm1=0x0000739c0000739c00005b3500005b35 
  xmm2=0x0000a3610000a3610000b4bf0000b4bf xmm3=0x000067300000673000005ece00005ece 
  xmm4=0x0000195c0000195c0000a9eb0000a9eb xmm5=0x0000a6bb0000a6bb0000590e0000590e 
  xmm6=0x0000ef190000ef190000b57c0000b57c xmm7=0x00006e5e00006e5e000067e5000067e5 

    > load from +0x4001 value 0x26
0x3131: and rcx, 0b1111111111111
  rax=0x000000000000abda rbx=0x00000000000001aa rcx=0x000000000000121e rdx=0x0000000000000002
  rsi=0x0000000000000071 rdi=0x0000000000000001 flags=0b100010000011
  xmm0=0x00009f8f00009f8f0000420c0000420c xmm1=0x0000739c0000739c00005b3500005b35 
  xmm2=0x0000a3610000a3610000b4bf0000b4bf xmm3=0x000067300000673000005ece00005ece 
  xmm4=0x0000195c0000195c0000a9eb0000a9eb xmm5=0x0000a6bb0000a6bb0000590e0000590e 
  xmm6=0x0000ef190000ef190000b57c0000b57c xmm7=0x00006e5e00006e5e000067e5000067e5 

0x3138: or [r14 +rcx], 0b1000000000000000000000000000000
  rax=0x000000000000abda rbx=0x00000000000001aa rcx=0x000000000000121e rdx=0x0000000000000002
  rsi=0x0000000000000071 rdi=0x0000000000000001 flags=0b000000000110
  xmm0=0x00009f8f00009f8f0000420c0000420c xmm1=0x0000739c0000739c00005b3500005b35 
  xmm2=0x0000a3610000a3610000b4bf0000b4bf xmm3=0x000067300000673000005ece00005ece 
  xmm4=0x0000195c0000195c0000a9eb0000a9eb xmm5=0x0000a6bb0000a6bb0000590e0000590e 
  xmm6=0x0000ef190000ef190000b57c0000b57c xmm7=0x00006e5e00006e5e000067e5000067e5 

    > load from +0x521e value 0x6008000060080000
    > store to +0x521e value 0x6008000060080000
0x3140: bsr rcx, [r14 +rcx]
  rax=0x000000000000abda rbx=0x00000000000001aa rcx=0x000000000000121e rdx=0x0000000000000002
  rsi=0x0000000000000071 rdi=0x0000000000000001 flags=0b000000000110
  xmm0=0x00009f8f00009f8f0000420c0000420c xmm1=0x0000739c0000739c00005b3500005b35 
  xmm2=0x0000a3610000a3610000b4bf0000b4bf xmm3=0x000067300000673000005ece00005ece 
  xmm4=0x0000195c0000195c0000a9eb0000a9eb xmm5=0x0000a6bb0000a6bb0000590e0000590e 
  xmm6=0x0000ef190000ef190000b57c0000b57c xmm7=0x00006e5e00006e5e000067e5000067e5 

    > load from +0x521e value 0x6008000060080000
0x3145: cmp rax, 1627981484
  rax=0x000000000000abda rbx=0x00000000000001aa rcx=0x000000000000003e rdx=0x0000000000000002
  rsi=0x0000000000000071 rdi=0x0000000000000001 flags=0b000000000110
  xmm0=0x00009f8f00009f8f0000420c0000420c xmm1=0x0000739c0000739c00005b3500005b35 
  xmm2=0x0000a3610000a3610000b4bf0000b4bf xmm3=0x000067300000673000005ece00005ece 
  xmm4=0x0000195c0000195c0000a9eb0000a9eb xmm5=0x0000a6bb0000a6bb0000590e0000590e 
  xmm6=0x0000ef190000ef190000b57c0000b57c xmm7=0x00006e5e00006e5e000067e5000067e5 

0x314b: sbb cl, 112
  rax=0x000000000000abda rbx=0x00000000000001aa rcx=0x000000000000003e rdx=0x0000000000000002
  rsi=0x0000000000000071 rdi=0x0000000000000001 flags=0b000010010111
  xmm0=0x00009f8f00009f8f0000420c0000420c xmm1=0x0000739c0000739c00005b3500005b35 
  xmm2=0x0000a3610000a3610000b4bf0000b4bf xmm3=0x000067300000673000005ece00005ece 
  xmm4=0x0000195c0000195c0000a9eb0000a9eb xmm5=0x0000a6bb0000a6bb0000590e0000590e 
  xmm6=0x0000ef190000ef190000b57c0000b57c xmm7=0x00006e5e00006e5e000067e5000067e5 

0x314e: movsx rbx, bx
  rax=0x000000000000abda rbx=0x00000000000001aa rcx=0x00000000000000cd rdx=0x0000000000000002
  rsi=0x0000000000000071 rdi=0x0000000000000001 flags=0b000010000011
  xmm0=0x00009f8f00009f8f0000420c0000420c xmm1=0x0000739c0000739c00005b3500005b35 
  xmm2=0x0000a3610000a3610000b4bf0000b4bf xmm3=0x000067300000673000005ece00005ece 
  xmm4=0x0000195c0000195c0000a9eb0000a9eb xmm5=0x0000a6bb0000a6bb0000590e0000590e 
  xmm6=0x0000ef190000ef190000b57c0000b57c xmm7=0x00006e5e00006e5e000067e5000067e5 

0x3152: and rdi, 0b1111111111111
  rax=0x000000000000abda rbx=0x00000000000001aa rcx=0x00000000000000cd rdx=0x0000000000000002
  rsi=0x0000000000000071 rdi=0x0000000000000001 flags=0b000010000011
  xmm0=0x00009f8f00009f8f0000420c0000420c xmm1=0x0000739c0000739c00005b3500005b35 
  xmm2=0x0000a3610000a3610000b4bf0000b4bf xmm3=0x000067300000673000005ece00005ece 
  xmm4=0x0000195c0000195c0000a9eb0000a9eb xmm5=0x0000a6bb0000a6bb0000590e0000590e 
  xmm6=0x0000ef190000ef190000b57c0000b57c xmm7=0x00006e5e00006e5e000067e5000067e5 

0x3159: cmovno esi, [r14 +rdi]
  rax=0x000000000000abda rbx=0x00000000000001aa rcx=0x00000000000000cd rdx=0x0000000000000002
  rsi=0x0000000000000071 rdi=0x0000000000000001 flags=0b000000000010
  xmm0=0x00009f8f00009f8f0000420c0000420c xmm1=0x0000739c0000739c00005b3500005b35 
  xmm2=0x0000a3610000a3610000b4bf0000b4bf xmm3=0x000067300000673000005ece00005ece 
  xmm4=0x0000195c0000195c0000a9eb0000a9eb xmm5=0x0000a6bb0000a6bb0000590e0000590e 
  xmm6=0x0000ef190000ef190000b57c0000b57c xmm7=0x00006e5e00006e5e000067e5000067e5 

    > load from +0x4001 value 0x7d000026
0x315e: and rbx, 0b1111111111111
  rax=0x000000000000abda rbx=0x00000000000001aa rcx=0x00000000000000cd rdx=0x0000000000000002
  rsi=0x000000007d000026 rdi=0x0000000000000001 flags=0b000000000010
  xmm0=0x00009f8f00009f8f0000420c0000420c xmm1=0x0000739c0000739c00005b3500005b35 
  xmm2=0x0000a3610000a3610000b4bf0000b4bf xmm3=0x000067300000673000005ece00005ece 
  xmm4=0x0000195c0000195c0000a9eb0000a9eb xmm5=0x0000a6bb0000a6bb0000590e0000590e 
  xmm6=0x0000ef190000ef190000b57c0000b57c xmm7=0x00006e5e00006e5e000067e5000067e5 

0x3165: or [r14 +rbx], 0b1000000000000000
  rax=0x000000000000abda rbx=0x00000000000001aa rcx=0x00000000000000cd rdx=0x0000000000000002
  rsi=0x000000007d000026 rdi=0x0000000000000001 flags=0b000000000110
  xmm0=0x00009f8f00009f8f0000420c0000420c xmm1=0x0000739c0000739c00005b3500005b35 
  xmm2=0x0000a3610000a3610000b4bf0000b4bf xmm3=0x000067300000673000005ece00005ece 
  xmm4=0x0000195c0000195c0000a9eb0000a9eb xmm5=0x0000a6bb0000a6bb0000590e0000590e 
  xmm6=0x0000ef190000ef190000b57c0000b57c xmm7=0x00006e5e00006e5e000067e5000067e5 

    > load from +0x41aa value 0x0
    > store to +0x41aa value 0x8000
0x316c: bsr si, [r14 +rbx]
  rax=0x000000000000abda rbx=0x00000000000001aa rcx=0x00000000000000cd rdx=0x0000000000000002
  rsi=0x000000007d000026 rdi=0x0000000000000001 flags=0b000010000110
  xmm0=0x00009f8f00009f8f0000420c0000420c xmm1=0x0000739c0000739c00005b3500005b35 
  xmm2=0x0000a3610000a3610000b4bf0000b4bf xmm3=0x000067300000673000005ece00005ece 
  xmm4=0x0000195c0000195c0000a9eb0000a9eb xmm5=0x0000a6bb0000a6bb0000590e0000590e 
  xmm6=0x0000ef190000ef190000b57c0000b57c xmm7=0x00006e5e00006e5e000067e5000067e5 

    > load from +0x41aa value 0x8000
0x3172: btr rbx, rdi
  rax=0x000000000000abda rbx=0x00000000000001aa rcx=0x00000000000000cd rdx=0x0000000000000002
  rsi=0x000000007d00000f rdi=0x0000000000000001 flags=0b000010000110
  xmm0=0x00009f8f00009f8f0000420c0000420c xmm1=0x0000739c0000739c00005b3500005b35 
  xmm2=0x0000a3610000a3610000b4bf0000b4bf xmm3=0x000067300000673000005ece00005ece 
  xmm4=0x0000195c0000195c0000a9eb0000a9eb xmm5=0x0000a6bb0000a6bb0000590e0000590e 
  xmm6=0x0000ef190000ef190000b57c0000b57c xmm7=0x00006e5e00006e5e000067e5000067e5 

0x3176: add sil, -63
  rax=0x000000000000abda rbx=0x00000000000001a8 rcx=0x00000000000000cd rdx=0x0000000000000002
  rsi=0x000000007d00000f rdi=0x0000000000000001 flags=0b100010000111
  xmm0=0x00009f8f00009f8f0000420c0000420c xmm1=0x0000739c0000739c00005b3500005b35 
  xmm2=0x0000a3610000a3610000b4bf0000b4bf xmm3=0x000067300000673000005ece00005ece 
  xmm4=0x0000195c0000195c0000a9eb0000a9eb xmm5=0x0000a6bb0000a6bb0000590e0000590e 
  xmm6=0x0000ef190000ef190000b57c0000b57c xmm7=0x00006e5e00006e5e000067e5000067e5 

0x317a: and rcx, 0b1111111111111
  rax=0x000000000000abda rbx=0x00000000000001a8 rcx=0x00000000000000cd rdx=0x0000000000000002
  rsi=0x000000007d0000d0 rdi=0x0000000000000001 flags=0b000010010010
  xmm0=0x00009f8f00009f8f0000420c0000420c xmm1=0x0000739c0000739c00005b3500005b35 
  xmm2=0x0000a3610000a3610000b4bf0000b4bf xmm3=0x000067300000673000005ece00005ece 
  xmm4=0x0000195c0000195c0000a9eb0000a9eb xmm5=0x0000a6bb0000a6bb0000590e0000590e 
  xmm6=0x0000ef190000ef190000b57c0000b57c xmm7=0x00006e5e00006e5e000067e5000067e5 

0x3181: cmovs rdx, [r14 +rcx]
  rax=0x000000000000abda rbx=0x00000000000001a8 rcx=0x00000000000000cd rdx=0x0000000000000002
  rsi=0x000000007d0000d0 rdi=0x0000000000000001 flags=0b000000000010
  xmm0=0x00009f8f00009f8f0000420c0000420c xmm1=0x0000739c0000739c00005b3500005b35 
  xmm2=0x0000a3610000a3610000b4bf0000b4bf xmm3=0x000067300000673000005ece00005ece 
  xmm4=0x0000195c0000195c0000a9eb0000a9eb xmm5=0x0000a6bb0000a6bb0000590e0000590e 
  xmm6=0x0000ef190000ef190000b57c0000b57c xmm7=0x00006e5e00006e5e000067e5000067e5 

    > load from +0x40cd value 0x1a0000e21a0000d0
0x3186: bt eax, 71
  rax=0x000000000000abda rbx=0x00000000000001a8 rcx=0x00000000000000cd rdx=0x0000000000000002
  rsi=0x000000007d0000d0 rdi=0x0000000000000001 flags=0b000000000010
  xmm0=0x00009f8f00009f8f0000420c0000420c xmm1=0x0000739c0000739c00005b3500005b35 
  xmm2=0x0000a3610000a3610000b4bf0000b4bf xmm3=0x000067300000673000005ece00005ece 
  xmm4=0x0000195c0000195c0000a9eb0000a9eb xmm5=0x0000a6bb0000a6bb0000590e0000590e 
  xmm6=0x0000ef190000ef190000b57c0000b57c xmm7=0x00006e5e00006e5e000067e5000067e5 

0x318a: macro .switch, .main.function_main_1
  rax=0x000000000000abda rbx=0x00000000000001a8 rcx=0x00000000000000cd rdx=0x0000000000000002
  rsi=0x000000007d0000d0 rdi=0x0000000000000001 flags=0b000000000011
  xmm0=0x00009f8f00009f8f0000420c0000420c xmm1=0x0000739c0000739c00005b3500005b35 
  xmm2=0x0000a3610000a3610000b4bf0000b4bf xmm3=0x000067300000673000005ece00005ece 
  xmm4=0x0000195c0000195c0000a9eb0000a9eb xmm5=0x0000a6bb0000a6bb0000590e0000590e 
  xmm6=0x0000ef190000ef190000b57c0000b57c xmm7=0x00006e5e00006e5e000067e5000067e5 

0x8 : and rdi, 0b1111111111111
  rax=0x000000000000abda rbx=0x00000000000001a8 rcx=0x00000000000000cd rdx=0x0000000000000002
  rsi=0x000000007d0000d0 rdi=0x0000000000000001 flags=0b000000000011
  xmm0=0x00009f8f00009f8f0000420c0000420c xmm1=0x0000739c0000739c00005b3500005b35 
  xmm2=0x0000a3610000a3610000b4bf0000b4bf xmm3=0x000067300000673000005ece00005ece 
  xmm4=0x0000195c0000195c0000a9eb0000a9eb xmm5=0x0000a6bb0000a6bb0000590e0000590e 
  xmm6=0x0000ef190000ef190000b57c0000b57c xmm7=0x00006e5e00006e5e000067e5000067e5 

0xf : and rbx, 0b111
  rax=0x000000000000abda rbx=0x00000000000001a8 rcx=0x00000000000000cd rdx=0x0000000000000002
  rsi=0x000000007d0000d0 rdi=0x0000000000000001 flags=0b000000000010
  xmm0=0x00009f8f00009f8f0000420c0000420c xmm1=0x0000739c0000739c00005b3500005b35 
  xmm2=0x0000a3610000a3610000b4bf0000b4bf xmm3=0x000067300000673000005ece00005ece 
  xmm4=0x0000195c0000195c0000a9eb0000a9eb xmm5=0x0000a6bb0000a6bb0000590e0000590e 
  xmm6=0x0000ef190000ef190000b57c0000b57c xmm7=0x00006e5e00006e5e000067e5000067e5 

0x13: bt [r14 +rdi], rbx
  rax=0x000000000000abda rbx=0x0000000000000000 rcx=0x00000000000000cd rdx=0x0000000000000002
  rsi=0x000000007d0000d0 rdi=0x0000000000000001 flags=0b000001000110
  xmm0=0x00009f8f00009f8f0000420c0000420c xmm1=0x0000739c0000739c00005b3500005b35 
  xmm2=0x0000a3610000a3610000b4bf0000b4bf xmm3=0x000067300000673000005ece00005ece 
  xmm4=0x0000195c0000195c0000a9eb0000a9eb xmm5=0x0000a6bb0000a6bb0000590e0000590e 
  xmm6=0x0000ef190000ef190000b57c0000b57c xmm7=0x00006e5e00006e5e000067e5000067e5 

    > load from +0x1 value 0x290000f8540000f8
0x18: cmpxchg cx, di
  rax=0x000000000000abda rbx=0x0000000000000000 rcx=0x00000000000000cd rdx=0x0000000000000002
  rsi=0x000000007d0000d0 rdi=0x0000000000000001 flags=0b000001000110
  xmm0=0x00009f8f00009f8f0000420c0000420c xmm1=0x0000739c0000739c00005b3500005b35 
  xmm2=0x0000a3610000a3610000b4bf0000b4bf xmm3=0x000067300000673000005ece00005ece 
  xmm4=0x0000195c0000195c0000a9eb0000a9eb xmm5=0x0000a6bb0000a6bb0000590e0000590e 
  xmm6=0x0000ef190000ef190000b57c0000b57c xmm7=0x00006e5e00006e5e000067e5000067e5 

0x1c: and rdx, 0b1111111111111
  rax=0x00000000000000cd rbx=0x0000000000000000 rcx=0x00000000000000cd rdx=0x0000000000000002
  rsi=0x000000007d0000d0 rdi=0x0000000000000001 flags=0b000010010010
  xmm0=0x00009f8f00009f8f0000420c0000420c xmm1=0x0000739c0000739c00005b3500005b35 
  xmm2=0x0000a3610000a3610000b4bf0000b4bf xmm3=0x000067300000673000005ece00005ece 
  xmm4=0x0000195c0000195c0000a9eb0000a9eb xmm5=0x0000a6bb0000a6bb0000590e0000590e 
  xmm6=0x0000ef190000ef190000b57c0000b57c xmm7=0x00006e5e00006e5e000067e5000067e5 

0x23: or [r14 +rdx], 1
  rax=0x00000000000000cd rbx=0x0000000000000000 rcx=0x00000000000000cd rdx=0x0000000000000002
  rsi=0x000000007d0000d0 rdi=0x0000000000000001 flags=0b000000000010
  xmm0=0x00009f8f00009f8f0000420c0000420c xmm1=0x0000739c0000739c00005b3500005b35 
  xmm2=0x0000a3610000a3610000b4bf0000b4bf xmm3=0x000067300000673000005ece00005ece 
  xmm4=0x0000195c0000195c0000a9eb0000a9eb xmm5=0x0000a6bb0000a6bb0000590e0000590e 
  xmm6=0x0000ef190000ef190000b57c0000b57c xmm7=0x00006e5e00006e5e000067e5000067e5 

    > load from +0x2 value 0x0
    > store to +0x2 value 0x1
0x29: and rsi, 0b1111111111111
  rax=0x00000000000000cd rbx=0x0000000000000000 rcx=0x00000000000000cd rdx=0x0000000000000002
  rsi=0x000000007d0000d0 rdi=0x0000000000000001 flags=0b000000000010
  xmm0=0x00009f8f00009f8f0000420c0000420c xmm1=0x0000739c0000739c00005b3500005b35 
  xmm2=0x0000a3610000a3610000b4bf0000b4bf xmm3=0x000067300000673000005ece00005ece 
  xmm4=0x0000195c0000195c0000a9eb0000a9eb xmm5=0x0000a6bb0000a6bb0000590e0000590e 
  xmm6=0x0000ef190000ef190000b57c0000b57c xmm7=0x00006e5e00006e5e000067e5000067e5 

0x30: and ebx, [r14 +rsi]
  rax=0x00000000000000cd rbx=0x0000000000000000 rcx=0x00000000000000cd rdx=0x0000000000000002
  rsi=0x00000000000000d0 rdi=0x0000000000000001 flags=0b000000000010
  xmm0=0x00009f8f00009f8f0000420c0000420c xmm1=0x0000739c0000739c00005b3500005b35 
  xmm2=0x0000a3610000a3610000b4bf0000b4bf xmm3=0x000067300000673000005ece00005ece 
  xmm4=0x0000195c0000195c0000a9eb0000a9eb xmm5=0x0000a6bb0000a6bb0000590e0000590e 
  xmm6=0x0000ef190000ef190000b57c0000b57c xmm7=0x00006e5e00006e5e000067e5000067e5 

    > load from +0xd0 value 0x55a5
0x34: and rax, 0b1111111111111
  rax=0x00000000000000cd rbx=0x0000000000000000 rcx=0x00000000000000cd rdx=0x0000000000000002
  rsi=0x00000000000000d0 rdi=0x0000000000000001 flags=0b000001000110
  xmm0=0x00009f8f00009f8f0000420c0000420c xmm1=0x0000739c0000739c00005b3500005b35 
  xmm2=0x0000a3610000a3610000b4bf0000b4bf xmm3=0x000067300000673000005ece00005ece 
  xmm4=0x0000195c0000195c0000a9eb0000a9eb xmm5=0x0000a6bb0000a6bb0000590e0000590e 
  xmm6=0x0000ef190000ef190000b57c0000b57c xmm7=0x00006e5e00006e5e000067e5000067e5 

0x3a: cmovbe rsi, [r14 +rax]
  rax=0x00000000000000cd rbx=0x0000000000000000 rcx=0x00000000000000cd rdx=0x0000000000000002
  rsi=0x00000000000000d0 rdi=0x0000000000000001 flags=0b000000000010
  xmm0=0x00009f8f00009f8f0000420c0000420c xmm1=0x0000739c0000739c00005b3500005b35 
  xmm2=0x0000a3610000a3610000b4bf0000b4bf xmm3=0x000067300000673000005ece00005ece 
  xmm4=0x0000195c0000195c0000a9eb0000a9eb xmm5=0x0000a6bb0000a6bb0000590e0000590e 
  xmm6=0x0000ef190000ef190000b57c0000b57c xmm7=0x00006e5e00006e5e000067e5000067e5 

    > load from +0xcd value 0xa5000055a5000089
0x3f: and rax, 0b1111111111111
  rax=0x00000000000000cd rbx=0x0000000000000000 rcx=0x00000000000000cd rdx=0x0000000000000002
  rsi=0x00000000000000d0 rdi=0x0000000000000001 flags=0b000000000010
  xmm0=0x00009f8f00009f8f0000420c0000420c xmm1=0x0000739c0000739c00005b3500005b35 
  xmm2=0x0000a3610000a3610000b4bf0000b4bf xmm3=0x000067300000673000005ece00005ece 
  xmm4=0x0000195c0000195c0000a9eb0000a9eb xmm5=0x0000a6bb0000a6bb0000590e0000590e 
  xmm6=0x0000ef190000ef190000b57c0000b57c xmm7=0x00006e5e00006e5e000067e5000067e5 

0x45: movzx esi, [r14 +rax]
  rax=0x00000000000000cd rbx=0x0000000000000000 rcx=0x00000000000000cd rdx=0x0000000000000002
  rsi=0x00000000000000d0 rdi=0x0000000000000001 flags=0b000000000010
  xmm0=0x00009f8f00009f8f0000420c0000420c xmm1=0x0000739c0000739c00005b3500005b35 
  xmm2=0x0000a3610000a3610000b4bf0000b4bf xmm3=0x000067300000673000005ece00005ece 
  xmm4=0x0000195c0000195c0000a9eb0000a9eb xmm5=0x0000a6bb0000a6bb0000590e0000590e 
  xmm6=0x0000ef190000ef190000b57c0000b57c xmm7=0x00006e5e00006e5e000067e5000067e5 

    > load from +0xcd value 0x89
0x4a: imul ax
  rax=0x00000000000000cd rbx=0x0000000000000000 rcx=0x00000000000000cd rdx=0x0000000000000002
  rsi=0x0000000000000089 rdi=0x0000000000000001 flags=0b000000000010
  xmm0=0x00009f8f00009f8f0000420c0000420c xmm1=0x0000739c0000739c00005b3500005b35 
  xmm2=0x0000a3610000a3610000b4bf0000b4bf xmm3=0x000067300000673000005ece00005ece 
  xmm4=0x0000195c0000195c0000a9eb0000a9eb xmm5=0x0000a6bb0000a6bb0000590e0000590e 
  xmm6=0x0000ef190000ef190000b57c0000b57c xmm7=0x00006e5e00006e5e000067e5000067e5 

0x4d: dec ecx
  rax=0x000000000000a429 rbx=0x0000000000000000 rcx=0x00000000000000cd rdx=0x0000000000000000
  rsi=0x0000000000000089 rdi=0x0000000000000001 flags=0b100010000011
  xmm0=0x00009f8f00009f8f0000420c0000420c xmm1=0x0000739c0000739c00005b3500005b35 
  xmm2=0x0000a3610000a3610000b4bf0000b4bf xmm3=0x000067300000673000005ece00005ece 
  xmm4=0x0000195c0000195c0000a9eb0000a9eb xmm5=0x0000a6bb0000a6bb0000590e0000590e 
  xmm6=0x0000ef190000ef190000b57c0000b57c xmm7=0x00006e5e00006e5e000067e5000067e5 

0x4f: mov cl, dl
  rax=0x000000000000a429 rbx=0x0000000000000000 rcx=0x00000000000000cc rdx=0x0000000000000000
  rsi=0x0000000000000089 rdi=0x0000000000000001 flags=0b000000000111
  xmm0=0x00009f8f00009f8f0000420c0000420c xmm1=0x0000739c0000739c00005b3500005b35 
  xmm2=0x0000a3610000a3610000b4bf0000b4bf xmm3=0x000067300000673000005ece00005ece 
  xmm4=0x0000195c0000195c0000a9eb0000a9eb xmm5=0x0000a6bb0000a6bb0000590e0000590e 
  xmm6=0x0000ef190000ef190000b57c0000b57c xmm7=0x00006e5e00006e5e000067e5000067e5 

0x51: and rcx, 0b1111111111111
  rax=0x000000000000a429 rbx=0x0000000000000000 rcx=0x0000000000000000 rdx=0x0000000000000000
  rsi=0x0000000000000089 rdi=0x0000000000000001 flags=0b000000000111
  xmm0=0x00009f8f00009f8f0000420c0000420c xmm1=0x0000739c0000739c00005b3500005b35 
  xmm2=0x0000a3610000a3610000b4bf0000b4bf xmm3=0x000067300000673000005ece00005ece 
  xmm4=0x0000195c0000195c0000a9eb0000a9eb xmm5=0x0000a6bb0000a6bb0000590e0000590e 
  xmm6=0x0000ef190000ef190000b57c0000b57c xmm7=0x00006e5e00006e5e000067e5000067e5 

0x58: cmovnbe si, [r14 +rcx]
  rax=0x000000000000a429 rbx=0x0000000000000000 rcx=0x0000000000000000 rdx=0x0000000000000000
  rsi=0x0000000000000089 rdi=0x0000000000000001 flags=0b000001000110
  xmm0=0x00009f8f00009f8f0000420c0000420c xmm1=0x0000739c0000739c00005b3500005b35 
  xmm2=0x0000a3610000a3610000b4bf0000b4bf xmm3=0x000067300000673000005ece00005ece 
  xmm4=0x0000195c0000195c0000a9eb0000a9eb xmm5=0x0000a6bb0000a6bb0000590e0000590e 
  xmm6=0x0000ef190000ef190000b57c0000b57c xmm7=0x00006e5e00006e5e000067e5000067e5 

    > load from +0x0 value 0xf854
0x5e: add ecx, 101
  rax=0x000000000000a429 rbx=0x0000000000000000 rcx=0x0000000000000000 rdx=0x0000000000000000
  rsi=0x0000000000000089 rdi=0x0000000000000001 flags=0b000001000110
  xmm0=0x00009f8f00009f8f0000420c0000420c xmm1=0x0000739c0000739c00005b3500005b35 
  xmm2=0x0000a3610000a3610000b4bf0000b4bf xmm3=0x000067300000673000005ece00005ece 
  xmm4=0x0000195c0000195c0000a9eb0000a9eb xmm5=0x0000a6bb0000a6bb0000590e0000590e 
  xmm6=0x0000ef190000ef190000b57c0000b57c xmm7=0x00006e5e00006e5e000067e5000067e5 

0x61: adc al, -116
  rax=0x000000000000a429 rbx=0x0000000000000000 rcx=0x0000000000000065 rdx=0x0000000000000000
  rsi=0x0000000000000089 rdi=0x0000000000000001 flags=0b000000000110
  xmm0=0x00009f8f00009f8f0000420c0000420c xmm1=0x0000739c0000739c00005b3500005b35 
  xmm2=0x0000a3610000a3610000b4bf0000b4bf xmm3=0x000067300000673000005ece00005ece 
  xmm4=0x0000195c0000195c0000a9eb0000a9eb xmm5=0x0000a6bb0000a6bb0000590e0000590e 
  xmm6=0x0000ef190000ef190000b57c0000b57c xmm7=0x00006e5e00006e5e000067e5000067e5 

0x63: and rdi, 0b1111111111111
  rax=0x000000000000a4b5 rbx=0x0000000000000000 rcx=0x0000000000000065 rdx=0x0000000000000000
  rsi=0x0000000000000089 rdi=0x0000000000000001 flags=0b000010010010
  xmm0=0x00009f8f00009f8f0000420c0000420c xmm1=0x0000739c0000739c00005b3500005b35 
  xmm2=0x0000a3610000a3610000b4bf0000b4bf xmm3=0x000067300000673000005ece00005ece 
  xmm4=0x0000195c0000195c0000a9eb0000a9eb xmm5=0x0000a6bb0000a6bb0000590e0000590e 
  xmm6=0x0000ef190000ef190000b57c0000b57c xmm7=0x00006e5e00006e5e000067e5000067e5 

0x6a: cmovnl ebx, [r14 +rdi]
  rax=0x000000000000a4b5 rbx=0x0000000000000000 rcx=0x0000000000000065 rdx=0x0000000000000000
  rsi=0x0000000000000089 rdi=0x0000000000000001 flags=0b000000000010
  xmm0=0x00009f8f00009f8f0000420c0000420c xmm1=0x0000739c0000739c00005b3500005b35 
  xmm2=0x0000a3610000a3610000b4bf0000b4bf xmm3=0x000067300000673000005ece00005ece 
  xmm4=0x0000195c0000195c0000a9eb0000a9eb xmm5=0x0000a6bb0000a6bb0000590e0000590e 
  xmm6=0x0000ef190000ef190000b57c0000b57c xmm7=0x00006e5e00006e5e000067e5000067e5 

    > load from +0x1 value 0x540001f8
0x6f: xor ax, -40
  rax=0x000000000000a4b5 rbx=0x00000000540001f8 rcx=0x0000000000000065 rdx=0x0000000000000000
  rsi=0x0000000000000089 rdi=0x0000000000000001 flags=0b000000000010
  xmm0=0x00009f8f00009f8f0000420c0000420c xmm1=0x0000739c0000739c00005b3500005b35 
  xmm2=0x0000a3610000a3610000b4bf0000b4bf xmm3=0x000067300000673000005ece00005ece 
  xmm4=0x0000195c0000195c0000a9eb0000a9eb xmm5=0x0000a6bb0000a6bb0000590e0000590e 
  xmm6=0x0000ef190000ef190000b57c0000b57c xmm7=0x00006e5e00006e5e000067e5000067e5 

0x73: and rbx, 0b1111111111111
  rax=0x0000000000005b6d rbx=0x00000000540001f8 rcx=0x0000000000000065 rdx=0x0000000000000000
  rsi=0x0000000000000089 rdi=0x0000000000000001 flags=0b000000000010
  xmm0=0x00009f8f00009f8f0000420c0000420c xmm1=0x0000739c0000739c00005b3500005b35 
  xmm2=0x0000a3610000a3610000b4bf0000b4bf xmm3=0x000067300000673000005ece00005ece 
  xmm4=0x0000195c0000195c0000a9eb0000a9eb xmm5=0x0000a6bb0000a6bb0000590e0000590e 
  xmm6=0x0000ef190000ef190000b57c0000b57c xmm7=0x00006e5e00006e5e000067e5000067e5 

0x7a: cmp [r14 +rbx], 36
  rax=0x0000000000005b6d rbx=0x00000000000001f8 rcx=0x0000000000000065 rdx=0x0000000000000000
  rsi=0x0000000000000089 rdi=0x0000000000000001 flags=0b000000000010
  xmm0=0x00009f8f00009f8f0000420c0000420c xmm1=0x0000739c0000739c00005b3500005b35 
  xmm2=0x0000a3610000a3610000b4bf0000b4bf xmm3=0x000067300000673000005ece00005ece 
  xmm4=0x0000195c0000195c0000a9eb0000a9eb xmm5=0x0000a6bb0000a6bb0000590e0000590e 
  xmm6=0x0000ef190000ef190000b57c0000b57c xmm7=0x00006e5e00006e5e000067e5000067e5 

    > load from +0x1f8 value 0xbb510000bb51
0x7f: seto al
  rax=0x0000000000005b6d rbx=0x00000000000001f8 rcx=0x0000000000000065 rdx=0x0000000000000000
  rsi=0x0000000000000089 rdi=0x0000000000000001 flags=0b000000010110
  xmm0=0x00009f8f00009f8f0000420c0000420c xmm1=0x0000739c0000739c00005b3500005b35 
  xmm2=0x0000a3610000a3610000b4bf0000b4bf xmm3=0x000067300000673000005ece00005ece 
  xmm4=0x0000195c0000195c0000a9eb0000a9eb xmm5=0x0000a6bb0000a6bb0000590e0000590e 
  xmm6=0x0000ef190000ef190000b57c0000b57c xmm7=0x00006e5e00006e5e000067e5000067e5 

0x82: bt rsi, rbx
  rax=0x0000000000005b00 rbx=0x00000000000001f8 rcx=0x0000000000000065 rdx=0x0000000000000000
  rsi=0x0000000000000089 rdi=0x0000000000000001 flags=0b000000010110
  xmm0=0x00009f8f00009f8f0000420c0000420c xmm1=0x0000739c0000739c00005b3500005b35 
  xmm2=0x0000a3610000a3610000b4bf0000b4bf xmm3=0x000067300000673000005ece00005ece 
  xmm4=0x0000195c0000195c0000a9eb0000a9eb xmm5=0x0000a6bb0000a6bb0000590e0000590e 
  xmm6=0x0000ef190000ef190000b57c0000b57c xmm7=0x00006e5e00006e5e000067e5000067e5 

0x86: sub rdx, 8
  rax=0x0000000000005b00 rbx=0x00000000000001f8 rcx=0x0000000000000065 rdx=0x0000000000000000
  rsi=0x0000000000000089 rdi=0x0000000000000001 flags=0b000000010110
  xmm0=0x00009f8f00009f8f0000420c0000420c xmm1=0x0000739c0000739c00005b3500005b35 
  xmm2=0x0000a3610000a3610000b4bf0000b4bf xmm3=0x000067300000673000005ece00005ece 
  xmm4=0x0000195c0000195c0000a9eb0000a9eb xmm5=0x0000a6bb0000a6bb0000590e0000590e 
  xmm6=0x0000ef190000ef190000b57c0000b57c xmm7=0x00006e5e00006e5e000067e5000067e5 

0x8a: btr dx, di
  rax=0x0000000000005b00 rbx=0x00000000000001f8 rcx=0x0000000000000065 rdx=0xfffffffffffffff8
  rsi=0x0000000000000089 rdi=0x0000000000000001 flags=0b000010010011
  xmm0=0x00009f8f00009f8f0000420c0000420c xmm1=0x0000739c0000739c00005b3500005b35 
  xmm2=0x0000a3610000a3610000b4bf0000b4bf xmm3=0x000067300000673000005ece00005ece 
  xmm4=0x0000195c0000195c0000a9eb0000a9eb xmm5=0x0000a6bb0000a6bb0000590e0000590e 
  xmm6=0x0000ef190000ef190000b57c0000b57c xmm7=0x00006e5e00006e5e000067e5000067e5 

0x8e: cmp di, 68
  rax=0x0000000000005b00 rbx=0x00000000000001f8 rcx=0x0000000000000065 rdx=0xfffffffffffffff8
  rsi=0x0000000000000089 rdi=0x0000000000000001 flags=0b100010000010
  xmm0=0x00009f8f00009f8f0000420c0000420c xmm1=0x0000739c0000739c00005b3500005b35 
  xmm2=0x0000a3610000a3610000b4bf0000b4bf xmm3=0x000067300000673000005ece00005ece 
  xmm4=0x0000195c0000195c0000a9eb0000a9eb xmm5=0x0000a6bb0000a6bb0000590e0000590e 
  xmm6=0x0000ef190000ef190000b57c0000b57c xmm7=0x00006e5e00006e5e000067e5000067e5 

0x92: and rdi, 0b1111111111111
  rax=0x0000000000005b00 rbx=0x00000000000001f8 rcx=0x0000000000000065 rdx=0xfffffffffffffff8
  rsi=0x0000000000000089 rdi=0x0000000000000001 flags=0b000010010111
  xmm0=0x00009f8f00009f8f0000420c0000420c xmm1=0x0000739c0000739c00005b3500005b35 
  xmm2=0x0000a3610000a3610000b4bf0000b4bf xmm3=0x000067300000673000005ece00005ece 
  xmm4=0x0000195c0000195c0000a9eb0000a9eb xmm5=0x0000a6bb0000a6bb0000590e0000590e 
  xmm6=0x0000ef190000ef190000b57c0000b57c xmm7=0x00006e5e00006e5e000067e5000067e5 

0x99: adc dx, [r14 +rdi]
  rax=0x0000000000005b00 rbx=0x00000000000001f8 rcx=0x0000000000000065 rdx=0xfffffffffffffff8
  rsi=0x0000000000000089 rdi=0x0000000000000001 flags=0b000000000010
  xmm0=0x00009f8f00009f8f0000420c0000420c xmm1=0x0000739c0000739c00005b3500005b35 
  xmm2=0x0000a3610000a3610000b4bf0000b4bf xmm3=0x000067300000673000005ece00005ece 
  xmm4=0x0000195c0000195c0000a9eb0000a9eb xmm5=0x0000a6bb0000a6bb0000590e0000590e 
  xmm6=0x0000ef190000ef190000b57c0000b57c xmm7=0x00006e5e00006e5e000067e5000067e5 

    > load from +0x1 value 0x1f8
0x9e: and rdx, 0b1111111111111
  rax=0x0000000000005b00 rbx=0x00000000000001f8 rcx=0x0000000000000065 rdx=0xffffffffffff01f0
  rsi=0x0000000000000089 rdi=0x0000000000000001 flags=0b000000010111
  xmm0=0x00009f8f00009f8f0000420c0000420c xmm1=0x0000739c0000739c00005b3500005b35 
  xmm2=0x0000a3610000a3610000b4bf0000b4bf xmm3=0x000067300000673000005ece00005ece 
  xmm4=0x0000195c0000195c0000a9eb0000a9eb xmm5=0x0000a6bb0000a6bb0000590e0000590e 
  xmm6=0x0000ef190000ef190000b57c0000b57c xmm7=0x00006e5e00006e5e000067e5000067e5 

0xa5: cmovnb ax, [r14 +rdx]
  rax=0x0000000000005b00 rbx=0x00000000000001f8 rcx=0x0000000000000065 rdx=0x00000000000001f0
  rsi=0x0000000000000089 rdi=0x0000000000000001 flags=0b000000000110
  xmm0=0x00009f8f00009f8f0000420c0000420c xmm1=0x0000739c0000739c00005b3500005b35 
  xmm2=0x0000a3610000a3610000b4bf0000b4bf xmm3=0x000067300000673000005ece00005ece 
  xmm4=0x0000195c0000195c0000a9eb0000a9eb xmm5=0x0000a6bb0000a6bb0000590e0000590e 
  xmm6=0x0000ef190000ef190000b57c0000b57c xmm7=0x00006e5e00006e5e000067e5000067e5 

    > load from +0x1f0 value 0x71a0
0xab: and rbx, 0b1111111111111
  rax=0x00000000000071a0 rbx=0x00000000000001f8 rcx=0x0000000000000065 rdx=0x00000000000001f0
  rsi=0x0000000000000089 rdi=0x0000000000000001 flags=0b000000000110
  xmm0=0x00009f8f00009f8f0000420c0000420c xmm1=0x0000739c0000739c00005b3500005b35 
  xmm2=0x0000a3610000a3610000b4bf0000b4bf xmm3=0x000067300000673000005ece00005ece 
  xmm4=0x0000195c0000195c0000a9eb0000a9eb xmm5=0x0000a6bb0000a6bb0000590e0000590e 
  xmm6=0x0000ef190000ef190000b57c0000b57c xmm7=0x00006e5e00006e5e000067e5000067e5 

0xb2: nop [r14 +rbx]
  rax=0x00000000000071a0 rbx=0x00000000000001f8 rcx=0x0000000000000065 rdx=0x00000000000001f0
  rsi=0x0000000000000089 rdi=0x0000000000000001 flags=0b000000000010
  xmm0=0x00009f8f00009f8f0000420c0000420c xmm1=0x0000739c0000739c00005b3500005b35 
  xmm2=0x0000a3610000a3610000b4bf0000b4bf xmm3=0x000067300000673000005ece00005ece 
  xmm4=0x0000195c0000195c0000a9eb0000a9eb xmm5=0x0000a6bb0000a6bb0000590e0000590e 
  xmm6=0x0000ef190000ef190000b57c0000b57c xmm7=0x00006e5e00006e5e000067e5000067e5 

0xb8: and rcx, 0b1111111111111
  rax=0x00000000000071a0 rbx=0x00000000000001f8 rcx=0x0000000000000065 rdx=0x00000000000001f0
  rsi=0x0000000000000089 rdi=0x0000000000000001 flags=0b000000000010
  xmm0=0x00009f8f00009f8f0000420c0000420c xmm1=0x0000739c0000739c00005b3500005b35 
  xmm2=0x0000a3610000a3610000b4bf0000b4bf xmm3=0x000067300000673000005ece00005ece 
  xmm4=0x0000195c0000195c0000a9eb0000a9eb xmm5=0x0000a6bb0000a6bb0000590e0000590e 
  xmm6=0x0000ef190000ef190000b57c0000b57c xmm7=0x00006e5e00006e5e000067e5000067e5 

0xbf: cmovnz dx, [r14 +rcx]
  rax=0x00000000000071a0 rbx=0x00000000000001f8 rcx=0x0000000000000065 rdx=0x00000000000001f0
  rsi=0x0000000000000089 rdi=0x0000000000000001 flags=0b000000000110
  xmm0=0x00009f8f00009f8f0000420c0000420c xmm1=0x0000739c0000739c00005b3500005b35 
  xmm2=0x0000a3610000a3610000b4bf0000b4bf xmm3=0x000067300000673000005ece00005ece 
  xmm4=0x0000195c0000195c0000a9eb0000a9eb xmm5=0x0000a6bb0000a6bb0000590e0000590e 
  xmm6=0x0000ef190000ef190000b57c0000b57c xmm7=0x00006e5e00006e5e000067e5000067e5 

    > load from +0x65 value 0xdf
0xc5: and rbx, 0b1111111111111
  rax=0x00000000000071a0 rbx=0x00000000000001f8 rcx=0x0000000000000065 rdx=0x00000000000000df
  rsi=0x0000000000000089 rdi=0x0000000000000001 flags=0b000000000110
  xmm0=0x00009f8f00009f8f0000420c0000420c xmm1=0x0000739c0000739c00005b3500005b35 
  xmm2=0x0000a3610000a3610000b4bf0000b4bf xmm3=0x000067300000673000005ece00005ece 
  xmm4=0x0000195c0000195c0000a9eb0000a9eb xmm5=0x0000a6bb0000a6bb0000590e0000590e 
  xmm6=0x0000ef190000ef190000b57c0000b57c xmm7=0x00006e5e00006e5e000067e5000067e5 

0xcc: cmovb rsi, [r14 +rbx]
  rax=0x00000000000071a0 rbx=0x00000000000001f8 rcx=0x0000000000000065 rdx=0x00000000000000df
  rsi=0x0000000000000089 rdi=0x0000000000000001 flags=0b000000000010
  xmm0=0x00009f8f00009f8f0000420c0000420c xmm1=0x0000739c0000739c00005b3500005b35 
  xmm2=0x0000a3610000a3610000b4bf0000b4bf xmm3=0x000067300000673000005ece00005ece 
  xmm4=0x0000195c0000195c0000a9eb0000a9eb xmm5=0x0000a6bb0000a6bb0000590e0000590e 
  xmm6=0x0000ef190000ef190000b57c0000b57c xmm7=0x00006e5e00006e5e000067e5000067e5 

    > load from +0x1f8 value 0xbb510000bb51
0xd1: not dil
  rax=0x00000000000071a0 rbx=0x00000000000001f8 rcx=0x0000000000000065 rdx=0x00000000000000df
  rsi=0x0000000000000089 rdi=0x0000000000000001 flags=0b000000000010
  xmm0=0x00009f8f00009f8f0000420c0000420c xmm1=0x0000739c0000739c00005b3500005b35 
  xmm2=0x0000a3610000a3610000b4bf0000b4bf xmm3=0x000067300000673000005ece00005ece 
  xmm4=0x0000195c0000195c0000a9eb0000a9eb xmm5=0x0000a6bb0000a6bb0000590e0000590e 
  xmm6=0x0000ef190000ef190000b57c0000b57c xmm7=0x00006e5e00006e5e000067e5000067e5 

0xd4: and rbx, 0b1111111111111
  rax=0x00000000000071a0 rbx=0x00000000000001f8 rcx=0x0000000000000065 rdx=0x00000000000000df
  rsi=0x0000000000000089 rdi=0x00000000000000fe flags=0b000000000010
  xmm0=0x00009f8f00009f8f0000420c0000420c xmm1=0x0000739c0000739c00005b3500005b35 
  xmm2=0x0000a3610000a3610000b4bf0000b4bf xmm3=0x000067300000673000005ece00005ece 
  xmm4=0x0000195c0000195c0000a9eb0000a9eb xmm5=0x0000a6bb0000a6bb0000590e0000590e 
  xmm6=0x0000ef190000ef190000b57c0000b57c xmm7=0x00006e5e00006e5e000067e5000067e5 

0xdb: adc di, [r14 +rbx]
  rax=0x00000000000071a0 rbx=0x00000000000001f8 rcx=0x0000000000000065 rdx=0x00000000000000df
  rsi=0x0000000000000089 rdi=0x00000000000000fe flags=0b000000000010
  xmm0=0x00009f8f00009f8f0000420c0000420c xmm1=0x0000739c0000739c00005b3500005b35 
  xmm2=0x0000a3610000a3610000b4bf0000b4bf xmm3=0x000067300000673000005ece00005ece 
  xmm4=0x0000195c0000195c0000a9eb0000a9eb xmm5=0x0000a6bb0000a6bb0000590e0000590e 
  xmm6=0x0000ef190000ef190000b57c0000b57c xmm7=0x00006e5e00006e5e000067e5000067e5 

    > load from +0x1f8 value 0xbb51
0xe0: and rax, 0b1111111111111
  rax=0x00000000000071a0 rbx=0x00000000000001f8 rcx=0x0000000000000065 rdx=0x00000000000000df
  rsi=0x0000000000000089 rdi=0x000000000000bc4f flags=0b000010000010
  xmm0=0x00009f8f00009f8f0000420c0000420c xmm1=0x0000739c0000739c00005b3500005b35 
  xmm2=0x0000a3610000a3610000b4bf0000b4bf xmm3=0x000067300000673000005ece00005ece 
  xmm4=0x0000195c0000195c0000a9eb0000a9eb xmm5=0x0000a6bb0000a6bb0000590e0000590e 
  xmm6=0x0000ef190000ef190000b57c0000b57c xmm7=0x00006e5e00006e5e000067e5000067e5 

0xe6: cmovnle di, [r14 +rax]
  rax=0x00000000000011a0 rbx=0x00000000000001f8 rcx=0x0000000000000065 rdx=0x00000000000000df
  rsi=0x0000000000000089 rdi=0x000000000000bc4f flags=0b000000000110
  xmm0=0x00009f8f00009f8f0000420c0000420c xmm1=0x0000739c0000739c00005b3500005b35 
  xmm2=0x0000a3610000a3610000b4bf0000b4bf xmm3=0x000067300000673000005ece00005ece 
  xmm4=0x0000195c0000195c0000a9eb0000a9eb xmm5=0x0000a6bb0000a6bb0000590e0000590e 
  xmm6=0x0000ef190000ef190000b57c0000b57c xmm7=0x00006e5e00006e5e000067e5000067e5 

    > load from +0x11a0 value 0x63ea
0xec: and rbx, 0b1111111111111
  rax=0x00000000000011a0 rbx=0x00000000000001f8 rcx=0x0000000000000065 rdx=0x00000000000000df
  rsi=0x0000000000000089 rdi=0x00000000000063ea flags=0b000000000110
  xmm0=0x00009f8f00009f8f0000420c0000420c xmm1=0x0000739c0000739c00005b3500005b35 
  xmm2=0x0000a3610000a3610000b4bf0000b4bf xmm3=0x000067300000673000005ece00005ece 
  xmm4=0x0000195c0000195c0000a9eb0000a9eb xmm5=0x0000a6bb0000a6bb0000590e0000590e 
  xmm6=0x0000ef190000ef190000b57c0000b57c xmm7=0x00006e5e00006e5e000067e5000067e5 

0xf3: xor bl, [r14 +rbx]
  rax=0x00000000000011a0 rbx=0x00000000000001f8 rcx=0x0000000000000065 rdx=0x00000000000000df
  rsi=0x0000000000000089 rdi=0x00000000000063ea flags=0b000000000010
  xmm0=0x00009f8f00009f8f0000420c0000420c xmm1=0x0000739c0000739c00005b3500005b35 
  xmm2=0x0000a3610000a3610000b4bf0000b4bf xmm3=0x000067300000673000005ece00005ece 
  xmm4=0x0000195c0000195c0000a9eb0000a9eb xmm5=0x0000a6bb0000a6bb0000590e0000590e 
  xmm6=0x0000ef190000ef190000b57c0000b57c xmm7=0x00006e5e00006e5e000067e5000067e5 

    > load from +0x1f8 value 0x51
0xf7: cmpxchg rcx, rdi
  rax=0x00000000000011a0 rbx=0x00000000000001a9 rcx=0x0000000000000065 rdx=0x00000000000000df
  rsi=0x0000000000000089 rdi=0x00000000000063ea flags=0b000010000110
  xmm0=0x00009f8f00009f8f0000420c0000420c xmm1=0x0000739c0000739c00005b3500005b35 
  xmm2=0x0000a3610000a3610000b4bf0000b4bf xmm3=0x000067300000673000005ece00005ece 
  xmm4=0x0000195c0000195c0000a9eb0000a9eb xmm5=0x0000a6bb0000a6bb0000590e0000590e 
  xmm6=0x0000ef190000ef190000b57c0000b57c xmm7=0x00006e5e00006e5e000067e5000067e5 

0xfb: or dl, 1
  rax=0x0000000000000065 rbx=0x00000000000001a9 rcx=0x0000000000000065 rdx=0x00000000000000df
  rsi=0x0000000000000089 rdi=0x00000000000063ea flags=0b000000010010
  xmm0=0x00009f8f00009f8f0000420c0000420c xmm1=0x0000739c0000739c00005b3500005b35 
  xmm2=0x0000a3610000a3610000b4bf0000b4bf xmm3=0x000067300000673000005ece00005ece 
  xmm4=0x0000195c0000195c0000a9eb0000a9eb xmm5=0x0000a6bb0000a6bb0000590e0000590e 
  xmm6=0x0000ef190000ef190000b57c0000b57c xmm7=0x00006e5e00006e5e000067e5000067e5 

0xfe: add sil, 29
  rax=0x0000000000000065 rbx=0x00000000000001a9 rcx=0x0000000000000065 rdx=0x00000000000000df
  rsi=0x0000000000000089 rdi=0x00000000000063ea flags=0b000010000010
  xmm0=0x00009f8f00009f8f0000420c0000420c xmm1=0x0000739c0000739c00005b3500005b35 
  xmm2=0x0000a3610000a3610000b4bf0000b4bf xmm3=0x000067300000673000005ece00005ece 
  xmm4=0x0000195c0000195c0000a9eb0000a9eb xmm5=0x0000a6bb0000a6bb0000590e0000590e 
  xmm6=0x0000ef190000ef190000b57c0000b57c xmm7=0x00006e5e00006e5e000067e5000067e5 

0x102: setnbe bl
  rax=0x0000000000000065 rbx=0x00000000000001a9 rcx=0x0000000000000065 rdx=0x00000000000000df
  rsi=0x00000000000000a6 rdi=0x00000000000063ea flags=0b000010010110
  xmm0=0x00009f8f00009f8f0000420c0000420c xmm1=0x0000739c0000739c00005b3500005b35 
  xmm2=0x0000a3610000a3610000b4bf0000b4bf xmm3=0x000067300000673000005ece00005ece 
  xmm4=0x0000195c0000195c0000a9eb0000a9eb xmm5=0x0000a6bb0000a6bb0000590e0000590e 
  xmm6=0x0000ef190000ef190000b57c0000b57c xmm7=0x00006e5e00006e5e000067e5000067e5 

0x105: or si, 1
  rax=0x0000000000000065 rbx=0x0000000000000101 rcx=0x0000000000000065 rdx=0x00000000000000df
  rsi=0x00000000000000a6 rdi=0x00000000000063ea flags=0b000010010110
  xmm0=0x00009f8f00009f8f0000420c0000420c xmm1=0x0000739c0000739c00005b3500005b35 
  xmm2=0x0000a3610000a3610000b4bf0000b4bf xmm3=0x000067300000673000005ece00005ece 
  xmm4=0x0000195c0000195c0000a9eb0000a9eb xmm5=0x0000a6bb0000a6bb0000590e0000590e 
  xmm6=0x0000ef190000ef190000b57c0000b57c xmm7=0x00006e5e00006e5e000067e5000067e5 

0x109: and dx, si
  rax=0x0000000000000065 rbx=0x0000000000000101 rcx=0x0000000000000065 rdx=0x00000000000000df
  rsi=0x00000000000000a7 rdi=0x00000000000063ea flags=0b000000000010
  xmm0=0x00009f8f00009f8f0000420c0000420c xmm1=0x0000739c0000739c00005b3500005b35 
  xmm2=0x0000a3610000a3610000b4bf0000b4bf xmm3=0x000067300000673000005ece00005ece 
  xmm4=0x0000195c0000195c0000a9eb0000a9eb xmm5=0x0000a6bb0000a6bb0000590e0000590e 
  xmm6=0x0000ef190000ef190000b57c0000b57c xmm7=0x00006e5e00006e5e000067e5000067e5 

0x10c: shr dx, 1
  rax=0x0000000000000065 rbx=0x0000000000000101 rcx=0x0000000000000065 rdx=0x0000000000000087
  rsi=0x00000000000000a7 rdi=0x00000000000063ea flags=0b000000000110
  xmm0=0x00009f8f00009f8f0000420c0000420c xmm1=0x0000739c0000739c00005b3500005b35 
  xmm2=0x0000a3610000a3610000b4bf0000b4bf xmm3=0x000067300000673000005ece00005ece 
  xmm4=0x0000195c0000195c0000a9eb0000a9eb xmm5=0x0000a6bb0000a6bb0000590e0000590e 
  xmm6=0x0000ef190000ef190000b57c0000b57c xmm7=0x00006e5e00006e5e000067e5000067e5 

0x10f: div si
  rax=0x0000000000000065 rbx=0x0000000000000101 rcx=0x0000000000000065 rdx=0x0000000000000043
  rsi=0x00000000000000a7 rdi=0x00000000000063ea flags=0b000000000011
  xmm0=0x00009f8f00009f8f0000420c0000420c xmm1=0x0000739c0000739c00005b3500005b35 
  xmm2=0x0000a3610000a3610000b4bf0000b4bf xmm3=0x000067300000673000005ece00005ece 
  xmm4=0x0000195c0000195c0000a9eb0000a9eb xmm5=0x0000a6bb0000a6bb0000590e0000590e 
  xmm6=0x0000ef190000ef190000b57c0000b57c xmm7=0x00006e5e00006e5e000067e5000067e5 

0x112: add sil, -33
  rax=0x00000000000066b5 rbx=0x0000000000000101 rcx=0x0000000000000065 rdx=0x0000000000000052
  rsi=0x00000000000000a7 rdi=0x00000000000063ea flags=0b000000000011
  xmm0=0x00009f8f00009f8f0000420c0000420c xmm1=0x0000739c0000739c00005b3500005b35 
  xmm2=0x0000a3610000a3610000b4bf0000b4bf xmm3=0x000067300000673000005ece00005ece 
  xmm4=0x0000195c0000195c0000a9eb0000a9eb xmm5=0x0000a6bb0000a6bb0000590e0000590e 
  xmm6=0x0000ef190000ef190000b57c0000b57c xmm7=0x00006e5e00006e5e000067e5000067e5 

0x116: cdqe 
  rax=0x00000000000066b5 rbx=0x0000000000000101 rcx=0x0000000000000065 rdx=0x0000000000000052
  rsi=0x0000000000000086 rdi=0x00000000000063ea flags=0b000010010011
  xmm0=0x00009f8f00009f8f0000420c0000420c xmm1=0x0000739c0000739c00005b3500005b35 
  xmm2=0x0000a3610000a3610000b4bf0000b4bf xmm3=0x000067300000673000005ece00005ece 
  xmm4=0x0000195c0000195c0000a9eb0000a9eb xmm5=0x0000a6bb0000a6bb0000590e0000590e 
  xmm6=0x0000ef190000ef190000b57c0000b57c xmm7=0x00006e5e00006e5e000067e5000067e5 

0x118: cmovnb edi, edi
  rax=0x00000000000066b5 rbx=0x0000000000000101 rcx=0x0000000000000065 rdx=0x0000000000000052
  rsi=0x0000000000000086 rdi=0x00000000000063ea flags=0b000010010011
  xmm0=0x00009f8f00009f8f0000420c0000420c xmm1=0x0000739c0000739c00005b3500005b35 
  xmm2=0x0000a3610000a3610000b4bf0000b4bf xmm3=0x000067300000673000005ece00005ece 
  xmm4=0x0000195c0000195c0000a9eb0000a9eb xmm5=0x0000a6bb0000a6bb0000590e0000590e 
  xmm6=0x0000ef190000ef190000b57c0000b57c xmm7=0x00006e5e00006e5e000067e5000067e5 

0x11b: setns cl
  rax=0x00000000000066b5 rbx=0x0000000000000101 rcx=0x0000000000000065 rdx=0x0000000000000052
  rsi=0x0000000000000086 rdi=0x00000000000063ea flags=0b000010010011
  xmm0=0x00009f8f00009f8f0000420c0000420c xmm1=0x0000739c0000739c00005b3500005b35 
  xmm2=0x0000a3610000a3610000b4bf0000b4bf xmm3=0x000067300000673000005ece00005ece 
  xmm4=0x0000195c0000195c0000a9eb0000a9eb xmm5=0x0000a6bb0000a6bb0000590e0000590e 
  xmm6=0x0000ef190000ef190000b57c0000b57c xmm7=0x00006e5e00006e5e000067e5000067e5 

0x11e: nop esi
  rax=0x00000000000066b5 rbx=0x0000000000000101 rcx=0x0000000000000000 rdx=0x0000000000000052
  rsi=0x0000000000000086 rdi=0x00000000000063ea flags=0b000010010011
  xmm0=0x00009f8f00009f8f0000420c0000420c xmm1=0x0000739c0000739c00005b3500005b35 
  xmm2=0x0000a3610000a3610000b4bf0000b4bf xmm3=0x000067300000673000005ece00005ece 
  xmm4=0x0000195c0000195c0000a9eb0000a9eb xmm5=0x0000a6bb0000a6bb0000590e0000590e 
  xmm6=0x0000ef190000ef190000b57c0000b57c xmm7=0x00006e5e00006e5e000067e5000067e5 

0x121: and rsi, 0b1111111111111
  rax=0x00000000000066b5 rbx=0x0000000000000101 rcx=0x0000000000000000 rdx=0x0000000000000052
  rsi=0x0000000000000086 rdi=0x00000000000063ea flags=0b000010010011
  xmm0=0x00009f8f00009f8f0000420c0000420c xmm1=0x0000739c0000739c00005b3500005b35 
  xmm2=0x0000a3610000a3610000b4bf0000b4bf xmm3=0x000067300000673000005ece00005ece 
  xmm4=0x0000195c0000195c0000a9eb0000a9eb xmm5=0x0000a6bb0000a6bb0000590e0000590e 
  xmm6=0x0000ef190000ef190000b57c0000b57c xmm7=0x00006e5e00006e5e000067e5000067e5 

0x128: cmovo rsi, [r14 +rsi]
  rax=0x00000000000066b5 rbx=0x0000000000000101 rcx=0x0000000000000000 rdx=0x0000000000000052
  rsi=0x0000000000000086 rdi=0x00000000000063ea flags=0b000000000010
  xmm0=0x00009f8f00009f8f0000420c0000420c xmm1=0x0000739c0000739c00005b3500005b35 
  xmm2=0x0000a3610000a3610000b4bf0000b4bf xmm3=0x000067300000673000005ece00005ece 
  xmm4=0x0000195c0000195c0000a9eb0000a9eb xmm5=0x0000a6bb0000a6bb0000590e0000590e 
  xmm6=0x0000ef190000ef190000b57c0000b57c xmm7=0x00006e5e00006e5e000067e5000067e5 

    > load from +0x86 value 0xc07d0000c07d0000
0x12d: and rax, 0b1111111111111
  rax=0x00000000000066b5 rbx=0x0000000000000101 rcx=0x0000000000000000 rdx=0x0000000000000052
  rsi=0x0000000000000086 rdi=0x00000000000063ea flags=0b000000000010
  xmm0=0x00009f8f00009f8f0000420c0000420c xmm1=0x0000739c0000739c00005b3500005b35 
  xmm2=0x0000a3610000a3610000b4bf0000b4bf xmm3=0x000067300000673000005ece00005ece 
  xmm4=0x0000195c0000195c0000a9eb0000a9eb xmm5=0x0000a6bb0000a6bb0000590e0000590e 
  xmm6=0x0000ef190000ef190000b57c0000b57c xmm7=0x00006e5e00006e5e000067e5000067e5 

0x133: cmovb si, [r14 +rax]
  rax=0x00000000000006b5 rbx=0x0000000000000101 rcx=0x0000000000000000 rdx=0x0000000000000052
  rsi=0x0000000000000086 rdi=0x00000000000063ea flags=0b000000000010
  xmm0=0x00009f8f00009f8f0000420c0000420c xmm1=0x0000739c0000739c00005b3500005b35 
  xmm2=0x0000a3610000a3610000b4bf0000b4bf xmm3=0x000067300000673000005ece00005ece 
  xmm4=0x0000195c0000195c0000a9eb0000a9eb xmm5=0x0000a6bb0000a6bb0000590e0000590e 
  xmm6=0x0000ef190000ef190000b57c0000b57c xmm7=0x00006e5e00006e5e000067e5000067e5 

    > load from +0x6b5 value 0x8
0x139: sub ecx, -110
  rax=0x00000000000006b5 rbx=0x0000000000000101 rcx=0x0000000000000000 rdx=0x0000000000000052
  rsi=0x0000000000000086 rdi=0x00000000000063ea flags=0b000000000010
  xmm0=0x00009f8f00009f8f0000420c0000420c xmm1=0x0000739c0000739c00005b3500005b35 
  xmm2=0x0000a3610000a3610000b4bf0000b4bf xmm3=0x000067300000673000005ece00005ece 
  xmm4=0x0000195c0000195c0000a9eb0000a9eb xmm5=0x0000a6bb0000a6bb0000590e0000590e 
  xmm6=0x0000ef190000ef190000b57c0000b57c xmm7=0x00006e5e00006e5e000067e5000067e5 

0x13c: btr dx, dx
  rax=0x00000000000006b5 rbx=0x0000000000000101 rcx=0x000000000000006e rdx=0x0000000000000052
  rsi=0x0000000000000086 rdi=0x00000000000063ea flags=0b000000010011
  xmm0=0x00009f8f00009f8f0000420c0000420c xmm1=0x0000739c0000739c00005b3500005b35 
  xmm2=0x0000a3610000a3610000b4bf0000b4bf xmm3=0x000067300000673000005ece00005ece 
  xmm4=0x0000195c0000195c0000a9eb0000a9eb xmm5=0x0000a6bb0000a6bb0000590e0000590e 
  xmm6=0x0000ef190000ef190000b57c0000b57c xmm7=0x00006e5e00006e5e000067e5000067e5 

0x140: cmpxchg eax, edx
  rax=0x00000000000006b5 rbx=0x0000000000000101 rcx=0x000000000000006e rdx=0x0000000000000052
  rsi=0x0000000000000086 rdi=0x00000000000063ea flags=0b000000000010
  xmm0=0x00009f8f00009f8f0000420c0000420c xmm1=0x0000739c0000739c00005b3500005b35 
  xmm2=0x0000a3610000a3610000b4bf0000b4bf xmm3=0x000067300000673000005ece00005ece 
  xmm4=0x0000195c0000195c0000a9eb0000a9eb xmm5=0x0000a6bb0000a6bb0000590e0000590e 
  xmm6=0x0000ef190000ef190000b57c0000b57c xmm7=0x00006e5e00006e5e000067e5000067e5 

0x143: and rsi, 0b1111111111111
  rax=0x0000000000000052 rbx=0x0000000000000101 rcx=0x000000000000006e rdx=0x0000000000000052
  rsi=0x0000000000000086 rdi=0x00000000000063ea flags=0b000001000110
  xmm0=0x00009f8f00009f8f0000420c0000420c xmm1=0x0000739c0000739c00005b3500005b35 
  xmm2=0x0000a3610000a3610000b4bf0000b4bf xmm3=0x000067300000673000005ece00005ece 
  xmm4=0x0000195c0000195c0000a9eb0000a9eb xmm5=0x0000a6bb0000a6bb0000590e0000590e 
  xmm6=0x0000ef190000ef190000b57c0000b57c xmm7=0x00006e5e00006e5e000067e5000067e5 

0x14a: add ebx, [r14 +rsi]
  rax=0x0000000000000052 rbx=0x0000000000000101 rcx=0x000000000000006e rdx=0x0000000000000052
  rsi=0x0000000000000086 rdi=0x00000000000063ea flags=0b000000000010
  xmm0=0x00009f8f00009f8f0000420c0000420c xmm1=0x0000739c0000739c00005b3500005b35 
  xmm2=0x0000a3610000a3610000b4bf0000b4bf xmm3=0x000067300000673000005ece00005ece 
  xmm4=0x0000195c0000195c0000a9eb0000a9eb xmm5=0x0000a6bb0000a6bb0000590e0000590e 
  xmm6=0x0000ef190000ef190000b57c0000b57c xmm7=0x00006e5e00006e5e000067e5000067e5 

    > load from +0x86 value 0xc07d0000
0x14e: and rsi, 0b1111111111111
  rax=0x0000000000000052 rbx=0x00000000c07d0101 rcx=0x000000000000006e rdx=0x0000000000000052
  rsi=0x0000000000000086 rdi=0x00000000000063ea flags=0b000010000010
  xmm0=0x00009f8f00009f8f0000420c0000420c xmm1=0x0000739c0000739c00005b3500005b35 
  xmm2=0x0000a3610000a3610000b4bf0000b4bf xmm3=0x000067300000673000005ece00005ece 
  xmm4=0x0000195c0000195c0000a9eb0000a9eb xmm5=0x0000a6bb0000a6bb0000590e0000590e 
  xmm6=0x0000ef190000ef190000b57c0000b57c xmm7=0x00006e5e00006e5e000067e5000067e5 

0x155: or rcx, [r14 +rsi]
  rax=0x0000000000000052 rbx=0x00000000c07d0101 rcx=0x000000000000006e rdx=0x0000000000000052
  rsi=0x0000000000000086 rdi=0x00000000000063ea flags=0b000000000010
  xmm0=0x00009f8f00009f8f0000420c0000420c xmm1=0x0000739c0000739c00005b3500005b35 
  xmm2=0x0000a3610000a3610000b4bf0000b4bf xmm3=0x000067300000673000005ece00005ece 
  xmm4=0x0000195c0000195c0000a9eb0000a9eb xmm5=0x0000a6bb0000a6bb0000590e0000590e 
  xmm6=0x0000ef190000ef190000b57c0000b57c xmm7=0x00006e5e00006e5e000067e5000067e5 

    > load from +0x86 value 0xc07d0000c07d0000
0x159: and rax, 0b1111111111111
  rax=0x0000000000000052 rbx=0x00000000c07d0101 rcx=0xc07d0000c07d006e rdx=0x0000000000000052
  rsi=0x0000000000000086 rdi=0x00000000000063ea flags=0b000010000010
  xmm0=0x00009f8f00009f8f0000420c0000420c xmm1=0x0000739c0000739c00005b3500005b35 
  xmm2=0x0000a3610000a3610000b4bf0000b4bf xmm3=0x000067300000673000005ece00005ece 
  xmm4=0x0000195c0000195c0000a9eb0000a9eb xmm5=0x0000a6bb0000a6bb0000590e0000590e 
  xmm6=0x0000ef190000ef190000b57c0000b57c xmm7=0x00006e5e00006e5e000067e5000067e5 

0x15f: sub edi, [r14 +rax]
  rax=0x0000000000000052 rbx=0x00000000c07d0101 rcx=0xc07d0000c07d006e rdx=0x0000000000000052
  rsi=0x0000000000000086 rdi=0x00000000000063ea flags=0b000000000010
  xmm0=0x00009f8f00009f8f0000420c0000420c xmm1=0x0000739c0000739c00005b3500005b35 
  xmm2=0x0000a3610000a3610000b4bf0000b4bf xmm3=0x000067300000673000005ece00005ece 
  xmm4=0x0000195c0000195c0000a9eb0000a9eb xmm5=0x0000a6bb0000a6bb0000590e0000590e 
  xmm6=0x0000ef190000ef190000b57c0000b57c xmm7=0x00006e5e00006e5e000067e5000067e5 

    > load from +0x52 value 0x44370000
0x163: and rax, 0b1111111111111
  rax=0x0000000000000052 rbx=0x00000000c07d0101 rcx=0xc07d0000c07d006e rdx=0x0000000000000052
  rsi=0x0000000000000086 rdi=0x00000000bbc963ea flags=0b000010000011
  xmm0=0x00009f8f00009f8f0000420c0000420c xmm1=0x0000739c0000739c00005b3500005b35 
  xmm2=0x0000a3610000a3610000b4bf0000b4bf xmm3=0x000067300000673000005ece00005ece 
  xmm4=0x0000195c0000195c0000a9eb0000a9eb xmm5=0x0000a6bb0000a6bb0000590e0000590e 
  xmm6=0x0000ef190000ef190000b57c0000b57c xmm7=0x00006e5e00006e5e000067e5000067e5 

0x169: cmovo rdx, [r14 +rax]
  rax=0x0000000000000052 rbx=0x00000000c07d0101 rcx=0xc07d0000c07d006e rdx=0x0000000000000052
  rsi=0x0000000000000086 rdi=0x00000000bbc963ea flags=0b000000000010
  xmm0=0x00009f8f00009f8f0000420c0000420c xmm1=0x0000739c0000739c00005b3500005b35 
  xmm2=0x0000a3610000a3610000b4bf0000b4bf xmm3=0x000067300000673000005ece00005ece 
  xmm4=0x0000195c0000195c0000a9eb0000a9eb xmm5=0x0000a6bb0000a6bb0000590e0000590e 
  xmm6=0x0000ef190000ef190000b57c0000b57c xmm7=0x00006e5e00006e5e000067e5000067e5 

    > load from +0x52 value 0x2c55000044370000
0x16e: movsxd rsi, edi
  rax=0x0000000000000052 rbx=0x00000000c07d0101 rcx=0xc07d0000c07d006e rdx=0x0000000000000052
  rsi=0x0000000000000086 rdi=0x00000000bbc963ea flags=0b000000000010
  xmm0=0x00009f8f00009f8f0000420c0000420c xmm1=0x0000739c0000739c00005b3500005b35 
  xmm2=0x0000a3610000a3610000b4bf0000b4bf xmm3=0x000067300000673000005ece00005ece 
  xmm4=0x0000195c0000195c0000a9eb0000a9eb xmm5=0x0000a6bb0000a6bb0000590e0000590e 
  xmm6=0x0000ef190000ef190000b57c0000b57c xmm7=0x00006e5e00006e5e000067e5000067e5 

0x171: setnbe bl
  rax=0x0000000000000052 rbx=0x00000000c07d0101 rcx=0xc07d0000c07d006e rdx=0x0000000000000052
  rsi=0xffffffffbbc963ea rdi=0x00000000bbc963ea flags=0b000000000010
  xmm0=0x00009f8f00009f8f0000420c0000420c xmm1=0x0000739c0000739c00005b3500005b35 
  xmm2=0x0000a3610000a3610000b4bf0000b4bf xmm3=0x000067300000673000005ece00005ece 
  xmm4=0x0000195c0000195c0000a9eb0000a9eb xmm5=0x0000a6bb0000a6bb0000590e0000590e 
  xmm6=0x0000ef190000ef190000b57c0000b57c xmm7=0x00006e5e00006e5e000067e5000067e5 

0x174: macro .switch, .actor2.function_actor2_1
  rax=0x0000000000000052 rbx=0x00000000c07d0101 rcx=0xc07d0000c07d006e rdx=0x0000000000000052
  rsi=0xffffffffbbc963ea rdi=0x00000000bbc963ea flags=0b000000000010
  xmm0=0x00009f8f00009f8f0000420c0000420c xmm1=0x0000739c0000739c00005b3500005b35 
  xmm2=0x0000a3610000a3610000b4bf0000b4bf xmm3=0x000067300000673000005ece00005ece 
  xmm4=0x0000195c0000195c0000a9eb0000a9eb xmm5=0x0000a6bb0000a6bb0000590e0000590e 
  xmm6=0x0000ef190000ef190000b57c0000b57c xmm7=0x00006e5e00006e5e000067e5000067e5 

0x3192: pushfq 
  rax=0x0000000000000052 rbx=0x00000000c07d0101 rcx=0xc07d0000c07d006e rdx=0x0000000000000052
  rsi=0xffffffffbbc963ea rdi=0x00000000bbc963ea flags=0b000000000010
  xmm0=0x00009f8f00009f8f0000420c0000420c xmm1=0x0000739c0000739c00005b3500005b35 
  xmm2=0x0000a3610000a3610000b4bf0000b4bf xmm3=0x000067300000673000005ece00005ece 
  xmm4=0x0000195c0000195c0000a9eb0000a9eb xmm5=0x0000a6bb0000a6bb0000590e0000590e 
  xmm6=0x0000ef190000ef190000b57c0000b57c xmm7=0x00006e5e00006e5e000067e5000067e5 

    > store to +0x4ff0 value 0x2
0x3193: push rax
  rax=0x0000000000000052 rbx=0x00000000c07d0101 rcx=0xc07d0000c07d006e rdx=0x0000000000000052
  rsi=0xffffffffbbc963ea rdi=0x00000000bbc963ea flags=0b000000000010
  xmm0=0x00009f8f00009f8f0000420c0000420c xmm1=0x0000739c0000739c00005b3500005b35 
  xmm2=0x0000a3610000a3610000b4bf0000b4bf xmm3=0x000067300000673000005ece00005ece 
  xmm4=0x0000195c0000195c0000a9eb0000a9eb xmm5=0x0000a6bb0000a6bb0000590e0000590e 
  xmm6=0x0000ef190000ef190000b57c0000b57c xmm7=0x00006e5e00006e5e000067e5000067e5 

    > store to +0x4fe8 value 0x52
0x3194: push rcx
  rax=0x0000000000000052 rbx=0x00000000c07d0101 rcx=0xc07d0000c07d006e rdx=0x0000000000000052
  rsi=0xffffffffbbc963ea rdi=0x00000000bbc963ea flags=0b000000000010
  xmm0=0x00009f8f00009f8f0000420c0000420c xmm1=0x0000739c0000739c00005b3500005b35 
  xmm2=0x0000a3610000a3610000b4bf0000b4bf xmm3=0x000067300000673000005ece00005ece 
  xmm4=0x0000195c0000195c0000a9eb0000a9eb xmm5=0x0000a6bb0000a6bb0000590e0000590e 
  xmm6=0x0000ef190000ef190000b57c0000b57c xmm7=0x00006e5e00006e5e000067e5000067e5 

    > store to +0x4fe0 value 0x-3f82ffff3f82ff92
0x3195: push rdx
  rax=0x0000000000000052 rbx=0x00000000c07d0101 rcx=0xc07d0000c07d006e rdx=0x0000000000000052
  rsi=0xffffffffbbc963ea rdi=0x00000000bbc963ea flags=0b000000000010
  xmm0=0x00009f8f00009f8f0000420c0000420c xmm1=0x0000739c0000739c00005b3500005b35 
  xmm2=0x0000a3610000a3610000b4bf0000b4bf xmm3=0x000067300000673000005ece00005ece 
  xmm4=0x0000195c0000195c0000a9eb0000a9eb xmm5=0x0000a6bb0000a6bb0000590e0000590e 
  xmm6=0x0000ef190000ef190000b57c0000b57c xmm7=0x00006e5e00006e5e000067e5000067e5 

    > store to +0x4fd8 value 0x52
0x3196: mov ecx, 0x48
  rax=0x0000000000000052 rbx=0x00000000c07d0101 rcx=0xc07d0000c07d006e rdx=0x0000000000000052
  rsi=0xffffffffbbc963ea rdi=0x00000000bbc963ea flags=0b000000000010
  xmm0=0x00009f8f00009f8f0000420c0000420c xmm1=0x0000739c0000739c00005b3500005b35 
  xmm2=0x0000a3610000a3610000b4bf0000b4bf xmm3=0x000067300000673000005ece00005ece 
  xmm4=0x0000195c0000195c0000a9eb0000a9eb xmm5=0x0000a6bb0000a6bb0000590e0000590e 
  xmm6=0x0000ef190000ef190000b57c0000b57c xmm7=0x00006e5e00006e5e000067e5000067e5 

0x319b: rdmsr 
  rax=0x0000000000000052 rbx=0x00000000c07d0101 rcx=0x0000000000000048 rdx=0x0000000000000052
  rsi=0xffffffffbbc963ea rdi=0x00000000bbc963ea flags=0b000000000010
  xmm0=0x00009f8f00009f8f0000420c0000420c xmm1=0x0000739c0000739c00005b3500005b35 
  xmm2=0x0000a3610000a3610000b4bf0000b4bf xmm3=0x000067300000673000005ece00005ece 
  xmm4=0x0000195c0000195c0000a9eb0000a9eb xmm5=0x0000a6bb0000a6bb0000590e0000590e 
  xmm6=0x0000ef190000ef190000b57c0000b57c xmm7=0x00006e5e00006e5e000067e5000067e5 

0x319d: and eax, 0xfffffffb
  rax=0x0000000000000000 rbx=0x00000000c07d0101 rcx=0x0000000000000048 rdx=0x0000000000000000
  rsi=0xffffffffbbc963ea rdi=0x00000000bbc963ea flags=0b000000000010
  xmm0=0x00009f8f00009f8f0000420c0000420c xmm1=0x0000739c0000739c00005b3500005b35 
  xmm2=0x0000a3610000a3610000b4bf0000b4bf xmm3=0x000067300000673000005ece00005ece 
  xmm4=0x0000195c0000195c0000a9eb0000a9eb xmm5=0x0000a6bb0000a6bb0000590e0000590e 
  xmm6=0x0000ef190000ef190000b57c0000b57c xmm7=0x00006e5e00006e5e000067e5000067e5 

0x31a0: or eax, 0x100
  rax=0x0000000000000000 rbx=0x00000000c07d0101 rcx=0x0000000000000048 rdx=0x0000000000000000
  rsi=0xffffffffbbc963ea rdi=0x00000000bbc963ea flags=0b000001000110
  xmm0=0x00009f8f00009f8f0000420c0000420c xmm1=0x0000739c0000739c00005b3500005b35 
  xmm2=0x0000a3610000a3610000b4bf0000b4bf xmm3=0x000067300000673000005ece00005ece 
  xmm4=0x0000195c0000195c0000a9eb0000a9eb xmm5=0x0000a6bb0000a6bb0000590e0000590e 
  xmm6=0x0000ef190000ef190000b57c0000b57c xmm7=0x00006e5e00006e5e000067e5000067e5 

0x31a5: wrmsr 
  rax=0x0000000000000100 rbx=0x00000000c07d0101 rcx=0x0000000000000048 rdx=0x0000000000000000
  rsi=0xffffffffbbc963ea rdi=0x00000000bbc963ea flags=0b000000000110
  xmm0=0x00009f8f00009f8f0000420c0000420c xmm1=0x0000739c0000739c00005b3500005b35 
  xmm2=0x0000a3610000a3610000b4bf0000b4bf xmm3=0x000067300000673000005ece00005ece 
  xmm4=0x0000195c0000195c0000a9eb0000a9eb xmm5=0x0000a6bb0000a6bb0000590e0000590e 
  xmm6=0x0000ef190000ef190000b57c0000b57c xmm7=0x00006e5e00006e5e000067e5000067e5 

0x31a7: mfence 
  rax=0x0000000000000100 rbx=0x00000000c07d0101 rcx=0x0000000000000048 rdx=0x0000000000000000
  rsi=0xffffffffbbc963ea rdi=0x00000000bbc963ea flags=0b000000000110
  xmm0=0x00009f8f00009f8f0000420c0000420c xmm1=0x0000739c0000739c00005b3500005b35 
  xmm2=0x0000a3610000a3610000b4bf0000b4bf xmm3=0x000067300000673000005ece00005ece 
  xmm4=0x0000195c0000195c0000a9eb0000a9eb xmm5=0x0000a6bb0000a6bb0000590e0000590e 
  xmm6=0x0000ef190000ef190000b57c0000b57c xmm7=0x00006e5e00006e5e000067e5000067e5 

0x31aa: lfence 
  rax=0x0000000000000100 rbx=0x00000000c07d0101 rcx=0x0000000000000048 rdx=0x0000000000000000
  rsi=0xffffffffbbc963ea rdi=0x00000000bbc963ea flags=0b000000000110
  xmm0=0x00009f8f00009f8f0000420c0000420c xmm1=0x0000739c0000739c00005b3500005b35 
  xmm2=0x0000a3610000a3610000b4bf0000b4bf xmm3=0x000067300000673000005ece00005ece 
  xmm4=0x0000195c0000195c0000a9eb0000a9eb xmm5=0x0000a6bb0000a6bb0000590e0000590e 
  xmm6=0x0000ef190000ef190000b57c0000b57c xmm7=0x00006e5e00006e5e000067e5000067e5 

0x31ad: macro .measurement_end, .noarg
  rax=0x0000000000000100 rbx=0x00000000c07d0101 rcx=0x0000000000000048 rdx=0x0000000000000000
  rsi=0xffffffffbbc963ea rdi=0x00000000bbc963ea flags=0b000000000110
  xmm0=0x00009f8f00009f8f0000420c0000420c xmm1=0x0000739c0000739c00005b3500005b35 
  xmm2=0x0000a3610000a3610000b4bf0000b4bf xmm3=0x000067300000673000005ece00005ece 
  xmm4=0x0000195c0000195c0000a9eb0000a9eb xmm5=0x0000a6bb0000a6bb0000590e0000590e 
  xmm6=0x0000ef190000ef190000b57c0000b57c xmm7=0x00006e5e00006e5e000067e5000067e5 

0x31b5: mov ecx, 0x48
  rax=0x0000000000000100 rbx=0x00000000c07d0101 rcx=0x0000000000000048 rdx=0x0000000000000000
  rsi=0xffffffffbbc963ea rdi=0x00000000bbc963ea flags=0b000000000110
  xmm0=0x00009f8f00009f8f0000420c0000420c xmm1=0x0000739c0000739c00005b3500005b35 
  xmm2=0x0000a3610000a3610000b4bf0000b4bf xmm3=0x000067300000673000005ece00005ece 
  xmm4=0x0000195c0000195c0000a9eb0000a9eb xmm5=0x0000a6bb0000a6bb0000590e0000590e 
  xmm6=0x0000ef190000ef190000b57c0000b57c xmm7=0x00006e5e00006e5e000067e5000067e5 

0x31ba: rdmsr 
  rax=0x0000000000000100 rbx=0x00000000c07d0101 rcx=0x0000000000000048 rdx=0x0000000000000000
  rsi=0xffffffffbbc963ea rdi=0x00000000bbc963ea flags=0b000000000110
  xmm0=0x00009f8f00009f8f0000420c0000420c xmm1=0x0000739c0000739c00005b3500005b35 
  xmm2=0x0000a3610000a3610000b4bf0000b4bf xmm3=0x000067300000673000005ece00005ece 
  xmm4=0x0000195c0000195c0000a9eb0000a9eb xmm5=0x0000a6bb0000a6bb0000590e0000590e 
  xmm6=0x0000ef190000ef190000b57c0000b57c xmm7=0x00006e5e00006e5e000067e5000067e5 

0x31bc: and eax, 0xfffffffb
  rax=0x0000000000000000 rbx=0x00000000c07d0101 rcx=0x0000000000000048 rdx=0x0000000000000000
  rsi=0xffffffffbbc963ea rdi=0x00000000bbc963ea flags=0b000000000110
  xmm0=0x00009f8f00009f8f0000420c0000420c xmm1=0x0000739c0000739c00005b3500005b35 
  xmm2=0x0000a3610000a3610000b4bf0000b4bf xmm3=0x000067300000673000005ece00005ece 
  xmm4=0x0000195c0000195c0000a9eb0000a9eb xmm5=0x0000a6bb0000a6bb0000590e0000590e 
  xmm6=0x0000ef190000ef190000b57c0000b57c xmm7=0x00006e5e00006e5e000067e5000067e5 

0x31bf: and eax, 0xfffffeff
  rax=0x0000000000000000 rbx=0x00000000c07d0101 rcx=0x0000000000000048 rdx=0x0000000000000000
  rsi=0xffffffffbbc963ea rdi=0x00000000bbc963ea flags=0b000001000110
  xmm0=0x00009f8f00009f8f0000420c0000420c xmm1=0x0000739c0000739c00005b3500005b35 
  xmm2=0x0000a3610000a3610000b4bf0000b4bf xmm3=0x000067300000673000005ece00005ece 
  xmm4=0x0000195c0000195c0000a9eb0000a9eb xmm5=0x0000a6bb0000a6bb0000590e0000590e 
  xmm6=0x0000ef190000ef190000b57c0000b57c xmm7=0x00006e5e00006e5e000067e5000067e5 

0x31c4: wrmsr 
  rax=0x0000000000000000 rbx=0x00000000c07d0101 rcx=0x0000000000000048 rdx=0x0000000000000000
  rsi=0xffffffffbbc963ea rdi=0x00000000bbc963ea flags=0b000001000110
  xmm0=0x00009f8f00009f8f0000420c0000420c xmm1=0x0000739c0000739c00005b3500005b35 
  xmm2=0x0000a3610000a3610000b4bf0000b4bf xmm3=0x000067300000673000005ece00005ece 
  xmm4=0x0000195c0000195c0000a9eb0000a9eb xmm5=0x0000a6bb0000a6bb0000590e0000590e 
  xmm6=0x0000ef190000ef190000b57c0000b57c xmm7=0x00006e5e00006e5e000067e5000067e5 

0x31c6: mfence 
  rax=0x0000000000000000 rbx=0x00000000c07d0101 rcx=0x0000000000000048 rdx=0x0000000000000000
  rsi=0xffffffffbbc963ea rdi=0x00000000bbc963ea flags=0b000001000110
  xmm0=0x00009f8f00009f8f0000420c0000420c xmm1=0x0000739c0000739c00005b3500005b35 
  xmm2=0x0000a3610000a3610000b4bf0000b4bf xmm3=0x000067300000673000005ece00005ece 
  xmm4=0x0000195c0000195c0000a9eb0000a9eb xmm5=0x0000a6bb0000a6bb0000590e0000590e 
  xmm6=0x0000ef190000ef190000b57c0000b57c xmm7=0x00006e5e00006e5e000067e5000067e5 

0x31c9: lfence 
  rax=0x0000000000000000 rbx=0x00000000c07d0101 rcx=0x0000000000000048 rdx=0x0000000000000000
  rsi=0xffffffffbbc963ea rdi=0x00000000bbc963ea flags=0b000001000110
  xmm0=0x00009f8f00009f8f0000420c0000420c xmm1=0x0000739c0000739c00005b3500005b35 
  xmm2=0x0000a3610000a3610000b4bf0000b4bf xmm3=0x000067300000673000005ece00005ece 
  xmm4=0x0000195c0000195c0000a9eb0000a9eb xmm5=0x0000a6bb0000a6bb0000590e0000590e 
  xmm6=0x0000ef190000ef190000b57c0000b57c xmm7=0x00006e5e00006e5e000067e5000067e5 

0x31cc: pop rdx
  rax=0x0000000000000000 rbx=0x00000000c07d0101 rcx=0x0000000000000048 rdx=0x0000000000000000
  rsi=0xffffffffbbc963ea rdi=0x00000000bbc963ea flags=0b000001000110
  xmm0=0x00009f8f00009f8f0000420c0000420c xmm1=0x0000739c0000739c00005b3500005b35 
  xmm2=0x0000a3610000a3610000b4bf0000b4bf xmm3=0x000067300000673000005ece00005ece 
  xmm4=0x0000195c0000195c0000a9eb0000a9eb xmm5=0x0000a6bb0000a6bb0000590e0000590e 
  xmm6=0x0000ef190000ef190000b57c0000b57c xmm7=0x00006e5e00006e5e000067e5000067e5 

    > load from +0x4fd8 value 0x52
0x31cd: pop rcx
  rax=0x0000000000000000 rbx=0x00000000c07d0101 rcx=0x0000000000000048 rdx=0x0000000000000052
  rsi=0xffffffffbbc963ea rdi=0x00000000bbc963ea flags=0b000001000110
  xmm0=0x00009f8f00009f8f0000420c0000420c xmm1=0x0000739c0000739c00005b3500005b35 
  xmm2=0x0000a3610000a3610000b4bf0000b4bf xmm3=0x000067300000673000005ece00005ece 
  xmm4=0x0000195c0000195c0000a9eb0000a9eb xmm5=0x0000a6bb0000a6bb0000590e0000590e 
  xmm6=0x0000ef190000ef190000b57c0000b57c xmm7=0x00006e5e00006e5e000067e5000067e5 

    > load from +0x4fe0 value 0xc07d0000c07d006e
0x31ce: pop rax
  rax=0x0000000000000000 rbx=0x00000000c07d0101 rcx=0xc07d0000c07d006e rdx=0x0000000000000052
  rsi=0xffffffffbbc963ea rdi=0x00000000bbc963ea flags=0b000001000110
  xmm0=0x00009f8f00009f8f0000420c0000420c xmm1=0x0000739c0000739c00005b3500005b35 
  xmm2=0x0000a3610000a3610000b4bf0000b4bf xmm3=0x000067300000673000005ece00005ece 
  xmm4=0x0000195c0000195c0000a9eb0000a9eb xmm5=0x0000a6bb0000a6bb0000590e0000590e 
  xmm6=0x0000ef190000ef190000b57c0000b57c xmm7=0x00006e5e00006e5e000067e5000067e5 

    > load from +0x4fe8 value 0x52
0x31cf: popfq 
  rax=0x0000000000000052 rbx=0x00000000c07d0101 rcx=0xc07d0000c07d006e rdx=0x0000000000000052
  rsi=0xffffffffbbc963ea rdi=0x00000000bbc963ea flags=0b000001000110
  xmm0=0x00009f8f00009f8f0000420c0000420c xmm1=0x0000739c0000739c00005b3500005b35 
  xmm2=0x0000a3610000a3610000b4bf0000b4bf xmm3=0x000067300000673000005ece00005ece 
  xmm4=0x0000195c0000195c0000a9eb0000a9eb xmm5=0x0000a6bb0000a6bb0000590e0000590e 
  xmm6=0x0000ef190000ef190000b57c0000b57c xmm7=0x00006e5e00006e5e000067e5000067e5 

    > load from +0x4ff0 value 0x2
0x31d0: macro .switch, .main.function_main_2
  rax=0x0000000000000052 rbx=0x00000000c07d0101 rcx=0xc07d0000c07d006e rdx=0x0000000000000052
  rsi=0xffffffffbbc963ea rdi=0x00000000bbc963ea flags=0b000000000010
  xmm0=0x00009f8f00009f8f0000420c0000420c xmm1=0x0000739c0000739c00005b3500005b35 
  xmm2=0x0000a3610000a3610000b4bf0000b4bf xmm3=0x000067300000673000005ece00005ece 
  xmm4=0x0000195c0000195c0000a9eb0000a9eb xmm5=0x0000a6bb0000a6bb0000590e0000590e 
  xmm6=0x0000ef190000ef190000b57c0000b57c xmm7=0x00006e5e00006e5e000067e5000067e5 

0x17c: nop  [test_case_exit]
  rax=0x0000000000000052 rbx=0x00000000c07d0101 rcx=0xc07d0000c07d006e rdx=0x0000000000000052
  rsi=0xffffffffbbc963ea rdi=0x00000000bbc963ea flags=0b000000000010
  xmm0=0x00009f8f00009f8f0000420c0000420c xmm1=0x0000739c0000739c00005b3500005b35 
  xmm2=0x0000a3610000a3610000b4bf0000b4bf xmm3=0x000067300000673000005ece00005ece 
  xmm4=0x0000195c0000195c0000a9eb0000a9eb xmm5=0x0000a6bb0000a6bb0000590e0000590e 
  xmm6=0x0000ef190000ef190000b57c0000b57c xmm7=0x00006e5e00006e5e000067e5000067e5 




                      ##### Input 61 #####

                     ##### Input 0 #####
0x0 : macro .switch, .actor2.function_actor2_0
  rax=0x00005ac200005ac2 rbx=0x0000081600000816 rcx=0x0000341600003416 rdx=0x00009b8e00009b8e
  rsi=0x00003d3300003d33 rdi=0x0000f6a30000f6a3 flags=0b000001010110
  xmm0=0x000004cb000004cb00006c2e00006c2e xmm1=0x00002caf00002caf0000a2170000a217 
  xmm2=0x0000670900006709000011b6000011b6 xmm3=0x0000c7ce0000c7ce0000013b0000013b 
  xmm4=0x0000de410000de4100008c9100008c91 xmm5=0x00001f7000001f7000006bdf00006bdf 
  xmm6=0x0000e78f0000e78f00008f0600008f06 xmm7=0x00006ab300006ab300002d7b00002d7b 

0x3000: pushfq 
  rax=0x00005ac200005ac2 rbx=0x0000081600000816 rcx=0x0000341600003416 rdx=0x00009b8e00009b8e
  rsi=0x00003d3300003d33 rdi=0x0000f6a30000f6a3 flags=0b000001010110
  xmm0=0x000004cb000004cb00006c2e00006c2e xmm1=0x00002caf00002caf0000a2170000a217 
  xmm2=0x0000670900006709000011b6000011b6 xmm3=0x0000c7ce0000c7ce0000013b0000013b 
  xmm4=0x0000de410000de4100008c9100008c91 xmm5=0x00001f7000001f7000006bdf00006bdf 
  xmm6=0x0000e78f0000e78f00008f0600008f06 xmm7=0x00006ab300006ab300002d7b00002d7b 

    > store to +0x4ff0 value 0x56
0x3001: push rax
  rax=0x00005ac200005ac2 rbx=0x0000081600000816 rcx=0x0000341600003416 rdx=0x00009b8e00009b8e
  rsi=0x00003d3300003d33 rdi=0x0000f6a30000f6a3 flags=0b000001010110
  xmm0=0x000004cb000004cb00006c2e00006c2e xmm1=0x00002caf00002caf0000a2170000a217 
  xmm2=0x0000670900006709000011b6000011b6 xmm3=0x0000c7ce0000c7ce0000013b0000013b 
  xmm4=0x0000de410000de4100008c9100008c91 xmm5=0x00001f7000001f7000006bdf00006bdf 
  xmm6=0x0000e78f0000e78f00008f0600008f06 xmm7=0x00006ab300006ab300002d7b00002d7b 

    > store to +0x4fe8 value 0x5ac200005ac2
0x3002: push rcx
  rax=0x00005ac200005ac2 rbx=0x0000081600000816 rcx=0x0000341600003416 rdx=0x00009b8e00009b8e
  rsi=0x00003d3300003d33 rdi=0x0000f6a30000f6a3 flags=0b000001010110
  xmm0=0x000004cb000004cb00006c2e00006c2e xmm1=0x00002caf00002caf0000a2170000a217 
  xmm2=0x0000670900006709000011b6000011b6 xmm3=0x0000c7ce0000c7ce0000013b0000013b 
  xmm4=0x0000de410000de4100008c9100008c91 xmm5=0x00001f7000001f7000006bdf00006bdf 
  xmm6=0x0000e78f0000e78f00008f0600008f06 xmm7=0x00006ab300006ab300002d7b00002d7b 

    > store to +0x4fe0 value 0x341600003416
0x3003: push rdx
  rax=0x00005ac200005ac2 rbx=0x0000081600000816 rcx=0x0000341600003416 rdx=0x00009b8e00009b8e
  rsi=0x00003d3300003d33 rdi=0x0000f6a30000f6a3 flags=0b000001010110
  xmm0=0x000004cb000004cb00006c2e00006c2e xmm1=0x00002caf00002caf0000a2170000a217 
  xmm2=0x0000670900006709000011b6000011b6 xmm3=0x0000c7ce0000c7ce0000013b0000013b 
  xmm4=0x0000de410000de4100008c9100008c91 xmm5=0x00001f7000001f7000006bdf00006bdf 
  xmm6=0x0000e78f0000e78f00008f0600008f06 xmm7=0x00006ab300006ab300002d7b00002d7b 

    > store to +0x4fd8 value 0x9b8e00009b8e
0x3004: mov ecx, 0x48
  rax=0x00005ac200005ac2 rbx=0x0000081600000816 rcx=0x0000341600003416 rdx=0x00009b8e00009b8e
  rsi=0x00003d3300003d33 rdi=0x0000f6a30000f6a3 flags=0b000001010110
  xmm0=0x000004cb000004cb00006c2e00006c2e xmm1=0x00002caf00002caf0000a2170000a217 
  xmm2=0x0000670900006709000011b6000011b6 xmm3=0x0000c7ce0000c7ce0000013b0000013b 
  xmm4=0x0000de410000de4100008c9100008c91 xmm5=0x00001f7000001f7000006bdf00006bdf 
  xmm6=0x0000e78f0000e78f00008f0600008f06 xmm7=0x00006ab300006ab300002d7b00002d7b 

0x3009: rdmsr 
  rax=0x00005ac200005ac2 rbx=0x0000081600000816 rcx=0x0000000000000048 rdx=0x00009b8e00009b8e
  rsi=0x00003d3300003d33 rdi=0x0000f6a30000f6a3 flags=0b000001010110
  xmm0=0x000004cb000004cb00006c2e00006c2e xmm1=0x00002caf00002caf0000a2170000a217 
  xmm2=0x0000670900006709000011b6000011b6 xmm3=0x0000c7ce0000c7ce0000013b0000013b 
  xmm4=0x0000de410000de4100008c9100008c91 xmm5=0x00001f7000001f7000006bdf00006bdf 
  xmm6=0x0000e78f0000e78f00008f0600008f06 xmm7=0x00006ab300006ab300002d7b00002d7b 

0x300b: and eax, 0xfffffffb
  rax=0x0000000000000000 rbx=0x0000081600000816 rcx=0x0000000000000048 rdx=0x0000000000000000
  rsi=0x00003d3300003d33 rdi=0x0000f6a30000f6a3 flags=0b000001010110
  xmm0=0x000004cb000004cb00006c2e00006c2e xmm1=0x00002caf00002caf0000a2170000a217 
  xmm2=0x0000670900006709000011b6000011b6 xmm3=0x0000c7ce0000c7ce0000013b0000013b 
  xmm4=0x0000de410000de4100008c9100008c91 xmm5=0x00001f7000001f7000006bdf00006bdf 
  xmm6=0x0000e78f0000e78f00008f0600008f06 xmm7=0x00006ab300006ab300002d7b00002d7b 

0x300e: or eax, 0x100
  rax=0x0000000000000000 rbx=0x0000081600000816 rcx=0x0000000000000048 rdx=0x0000000000000000
  rsi=0x00003d3300003d33 rdi=0x0000f6a30000f6a3 flags=0b000001000110
  xmm0=0x000004cb000004cb00006c2e00006c2e xmm1=0x00002caf00002caf0000a2170000a217 
  xmm2=0x0000670900006709000011b6000011b6 xmm3=0x0000c7ce0000c7ce0000013b0000013b 
  xmm4=0x0000de410000de4100008c9100008c91 xmm5=0x00001f7000001f7000006bdf00006bdf 
  xmm6=0x0000e78f0000e78f00008f0600008f06 xmm7=0x00006ab300006ab300002d7b00002d7b 

0x3013: wrmsr 
  rax=0x0000000000000100 rbx=0x0000081600000816 rcx=0x0000000000000048 rdx=0x0000000000000000
  rsi=0x00003d3300003d33 rdi=0x0000f6a30000f6a3 flags=0b000000000110
  xmm0=0x000004cb000004cb00006c2e00006c2e xmm1=0x00002caf00002caf0000a2170000a217 
  xmm2=0x0000670900006709000011b6000011b6 xmm3=0x0000c7ce0000c7ce0000013b0000013b 
  xmm4=0x0000de410000de4100008c9100008c91 xmm5=0x00001f7000001f7000006bdf00006bdf 
  xmm6=0x0000e78f0000e78f00008f0600008f06 xmm7=0x00006ab300006ab300002d7b00002d7b 

0x3015: mfence 
  rax=0x0000000000000100 rbx=0x0000081600000816 rcx=0x0000000000000048 rdx=0x0000000000000000
  rsi=0x00003d3300003d33 rdi=0x0000f6a30000f6a3 flags=0b000000000110
  xmm0=0x000004cb000004cb00006c2e00006c2e xmm1=0x00002caf00002caf0000a2170000a217 
  xmm2=0x0000670900006709000011b6000011b6 xmm3=0x0000c7ce0000c7ce0000013b0000013b 
  xmm4=0x0000de410000de4100008c9100008c91 xmm5=0x00001f7000001f7000006bdf00006bdf 
  xmm6=0x0000e78f0000e78f00008f0600008f06 xmm7=0x00006ab300006ab300002d7b00002d7b 

0x3018: lfence 
  rax=0x0000000000000100 rbx=0x0000081600000816 rcx=0x0000000000000048 rdx=0x0000000000000000
  rsi=0x00003d3300003d33 rdi=0x0000f6a30000f6a3 flags=0b000000000110
  xmm0=0x000004cb000004cb00006c2e00006c2e xmm1=0x00002caf00002caf0000a2170000a217 
  xmm2=0x0000670900006709000011b6000011b6 xmm3=0x0000c7ce0000c7ce0000013b0000013b 
  xmm4=0x0000de410000de4100008c9100008c91 xmm5=0x00001f7000001f7000006bdf00006bdf 
  xmm6=0x0000e78f0000e78f00008f0600008f06 xmm7=0x00006ab300006ab300002d7b00002d7b 

0x301b: macro .measurement_start, .noarg
  rax=0x0000000000000100 rbx=0x0000081600000816 rcx=0x0000000000000048 rdx=0x0000000000000000
  rsi=0x00003d3300003d33 rdi=0x0000f6a30000f6a3 flags=0b000000000110
  xmm0=0x000004cb000004cb00006c2e00006c2e xmm1=0x00002caf00002caf0000a2170000a217 
  xmm2=0x0000670900006709000011b6000011b6 xmm3=0x0000c7ce0000c7ce0000013b0000013b 
  xmm4=0x0000de410000de4100008c9100008c91 xmm5=0x00001f7000001f7000006bdf00006bdf 
  xmm6=0x0000e78f0000e78f00008f0600008f06 xmm7=0x00006ab300006ab300002d7b00002d7b 

0x3023: mov ecx, 0x48
  rax=0x0000000000000100 rbx=0x0000081600000816 rcx=0x0000000000000048 rdx=0x0000000000000000
  rsi=0x00003d3300003d33 rdi=0x0000f6a30000f6a3 flags=0b000000000110
  xmm0=0x000004cb000004cb00006c2e00006c2e xmm1=0x00002caf00002caf0000a2170000a217 
  xmm2=0x0000670900006709000011b6000011b6 xmm3=0x0000c7ce0000c7ce0000013b0000013b 
  xmm4=0x0000de410000de4100008c9100008c91 xmm5=0x00001f7000001f7000006bdf00006bdf 
  xmm6=0x0000e78f0000e78f00008f0600008f06 xmm7=0x00006ab300006ab300002d7b00002d7b 

0x3028: rdmsr 
  rax=0x0000000000000100 rbx=0x0000081600000816 rcx=0x0000000000000048 rdx=0x0000000000000000
  rsi=0x00003d3300003d33 rdi=0x0000f6a30000f6a3 flags=0b000000000110
  xmm0=0x000004cb000004cb00006c2e00006c2e xmm1=0x00002caf00002caf0000a2170000a217 
  xmm2=0x0000670900006709000011b6000011b6 xmm3=0x0000c7ce0000c7ce0000013b0000013b 
  xmm4=0x0000de410000de4100008c9100008c91 xmm5=0x00001f7000001f7000006bdf00006bdf 
  xmm6=0x0000e78f0000e78f00008f0600008f06 xmm7=0x00006ab300006ab300002d7b00002d7b 

0x302a: and eax, 0xfffffffb
  rax=0x0000000000000000 rbx=0x0000081600000816 rcx=0x0000000000000048 rdx=0x0000000000000000
  rsi=0x00003d3300003d33 rdi=0x0000f6a30000f6a3 flags=0b000000000110
  xmm0=0x000004cb000004cb00006c2e00006c2e xmm1=0x00002caf00002caf0000a2170000a217 
  xmm2=0x0000670900006709000011b6000011b6 xmm3=0x0000c7ce0000c7ce0000013b0000013b 
  xmm4=0x0000de410000de4100008c9100008c91 xmm5=0x00001f7000001f7000006bdf00006bdf 
  xmm6=0x0000e78f0000e78f00008f0600008f06 xmm7=0x00006ab300006ab300002d7b00002d7b 

0x302d: and eax, 0xfffffeff
  rax=0x0000000000000000 rbx=0x0000081600000816 rcx=0x0000000000000048 rdx=0x0000000000000000
  rsi=0x00003d3300003d33 rdi=0x0000f6a30000f6a3 flags=0b000001000110
  xmm0=0x000004cb000004cb00006c2e00006c2e xmm1=0x00002caf00002caf0000a2170000a217 
  xmm2=0x0000670900006709000011b6000011b6 xmm3=0x0000c7ce0000c7ce0000013b0000013b 
  xmm4=0x0000de410000de4100008c9100008c91 xmm5=0x00001f7000001f7000006bdf00006bdf 
  xmm6=0x0000e78f0000e78f00008f0600008f06 xmm7=0x00006ab300006ab300002d7b00002d7b 

0x3032: wrmsr 
  rax=0x0000000000000000 rbx=0x0000081600000816 rcx=0x0000000000000048 rdx=0x0000000000000000
  rsi=0x00003d3300003d33 rdi=0x0000f6a30000f6a3 flags=0b000001000110
  xmm0=0x000004cb000004cb00006c2e00006c2e xmm1=0x00002caf00002caf0000a2170000a217 
  xmm2=0x0000670900006709000011b6000011b6 xmm3=0x0000c7ce0000c7ce0000013b0000013b 
  xmm4=0x0000de410000de4100008c9100008c91 xmm5=0x00001f7000001f7000006bdf00006bdf 
  xmm6=0x0000e78f0000e78f00008f0600008f06 xmm7=0x00006ab300006ab300002d7b00002d7b 

0x3034: mfence 
  rax=0x0000000000000000 rbx=0x0000081600000816 rcx=0x0000000000000048 rdx=0x0000000000000000
  rsi=0x00003d3300003d33 rdi=0x0000f6a30000f6a3 flags=0b000001000110
  xmm0=0x000004cb000004cb00006c2e00006c2e xmm1=0x00002caf00002caf0000a2170000a217 
  xmm2=0x0000670900006709000011b6000011b6 xmm3=0x0000c7ce0000c7ce0000013b0000013b 
  xmm4=0x0000de410000de4100008c9100008c91 xmm5=0x00001f7000001f7000006bdf00006bdf 
  xmm6=0x0000e78f0000e78f00008f0600008f06 xmm7=0x00006ab300006ab300002d7b00002d7b 

0x3037: lfence 
  rax=0x0000000000000000 rbx=0x0000081600000816 rcx=0x0000000000000048 rdx=0x0000000000000000
  rsi=0x00003d3300003d33 rdi=0x0000f6a30000f6a3 flags=0b000001000110
  xmm0=0x000004cb000004cb00006c2e00006c2e xmm1=0x00002caf00002caf0000a2170000a217 
  xmm2=0x0000670900006709000011b6000011b6 xmm3=0x0000c7ce0000c7ce0000013b0000013b 
  xmm4=0x0000de410000de4100008c9100008c91 xmm5=0x00001f7000001f7000006bdf00006bdf 
  xmm6=0x0000e78f0000e78f00008f0600008f06 xmm7=0x00006ab300006ab300002d7b00002d7b 

0x303a: pop rdx
  rax=0x0000000000000000 rbx=0x0000081600000816 rcx=0x0000000000000048 rdx=0x0000000000000000
  rsi=0x00003d3300003d33 rdi=0x0000f6a30000f6a3 flags=0b000001000110
  xmm0=0x000004cb000004cb00006c2e00006c2e xmm1=0x00002caf00002caf0000a2170000a217 
  xmm2=0x0000670900006709000011b6000011b6 xmm3=0x0000c7ce0000c7ce0000013b0000013b 
  xmm4=0x0000de410000de4100008c9100008c91 xmm5=0x00001f7000001f7000006bdf00006bdf 
  xmm6=0x0000e78f0000e78f00008f0600008f06 xmm7=0x00006ab300006ab300002d7b00002d7b 

    > load from +0x4fd8 value 0x9b8e00009b8e
0x303b: pop rcx
  rax=0x0000000000000000 rbx=0x0000081600000816 rcx=0x0000000000000048 rdx=0x00009b8e00009b8e
  rsi=0x00003d3300003d33 rdi=0x0000f6a30000f6a3 flags=0b000001000110
  xmm0=0x000004cb000004cb00006c2e00006c2e xmm1=0x00002caf00002caf0000a2170000a217 
  xmm2=0x0000670900006709000011b6000011b6 xmm3=0x0000c7ce0000c7ce0000013b0000013b 
  xmm4=0x0000de410000de4100008c9100008c91 xmm5=0x00001f7000001f7000006bdf00006bdf 
  xmm6=0x0000e78f0000e78f00008f0600008f06 xmm7=0x00006ab300006ab300002d7b00002d7b 

    > load from +0x4fe0 value 0x341600003416
0x303c: pop rax
  rax=0x0000000000000000 rbx=0x0000081600000816 rcx=0x0000341600003416 rdx=0x00009b8e00009b8e
  rsi=0x00003d3300003d33 rdi=0x0000f6a30000f6a3 flags=0b000001000110
  xmm0=0x000004cb000004cb00006c2e00006c2e xmm1=0x00002caf00002caf0000a2170000a217 
  xmm2=0x0000670900006709000011b6000011b6 xmm3=0x0000c7ce0000c7ce0000013b0000013b 
  xmm4=0x0000de410000de4100008c9100008c91 xmm5=0x00001f7000001f7000006bdf00006bdf 
  xmm6=0x0000e78f0000e78f00008f0600008f06 xmm7=0x00006ab300006ab300002d7b00002d7b 

    > load from +0x4fe8 value 0x5ac200005ac2
0x303d: popfq 
  rax=0x00005ac200005ac2 rbx=0x0000081600000816 rcx=0x0000341600003416 rdx=0x00009b8e00009b8e
  rsi=0x00003d3300003d33 rdi=0x0000f6a30000f6a3 flags=0b000001000110
  xmm0=0x000004cb000004cb00006c2e00006c2e xmm1=0x00002caf00002caf0000a2170000a217 
  xmm2=0x0000670900006709000011b6000011b6 xmm3=0x0000c7ce0000c7ce0000013b0000013b 
  xmm4=0x0000de410000de4100008c9100008c91 xmm5=0x00001f7000001f7000006bdf00006bdf 
  xmm6=0x0000e78f0000e78f00008f0600008f06 xmm7=0x00006ab300006ab300002d7b00002d7b 

    > load from +0x4ff0 value 0x56
0x303e: and rdx, 0b1111111111111
  rax=0x00005ac200005ac2 rbx=0x0000081600000816 rcx=0x0000341600003416 rdx=0x00009b8e00009b8e
  rsi=0x00003d3300003d33 rdi=0x0000f6a30000f6a3 flags=0b000001010110
  xmm0=0x000004cb000004cb00006c2e00006c2e xmm1=0x00002caf00002caf0000a2170000a217 
  xmm2=0x0000670900006709000011b6000011b6 xmm3=0x0000c7ce0000c7ce0000013b0000013b 
  xmm4=0x0000de410000de4100008c9100008c91 xmm5=0x00001f7000001f7000006bdf00006bdf 
  xmm6=0x0000e78f0000e78f00008f0600008f06 xmm7=0x00006ab300006ab300002d7b00002d7b 

0x3045: imul si, [r14 +rdx], -28
  rax=0x00005ac200005ac2 rbx=0x0000081600000816 rcx=0x0000341600003416 rdx=0x0000000000001b8e
  rsi=0x00003d3300003d33 rdi=0x0000f6a30000f6a3 flags=0b000000000110
  xmm0=0x000004cb000004cb00006c2e00006c2e xmm1=0x00002caf00002caf0000a2170000a217 
  xmm2=0x0000670900006709000011b6000011b6 xmm3=0x0000c7ce0000c7ce0000013b0000013b 
  xmm4=0x0000de410000de4100008c9100008c91 xmm5=0x00001f7000001f7000006bdf00006bdf 
  xmm6=0x0000e78f0000e78f00008f0600008f06 xmm7=0x00006ab300006ab300002d7b00002d7b 

    > load from +0x5b8e value 0x0
0x304b: dec eax
  rax=0x00005ac200005ac2 rbx=0x0000081600000816 rcx=0x0000341600003416 rdx=0x0000000000001b8e
  rsi=0x00003d3300000000 rdi=0x0000f6a30000f6a3 flags=0b000001000110
  xmm0=0x000004cb000004cb00006c2e00006c2e xmm1=0x00002caf00002caf0000a2170000a217 
  xmm2=0x0000670900006709000011b6000011b6 xmm3=0x0000c7ce0000c7ce0000013b0000013b 
  xmm4=0x0000de410000de4100008c9100008c91 xmm5=0x00001f7000001f7000006bdf00006bdf 
  xmm6=0x0000e78f0000e78f00008f0600008f06 xmm7=0x00006ab300006ab300002d7b00002d7b 

0x304d: or eax, -81460010
  rax=0x0000000000005ac1 rbx=0x0000081600000816 rcx=0x0000341600003416 rdx=0x0000000000001b8e
  rsi=0x00003d3300000000 rdi=0x0000f6a30000f6a3 flags=0b000000000010
  xmm0=0x000004cb000004cb00006c2e00006c2e xmm1=0x00002caf00002caf0000a2170000a217 
  xmm2=0x0000670900006709000011b6000011b6 xmm3=0x0000c7ce0000c7ce0000013b0000013b 
  xmm4=0x0000de410000de4100008c9100008c91 xmm5=0x00001f7000001f7000006bdf00006bdf 
  xmm6=0x0000e78f0000e78f00008f0600008f06 xmm7=0x00006ab300006ab300002d7b00002d7b 

0x3052: btc ecx, 180
  rax=0x00000000fb255ed7 rbx=0x0000081600000816 rcx=0x0000341600003416 rdx=0x0000000000001b8e
  rsi=0x00003d3300000000 rdi=0x0000f6a30000f6a3 flags=0b000010000110
  xmm0=0x000004cb000004cb00006c2e00006c2e xmm1=0x00002caf00002caf0000a2170000a217 
  xmm2=0x0000670900006709000011b6000011b6 xmm3=0x0000c7ce0000c7ce0000013b0000013b 
  xmm4=0x0000de410000de4100008c9100008c91 xmm5=0x00001f7000001f7000006bdf00006bdf 
  xmm6=0x0000e78f0000e78f00008f0600008f06 xmm7=0x00006ab300006ab300002d7b00002d7b 

0x3056: xor eax, -1762807288
  rax=0x00000000fb255ed7 rbx=0x0000081600000816 rcx=0x0000000000103416 rdx=0x0000000000001b8e
  rsi=0x00003d3300000000 rdi=0x0000f6a30000f6a3 flags=0b100010000110
  xmm0=0x000004cb000004cb00006c2e00006c2e xmm1=0x00002caf00002caf0000a2170000a217 
  xmm2=0x0000670900006709000011b6000011b6 xmm3=0x0000c7ce0000c7ce0000013b0000013b 
  xmm4=0x0000de410000de4100008c9100008c91 xmm5=0x00001f7000001f7000006bdf00006bdf 
  xmm6=0x0000e78f0000e78f00008f0600008f06 xmm7=0x00006ab300006ab300002d7b00002d7b 

0x305b: and rbx, 0b1111111111111
  rax=0x000000006dc8ecdf rbx=0x0000081600000816 rcx=0x0000000000103416 rdx=0x0000000000001b8e
  rsi=0x00003d3300000000 rdi=0x0000f6a30000f6a3 flags=0b000000000010
  xmm0=0x000004cb000004cb00006c2e00006c2e xmm1=0x00002caf00002caf0000a2170000a217 
  xmm2=0x0000670900006709000011b6000011b6 xmm3=0x0000c7ce0000c7ce0000013b0000013b 
  xmm4=0x0000de410000de4100008c9100008c91 xmm5=0x00001f7000001f7000006bdf00006bdf 
  xmm6=0x0000e78f0000e78f00008f0600008f06 xmm7=0x00006ab300006ab300002d7b00002d7b 

0x3062: imul [r14 +rbx]
  rax=0x000000006dc8ecdf rbx=0x0000000000000816 rcx=0x0000000000103416 rdx=0x0000000000001b8e
  rsi=0x00003d3300000000 rdi=0x0000f6a30000f6a3 flags=0b000000000010
  xmm0=0x000004cb000004cb00006c2e00006c2e xmm1=0x00002caf00002caf0000a2170000a217 
  xmm2=0x0000670900006709000011b6000011b6 xmm3=0x0000c7ce0000c7ce0000013b0000013b 
  xmm4=0x0000de410000de4100008c9100008c91 xmm5=0x00001f7000001f7000006bdf00006bdf 
  xmm6=0x0000e78f0000e78f00008f0600008f06 xmm7=0x00006ab300006ab300002d7b00002d7b 

    > load from +0x4816 value 0xbd600000
0x3066: and rcx, 0b1111111111111
  rax=0x0000000076a00000 rbx=0x0000000000000816 rcx=0x0000000000103416 rdx=0x00000000e36d955a
  rsi=0x00003d3300000000 rdi=0x0000f6a30000f6a3 flags=0b100000000111
  xmm0=0x000004cb000004cb00006c2e00006c2e xmm1=0x00002caf00002caf0000a2170000a217 
  xmm2=0x0000670900006709000011b6000011b6 xmm3=0x0000c7ce0000c7ce0000013b0000013b 
  xmm4=0x0000de410000de4100008c9100008c91 xmm5=0x00001f7000001f7000006bdf00006bdf 
  xmm6=0x0000e78f0000e78f00008f0600008f06 xmm7=0x00006ab300006ab300002d7b00002d7b 

0x306d: bt [r14 +rcx], 6
  rax=0x0000000076a00000 rbx=0x0000000000000816 rcx=0x0000000000001416 rdx=0x00000000e36d955a
  rsi=0x00003d3300000000 rdi=0x0000f6a30000f6a3 flags=0b000000000010
  xmm0=0x000004cb000004cb00006c2e00006c2e xmm1=0x00002caf00002caf0000a2170000a217 
  xmm2=0x0000670900006709000011b6000011b6 xmm3=0x0000c7ce0000c7ce0000013b0000013b 
  xmm4=0x0000de410000de4100008c9100008c91 xmm5=0x00001f7000001f7000006bdf00006bdf 
  xmm6=0x0000e78f0000e78f00008f0600008f06 xmm7=0x00006ab300006ab300002d7b00002d7b 

    > load from +0x5416 value 0x32a0000032a0000
0x3073: cmovb di, bx
  rax=0x0000000076a00000 rbx=0x0000000000000816 rcx=0x0000000000001416 rdx=0x00000000e36d955a
  rsi=0x00003d3300000000 rdi=0x0000f6a30000f6a3 flags=0b000000000010
  xmm0=0x000004cb000004cb00006c2e00006c2e xmm1=0x00002caf00002caf0000a2170000a217 
  xmm2=0x0000670900006709000011b6000011b6 xmm3=0x0000c7ce0000c7ce0000013b0000013b 
  xmm4=0x0000de410000de4100008c9100008c91 xmm5=0x00001f7000001f7000006bdf00006bdf 
  xmm6=0x0000e78f0000e78f00008f0600008f06 xmm7=0x00006ab300006ab300002d7b00002d7b 

0x3077: and rax, 0b1111111111111
  rax=0x0000000076a00000 rbx=0x0000000000000816 rcx=0x0000000000001416 rdx=0x00000000e36d955a
  rsi=0x00003d3300000000 rdi=0x0000f6a30000f6a3 flags=0b000000000010
  xmm0=0x000004cb000004cb00006c2e00006c2e xmm1=0x00002caf00002caf0000a2170000a217 
  xmm2=0x0000670900006709000011b6000011b6 xmm3=0x0000c7ce0000c7ce0000013b0000013b 
  xmm4=0x0000de410000de4100008c9100008c91 xmm5=0x00001f7000001f7000006bdf00006bdf 
  xmm6=0x0000e78f0000e78f00008f0600008f06 xmm7=0x00006ab300006ab300002d7b00002d7b 

0x307d: add bx, [r14 +rax]
  rax=0x0000000000000000 rbx=0x0000000000000816 rcx=0x0000000000001416 rdx=0x00000000e36d955a
  rsi=0x00003d3300000000 rdi=0x0000f6a30000f6a3 flags=0b000001000110
  xmm0=0x000004cb000004cb00006c2e00006c2e xmm1=0x00002caf00002caf0000a2170000a217 
  xmm2=0x0000670900006709000011b6000011b6 xmm3=0x0000c7ce0000c7ce0000013b0000013b 
  xmm4=0x0000de410000de4100008c9100008c91 xmm5=0x00001f7000001f7000006bdf00006bdf 
  xmm6=0x0000e78f0000e78f00008f0600008f06 xmm7=0x00006ab300006ab300002d7b00002d7b 

    > load from +0x4000 value 0x267d
0x3082: and rax, 0b1111111111111
  rax=0x0000000000000000 rbx=0x0000000000002e93 rcx=0x0000000000001416 rdx=0x00000000e36d955a
  rsi=0x00003d3300000000 rdi=0x0000f6a30000f6a3 flags=0b000000010110
  xmm0=0x000004cb000004cb00006c2e00006c2e xmm1=0x00002caf00002caf0000a2170000a217 
  xmm2=0x0000670900006709000011b6000011b6 xmm3=0x0000c7ce0000c7ce0000013b0000013b 
  xmm4=0x0000de410000de4100008c9100008c91 xmm5=0x00001f7000001f7000006bdf00006bdf 
  xmm6=0x0000e78f0000e78f00008f0600008f06 xmm7=0x00006ab300006ab300002d7b00002d7b 

0x3088: cmovns ebx, [r14 +rax]
  rax=0x0000000000000000 rbx=0x0000000000002e93 rcx=0x0000000000001416 rdx=0x00000000e36d955a
  rsi=0x00003d3300000000 rdi=0x0000f6a30000f6a3 flags=0b000001000110
  xmm0=0x000004cb000004cb00006c2e00006c2e xmm1=0x00002caf00002caf0000a2170000a217 
  xmm2=0x0000670900006709000011b6000011b6 xmm3=0x0000c7ce0000c7ce0000013b0000013b 
  xmm4=0x0000de410000de4100008c9100008c91 xmm5=0x00001f7000001f7000006bdf00006bdf 
  xmm6=0x0000e78f0000e78f00008f0600008f06 xmm7=0x00006ab300006ab300002d7b00002d7b 

    > load from +0x4000 value 0x267d
0x308d: add ax, 11815
  rax=0x0000000000000000 rbx=0x000000000000267d rcx=0x0000000000001416 rdx=0x00000000e36d955a
  rsi=0x00003d3300000000 rdi=0x0000f6a30000f6a3 flags=0b000001000110
  xmm0=0x000004cb000004cb00006c2e00006c2e xmm1=0x00002caf00002caf0000a2170000a217 
  xmm2=0x0000670900006709000011b6000011b6 xmm3=0x0000c7ce0000c7ce0000013b0000013b 
  xmm4=0x0000de410000de4100008c9100008c91 xmm5=0x00001f7000001f7000006bdf00006bdf 
  xmm6=0x0000e78f0000e78f00008f0600008f06 xmm7=0x00006ab300006ab300002d7b00002d7b 

0x3091: setbe al
  rax=0x0000000000002e27 rbx=0x000000000000267d rcx=0x0000000000001416 rdx=0x00000000e36d955a
  rsi=0x00003d3300000000 rdi=0x0000f6a30000f6a3 flags=0b000000000110
  xmm0=0x000004cb000004cb00006c2e00006c2e xmm1=0x00002caf00002caf0000a2170000a217 
  xmm2=0x0000670900006709000011b6000011b6 xmm3=0x0000c7ce0000c7ce0000013b0000013b 
  xmm4=0x0000de410000de4100008c9100008c91 xmm5=0x00001f7000001f7000006bdf00006bdf 
  xmm6=0x0000e78f0000e78f00008f0600008f06 xmm7=0x00006ab300006ab300002d7b00002d7b 

0x3094: and rbx, 0b1111111111111
  rax=0x0000000000002e00 rbx=0x000000000000267d rcx=0x0000000000001416 rdx=0x00000000e36d955a
  rsi=0x00003d3300000000 rdi=0x0000f6a30000f6a3 flags=0b000000000110
  xmm0=0x000004cb000004cb00006c2e00006c2e xmm1=0x00002caf00002caf0000a2170000a217 
  xmm2=0x0000670900006709000011b6000011b6 xmm3=0x0000c7ce0000c7ce0000013b0000013b 
  xmm4=0x0000de410000de4100008c9100008c91 xmm5=0x00001f7000001f7000006bdf00006bdf 
  xmm6=0x0000e78f0000e78f00008f0600008f06 xmm7=0x00006ab300006ab300002d7b00002d7b 

0x309b: cmp cl, [r14 +rbx]
  rax=0x0000000000002e00 rbx=0x000000000000067d rcx=0x0000000000001416 rdx=0x00000000e36d955a
  rsi=0x00003d3300000000 rdi=0x0000f6a30000f6a3 flags=0b000000000110
  xmm0=0x000004cb000004cb00006c2e00006c2e xmm1=0x00002caf00002caf0000a2170000a217 
  xmm2=0x0000670900006709000011b6000011b6 xmm3=0x0000c7ce0000c7ce0000013b0000013b 
  xmm4=0x0000de410000de4100008c9100008c91 xmm5=0x00001f7000001f7000006bdf00006bdf 
  xmm6=0x0000e78f0000e78f00008f0600008f06 xmm7=0x00006ab300006ab300002d7b00002d7b 

    > load from +0x467d value 0xd5
0x309f: and rdx, 0b1111111111111
  rax=0x0000000000002e00 rbx=0x000000000000067d rcx=0x0000000000001416 rdx=0x00000000e36d955a
  rsi=0x00003d3300000000 rdi=0x0000f6a30000f6a3 flags=0b000000000111
  xmm0=0x000004cb000004cb00006c2e00006c2e xmm1=0x00002caf00002caf0000a2170000a217 
  xmm2=0x0000670900006709000011b6000011b6 xmm3=0x0000c7ce0000c7ce0000013b0000013b 
  xmm4=0x0000de410000de4100008c9100008c91 xmm5=0x00001f7000001f7000006bdf00006bdf 
  xmm6=0x0000e78f0000e78f00008f0600008f06 xmm7=0x00006ab300006ab300002d7b00002d7b 

0x30a6: xor rdx, [r14 +rdx]
  rax=0x0000000000002e00 rbx=0x000000000000067d rcx=0x0000000000001416 rdx=0x000000000000155a
  rsi=0x00003d3300000000 rdi=0x0000f6a30000f6a3 flags=0b000000000110
  xmm0=0x000004cb000004cb00006c2e00006c2e xmm1=0x00002caf00002caf0000a2170000a217 
  xmm2=0x0000670900006709000011b6000011b6 xmm3=0x0000c7ce0000c7ce0000013b0000013b 
  xmm4=0x0000de410000de4100008c9100008c91 xmm5=0x00001f7000001f7000006bdf00006bdf 
  xmm6=0x0000e78f0000e78f00008f0600008f06 xmm7=0x00006ab300006ab300002d7b00002d7b 

    > load from +0x555a value 0x83b10000a4b70000
0x30aa: and rdi, 0b1111111111111
  rax=0x0000000000002e00 rbx=0x000000000000067d rcx=0x0000000000001416 rdx=0x83b10000a4b7155a
  rsi=0x00003d3300000000 rdi=0x0000f6a30000f6a3 flags=0b000010000110
  xmm0=0x000004cb000004cb00006c2e00006c2e xmm1=0x00002caf00002caf0000a2170000a217 
  xmm2=0x0000670900006709000011b6000011b6 xmm3=0x0000c7ce0000c7ce0000013b0000013b 
  xmm4=0x0000de410000de4100008c9100008c91 xmm5=0x00001f7000001f7000006bdf00006bdf 
  xmm6=0x0000e78f0000e78f00008f0600008f06 xmm7=0x00006ab300006ab300002d7b00002d7b 

0x30b1: cmovo edx, [r14 +rdi]
  rax=0x0000000000002e00 rbx=0x000000000000067d rcx=0x0000000000001416 rdx=0x83b10000a4b7155a
  rsi=0x00003d3300000000 rdi=0x00000000000016a3 flags=0b000000000110
  xmm0=0x000004cb000004cb00006c2e00006c2e xmm1=0x00002caf00002caf0000a2170000a217 
  xmm2=0x0000670900006709000011b6000011b6 xmm3=0x0000c7ce0000c7ce0000013b0000013b 
  xmm4=0x0000de410000de4100008c9100008c91 xmm5=0x00001f7000001f7000006bdf00006bdf 
  xmm6=0x0000e78f0000e78f00008f0600008f06 xmm7=0x00006ab300006ab300002d7b00002d7b 

    > load from +0x56a3 value 0xf7200
0x30b6: and rdx, 0b1111111111111
  rax=0x0000000000002e00 rbx=0x000000000000067d rcx=0x0000000000001416 rdx=0x00000000a4b7155a
  rsi=0x00003d3300000000 rdi=0x00000000000016a3 flags=0b000000000110
  xmm0=0x000004cb000004cb00006c2e00006c2e xmm1=0x00002caf00002caf0000a2170000a217 
  xmm2=0x0000670900006709000011b6000011b6 xmm3=0x0000c7ce0000c7ce0000013b0000013b 
  xmm4=0x0000de410000de4100008c9100008c91 xmm5=0x00001f7000001f7000006bdf00006bdf 
  xmm6=0x0000e78f0000e78f00008f0600008f06 xmm7=0x00006ab300006ab300002d7b00002d7b 

0x30bd: xor rdi, [r14 +rdx]
  rax=0x0000000000002e00 rbx=0x000000000000067d rcx=0x0000000000001416 rdx=0x000000000000155a
  rsi=0x00003d3300000000 rdi=0x00000000000016a3 flags=0b000000000110
  xmm0=0x000004cb000004cb00006c2e00006c2e xmm1=0x00002caf00002caf0000a2170000a217 
  xmm2=0x0000670900006709000011b6000011b6 xmm3=0x0000c7ce0000c7ce0000013b0000013b 
  xmm4=0x0000de410000de4100008c9100008c91 xmm5=0x00001f7000001f7000006bdf00006bdf 
  xmm6=0x0000e78f0000e78f00008f0600008f06 xmm7=0x00006ab300006ab300002d7b00002d7b 

    > load from +0x555a value 0x83b10000a4b70000
0x30c1: and rbx, 0b1111111111111
  rax=0x0000000000002e00 rbx=0x000000000000067d rcx=0x0000000000001416 rdx=0x000000000000155a
  rsi=0x00003d3300000000 rdi=0x83b10000a4b716a3 flags=0b000010000110
  xmm0=0x000004cb000004cb00006c2e00006c2e xmm1=0x00002caf00002caf0000a2170000a217 
  xmm2=0x0000670900006709000011b6000011b6 xmm3=0x0000c7ce0000c7ce0000013b0000013b 
  xmm4=0x0000de410000de4100008c9100008c91 xmm5=0x00001f7000001f7000006bdf00006bdf 
  xmm6=0x0000e78f0000e78f00008f0600008f06 xmm7=0x00006ab300006ab300002d7b00002d7b 

0x30c8: mov bx, [r14 +rbx]
  rax=0x0000000000002e00 rbx=0x000000000000067d rcx=0x0000000000001416 rdx=0x000000000000155a
  rsi=0x00003d3300000000 rdi=0x83b10000a4b716a3 flags=0b000000000110
  xmm0=0x000004cb000004cb00006c2e00006c2e xmm1=0x00002caf00002caf0000a2170000a217 
  xmm2=0x0000670900006709000011b6000011b6 xmm3=0x0000c7ce0000c7ce0000013b0000013b 
  xmm4=0x0000de410000de4100008c9100008c91 xmm5=0x00001f7000001f7000006bdf00006bdf 
  xmm6=0x0000e78f0000e78f00008f0600008f06 xmm7=0x00006ab300006ab300002d7b00002d7b 

    > load from +0x467d value 0xd5
0x30cd: adc rbx, rbx
  rax=0x0000000000002e00 rbx=0x00000000000000d5 rcx=0x0000000000001416 rdx=0x000000000000155a
  rsi=0x00003d3300000000 rdi=0x83b10000a4b716a3 flags=0b000000000110
  xmm0=0x000004cb000004cb00006c2e00006c2e xmm1=0x00002caf00002caf0000a2170000a217 
  xmm2=0x0000670900006709000011b6000011b6 xmm3=0x0000c7ce0000c7ce0000013b0000013b 
  xmm4=0x0000de410000de4100008c9100008c91 xmm5=0x00001f7000001f7000006bdf00006bdf 
  xmm6=0x0000e78f0000e78f00008f0600008f06 xmm7=0x00006ab300006ab300002d7b00002d7b 

0x30d0: xor edi, esi
  rax=0x0000000000002e00 rbx=0x00000000000001aa rcx=0x0000000000001416 rdx=0x000000000000155a
  rsi=0x00003d3300000000 rdi=0x83b10000a4b716a3 flags=0b000000000110
  xmm0=0x000004cb000004cb00006c2e00006c2e xmm1=0x00002caf00002caf0000a2170000a217 
  xmm2=0x0000670900006709000011b6000011b6 xmm3=0x0000c7ce0000c7ce0000013b0000013b 
  xmm4=0x0000de410000de4100008c9100008c91 xmm5=0x00001f7000001f7000006bdf00006bdf 
  xmm6=0x0000e78f0000e78f00008f0600008f06 xmm7=0x00006ab300006ab300002d7b00002d7b 

0x30d2: bts esi, eax
  rax=0x0000000000002e00 rbx=0x00000000000001aa rcx=0x0000000000001416 rdx=0x000000000000155a
  rsi=0x00003d3300000000 rdi=0x00000000a4b716a3 flags=0b000010000110
  xmm0=0x000004cb000004cb00006c2e00006c2e xmm1=0x00002caf00002caf0000a2170000a217 
  xmm2=0x0000670900006709000011b6000011b6 xmm3=0x0000c7ce0000c7ce0000013b0000013b 
  xmm4=0x0000de410000de4100008c9100008c91 xmm5=0x00001f7000001f7000006bdf00006bdf 
  xmm6=0x0000e78f0000e78f00008f0600008f06 xmm7=0x00006ab300006ab300002d7b00002d7b 

0x30d5: add sil, 72
  rax=0x0000000000002e00 rbx=0x00000000000001aa rcx=0x0000000000001416 rdx=0x000000000000155a
  rsi=0x0000000000000001 rdi=0x00000000a4b716a3 flags=0b100010000110
  xmm0=0x000004cb000004cb00006c2e00006c2e xmm1=0x00002caf00002caf0000a2170000a217 
  xmm2=0x0000670900006709000011b6000011b6 xmm3=0x0000c7ce0000c7ce0000013b0000013b 
  xmm4=0x0000de410000de4100008c9100008c91 xmm5=0x00001f7000001f7000006bdf00006bdf 
  xmm6=0x0000e78f0000e78f00008f0600008f06 xmm7=0x00006ab300006ab300002d7b00002d7b 

0x30d9: and rdi, 0b1111111111111
  rax=0x0000000000002e00 rbx=0x00000000000001aa rcx=0x0000000000001416 rdx=0x000000000000155a
  rsi=0x0000000000000049 rdi=0x00000000a4b716a3 flags=0b000000000010
  xmm0=0x000004cb000004cb00006c2e00006c2e xmm1=0x00002caf00002caf0000a2170000a217 
  xmm2=0x0000670900006709000011b6000011b6 xmm3=0x0000c7ce0000c7ce0000013b0000013b 
  xmm4=0x0000de410000de4100008c9100008c91 xmm5=0x00001f7000001f7000006bdf00006bdf 
  xmm6=0x0000e78f0000e78f00008f0600008f06 xmm7=0x00006ab300006ab300002d7b00002d7b 

0x30e0: cmovns cx, [r14 +rdi]
  rax=0x0000000000002e00 rbx=0x00000000000001aa rcx=0x0000000000001416 rdx=0x000000000000155a
  rsi=0x0000000000000049 rdi=0x00000000000016a3 flags=0b000000000110
  xmm0=0x000004cb000004cb00006c2e00006c2e xmm1=0x00002caf00002caf0000a2170000a217 
  xmm2=0x0000670900006709000011b6000011b6 xmm3=0x0000c7ce0000c7ce0000013b0000013b 
  xmm4=0x0000de410000de4100008c9100008c91 xmm5=0x00001f7000001f7000006bdf00006bdf 
  xmm6=0x0000e78f0000e78f00008f0600008f06 xmm7=0x00006ab300006ab300002d7b00002d7b 

    > load from +0x56a3 value 0x7200
0x30e6: and rdx, 0b1111111111111
  rax=0x0000000000002e00 rbx=0x00000000000001aa rcx=0x0000000000007200 rdx=0x000000000000155a
  rsi=0x0000000000000049 rdi=0x00000000000016a3 flags=0b000000000110
  xmm0=0x000004cb000004cb00006c2e00006c2e xmm1=0x00002caf00002caf0000a2170000a217 
  xmm2=0x0000670900006709000011b6000011b6 xmm3=0x0000c7ce0000c7ce0000013b0000013b 
  xmm4=0x0000de410000de4100008c9100008c91 xmm5=0x00001f7000001f7000006bdf00006bdf 
  xmm6=0x0000e78f0000e78f00008f0600008f06 xmm7=0x00006ab300006ab300002d7b00002d7b 

0x30ed: imul di, [r14 +rdx], 91
  rax=0x0000000000002e00 rbx=0x00000000000001aa rcx=0x0000000000007200 rdx=0x000000000000155a
  rsi=0x0000000000000049 rdi=0x00000000000016a3 flags=0b000000000110
  xmm0=0x000004cb000004cb00006c2e00006c2e xmm1=0x00002caf00002caf0000a2170000a217 
  xmm2=0x0000670900006709000011b6000011b6 xmm3=0x0000c7ce0000c7ce0000013b0000013b 
  xmm4=0x0000de410000de4100008c9100008c91 xmm5=0x00001f7000001f7000006bdf00006bdf 
  xmm6=0x0000e78f0000e78f00008f0600008f06 xmm7=0x00006ab300006ab300002d7b00002d7b 

    > load from +0x555a value 0x0
0x30f3: and rsi, 0b1111111111111
  rax=0x0000000000002e00 rbx=0x00000000000001aa rcx=0x0000000000007200 rdx=0x000000000000155a
  rsi=0x0000000000000049 rdi=0x0000000000000000 flags=0b000001000110
  xmm0=0x000004cb000004cb00006c2e00006c2e xmm1=0x00002caf00002caf0000a2170000a217 
  xmm2=0x0000670900006709000011b6000011b6 xmm3=0x0000c7ce0000c7ce0000013b0000013b 
  xmm4=0x0000de410000de4100008c9100008c91 xmm5=0x00001f7000001f7000006bdf00006bdf 
  xmm6=0x0000e78f0000e78f00008f0600008f06 xmm7=0x00006ab300006ab300002d7b00002d7b 

0x30fa: adc ecx, [r14 +rsi]
  rax=0x0000000000002e00 rbx=0x00000000000001aa rcx=0x0000000000007200 rdx=0x000000000000155a
  rsi=0x0000000000000049 rdi=0x0000000000000000 flags=0b000000000010
  xmm0=0x000004cb000004cb00006c2e00006c2e xmm1=0x00002caf00002caf0000a2170000a217 
  xmm2=0x0000670900006709000011b6000011b6 xmm3=0x0000c7ce0000c7ce0000013b0000013b 
  xmm4=0x0000de410000de4100008c9100008c91 xmm5=0x00001f7000001f7000006bdf00006bdf 
  xmm6=0x0000e78f0000e78f00008f0600008f06 xmm7=0x00006ab300006ab300002d7b00002d7b 

    > load from +0x4049 value 0x2900001e
0x30fe: cmp eax, -494562875
  rax=0x0000000000002e00 rbx=0x00000000000001aa rcx=0x000000002900721e rdx=0x000000000000155a
  rsi=0x0000000000000049 rdi=0x0000000000000000 flags=0b000000000110
  xmm0=0x000004cb000004cb00006c2e00006c2e xmm1=0x00002caf00002caf0000a2170000a217 
  xmm2=0x0000670900006709000011b6000011b6 xmm3=0x0000c7ce0000c7ce0000013b0000013b 
  xmm4=0x0000de410000de4100008c9100008c91 xmm5=0x00001f7000001f7000006bdf00006bdf 
  xmm6=0x0000e78f0000e78f00008f0600008f06 xmm7=0x00006ab300006ab300002d7b00002d7b 

0x3103: and rcx, 0b1111111111111
  rax=0x0000000000002e00 rbx=0x00000000000001aa rcx=0x000000002900721e rdx=0x000000000000155a
  rsi=0x0000000000000049 rdi=0x0000000000000000 flags=0b000000010011
  xmm0=0x000004cb000004cb00006c2e00006c2e xmm1=0x00002caf00002caf0000a2170000a217 
  xmm2=0x0000670900006709000011b6000011b6 xmm3=0x0000c7ce0000c7ce0000013b0000013b 
  xmm4=0x0000de410000de4100008c9100008c91 xmm5=0x00001f7000001f7000006bdf00006bdf 
  xmm6=0x0000e78f0000e78f00008f0600008f06 xmm7=0x00006ab300006ab300002d7b00002d7b 

0x310a: add sil, 40
  rax=0x0000000000002e00 rbx=0x00000000000001aa rcx=0x000000000000121e rdx=0x000000000000155a
  rsi=0x0000000000000049 rdi=0x0000000000000000 flags=0b000000000110
  xmm0=0x000004cb000004cb00006c2e00006c2e xmm1=0x00002caf00002caf0000a2170000a217 
  xmm2=0x0000670900006709000011b6000011b6 xmm3=0x0000c7ce0000c7ce0000013b0000013b 
  xmm4=0x0000de410000de4100008c9100008c91 xmm5=0x00001f7000001f7000006bdf00006bdf 
  xmm6=0x0000e78f0000e78f00008f0600008f06 xmm7=0x00006ab300006ab300002d7b00002d7b 

0x310e: movzx rcx, cx
  rax=0x0000000000002e00 rbx=0x00000000000001aa rcx=0x000000000000121e rdx=0x000000000000155a
  rsi=0x0000000000000071 rdi=0x0000000000000000 flags=0b000000010110
  xmm0=0x000004cb000004cb00006c2e00006c2e xmm1=0x00002caf00002caf0000a2170000a217 
  xmm2=0x0000670900006709000011b6000011b6 xmm3=0x0000c7ce0000c7ce0000013b0000013b 
  xmm4=0x0000de410000de4100008c9100008c91 xmm5=0x00001f7000001f7000006bdf00006bdf 
  xmm6=0x0000e78f0000e78f00008f0600008f06 xmm7=0x00006ab300006ab300002d7b00002d7b 

0x3112: not eax
  rax=0x0000000000002e00 rbx=0x00000000000001aa rcx=0x000000000000121e rdx=0x000000000000155a
  rsi=0x0000000000000071 rdi=0x0000000000000000 flags=0b000000010110
  xmm0=0x000004cb000004cb00006c2e00006c2e xmm1=0x00002caf00002caf0000a2170000a217 
  xmm2=0x0000670900006709000011b6000011b6 xmm3=0x0000c7ce0000c7ce0000013b0000013b 
  xmm4=0x0000de410000de4100008c9100008c91 xmm5=0x00001f7000001f7000006bdf00006bdf 
  xmm6=0x0000e78f0000e78f00008f0600008f06 xmm7=0x00006ab300006ab300002d7b00002d7b 

0x3114: and rax, 0b1111111111111
  rax=0x00000000ffffd1ff rbx=0x00000000000001aa rcx=0x000000000000121e rdx=0x000000000000155a
  rsi=0x0000000000000071 rdi=0x0000000000000000 flags=0b000000010110
  xmm0=0x000004cb000004cb00006c2e00006c2e xmm1=0x00002caf00002caf0000a2170000a217 
  xmm2=0x0000670900006709000011b6000011b6 xmm3=0x0000c7ce0000c7ce0000013b0000013b 
  xmm4=0x0000de410000de4100008c9100008c91 xmm5=0x00001f7000001f7000006bdf00006bdf 
  xmm6=0x0000e78f0000e78f00008f0600008f06 xmm7=0x00006ab300006ab300002d7b00002d7b 

0x311a: cmovbe esi, [r14 +rax]
  rax=0x00000000000011ff rbx=0x00000000000001aa rcx=0x000000000000121e rdx=0x000000000000155a
  rsi=0x0000000000000071 rdi=0x0000000000000000 flags=0b000000000110
  xmm0=0x000004cb000004cb00006c2e00006c2e xmm1=0x00002caf00002caf0000a2170000a217 
  xmm2=0x0000670900006709000011b6000011b6 xmm3=0x0000c7ce0000c7ce0000013b0000013b 
  xmm4=0x0000de410000de4100008c9100008c91 xmm5=0x00001f7000001f7000006bdf00006bdf 
  xmm6=0x0000e78f0000e78f00008f0600008f06 xmm7=0x00006ab300006ab300002d7b00002d7b 

    > load from +0x51ff value 0x8a3200
0x311f: setno dil
  rax=0x00000000000011ff rbx=0x00000000000001aa rcx=0x000000000000121e rdx=0x000000000000155a
  rsi=0x0000000000000071 rdi=0x0000000000000000 flags=0b000000000110
  xmm0=0x000004cb000004cb00006c2e00006c2e xmm1=0x00002caf00002caf0000a2170000a217 
  xmm2=0x0000670900006709000011b6000011b6 xmm3=0x0000c7ce0000c7ce0000013b0000013b 
  xmm4=0x0000de410000de4100008c9100008c91 xmm5=0x00001f7000001f7000006bdf00006bdf 
  xmm6=0x0000e78f0000e78f00008f0600008f06 xmm7=0x00006ab300006ab300002d7b00002d7b 

0x3123: or al, -126
  rax=0x00000000000011ff rbx=0x00000000000001aa rcx=0x000000000000121e rdx=0x000000000000155a
  rsi=0x0000000000000071 rdi=0x0000000000000001 flags=0b000000000110
  xmm0=0x000004cb000004cb00006c2e00006c2e xmm1=0x00002caf00002caf0000a2170000a217 
  xmm2=0x0000670900006709000011b6000011b6 xmm3=0x0000c7ce0000c7ce0000013b0000013b 
  xmm4=0x0000de410000de4100008c9100008c91 xmm5=0x00001f7000001f7000006bdf00006bdf 
  xmm6=0x0000e78f0000e78f00008f0600008f06 xmm7=0x00006ab300006ab300002d7b00002d7b 

0x3125: and rdi, 0b1111111111111
  rax=0x00000000000011ff rbx=0x00000000000001aa rcx=0x000000000000121e rdx=0x000000000000155a
  rsi=0x0000000000000071 rdi=0x0000000000000001 flags=0b000010000110
  xmm0=0x000004cb000004cb00006c2e00006c2e xmm1=0x00002caf00002caf0000a2170000a217 
  xmm2=0x0000670900006709000011b6000011b6 xmm3=0x0000c7ce0000c7ce0000013b0000013b 
  xmm4=0x0000de410000de4100008c9100008c91 xmm5=0x00001f7000001f7000006bdf00006bdf 
  xmm6=0x0000e78f0000e78f00008f0600008f06 xmm7=0x00006ab300006ab300002d7b00002d7b 

0x312c: imul [r14 +rdi]
  rax=0x00000000000011ff rbx=0x00000000000001aa rcx=0x000000000000121e rdx=0x000000000000155a
  rsi=0x0000000000000071 rdi=0x0000000000000001 flags=0b000000000010
  xmm0=0x000004cb000004cb00006c2e00006c2e xmm1=0x00002caf00002caf0000a2170000a217 
  xmm2=0x0000670900006709000011b6000011b6 xmm3=0x0000c7ce0000c7ce0000013b0000013b 
  xmm4=0x0000de410000de4100008c9100008c91 xmm5=0x00001f7000001f7000006bdf00006bdf 
  xmm6=0x0000e78f0000e78f00008f0600008f06 xmm7=0x00006ab300006ab300002d7b00002d7b 

    > load from +0x4001 value 0x26
0x3131: and rcx, 0b1111111111111
  rax=0x000000000000abda rbx=0x00000000000001aa rcx=0x000000000000121e rdx=0x0000000000000002
  rsi=0x0000000000000071 rdi=0x0000000000000001 flags=0b100010000011
  xmm0=0x000004cb000004cb00006c2e00006c2e xmm1=0x00002caf00002caf0000a2170000a217 
  xmm2=0x0000670900006709000011b6000011b6 xmm3=0x0000c7ce0000c7ce0000013b0000013b 
  xmm4=0x0000de410000de4100008c9100008c91 xmm5=0x00001f7000001f7000006bdf00006bdf 
  xmm6=0x0000e78f0000e78f00008f0600008f06 xmm7=0x00006ab300006ab300002d7b00002d7b 

0x3138: or [r14 +rcx], 0b1000000000000000000000000000000
  rax=0x000000000000abda rbx=0x00000000000001aa rcx=0x000000000000121e rdx=0x0000000000000002
  rsi=0x0000000000000071 rdi=0x0000000000000001 flags=0b000000000110
  xmm0=0x000004cb000004cb00006c2e00006c2e xmm1=0x00002caf00002caf0000a2170000a217 
  xmm2=0x0000670900006709000011b6000011b6 xmm3=0x0000c7ce0000c7ce0000013b0000013b 
  xmm4=0x0000de410000de4100008c9100008c91 xmm5=0x00001f7000001f7000006bdf00006bdf 
  xmm6=0x0000e78f0000e78f00008f0600008f06 xmm7=0x00006ab300006ab300002d7b00002d7b 

    > load from +0x521e value 0x6008000060080000
    > store to +0x521e value 0x6008000060080000
0x3140: bsr rcx, [r14 +rcx]
  rax=0x000000000000abda rbx=0x00000000000001aa rcx=0x000000000000121e rdx=0x0000000000000002
  rsi=0x0000000000000071 rdi=0x0000000000000001 flags=0b000000000110
  xmm0=0x000004cb000004cb00006c2e00006c2e xmm1=0x00002caf00002caf0000a2170000a217 
  xmm2=0x0000670900006709000011b6000011b6 xmm3=0x0000c7ce0000c7ce0000013b0000013b 
  xmm4=0x0000de410000de4100008c9100008c91 xmm5=0x00001f7000001f7000006bdf00006bdf 
  xmm6=0x0000e78f0000e78f00008f0600008f06 xmm7=0x00006ab300006ab300002d7b00002d7b 

    > load from +0x521e value 0x6008000060080000
0x3145: cmp rax, 1627981484
  rax=0x000000000000abda rbx=0x00000000000001aa rcx=0x000000000000003e rdx=0x0000000000000002
  rsi=0x0000000000000071 rdi=0x0000000000000001 flags=0b000000000110
  xmm0=0x000004cb000004cb00006c2e00006c2e xmm1=0x00002caf00002caf0000a2170000a217 
  xmm2=0x0000670900006709000011b6000011b6 xmm3=0x0000c7ce0000c7ce0000013b0000013b 
  xmm4=0x0000de410000de4100008c9100008c91 xmm5=0x00001f7000001f7000006bdf00006bdf 
  xmm6=0x0000e78f0000e78f00008f0600008f06 xmm7=0x00006ab300006ab300002d7b00002d7b 

0x314b: sbb cl, 112
  rax=0x000000000000abda rbx=0x00000000000001aa rcx=0x000000000000003e rdx=0x0000000000000002
  rsi=0x0000000000000071 rdi=0x0000000000000001 flags=0b000010010111
  xmm0=0x000004cb000004cb00006c2e00006c2e xmm1=0x00002caf00002caf0000a2170000a217 
  xmm2=0x0000670900006709000011b6000011b6 xmm3=0x0000c7ce0000c7ce0000013b0000013b 
  xmm4=0x0000de410000de4100008c9100008c91 xmm5=0x00001f7000001f7000006bdf00006bdf 
  xmm6=0x0000e78f0000e78f00008f0600008f06 xmm7=0x00006ab300006ab300002d7b00002d7b 

0x314e: movsx rbx, bx
  rax=0x000000000000abda rbx=0x00000000000001aa rcx=0x00000000000000cd rdx=0x0000000000000002
  rsi=0x0000000000000071 rdi=0x0000000000000001 flags=0b000010000011
  xmm0=0x000004cb000004cb00006c2e00006c2e xmm1=0x00002caf00002caf0000a2170000a217 
  xmm2=0x0000670900006709000011b6000011b6 xmm3=0x0000c7ce0000c7ce0000013b0000013b 
  xmm4=0x0000de410000de4100008c9100008c91 xmm5=0x00001f7000001f7000006bdf00006bdf 
  xmm6=0x0000e78f0000e78f00008f0600008f06 xmm7=0x00006ab300006ab300002d7b00002d7b 

0x3152: and rdi, 0b1111111111111
  rax=0x000000000000abda rbx=0x00000000000001aa rcx=0x00000000000000cd rdx=0x0000000000000002
  rsi=0x0000000000000071 rdi=0x0000000000000001 flags=0b000010000011
  xmm0=0x000004cb000004cb00006c2e00006c2e xmm1=0x00002caf00002caf0000a2170000a217 
  xmm2=0x0000670900006709000011b6000011b6 xmm3=0x0000c7ce0000c7ce0000013b0000013b 
  xmm4=0x0000de410000de4100008c9100008c91 xmm5=0x00001f7000001f7000006bdf00006bdf 
  xmm6=0x0000e78f0000e78f00008f0600008f06 xmm7=0x00006ab300006ab300002d7b00002d7b 

0x3159: cmovno esi, [r14 +rdi]
  rax=0x000000000000abda rbx=0x00000000000001aa rcx=0x00000000000000cd rdx=0x0000000000000002
  rsi=0x0000000000000071 rdi=0x0000000000000001 flags=0b000000000010
  xmm0=0x000004cb000004cb00006c2e00006c2e xmm1=0x00002caf00002caf0000a2170000a217 
  xmm2=0x0000670900006709000011b6000011b6 xmm3=0x0000c7ce0000c7ce0000013b0000013b 
  xmm4=0x0000de410000de4100008c9100008c91 xmm5=0x00001f7000001f7000006bdf00006bdf 
  xmm6=0x0000e78f0000e78f00008f0600008f06 xmm7=0x00006ab300006ab300002d7b00002d7b 

    > load from +0x4001 value 0x7d000026
0x315e: and rbx, 0b1111111111111
  rax=0x000000000000abda rbx=0x00000000000001aa rcx=0x00000000000000cd rdx=0x0000000000000002
  rsi=0x000000007d000026 rdi=0x0000000000000001 flags=0b000000000010
  xmm0=0x000004cb000004cb00006c2e00006c2e xmm1=0x00002caf00002caf0000a2170000a217 
  xmm2=0x0000670900006709000011b6000011b6 xmm3=0x0000c7ce0000c7ce0000013b0000013b 
  xmm4=0x0000de410000de4100008c9100008c91 xmm5=0x00001f7000001f7000006bdf00006bdf 
  xmm6=0x0000e78f0000e78f00008f0600008f06 xmm7=0x00006ab300006ab300002d7b00002d7b 

0x3165: or [r14 +rbx], 0b1000000000000000
  rax=0x000000000000abda rbx=0x00000000000001aa rcx=0x00000000000000cd rdx=0x0000000000000002
  rsi=0x000000007d000026 rdi=0x0000000000000001 flags=0b000000000110
  xmm0=0x000004cb000004cb00006c2e00006c2e xmm1=0x00002caf00002caf0000a2170000a217 
  xmm2=0x0000670900006709000011b6000011b6 xmm3=0x0000c7ce0000c7ce0000013b0000013b 
  xmm4=0x0000de410000de4100008c9100008c91 xmm5=0x00001f7000001f7000006bdf00006bdf 
  xmm6=0x0000e78f0000e78f00008f0600008f06 xmm7=0x00006ab300006ab300002d7b00002d7b 

    > load from +0x41aa value 0x0
    > store to +0x41aa value 0x8000
0x316c: bsr si, [r14 +rbx]
  rax=0x000000000000abda rbx=0x00000000000001aa rcx=0x00000000000000cd rdx=0x0000000000000002
  rsi=0x000000007d000026 rdi=0x0000000000000001 flags=0b000010000110
  xmm0=0x000004cb000004cb00006c2e00006c2e xmm1=0x00002caf00002caf0000a2170000a217 
  xmm2=0x0000670900006709000011b6000011b6 xmm3=0x0000c7ce0000c7ce0000013b0000013b 
  xmm4=0x0000de410000de4100008c9100008c91 xmm5=0x00001f7000001f7000006bdf00006bdf 
  xmm6=0x0000e78f0000e78f00008f0600008f06 xmm7=0x00006ab300006ab300002d7b00002d7b 

    > load from +0x41aa value 0x8000
0x3172: btr rbx, rdi
  rax=0x000000000000abda rbx=0x00000000000001aa rcx=0x00000000000000cd rdx=0x0000000000000002
  rsi=0x000000007d00000f rdi=0x0000000000000001 flags=0b000010000110
  xmm0=0x000004cb000004cb00006c2e00006c2e xmm1=0x00002caf00002caf0000a2170000a217 
  xmm2=0x0000670900006709000011b6000011b6 xmm3=0x0000c7ce0000c7ce0000013b0000013b 
  xmm4=0x0000de410000de4100008c9100008c91 xmm5=0x00001f7000001f7000006bdf00006bdf 
  xmm6=0x0000e78f0000e78f00008f0600008f06 xmm7=0x00006ab300006ab300002d7b00002d7b 

0x3176: add sil, -63
  rax=0x000000000000abda rbx=0x00000000000001a8 rcx=0x00000000000000cd rdx=0x0000000000000002
  rsi=0x000000007d00000f rdi=0x0000000000000001 flags=0b100010000111
  xmm0=0x000004cb000004cb00006c2e00006c2e xmm1=0x00002caf00002caf0000a2170000a217 
  xmm2=0x0000670900006709000011b6000011b6 xmm3=0x0000c7ce0000c7ce0000013b0000013b 
  xmm4=0x0000de410000de4100008c9100008c91 xmm5=0x00001f7000001f7000006bdf00006bdf 
  xmm6=0x0000e78f0000e78f00008f0600008f06 xmm7=0x00006ab300006ab300002d7b00002d7b 

0x317a: and rcx, 0b1111111111111
  rax=0x000000000000abda rbx=0x00000000000001a8 rcx=0x00000000000000cd rdx=0x0000000000000002
  rsi=0x000000007d0000d0 rdi=0x0000000000000001 flags=0b000010010010
  xmm0=0x000004cb000004cb00006c2e00006c2e xmm1=0x00002caf00002caf0000a2170000a217 
  xmm2=0x0000670900006709000011b6000011b6 xmm3=0x0000c7ce0000c7ce0000013b0000013b 
  xmm4=0x0000de410000de4100008c9100008c91 xmm5=0x00001f7000001f7000006bdf00006bdf 
  xmm6=0x0000e78f0000e78f00008f0600008f06 xmm7=0x00006ab300006ab300002d7b00002d7b 

0x3181: cmovs rdx, [r14 +rcx]
  rax=0x000000000000abda rbx=0x00000000000001a8 rcx=0x00000000000000cd rdx=0x0000000000000002
  rsi=0x000000007d0000d0 rdi=0x0000000000000001 flags=0b000000000010
  xmm0=0x000004cb000004cb00006c2e00006c2e xmm1=0x00002caf00002caf0000a2170000a217 
  xmm2=0x0000670900006709000011b6000011b6 xmm3=0x0000c7ce0000c7ce0000013b0000013b 
  xmm4=0x0000de410000de4100008c9100008c91 xmm5=0x00001f7000001f7000006bdf00006bdf 
  xmm6=0x0000e78f0000e78f00008f0600008f06 xmm7=0x00006ab300006ab300002d7b00002d7b 

    > load from +0x40cd value 0x1a0000e21a0000d0
0x3186: bt eax, 71
  rax=0x000000000000abda rbx=0x00000000000001a8 rcx=0x00000000000000cd rdx=0x0000000000000002
  rsi=0x000000007d0000d0 rdi=0x0000000000000001 flags=0b000000000010
  xmm0=0x000004cb000004cb00006c2e00006c2e xmm1=0x00002caf00002caf0000a2170000a217 
  xmm2=0x0000670900006709000011b6000011b6 xmm3=0x0000c7ce0000c7ce0000013b0000013b 
  xmm4=0x0000de410000de4100008c9100008c91 xmm5=0x00001f7000001f7000006bdf00006bdf 
  xmm6=0x0000e78f0000e78f00008f0600008f06 xmm7=0x00006ab300006ab300002d7b00002d7b 

0x318a: macro .switch, .main.function_main_1
  rax=0x000000000000abda rbx=0x00000000000001a8 rcx=0x00000000000000cd rdx=0x0000000000000002
  rsi=0x000000007d0000d0 rdi=0x0000000000000001 flags=0b000000000011
  xmm0=0x000004cb000004cb00006c2e00006c2e xmm1=0x00002caf00002caf0000a2170000a217 
  xmm2=0x0000670900006709000011b6000011b6 xmm3=0x0000c7ce0000c7ce0000013b0000013b 
  xmm4=0x0000de410000de4100008c9100008c91 xmm5=0x00001f7000001f7000006bdf00006bdf 
  xmm6=0x0000e78f0000e78f00008f0600008f06 xmm7=0x00006ab300006ab300002d7b00002d7b 

0x8 : and rdi, 0b1111111111111
  rax=0x000000000000abda rbx=0x00000000000001a8 rcx=0x00000000000000cd rdx=0x0000000000000002
  rsi=0x000000007d0000d0 rdi=0x0000000000000001 flags=0b000000000011
  xmm0=0x000004cb000004cb00006c2e00006c2e xmm1=0x00002caf00002caf0000a2170000a217 
  xmm2=0x0000670900006709000011b6000011b6 xmm3=0x0000c7ce0000c7ce0000013b0000013b 
  xmm4=0x0000de410000de4100008c9100008c91 xmm5=0x00001f7000001f7000006bdf00006bdf 
  xmm6=0x0000e78f0000e78f00008f0600008f06 xmm7=0x00006ab300006ab300002d7b00002d7b 

0xf : and rbx, 0b111
  rax=0x000000000000abda rbx=0x00000000000001a8 rcx=0x00000000000000cd rdx=0x0000000000000002
  rsi=0x000000007d0000d0 rdi=0x0000000000000001 flags=0b000000000010
  xmm0=0x000004cb000004cb00006c2e00006c2e xmm1=0x00002caf00002caf0000a2170000a217 
  xmm2=0x0000670900006709000011b6000011b6 xmm3=0x0000c7ce0000c7ce0000013b0000013b 
  xmm4=0x0000de410000de4100008c9100008c91 xmm5=0x00001f7000001f7000006bdf00006bdf 
  xmm6=0x0000e78f0000e78f00008f0600008f06 xmm7=0x00006ab300006ab300002d7b00002d7b 

0x13: bt [r14 +rdi], rbx
  rax=0x000000000000abda rbx=0x0000000000000000 rcx=0x00000000000000cd rdx=0x0000000000000002
  rsi=0x000000007d0000d0 rdi=0x0000000000000001 flags=0b000001000110
  xmm0=0x000004cb000004cb00006c2e00006c2e xmm1=0x00002caf00002caf0000a2170000a217 
  xmm2=0x0000670900006709000011b6000011b6 xmm3=0x0000c7ce0000c7ce0000013b0000013b 
  xmm4=0x0000de410000de4100008c9100008c91 xmm5=0x00001f7000001f7000006bdf00006bdf 
  xmm6=0x0000e78f0000e78f00008f0600008f06 xmm7=0x00006ab300006ab300002d7b00002d7b 

    > load from +0x1 value 0xc80000f8540000f8
0x18: cmpxchg cx, di
  rax=0x000000000000abda rbx=0x0000000000000000 rcx=0x00000000000000cd rdx=0x0000000000000002
  rsi=0x000000007d0000d0 rdi=0x0000000000000001 flags=0b100001000110
  xmm0=0x000004cb000004cb00006c2e00006c2e xmm1=0x00002caf00002caf0000a2170000a217 
  xmm2=0x0000670900006709000011b6000011b6 xmm3=0x0000c7ce0000c7ce0000013b0000013b 
  xmm4=0x0000de410000de4100008c9100008c91 xmm5=0x00001f7000001f7000006bdf00006bdf 
  xmm6=0x0000e78f0000e78f00008f0600008f06 xmm7=0x00006ab300006ab300002d7b00002d7b 

0x1c: and rdx, 0b1111111111111
  rax=0x00000000000000cd rbx=0x0000000000000000 rcx=0x00000000000000cd rdx=0x0000000000000002
  rsi=0x000000007d0000d0 rdi=0x0000000000000001 flags=0b000010010010
  xmm0=0x000004cb000004cb00006c2e00006c2e xmm1=0x00002caf00002caf0000a2170000a217 
  xmm2=0x0000670900006709000011b6000011b6 xmm3=0x0000c7ce0000c7ce0000013b0000013b 
  xmm4=0x0000de410000de4100008c9100008c91 xmm5=0x00001f7000001f7000006bdf00006bdf 
  xmm6=0x0000e78f0000e78f00008f0600008f06 xmm7=0x00006ab300006ab300002d7b00002d7b 

0x23: or [r14 +rdx], 1
  rax=0x00000000000000cd rbx=0x0000000000000000 rcx=0x00000000000000cd rdx=0x0000000000000002
  rsi=0x000000007d0000d0 rdi=0x0000000000000001 flags=0b000000000010
  xmm0=0x000004cb000004cb00006c2e00006c2e xmm1=0x00002caf00002caf0000a2170000a217 
  xmm2=0x0000670900006709000011b6000011b6 xmm3=0x0000c7ce0000c7ce0000013b0000013b 
  xmm4=0x0000de410000de4100008c9100008c91 xmm5=0x00001f7000001f7000006bdf00006bdf 
  xmm6=0x0000e78f0000e78f00008f0600008f06 xmm7=0x00006ab300006ab300002d7b00002d7b 

    > load from +0x2 value 0x0
    > store to +0x2 value 0x1
0x29: and rsi, 0b1111111111111
  rax=0x00000000000000cd rbx=0x0000000000000000 rcx=0x00000000000000cd rdx=0x0000000000000002
  rsi=0x000000007d0000d0 rdi=0x0000000000000001 flags=0b000000000010
  xmm0=0x000004cb000004cb00006c2e00006c2e xmm1=0x00002caf00002caf0000a2170000a217 
  xmm2=0x0000670900006709000011b6000011b6 xmm3=0x0000c7ce0000c7ce0000013b0000013b 
  xmm4=0x0000de410000de4100008c9100008c91 xmm5=0x00001f7000001f7000006bdf00006bdf 
  xmm6=0x0000e78f0000e78f00008f0600008f06 xmm7=0x00006ab300006ab300002d7b00002d7b 

0x30: and ebx, [r14 +rsi]
  rax=0x00000000000000cd rbx=0x0000000000000000 rcx=0x00000000000000cd rdx=0x0000000000000002
  rsi=0x00000000000000d0 rdi=0x0000000000000001 flags=0b000000000010
  xmm0=0x000004cb000004cb00006c2e00006c2e xmm1=0x00002caf00002caf0000a2170000a217 
  xmm2=0x0000670900006709000011b6000011b6 xmm3=0x0000c7ce0000c7ce0000013b0000013b 
  xmm4=0x0000de410000de4100008c9100008c91 xmm5=0x00001f7000001f7000006bdf00006bdf 
  xmm6=0x0000e78f0000e78f00008f0600008f06 xmm7=0x00006ab300006ab300002d7b00002d7b 

    > load from +0xd0 value 0x55a5
0x34: and rax, 0b1111111111111
  rax=0x00000000000000cd rbx=0x0000000000000000 rcx=0x00000000000000cd rdx=0x0000000000000002
  rsi=0x00000000000000d0 rdi=0x0000000000000001 flags=0b000001000110
  xmm0=0x000004cb000004cb00006c2e00006c2e xmm1=0x00002caf00002caf0000a2170000a217 
  xmm2=0x0000670900006709000011b6000011b6 xmm3=0x0000c7ce0000c7ce0000013b0000013b 
  xmm4=0x0000de410000de4100008c9100008c91 xmm5=0x00001f7000001f7000006bdf00006bdf 
  xmm6=0x0000e78f0000e78f00008f0600008f06 xmm7=0x00006ab300006ab300002d7b00002d7b 

0x3a: cmovbe rsi, [r14 +rax]
  rax=0x00000000000000cd rbx=0x0000000000000000 rcx=0x00000000000000cd rdx=0x0000000000000002
  rsi=0x00000000000000d0 rdi=0x0000000000000001 flags=0b000000000010
  xmm0=0x000004cb000004cb00006c2e00006c2e xmm1=0x00002caf00002caf0000a2170000a217 
  xmm2=0x0000670900006709000011b6000011b6 xmm3=0x0000c7ce0000c7ce0000013b0000013b 
  xmm4=0x0000de410000de4100008c9100008c91 xmm5=0x00001f7000001f7000006bdf00006bdf 
  xmm6=0x0000e78f0000e78f00008f0600008f06 xmm7=0x00006ab300006ab300002d7b00002d7b 

    > load from +0xcd value 0xa5000055a5000089
0x3f: and rax, 0b1111111111111
  rax=0x00000000000000cd rbx=0x0000000000000000 rcx=0x00000000000000cd rdx=0x0000000000000002
  rsi=0x00000000000000d0 rdi=0x0000000000000001 flags=0b000000000010
  xmm0=0x000004cb000004cb00006c2e00006c2e xmm1=0x00002caf00002caf0000a2170000a217 
  xmm2=0x0000670900006709000011b6000011b6 xmm3=0x0000c7ce0000c7ce0000013b0000013b 
  xmm4=0x0000de410000de4100008c9100008c91 xmm5=0x00001f7000001f7000006bdf00006bdf 
  xmm6=0x0000e78f0000e78f00008f0600008f06 xmm7=0x00006ab300006ab300002d7b00002d7b 

0x45: movzx esi, [r14 +rax]
  rax=0x00000000000000cd rbx=0x0000000000000000 rcx=0x00000000000000cd rdx=0x0000000000000002
  rsi=0x00000000000000d0 rdi=0x0000000000000001 flags=0b000000000010
  xmm0=0x000004cb000004cb00006c2e00006c2e xmm1=0x00002caf00002caf0000a2170000a217 
  xmm2=0x0000670900006709000011b6000011b6 xmm3=0x0000c7ce0000c7ce0000013b0000013b 
  xmm4=0x0000de410000de4100008c9100008c91 xmm5=0x00001f7000001f7000006bdf00006bdf 
  xmm6=0x0000e78f0000e78f00008f0600008f06 xmm7=0x00006ab300006ab300002d7b00002d7b 

    > load from +0xcd value 0x89
0x4a: imul ax
  rax=0x00000000000000cd rbx=0x0000000000000000 rcx=0x00000000000000cd rdx=0x0000000000000002
  rsi=0x0000000000000089 rdi=0x0000000000000001 flags=0b000000000010
  xmm0=0x000004cb000004cb00006c2e00006c2e xmm1=0x00002caf00002caf0000a2170000a217 
  xmm2=0x0000670900006709000011b6000011b6 xmm3=0x0000c7ce0000c7ce0000013b0000013b 
  xmm4=0x0000de410000de4100008c9100008c91 xmm5=0x00001f7000001f7000006bdf00006bdf 
  xmm6=0x0000e78f0000e78f00008f0600008f06 xmm7=0x00006ab300006ab300002d7b00002d7b 

0x4d: dec ecx
  rax=0x000000000000a429 rbx=0x0000000000000000 rcx=0x00000000000000cd rdx=0x0000000000000000
  rsi=0x0000000000000089 rdi=0x0000000000000001 flags=0b100010000011
  xmm0=0x000004cb000004cb00006c2e00006c2e xmm1=0x00002caf00002caf0000a2170000a217 
  xmm2=0x0000670900006709000011b6000011b6 xmm3=0x0000c7ce0000c7ce0000013b0000013b 
  xmm4=0x0000de410000de4100008c9100008c91 xmm5=0x00001f7000001f7000006bdf00006bdf 
  xmm6=0x0000e78f0000e78f00008f0600008f06 xmm7=0x00006ab300006ab300002d7b00002d7b 

0x4f: mov cl, dl
  rax=0x000000000000a429 rbx=0x0000000000000000 rcx=0x00000000000000cc rdx=0x0000000000000000
  rsi=0x0000000000000089 rdi=0x0000000000000001 flags=0b000000000111
  xmm0=0x000004cb000004cb00006c2e00006c2e xmm1=0x00002caf00002caf0000a2170000a217 
  xmm2=0x0000670900006709000011b6000011b6 xmm3=0x0000c7ce0000c7ce0000013b0000013b 
  xmm4=0x0000de410000de4100008c9100008c91 xmm5=0x00001f7000001f7000006bdf00006bdf 
  xmm6=0x0000e78f0000e78f00008f0600008f06 xmm7=0x00006ab300006ab300002d7b00002d7b 

0x51: and rcx, 0b1111111111111
  rax=0x000000000000a429 rbx=0x0000000000000000 rcx=0x0000000000000000 rdx=0x0000000000000000
  rsi=0x0000000000000089 rdi=0x0000000000000001 flags=0b000000000111
  xmm0=0x000004cb000004cb00006c2e00006c2e xmm1=0x00002caf00002caf0000a2170000a217 
  xmm2=0x0000670900006709000011b6000011b6 xmm3=0x0000c7ce0000c7ce0000013b0000013b 
  xmm4=0x0000de410000de4100008c9100008c91 xmm5=0x00001f7000001f7000006bdf00006bdf 
  xmm6=0x0000e78f0000e78f00008f0600008f06 xmm7=0x00006ab300006ab300002d7b00002d7b 

0x58: cmovnbe si, [r14 +rcx]
  rax=0x000000000000a429 rbx=0x0000000000000000 rcx=0x0000000000000000 rdx=0x0000000000000000
  rsi=0x0000000000000089 rdi=0x0000000000000001 flags=0b000001000110
  xmm0=0x000004cb000004cb00006c2e00006c2e xmm1=0x00002caf00002caf0000a2170000a217 
  xmm2=0x0000670900006709000011b6000011b6 xmm3=0x0000c7ce0000c7ce0000013b0000013b 
  xmm4=0x0000de410000de4100008c9100008c91 xmm5=0x00001f7000001f7000006bdf00006bdf 
  xmm6=0x0000e78f0000e78f00008f0600008f06 xmm7=0x00006ab300006ab300002d7b00002d7b 

    > load from +0x0 value 0xf854
0x5e: add ecx, 101
  rax=0x000000000000a429 rbx=0x0000000000000000 rcx=0x0000000000000000 rdx=0x0000000000000000
  rsi=0x0000000000000089 rdi=0x0000000000000001 flags=0b000001000110
  xmm0=0x000004cb000004cb00006c2e00006c2e xmm1=0x00002caf00002caf0000a2170000a217 
  xmm2=0x0000670900006709000011b6000011b6 xmm3=0x0000c7ce0000c7ce0000013b0000013b 
  xmm4=0x0000de410000de4100008c9100008c91 xmm5=0x00001f7000001f7000006bdf00006bdf 
  xmm6=0x0000e78f0000e78f00008f0600008f06 xmm7=0x00006ab300006ab300002d7b00002d7b 

0x61: adc al, -116
  rax=0x000000000000a429 rbx=0x0000000000000000 rcx=0x0000000000000065 rdx=0x0000000000000000
  rsi=0x0000000000000089 rdi=0x0000000000000001 flags=0b000000000110
  xmm0=0x000004cb000004cb00006c2e00006c2e xmm1=0x00002caf00002caf0000a2170000a217 
  xmm2=0x0000670900006709000011b6000011b6 xmm3=0x0000c7ce0000c7ce0000013b0000013b 
  xmm4=0x0000de410000de4100008c9100008c91 xmm5=0x00001f7000001f7000006bdf00006bdf 
  xmm6=0x0000e78f0000e78f00008f0600008f06 xmm7=0x00006ab300006ab300002d7b00002d7b 

0x63: and rdi, 0b1111111111111
  rax=0x000000000000a4b5 rbx=0x0000000000000000 rcx=0x0000000000000065 rdx=0x0000000000000000
  rsi=0x0000000000000089 rdi=0x0000000000000001 flags=0b000010010010
  xmm0=0x000004cb000004cb00006c2e00006c2e xmm1=0x00002caf00002caf0000a2170000a217 
  xmm2=0x0000670900006709000011b6000011b6 xmm3=0x0000c7ce0000c7ce0000013b0000013b 
  xmm4=0x0000de410000de4100008c9100008c91 xmm5=0x00001f7000001f7000006bdf00006bdf 
  xmm6=0x0000e78f0000e78f00008f0600008f06 xmm7=0x00006ab300006ab300002d7b00002d7b 

0x6a: cmovnl ebx, [r14 +rdi]
  rax=0x000000000000a4b5 rbx=0x0000000000000000 rcx=0x0000000000000065 rdx=0x0000000000000000
  rsi=0x0000000000000089 rdi=0x0000000000000001 flags=0b000000000010
  xmm0=0x000004cb000004cb00006c2e00006c2e xmm1=0x00002caf00002caf0000a2170000a217 
  xmm2=0x0000670900006709000011b6000011b6 xmm3=0x0000c7ce0000c7ce0000013b0000013b 
  xmm4=0x0000de410000de4100008c9100008c91 xmm5=0x00001f7000001f7000006bdf00006bdf 
  xmm6=0x0000e78f0000e78f00008f0600008f06 xmm7=0x00006ab300006ab300002d7b00002d7b 

    > load from +0x1 value 0x540001f8
0x6f: xor ax, -40
  rax=0x000000000000a4b5 rbx=0x00000000540001f8 rcx=0x0000000000000065 rdx=0x0000000000000000
  rsi=0x0000000000000089 rdi=0x0000000000000001 flags=0b000000000010
  xmm0=0x000004cb000004cb00006c2e00006c2e xmm1=0x00002caf00002caf0000a2170000a217 
  xmm2=0x0000670900006709000011b6000011b6 xmm3=0x0000c7ce0000c7ce0000013b0000013b 
  xmm4=0x0000de410000de4100008c9100008c91 xmm5=0x00001f7000001f7000006bdf00006bdf 
  xmm6=0x0000e78f0000e78f00008f0600008f06 xmm7=0x00006ab300006ab300002d7b00002d7b 

0x73: and rbx, 0b1111111111111
  rax=0x0000000000005b6d rbx=0x00000000540001f8 rcx=0x0000000000000065 rdx=0x0000000000000000
  rsi=0x0000000000000089 rdi=0x0000000000000001 flags=0b000000000010
  xmm0=0x000004cb000004cb00006c2e00006c2e xmm1=0x00002caf00002caf0000a2170000a217 
  xmm2=0x0000670900006709000011b6000011b6 xmm3=0x0000c7ce0000c7ce0000013b0000013b 
  xmm4=0x0000de410000de4100008c9100008c91 xmm5=0x00001f7000001f7000006bdf00006bdf 
  xmm6=0x0000e78f0000e78f00008f0600008f06 xmm7=0x00006ab300006ab300002d7b00002d7b 

0x7a: cmp [r14 +rbx], 36
  rax=0x0000000000005b6d rbx=0x00000000000001f8 rcx=0x0000000000000065 rdx=0x0000000000000000
  rsi=0x0000000000000089 rdi=0x0000000000000001 flags=0b000000000010
  xmm0=0x000004cb000004cb00006c2e00006c2e xmm1=0x00002caf00002caf0000a2170000a217 
  xmm2=0x0000670900006709000011b6000011b6 xmm3=0x0000c7ce0000c7ce0000013b0000013b 
  xmm4=0x0000de410000de4100008c9100008c91 xmm5=0x00001f7000001f7000006bdf00006bdf 
  xmm6=0x0000e78f0000e78f00008f0600008f06 xmm7=0x00006ab300006ab300002d7b00002d7b 

    > load from +0x1f8 value 0xbb510000bb51
0x7f: seto al
  rax=0x0000000000005b6d rbx=0x00000000000001f8 rcx=0x0000000000000065 rdx=0x0000000000000000
  rsi=0x0000000000000089 rdi=0x0000000000000001 flags=0b000000010110
  xmm0=0x000004cb000004cb00006c2e00006c2e xmm1=0x00002caf00002caf0000a2170000a217 
  xmm2=0x0000670900006709000011b6000011b6 xmm3=0x0000c7ce0000c7ce0000013b0000013b 
  xmm4=0x0000de410000de4100008c9100008c91 xmm5=0x00001f7000001f7000006bdf00006bdf 
  xmm6=0x0000e78f0000e78f00008f0600008f06 xmm7=0x00006ab300006ab300002d7b00002d7b 

0x82: bt rsi, rbx
  rax=0x0000000000005b00 rbx=0x00000000000001f8 rcx=0x0000000000000065 rdx=0x0000000000000000
  rsi=0x0000000000000089 rdi=0x0000000000000001 flags=0b000000010110
  xmm0=0x000004cb000004cb00006c2e00006c2e xmm1=0x00002caf00002caf0000a2170000a217 
  xmm2=0x0000670900006709000011b6000011b6 xmm3=0x0000c7ce0000c7ce0000013b0000013b 
  xmm4=0x0000de410000de4100008c9100008c91 xmm5=0x00001f7000001f7000006bdf00006bdf 
  xmm6=0x0000e78f0000e78f00008f0600008f06 xmm7=0x00006ab300006ab300002d7b00002d7b 

0x86: sub rdx, 8
  rax=0x0000000000005b00 rbx=0x00000000000001f8 rcx=0x0000000000000065 rdx=0x0000000000000000
  rsi=0x0000000000000089 rdi=0x0000000000000001 flags=0b000000010110
  xmm0=0x000004cb000004cb00006c2e00006c2e xmm1=0x00002caf00002caf0000a2170000a217 
  xmm2=0x0000670900006709000011b6000011b6 xmm3=0x0000c7ce0000c7ce0000013b0000013b 
  xmm4=0x0000de410000de4100008c9100008c91 xmm5=0x00001f7000001f7000006bdf00006bdf 
  xmm6=0x0000e78f0000e78f00008f0600008f06 xmm7=0x00006ab300006ab300002d7b00002d7b 

0x8a: btr dx, di
  rax=0x0000000000005b00 rbx=0x00000000000001f8 rcx=0x0000000000000065 rdx=0xfffffffffffffff8
  rsi=0x0000000000000089 rdi=0x0000000000000001 flags=0b000010010011
  xmm0=0x000004cb000004cb00006c2e00006c2e xmm1=0x00002caf00002caf0000a2170000a217 
  xmm2=0x0000670900006709000011b6000011b6 xmm3=0x0000c7ce0000c7ce0000013b0000013b 
  xmm4=0x0000de410000de4100008c9100008c91 xmm5=0x00001f7000001f7000006bdf00006bdf 
  xmm6=0x0000e78f0000e78f00008f0600008f06 xmm7=0x00006ab300006ab300002d7b00002d7b 

0x8e: cmp di, 68
  rax=0x0000000000005b00 rbx=0x00000000000001f8 rcx=0x0000000000000065 rdx=0xfffffffffffffff8
  rsi=0x0000000000000089 rdi=0x0000000000000001 flags=0b100010000010
  xmm0=0x000004cb000004cb00006c2e00006c2e xmm1=0x00002caf00002caf0000a2170000a217 
  xmm2=0x0000670900006709000011b6000011b6 xmm3=0x0000c7ce0000c7ce0000013b0000013b 
  xmm4=0x0000de410000de4100008c9100008c91 xmm5=0x00001f7000001f7000006bdf00006bdf 
  xmm6=0x0000e78f0000e78f00008f0600008f06 xmm7=0x00006ab300006ab300002d7b00002d7b 

0x92: and rdi, 0b1111111111111
  rax=0x0000000000005b00 rbx=0x00000000000001f8 rcx=0x0000000000000065 rdx=0xfffffffffffffff8
  rsi=0x0000000000000089 rdi=0x0000000000000001 flags=0b000010010111
  xmm0=0x000004cb000004cb00006c2e00006c2e xmm1=0x00002caf00002caf0000a2170000a217 
  xmm2=0x0000670900006709000011b6000011b6 xmm3=0x0000c7ce0000c7ce0000013b0000013b 
  xmm4=0x0000de410000de4100008c9100008c91 xmm5=0x00001f7000001f7000006bdf00006bdf 
  xmm6=0x0000e78f0000e78f00008f0600008f06 xmm7=0x00006ab300006ab300002d7b00002d7b 

0x99: adc dx, [r14 +rdi]
  rax=0x0000000000005b00 rbx=0x00000000000001f8 rcx=0x0000000000000065 rdx=0xfffffffffffffff8
  rsi=0x0000000000000089 rdi=0x0000000000000001 flags=0b000000000010
  xmm0=0x000004cb000004cb00006c2e00006c2e xmm1=0x00002caf00002caf0000a2170000a217 
  xmm2=0x0000670900006709000011b6000011b6 xmm3=0x0000c7ce0000c7ce0000013b0000013b 
  xmm4=0x0000de410000de4100008c9100008c91 xmm5=0x00001f7000001f7000006bdf00006bdf 
  xmm6=0x0000e78f0000e78f00008f0600008f06 xmm7=0x00006ab300006ab300002d7b00002d7b 

    > load from +0x1 value 0x1f8
0x9e: and rdx, 0b1111111111111
  rax=0x0000000000005b00 rbx=0x00000000000001f8 rcx=0x0000000000000065 rdx=0xffffffffffff01f0
  rsi=0x0000000000000089 rdi=0x0000000000000001 flags=0b000000010111
  xmm0=0x000004cb000004cb00006c2e00006c2e xmm1=0x00002caf00002caf0000a2170000a217 
  xmm2=0x0000670900006709000011b6000011b6 xmm3=0x0000c7ce0000c7ce0000013b0000013b 
  xmm4=0x0000de410000de4100008c9100008c91 xmm5=0x00001f7000001f7000006bdf00006bdf 
  xmm6=0x0000e78f0000e78f00008f0600008f06 xmm7=0x00006ab300006ab300002d7b00002d7b 

0xa5: cmovnb ax, [r14 +rdx]
  rax=0x0000000000005b00 rbx=0x00000000000001f8 rcx=0x0000000000000065 rdx=0x00000000000001f0
  rsi=0x0000000000000089 rdi=0x0000000000000001 flags=0b000000000110
  xmm0=0x000004cb000004cb00006c2e00006c2e xmm1=0x00002caf00002caf0000a2170000a217 
  xmm2=0x0000670900006709000011b6000011b6 xmm3=0x0000c7ce0000c7ce0000013b0000013b 
  xmm4=0x0000de410000de4100008c9100008c91 xmm5=0x00001f7000001f7000006bdf00006bdf 
  xmm6=0x0000e78f0000e78f00008f0600008f06 xmm7=0x00006ab300006ab300002d7b00002d7b 

    > load from +0x1f0 value 0x71a0
0xab: and rbx, 0b1111111111111
  rax=0x00000000000071a0 rbx=0x00000000000001f8 rcx=0x0000000000000065 rdx=0x00000000000001f0
  rsi=0x0000000000000089 rdi=0x0000000000000001 flags=0b000000000110
  xmm0=0x000004cb000004cb00006c2e00006c2e xmm1=0x00002caf00002caf0000a2170000a217 
  xmm2=0x0000670900006709000011b6000011b6 xmm3=0x0000c7ce0000c7ce0000013b0000013b 
  xmm4=0x0000de410000de4100008c9100008c91 xmm5=0x00001f7000001f7000006bdf00006bdf 
  xmm6=0x0000e78f0000e78f00008f0600008f06 xmm7=0x00006ab300006ab300002d7b00002d7b 

0xb2: nop [r14 +rbx]
  rax=0x00000000000071a0 rbx=0x00000000000001f8 rcx=0x0000000000000065 rdx=0x00000000000001f0
  rsi=0x0000000000000089 rdi=0x0000000000000001 flags=0b000000000010
  xmm0=0x000004cb000004cb00006c2e00006c2e xmm1=0x00002caf00002caf0000a2170000a217 
  xmm2=0x0000670900006709000011b6000011b6 xmm3=0x0000c7ce0000c7ce0000013b0000013b 
  xmm4=0x0000de410000de4100008c9100008c91 xmm5=0x00001f7000001f7000006bdf00006bdf 
  xmm6=0x0000e78f0000e78f00008f0600008f06 xmm7=0x00006ab300006ab300002d7b00002d7b 

0xb8: and rcx, 0b1111111111111
  rax=0x00000000000071a0 rbx=0x00000000000001f8 rcx=0x0000000000000065 rdx=0x00000000000001f0
  rsi=0x0000000000000089 rdi=0x0000000000000001 flags=0b000000000010
  xmm0=0x000004cb000004cb00006c2e00006c2e xmm1=0x00002caf00002caf0000a2170000a217 
  xmm2=0x0000670900006709000011b6000011b6 xmm3=0x0000c7ce0000c7ce0000013b0000013b 
  xmm4=0x0000de410000de4100008c9100008c91 xmm5=0x00001f7000001f7000006bdf00006bdf 
  xmm6=0x0000e78f0000e78f00008f0600008f06 xmm7=0x00006ab300006ab300002d7b00002d7b 

0xbf: cmovnz dx, [r14 +rcx]
  rax=0x00000000000071a0 rbx=0x00000000000001f8 rcx=0x0000000000000065 rdx=0x00000000000001f0
  rsi=0x0000000000000089 rdi=0x0000000000000001 flags=0b000000000110
  xmm0=0x000004cb000004cb00006c2e00006c2e xmm1=0x00002caf00002caf0000a2170000a217 
  xmm2=0x0000670900006709000011b6000011b6 xmm3=0x0000c7ce0000c7ce0000013b0000013b 
  xmm4=0x0000de410000de4100008c9100008c91 xmm5=0x00001f7000001f7000006bdf00006bdf 
  xmm6=0x0000e78f0000e78f00008f0600008f06 xmm7=0x00006ab300006ab300002d7b00002d7b 

    > load from +0x65 value 0xdf
0xc5: and rbx, 0b1111111111111
  rax=0x00000000000071a0 rbx=0x00000000000001f8 rcx=0x0000000000000065 rdx=0x00000000000000df
  rsi=0x0000000000000089 rdi=0x0000000000000001 flags=0b000000000110
  xmm0=0x000004cb000004cb00006c2e00006c2e xmm1=0x00002caf00002caf0000a2170000a217 
  xmm2=0x0000670900006709000011b6000011b6 xmm3=0x0000c7ce0000c7ce0000013b0000013b 
  xmm4=0x0000de410000de4100008c9100008c91 xmm5=0x00001f7000001f7000006bdf00006bdf 
  xmm6=0x0000e78f0000e78f00008f0600008f06 xmm7=0x00006ab300006ab300002d7b00002d7b 

0xcc: cmovb rsi, [r14 +rbx]
  rax=0x00000000000071a0 rbx=0x00000000000001f8 rcx=0x0000000000000065 rdx=0x00000000000000df
  rsi=0x0000000000000089 rdi=0x0000000000000001 flags=0b000000000010
  xmm0=0x000004cb000004cb00006c2e00006c2e xmm1=0x00002caf00002caf0000a2170000a217 
  xmm2=0x0000670900006709000011b6000011b6 xmm3=0x0000c7ce0000c7ce0000013b0000013b 
  xmm4=0x0000de410000de4100008c9100008c91 xmm5=0x00001f7000001f7000006bdf00006bdf 
  xmm6=0x0000e78f0000e78f00008f0600008f06 xmm7=0x00006ab300006ab300002d7b00002d7b 

    > load from +0x1f8 value 0xbb510000bb51
0xd1: not dil
  rax=0x00000000000071a0 rbx=0x00000000000001f8 rcx=0x0000000000000065 rdx=0x00000000000000df
  rsi=0x0000000000000089 rdi=0x0000000000000001 flags=0b000000000010
  xmm0=0x000004cb000004cb00006c2e00006c2e xmm1=0x00002caf00002caf0000a2170000a217 
  xmm2=0x0000670900006709000011b6000011b6 xmm3=0x0000c7ce0000c7ce0000013b0000013b 
  xmm4=0x0000de410000de4100008c9100008c91 xmm5=0x00001f7000001f7000006bdf00006bdf 
  xmm6=0x0000e78f0000e78f00008f0600008f06 xmm7=0x00006ab300006ab300002d7b00002d7b 

0xd4: and rbx, 0b1111111111111
  rax=0x00000000000071a0 rbx=0x00000000000001f8 rcx=0x0000000000000065 rdx=0x00000000000000df
  rsi=0x0000000000000089 rdi=0x00000000000000fe flags=0b000000000010
  xmm0=0x000004cb000004cb00006c2e00006c2e xmm1=0x00002caf00002caf0000a2170000a217 
  xmm2=0x0000670900006709000011b6000011b6 xmm3=0x0000c7ce0000c7ce0000013b0000013b 
  xmm4=0x0000de410000de4100008c9100008c91 xmm5=0x00001f7000001f7000006bdf00006bdf 
  xmm6=0x0000e78f0000e78f00008f0600008f06 xmm7=0x00006ab300006ab300002d7b00002d7b 

0xdb: adc di, [r14 +rbx]
  rax=0x00000000000071a0 rbx=0x00000000000001f8 rcx=0x0000000000000065 rdx=0x00000000000000df
  rsi=0x0000000000000089 rdi=0x00000000000000fe flags=0b000000000010
  xmm0=0x000004cb000004cb00006c2e00006c2e xmm1=0x00002caf00002caf0000a2170000a217 
  xmm2=0x0000670900006709000011b6000011b6 xmm3=0x0000c7ce0000c7ce0000013b0000013b 
  xmm4=0x0000de410000de4100008c9100008c91 xmm5=0x00001f7000001f7000006bdf00006bdf 
  xmm6=0x0000e78f0000e78f00008f0600008f06 xmm7=0x00006ab300006ab300002d7b00002d7b 

    > load from +0x1f8 value 0xbb51
0xe0: and rax, 0b1111111111111
  rax=0x00000000000071a0 rbx=0x00000000000001f8 rcx=0x0000000000000065 rdx=0x00000000000000df
  rsi=0x0000000000000089 rdi=0x000000000000bc4f flags=0b000010000010
  xmm0=0x000004cb000004cb00006c2e00006c2e xmm1=0x00002caf00002caf0000a2170000a217 
  xmm2=0x0000670900006709000011b6000011b6 xmm3=0x0000c7ce0000c7ce0000013b0000013b 
  xmm4=0x0000de410000de4100008c9100008c91 xmm5=0x00001f7000001f7000006bdf00006bdf 
  xmm6=0x0000e78f0000e78f00008f0600008f06 xmm7=0x00006ab300006ab300002d7b00002d7b 

0xe6: cmovnle di, [r14 +rax]
  rax=0x00000000000011a0 rbx=0x00000000000001f8 rcx=0x0000000000000065 rdx=0x00000000000000df
  rsi=0x0000000000000089 rdi=0x000000000000bc4f flags=0b000000000110
  xmm0=0x000004cb000004cb00006c2e00006c2e xmm1=0x00002caf00002caf0000a2170000a217 
  xmm2=0x0000670900006709000011b6000011b6 xmm3=0x0000c7ce0000c7ce0000013b0000013b 
  xmm4=0x0000de410000de4100008c9100008c91 xmm5=0x00001f7000001f7000006bdf00006bdf 
  xmm6=0x0000e78f0000e78f00008f0600008f06 xmm7=0x00006ab300006ab300002d7b00002d7b 

    > load from +0x11a0 value 0x63ea
0xec: and rbx, 0b1111111111111
  rax=0x00000000000011a0 rbx=0x00000000000001f8 rcx=0x0000000000000065 rdx=0x00000000000000df
  rsi=0x0000000000000089 rdi=0x00000000000063ea flags=0b000000000110
  xmm0=0x000004cb000004cb00006c2e00006c2e xmm1=0x00002caf00002caf0000a2170000a217 
  xmm2=0x0000670900006709000011b6000011b6 xmm3=0x0000c7ce0000c7ce0000013b0000013b 
  xmm4=0x0000de410000de4100008c9100008c91 xmm5=0x00001f7000001f7000006bdf00006bdf 
  xmm6=0x0000e78f0000e78f00008f0600008f06 xmm7=0x00006ab300006ab300002d7b00002d7b 

0xf3: xor bl, [r14 +rbx]
  rax=0x00000000000011a0 rbx=0x00000000000001f8 rcx=0x0000000000000065 rdx=0x00000000000000df
  rsi=0x0000000000000089 rdi=0x00000000000063ea flags=0b000000000010
  xmm0=0x000004cb000004cb00006c2e00006c2e xmm1=0x00002caf00002caf0000a2170000a217 
  xmm2=0x0000670900006709000011b6000011b6 xmm3=0x0000c7ce0000c7ce0000013b0000013b 
  xmm4=0x0000de410000de4100008c9100008c91 xmm5=0x00001f7000001f7000006bdf00006bdf 
  xmm6=0x0000e78f0000e78f00008f0600008f06 xmm7=0x00006ab300006ab300002d7b00002d7b 

    > load from +0x1f8 value 0x51
0xf7: cmpxchg rcx, rdi
  rax=0x00000000000011a0 rbx=0x00000000000001a9 rcx=0x0000000000000065 rdx=0x00000000000000df
  rsi=0x0000000000000089 rdi=0x00000000000063ea flags=0b000010000110
  xmm0=0x000004cb000004cb00006c2e00006c2e xmm1=0x00002caf00002caf0000a2170000a217 
  xmm2=0x0000670900006709000011b6000011b6 xmm3=0x0000c7ce0000c7ce0000013b0000013b 
  xmm4=0x0000de410000de4100008c9100008c91 xmm5=0x00001f7000001f7000006bdf00006bdf 
  xmm6=0x0000e78f0000e78f00008f0600008f06 xmm7=0x00006ab300006ab300002d7b00002d7b 

0xfb: or dl, 1
  rax=0x0000000000000065 rbx=0x00000000000001a9 rcx=0x0000000000000065 rdx=0x00000000000000df
  rsi=0x0000000000000089 rdi=0x00000000000063ea flags=0b000000010010
  xmm0=0x000004cb000004cb00006c2e00006c2e xmm1=0x00002caf00002caf0000a2170000a217 
  xmm2=0x0000670900006709000011b6000011b6 xmm3=0x0000c7ce0000c7ce0000013b0000013b 
  xmm4=0x0000de410000de4100008c9100008c91 xmm5=0x00001f7000001f7000006bdf00006bdf 
  xmm6=0x0000e78f0000e78f00008f0600008f06 xmm7=0x00006ab300006ab300002d7b00002d7b 

0xfe: add sil, 29
  rax=0x0000000000000065 rbx=0x00000000000001a9 rcx=0x0000000000000065 rdx=0x00000000000000df
  rsi=0x0000000000000089 rdi=0x00000000000063ea flags=0b000010000010
  xmm0=0x000004cb000004cb00006c2e00006c2e xmm1=0x00002caf00002caf0000a2170000a217 
  xmm2=0x0000670900006709000011b6000011b6 xmm3=0x0000c7ce0000c7ce0000013b0000013b 
  xmm4=0x0000de410000de4100008c9100008c91 xmm5=0x00001f7000001f7000006bdf00006bdf 
  xmm6=0x0000e78f0000e78f00008f0600008f06 xmm7=0x00006ab300006ab300002d7b00002d7b 

0x102: setnbe bl
  rax=0x0000000000000065 rbx=0x00000000000001a9 rcx=0x0000000000000065 rdx=0x00000000000000df
  rsi=0x00000000000000a6 rdi=0x00000000000063ea flags=0b000010010110
  xmm0=0x000004cb000004cb00006c2e00006c2e xmm1=0x00002caf00002caf0000a2170000a217 
  xmm2=0x0000670900006709000011b6000011b6 xmm3=0x0000c7ce0000c7ce0000013b0000013b 
  xmm4=0x0000de410000de4100008c9100008c91 xmm5=0x00001f7000001f7000006bdf00006bdf 
  xmm6=0x0000e78f0000e78f00008f0600008f06 xmm7=0x00006ab300006ab300002d7b00002d7b 

0x105: or si, 1
  rax=0x0000000000000065 rbx=0x0000000000000101 rcx=0x0000000000000065 rdx=0x00000000000000df
  rsi=0x00000000000000a6 rdi=0x00000000000063ea flags=0b000010010110
  xmm0=0x000004cb000004cb00006c2e00006c2e xmm1=0x00002caf00002caf0000a2170000a217 
  xmm2=0x0000670900006709000011b6000011b6 xmm3=0x0000c7ce0000c7ce0000013b0000013b 
  xmm4=0x0000de410000de4100008c9100008c91 xmm5=0x00001f7000001f7000006bdf00006bdf 
  xmm6=0x0000e78f0000e78f00008f0600008f06 xmm7=0x00006ab300006ab300002d7b00002d7b 

0x109: and dx, si
  rax=0x0000000000000065 rbx=0x0000000000000101 rcx=0x0000000000000065 rdx=0x00000000000000df
  rsi=0x00000000000000a7 rdi=0x00000000000063ea flags=0b000000000010
  xmm0=0x000004cb000004cb00006c2e00006c2e xmm1=0x00002caf00002caf0000a2170000a217 
  xmm2=0x0000670900006709000011b6000011b6 xmm3=0x0000c7ce0000c7ce0000013b0000013b 
  xmm4=0x0000de410000de4100008c9100008c91 xmm5=0x00001f7000001f7000006bdf00006bdf 
  xmm6=0x0000e78f0000e78f00008f0600008f06 xmm7=0x00006ab300006ab300002d7b00002d7b 

0x10c: shr dx, 1
  rax=0x0000000000000065 rbx=0x0000000000000101 rcx=0x0000000000000065 rdx=0x0000000000000087
  rsi=0x00000000000000a7 rdi=0x00000000000063ea flags=0b000000000110
  xmm0=0x000004cb000004cb00006c2e00006c2e xmm1=0x00002caf00002caf0000a2170000a217 
  xmm2=0x0000670900006709000011b6000011b6 xmm3=0x0000c7ce0000c7ce0000013b0000013b 
  xmm4=0x0000de410000de4100008c9100008c91 xmm5=0x00001f7000001f7000006bdf00006bdf 
  xmm6=0x0000e78f0000e78f00008f0600008f06 xmm7=0x00006ab300006ab300002d7b00002d7b 

0x10f: div si
  rax=0x0000000000000065 rbx=0x0000000000000101 rcx=0x0000000000000065 rdx=0x0000000000000043
  rsi=0x00000000000000a7 rdi=0x00000000000063ea flags=0b000000000011
  xmm0=0x000004cb000004cb00006c2e00006c2e xmm1=0x00002caf00002caf0000a2170000a217 
  xmm2=0x0000670900006709000011b6000011b6 xmm3=0x0000c7ce0000c7ce0000013b0000013b 
  xmm4=0x0000de410000de4100008c9100008c91 xmm5=0x00001f7000001f7000006bdf00006bdf 
  xmm6=0x0000e78f0000e78f00008f0600008f06 xmm7=0x00006ab300006ab300002d7b00002d7b 

0x112: add sil, -33
  rax=0x00000000000066b5 rbx=0x0000000000000101 rcx=0x0000000000000065 rdx=0x0000000000000052
  rsi=0x00000000000000a7 rdi=0x00000000000063ea flags=0b000000000011
  xmm0=0x000004cb000004cb00006c2e00006c2e xmm1=0x00002caf00002caf0000a2170000a217 
  xmm2=0x0000670900006709000011b6000011b6 xmm3=0x0000c7ce0000c7ce0000013b0000013b 
  xmm4=0x0000de410000de4100008c9100008c91 xmm5=0x00001f7000001f7000006bdf00006bdf 
  xmm6=0x0000e78f0000e78f00008f0600008f06 xmm7=0x00006ab300006ab300002d7b00002d7b 

0x116: cdqe 
  rax=0x00000000000066b5 rbx=0x0000000000000101 rcx=0x0000000000000065 rdx=0x0000000000000052
  rsi=0x0000000000000086 rdi=0x00000000000063ea flags=0b000010010011
  xmm0=0x000004cb000004cb00006c2e00006c2e xmm1=0x00002caf00002caf0000a2170000a217 
  xmm2=0x0000670900006709000011b6000011b6 xmm3=0x0000c7ce0000c7ce0000013b0000013b 
  xmm4=0x0000de410000de4100008c9100008c91 xmm5=0x00001f7000001f7000006bdf00006bdf 
  xmm6=0x0000e78f0000e78f00008f0600008f06 xmm7=0x00006ab300006ab300002d7b00002d7b 

0x118: cmovnb edi, edi
  rax=0x00000000000066b5 rbx=0x0000000000000101 rcx=0x0000000000000065 rdx=0x0000000000000052
  rsi=0x0000000000000086 rdi=0x00000000000063ea flags=0b000010010011
  xmm0=0x000004cb000004cb00006c2e00006c2e xmm1=0x00002caf00002caf0000a2170000a217 
  xmm2=0x0000670900006709000011b6000011b6 xmm3=0x0000c7ce0000c7ce0000013b0000013b 
  xmm4=0x0000de410000de4100008c9100008c91 xmm5=0x00001f7000001f7000006bdf00006bdf 
  xmm6=0x0000e78f0000e78f00008f0600008f06 xmm7=0x00006ab300006ab300002d7b00002d7b 

0x11b: setns cl
  rax=0x00000000000066b5 rbx=0x0000000000000101 rcx=0x0000000000000065 rdx=0x0000000000000052
  rsi=0x0000000000000086 rdi=0x00000000000063ea flags=0b000010010011
  xmm0=0x000004cb000004cb00006c2e00006c2e xmm1=0x00002caf00002caf0000a2170000a217 
  xmm2=0x0000670900006709000011b6000011b6 xmm3=0x0000c7ce0000c7ce0000013b0000013b 
  xmm4=0x0000de410000de4100008c9100008c91 xmm5=0x00001f7000001f7000006bdf00006bdf 
  xmm6=0x0000e78f0000e78f00008f0600008f06 xmm7=0x00006ab300006ab300002d7b00002d7b 

0x11e: nop esi
  rax=0x00000000000066b5 rbx=0x0000000000000101 rcx=0x0000000000000000 rdx=0x0000000000000052
  rsi=0x0000000000000086 rdi=0x00000000000063ea flags=0b000010010011
  xmm0=0x000004cb000004cb00006c2e00006c2e xmm1=0x00002caf00002caf0000a2170000a217 
  xmm2=0x0000670900006709000011b6000011b6 xmm3=0x0000c7ce0000c7ce0000013b0000013b 
  xmm4=0x0000de410000de4100008c9100008c91 xmm5=0x00001f7000001f7000006bdf00006bdf 
  xmm6=0x0000e78f0000e78f00008f0600008f06 xmm7=0x00006ab300006ab300002d7b00002d7b 

0x121: and rsi, 0b1111111111111
  rax=0x00000000000066b5 rbx=0x0000000000000101 rcx=0x0000000000000000 rdx=0x0000000000000052
  rsi=0x0000000000000086 rdi=0x00000000000063ea flags=0b000010010011
  xmm0=0x000004cb000004cb00006c2e00006c2e xmm1=0x00002caf00002caf0000a2170000a217 
  xmm2=0x0000670900006709000011b6000011b6 xmm3=0x0000c7ce0000c7ce0000013b0000013b 
  xmm4=0x0000de410000de4100008c9100008c91 xmm5=0x00001f7000001f7000006bdf00006bdf 
  xmm6=0x0000e78f0000e78f00008f0600008f06 xmm7=0x00006ab300006ab300002d7b00002d7b 

0x128: cmovo rsi, [r14 +rsi]
  rax=0x00000000000066b5 rbx=0x0000000000000101 rcx=0x0000000000000000 rdx=0x0000000000000052
  rsi=0x0000000000000086 rdi=0x00000000000063ea flags=0b000000000010
  xmm0=0x000004cb000004cb00006c2e00006c2e xmm1=0x00002caf00002caf0000a2170000a217 
  xmm2=0x0000670900006709000011b6000011b6 xmm3=0x0000c7ce0000c7ce0000013b0000013b 
  xmm4=0x0000de410000de4100008c9100008c91 xmm5=0x00001f7000001f7000006bdf00006bdf 
  xmm6=0x0000e78f0000e78f00008f0600008f06 xmm7=0x00006ab300006ab300002d7b00002d7b 

    > load from +0x86 value 0xc07d0000c07d0000
0x12d: and rax, 0b1111111111111
  rax=0x00000000000066b5 rbx=0x0000000000000101 rcx=0x0000000000000000 rdx=0x0000000000000052
  rsi=0x0000000000000086 rdi=0x00000000000063ea flags=0b000000000010
  xmm0=0x000004cb000004cb00006c2e00006c2e xmm1=0x00002caf00002caf0000a2170000a217 
  xmm2=0x0000670900006709000011b6000011b6 xmm3=0x0000c7ce0000c7ce0000013b0000013b 
  xmm4=0x0000de410000de4100008c9100008c91 xmm5=0x00001f7000001f7000006bdf00006bdf 
  xmm6=0x0000e78f0000e78f00008f0600008f06 xmm7=0x00006ab300006ab300002d7b00002d7b 

0x133: cmovb si, [r14 +rax]
  rax=0x00000000000006b5 rbx=0x0000000000000101 rcx=0x0000000000000000 rdx=0x0000000000000052
  rsi=0x0000000000000086 rdi=0x00000000000063ea flags=0b000000000010
  xmm0=0x000004cb000004cb00006c2e00006c2e xmm1=0x00002caf00002caf0000a2170000a217 
  xmm2=0x0000670900006709000011b6000011b6 xmm3=0x0000c7ce0000c7ce0000013b0000013b 
  xmm4=0x0000de410000de4100008c9100008c91 xmm5=0x00001f7000001f7000006bdf00006bdf 
  xmm6=0x0000e78f0000e78f00008f0600008f06 xmm7=0x00006ab300006ab300002d7b00002d7b 

    > load from +0x6b5 value 0x8
0x139: sub ecx, -110
  rax=0x00000000000006b5 rbx=0x0000000000000101 rcx=0x0000000000000000 rdx=0x0000000000000052
  rsi=0x0000000000000086 rdi=0x00000000000063ea flags=0b000000000010
  xmm0=0x000004cb000004cb00006c2e00006c2e xmm1=0x00002caf00002caf0000a2170000a217 
  xmm2=0x0000670900006709000011b6000011b6 xmm3=0x0000c7ce0000c7ce0000013b0000013b 
  xmm4=0x0000de410000de4100008c9100008c91 xmm5=0x00001f7000001f7000006bdf00006bdf 
  xmm6=0x0000e78f0000e78f00008f0600008f06 xmm7=0x00006ab300006ab300002d7b00002d7b 

0x13c: btr dx, dx
  rax=0x00000000000006b5 rbx=0x0000000000000101 rcx=0x000000000000006e rdx=0x0000000000000052
  rsi=0x0000000000000086 rdi=0x00000000000063ea flags=0b000000010011
  xmm0=0x000004cb000004cb00006c2e00006c2e xmm1=0x00002caf00002caf0000a2170000a217 
  xmm2=0x0000670900006709000011b6000011b6 xmm3=0x0000c7ce0000c7ce0000013b0000013b 
  xmm4=0x0000de410000de4100008c9100008c91 xmm5=0x00001f7000001f7000006bdf00006bdf 
  xmm6=0x0000e78f0000e78f00008f0600008f06 xmm7=0x00006ab300006ab300002d7b00002d7b 

0x140: cmpxchg eax, edx
  rax=0x00000000000006b5 rbx=0x0000000000000101 rcx=0x000000000000006e rdx=0x0000000000000052
  rsi=0x0000000000000086 rdi=0x00000000000063ea flags=0b000000000010
  xmm0=0x000004cb000004cb00006c2e00006c2e xmm1=0x00002caf00002caf0000a2170000a217 
  xmm2=0x0000670900006709000011b6000011b6 xmm3=0x0000c7ce0000c7ce0000013b0000013b 
  xmm4=0x0000de410000de4100008c9100008c91 xmm5=0x00001f7000001f7000006bdf00006bdf 
  xmm6=0x0000e78f0000e78f00008f0600008f06 xmm7=0x00006ab300006ab300002d7b00002d7b 

0x143: and rsi, 0b1111111111111
  rax=0x0000000000000052 rbx=0x0000000000000101 rcx=0x000000000000006e rdx=0x0000000000000052
  rsi=0x0000000000000086 rdi=0x00000000000063ea flags=0b000001000110
  xmm0=0x000004cb000004cb00006c2e00006c2e xmm1=0x00002caf00002caf0000a2170000a217 
  xmm2=0x0000670900006709000011b6000011b6 xmm3=0x0000c7ce0000c7ce0000013b0000013b 
  xmm4=0x0000de410000de4100008c9100008c91 xmm5=0x00001f7000001f7000006bdf00006bdf 
  xmm6=0x0000e78f0000e78f00008f0600008f06 xmm7=0x00006ab300006ab300002d7b00002d7b 

0x14a: add ebx, [r14 +rsi]
  rax=0x0000000000000052 rbx=0x0000000000000101 rcx=0x000000000000006e rdx=0x0000000000000052
  rsi=0x0000000000000086 rdi=0x00000000000063ea flags=0b000000000010
  xmm0=0x000004cb000004cb00006c2e00006c2e xmm1=0x00002caf00002caf0000a2170000a217 
  xmm2=0x0000670900006709000011b6000011b6 xmm3=0x0000c7ce0000c7ce0000013b0000013b 
  xmm4=0x0000de410000de4100008c9100008c91 xmm5=0x00001f7000001f7000006bdf00006bdf 
  xmm6=0x0000e78f0000e78f00008f0600008f06 xmm7=0x00006ab300006ab300002d7b00002d7b 

    > load from +0x86 value 0xc07d0000
0x14e: and rsi, 0b1111111111111
  rax=0x0000000000000052 rbx=0x00000000c07d0101 rcx=0x000000000000006e rdx=0x0000000000000052
  rsi=0x0000000000000086 rdi=0x00000000000063ea flags=0b000010000010
  xmm0=0x000004cb000004cb00006c2e00006c2e xmm1=0x00002caf00002caf0000a2170000a217 
  xmm2=0x0000670900006709000011b6000011b6 xmm3=0x0000c7ce0000c7ce0000013b0000013b 
  xmm4=0x0000de410000de4100008c9100008c91 xmm5=0x00001f7000001f7000006bdf00006bdf 
  xmm6=0x0000e78f0000e78f00008f0600008f06 xmm7=0x00006ab300006ab300002d7b00002d7b 

0x155: or rcx, [r14 +rsi]
  rax=0x0000000000000052 rbx=0x00000000c07d0101 rcx=0x000000000000006e rdx=0x0000000000000052
  rsi=0x0000000000000086 rdi=0x00000000000063ea flags=0b000000000010
  xmm0=0x000004cb000004cb00006c2e00006c2e xmm1=0x00002caf00002caf0000a2170000a217 
  xmm2=0x0000670900006709000011b6000011b6 xmm3=0x0000c7ce0000c7ce0000013b0000013b 
  xmm4=0x0000de410000de4100008c9100008c91 xmm5=0x00001f7000001f7000006bdf00006bdf 
  xmm6=0x0000e78f0000e78f00008f0600008f06 xmm7=0x00006ab300006ab300002d7b00002d7b 

    > load from +0x86 value 0xc07d0000c07d0000
0x159: and rax, 0b1111111111111
  rax=0x0000000000000052 rbx=0x00000000c07d0101 rcx=0xc07d0000c07d006e rdx=0x0000000000000052
  rsi=0x0000000000000086 rdi=0x00000000000063ea flags=0b000010000010
  xmm0=0x000004cb000004cb00006c2e00006c2e xmm1=0x00002caf00002caf0000a2170000a217 
  xmm2=0x0000670900006709000011b6000011b6 xmm3=0x0000c7ce0000c7ce0000013b0000013b 
  xmm4=0x0000de410000de4100008c9100008c91 xmm5=0x00001f7000001f7000006bdf00006bdf 
  xmm6=0x0000e78f0000e78f00008f0600008f06 xmm7=0x00006ab300006ab300002d7b00002d7b 

0x15f: sub edi, [r14 +rax]
  rax=0x0000000000000052 rbx=0x00000000c07d0101 rcx=0xc07d0000c07d006e rdx=0x0000000000000052
  rsi=0x0000000000000086 rdi=0x00000000000063ea flags=0b000000000010
  xmm0=0x000004cb000004cb00006c2e00006c2e xmm1=0x00002caf00002caf0000a2170000a217 
  xmm2=0x0000670900006709000011b6000011b6 xmm3=0x0000c7ce0000c7ce0000013b0000013b 
  xmm4=0x0000de410000de4100008c9100008c91 xmm5=0x00001f7000001f7000006bdf00006bdf 
  xmm6=0x0000e78f0000e78f00008f0600008f06 xmm7=0x00006ab300006ab300002d7b00002d7b 

    > load from +0x52 value 0x44370000
0x163: and rax, 0b1111111111111
  rax=0x0000000000000052 rbx=0x00000000c07d0101 rcx=0xc07d0000c07d006e rdx=0x0000000000000052
  rsi=0x0000000000000086 rdi=0x00000000bbc963ea flags=0b000010000011
  xmm0=0x000004cb000004cb00006c2e00006c2e xmm1=0x00002caf00002caf0000a2170000a217 
  xmm2=0x0000670900006709000011b6000011b6 xmm3=0x0000c7ce0000c7ce0000013b0000013b 
  xmm4=0x0000de410000de4100008c9100008c91 xmm5=0x00001f7000001f7000006bdf00006bdf 
  xmm6=0x0000e78f0000e78f00008f0600008f06 xmm7=0x00006ab300006ab300002d7b00002d7b 

0x169: cmovo rdx, [r14 +rax]
  rax=0x0000000000000052 rbx=0x00000000c07d0101 rcx=0xc07d0000c07d006e rdx=0x0000000000000052
  rsi=0x0000000000000086 rdi=0x00000000bbc963ea flags=0b000000000010
  xmm0=0x000004cb000004cb00006c2e00006c2e xmm1=0x00002caf00002caf0000a2170000a217 
  xmm2=0x0000670900006709000011b6000011b6 xmm3=0x0000c7ce0000c7ce0000013b0000013b 
  xmm4=0x0000de410000de4100008c9100008c91 xmm5=0x00001f7000001f7000006bdf00006bdf 
  xmm6=0x0000e78f0000e78f00008f0600008f06 xmm7=0x00006ab300006ab300002d7b00002d7b 

    > load from +0x52 value 0x2c55000044370000
0x16e: movsxd rsi, edi
  rax=0x0000000000000052 rbx=0x00000000c07d0101 rcx=0xc07d0000c07d006e rdx=0x0000000000000052
  rsi=0x0000000000000086 rdi=0x00000000bbc963ea flags=0b000000000010
  xmm0=0x000004cb000004cb00006c2e00006c2e xmm1=0x00002caf00002caf0000a2170000a217 
  xmm2=0x0000670900006709000011b6000011b6 xmm3=0x0000c7ce0000c7ce0000013b0000013b 
  xmm4=0x0000de410000de4100008c9100008c91 xmm5=0x00001f7000001f7000006bdf00006bdf 
  xmm6=0x0000e78f0000e78f00008f0600008f06 xmm7=0x00006ab300006ab300002d7b00002d7b 

0x171: setnbe bl
  rax=0x0000000000000052 rbx=0x00000000c07d0101 rcx=0xc07d0000c07d006e rdx=0x0000000000000052
  rsi=0xffffffffbbc963ea rdi=0x00000000bbc963ea flags=0b000000000010
  xmm0=0x000004cb000004cb00006c2e00006c2e xmm1=0x00002caf00002caf0000a2170000a217 
  xmm2=0x0000670900006709000011b6000011b6 xmm3=0x0000c7ce0000c7ce0000013b0000013b 
  xmm4=0x0000de410000de4100008c9100008c91 xmm5=0x00001f7000001f7000006bdf00006bdf 
  xmm6=0x0000e78f0000e78f00008f0600008f06 xmm7=0x00006ab300006ab300002d7b00002d7b 

0x174: macro .switch, .actor2.function_actor2_1
  rax=0x0000000000000052 rbx=0x00000000c07d0101 rcx=0xc07d0000c07d006e rdx=0x0000000000000052
  rsi=0xffffffffbbc963ea rdi=0x00000000bbc963ea flags=0b000000000010
  xmm0=0x000004cb000004cb00006c2e00006c2e xmm1=0x00002caf00002caf0000a2170000a217 
  xmm2=0x0000670900006709000011b6000011b6 xmm3=0x0000c7ce0000c7ce0000013b0000013b 
  xmm4=0x0000de410000de4100008c9100008c91 xmm5=0x00001f7000001f7000006bdf00006bdf 
  xmm6=0x0000e78f0000e78f00008f0600008f06 xmm7=0x00006ab300006ab300002d7b00002d7b 

0x3192: pushfq 
  rax=0x0000000000000052 rbx=0x00000000c07d0101 rcx=0xc07d0000c07d006e rdx=0x0000000000000052
  rsi=0xffffffffbbc963ea rdi=0x00000000bbc963ea flags=0b000000000010
  xmm0=0x000004cb000004cb00006c2e00006c2e xmm1=0x00002caf00002caf0000a2170000a217 
  xmm2=0x0000670900006709000011b6000011b6 xmm3=0x0000c7ce0000c7ce0000013b0000013b 
  xmm4=0x0000de410000de4100008c9100008c91 xmm5=0x00001f7000001f7000006bdf00006bdf 
  xmm6=0x0000e78f0000e78f00008f0600008f06 xmm7=0x00006ab300006ab300002d7b00002d7b 

    > store to +0x4ff0 value 0x2
0x3193: push rax
  rax=0x0000000000000052 rbx=0x00000000c07d0101 rcx=0xc07d0000c07d006e rdx=0x0000000000000052
  rsi=0xffffffffbbc963ea rdi=0x00000000bbc963ea flags=0b000000000010
  xmm0=0x000004cb000004cb00006c2e00006c2e xmm1=0x00002caf00002caf0000a2170000a217 
  xmm2=0x0000670900006709000011b6000011b6 xmm3=0x0000c7ce0000c7ce0000013b0000013b 
  xmm4=0x0000de410000de4100008c9100008c91 xmm5=0x00001f7000001f7000006bdf00006bdf 
  xmm6=0x0000e78f0000e78f00008f0600008f06 xmm7=0x00006ab300006ab300002d7b00002d7b 

    > store to +0x4fe8 value 0x52
0x3194: push rcx
  rax=0x0000000000000052 rbx=0x00000000c07d0101 rcx=0xc07d0000c07d006e rdx=0x0000000000000052
  rsi=0xffffffffbbc963ea rdi=0x00000000bbc963ea flags=0b000000000010
  xmm0=0x000004cb000004cb00006c2e00006c2e xmm1=0x00002caf00002caf0000a2170000a217 
  xmm2=0x0000670900006709000011b6000011b6 xmm3=0x0000c7ce0000c7ce0000013b0000013b 
  xmm4=0x0000de410000de4100008c9100008c91 xmm5=0x00001f7000001f7000006bdf00006bdf 
  xmm6=0x0000e78f0000e78f00008f0600008f06 xmm7=0x00006ab300006ab300002d7b00002d7b 

    > store to +0x4fe0 value 0x-3f82ffff3f82ff92
0x3195: push rdx
  rax=0x0000000000000052 rbx=0x00000000c07d0101 rcx=0xc07d0000c07d006e rdx=0x0000000000000052
  rsi=0xffffffffbbc963ea rdi=0x00000000bbc963ea flags=0b000000000010
  xmm0=0x000004cb000004cb00006c2e00006c2e xmm1=0x00002caf00002caf0000a2170000a217 
  xmm2=0x0000670900006709000011b6000011b6 xmm3=0x0000c7ce0000c7ce0000013b0000013b 
  xmm4=0x0000de410000de4100008c9100008c91 xmm5=0x00001f7000001f7000006bdf00006bdf 
  xmm6=0x0000e78f0000e78f00008f0600008f06 xmm7=0x00006ab300006ab300002d7b00002d7b 

    > store to +0x4fd8 value 0x52
0x3196: mov ecx, 0x48
  rax=0x0000000000000052 rbx=0x00000000c07d0101 rcx=0xc07d0000c07d006e rdx=0x0000000000000052
  rsi=0xffffffffbbc963ea rdi=0x00000000bbc963ea flags=0b000000000010
  xmm0=0x000004cb000004cb00006c2e00006c2e xmm1=0x00002caf00002caf0000a2170000a217 
  xmm2=0x0000670900006709000011b6000011b6 xmm3=0x0000c7ce0000c7ce0000013b0000013b 
  xmm4=0x0000de410000de4100008c9100008c91 xmm5=0x00001f7000001f7000006bdf00006bdf 
  xmm6=0x0000e78f0000e78f00008f0600008f06 xmm7=0x00006ab300006ab300002d7b00002d7b 

0x319b: rdmsr 
  rax=0x0000000000000052 rbx=0x00000000c07d0101 rcx=0x0000000000000048 rdx=0x0000000000000052
  rsi=0xffffffffbbc963ea rdi=0x00000000bbc963ea flags=0b000000000010
  xmm0=0x000004cb000004cb00006c2e00006c2e xmm1=0x00002caf00002caf0000a2170000a217 
  xmm2=0x0000670900006709000011b6000011b6 xmm3=0x0000c7ce0000c7ce0000013b0000013b 
  xmm4=0x0000de410000de4100008c9100008c91 xmm5=0x00001f7000001f7000006bdf00006bdf 
  xmm6=0x0000e78f0000e78f00008f0600008f06 xmm7=0x00006ab300006ab300002d7b00002d7b 

0x319d: and eax, 0xfffffffb
  rax=0x0000000000000000 rbx=0x00000000c07d0101 rcx=0x0000000000000048 rdx=0x0000000000000000
  rsi=0xffffffffbbc963ea rdi=0x00000000bbc963ea flags=0b000000000010
  xmm0=0x000004cb000004cb00006c2e00006c2e xmm1=0x00002caf00002caf0000a2170000a217 
  xmm2=0x0000670900006709000011b6000011b6 xmm3=0x0000c7ce0000c7ce0000013b0000013b 
  xmm4=0x0000de410000de4100008c9100008c91 xmm5=0x00001f7000001f7000006bdf00006bdf 
  xmm6=0x0000e78f0000e78f00008f0600008f06 xmm7=0x00006ab300006ab300002d7b00002d7b 

0x31a0: or eax, 0x100
  rax=0x0000000000000000 rbx=0x00000000c07d0101 rcx=0x0000000000000048 rdx=0x0000000000000000
  rsi=0xffffffffbbc963ea rdi=0x00000000bbc963ea flags=0b000001000110
  xmm0=0x000004cb000004cb00006c2e00006c2e xmm1=0x00002caf00002caf0000a2170000a217 
  xmm2=0x0000670900006709000011b6000011b6 xmm3=0x0000c7ce0000c7ce0000013b0000013b 
  xmm4=0x0000de410000de4100008c9100008c91 xmm5=0x00001f7000001f7000006bdf00006bdf 
  xmm6=0x0000e78f0000e78f00008f0600008f06 xmm7=0x00006ab300006ab300002d7b00002d7b 

0x31a5: wrmsr 
  rax=0x0000000000000100 rbx=0x00000000c07d0101 rcx=0x0000000000000048 rdx=0x0000000000000000
  rsi=0xffffffffbbc963ea rdi=0x00000000bbc963ea flags=0b000000000110
  xmm0=0x000004cb000004cb00006c2e00006c2e xmm1=0x00002caf00002caf0000a2170000a217 
  xmm2=0x0000670900006709000011b6000011b6 xmm3=0x0000c7ce0000c7ce0000013b0000013b 
  xmm4=0x0000de410000de4100008c9100008c91 xmm5=0x00001f7000001f7000006bdf00006bdf 
  xmm6=0x0000e78f0000e78f00008f0600008f06 xmm7=0x00006ab300006ab300002d7b00002d7b 

0x31a7: mfence 
  rax=0x0000000000000100 rbx=0x00000000c07d0101 rcx=0x0000000000000048 rdx=0x0000000000000000
  rsi=0xffffffffbbc963ea rdi=0x00000000bbc963ea flags=0b000000000110
  xmm0=0x000004cb000004cb00006c2e00006c2e xmm1=0x00002caf00002caf0000a2170000a217 
  xmm2=0x0000670900006709000011b6000011b6 xmm3=0x0000c7ce0000c7ce0000013b0000013b 
  xmm4=0x0000de410000de4100008c9100008c91 xmm5=0x00001f7000001f7000006bdf00006bdf 
  xmm6=0x0000e78f0000e78f00008f0600008f06 xmm7=0x00006ab300006ab300002d7b00002d7b 

0x31aa: lfence 
  rax=0x0000000000000100 rbx=0x00000000c07d0101 rcx=0x0000000000000048 rdx=0x0000000000000000
  rsi=0xffffffffbbc963ea rdi=0x00000000bbc963ea flags=0b000000000110
  xmm0=0x000004cb000004cb00006c2e00006c2e xmm1=0x00002caf00002caf0000a2170000a217 
  xmm2=0x0000670900006709000011b6000011b6 xmm3=0x0000c7ce0000c7ce0000013b0000013b 
  xmm4=0x0000de410000de4100008c9100008c91 xmm5=0x00001f7000001f7000006bdf00006bdf 
  xmm6=0x0000e78f0000e78f00008f0600008f06 xmm7=0x00006ab300006ab300002d7b00002d7b 

0x31ad: macro .measurement_end, .noarg
  rax=0x0000000000000100 rbx=0x00000000c07d0101 rcx=0x0000000000000048 rdx=0x0000000000000000
  rsi=0xffffffffbbc963ea rdi=0x00000000bbc963ea flags=0b000000000110
  xmm0=0x000004cb000004cb00006c2e00006c2e xmm1=0x00002caf00002caf0000a2170000a217 
  xmm2=0x0000670900006709000011b6000011b6 xmm3=0x0000c7ce0000c7ce0000013b0000013b 
  xmm4=0x0000de410000de4100008c9100008c91 xmm5=0x00001f7000001f7000006bdf00006bdf 
  xmm6=0x0000e78f0000e78f00008f0600008f06 xmm7=0x00006ab300006ab300002d7b00002d7b 

0x31b5: mov ecx, 0x48
  rax=0x0000000000000100 rbx=0x00000000c07d0101 rcx=0x0000000000000048 rdx=0x0000000000000000
  rsi=0xffffffffbbc963ea rdi=0x00000000bbc963ea flags=0b000000000110
  xmm0=0x000004cb000004cb00006c2e00006c2e xmm1=0x00002caf00002caf0000a2170000a217 
  xmm2=0x0000670900006709000011b6000011b6 xmm3=0x0000c7ce0000c7ce0000013b0000013b 
  xmm4=0x0000de410000de4100008c9100008c91 xmm5=0x00001f7000001f7000006bdf00006bdf 
  xmm6=0x0000e78f0000e78f00008f0600008f06 xmm7=0x00006ab300006ab300002d7b00002d7b 

0x31ba: rdmsr 
  rax=0x0000000000000100 rbx=0x00000000c07d0101 rcx=0x0000000000000048 rdx=0x0000000000000000
  rsi=0xffffffffbbc963ea rdi=0x00000000bbc963ea flags=0b000000000110
  xmm0=0x000004cb000004cb00006c2e00006c2e xmm1=0x00002caf00002caf0000a2170000a217 
  xmm2=0x0000670900006709000011b6000011b6 xmm3=0x0000c7ce0000c7ce0000013b0000013b 
  xmm4=0x0000de410000de4100008c9100008c91 xmm5=0x00001f7000001f7000006bdf00006bdf 
  xmm6=0x0000e78f0000e78f00008f0600008f06 xmm7=0x00006ab300006ab300002d7b00002d7b 

0x31bc: and eax, 0xfffffffb
  rax=0x0000000000000000 rbx=0x00000000c07d0101 rcx=0x0000000000000048 rdx=0x0000000000000000
  rsi=0xffffffffbbc963ea rdi=0x00000000bbc963ea flags=0b000000000110
  xmm0=0x000004cb000004cb00006c2e00006c2e xmm1=0x00002caf00002caf0000a2170000a217 
  xmm2=0x0000670900006709000011b6000011b6 xmm3=0x0000c7ce0000c7ce0000013b0000013b 
  xmm4=0x0000de410000de4100008c9100008c91 xmm5=0x00001f7000001f7000006bdf00006bdf 
  xmm6=0x0000e78f0000e78f00008f0600008f06 xmm7=0x00006ab300006ab300002d7b00002d7b 

0x31bf: and eax, 0xfffffeff
  rax=0x0000000000000000 rbx=0x00000000c07d0101 rcx=0x0000000000000048 rdx=0x0000000000000000
  rsi=0xffffffffbbc963ea rdi=0x00000000bbc963ea flags=0b000001000110
  xmm0=0x000004cb000004cb00006c2e00006c2e xmm1=0x00002caf00002caf0000a2170000a217 
  xmm2=0x0000670900006709000011b6000011b6 xmm3=0x0000c7ce0000c7ce0000013b0000013b 
  xmm4=0x0000de410000de4100008c9100008c91 xmm5=0x00001f7000001f7000006bdf00006bdf 
  xmm6=0x0000e78f0000e78f00008f0600008f06 xmm7=0x00006ab300006ab300002d7b00002d7b 

0x31c4: wrmsr 
  rax=0x0000000000000000 rbx=0x00000000c07d0101 rcx=0x0000000000000048 rdx=0x0000000000000000
  rsi=0xffffffffbbc963ea rdi=0x00000000bbc963ea flags=0b000001000110
  xmm0=0x000004cb000004cb00006c2e00006c2e xmm1=0x00002caf00002caf0000a2170000a217 
  xmm2=0x0000670900006709000011b6000011b6 xmm3=0x0000c7ce0000c7ce0000013b0000013b 
  xmm4=0x0000de410000de4100008c9100008c91 xmm5=0x00001f7000001f7000006bdf00006bdf 
  xmm6=0x0000e78f0000e78f00008f0600008f06 xmm7=0x00006ab300006ab300002d7b00002d7b 

0x31c6: mfence 
  rax=0x0000000000000000 rbx=0x00000000c07d0101 rcx=0x0000000000000048 rdx=0x0000000000000000
  rsi=0xffffffffbbc963ea rdi=0x00000000bbc963ea flags=0b000001000110
  xmm0=0x000004cb000004cb00006c2e00006c2e xmm1=0x00002caf00002caf0000a2170000a217 
  xmm2=0x0000670900006709000011b6000011b6 xmm3=0x0000c7ce0000c7ce0000013b0000013b 
  xmm4=0x0000de410000de4100008c9100008c91 xmm5=0x00001f7000001f7000006bdf00006bdf 
  xmm6=0x0000e78f0000e78f00008f0600008f06 xmm7=0x00006ab300006ab300002d7b00002d7b 

0x31c9: lfence 
  rax=0x0000000000000000 rbx=0x00000000c07d0101 rcx=0x0000000000000048 rdx=0x0000000000000000
  rsi=0xffffffffbbc963ea rdi=0x00000000bbc963ea flags=0b000001000110
  xmm0=0x000004cb000004cb00006c2e00006c2e xmm1=0x00002caf00002caf0000a2170000a217 
  xmm2=0x0000670900006709000011b6000011b6 xmm3=0x0000c7ce0000c7ce0000013b0000013b 
  xmm4=0x0000de410000de4100008c9100008c91 xmm5=0x00001f7000001f7000006bdf00006bdf 
  xmm6=0x0000e78f0000e78f00008f0600008f06 xmm7=0x00006ab300006ab300002d7b00002d7b 

0x31cc: pop rdx
  rax=0x0000000000000000 rbx=0x00000000c07d0101 rcx=0x0000000000000048 rdx=0x0000000000000000
  rsi=0xffffffffbbc963ea rdi=0x00000000bbc963ea flags=0b000001000110
  xmm0=0x000004cb000004cb00006c2e00006c2e xmm1=0x00002caf00002caf0000a2170000a217 
  xmm2=0x0000670900006709000011b6000011b6 xmm3=0x0000c7ce0000c7ce0000013b0000013b 
  xmm4=0x0000de410000de4100008c9100008c91 xmm5=0x00001f7000001f7000006bdf00006bdf 
  xmm6=0x0000e78f0000e78f00008f0600008f06 xmm7=0x00006ab300006ab300002d7b00002d7b 

    > load from +0x4fd8 value 0x52
0x31cd: pop rcx
  rax=0x0000000000000000 rbx=0x00000000c07d0101 rcx=0x0000000000000048 rdx=0x0000000000000052
  rsi=0xffffffffbbc963ea rdi=0x00000000bbc963ea flags=0b000001000110
  xmm0=0x000004cb000004cb00006c2e00006c2e xmm1=0x00002caf00002caf0000a2170000a217 
  xmm2=0x0000670900006709000011b6000011b6 xmm3=0x0000c7ce0000c7ce0000013b0000013b 
  xmm4=0x0000de410000de4100008c9100008c91 xmm5=0x00001f7000001f7000006bdf00006bdf 
  xmm6=0x0000e78f0000e78f00008f0600008f06 xmm7=0x00006ab300006ab300002d7b00002d7b 

    > load from +0x4fe0 value 0xc07d0000c07d006e
0x31ce: pop rax
  rax=0x0000000000000000 rbx=0x00000000c07d0101 rcx=0xc07d0000c07d006e rdx=0x0000000000000052
  rsi=0xffffffffbbc963ea rdi=0x00000000bbc963ea flags=0b000001000110
  xmm0=0x000004cb000004cb00006c2e00006c2e xmm1=0x00002caf00002caf0000a2170000a217 
  xmm2=0x0000670900006709000011b6000011b6 xmm3=0x0000c7ce0000c7ce0000013b0000013b 
  xmm4=0x0000de410000de4100008c9100008c91 xmm5=0x00001f7000001f7000006bdf00006bdf 
  xmm6=0x0000e78f0000e78f00008f0600008f06 xmm7=0x00006ab300006ab300002d7b00002d7b 

    > load from +0x4fe8 value 0x52
0x31cf: popfq 
  rax=0x0000000000000052 rbx=0x00000000c07d0101 rcx=0xc07d0000c07d006e rdx=0x0000000000000052
  rsi=0xffffffffbbc963ea rdi=0x00000000bbc963ea flags=0b000001000110
  xmm0=0x000004cb000004cb00006c2e00006c2e xmm1=0x00002caf00002caf0000a2170000a217 
  xmm2=0x0000670900006709000011b6000011b6 xmm3=0x0000c7ce0000c7ce0000013b0000013b 
  xmm4=0x0000de410000de4100008c9100008c91 xmm5=0x00001f7000001f7000006bdf00006bdf 
  xmm6=0x0000e78f0000e78f00008f0600008f06 xmm7=0x00006ab300006ab300002d7b00002d7b 

    > load from +0x4ff0 value 0x2
0x31d0: macro .switch, .main.function_main_2
  rax=0x0000000000000052 rbx=0x00000000c07d0101 rcx=0xc07d0000c07d006e rdx=0x0000000000000052
  rsi=0xffffffffbbc963ea rdi=0x00000000bbc963ea flags=0b000000000010
  xmm0=0x000004cb000004cb00006c2e00006c2e xmm1=0x00002caf00002caf0000a2170000a217 
  xmm2=0x0000670900006709000011b6000011b6 xmm3=0x0000c7ce0000c7ce0000013b0000013b 
  xmm4=0x0000de410000de4100008c9100008c91 xmm5=0x00001f7000001f7000006bdf00006bdf 
  xmm6=0x0000e78f0000e78f00008f0600008f06 xmm7=0x00006ab300006ab300002d7b00002d7b 

0x17c: nop  [test_case_exit]
  rax=0x0000000000000052 rbx=0x00000000c07d0101 rcx=0xc07d0000c07d006e rdx=0x0000000000000052
  rsi=0xffffffffbbc963ea rdi=0x00000000bbc963ea flags=0b000000000010
  xmm0=0x000004cb000004cb00006c2e00006c2e xmm1=0x00002caf00002caf0000a2170000a217 
  xmm2=0x0000670900006709000011b6000011b6 xmm3=0x0000c7ce0000c7ce0000013b0000013b 
  xmm4=0x0000de410000de4100008c9100008c91 xmm5=0x00001f7000001f7000006bdf00006bdf 
  xmm6=0x0000e78f0000e78f00008f0600008f06 xmm7=0x00006ab300006ab300002d7b00002d7b 





================================ Statistics ===================================

Test Cases: 1
Inputs per test case: 100.0
Violations: 1
Effectiveness: 
  Total Cls: 50.0
  Effective Cls: 50.0
Discarded Test Cases:
  Speculation Filter: 0
  Observation Filter: 0
  Fast Path: 0
  Max Nesting Check: 0
  Tainting Check: 0
  Early Priming Check: 0
  Large Sample Check: 0
  Priming Check: 0

Duration: 38.9
Finished at 11:02:22
