
INFO: [fuzzer] Starting at 10:57:02
> Entering slow path...> Priming  1              > Increase sample size to 40> Priming  1              > Increase sample size to 160> Priming  1              > Increase sample size to 320> Priming  1             

================================ Violations detected ==========================
Contract trace:
 16061645429957496715 (hash)
Hardware traces:
  Input group 1: [28]
  Input group 2: [78]
  ^^^......^....^..^....^.^....^..^^..^.....^.........^.........^^ [305    | 0     ]
  ^^^......^....^..^....^.^....^..^...^.....^.........^.........^^ [15     | 10    ]
  ^^^......^....^^^^....^.^....^..^...^.....^.........^.........^^ [0      | 277   ]
  ^^^......^....^^^^....^.^....^..^...^.....^.........^...^.....^^ [0      | 33    ]

================================ Violation Traces =============================
                      ##### Input 28 #####

                     ##### Input 0 #####
0x0 : macro .switch, .actor2.function_actor2_0
  rax=0x000016c6000016c6 rbx=0x0000c0830000c083 rcx=0x0000f7440000f744 rdx=0x00005da900005da9
  rsi=0x0000c09b0000c09b rdi=0x0000a75f0000a75f flags=0b000001010010
  xmm0=0x0000950e0000950e000018dc000018dc xmm1=0x000055a8000055a80000a2310000a231 
  xmm2=0x0000e52a0000e52a0000c2770000c277 xmm3=0x000043e9000043e90000a6b00000a6b0 
  xmm4=0x0000f1910000f1910000e1180000e118 xmm5=0x0000b84b0000b84b0000ce8e0000ce8e 
  xmm6=0x0000e71a0000e71a00002bbe00002bbe xmm7=0x000087c6000087c60000640100006401 

0x3000: pushfq 
  rax=0x000016c6000016c6 rbx=0x0000c0830000c083 rcx=0x0000f7440000f744 rdx=0x00005da900005da9
  rsi=0x0000c09b0000c09b rdi=0x0000a75f0000a75f flags=0b000001010010
  xmm0=0x0000950e0000950e000018dc000018dc xmm1=0x000055a8000055a80000a2310000a231 
  xmm2=0x0000e52a0000e52a0000c2770000c277 xmm3=0x000043e9000043e90000a6b00000a6b0 
  xmm4=0x0000f1910000f1910000e1180000e118 xmm5=0x0000b84b0000b84b0000ce8e0000ce8e 
  xmm6=0x0000e71a0000e71a00002bbe00002bbe xmm7=0x000087c6000087c60000640100006401 

    > store to +0x4ff0 value 0x52
0x3001: push rax
  rax=0x000016c6000016c6 rbx=0x0000c0830000c083 rcx=0x0000f7440000f744 rdx=0x00005da900005da9
  rsi=0x0000c09b0000c09b rdi=0x0000a75f0000a75f flags=0b000001010010
  xmm0=0x0000950e0000950e000018dc000018dc xmm1=0x000055a8000055a80000a2310000a231 
  xmm2=0x0000e52a0000e52a0000c2770000c277 xmm3=0x000043e9000043e90000a6b00000a6b0 
  xmm4=0x0000f1910000f1910000e1180000e118 xmm5=0x0000b84b0000b84b0000ce8e0000ce8e 
  xmm6=0x0000e71a0000e71a00002bbe00002bbe xmm7=0x000087c6000087c60000640100006401 

    > store to +0x4fe8 value 0x16c6000016c6
0x3002: push rcx
  rax=0x000016c6000016c6 rbx=0x0000c0830000c083 rcx=0x0000f7440000f744 rdx=0x00005da900005da9
  rsi=0x0000c09b0000c09b rdi=0x0000a75f0000a75f flags=0b000001010010
  xmm0=0x0000950e0000950e000018dc000018dc xmm1=0x000055a8000055a80000a2310000a231 
  xmm2=0x0000e52a0000e52a0000c2770000c277 xmm3=0x000043e9000043e90000a6b00000a6b0 
  xmm4=0x0000f1910000f1910000e1180000e118 xmm5=0x0000b84b0000b84b0000ce8e0000ce8e 
  xmm6=0x0000e71a0000e71a00002bbe00002bbe xmm7=0x000087c6000087c60000640100006401 

    > store to +0x4fe0 value 0xf7440000f744
0x3003: push rdx
  rax=0x000016c6000016c6 rbx=0x0000c0830000c083 rcx=0x0000f7440000f744 rdx=0x00005da900005da9
  rsi=0x0000c09b0000c09b rdi=0x0000a75f0000a75f flags=0b000001010010
  xmm0=0x0000950e0000950e000018dc000018dc xmm1=0x000055a8000055a80000a2310000a231 
  xmm2=0x0000e52a0000e52a0000c2770000c277 xmm3=0x000043e9000043e90000a6b00000a6b0 
  xmm4=0x0000f1910000f1910000e1180000e118 xmm5=0x0000b84b0000b84b0000ce8e0000ce8e 
  xmm6=0x0000e71a0000e71a00002bbe00002bbe xmm7=0x000087c6000087c60000640100006401 

    > store to +0x4fd8 value 0x5da900005da9
0x3004: mov ecx, 0x48
  rax=0x000016c6000016c6 rbx=0x0000c0830000c083 rcx=0x0000f7440000f744 rdx=0x00005da900005da9
  rsi=0x0000c09b0000c09b rdi=0x0000a75f0000a75f flags=0b000001010010
  xmm0=0x0000950e0000950e000018dc000018dc xmm1=0x000055a8000055a80000a2310000a231 
  xmm2=0x0000e52a0000e52a0000c2770000c277 xmm3=0x000043e9000043e90000a6b00000a6b0 
  xmm4=0x0000f1910000f1910000e1180000e118 xmm5=0x0000b84b0000b84b0000ce8e0000ce8e 
  xmm6=0x0000e71a0000e71a00002bbe00002bbe xmm7=0x000087c6000087c60000640100006401 

0x3009: rdmsr 
  rax=0x000016c6000016c6 rbx=0x0000c0830000c083 rcx=0x0000000000000048 rdx=0x00005da900005da9
  rsi=0x0000c09b0000c09b rdi=0x0000a75f0000a75f flags=0b000001010010
  xmm0=0x0000950e0000950e000018dc000018dc xmm1=0x000055a8000055a80000a2310000a231 
  xmm2=0x0000e52a0000e52a0000c2770000c277 xmm3=0x000043e9000043e90000a6b00000a6b0 
  xmm4=0x0000f1910000f1910000e1180000e118 xmm5=0x0000b84b0000b84b0000ce8e0000ce8e 
  xmm6=0x0000e71a0000e71a00002bbe00002bbe xmm7=0x000087c6000087c60000640100006401 

0x300b: and eax, 0xfffffffb
  rax=0x0000000000000000 rbx=0x0000c0830000c083 rcx=0x0000000000000048 rdx=0x0000000000000000
  rsi=0x0000c09b0000c09b rdi=0x0000a75f0000a75f flags=0b000001010010
  xmm0=0x0000950e0000950e000018dc000018dc xmm1=0x000055a8000055a80000a2310000a231 
  xmm2=0x0000e52a0000e52a0000c2770000c277 xmm3=0x000043e9000043e90000a6b00000a6b0 
  xmm4=0x0000f1910000f1910000e1180000e118 xmm5=0x0000b84b0000b84b0000ce8e0000ce8e 
  xmm6=0x0000e71a0000e71a00002bbe00002bbe xmm7=0x000087c6000087c60000640100006401 

0x300e: or eax, 0x100
  rax=0x0000000000000000 rbx=0x0000c0830000c083 rcx=0x0000000000000048 rdx=0x0000000000000000
  rsi=0x0000c09b0000c09b rdi=0x0000a75f0000a75f flags=0b000001000110
  xmm0=0x0000950e0000950e000018dc000018dc xmm1=0x000055a8000055a80000a2310000a231 
  xmm2=0x0000e52a0000e52a0000c2770000c277 xmm3=0x000043e9000043e90000a6b00000a6b0 
  xmm4=0x0000f1910000f1910000e1180000e118 xmm5=0x0000b84b0000b84b0000ce8e0000ce8e 
  xmm6=0x0000e71a0000e71a00002bbe00002bbe xmm7=0x000087c6000087c60000640100006401 

0x3013: wrmsr 
  rax=0x0000000000000100 rbx=0x0000c0830000c083 rcx=0x0000000000000048 rdx=0x0000000000000000
  rsi=0x0000c09b0000c09b rdi=0x0000a75f0000a75f flags=0b000000000110
  xmm0=0x0000950e0000950e000018dc000018dc xmm1=0x000055a8000055a80000a2310000a231 
  xmm2=0x0000e52a0000e52a0000c2770000c277 xmm3=0x000043e9000043e90000a6b00000a6b0 
  xmm4=0x0000f1910000f1910000e1180000e118 xmm5=0x0000b84b0000b84b0000ce8e0000ce8e 
  xmm6=0x0000e71a0000e71a00002bbe00002bbe xmm7=0x000087c6000087c60000640100006401 

0x3015: mfence 
  rax=0x0000000000000100 rbx=0x0000c0830000c083 rcx=0x0000000000000048 rdx=0x0000000000000000
  rsi=0x0000c09b0000c09b rdi=0x0000a75f0000a75f flags=0b000000000110
  xmm0=0x0000950e0000950e000018dc000018dc xmm1=0x000055a8000055a80000a2310000a231 
  xmm2=0x0000e52a0000e52a0000c2770000c277 xmm3=0x000043e9000043e90000a6b00000a6b0 
  xmm4=0x0000f1910000f1910000e1180000e118 xmm5=0x0000b84b0000b84b0000ce8e0000ce8e 
  xmm6=0x0000e71a0000e71a00002bbe00002bbe xmm7=0x000087c6000087c60000640100006401 

0x3018: lfence 
  rax=0x0000000000000100 rbx=0x0000c0830000c083 rcx=0x0000000000000048 rdx=0x0000000000000000
  rsi=0x0000c09b0000c09b rdi=0x0000a75f0000a75f flags=0b000000000110
  xmm0=0x0000950e0000950e000018dc000018dc xmm1=0x000055a8000055a80000a2310000a231 
  xmm2=0x0000e52a0000e52a0000c2770000c277 xmm3=0x000043e9000043e90000a6b00000a6b0 
  xmm4=0x0000f1910000f1910000e1180000e118 xmm5=0x0000b84b0000b84b0000ce8e0000ce8e 
  xmm6=0x0000e71a0000e71a00002bbe00002bbe xmm7=0x000087c6000087c60000640100006401 

0x301b: macro .measurement_start, .noarg
  rax=0x0000000000000100 rbx=0x0000c0830000c083 rcx=0x0000000000000048 rdx=0x0000000000000000
  rsi=0x0000c09b0000c09b rdi=0x0000a75f0000a75f flags=0b000000000110
  xmm0=0x0000950e0000950e000018dc000018dc xmm1=0x000055a8000055a80000a2310000a231 
  xmm2=0x0000e52a0000e52a0000c2770000c277 xmm3=0x000043e9000043e90000a6b00000a6b0 
  xmm4=0x0000f1910000f1910000e1180000e118 xmm5=0x0000b84b0000b84b0000ce8e0000ce8e 
  xmm6=0x0000e71a0000e71a00002bbe00002bbe xmm7=0x000087c6000087c60000640100006401 

0x3023: mov ecx, 0x48
  rax=0x0000000000000100 rbx=0x0000c0830000c083 rcx=0x0000000000000048 rdx=0x0000000000000000
  rsi=0x0000c09b0000c09b rdi=0x0000a75f0000a75f flags=0b000000000110
  xmm0=0x0000950e0000950e000018dc000018dc xmm1=0x000055a8000055a80000a2310000a231 
  xmm2=0x0000e52a0000e52a0000c2770000c277 xmm3=0x000043e9000043e90000a6b00000a6b0 
  xmm4=0x0000f1910000f1910000e1180000e118 xmm5=0x0000b84b0000b84b0000ce8e0000ce8e 
  xmm6=0x0000e71a0000e71a00002bbe00002bbe xmm7=0x000087c6000087c60000640100006401 

0x3028: rdmsr 
  rax=0x0000000000000100 rbx=0x0000c0830000c083 rcx=0x0000000000000048 rdx=0x0000000000000000
  rsi=0x0000c09b0000c09b rdi=0x0000a75f0000a75f flags=0b000000000110
  xmm0=0x0000950e0000950e000018dc000018dc xmm1=0x000055a8000055a80000a2310000a231 
  xmm2=0x0000e52a0000e52a0000c2770000c277 xmm3=0x000043e9000043e90000a6b00000a6b0 
  xmm4=0x0000f1910000f1910000e1180000e118 xmm5=0x0000b84b0000b84b0000ce8e0000ce8e 
  xmm6=0x0000e71a0000e71a00002bbe00002bbe xmm7=0x000087c6000087c60000640100006401 

0x302a: and eax, 0xfffffffb
  rax=0x0000000000000000 rbx=0x0000c0830000c083 rcx=0x0000000000000048 rdx=0x0000000000000000
  rsi=0x0000c09b0000c09b rdi=0x0000a75f0000a75f flags=0b000000000110
  xmm0=0x0000950e0000950e000018dc000018dc xmm1=0x000055a8000055a80000a2310000a231 
  xmm2=0x0000e52a0000e52a0000c2770000c277 xmm3=0x000043e9000043e90000a6b00000a6b0 
  xmm4=0x0000f1910000f1910000e1180000e118 xmm5=0x0000b84b0000b84b0000ce8e0000ce8e 
  xmm6=0x0000e71a0000e71a00002bbe00002bbe xmm7=0x000087c6000087c60000640100006401 

0x302d: and eax, 0xfffffeff
  rax=0x0000000000000000 rbx=0x0000c0830000c083 rcx=0x0000000000000048 rdx=0x0000000000000000
  rsi=0x0000c09b0000c09b rdi=0x0000a75f0000a75f flags=0b000001000110
  xmm0=0x0000950e0000950e000018dc000018dc xmm1=0x000055a8000055a80000a2310000a231 
  xmm2=0x0000e52a0000e52a0000c2770000c277 xmm3=0x000043e9000043e90000a6b00000a6b0 
  xmm4=0x0000f1910000f1910000e1180000e118 xmm5=0x0000b84b0000b84b0000ce8e0000ce8e 
  xmm6=0x0000e71a0000e71a00002bbe00002bbe xmm7=0x000087c6000087c60000640100006401 

0x3032: wrmsr 
  rax=0x0000000000000000 rbx=0x0000c0830000c083 rcx=0x0000000000000048 rdx=0x0000000000000000
  rsi=0x0000c09b0000c09b rdi=0x0000a75f0000a75f flags=0b000001000110
  xmm0=0x0000950e0000950e000018dc000018dc xmm1=0x000055a8000055a80000a2310000a231 
  xmm2=0x0000e52a0000e52a0000c2770000c277 xmm3=0x000043e9000043e90000a6b00000a6b0 
  xmm4=0x0000f1910000f1910000e1180000e118 xmm5=0x0000b84b0000b84b0000ce8e0000ce8e 
  xmm6=0x0000e71a0000e71a00002bbe00002bbe xmm7=0x000087c6000087c60000640100006401 

0x3034: mfence 
  rax=0x0000000000000000 rbx=0x0000c0830000c083 rcx=0x0000000000000048 rdx=0x0000000000000000
  rsi=0x0000c09b0000c09b rdi=0x0000a75f0000a75f flags=0b000001000110
  xmm0=0x0000950e0000950e000018dc000018dc xmm1=0x000055a8000055a80000a2310000a231 
  xmm2=0x0000e52a0000e52a0000c2770000c277 xmm3=0x000043e9000043e90000a6b00000a6b0 
  xmm4=0x0000f1910000f1910000e1180000e118 xmm5=0x0000b84b0000b84b0000ce8e0000ce8e 
  xmm6=0x0000e71a0000e71a00002bbe00002bbe xmm7=0x000087c6000087c60000640100006401 

0x3037: lfence 
  rax=0x0000000000000000 rbx=0x0000c0830000c083 rcx=0x0000000000000048 rdx=0x0000000000000000
  rsi=0x0000c09b0000c09b rdi=0x0000a75f0000a75f flags=0b000001000110
  xmm0=0x0000950e0000950e000018dc000018dc xmm1=0x000055a8000055a80000a2310000a231 
  xmm2=0x0000e52a0000e52a0000c2770000c277 xmm3=0x000043e9000043e90000a6b00000a6b0 
  xmm4=0x0000f1910000f1910000e1180000e118 xmm5=0x0000b84b0000b84b0000ce8e0000ce8e 
  xmm6=0x0000e71a0000e71a00002bbe00002bbe xmm7=0x000087c6000087c60000640100006401 

0x303a: pop rdx
  rax=0x0000000000000000 rbx=0x0000c0830000c083 rcx=0x0000000000000048 rdx=0x0000000000000000
  rsi=0x0000c09b0000c09b rdi=0x0000a75f0000a75f flags=0b000001000110
  xmm0=0x0000950e0000950e000018dc000018dc xmm1=0x000055a8000055a80000a2310000a231 
  xmm2=0x0000e52a0000e52a0000c2770000c277 xmm3=0x000043e9000043e90000a6b00000a6b0 
  xmm4=0x0000f1910000f1910000e1180000e118 xmm5=0x0000b84b0000b84b0000ce8e0000ce8e 
  xmm6=0x0000e71a0000e71a00002bbe00002bbe xmm7=0x000087c6000087c60000640100006401 

    > load from +0x4fd8 value 0x5da900005da9
0x303b: pop rcx
  rax=0x0000000000000000 rbx=0x0000c0830000c083 rcx=0x0000000000000048 rdx=0x00005da900005da9
  rsi=0x0000c09b0000c09b rdi=0x0000a75f0000a75f flags=0b000001000110
  xmm0=0x0000950e0000950e000018dc000018dc xmm1=0x000055a8000055a80000a2310000a231 
  xmm2=0x0000e52a0000e52a0000c2770000c277 xmm3=0x000043e9000043e90000a6b00000a6b0 
  xmm4=0x0000f1910000f1910000e1180000e118 xmm5=0x0000b84b0000b84b0000ce8e0000ce8e 
  xmm6=0x0000e71a0000e71a00002bbe00002bbe xmm7=0x000087c6000087c60000640100006401 

    > load from +0x4fe0 value 0xf7440000f744
0x303c: pop rax
  rax=0x0000000000000000 rbx=0x0000c0830000c083 rcx=0x0000f7440000f744 rdx=0x00005da900005da9
  rsi=0x0000c09b0000c09b rdi=0x0000a75f0000a75f flags=0b000001000110
  xmm0=0x0000950e0000950e000018dc000018dc xmm1=0x000055a8000055a80000a2310000a231 
  xmm2=0x0000e52a0000e52a0000c2770000c277 xmm3=0x000043e9000043e90000a6b00000a6b0 
  xmm4=0x0000f1910000f1910000e1180000e118 xmm5=0x0000b84b0000b84b0000ce8e0000ce8e 
  xmm6=0x0000e71a0000e71a00002bbe00002bbe xmm7=0x000087c6000087c60000640100006401 

    > load from +0x4fe8 value 0x16c6000016c6
0x303d: popfq 
  rax=0x000016c6000016c6 rbx=0x0000c0830000c083 rcx=0x0000f7440000f744 rdx=0x00005da900005da9
  rsi=0x0000c09b0000c09b rdi=0x0000a75f0000a75f flags=0b000001000110
  xmm0=0x0000950e0000950e000018dc000018dc xmm1=0x000055a8000055a80000a2310000a231 
  xmm2=0x0000e52a0000e52a0000c2770000c277 xmm3=0x000043e9000043e90000a6b00000a6b0 
  xmm4=0x0000f1910000f1910000e1180000e118 xmm5=0x0000b84b0000b84b0000ce8e0000ce8e 
  xmm6=0x0000e71a0000e71a00002bbe00002bbe xmm7=0x000087c6000087c60000640100006401 

    > load from +0x4ff0 value 0x52
0x303e: and rbx, 0b1111111111111
  rax=0x000016c6000016c6 rbx=0x0000c0830000c083 rcx=0x0000f7440000f744 rdx=0x00005da900005da9
  rsi=0x0000c09b0000c09b rdi=0x0000a75f0000a75f flags=0b000001010010
  xmm0=0x0000950e0000950e000018dc000018dc xmm1=0x000055a8000055a80000a2310000a231 
  xmm2=0x0000e52a0000e52a0000c2770000c277 xmm3=0x000043e9000043e90000a6b00000a6b0 
  xmm4=0x0000f1910000f1910000e1180000e118 xmm5=0x0000b84b0000b84b0000ce8e0000ce8e 
  xmm6=0x0000e71a0000e71a00002bbe00002bbe xmm7=0x000087c6000087c60000640100006401 

0x3045: or [r14 +rbx], 0b1000000000000000000000000000000
  rax=0x000016c6000016c6 rbx=0x0000000000000083 rcx=0x0000f7440000f744 rdx=0x00005da900005da9
  rsi=0x0000c09b0000c09b rdi=0x0000a75f0000a75f flags=0b000000000010
  xmm0=0x0000950e0000950e000018dc000018dc xmm1=0x000055a8000055a80000a2310000a231 
  xmm2=0x0000e52a0000e52a0000c2770000c277 xmm3=0x000043e9000043e90000a6b00000a6b0 
  xmm4=0x0000f1910000f1910000e1180000e118 xmm5=0x0000b84b0000b84b0000ce8e0000ce8e 
  xmm6=0x0000e71a0000e71a00002bbe00002bbe xmm7=0x000087c6000087c60000640100006401 

    > load from +0x4083 value 0xcbc40000bed300
    > store to +0x4083 value 0xcbc40040bed300
0x304d: bsf rcx, [r14 +rbx]
  rax=0x000016c6000016c6 rbx=0x0000000000000083 rcx=0x0000f7440000f744 rdx=0x00005da900005da9
  rsi=0x0000c09b0000c09b rdi=0x0000a75f0000a75f flags=0b000000000110
  xmm0=0x0000950e0000950e000018dc000018dc xmm1=0x000055a8000055a80000a2310000a231 
  xmm2=0x0000e52a0000e52a0000c2770000c277 xmm3=0x000043e9000043e90000a6b00000a6b0 
  xmm4=0x0000f1910000f1910000e1180000e118 xmm5=0x0000b84b0000b84b0000ce8e0000ce8e 
  xmm6=0x0000e71a0000e71a00002bbe00002bbe xmm7=0x000087c6000087c60000640100006401 

    > load from +0x4083 value 0xcbc40040bed300
0x3052: and rdi, 0b1111111111111
  rax=0x000016c6000016c6 rbx=0x0000000000000083 rcx=0x0000000000000008 rdx=0x00005da900005da9
  rsi=0x0000c09b0000c09b rdi=0x0000a75f0000a75f flags=0b000000000110
  xmm0=0x0000950e0000950e000018dc000018dc xmm1=0x000055a8000055a80000a2310000a231 
  xmm2=0x0000e52a0000e52a0000c2770000c277 xmm3=0x000043e9000043e90000a6b00000a6b0 
  xmm4=0x0000f1910000f1910000e1180000e118 xmm5=0x0000b84b0000b84b0000ce8e0000ce8e 
  xmm6=0x0000e71a0000e71a00002bbe00002bbe xmm7=0x000087c6000087c60000640100006401 

0x3059: sub edx, [r14 +rdi]
  rax=0x000016c6000016c6 rbx=0x0000000000000083 rcx=0x0000000000000008 rdx=0x00005da900005da9
  rsi=0x0000c09b0000c09b rdi=0x000000000000075f flags=0b000000000110
  xmm0=0x0000950e0000950e000018dc000018dc xmm1=0x000055a8000055a80000a2310000a231 
  xmm2=0x0000e52a0000e52a0000c2770000c277 xmm3=0x000043e9000043e90000a6b00000a6b0 
  xmm4=0x0000f1910000f1910000e1180000e118 xmm5=0x0000b84b0000b84b0000ce8e0000ce8e 
  xmm6=0x0000e71a0000e71a00002bbe00002bbe xmm7=0x000087c6000087c60000640100006401 

    > load from +0x475f value 0xf64800
0x305d: and rdx, 0b1111111111111
  rax=0x000016c6000016c6 rbx=0x0000000000000083 rcx=0x0000000000000008 rdx=0x00000000ff0a15a9
  rsi=0x0000c09b0000c09b rdi=0x000000000000075f flags=0b000010000111
  xmm0=0x0000950e0000950e000018dc000018dc xmm1=0x000055a8000055a80000a2310000a231 
  xmm2=0x0000e52a0000e52a0000c2770000c277 xmm3=0x000043e9000043e90000a6b00000a6b0 
  xmm4=0x0000f1910000f1910000e1180000e118 xmm5=0x0000b84b0000b84b0000ce8e0000ce8e 
  xmm6=0x0000e71a0000e71a00002bbe00002bbe xmm7=0x000087c6000087c60000640100006401 

0x3064: movzx edx, [r14 +rdx]
  rax=0x000016c6000016c6 rbx=0x0000000000000083 rcx=0x0000000000000008 rdx=0x00000000000015a9
  rsi=0x0000c09b0000c09b rdi=0x000000000000075f flags=0b000000000110
  xmm0=0x0000950e0000950e000018dc000018dc xmm1=0x000055a8000055a80000a2310000a231 
  xmm2=0x0000e52a0000e52a0000c2770000c277 xmm3=0x000043e9000043e90000a6b00000a6b0 
  xmm4=0x0000f1910000f1910000e1180000e118 xmm5=0x0000b84b0000b84b0000ce8e0000ce8e 
  xmm6=0x0000e71a0000e71a00002bbe00002bbe xmm7=0x000087c6000087c60000640100006401 

    > load from +0x55a9 value 0x3
0x3069: and rdi, 0b1111111111111
  rax=0x000016c6000016c6 rbx=0x0000000000000083 rcx=0x0000000000000008 rdx=0x0000000000000003
  rsi=0x0000c09b0000c09b rdi=0x000000000000075f flags=0b000000000110
  xmm0=0x0000950e0000950e000018dc000018dc xmm1=0x000055a8000055a80000a2310000a231 
  xmm2=0x0000e52a0000e52a0000c2770000c277 xmm3=0x000043e9000043e90000a6b00000a6b0 
  xmm4=0x0000f1910000f1910000e1180000e118 xmm5=0x0000b84b0000b84b0000ce8e0000ce8e 
  xmm6=0x0000e71a0000e71a00002bbe00002bbe xmm7=0x000087c6000087c60000640100006401 

0x3070: cmovbe ebx, [r14 +rdi]
  rax=0x000016c6000016c6 rbx=0x0000000000000083 rcx=0x0000000000000008 rdx=0x0000000000000003
  rsi=0x0000c09b0000c09b rdi=0x000000000000075f flags=0b000000000110
  xmm0=0x0000950e0000950e000018dc000018dc xmm1=0x000055a8000055a80000a2310000a231 
  xmm2=0x0000e52a0000e52a0000c2770000c277 xmm3=0x000043e9000043e90000a6b00000a6b0 
  xmm4=0x0000f1910000f1910000e1180000e118 xmm5=0x0000b84b0000b84b0000ce8e0000ce8e 
  xmm6=0x0000e71a0000e71a00002bbe00002bbe xmm7=0x000087c6000087c60000640100006401 

    > load from +0x475f value 0xf64800
0x3075: and rbx, 0b1111111111111
  rax=0x000016c6000016c6 rbx=0x0000000000000083 rcx=0x0000000000000008 rdx=0x0000000000000003
  rsi=0x0000c09b0000c09b rdi=0x000000000000075f flags=0b000000000110
  xmm0=0x0000950e0000950e000018dc000018dc xmm1=0x000055a8000055a80000a2310000a231 
  xmm2=0x0000e52a0000e52a0000c2770000c277 xmm3=0x000043e9000043e90000a6b00000a6b0 
  xmm4=0x0000f1910000f1910000e1180000e118 xmm5=0x0000b84b0000b84b0000ce8e0000ce8e 
  xmm6=0x0000e71a0000e71a00002bbe00002bbe xmm7=0x000087c6000087c60000640100006401 

0x307c: movzx eax, [r14 +rbx]
  rax=0x000016c6000016c6 rbx=0x0000000000000083 rcx=0x0000000000000008 rdx=0x0000000000000003
  rsi=0x0000c09b0000c09b rdi=0x000000000000075f flags=0b000000000010
  xmm0=0x0000950e0000950e000018dc000018dc xmm1=0x000055a8000055a80000a2310000a231 
  xmm2=0x0000e52a0000e52a0000c2770000c277 xmm3=0x000043e9000043e90000a6b00000a6b0 
  xmm4=0x0000f1910000f1910000e1180000e118 xmm5=0x0000b84b0000b84b0000ce8e0000ce8e 
  xmm6=0x0000e71a0000e71a00002bbe00002bbe xmm7=0x000087c6000087c60000640100006401 

    > load from +0x4083 value 0x0
0x3081: and rax, 0b1111111111111
  rax=0x0000000000000000 rbx=0x0000000000000083 rcx=0x0000000000000008 rdx=0x0000000000000003
  rsi=0x0000c09b0000c09b rdi=0x000000000000075f flags=0b000000000010
  xmm0=0x0000950e0000950e000018dc000018dc xmm1=0x000055a8000055a80000a2310000a231 
  xmm2=0x0000e52a0000e52a0000c2770000c277 xmm3=0x000043e9000043e90000a6b00000a6b0 
  xmm4=0x0000f1910000f1910000e1180000e118 xmm5=0x0000b84b0000b84b0000ce8e0000ce8e 
  xmm6=0x0000e71a0000e71a00002bbe00002bbe xmm7=0x000087c6000087c60000640100006401 

0x3087: cmovle rax, [r14 +rax]
  rax=0x0000000000000000 rbx=0x0000000000000083 rcx=0x0000000000000008 rdx=0x0000000000000003
  rsi=0x0000c09b0000c09b rdi=0x000000000000075f flags=0b000001000110
  xmm0=0x0000950e0000950e000018dc000018dc xmm1=0x000055a8000055a80000a2310000a231 
  xmm2=0x0000e52a0000e52a0000c2770000c277 xmm3=0x000043e9000043e90000a6b00000a6b0 
  xmm4=0x0000f1910000f1910000e1180000e118 xmm5=0x0000b84b0000b84b0000ce8e0000ce8e 
  xmm6=0x0000e71a0000e71a00002bbe00002bbe xmm7=0x000087c6000087c60000640100006401 

    > load from +0x4000 value 0x924300009243
0x308c: and rsi, 0b1111111111111
  rax=0x0000924300009243 rbx=0x0000000000000083 rcx=0x0000000000000008 rdx=0x0000000000000003
  rsi=0x0000c09b0000c09b rdi=0x000000000000075f flags=0b000001000110
  xmm0=0x0000950e0000950e000018dc000018dc xmm1=0x000055a8000055a80000a2310000a231 
  xmm2=0x0000e52a0000e52a0000c2770000c277 xmm3=0x000043e9000043e90000a6b00000a6b0 
  xmm4=0x0000f1910000f1910000e1180000e118 xmm5=0x0000b84b0000b84b0000ce8e0000ce8e 
  xmm6=0x0000e71a0000e71a00002bbe00002bbe xmm7=0x000087c6000087c60000640100006401 

0x3093: mov rdi, [r14 +rsi]
  rax=0x0000924300009243 rbx=0x0000000000000083 rcx=0x0000000000000008 rdx=0x0000000000000003
  rsi=0x000000000000009b rdi=0x000000000000075f flags=0b000000000010
  xmm0=0x0000950e0000950e000018dc000018dc xmm1=0x000055a8000055a80000a2310000a231 
  xmm2=0x0000e52a0000e52a0000c2770000c277 xmm3=0x000043e9000043e90000a6b00000a6b0 
  xmm4=0x0000f1910000f1910000e1180000e118 xmm5=0x0000b84b0000b84b0000ce8e0000ce8e 
  xmm6=0x0000e71a0000e71a00002bbe00002bbe xmm7=0x000087c6000087c60000640100006401 

    > load from +0x409b value 0x8b790000dace00
0x3097: and rbx, 0b1111111111111
  rax=0x0000924300009243 rbx=0x0000000000000083 rcx=0x0000000000000008 rdx=0x0000000000000003
  rsi=0x000000000000009b rdi=0x008b790000dace00 flags=0b000000000010
  xmm0=0x0000950e0000950e000018dc000018dc xmm1=0x000055a8000055a80000a2310000a231 
  xmm2=0x0000e52a0000e52a0000c2770000c277 xmm3=0x000043e9000043e90000a6b00000a6b0 
  xmm4=0x0000f1910000f1910000e1180000e118 xmm5=0x0000b84b0000b84b0000ce8e0000ce8e 
  xmm6=0x0000e71a0000e71a00002bbe00002bbe xmm7=0x000087c6000087c60000640100006401 

0x309e: cmovns edi, [r14 +rbx]
  rax=0x0000924300009243 rbx=0x0000000000000083 rcx=0x0000000000000008 rdx=0x0000000000000003
  rsi=0x000000000000009b rdi=0x008b790000dace00 flags=0b000000000010
  xmm0=0x0000950e0000950e000018dc000018dc xmm1=0x000055a8000055a80000a2310000a231 
  xmm2=0x0000e52a0000e52a0000c2770000c277 xmm3=0x000043e9000043e90000a6b00000a6b0 
  xmm4=0x0000f1910000f1910000e1180000e118 xmm5=0x0000b84b0000b84b0000ce8e0000ce8e 
  xmm6=0x0000e71a0000e71a00002bbe00002bbe xmm7=0x000087c6000087c60000640100006401 

    > load from +0x4083 value 0x40bed300
0x30a3: mov bl, dl
  rax=0x0000924300009243 rbx=0x0000000000000083 rcx=0x0000000000000008 rdx=0x0000000000000003
  rsi=0x000000000000009b rdi=0x0000000040bed300 flags=0b000000000010
  xmm0=0x0000950e0000950e000018dc000018dc xmm1=0x000055a8000055a80000a2310000a231 
  xmm2=0x0000e52a0000e52a0000c2770000c277 xmm3=0x000043e9000043e90000a6b00000a6b0 
  xmm4=0x0000f1910000f1910000e1180000e118 xmm5=0x0000b84b0000b84b0000ce8e0000ce8e 
  xmm6=0x0000e71a0000e71a00002bbe00002bbe xmm7=0x000087c6000087c60000640100006401 

0x30a5: add dil, -111
  rax=0x0000924300009243 rbx=0x0000000000000003 rcx=0x0000000000000008 rdx=0x0000000000000003
  rsi=0x000000000000009b rdi=0x0000000040bed300 flags=0b000000000010
  xmm0=0x0000950e0000950e000018dc000018dc xmm1=0x000055a8000055a80000a2310000a231 
  xmm2=0x0000e52a0000e52a0000c2770000c277 xmm3=0x000043e9000043e90000a6b00000a6b0 
  xmm4=0x0000f1910000f1910000e1180000e118 xmm5=0x0000b84b0000b84b0000ce8e0000ce8e 
  xmm6=0x0000e71a0000e71a00002bbe00002bbe xmm7=0x000087c6000087c60000640100006401 

0x30a9: cmovnbe ebx, ebx
  rax=0x0000924300009243 rbx=0x0000000000000003 rcx=0x0000000000000008 rdx=0x0000000000000003
  rsi=0x000000000000009b rdi=0x0000000040bed391 flags=0b000010000010
  xmm0=0x0000950e0000950e000018dc000018dc xmm1=0x000055a8000055a80000a2310000a231 
  xmm2=0x0000e52a0000e52a0000c2770000c277 xmm3=0x000043e9000043e90000a6b00000a6b0 
  xmm4=0x0000f1910000f1910000e1180000e118 xmm5=0x0000b84b0000b84b0000ce8e0000ce8e 
  xmm6=0x0000e71a0000e71a00002bbe00002bbe xmm7=0x000087c6000087c60000640100006401 

0x30ac: and rdi, 0b1111111111111
  rax=0x0000924300009243 rbx=0x0000000000000003 rcx=0x0000000000000008 rdx=0x0000000000000003
  rsi=0x000000000000009b rdi=0x0000000040bed391 flags=0b000010000010
  xmm0=0x0000950e0000950e000018dc000018dc xmm1=0x000055a8000055a80000a2310000a231 
  xmm2=0x0000e52a0000e52a0000c2770000c277 xmm3=0x000043e9000043e90000a6b00000a6b0 
  xmm4=0x0000f1910000f1910000e1180000e118 xmm5=0x0000b84b0000b84b0000ce8e0000ce8e 
  xmm6=0x0000e71a0000e71a00002bbe00002bbe xmm7=0x000087c6000087c60000640100006401 

0x30b3: cmp [r14 +rdi], -98
  rax=0x0000924300009243 rbx=0x0000000000000003 rcx=0x0000000000000008 rdx=0x0000000000000003
  rsi=0x000000000000009b rdi=0x0000000000001391 flags=0b000000000010
  xmm0=0x0000950e0000950e000018dc000018dc xmm1=0x000055a8000055a80000a2310000a231 
  xmm2=0x0000e52a0000e52a0000c2770000c277 xmm3=0x000043e9000043e90000a6b00000a6b0 
  xmm4=0x0000f1910000f1910000e1180000e118 xmm5=0x0000b84b0000b84b0000ce8e0000ce8e 
  xmm6=0x0000e71a0000e71a00002bbe00002bbe xmm7=0x000087c6000087c60000640100006401 

    > load from +0x5391 value 0x6e
0x30b9: test cl, bl
  rax=0x0000924300009243 rbx=0x0000000000000003 rcx=0x0000000000000008 rdx=0x0000000000000003
  rsi=0x000000000000009b rdi=0x0000000000001391 flags=0b000000000011
  xmm0=0x0000950e0000950e000018dc000018dc xmm1=0x000055a8000055a80000a2310000a231 
  xmm2=0x0000e52a0000e52a0000c2770000c277 xmm3=0x000043e9000043e90000a6b00000a6b0 
  xmm4=0x0000f1910000f1910000e1180000e118 xmm5=0x0000b84b0000b84b0000ce8e0000ce8e 
  xmm6=0x0000e71a0000e71a00002bbe00002bbe xmm7=0x000087c6000087c60000640100006401 

0x30bb: cmovnle rdi, rdi
  rax=0x0000924300009243 rbx=0x0000000000000003 rcx=0x0000000000000008 rdx=0x0000000000000003
  rsi=0x000000000000009b rdi=0x0000000000001391 flags=0b000001000110
  xmm0=0x0000950e0000950e000018dc000018dc xmm1=0x000055a8000055a80000a2310000a231 
  xmm2=0x0000e52a0000e52a0000c2770000c277 xmm3=0x000043e9000043e90000a6b00000a6b0 
  xmm4=0x0000f1910000f1910000e1180000e118 xmm5=0x0000b84b0000b84b0000ce8e0000ce8e 
  xmm6=0x0000e71a0000e71a00002bbe00002bbe xmm7=0x000087c6000087c60000640100006401 

0x30bf: and rdx, 0b1111111111111
  rax=0x0000924300009243 rbx=0x0000000000000003 rcx=0x0000000000000008 rdx=0x0000000000000003
  rsi=0x000000000000009b rdi=0x0000000000001391 flags=0b000001000110
  xmm0=0x0000950e0000950e000018dc000018dc xmm1=0x000055a8000055a80000a2310000a231 
  xmm2=0x0000e52a0000e52a0000c2770000c277 xmm3=0x000043e9000043e90000a6b00000a6b0 
  xmm4=0x0000f1910000f1910000e1180000e118 xmm5=0x0000b84b0000b84b0000ce8e0000ce8e 
  xmm6=0x0000e71a0000e71a00002bbe00002bbe xmm7=0x000087c6000087c60000640100006401 

0x30c6: sbb bl, [r14 +rdx]
  rax=0x0000924300009243 rbx=0x0000000000000003 rcx=0x0000000000000008 rdx=0x0000000000000003
  rsi=0x000000000000009b rdi=0x0000000000001391 flags=0b000000000110
  xmm0=0x0000950e0000950e000018dc000018dc xmm1=0x000055a8000055a80000a2310000a231 
  xmm2=0x0000e52a0000e52a0000c2770000c277 xmm3=0x000043e9000043e90000a6b00000a6b0 
  xmm4=0x0000f1910000f1910000e1180000e118 xmm5=0x0000b84b0000b84b0000ce8e0000ce8e 
  xmm6=0x0000e71a0000e71a00002bbe00002bbe xmm7=0x000087c6000087c60000640100006401 

    > load from +0x4003 value 0x0
0x30ca: adc sil, 89
  rax=0x0000924300009243 rbx=0x0000000000000003 rcx=0x0000000000000008 rdx=0x0000000000000003
  rsi=0x000000000000009b rdi=0x0000000000001391 flags=0b000000000110
  xmm0=0x0000950e0000950e000018dc000018dc xmm1=0x000055a8000055a80000a2310000a231 
  xmm2=0x0000e52a0000e52a0000c2770000c277 xmm3=0x000043e9000043e90000a6b00000a6b0 
  xmm4=0x0000f1910000f1910000e1180000e118 xmm5=0x0000b84b0000b84b0000ce8e0000ce8e 
  xmm6=0x0000e71a0000e71a00002bbe00002bbe xmm7=0x000087c6000087c60000640100006401 

0x30ce: and rbx, 0b1111111111111
  rax=0x0000924300009243 rbx=0x0000000000000003 rcx=0x0000000000000008 rdx=0x0000000000000003
  rsi=0x00000000000000f4 rdi=0x0000000000001391 flags=0b000010010010
  xmm0=0x0000950e0000950e000018dc000018dc xmm1=0x000055a8000055a80000a2310000a231 
  xmm2=0x0000e52a0000e52a0000c2770000c277 xmm3=0x000043e9000043e90000a6b00000a6b0 
  xmm4=0x0000f1910000f1910000e1180000e118 xmm5=0x0000b84b0000b84b0000ce8e0000ce8e 
  xmm6=0x0000e71a0000e71a00002bbe00002bbe xmm7=0x000087c6000087c60000640100006401 

0x30d5: xor si, [r14 +rbx]
  rax=0x0000924300009243 rbx=0x0000000000000003 rcx=0x0000000000000008 rdx=0x0000000000000003
  rsi=0x00000000000000f4 rdi=0x0000000000001391 flags=0b000000000110
  xmm0=0x0000950e0000950e000018dc000018dc xmm1=0x000055a8000055a80000a2310000a231 
  xmm2=0x0000e52a0000e52a0000c2770000c277 xmm3=0x000043e9000043e90000a6b00000a6b0 
  xmm4=0x0000f1910000f1910000e1180000e118 xmm5=0x0000b84b0000b84b0000ce8e0000ce8e 
  xmm6=0x0000e71a0000e71a00002bbe00002bbe xmm7=0x000087c6000087c60000640100006401 

    > load from +0x4003 value 0x4300
0x30da: sub edi, -64
  rax=0x0000924300009243 rbx=0x0000000000000003 rcx=0x0000000000000008 rdx=0x0000000000000003
  rsi=0x00000000000043f4 rdi=0x0000000000001391 flags=0b000000000010
  xmm0=0x0000950e0000950e000018dc000018dc xmm1=0x000055a8000055a80000a2310000a231 
  xmm2=0x0000e52a0000e52a0000c2770000c277 xmm3=0x000043e9000043e90000a6b00000a6b0 
  xmm4=0x0000f1910000f1910000e1180000e118 xmm5=0x0000b84b0000b84b0000ce8e0000ce8e 
  xmm6=0x0000e71a0000e71a00002bbe00002bbe xmm7=0x000087c6000087c60000640100006401 

0x30dd: and rbx, 0b1111111111111
  rax=0x0000924300009243 rbx=0x0000000000000003 rcx=0x0000000000000008 rdx=0x0000000000000003
  rsi=0x00000000000043f4 rdi=0x00000000000013d1 flags=0b000000000111
  xmm0=0x0000950e0000950e000018dc000018dc xmm1=0x000055a8000055a80000a2310000a231 
  xmm2=0x0000e52a0000e52a0000c2770000c277 xmm3=0x000043e9000043e90000a6b00000a6b0 
  xmm4=0x0000f1910000f1910000e1180000e118 xmm5=0x0000b84b0000b84b0000ce8e0000ce8e 
  xmm6=0x0000e71a0000e71a00002bbe00002bbe xmm7=0x000087c6000087c60000640100006401 

0x30e4: movsx cx, [r14 +rbx]
  rax=0x0000924300009243 rbx=0x0000000000000003 rcx=0x0000000000000008 rdx=0x0000000000000003
  rsi=0x00000000000043f4 rdi=0x00000000000013d1 flags=0b000000000110
  xmm0=0x0000950e0000950e000018dc000018dc xmm1=0x000055a8000055a80000a2310000a231 
  xmm2=0x0000e52a0000e52a0000c2770000c277 xmm3=0x000043e9000043e90000a6b00000a6b0 
  xmm4=0x0000f1910000f1910000e1180000e118 xmm5=0x0000b84b0000b84b0000ce8e0000ce8e 
  xmm6=0x0000e71a0000e71a00002bbe00002bbe xmm7=0x000087c6000087c60000640100006401 

    > load from +0x4003 value 0x0
0x30ea: or dil, cl
  rax=0x0000924300009243 rbx=0x0000000000000003 rcx=0x0000000000000000 rdx=0x0000000000000003
  rsi=0x00000000000043f4 rdi=0x00000000000013d1 flags=0b000000000110
  xmm0=0x0000950e0000950e000018dc000018dc xmm1=0x000055a8000055a80000a2310000a231 
  xmm2=0x0000e52a0000e52a0000c2770000c277 xmm3=0x000043e9000043e90000a6b00000a6b0 
  xmm4=0x0000f1910000f1910000e1180000e118 xmm5=0x0000b84b0000b84b0000ce8e0000ce8e 
  xmm6=0x0000e71a0000e71a00002bbe00002bbe xmm7=0x000087c6000087c60000640100006401 

0x30ed: and rax, 0b1111111111111
  rax=0x0000924300009243 rbx=0x0000000000000003 rcx=0x0000000000000000 rdx=0x0000000000000003
  rsi=0x00000000000043f4 rdi=0x00000000000013d1 flags=0b000010000110
  xmm0=0x0000950e0000950e000018dc000018dc xmm1=0x000055a8000055a80000a2310000a231 
  xmm2=0x0000e52a0000e52a0000c2770000c277 xmm3=0x000043e9000043e90000a6b00000a6b0 
  xmm4=0x0000f1910000f1910000e1180000e118 xmm5=0x0000b84b0000b84b0000ce8e0000ce8e 
  xmm6=0x0000e71a0000e71a00002bbe00002bbe xmm7=0x000087c6000087c60000640100006401 

0x30f3: add dl, [r14 +rax]
  rax=0x0000000000001243 rbx=0x0000000000000003 rcx=0x0000000000000000 rdx=0x0000000000000003
  rsi=0x00000000000043f4 rdi=0x00000000000013d1 flags=0b000000000010
  xmm0=0x0000950e0000950e000018dc000018dc xmm1=0x000055a8000055a80000a2310000a231 
  xmm2=0x0000e52a0000e52a0000c2770000c277 xmm3=0x000043e9000043e90000a6b00000a6b0 
  xmm4=0x0000f1910000f1910000e1180000e118 xmm5=0x0000b84b0000b84b0000ce8e0000ce8e 
  xmm6=0x0000e71a0000e71a00002bbe00002bbe xmm7=0x000087c6000087c60000640100006401 

    > load from +0x5243 value 0x0
0x30f7: or si, 0b1000000000000000
  rax=0x0000000000001243 rbx=0x0000000000000003 rcx=0x0000000000000000 rdx=0x0000000000000003
  rsi=0x00000000000043f4 rdi=0x00000000000013d1 flags=0b000000000110
  xmm0=0x0000950e0000950e000018dc000018dc xmm1=0x000055a8000055a80000a2310000a231 
  xmm2=0x0000e52a0000e52a0000c2770000c277 xmm3=0x000043e9000043e90000a6b00000a6b0 
  xmm4=0x0000f1910000f1910000e1180000e118 xmm5=0x0000b84b0000b84b0000ce8e0000ce8e 
  xmm6=0x0000e71a0000e71a00002bbe00002bbe xmm7=0x000087c6000087c60000640100006401 

0x30fc: bsr di, si
  rax=0x0000000000001243 rbx=0x0000000000000003 rcx=0x0000000000000000 rdx=0x0000000000000003
  rsi=0x000000000000c3f4 rdi=0x00000000000013d1 flags=0b000010000010
  xmm0=0x0000950e0000950e000018dc000018dc xmm1=0x000055a8000055a80000a2310000a231 
  xmm2=0x0000e52a0000e52a0000c2770000c277 xmm3=0x000043e9000043e90000a6b00000a6b0 
  xmm4=0x0000f1910000f1910000e1180000e118 xmm5=0x0000b84b0000b84b0000ce8e0000ce8e 
  xmm6=0x0000e71a0000e71a00002bbe00002bbe xmm7=0x000087c6000087c60000640100006401 

0x3100: and rcx, 0b1111111111111
  rax=0x0000000000001243 rbx=0x0000000000000003 rcx=0x0000000000000000 rdx=0x0000000000000003
  rsi=0x000000000000c3f4 rdi=0x000000000000000f flags=0b000010000010
  xmm0=0x0000950e0000950e000018dc000018dc xmm1=0x000055a8000055a80000a2310000a231 
  xmm2=0x0000e52a0000e52a0000c2770000c277 xmm3=0x000043e9000043e90000a6b00000a6b0 
  xmm4=0x0000f1910000f1910000e1180000e118 xmm5=0x0000b84b0000b84b0000ce8e0000ce8e 
  xmm6=0x0000e71a0000e71a00002bbe00002bbe xmm7=0x000087c6000087c60000640100006401 

0x3107: or [r14 +rcx], 0b1000000000000000000000000000000
  rax=0x0000000000001243 rbx=0x0000000000000003 rcx=0x0000000000000000 rdx=0x0000000000000003
  rsi=0x000000000000c3f4 rdi=0x000000000000000f flags=0b000001000110
  xmm0=0x0000950e0000950e000018dc000018dc xmm1=0x000055a8000055a80000a2310000a231 
  xmm2=0x0000e52a0000e52a0000c2770000c277 xmm3=0x000043e9000043e90000a6b00000a6b0 
  xmm4=0x0000f1910000f1910000e1180000e118 xmm5=0x0000b84b0000b84b0000ce8e0000ce8e 
  xmm6=0x0000e71a0000e71a00002bbe00002bbe xmm7=0x000087c6000087c60000640100006401 

    > load from +0x4000 value 0x924300009243
    > store to +0x4000 value 0x924340009243
0x310f: bsf rsi, [r14 +rcx]
  rax=0x0000000000001243 rbx=0x0000000000000003 rcx=0x0000000000000000 rdx=0x0000000000000003
  rsi=0x000000000000c3f4 rdi=0x000000000000000f flags=0b000000000010
  xmm0=0x0000950e0000950e000018dc000018dc xmm1=0x000055a8000055a80000a2310000a231 
  xmm2=0x0000e52a0000e52a0000c2770000c277 xmm3=0x000043e9000043e90000a6b00000a6b0 
  xmm4=0x0000f1910000f1910000e1180000e118 xmm5=0x0000b84b0000b84b0000ce8e0000ce8e 
  xmm6=0x0000e71a0000e71a00002bbe00002bbe xmm7=0x000087c6000087c60000640100006401 

    > load from +0x4000 value 0x924340009243
0x3114: sub cx, -124
  rax=0x0000000000001243 rbx=0x0000000000000003 rcx=0x0000000000000000 rdx=0x0000000000000003
  rsi=0x0000000000000000 rdi=0x000000000000000f flags=0b000000000010
  xmm0=0x0000950e0000950e000018dc000018dc xmm1=0x000055a8000055a80000a2310000a231 
  xmm2=0x0000e52a0000e52a0000c2770000c277 xmm3=0x000043e9000043e90000a6b00000a6b0 
  xmm4=0x0000f1910000f1910000e1180000e118 xmm5=0x0000b84b0000b84b0000ce8e0000ce8e 
  xmm6=0x0000e71a0000e71a00002bbe00002bbe xmm7=0x000087c6000087c60000640100006401 

0x3118: xchg esi, eax
  rax=0x0000000000001243 rbx=0x0000000000000003 rcx=0x000000000000007c rdx=0x0000000000000003
  rsi=0x0000000000000000 rdi=0x000000000000000f flags=0b000000010011
  xmm0=0x0000950e0000950e000018dc000018dc xmm1=0x000055a8000055a80000a2310000a231 
  xmm2=0x0000e52a0000e52a0000c2770000c277 xmm3=0x000043e9000043e90000a6b00000a6b0 
  xmm4=0x0000f1910000f1910000e1180000e118 xmm5=0x0000b84b0000b84b0000ce8e0000ce8e 
  xmm6=0x0000e71a0000e71a00002bbe00002bbe xmm7=0x000087c6000087c60000640100006401 

0x3119: setnb dl
  rax=0x0000000000000000 rbx=0x0000000000000003 rcx=0x000000000000007c rdx=0x0000000000000003
  rsi=0x0000000000001243 rdi=0x000000000000000f flags=0b000000010011
  xmm0=0x0000950e0000950e000018dc000018dc xmm1=0x000055a8000055a80000a2310000a231 
  xmm2=0x0000e52a0000e52a0000c2770000c277 xmm3=0x000043e9000043e90000a6b00000a6b0 
  xmm4=0x0000f1910000f1910000e1180000e118 xmm5=0x0000b84b0000b84b0000ce8e0000ce8e 
  xmm6=0x0000e71a0000e71a00002bbe00002bbe xmm7=0x000087c6000087c60000640100006401 

0x311c: mul bx
  rax=0x0000000000000000 rbx=0x0000000000000003 rcx=0x000000000000007c rdx=0x0000000000000000
  rsi=0x0000000000001243 rdi=0x000000000000000f flags=0b000000010011
  xmm0=0x0000950e0000950e000018dc000018dc xmm1=0x000055a8000055a80000a2310000a231 
  xmm2=0x0000e52a0000e52a0000c2770000c277 xmm3=0x000043e9000043e90000a6b00000a6b0 
  xmm4=0x0000f1910000f1910000e1180000e118 xmm5=0x0000b84b0000b84b0000ce8e0000ce8e 
  xmm6=0x0000e71a0000e71a00002bbe00002bbe xmm7=0x000087c6000087c60000640100006401 

0x311f: movzx rcx, ax
  rax=0x0000000000000000 rbx=0x0000000000000003 rcx=0x000000000000007c rdx=0x0000000000000000
  rsi=0x0000000000001243 rdi=0x000000000000000f flags=0b000001000110
  xmm0=0x0000950e0000950e000018dc000018dc xmm1=0x000055a8000055a80000a2310000a231 
  xmm2=0x0000e52a0000e52a0000c2770000c277 xmm3=0x000043e9000043e90000a6b00000a6b0 
  xmm4=0x0000f1910000f1910000e1180000e118 xmm5=0x0000b84b0000b84b0000ce8e0000ce8e 
  xmm6=0x0000e71a0000e71a00002bbe00002bbe xmm7=0x000087c6000087c60000640100006401 

0x3123: and rdi, 0b1111111111111
  rax=0x0000000000000000 rbx=0x0000000000000003 rcx=0x0000000000000000 rdx=0x0000000000000000
  rsi=0x0000000000001243 rdi=0x000000000000000f flags=0b000001000110
  xmm0=0x0000950e0000950e000018dc000018dc xmm1=0x000055a8000055a80000a2310000a231 
  xmm2=0x0000e52a0000e52a0000c2770000c277 xmm3=0x000043e9000043e90000a6b00000a6b0 
  xmm4=0x0000f1910000f1910000e1180000e118 xmm5=0x0000b84b0000b84b0000ce8e0000ce8e 
  xmm6=0x0000e71a0000e71a00002bbe00002bbe xmm7=0x000087c6000087c60000640100006401 

0x312a: movzx rcx, [r14 +rdi]
  rax=0x0000000000000000 rbx=0x0000000000000003 rcx=0x0000000000000000 rdx=0x0000000000000000
  rsi=0x0000000000001243 rdi=0x000000000000000f flags=0b000000000110
  xmm0=0x0000950e0000950e000018dc000018dc xmm1=0x000055a8000055a80000a2310000a231 
  xmm2=0x0000e52a0000e52a0000c2770000c277 xmm3=0x000043e9000043e90000a6b00000a6b0 
  xmm4=0x0000f1910000f1910000e1180000e118 xmm5=0x0000b84b0000b84b0000ce8e0000ce8e 
  xmm6=0x0000e71a0000e71a00002bbe00002bbe xmm7=0x000087c6000087c60000640100006401 

    > load from +0x400f value 0x0
0x312f: and rcx, 0b1111111111111
  rax=0x0000000000000000 rbx=0x0000000000000003 rcx=0x0000000000000000 rdx=0x0000000000000000
  rsi=0x0000000000001243 rdi=0x000000000000000f flags=0b000000000110
  xmm0=0x0000950e0000950e000018dc000018dc xmm1=0x000055a8000055a80000a2310000a231 
  xmm2=0x0000e52a0000e52a0000c2770000c277 xmm3=0x000043e9000043e90000a6b00000a6b0 
  xmm4=0x0000f1910000f1910000e1180000e118 xmm5=0x0000b84b0000b84b0000ce8e0000ce8e 
  xmm6=0x0000e71a0000e71a00002bbe00002bbe xmm7=0x000087c6000087c60000640100006401 

0x3136: sub al, [r14 +rcx]
  rax=0x0000000000000000 rbx=0x0000000000000003 rcx=0x0000000000000000 rdx=0x0000000000000000
  rsi=0x0000000000001243 rdi=0x000000000000000f flags=0b000001000110
  xmm0=0x0000950e0000950e000018dc000018dc xmm1=0x000055a8000055a80000a2310000a231 
  xmm2=0x0000e52a0000e52a0000c2770000c277 xmm3=0x000043e9000043e90000a6b00000a6b0 
  xmm4=0x0000f1910000f1910000e1180000e118 xmm5=0x0000b84b0000b84b0000ce8e0000ce8e 
  xmm6=0x0000e71a0000e71a00002bbe00002bbe xmm7=0x000087c6000087c60000640100006401 

    > load from +0x4000 value 0x43
0x313a: cmovno si, dx
  rax=0x00000000000000bd rbx=0x0000000000000003 rcx=0x0000000000000000 rdx=0x0000000000000000
  rsi=0x0000000000001243 rdi=0x000000000000000f flags=0b000010010111
  xmm0=0x0000950e0000950e000018dc000018dc xmm1=0x000055a8000055a80000a2310000a231 
  xmm2=0x0000e52a0000e52a0000c2770000c277 xmm3=0x000043e9000043e90000a6b00000a6b0 
  xmm4=0x0000f1910000f1910000e1180000e118 xmm5=0x0000b84b0000b84b0000ce8e0000ce8e 
  xmm6=0x0000e71a0000e71a00002bbe00002bbe xmm7=0x000087c6000087c60000640100006401 

0x313e: and rcx, 0b1111111111111
  rax=0x00000000000000bd rbx=0x0000000000000003 rcx=0x0000000000000000 rdx=0x0000000000000000
  rsi=0x0000000000000000 rdi=0x000000000000000f flags=0b000010010111
  xmm0=0x0000950e0000950e000018dc000018dc xmm1=0x000055a8000055a80000a2310000a231 
  xmm2=0x0000e52a0000e52a0000c2770000c277 xmm3=0x000043e9000043e90000a6b00000a6b0 
  xmm4=0x0000f1910000f1910000e1180000e118 xmm5=0x0000b84b0000b84b0000ce8e0000ce8e 
  xmm6=0x0000e71a0000e71a00002bbe00002bbe xmm7=0x000087c6000087c60000640100006401 

0x3145: and esi, 0b111
  rax=0x00000000000000bd rbx=0x0000000000000003 rcx=0x0000000000000000 rdx=0x0000000000000000
  rsi=0x0000000000000000 rdi=0x000000000000000f flags=0b000001000110
  xmm0=0x0000950e0000950e000018dc000018dc xmm1=0x000055a8000055a80000a2310000a231 
  xmm2=0x0000e52a0000e52a0000c2770000c277 xmm3=0x000043e9000043e90000a6b00000a6b0 
  xmm4=0x0000f1910000f1910000e1180000e118 xmm5=0x0000b84b0000b84b0000ce8e0000ce8e 
  xmm6=0x0000e71a0000e71a00002bbe00002bbe xmm7=0x000087c6000087c60000640100006401 

0x3148: bt [r14 +rcx], esi
  rax=0x00000000000000bd rbx=0x0000000000000003 rcx=0x0000000000000000 rdx=0x0000000000000000
  rsi=0x0000000000000000 rdi=0x000000000000000f flags=0b000001000110
  xmm0=0x0000950e0000950e000018dc000018dc xmm1=0x000055a8000055a80000a2310000a231 
  xmm2=0x0000e52a0000e52a0000c2770000c277 xmm3=0x000043e9000043e90000a6b00000a6b0 
  xmm4=0x0000f1910000f1910000e1180000e118 xmm5=0x0000b84b0000b84b0000ce8e0000ce8e 
  xmm6=0x0000e71a0000e71a00002bbe00002bbe xmm7=0x000087c6000087c60000640100006401 

    > load from +0x4000 value 0x40009243
0x314d: and rbx, 0b1111111111111
  rax=0x00000000000000bd rbx=0x0000000000000003 rcx=0x0000000000000000 rdx=0x0000000000000000
  rsi=0x0000000000000000 rdi=0x000000000000000f flags=0b000001000111
  xmm0=0x0000950e0000950e000018dc000018dc xmm1=0x000055a8000055a80000a2310000a231 
  xmm2=0x0000e52a0000e52a0000c2770000c277 xmm3=0x000043e9000043e90000a6b00000a6b0 
  xmm4=0x0000f1910000f1910000e1180000e118 xmm5=0x0000b84b0000b84b0000ce8e0000ce8e 
  xmm6=0x0000e71a0000e71a00002bbe00002bbe xmm7=0x000087c6000087c60000640100006401 

0x3154: mov bl, [r14 +rbx]
  rax=0x00000000000000bd rbx=0x0000000000000003 rcx=0x0000000000000000 rdx=0x0000000000000000
  rsi=0x0000000000000000 rdi=0x000000000000000f flags=0b000000000110
  xmm0=0x0000950e0000950e000018dc000018dc xmm1=0x000055a8000055a80000a2310000a231 
  xmm2=0x0000e52a0000e52a0000c2770000c277 xmm3=0x000043e9000043e90000a6b00000a6b0 
  xmm4=0x0000f1910000f1910000e1180000e118 xmm5=0x0000b84b0000b84b0000ce8e0000ce8e 
  xmm6=0x0000e71a0000e71a00002bbe00002bbe xmm7=0x000087c6000087c60000640100006401 

    > load from +0x4003 value 0x40
0x3158: mov rsi, rdi
  rax=0x00000000000000bd rbx=0x0000000000000040 rcx=0x0000000000000000 rdx=0x0000000000000000
  rsi=0x0000000000000000 rdi=0x000000000000000f flags=0b000000000110
  xmm0=0x0000950e0000950e000018dc000018dc xmm1=0x000055a8000055a80000a2310000a231 
  xmm2=0x0000e52a0000e52a0000c2770000c277 xmm3=0x000043e9000043e90000a6b00000a6b0 
  xmm4=0x0000f1910000f1910000e1180000e118 xmm5=0x0000b84b0000b84b0000ce8e0000ce8e 
  xmm6=0x0000e71a0000e71a00002bbe00002bbe xmm7=0x000087c6000087c60000640100006401 

0x315b: xadd ecx, edi
  rax=0x00000000000000bd rbx=0x0000000000000040 rcx=0x0000000000000000 rdx=0x0000000000000000
  rsi=0x000000000000000f rdi=0x000000000000000f flags=0b000000000110
  xmm0=0x0000950e0000950e000018dc000018dc xmm1=0x000055a8000055a80000a2310000a231 
  xmm2=0x0000e52a0000e52a0000c2770000c277 xmm3=0x000043e9000043e90000a6b00000a6b0 
  xmm4=0x0000f1910000f1910000e1180000e118 xmm5=0x0000b84b0000b84b0000ce8e0000ce8e 
  xmm6=0x0000e71a0000e71a00002bbe00002bbe xmm7=0x000087c6000087c60000640100006401 

0x315e: xor eax, 268711852
  rax=0x00000000000000bd rbx=0x0000000000000040 rcx=0x000000000000000f rdx=0x0000000000000000
  rsi=0x000000000000000f rdi=0x0000000000000000 flags=0b000000000110
  xmm0=0x0000950e0000950e000018dc000018dc xmm1=0x000055a8000055a80000a2310000a231 
  xmm2=0x0000e52a0000e52a0000c2770000c277 xmm3=0x000043e9000043e90000a6b00000a6b0 
  xmm4=0x0000f1910000f1910000e1180000e118 xmm5=0x0000b84b0000b84b0000ce8e0000ce8e 
  xmm6=0x0000e71a0000e71a00002bbe00002bbe xmm7=0x000087c6000087c60000640100006401 

0x3163: and rdi, 0b1111111111111
  rax=0x0000000010043711 rbx=0x0000000000000040 rcx=0x000000000000000f rdx=0x0000000000000000
  rsi=0x000000000000000f rdi=0x0000000000000000 flags=0b000000000110
  xmm0=0x0000950e0000950e000018dc000018dc xmm1=0x000055a8000055a80000a2310000a231 
  xmm2=0x0000e52a0000e52a0000c2770000c277 xmm3=0x000043e9000043e90000a6b00000a6b0 
  xmm4=0x0000f1910000f1910000e1180000e118 xmm5=0x0000b84b0000b84b0000ce8e0000ce8e 
  xmm6=0x0000e71a0000e71a00002bbe00002bbe xmm7=0x000087c6000087c60000640100006401 

0x316a: cmp di, [r14 +rdi]
  rax=0x0000000010043711 rbx=0x0000000000000040 rcx=0x000000000000000f rdx=0x0000000000000000
  rsi=0x000000000000000f rdi=0x0000000000000000 flags=0b000001000110
  xmm0=0x0000950e0000950e000018dc000018dc xmm1=0x000055a8000055a80000a2310000a231 
  xmm2=0x0000e52a0000e52a0000c2770000c277 xmm3=0x000043e9000043e90000a6b00000a6b0 
  xmm4=0x0000f1910000f1910000e1180000e118 xmm5=0x0000b84b0000b84b0000ce8e0000ce8e 
  xmm6=0x0000e71a0000e71a00002bbe00002bbe xmm7=0x000087c6000087c60000640100006401 

    > load from +0x4000 value 0x9243
0x316f: sub dil, -112
  rax=0x0000000010043711 rbx=0x0000000000000040 rcx=0x000000000000000f rdx=0x0000000000000000
  rsi=0x000000000000000f rdi=0x0000000000000000 flags=0b000000010111
  xmm0=0x0000950e0000950e000018dc000018dc xmm1=0x000055a8000055a80000a2310000a231 
  xmm2=0x0000e52a0000e52a0000c2770000c277 xmm3=0x000043e9000043e90000a6b00000a6b0 
  xmm4=0x0000f1910000f1910000e1180000e118 xmm5=0x0000b84b0000b84b0000ce8e0000ce8e 
  xmm6=0x0000e71a0000e71a00002bbe00002bbe xmm7=0x000087c6000087c60000640100006401 

0x3173: and rsi, 0b1111111111111
  rax=0x0000000010043711 rbx=0x0000000000000040 rcx=0x000000000000000f rdx=0x0000000000000000
  rsi=0x000000000000000f rdi=0x0000000000000070 flags=0b000000000011
  xmm0=0x0000950e0000950e000018dc000018dc xmm1=0x000055a8000055a80000a2310000a231 
  xmm2=0x0000e52a0000e52a0000c2770000c277 xmm3=0x000043e9000043e90000a6b00000a6b0 
  xmm4=0x0000f1910000f1910000e1180000e118 xmm5=0x0000b84b0000b84b0000ce8e0000ce8e 
  xmm6=0x0000e71a0000e71a00002bbe00002bbe xmm7=0x000087c6000087c60000640100006401 

0x317a: cmovle dx, [r14 +rsi]
  rax=0x0000000010043711 rbx=0x0000000000000040 rcx=0x000000000000000f rdx=0x0000000000000000
  rsi=0x000000000000000f rdi=0x0000000000000070 flags=0b000000000110
  xmm0=0x0000950e0000950e000018dc000018dc xmm1=0x000055a8000055a80000a2310000a231 
  xmm2=0x0000e52a0000e52a0000c2770000c277 xmm3=0x000043e9000043e90000a6b00000a6b0 
  xmm4=0x0000f1910000f1910000e1180000e118 xmm5=0x0000b84b0000b84b0000ce8e0000ce8e 
  xmm6=0x0000e71a0000e71a00002bbe00002bbe xmm7=0x000087c6000087c60000640100006401 

    > load from +0x400f value 0x5400
0x3180: and rdi, 0b1111111111111
  rax=0x0000000010043711 rbx=0x0000000000000040 rcx=0x000000000000000f rdx=0x0000000000000000
  rsi=0x000000000000000f rdi=0x0000000000000070 flags=0b000000000110
  xmm0=0x0000950e0000950e000018dc000018dc xmm1=0x000055a8000055a80000a2310000a231 
  xmm2=0x0000e52a0000e52a0000c2770000c277 xmm3=0x000043e9000043e90000a6b00000a6b0 
  xmm4=0x0000f1910000f1910000e1180000e118 xmm5=0x0000b84b0000b84b0000ce8e0000ce8e 
  xmm6=0x0000e71a0000e71a00002bbe00002bbe xmm7=0x000087c6000087c60000640100006401 

0x3187: cmovb esi, [r14 +rdi]
  rax=0x0000000010043711 rbx=0x0000000000000040 rcx=0x000000000000000f rdx=0x0000000000000000
  rsi=0x000000000000000f rdi=0x0000000000000070 flags=0b000000000010
  xmm0=0x0000950e0000950e000018dc000018dc xmm1=0x000055a8000055a80000a2310000a231 
  xmm2=0x0000e52a0000e52a0000c2770000c277 xmm3=0x000043e9000043e90000a6b00000a6b0 
  xmm4=0x0000f1910000f1910000e1180000e118 xmm5=0x0000b84b0000b84b0000ce8e0000ce8e 
  xmm6=0x0000e71a0000e71a00002bbe00002bbe xmm7=0x000087c6000087c60000640100006401 

    > load from +0x4070 value 0x4ddd
0x318c: macro .switch, .main.function_main_1
  rax=0x0000000010043711 rbx=0x0000000000000040 rcx=0x000000000000000f rdx=0x0000000000000000
  rsi=0x000000000000000f rdi=0x0000000000000070 flags=0b000000000010
  xmm0=0x0000950e0000950e000018dc000018dc xmm1=0x000055a8000055a80000a2310000a231 
  xmm2=0x0000e52a0000e52a0000c2770000c277 xmm3=0x000043e9000043e90000a6b00000a6b0 
  xmm4=0x0000f1910000f1910000e1180000e118 xmm5=0x0000b84b0000b84b0000ce8e0000ce8e 
  xmm6=0x0000e71a0000e71a00002bbe00002bbe xmm7=0x000087c6000087c60000640100006401 

0x8 : and rsi, 0b1111111111111
  rax=0x0000000010043711 rbx=0x0000000000000040 rcx=0x000000000000000f rdx=0x0000000000000000
  rsi=0x000000000000000f rdi=0x0000000000000070 flags=0b000000000010
  xmm0=0x0000950e0000950e000018dc000018dc xmm1=0x000055a8000055a80000a2310000a231 
  xmm2=0x0000e52a0000e52a0000c2770000c277 xmm3=0x000043e9000043e90000a6b00000a6b0 
  xmm4=0x0000f1910000f1910000e1180000e118 xmm5=0x0000b84b0000b84b0000ce8e0000ce8e 
  xmm6=0x0000e71a0000e71a00002bbe00002bbe xmm7=0x000087c6000087c60000640100006401 

0xf : or esi, [r14 +rsi]
  rax=0x0000000010043711 rbx=0x0000000000000040 rcx=0x000000000000000f rdx=0x0000000000000000
  rsi=0x000000000000000f rdi=0x0000000000000070 flags=0b000000000110
  xmm0=0x0000950e0000950e000018dc000018dc xmm1=0x000055a8000055a80000a2310000a231 
  xmm2=0x0000e52a0000e52a0000c2770000c277 xmm3=0x000043e9000043e90000a6b00000a6b0 
  xmm4=0x0000f1910000f1910000e1180000e118 xmm5=0x0000b84b0000b84b0000ce8e0000ce8e 
  xmm6=0x0000e71a0000e71a00002bbe00002bbe xmm7=0x000087c6000087c60000640100006401 

    > load from +0xf value 0x6bb600
0x13: sub ax, 4129
  rax=0x0000000010043711 rbx=0x0000000000000040 rcx=0x000000000000000f rdx=0x0000000000000000
  rsi=0x00000000006bb60f rdi=0x0000000000000070 flags=0b000000000110
  xmm0=0x0000950e0000950e000018dc000018dc xmm1=0x000055a8000055a80000a2310000a231 
  xmm2=0x0000e52a0000e52a0000c2770000c277 xmm3=0x000043e9000043e90000a6b00000a6b0 
  xmm4=0x0000f1910000f1910000e1180000e118 xmm5=0x0000b84b0000b84b0000ce8e0000ce8e 
  xmm6=0x0000e71a0000e71a00002bbe00002bbe xmm7=0x000087c6000087c60000640100006401 

0x17: sub dil, 56
  rax=0x00000000100426f0 rbx=0x0000000000000040 rcx=0x000000000000000f rdx=0x0000000000000000
  rsi=0x00000000006bb60f rdi=0x0000000000000070 flags=0b000000000110
  xmm0=0x0000950e0000950e000018dc000018dc xmm1=0x000055a8000055a80000a2310000a231 
  xmm2=0x0000e52a0000e52a0000c2770000c277 xmm3=0x000043e9000043e90000a6b00000a6b0 
  xmm4=0x0000f1910000f1910000e1180000e118 xmm5=0x0000b84b0000b84b0000ce8e0000ce8e 
  xmm6=0x0000e71a0000e71a00002bbe00002bbe xmm7=0x000087c6000087c60000640100006401 

0x1b: and rsi, 0b1111111111111
  rax=0x00000000100426f0 rbx=0x0000000000000040 rcx=0x000000000000000f rdx=0x0000000000000000
  rsi=0x00000000006bb60f rdi=0x0000000000000038 flags=0b000000010010
  xmm0=0x0000950e0000950e000018dc000018dc xmm1=0x000055a8000055a80000a2310000a231 
  xmm2=0x0000e52a0000e52a0000c2770000c277 xmm3=0x000043e9000043e90000a6b00000a6b0 
  xmm4=0x0000f1910000f1910000e1180000e118 xmm5=0x0000b84b0000b84b0000ce8e0000ce8e 
  xmm6=0x0000e71a0000e71a00002bbe00002bbe xmm7=0x000087c6000087c60000640100006401 

0x22: or [r14 +rsi], 0b1000
  rax=0x00000000100426f0 rbx=0x0000000000000040 rcx=0x000000000000000f rdx=0x0000000000000000
  rsi=0x000000000000160f rdi=0x0000000000000038 flags=0b000000000110
  xmm0=0x0000950e0000950e000018dc000018dc xmm1=0x000055a8000055a80000a2310000a231 
  xmm2=0x0000e52a0000e52a0000c2770000c277 xmm3=0x000043e9000043e90000a6b00000a6b0 
  xmm4=0x0000f1910000f1910000e1180000e118 xmm5=0x0000b84b0000b84b0000ce8e0000ce8e 
  xmm6=0x0000e71a0000e71a00002bbe00002bbe xmm7=0x000087c6000087c60000640100006401 

    > load from +0x160f value 0x9700
    > store to +0x160f value 0x9708
0x28: and [r14 +rsi], 0b11111000
  rax=0x00000000100426f0 rbx=0x0000000000000040 rcx=0x000000000000000f rdx=0x0000000000000000
  rsi=0x000000000000160f rdi=0x0000000000000038 flags=0b000010000010
  xmm0=0x0000950e0000950e000018dc000018dc xmm1=0x000055a8000055a80000a2310000a231 
  xmm2=0x0000e52a0000e52a0000c2770000c277 xmm3=0x000043e9000043e90000a6b00000a6b0 
  xmm4=0x0000f1910000f1910000e1180000e118 xmm5=0x0000b84b0000b84b0000ce8e0000ce8e 
  xmm6=0x0000e71a0000e71a00002bbe00002bbe xmm7=0x000087c6000087c60000640100006401 

    > load from +0x160f value 0x8
    > store to +0x160f value 0x8
0x2d: and dx, 0b11
  rax=0x00000000100426f0 rbx=0x0000000000000040 rcx=0x000000000000000f rdx=0x0000000000000000
  rsi=0x000000000000160f rdi=0x0000000000000038 flags=0b000000000010
  xmm0=0x0000950e0000950e000018dc000018dc xmm1=0x000055a8000055a80000a2310000a231 
  xmm2=0x0000e52a0000e52a0000c2770000c277 xmm3=0x000043e9000043e90000a6b00000a6b0 
  xmm4=0x0000f1910000f1910000e1180000e118 xmm5=0x0000b84b0000b84b0000ce8e0000ce8e 
  xmm6=0x0000e71a0000e71a00002bbe00002bbe xmm7=0x000087c6000087c60000640100006401 

0x31: idiv [r14 +rsi]
  rax=0x00000000100426f0 rbx=0x0000000000000040 rcx=0x000000000000000f rdx=0x0000000000000000
  rsi=0x000000000000160f rdi=0x0000000000000038 flags=0b000001000110
  xmm0=0x0000950e0000950e000018dc000018dc xmm1=0x000055a8000055a80000a2310000a231 
  xmm2=0x0000e52a0000e52a0000c2770000c277 xmm3=0x000043e9000043e90000a6b00000a6b0 
  xmm4=0x0000f1910000f1910000e1180000e118 xmm5=0x0000b84b0000b84b0000ce8e0000ce8e 
  xmm6=0x0000e71a0000e71a00002bbe00002bbe xmm7=0x000087c6000087c60000640100006401 

    > load from +0x160f value 0x9708
0x36: and rdi, 0b1111111111111
  rax=0x0000000010040000 rbx=0x0000000000000040 rcx=0x000000000000000f rdx=0x00000000000026f0
  rsi=0x000000000000160f rdi=0x0000000000000038 flags=0b000001000110
  xmm0=0x0000950e0000950e000018dc000018dc xmm1=0x000055a8000055a80000a2310000a231 
  xmm2=0x0000e52a0000e52a0000c2770000c277 xmm3=0x000043e9000043e90000a6b00000a6b0 
  xmm4=0x0000f1910000f1910000e1180000e118 xmm5=0x0000b84b0000b84b0000ce8e0000ce8e 
  xmm6=0x0000e71a0000e71a00002bbe00002bbe xmm7=0x000087c6000087c60000640100006401 

0x3d: or [r14 +rdi], 1
  rax=0x0000000010040000 rbx=0x0000000000000040 rcx=0x000000000000000f rdx=0x00000000000026f0
  rsi=0x000000000000160f rdi=0x0000000000000038 flags=0b000000000010
  xmm0=0x0000950e0000950e000018dc000018dc xmm1=0x000055a8000055a80000a2310000a231 
  xmm2=0x0000e52a0000e52a0000c2770000c277 xmm3=0x000043e9000043e90000a6b00000a6b0 
  xmm4=0x0000f1910000f1910000e1180000e118 xmm5=0x0000b84b0000b84b0000ce8e0000ce8e 
  xmm6=0x0000e71a0000e71a00002bbe00002bbe xmm7=0x000087c6000087c60000640100006401 

    > load from +0x38 value 0x62da
    > store to +0x38 value 0x62db
0x43: and dx, [r14 +rdi]
  rax=0x0000000010040000 rbx=0x0000000000000040 rcx=0x000000000000000f rdx=0x00000000000026f0
  rsi=0x000000000000160f rdi=0x0000000000000038 flags=0b000000000110
  xmm0=0x0000950e0000950e000018dc000018dc xmm1=0x000055a8000055a80000a2310000a231 
  xmm2=0x0000e52a0000e52a0000c2770000c277 xmm3=0x000043e9000043e90000a6b00000a6b0 
  xmm4=0x0000f1910000f1910000e1180000e118 xmm5=0x0000b84b0000b84b0000ce8e0000ce8e 
  xmm6=0x0000e71a0000e71a00002bbe00002bbe xmm7=0x000087c6000087c60000640100006401 

    > load from +0x38 value 0x62db
0x48: shr dx, 1
  rax=0x0000000010040000 rbx=0x0000000000000040 rcx=0x000000000000000f rdx=0x00000000000022d0
  rsi=0x000000000000160f rdi=0x0000000000000038 flags=0b000000000010
  xmm0=0x0000950e0000950e000018dc000018dc xmm1=0x000055a8000055a80000a2310000a231 
  xmm2=0x0000e52a0000e52a0000c2770000c277 xmm3=0x000043e9000043e90000a6b00000a6b0 
  xmm4=0x0000f1910000f1910000e1180000e118 xmm5=0x0000b84b0000b84b0000ce8e0000ce8e 
  xmm6=0x0000e71a0000e71a00002bbe00002bbe xmm7=0x000087c6000087c60000640100006401 

0x4b: div [r14 +rdi]
  rax=0x0000000010040000 rbx=0x0000000000000040 rcx=0x000000000000000f rdx=0x0000000000001168
  rsi=0x000000000000160f rdi=0x0000000000000038 flags=0b000000000010
  xmm0=0x0000950e0000950e000018dc000018dc xmm1=0x000055a8000055a80000a2310000a231 
  xmm2=0x0000e52a0000e52a0000c2770000c277 xmm3=0x000043e9000043e90000a6b00000a6b0 
  xmm4=0x0000f1910000f1910000e1180000e118 xmm5=0x0000b84b0000b84b0000ce8e0000ce8e 
  xmm6=0x0000e71a0000e71a00002bbe00002bbe xmm7=0x000087c6000087c60000640100006401 

    > load from +0x38 value 0x62db
0x50: add dil, 121
  rax=0x0000000010042d13 rbx=0x0000000000000040 rcx=0x000000000000000f rdx=0x0000000000002abf
  rsi=0x000000000000160f rdi=0x0000000000000038 flags=0b000000000010
  xmm0=0x0000950e0000950e000018dc000018dc xmm1=0x000055a8000055a80000a2310000a231 
  xmm2=0x0000e52a0000e52a0000c2770000c277 xmm3=0x000043e9000043e90000a6b00000a6b0 
  xmm4=0x0000f1910000f1910000e1180000e118 xmm5=0x0000b84b0000b84b0000ce8e0000ce8e 
  xmm6=0x0000e71a0000e71a00002bbe00002bbe xmm7=0x000087c6000087c60000640100006401 

0x54: and rax, 0b1111111111111
  rax=0x0000000010042d13 rbx=0x0000000000000040 rcx=0x000000000000000f rdx=0x0000000000002abf
  rsi=0x000000000000160f rdi=0x00000000000000b1 flags=0b100010010110
  xmm0=0x0000950e0000950e000018dc000018dc xmm1=0x000055a8000055a80000a2310000a231 
  xmm2=0x0000e52a0000e52a0000c2770000c277 xmm3=0x000043e9000043e90000a6b00000a6b0 
  xmm4=0x0000f1910000f1910000e1180000e118 xmm5=0x0000b84b0000b84b0000ce8e0000ce8e 
  xmm6=0x0000e71a0000e71a00002bbe00002bbe xmm7=0x000087c6000087c60000640100006401 

0x5a: cmovl rax, [r14 +rax]
  rax=0x0000000000000d13 rbx=0x0000000000000040 rcx=0x000000000000000f rdx=0x0000000000002abf
  rsi=0x000000000000160f rdi=0x00000000000000b1 flags=0b000000000010
  xmm0=0x0000950e0000950e000018dc000018dc xmm1=0x000055a8000055a80000a2310000a231 
  xmm2=0x0000e52a0000e52a0000c2770000c277 xmm3=0x000043e9000043e90000a6b00000a6b0 
  xmm4=0x0000f1910000f1910000e1180000e118 xmm5=0x0000b84b0000b84b0000ce8e0000ce8e 
  xmm6=0x0000e71a0000e71a00002bbe00002bbe xmm7=0x000087c6000087c60000640100006401 

    > load from +0xd13 value 0xdb7a000041a000
0x5f: and rbx, 0b1111111111111
  rax=0x0000000000000d13 rbx=0x0000000000000040 rcx=0x000000000000000f rdx=0x0000000000002abf
  rsi=0x000000000000160f rdi=0x00000000000000b1 flags=0b000000000010
  xmm0=0x0000950e0000950e000018dc000018dc xmm1=0x000055a8000055a80000a2310000a231 
  xmm2=0x0000e52a0000e52a0000c2770000c277 xmm3=0x000043e9000043e90000a6b00000a6b0 
  xmm4=0x0000f1910000f1910000e1180000e118 xmm5=0x0000b84b0000b84b0000ce8e0000ce8e 
  xmm6=0x0000e71a0000e71a00002bbe00002bbe xmm7=0x000087c6000087c60000640100006401 

0x66: movsxd rbx, [r14 +rbx]
  rax=0x0000000000000d13 rbx=0x0000000000000040 rcx=0x000000000000000f rdx=0x0000000000002abf
  rsi=0x000000000000160f rdi=0x00000000000000b1 flags=0b000000000010
  xmm0=0x0000950e0000950e000018dc000018dc xmm1=0x000055a8000055a80000a2310000a231 
  xmm2=0x0000e52a0000e52a0000c2770000c277 xmm3=0x000043e9000043e90000a6b00000a6b0 
  xmm4=0x0000f1910000f1910000e1180000e118 xmm5=0x0000b84b0000b84b0000ce8e0000ce8e 
  xmm6=0x0000e71a0000e71a00002bbe00002bbe xmm7=0x000087c6000087c60000640100006401 

    > load from +0x40 value 0xe933
0x6a: and rdi, 0b1111111111111
  rax=0x0000000000000d13 rbx=0x000000000000e933 rcx=0x000000000000000f rdx=0x0000000000002abf
  rsi=0x000000000000160f rdi=0x00000000000000b1 flags=0b000000000010
  xmm0=0x0000950e0000950e000018dc000018dc xmm1=0x000055a8000055a80000a2310000a231 
  xmm2=0x0000e52a0000e52a0000c2770000c277 xmm3=0x000043e9000043e90000a6b00000a6b0 
  xmm4=0x0000f1910000f1910000e1180000e118 xmm5=0x0000b84b0000b84b0000ce8e0000ce8e 
  xmm6=0x0000e71a0000e71a00002bbe00002bbe xmm7=0x000087c6000087c60000640100006401 

0x71: sub rdx, [r14 +rdi]
  rax=0x0000000000000d13 rbx=0x000000000000e933 rcx=0x000000000000000f rdx=0x0000000000002abf
  rsi=0x000000000000160f rdi=0x00000000000000b1 flags=0b000000000110
  xmm0=0x0000950e0000950e000018dc000018dc xmm1=0x000055a8000055a80000a2310000a231 
  xmm2=0x0000e52a0000e52a0000c2770000c277 xmm3=0x000043e9000043e90000a6b00000a6b0 
  xmm4=0x0000f1910000f1910000e1180000e118 xmm5=0x0000b84b0000b84b0000ce8e0000ce8e 
  xmm6=0x0000e71a0000e71a00002bbe00002bbe xmm7=0x000087c6000087c60000640100006401 

    > load from +0xb1 value 0x8900002efc00002e
0x75: and rbx, 0b1111111111111
  rax=0x0000000000000d13 rbx=0x000000000000e933 rcx=0x000000000000000f rdx=0x76ffffd104002a91
  rsi=0x000000000000160f rdi=0x00000000000000b1 flags=0b000000000011
  xmm0=0x0000950e0000950e000018dc000018dc xmm1=0x000055a8000055a80000a2310000a231 
  xmm2=0x0000e52a0000e52a0000c2770000c277 xmm3=0x000043e9000043e90000a6b00000a6b0 
  xmm4=0x0000f1910000f1910000e1180000e118 xmm5=0x0000b84b0000b84b0000ce8e0000ce8e 
  xmm6=0x0000e71a0000e71a00002bbe00002bbe xmm7=0x000087c6000087c60000640100006401 

0x7c: imul edi, [r14 +rbx], -14
  rax=0x0000000000000d13 rbx=0x0000000000000933 rcx=0x000000000000000f rdx=0x76ffffd104002a91
  rsi=0x000000000000160f rdi=0x00000000000000b1 flags=0b000000000110
  xmm0=0x0000950e0000950e000018dc000018dc xmm1=0x000055a8000055a80000a2310000a231 
  xmm2=0x0000e52a0000e52a0000c2770000c277 xmm3=0x000043e9000043e90000a6b00000a6b0 
  xmm4=0x0000f1910000f1910000e1180000e118 xmm5=0x0000b84b0000b84b0000ce8e0000ce8e 
  xmm6=0x0000e71a0000e71a00002bbe00002bbe xmm7=0x000087c6000087c60000640100006401 

    > load from +0x933 value 0xf75c00
0x81: add dl, sil
  rax=0x0000000000000d13 rbx=0x0000000000000933 rcx=0x000000000000000f rdx=0x76ffffd104002a91
  rsi=0x000000000000160f rdi=0x00000000f278f800 flags=0b000010000110
  xmm0=0x0000950e0000950e000018dc000018dc xmm1=0x000055a8000055a80000a2310000a231 
  xmm2=0x0000e52a0000e52a0000c2770000c277 xmm3=0x000043e9000043e90000a6b00000a6b0 
  xmm4=0x0000f1910000f1910000e1180000e118 xmm5=0x0000b84b0000b84b0000ce8e0000ce8e 
  xmm6=0x0000e71a0000e71a00002bbe00002bbe xmm7=0x000087c6000087c60000640100006401 

0x84: and rdx, 0b1111111111111
  rax=0x0000000000000d13 rbx=0x0000000000000933 rcx=0x000000000000000f rdx=0x76ffffd104002aa0
  rsi=0x000000000000160f rdi=0x00000000f278f800 flags=0b000010010110
  xmm0=0x0000950e0000950e000018dc000018dc xmm1=0x000055a8000055a80000a2310000a231 
  xmm2=0x0000e52a0000e52a0000c2770000c277 xmm3=0x000043e9000043e90000a6b00000a6b0 
  xmm4=0x0000f1910000f1910000e1180000e118 xmm5=0x0000b84b0000b84b0000ce8e0000ce8e 
  xmm6=0x0000e71a0000e71a00002bbe00002bbe xmm7=0x000087c6000087c60000640100006401 

0x8b: adc bl, [r14 +rdx]
  rax=0x0000000000000d13 rbx=0x0000000000000933 rcx=0x000000000000000f rdx=0x0000000000000aa0
  rsi=0x000000000000160f rdi=0x00000000f278f800 flags=0b000000000110
  xmm0=0x0000950e0000950e000018dc000018dc xmm1=0x000055a8000055a80000a2310000a231 
  xmm2=0x0000e52a0000e52a0000c2770000c277 xmm3=0x000043e9000043e90000a6b00000a6b0 
  xmm4=0x0000f1910000f1910000e1180000e118 xmm5=0x0000b84b0000b84b0000ce8e0000ce8e 
  xmm6=0x0000e71a0000e71a00002bbe00002bbe xmm7=0x000087c6000087c60000640100006401 

    > load from +0xaa0 value 0xd8
0x8f: and rsi, 0b1111111111111
  rax=0x0000000000000d13 rbx=0x000000000000090b rcx=0x000000000000000f rdx=0x0000000000000aa0
  rsi=0x000000000000160f rdi=0x00000000f278f800 flags=0b000000000011
  xmm0=0x0000950e0000950e000018dc000018dc xmm1=0x000055a8000055a80000a2310000a231 
  xmm2=0x0000e52a0000e52a0000c2770000c277 xmm3=0x000043e9000043e90000a6b00000a6b0 
  xmm4=0x0000f1910000f1910000e1180000e118 xmm5=0x0000b84b0000b84b0000ce8e0000ce8e 
  xmm6=0x0000e71a0000e71a00002bbe00002bbe xmm7=0x000087c6000087c60000640100006401 

0x96: cmovl ax, [r14 +rsi]
  rax=0x0000000000000d13 rbx=0x000000000000090b rcx=0x000000000000000f rdx=0x0000000000000aa0
  rsi=0x000000000000160f rdi=0x00000000f278f800 flags=0b000000000110
  xmm0=0x0000950e0000950e000018dc000018dc xmm1=0x000055a8000055a80000a2310000a231 
  xmm2=0x0000e52a0000e52a0000c2770000c277 xmm3=0x000043e9000043e90000a6b00000a6b0 
  xmm4=0x0000f1910000f1910000e1180000e118 xmm5=0x0000b84b0000b84b0000ce8e0000ce8e 
  xmm6=0x0000e71a0000e71a00002bbe00002bbe xmm7=0x000087c6000087c60000640100006401 

    > load from +0x160f value 0x9708
0x9c: and rdi, 0b1111111111111
  rax=0x0000000000000d13 rbx=0x000000000000090b rcx=0x000000000000000f rdx=0x0000000000000aa0
  rsi=0x000000000000160f rdi=0x00000000f278f800 flags=0b000000000110
  xmm0=0x0000950e0000950e000018dc000018dc xmm1=0x000055a8000055a80000a2310000a231 
  xmm2=0x0000e52a0000e52a0000c2770000c277 xmm3=0x000043e9000043e90000a6b00000a6b0 
  xmm4=0x0000f1910000f1910000e1180000e118 xmm5=0x0000b84b0000b84b0000ce8e0000ce8e 
  xmm6=0x0000e71a0000e71a00002bbe00002bbe xmm7=0x000087c6000087c60000640100006401 

0xa3: movzx rcx, [r14 +rdi]
  rax=0x0000000000000d13 rbx=0x000000000000090b rcx=0x000000000000000f rdx=0x0000000000000aa0
  rsi=0x000000000000160f rdi=0x0000000000001800 flags=0b000000000110
  xmm0=0x0000950e0000950e000018dc000018dc xmm1=0x000055a8000055a80000a2310000a231 
  xmm2=0x0000e52a0000e52a0000c2770000c277 xmm3=0x000043e9000043e90000a6b00000a6b0 
  xmm4=0x0000f1910000f1910000e1180000e118 xmm5=0x0000b84b0000b84b0000ce8e0000ce8e 
  xmm6=0x0000e71a0000e71a00002bbe00002bbe xmm7=0x000087c6000087c60000640100006401 

    > load from +0x1800 value 0x15
0xa8: cmovb ecx, ecx
  rax=0x0000000000000d13 rbx=0x000000000000090b rcx=0x0000000000000015 rdx=0x0000000000000aa0
  rsi=0x000000000000160f rdi=0x0000000000001800 flags=0b000000000110
  xmm0=0x0000950e0000950e000018dc000018dc xmm1=0x000055a8000055a80000a2310000a231 
  xmm2=0x0000e52a0000e52a0000c2770000c277 xmm3=0x000043e9000043e90000a6b00000a6b0 
  xmm4=0x0000f1910000f1910000e1180000e118 xmm5=0x0000b84b0000b84b0000ce8e0000ce8e 
  xmm6=0x0000e71a0000e71a00002bbe00002bbe xmm7=0x000087c6000087c60000640100006401 

0xab: cbw 
  rax=0x0000000000000d13 rbx=0x000000000000090b rcx=0x0000000000000015 rdx=0x0000000000000aa0
  rsi=0x000000000000160f rdi=0x0000000000001800 flags=0b000000000110
  xmm0=0x0000950e0000950e000018dc000018dc xmm1=0x000055a8000055a80000a2310000a231 
  xmm2=0x0000e52a0000e52a0000c2770000c277 xmm3=0x000043e9000043e90000a6b00000a6b0 
  xmm4=0x0000f1910000f1910000e1180000e118 xmm5=0x0000b84b0000b84b0000ce8e0000ce8e 
  xmm6=0x0000e71a0000e71a00002bbe00002bbe xmm7=0x000087c6000087c60000640100006401 

0xad: cmovnl rdx, rcx
  rax=0x0000000000000013 rbx=0x000000000000090b rcx=0x0000000000000015 rdx=0x0000000000000aa0
  rsi=0x000000000000160f rdi=0x0000000000001800 flags=0b000000000110
  xmm0=0x0000950e0000950e000018dc000018dc xmm1=0x000055a8000055a80000a2310000a231 
  xmm2=0x0000e52a0000e52a0000c2770000c277 xmm3=0x000043e9000043e90000a6b00000a6b0 
  xmm4=0x0000f1910000f1910000e1180000e118 xmm5=0x0000b84b0000b84b0000ce8e0000ce8e 
  xmm6=0x0000e71a0000e71a00002bbe00002bbe xmm7=0x000087c6000087c60000640100006401 

0xb1: and rdx, 0b1111111111111
  rax=0x0000000000000013 rbx=0x000000000000090b rcx=0x0000000000000015 rdx=0x0000000000000015
  rsi=0x000000000000160f rdi=0x0000000000001800 flags=0b000000000110
  xmm0=0x0000950e0000950e000018dc000018dc xmm1=0x000055a8000055a80000a2310000a231 
  xmm2=0x0000e52a0000e52a0000c2770000c277 xmm3=0x000043e9000043e90000a6b00000a6b0 
  xmm4=0x0000f1910000f1910000e1180000e118 xmm5=0x0000b84b0000b84b0000ce8e0000ce8e 
  xmm6=0x0000e71a0000e71a00002bbe00002bbe xmm7=0x000087c6000087c60000640100006401 

0xb8: mov edi, [r14 +rdx]
  rax=0x0000000000000013 rbx=0x000000000000090b rcx=0x0000000000000015 rdx=0x0000000000000015
  rsi=0x000000000000160f rdi=0x0000000000001800 flags=0b000000000010
  xmm0=0x0000950e0000950e000018dc000018dc xmm1=0x000055a8000055a80000a2310000a231 
  xmm2=0x0000e52a0000e52a0000c2770000c277 xmm3=0x000043e9000043e90000a6b00000a6b0 
  xmm4=0x0000f1910000f1910000e1180000e118 xmm5=0x0000b84b0000b84b0000ce8e0000ce8e 
  xmm6=0x0000e71a0000e71a00002bbe00002bbe xmm7=0x000087c6000087c60000640100006401 

    > load from +0x15 value 0x8200006b
0xbc: and rdi, 0b1111111111111
  rax=0x0000000000000013 rbx=0x000000000000090b rcx=0x0000000000000015 rdx=0x0000000000000015
  rsi=0x000000000000160f rdi=0x000000008200006b flags=0b000000000010
  xmm0=0x0000950e0000950e000018dc000018dc xmm1=0x000055a8000055a80000a2310000a231 
  xmm2=0x0000e52a0000e52a0000c2770000c277 xmm3=0x000043e9000043e90000a6b00000a6b0 
  xmm4=0x0000f1910000f1910000e1180000e118 xmm5=0x0000b84b0000b84b0000ce8e0000ce8e 
  xmm6=0x0000e71a0000e71a00002bbe00002bbe xmm7=0x000087c6000087c60000640100006401 

0xc3: cmovnp eax, [r14 +rdi]
  rax=0x0000000000000013 rbx=0x000000000000090b rcx=0x0000000000000015 rdx=0x0000000000000015
  rsi=0x000000000000160f rdi=0x000000000000006b flags=0b000000000010
  xmm0=0x0000950e0000950e000018dc000018dc xmm1=0x000055a8000055a80000a2310000a231 
  xmm2=0x0000e52a0000e52a0000c2770000c277 xmm3=0x000043e9000043e90000a6b00000a6b0 
  xmm4=0x0000f1910000f1910000e1180000e118 xmm5=0x0000b84b0000b84b0000ce8e0000ce8e 
  xmm6=0x0000e71a0000e71a00002bbe00002bbe xmm7=0x000087c6000087c60000640100006401 

    > load from +0x6b value 0x45f900
0xc8: cmp rax, -795033843
  rax=0x000000000045f900 rbx=0x000000000000090b rcx=0x0000000000000015 rdx=0x0000000000000015
  rsi=0x000000000000160f rdi=0x000000000000006b flags=0b000000000010
  xmm0=0x0000950e0000950e000018dc000018dc xmm1=0x000055a8000055a80000a2310000a231 
  xmm2=0x0000e52a0000e52a0000c2770000c277 xmm3=0x000043e9000043e90000a6b00000a6b0 
  xmm4=0x0000f1910000f1910000e1180000e118 xmm5=0x0000b84b0000b84b0000ce8e0000ce8e 
  xmm6=0x0000e71a0000e71a00002bbe00002bbe xmm7=0x000087c6000087c60000640100006401 

0xce: sub cl, dil
  rax=0x000000000045f900 rbx=0x000000000000090b rcx=0x0000000000000015 rdx=0x0000000000000015
  rsi=0x000000000000160f rdi=0x000000000000006b flags=0b000000010111
  xmm0=0x0000950e0000950e000018dc000018dc xmm1=0x000055a8000055a80000a2310000a231 
  xmm2=0x0000e52a0000e52a0000c2770000c277 xmm3=0x000043e9000043e90000a6b00000a6b0 
  xmm4=0x0000f1910000f1910000e1180000e118 xmm5=0x0000b84b0000b84b0000ce8e0000ce8e 
  xmm6=0x0000e71a0000e71a00002bbe00002bbe xmm7=0x000087c6000087c60000640100006401 

0xd1: or cl, 0b1000
  rax=0x000000000045f900 rbx=0x000000000000090b rcx=0x00000000000000aa rdx=0x0000000000000015
  rsi=0x000000000000160f rdi=0x000000000000006b flags=0b000010010111
  xmm0=0x0000950e0000950e000018dc000018dc xmm1=0x000055a8000055a80000a2310000a231 
  xmm2=0x0000e52a0000e52a0000c2770000c277 xmm3=0x000043e9000043e90000a6b00000a6b0 
  xmm4=0x0000f1910000f1910000e1180000e118 xmm5=0x0000b84b0000b84b0000ce8e0000ce8e 
  xmm6=0x0000e71a0000e71a00002bbe00002bbe xmm7=0x000087c6000087c60000640100006401 

0xd4: and cl, 0b11111000
  rax=0x000000000045f900 rbx=0x000000000000090b rcx=0x00000000000000aa rdx=0x0000000000000015
  rsi=0x000000000000160f rdi=0x000000000000006b flags=0b000010000110
  xmm0=0x0000950e0000950e000018dc000018dc xmm1=0x000055a8000055a80000a2310000a231 
  xmm2=0x0000e52a0000e52a0000c2770000c277 xmm3=0x000043e9000043e90000a6b00000a6b0 
  xmm4=0x0000f1910000f1910000e1180000e118 xmm5=0x0000b84b0000b84b0000ce8e0000ce8e 
  xmm6=0x0000e71a0000e71a00002bbe00002bbe xmm7=0x000087c6000087c60000640100006401 

0xd7: mov ax, 1
  rax=0x000000000045f900 rbx=0x000000000000090b rcx=0x00000000000000a8 rdx=0x0000000000000015
  rsi=0x000000000000160f rdi=0x000000000000006b flags=0b000010000010
  xmm0=0x0000950e0000950e000018dc000018dc xmm1=0x000055a8000055a80000a2310000a231 
  xmm2=0x0000e52a0000e52a0000c2770000c277 xmm3=0x000043e9000043e90000a6b00000a6b0 
  xmm4=0x0000f1910000f1910000e1180000e118 xmm5=0x0000b84b0000b84b0000ce8e0000ce8e 
  xmm6=0x0000e71a0000e71a00002bbe00002bbe xmm7=0x000087c6000087c60000640100006401 

0xdb: idiv cl
  rax=0x0000000000450001 rbx=0x000000000000090b rcx=0x00000000000000a8 rdx=0x0000000000000015
  rsi=0x000000000000160f rdi=0x000000000000006b flags=0b000010000010
  xmm0=0x0000950e0000950e000018dc000018dc xmm1=0x000055a8000055a80000a2310000a231 
  xmm2=0x0000e52a0000e52a0000c2770000c277 xmm3=0x000043e9000043e90000a6b00000a6b0 
  xmm4=0x0000f1910000f1910000e1180000e118 xmm5=0x0000b84b0000b84b0000ce8e0000ce8e 
  xmm6=0x0000e71a0000e71a00002bbe00002bbe xmm7=0x000087c6000087c60000640100006401 

0xdd: or si, -124
  rax=0x0000000000450100 rbx=0x000000000000090b rcx=0x00000000000000a8 rdx=0x0000000000000015
  rsi=0x000000000000160f rdi=0x000000000000006b flags=0b000010000010
  xmm0=0x0000950e0000950e000018dc000018dc xmm1=0x000055a8000055a80000a2310000a231 
  xmm2=0x0000e52a0000e52a0000c2770000c277 xmm3=0x000043e9000043e90000a6b00000a6b0 
  xmm4=0x0000f1910000f1910000e1180000e118 xmm5=0x0000b84b0000b84b0000ce8e0000ce8e 
  xmm6=0x0000e71a0000e71a00002bbe00002bbe xmm7=0x000087c6000087c60000640100006401 

0xe1: and rsi, 0b1111111111111
  rax=0x0000000000450100 rbx=0x000000000000090b rcx=0x00000000000000a8 rdx=0x0000000000000015
  rsi=0x000000000000ff8f rdi=0x000000000000006b flags=0b000010000010
  xmm0=0x0000950e0000950e000018dc000018dc xmm1=0x000055a8000055a80000a2310000a231 
  xmm2=0x0000e52a0000e52a0000c2770000c277 xmm3=0x000043e9000043e90000a6b00000a6b0 
  xmm4=0x0000f1910000f1910000e1180000e118 xmm5=0x0000b84b0000b84b0000ce8e0000ce8e 
  xmm6=0x0000e71a0000e71a00002bbe00002bbe xmm7=0x000087c6000087c60000640100006401 

0xe8: cmovnb bx, [r14 +rsi]
  rax=0x0000000000450100 rbx=0x000000000000090b rcx=0x00000000000000a8 rdx=0x0000000000000015
  rsi=0x0000000000001f8f rdi=0x000000000000006b flags=0b000000000010
  xmm0=0x0000950e0000950e000018dc000018dc xmm1=0x000055a8000055a80000a2310000a231 
  xmm2=0x0000e52a0000e52a0000c2770000c277 xmm3=0x000043e9000043e90000a6b00000a6b0 
  xmm4=0x0000f1910000f1910000e1180000e118 xmm5=0x0000b84b0000b84b0000ce8e0000ce8e 
  xmm6=0x0000e71a0000e71a00002bbe00002bbe xmm7=0x000087c6000087c60000640100006401 

    > load from +0x1f8f value 0x3800
0xee: sub rax, -161141599
  rax=0x0000000000450100 rbx=0x0000000000003800 rcx=0x00000000000000a8 rdx=0x0000000000000015
  rsi=0x0000000000001f8f rdi=0x000000000000006b flags=0b000000000010
  xmm0=0x0000950e0000950e000018dc000018dc xmm1=0x000055a8000055a80000a2310000a231 
  xmm2=0x0000e52a0000e52a0000c2770000c277 xmm3=0x000043e9000043e90000a6b00000a6b0 
  xmm4=0x0000f1910000f1910000e1180000e118 xmm5=0x0000b84b0000b84b0000ce8e0000ce8e 
  xmm6=0x0000e71a0000e71a00002bbe00002bbe xmm7=0x000087c6000087c60000640100006401 

0xf4: and rax, 0b1111111111111
  rax=0x0000000009dfd45f rbx=0x0000000000003800 rcx=0x00000000000000a8 rdx=0x0000000000000015
  rsi=0x0000000000001f8f rdi=0x000000000000006b flags=0b000000010111
  xmm0=0x0000950e0000950e000018dc000018dc xmm1=0x000055a8000055a80000a2310000a231 
  xmm2=0x0000e52a0000e52a0000c2770000c277 xmm3=0x000043e9000043e90000a6b00000a6b0 
  xmm4=0x0000f1910000f1910000e1180000e118 xmm5=0x0000b84b0000b84b0000ce8e0000ce8e 
  xmm6=0x0000e71a0000e71a00002bbe00002bbe xmm7=0x000087c6000087c60000640100006401 

0xfa: add eax, [r14 +rax]
  rax=0x000000000000145f rbx=0x0000000000003800 rcx=0x00000000000000a8 rdx=0x0000000000000015
  rsi=0x0000000000001f8f rdi=0x000000000000006b flags=0b000000000110
  xmm0=0x0000950e0000950e000018dc000018dc xmm1=0x000055a8000055a80000a2310000a231 
  xmm2=0x0000e52a0000e52a0000c2770000c277 xmm3=0x000043e9000043e90000a6b00000a6b0 
  xmm4=0x0000f1910000f1910000e1180000e118 xmm5=0x0000b84b0000b84b0000ce8e0000ce8e 
  xmm6=0x0000e71a0000e71a00002bbe00002bbe xmm7=0x000087c6000087c60000640100006401 

    > load from +0x145f value 0x937a00
0xfe: and dx, 78
  rax=0x0000000000938e5f rbx=0x0000000000003800 rcx=0x00000000000000a8 rdx=0x0000000000000015
  rsi=0x0000000000001f8f rdi=0x000000000000006b flags=0b000000000110
  xmm0=0x0000950e0000950e000018dc000018dc xmm1=0x000055a8000055a80000a2310000a231 
  xmm2=0x0000e52a0000e52a0000c2770000c277 xmm3=0x000043e9000043e90000a6b00000a6b0 
  xmm4=0x0000f1910000f1910000e1180000e118 xmm5=0x0000b84b0000b84b0000ce8e0000ce8e 
  xmm6=0x0000e71a0000e71a00002bbe00002bbe xmm7=0x000087c6000087c60000640100006401 

0x102: and rcx, 0b1111111111111
  rax=0x0000000000938e5f rbx=0x0000000000003800 rcx=0x00000000000000a8 rdx=0x0000000000000004
  rsi=0x0000000000001f8f rdi=0x000000000000006b flags=0b000000000010
  xmm0=0x0000950e0000950e000018dc000018dc xmm1=0x000055a8000055a80000a2310000a231 
  xmm2=0x0000e52a0000e52a0000c2770000c277 xmm3=0x000043e9000043e90000a6b00000a6b0 
  xmm4=0x0000f1910000f1910000e1180000e118 xmm5=0x0000b84b0000b84b0000ce8e0000ce8e 
  xmm6=0x0000e71a0000e71a00002bbe00002bbe xmm7=0x000087c6000087c60000640100006401 

0x109: and rdx, [r14 +rcx]
  rax=0x0000000000938e5f rbx=0x0000000000003800 rcx=0x00000000000000a8 rdx=0x0000000000000004
  rsi=0x0000000000001f8f rdi=0x000000000000006b flags=0b000000000010
  xmm0=0x0000950e0000950e000018dc000018dc xmm1=0x000055a8000055a80000a2310000a231 
  xmm2=0x0000e52a0000e52a0000c2770000c277 xmm3=0x000043e9000043e90000a6b00000a6b0 
  xmm4=0x0000f1910000f1910000e1180000e118 xmm5=0x0000b84b0000b84b0000ce8e0000ce8e 
  xmm6=0x0000e71a0000e71a00002bbe00002bbe xmm7=0x000087c6000087c60000640100006401 

    > load from +0xa8 value 0xa3b10000a3b1
0x10d: and rsi, 0b1111111111111
  rax=0x0000000000938e5f rbx=0x0000000000003800 rcx=0x00000000000000a8 rdx=0x0000000000000000
  rsi=0x0000000000001f8f rdi=0x000000000000006b flags=0b000001000110
  xmm0=0x0000950e0000950e000018dc000018dc xmm1=0x000055a8000055a80000a2310000a231 
  xmm2=0x0000e52a0000e52a0000c2770000c277 xmm3=0x000043e9000043e90000a6b00000a6b0 
  xmm4=0x0000f1910000f1910000e1180000e118 xmm5=0x0000b84b0000b84b0000ce8e0000ce8e 
  xmm6=0x0000e71a0000e71a00002bbe00002bbe xmm7=0x000087c6000087c60000640100006401 

0x114: imul eax, [r14 +rsi], 123
  rax=0x0000000000938e5f rbx=0x0000000000003800 rcx=0x00000000000000a8 rdx=0x0000000000000000
  rsi=0x0000000000001f8f rdi=0x000000000000006b flags=0b000000000010
  xmm0=0x0000950e0000950e000018dc000018dc xmm1=0x000055a8000055a80000a2310000a231 
  xmm2=0x0000e52a0000e52a0000c2770000c277 xmm3=0x000043e9000043e90000a6b00000a6b0 
  xmm4=0x0000f1910000f1910000e1180000e118 xmm5=0x0000b84b0000b84b0000ce8e0000ce8e 
  xmm6=0x0000e71a0000e71a00002bbe00002bbe xmm7=0x000087c6000087c60000640100006401 

    > load from +0x1f8f value 0x1a3800
0x119: neg al
  rax=0x000000000c98e800 rbx=0x0000000000003800 rcx=0x00000000000000a8 rdx=0x0000000000000000
  rsi=0x0000000000001f8f rdi=0x000000000000006b flags=0b000000000110
  xmm0=0x0000950e0000950e000018dc000018dc xmm1=0x000055a8000055a80000a2310000a231 
  xmm2=0x0000e52a0000e52a0000c2770000c277 xmm3=0x000043e9000043e90000a6b00000a6b0 
  xmm4=0x0000f1910000f1910000e1180000e118 xmm5=0x0000b84b0000b84b0000ce8e0000ce8e 
  xmm6=0x0000e71a0000e71a00002bbe00002bbe xmm7=0x000087c6000087c60000640100006401 

0x11b: cmovp ax, bx
  rax=0x000000000c98e800 rbx=0x0000000000003800 rcx=0x00000000000000a8 rdx=0x0000000000000000
  rsi=0x0000000000001f8f rdi=0x000000000000006b flags=0b000001000110
  xmm0=0x0000950e0000950e000018dc000018dc xmm1=0x000055a8000055a80000a2310000a231 
  xmm2=0x0000e52a0000e52a0000c2770000c277 xmm3=0x000043e9000043e90000a6b00000a6b0 
  xmm4=0x0000f1910000f1910000e1180000e118 xmm5=0x0000b84b0000b84b0000ce8e0000ce8e 
  xmm6=0x0000e71a0000e71a00002bbe00002bbe xmm7=0x000087c6000087c60000640100006401 

0x11f: and rdi, 0b1111111111111
  rax=0x000000000c983800 rbx=0x0000000000003800 rcx=0x00000000000000a8 rdx=0x0000000000000000
  rsi=0x0000000000001f8f rdi=0x000000000000006b flags=0b000001000110
  xmm0=0x0000950e0000950e000018dc000018dc xmm1=0x000055a8000055a80000a2310000a231 
  xmm2=0x0000e52a0000e52a0000c2770000c277 xmm3=0x000043e9000043e90000a6b00000a6b0 
  xmm4=0x0000f1910000f1910000e1180000e118 xmm5=0x0000b84b0000b84b0000ce8e0000ce8e 
  xmm6=0x0000e71a0000e71a00002bbe00002bbe xmm7=0x000087c6000087c60000640100006401 

0x126: add ebx, [r14 +rdi]
  rax=0x000000000c983800 rbx=0x0000000000003800 rcx=0x00000000000000a8 rdx=0x0000000000000000
  rsi=0x0000000000001f8f rdi=0x000000000000006b flags=0b000000000010
  xmm0=0x0000950e0000950e000018dc000018dc xmm1=0x000055a8000055a80000a2310000a231 
  xmm2=0x0000e52a0000e52a0000c2770000c277 xmm3=0x000043e9000043e90000a6b00000a6b0 
  xmm4=0x0000f1910000f1910000e1180000e118 xmm5=0x0000b84b0000b84b0000ce8e0000ce8e 
  xmm6=0x0000e71a0000e71a00002bbe00002bbe xmm7=0x000087c6000087c60000640100006401 

    > load from +0x6b value 0x45f900
0x12a: cmp rdi, 83
  rax=0x000000000c983800 rbx=0x0000000000463100 rcx=0x00000000000000a8 rdx=0x0000000000000000
  rsi=0x0000000000001f8f rdi=0x000000000000006b flags=0b000000000110
  xmm0=0x0000950e0000950e000018dc000018dc xmm1=0x000055a8000055a80000a2310000a231 
  xmm2=0x0000e52a0000e52a0000c2770000c277 xmm3=0x000043e9000043e90000a6b00000a6b0 
  xmm4=0x0000f1910000f1910000e1180000e118 xmm5=0x0000b84b0000b84b0000ce8e0000ce8e 
  xmm6=0x0000e71a0000e71a00002bbe00002bbe xmm7=0x000087c6000087c60000640100006401 

0x12e: and rdi, 0b1111111111111
  rax=0x000000000c983800 rbx=0x0000000000463100 rcx=0x00000000000000a8 rdx=0x0000000000000000
  rsi=0x0000000000001f8f rdi=0x000000000000006b flags=0b000000000110
  xmm0=0x0000950e0000950e000018dc000018dc xmm1=0x000055a8000055a80000a2310000a231 
  xmm2=0x0000e52a0000e52a0000c2770000c277 xmm3=0x000043e9000043e90000a6b00000a6b0 
  xmm4=0x0000f1910000f1910000e1180000e118 xmm5=0x0000b84b0000b84b0000ce8e0000ce8e 
  xmm6=0x0000e71a0000e71a00002bbe00002bbe xmm7=0x000087c6000087c60000640100006401 

0x135: mov eax, [r14 +rdi]
  rax=0x000000000c983800 rbx=0x0000000000463100 rcx=0x00000000000000a8 rdx=0x0000000000000000
  rsi=0x0000000000001f8f rdi=0x000000000000006b flags=0b000000000010
  xmm0=0x0000950e0000950e000018dc000018dc xmm1=0x000055a8000055a80000a2310000a231 
  xmm2=0x0000e52a0000e52a0000c2770000c277 xmm3=0x000043e9000043e90000a6b00000a6b0 
  xmm4=0x0000f1910000f1910000e1180000e118 xmm5=0x0000b84b0000b84b0000ce8e0000ce8e 
  xmm6=0x0000e71a0000e71a00002bbe00002bbe xmm7=0x000087c6000087c60000640100006401 

    > load from +0x6b value 0x45f900
0x139: imul ebx, ebx
  rax=0x000000000045f900 rbx=0x0000000000463100 rcx=0x00000000000000a8 rdx=0x0000000000000000
  rsi=0x0000000000001f8f rdi=0x000000000000006b flags=0b000000000010
  xmm0=0x0000950e0000950e000018dc000018dc xmm1=0x000055a8000055a80000a2310000a231 
  xmm2=0x0000e52a0000e52a0000c2770000c277 xmm3=0x000043e9000043e90000a6b00000a6b0 
  xmm4=0x0000f1910000f1910000e1180000e118 xmm5=0x0000b84b0000b84b0000ce8e0000ce8e 
  xmm6=0x0000e71a0000e71a00002bbe00002bbe xmm7=0x000087c6000087c60000640100006401 

0x13c: and rax, 0b1111111111111
  rax=0x000000000045f900 rbx=0x00000000d5610000 rcx=0x00000000000000a8 rdx=0x0000000000000000
  rsi=0x0000000000001f8f rdi=0x000000000000006b flags=0b100010000111
  xmm0=0x0000950e0000950e000018dc000018dc xmm1=0x000055a8000055a80000a2310000a231 
  xmm2=0x0000e52a0000e52a0000c2770000c277 xmm3=0x000043e9000043e90000a6b00000a6b0 
  xmm4=0x0000f1910000f1910000e1180000e118 xmm5=0x0000b84b0000b84b0000ce8e0000ce8e 
  xmm6=0x0000e71a0000e71a00002bbe00002bbe xmm7=0x000087c6000087c60000640100006401 

0x142: add rbx, [r14 +rax]
  rax=0x0000000000001900 rbx=0x00000000d5610000 rcx=0x00000000000000a8 rdx=0x0000000000000000
  rsi=0x0000000000001f8f rdi=0x000000000000006b flags=0b000000000110
  xmm0=0x0000950e0000950e000018dc000018dc xmm1=0x000055a8000055a80000a2310000a231 
  xmm2=0x0000e52a0000e52a0000c2770000c277 xmm3=0x000043e9000043e90000a6b00000a6b0 
  xmm4=0x0000f1910000f1910000e1180000e118 xmm5=0x0000b84b0000b84b0000ce8e0000ce8e 
  xmm6=0x0000e71a0000e71a00002bbe00002bbe xmm7=0x000087c6000087c60000640100006401 

    > load from +0x1900 value 0x3f1a00003f1a
0x146: lea dx, rsi +rdx
  rax=0x0000000000001900 rbx=0x00003f1ad5613f1a rcx=0x00000000000000a8 rdx=0x0000000000000000
  rsi=0x0000000000001f8f rdi=0x000000000000006b flags=0b000000000010
  xmm0=0x0000950e0000950e000018dc000018dc xmm1=0x000055a8000055a80000a2310000a231 
  xmm2=0x0000e52a0000e52a0000c2770000c277 xmm3=0x000043e9000043e90000a6b00000a6b0 
  xmm4=0x0000f1910000f1910000e1180000e118 xmm5=0x0000b84b0000b84b0000ce8e0000ce8e 
  xmm6=0x0000e71a0000e71a00002bbe00002bbe xmm7=0x000087c6000087c60000640100006401 

0x14a: sub cx, di
  rax=0x0000000000001900 rbx=0x00003f1ad5613f1a rcx=0x00000000000000a8 rdx=0x0000000000001f8f
  rsi=0x0000000000001f8f rdi=0x000000000000006b flags=0b000000000010
  xmm0=0x0000950e0000950e000018dc000018dc xmm1=0x000055a8000055a80000a2310000a231 
  xmm2=0x0000e52a0000e52a0000c2770000c277 xmm3=0x000043e9000043e90000a6b00000a6b0 
  xmm4=0x0000f1910000f1910000e1180000e118 xmm5=0x0000b84b0000b84b0000ce8e0000ce8e 
  xmm6=0x0000e71a0000e71a00002bbe00002bbe xmm7=0x000087c6000087c60000640100006401 

0x14d: and rcx, 0b1111111111111
  rax=0x0000000000001900 rbx=0x00003f1ad5613f1a rcx=0x000000000000003d rdx=0x0000000000001f8f
  rsi=0x0000000000001f8f rdi=0x000000000000006b flags=0b000000010010
  xmm0=0x0000950e0000950e000018dc000018dc xmm1=0x000055a8000055a80000a2310000a231 
  xmm2=0x0000e52a0000e52a0000c2770000c277 xmm3=0x000043e9000043e90000a6b00000a6b0 
  xmm4=0x0000f1910000f1910000e1180000e118 xmm5=0x0000b84b0000b84b0000ce8e0000ce8e 
  xmm6=0x0000e71a0000e71a00002bbe00002bbe xmm7=0x000087c6000087c60000640100006401 

0x154: cmovle cx, [r14 +rcx]
  rax=0x0000000000001900 rbx=0x00003f1ad5613f1a rcx=0x000000000000003d rdx=0x0000000000001f8f
  rsi=0x0000000000001f8f rdi=0x000000000000006b flags=0b000000000010
  xmm0=0x0000950e0000950e000018dc000018dc xmm1=0x000055a8000055a80000a2310000a231 
  xmm2=0x0000e52a0000e52a0000c2770000c277 xmm3=0x000043e9000043e90000a6b00000a6b0 
  xmm4=0x0000f1910000f1910000e1180000e118 xmm5=0x0000b84b0000b84b0000ce8e0000ce8e 
  xmm6=0x0000e71a0000e71a00002bbe00002bbe xmm7=0x000087c6000087c60000640100006401 

    > load from +0x3d value 0x62
0x15a: and rsi, 0b1111111111111
  rax=0x0000000000001900 rbx=0x00003f1ad5613f1a rcx=0x000000000000003d rdx=0x0000000000001f8f
  rsi=0x0000000000001f8f rdi=0x000000000000006b flags=0b000000000010
  xmm0=0x0000950e0000950e000018dc000018dc xmm1=0x000055a8000055a80000a2310000a231 
  xmm2=0x0000e52a0000e52a0000c2770000c277 xmm3=0x000043e9000043e90000a6b00000a6b0 
  xmm4=0x0000f1910000f1910000e1180000e118 xmm5=0x0000b84b0000b84b0000ce8e0000ce8e 
  xmm6=0x0000e71a0000e71a00002bbe00002bbe xmm7=0x000087c6000087c60000640100006401 

0x161: or al, [r14 +rsi]
  rax=0x0000000000001900 rbx=0x00003f1ad5613f1a rcx=0x000000000000003d rdx=0x0000000000001f8f
  rsi=0x0000000000001f8f rdi=0x000000000000006b flags=0b000000000010
  xmm0=0x0000950e0000950e000018dc000018dc xmm1=0x000055a8000055a80000a2310000a231 
  xmm2=0x0000e52a0000e52a0000c2770000c277 xmm3=0x000043e9000043e90000a6b00000a6b0 
  xmm4=0x0000f1910000f1910000e1180000e118 xmm5=0x0000b84b0000b84b0000ce8e0000ce8e 
  xmm6=0x0000e71a0000e71a00002bbe00002bbe xmm7=0x000087c6000087c60000640100006401 

    > load from +0x1f8f value 0x0
0x165: test dl, cl
  rax=0x0000000000001900 rbx=0x00003f1ad5613f1a rcx=0x000000000000003d rdx=0x0000000000001f8f
  rsi=0x0000000000001f8f rdi=0x000000000000006b flags=0b000001000110
  xmm0=0x0000950e0000950e000018dc000018dc xmm1=0x000055a8000055a80000a2310000a231 
  xmm2=0x0000e52a0000e52a0000c2770000c277 xmm3=0x000043e9000043e90000a6b00000a6b0 
  xmm4=0x0000f1910000f1910000e1180000e118 xmm5=0x0000b84b0000b84b0000ce8e0000ce8e 
  xmm6=0x0000e71a0000e71a00002bbe00002bbe xmm7=0x000087c6000087c60000640100006401 

0x167: test eax, 995870822
  rax=0x0000000000001900 rbx=0x00003f1ad5613f1a rcx=0x000000000000003d rdx=0x0000000000001f8f
  rsi=0x0000000000001f8f rdi=0x000000000000006b flags=0b000000000010
  xmm0=0x0000950e0000950e000018dc000018dc xmm1=0x000055a8000055a80000a2310000a231 
  xmm2=0x0000e52a0000e52a0000c2770000c277 xmm3=0x000043e9000043e90000a6b00000a6b0 
  xmm4=0x0000f1910000f1910000e1180000e118 xmm5=0x0000b84b0000b84b0000ce8e0000ce8e 
  xmm6=0x0000e71a0000e71a00002bbe00002bbe xmm7=0x000087c6000087c60000640100006401 

0x16c: bt eax, 212
  rax=0x0000000000001900 rbx=0x00003f1ad5613f1a rcx=0x000000000000003d rdx=0x0000000000001f8f
  rsi=0x0000000000001f8f rdi=0x000000000000006b flags=0b000000000110
  xmm0=0x0000950e0000950e000018dc000018dc xmm1=0x000055a8000055a80000a2310000a231 
  xmm2=0x0000e52a0000e52a0000c2770000c277 xmm3=0x000043e9000043e90000a6b00000a6b0 
  xmm4=0x0000f1910000f1910000e1180000e118 xmm5=0x0000b84b0000b84b0000ce8e0000ce8e 
  xmm6=0x0000e71a0000e71a00002bbe00002bbe xmm7=0x000087c6000087c60000640100006401 

0x170: test ebx, -1056227860
  rax=0x0000000000001900 rbx=0x00003f1ad5613f1a rcx=0x000000000000003d rdx=0x0000000000001f8f
  rsi=0x0000000000001f8f rdi=0x000000000000006b flags=0b000000000110
  xmm0=0x0000950e0000950e000018dc000018dc xmm1=0x000055a8000055a80000a2310000a231 
  xmm2=0x0000e52a0000e52a0000c2770000c277 xmm3=0x000043e9000043e90000a6b00000a6b0 
  xmm4=0x0000f1910000f1910000e1180000e118 xmm5=0x0000b84b0000b84b0000ce8e0000ce8e 
  xmm6=0x0000e71a0000e71a00002bbe00002bbe xmm7=0x000087c6000087c60000640100006401 

0x176: and rdx, 0b1111111111111
  rax=0x0000000000001900 rbx=0x00003f1ad5613f1a rcx=0x000000000000003d rdx=0x0000000000001f8f
  rsi=0x0000000000001f8f rdi=0x000000000000006b flags=0b000010000010
  xmm0=0x0000950e0000950e000018dc000018dc xmm1=0x000055a8000055a80000a2310000a231 
  xmm2=0x0000e52a0000e52a0000c2770000c277 xmm3=0x000043e9000043e90000a6b00000a6b0 
  xmm4=0x0000f1910000f1910000e1180000e118 xmm5=0x0000b84b0000b84b0000ce8e0000ce8e 
  xmm6=0x0000e71a0000e71a00002bbe00002bbe xmm7=0x000087c6000087c60000640100006401 

0x17d: cmovs cx, [r14 +rdx]
  rax=0x0000000000001900 rbx=0x00003f1ad5613f1a rcx=0x000000000000003d rdx=0x0000000000001f8f
  rsi=0x0000000000001f8f rdi=0x000000000000006b flags=0b000000000010
  xmm0=0x0000950e0000950e000018dc000018dc xmm1=0x000055a8000055a80000a2310000a231 
  xmm2=0x0000e52a0000e52a0000c2770000c277 xmm3=0x000043e9000043e90000a6b00000a6b0 
  xmm4=0x0000f1910000f1910000e1180000e118 xmm5=0x0000b84b0000b84b0000ce8e0000ce8e 
  xmm6=0x0000e71a0000e71a00002bbe00002bbe xmm7=0x000087c6000087c60000640100006401 

    > load from +0x1f8f value 0x3800
0x183: btc cx, 235
  rax=0x0000000000001900 rbx=0x00003f1ad5613f1a rcx=0x000000000000003d rdx=0x0000000000001f8f
  rsi=0x0000000000001f8f rdi=0x000000000000006b flags=0b000000000010
  xmm0=0x0000950e0000950e000018dc000018dc xmm1=0x000055a8000055a80000a2310000a231 
  xmm2=0x0000e52a0000e52a0000c2770000c277 xmm3=0x000043e9000043e90000a6b00000a6b0 
  xmm4=0x0000f1910000f1910000e1180000e118 xmm5=0x0000b84b0000b84b0000ce8e0000ce8e 
  xmm6=0x0000e71a0000e71a00002bbe00002bbe xmm7=0x000087c6000087c60000640100006401 

0x188: nop cx
  rax=0x0000000000001900 rbx=0x00003f1ad5613f1a rcx=0x000000000000083d rdx=0x0000000000001f8f
  rsi=0x0000000000001f8f rdi=0x000000000000006b flags=0b000000000010
  xmm0=0x0000950e0000950e000018dc000018dc xmm1=0x000055a8000055a80000a2310000a231 
  xmm2=0x0000e52a0000e52a0000c2770000c277 xmm3=0x000043e9000043e90000a6b00000a6b0 
  xmm4=0x0000f1910000f1910000e1180000e118 xmm5=0x0000b84b0000b84b0000ce8e0000ce8e 
  xmm6=0x0000e71a0000e71a00002bbe00002bbe xmm7=0x000087c6000087c60000640100006401 

0x18c: adc ecx, 16
  rax=0x0000000000001900 rbx=0x00003f1ad5613f1a rcx=0x000000000000083d rdx=0x0000000000001f8f
  rsi=0x0000000000001f8f rdi=0x000000000000006b flags=0b000000000010
  xmm0=0x0000950e0000950e000018dc000018dc xmm1=0x000055a8000055a80000a2310000a231 
  xmm2=0x0000e52a0000e52a0000c2770000c277 xmm3=0x000043e9000043e90000a6b00000a6b0 
  xmm4=0x0000f1910000f1910000e1180000e118 xmm5=0x0000b84b0000b84b0000ce8e0000ce8e 
  xmm6=0x0000e71a0000e71a00002bbe00002bbe xmm7=0x000087c6000087c60000640100006401 

0x18f: macro .switch, .actor2.function_actor2_1
  rax=0x0000000000001900 rbx=0x00003f1ad5613f1a rcx=0x000000000000084d rdx=0x0000000000001f8f
  rsi=0x0000000000001f8f rdi=0x000000000000006b flags=0b000000000110
  xmm0=0x0000950e0000950e000018dc000018dc xmm1=0x000055a8000055a80000a2310000a231 
  xmm2=0x0000e52a0000e52a0000c2770000c277 xmm3=0x000043e9000043e90000a6b00000a6b0 
  xmm4=0x0000f1910000f1910000e1180000e118 xmm5=0x0000b84b0000b84b0000ce8e0000ce8e 
  xmm6=0x0000e71a0000e71a00002bbe00002bbe xmm7=0x000087c6000087c60000640100006401 

0x3194: pushfq 
  rax=0x0000000000001900 rbx=0x00003f1ad5613f1a rcx=0x000000000000084d rdx=0x0000000000001f8f
  rsi=0x0000000000001f8f rdi=0x000000000000006b flags=0b000000000110
  xmm0=0x0000950e0000950e000018dc000018dc xmm1=0x000055a8000055a80000a2310000a231 
  xmm2=0x0000e52a0000e52a0000c2770000c277 xmm3=0x000043e9000043e90000a6b00000a6b0 
  xmm4=0x0000f1910000f1910000e1180000e118 xmm5=0x0000b84b0000b84b0000ce8e0000ce8e 
  xmm6=0x0000e71a0000e71a00002bbe00002bbe xmm7=0x000087c6000087c60000640100006401 

    > store to +0x4ff0 value 0x6
0x3195: push rax
  rax=0x0000000000001900 rbx=0x00003f1ad5613f1a rcx=0x000000000000084d rdx=0x0000000000001f8f
  rsi=0x0000000000001f8f rdi=0x000000000000006b flags=0b000000000110
  xmm0=0x0000950e0000950e000018dc000018dc xmm1=0x000055a8000055a80000a2310000a231 
  xmm2=0x0000e52a0000e52a0000c2770000c277 xmm3=0x000043e9000043e90000a6b00000a6b0 
  xmm4=0x0000f1910000f1910000e1180000e118 xmm5=0x0000b84b0000b84b0000ce8e0000ce8e 
  xmm6=0x0000e71a0000e71a00002bbe00002bbe xmm7=0x000087c6000087c60000640100006401 

    > store to +0x4fe8 value 0x1900
0x3196: push rcx
  rax=0x0000000000001900 rbx=0x00003f1ad5613f1a rcx=0x000000000000084d rdx=0x0000000000001f8f
  rsi=0x0000000000001f8f rdi=0x000000000000006b flags=0b000000000110
  xmm0=0x0000950e0000950e000018dc000018dc xmm1=0x000055a8000055a80000a2310000a231 
  xmm2=0x0000e52a0000e52a0000c2770000c277 xmm3=0x000043e9000043e90000a6b00000a6b0 
  xmm4=0x0000f1910000f1910000e1180000e118 xmm5=0x0000b84b0000b84b0000ce8e0000ce8e 
  xmm6=0x0000e71a0000e71a00002bbe00002bbe xmm7=0x000087c6000087c60000640100006401 

    > store to +0x4fe0 value 0x84d
0x3197: push rdx
  rax=0x0000000000001900 rbx=0x00003f1ad5613f1a rcx=0x000000000000084d rdx=0x0000000000001f8f
  rsi=0x0000000000001f8f rdi=0x000000000000006b flags=0b000000000110
  xmm0=0x0000950e0000950e000018dc000018dc xmm1=0x000055a8000055a80000a2310000a231 
  xmm2=0x0000e52a0000e52a0000c2770000c277 xmm3=0x000043e9000043e90000a6b00000a6b0 
  xmm4=0x0000f1910000f1910000e1180000e118 xmm5=0x0000b84b0000b84b0000ce8e0000ce8e 
  xmm6=0x0000e71a0000e71a00002bbe00002bbe xmm7=0x000087c6000087c60000640100006401 

    > store to +0x4fd8 value 0x1f8f
0x3198: mov ecx, 0x48
  rax=0x0000000000001900 rbx=0x00003f1ad5613f1a rcx=0x000000000000084d rdx=0x0000000000001f8f
  rsi=0x0000000000001f8f rdi=0x000000000000006b flags=0b000000000110
  xmm0=0x0000950e0000950e000018dc000018dc xmm1=0x000055a8000055a80000a2310000a231 
  xmm2=0x0000e52a0000e52a0000c2770000c277 xmm3=0x000043e9000043e90000a6b00000a6b0 
  xmm4=0x0000f1910000f1910000e1180000e118 xmm5=0x0000b84b0000b84b0000ce8e0000ce8e 
  xmm6=0x0000e71a0000e71a00002bbe00002bbe xmm7=0x000087c6000087c60000640100006401 

0x319d: rdmsr 
  rax=0x0000000000001900 rbx=0x00003f1ad5613f1a rcx=0x0000000000000048 rdx=0x0000000000001f8f
  rsi=0x0000000000001f8f rdi=0x000000000000006b flags=0b000000000110
  xmm0=0x0000950e0000950e000018dc000018dc xmm1=0x000055a8000055a80000a2310000a231 
  xmm2=0x0000e52a0000e52a0000c2770000c277 xmm3=0x000043e9000043e90000a6b00000a6b0 
  xmm4=0x0000f1910000f1910000e1180000e118 xmm5=0x0000b84b0000b84b0000ce8e0000ce8e 
  xmm6=0x0000e71a0000e71a00002bbe00002bbe xmm7=0x000087c6000087c60000640100006401 

0x319f: and eax, 0xfffffffb
  rax=0x0000000000000000 rbx=0x00003f1ad5613f1a rcx=0x0000000000000048 rdx=0x0000000000000000
  rsi=0x0000000000001f8f rdi=0x000000000000006b flags=0b000000000110
  xmm0=0x0000950e0000950e000018dc000018dc xmm1=0x000055a8000055a80000a2310000a231 
  xmm2=0x0000e52a0000e52a0000c2770000c277 xmm3=0x000043e9000043e90000a6b00000a6b0 
  xmm4=0x0000f1910000f1910000e1180000e118 xmm5=0x0000b84b0000b84b0000ce8e0000ce8e 
  xmm6=0x0000e71a0000e71a00002bbe00002bbe xmm7=0x000087c6000087c60000640100006401 

0x31a2: or eax, 0x100
  rax=0x0000000000000000 rbx=0x00003f1ad5613f1a rcx=0x0000000000000048 rdx=0x0000000000000000
  rsi=0x0000000000001f8f rdi=0x000000000000006b flags=0b000001000110
  xmm0=0x0000950e0000950e000018dc000018dc xmm1=0x000055a8000055a80000a2310000a231 
  xmm2=0x0000e52a0000e52a0000c2770000c277 xmm3=0x000043e9000043e90000a6b00000a6b0 
  xmm4=0x0000f1910000f1910000e1180000e118 xmm5=0x0000b84b0000b84b0000ce8e0000ce8e 
  xmm6=0x0000e71a0000e71a00002bbe00002bbe xmm7=0x000087c6000087c60000640100006401 

0x31a7: wrmsr 
  rax=0x0000000000000100 rbx=0x00003f1ad5613f1a rcx=0x0000000000000048 rdx=0x0000000000000000
  rsi=0x0000000000001f8f rdi=0x000000000000006b flags=0b000000000110
  xmm0=0x0000950e0000950e000018dc000018dc xmm1=0x000055a8000055a80000a2310000a231 
  xmm2=0x0000e52a0000e52a0000c2770000c277 xmm3=0x000043e9000043e90000a6b00000a6b0 
  xmm4=0x0000f1910000f1910000e1180000e118 xmm5=0x0000b84b0000b84b0000ce8e0000ce8e 
  xmm6=0x0000e71a0000e71a00002bbe00002bbe xmm7=0x000087c6000087c60000640100006401 

0x31a9: mfence 
  rax=0x0000000000000100 rbx=0x00003f1ad5613f1a rcx=0x0000000000000048 rdx=0x0000000000000000
  rsi=0x0000000000001f8f rdi=0x000000000000006b flags=0b000000000110
  xmm0=0x0000950e0000950e000018dc000018dc xmm1=0x000055a8000055a80000a2310000a231 
  xmm2=0x0000e52a0000e52a0000c2770000c277 xmm3=0x000043e9000043e90000a6b00000a6b0 
  xmm4=0x0000f1910000f1910000e1180000e118 xmm5=0x0000b84b0000b84b0000ce8e0000ce8e 
  xmm6=0x0000e71a0000e71a00002bbe00002bbe xmm7=0x000087c6000087c60000640100006401 

0x31ac: lfence 
  rax=0x0000000000000100 rbx=0x00003f1ad5613f1a rcx=0x0000000000000048 rdx=0x0000000000000000
  rsi=0x0000000000001f8f rdi=0x000000000000006b flags=0b000000000110
  xmm0=0x0000950e0000950e000018dc000018dc xmm1=0x000055a8000055a80000a2310000a231 
  xmm2=0x0000e52a0000e52a0000c2770000c277 xmm3=0x000043e9000043e90000a6b00000a6b0 
  xmm4=0x0000f1910000f1910000e1180000e118 xmm5=0x0000b84b0000b84b0000ce8e0000ce8e 
  xmm6=0x0000e71a0000e71a00002bbe00002bbe xmm7=0x000087c6000087c60000640100006401 

0x31af: macro .measurement_end, .noarg
  rax=0x0000000000000100 rbx=0x00003f1ad5613f1a rcx=0x0000000000000048 rdx=0x0000000000000000
  rsi=0x0000000000001f8f rdi=0x000000000000006b flags=0b000000000110
  xmm0=0x0000950e0000950e000018dc000018dc xmm1=0x000055a8000055a80000a2310000a231 
  xmm2=0x0000e52a0000e52a0000c2770000c277 xmm3=0x000043e9000043e90000a6b00000a6b0 
  xmm4=0x0000f1910000f1910000e1180000e118 xmm5=0x0000b84b0000b84b0000ce8e0000ce8e 
  xmm6=0x0000e71a0000e71a00002bbe00002bbe xmm7=0x000087c6000087c60000640100006401 

0x31b7: mov ecx, 0x48
  rax=0x0000000000000100 rbx=0x00003f1ad5613f1a rcx=0x0000000000000048 rdx=0x0000000000000000
  rsi=0x0000000000001f8f rdi=0x000000000000006b flags=0b000000000110
  xmm0=0x0000950e0000950e000018dc000018dc xmm1=0x000055a8000055a80000a2310000a231 
  xmm2=0x0000e52a0000e52a0000c2770000c277 xmm3=0x000043e9000043e90000a6b00000a6b0 
  xmm4=0x0000f1910000f1910000e1180000e118 xmm5=0x0000b84b0000b84b0000ce8e0000ce8e 
  xmm6=0x0000e71a0000e71a00002bbe00002bbe xmm7=0x000087c6000087c60000640100006401 

0x31bc: rdmsr 
  rax=0x0000000000000100 rbx=0x00003f1ad5613f1a rcx=0x0000000000000048 rdx=0x0000000000000000
  rsi=0x0000000000001f8f rdi=0x000000000000006b flags=0b000000000110
  xmm0=0x0000950e0000950e000018dc000018dc xmm1=0x000055a8000055a80000a2310000a231 
  xmm2=0x0000e52a0000e52a0000c2770000c277 xmm3=0x000043e9000043e90000a6b00000a6b0 
  xmm4=0x0000f1910000f1910000e1180000e118 xmm5=0x0000b84b0000b84b0000ce8e0000ce8e 
  xmm6=0x0000e71a0000e71a00002bbe00002bbe xmm7=0x000087c6000087c60000640100006401 

0x31be: and eax, 0xfffffffb
  rax=0x0000000000000000 rbx=0x00003f1ad5613f1a rcx=0x0000000000000048 rdx=0x0000000000000000
  rsi=0x0000000000001f8f rdi=0x000000000000006b flags=0b000000000110
  xmm0=0x0000950e0000950e000018dc000018dc xmm1=0x000055a8000055a80000a2310000a231 
  xmm2=0x0000e52a0000e52a0000c2770000c277 xmm3=0x000043e9000043e90000a6b00000a6b0 
  xmm4=0x0000f1910000f1910000e1180000e118 xmm5=0x0000b84b0000b84b0000ce8e0000ce8e 
  xmm6=0x0000e71a0000e71a00002bbe00002bbe xmm7=0x000087c6000087c60000640100006401 

0x31c1: and eax, 0xfffffeff
  rax=0x0000000000000000 rbx=0x00003f1ad5613f1a rcx=0x0000000000000048 rdx=0x0000000000000000
  rsi=0x0000000000001f8f rdi=0x000000000000006b flags=0b000001000110
  xmm0=0x0000950e0000950e000018dc000018dc xmm1=0x000055a8000055a80000a2310000a231 
  xmm2=0x0000e52a0000e52a0000c2770000c277 xmm3=0x000043e9000043e90000a6b00000a6b0 
  xmm4=0x0000f1910000f1910000e1180000e118 xmm5=0x0000b84b0000b84b0000ce8e0000ce8e 
  xmm6=0x0000e71a0000e71a00002bbe00002bbe xmm7=0x000087c6000087c60000640100006401 

0x31c6: wrmsr 
  rax=0x0000000000000000 rbx=0x00003f1ad5613f1a rcx=0x0000000000000048 rdx=0x0000000000000000
  rsi=0x0000000000001f8f rdi=0x000000000000006b flags=0b000001000110
  xmm0=0x0000950e0000950e000018dc000018dc xmm1=0x000055a8000055a80000a2310000a231 
  xmm2=0x0000e52a0000e52a0000c2770000c277 xmm3=0x000043e9000043e90000a6b00000a6b0 
  xmm4=0x0000f1910000f1910000e1180000e118 xmm5=0x0000b84b0000b84b0000ce8e0000ce8e 
  xmm6=0x0000e71a0000e71a00002bbe00002bbe xmm7=0x000087c6000087c60000640100006401 

0x31c8: mfence 
  rax=0x0000000000000000 rbx=0x00003f1ad5613f1a rcx=0x0000000000000048 rdx=0x0000000000000000
  rsi=0x0000000000001f8f rdi=0x000000000000006b flags=0b000001000110
  xmm0=0x0000950e0000950e000018dc000018dc xmm1=0x000055a8000055a80000a2310000a231 
  xmm2=0x0000e52a0000e52a0000c2770000c277 xmm3=0x000043e9000043e90000a6b00000a6b0 
  xmm4=0x0000f1910000f1910000e1180000e118 xmm5=0x0000b84b0000b84b0000ce8e0000ce8e 
  xmm6=0x0000e71a0000e71a00002bbe00002bbe xmm7=0x000087c6000087c60000640100006401 

0x31cb: lfence 
  rax=0x0000000000000000 rbx=0x00003f1ad5613f1a rcx=0x0000000000000048 rdx=0x0000000000000000
  rsi=0x0000000000001f8f rdi=0x000000000000006b flags=0b000001000110
  xmm0=0x0000950e0000950e000018dc000018dc xmm1=0x000055a8000055a80000a2310000a231 
  xmm2=0x0000e52a0000e52a0000c2770000c277 xmm3=0x000043e9000043e90000a6b00000a6b0 
  xmm4=0x0000f1910000f1910000e1180000e118 xmm5=0x0000b84b0000b84b0000ce8e0000ce8e 
  xmm6=0x0000e71a0000e71a00002bbe00002bbe xmm7=0x000087c6000087c60000640100006401 

0x31ce: pop rdx
  rax=0x0000000000000000 rbx=0x00003f1ad5613f1a rcx=0x0000000000000048 rdx=0x0000000000000000
  rsi=0x0000000000001f8f rdi=0x000000000000006b flags=0b000001000110
  xmm0=0x0000950e0000950e000018dc000018dc xmm1=0x000055a8000055a80000a2310000a231 
  xmm2=0x0000e52a0000e52a0000c2770000c277 xmm3=0x000043e9000043e90000a6b00000a6b0 
  xmm4=0x0000f1910000f1910000e1180000e118 xmm5=0x0000b84b0000b84b0000ce8e0000ce8e 
  xmm6=0x0000e71a0000e71a00002bbe00002bbe xmm7=0x000087c6000087c60000640100006401 

    > load from +0x4fd8 value 0x1f8f
0x31cf: pop rcx
  rax=0x0000000000000000 rbx=0x00003f1ad5613f1a rcx=0x0000000000000048 rdx=0x0000000000001f8f
  rsi=0x0000000000001f8f rdi=0x000000000000006b flags=0b000001000110
  xmm0=0x0000950e0000950e000018dc000018dc xmm1=0x000055a8000055a80000a2310000a231 
  xmm2=0x0000e52a0000e52a0000c2770000c277 xmm3=0x000043e9000043e90000a6b00000a6b0 
  xmm4=0x0000f1910000f1910000e1180000e118 xmm5=0x0000b84b0000b84b0000ce8e0000ce8e 
  xmm6=0x0000e71a0000e71a00002bbe00002bbe xmm7=0x000087c6000087c60000640100006401 

    > load from +0x4fe0 value 0x84d
0x31d0: pop rax
  rax=0x0000000000000000 rbx=0x00003f1ad5613f1a rcx=0x000000000000084d rdx=0x0000000000001f8f
  rsi=0x0000000000001f8f rdi=0x000000000000006b flags=0b000001000110
  xmm0=0x0000950e0000950e000018dc000018dc xmm1=0x000055a8000055a80000a2310000a231 
  xmm2=0x0000e52a0000e52a0000c2770000c277 xmm3=0x000043e9000043e90000a6b00000a6b0 
  xmm4=0x0000f1910000f1910000e1180000e118 xmm5=0x0000b84b0000b84b0000ce8e0000ce8e 
  xmm6=0x0000e71a0000e71a00002bbe00002bbe xmm7=0x000087c6000087c60000640100006401 

    > load from +0x4fe8 value 0x1900
0x31d1: popfq 
  rax=0x0000000000001900 rbx=0x00003f1ad5613f1a rcx=0x000000000000084d rdx=0x0000000000001f8f
  rsi=0x0000000000001f8f rdi=0x000000000000006b flags=0b000001000110
  xmm0=0x0000950e0000950e000018dc000018dc xmm1=0x000055a8000055a80000a2310000a231 
  xmm2=0x0000e52a0000e52a0000c2770000c277 xmm3=0x000043e9000043e90000a6b00000a6b0 
  xmm4=0x0000f1910000f1910000e1180000e118 xmm5=0x0000b84b0000b84b0000ce8e0000ce8e 
  xmm6=0x0000e71a0000e71a00002bbe00002bbe xmm7=0x000087c6000087c60000640100006401 

    > load from +0x4ff0 value 0x6
0x31d2: macro .switch, .main.function_main_2
  rax=0x0000000000001900 rbx=0x00003f1ad5613f1a rcx=0x000000000000084d rdx=0x0000000000001f8f
  rsi=0x0000000000001f8f rdi=0x000000000000006b flags=0b000000000110
  xmm0=0x0000950e0000950e000018dc000018dc xmm1=0x000055a8000055a80000a2310000a231 
  xmm2=0x0000e52a0000e52a0000c2770000c277 xmm3=0x000043e9000043e90000a6b00000a6b0 
  xmm4=0x0000f1910000f1910000e1180000e118 xmm5=0x0000b84b0000b84b0000ce8e0000ce8e 
  xmm6=0x0000e71a0000e71a00002bbe00002bbe xmm7=0x000087c6000087c60000640100006401 

0x197: nop  [test_case_exit]
  rax=0x0000000000001900 rbx=0x00003f1ad5613f1a rcx=0x000000000000084d rdx=0x0000000000001f8f
  rsi=0x0000000000001f8f rdi=0x000000000000006b flags=0b000000000110
  xmm0=0x0000950e0000950e000018dc000018dc xmm1=0x000055a8000055a80000a2310000a231 
  xmm2=0x0000e52a0000e52a0000c2770000c277 xmm3=0x000043e9000043e90000a6b00000a6b0 
  xmm4=0x0000f1910000f1910000e1180000e118 xmm5=0x0000b84b0000b84b0000ce8e0000ce8e 
  xmm6=0x0000e71a0000e71a00002bbe00002bbe xmm7=0x000087c6000087c60000640100006401 




                      ##### Input 78 #####

                     ##### Input 0 #####
0x0 : macro .switch, .actor2.function_actor2_0
  rax=0x000016c6000016c6 rbx=0x0000c0830000c083 rcx=0x0000f7440000f744 rdx=0x00005da900005da9
  rsi=0x0000c09b0000c09b rdi=0x0000a75f0000a75f flags=0b000001010010
  xmm0=0x000004de000004de000085b6000085b6 xmm1=0x0000b48a0000b48a0000e23b0000e23b 
  xmm2=0x00000f9f00000f9f000037fd000037fd xmm3=0x0000cce60000cce60000b0590000b059 
  xmm4=0x00001758000017580000ce3b0000ce3b xmm5=0x0000826f0000826f0000ba750000ba75 
  xmm6=0x0000ae1b0000ae1b0000f72d0000f72d xmm7=0x0000241100002411000070b7000070b7 

0x3000: pushfq 
  rax=0x000016c6000016c6 rbx=0x0000c0830000c083 rcx=0x0000f7440000f744 rdx=0x00005da900005da9
  rsi=0x0000c09b0000c09b rdi=0x0000a75f0000a75f flags=0b000001010010
  xmm0=0x000004de000004de000085b6000085b6 xmm1=0x0000b48a0000b48a0000e23b0000e23b 
  xmm2=0x00000f9f00000f9f000037fd000037fd xmm3=0x0000cce60000cce60000b0590000b059 
  xmm4=0x00001758000017580000ce3b0000ce3b xmm5=0x0000826f0000826f0000ba750000ba75 
  xmm6=0x0000ae1b0000ae1b0000f72d0000f72d xmm7=0x0000241100002411000070b7000070b7 

    > store to +0x4ff0 value 0x52
0x3001: push rax
  rax=0x000016c6000016c6 rbx=0x0000c0830000c083 rcx=0x0000f7440000f744 rdx=0x00005da900005da9
  rsi=0x0000c09b0000c09b rdi=0x0000a75f0000a75f flags=0b000001010010
  xmm0=0x000004de000004de000085b6000085b6 xmm1=0x0000b48a0000b48a0000e23b0000e23b 
  xmm2=0x00000f9f00000f9f000037fd000037fd xmm3=0x0000cce60000cce60000b0590000b059 
  xmm4=0x00001758000017580000ce3b0000ce3b xmm5=0x0000826f0000826f0000ba750000ba75 
  xmm6=0x0000ae1b0000ae1b0000f72d0000f72d xmm7=0x0000241100002411000070b7000070b7 

    > store to +0x4fe8 value 0x16c6000016c6
0x3002: push rcx
  rax=0x000016c6000016c6 rbx=0x0000c0830000c083 rcx=0x0000f7440000f744 rdx=0x00005da900005da9
  rsi=0x0000c09b0000c09b rdi=0x0000a75f0000a75f flags=0b000001010010
  xmm0=0x000004de000004de000085b6000085b6 xmm1=0x0000b48a0000b48a0000e23b0000e23b 
  xmm2=0x00000f9f00000f9f000037fd000037fd xmm3=0x0000cce60000cce60000b0590000b059 
  xmm4=0x00001758000017580000ce3b0000ce3b xmm5=0x0000826f0000826f0000ba750000ba75 
  xmm6=0x0000ae1b0000ae1b0000f72d0000f72d xmm7=0x0000241100002411000070b7000070b7 

    > store to +0x4fe0 value 0xf7440000f744
0x3003: push rdx
  rax=0x000016c6000016c6 rbx=0x0000c0830000c083 rcx=0x0000f7440000f744 rdx=0x00005da900005da9
  rsi=0x0000c09b0000c09b rdi=0x0000a75f0000a75f flags=0b000001010010
  xmm0=0x000004de000004de000085b6000085b6 xmm1=0x0000b48a0000b48a0000e23b0000e23b 
  xmm2=0x00000f9f00000f9f000037fd000037fd xmm3=0x0000cce60000cce60000b0590000b059 
  xmm4=0x00001758000017580000ce3b0000ce3b xmm5=0x0000826f0000826f0000ba750000ba75 
  xmm6=0x0000ae1b0000ae1b0000f72d0000f72d xmm7=0x0000241100002411000070b7000070b7 

    > store to +0x4fd8 value 0x5da900005da9
0x3004: mov ecx, 0x48
  rax=0x000016c6000016c6 rbx=0x0000c0830000c083 rcx=0x0000f7440000f744 rdx=0x00005da900005da9
  rsi=0x0000c09b0000c09b rdi=0x0000a75f0000a75f flags=0b000001010010
  xmm0=0x000004de000004de000085b6000085b6 xmm1=0x0000b48a0000b48a0000e23b0000e23b 
  xmm2=0x00000f9f00000f9f000037fd000037fd xmm3=0x0000cce60000cce60000b0590000b059 
  xmm4=0x00001758000017580000ce3b0000ce3b xmm5=0x0000826f0000826f0000ba750000ba75 
  xmm6=0x0000ae1b0000ae1b0000f72d0000f72d xmm7=0x0000241100002411000070b7000070b7 

0x3009: rdmsr 
  rax=0x000016c6000016c6 rbx=0x0000c0830000c083 rcx=0x0000000000000048 rdx=0x00005da900005da9
  rsi=0x0000c09b0000c09b rdi=0x0000a75f0000a75f flags=0b000001010010
  xmm0=0x000004de000004de000085b6000085b6 xmm1=0x0000b48a0000b48a0000e23b0000e23b 
  xmm2=0x00000f9f00000f9f000037fd000037fd xmm3=0x0000cce60000cce60000b0590000b059 
  xmm4=0x00001758000017580000ce3b0000ce3b xmm5=0x0000826f0000826f0000ba750000ba75 
  xmm6=0x0000ae1b0000ae1b0000f72d0000f72d xmm7=0x0000241100002411000070b7000070b7 

0x300b: and eax, 0xfffffffb
  rax=0x0000000000000000 rbx=0x0000c0830000c083 rcx=0x0000000000000048 rdx=0x0000000000000000
  rsi=0x0000c09b0000c09b rdi=0x0000a75f0000a75f flags=0b000001010010
  xmm0=0x000004de000004de000085b6000085b6 xmm1=0x0000b48a0000b48a0000e23b0000e23b 
  xmm2=0x00000f9f00000f9f000037fd000037fd xmm3=0x0000cce60000cce60000b0590000b059 
  xmm4=0x00001758000017580000ce3b0000ce3b xmm5=0x0000826f0000826f0000ba750000ba75 
  xmm6=0x0000ae1b0000ae1b0000f72d0000f72d xmm7=0x0000241100002411000070b7000070b7 

0x300e: or eax, 0x100
  rax=0x0000000000000000 rbx=0x0000c0830000c083 rcx=0x0000000000000048 rdx=0x0000000000000000
  rsi=0x0000c09b0000c09b rdi=0x0000a75f0000a75f flags=0b000001000110
  xmm0=0x000004de000004de000085b6000085b6 xmm1=0x0000b48a0000b48a0000e23b0000e23b 
  xmm2=0x00000f9f00000f9f000037fd000037fd xmm3=0x0000cce60000cce60000b0590000b059 
  xmm4=0x00001758000017580000ce3b0000ce3b xmm5=0x0000826f0000826f0000ba750000ba75 
  xmm6=0x0000ae1b0000ae1b0000f72d0000f72d xmm7=0x0000241100002411000070b7000070b7 

0x3013: wrmsr 
  rax=0x0000000000000100 rbx=0x0000c0830000c083 rcx=0x0000000000000048 rdx=0x0000000000000000
  rsi=0x0000c09b0000c09b rdi=0x0000a75f0000a75f flags=0b000000000110
  xmm0=0x000004de000004de000085b6000085b6 xmm1=0x0000b48a0000b48a0000e23b0000e23b 
  xmm2=0x00000f9f00000f9f000037fd000037fd xmm3=0x0000cce60000cce60000b0590000b059 
  xmm4=0x00001758000017580000ce3b0000ce3b xmm5=0x0000826f0000826f0000ba750000ba75 
  xmm6=0x0000ae1b0000ae1b0000f72d0000f72d xmm7=0x0000241100002411000070b7000070b7 

0x3015: mfence 
  rax=0x0000000000000100 rbx=0x0000c0830000c083 rcx=0x0000000000000048 rdx=0x0000000000000000
  rsi=0x0000c09b0000c09b rdi=0x0000a75f0000a75f flags=0b000000000110
  xmm0=0x000004de000004de000085b6000085b6 xmm1=0x0000b48a0000b48a0000e23b0000e23b 
  xmm2=0x00000f9f00000f9f000037fd000037fd xmm3=0x0000cce60000cce60000b0590000b059 
  xmm4=0x00001758000017580000ce3b0000ce3b xmm5=0x0000826f0000826f0000ba750000ba75 
  xmm6=0x0000ae1b0000ae1b0000f72d0000f72d xmm7=0x0000241100002411000070b7000070b7 

0x3018: lfence 
  rax=0x0000000000000100 rbx=0x0000c0830000c083 rcx=0x0000000000000048 rdx=0x0000000000000000
  rsi=0x0000c09b0000c09b rdi=0x0000a75f0000a75f flags=0b000000000110
  xmm0=0x000004de000004de000085b6000085b6 xmm1=0x0000b48a0000b48a0000e23b0000e23b 
  xmm2=0x00000f9f00000f9f000037fd000037fd xmm3=0x0000cce60000cce60000b0590000b059 
  xmm4=0x00001758000017580000ce3b0000ce3b xmm5=0x0000826f0000826f0000ba750000ba75 
  xmm6=0x0000ae1b0000ae1b0000f72d0000f72d xmm7=0x0000241100002411000070b7000070b7 

0x301b: macro .measurement_start, .noarg
  rax=0x0000000000000100 rbx=0x0000c0830000c083 rcx=0x0000000000000048 rdx=0x0000000000000000
  rsi=0x0000c09b0000c09b rdi=0x0000a75f0000a75f flags=0b000000000110
  xmm0=0x000004de000004de000085b6000085b6 xmm1=0x0000b48a0000b48a0000e23b0000e23b 
  xmm2=0x00000f9f00000f9f000037fd000037fd xmm3=0x0000cce60000cce60000b0590000b059 
  xmm4=0x00001758000017580000ce3b0000ce3b xmm5=0x0000826f0000826f0000ba750000ba75 
  xmm6=0x0000ae1b0000ae1b0000f72d0000f72d xmm7=0x0000241100002411000070b7000070b7 

0x3023: mov ecx, 0x48
  rax=0x0000000000000100 rbx=0x0000c0830000c083 rcx=0x0000000000000048 rdx=0x0000000000000000
  rsi=0x0000c09b0000c09b rdi=0x0000a75f0000a75f flags=0b000000000110
  xmm0=0x000004de000004de000085b6000085b6 xmm1=0x0000b48a0000b48a0000e23b0000e23b 
  xmm2=0x00000f9f00000f9f000037fd000037fd xmm3=0x0000cce60000cce60000b0590000b059 
  xmm4=0x00001758000017580000ce3b0000ce3b xmm5=0x0000826f0000826f0000ba750000ba75 
  xmm6=0x0000ae1b0000ae1b0000f72d0000f72d xmm7=0x0000241100002411000070b7000070b7 

0x3028: rdmsr 
  rax=0x0000000000000100 rbx=0x0000c0830000c083 rcx=0x0000000000000048 rdx=0x0000000000000000
  rsi=0x0000c09b0000c09b rdi=0x0000a75f0000a75f flags=0b000000000110
  xmm0=0x000004de000004de000085b6000085b6 xmm1=0x0000b48a0000b48a0000e23b0000e23b 
  xmm2=0x00000f9f00000f9f000037fd000037fd xmm3=0x0000cce60000cce60000b0590000b059 
  xmm4=0x00001758000017580000ce3b0000ce3b xmm5=0x0000826f0000826f0000ba750000ba75 
  xmm6=0x0000ae1b0000ae1b0000f72d0000f72d xmm7=0x0000241100002411000070b7000070b7 

0x302a: and eax, 0xfffffffb
  rax=0x0000000000000000 rbx=0x0000c0830000c083 rcx=0x0000000000000048 rdx=0x0000000000000000
  rsi=0x0000c09b0000c09b rdi=0x0000a75f0000a75f flags=0b000000000110
  xmm0=0x000004de000004de000085b6000085b6 xmm1=0x0000b48a0000b48a0000e23b0000e23b 
  xmm2=0x00000f9f00000f9f000037fd000037fd xmm3=0x0000cce60000cce60000b0590000b059 
  xmm4=0x00001758000017580000ce3b0000ce3b xmm5=0x0000826f0000826f0000ba750000ba75 
  xmm6=0x0000ae1b0000ae1b0000f72d0000f72d xmm7=0x0000241100002411000070b7000070b7 

0x302d: and eax, 0xfffffeff
  rax=0x0000000000000000 rbx=0x0000c0830000c083 rcx=0x0000000000000048 rdx=0x0000000000000000
  rsi=0x0000c09b0000c09b rdi=0x0000a75f0000a75f flags=0b000001000110
  xmm0=0x000004de000004de000085b6000085b6 xmm1=0x0000b48a0000b48a0000e23b0000e23b 
  xmm2=0x00000f9f00000f9f000037fd000037fd xmm3=0x0000cce60000cce60000b0590000b059 
  xmm4=0x00001758000017580000ce3b0000ce3b xmm5=0x0000826f0000826f0000ba750000ba75 
  xmm6=0x0000ae1b0000ae1b0000f72d0000f72d xmm7=0x0000241100002411000070b7000070b7 

0x3032: wrmsr 
  rax=0x0000000000000000 rbx=0x0000c0830000c083 rcx=0x0000000000000048 rdx=0x0000000000000000
  rsi=0x0000c09b0000c09b rdi=0x0000a75f0000a75f flags=0b000001000110
  xmm0=0x000004de000004de000085b6000085b6 xmm1=0x0000b48a0000b48a0000e23b0000e23b 
  xmm2=0x00000f9f00000f9f000037fd000037fd xmm3=0x0000cce60000cce60000b0590000b059 
  xmm4=0x00001758000017580000ce3b0000ce3b xmm5=0x0000826f0000826f0000ba750000ba75 
  xmm6=0x0000ae1b0000ae1b0000f72d0000f72d xmm7=0x0000241100002411000070b7000070b7 

0x3034: mfence 
  rax=0x0000000000000000 rbx=0x0000c0830000c083 rcx=0x0000000000000048 rdx=0x0000000000000000
  rsi=0x0000c09b0000c09b rdi=0x0000a75f0000a75f flags=0b000001000110
  xmm0=0x000004de000004de000085b6000085b6 xmm1=0x0000b48a0000b48a0000e23b0000e23b 
  xmm2=0x00000f9f00000f9f000037fd000037fd xmm3=0x0000cce60000cce60000b0590000b059 
  xmm4=0x00001758000017580000ce3b0000ce3b xmm5=0x0000826f0000826f0000ba750000ba75 
  xmm6=0x0000ae1b0000ae1b0000f72d0000f72d xmm7=0x0000241100002411000070b7000070b7 

0x3037: lfence 
  rax=0x0000000000000000 rbx=0x0000c0830000c083 rcx=0x0000000000000048 rdx=0x0000000000000000
  rsi=0x0000c09b0000c09b rdi=0x0000a75f0000a75f flags=0b000001000110
  xmm0=0x000004de000004de000085b6000085b6 xmm1=0x0000b48a0000b48a0000e23b0000e23b 
  xmm2=0x00000f9f00000f9f000037fd000037fd xmm3=0x0000cce60000cce60000b0590000b059 
  xmm4=0x00001758000017580000ce3b0000ce3b xmm5=0x0000826f0000826f0000ba750000ba75 
  xmm6=0x0000ae1b0000ae1b0000f72d0000f72d xmm7=0x0000241100002411000070b7000070b7 

0x303a: pop rdx
  rax=0x0000000000000000 rbx=0x0000c0830000c083 rcx=0x0000000000000048 rdx=0x0000000000000000
  rsi=0x0000c09b0000c09b rdi=0x0000a75f0000a75f flags=0b000001000110
  xmm0=0x000004de000004de000085b6000085b6 xmm1=0x0000b48a0000b48a0000e23b0000e23b 
  xmm2=0x00000f9f00000f9f000037fd000037fd xmm3=0x0000cce60000cce60000b0590000b059 
  xmm4=0x00001758000017580000ce3b0000ce3b xmm5=0x0000826f0000826f0000ba750000ba75 
  xmm6=0x0000ae1b0000ae1b0000f72d0000f72d xmm7=0x0000241100002411000070b7000070b7 

    > load from +0x4fd8 value 0x5da900005da9
0x303b: pop rcx
  rax=0x0000000000000000 rbx=0x0000c0830000c083 rcx=0x0000000000000048 rdx=0x00005da900005da9
  rsi=0x0000c09b0000c09b rdi=0x0000a75f0000a75f flags=0b000001000110
  xmm0=0x000004de000004de000085b6000085b6 xmm1=0x0000b48a0000b48a0000e23b0000e23b 
  xmm2=0x00000f9f00000f9f000037fd000037fd xmm3=0x0000cce60000cce60000b0590000b059 
  xmm4=0x00001758000017580000ce3b0000ce3b xmm5=0x0000826f0000826f0000ba750000ba75 
  xmm6=0x0000ae1b0000ae1b0000f72d0000f72d xmm7=0x0000241100002411000070b7000070b7 

    > load from +0x4fe0 value 0xf7440000f744
0x303c: pop rax
  rax=0x0000000000000000 rbx=0x0000c0830000c083 rcx=0x0000f7440000f744 rdx=0x00005da900005da9
  rsi=0x0000c09b0000c09b rdi=0x0000a75f0000a75f flags=0b000001000110
  xmm0=0x000004de000004de000085b6000085b6 xmm1=0x0000b48a0000b48a0000e23b0000e23b 
  xmm2=0x00000f9f00000f9f000037fd000037fd xmm3=0x0000cce60000cce60000b0590000b059 
  xmm4=0x00001758000017580000ce3b0000ce3b xmm5=0x0000826f0000826f0000ba750000ba75 
  xmm6=0x0000ae1b0000ae1b0000f72d0000f72d xmm7=0x0000241100002411000070b7000070b7 

    > load from +0x4fe8 value 0x16c6000016c6
0x303d: popfq 
  rax=0x000016c6000016c6 rbx=0x0000c0830000c083 rcx=0x0000f7440000f744 rdx=0x00005da900005da9
  rsi=0x0000c09b0000c09b rdi=0x0000a75f0000a75f flags=0b000001000110
  xmm0=0x000004de000004de000085b6000085b6 xmm1=0x0000b48a0000b48a0000e23b0000e23b 
  xmm2=0x00000f9f00000f9f000037fd000037fd xmm3=0x0000cce60000cce60000b0590000b059 
  xmm4=0x00001758000017580000ce3b0000ce3b xmm5=0x0000826f0000826f0000ba750000ba75 
  xmm6=0x0000ae1b0000ae1b0000f72d0000f72d xmm7=0x0000241100002411000070b7000070b7 

    > load from +0x4ff0 value 0x52
0x303e: and rbx, 0b1111111111111
  rax=0x000016c6000016c6 rbx=0x0000c0830000c083 rcx=0x0000f7440000f744 rdx=0x00005da900005da9
  rsi=0x0000c09b0000c09b rdi=0x0000a75f0000a75f flags=0b000001010010
  xmm0=0x000004de000004de000085b6000085b6 xmm1=0x0000b48a0000b48a0000e23b0000e23b 
  xmm2=0x00000f9f00000f9f000037fd000037fd xmm3=0x0000cce60000cce60000b0590000b059 
  xmm4=0x00001758000017580000ce3b0000ce3b xmm5=0x0000826f0000826f0000ba750000ba75 
  xmm6=0x0000ae1b0000ae1b0000f72d0000f72d xmm7=0x0000241100002411000070b7000070b7 

0x3045: or [r14 +rbx], 0b1000000000000000000000000000000
  rax=0x000016c6000016c6 rbx=0x0000000000000083 rcx=0x0000f7440000f744 rdx=0x00005da900005da9
  rsi=0x0000c09b0000c09b rdi=0x0000a75f0000a75f flags=0b000000000010
  xmm0=0x000004de000004de000085b6000085b6 xmm1=0x0000b48a0000b48a0000e23b0000e23b 
  xmm2=0x00000f9f00000f9f000037fd000037fd xmm3=0x0000cce60000cce60000b0590000b059 
  xmm4=0x00001758000017580000ce3b0000ce3b xmm5=0x0000826f0000826f0000ba750000ba75 
  xmm6=0x0000ae1b0000ae1b0000f72d0000f72d xmm7=0x0000241100002411000070b7000070b7 

    > load from +0x4083 value 0xcbc40000bed300
    > store to +0x4083 value 0xcbc40040bed300
0x304d: bsf rcx, [r14 +rbx]
  rax=0x000016c6000016c6 rbx=0x0000000000000083 rcx=0x0000f7440000f744 rdx=0x00005da900005da9
  rsi=0x0000c09b0000c09b rdi=0x0000a75f0000a75f flags=0b000000000110
  xmm0=0x000004de000004de000085b6000085b6 xmm1=0x0000b48a0000b48a0000e23b0000e23b 
  xmm2=0x00000f9f00000f9f000037fd000037fd xmm3=0x0000cce60000cce60000b0590000b059 
  xmm4=0x00001758000017580000ce3b0000ce3b xmm5=0x0000826f0000826f0000ba750000ba75 
  xmm6=0x0000ae1b0000ae1b0000f72d0000f72d xmm7=0x0000241100002411000070b7000070b7 

    > load from +0x4083 value 0xcbc40040bed300
0x3052: and rdi, 0b1111111111111
  rax=0x000016c6000016c6 rbx=0x0000000000000083 rcx=0x0000000000000008 rdx=0x00005da900005da9
  rsi=0x0000c09b0000c09b rdi=0x0000a75f0000a75f flags=0b000000000110
  xmm0=0x000004de000004de000085b6000085b6 xmm1=0x0000b48a0000b48a0000e23b0000e23b 
  xmm2=0x00000f9f00000f9f000037fd000037fd xmm3=0x0000cce60000cce60000b0590000b059 
  xmm4=0x00001758000017580000ce3b0000ce3b xmm5=0x0000826f0000826f0000ba750000ba75 
  xmm6=0x0000ae1b0000ae1b0000f72d0000f72d xmm7=0x0000241100002411000070b7000070b7 

0x3059: sub edx, [r14 +rdi]
  rax=0x000016c6000016c6 rbx=0x0000000000000083 rcx=0x0000000000000008 rdx=0x00005da900005da9
  rsi=0x0000c09b0000c09b rdi=0x000000000000075f flags=0b000000000110
  xmm0=0x000004de000004de000085b6000085b6 xmm1=0x0000b48a0000b48a0000e23b0000e23b 
  xmm2=0x00000f9f00000f9f000037fd000037fd xmm3=0x0000cce60000cce60000b0590000b059 
  xmm4=0x00001758000017580000ce3b0000ce3b xmm5=0x0000826f0000826f0000ba750000ba75 
  xmm6=0x0000ae1b0000ae1b0000f72d0000f72d xmm7=0x0000241100002411000070b7000070b7 

    > load from +0x475f value 0xf64800
0x305d: and rdx, 0b1111111111111
  rax=0x000016c6000016c6 rbx=0x0000000000000083 rcx=0x0000000000000008 rdx=0x00000000ff0a15a9
  rsi=0x0000c09b0000c09b rdi=0x000000000000075f flags=0b000010000111
  xmm0=0x000004de000004de000085b6000085b6 xmm1=0x0000b48a0000b48a0000e23b0000e23b 
  xmm2=0x00000f9f00000f9f000037fd000037fd xmm3=0x0000cce60000cce60000b0590000b059 
  xmm4=0x00001758000017580000ce3b0000ce3b xmm5=0x0000826f0000826f0000ba750000ba75 
  xmm6=0x0000ae1b0000ae1b0000f72d0000f72d xmm7=0x0000241100002411000070b7000070b7 

0x3064: movzx edx, [r14 +rdx]
  rax=0x000016c6000016c6 rbx=0x0000000000000083 rcx=0x0000000000000008 rdx=0x00000000000015a9
  rsi=0x0000c09b0000c09b rdi=0x000000000000075f flags=0b000000000110
  xmm0=0x000004de000004de000085b6000085b6 xmm1=0x0000b48a0000b48a0000e23b0000e23b 
  xmm2=0x00000f9f00000f9f000037fd000037fd xmm3=0x0000cce60000cce60000b0590000b059 
  xmm4=0x00001758000017580000ce3b0000ce3b xmm5=0x0000826f0000826f0000ba750000ba75 
  xmm6=0x0000ae1b0000ae1b0000f72d0000f72d xmm7=0x0000241100002411000070b7000070b7 

    > load from +0x55a9 value 0x3
0x3069: and rdi, 0b1111111111111
  rax=0x000016c6000016c6 rbx=0x0000000000000083 rcx=0x0000000000000008 rdx=0x0000000000000003
  rsi=0x0000c09b0000c09b rdi=0x000000000000075f flags=0b000000000110
  xmm0=0x000004de000004de000085b6000085b6 xmm1=0x0000b48a0000b48a0000e23b0000e23b 
  xmm2=0x00000f9f00000f9f000037fd000037fd xmm3=0x0000cce60000cce60000b0590000b059 
  xmm4=0x00001758000017580000ce3b0000ce3b xmm5=0x0000826f0000826f0000ba750000ba75 
  xmm6=0x0000ae1b0000ae1b0000f72d0000f72d xmm7=0x0000241100002411000070b7000070b7 

0x3070: cmovbe ebx, [r14 +rdi]
  rax=0x000016c6000016c6 rbx=0x0000000000000083 rcx=0x0000000000000008 rdx=0x0000000000000003
  rsi=0x0000c09b0000c09b rdi=0x000000000000075f flags=0b000000000110
  xmm0=0x000004de000004de000085b6000085b6 xmm1=0x0000b48a0000b48a0000e23b0000e23b 
  xmm2=0x00000f9f00000f9f000037fd000037fd xmm3=0x0000cce60000cce60000b0590000b059 
  xmm4=0x00001758000017580000ce3b0000ce3b xmm5=0x0000826f0000826f0000ba750000ba75 
  xmm6=0x0000ae1b0000ae1b0000f72d0000f72d xmm7=0x0000241100002411000070b7000070b7 

    > load from +0x475f value 0xf64800
0x3075: and rbx, 0b1111111111111
  rax=0x000016c6000016c6 rbx=0x0000000000000083 rcx=0x0000000000000008 rdx=0x0000000000000003
  rsi=0x0000c09b0000c09b rdi=0x000000000000075f flags=0b000000000110
  xmm0=0x000004de000004de000085b6000085b6 xmm1=0x0000b48a0000b48a0000e23b0000e23b 
  xmm2=0x00000f9f00000f9f000037fd000037fd xmm3=0x0000cce60000cce60000b0590000b059 
  xmm4=0x00001758000017580000ce3b0000ce3b xmm5=0x0000826f0000826f0000ba750000ba75 
  xmm6=0x0000ae1b0000ae1b0000f72d0000f72d xmm7=0x0000241100002411000070b7000070b7 

0x307c: movzx eax, [r14 +rbx]
  rax=0x000016c6000016c6 rbx=0x0000000000000083 rcx=0x0000000000000008 rdx=0x0000000000000003
  rsi=0x0000c09b0000c09b rdi=0x000000000000075f flags=0b000000000010
  xmm0=0x000004de000004de000085b6000085b6 xmm1=0x0000b48a0000b48a0000e23b0000e23b 
  xmm2=0x00000f9f00000f9f000037fd000037fd xmm3=0x0000cce60000cce60000b0590000b059 
  xmm4=0x00001758000017580000ce3b0000ce3b xmm5=0x0000826f0000826f0000ba750000ba75 
  xmm6=0x0000ae1b0000ae1b0000f72d0000f72d xmm7=0x0000241100002411000070b7000070b7 

    > load from +0x4083 value 0x0
0x3081: and rax, 0b1111111111111
  rax=0x0000000000000000 rbx=0x0000000000000083 rcx=0x0000000000000008 rdx=0x0000000000000003
  rsi=0x0000c09b0000c09b rdi=0x000000000000075f flags=0b000000000010
  xmm0=0x000004de000004de000085b6000085b6 xmm1=0x0000b48a0000b48a0000e23b0000e23b 
  xmm2=0x00000f9f00000f9f000037fd000037fd xmm3=0x0000cce60000cce60000b0590000b059 
  xmm4=0x00001758000017580000ce3b0000ce3b xmm5=0x0000826f0000826f0000ba750000ba75 
  xmm6=0x0000ae1b0000ae1b0000f72d0000f72d xmm7=0x0000241100002411000070b7000070b7 

0x3087: cmovle rax, [r14 +rax]
  rax=0x0000000000000000 rbx=0x0000000000000083 rcx=0x0000000000000008 rdx=0x0000000000000003
  rsi=0x0000c09b0000c09b rdi=0x000000000000075f flags=0b000001000110
  xmm0=0x000004de000004de000085b6000085b6 xmm1=0x0000b48a0000b48a0000e23b0000e23b 
  xmm2=0x00000f9f00000f9f000037fd000037fd xmm3=0x0000cce60000cce60000b0590000b059 
  xmm4=0x00001758000017580000ce3b0000ce3b xmm5=0x0000826f0000826f0000ba750000ba75 
  xmm6=0x0000ae1b0000ae1b0000f72d0000f72d xmm7=0x0000241100002411000070b7000070b7 

    > load from +0x4000 value 0x924300009243
0x308c: and rsi, 0b1111111111111
  rax=0x0000924300009243 rbx=0x0000000000000083 rcx=0x0000000000000008 rdx=0x0000000000000003
  rsi=0x0000c09b0000c09b rdi=0x000000000000075f flags=0b000001000110
  xmm0=0x000004de000004de000085b6000085b6 xmm1=0x0000b48a0000b48a0000e23b0000e23b 
  xmm2=0x00000f9f00000f9f000037fd000037fd xmm3=0x0000cce60000cce60000b0590000b059 
  xmm4=0x00001758000017580000ce3b0000ce3b xmm5=0x0000826f0000826f0000ba750000ba75 
  xmm6=0x0000ae1b0000ae1b0000f72d0000f72d xmm7=0x0000241100002411000070b7000070b7 

0x3093: mov rdi, [r14 +rsi]
  rax=0x0000924300009243 rbx=0x0000000000000083 rcx=0x0000000000000008 rdx=0x0000000000000003
  rsi=0x000000000000009b rdi=0x000000000000075f flags=0b000000000010
  xmm0=0x000004de000004de000085b6000085b6 xmm1=0x0000b48a0000b48a0000e23b0000e23b 
  xmm2=0x00000f9f00000f9f000037fd000037fd xmm3=0x0000cce60000cce60000b0590000b059 
  xmm4=0x00001758000017580000ce3b0000ce3b xmm5=0x0000826f0000826f0000ba750000ba75 
  xmm6=0x0000ae1b0000ae1b0000f72d0000f72d xmm7=0x0000241100002411000070b7000070b7 

    > load from +0x409b value 0x8b790000dace00
0x3097: and rbx, 0b1111111111111
  rax=0x0000924300009243 rbx=0x0000000000000083 rcx=0x0000000000000008 rdx=0x0000000000000003
  rsi=0x000000000000009b rdi=0x008b790000dace00 flags=0b000000000010
  xmm0=0x000004de000004de000085b6000085b6 xmm1=0x0000b48a0000b48a0000e23b0000e23b 
  xmm2=0x00000f9f00000f9f000037fd000037fd xmm3=0x0000cce60000cce60000b0590000b059 
  xmm4=0x00001758000017580000ce3b0000ce3b xmm5=0x0000826f0000826f0000ba750000ba75 
  xmm6=0x0000ae1b0000ae1b0000f72d0000f72d xmm7=0x0000241100002411000070b7000070b7 

0x309e: cmovns edi, [r14 +rbx]
  rax=0x0000924300009243 rbx=0x0000000000000083 rcx=0x0000000000000008 rdx=0x0000000000000003
  rsi=0x000000000000009b rdi=0x008b790000dace00 flags=0b000000000010
  xmm0=0x000004de000004de000085b6000085b6 xmm1=0x0000b48a0000b48a0000e23b0000e23b 
  xmm2=0x00000f9f00000f9f000037fd000037fd xmm3=0x0000cce60000cce60000b0590000b059 
  xmm4=0x00001758000017580000ce3b0000ce3b xmm5=0x0000826f0000826f0000ba750000ba75 
  xmm6=0x0000ae1b0000ae1b0000f72d0000f72d xmm7=0x0000241100002411000070b7000070b7 

    > load from +0x4083 value 0x40bed300
0x30a3: mov bl, dl
  rax=0x0000924300009243 rbx=0x0000000000000083 rcx=0x0000000000000008 rdx=0x0000000000000003
  rsi=0x000000000000009b rdi=0x0000000040bed300 flags=0b000000000010
  xmm0=0x000004de000004de000085b6000085b6 xmm1=0x0000b48a0000b48a0000e23b0000e23b 
  xmm2=0x00000f9f00000f9f000037fd000037fd xmm3=0x0000cce60000cce60000b0590000b059 
  xmm4=0x00001758000017580000ce3b0000ce3b xmm5=0x0000826f0000826f0000ba750000ba75 
  xmm6=0x0000ae1b0000ae1b0000f72d0000f72d xmm7=0x0000241100002411000070b7000070b7 

0x30a5: add dil, -111
  rax=0x0000924300009243 rbx=0x0000000000000003 rcx=0x0000000000000008 rdx=0x0000000000000003
  rsi=0x000000000000009b rdi=0x0000000040bed300 flags=0b000000000010
  xmm0=0x000004de000004de000085b6000085b6 xmm1=0x0000b48a0000b48a0000e23b0000e23b 
  xmm2=0x00000f9f00000f9f000037fd000037fd xmm3=0x0000cce60000cce60000b0590000b059 
  xmm4=0x00001758000017580000ce3b0000ce3b xmm5=0x0000826f0000826f0000ba750000ba75 
  xmm6=0x0000ae1b0000ae1b0000f72d0000f72d xmm7=0x0000241100002411000070b7000070b7 

0x30a9: cmovnbe ebx, ebx
  rax=0x0000924300009243 rbx=0x0000000000000003 rcx=0x0000000000000008 rdx=0x0000000000000003
  rsi=0x000000000000009b rdi=0x0000000040bed391 flags=0b000010000010
  xmm0=0x000004de000004de000085b6000085b6 xmm1=0x0000b48a0000b48a0000e23b0000e23b 
  xmm2=0x00000f9f00000f9f000037fd000037fd xmm3=0x0000cce60000cce60000b0590000b059 
  xmm4=0x00001758000017580000ce3b0000ce3b xmm5=0x0000826f0000826f0000ba750000ba75 
  xmm6=0x0000ae1b0000ae1b0000f72d0000f72d xmm7=0x0000241100002411000070b7000070b7 

0x30ac: and rdi, 0b1111111111111
  rax=0x0000924300009243 rbx=0x0000000000000003 rcx=0x0000000000000008 rdx=0x0000000000000003
  rsi=0x000000000000009b rdi=0x0000000040bed391 flags=0b000010000010
  xmm0=0x000004de000004de000085b6000085b6 xmm1=0x0000b48a0000b48a0000e23b0000e23b 
  xmm2=0x00000f9f00000f9f000037fd000037fd xmm3=0x0000cce60000cce60000b0590000b059 
  xmm4=0x00001758000017580000ce3b0000ce3b xmm5=0x0000826f0000826f0000ba750000ba75 
  xmm6=0x0000ae1b0000ae1b0000f72d0000f72d xmm7=0x0000241100002411000070b7000070b7 

0x30b3: cmp [r14 +rdi], -98
  rax=0x0000924300009243 rbx=0x0000000000000003 rcx=0x0000000000000008 rdx=0x0000000000000003
  rsi=0x000000000000009b rdi=0x0000000000001391 flags=0b000000000010
  xmm0=0x000004de000004de000085b6000085b6 xmm1=0x0000b48a0000b48a0000e23b0000e23b 
  xmm2=0x00000f9f00000f9f000037fd000037fd xmm3=0x0000cce60000cce60000b0590000b059 
  xmm4=0x00001758000017580000ce3b0000ce3b xmm5=0x0000826f0000826f0000ba750000ba75 
  xmm6=0x0000ae1b0000ae1b0000f72d0000f72d xmm7=0x0000241100002411000070b7000070b7 

    > load from +0x5391 value 0x6e
0x30b9: test cl, bl
  rax=0x0000924300009243 rbx=0x0000000000000003 rcx=0x0000000000000008 rdx=0x0000000000000003
  rsi=0x000000000000009b rdi=0x0000000000001391 flags=0b000000000011
  xmm0=0x000004de000004de000085b6000085b6 xmm1=0x0000b48a0000b48a0000e23b0000e23b 
  xmm2=0x00000f9f00000f9f000037fd000037fd xmm3=0x0000cce60000cce60000b0590000b059 
  xmm4=0x00001758000017580000ce3b0000ce3b xmm5=0x0000826f0000826f0000ba750000ba75 
  xmm6=0x0000ae1b0000ae1b0000f72d0000f72d xmm7=0x0000241100002411000070b7000070b7 

0x30bb: cmovnle rdi, rdi
  rax=0x0000924300009243 rbx=0x0000000000000003 rcx=0x0000000000000008 rdx=0x0000000000000003
  rsi=0x000000000000009b rdi=0x0000000000001391 flags=0b000001000110
  xmm0=0x000004de000004de000085b6000085b6 xmm1=0x0000b48a0000b48a0000e23b0000e23b 
  xmm2=0x00000f9f00000f9f000037fd000037fd xmm3=0x0000cce60000cce60000b0590000b059 
  xmm4=0x00001758000017580000ce3b0000ce3b xmm5=0x0000826f0000826f0000ba750000ba75 
  xmm6=0x0000ae1b0000ae1b0000f72d0000f72d xmm7=0x0000241100002411000070b7000070b7 

0x30bf: and rdx, 0b1111111111111
  rax=0x0000924300009243 rbx=0x0000000000000003 rcx=0x0000000000000008 rdx=0x0000000000000003
  rsi=0x000000000000009b rdi=0x0000000000001391 flags=0b000001000110
  xmm0=0x000004de000004de000085b6000085b6 xmm1=0x0000b48a0000b48a0000e23b0000e23b 
  xmm2=0x00000f9f00000f9f000037fd000037fd xmm3=0x0000cce60000cce60000b0590000b059 
  xmm4=0x00001758000017580000ce3b0000ce3b xmm5=0x0000826f0000826f0000ba750000ba75 
  xmm6=0x0000ae1b0000ae1b0000f72d0000f72d xmm7=0x0000241100002411000070b7000070b7 

0x30c6: sbb bl, [r14 +rdx]
  rax=0x0000924300009243 rbx=0x0000000000000003 rcx=0x0000000000000008 rdx=0x0000000000000003
  rsi=0x000000000000009b rdi=0x0000000000001391 flags=0b000000000110
  xmm0=0x000004de000004de000085b6000085b6 xmm1=0x0000b48a0000b48a0000e23b0000e23b 
  xmm2=0x00000f9f00000f9f000037fd000037fd xmm3=0x0000cce60000cce60000b0590000b059 
  xmm4=0x00001758000017580000ce3b0000ce3b xmm5=0x0000826f0000826f0000ba750000ba75 
  xmm6=0x0000ae1b0000ae1b0000f72d0000f72d xmm7=0x0000241100002411000070b7000070b7 

    > load from +0x4003 value 0x0
0x30ca: adc sil, 89
  rax=0x0000924300009243 rbx=0x0000000000000003 rcx=0x0000000000000008 rdx=0x0000000000000003
  rsi=0x000000000000009b rdi=0x0000000000001391 flags=0b000000000110
  xmm0=0x000004de000004de000085b6000085b6 xmm1=0x0000b48a0000b48a0000e23b0000e23b 
  xmm2=0x00000f9f00000f9f000037fd000037fd xmm3=0x0000cce60000cce60000b0590000b059 
  xmm4=0x00001758000017580000ce3b0000ce3b xmm5=0x0000826f0000826f0000ba750000ba75 
  xmm6=0x0000ae1b0000ae1b0000f72d0000f72d xmm7=0x0000241100002411000070b7000070b7 

0x30ce: and rbx, 0b1111111111111
  rax=0x0000924300009243 rbx=0x0000000000000003 rcx=0x0000000000000008 rdx=0x0000000000000003
  rsi=0x00000000000000f4 rdi=0x0000000000001391 flags=0b000010010010
  xmm0=0x000004de000004de000085b6000085b6 xmm1=0x0000b48a0000b48a0000e23b0000e23b 
  xmm2=0x00000f9f00000f9f000037fd000037fd xmm3=0x0000cce60000cce60000b0590000b059 
  xmm4=0x00001758000017580000ce3b0000ce3b xmm5=0x0000826f0000826f0000ba750000ba75 
  xmm6=0x0000ae1b0000ae1b0000f72d0000f72d xmm7=0x0000241100002411000070b7000070b7 

0x30d5: xor si, [r14 +rbx]
  rax=0x0000924300009243 rbx=0x0000000000000003 rcx=0x0000000000000008 rdx=0x0000000000000003
  rsi=0x00000000000000f4 rdi=0x0000000000001391 flags=0b000000000110
  xmm0=0x000004de000004de000085b6000085b6 xmm1=0x0000b48a0000b48a0000e23b0000e23b 
  xmm2=0x00000f9f00000f9f000037fd000037fd xmm3=0x0000cce60000cce60000b0590000b059 
  xmm4=0x00001758000017580000ce3b0000ce3b xmm5=0x0000826f0000826f0000ba750000ba75 
  xmm6=0x0000ae1b0000ae1b0000f72d0000f72d xmm7=0x0000241100002411000070b7000070b7 

    > load from +0x4003 value 0x4300
0x30da: sub edi, -64
  rax=0x0000924300009243 rbx=0x0000000000000003 rcx=0x0000000000000008 rdx=0x0000000000000003
  rsi=0x00000000000043f4 rdi=0x0000000000001391 flags=0b000000000010
  xmm0=0x000004de000004de000085b6000085b6 xmm1=0x0000b48a0000b48a0000e23b0000e23b 
  xmm2=0x00000f9f00000f9f000037fd000037fd xmm3=0x0000cce60000cce60000b0590000b059 
  xmm4=0x00001758000017580000ce3b0000ce3b xmm5=0x0000826f0000826f0000ba750000ba75 
  xmm6=0x0000ae1b0000ae1b0000f72d0000f72d xmm7=0x0000241100002411000070b7000070b7 

0x30dd: and rbx, 0b1111111111111
  rax=0x0000924300009243 rbx=0x0000000000000003 rcx=0x0000000000000008 rdx=0x0000000000000003
  rsi=0x00000000000043f4 rdi=0x00000000000013d1 flags=0b000000000111
  xmm0=0x000004de000004de000085b6000085b6 xmm1=0x0000b48a0000b48a0000e23b0000e23b 
  xmm2=0x00000f9f00000f9f000037fd000037fd xmm3=0x0000cce60000cce60000b0590000b059 
  xmm4=0x00001758000017580000ce3b0000ce3b xmm5=0x0000826f0000826f0000ba750000ba75 
  xmm6=0x0000ae1b0000ae1b0000f72d0000f72d xmm7=0x0000241100002411000070b7000070b7 

0x30e4: movsx cx, [r14 +rbx]
  rax=0x0000924300009243 rbx=0x0000000000000003 rcx=0x0000000000000008 rdx=0x0000000000000003
  rsi=0x00000000000043f4 rdi=0x00000000000013d1 flags=0b000000000110
  xmm0=0x000004de000004de000085b6000085b6 xmm1=0x0000b48a0000b48a0000e23b0000e23b 
  xmm2=0x00000f9f00000f9f000037fd000037fd xmm3=0x0000cce60000cce60000b0590000b059 
  xmm4=0x00001758000017580000ce3b0000ce3b xmm5=0x0000826f0000826f0000ba750000ba75 
  xmm6=0x0000ae1b0000ae1b0000f72d0000f72d xmm7=0x0000241100002411000070b7000070b7 

    > load from +0x4003 value 0x0
0x30ea: or dil, cl
  rax=0x0000924300009243 rbx=0x0000000000000003 rcx=0x0000000000000000 rdx=0x0000000000000003
  rsi=0x00000000000043f4 rdi=0x00000000000013d1 flags=0b000000000110
  xmm0=0x000004de000004de000085b6000085b6 xmm1=0x0000b48a0000b48a0000e23b0000e23b 
  xmm2=0x00000f9f00000f9f000037fd000037fd xmm3=0x0000cce60000cce60000b0590000b059 
  xmm4=0x00001758000017580000ce3b0000ce3b xmm5=0x0000826f0000826f0000ba750000ba75 
  xmm6=0x0000ae1b0000ae1b0000f72d0000f72d xmm7=0x0000241100002411000070b7000070b7 

0x30ed: and rax, 0b1111111111111
  rax=0x0000924300009243 rbx=0x0000000000000003 rcx=0x0000000000000000 rdx=0x0000000000000003
  rsi=0x00000000000043f4 rdi=0x00000000000013d1 flags=0b000010000110
  xmm0=0x000004de000004de000085b6000085b6 xmm1=0x0000b48a0000b48a0000e23b0000e23b 
  xmm2=0x00000f9f00000f9f000037fd000037fd xmm3=0x0000cce60000cce60000b0590000b059 
  xmm4=0x00001758000017580000ce3b0000ce3b xmm5=0x0000826f0000826f0000ba750000ba75 
  xmm6=0x0000ae1b0000ae1b0000f72d0000f72d xmm7=0x0000241100002411000070b7000070b7 

0x30f3: add dl, [r14 +rax]
  rax=0x0000000000001243 rbx=0x0000000000000003 rcx=0x0000000000000000 rdx=0x0000000000000003
  rsi=0x00000000000043f4 rdi=0x00000000000013d1 flags=0b000000000010
  xmm0=0x000004de000004de000085b6000085b6 xmm1=0x0000b48a0000b48a0000e23b0000e23b 
  xmm2=0x00000f9f00000f9f000037fd000037fd xmm3=0x0000cce60000cce60000b0590000b059 
  xmm4=0x00001758000017580000ce3b0000ce3b xmm5=0x0000826f0000826f0000ba750000ba75 
  xmm6=0x0000ae1b0000ae1b0000f72d0000f72d xmm7=0x0000241100002411000070b7000070b7 

    > load from +0x5243 value 0x0
0x30f7: or si, 0b1000000000000000
  rax=0x0000000000001243 rbx=0x0000000000000003 rcx=0x0000000000000000 rdx=0x0000000000000003
  rsi=0x00000000000043f4 rdi=0x00000000000013d1 flags=0b000000000110
  xmm0=0x000004de000004de000085b6000085b6 xmm1=0x0000b48a0000b48a0000e23b0000e23b 
  xmm2=0x00000f9f00000f9f000037fd000037fd xmm3=0x0000cce60000cce60000b0590000b059 
  xmm4=0x00001758000017580000ce3b0000ce3b xmm5=0x0000826f0000826f0000ba750000ba75 
  xmm6=0x0000ae1b0000ae1b0000f72d0000f72d xmm7=0x0000241100002411000070b7000070b7 

0x30fc: bsr di, si
  rax=0x0000000000001243 rbx=0x0000000000000003 rcx=0x0000000000000000 rdx=0x0000000000000003
  rsi=0x000000000000c3f4 rdi=0x00000000000013d1 flags=0b000010000010
  xmm0=0x000004de000004de000085b6000085b6 xmm1=0x0000b48a0000b48a0000e23b0000e23b 
  xmm2=0x00000f9f00000f9f000037fd000037fd xmm3=0x0000cce60000cce60000b0590000b059 
  xmm4=0x00001758000017580000ce3b0000ce3b xmm5=0x0000826f0000826f0000ba750000ba75 
  xmm6=0x0000ae1b0000ae1b0000f72d0000f72d xmm7=0x0000241100002411000070b7000070b7 

0x3100: and rcx, 0b1111111111111
  rax=0x0000000000001243 rbx=0x0000000000000003 rcx=0x0000000000000000 rdx=0x0000000000000003
  rsi=0x000000000000c3f4 rdi=0x000000000000000f flags=0b000010000010
  xmm0=0x000004de000004de000085b6000085b6 xmm1=0x0000b48a0000b48a0000e23b0000e23b 
  xmm2=0x00000f9f00000f9f000037fd000037fd xmm3=0x0000cce60000cce60000b0590000b059 
  xmm4=0x00001758000017580000ce3b0000ce3b xmm5=0x0000826f0000826f0000ba750000ba75 
  xmm6=0x0000ae1b0000ae1b0000f72d0000f72d xmm7=0x0000241100002411000070b7000070b7 

0x3107: or [r14 +rcx], 0b1000000000000000000000000000000
  rax=0x0000000000001243 rbx=0x0000000000000003 rcx=0x0000000000000000 rdx=0x0000000000000003
  rsi=0x000000000000c3f4 rdi=0x000000000000000f flags=0b000001000110
  xmm0=0x000004de000004de000085b6000085b6 xmm1=0x0000b48a0000b48a0000e23b0000e23b 
  xmm2=0x00000f9f00000f9f000037fd000037fd xmm3=0x0000cce60000cce60000b0590000b059 
  xmm4=0x00001758000017580000ce3b0000ce3b xmm5=0x0000826f0000826f0000ba750000ba75 
  xmm6=0x0000ae1b0000ae1b0000f72d0000f72d xmm7=0x0000241100002411000070b7000070b7 

    > load from +0x4000 value 0x924300009243
    > store to +0x4000 value 0x924340009243
0x310f: bsf rsi, [r14 +rcx]
  rax=0x0000000000001243 rbx=0x0000000000000003 rcx=0x0000000000000000 rdx=0x0000000000000003
  rsi=0x000000000000c3f4 rdi=0x000000000000000f flags=0b000000000010
  xmm0=0x000004de000004de000085b6000085b6 xmm1=0x0000b48a0000b48a0000e23b0000e23b 
  xmm2=0x00000f9f00000f9f000037fd000037fd xmm3=0x0000cce60000cce60000b0590000b059 
  xmm4=0x00001758000017580000ce3b0000ce3b xmm5=0x0000826f0000826f0000ba750000ba75 
  xmm6=0x0000ae1b0000ae1b0000f72d0000f72d xmm7=0x0000241100002411000070b7000070b7 

    > load from +0x4000 value 0x924340009243
0x3114: sub cx, -124
  rax=0x0000000000001243 rbx=0x0000000000000003 rcx=0x0000000000000000 rdx=0x0000000000000003
  rsi=0x0000000000000000 rdi=0x000000000000000f flags=0b000000000010
  xmm0=0x000004de000004de000085b6000085b6 xmm1=0x0000b48a0000b48a0000e23b0000e23b 
  xmm2=0x00000f9f00000f9f000037fd000037fd xmm3=0x0000cce60000cce60000b0590000b059 
  xmm4=0x00001758000017580000ce3b0000ce3b xmm5=0x0000826f0000826f0000ba750000ba75 
  xmm6=0x0000ae1b0000ae1b0000f72d0000f72d xmm7=0x0000241100002411000070b7000070b7 

0x3118: xchg esi, eax
  rax=0x0000000000001243 rbx=0x0000000000000003 rcx=0x000000000000007c rdx=0x0000000000000003
  rsi=0x0000000000000000 rdi=0x000000000000000f flags=0b000000010011
  xmm0=0x000004de000004de000085b6000085b6 xmm1=0x0000b48a0000b48a0000e23b0000e23b 
  xmm2=0x00000f9f00000f9f000037fd000037fd xmm3=0x0000cce60000cce60000b0590000b059 
  xmm4=0x00001758000017580000ce3b0000ce3b xmm5=0x0000826f0000826f0000ba750000ba75 
  xmm6=0x0000ae1b0000ae1b0000f72d0000f72d xmm7=0x0000241100002411000070b7000070b7 

0x3119: setnb dl
  rax=0x0000000000000000 rbx=0x0000000000000003 rcx=0x000000000000007c rdx=0x0000000000000003
  rsi=0x0000000000001243 rdi=0x000000000000000f flags=0b000000010011
  xmm0=0x000004de000004de000085b6000085b6 xmm1=0x0000b48a0000b48a0000e23b0000e23b 
  xmm2=0x00000f9f00000f9f000037fd000037fd xmm3=0x0000cce60000cce60000b0590000b059 
  xmm4=0x00001758000017580000ce3b0000ce3b xmm5=0x0000826f0000826f0000ba750000ba75 
  xmm6=0x0000ae1b0000ae1b0000f72d0000f72d xmm7=0x0000241100002411000070b7000070b7 

0x311c: mul bx
  rax=0x0000000000000000 rbx=0x0000000000000003 rcx=0x000000000000007c rdx=0x0000000000000000
  rsi=0x0000000000001243 rdi=0x000000000000000f flags=0b000000010011
  xmm0=0x000004de000004de000085b6000085b6 xmm1=0x0000b48a0000b48a0000e23b0000e23b 
  xmm2=0x00000f9f00000f9f000037fd000037fd xmm3=0x0000cce60000cce60000b0590000b059 
  xmm4=0x00001758000017580000ce3b0000ce3b xmm5=0x0000826f0000826f0000ba750000ba75 
  xmm6=0x0000ae1b0000ae1b0000f72d0000f72d xmm7=0x0000241100002411000070b7000070b7 

0x311f: movzx rcx, ax
  rax=0x0000000000000000 rbx=0x0000000000000003 rcx=0x000000000000007c rdx=0x0000000000000000
  rsi=0x0000000000001243 rdi=0x000000000000000f flags=0b000001000110
  xmm0=0x000004de000004de000085b6000085b6 xmm1=0x0000b48a0000b48a0000e23b0000e23b 
  xmm2=0x00000f9f00000f9f000037fd000037fd xmm3=0x0000cce60000cce60000b0590000b059 
  xmm4=0x00001758000017580000ce3b0000ce3b xmm5=0x0000826f0000826f0000ba750000ba75 
  xmm6=0x0000ae1b0000ae1b0000f72d0000f72d xmm7=0x0000241100002411000070b7000070b7 

0x3123: and rdi, 0b1111111111111
  rax=0x0000000000000000 rbx=0x0000000000000003 rcx=0x0000000000000000 rdx=0x0000000000000000
  rsi=0x0000000000001243 rdi=0x000000000000000f flags=0b000001000110
  xmm0=0x000004de000004de000085b6000085b6 xmm1=0x0000b48a0000b48a0000e23b0000e23b 
  xmm2=0x00000f9f00000f9f000037fd000037fd xmm3=0x0000cce60000cce60000b0590000b059 
  xmm4=0x00001758000017580000ce3b0000ce3b xmm5=0x0000826f0000826f0000ba750000ba75 
  xmm6=0x0000ae1b0000ae1b0000f72d0000f72d xmm7=0x0000241100002411000070b7000070b7 

0x312a: movzx rcx, [r14 +rdi]
  rax=0x0000000000000000 rbx=0x0000000000000003 rcx=0x0000000000000000 rdx=0x0000000000000000
  rsi=0x0000000000001243 rdi=0x000000000000000f flags=0b000000000110
  xmm0=0x000004de000004de000085b6000085b6 xmm1=0x0000b48a0000b48a0000e23b0000e23b 
  xmm2=0x00000f9f00000f9f000037fd000037fd xmm3=0x0000cce60000cce60000b0590000b059 
  xmm4=0x00001758000017580000ce3b0000ce3b xmm5=0x0000826f0000826f0000ba750000ba75 
  xmm6=0x0000ae1b0000ae1b0000f72d0000f72d xmm7=0x0000241100002411000070b7000070b7 

    > load from +0x400f value 0x0
0x312f: and rcx, 0b1111111111111
  rax=0x0000000000000000 rbx=0x0000000000000003 rcx=0x0000000000000000 rdx=0x0000000000000000
  rsi=0x0000000000001243 rdi=0x000000000000000f flags=0b000000000110
  xmm0=0x000004de000004de000085b6000085b6 xmm1=0x0000b48a0000b48a0000e23b0000e23b 
  xmm2=0x00000f9f00000f9f000037fd000037fd xmm3=0x0000cce60000cce60000b0590000b059 
  xmm4=0x00001758000017580000ce3b0000ce3b xmm5=0x0000826f0000826f0000ba750000ba75 
  xmm6=0x0000ae1b0000ae1b0000f72d0000f72d xmm7=0x0000241100002411000070b7000070b7 

0x3136: sub al, [r14 +rcx]
  rax=0x0000000000000000 rbx=0x0000000000000003 rcx=0x0000000000000000 rdx=0x0000000000000000
  rsi=0x0000000000001243 rdi=0x000000000000000f flags=0b000001000110
  xmm0=0x000004de000004de000085b6000085b6 xmm1=0x0000b48a0000b48a0000e23b0000e23b 
  xmm2=0x00000f9f00000f9f000037fd000037fd xmm3=0x0000cce60000cce60000b0590000b059 
  xmm4=0x00001758000017580000ce3b0000ce3b xmm5=0x0000826f0000826f0000ba750000ba75 
  xmm6=0x0000ae1b0000ae1b0000f72d0000f72d xmm7=0x0000241100002411000070b7000070b7 

    > load from +0x4000 value 0x43
0x313a: cmovno si, dx
  rax=0x00000000000000bd rbx=0x0000000000000003 rcx=0x0000000000000000 rdx=0x0000000000000000
  rsi=0x0000000000001243 rdi=0x000000000000000f flags=0b000010010111
  xmm0=0x000004de000004de000085b6000085b6 xmm1=0x0000b48a0000b48a0000e23b0000e23b 
  xmm2=0x00000f9f00000f9f000037fd000037fd xmm3=0x0000cce60000cce60000b0590000b059 
  xmm4=0x00001758000017580000ce3b0000ce3b xmm5=0x0000826f0000826f0000ba750000ba75 
  xmm6=0x0000ae1b0000ae1b0000f72d0000f72d xmm7=0x0000241100002411000070b7000070b7 

0x313e: and rcx, 0b1111111111111
  rax=0x00000000000000bd rbx=0x0000000000000003 rcx=0x0000000000000000 rdx=0x0000000000000000
  rsi=0x0000000000000000 rdi=0x000000000000000f flags=0b000010010111
  xmm0=0x000004de000004de000085b6000085b6 xmm1=0x0000b48a0000b48a0000e23b0000e23b 
  xmm2=0x00000f9f00000f9f000037fd000037fd xmm3=0x0000cce60000cce60000b0590000b059 
  xmm4=0x00001758000017580000ce3b0000ce3b xmm5=0x0000826f0000826f0000ba750000ba75 
  xmm6=0x0000ae1b0000ae1b0000f72d0000f72d xmm7=0x0000241100002411000070b7000070b7 

0x3145: and esi, 0b111
  rax=0x00000000000000bd rbx=0x0000000000000003 rcx=0x0000000000000000 rdx=0x0000000000000000
  rsi=0x0000000000000000 rdi=0x000000000000000f flags=0b000001000110
  xmm0=0x000004de000004de000085b6000085b6 xmm1=0x0000b48a0000b48a0000e23b0000e23b 
  xmm2=0x00000f9f00000f9f000037fd000037fd xmm3=0x0000cce60000cce60000b0590000b059 
  xmm4=0x00001758000017580000ce3b0000ce3b xmm5=0x0000826f0000826f0000ba750000ba75 
  xmm6=0x0000ae1b0000ae1b0000f72d0000f72d xmm7=0x0000241100002411000070b7000070b7 

0x3148: bt [r14 +rcx], esi
  rax=0x00000000000000bd rbx=0x0000000000000003 rcx=0x0000000000000000 rdx=0x0000000000000000
  rsi=0x0000000000000000 rdi=0x000000000000000f flags=0b000001000110
  xmm0=0x000004de000004de000085b6000085b6 xmm1=0x0000b48a0000b48a0000e23b0000e23b 
  xmm2=0x00000f9f00000f9f000037fd000037fd xmm3=0x0000cce60000cce60000b0590000b059 
  xmm4=0x00001758000017580000ce3b0000ce3b xmm5=0x0000826f0000826f0000ba750000ba75 
  xmm6=0x0000ae1b0000ae1b0000f72d0000f72d xmm7=0x0000241100002411000070b7000070b7 

    > load from +0x4000 value 0x40009243
0x314d: and rbx, 0b1111111111111
  rax=0x00000000000000bd rbx=0x0000000000000003 rcx=0x0000000000000000 rdx=0x0000000000000000
  rsi=0x0000000000000000 rdi=0x000000000000000f flags=0b000001000111
  xmm0=0x000004de000004de000085b6000085b6 xmm1=0x0000b48a0000b48a0000e23b0000e23b 
  xmm2=0x00000f9f00000f9f000037fd000037fd xmm3=0x0000cce60000cce60000b0590000b059 
  xmm4=0x00001758000017580000ce3b0000ce3b xmm5=0x0000826f0000826f0000ba750000ba75 
  xmm6=0x0000ae1b0000ae1b0000f72d0000f72d xmm7=0x0000241100002411000070b7000070b7 

0x3154: mov bl, [r14 +rbx]
  rax=0x00000000000000bd rbx=0x0000000000000003 rcx=0x0000000000000000 rdx=0x0000000000000000
  rsi=0x0000000000000000 rdi=0x000000000000000f flags=0b000000000110
  xmm0=0x000004de000004de000085b6000085b6 xmm1=0x0000b48a0000b48a0000e23b0000e23b 
  xmm2=0x00000f9f00000f9f000037fd000037fd xmm3=0x0000cce60000cce60000b0590000b059 
  xmm4=0x00001758000017580000ce3b0000ce3b xmm5=0x0000826f0000826f0000ba750000ba75 
  xmm6=0x0000ae1b0000ae1b0000f72d0000f72d xmm7=0x0000241100002411000070b7000070b7 

    > load from +0x4003 value 0x40
0x3158: mov rsi, rdi
  rax=0x00000000000000bd rbx=0x0000000000000040 rcx=0x0000000000000000 rdx=0x0000000000000000
  rsi=0x0000000000000000 rdi=0x000000000000000f flags=0b000000000110
  xmm0=0x000004de000004de000085b6000085b6 xmm1=0x0000b48a0000b48a0000e23b0000e23b 
  xmm2=0x00000f9f00000f9f000037fd000037fd xmm3=0x0000cce60000cce60000b0590000b059 
  xmm4=0x00001758000017580000ce3b0000ce3b xmm5=0x0000826f0000826f0000ba750000ba75 
  xmm6=0x0000ae1b0000ae1b0000f72d0000f72d xmm7=0x0000241100002411000070b7000070b7 

0x315b: xadd ecx, edi
  rax=0x00000000000000bd rbx=0x0000000000000040 rcx=0x0000000000000000 rdx=0x0000000000000000
  rsi=0x000000000000000f rdi=0x000000000000000f flags=0b000000000110
  xmm0=0x000004de000004de000085b6000085b6 xmm1=0x0000b48a0000b48a0000e23b0000e23b 
  xmm2=0x00000f9f00000f9f000037fd000037fd xmm3=0x0000cce60000cce60000b0590000b059 
  xmm4=0x00001758000017580000ce3b0000ce3b xmm5=0x0000826f0000826f0000ba750000ba75 
  xmm6=0x0000ae1b0000ae1b0000f72d0000f72d xmm7=0x0000241100002411000070b7000070b7 

0x315e: xor eax, 268711852
  rax=0x00000000000000bd rbx=0x0000000000000040 rcx=0x000000000000000f rdx=0x0000000000000000
  rsi=0x000000000000000f rdi=0x0000000000000000 flags=0b000000000110
  xmm0=0x000004de000004de000085b6000085b6 xmm1=0x0000b48a0000b48a0000e23b0000e23b 
  xmm2=0x00000f9f00000f9f000037fd000037fd xmm3=0x0000cce60000cce60000b0590000b059 
  xmm4=0x00001758000017580000ce3b0000ce3b xmm5=0x0000826f0000826f0000ba750000ba75 
  xmm6=0x0000ae1b0000ae1b0000f72d0000f72d xmm7=0x0000241100002411000070b7000070b7 

0x3163: and rdi, 0b1111111111111
  rax=0x0000000010043711 rbx=0x0000000000000040 rcx=0x000000000000000f rdx=0x0000000000000000
  rsi=0x000000000000000f rdi=0x0000000000000000 flags=0b000000000110
  xmm0=0x000004de000004de000085b6000085b6 xmm1=0x0000b48a0000b48a0000e23b0000e23b 
  xmm2=0x00000f9f00000f9f000037fd000037fd xmm3=0x0000cce60000cce60000b0590000b059 
  xmm4=0x00001758000017580000ce3b0000ce3b xmm5=0x0000826f0000826f0000ba750000ba75 
  xmm6=0x0000ae1b0000ae1b0000f72d0000f72d xmm7=0x0000241100002411000070b7000070b7 

0x316a: cmp di, [r14 +rdi]
  rax=0x0000000010043711 rbx=0x0000000000000040 rcx=0x000000000000000f rdx=0x0000000000000000
  rsi=0x000000000000000f rdi=0x0000000000000000 flags=0b000001000110
  xmm0=0x000004de000004de000085b6000085b6 xmm1=0x0000b48a0000b48a0000e23b0000e23b 
  xmm2=0x00000f9f00000f9f000037fd000037fd xmm3=0x0000cce60000cce60000b0590000b059 
  xmm4=0x00001758000017580000ce3b0000ce3b xmm5=0x0000826f0000826f0000ba750000ba75 
  xmm6=0x0000ae1b0000ae1b0000f72d0000f72d xmm7=0x0000241100002411000070b7000070b7 

    > load from +0x4000 value 0x9243
0x316f: sub dil, -112
  rax=0x0000000010043711 rbx=0x0000000000000040 rcx=0x000000000000000f rdx=0x0000000000000000
  rsi=0x000000000000000f rdi=0x0000000000000000 flags=0b000000010111
  xmm0=0x000004de000004de000085b6000085b6 xmm1=0x0000b48a0000b48a0000e23b0000e23b 
  xmm2=0x00000f9f00000f9f000037fd000037fd xmm3=0x0000cce60000cce60000b0590000b059 
  xmm4=0x00001758000017580000ce3b0000ce3b xmm5=0x0000826f0000826f0000ba750000ba75 
  xmm6=0x0000ae1b0000ae1b0000f72d0000f72d xmm7=0x0000241100002411000070b7000070b7 

0x3173: and rsi, 0b1111111111111
  rax=0x0000000010043711 rbx=0x0000000000000040 rcx=0x000000000000000f rdx=0x0000000000000000
  rsi=0x000000000000000f rdi=0x0000000000000070 flags=0b000000000011
  xmm0=0x000004de000004de000085b6000085b6 xmm1=0x0000b48a0000b48a0000e23b0000e23b 
  xmm2=0x00000f9f00000f9f000037fd000037fd xmm3=0x0000cce60000cce60000b0590000b059 
  xmm4=0x00001758000017580000ce3b0000ce3b xmm5=0x0000826f0000826f0000ba750000ba75 
  xmm6=0x0000ae1b0000ae1b0000f72d0000f72d xmm7=0x0000241100002411000070b7000070b7 

0x317a: cmovle dx, [r14 +rsi]
  rax=0x0000000010043711 rbx=0x0000000000000040 rcx=0x000000000000000f rdx=0x0000000000000000
  rsi=0x000000000000000f rdi=0x0000000000000070 flags=0b000000000110
  xmm0=0x000004de000004de000085b6000085b6 xmm1=0x0000b48a0000b48a0000e23b0000e23b 
  xmm2=0x00000f9f00000f9f000037fd000037fd xmm3=0x0000cce60000cce60000b0590000b059 
  xmm4=0x00001758000017580000ce3b0000ce3b xmm5=0x0000826f0000826f0000ba750000ba75 
  xmm6=0x0000ae1b0000ae1b0000f72d0000f72d xmm7=0x0000241100002411000070b7000070b7 

    > load from +0x400f value 0x5400
0x3180: and rdi, 0b1111111111111
  rax=0x0000000010043711 rbx=0x0000000000000040 rcx=0x000000000000000f rdx=0x0000000000000000
  rsi=0x000000000000000f rdi=0x0000000000000070 flags=0b000000000110
  xmm0=0x000004de000004de000085b6000085b6 xmm1=0x0000b48a0000b48a0000e23b0000e23b 
  xmm2=0x00000f9f00000f9f000037fd000037fd xmm3=0x0000cce60000cce60000b0590000b059 
  xmm4=0x00001758000017580000ce3b0000ce3b xmm5=0x0000826f0000826f0000ba750000ba75 
  xmm6=0x0000ae1b0000ae1b0000f72d0000f72d xmm7=0x0000241100002411000070b7000070b7 

0x3187: cmovb esi, [r14 +rdi]
  rax=0x0000000010043711 rbx=0x0000000000000040 rcx=0x000000000000000f rdx=0x0000000000000000
  rsi=0x000000000000000f rdi=0x0000000000000070 flags=0b000000000010
  xmm0=0x000004de000004de000085b6000085b6 xmm1=0x0000b48a0000b48a0000e23b0000e23b 
  xmm2=0x00000f9f00000f9f000037fd000037fd xmm3=0x0000cce60000cce60000b0590000b059 
  xmm4=0x00001758000017580000ce3b0000ce3b xmm5=0x0000826f0000826f0000ba750000ba75 
  xmm6=0x0000ae1b0000ae1b0000f72d0000f72d xmm7=0x0000241100002411000070b7000070b7 

    > load from +0x4070 value 0x4ddd
0x318c: macro .switch, .main.function_main_1
  rax=0x0000000010043711 rbx=0x0000000000000040 rcx=0x000000000000000f rdx=0x0000000000000000
  rsi=0x000000000000000f rdi=0x0000000000000070 flags=0b000000000010
  xmm0=0x000004de000004de000085b6000085b6 xmm1=0x0000b48a0000b48a0000e23b0000e23b 
  xmm2=0x00000f9f00000f9f000037fd000037fd xmm3=0x0000cce60000cce60000b0590000b059 
  xmm4=0x00001758000017580000ce3b0000ce3b xmm5=0x0000826f0000826f0000ba750000ba75 
  xmm6=0x0000ae1b0000ae1b0000f72d0000f72d xmm7=0x0000241100002411000070b7000070b7 

0x8 : and rsi, 0b1111111111111
  rax=0x0000000010043711 rbx=0x0000000000000040 rcx=0x000000000000000f rdx=0x0000000000000000
  rsi=0x000000000000000f rdi=0x0000000000000070 flags=0b000000000010
  xmm0=0x000004de000004de000085b6000085b6 xmm1=0x0000b48a0000b48a0000e23b0000e23b 
  xmm2=0x00000f9f00000f9f000037fd000037fd xmm3=0x0000cce60000cce60000b0590000b059 
  xmm4=0x00001758000017580000ce3b0000ce3b xmm5=0x0000826f0000826f0000ba750000ba75 
  xmm6=0x0000ae1b0000ae1b0000f72d0000f72d xmm7=0x0000241100002411000070b7000070b7 

0xf : or esi, [r14 +rsi]
  rax=0x0000000010043711 rbx=0x0000000000000040 rcx=0x000000000000000f rdx=0x0000000000000000
  rsi=0x000000000000000f rdi=0x0000000000000070 flags=0b000000000110
  xmm0=0x000004de000004de000085b6000085b6 xmm1=0x0000b48a0000b48a0000e23b0000e23b 
  xmm2=0x00000f9f00000f9f000037fd000037fd xmm3=0x0000cce60000cce60000b0590000b059 
  xmm4=0x00001758000017580000ce3b0000ce3b xmm5=0x0000826f0000826f0000ba750000ba75 
  xmm6=0x0000ae1b0000ae1b0000f72d0000f72d xmm7=0x0000241100002411000070b7000070b7 

    > load from +0xf value 0x6bb600
0x13: sub ax, 4129
  rax=0x0000000010043711 rbx=0x0000000000000040 rcx=0x000000000000000f rdx=0x0000000000000000
  rsi=0x00000000006bb60f rdi=0x0000000000000070 flags=0b000000000110
  xmm0=0x000004de000004de000085b6000085b6 xmm1=0x0000b48a0000b48a0000e23b0000e23b 
  xmm2=0x00000f9f00000f9f000037fd000037fd xmm3=0x0000cce60000cce60000b0590000b059 
  xmm4=0x00001758000017580000ce3b0000ce3b xmm5=0x0000826f0000826f0000ba750000ba75 
  xmm6=0x0000ae1b0000ae1b0000f72d0000f72d xmm7=0x0000241100002411000070b7000070b7 

0x17: sub dil, 56
  rax=0x00000000100426f0 rbx=0x0000000000000040 rcx=0x000000000000000f rdx=0x0000000000000000
  rsi=0x00000000006bb60f rdi=0x0000000000000070 flags=0b000000000110
  xmm0=0x000004de000004de000085b6000085b6 xmm1=0x0000b48a0000b48a0000e23b0000e23b 
  xmm2=0x00000f9f00000f9f000037fd000037fd xmm3=0x0000cce60000cce60000b0590000b059 
  xmm4=0x00001758000017580000ce3b0000ce3b xmm5=0x0000826f0000826f0000ba750000ba75 
  xmm6=0x0000ae1b0000ae1b0000f72d0000f72d xmm7=0x0000241100002411000070b7000070b7 

0x1b: and rsi, 0b1111111111111
  rax=0x00000000100426f0 rbx=0x0000000000000040 rcx=0x000000000000000f rdx=0x0000000000000000
  rsi=0x00000000006bb60f rdi=0x0000000000000038 flags=0b000000010010
  xmm0=0x000004de000004de000085b6000085b6 xmm1=0x0000b48a0000b48a0000e23b0000e23b 
  xmm2=0x00000f9f00000f9f000037fd000037fd xmm3=0x0000cce60000cce60000b0590000b059 
  xmm4=0x00001758000017580000ce3b0000ce3b xmm5=0x0000826f0000826f0000ba750000ba75 
  xmm6=0x0000ae1b0000ae1b0000f72d0000f72d xmm7=0x0000241100002411000070b7000070b7 

0x22: or [r14 +rsi], 0b1000
  rax=0x00000000100426f0 rbx=0x0000000000000040 rcx=0x000000000000000f rdx=0x0000000000000000
  rsi=0x000000000000160f rdi=0x0000000000000038 flags=0b000000000110
  xmm0=0x000004de000004de000085b6000085b6 xmm1=0x0000b48a0000b48a0000e23b0000e23b 
  xmm2=0x00000f9f00000f9f000037fd000037fd xmm3=0x0000cce60000cce60000b0590000b059 
  xmm4=0x00001758000017580000ce3b0000ce3b xmm5=0x0000826f0000826f0000ba750000ba75 
  xmm6=0x0000ae1b0000ae1b0000f72d0000f72d xmm7=0x0000241100002411000070b7000070b7 

    > load from +0x160f value 0x9700
    > store to +0x160f value 0x9708
0x28: and [r14 +rsi], 0b11111000
  rax=0x00000000100426f0 rbx=0x0000000000000040 rcx=0x000000000000000f rdx=0x0000000000000000
  rsi=0x000000000000160f rdi=0x0000000000000038 flags=0b000010000010
  xmm0=0x000004de000004de000085b6000085b6 xmm1=0x0000b48a0000b48a0000e23b0000e23b 
  xmm2=0x00000f9f00000f9f000037fd000037fd xmm3=0x0000cce60000cce60000b0590000b059 
  xmm4=0x00001758000017580000ce3b0000ce3b xmm5=0x0000826f0000826f0000ba750000ba75 
  xmm6=0x0000ae1b0000ae1b0000f72d0000f72d xmm7=0x0000241100002411000070b7000070b7 

    > load from +0x160f value 0x8
    > store to +0x160f value 0x8
0x2d: and dx, 0b11
  rax=0x00000000100426f0 rbx=0x0000000000000040 rcx=0x000000000000000f rdx=0x0000000000000000
  rsi=0x000000000000160f rdi=0x0000000000000038 flags=0b000000000010
  xmm0=0x000004de000004de000085b6000085b6 xmm1=0x0000b48a0000b48a0000e23b0000e23b 
  xmm2=0x00000f9f00000f9f000037fd000037fd xmm3=0x0000cce60000cce60000b0590000b059 
  xmm4=0x00001758000017580000ce3b0000ce3b xmm5=0x0000826f0000826f0000ba750000ba75 
  xmm6=0x0000ae1b0000ae1b0000f72d0000f72d xmm7=0x0000241100002411000070b7000070b7 

0x31: idiv [r14 +rsi]
  rax=0x00000000100426f0 rbx=0x0000000000000040 rcx=0x000000000000000f rdx=0x0000000000000000
  rsi=0x000000000000160f rdi=0x0000000000000038 flags=0b000001000110
  xmm0=0x000004de000004de000085b6000085b6 xmm1=0x0000b48a0000b48a0000e23b0000e23b 
  xmm2=0x00000f9f00000f9f000037fd000037fd xmm3=0x0000cce60000cce60000b0590000b059 
  xmm4=0x00001758000017580000ce3b0000ce3b xmm5=0x0000826f0000826f0000ba750000ba75 
  xmm6=0x0000ae1b0000ae1b0000f72d0000f72d xmm7=0x0000241100002411000070b7000070b7 

    > load from +0x160f value 0x9708
0x36: and rdi, 0b1111111111111
  rax=0x0000000010040000 rbx=0x0000000000000040 rcx=0x000000000000000f rdx=0x00000000000026f0
  rsi=0x000000000000160f rdi=0x0000000000000038 flags=0b000001000110
  xmm0=0x000004de000004de000085b6000085b6 xmm1=0x0000b48a0000b48a0000e23b0000e23b 
  xmm2=0x00000f9f00000f9f000037fd000037fd xmm3=0x0000cce60000cce60000b0590000b059 
  xmm4=0x00001758000017580000ce3b0000ce3b xmm5=0x0000826f0000826f0000ba750000ba75 
  xmm6=0x0000ae1b0000ae1b0000f72d0000f72d xmm7=0x0000241100002411000070b7000070b7 

0x3d: or [r14 +rdi], 1
  rax=0x0000000010040000 rbx=0x0000000000000040 rcx=0x000000000000000f rdx=0x00000000000026f0
  rsi=0x000000000000160f rdi=0x0000000000000038 flags=0b000000000010
  xmm0=0x000004de000004de000085b6000085b6 xmm1=0x0000b48a0000b48a0000e23b0000e23b 
  xmm2=0x00000f9f00000f9f000037fd000037fd xmm3=0x0000cce60000cce60000b0590000b059 
  xmm4=0x00001758000017580000ce3b0000ce3b xmm5=0x0000826f0000826f0000ba750000ba75 
  xmm6=0x0000ae1b0000ae1b0000f72d0000f72d xmm7=0x0000241100002411000070b7000070b7 

    > load from +0x38 value 0x62da
    > store to +0x38 value 0x62db
0x43: and dx, [r14 +rdi]
  rax=0x0000000010040000 rbx=0x0000000000000040 rcx=0x000000000000000f rdx=0x00000000000026f0
  rsi=0x000000000000160f rdi=0x0000000000000038 flags=0b000000000110
  xmm0=0x000004de000004de000085b6000085b6 xmm1=0x0000b48a0000b48a0000e23b0000e23b 
  xmm2=0x00000f9f00000f9f000037fd000037fd xmm3=0x0000cce60000cce60000b0590000b059 
  xmm4=0x00001758000017580000ce3b0000ce3b xmm5=0x0000826f0000826f0000ba750000ba75 
  xmm6=0x0000ae1b0000ae1b0000f72d0000f72d xmm7=0x0000241100002411000070b7000070b7 

    > load from +0x38 value 0x62db
0x48: shr dx, 1
  rax=0x0000000010040000 rbx=0x0000000000000040 rcx=0x000000000000000f rdx=0x00000000000022d0
  rsi=0x000000000000160f rdi=0x0000000000000038 flags=0b000000000010
  xmm0=0x000004de000004de000085b6000085b6 xmm1=0x0000b48a0000b48a0000e23b0000e23b 
  xmm2=0x00000f9f00000f9f000037fd000037fd xmm3=0x0000cce60000cce60000b0590000b059 
  xmm4=0x00001758000017580000ce3b0000ce3b xmm5=0x0000826f0000826f0000ba750000ba75 
  xmm6=0x0000ae1b0000ae1b0000f72d0000f72d xmm7=0x0000241100002411000070b7000070b7 

0x4b: div [r14 +rdi]
  rax=0x0000000010040000 rbx=0x0000000000000040 rcx=0x000000000000000f rdx=0x0000000000001168
  rsi=0x000000000000160f rdi=0x0000000000000038 flags=0b000000000010
  xmm0=0x000004de000004de000085b6000085b6 xmm1=0x0000b48a0000b48a0000e23b0000e23b 
  xmm2=0x00000f9f00000f9f000037fd000037fd xmm3=0x0000cce60000cce60000b0590000b059 
  xmm4=0x00001758000017580000ce3b0000ce3b xmm5=0x0000826f0000826f0000ba750000ba75 
  xmm6=0x0000ae1b0000ae1b0000f72d0000f72d xmm7=0x0000241100002411000070b7000070b7 

    > load from +0x38 value 0x62db
0x50: add dil, 121
  rax=0x0000000010042d13 rbx=0x0000000000000040 rcx=0x000000000000000f rdx=0x0000000000002abf
  rsi=0x000000000000160f rdi=0x0000000000000038 flags=0b000000000010
  xmm0=0x000004de000004de000085b6000085b6 xmm1=0x0000b48a0000b48a0000e23b0000e23b 
  xmm2=0x00000f9f00000f9f000037fd000037fd xmm3=0x0000cce60000cce60000b0590000b059 
  xmm4=0x00001758000017580000ce3b0000ce3b xmm5=0x0000826f0000826f0000ba750000ba75 
  xmm6=0x0000ae1b0000ae1b0000f72d0000f72d xmm7=0x0000241100002411000070b7000070b7 

0x54: and rax, 0b1111111111111
  rax=0x0000000010042d13 rbx=0x0000000000000040 rcx=0x000000000000000f rdx=0x0000000000002abf
  rsi=0x000000000000160f rdi=0x00000000000000b1 flags=0b100010010110
  xmm0=0x000004de000004de000085b6000085b6 xmm1=0x0000b48a0000b48a0000e23b0000e23b 
  xmm2=0x00000f9f00000f9f000037fd000037fd xmm3=0x0000cce60000cce60000b0590000b059 
  xmm4=0x00001758000017580000ce3b0000ce3b xmm5=0x0000826f0000826f0000ba750000ba75 
  xmm6=0x0000ae1b0000ae1b0000f72d0000f72d xmm7=0x0000241100002411000070b7000070b7 

0x5a: cmovl rax, [r14 +rax]
  rax=0x0000000000000d13 rbx=0x0000000000000040 rcx=0x000000000000000f rdx=0x0000000000002abf
  rsi=0x000000000000160f rdi=0x00000000000000b1 flags=0b000000000010
  xmm0=0x000004de000004de000085b6000085b6 xmm1=0x0000b48a0000b48a0000e23b0000e23b 
  xmm2=0x00000f9f00000f9f000037fd000037fd xmm3=0x0000cce60000cce60000b0590000b059 
  xmm4=0x00001758000017580000ce3b0000ce3b xmm5=0x0000826f0000826f0000ba750000ba75 
  xmm6=0x0000ae1b0000ae1b0000f72d0000f72d xmm7=0x0000241100002411000070b7000070b7 

    > load from +0xd13 value 0xdb7a000041a000
0x5f: and rbx, 0b1111111111111
  rax=0x0000000000000d13 rbx=0x0000000000000040 rcx=0x000000000000000f rdx=0x0000000000002abf
  rsi=0x000000000000160f rdi=0x00000000000000b1 flags=0b000000000010
  xmm0=0x000004de000004de000085b6000085b6 xmm1=0x0000b48a0000b48a0000e23b0000e23b 
  xmm2=0x00000f9f00000f9f000037fd000037fd xmm3=0x0000cce60000cce60000b0590000b059 
  xmm4=0x00001758000017580000ce3b0000ce3b xmm5=0x0000826f0000826f0000ba750000ba75 
  xmm6=0x0000ae1b0000ae1b0000f72d0000f72d xmm7=0x0000241100002411000070b7000070b7 

0x66: movsxd rbx, [r14 +rbx]
  rax=0x0000000000000d13 rbx=0x0000000000000040 rcx=0x000000000000000f rdx=0x0000000000002abf
  rsi=0x000000000000160f rdi=0x00000000000000b1 flags=0b000000000010
  xmm0=0x000004de000004de000085b6000085b6 xmm1=0x0000b48a0000b48a0000e23b0000e23b 
  xmm2=0x00000f9f00000f9f000037fd000037fd xmm3=0x0000cce60000cce60000b0590000b059 
  xmm4=0x00001758000017580000ce3b0000ce3b xmm5=0x0000826f0000826f0000ba750000ba75 
  xmm6=0x0000ae1b0000ae1b0000f72d0000f72d xmm7=0x0000241100002411000070b7000070b7 

    > load from +0x40 value 0xe933
0x6a: and rdi, 0b1111111111111
  rax=0x0000000000000d13 rbx=0x000000000000e933 rcx=0x000000000000000f rdx=0x0000000000002abf
  rsi=0x000000000000160f rdi=0x00000000000000b1 flags=0b000000000010
  xmm0=0x000004de000004de000085b6000085b6 xmm1=0x0000b48a0000b48a0000e23b0000e23b 
  xmm2=0x00000f9f00000f9f000037fd000037fd xmm3=0x0000cce60000cce60000b0590000b059 
  xmm4=0x00001758000017580000ce3b0000ce3b xmm5=0x0000826f0000826f0000ba750000ba75 
  xmm6=0x0000ae1b0000ae1b0000f72d0000f72d xmm7=0x0000241100002411000070b7000070b7 

0x71: sub rdx, [r14 +rdi]
  rax=0x0000000000000d13 rbx=0x000000000000e933 rcx=0x000000000000000f rdx=0x0000000000002abf
  rsi=0x000000000000160f rdi=0x00000000000000b1 flags=0b000000000110
  xmm0=0x000004de000004de000085b6000085b6 xmm1=0x0000b48a0000b48a0000e23b0000e23b 
  xmm2=0x00000f9f00000f9f000037fd000037fd xmm3=0x0000cce60000cce60000b0590000b059 
  xmm4=0x00001758000017580000ce3b0000ce3b xmm5=0x0000826f0000826f0000ba750000ba75 
  xmm6=0x0000ae1b0000ae1b0000f72d0000f72d xmm7=0x0000241100002411000070b7000070b7 

    > load from +0xb1 value 0x8900002efc00002e
0x75: and rbx, 0b1111111111111
  rax=0x0000000000000d13 rbx=0x000000000000e933 rcx=0x000000000000000f rdx=0x76ffffd104002a91
  rsi=0x000000000000160f rdi=0x00000000000000b1 flags=0b000000000011
  xmm0=0x000004de000004de000085b6000085b6 xmm1=0x0000b48a0000b48a0000e23b0000e23b 
  xmm2=0x00000f9f00000f9f000037fd000037fd xmm3=0x0000cce60000cce60000b0590000b059 
  xmm4=0x00001758000017580000ce3b0000ce3b xmm5=0x0000826f0000826f0000ba750000ba75 
  xmm6=0x0000ae1b0000ae1b0000f72d0000f72d xmm7=0x0000241100002411000070b7000070b7 

0x7c: imul edi, [r14 +rbx], -14
  rax=0x0000000000000d13 rbx=0x0000000000000933 rcx=0x000000000000000f rdx=0x76ffffd104002a91
  rsi=0x000000000000160f rdi=0x00000000000000b1 flags=0b000000000110
  xmm0=0x000004de000004de000085b6000085b6 xmm1=0x0000b48a0000b48a0000e23b0000e23b 
  xmm2=0x00000f9f00000f9f000037fd000037fd xmm3=0x0000cce60000cce60000b0590000b059 
  xmm4=0x00001758000017580000ce3b0000ce3b xmm5=0x0000826f0000826f0000ba750000ba75 
  xmm6=0x0000ae1b0000ae1b0000f72d0000f72d xmm7=0x0000241100002411000070b7000070b7 

    > load from +0x933 value 0xf75c00
0x81: add dl, sil
  rax=0x0000000000000d13 rbx=0x0000000000000933 rcx=0x000000000000000f rdx=0x76ffffd104002a91
  rsi=0x000000000000160f rdi=0x00000000f278f800 flags=0b000010000110
  xmm0=0x000004de000004de000085b6000085b6 xmm1=0x0000b48a0000b48a0000e23b0000e23b 
  xmm2=0x00000f9f00000f9f000037fd000037fd xmm3=0x0000cce60000cce60000b0590000b059 
  xmm4=0x00001758000017580000ce3b0000ce3b xmm5=0x0000826f0000826f0000ba750000ba75 
  xmm6=0x0000ae1b0000ae1b0000f72d0000f72d xmm7=0x0000241100002411000070b7000070b7 

0x84: and rdx, 0b1111111111111
  rax=0x0000000000000d13 rbx=0x0000000000000933 rcx=0x000000000000000f rdx=0x76ffffd104002aa0
  rsi=0x000000000000160f rdi=0x00000000f278f800 flags=0b000010010110
  xmm0=0x000004de000004de000085b6000085b6 xmm1=0x0000b48a0000b48a0000e23b0000e23b 
  xmm2=0x00000f9f00000f9f000037fd000037fd xmm3=0x0000cce60000cce60000b0590000b059 
  xmm4=0x00001758000017580000ce3b0000ce3b xmm5=0x0000826f0000826f0000ba750000ba75 
  xmm6=0x0000ae1b0000ae1b0000f72d0000f72d xmm7=0x0000241100002411000070b7000070b7 

0x8b: adc bl, [r14 +rdx]
  rax=0x0000000000000d13 rbx=0x0000000000000933 rcx=0x000000000000000f rdx=0x0000000000000aa0
  rsi=0x000000000000160f rdi=0x00000000f278f800 flags=0b000000000110
  xmm0=0x000004de000004de000085b6000085b6 xmm1=0x0000b48a0000b48a0000e23b0000e23b 
  xmm2=0x00000f9f00000f9f000037fd000037fd xmm3=0x0000cce60000cce60000b0590000b059 
  xmm4=0x00001758000017580000ce3b0000ce3b xmm5=0x0000826f0000826f0000ba750000ba75 
  xmm6=0x0000ae1b0000ae1b0000f72d0000f72d xmm7=0x0000241100002411000070b7000070b7 

    > load from +0xaa0 value 0xd8
0x8f: and rsi, 0b1111111111111
  rax=0x0000000000000d13 rbx=0x000000000000090b rcx=0x000000000000000f rdx=0x0000000000000aa0
  rsi=0x000000000000160f rdi=0x00000000f278f800 flags=0b000000000011
  xmm0=0x000004de000004de000085b6000085b6 xmm1=0x0000b48a0000b48a0000e23b0000e23b 
  xmm2=0x00000f9f00000f9f000037fd000037fd xmm3=0x0000cce60000cce60000b0590000b059 
  xmm4=0x00001758000017580000ce3b0000ce3b xmm5=0x0000826f0000826f0000ba750000ba75 
  xmm6=0x0000ae1b0000ae1b0000f72d0000f72d xmm7=0x0000241100002411000070b7000070b7 

0x96: cmovl ax, [r14 +rsi]
  rax=0x0000000000000d13 rbx=0x000000000000090b rcx=0x000000000000000f rdx=0x0000000000000aa0
  rsi=0x000000000000160f rdi=0x00000000f278f800 flags=0b000000000110
  xmm0=0x000004de000004de000085b6000085b6 xmm1=0x0000b48a0000b48a0000e23b0000e23b 
  xmm2=0x00000f9f00000f9f000037fd000037fd xmm3=0x0000cce60000cce60000b0590000b059 
  xmm4=0x00001758000017580000ce3b0000ce3b xmm5=0x0000826f0000826f0000ba750000ba75 
  xmm6=0x0000ae1b0000ae1b0000f72d0000f72d xmm7=0x0000241100002411000070b7000070b7 

    > load from +0x160f value 0x9708
0x9c: and rdi, 0b1111111111111
  rax=0x0000000000000d13 rbx=0x000000000000090b rcx=0x000000000000000f rdx=0x0000000000000aa0
  rsi=0x000000000000160f rdi=0x00000000f278f800 flags=0b000000000110
  xmm0=0x000004de000004de000085b6000085b6 xmm1=0x0000b48a0000b48a0000e23b0000e23b 
  xmm2=0x00000f9f00000f9f000037fd000037fd xmm3=0x0000cce60000cce60000b0590000b059 
  xmm4=0x00001758000017580000ce3b0000ce3b xmm5=0x0000826f0000826f0000ba750000ba75 
  xmm6=0x0000ae1b0000ae1b0000f72d0000f72d xmm7=0x0000241100002411000070b7000070b7 

0xa3: movzx rcx, [r14 +rdi]
  rax=0x0000000000000d13 rbx=0x000000000000090b rcx=0x000000000000000f rdx=0x0000000000000aa0
  rsi=0x000000000000160f rdi=0x0000000000001800 flags=0b000000000110
  xmm0=0x000004de000004de000085b6000085b6 xmm1=0x0000b48a0000b48a0000e23b0000e23b 
  xmm2=0x00000f9f00000f9f000037fd000037fd xmm3=0x0000cce60000cce60000b0590000b059 
  xmm4=0x00001758000017580000ce3b0000ce3b xmm5=0x0000826f0000826f0000ba750000ba75 
  xmm6=0x0000ae1b0000ae1b0000f72d0000f72d xmm7=0x0000241100002411000070b7000070b7 

    > load from +0x1800 value 0x15
0xa8: cmovb ecx, ecx
  rax=0x0000000000000d13 rbx=0x000000000000090b rcx=0x0000000000000015 rdx=0x0000000000000aa0
  rsi=0x000000000000160f rdi=0x0000000000001800 flags=0b000000000110
  xmm0=0x000004de000004de000085b6000085b6 xmm1=0x0000b48a0000b48a0000e23b0000e23b 
  xmm2=0x00000f9f00000f9f000037fd000037fd xmm3=0x0000cce60000cce60000b0590000b059 
  xmm4=0x00001758000017580000ce3b0000ce3b xmm5=0x0000826f0000826f0000ba750000ba75 
  xmm6=0x0000ae1b0000ae1b0000f72d0000f72d xmm7=0x0000241100002411000070b7000070b7 

0xab: cbw 
  rax=0x0000000000000d13 rbx=0x000000000000090b rcx=0x0000000000000015 rdx=0x0000000000000aa0
  rsi=0x000000000000160f rdi=0x0000000000001800 flags=0b000000000110
  xmm0=0x000004de000004de000085b6000085b6 xmm1=0x0000b48a0000b48a0000e23b0000e23b 
  xmm2=0x00000f9f00000f9f000037fd000037fd xmm3=0x0000cce60000cce60000b0590000b059 
  xmm4=0x00001758000017580000ce3b0000ce3b xmm5=0x0000826f0000826f0000ba750000ba75 
  xmm6=0x0000ae1b0000ae1b0000f72d0000f72d xmm7=0x0000241100002411000070b7000070b7 

0xad: cmovnl rdx, rcx
  rax=0x0000000000000013 rbx=0x000000000000090b rcx=0x0000000000000015 rdx=0x0000000000000aa0
  rsi=0x000000000000160f rdi=0x0000000000001800 flags=0b000000000110
  xmm0=0x000004de000004de000085b6000085b6 xmm1=0x0000b48a0000b48a0000e23b0000e23b 
  xmm2=0x00000f9f00000f9f000037fd000037fd xmm3=0x0000cce60000cce60000b0590000b059 
  xmm4=0x00001758000017580000ce3b0000ce3b xmm5=0x0000826f0000826f0000ba750000ba75 
  xmm6=0x0000ae1b0000ae1b0000f72d0000f72d xmm7=0x0000241100002411000070b7000070b7 

0xb1: and rdx, 0b1111111111111
  rax=0x0000000000000013 rbx=0x000000000000090b rcx=0x0000000000000015 rdx=0x0000000000000015
  rsi=0x000000000000160f rdi=0x0000000000001800 flags=0b000000000110
  xmm0=0x000004de000004de000085b6000085b6 xmm1=0x0000b48a0000b48a0000e23b0000e23b 
  xmm2=0x00000f9f00000f9f000037fd000037fd xmm3=0x0000cce60000cce60000b0590000b059 
  xmm4=0x00001758000017580000ce3b0000ce3b xmm5=0x0000826f0000826f0000ba750000ba75 
  xmm6=0x0000ae1b0000ae1b0000f72d0000f72d xmm7=0x0000241100002411000070b7000070b7 

0xb8: mov edi, [r14 +rdx]
  rax=0x0000000000000013 rbx=0x000000000000090b rcx=0x0000000000000015 rdx=0x0000000000000015
  rsi=0x000000000000160f rdi=0x0000000000001800 flags=0b000000000010
  xmm0=0x000004de000004de000085b6000085b6 xmm1=0x0000b48a0000b48a0000e23b0000e23b 
  xmm2=0x00000f9f00000f9f000037fd000037fd xmm3=0x0000cce60000cce60000b0590000b059 
  xmm4=0x00001758000017580000ce3b0000ce3b xmm5=0x0000826f0000826f0000ba750000ba75 
  xmm6=0x0000ae1b0000ae1b0000f72d0000f72d xmm7=0x0000241100002411000070b7000070b7 

    > load from +0x15 value 0x8200006b
0xbc: and rdi, 0b1111111111111
  rax=0x0000000000000013 rbx=0x000000000000090b rcx=0x0000000000000015 rdx=0x0000000000000015
  rsi=0x000000000000160f rdi=0x000000008200006b flags=0b000000000010
  xmm0=0x000004de000004de000085b6000085b6 xmm1=0x0000b48a0000b48a0000e23b0000e23b 
  xmm2=0x00000f9f00000f9f000037fd000037fd xmm3=0x0000cce60000cce60000b0590000b059 
  xmm4=0x00001758000017580000ce3b0000ce3b xmm5=0x0000826f0000826f0000ba750000ba75 
  xmm6=0x0000ae1b0000ae1b0000f72d0000f72d xmm7=0x0000241100002411000070b7000070b7 

0xc3: cmovnp eax, [r14 +rdi]
  rax=0x0000000000000013 rbx=0x000000000000090b rcx=0x0000000000000015 rdx=0x0000000000000015
  rsi=0x000000000000160f rdi=0x000000000000006b flags=0b000000000010
  xmm0=0x000004de000004de000085b6000085b6 xmm1=0x0000b48a0000b48a0000e23b0000e23b 
  xmm2=0x00000f9f00000f9f000037fd000037fd xmm3=0x0000cce60000cce60000b0590000b059 
  xmm4=0x00001758000017580000ce3b0000ce3b xmm5=0x0000826f0000826f0000ba750000ba75 
  xmm6=0x0000ae1b0000ae1b0000f72d0000f72d xmm7=0x0000241100002411000070b7000070b7 

    > load from +0x6b value 0x45f900
0xc8: cmp rax, -795033843
  rax=0x000000000045f900 rbx=0x000000000000090b rcx=0x0000000000000015 rdx=0x0000000000000015
  rsi=0x000000000000160f rdi=0x000000000000006b flags=0b000000000010
  xmm0=0x000004de000004de000085b6000085b6 xmm1=0x0000b48a0000b48a0000e23b0000e23b 
  xmm2=0x00000f9f00000f9f000037fd000037fd xmm3=0x0000cce60000cce60000b0590000b059 
  xmm4=0x00001758000017580000ce3b0000ce3b xmm5=0x0000826f0000826f0000ba750000ba75 
  xmm6=0x0000ae1b0000ae1b0000f72d0000f72d xmm7=0x0000241100002411000070b7000070b7 

0xce: sub cl, dil
  rax=0x000000000045f900 rbx=0x000000000000090b rcx=0x0000000000000015 rdx=0x0000000000000015
  rsi=0x000000000000160f rdi=0x000000000000006b flags=0b000000010111
  xmm0=0x000004de000004de000085b6000085b6 xmm1=0x0000b48a0000b48a0000e23b0000e23b 
  xmm2=0x00000f9f00000f9f000037fd000037fd xmm3=0x0000cce60000cce60000b0590000b059 
  xmm4=0x00001758000017580000ce3b0000ce3b xmm5=0x0000826f0000826f0000ba750000ba75 
  xmm6=0x0000ae1b0000ae1b0000f72d0000f72d xmm7=0x0000241100002411000070b7000070b7 

0xd1: or cl, 0b1000
  rax=0x000000000045f900 rbx=0x000000000000090b rcx=0x00000000000000aa rdx=0x0000000000000015
  rsi=0x000000000000160f rdi=0x000000000000006b flags=0b000010010111
  xmm0=0x000004de000004de000085b6000085b6 xmm1=0x0000b48a0000b48a0000e23b0000e23b 
  xmm2=0x00000f9f00000f9f000037fd000037fd xmm3=0x0000cce60000cce60000b0590000b059 
  xmm4=0x00001758000017580000ce3b0000ce3b xmm5=0x0000826f0000826f0000ba750000ba75 
  xmm6=0x0000ae1b0000ae1b0000f72d0000f72d xmm7=0x0000241100002411000070b7000070b7 

0xd4: and cl, 0b11111000
  rax=0x000000000045f900 rbx=0x000000000000090b rcx=0x00000000000000aa rdx=0x0000000000000015
  rsi=0x000000000000160f rdi=0x000000000000006b flags=0b000010000110
  xmm0=0x000004de000004de000085b6000085b6 xmm1=0x0000b48a0000b48a0000e23b0000e23b 
  xmm2=0x00000f9f00000f9f000037fd000037fd xmm3=0x0000cce60000cce60000b0590000b059 
  xmm4=0x00001758000017580000ce3b0000ce3b xmm5=0x0000826f0000826f0000ba750000ba75 
  xmm6=0x0000ae1b0000ae1b0000f72d0000f72d xmm7=0x0000241100002411000070b7000070b7 

0xd7: mov ax, 1
  rax=0x000000000045f900 rbx=0x000000000000090b rcx=0x00000000000000a8 rdx=0x0000000000000015
  rsi=0x000000000000160f rdi=0x000000000000006b flags=0b000010000010
  xmm0=0x000004de000004de000085b6000085b6 xmm1=0x0000b48a0000b48a0000e23b0000e23b 
  xmm2=0x00000f9f00000f9f000037fd000037fd xmm3=0x0000cce60000cce60000b0590000b059 
  xmm4=0x00001758000017580000ce3b0000ce3b xmm5=0x0000826f0000826f0000ba750000ba75 
  xmm6=0x0000ae1b0000ae1b0000f72d0000f72d xmm7=0x0000241100002411000070b7000070b7 

0xdb: idiv cl
  rax=0x0000000000450001 rbx=0x000000000000090b rcx=0x00000000000000a8 rdx=0x0000000000000015
  rsi=0x000000000000160f rdi=0x000000000000006b flags=0b000010000010
  xmm0=0x000004de000004de000085b6000085b6 xmm1=0x0000b48a0000b48a0000e23b0000e23b 
  xmm2=0x00000f9f00000f9f000037fd000037fd xmm3=0x0000cce60000cce60000b0590000b059 
  xmm4=0x00001758000017580000ce3b0000ce3b xmm5=0x0000826f0000826f0000ba750000ba75 
  xmm6=0x0000ae1b0000ae1b0000f72d0000f72d xmm7=0x0000241100002411000070b7000070b7 

0xdd: or si, -124
  rax=0x0000000000450100 rbx=0x000000000000090b rcx=0x00000000000000a8 rdx=0x0000000000000015
  rsi=0x000000000000160f rdi=0x000000000000006b flags=0b000010000010
  xmm0=0x000004de000004de000085b6000085b6 xmm1=0x0000b48a0000b48a0000e23b0000e23b 
  xmm2=0x00000f9f00000f9f000037fd000037fd xmm3=0x0000cce60000cce60000b0590000b059 
  xmm4=0x00001758000017580000ce3b0000ce3b xmm5=0x0000826f0000826f0000ba750000ba75 
  xmm6=0x0000ae1b0000ae1b0000f72d0000f72d xmm7=0x0000241100002411000070b7000070b7 

0xe1: and rsi, 0b1111111111111
  rax=0x0000000000450100 rbx=0x000000000000090b rcx=0x00000000000000a8 rdx=0x0000000000000015
  rsi=0x000000000000ff8f rdi=0x000000000000006b flags=0b000010000010
  xmm0=0x000004de000004de000085b6000085b6 xmm1=0x0000b48a0000b48a0000e23b0000e23b 
  xmm2=0x00000f9f00000f9f000037fd000037fd xmm3=0x0000cce60000cce60000b0590000b059 
  xmm4=0x00001758000017580000ce3b0000ce3b xmm5=0x0000826f0000826f0000ba750000ba75 
  xmm6=0x0000ae1b0000ae1b0000f72d0000f72d xmm7=0x0000241100002411000070b7000070b7 

0xe8: cmovnb bx, [r14 +rsi]
  rax=0x0000000000450100 rbx=0x000000000000090b rcx=0x00000000000000a8 rdx=0x0000000000000015
  rsi=0x0000000000001f8f rdi=0x000000000000006b flags=0b000000000010
  xmm0=0x000004de000004de000085b6000085b6 xmm1=0x0000b48a0000b48a0000e23b0000e23b 
  xmm2=0x00000f9f00000f9f000037fd000037fd xmm3=0x0000cce60000cce60000b0590000b059 
  xmm4=0x00001758000017580000ce3b0000ce3b xmm5=0x0000826f0000826f0000ba750000ba75 
  xmm6=0x0000ae1b0000ae1b0000f72d0000f72d xmm7=0x0000241100002411000070b7000070b7 

    > load from +0x1f8f value 0x3800
0xee: sub rax, -161141599
  rax=0x0000000000450100 rbx=0x0000000000003800 rcx=0x00000000000000a8 rdx=0x0000000000000015
  rsi=0x0000000000001f8f rdi=0x000000000000006b flags=0b000000000010
  xmm0=0x000004de000004de000085b6000085b6 xmm1=0x0000b48a0000b48a0000e23b0000e23b 
  xmm2=0x00000f9f00000f9f000037fd000037fd xmm3=0x0000cce60000cce60000b0590000b059 
  xmm4=0x00001758000017580000ce3b0000ce3b xmm5=0x0000826f0000826f0000ba750000ba75 
  xmm6=0x0000ae1b0000ae1b0000f72d0000f72d xmm7=0x0000241100002411000070b7000070b7 

0xf4: and rax, 0b1111111111111
  rax=0x0000000009dfd45f rbx=0x0000000000003800 rcx=0x00000000000000a8 rdx=0x0000000000000015
  rsi=0x0000000000001f8f rdi=0x000000000000006b flags=0b000000010111
  xmm0=0x000004de000004de000085b6000085b6 xmm1=0x0000b48a0000b48a0000e23b0000e23b 
  xmm2=0x00000f9f00000f9f000037fd000037fd xmm3=0x0000cce60000cce60000b0590000b059 
  xmm4=0x00001758000017580000ce3b0000ce3b xmm5=0x0000826f0000826f0000ba750000ba75 
  xmm6=0x0000ae1b0000ae1b0000f72d0000f72d xmm7=0x0000241100002411000070b7000070b7 

0xfa: add eax, [r14 +rax]
  rax=0x000000000000145f rbx=0x0000000000003800 rcx=0x00000000000000a8 rdx=0x0000000000000015
  rsi=0x0000000000001f8f rdi=0x000000000000006b flags=0b000000000110
  xmm0=0x000004de000004de000085b6000085b6 xmm1=0x0000b48a0000b48a0000e23b0000e23b 
  xmm2=0x00000f9f00000f9f000037fd000037fd xmm3=0x0000cce60000cce60000b0590000b059 
  xmm4=0x00001758000017580000ce3b0000ce3b xmm5=0x0000826f0000826f0000ba750000ba75 
  xmm6=0x0000ae1b0000ae1b0000f72d0000f72d xmm7=0x0000241100002411000070b7000070b7 

    > load from +0x145f value 0x937a00
0xfe: and dx, 78
  rax=0x0000000000938e5f rbx=0x0000000000003800 rcx=0x00000000000000a8 rdx=0x0000000000000015
  rsi=0x0000000000001f8f rdi=0x000000000000006b flags=0b000000000110
  xmm0=0x000004de000004de000085b6000085b6 xmm1=0x0000b48a0000b48a0000e23b0000e23b 
  xmm2=0x00000f9f00000f9f000037fd000037fd xmm3=0x0000cce60000cce60000b0590000b059 
  xmm4=0x00001758000017580000ce3b0000ce3b xmm5=0x0000826f0000826f0000ba750000ba75 
  xmm6=0x0000ae1b0000ae1b0000f72d0000f72d xmm7=0x0000241100002411000070b7000070b7 

0x102: and rcx, 0b1111111111111
  rax=0x0000000000938e5f rbx=0x0000000000003800 rcx=0x00000000000000a8 rdx=0x0000000000000004
  rsi=0x0000000000001f8f rdi=0x000000000000006b flags=0b000000000010
  xmm0=0x000004de000004de000085b6000085b6 xmm1=0x0000b48a0000b48a0000e23b0000e23b 
  xmm2=0x00000f9f00000f9f000037fd000037fd xmm3=0x0000cce60000cce60000b0590000b059 
  xmm4=0x00001758000017580000ce3b0000ce3b xmm5=0x0000826f0000826f0000ba750000ba75 
  xmm6=0x0000ae1b0000ae1b0000f72d0000f72d xmm7=0x0000241100002411000070b7000070b7 

0x109: and rdx, [r14 +rcx]
  rax=0x0000000000938e5f rbx=0x0000000000003800 rcx=0x00000000000000a8 rdx=0x0000000000000004
  rsi=0x0000000000001f8f rdi=0x000000000000006b flags=0b000000000010
  xmm0=0x000004de000004de000085b6000085b6 xmm1=0x0000b48a0000b48a0000e23b0000e23b 
  xmm2=0x00000f9f00000f9f000037fd000037fd xmm3=0x0000cce60000cce60000b0590000b059 
  xmm4=0x00001758000017580000ce3b0000ce3b xmm5=0x0000826f0000826f0000ba750000ba75 
  xmm6=0x0000ae1b0000ae1b0000f72d0000f72d xmm7=0x0000241100002411000070b7000070b7 

    > load from +0xa8 value 0xa3b10000a3b1
0x10d: and rsi, 0b1111111111111
  rax=0x0000000000938e5f rbx=0x0000000000003800 rcx=0x00000000000000a8 rdx=0x0000000000000000
  rsi=0x0000000000001f8f rdi=0x000000000000006b flags=0b000001000110
  xmm0=0x000004de000004de000085b6000085b6 xmm1=0x0000b48a0000b48a0000e23b0000e23b 
  xmm2=0x00000f9f00000f9f000037fd000037fd xmm3=0x0000cce60000cce60000b0590000b059 
  xmm4=0x00001758000017580000ce3b0000ce3b xmm5=0x0000826f0000826f0000ba750000ba75 
  xmm6=0x0000ae1b0000ae1b0000f72d0000f72d xmm7=0x0000241100002411000070b7000070b7 

0x114: imul eax, [r14 +rsi], 123
  rax=0x0000000000938e5f rbx=0x0000000000003800 rcx=0x00000000000000a8 rdx=0x0000000000000000
  rsi=0x0000000000001f8f rdi=0x000000000000006b flags=0b000000000010
  xmm0=0x000004de000004de000085b6000085b6 xmm1=0x0000b48a0000b48a0000e23b0000e23b 
  xmm2=0x00000f9f00000f9f000037fd000037fd xmm3=0x0000cce60000cce60000b0590000b059 
  xmm4=0x00001758000017580000ce3b0000ce3b xmm5=0x0000826f0000826f0000ba750000ba75 
  xmm6=0x0000ae1b0000ae1b0000f72d0000f72d xmm7=0x0000241100002411000070b7000070b7 

    > load from +0x1f8f value 0x1a3800
0x119: neg al
  rax=0x000000000c98e800 rbx=0x0000000000003800 rcx=0x00000000000000a8 rdx=0x0000000000000000
  rsi=0x0000000000001f8f rdi=0x000000000000006b flags=0b000000000110
  xmm0=0x000004de000004de000085b6000085b6 xmm1=0x0000b48a0000b48a0000e23b0000e23b 
  xmm2=0x00000f9f00000f9f000037fd000037fd xmm3=0x0000cce60000cce60000b0590000b059 
  xmm4=0x00001758000017580000ce3b0000ce3b xmm5=0x0000826f0000826f0000ba750000ba75 
  xmm6=0x0000ae1b0000ae1b0000f72d0000f72d xmm7=0x0000241100002411000070b7000070b7 

0x11b: cmovp ax, bx
  rax=0x000000000c98e800 rbx=0x0000000000003800 rcx=0x00000000000000a8 rdx=0x0000000000000000
  rsi=0x0000000000001f8f rdi=0x000000000000006b flags=0b000001000110
  xmm0=0x000004de000004de000085b6000085b6 xmm1=0x0000b48a0000b48a0000e23b0000e23b 
  xmm2=0x00000f9f00000f9f000037fd000037fd xmm3=0x0000cce60000cce60000b0590000b059 
  xmm4=0x00001758000017580000ce3b0000ce3b xmm5=0x0000826f0000826f0000ba750000ba75 
  xmm6=0x0000ae1b0000ae1b0000f72d0000f72d xmm7=0x0000241100002411000070b7000070b7 

0x11f: and rdi, 0b1111111111111
  rax=0x000000000c983800 rbx=0x0000000000003800 rcx=0x00000000000000a8 rdx=0x0000000000000000
  rsi=0x0000000000001f8f rdi=0x000000000000006b flags=0b000001000110
  xmm0=0x000004de000004de000085b6000085b6 xmm1=0x0000b48a0000b48a0000e23b0000e23b 
  xmm2=0x00000f9f00000f9f000037fd000037fd xmm3=0x0000cce60000cce60000b0590000b059 
  xmm4=0x00001758000017580000ce3b0000ce3b xmm5=0x0000826f0000826f0000ba750000ba75 
  xmm6=0x0000ae1b0000ae1b0000f72d0000f72d xmm7=0x0000241100002411000070b7000070b7 

0x126: add ebx, [r14 +rdi]
  rax=0x000000000c983800 rbx=0x0000000000003800 rcx=0x00000000000000a8 rdx=0x0000000000000000
  rsi=0x0000000000001f8f rdi=0x000000000000006b flags=0b000000000010
  xmm0=0x000004de000004de000085b6000085b6 xmm1=0x0000b48a0000b48a0000e23b0000e23b 
  xmm2=0x00000f9f00000f9f000037fd000037fd xmm3=0x0000cce60000cce60000b0590000b059 
  xmm4=0x00001758000017580000ce3b0000ce3b xmm5=0x0000826f0000826f0000ba750000ba75 
  xmm6=0x0000ae1b0000ae1b0000f72d0000f72d xmm7=0x0000241100002411000070b7000070b7 

    > load from +0x6b value 0x45f900
0x12a: cmp rdi, 83
  rax=0x000000000c983800 rbx=0x0000000000463100 rcx=0x00000000000000a8 rdx=0x0000000000000000
  rsi=0x0000000000001f8f rdi=0x000000000000006b flags=0b000000000110
  xmm0=0x000004de000004de000085b6000085b6 xmm1=0x0000b48a0000b48a0000e23b0000e23b 
  xmm2=0x00000f9f00000f9f000037fd000037fd xmm3=0x0000cce60000cce60000b0590000b059 
  xmm4=0x00001758000017580000ce3b0000ce3b xmm5=0x0000826f0000826f0000ba750000ba75 
  xmm6=0x0000ae1b0000ae1b0000f72d0000f72d xmm7=0x0000241100002411000070b7000070b7 

0x12e: and rdi, 0b1111111111111
  rax=0x000000000c983800 rbx=0x0000000000463100 rcx=0x00000000000000a8 rdx=0x0000000000000000
  rsi=0x0000000000001f8f rdi=0x000000000000006b flags=0b000000000110
  xmm0=0x000004de000004de000085b6000085b6 xmm1=0x0000b48a0000b48a0000e23b0000e23b 
  xmm2=0x00000f9f00000f9f000037fd000037fd xmm3=0x0000cce60000cce60000b0590000b059 
  xmm4=0x00001758000017580000ce3b0000ce3b xmm5=0x0000826f0000826f0000ba750000ba75 
  xmm6=0x0000ae1b0000ae1b0000f72d0000f72d xmm7=0x0000241100002411000070b7000070b7 

0x135: mov eax, [r14 +rdi]
  rax=0x000000000c983800 rbx=0x0000000000463100 rcx=0x00000000000000a8 rdx=0x0000000000000000
  rsi=0x0000000000001f8f rdi=0x000000000000006b flags=0b000000000010
  xmm0=0x000004de000004de000085b6000085b6 xmm1=0x0000b48a0000b48a0000e23b0000e23b 
  xmm2=0x00000f9f00000f9f000037fd000037fd xmm3=0x0000cce60000cce60000b0590000b059 
  xmm4=0x00001758000017580000ce3b0000ce3b xmm5=0x0000826f0000826f0000ba750000ba75 
  xmm6=0x0000ae1b0000ae1b0000f72d0000f72d xmm7=0x0000241100002411000070b7000070b7 

    > load from +0x6b value 0x45f900
0x139: imul ebx, ebx
  rax=0x000000000045f900 rbx=0x0000000000463100 rcx=0x00000000000000a8 rdx=0x0000000000000000
  rsi=0x0000000000001f8f rdi=0x000000000000006b flags=0b000000000010
  xmm0=0x000004de000004de000085b6000085b6 xmm1=0x0000b48a0000b48a0000e23b0000e23b 
  xmm2=0x00000f9f00000f9f000037fd000037fd xmm3=0x0000cce60000cce60000b0590000b059 
  xmm4=0x00001758000017580000ce3b0000ce3b xmm5=0x0000826f0000826f0000ba750000ba75 
  xmm6=0x0000ae1b0000ae1b0000f72d0000f72d xmm7=0x0000241100002411000070b7000070b7 

0x13c: and rax, 0b1111111111111
  rax=0x000000000045f900 rbx=0x00000000d5610000 rcx=0x00000000000000a8 rdx=0x0000000000000000
  rsi=0x0000000000001f8f rdi=0x000000000000006b flags=0b100010000111
  xmm0=0x000004de000004de000085b6000085b6 xmm1=0x0000b48a0000b48a0000e23b0000e23b 
  xmm2=0x00000f9f00000f9f000037fd000037fd xmm3=0x0000cce60000cce60000b0590000b059 
  xmm4=0x00001758000017580000ce3b0000ce3b xmm5=0x0000826f0000826f0000ba750000ba75 
  xmm6=0x0000ae1b0000ae1b0000f72d0000f72d xmm7=0x0000241100002411000070b7000070b7 

0x142: add rbx, [r14 +rax]
  rax=0x0000000000001900 rbx=0x00000000d5610000 rcx=0x00000000000000a8 rdx=0x0000000000000000
  rsi=0x0000000000001f8f rdi=0x000000000000006b flags=0b000000000110
  xmm0=0x000004de000004de000085b6000085b6 xmm1=0x0000b48a0000b48a0000e23b0000e23b 
  xmm2=0x00000f9f00000f9f000037fd000037fd xmm3=0x0000cce60000cce60000b0590000b059 
  xmm4=0x00001758000017580000ce3b0000ce3b xmm5=0x0000826f0000826f0000ba750000ba75 
  xmm6=0x0000ae1b0000ae1b0000f72d0000f72d xmm7=0x0000241100002411000070b7000070b7 

    > load from +0x1900 value 0xd0600000d060
0x146: lea dx, rsi +rdx
  rax=0x0000000000001900 rbx=0x0000d060d561d060 rcx=0x00000000000000a8 rdx=0x0000000000000000
  rsi=0x0000000000001f8f rdi=0x000000000000006b flags=0b000000000110
  xmm0=0x000004de000004de000085b6000085b6 xmm1=0x0000b48a0000b48a0000e23b0000e23b 
  xmm2=0x00000f9f00000f9f000037fd000037fd xmm3=0x0000cce60000cce60000b0590000b059 
  xmm4=0x00001758000017580000ce3b0000ce3b xmm5=0x0000826f0000826f0000ba750000ba75 
  xmm6=0x0000ae1b0000ae1b0000f72d0000f72d xmm7=0x0000241100002411000070b7000070b7 

0x14a: sub cx, di
  rax=0x0000000000001900 rbx=0x0000d060d561d060 rcx=0x00000000000000a8 rdx=0x0000000000001f8f
  rsi=0x0000000000001f8f rdi=0x000000000000006b flags=0b000000000110
  xmm0=0x000004de000004de000085b6000085b6 xmm1=0x0000b48a0000b48a0000e23b0000e23b 
  xmm2=0x00000f9f00000f9f000037fd000037fd xmm3=0x0000cce60000cce60000b0590000b059 
  xmm4=0x00001758000017580000ce3b0000ce3b xmm5=0x0000826f0000826f0000ba750000ba75 
  xmm6=0x0000ae1b0000ae1b0000f72d0000f72d xmm7=0x0000241100002411000070b7000070b7 

0x14d: and rcx, 0b1111111111111
  rax=0x0000000000001900 rbx=0x0000d060d561d060 rcx=0x000000000000003d rdx=0x0000000000001f8f
  rsi=0x0000000000001f8f rdi=0x000000000000006b flags=0b000000010010
  xmm0=0x000004de000004de000085b6000085b6 xmm1=0x0000b48a0000b48a0000e23b0000e23b 
  xmm2=0x00000f9f00000f9f000037fd000037fd xmm3=0x0000cce60000cce60000b0590000b059 
  xmm4=0x00001758000017580000ce3b0000ce3b xmm5=0x0000826f0000826f0000ba750000ba75 
  xmm6=0x0000ae1b0000ae1b0000f72d0000f72d xmm7=0x0000241100002411000070b7000070b7 

0x154: cmovle cx, [r14 +rcx]
  rax=0x0000000000001900 rbx=0x0000d060d561d060 rcx=0x000000000000003d rdx=0x0000000000001f8f
  rsi=0x0000000000001f8f rdi=0x000000000000006b flags=0b000000000010
  xmm0=0x000004de000004de000085b6000085b6 xmm1=0x0000b48a0000b48a0000e23b0000e23b 
  xmm2=0x00000f9f00000f9f000037fd000037fd xmm3=0x0000cce60000cce60000b0590000b059 
  xmm4=0x00001758000017580000ce3b0000ce3b xmm5=0x0000826f0000826f0000ba750000ba75 
  xmm6=0x0000ae1b0000ae1b0000f72d0000f72d xmm7=0x0000241100002411000070b7000070b7 

    > load from +0x3d value 0x62
0x15a: and rsi, 0b1111111111111
  rax=0x0000000000001900 rbx=0x0000d060d561d060 rcx=0x000000000000003d rdx=0x0000000000001f8f
  rsi=0x0000000000001f8f rdi=0x000000000000006b flags=0b000000000010
  xmm0=0x000004de000004de000085b6000085b6 xmm1=0x0000b48a0000b48a0000e23b0000e23b 
  xmm2=0x00000f9f00000f9f000037fd000037fd xmm3=0x0000cce60000cce60000b0590000b059 
  xmm4=0x00001758000017580000ce3b0000ce3b xmm5=0x0000826f0000826f0000ba750000ba75 
  xmm6=0x0000ae1b0000ae1b0000f72d0000f72d xmm7=0x0000241100002411000070b7000070b7 

0x161: or al, [r14 +rsi]
  rax=0x0000000000001900 rbx=0x0000d060d561d060 rcx=0x000000000000003d rdx=0x0000000000001f8f
  rsi=0x0000000000001f8f rdi=0x000000000000006b flags=0b000000000010
  xmm0=0x000004de000004de000085b6000085b6 xmm1=0x0000b48a0000b48a0000e23b0000e23b 
  xmm2=0x00000f9f00000f9f000037fd000037fd xmm3=0x0000cce60000cce60000b0590000b059 
  xmm4=0x00001758000017580000ce3b0000ce3b xmm5=0x0000826f0000826f0000ba750000ba75 
  xmm6=0x0000ae1b0000ae1b0000f72d0000f72d xmm7=0x0000241100002411000070b7000070b7 

    > load from +0x1f8f value 0x0
0x165: test dl, cl
  rax=0x0000000000001900 rbx=0x0000d060d561d060 rcx=0x000000000000003d rdx=0x0000000000001f8f
  rsi=0x0000000000001f8f rdi=0x000000000000006b flags=0b000001000110
  xmm0=0x000004de000004de000085b6000085b6 xmm1=0x0000b48a0000b48a0000e23b0000e23b 
  xmm2=0x00000f9f00000f9f000037fd000037fd xmm3=0x0000cce60000cce60000b0590000b059 
  xmm4=0x00001758000017580000ce3b0000ce3b xmm5=0x0000826f0000826f0000ba750000ba75 
  xmm6=0x0000ae1b0000ae1b0000f72d0000f72d xmm7=0x0000241100002411000070b7000070b7 

0x167: test eax, 995870822
  rax=0x0000000000001900 rbx=0x0000d060d561d060 rcx=0x000000000000003d rdx=0x0000000000001f8f
  rsi=0x0000000000001f8f rdi=0x000000000000006b flags=0b000000000010
  xmm0=0x000004de000004de000085b6000085b6 xmm1=0x0000b48a0000b48a0000e23b0000e23b 
  xmm2=0x00000f9f00000f9f000037fd000037fd xmm3=0x0000cce60000cce60000b0590000b059 
  xmm4=0x00001758000017580000ce3b0000ce3b xmm5=0x0000826f0000826f0000ba750000ba75 
  xmm6=0x0000ae1b0000ae1b0000f72d0000f72d xmm7=0x0000241100002411000070b7000070b7 

0x16c: bt eax, 212
  rax=0x0000000000001900 rbx=0x0000d060d561d060 rcx=0x000000000000003d rdx=0x0000000000001f8f
  rsi=0x0000000000001f8f rdi=0x000000000000006b flags=0b000000000110
  xmm0=0x000004de000004de000085b6000085b6 xmm1=0x0000b48a0000b48a0000e23b0000e23b 
  xmm2=0x00000f9f00000f9f000037fd000037fd xmm3=0x0000cce60000cce60000b0590000b059 
  xmm4=0x00001758000017580000ce3b0000ce3b xmm5=0x0000826f0000826f0000ba750000ba75 
  xmm6=0x0000ae1b0000ae1b0000f72d0000f72d xmm7=0x0000241100002411000070b7000070b7 

0x170: test ebx, -1056227860
  rax=0x0000000000001900 rbx=0x0000d060d561d060 rcx=0x000000000000003d rdx=0x0000000000001f8f
  rsi=0x0000000000001f8f rdi=0x000000000000006b flags=0b000000000110
  xmm0=0x000004de000004de000085b6000085b6 xmm1=0x0000b48a0000b48a0000e23b0000e23b 
  xmm2=0x00000f9f00000f9f000037fd000037fd xmm3=0x0000cce60000cce60000b0590000b059 
  xmm4=0x00001758000017580000ce3b0000ce3b xmm5=0x0000826f0000826f0000ba750000ba75 
  xmm6=0x0000ae1b0000ae1b0000f72d0000f72d xmm7=0x0000241100002411000070b7000070b7 

0x176: and rdx, 0b1111111111111
  rax=0x0000000000001900 rbx=0x0000d060d561d060 rcx=0x000000000000003d rdx=0x0000000000001f8f
  rsi=0x0000000000001f8f rdi=0x000000000000006b flags=0b000010000110
  xmm0=0x000004de000004de000085b6000085b6 xmm1=0x0000b48a0000b48a0000e23b0000e23b 
  xmm2=0x00000f9f00000f9f000037fd000037fd xmm3=0x0000cce60000cce60000b0590000b059 
  xmm4=0x00001758000017580000ce3b0000ce3b xmm5=0x0000826f0000826f0000ba750000ba75 
  xmm6=0x0000ae1b0000ae1b0000f72d0000f72d xmm7=0x0000241100002411000070b7000070b7 

0x17d: cmovs cx, [r14 +rdx]
  rax=0x0000000000001900 rbx=0x0000d060d561d060 rcx=0x000000000000003d rdx=0x0000000000001f8f
  rsi=0x0000000000001f8f rdi=0x000000000000006b flags=0b000000000010
  xmm0=0x000004de000004de000085b6000085b6 xmm1=0x0000b48a0000b48a0000e23b0000e23b 
  xmm2=0x00000f9f00000f9f000037fd000037fd xmm3=0x0000cce60000cce60000b0590000b059 
  xmm4=0x00001758000017580000ce3b0000ce3b xmm5=0x0000826f0000826f0000ba750000ba75 
  xmm6=0x0000ae1b0000ae1b0000f72d0000f72d xmm7=0x0000241100002411000070b7000070b7 

    > load from +0x1f8f value 0x3800
0x183: btc cx, 235
  rax=0x0000000000001900 rbx=0x0000d060d561d060 rcx=0x000000000000003d rdx=0x0000000000001f8f
  rsi=0x0000000000001f8f rdi=0x000000000000006b flags=0b000000000010
  xmm0=0x000004de000004de000085b6000085b6 xmm1=0x0000b48a0000b48a0000e23b0000e23b 
  xmm2=0x00000f9f00000f9f000037fd000037fd xmm3=0x0000cce60000cce60000b0590000b059 
  xmm4=0x00001758000017580000ce3b0000ce3b xmm5=0x0000826f0000826f0000ba750000ba75 
  xmm6=0x0000ae1b0000ae1b0000f72d0000f72d xmm7=0x0000241100002411000070b7000070b7 

0x188: nop cx
  rax=0x0000000000001900 rbx=0x0000d060d561d060 rcx=0x000000000000083d rdx=0x0000000000001f8f
  rsi=0x0000000000001f8f rdi=0x000000000000006b flags=0b000000000010
  xmm0=0x000004de000004de000085b6000085b6 xmm1=0x0000b48a0000b48a0000e23b0000e23b 
  xmm2=0x00000f9f00000f9f000037fd000037fd xmm3=0x0000cce60000cce60000b0590000b059 
  xmm4=0x00001758000017580000ce3b0000ce3b xmm5=0x0000826f0000826f0000ba750000ba75 
  xmm6=0x0000ae1b0000ae1b0000f72d0000f72d xmm7=0x0000241100002411000070b7000070b7 

0x18c: adc ecx, 16
  rax=0x0000000000001900 rbx=0x0000d060d561d060 rcx=0x000000000000083d rdx=0x0000000000001f8f
  rsi=0x0000000000001f8f rdi=0x000000000000006b flags=0b000000000010
  xmm0=0x000004de000004de000085b6000085b6 xmm1=0x0000b48a0000b48a0000e23b0000e23b 
  xmm2=0x00000f9f00000f9f000037fd000037fd xmm3=0x0000cce60000cce60000b0590000b059 
  xmm4=0x00001758000017580000ce3b0000ce3b xmm5=0x0000826f0000826f0000ba750000ba75 
  xmm6=0x0000ae1b0000ae1b0000f72d0000f72d xmm7=0x0000241100002411000070b7000070b7 

0x18f: macro .switch, .actor2.function_actor2_1
  rax=0x0000000000001900 rbx=0x0000d060d561d060 rcx=0x000000000000084d rdx=0x0000000000001f8f
  rsi=0x0000000000001f8f rdi=0x000000000000006b flags=0b000000000110
  xmm0=0x000004de000004de000085b6000085b6 xmm1=0x0000b48a0000b48a0000e23b0000e23b 
  xmm2=0x00000f9f00000f9f000037fd000037fd xmm3=0x0000cce60000cce60000b0590000b059 
  xmm4=0x00001758000017580000ce3b0000ce3b xmm5=0x0000826f0000826f0000ba750000ba75 
  xmm6=0x0000ae1b0000ae1b0000f72d0000f72d xmm7=0x0000241100002411000070b7000070b7 

0x3194: pushfq 
  rax=0x0000000000001900 rbx=0x0000d060d561d060 rcx=0x000000000000084d rdx=0x0000000000001f8f
  rsi=0x0000000000001f8f rdi=0x000000000000006b flags=0b000000000110
  xmm0=0x000004de000004de000085b6000085b6 xmm1=0x0000b48a0000b48a0000e23b0000e23b 
  xmm2=0x00000f9f00000f9f000037fd000037fd xmm3=0x0000cce60000cce60000b0590000b059 
  xmm4=0x00001758000017580000ce3b0000ce3b xmm5=0x0000826f0000826f0000ba750000ba75 
  xmm6=0x0000ae1b0000ae1b0000f72d0000f72d xmm7=0x0000241100002411000070b7000070b7 

    > store to +0x4ff0 value 0x6
0x3195: push rax
  rax=0x0000000000001900 rbx=0x0000d060d561d060 rcx=0x000000000000084d rdx=0x0000000000001f8f
  rsi=0x0000000000001f8f rdi=0x000000000000006b flags=0b000000000110
  xmm0=0x000004de000004de000085b6000085b6 xmm1=0x0000b48a0000b48a0000e23b0000e23b 
  xmm2=0x00000f9f00000f9f000037fd000037fd xmm3=0x0000cce60000cce60000b0590000b059 
  xmm4=0x00001758000017580000ce3b0000ce3b xmm5=0x0000826f0000826f0000ba750000ba75 
  xmm6=0x0000ae1b0000ae1b0000f72d0000f72d xmm7=0x0000241100002411000070b7000070b7 

    > store to +0x4fe8 value 0x1900
0x3196: push rcx
  rax=0x0000000000001900 rbx=0x0000d060d561d060 rcx=0x000000000000084d rdx=0x0000000000001f8f
  rsi=0x0000000000001f8f rdi=0x000000000000006b flags=0b000000000110
  xmm0=0x000004de000004de000085b6000085b6 xmm1=0x0000b48a0000b48a0000e23b0000e23b 
  xmm2=0x00000f9f00000f9f000037fd000037fd xmm3=0x0000cce60000cce60000b0590000b059 
  xmm4=0x00001758000017580000ce3b0000ce3b xmm5=0x0000826f0000826f0000ba750000ba75 
  xmm6=0x0000ae1b0000ae1b0000f72d0000f72d xmm7=0x0000241100002411000070b7000070b7 

    > store to +0x4fe0 value 0x84d
0x3197: push rdx
  rax=0x0000000000001900 rbx=0x0000d060d561d060 rcx=0x000000000000084d rdx=0x0000000000001f8f
  rsi=0x0000000000001f8f rdi=0x000000000000006b flags=0b000000000110
  xmm0=0x000004de000004de000085b6000085b6 xmm1=0x0000b48a0000b48a0000e23b0000e23b 
  xmm2=0x00000f9f00000f9f000037fd000037fd xmm3=0x0000cce60000cce60000b0590000b059 
  xmm4=0x00001758000017580000ce3b0000ce3b xmm5=0x0000826f0000826f0000ba750000ba75 
  xmm6=0x0000ae1b0000ae1b0000f72d0000f72d xmm7=0x0000241100002411000070b7000070b7 

    > store to +0x4fd8 value 0x1f8f
0x3198: mov ecx, 0x48
  rax=0x0000000000001900 rbx=0x0000d060d561d060 rcx=0x000000000000084d rdx=0x0000000000001f8f
  rsi=0x0000000000001f8f rdi=0x000000000000006b flags=0b000000000110
  xmm0=0x000004de000004de000085b6000085b6 xmm1=0x0000b48a0000b48a0000e23b0000e23b 
  xmm2=0x00000f9f00000f9f000037fd000037fd xmm3=0x0000cce60000cce60000b0590000b059 
  xmm4=0x00001758000017580000ce3b0000ce3b xmm5=0x0000826f0000826f0000ba750000ba75 
  xmm6=0x0000ae1b0000ae1b0000f72d0000f72d xmm7=0x0000241100002411000070b7000070b7 

0x319d: rdmsr 
  rax=0x0000000000001900 rbx=0x0000d060d561d060 rcx=0x0000000000000048 rdx=0x0000000000001f8f
  rsi=0x0000000000001f8f rdi=0x000000000000006b flags=0b000000000110
  xmm0=0x000004de000004de000085b6000085b6 xmm1=0x0000b48a0000b48a0000e23b0000e23b 
  xmm2=0x00000f9f00000f9f000037fd000037fd xmm3=0x0000cce60000cce60000b0590000b059 
  xmm4=0x00001758000017580000ce3b0000ce3b xmm5=0x0000826f0000826f0000ba750000ba75 
  xmm6=0x0000ae1b0000ae1b0000f72d0000f72d xmm7=0x0000241100002411000070b7000070b7 

0x319f: and eax, 0xfffffffb
  rax=0x0000000000000000 rbx=0x0000d060d561d060 rcx=0x0000000000000048 rdx=0x0000000000000000
  rsi=0x0000000000001f8f rdi=0x000000000000006b flags=0b000000000110
  xmm0=0x000004de000004de000085b6000085b6 xmm1=0x0000b48a0000b48a0000e23b0000e23b 
  xmm2=0x00000f9f00000f9f000037fd000037fd xmm3=0x0000cce60000cce60000b0590000b059 
  xmm4=0x00001758000017580000ce3b0000ce3b xmm5=0x0000826f0000826f0000ba750000ba75 
  xmm6=0x0000ae1b0000ae1b0000f72d0000f72d xmm7=0x0000241100002411000070b7000070b7 

0x31a2: or eax, 0x100
  rax=0x0000000000000000 rbx=0x0000d060d561d060 rcx=0x0000000000000048 rdx=0x0000000000000000
  rsi=0x0000000000001f8f rdi=0x000000000000006b flags=0b000001000110
  xmm0=0x000004de000004de000085b6000085b6 xmm1=0x0000b48a0000b48a0000e23b0000e23b 
  xmm2=0x00000f9f00000f9f000037fd000037fd xmm3=0x0000cce60000cce60000b0590000b059 
  xmm4=0x00001758000017580000ce3b0000ce3b xmm5=0x0000826f0000826f0000ba750000ba75 
  xmm6=0x0000ae1b0000ae1b0000f72d0000f72d xmm7=0x0000241100002411000070b7000070b7 

0x31a7: wrmsr 
  rax=0x0000000000000100 rbx=0x0000d060d561d060 rcx=0x0000000000000048 rdx=0x0000000000000000
  rsi=0x0000000000001f8f rdi=0x000000000000006b flags=0b000000000110
  xmm0=0x000004de000004de000085b6000085b6 xmm1=0x0000b48a0000b48a0000e23b0000e23b 
  xmm2=0x00000f9f00000f9f000037fd000037fd xmm3=0x0000cce60000cce60000b0590000b059 
  xmm4=0x00001758000017580000ce3b0000ce3b xmm5=0x0000826f0000826f0000ba750000ba75 
  xmm6=0x0000ae1b0000ae1b0000f72d0000f72d xmm7=0x0000241100002411000070b7000070b7 

0x31a9: mfence 
  rax=0x0000000000000100 rbx=0x0000d060d561d060 rcx=0x0000000000000048 rdx=0x0000000000000000
  rsi=0x0000000000001f8f rdi=0x000000000000006b flags=0b000000000110
  xmm0=0x000004de000004de000085b6000085b6 xmm1=0x0000b48a0000b48a0000e23b0000e23b 
  xmm2=0x00000f9f00000f9f000037fd000037fd xmm3=0x0000cce60000cce60000b0590000b059 
  xmm4=0x00001758000017580000ce3b0000ce3b xmm5=0x0000826f0000826f0000ba750000ba75 
  xmm6=0x0000ae1b0000ae1b0000f72d0000f72d xmm7=0x0000241100002411000070b7000070b7 

0x31ac: lfence 
  rax=0x0000000000000100 rbx=0x0000d060d561d060 rcx=0x0000000000000048 rdx=0x0000000000000000
  rsi=0x0000000000001f8f rdi=0x000000000000006b flags=0b000000000110
  xmm0=0x000004de000004de000085b6000085b6 xmm1=0x0000b48a0000b48a0000e23b0000e23b 
  xmm2=0x00000f9f00000f9f000037fd000037fd xmm3=0x0000cce60000cce60000b0590000b059 
  xmm4=0x00001758000017580000ce3b0000ce3b xmm5=0x0000826f0000826f0000ba750000ba75 
  xmm6=0x0000ae1b0000ae1b0000f72d0000f72d xmm7=0x0000241100002411000070b7000070b7 

0x31af: macro .measurement_end, .noarg
  rax=0x0000000000000100 rbx=0x0000d060d561d060 rcx=0x0000000000000048 rdx=0x0000000000000000
  rsi=0x0000000000001f8f rdi=0x000000000000006b flags=0b000000000110
  xmm0=0x000004de000004de000085b6000085b6 xmm1=0x0000b48a0000b48a0000e23b0000e23b 
  xmm2=0x00000f9f00000f9f000037fd000037fd xmm3=0x0000cce60000cce60000b0590000b059 
  xmm4=0x00001758000017580000ce3b0000ce3b xmm5=0x0000826f0000826f0000ba750000ba75 
  xmm6=0x0000ae1b0000ae1b0000f72d0000f72d xmm7=0x0000241100002411000070b7000070b7 

0x31b7: mov ecx, 0x48
  rax=0x0000000000000100 rbx=0x0000d060d561d060 rcx=0x0000000000000048 rdx=0x0000000000000000
  rsi=0x0000000000001f8f rdi=0x000000000000006b flags=0b000000000110
  xmm0=0x000004de000004de000085b6000085b6 xmm1=0x0000b48a0000b48a0000e23b0000e23b 
  xmm2=0x00000f9f00000f9f000037fd000037fd xmm3=0x0000cce60000cce60000b0590000b059 
  xmm4=0x00001758000017580000ce3b0000ce3b xmm5=0x0000826f0000826f0000ba750000ba75 
  xmm6=0x0000ae1b0000ae1b0000f72d0000f72d xmm7=0x0000241100002411000070b7000070b7 

0x31bc: rdmsr 
  rax=0x0000000000000100 rbx=0x0000d060d561d060 rcx=0x0000000000000048 rdx=0x0000000000000000
  rsi=0x0000000000001f8f rdi=0x000000000000006b flags=0b000000000110
  xmm0=0x000004de000004de000085b6000085b6 xmm1=0x0000b48a0000b48a0000e23b0000e23b 
  xmm2=0x00000f9f00000f9f000037fd000037fd xmm3=0x0000cce60000cce60000b0590000b059 
  xmm4=0x00001758000017580000ce3b0000ce3b xmm5=0x0000826f0000826f0000ba750000ba75 
  xmm6=0x0000ae1b0000ae1b0000f72d0000f72d xmm7=0x0000241100002411000070b7000070b7 

0x31be: and eax, 0xfffffffb
  rax=0x0000000000000000 rbx=0x0000d060d561d060 rcx=0x0000000000000048 rdx=0x0000000000000000
  rsi=0x0000000000001f8f rdi=0x000000000000006b flags=0b000000000110
  xmm0=0x000004de000004de000085b6000085b6 xmm1=0x0000b48a0000b48a0000e23b0000e23b 
  xmm2=0x00000f9f00000f9f000037fd000037fd xmm3=0x0000cce60000cce60000b0590000b059 
  xmm4=0x00001758000017580000ce3b0000ce3b xmm5=0x0000826f0000826f0000ba750000ba75 
  xmm6=0x0000ae1b0000ae1b0000f72d0000f72d xmm7=0x0000241100002411000070b7000070b7 

0x31c1: and eax, 0xfffffeff
  rax=0x0000000000000000 rbx=0x0000d060d561d060 rcx=0x0000000000000048 rdx=0x0000000000000000
  rsi=0x0000000000001f8f rdi=0x000000000000006b flags=0b000001000110
  xmm0=0x000004de000004de000085b6000085b6 xmm1=0x0000b48a0000b48a0000e23b0000e23b 
  xmm2=0x00000f9f00000f9f000037fd000037fd xmm3=0x0000cce60000cce60000b0590000b059 
  xmm4=0x00001758000017580000ce3b0000ce3b xmm5=0x0000826f0000826f0000ba750000ba75 
  xmm6=0x0000ae1b0000ae1b0000f72d0000f72d xmm7=0x0000241100002411000070b7000070b7 

0x31c6: wrmsr 
  rax=0x0000000000000000 rbx=0x0000d060d561d060 rcx=0x0000000000000048 rdx=0x0000000000000000
  rsi=0x0000000000001f8f rdi=0x000000000000006b flags=0b000001000110
  xmm0=0x000004de000004de000085b6000085b6 xmm1=0x0000b48a0000b48a0000e23b0000e23b 
  xmm2=0x00000f9f00000f9f000037fd000037fd xmm3=0x0000cce60000cce60000b0590000b059 
  xmm4=0x00001758000017580000ce3b0000ce3b xmm5=0x0000826f0000826f0000ba750000ba75 
  xmm6=0x0000ae1b0000ae1b0000f72d0000f72d xmm7=0x0000241100002411000070b7000070b7 

0x31c8: mfence 
  rax=0x0000000000000000 rbx=0x0000d060d561d060 rcx=0x0000000000000048 rdx=0x0000000000000000
  rsi=0x0000000000001f8f rdi=0x000000000000006b flags=0b000001000110
  xmm0=0x000004de000004de000085b6000085b6 xmm1=0x0000b48a0000b48a0000e23b0000e23b 
  xmm2=0x00000f9f00000f9f000037fd000037fd xmm3=0x0000cce60000cce60000b0590000b059 
  xmm4=0x00001758000017580000ce3b0000ce3b xmm5=0x0000826f0000826f0000ba750000ba75 
  xmm6=0x0000ae1b0000ae1b0000f72d0000f72d xmm7=0x0000241100002411000070b7000070b7 

0x31cb: lfence 
  rax=0x0000000000000000 rbx=0x0000d060d561d060 rcx=0x0000000000000048 rdx=0x0000000000000000
  rsi=0x0000000000001f8f rdi=0x000000000000006b flags=0b000001000110
  xmm0=0x000004de000004de000085b6000085b6 xmm1=0x0000b48a0000b48a0000e23b0000e23b 
  xmm2=0x00000f9f00000f9f000037fd000037fd xmm3=0x0000cce60000cce60000b0590000b059 
  xmm4=0x00001758000017580000ce3b0000ce3b xmm5=0x0000826f0000826f0000ba750000ba75 
  xmm6=0x0000ae1b0000ae1b0000f72d0000f72d xmm7=0x0000241100002411000070b7000070b7 

0x31ce: pop rdx
  rax=0x0000000000000000 rbx=0x0000d060d561d060 rcx=0x0000000000000048 rdx=0x0000000000000000
  rsi=0x0000000000001f8f rdi=0x000000000000006b flags=0b000001000110
  xmm0=0x000004de000004de000085b6000085b6 xmm1=0x0000b48a0000b48a0000e23b0000e23b 
  xmm2=0x00000f9f00000f9f000037fd000037fd xmm3=0x0000cce60000cce60000b0590000b059 
  xmm4=0x00001758000017580000ce3b0000ce3b xmm5=0x0000826f0000826f0000ba750000ba75 
  xmm6=0x0000ae1b0000ae1b0000f72d0000f72d xmm7=0x0000241100002411000070b7000070b7 

    > load from +0x4fd8 value 0x1f8f
0x31cf: pop rcx
  rax=0x0000000000000000 rbx=0x0000d060d561d060 rcx=0x0000000000000048 rdx=0x0000000000001f8f
  rsi=0x0000000000001f8f rdi=0x000000000000006b flags=0b000001000110
  xmm0=0x000004de000004de000085b6000085b6 xmm1=0x0000b48a0000b48a0000e23b0000e23b 
  xmm2=0x00000f9f00000f9f000037fd000037fd xmm3=0x0000cce60000cce60000b0590000b059 
  xmm4=0x00001758000017580000ce3b0000ce3b xmm5=0x0000826f0000826f0000ba750000ba75 
  xmm6=0x0000ae1b0000ae1b0000f72d0000f72d xmm7=0x0000241100002411000070b7000070b7 

    > load from +0x4fe0 value 0x84d
0x31d0: pop rax
  rax=0x0000000000000000 rbx=0x0000d060d561d060 rcx=0x000000000000084d rdx=0x0000000000001f8f
  rsi=0x0000000000001f8f rdi=0x000000000000006b flags=0b000001000110
  xmm0=0x000004de000004de000085b6000085b6 xmm1=0x0000b48a0000b48a0000e23b0000e23b 
  xmm2=0x00000f9f00000f9f000037fd000037fd xmm3=0x0000cce60000cce60000b0590000b059 
  xmm4=0x00001758000017580000ce3b0000ce3b xmm5=0x0000826f0000826f0000ba750000ba75 
  xmm6=0x0000ae1b0000ae1b0000f72d0000f72d xmm7=0x0000241100002411000070b7000070b7 

    > load from +0x4fe8 value 0x1900
0x31d1: popfq 
  rax=0x0000000000001900 rbx=0x0000d060d561d060 rcx=0x000000000000084d rdx=0x0000000000001f8f
  rsi=0x0000000000001f8f rdi=0x000000000000006b flags=0b000001000110
  xmm0=0x000004de000004de000085b6000085b6 xmm1=0x0000b48a0000b48a0000e23b0000e23b 
  xmm2=0x00000f9f00000f9f000037fd000037fd xmm3=0x0000cce60000cce60000b0590000b059 
  xmm4=0x00001758000017580000ce3b0000ce3b xmm5=0x0000826f0000826f0000ba750000ba75 
  xmm6=0x0000ae1b0000ae1b0000f72d0000f72d xmm7=0x0000241100002411000070b7000070b7 

    > load from +0x4ff0 value 0x6
0x31d2: macro .switch, .main.function_main_2
  rax=0x0000000000001900 rbx=0x0000d060d561d060 rcx=0x000000000000084d rdx=0x0000000000001f8f
  rsi=0x0000000000001f8f rdi=0x000000000000006b flags=0b000000000110
  xmm0=0x000004de000004de000085b6000085b6 xmm1=0x0000b48a0000b48a0000e23b0000e23b 
  xmm2=0x00000f9f00000f9f000037fd000037fd xmm3=0x0000cce60000cce60000b0590000b059 
  xmm4=0x00001758000017580000ce3b0000ce3b xmm5=0x0000826f0000826f0000ba750000ba75 
  xmm6=0x0000ae1b0000ae1b0000f72d0000f72d xmm7=0x0000241100002411000070b7000070b7 

0x197: nop  [test_case_exit]
  rax=0x0000000000001900 rbx=0x0000d060d561d060 rcx=0x000000000000084d rdx=0x0000000000001f8f
  rsi=0x0000000000001f8f rdi=0x000000000000006b flags=0b000000000110
  xmm0=0x000004de000004de000085b6000085b6 xmm1=0x0000b48a0000b48a0000e23b0000e23b 
  xmm2=0x00000f9f00000f9f000037fd000037fd xmm3=0x0000cce60000cce60000b0590000b059 
  xmm4=0x00001758000017580000ce3b0000ce3b xmm5=0x0000826f0000826f0000ba750000ba75 
  xmm6=0x0000ae1b0000ae1b0000f72d0000f72d xmm7=0x0000241100002411000070b7000070b7 





================================ Statistics ===================================

Test Cases: 1
Inputs per test case: 100.0
Violations: 1
Effectiveness: 
  Total Cls: 50.0
  Effective Cls: 50.0
Discarded Test Cases:
  Speculation Filter: 0
  Observation Filter: 0
  Fast Path: 0
  Max Nesting Check: 0
  Tainting Check: 0
  Early Priming Check: 0
  Large Sample Check: 0
  Priming Check: 0

Duration: 39.3
Finished at 10:57:41
