
INFO: [fuzzer] Starting at 10:55:01
> Entering slow path...> Priming  2              > Increase sample size to 40> Priming  2              > Increase sample size to 160> Priming  2              > Increase sample size to 320> Priming  2             

================================ Violations detected ==========================
Contract trace:
 10354276139599710499 (hash)
Hardware traces:
  Input group 1: [44]
  Input group 2: [94]
  ^^^^....^.^......^...^^^..^.....^......^^...^....^......^.^^...^ [151    | 156   ]
  ^^^^....^.^......^...^^^..^.....^..^...^^...^^...^......^.^^...^ [122    | 0     ]
  ^^^^....^.^......^...^^^..^.....^..^...^^...^....^......^.^^...^ [47     | 58    ]
  ^^^^....^.^.....^^...^^^..^.....^..^...^^...^....^......^.^^...^ [0      | 106   ]

================================ Violation Traces =============================
                      ##### Input 44 #####

                     ##### Input 0 #####
0x0 : macro .switch, .actor2.function_actor2_0
  rax=0x0000835100008351 rbx=0x0000ca3a0000ca3a rcx=0x000056b8000056b8 rdx=0x0000628800006288
  rsi=0x0000ec630000ec63 rdi=0x0000fe290000fe29 flags=0b000001000110
  xmm0=0x00005c6800005c6800005cd500005cd5 xmm1=0x00002f4900002f4900003a1600003a16 
  xmm2=0x00008f2b00008f2b0000ede90000ede9 xmm3=0x0000be950000be950000c7c50000c7c5 
  xmm4=0x0000e3c90000e3c90000a8730000a873 xmm5=0x000031e0000031e00000d0440000d044 
  xmm6=0x0000e0b30000e0b300008f9600008f96 xmm7=0x0000213800002138000037df000037df 

0x3000: pushfq 
  rax=0x0000835100008351 rbx=0x0000ca3a0000ca3a rcx=0x000056b8000056b8 rdx=0x0000628800006288
  rsi=0x0000ec630000ec63 rdi=0x0000fe290000fe29 flags=0b000001000110
  xmm0=0x00005c6800005c6800005cd500005cd5 xmm1=0x00002f4900002f4900003a1600003a16 
  xmm2=0x00008f2b00008f2b0000ede90000ede9 xmm3=0x0000be950000be950000c7c50000c7c5 
  xmm4=0x0000e3c90000e3c90000a8730000a873 xmm5=0x000031e0000031e00000d0440000d044 
  xmm6=0x0000e0b30000e0b300008f9600008f96 xmm7=0x0000213800002138000037df000037df 

    > store to +0x4ff0 value 0x46
0x3001: push rax
  rax=0x0000835100008351 rbx=0x0000ca3a0000ca3a rcx=0x000056b8000056b8 rdx=0x0000628800006288
  rsi=0x0000ec630000ec63 rdi=0x0000fe290000fe29 flags=0b000001000110
  xmm0=0x00005c6800005c6800005cd500005cd5 xmm1=0x00002f4900002f4900003a1600003a16 
  xmm2=0x00008f2b00008f2b0000ede90000ede9 xmm3=0x0000be950000be950000c7c50000c7c5 
  xmm4=0x0000e3c90000e3c90000a8730000a873 xmm5=0x000031e0000031e00000d0440000d044 
  xmm6=0x0000e0b30000e0b300008f9600008f96 xmm7=0x0000213800002138000037df000037df 

    > store to +0x4fe8 value 0x835100008351
0x3002: push rcx
  rax=0x0000835100008351 rbx=0x0000ca3a0000ca3a rcx=0x000056b8000056b8 rdx=0x0000628800006288
  rsi=0x0000ec630000ec63 rdi=0x0000fe290000fe29 flags=0b000001000110
  xmm0=0x00005c6800005c6800005cd500005cd5 xmm1=0x00002f4900002f4900003a1600003a16 
  xmm2=0x00008f2b00008f2b0000ede90000ede9 xmm3=0x0000be950000be950000c7c50000c7c5 
  xmm4=0x0000e3c90000e3c90000a8730000a873 xmm5=0x000031e0000031e00000d0440000d044 
  xmm6=0x0000e0b30000e0b300008f9600008f96 xmm7=0x0000213800002138000037df000037df 

    > store to +0x4fe0 value 0x56b8000056b8
0x3003: push rdx
  rax=0x0000835100008351 rbx=0x0000ca3a0000ca3a rcx=0x000056b8000056b8 rdx=0x0000628800006288
  rsi=0x0000ec630000ec63 rdi=0x0000fe290000fe29 flags=0b000001000110
  xmm0=0x00005c6800005c6800005cd500005cd5 xmm1=0x00002f4900002f4900003a1600003a16 
  xmm2=0x00008f2b00008f2b0000ede90000ede9 xmm3=0x0000be950000be950000c7c50000c7c5 
  xmm4=0x0000e3c90000e3c90000a8730000a873 xmm5=0x000031e0000031e00000d0440000d044 
  xmm6=0x0000e0b30000e0b300008f9600008f96 xmm7=0x0000213800002138000037df000037df 

    > store to +0x4fd8 value 0x628800006288
0x3004: mov ecx, 0x48
  rax=0x0000835100008351 rbx=0x0000ca3a0000ca3a rcx=0x000056b8000056b8 rdx=0x0000628800006288
  rsi=0x0000ec630000ec63 rdi=0x0000fe290000fe29 flags=0b000001000110
  xmm0=0x00005c6800005c6800005cd500005cd5 xmm1=0x00002f4900002f4900003a1600003a16 
  xmm2=0x00008f2b00008f2b0000ede90000ede9 xmm3=0x0000be950000be950000c7c50000c7c5 
  xmm4=0x0000e3c90000e3c90000a8730000a873 xmm5=0x000031e0000031e00000d0440000d044 
  xmm6=0x0000e0b30000e0b300008f9600008f96 xmm7=0x0000213800002138000037df000037df 

0x3009: rdmsr 
  rax=0x0000835100008351 rbx=0x0000ca3a0000ca3a rcx=0x0000000000000048 rdx=0x0000628800006288
  rsi=0x0000ec630000ec63 rdi=0x0000fe290000fe29 flags=0b000001000110
  xmm0=0x00005c6800005c6800005cd500005cd5 xmm1=0x00002f4900002f4900003a1600003a16 
  xmm2=0x00008f2b00008f2b0000ede90000ede9 xmm3=0x0000be950000be950000c7c50000c7c5 
  xmm4=0x0000e3c90000e3c90000a8730000a873 xmm5=0x000031e0000031e00000d0440000d044 
  xmm6=0x0000e0b30000e0b300008f9600008f96 xmm7=0x0000213800002138000037df000037df 

0x300b: and eax, 0xfffffffb
  rax=0x0000000000000000 rbx=0x0000ca3a0000ca3a rcx=0x0000000000000048 rdx=0x0000000000000000
  rsi=0x0000ec630000ec63 rdi=0x0000fe290000fe29 flags=0b000001000110
  xmm0=0x00005c6800005c6800005cd500005cd5 xmm1=0x00002f4900002f4900003a1600003a16 
  xmm2=0x00008f2b00008f2b0000ede90000ede9 xmm3=0x0000be950000be950000c7c50000c7c5 
  xmm4=0x0000e3c90000e3c90000a8730000a873 xmm5=0x000031e0000031e00000d0440000d044 
  xmm6=0x0000e0b30000e0b300008f9600008f96 xmm7=0x0000213800002138000037df000037df 

0x300e: or eax, 0x100
  rax=0x0000000000000000 rbx=0x0000ca3a0000ca3a rcx=0x0000000000000048 rdx=0x0000000000000000
  rsi=0x0000ec630000ec63 rdi=0x0000fe290000fe29 flags=0b000001000110
  xmm0=0x00005c6800005c6800005cd500005cd5 xmm1=0x00002f4900002f4900003a1600003a16 
  xmm2=0x00008f2b00008f2b0000ede90000ede9 xmm3=0x0000be950000be950000c7c50000c7c5 
  xmm4=0x0000e3c90000e3c90000a8730000a873 xmm5=0x000031e0000031e00000d0440000d044 
  xmm6=0x0000e0b30000e0b300008f9600008f96 xmm7=0x0000213800002138000037df000037df 

0x3013: wrmsr 
  rax=0x0000000000000100 rbx=0x0000ca3a0000ca3a rcx=0x0000000000000048 rdx=0x0000000000000000
  rsi=0x0000ec630000ec63 rdi=0x0000fe290000fe29 flags=0b000000000110
  xmm0=0x00005c6800005c6800005cd500005cd5 xmm1=0x00002f4900002f4900003a1600003a16 
  xmm2=0x00008f2b00008f2b0000ede90000ede9 xmm3=0x0000be950000be950000c7c50000c7c5 
  xmm4=0x0000e3c90000e3c90000a8730000a873 xmm5=0x000031e0000031e00000d0440000d044 
  xmm6=0x0000e0b30000e0b300008f9600008f96 xmm7=0x0000213800002138000037df000037df 

0x3015: mfence 
  rax=0x0000000000000100 rbx=0x0000ca3a0000ca3a rcx=0x0000000000000048 rdx=0x0000000000000000
  rsi=0x0000ec630000ec63 rdi=0x0000fe290000fe29 flags=0b000000000110
  xmm0=0x00005c6800005c6800005cd500005cd5 xmm1=0x00002f4900002f4900003a1600003a16 
  xmm2=0x00008f2b00008f2b0000ede90000ede9 xmm3=0x0000be950000be950000c7c50000c7c5 
  xmm4=0x0000e3c90000e3c90000a8730000a873 xmm5=0x000031e0000031e00000d0440000d044 
  xmm6=0x0000e0b30000e0b300008f9600008f96 xmm7=0x0000213800002138000037df000037df 

0x3018: lfence 
  rax=0x0000000000000100 rbx=0x0000ca3a0000ca3a rcx=0x0000000000000048 rdx=0x0000000000000000
  rsi=0x0000ec630000ec63 rdi=0x0000fe290000fe29 flags=0b000000000110
  xmm0=0x00005c6800005c6800005cd500005cd5 xmm1=0x00002f4900002f4900003a1600003a16 
  xmm2=0x00008f2b00008f2b0000ede90000ede9 xmm3=0x0000be950000be950000c7c50000c7c5 
  xmm4=0x0000e3c90000e3c90000a8730000a873 xmm5=0x000031e0000031e00000d0440000d044 
  xmm6=0x0000e0b30000e0b300008f9600008f96 xmm7=0x0000213800002138000037df000037df 

0x301b: macro .measurement_start, .noarg
  rax=0x0000000000000100 rbx=0x0000ca3a0000ca3a rcx=0x0000000000000048 rdx=0x0000000000000000
  rsi=0x0000ec630000ec63 rdi=0x0000fe290000fe29 flags=0b000000000110
  xmm0=0x00005c6800005c6800005cd500005cd5 xmm1=0x00002f4900002f4900003a1600003a16 
  xmm2=0x00008f2b00008f2b0000ede90000ede9 xmm3=0x0000be950000be950000c7c50000c7c5 
  xmm4=0x0000e3c90000e3c90000a8730000a873 xmm5=0x000031e0000031e00000d0440000d044 
  xmm6=0x0000e0b30000e0b300008f9600008f96 xmm7=0x0000213800002138000037df000037df 

0x3023: mov ecx, 0x48
  rax=0x0000000000000100 rbx=0x0000ca3a0000ca3a rcx=0x0000000000000048 rdx=0x0000000000000000
  rsi=0x0000ec630000ec63 rdi=0x0000fe290000fe29 flags=0b000000000110
  xmm0=0x00005c6800005c6800005cd500005cd5 xmm1=0x00002f4900002f4900003a1600003a16 
  xmm2=0x00008f2b00008f2b0000ede90000ede9 xmm3=0x0000be950000be950000c7c50000c7c5 
  xmm4=0x0000e3c90000e3c90000a8730000a873 xmm5=0x000031e0000031e00000d0440000d044 
  xmm6=0x0000e0b30000e0b300008f9600008f96 xmm7=0x0000213800002138000037df000037df 

0x3028: rdmsr 
  rax=0x0000000000000100 rbx=0x0000ca3a0000ca3a rcx=0x0000000000000048 rdx=0x0000000000000000
  rsi=0x0000ec630000ec63 rdi=0x0000fe290000fe29 flags=0b000000000110
  xmm0=0x00005c6800005c6800005cd500005cd5 xmm1=0x00002f4900002f4900003a1600003a16 
  xmm2=0x00008f2b00008f2b0000ede90000ede9 xmm3=0x0000be950000be950000c7c50000c7c5 
  xmm4=0x0000e3c90000e3c90000a8730000a873 xmm5=0x000031e0000031e00000d0440000d044 
  xmm6=0x0000e0b30000e0b300008f9600008f96 xmm7=0x0000213800002138000037df000037df 

0x302a: and eax, 0xfffffffb
  rax=0x0000000000000000 rbx=0x0000ca3a0000ca3a rcx=0x0000000000000048 rdx=0x0000000000000000
  rsi=0x0000ec630000ec63 rdi=0x0000fe290000fe29 flags=0b000000000110
  xmm0=0x00005c6800005c6800005cd500005cd5 xmm1=0x00002f4900002f4900003a1600003a16 
  xmm2=0x00008f2b00008f2b0000ede90000ede9 xmm3=0x0000be950000be950000c7c50000c7c5 
  xmm4=0x0000e3c90000e3c90000a8730000a873 xmm5=0x000031e0000031e00000d0440000d044 
  xmm6=0x0000e0b30000e0b300008f9600008f96 xmm7=0x0000213800002138000037df000037df 

0x302d: and eax, 0xfffffeff
  rax=0x0000000000000000 rbx=0x0000ca3a0000ca3a rcx=0x0000000000000048 rdx=0x0000000000000000
  rsi=0x0000ec630000ec63 rdi=0x0000fe290000fe29 flags=0b000001000110
  xmm0=0x00005c6800005c6800005cd500005cd5 xmm1=0x00002f4900002f4900003a1600003a16 
  xmm2=0x00008f2b00008f2b0000ede90000ede9 xmm3=0x0000be950000be950000c7c50000c7c5 
  xmm4=0x0000e3c90000e3c90000a8730000a873 xmm5=0x000031e0000031e00000d0440000d044 
  xmm6=0x0000e0b30000e0b300008f9600008f96 xmm7=0x0000213800002138000037df000037df 

0x3032: wrmsr 
  rax=0x0000000000000000 rbx=0x0000ca3a0000ca3a rcx=0x0000000000000048 rdx=0x0000000000000000
  rsi=0x0000ec630000ec63 rdi=0x0000fe290000fe29 flags=0b000001000110
  xmm0=0x00005c6800005c6800005cd500005cd5 xmm1=0x00002f4900002f4900003a1600003a16 
  xmm2=0x00008f2b00008f2b0000ede90000ede9 xmm3=0x0000be950000be950000c7c50000c7c5 
  xmm4=0x0000e3c90000e3c90000a8730000a873 xmm5=0x000031e0000031e00000d0440000d044 
  xmm6=0x0000e0b30000e0b300008f9600008f96 xmm7=0x0000213800002138000037df000037df 

0x3034: mfence 
  rax=0x0000000000000000 rbx=0x0000ca3a0000ca3a rcx=0x0000000000000048 rdx=0x0000000000000000
  rsi=0x0000ec630000ec63 rdi=0x0000fe290000fe29 flags=0b000001000110
  xmm0=0x00005c6800005c6800005cd500005cd5 xmm1=0x00002f4900002f4900003a1600003a16 
  xmm2=0x00008f2b00008f2b0000ede90000ede9 xmm3=0x0000be950000be950000c7c50000c7c5 
  xmm4=0x0000e3c90000e3c90000a8730000a873 xmm5=0x000031e0000031e00000d0440000d044 
  xmm6=0x0000e0b30000e0b300008f9600008f96 xmm7=0x0000213800002138000037df000037df 

0x3037: lfence 
  rax=0x0000000000000000 rbx=0x0000ca3a0000ca3a rcx=0x0000000000000048 rdx=0x0000000000000000
  rsi=0x0000ec630000ec63 rdi=0x0000fe290000fe29 flags=0b000001000110
  xmm0=0x00005c6800005c6800005cd500005cd5 xmm1=0x00002f4900002f4900003a1600003a16 
  xmm2=0x00008f2b00008f2b0000ede90000ede9 xmm3=0x0000be950000be950000c7c50000c7c5 
  xmm4=0x0000e3c90000e3c90000a8730000a873 xmm5=0x000031e0000031e00000d0440000d044 
  xmm6=0x0000e0b30000e0b300008f9600008f96 xmm7=0x0000213800002138000037df000037df 

0x303a: pop rdx
  rax=0x0000000000000000 rbx=0x0000ca3a0000ca3a rcx=0x0000000000000048 rdx=0x0000000000000000
  rsi=0x0000ec630000ec63 rdi=0x0000fe290000fe29 flags=0b000001000110
  xmm0=0x00005c6800005c6800005cd500005cd5 xmm1=0x00002f4900002f4900003a1600003a16 
  xmm2=0x00008f2b00008f2b0000ede90000ede9 xmm3=0x0000be950000be950000c7c50000c7c5 
  xmm4=0x0000e3c90000e3c90000a8730000a873 xmm5=0x000031e0000031e00000d0440000d044 
  xmm6=0x0000e0b30000e0b300008f9600008f96 xmm7=0x0000213800002138000037df000037df 

    > load from +0x4fd8 value 0x628800006288
0x303b: pop rcx
  rax=0x0000000000000000 rbx=0x0000ca3a0000ca3a rcx=0x0000000000000048 rdx=0x0000628800006288
  rsi=0x0000ec630000ec63 rdi=0x0000fe290000fe29 flags=0b000001000110
  xmm0=0x00005c6800005c6800005cd500005cd5 xmm1=0x00002f4900002f4900003a1600003a16 
  xmm2=0x00008f2b00008f2b0000ede90000ede9 xmm3=0x0000be950000be950000c7c50000c7c5 
  xmm4=0x0000e3c90000e3c90000a8730000a873 xmm5=0x000031e0000031e00000d0440000d044 
  xmm6=0x0000e0b30000e0b300008f9600008f96 xmm7=0x0000213800002138000037df000037df 

    > load from +0x4fe0 value 0x56b8000056b8
0x303c: pop rax
  rax=0x0000000000000000 rbx=0x0000ca3a0000ca3a rcx=0x000056b8000056b8 rdx=0x0000628800006288
  rsi=0x0000ec630000ec63 rdi=0x0000fe290000fe29 flags=0b000001000110
  xmm0=0x00005c6800005c6800005cd500005cd5 xmm1=0x00002f4900002f4900003a1600003a16 
  xmm2=0x00008f2b00008f2b0000ede90000ede9 xmm3=0x0000be950000be950000c7c50000c7c5 
  xmm4=0x0000e3c90000e3c90000a8730000a873 xmm5=0x000031e0000031e00000d0440000d044 
  xmm6=0x0000e0b30000e0b300008f9600008f96 xmm7=0x0000213800002138000037df000037df 

    > load from +0x4fe8 value 0x835100008351
0x303d: popfq 
  rax=0x0000835100008351 rbx=0x0000ca3a0000ca3a rcx=0x000056b8000056b8 rdx=0x0000628800006288
  rsi=0x0000ec630000ec63 rdi=0x0000fe290000fe29 flags=0b000001000110
  xmm0=0x00005c6800005c6800005cd500005cd5 xmm1=0x00002f4900002f4900003a1600003a16 
  xmm2=0x00008f2b00008f2b0000ede90000ede9 xmm3=0x0000be950000be950000c7c50000c7c5 
  xmm4=0x0000e3c90000e3c90000a8730000a873 xmm5=0x000031e0000031e00000d0440000d044 
  xmm6=0x0000e0b30000e0b300008f9600008f96 xmm7=0x0000213800002138000037df000037df 

    > load from +0x4ff0 value 0x46
0x303e: and rsi, 0b1111111111111
  rax=0x0000835100008351 rbx=0x0000ca3a0000ca3a rcx=0x000056b8000056b8 rdx=0x0000628800006288
  rsi=0x0000ec630000ec63 rdi=0x0000fe290000fe29 flags=0b000001000110
  xmm0=0x00005c6800005c6800005cd500005cd5 xmm1=0x00002f4900002f4900003a1600003a16 
  xmm2=0x00008f2b00008f2b0000ede90000ede9 xmm3=0x0000be950000be950000c7c50000c7c5 
  xmm4=0x0000e3c90000e3c90000a8730000a873 xmm5=0x000031e0000031e00000d0440000d044 
  xmm6=0x0000e0b30000e0b300008f9600008f96 xmm7=0x0000213800002138000037df000037df 

0x3045: mul [r14 +rsi]
  rax=0x0000835100008351 rbx=0x0000ca3a0000ca3a rcx=0x000056b8000056b8 rdx=0x0000628800006288
  rsi=0x0000000000000c63 rdi=0x0000fe290000fe29 flags=0b000000000110
  xmm0=0x00005c6800005c6800005cd500005cd5 xmm1=0x00002f4900002f4900003a1600003a16 
  xmm2=0x00008f2b00008f2b0000ede90000ede9 xmm3=0x0000be950000be950000c7c50000c7c5 
  xmm4=0x0000e3c90000e3c90000a8730000a873 xmm5=0x000031e0000031e00000d0440000d044 
  xmm6=0x0000e0b30000e0b300008f9600008f96 xmm7=0x0000213800002138000037df000037df 

    > load from +0x4c63 value 0x41520000b9fe00
0x3049: and rax, 0b1111111111111
  rax=0xe974505f67d35e00 rbx=0x0000ca3a0000ca3a rcx=0x000056b8000056b8 rdx=0x0000002181a0f280
  rsi=0x0000000000000c63 rdi=0x0000fe290000fe29 flags=0b100010000111
  xmm0=0x00005c6800005c6800005cd500005cd5 xmm1=0x00002f4900002f4900003a1600003a16 
  xmm2=0x00008f2b00008f2b0000ede90000ede9 xmm3=0x0000be950000be950000c7c50000c7c5 
  xmm4=0x0000e3c90000e3c90000a8730000a873 xmm5=0x000031e0000031e00000d0440000d044 
  xmm6=0x0000e0b30000e0b300008f9600008f96 xmm7=0x0000213800002138000037df000037df 

0x304f: cmovo ax, [r14 +rax]
  rax=0x0000000000001e00 rbx=0x0000ca3a0000ca3a rcx=0x000056b8000056b8 rdx=0x0000002181a0f280
  rsi=0x0000000000000c63 rdi=0x0000fe290000fe29 flags=0b000000000110
  xmm0=0x00005c6800005c6800005cd500005cd5 xmm1=0x00002f4900002f4900003a1600003a16 
  xmm2=0x00008f2b00008f2b0000ede90000ede9 xmm3=0x0000be950000be950000c7c50000c7c5 
  xmm4=0x0000e3c90000e3c90000a8730000a873 xmm5=0x000031e0000031e00000d0440000d044 
  xmm6=0x0000e0b30000e0b300008f9600008f96 xmm7=0x0000213800002138000037df000037df 

    > load from +0x5e00 value 0xab02
0x3055: xchg edi, eax
  rax=0x0000000000001e00 rbx=0x0000ca3a0000ca3a rcx=0x000056b8000056b8 rdx=0x0000002181a0f280
  rsi=0x0000000000000c63 rdi=0x0000fe290000fe29 flags=0b000000000110
  xmm0=0x00005c6800005c6800005cd500005cd5 xmm1=0x00002f4900002f4900003a1600003a16 
  xmm2=0x00008f2b00008f2b0000ede90000ede9 xmm3=0x0000be950000be950000c7c50000c7c5 
  xmm4=0x0000e3c90000e3c90000a8730000a873 xmm5=0x000031e0000031e00000d0440000d044 
  xmm6=0x0000e0b30000e0b300008f9600008f96 xmm7=0x0000213800002138000037df000037df 

0x3056: sbb dil, dl
  rax=0x000000000000fe29 rbx=0x0000ca3a0000ca3a rcx=0x000056b8000056b8 rdx=0x0000002181a0f280
  rsi=0x0000000000000c63 rdi=0x0000000000001e00 flags=0b000000000110
  xmm0=0x00005c6800005c6800005cd500005cd5 xmm1=0x00002f4900002f4900003a1600003a16 
  xmm2=0x00008f2b00008f2b0000ede90000ede9 xmm3=0x0000be950000be950000c7c50000c7c5 
  xmm4=0x0000e3c90000e3c90000a8730000a873 xmm5=0x000031e0000031e00000d0440000d044 
  xmm6=0x0000e0b30000e0b300008f9600008f96 xmm7=0x0000213800002138000037df000037df 

0x3059: and rcx, 0b1111111111111
  rax=0x000000000000fe29 rbx=0x0000ca3a0000ca3a rcx=0x000056b8000056b8 rdx=0x0000002181a0f280
  rsi=0x0000000000000c63 rdi=0x0000000000001e80 flags=0b100010000011
  xmm0=0x00005c6800005c6800005cd500005cd5 xmm1=0x00002f4900002f4900003a1600003a16 
  xmm2=0x00008f2b00008f2b0000ede90000ede9 xmm3=0x0000be950000be950000c7c50000c7c5 
  xmm4=0x0000e3c90000e3c90000a8730000a873 xmm5=0x000031e0000031e00000d0440000d044 
  xmm6=0x0000e0b30000e0b300008f9600008f96 xmm7=0x0000213800002138000037df000037df 

0x3060: cmp cl, [r14 +rcx]
  rax=0x000000000000fe29 rbx=0x0000ca3a0000ca3a rcx=0x00000000000016b8 rdx=0x0000002181a0f280
  rsi=0x0000000000000c63 rdi=0x0000000000001e80 flags=0b000000000110
  xmm0=0x00005c6800005c6800005cd500005cd5 xmm1=0x00002f4900002f4900003a1600003a16 
  xmm2=0x00008f2b00008f2b0000ede90000ede9 xmm3=0x0000be950000be950000c7c50000c7c5 
  xmm4=0x0000e3c90000e3c90000a8730000a873 xmm5=0x000031e0000031e00000d0440000d044 
  xmm6=0x0000e0b30000e0b300008f9600008f96 xmm7=0x0000213800002138000037df000037df 

    > load from +0x56b8 value 0x32
0x3064: and rdx, 0b1111111111111
  rax=0x000000000000fe29 rbx=0x0000ca3a0000ca3a rcx=0x00000000000016b8 rdx=0x0000002181a0f280
  rsi=0x0000000000000c63 rdi=0x0000000000001e80 flags=0b000010000010
  xmm0=0x00005c6800005c6800005cd500005cd5 xmm1=0x00002f4900002f4900003a1600003a16 
  xmm2=0x00008f2b00008f2b0000ede90000ede9 xmm3=0x0000be950000be950000c7c50000c7c5 
  xmm4=0x0000e3c90000e3c90000a8730000a873 xmm5=0x000031e0000031e00000d0440000d044 
  xmm6=0x0000e0b30000e0b300008f9600008f96 xmm7=0x0000213800002138000037df000037df 

0x306b: cmp [r14 +rdx], 52
  rax=0x000000000000fe29 rbx=0x0000ca3a0000ca3a rcx=0x00000000000016b8 rdx=0x0000000000001280
  rsi=0x0000000000000c63 rdi=0x0000000000001e80 flags=0b000000000010
  xmm0=0x00005c6800005c6800005cd500005cd5 xmm1=0x00002f4900002f4900003a1600003a16 
  xmm2=0x00008f2b00008f2b0000ede90000ede9 xmm3=0x0000be950000be950000c7c50000c7c5 
  xmm4=0x0000e3c90000e3c90000a8730000a873 xmm5=0x000031e0000031e00000d0440000d044 
  xmm6=0x0000e0b30000e0b300008f9600008f96 xmm7=0x0000213800002138000037df000037df 

    > load from +0x5280 value 0x54
0x3070: imul esi, eax
  rax=0x000000000000fe29 rbx=0x0000ca3a0000ca3a rcx=0x00000000000016b8 rdx=0x0000000000001280
  rsi=0x0000000000000c63 rdi=0x0000000000001e80 flags=0b000000000010
  xmm0=0x00005c6800005c6800005cd500005cd5 xmm1=0x00002f4900002f4900003a1600003a16 
  xmm2=0x00008f2b00008f2b0000ede90000ede9 xmm3=0x0000be950000be950000c7c50000c7c5 
  xmm4=0x0000e3c90000e3c90000a8730000a873 xmm5=0x000031e0000031e00000d0440000d044 
  xmm6=0x0000e0b30000e0b300008f9600008f96 xmm7=0x0000213800002138000037df000037df 

0x3073: add sil, 110
  rax=0x000000000000fe29 rbx=0x0000ca3a0000ca3a rcx=0x00000000000016b8 rdx=0x0000000000001280
  rsi=0x000000000c4c35db rdi=0x0000000000001e80 flags=0b000000000110
  xmm0=0x00005c6800005c6800005cd500005cd5 xmm1=0x00002f4900002f4900003a1600003a16 
  xmm2=0x00008f2b00008f2b0000ede90000ede9 xmm3=0x0000be950000be950000c7c50000c7c5 
  xmm4=0x0000e3c90000e3c90000a8730000a873 xmm5=0x000031e0000031e00000d0440000d044 
  xmm6=0x0000e0b30000e0b300008f9600008f96 xmm7=0x0000213800002138000037df000037df 

0x3077: and rax, 0b1111111111111
  rax=0x000000000000fe29 rbx=0x0000ca3a0000ca3a rcx=0x00000000000016b8 rdx=0x0000000000001280
  rsi=0x000000000c4c3549 rdi=0x0000000000001e80 flags=0b000000010011
  xmm0=0x00005c6800005c6800005cd500005cd5 xmm1=0x00002f4900002f4900003a1600003a16 
  xmm2=0x00008f2b00008f2b0000ede90000ede9 xmm3=0x0000be950000be950000c7c50000c7c5 
  xmm4=0x0000e3c90000e3c90000a8730000a873 xmm5=0x000031e0000031e00000d0440000d044 
  xmm6=0x0000e0b30000e0b300008f9600008f96 xmm7=0x0000213800002138000037df000037df 

0x307d: cmovnz cx, [r14 +rax]
  rax=0x0000000000001e29 rbx=0x0000ca3a0000ca3a rcx=0x00000000000016b8 rdx=0x0000000000001280
  rsi=0x000000000c4c3549 rdi=0x0000000000001e80 flags=0b000000000010
  xmm0=0x00005c6800005c6800005cd500005cd5 xmm1=0x00002f4900002f4900003a1600003a16 
  xmm2=0x00008f2b00008f2b0000ede90000ede9 xmm3=0x0000be950000be950000c7c50000c7c5 
  xmm4=0x0000e3c90000e3c90000a8730000a873 xmm5=0x000031e0000031e00000d0440000d044 
  xmm6=0x0000e0b30000e0b300008f9600008f96 xmm7=0x0000213800002138000037df000037df 

    > load from +0x5e29 value 0x73
0x3083: test bl, dl
  rax=0x0000000000001e29 rbx=0x0000ca3a0000ca3a rcx=0x0000000000000073 rdx=0x0000000000001280
  rsi=0x000000000c4c3549 rdi=0x0000000000001e80 flags=0b000000000010
  xmm0=0x00005c6800005c6800005cd500005cd5 xmm1=0x00002f4900002f4900003a1600003a16 
  xmm2=0x00008f2b00008f2b0000ede90000ede9 xmm3=0x0000be950000be950000c7c50000c7c5 
  xmm4=0x0000e3c90000e3c90000a8730000a873 xmm5=0x000031e0000031e00000d0440000d044 
  xmm6=0x0000e0b30000e0b300008f9600008f96 xmm7=0x0000213800002138000037df000037df 

0x3085: and rcx, 0b1111111111111
  rax=0x0000000000001e29 rbx=0x0000ca3a0000ca3a rcx=0x0000000000000073 rdx=0x0000000000001280
  rsi=0x000000000c4c3549 rdi=0x0000000000001e80 flags=0b000001000110
  xmm0=0x00005c6800005c6800005cd500005cd5 xmm1=0x00002f4900002f4900003a1600003a16 
  xmm2=0x00008f2b00008f2b0000ede90000ede9 xmm3=0x0000be950000be950000c7c50000c7c5 
  xmm4=0x0000e3c90000e3c90000a8730000a873 xmm5=0x000031e0000031e00000d0440000d044 
  xmm6=0x0000e0b30000e0b300008f9600008f96 xmm7=0x0000213800002138000037df000037df 

0x308c: sbb al, [r14 +rcx]
  rax=0x0000000000001e29 rbx=0x0000ca3a0000ca3a rcx=0x0000000000000073 rdx=0x0000000000001280
  rsi=0x000000000c4c3549 rdi=0x0000000000001e80 flags=0b000000000010
  xmm0=0x00005c6800005c6800005cd500005cd5 xmm1=0x00002f4900002f4900003a1600003a16 
  xmm2=0x00008f2b00008f2b0000ede90000ede9 xmm3=0x0000be950000be950000c7c50000c7c5 
  xmm4=0x0000e3c90000e3c90000a8730000a873 xmm5=0x000031e0000031e00000d0440000d044 
  xmm6=0x0000e0b30000e0b300008f9600008f96 xmm7=0x0000213800002138000037df000037df 

    > load from +0x4073 value 0x0
0x3090: and rdi, 0b1111111111111
  rax=0x0000000000001e29 rbx=0x0000ca3a0000ca3a rcx=0x0000000000000073 rdx=0x0000000000001280
  rsi=0x000000000c4c3549 rdi=0x0000000000001e80 flags=0b000000000010
  xmm0=0x00005c6800005c6800005cd500005cd5 xmm1=0x00002f4900002f4900003a1600003a16 
  xmm2=0x00008f2b00008f2b0000ede90000ede9 xmm3=0x0000be950000be950000c7c50000c7c5 
  xmm4=0x0000e3c90000e3c90000a8730000a873 xmm5=0x000031e0000031e00000d0440000d044 
  xmm6=0x0000e0b30000e0b300008f9600008f96 xmm7=0x0000213800002138000037df000037df 

0x3097: cmp bx, [r14 +rdi]
  rax=0x0000000000001e29 rbx=0x0000ca3a0000ca3a rcx=0x0000000000000073 rdx=0x0000000000001280
  rsi=0x000000000c4c3549 rdi=0x0000000000001e80 flags=0b000000000010
  xmm0=0x00005c6800005c6800005cd500005cd5 xmm1=0x00002f4900002f4900003a1600003a16 
  xmm2=0x00008f2b00008f2b0000ede90000ede9 xmm3=0x0000be950000be950000c7c50000c7c5 
  xmm4=0x0000e3c90000e3c90000a8730000a873 xmm5=0x000031e0000031e00000d0440000d044 
  xmm6=0x0000e0b30000e0b300008f9600008f96 xmm7=0x0000213800002138000037df000037df 

    > load from +0x5e80 value 0x818b
0x309c: bts cx, bx
  rax=0x0000000000001e29 rbx=0x0000ca3a0000ca3a rcx=0x0000000000000073 rdx=0x0000000000001280
  rsi=0x000000000c4c3549 rdi=0x0000000000001e80 flags=0b000000010110
  xmm0=0x00005c6800005c6800005cd500005cd5 xmm1=0x00002f4900002f4900003a1600003a16 
  xmm2=0x00008f2b00008f2b0000ede90000ede9 xmm3=0x0000be950000be950000c7c50000c7c5 
  xmm4=0x0000e3c90000e3c90000a8730000a873 xmm5=0x000031e0000031e00000d0440000d044 
  xmm6=0x0000e0b30000e0b300008f9600008f96 xmm7=0x0000213800002138000037df000037df 

0x30a0: add dil, 100
  rax=0x0000000000001e29 rbx=0x0000ca3a0000ca3a rcx=0x0000000000000473 rdx=0x0000000000001280
  rsi=0x000000000c4c3549 rdi=0x0000000000001e80 flags=0b000000000110
  xmm0=0x00005c6800005c6800005cd500005cd5 xmm1=0x00002f4900002f4900003a1600003a16 
  xmm2=0x00008f2b00008f2b0000ede90000ede9 xmm3=0x0000be950000be950000c7c50000c7c5 
  xmm4=0x0000e3c90000e3c90000a8730000a873 xmm5=0x000031e0000031e00000d0440000d044 
  xmm6=0x0000e0b30000e0b300008f9600008f96 xmm7=0x0000213800002138000037df000037df 

0x30a4: cmovs dx, dx
  rax=0x0000000000001e29 rbx=0x0000ca3a0000ca3a rcx=0x0000000000000473 rdx=0x0000000000001280
  rsi=0x000000000c4c3549 rdi=0x0000000000001ee4 flags=0b000010000110
  xmm0=0x00005c6800005c6800005cd500005cd5 xmm1=0x00002f4900002f4900003a1600003a16 
  xmm2=0x00008f2b00008f2b0000ede90000ede9 xmm3=0x0000be950000be950000c7c50000c7c5 
  xmm4=0x0000e3c90000e3c90000a8730000a873 xmm5=0x000031e0000031e00000d0440000d044 
  xmm6=0x0000e0b30000e0b300008f9600008f96 xmm7=0x0000213800002138000037df000037df 

0x30a8: and rsi, 0b1111111111111
  rax=0x0000000000001e29 rbx=0x0000ca3a0000ca3a rcx=0x0000000000000473 rdx=0x0000000000001280
  rsi=0x000000000c4c3549 rdi=0x0000000000001ee4 flags=0b000010000110
  xmm0=0x00005c6800005c6800005cd500005cd5 xmm1=0x00002f4900002f4900003a1600003a16 
  xmm2=0x00008f2b00008f2b0000ede90000ede9 xmm3=0x0000be950000be950000c7c50000c7c5 
  xmm4=0x0000e3c90000e3c90000a8730000a873 xmm5=0x000031e0000031e00000d0440000d044 
  xmm6=0x0000e0b30000e0b300008f9600008f96 xmm7=0x0000213800002138000037df000037df 

0x30af: cmp [r14 +rsi], bl
  rax=0x0000000000001e29 rbx=0x0000ca3a0000ca3a rcx=0x0000000000000473 rdx=0x0000000000001280
  rsi=0x0000000000001549 rdi=0x0000000000001ee4 flags=0b000000000010
  xmm0=0x00005c6800005c6800005cd500005cd5 xmm1=0x00002f4900002f4900003a1600003a16 
  xmm2=0x00008f2b00008f2b0000ede90000ede9 xmm3=0x0000be950000be950000c7c50000c7c5 
  xmm4=0x0000e3c90000e3c90000a8730000a873 xmm5=0x000031e0000031e00000d0440000d044 
  xmm6=0x0000e0b30000e0b300008f9600008f96 xmm7=0x0000213800002138000037df000037df 

    > load from +0x5549 value 0x4
0x30b3: cmovp eax, edx
  rax=0x0000000000001e29 rbx=0x0000ca3a0000ca3a rcx=0x0000000000000473 rdx=0x0000000000001280
  rsi=0x0000000000001549 rdi=0x0000000000001ee4 flags=0b000010010111
  xmm0=0x00005c6800005c6800005cd500005cd5 xmm1=0x00002f4900002f4900003a1600003a16 
  xmm2=0x00008f2b00008f2b0000ede90000ede9 xmm3=0x0000be950000be950000c7c50000c7c5 
  xmm4=0x0000e3c90000e3c90000a8730000a873 xmm5=0x000031e0000031e00000d0440000d044 
  xmm6=0x0000e0b30000e0b300008f9600008f96 xmm7=0x0000213800002138000037df000037df 

0x30b6: and rdx, 0b1111111111111
  rax=0x0000000000001280 rbx=0x0000ca3a0000ca3a rcx=0x0000000000000473 rdx=0x0000000000001280
  rsi=0x0000000000001549 rdi=0x0000000000001ee4 flags=0b000010010111
  xmm0=0x00005c6800005c6800005cd500005cd5 xmm1=0x00002f4900002f4900003a1600003a16 
  xmm2=0x00008f2b00008f2b0000ede90000ede9 xmm3=0x0000be950000be950000c7c50000c7c5 
  xmm4=0x0000e3c90000e3c90000a8730000a873 xmm5=0x000031e0000031e00000d0440000d044 
  xmm6=0x0000e0b30000e0b300008f9600008f96 xmm7=0x0000213800002138000037df000037df 

0x30bd: mov eax, [r14 +rdx]
  rax=0x0000000000001280 rbx=0x0000ca3a0000ca3a rcx=0x0000000000000473 rdx=0x0000000000001280
  rsi=0x0000000000001549 rdi=0x0000000000001ee4 flags=0b000000000010
  xmm0=0x00005c6800005c6800005cd500005cd5 xmm1=0x00002f4900002f4900003a1600003a16 
  xmm2=0x00008f2b00008f2b0000ede90000ede9 xmm3=0x0000be950000be950000c7c50000c7c5 
  xmm4=0x0000e3c90000e3c90000a8730000a873 xmm5=0x000031e0000031e00000d0440000d044 
  xmm6=0x0000e0b30000e0b300008f9600008f96 xmm7=0x0000213800002138000037df000037df 

    > load from +0x5280 value 0x2954
0x30c1: and rcx, 0b1111111111111
  rax=0x0000000000002954 rbx=0x0000ca3a0000ca3a rcx=0x0000000000000473 rdx=0x0000000000001280
  rsi=0x0000000000001549 rdi=0x0000000000001ee4 flags=0b000000000010
  xmm0=0x00005c6800005c6800005cd500005cd5 xmm1=0x00002f4900002f4900003a1600003a16 
  xmm2=0x00008f2b00008f2b0000ede90000ede9 xmm3=0x0000be950000be950000c7c50000c7c5 
  xmm4=0x0000e3c90000e3c90000a8730000a873 xmm5=0x000031e0000031e00000d0440000d044 
  xmm6=0x0000e0b30000e0b300008f9600008f96 xmm7=0x0000213800002138000037df000037df 

0x30c8: cmovo rbx, [r14 +rcx]
  rax=0x0000000000002954 rbx=0x0000ca3a0000ca3a rcx=0x0000000000000473 rdx=0x0000000000001280
  rsi=0x0000000000001549 rdi=0x0000000000001ee4 flags=0b000000000010
  xmm0=0x00005c6800005c6800005cd500005cd5 xmm1=0x00002f4900002f4900003a1600003a16 
  xmm2=0x00008f2b00008f2b0000ede90000ede9 xmm3=0x0000be950000be950000c7c50000c7c5 
  xmm4=0x0000e3c90000e3c90000a8730000a873 xmm5=0x000031e0000031e00000d0440000d044 
  xmm6=0x0000e0b30000e0b300008f9600008f96 xmm7=0x0000213800002138000037df000037df 

    > load from +0x4473 value 0xc0e200005fe300
0x30cd: setnb dl
  rax=0x0000000000002954 rbx=0x0000ca3a0000ca3a rcx=0x0000000000000473 rdx=0x0000000000001280
  rsi=0x0000000000001549 rdi=0x0000000000001ee4 flags=0b000000000010
  xmm0=0x00005c6800005c6800005cd500005cd5 xmm1=0x00002f4900002f4900003a1600003a16 
  xmm2=0x00008f2b00008f2b0000ede90000ede9 xmm3=0x0000be950000be950000c7c50000c7c5 
  xmm4=0x0000e3c90000e3c90000a8730000a873 xmm5=0x000031e0000031e00000d0440000d044 
  xmm6=0x0000e0b30000e0b300008f9600008f96 xmm7=0x0000213800002138000037df000037df 

0x30d0: cmovb rdx, rbx
  rax=0x0000000000002954 rbx=0x0000ca3a0000ca3a rcx=0x0000000000000473 rdx=0x0000000000001201
  rsi=0x0000000000001549 rdi=0x0000000000001ee4 flags=0b000000000010
  xmm0=0x00005c6800005c6800005cd500005cd5 xmm1=0x00002f4900002f4900003a1600003a16 
  xmm2=0x00008f2b00008f2b0000ede90000ede9 xmm3=0x0000be950000be950000c7c50000c7c5 
  xmm4=0x0000e3c90000e3c90000a8730000a873 xmm5=0x000031e0000031e00000d0440000d044 
  xmm6=0x0000e0b30000e0b300008f9600008f96 xmm7=0x0000213800002138000037df000037df 

0x30d4: dec cl
  rax=0x0000000000002954 rbx=0x0000ca3a0000ca3a rcx=0x0000000000000473 rdx=0x0000000000001201
  rsi=0x0000000000001549 rdi=0x0000000000001ee4 flags=0b000000000010
  xmm0=0x00005c6800005c6800005cd500005cd5 xmm1=0x00002f4900002f4900003a1600003a16 
  xmm2=0x00008f2b00008f2b0000ede90000ede9 xmm3=0x0000be950000be950000c7c50000c7c5 
  xmm4=0x0000e3c90000e3c90000a8730000a873 xmm5=0x000031e0000031e00000d0440000d044 
  xmm6=0x0000e0b30000e0b300008f9600008f96 xmm7=0x0000213800002138000037df000037df 

0x30d6: and rbx, 0b1111111111111
  rax=0x0000000000002954 rbx=0x0000ca3a0000ca3a rcx=0x0000000000000472 rdx=0x0000000000001201
  rsi=0x0000000000001549 rdi=0x0000000000001ee4 flags=0b000000000110
  xmm0=0x00005c6800005c6800005cd500005cd5 xmm1=0x00002f4900002f4900003a1600003a16 
  xmm2=0x00008f2b00008f2b0000ede90000ede9 xmm3=0x0000be950000be950000c7c50000c7c5 
  xmm4=0x0000e3c90000e3c90000a8730000a873 xmm5=0x000031e0000031e00000d0440000d044 
  xmm6=0x0000e0b30000e0b300008f9600008f96 xmm7=0x0000213800002138000037df000037df 

0x30dd: cmovs edx, [r14 +rbx]
  rax=0x0000000000002954 rbx=0x0000000000000a3a rcx=0x0000000000000472 rdx=0x0000000000001201
  rsi=0x0000000000001549 rdi=0x0000000000001ee4 flags=0b000000000110
  xmm0=0x00005c6800005c6800005cd500005cd5 xmm1=0x00002f4900002f4900003a1600003a16 
  xmm2=0x00008f2b00008f2b0000ede90000ede9 xmm3=0x0000be950000be950000c7c50000c7c5 
  xmm4=0x0000e3c90000e3c90000a8730000a873 xmm5=0x000031e0000031e00000d0440000d044 
  xmm6=0x0000e0b30000e0b300008f9600008f96 xmm7=0x0000213800002138000037df000037df 

    > load from +0x4a3a value 0xc6b00000
0x30e2: cmovns ebx, ebx
  rax=0x0000000000002954 rbx=0x0000000000000a3a rcx=0x0000000000000472 rdx=0x0000000000001201
  rsi=0x0000000000001549 rdi=0x0000000000001ee4 flags=0b000000000110
  xmm0=0x00005c6800005c6800005cd500005cd5 xmm1=0x00002f4900002f4900003a1600003a16 
  xmm2=0x00008f2b00008f2b0000ede90000ede9 xmm3=0x0000be950000be950000c7c50000c7c5 
  xmm4=0x0000e3c90000e3c90000a8730000a873 xmm5=0x000031e0000031e00000d0440000d044 
  xmm6=0x0000e0b30000e0b300008f9600008f96 xmm7=0x0000213800002138000037df000037df 

0x30e5: btc rcx, 59
  rax=0x0000000000002954 rbx=0x0000000000000a3a rcx=0x0000000000000472 rdx=0x0000000000001201
  rsi=0x0000000000001549 rdi=0x0000000000001ee4 flags=0b000000000110
  xmm0=0x00005c6800005c6800005cd500005cd5 xmm1=0x00002f4900002f4900003a1600003a16 
  xmm2=0x00008f2b00008f2b0000ede90000ede9 xmm3=0x0000be950000be950000c7c50000c7c5 
  xmm4=0x0000e3c90000e3c90000a8730000a873 xmm5=0x000031e0000031e00000d0440000d044 
  xmm6=0x0000e0b30000e0b300008f9600008f96 xmm7=0x0000213800002138000037df000037df 

0x30ea: and rdx, 0b1111111111111
  rax=0x0000000000002954 rbx=0x0000000000000a3a rcx=0x0800000000000472 rdx=0x0000000000001201
  rsi=0x0000000000001549 rdi=0x0000000000001ee4 flags=0b000000000110
  xmm0=0x00005c6800005c6800005cd500005cd5 xmm1=0x00002f4900002f4900003a1600003a16 
  xmm2=0x00008f2b00008f2b0000ede90000ede9 xmm3=0x0000be950000be950000c7c50000c7c5 
  xmm4=0x0000e3c90000e3c90000a8730000a873 xmm5=0x000031e0000031e00000d0440000d044 
  xmm6=0x0000e0b30000e0b300008f9600008f96 xmm7=0x0000213800002138000037df000037df 

0x30f1: imul [r14 +rdx]
  rax=0x0000000000002954 rbx=0x0000000000000a3a rcx=0x0800000000000472 rdx=0x0000000000001201
  rsi=0x0000000000001549 rdi=0x0000000000001ee4 flags=0b000000000010
  xmm0=0x00005c6800005c6800005cd500005cd5 xmm1=0x00002f4900002f4900003a1600003a16 
  xmm2=0x00008f2b00008f2b0000ede90000ede9 xmm3=0x0000be950000be950000c7c50000c7c5 
  xmm4=0x0000e3c90000e3c90000a8730000a873 xmm5=0x000031e0000031e00000d0440000d044 
  xmm6=0x0000e0b30000e0b300008f9600008f96 xmm7=0x0000213800002138000037df000037df 

    > load from +0x5201 value 0xc1000002f3000002
0x30f5: and ax, 8440
  rax=0x540079e2bc0052a8 rbx=0x0000000000000a3a rcx=0x0800000000000472 rdx=0xfffffffffffff5d4
  rsi=0x0000000000001549 rdi=0x0000000000001ee4 flags=0b100000000011
  xmm0=0x00005c6800005c6800005cd500005cd5 xmm1=0x00002f4900002f4900003a1600003a16 
  xmm2=0x00008f2b00008f2b0000ede90000ede9 xmm3=0x0000be950000be950000c7c50000c7c5 
  xmm4=0x0000e3c90000e3c90000a8730000a873 xmm5=0x000031e0000031e00000d0440000d044 
  xmm6=0x0000e0b30000e0b300008f9600008f96 xmm7=0x0000213800002138000037df000037df 

0x30f9: and rcx, 0b1111111111111
  rax=0x540079e2bc0000a8 rbx=0x0000000000000a3a rcx=0x0800000000000472 rdx=0xfffffffffffff5d4
  rsi=0x0000000000001549 rdi=0x0000000000001ee4 flags=0b000000000010
  xmm0=0x00005c6800005c6800005cd500005cd5 xmm1=0x00002f4900002f4900003a1600003a16 
  xmm2=0x00008f2b00008f2b0000ede90000ede9 xmm3=0x0000be950000be950000c7c50000c7c5 
  xmm4=0x0000e3c90000e3c90000a8730000a873 xmm5=0x000031e0000031e00000d0440000d044 
  xmm6=0x0000e0b30000e0b300008f9600008f96 xmm7=0x0000213800002138000037df000037df 

0x3100: test [r14 +rcx], bx
  rax=0x540079e2bc0000a8 rbx=0x0000000000000a3a rcx=0x0000000000000472 rdx=0xfffffffffffff5d4
  rsi=0x0000000000001549 rdi=0x0000000000001ee4 flags=0b000000000110
  xmm0=0x00005c6800005c6800005cd500005cd5 xmm1=0x00002f4900002f4900003a1600003a16 
  xmm2=0x00008f2b00008f2b0000ede90000ede9 xmm3=0x0000be950000be950000c7c50000c7c5 
  xmm4=0x0000e3c90000e3c90000a8730000a873 xmm5=0x000031e0000031e00000d0440000d044 
  xmm6=0x0000e0b30000e0b300008f9600008f96 xmm7=0x0000213800002138000037df000037df 

    > load from +0x4472 value 0x0
0x3105: add sil, -101
  rax=0x540079e2bc0000a8 rbx=0x0000000000000a3a rcx=0x0000000000000472 rdx=0xfffffffffffff5d4
  rsi=0x0000000000001549 rdi=0x0000000000001ee4 flags=0b000001000110
  xmm0=0x00005c6800005c6800005cd500005cd5 xmm1=0x00002f4900002f4900003a1600003a16 
  xmm2=0x00008f2b00008f2b0000ede90000ede9 xmm3=0x0000be950000be950000c7c50000c7c5 
  xmm4=0x0000e3c90000e3c90000a8730000a873 xmm5=0x000031e0000031e00000d0440000d044 
  xmm6=0x0000e0b30000e0b300008f9600008f96 xmm7=0x0000213800002138000037df000037df 

0x3109: cmovnle rdx, rcx
  rax=0x540079e2bc0000a8 rbx=0x0000000000000a3a rcx=0x0000000000000472 rdx=0xfffffffffffff5d4
  rsi=0x00000000000015e4 rdi=0x0000000000001ee4 flags=0b000010010110
  xmm0=0x00005c6800005c6800005cd500005cd5 xmm1=0x00002f4900002f4900003a1600003a16 
  xmm2=0x00008f2b00008f2b0000ede90000ede9 xmm3=0x0000be950000be950000c7c50000c7c5 
  xmm4=0x0000e3c90000e3c90000a8730000a873 xmm5=0x000031e0000031e00000d0440000d044 
  xmm6=0x0000e0b30000e0b300008f9600008f96 xmm7=0x0000213800002138000037df000037df 

0x310d: and rdx, 0b1111111111111
  rax=0x540079e2bc0000a8 rbx=0x0000000000000a3a rcx=0x0000000000000472 rdx=0xfffffffffffff5d4
  rsi=0x00000000000015e4 rdi=0x0000000000001ee4 flags=0b000010010110
  xmm0=0x00005c6800005c6800005cd500005cd5 xmm1=0x00002f4900002f4900003a1600003a16 
  xmm2=0x00008f2b00008f2b0000ede90000ede9 xmm3=0x0000be950000be950000c7c50000c7c5 
  xmm4=0x0000e3c90000e3c90000a8730000a873 xmm5=0x000031e0000031e00000d0440000d044 
  xmm6=0x0000e0b30000e0b300008f9600008f96 xmm7=0x0000213800002138000037df000037df 

0x3114: cmovz ebx, [r14 +rdx]
  rax=0x540079e2bc0000a8 rbx=0x0000000000000a3a rcx=0x0000000000000472 rdx=0x00000000000015d4
  rsi=0x00000000000015e4 rdi=0x0000000000001ee4 flags=0b000000000110
  xmm0=0x00005c6800005c6800005cd500005cd5 xmm1=0x00002f4900002f4900003a1600003a16 
  xmm2=0x00008f2b00008f2b0000ede90000ede9 xmm3=0x0000be950000be950000c7c50000c7c5 
  xmm4=0x0000e3c90000e3c90000a8730000a873 xmm5=0x000031e0000031e00000d0440000d044 
  xmm6=0x0000e0b30000e0b300008f9600008f96 xmm7=0x0000213800002138000037df000037df 

    > load from +0x55d4 value 0x68b
0x3119: and rdi, 0b1111111111111
  rax=0x540079e2bc0000a8 rbx=0x0000000000000a3a rcx=0x0000000000000472 rdx=0x00000000000015d4
  rsi=0x00000000000015e4 rdi=0x0000000000001ee4 flags=0b000000000110
  xmm0=0x00005c6800005c6800005cd500005cd5 xmm1=0x00002f4900002f4900003a1600003a16 
  xmm2=0x00008f2b00008f2b0000ede90000ede9 xmm3=0x0000be950000be950000c7c50000c7c5 
  xmm4=0x0000e3c90000e3c90000a8730000a873 xmm5=0x000031e0000031e00000d0440000d044 
  xmm6=0x0000e0b30000e0b300008f9600008f96 xmm7=0x0000213800002138000037df000037df 

0x3120: or [r14 +rdi], 0b1000000000000000000000000000000
  rax=0x540079e2bc0000a8 rbx=0x0000000000000a3a rcx=0x0000000000000472 rdx=0x00000000000015d4
  rsi=0x00000000000015e4 rdi=0x0000000000001ee4 flags=0b000000000110
  xmm0=0x00005c6800005c6800005cd500005cd5 xmm1=0x00002f4900002f4900003a1600003a16 
  xmm2=0x00008f2b00008f2b0000ede90000ede9 xmm3=0x0000be950000be950000c7c50000c7c5 
  xmm4=0x0000e3c90000e3c90000a8730000a873 xmm5=0x000031e0000031e00000d0440000d044 
  xmm6=0x0000e0b30000e0b300008f9600008f96 xmm7=0x0000213800002138000037df000037df 

    > load from +0x5ee4 value 0x1219
    > store to +0x5ee4 value 0x40001219
0x3128: bsf edi, [r14 +rdi]
  rax=0x540079e2bc0000a8 rbx=0x0000000000000a3a rcx=0x0000000000000472 rdx=0x00000000000015d4
  rsi=0x00000000000015e4 rdi=0x0000000000001ee4 flags=0b000000000010
  xmm0=0x00005c6800005c6800005cd500005cd5 xmm1=0x00002f4900002f4900003a1600003a16 
  xmm2=0x00008f2b00008f2b0000ede90000ede9 xmm3=0x0000be950000be950000c7c50000c7c5 
  xmm4=0x0000e3c90000e3c90000a8730000a873 xmm5=0x000031e0000031e00000d0440000d044 
  xmm6=0x0000e0b30000e0b300008f9600008f96 xmm7=0x0000213800002138000037df000037df 

    > load from +0x5ee4 value 0x40001219
0x312d: add dil, -114
  rax=0x540079e2bc0000a8 rbx=0x0000000000000a3a rcx=0x0000000000000472 rdx=0x00000000000015d4
  rsi=0x00000000000015e4 rdi=0x0000000000000000 flags=0b000000000010
  xmm0=0x00005c6800005c6800005cd500005cd5 xmm1=0x00002f4900002f4900003a1600003a16 
  xmm2=0x00008f2b00008f2b0000ede90000ede9 xmm3=0x0000be950000be950000c7c50000c7c5 
  xmm4=0x0000e3c90000e3c90000a8730000a873 xmm5=0x000031e0000031e00000d0440000d044 
  xmm6=0x0000e0b30000e0b300008f9600008f96 xmm7=0x0000213800002138000037df000037df 

0x3131: and rbx, 0b1111111111111
  rax=0x540079e2bc0000a8 rbx=0x0000000000000a3a rcx=0x0000000000000472 rdx=0x00000000000015d4
  rsi=0x00000000000015e4 rdi=0x000000000000008e flags=0b000010000110
  xmm0=0x00005c6800005c6800005cd500005cd5 xmm1=0x00002f4900002f4900003a1600003a16 
  xmm2=0x00008f2b00008f2b0000ede90000ede9 xmm3=0x0000be950000be950000c7c50000c7c5 
  xmm4=0x0000e3c90000e3c90000a8730000a873 xmm5=0x000031e0000031e00000d0440000d044 
  xmm6=0x0000e0b30000e0b300008f9600008f96 xmm7=0x0000213800002138000037df000037df 

0x3138: cmovbe edx, [r14 +rbx]
  rax=0x540079e2bc0000a8 rbx=0x0000000000000a3a rcx=0x0000000000000472 rdx=0x00000000000015d4
  rsi=0x00000000000015e4 rdi=0x000000000000008e flags=0b000000000110
  xmm0=0x00005c6800005c6800005cd500005cd5 xmm1=0x00002f4900002f4900003a1600003a16 
  xmm2=0x00008f2b00008f2b0000ede90000ede9 xmm3=0x0000be950000be950000c7c50000c7c5 
  xmm4=0x0000e3c90000e3c90000a8730000a873 xmm5=0x000031e0000031e00000d0440000d044 
  xmm6=0x0000e0b30000e0b300008f9600008f96 xmm7=0x0000213800002138000037df000037df 

    > load from +0x4a3a value 0xc6b00000
0x313d: cmovns dx, di
  rax=0x540079e2bc0000a8 rbx=0x0000000000000a3a rcx=0x0000000000000472 rdx=0x00000000000015d4
  rsi=0x00000000000015e4 rdi=0x000000000000008e flags=0b000000000110
  xmm0=0x00005c6800005c6800005cd500005cd5 xmm1=0x00002f4900002f4900003a1600003a16 
  xmm2=0x00008f2b00008f2b0000ede90000ede9 xmm3=0x0000be950000be950000c7c50000c7c5 
  xmm4=0x0000e3c90000e3c90000a8730000a873 xmm5=0x000031e0000031e00000d0440000d044 
  xmm6=0x0000e0b30000e0b300008f9600008f96 xmm7=0x0000213800002138000037df000037df 

0x3141: setle al
  rax=0x540079e2bc0000a8 rbx=0x0000000000000a3a rcx=0x0000000000000472 rdx=0x000000000000008e
  rsi=0x00000000000015e4 rdi=0x000000000000008e flags=0b000000000110
  xmm0=0x00005c6800005c6800005cd500005cd5 xmm1=0x00002f4900002f4900003a1600003a16 
  xmm2=0x00008f2b00008f2b0000ede90000ede9 xmm3=0x0000be950000be950000c7c50000c7c5 
  xmm4=0x0000e3c90000e3c90000a8730000a873 xmm5=0x000031e0000031e00000d0440000d044 
  xmm6=0x0000e0b30000e0b300008f9600008f96 xmm7=0x0000213800002138000037df000037df 

0x3144: inc sil
  rax=0x540079e2bc000000 rbx=0x0000000000000a3a rcx=0x0000000000000472 rdx=0x000000000000008e
  rsi=0x00000000000015e4 rdi=0x000000000000008e flags=0b000000000110
  xmm0=0x00005c6800005c6800005cd500005cd5 xmm1=0x00002f4900002f4900003a1600003a16 
  xmm2=0x00008f2b00008f2b0000ede90000ede9 xmm3=0x0000be950000be950000c7c50000c7c5 
  xmm4=0x0000e3c90000e3c90000a8730000a873 xmm5=0x000031e0000031e00000d0440000d044 
  xmm6=0x0000e0b30000e0b300008f9600008f96 xmm7=0x0000213800002138000037df000037df 

0x3147: setnl dl
  rax=0x540079e2bc000000 rbx=0x0000000000000a3a rcx=0x0000000000000472 rdx=0x000000000000008e
  rsi=0x00000000000015e5 rdi=0x000000000000008e flags=0b000010000010
  xmm0=0x00005c6800005c6800005cd500005cd5 xmm1=0x00002f4900002f4900003a1600003a16 
  xmm2=0x00008f2b00008f2b0000ede90000ede9 xmm3=0x0000be950000be950000c7c50000c7c5 
  xmm4=0x0000e3c90000e3c90000a8730000a873 xmm5=0x000031e0000031e00000d0440000d044 
  xmm6=0x0000e0b30000e0b300008f9600008f96 xmm7=0x0000213800002138000037df000037df 

0x314a: and rdi, 0b1111111111111
  rax=0x540079e2bc000000 rbx=0x0000000000000a3a rcx=0x0000000000000472 rdx=0x0000000000000000
  rsi=0x00000000000015e5 rdi=0x000000000000008e flags=0b000010000010
  xmm0=0x00005c6800005c6800005cd500005cd5 xmm1=0x00002f4900002f4900003a1600003a16 
  xmm2=0x00008f2b00008f2b0000ede90000ede9 xmm3=0x0000be950000be950000c7c50000c7c5 
  xmm4=0x0000e3c90000e3c90000a8730000a873 xmm5=0x000031e0000031e00000d0440000d044 
  xmm6=0x0000e0b30000e0b300008f9600008f96 xmm7=0x0000213800002138000037df000037df 

0x3151: movsx eax, [r14 +rdi]
  rax=0x540079e2bc000000 rbx=0x0000000000000a3a rcx=0x0000000000000472 rdx=0x0000000000000000
  rsi=0x00000000000015e5 rdi=0x000000000000008e flags=0b000000000110
  xmm0=0x00005c6800005c6800005cd500005cd5 xmm1=0x00002f4900002f4900003a1600003a16 
  xmm2=0x00008f2b00008f2b0000ede90000ede9 xmm3=0x0000be950000be950000c7c50000c7c5 
  xmm4=0x0000e3c90000e3c90000a8730000a873 xmm5=0x000031e0000031e00000d0440000d044 
  xmm6=0x0000e0b30000e0b300008f9600008f96 xmm7=0x0000213800002138000037df000037df 

    > load from +0x408e value 0x0
0x3156: and rcx, 0b1111111111111
  rax=0x0000000000000000 rbx=0x0000000000000a3a rcx=0x0000000000000472 rdx=0x0000000000000000
  rsi=0x00000000000015e5 rdi=0x000000000000008e flags=0b000000000110
  xmm0=0x00005c6800005c6800005cd500005cd5 xmm1=0x00002f4900002f4900003a1600003a16 
  xmm2=0x00008f2b00008f2b0000ede90000ede9 xmm3=0x0000be950000be950000c7c50000c7c5 
  xmm4=0x0000e3c90000e3c90000a8730000a873 xmm5=0x000031e0000031e00000d0440000d044 
  xmm6=0x0000e0b30000e0b300008f9600008f96 xmm7=0x0000213800002138000037df000037df 

0x315d: imul [r14 +rcx]
  rax=0x0000000000000000 rbx=0x0000000000000a3a rcx=0x0000000000000472 rdx=0x0000000000000000
  rsi=0x00000000000015e5 rdi=0x000000000000008e flags=0b000000000110
  xmm0=0x00005c6800005c6800005cd500005cd5 xmm1=0x00002f4900002f4900003a1600003a16 
  xmm2=0x00008f2b00008f2b0000ede90000ede9 xmm3=0x0000be950000be950000c7c50000c7c5 
  xmm4=0x0000e3c90000e3c90000a8730000a873 xmm5=0x000031e0000031e00000d0440000d044 
  xmm6=0x0000e0b30000e0b300008f9600008f96 xmm7=0x0000213800002138000037df000037df 

    > load from +0x4472 value 0xc0e200005fe30000
0x3161: or rcx, -12
  rax=0x0000000000000000 rbx=0x0000000000000a3a rcx=0x0000000000000472 rdx=0x0000000000000000
  rsi=0x00000000000015e5 rdi=0x000000000000008e flags=0b000001000110
  xmm0=0x00005c6800005c6800005cd500005cd5 xmm1=0x00002f4900002f4900003a1600003a16 
  xmm2=0x00008f2b00008f2b0000ede90000ede9 xmm3=0x0000be950000be950000c7c50000c7c5 
  xmm4=0x0000e3c90000e3c90000a8730000a873 xmm5=0x000031e0000031e00000d0440000d044 
  xmm6=0x0000e0b30000e0b300008f9600008f96 xmm7=0x0000213800002138000037df000037df 

0x3165: movsx bx, sil
  rax=0x0000000000000000 rbx=0x0000000000000a3a rcx=0xfffffffffffffff6 rdx=0x0000000000000000
  rsi=0x00000000000015e5 rdi=0x000000000000008e flags=0b000010000110
  xmm0=0x00005c6800005c6800005cd500005cd5 xmm1=0x00002f4900002f4900003a1600003a16 
  xmm2=0x00008f2b00008f2b0000ede90000ede9 xmm3=0x0000be950000be950000c7c50000c7c5 
  xmm4=0x0000e3c90000e3c90000a8730000a873 xmm5=0x000031e0000031e00000d0440000d044 
  xmm6=0x0000e0b30000e0b300008f9600008f96 xmm7=0x0000213800002138000037df000037df 

0x316a: dec dil
  rax=0x0000000000000000 rbx=0x000000000000ffe5 rcx=0xfffffffffffffff6 rdx=0x0000000000000000
  rsi=0x00000000000015e5 rdi=0x000000000000008e flags=0b000010000110
  xmm0=0x00005c6800005c6800005cd500005cd5 xmm1=0x00002f4900002f4900003a1600003a16 
  xmm2=0x00008f2b00008f2b0000ede90000ede9 xmm3=0x0000be950000be950000c7c50000c7c5 
  xmm4=0x0000e3c90000e3c90000a8730000a873 xmm5=0x000031e0000031e00000d0440000d044 
  xmm6=0x0000e0b30000e0b300008f9600008f96 xmm7=0x0000213800002138000037df000037df 

0x316d: macro .switch, .main.function_main_1
  rax=0x0000000000000000 rbx=0x000000000000ffe5 rcx=0xfffffffffffffff6 rdx=0x0000000000000000
  rsi=0x00000000000015e5 rdi=0x000000000000008d flags=0b000010000110
  xmm0=0x00005c6800005c6800005cd500005cd5 xmm1=0x00002f4900002f4900003a1600003a16 
  xmm2=0x00008f2b00008f2b0000ede90000ede9 xmm3=0x0000be950000be950000c7c50000c7c5 
  xmm4=0x0000e3c90000e3c90000a8730000a873 xmm5=0x000031e0000031e00000d0440000d044 
  xmm6=0x0000e0b30000e0b300008f9600008f96 xmm7=0x0000213800002138000037df000037df 

0x8 : add sil, -59
  rax=0x0000000000000000 rbx=0x000000000000ffe5 rcx=0xfffffffffffffff6 rdx=0x0000000000000000
  rsi=0x00000000000015e5 rdi=0x000000000000008d flags=0b000010000110
  xmm0=0x00005c6800005c6800005cd500005cd5 xmm1=0x00002f4900002f4900003a1600003a16 
  xmm2=0x00008f2b00008f2b0000ede90000ede9 xmm3=0x0000be950000be950000c7c50000c7c5 
  xmm4=0x0000e3c90000e3c90000a8730000a873 xmm5=0x000031e0000031e00000d0440000d044 
  xmm6=0x0000e0b30000e0b300008f9600008f96 xmm7=0x0000213800002138000037df000037df 

0xc : and rdx, 0b1111111111111
  rax=0x0000000000000000 rbx=0x000000000000ffe5 rcx=0xfffffffffffffff6 rdx=0x0000000000000000
  rsi=0x00000000000015aa rdi=0x000000000000008d flags=0b000010000111
  xmm0=0x00005c6800005c6800005cd500005cd5 xmm1=0x00002f4900002f4900003a1600003a16 
  xmm2=0x00008f2b00008f2b0000ede90000ede9 xmm3=0x0000be950000be950000c7c50000c7c5 
  xmm4=0x0000e3c90000e3c90000a8730000a873 xmm5=0x000031e0000031e00000d0440000d044 
  xmm6=0x0000e0b30000e0b300008f9600008f96 xmm7=0x0000213800002138000037df000037df 

0x13: movsx rax, [r14 +rdx]
  rax=0x0000000000000000 rbx=0x000000000000ffe5 rcx=0xfffffffffffffff6 rdx=0x0000000000000000
  rsi=0x00000000000015aa rdi=0x000000000000008d flags=0b000001000110
  xmm0=0x00005c6800005c6800005cd500005cd5 xmm1=0x00002f4900002f4900003a1600003a16 
  xmm2=0x00008f2b00008f2b0000ede90000ede9 xmm3=0x0000be950000be950000c7c50000c7c5 
  xmm4=0x0000e3c90000e3c90000a8730000a873 xmm5=0x000031e0000031e00000d0440000d044 
  xmm6=0x0000e0b30000e0b300008f9600008f96 xmm7=0x0000213800002138000037df000037df 

    > load from +0x0 value 0xec
0x18: btc dx, dx
  rax=0xffffffffffffffec rbx=0x000000000000ffe5 rcx=0xfffffffffffffff6 rdx=0x0000000000000000
  rsi=0x00000000000015aa rdi=0x000000000000008d flags=0b000001000110
  xmm0=0x00005c6800005c6800005cd500005cd5 xmm1=0x00002f4900002f4900003a1600003a16 
  xmm2=0x00008f2b00008f2b0000ede90000ede9 xmm3=0x0000be950000be950000c7c50000c7c5 
  xmm4=0x0000e3c90000e3c90000a8730000a873 xmm5=0x000031e0000031e00000d0440000d044 
  xmm6=0x0000e0b30000e0b300008f9600008f96 xmm7=0x0000213800002138000037df000037df 

0x1c: setnz al
  rax=0xffffffffffffffec rbx=0x000000000000ffe5 rcx=0xfffffffffffffff6 rdx=0x0000000000000001
  rsi=0x00000000000015aa rdi=0x000000000000008d flags=0b000001000110
  xmm0=0x00005c6800005c6800005cd500005cd5 xmm1=0x00002f4900002f4900003a1600003a16 
  xmm2=0x00008f2b00008f2b0000ede90000ede9 xmm3=0x0000be950000be950000c7c50000c7c5 
  xmm4=0x0000e3c90000e3c90000a8730000a873 xmm5=0x000031e0000031e00000d0440000d044 
  xmm6=0x0000e0b30000e0b300008f9600008f96 xmm7=0x0000213800002138000037df000037df 

0x1f: and rdi, 0b1111111111111
  rax=0xffffffffffffff00 rbx=0x000000000000ffe5 rcx=0xfffffffffffffff6 rdx=0x0000000000000001
  rsi=0x00000000000015aa rdi=0x000000000000008d flags=0b000001000110
  xmm0=0x00005c6800005c6800005cd500005cd5 xmm1=0x00002f4900002f4900003a1600003a16 
  xmm2=0x00008f2b00008f2b0000ede90000ede9 xmm3=0x0000be950000be950000c7c50000c7c5 
  xmm4=0x0000e3c90000e3c90000a8730000a873 xmm5=0x000031e0000031e00000d0440000d044 
  xmm6=0x0000e0b30000e0b300008f9600008f96 xmm7=0x0000213800002138000037df000037df 

0x26: cmp [r14 +rdi], rcx
  rax=0xffffffffffffff00 rbx=0x000000000000ffe5 rcx=0xfffffffffffffff6 rdx=0x0000000000000001
  rsi=0x00000000000015aa rdi=0x000000000000008d flags=0b000000000110
  xmm0=0x00005c6800005c6800005cd500005cd5 xmm1=0x00002f4900002f4900003a1600003a16 
  xmm2=0x00008f2b00008f2b0000ede90000ede9 xmm3=0x0000be950000be950000c7c50000c7c5 
  xmm4=0x0000e3c90000e3c90000a8730000a873 xmm5=0x000031e0000031e00000d0440000d044 
  xmm6=0x0000e0b30000e0b300008f9600008f96 xmm7=0x0000213800002138000037df000037df 

    > load from +0x8d value 0x8900000089000037
0x2a: and rdx, 0b1111111111111
  rax=0xffffffffffffff00 rbx=0x000000000000ffe5 rcx=0xfffffffffffffff6 rdx=0x0000000000000001
  rsi=0x00000000000015aa rdi=0x000000000000008d flags=0b000010000111
  xmm0=0x00005c6800005c6800005cd500005cd5 xmm1=0x00002f4900002f4900003a1600003a16 
  xmm2=0x00008f2b00008f2b0000ede90000ede9 xmm3=0x0000be950000be950000c7c50000c7c5 
  xmm4=0x0000e3c90000e3c90000a8730000a873 xmm5=0x000031e0000031e00000d0440000d044 
  xmm6=0x0000e0b30000e0b300008f9600008f96 xmm7=0x0000213800002138000037df000037df 

0x31: or [r14 +rdx], 1
  rax=0xffffffffffffff00 rbx=0x000000000000ffe5 rcx=0xfffffffffffffff6 rdx=0x0000000000000001
  rsi=0x00000000000015aa rdi=0x000000000000008d flags=0b000000000010
  xmm0=0x00005c6800005c6800005cd500005cd5 xmm1=0x00002f4900002f4900003a1600003a16 
  xmm2=0x00008f2b00008f2b0000ede90000ede9 xmm3=0x0000be950000be950000c7c50000c7c5 
  xmm4=0x0000e3c90000e3c90000a8730000a873 xmm5=0x000031e0000031e00000d0440000d044 
  xmm6=0x0000e0b30000e0b300008f9600008f96 xmm7=0x0000213800002138000037df000037df 

    > load from +0x1 value 0xa8
    > store to +0x1 value 0xa9
0x36: and rdi, 0b1111111111111
  rax=0xffffffffffffff00 rbx=0x000000000000ffe5 rcx=0xfffffffffffffff6 rdx=0x0000000000000001
  rsi=0x00000000000015aa rdi=0x000000000000008d flags=0b000010000110
  xmm0=0x00005c6800005c6800005cd500005cd5 xmm1=0x00002f4900002f4900003a1600003a16 
  xmm2=0x00008f2b00008f2b0000ede90000ede9 xmm3=0x0000be950000be950000c7c50000c7c5 
  xmm4=0x0000e3c90000e3c90000a8730000a873 xmm5=0x000031e0000031e00000d0440000d044 
  xmm6=0x0000e0b30000e0b300008f9600008f96 xmm7=0x0000213800002138000037df000037df 

0x3d: movsx edi, [r14 +rdi]
  rax=0xffffffffffffff00 rbx=0x000000000000ffe5 rcx=0xfffffffffffffff6 rdx=0x0000000000000001
  rsi=0x00000000000015aa rdi=0x000000000000008d flags=0b000000000110
  xmm0=0x00005c6800005c6800005cd500005cd5 xmm1=0x00002f4900002f4900003a1600003a16 
  xmm2=0x00008f2b00008f2b0000ede90000ede9 xmm3=0x0000be950000be950000c7c50000c7c5 
  xmm4=0x0000e3c90000e3c90000a8730000a873 xmm5=0x000031e0000031e00000d0440000d044 
  xmm6=0x0000e0b30000e0b300008f9600008f96 xmm7=0x0000213800002138000037df000037df 

    > load from +0x8d value 0x37
0x42: and rdx, 0b1111111111111
  rax=0xffffffffffffff00 rbx=0x000000000000ffe5 rcx=0xfffffffffffffff6 rdx=0x0000000000000001
  rsi=0x00000000000015aa rdi=0x0000000000000037 flags=0b000000000110
  xmm0=0x00005c6800005c6800005cd500005cd5 xmm1=0x00002f4900002f4900003a1600003a16 
  xmm2=0x00008f2b00008f2b0000ede90000ede9 xmm3=0x0000be950000be950000c7c50000c7c5 
  xmm4=0x0000e3c90000e3c90000a8730000a873 xmm5=0x000031e0000031e00000d0440000d044 
  xmm6=0x0000e0b30000e0b300008f9600008f96 xmm7=0x0000213800002138000037df000037df 

0x49: cmp edx, [r14 +rdx]
  rax=0xffffffffffffff00 rbx=0x000000000000ffe5 rcx=0xfffffffffffffff6 rdx=0x0000000000000001
  rsi=0x00000000000015aa rdi=0x0000000000000037 flags=0b000000000010
  xmm0=0x00005c6800005c6800005cd500005cd5 xmm1=0x00002f4900002f4900003a1600003a16 
  xmm2=0x00008f2b00008f2b0000ede90000ede9 xmm3=0x0000be950000be950000c7c50000c7c5 
  xmm4=0x0000e3c90000e3c90000a8730000a873 xmm5=0x000031e0000031e00000d0440000d044 
  xmm6=0x0000e0b30000e0b300008f9600008f96 xmm7=0x0000213800002138000037df000037df 

    > load from +0x1 value 0xec0000a9
0x4d: cwd 
  rax=0xffffffffffffff00 rbx=0x000000000000ffe5 rcx=0xfffffffffffffff6 rdx=0x0000000000000001
  rsi=0x00000000000015aa rdi=0x0000000000000037 flags=0b000000010011
  xmm0=0x00005c6800005c6800005cd500005cd5 xmm1=0x00002f4900002f4900003a1600003a16 
  xmm2=0x00008f2b00008f2b0000ede90000ede9 xmm3=0x0000be950000be950000c7c50000c7c5 
  xmm4=0x0000e3c90000e3c90000a8730000a873 xmm5=0x000031e0000031e00000d0440000d044 
  xmm6=0x0000e0b30000e0b300008f9600008f96 xmm7=0x0000213800002138000037df000037df 

0x4f: and rsi, 0b1111111111111
  rax=0xffffffffffffff00 rbx=0x000000000000ffe5 rcx=0xfffffffffffffff6 rdx=0x000000000000ffff
  rsi=0x00000000000015aa rdi=0x0000000000000037 flags=0b000000010011
  xmm0=0x00005c6800005c6800005cd500005cd5 xmm1=0x00002f4900002f4900003a1600003a16 
  xmm2=0x00008f2b00008f2b0000ede90000ede9 xmm3=0x0000be950000be950000c7c50000c7c5 
  xmm4=0x0000e3c90000e3c90000a8730000a873 xmm5=0x000031e0000031e00000d0440000d044 
  xmm6=0x0000e0b30000e0b300008f9600008f96 xmm7=0x0000213800002138000037df000037df 

0x56: cmovle rax, [r14 +rsi]
  rax=0xffffffffffffff00 rbx=0x000000000000ffe5 rcx=0xfffffffffffffff6 rdx=0x000000000000ffff
  rsi=0x00000000000015aa rdi=0x0000000000000037 flags=0b000000000110
  xmm0=0x00005c6800005c6800005cd500005cd5 xmm1=0x00002f4900002f4900003a1600003a16 
  xmm2=0x00008f2b00008f2b0000ede90000ede9 xmm3=0x0000be950000be950000c7c50000c7c5 
  xmm4=0x0000e3c90000e3c90000a8730000a873 xmm5=0x000031e0000031e00000d0440000d044 
  xmm6=0x0000e0b30000e0b300008f9600008f96 xmm7=0x0000213800002138000037df000037df 

    > load from +0x15aa value 0x9d29000052160000
0x5b: and rdx, 0b1111111111111
  rax=0xffffffffffffff00 rbx=0x000000000000ffe5 rcx=0xfffffffffffffff6 rdx=0x000000000000ffff
  rsi=0x00000000000015aa rdi=0x0000000000000037 flags=0b000000000110
  xmm0=0x00005c6800005c6800005cd500005cd5 xmm1=0x00002f4900002f4900003a1600003a16 
  xmm2=0x00008f2b00008f2b0000ede90000ede9 xmm3=0x0000be950000be950000c7c50000c7c5 
  xmm4=0x0000e3c90000e3c90000a8730000a873 xmm5=0x000031e0000031e00000d0440000d044 
  xmm6=0x0000e0b30000e0b300008f9600008f96 xmm7=0x0000213800002138000037df000037df 

0x62: movsx rdx, [r14 +rdx]
  rax=0xffffffffffffff00 rbx=0x000000000000ffe5 rcx=0xfffffffffffffff6 rdx=0x0000000000001fff
  rsi=0x00000000000015aa rdi=0x0000000000000037 flags=0b000000000110
  xmm0=0x00005c6800005c6800005cd500005cd5 xmm1=0x00002f4900002f4900003a1600003a16 
  xmm2=0x00008f2b00008f2b0000ede90000ede9 xmm3=0x0000be950000be950000c7c50000c7c5 
  xmm4=0x0000e3c90000e3c90000a8730000a873 xmm5=0x000031e0000031e00000d0440000d044 
  xmm6=0x0000e0b30000e0b300008f9600008f96 xmm7=0x0000213800002138000037df000037df 

    > load from +0x1fff value 0x5100
0x67: and rsi, 0b1111111111111
  rax=0xffffffffffffff00 rbx=0x000000000000ffe5 rcx=0xfffffffffffffff6 rdx=0x0000000000005100
  rsi=0x00000000000015aa rdi=0x0000000000000037 flags=0b000000000110
  xmm0=0x00005c6800005c6800005cd500005cd5 xmm1=0x00002f4900002f4900003a1600003a16 
  xmm2=0x00008f2b00008f2b0000ede90000ede9 xmm3=0x0000be950000be950000c7c50000c7c5 
  xmm4=0x0000e3c90000e3c90000a8730000a873 xmm5=0x000031e0000031e00000d0440000d044 
  xmm6=0x0000e0b30000e0b300008f9600008f96 xmm7=0x0000213800002138000037df000037df 

0x6e: cmovp rcx, [r14 +rsi]
  rax=0xffffffffffffff00 rbx=0x000000000000ffe5 rcx=0xfffffffffffffff6 rdx=0x0000000000005100
  rsi=0x00000000000015aa rdi=0x0000000000000037 flags=0b000000000110
  xmm0=0x00005c6800005c6800005cd500005cd5 xmm1=0x00002f4900002f4900003a1600003a16 
  xmm2=0x00008f2b00008f2b0000ede90000ede9 xmm3=0x0000be950000be950000c7c50000c7c5 
  xmm4=0x0000e3c90000e3c90000a8730000a873 xmm5=0x000031e0000031e00000d0440000d044 
  xmm6=0x0000e0b30000e0b300008f9600008f96 xmm7=0x0000213800002138000037df000037df 

    > load from +0x15aa value 0x9d29000052160000
0x73: dec rdx
  rax=0xffffffffffffff00 rbx=0x000000000000ffe5 rcx=0x9d29000052160000 rdx=0x0000000000005100
  rsi=0x00000000000015aa rdi=0x0000000000000037 flags=0b000000000110
  xmm0=0x00005c6800005c6800005cd500005cd5 xmm1=0x00002f4900002f4900003a1600003a16 
  xmm2=0x00008f2b00008f2b0000ede90000ede9 xmm3=0x0000be950000be950000c7c50000c7c5 
  xmm4=0x0000e3c90000e3c90000a8730000a873 xmm5=0x000031e0000031e00000d0440000d044 
  xmm6=0x0000e0b30000e0b300008f9600008f96 xmm7=0x0000213800002138000037df000037df 

0x76: cmovle edx, eax
  rax=0xffffffffffffff00 rbx=0x000000000000ffe5 rcx=0x9d29000052160000 rdx=0x00000000000050ff
  rsi=0x00000000000015aa rdi=0x0000000000000037 flags=0b000000010110
  xmm0=0x00005c6800005c6800005cd500005cd5 xmm1=0x00002f4900002f4900003a1600003a16 
  xmm2=0x00008f2b00008f2b0000ede90000ede9 xmm3=0x0000be950000be950000c7c50000c7c5 
  xmm4=0x0000e3c90000e3c90000a8730000a873 xmm5=0x000031e0000031e00000d0440000d044 
  xmm6=0x0000e0b30000e0b300008f9600008f96 xmm7=0x0000213800002138000037df000037df 

0x79: and rdx, 0b1111111111111
  rax=0xffffffffffffff00 rbx=0x000000000000ffe5 rcx=0x9d29000052160000 rdx=0x00000000000050ff
  rsi=0x00000000000015aa rdi=0x0000000000000037 flags=0b000000010110
  xmm0=0x00005c6800005c6800005cd500005cd5 xmm1=0x00002f4900002f4900003a1600003a16 
  xmm2=0x00008f2b00008f2b0000ede90000ede9 xmm3=0x0000be950000be950000c7c50000c7c5 
  xmm4=0x0000e3c90000e3c90000a8730000a873 xmm5=0x000031e0000031e00000d0440000d044 
  xmm6=0x0000e0b30000e0b300008f9600008f96 xmm7=0x0000213800002138000037df000037df 

0x80: nop [r14 +rdx]
  rax=0xffffffffffffff00 rbx=0x000000000000ffe5 rcx=0x9d29000052160000 rdx=0x00000000000010ff
  rsi=0x00000000000015aa rdi=0x0000000000000037 flags=0b000000000110
  xmm0=0x00005c6800005c6800005cd500005cd5 xmm1=0x00002f4900002f4900003a1600003a16 
  xmm2=0x00008f2b00008f2b0000ede90000ede9 xmm3=0x0000be950000be950000c7c50000c7c5 
  xmm4=0x0000e3c90000e3c90000a8730000a873 xmm5=0x000031e0000031e00000d0440000d044 
  xmm6=0x0000e0b30000e0b300008f9600008f96 xmm7=0x0000213800002138000037df000037df 

0x85: and rbx, 0b1111111111111
  rax=0xffffffffffffff00 rbx=0x000000000000ffe5 rcx=0x9d29000052160000 rdx=0x00000000000010ff
  rsi=0x00000000000015aa rdi=0x0000000000000037 flags=0b000000000110
  xmm0=0x00005c6800005c6800005cd500005cd5 xmm1=0x00002f4900002f4900003a1600003a16 
  xmm2=0x00008f2b00008f2b0000ede90000ede9 xmm3=0x0000be950000be950000c7c50000c7c5 
  xmm4=0x0000e3c90000e3c90000a8730000a873 xmm5=0x000031e0000031e00000d0440000d044 
  xmm6=0x0000e0b30000e0b300008f9600008f96 xmm7=0x0000213800002138000037df000037df 

0x8c: or bl, [r14 +rbx]
  rax=0xffffffffffffff00 rbx=0x0000000000001fe5 rcx=0x9d29000052160000 rdx=0x00000000000010ff
  rsi=0x00000000000015aa rdi=0x0000000000000037 flags=0b000000000010
  xmm0=0x00005c6800005c6800005cd500005cd5 xmm1=0x00002f4900002f4900003a1600003a16 
  xmm2=0x00008f2b00008f2b0000ede90000ede9 xmm3=0x0000be950000be950000c7c50000c7c5 
  xmm4=0x0000e3c90000e3c90000a8730000a873 xmm5=0x000031e0000031e00000d0440000d044 
  xmm6=0x0000e0b30000e0b300008f9600008f96 xmm7=0x0000213800002138000037df000037df 

    > load from +0x1fe5 value 0xa4
0x90: sbb ebx, ebx
  rax=0xffffffffffffff00 rbx=0x0000000000001fe5 rcx=0x9d29000052160000 rdx=0x00000000000010ff
  rsi=0x00000000000015aa rdi=0x0000000000000037 flags=0b000010000010
  xmm0=0x00005c6800005c6800005cd500005cd5 xmm1=0x00002f4900002f4900003a1600003a16 
  xmm2=0x00008f2b00008f2b0000ede90000ede9 xmm3=0x0000be950000be950000c7c50000c7c5 
  xmm4=0x0000e3c90000e3c90000a8730000a873 xmm5=0x000031e0000031e00000d0440000d044 
  xmm6=0x0000e0b30000e0b300008f9600008f96 xmm7=0x0000213800002138000037df000037df 

0x92: and rcx, 0b1111111111111
  rax=0xffffffffffffff00 rbx=0x0000000000000000 rcx=0x9d29000052160000 rdx=0x00000000000010ff
  rsi=0x00000000000015aa rdi=0x0000000000000037 flags=0b000001000110
  xmm0=0x00005c6800005c6800005cd500005cd5 xmm1=0x00002f4900002f4900003a1600003a16 
  xmm2=0x00008f2b00008f2b0000ede90000ede9 xmm3=0x0000be950000be950000c7c50000c7c5 
  xmm4=0x0000e3c90000e3c90000a8730000a873 xmm5=0x000031e0000031e00000d0440000d044 
  xmm6=0x0000e0b30000e0b300008f9600008f96 xmm7=0x0000213800002138000037df000037df 

0x99: sbb di, [r14 +rcx]
  rax=0xffffffffffffff00 rbx=0x0000000000000000 rcx=0x0000000000000000 rdx=0x00000000000010ff
  rsi=0x00000000000015aa rdi=0x0000000000000037 flags=0b000001000110
  xmm0=0x00005c6800005c6800005cd500005cd5 xmm1=0x00002f4900002f4900003a1600003a16 
  xmm2=0x00008f2b00008f2b0000ede90000ede9 xmm3=0x0000be950000be950000c7c50000c7c5 
  xmm4=0x0000e3c90000e3c90000a8730000a873 xmm5=0x000031e0000031e00000d0440000d044 
  xmm6=0x0000e0b30000e0b300008f9600008f96 xmm7=0x0000213800002138000037df000037df 

    > load from +0x0 value 0xa9ec
0x9e: and rcx, 0b1111111111111
  rax=0xffffffffffffff00 rbx=0x0000000000000000 rcx=0x0000000000000000 rdx=0x00000000000010ff
  rsi=0x00000000000015aa rdi=0x000000000000564b flags=0b000000010111
  xmm0=0x00005c6800005c6800005cd500005cd5 xmm1=0x00002f4900002f4900003a1600003a16 
  xmm2=0x00008f2b00008f2b0000ede90000ede9 xmm3=0x0000be950000be950000c7c50000c7c5 
  xmm4=0x0000e3c90000e3c90000a8730000a873 xmm5=0x000031e0000031e00000d0440000d044 
  xmm6=0x0000e0b30000e0b300008f9600008f96 xmm7=0x0000213800002138000037df000037df 

0xa5: mov di, [r14 +rcx]
  rax=0xffffffffffffff00 rbx=0x0000000000000000 rcx=0x0000000000000000 rdx=0x00000000000010ff
  rsi=0x00000000000015aa rdi=0x000000000000564b flags=0b000001000110
  xmm0=0x00005c6800005c6800005cd500005cd5 xmm1=0x00002f4900002f4900003a1600003a16 
  xmm2=0x00008f2b00008f2b0000ede90000ede9 xmm3=0x0000be950000be950000c7c50000c7c5 
  xmm4=0x0000e3c90000e3c90000a8730000a873 xmm5=0x000031e0000031e00000d0440000d044 
  xmm6=0x0000e0b30000e0b300008f9600008f96 xmm7=0x0000213800002138000037df000037df 

    > load from +0x0 value 0xa9ec
0xaa: and rcx, 0b1111111111111
  rax=0xffffffffffffff00 rbx=0x0000000000000000 rcx=0x0000000000000000 rdx=0x00000000000010ff
  rsi=0x00000000000015aa rdi=0x000000000000a9ec flags=0b000001000110
  xmm0=0x00005c6800005c6800005cd500005cd5 xmm1=0x00002f4900002f4900003a1600003a16 
  xmm2=0x00008f2b00008f2b0000ede90000ede9 xmm3=0x0000be950000be950000c7c50000c7c5 
  xmm4=0x0000e3c90000e3c90000a8730000a873 xmm5=0x000031e0000031e00000d0440000d044 
  xmm6=0x0000e0b30000e0b300008f9600008f96 xmm7=0x0000213800002138000037df000037df 

0xb1: cmovno ecx, [r14 +rcx]
  rax=0xffffffffffffff00 rbx=0x0000000000000000 rcx=0x0000000000000000 rdx=0x00000000000010ff
  rsi=0x00000000000015aa rdi=0x000000000000a9ec flags=0b000001000110
  xmm0=0x00005c6800005c6800005cd500005cd5 xmm1=0x00002f4900002f4900003a1600003a16 
  xmm2=0x00008f2b00008f2b0000ede90000ede9 xmm3=0x0000be950000be950000c7c50000c7c5 
  xmm4=0x0000e3c90000e3c90000a8730000a873 xmm5=0x000031e0000031e00000d0440000d044 
  xmm6=0x0000e0b30000e0b300008f9600008f96 xmm7=0x0000213800002138000037df000037df 

    > load from +0x0 value 0xa9ec
0xb6: and rcx, 0b1111111111111
  rax=0xffffffffffffff00 rbx=0x0000000000000000 rcx=0x000000000000a9ec rdx=0x00000000000010ff
  rsi=0x00000000000015aa rdi=0x000000000000a9ec flags=0b000001000110
  xmm0=0x00005c6800005c6800005cd500005cd5 xmm1=0x00002f4900002f4900003a1600003a16 
  xmm2=0x00008f2b00008f2b0000ede90000ede9 xmm3=0x0000be950000be950000c7c50000c7c5 
  xmm4=0x0000e3c90000e3c90000a8730000a873 xmm5=0x000031e0000031e00000d0440000d044 
  xmm6=0x0000e0b30000e0b300008f9600008f96 xmm7=0x0000213800002138000037df000037df 

0xbd: mov rax, [r14 +rcx]
  rax=0xffffffffffffff00 rbx=0x0000000000000000 rcx=0x00000000000009ec rdx=0x00000000000010ff
  rsi=0x00000000000015aa rdi=0x000000000000a9ec flags=0b000000000010
  xmm0=0x00005c6800005c6800005cd500005cd5 xmm1=0x00002f4900002f4900003a1600003a16 
  xmm2=0x00008f2b00008f2b0000ede90000ede9 xmm3=0x0000be950000be950000c7c50000c7c5 
  xmm4=0x0000e3c90000e3c90000a8730000a873 xmm5=0x000031e0000031e00000d0440000d044 
  xmm6=0x0000e0b30000e0b300008f9600008f96 xmm7=0x0000213800002138000037df000037df 

    > load from +0x9ec value 0x1b50000fe83
0xc1: bt rcx, rsi
  rax=0x000001b50000fe83 rbx=0x0000000000000000 rcx=0x00000000000009ec rdx=0x00000000000010ff
  rsi=0x00000000000015aa rdi=0x000000000000a9ec flags=0b000000000010
  xmm0=0x00005c6800005c6800005cd500005cd5 xmm1=0x00002f4900002f4900003a1600003a16 
  xmm2=0x00008f2b00008f2b0000ede90000ede9 xmm3=0x0000be950000be950000c7c50000c7c5 
  xmm4=0x0000e3c90000e3c90000a8730000a873 xmm5=0x000031e0000031e00000d0440000d044 
  xmm6=0x0000e0b30000e0b300008f9600008f96 xmm7=0x0000213800002138000037df000037df 

0xc5: and rsi, 0b1111111111111
  rax=0x000001b50000fe83 rbx=0x0000000000000000 rcx=0x00000000000009ec rdx=0x00000000000010ff
  rsi=0x00000000000015aa rdi=0x000000000000a9ec flags=0b000000000010
  xmm0=0x00005c6800005c6800005cd500005cd5 xmm1=0x00002f4900002f4900003a1600003a16 
  xmm2=0x00008f2b00008f2b0000ede90000ede9 xmm3=0x0000be950000be950000c7c50000c7c5 
  xmm4=0x0000e3c90000e3c90000a8730000a873 xmm5=0x000031e0000031e00000d0440000d044 
  xmm6=0x0000e0b30000e0b300008f9600008f96 xmm7=0x0000213800002138000037df000037df 

0xcc: movsx rdi, [r14 +rsi]
  rax=0x000001b50000fe83 rbx=0x0000000000000000 rcx=0x00000000000009ec rdx=0x00000000000010ff
  rsi=0x00000000000015aa rdi=0x000000000000a9ec flags=0b000000000110
  xmm0=0x00005c6800005c6800005cd500005cd5 xmm1=0x00002f4900002f4900003a1600003a16 
  xmm2=0x00008f2b00008f2b0000ede90000ede9 xmm3=0x0000be950000be950000c7c50000c7c5 
  xmm4=0x0000e3c90000e3c90000a8730000a873 xmm5=0x000031e0000031e00000d0440000d044 
  xmm6=0x0000e0b30000e0b300008f9600008f96 xmm7=0x0000213800002138000037df000037df 

    > load from +0x15aa value 0x0
0xd1: and rcx, 0b1111111111111
  rax=0x000001b50000fe83 rbx=0x0000000000000000 rcx=0x00000000000009ec rdx=0x00000000000010ff
  rsi=0x00000000000015aa rdi=0x0000000000000000 flags=0b000000000110
  xmm0=0x00005c6800005c6800005cd500005cd5 xmm1=0x00002f4900002f4900003a1600003a16 
  xmm2=0x00008f2b00008f2b0000ede90000ede9 xmm3=0x0000be950000be950000c7c50000c7c5 
  xmm4=0x0000e3c90000e3c90000a8730000a873 xmm5=0x000031e0000031e00000d0440000d044 
  xmm6=0x0000e0b30000e0b300008f9600008f96 xmm7=0x0000213800002138000037df000037df 

0xd8: test [r14 +rcx], al
  rax=0x000001b50000fe83 rbx=0x0000000000000000 rcx=0x00000000000009ec rdx=0x00000000000010ff
  rsi=0x00000000000015aa rdi=0x0000000000000000 flags=0b000000000010
  xmm0=0x00005c6800005c6800005cd500005cd5 xmm1=0x00002f4900002f4900003a1600003a16 
  xmm2=0x00008f2b00008f2b0000ede90000ede9 xmm3=0x0000be950000be950000c7c50000c7c5 
  xmm4=0x0000e3c90000e3c90000a8730000a873 xmm5=0x000031e0000031e00000d0440000d044 
  xmm6=0x0000e0b30000e0b300008f9600008f96 xmm7=0x0000213800002138000037df000037df 

    > load from +0x9ec value 0x83
0xdc: and rax, 0b1111111111111
  rax=0x000001b50000fe83 rbx=0x0000000000000000 rcx=0x00000000000009ec rdx=0x00000000000010ff
  rsi=0x00000000000015aa rdi=0x0000000000000000 flags=0b000010000010
  xmm0=0x00005c6800005c6800005cd500005cd5 xmm1=0x00002f4900002f4900003a1600003a16 
  xmm2=0x00008f2b00008f2b0000ede90000ede9 xmm3=0x0000be950000be950000c7c50000c7c5 
  xmm4=0x0000e3c90000e3c90000a8730000a873 xmm5=0x000031e0000031e00000d0440000d044 
  xmm6=0x0000e0b30000e0b300008f9600008f96 xmm7=0x0000213800002138000037df000037df 

0xe2: cmovnp ecx, [r14 +rax]
  rax=0x0000000000001e83 rbx=0x0000000000000000 rcx=0x00000000000009ec rdx=0x00000000000010ff
  rsi=0x00000000000015aa rdi=0x0000000000000000 flags=0b000000000010
  xmm0=0x00005c6800005c6800005cd500005cd5 xmm1=0x00002f4900002f4900003a1600003a16 
  xmm2=0x00008f2b00008f2b0000ede90000ede9 xmm3=0x0000be950000be950000c7c50000c7c5 
  xmm4=0x0000e3c90000e3c90000a8730000a873 xmm5=0x000031e0000031e00000d0440000d044 
  xmm6=0x0000e0b30000e0b300008f9600008f96 xmm7=0x0000213800002138000037df000037df 

    > load from +0x1e83 value 0xb9800
0xe7: or dil, 0b1000
  rax=0x0000000000001e83 rbx=0x0000000000000000 rcx=0x00000000000b9800 rdx=0x00000000000010ff
  rsi=0x00000000000015aa rdi=0x0000000000000000 flags=0b000000000010
  xmm0=0x00005c6800005c6800005cd500005cd5 xmm1=0x00002f4900002f4900003a1600003a16 
  xmm2=0x00008f2b00008f2b0000ede90000ede9 xmm3=0x0000be950000be950000c7c50000c7c5 
  xmm4=0x0000e3c90000e3c90000a8730000a873 xmm5=0x000031e0000031e00000d0440000d044 
  xmm6=0x0000e0b30000e0b300008f9600008f96 xmm7=0x0000213800002138000037df000037df 

0xeb: and dil, 0b11111000
  rax=0x0000000000001e83 rbx=0x0000000000000000 rcx=0x00000000000b9800 rdx=0x00000000000010ff
  rsi=0x00000000000015aa rdi=0x0000000000000008 flags=0b000000000010
  xmm0=0x00005c6800005c6800005cd500005cd5 xmm1=0x00002f4900002f4900003a1600003a16 
  xmm2=0x00008f2b00008f2b0000ede90000ede9 xmm3=0x0000be950000be950000c7c50000c7c5 
  xmm4=0x0000e3c90000e3c90000a8730000a873 xmm5=0x000031e0000031e00000d0440000d044 
  xmm6=0x0000e0b30000e0b300008f9600008f96 xmm7=0x0000213800002138000037df000037df 

0xef: mov ax, 1
  rax=0x0000000000001e83 rbx=0x0000000000000000 rcx=0x00000000000b9800 rdx=0x00000000000010ff
  rsi=0x00000000000015aa rdi=0x0000000000000008 flags=0b000000000010
  xmm0=0x00005c6800005c6800005cd500005cd5 xmm1=0x00002f4900002f4900003a1600003a16 
  xmm2=0x00008f2b00008f2b0000ede90000ede9 xmm3=0x0000be950000be950000c7c50000c7c5 
  xmm4=0x0000e3c90000e3c90000a8730000a873 xmm5=0x000031e0000031e00000d0440000d044 
  xmm6=0x0000e0b30000e0b300008f9600008f96 xmm7=0x0000213800002138000037df000037df 

0xf3: idiv dil
  rax=0x0000000000000001 rbx=0x0000000000000000 rcx=0x00000000000b9800 rdx=0x00000000000010ff
  rsi=0x00000000000015aa rdi=0x0000000000000008 flags=0b000000000010
  xmm0=0x00005c6800005c6800005cd500005cd5 xmm1=0x00002f4900002f4900003a1600003a16 
  xmm2=0x00008f2b00008f2b0000ede90000ede9 xmm3=0x0000be950000be950000c7c50000c7c5 
  xmm4=0x0000e3c90000e3c90000a8730000a873 xmm5=0x000031e0000031e00000d0440000d044 
  xmm6=0x0000e0b30000e0b300008f9600008f96 xmm7=0x0000213800002138000037df000037df 

0xf6: add dil, -36
  rax=0x0000000000000100 rbx=0x0000000000000000 rcx=0x00000000000b9800 rdx=0x00000000000010ff
  rsi=0x00000000000015aa rdi=0x0000000000000008 flags=0b000000000010
  xmm0=0x00005c6800005c6800005cd500005cd5 xmm1=0x00002f4900002f4900003a1600003a16 
  xmm2=0x00008f2b00008f2b0000ede90000ede9 xmm3=0x0000be950000be950000c7c50000c7c5 
  xmm4=0x0000e3c90000e3c90000a8730000a873 xmm5=0x000031e0000031e00000d0440000d044 
  xmm6=0x0000e0b30000e0b300008f9600008f96 xmm7=0x0000213800002138000037df000037df 

0xfa: setnb al
  rax=0x0000000000000100 rbx=0x0000000000000000 rcx=0x00000000000b9800 rdx=0x00000000000010ff
  rsi=0x00000000000015aa rdi=0x00000000000000e4 flags=0b000010010110
  xmm0=0x00005c6800005c6800005cd500005cd5 xmm1=0x00002f4900002f4900003a1600003a16 
  xmm2=0x00008f2b00008f2b0000ede90000ede9 xmm3=0x0000be950000be950000c7c50000c7c5 
  xmm4=0x0000e3c90000e3c90000a8730000a873 xmm5=0x000031e0000031e00000d0440000d044 
  xmm6=0x0000e0b30000e0b300008f9600008f96 xmm7=0x0000213800002138000037df000037df 

0xfd: and rdx, 0b1111111111111
  rax=0x0000000000000101 rbx=0x0000000000000000 rcx=0x00000000000b9800 rdx=0x00000000000010ff
  rsi=0x00000000000015aa rdi=0x00000000000000e4 flags=0b000010010110
  xmm0=0x00005c6800005c6800005cd500005cd5 xmm1=0x00002f4900002f4900003a1600003a16 
  xmm2=0x00008f2b00008f2b0000ede90000ede9 xmm3=0x0000be950000be950000c7c50000c7c5 
  xmm4=0x0000e3c90000e3c90000a8730000a873 xmm5=0x000031e0000031e00000d0440000d044 
  xmm6=0x0000e0b30000e0b300008f9600008f96 xmm7=0x0000213800002138000037df000037df 

0x104: and rbx, 0b1111111111111
  rax=0x0000000000000101 rbx=0x0000000000000000 rcx=0x00000000000b9800 rdx=0x00000000000010ff
  rsi=0x00000000000015aa rdi=0x00000000000000e4 flags=0b000000000110
  xmm0=0x00005c6800005c6800005cd500005cd5 xmm1=0x00002f4900002f4900003a1600003a16 
  xmm2=0x00008f2b00008f2b0000ede90000ede9 xmm3=0x0000be950000be950000c7c50000c7c5 
  xmm4=0x0000e3c90000e3c90000a8730000a873 xmm5=0x000031e0000031e00000d0440000d044 
  xmm6=0x0000e0b30000e0b300008f9600008f96 xmm7=0x0000213800002138000037df000037df 

0x10b: cmp dil, [r14 +rbx]
  rax=0x0000000000000101 rbx=0x0000000000000000 rcx=0x00000000000b9800 rdx=0x00000000000010ff
  rsi=0x00000000000015aa rdi=0x00000000000000e4 flags=0b000001000110
  xmm0=0x00005c6800005c6800005cd500005cd5 xmm1=0x00002f4900002f4900003a1600003a16 
  xmm2=0x00008f2b00008f2b0000ede90000ede9 xmm3=0x0000be950000be950000c7c50000c7c5 
  xmm4=0x0000e3c90000e3c90000a8730000a873 xmm5=0x000031e0000031e00000d0440000d044 
  xmm6=0x0000e0b30000e0b300008f9600008f96 xmm7=0x0000213800002138000037df000037df 

    > load from +0x0 value 0xec
0x10f: and rcx, 0b1111111111111
  rax=0x0000000000000101 rbx=0x0000000000000000 rcx=0x00000000000b9800 rdx=0x00000000000010ff
  rsi=0x00000000000015aa rdi=0x00000000000000e4 flags=0b000010010011
  xmm0=0x00005c6800005c6800005cd500005cd5 xmm1=0x00002f4900002f4900003a1600003a16 
  xmm2=0x00008f2b00008f2b0000ede90000ede9 xmm3=0x0000be950000be950000c7c50000c7c5 
  xmm4=0x0000e3c90000e3c90000a8730000a873 xmm5=0x000031e0000031e00000d0440000d044 
  xmm6=0x0000e0b30000e0b300008f9600008f96 xmm7=0x0000213800002138000037df000037df 

0x116: sub dl, [r14 +rcx]
  rax=0x0000000000000101 rbx=0x0000000000000000 rcx=0x0000000000001800 rdx=0x00000000000010ff
  rsi=0x00000000000015aa rdi=0x00000000000000e4 flags=0b000000000110
  xmm0=0x00005c6800005c6800005cd500005cd5 xmm1=0x00002f4900002f4900003a1600003a16 
  xmm2=0x00008f2b00008f2b0000ede90000ede9 xmm3=0x0000be950000be950000c7c50000c7c5 
  xmm4=0x0000e3c90000e3c90000a8730000a873 xmm5=0x000031e0000031e00000d0440000d044 
  xmm6=0x0000e0b30000e0b300008f9600008f96 xmm7=0x0000213800002138000037df000037df 

    > load from +0x1800 value 0x42
0x11a: or di, si
  rax=0x0000000000000101 rbx=0x0000000000000000 rcx=0x0000000000001800 rdx=0x00000000000010bd
  rsi=0x00000000000015aa rdi=0x00000000000000e4 flags=0b000010000110
  xmm0=0x00005c6800005c6800005cd500005cd5 xmm1=0x00002f4900002f4900003a1600003a16 
  xmm2=0x00008f2b00008f2b0000ede90000ede9 xmm3=0x0000be950000be950000c7c50000c7c5 
  xmm4=0x0000e3c90000e3c90000a8730000a873 xmm5=0x000031e0000031e00000d0440000d044 
  xmm6=0x0000e0b30000e0b300008f9600008f96 xmm7=0x0000213800002138000037df000037df 

0x11d: and rbx, 0b1111111111111
  rax=0x0000000000000101 rbx=0x0000000000000000 rcx=0x0000000000001800 rdx=0x00000000000010bd
  rsi=0x00000000000015aa rdi=0x00000000000015ee flags=0b000000000110
  xmm0=0x00005c6800005c6800005cd500005cd5 xmm1=0x00002f4900002f4900003a1600003a16 
  xmm2=0x00008f2b00008f2b0000ede90000ede9 xmm3=0x0000be950000be950000c7c50000c7c5 
  xmm4=0x0000e3c90000e3c90000a8730000a873 xmm5=0x000031e0000031e00000d0440000d044 
  xmm6=0x0000e0b30000e0b300008f9600008f96 xmm7=0x0000213800002138000037df000037df 

0x124: mov esi, [r14 +rbx]
  rax=0x0000000000000101 rbx=0x0000000000000000 rcx=0x0000000000001800 rdx=0x00000000000010bd
  rsi=0x00000000000015aa rdi=0x00000000000015ee flags=0b000001000110
  xmm0=0x00005c6800005c6800005cd500005cd5 xmm1=0x00002f4900002f4900003a1600003a16 
  xmm2=0x00008f2b00008f2b0000ede90000ede9 xmm3=0x0000be950000be950000c7c50000c7c5 
  xmm4=0x0000e3c90000e3c90000a8730000a873 xmm5=0x000031e0000031e00000d0440000d044 
  xmm6=0x0000e0b30000e0b300008f9600008f96 xmm7=0x0000213800002138000037df000037df 

    > load from +0x0 value 0xa9ec
0x128: and rcx, 0b1111111111111
  rax=0x0000000000000101 rbx=0x0000000000000000 rcx=0x0000000000001800 rdx=0x00000000000010bd
  rsi=0x000000000000a9ec rdi=0x00000000000015ee flags=0b000001000110
  xmm0=0x00005c6800005c6800005cd500005cd5 xmm1=0x00002f4900002f4900003a1600003a16 
  xmm2=0x00008f2b00008f2b0000ede90000ede9 xmm3=0x0000be950000be950000c7c50000c7c5 
  xmm4=0x0000e3c90000e3c90000a8730000a873 xmm5=0x000031e0000031e00000d0440000d044 
  xmm6=0x0000e0b30000e0b300008f9600008f96 xmm7=0x0000213800002138000037df000037df 

0x12f: xor dil, [r14 +rcx]
  rax=0x0000000000000101 rbx=0x0000000000000000 rcx=0x0000000000001800 rdx=0x00000000000010bd
  rsi=0x000000000000a9ec rdi=0x00000000000015ee flags=0b000000000110
  xmm0=0x00005c6800005c6800005cd500005cd5 xmm1=0x00002f4900002f4900003a1600003a16 
  xmm2=0x00008f2b00008f2b0000ede90000ede9 xmm3=0x0000be950000be950000c7c50000c7c5 
  xmm4=0x0000e3c90000e3c90000a8730000a873 xmm5=0x000031e0000031e00000d0440000d044 
  xmm6=0x0000e0b30000e0b300008f9600008f96 xmm7=0x0000213800002138000037df000037df 

    > load from +0x1800 value 0x42
0x133: and rsi, 0b1111111111111
  rax=0x0000000000000101 rbx=0x0000000000000000 rcx=0x0000000000001800 rdx=0x00000000000010bd
  rsi=0x000000000000a9ec rdi=0x00000000000015ac flags=0b000010000110
  xmm0=0x00005c6800005c6800005cd500005cd5 xmm1=0x00002f4900002f4900003a1600003a16 
  xmm2=0x00008f2b00008f2b0000ede90000ede9 xmm3=0x0000be950000be950000c7c50000c7c5 
  xmm4=0x0000e3c90000e3c90000a8730000a873 xmm5=0x000031e0000031e00000d0440000d044 
  xmm6=0x0000e0b30000e0b300008f9600008f96 xmm7=0x0000213800002138000037df000037df 

0x13a: sbb ax, [r14 +rsi]
  rax=0x0000000000000101 rbx=0x0000000000000000 rcx=0x0000000000001800 rdx=0x00000000000010bd
  rsi=0x00000000000009ec rdi=0x00000000000015ac flags=0b000000000010
  xmm0=0x00005c6800005c6800005cd500005cd5 xmm1=0x00002f4900002f4900003a1600003a16 
  xmm2=0x00008f2b00008f2b0000ede90000ede9 xmm3=0x0000be950000be950000c7c50000c7c5 
  xmm4=0x0000e3c90000e3c90000a8730000a873 xmm5=0x000031e0000031e00000d0440000d044 
  xmm6=0x0000e0b30000e0b300008f9600008f96 xmm7=0x0000213800002138000037df000037df 

    > load from +0x9ec value 0xfe83
0x13f: imul di, ax, -2
  rax=0x000000000000027e rbx=0x0000000000000000 rcx=0x0000000000001800 rdx=0x00000000000010bd
  rsi=0x00000000000009ec rdi=0x00000000000015ac flags=0b000000010111
  xmm0=0x00005c6800005c6800005cd500005cd5 xmm1=0x00002f4900002f4900003a1600003a16 
  xmm2=0x00008f2b00008f2b0000ede90000ede9 xmm3=0x0000be950000be950000c7c50000c7c5 
  xmm4=0x0000e3c90000e3c90000a8730000a873 xmm5=0x000031e0000031e00000d0440000d044 
  xmm6=0x0000e0b30000e0b300008f9600008f96 xmm7=0x0000213800002138000037df000037df 

0x143: add sil, 101
  rax=0x000000000000027e rbx=0x0000000000000000 rcx=0x0000000000001800 rdx=0x00000000000010bd
  rsi=0x00000000000009ec rdi=0x000000000000fb04 flags=0b000010000010
  xmm0=0x00005c6800005c6800005cd500005cd5 xmm1=0x00002f4900002f4900003a1600003a16 
  xmm2=0x00008f2b00008f2b0000ede90000ede9 xmm3=0x0000be950000be950000c7c50000c7c5 
  xmm4=0x0000e3c90000e3c90000a8730000a873 xmm5=0x000031e0000031e00000d0440000d044 
  xmm6=0x0000e0b30000e0b300008f9600008f96 xmm7=0x0000213800002138000037df000037df 

0x147: setnz bl
  rax=0x000000000000027e rbx=0x0000000000000000 rcx=0x0000000000001800 rdx=0x00000000000010bd
  rsi=0x0000000000000951 rdi=0x000000000000fb04 flags=0b000000010011
  xmm0=0x00005c6800005c6800005cd500005cd5 xmm1=0x00002f4900002f4900003a1600003a16 
  xmm2=0x00008f2b00008f2b0000ede90000ede9 xmm3=0x0000be950000be950000c7c50000c7c5 
  xmm4=0x0000e3c90000e3c90000a8730000a873 xmm5=0x000031e0000031e00000d0440000d044 
  xmm6=0x0000e0b30000e0b300008f9600008f96 xmm7=0x0000213800002138000037df000037df 

0x14a: bts rax, 255
  rax=0x000000000000027e rbx=0x0000000000000001 rcx=0x0000000000001800 rdx=0x00000000000010bd
  rsi=0x0000000000000951 rdi=0x000000000000fb04 flags=0b000000010011
  xmm0=0x00005c6800005c6800005cd500005cd5 xmm1=0x00002f4900002f4900003a1600003a16 
  xmm2=0x00008f2b00008f2b0000ede90000ede9 xmm3=0x0000be950000be950000c7c50000c7c5 
  xmm4=0x0000e3c90000e3c90000a8730000a873 xmm5=0x000031e0000031e00000d0440000d044 
  xmm6=0x0000e0b30000e0b300008f9600008f96 xmm7=0x0000213800002138000037df000037df 

0x14f: and rdi, 0b1111111111111
  rax=0x800000000000027e rbx=0x0000000000000001 rcx=0x0000000000001800 rdx=0x00000000000010bd
  rsi=0x0000000000000951 rdi=0x000000000000fb04 flags=0b000000000010
  xmm0=0x00005c6800005c6800005cd500005cd5 xmm1=0x00002f4900002f4900003a1600003a16 
  xmm2=0x00008f2b00008f2b0000ede90000ede9 xmm3=0x0000be950000be950000c7c50000c7c5 
  xmm4=0x0000e3c90000e3c90000a8730000a873 xmm5=0x000031e0000031e00000d0440000d044 
  xmm6=0x0000e0b30000e0b300008f9600008f96 xmm7=0x0000213800002138000037df000037df 

0x156: adc ebx, [r14 +rdi]
  rax=0x800000000000027e rbx=0x0000000000000001 rcx=0x0000000000001800 rdx=0x00000000000010bd
  rsi=0x0000000000000951 rdi=0x0000000000001b04 flags=0b000000000010
  xmm0=0x00005c6800005c6800005cd500005cd5 xmm1=0x00002f4900002f4900003a1600003a16 
  xmm2=0x00008f2b00008f2b0000ede90000ede9 xmm3=0x0000be950000be950000c7c50000c7c5 
  xmm4=0x0000e3c90000e3c90000a8730000a873 xmm5=0x000031e0000031e00000d0440000d044 
  xmm6=0x0000e0b30000e0b300008f9600008f96 xmm7=0x0000213800002138000037df000037df 

    > load from +0x1b04 value 0xffda
0x15a: and rbx, 0b1111111111111
  rax=0x800000000000027e rbx=0x000000000000ffdb rcx=0x0000000000001800 rdx=0x00000000000010bd
  rsi=0x0000000000000951 rdi=0x0000000000001b04 flags=0b000000000110
  xmm0=0x00005c6800005c6800005cd500005cd5 xmm1=0x00002f4900002f4900003a1600003a16 
  xmm2=0x00008f2b00008f2b0000ede90000ede9 xmm3=0x0000be950000be950000c7c50000c7c5 
  xmm4=0x0000e3c90000e3c90000a8730000a873 xmm5=0x000031e0000031e00000d0440000d044 
  xmm6=0x0000e0b30000e0b300008f9600008f96 xmm7=0x0000213800002138000037df000037df 

0x161: test [r14 +rbx], sil
  rax=0x800000000000027e rbx=0x0000000000001fdb rcx=0x0000000000001800 rdx=0x00000000000010bd
  rsi=0x0000000000000951 rdi=0x0000000000001b04 flags=0b000000000110
  xmm0=0x00005c6800005c6800005cd500005cd5 xmm1=0x00002f4900002f4900003a1600003a16 
  xmm2=0x00008f2b00008f2b0000ede90000ede9 xmm3=0x0000be950000be950000c7c50000c7c5 
  xmm4=0x0000e3c90000e3c90000a8730000a873 xmm5=0x000031e0000031e00000d0440000d044 
  xmm6=0x0000e0b30000e0b300008f9600008f96 xmm7=0x0000213800002138000037df000037df 

    > load from +0x1fdb value 0x0
0x165: and dx, 99
  rax=0x800000000000027e rbx=0x0000000000001fdb rcx=0x0000000000001800 rdx=0x00000000000010bd
  rsi=0x0000000000000951 rdi=0x0000000000001b04 flags=0b000001000110
  xmm0=0x00005c6800005c6800005cd500005cd5 xmm1=0x00002f4900002f4900003a1600003a16 
  xmm2=0x00008f2b00008f2b0000ede90000ede9 xmm3=0x0000be950000be950000c7c50000c7c5 
  xmm4=0x0000e3c90000e3c90000a8730000a873 xmm5=0x000031e0000031e00000d0440000d044 
  xmm6=0x0000e0b30000e0b300008f9600008f96 xmm7=0x0000213800002138000037df000037df 

0x169: stc 
  rax=0x800000000000027e rbx=0x0000000000001fdb rcx=0x0000000000001800 rdx=0x0000000000000021
  rsi=0x0000000000000951 rdi=0x0000000000001b04 flags=0b000000000110
  xmm0=0x00005c6800005c6800005cd500005cd5 xmm1=0x00002f4900002f4900003a1600003a16 
  xmm2=0x00008f2b00008f2b0000ede90000ede9 xmm3=0x0000be950000be950000c7c50000c7c5 
  xmm4=0x0000e3c90000e3c90000a8730000a873 xmm5=0x000031e0000031e00000d0440000d044 
  xmm6=0x0000e0b30000e0b300008f9600008f96 xmm7=0x0000213800002138000037df000037df 

0x16a: and si, si
  rax=0x800000000000027e rbx=0x0000000000001fdb rcx=0x0000000000001800 rdx=0x0000000000000021
  rsi=0x0000000000000951 rdi=0x0000000000001b04 flags=0b000000000111
  xmm0=0x00005c6800005c6800005cd500005cd5 xmm1=0x00002f4900002f4900003a1600003a16 
  xmm2=0x00008f2b00008f2b0000ede90000ede9 xmm3=0x0000be950000be950000c7c50000c7c5 
  xmm4=0x0000e3c90000e3c90000a8730000a873 xmm5=0x000031e0000031e00000d0440000d044 
  xmm6=0x0000e0b30000e0b300008f9600008f96 xmm7=0x0000213800002138000037df000037df 

0x16d: xchg bl, bl
  rax=0x800000000000027e rbx=0x0000000000001fdb rcx=0x0000000000001800 rdx=0x0000000000000021
  rsi=0x0000000000000951 rdi=0x0000000000001b04 flags=0b000000000010
  xmm0=0x00005c6800005c6800005cd500005cd5 xmm1=0x00002f4900002f4900003a1600003a16 
  xmm2=0x00008f2b00008f2b0000ede90000ede9 xmm3=0x0000be950000be950000c7c50000c7c5 
  xmm4=0x0000e3c90000e3c90000a8730000a873 xmm5=0x000031e0000031e00000d0440000d044 
  xmm6=0x0000e0b30000e0b300008f9600008f96 xmm7=0x0000213800002138000037df000037df 

0x16f: or ecx, 0b1000
  rax=0x800000000000027e rbx=0x0000000000001fdb rcx=0x0000000000001800 rdx=0x0000000000000021
  rsi=0x0000000000000951 rdi=0x0000000000001b04 flags=0b000000000010
  xmm0=0x00005c6800005c6800005cd500005cd5 xmm1=0x00002f4900002f4900003a1600003a16 
  xmm2=0x00008f2b00008f2b0000ede90000ede9 xmm3=0x0000be950000be950000c7c50000c7c5 
  xmm4=0x0000e3c90000e3c90000a8730000a873 xmm5=0x000031e0000031e00000d0440000d044 
  xmm6=0x0000e0b30000e0b300008f9600008f96 xmm7=0x0000213800002138000037df000037df 

0x172: and cl, 0b11111000
  rax=0x800000000000027e rbx=0x0000000000001fdb rcx=0x0000000000001808 rdx=0x0000000000000021
  rsi=0x0000000000000951 rdi=0x0000000000001b04 flags=0b000000000010
  xmm0=0x00005c6800005c6800005cd500005cd5 xmm1=0x00002f4900002f4900003a1600003a16 
  xmm2=0x00008f2b00008f2b0000ede90000ede9 xmm3=0x0000be950000be950000c7c50000c7c5 
  xmm4=0x0000e3c90000e3c90000a8730000a873 xmm5=0x000031e0000031e00000d0440000d044 
  xmm6=0x0000e0b30000e0b300008f9600008f96 xmm7=0x0000213800002138000037df000037df 

0x175: and edx, 0b11
  rax=0x800000000000027e rbx=0x0000000000001fdb rcx=0x0000000000001808 rdx=0x0000000000000021
  rsi=0x0000000000000951 rdi=0x0000000000001b04 flags=0b000000000010
  xmm0=0x00005c6800005c6800005cd500005cd5 xmm1=0x00002f4900002f4900003a1600003a16 
  xmm2=0x00008f2b00008f2b0000ede90000ede9 xmm3=0x0000be950000be950000c7c50000c7c5 
  xmm4=0x0000e3c90000e3c90000a8730000a873 xmm5=0x000031e0000031e00000d0440000d044 
  xmm6=0x0000e0b30000e0b300008f9600008f96 xmm7=0x0000213800002138000037df000037df 

0x178: idiv ecx
  rax=0x800000000000027e rbx=0x0000000000001fdb rcx=0x0000000000001808 rdx=0x0000000000000001
  rsi=0x0000000000000951 rdi=0x0000000000001b04 flags=0b000000000010
  xmm0=0x00005c6800005c6800005cd500005cd5 xmm1=0x00002f4900002f4900003a1600003a16 
  xmm2=0x00008f2b00008f2b0000ede90000ede9 xmm3=0x0000be950000be950000c7c50000c7c5 
  xmm4=0x0000e3c90000e3c90000a8730000a873 xmm5=0x000031e0000031e00000d0440000d044 
  xmm6=0x0000e0b30000e0b300008f9600008f96 xmm7=0x0000213800002138000037df000037df 

0x17a: add sil, 20
  rax=0x00000000000aa71d rbx=0x0000000000001fdb rcx=0x0000000000001808 rdx=0x0000000000001196
  rsi=0x0000000000000951 rdi=0x0000000000001b04 flags=0b000000000010
  xmm0=0x00005c6800005c6800005cd500005cd5 xmm1=0x00002f4900002f4900003a1600003a16 
  xmm2=0x00008f2b00008f2b0000ede90000ede9 xmm3=0x0000be950000be950000c7c50000c7c5 
  xmm4=0x0000e3c90000e3c90000a8730000a873 xmm5=0x000031e0000031e00000d0440000d044 
  xmm6=0x0000e0b30000e0b300008f9600008f96 xmm7=0x0000213800002138000037df000037df 

0x17e: adc bl, al
  rax=0x00000000000aa71d rbx=0x0000000000001fdb rcx=0x0000000000001808 rdx=0x0000000000001196
  rsi=0x0000000000000965 rdi=0x0000000000001b04 flags=0b000000000110
  xmm0=0x00005c6800005c6800005cd500005cd5 xmm1=0x00002f4900002f4900003a1600003a16 
  xmm2=0x00008f2b00008f2b0000ede90000ede9 xmm3=0x0000be950000be950000c7c50000c7c5 
  xmm4=0x0000e3c90000e3c90000a8730000a873 xmm5=0x000031e0000031e00000d0440000d044 
  xmm6=0x0000e0b30000e0b300008f9600008f96 xmm7=0x0000213800002138000037df000037df 

0x180: sbb dil, -122
  rax=0x00000000000aa71d rbx=0x0000000000001ff8 rcx=0x0000000000001808 rdx=0x0000000000001196
  rsi=0x0000000000000965 rdi=0x0000000000001b04 flags=0b000010010010
  xmm0=0x00005c6800005c6800005cd500005cd5 xmm1=0x00002f4900002f4900003a1600003a16 
  xmm2=0x00008f2b00008f2b0000ede90000ede9 xmm3=0x0000be950000be950000c7c50000c7c5 
  xmm4=0x0000e3c90000e3c90000a8730000a873 xmm5=0x000031e0000031e00000d0440000d044 
  xmm6=0x0000e0b30000e0b300008f9600008f96 xmm7=0x0000213800002138000037df000037df 

0x184: and rcx, 0b1111111111111
  rax=0x00000000000aa71d rbx=0x0000000000001ff8 rcx=0x0000000000001808 rdx=0x0000000000001196
  rsi=0x0000000000000965 rdi=0x0000000000001b7e flags=0b000000010111
  xmm0=0x00005c6800005c6800005cd500005cd5 xmm1=0x00002f4900002f4900003a1600003a16 
  xmm2=0x00008f2b00008f2b0000ede90000ede9 xmm3=0x0000be950000be950000c7c50000c7c5 
  xmm4=0x0000e3c90000e3c90000a8730000a873 xmm5=0x000031e0000031e00000d0440000d044 
  xmm6=0x0000e0b30000e0b300008f9600008f96 xmm7=0x0000213800002138000037df000037df 

0x18b: movzx di, [r14 +rcx]
  rax=0x00000000000aa71d rbx=0x0000000000001ff8 rcx=0x0000000000001808 rdx=0x0000000000001196
  rsi=0x0000000000000965 rdi=0x0000000000001b7e flags=0b000000000010
  xmm0=0x00005c6800005c6800005cd500005cd5 xmm1=0x00002f4900002f4900003a1600003a16 
  xmm2=0x00008f2b00008f2b0000ede90000ede9 xmm3=0x0000be950000be950000c7c50000c7c5 
  xmm4=0x0000e3c90000e3c90000a8730000a873 xmm5=0x000031e0000031e00000d0440000d044 
  xmm6=0x0000e0b30000e0b300008f9600008f96 xmm7=0x0000213800002138000037df000037df 

    > load from +0x1808 value 0xdd
0x191: and rdi, 0b1111111111111
  rax=0x00000000000aa71d rbx=0x0000000000001ff8 rcx=0x0000000000001808 rdx=0x0000000000001196
  rsi=0x0000000000000965 rdi=0x00000000000000dd flags=0b000000000010
  xmm0=0x00005c6800005c6800005cd500005cd5 xmm1=0x00002f4900002f4900003a1600003a16 
  xmm2=0x00008f2b00008f2b0000ede90000ede9 xmm3=0x0000be950000be950000c7c50000c7c5 
  xmm4=0x0000e3c90000e3c90000a8730000a873 xmm5=0x000031e0000031e00000d0440000d044 
  xmm6=0x0000e0b30000e0b300008f9600008f96 xmm7=0x0000213800002138000037df000037df 

0x198: or bl, [r14 +rdi]
  rax=0x00000000000aa71d rbx=0x0000000000001ff8 rcx=0x0000000000001808 rdx=0x0000000000001196
  rsi=0x0000000000000965 rdi=0x00000000000000dd flags=0b000000000110
  xmm0=0x00005c6800005c6800005cd500005cd5 xmm1=0x00002f4900002f4900003a1600003a16 
  xmm2=0x00008f2b00008f2b0000ede90000ede9 xmm3=0x0000be950000be950000c7c50000c7c5 
  xmm4=0x0000e3c90000e3c90000a8730000a873 xmm5=0x000031e0000031e00000d0440000d044 
  xmm6=0x0000e0b30000e0b300008f9600008f96 xmm7=0x0000213800002138000037df000037df 

    > load from +0xdd value 0x7c
0x19c: and rax, -1051541325
  rax=0x00000000000aa71d rbx=0x0000000000001ffc rcx=0x0000000000001808 rdx=0x0000000000001196
  rsi=0x0000000000000965 rdi=0x00000000000000dd flags=0b000010000110
  xmm0=0x00005c6800005c6800005cd500005cd5 xmm1=0x00002f4900002f4900003a1600003a16 
  xmm2=0x00008f2b00008f2b0000ede90000ede9 xmm3=0x0000be950000be950000c7c50000c7c5 
  xmm4=0x0000e3c90000e3c90000a8730000a873 xmm5=0x000031e0000031e00000d0440000d044 
  xmm6=0x0000e0b30000e0b300008f9600008f96 xmm7=0x0000213800002138000037df000037df 

0x1a2: macro .switch, .actor2.function_actor2_1
  rax=0x0000000000028011 rbx=0x0000000000001ffc rcx=0x0000000000001808 rdx=0x0000000000001196
  rsi=0x0000000000000965 rdi=0x00000000000000dd flags=0b000000000110
  xmm0=0x00005c6800005c6800005cd500005cd5 xmm1=0x00002f4900002f4900003a1600003a16 
  xmm2=0x00008f2b00008f2b0000ede90000ede9 xmm3=0x0000be950000be950000c7c50000c7c5 
  xmm4=0x0000e3c90000e3c90000a8730000a873 xmm5=0x000031e0000031e00000d0440000d044 
  xmm6=0x0000e0b30000e0b300008f9600008f96 xmm7=0x0000213800002138000037df000037df 

0x3175: pushfq 
  rax=0x0000000000028011 rbx=0x0000000000001ffc rcx=0x0000000000001808 rdx=0x0000000000001196
  rsi=0x0000000000000965 rdi=0x00000000000000dd flags=0b000000000110
  xmm0=0x00005c6800005c6800005cd500005cd5 xmm1=0x00002f4900002f4900003a1600003a16 
  xmm2=0x00008f2b00008f2b0000ede90000ede9 xmm3=0x0000be950000be950000c7c50000c7c5 
  xmm4=0x0000e3c90000e3c90000a8730000a873 xmm5=0x000031e0000031e00000d0440000d044 
  xmm6=0x0000e0b30000e0b300008f9600008f96 xmm7=0x0000213800002138000037df000037df 

    > store to +0x4ff0 value 0x6
0x3176: push rax
  rax=0x0000000000028011 rbx=0x0000000000001ffc rcx=0x0000000000001808 rdx=0x0000000000001196
  rsi=0x0000000000000965 rdi=0x00000000000000dd flags=0b000000000110
  xmm0=0x00005c6800005c6800005cd500005cd5 xmm1=0x00002f4900002f4900003a1600003a16 
  xmm2=0x00008f2b00008f2b0000ede90000ede9 xmm3=0x0000be950000be950000c7c50000c7c5 
  xmm4=0x0000e3c90000e3c90000a8730000a873 xmm5=0x000031e0000031e00000d0440000d044 
  xmm6=0x0000e0b30000e0b300008f9600008f96 xmm7=0x0000213800002138000037df000037df 

    > store to +0x4fe8 value 0x28011
0x3177: push rcx
  rax=0x0000000000028011 rbx=0x0000000000001ffc rcx=0x0000000000001808 rdx=0x0000000000001196
  rsi=0x0000000000000965 rdi=0x00000000000000dd flags=0b000000000110
  xmm0=0x00005c6800005c6800005cd500005cd5 xmm1=0x00002f4900002f4900003a1600003a16 
  xmm2=0x00008f2b00008f2b0000ede90000ede9 xmm3=0x0000be950000be950000c7c50000c7c5 
  xmm4=0x0000e3c90000e3c90000a8730000a873 xmm5=0x000031e0000031e00000d0440000d044 
  xmm6=0x0000e0b30000e0b300008f9600008f96 xmm7=0x0000213800002138000037df000037df 

    > store to +0x4fe0 value 0x1808
0x3178: push rdx
  rax=0x0000000000028011 rbx=0x0000000000001ffc rcx=0x0000000000001808 rdx=0x0000000000001196
  rsi=0x0000000000000965 rdi=0x00000000000000dd flags=0b000000000110
  xmm0=0x00005c6800005c6800005cd500005cd5 xmm1=0x00002f4900002f4900003a1600003a16 
  xmm2=0x00008f2b00008f2b0000ede90000ede9 xmm3=0x0000be950000be950000c7c50000c7c5 
  xmm4=0x0000e3c90000e3c90000a8730000a873 xmm5=0x000031e0000031e00000d0440000d044 
  xmm6=0x0000e0b30000e0b300008f9600008f96 xmm7=0x0000213800002138000037df000037df 

    > store to +0x4fd8 value 0x1196
0x3179: mov ecx, 0x48
  rax=0x0000000000028011 rbx=0x0000000000001ffc rcx=0x0000000000001808 rdx=0x0000000000001196
  rsi=0x0000000000000965 rdi=0x00000000000000dd flags=0b000000000110
  xmm0=0x00005c6800005c6800005cd500005cd5 xmm1=0x00002f4900002f4900003a1600003a16 
  xmm2=0x00008f2b00008f2b0000ede90000ede9 xmm3=0x0000be950000be950000c7c50000c7c5 
  xmm4=0x0000e3c90000e3c90000a8730000a873 xmm5=0x000031e0000031e00000d0440000d044 
  xmm6=0x0000e0b30000e0b300008f9600008f96 xmm7=0x0000213800002138000037df000037df 

0x317e: rdmsr 
  rax=0x0000000000028011 rbx=0x0000000000001ffc rcx=0x0000000000000048 rdx=0x0000000000001196
  rsi=0x0000000000000965 rdi=0x00000000000000dd flags=0b000000000110
  xmm0=0x00005c6800005c6800005cd500005cd5 xmm1=0x00002f4900002f4900003a1600003a16 
  xmm2=0x00008f2b00008f2b0000ede90000ede9 xmm3=0x0000be950000be950000c7c50000c7c5 
  xmm4=0x0000e3c90000e3c90000a8730000a873 xmm5=0x000031e0000031e00000d0440000d044 
  xmm6=0x0000e0b30000e0b300008f9600008f96 xmm7=0x0000213800002138000037df000037df 

0x3180: and eax, 0xfffffffb
  rax=0x0000000000000000 rbx=0x0000000000001ffc rcx=0x0000000000000048 rdx=0x0000000000000000
  rsi=0x0000000000000965 rdi=0x00000000000000dd flags=0b000000000110
  xmm0=0x00005c6800005c6800005cd500005cd5 xmm1=0x00002f4900002f4900003a1600003a16 
  xmm2=0x00008f2b00008f2b0000ede90000ede9 xmm3=0x0000be950000be950000c7c50000c7c5 
  xmm4=0x0000e3c90000e3c90000a8730000a873 xmm5=0x000031e0000031e00000d0440000d044 
  xmm6=0x0000e0b30000e0b300008f9600008f96 xmm7=0x0000213800002138000037df000037df 

0x3183: or eax, 0x100
  rax=0x0000000000000000 rbx=0x0000000000001ffc rcx=0x0000000000000048 rdx=0x0000000000000000
  rsi=0x0000000000000965 rdi=0x00000000000000dd flags=0b000001000110
  xmm0=0x00005c6800005c6800005cd500005cd5 xmm1=0x00002f4900002f4900003a1600003a16 
  xmm2=0x00008f2b00008f2b0000ede90000ede9 xmm3=0x0000be950000be950000c7c50000c7c5 
  xmm4=0x0000e3c90000e3c90000a8730000a873 xmm5=0x000031e0000031e00000d0440000d044 
  xmm6=0x0000e0b30000e0b300008f9600008f96 xmm7=0x0000213800002138000037df000037df 

0x3188: wrmsr 
  rax=0x0000000000000100 rbx=0x0000000000001ffc rcx=0x0000000000000048 rdx=0x0000000000000000
  rsi=0x0000000000000965 rdi=0x00000000000000dd flags=0b000000000110
  xmm0=0x00005c6800005c6800005cd500005cd5 xmm1=0x00002f4900002f4900003a1600003a16 
  xmm2=0x00008f2b00008f2b0000ede90000ede9 xmm3=0x0000be950000be950000c7c50000c7c5 
  xmm4=0x0000e3c90000e3c90000a8730000a873 xmm5=0x000031e0000031e00000d0440000d044 
  xmm6=0x0000e0b30000e0b300008f9600008f96 xmm7=0x0000213800002138000037df000037df 

0x318a: mfence 
  rax=0x0000000000000100 rbx=0x0000000000001ffc rcx=0x0000000000000048 rdx=0x0000000000000000
  rsi=0x0000000000000965 rdi=0x00000000000000dd flags=0b000000000110
  xmm0=0x00005c6800005c6800005cd500005cd5 xmm1=0x00002f4900002f4900003a1600003a16 
  xmm2=0x00008f2b00008f2b0000ede90000ede9 xmm3=0x0000be950000be950000c7c50000c7c5 
  xmm4=0x0000e3c90000e3c90000a8730000a873 xmm5=0x000031e0000031e00000d0440000d044 
  xmm6=0x0000e0b30000e0b300008f9600008f96 xmm7=0x0000213800002138000037df000037df 

0x318d: lfence 
  rax=0x0000000000000100 rbx=0x0000000000001ffc rcx=0x0000000000000048 rdx=0x0000000000000000
  rsi=0x0000000000000965 rdi=0x00000000000000dd flags=0b000000000110
  xmm0=0x00005c6800005c6800005cd500005cd5 xmm1=0x00002f4900002f4900003a1600003a16 
  xmm2=0x00008f2b00008f2b0000ede90000ede9 xmm3=0x0000be950000be950000c7c50000c7c5 
  xmm4=0x0000e3c90000e3c90000a8730000a873 xmm5=0x000031e0000031e00000d0440000d044 
  xmm6=0x0000e0b30000e0b300008f9600008f96 xmm7=0x0000213800002138000037df000037df 

0x3190: macro .measurement_end, .noarg
  rax=0x0000000000000100 rbx=0x0000000000001ffc rcx=0x0000000000000048 rdx=0x0000000000000000
  rsi=0x0000000000000965 rdi=0x00000000000000dd flags=0b000000000110
  xmm0=0x00005c6800005c6800005cd500005cd5 xmm1=0x00002f4900002f4900003a1600003a16 
  xmm2=0x00008f2b00008f2b0000ede90000ede9 xmm3=0x0000be950000be950000c7c50000c7c5 
  xmm4=0x0000e3c90000e3c90000a8730000a873 xmm5=0x000031e0000031e00000d0440000d044 
  xmm6=0x0000e0b30000e0b300008f9600008f96 xmm7=0x0000213800002138000037df000037df 

0x3198: mov ecx, 0x48
  rax=0x0000000000000100 rbx=0x0000000000001ffc rcx=0x0000000000000048 rdx=0x0000000000000000
  rsi=0x0000000000000965 rdi=0x00000000000000dd flags=0b000000000110
  xmm0=0x00005c6800005c6800005cd500005cd5 xmm1=0x00002f4900002f4900003a1600003a16 
  xmm2=0x00008f2b00008f2b0000ede90000ede9 xmm3=0x0000be950000be950000c7c50000c7c5 
  xmm4=0x0000e3c90000e3c90000a8730000a873 xmm5=0x000031e0000031e00000d0440000d044 
  xmm6=0x0000e0b30000e0b300008f9600008f96 xmm7=0x0000213800002138000037df000037df 

0x319d: rdmsr 
  rax=0x0000000000000100 rbx=0x0000000000001ffc rcx=0x0000000000000048 rdx=0x0000000000000000
  rsi=0x0000000000000965 rdi=0x00000000000000dd flags=0b000000000110
  xmm0=0x00005c6800005c6800005cd500005cd5 xmm1=0x00002f4900002f4900003a1600003a16 
  xmm2=0x00008f2b00008f2b0000ede90000ede9 xmm3=0x0000be950000be950000c7c50000c7c5 
  xmm4=0x0000e3c90000e3c90000a8730000a873 xmm5=0x000031e0000031e00000d0440000d044 
  xmm6=0x0000e0b30000e0b300008f9600008f96 xmm7=0x0000213800002138000037df000037df 

0x319f: and eax, 0xfffffffb
  rax=0x0000000000000000 rbx=0x0000000000001ffc rcx=0x0000000000000048 rdx=0x0000000000000000
  rsi=0x0000000000000965 rdi=0x00000000000000dd flags=0b000000000110
  xmm0=0x00005c6800005c6800005cd500005cd5 xmm1=0x00002f4900002f4900003a1600003a16 
  xmm2=0x00008f2b00008f2b0000ede90000ede9 xmm3=0x0000be950000be950000c7c50000c7c5 
  xmm4=0x0000e3c90000e3c90000a8730000a873 xmm5=0x000031e0000031e00000d0440000d044 
  xmm6=0x0000e0b30000e0b300008f9600008f96 xmm7=0x0000213800002138000037df000037df 

0x31a2: and eax, 0xfffffeff
  rax=0x0000000000000000 rbx=0x0000000000001ffc rcx=0x0000000000000048 rdx=0x0000000000000000
  rsi=0x0000000000000965 rdi=0x00000000000000dd flags=0b000001000110
  xmm0=0x00005c6800005c6800005cd500005cd5 xmm1=0x00002f4900002f4900003a1600003a16 
  xmm2=0x00008f2b00008f2b0000ede90000ede9 xmm3=0x0000be950000be950000c7c50000c7c5 
  xmm4=0x0000e3c90000e3c90000a8730000a873 xmm5=0x000031e0000031e00000d0440000d044 
  xmm6=0x0000e0b30000e0b300008f9600008f96 xmm7=0x0000213800002138000037df000037df 

0x31a7: wrmsr 
  rax=0x0000000000000000 rbx=0x0000000000001ffc rcx=0x0000000000000048 rdx=0x0000000000000000
  rsi=0x0000000000000965 rdi=0x00000000000000dd flags=0b000001000110
  xmm0=0x00005c6800005c6800005cd500005cd5 xmm1=0x00002f4900002f4900003a1600003a16 
  xmm2=0x00008f2b00008f2b0000ede90000ede9 xmm3=0x0000be950000be950000c7c50000c7c5 
  xmm4=0x0000e3c90000e3c90000a8730000a873 xmm5=0x000031e0000031e00000d0440000d044 
  xmm6=0x0000e0b30000e0b300008f9600008f96 xmm7=0x0000213800002138000037df000037df 

0x31a9: mfence 
  rax=0x0000000000000000 rbx=0x0000000000001ffc rcx=0x0000000000000048 rdx=0x0000000000000000
  rsi=0x0000000000000965 rdi=0x00000000000000dd flags=0b000001000110
  xmm0=0x00005c6800005c6800005cd500005cd5 xmm1=0x00002f4900002f4900003a1600003a16 
  xmm2=0x00008f2b00008f2b0000ede90000ede9 xmm3=0x0000be950000be950000c7c50000c7c5 
  xmm4=0x0000e3c90000e3c90000a8730000a873 xmm5=0x000031e0000031e00000d0440000d044 
  xmm6=0x0000e0b30000e0b300008f9600008f96 xmm7=0x0000213800002138000037df000037df 

0x31ac: lfence 
  rax=0x0000000000000000 rbx=0x0000000000001ffc rcx=0x0000000000000048 rdx=0x0000000000000000
  rsi=0x0000000000000965 rdi=0x00000000000000dd flags=0b000001000110
  xmm0=0x00005c6800005c6800005cd500005cd5 xmm1=0x00002f4900002f4900003a1600003a16 
  xmm2=0x00008f2b00008f2b0000ede90000ede9 xmm3=0x0000be950000be950000c7c50000c7c5 
  xmm4=0x0000e3c90000e3c90000a8730000a873 xmm5=0x000031e0000031e00000d0440000d044 
  xmm6=0x0000e0b30000e0b300008f9600008f96 xmm7=0x0000213800002138000037df000037df 

0x31af: pop rdx
  rax=0x0000000000000000 rbx=0x0000000000001ffc rcx=0x0000000000000048 rdx=0x0000000000000000
  rsi=0x0000000000000965 rdi=0x00000000000000dd flags=0b000001000110
  xmm0=0x00005c6800005c6800005cd500005cd5 xmm1=0x00002f4900002f4900003a1600003a16 
  xmm2=0x00008f2b00008f2b0000ede90000ede9 xmm3=0x0000be950000be950000c7c50000c7c5 
  xmm4=0x0000e3c90000e3c90000a8730000a873 xmm5=0x000031e0000031e00000d0440000d044 
  xmm6=0x0000e0b30000e0b300008f9600008f96 xmm7=0x0000213800002138000037df000037df 

    > load from +0x4fd8 value 0x1196
0x31b0: pop rcx
  rax=0x0000000000000000 rbx=0x0000000000001ffc rcx=0x0000000000000048 rdx=0x0000000000001196
  rsi=0x0000000000000965 rdi=0x00000000000000dd flags=0b000001000110
  xmm0=0x00005c6800005c6800005cd500005cd5 xmm1=0x00002f4900002f4900003a1600003a16 
  xmm2=0x00008f2b00008f2b0000ede90000ede9 xmm3=0x0000be950000be950000c7c50000c7c5 
  xmm4=0x0000e3c90000e3c90000a8730000a873 xmm5=0x000031e0000031e00000d0440000d044 
  xmm6=0x0000e0b30000e0b300008f9600008f96 xmm7=0x0000213800002138000037df000037df 

    > load from +0x4fe0 value 0x1808
0x31b1: pop rax
  rax=0x0000000000000000 rbx=0x0000000000001ffc rcx=0x0000000000001808 rdx=0x0000000000001196
  rsi=0x0000000000000965 rdi=0x00000000000000dd flags=0b000001000110
  xmm0=0x00005c6800005c6800005cd500005cd5 xmm1=0x00002f4900002f4900003a1600003a16 
  xmm2=0x00008f2b00008f2b0000ede90000ede9 xmm3=0x0000be950000be950000c7c50000c7c5 
  xmm4=0x0000e3c90000e3c90000a8730000a873 xmm5=0x000031e0000031e00000d0440000d044 
  xmm6=0x0000e0b30000e0b300008f9600008f96 xmm7=0x0000213800002138000037df000037df 

    > load from +0x4fe8 value 0x28011
0x31b2: popfq 
  rax=0x0000000000028011 rbx=0x0000000000001ffc rcx=0x0000000000001808 rdx=0x0000000000001196
  rsi=0x0000000000000965 rdi=0x00000000000000dd flags=0b000001000110
  xmm0=0x00005c6800005c6800005cd500005cd5 xmm1=0x00002f4900002f4900003a1600003a16 
  xmm2=0x00008f2b00008f2b0000ede90000ede9 xmm3=0x0000be950000be950000c7c50000c7c5 
  xmm4=0x0000e3c90000e3c90000a8730000a873 xmm5=0x000031e0000031e00000d0440000d044 
  xmm6=0x0000e0b30000e0b300008f9600008f96 xmm7=0x0000213800002138000037df000037df 

    > load from +0x4ff0 value 0x6
0x31b3: macro .switch, .main.function_main_2
  rax=0x0000000000028011 rbx=0x0000000000001ffc rcx=0x0000000000001808 rdx=0x0000000000001196
  rsi=0x0000000000000965 rdi=0x00000000000000dd flags=0b000000000110
  xmm0=0x00005c6800005c6800005cd500005cd5 xmm1=0x00002f4900002f4900003a1600003a16 
  xmm2=0x00008f2b00008f2b0000ede90000ede9 xmm3=0x0000be950000be950000c7c50000c7c5 
  xmm4=0x0000e3c90000e3c90000a8730000a873 xmm5=0x000031e0000031e00000d0440000d044 
  xmm6=0x0000e0b30000e0b300008f9600008f96 xmm7=0x0000213800002138000037df000037df 

0x1aa: nop  [test_case_exit]
  rax=0x0000000000028011 rbx=0x0000000000001ffc rcx=0x0000000000001808 rdx=0x0000000000001196
  rsi=0x0000000000000965 rdi=0x00000000000000dd flags=0b000000000110
  xmm0=0x00005c6800005c6800005cd500005cd5 xmm1=0x00002f4900002f4900003a1600003a16 
  xmm2=0x00008f2b00008f2b0000ede90000ede9 xmm3=0x0000be950000be950000c7c50000c7c5 
  xmm4=0x0000e3c90000e3c90000a8730000a873 xmm5=0x000031e0000031e00000d0440000d044 
  xmm6=0x0000e0b30000e0b300008f9600008f96 xmm7=0x0000213800002138000037df000037df 




                      ##### Input 94 #####

                     ##### Input 0 #####
0x0 : macro .switch, .actor2.function_actor2_0
  rax=0x0000835100008351 rbx=0x0000ca3a0000ca3a rcx=0x000056b8000056b8 rdx=0x0000628800006288
  rsi=0x0000ec630000ec63 rdi=0x0000fe290000fe29 flags=0b000001000110
  xmm0=0x0000ac900000ac9000001a9f00001a9f xmm1=0x0000dcdb0000dcdb000039bb000039bb 
  xmm2=0x0000823100008231000053c3000053c3 xmm3=0x00001ded00001ded000022c2000022c2 
  xmm4=0x0000ee9d0000ee9d0000a2d70000a2d7 xmm5=0x000025fe000025fe0000c81e0000c81e 
  xmm6=0x00004db700004db70000ebac0000ebac xmm7=0x0000af180000af180000c9630000c963 

0x3000: pushfq 
  rax=0x0000835100008351 rbx=0x0000ca3a0000ca3a rcx=0x000056b8000056b8 rdx=0x0000628800006288
  rsi=0x0000ec630000ec63 rdi=0x0000fe290000fe29 flags=0b000001000110
  xmm0=0x0000ac900000ac9000001a9f00001a9f xmm1=0x0000dcdb0000dcdb000039bb000039bb 
  xmm2=0x0000823100008231000053c3000053c3 xmm3=0x00001ded00001ded000022c2000022c2 
  xmm4=0x0000ee9d0000ee9d0000a2d70000a2d7 xmm5=0x000025fe000025fe0000c81e0000c81e 
  xmm6=0x00004db700004db70000ebac0000ebac xmm7=0x0000af180000af180000c9630000c963 

    > store to +0x4ff0 value 0x46
0x3001: push rax
  rax=0x0000835100008351 rbx=0x0000ca3a0000ca3a rcx=0x000056b8000056b8 rdx=0x0000628800006288
  rsi=0x0000ec630000ec63 rdi=0x0000fe290000fe29 flags=0b000001000110
  xmm0=0x0000ac900000ac9000001a9f00001a9f xmm1=0x0000dcdb0000dcdb000039bb000039bb 
  xmm2=0x0000823100008231000053c3000053c3 xmm3=0x00001ded00001ded000022c2000022c2 
  xmm4=0x0000ee9d0000ee9d0000a2d70000a2d7 xmm5=0x000025fe000025fe0000c81e0000c81e 
  xmm6=0x00004db700004db70000ebac0000ebac xmm7=0x0000af180000af180000c9630000c963 

    > store to +0x4fe8 value 0x835100008351
0x3002: push rcx
  rax=0x0000835100008351 rbx=0x0000ca3a0000ca3a rcx=0x000056b8000056b8 rdx=0x0000628800006288
  rsi=0x0000ec630000ec63 rdi=0x0000fe290000fe29 flags=0b000001000110
  xmm0=0x0000ac900000ac9000001a9f00001a9f xmm1=0x0000dcdb0000dcdb000039bb000039bb 
  xmm2=0x0000823100008231000053c3000053c3 xmm3=0x00001ded00001ded000022c2000022c2 
  xmm4=0x0000ee9d0000ee9d0000a2d70000a2d7 xmm5=0x000025fe000025fe0000c81e0000c81e 
  xmm6=0x00004db700004db70000ebac0000ebac xmm7=0x0000af180000af180000c9630000c963 

    > store to +0x4fe0 value 0x56b8000056b8
0x3003: push rdx
  rax=0x0000835100008351 rbx=0x0000ca3a0000ca3a rcx=0x000056b8000056b8 rdx=0x0000628800006288
  rsi=0x0000ec630000ec63 rdi=0x0000fe290000fe29 flags=0b000001000110
  xmm0=0x0000ac900000ac9000001a9f00001a9f xmm1=0x0000dcdb0000dcdb000039bb000039bb 
  xmm2=0x0000823100008231000053c3000053c3 xmm3=0x00001ded00001ded000022c2000022c2 
  xmm4=0x0000ee9d0000ee9d0000a2d70000a2d7 xmm5=0x000025fe000025fe0000c81e0000c81e 
  xmm6=0x00004db700004db70000ebac0000ebac xmm7=0x0000af180000af180000c9630000c963 

    > store to +0x4fd8 value 0x628800006288
0x3004: mov ecx, 0x48
  rax=0x0000835100008351 rbx=0x0000ca3a0000ca3a rcx=0x000056b8000056b8 rdx=0x0000628800006288
  rsi=0x0000ec630000ec63 rdi=0x0000fe290000fe29 flags=0b000001000110
  xmm0=0x0000ac900000ac9000001a9f00001a9f xmm1=0x0000dcdb0000dcdb000039bb000039bb 
  xmm2=0x0000823100008231000053c3000053c3 xmm3=0x00001ded00001ded000022c2000022c2 
  xmm4=0x0000ee9d0000ee9d0000a2d70000a2d7 xmm5=0x000025fe000025fe0000c81e0000c81e 
  xmm6=0x00004db700004db70000ebac0000ebac xmm7=0x0000af180000af180000c9630000c963 

0x3009: rdmsr 
  rax=0x0000835100008351 rbx=0x0000ca3a0000ca3a rcx=0x0000000000000048 rdx=0x0000628800006288
  rsi=0x0000ec630000ec63 rdi=0x0000fe290000fe29 flags=0b000001000110
  xmm0=0x0000ac900000ac9000001a9f00001a9f xmm1=0x0000dcdb0000dcdb000039bb000039bb 
  xmm2=0x0000823100008231000053c3000053c3 xmm3=0x00001ded00001ded000022c2000022c2 
  xmm4=0x0000ee9d0000ee9d0000a2d70000a2d7 xmm5=0x000025fe000025fe0000c81e0000c81e 
  xmm6=0x00004db700004db70000ebac0000ebac xmm7=0x0000af180000af180000c9630000c963 

0x300b: and eax, 0xfffffffb
  rax=0x0000000000000000 rbx=0x0000ca3a0000ca3a rcx=0x0000000000000048 rdx=0x0000000000000000
  rsi=0x0000ec630000ec63 rdi=0x0000fe290000fe29 flags=0b000001000110
  xmm0=0x0000ac900000ac9000001a9f00001a9f xmm1=0x0000dcdb0000dcdb000039bb000039bb 
  xmm2=0x0000823100008231000053c3000053c3 xmm3=0x00001ded00001ded000022c2000022c2 
  xmm4=0x0000ee9d0000ee9d0000a2d70000a2d7 xmm5=0x000025fe000025fe0000c81e0000c81e 
  xmm6=0x00004db700004db70000ebac0000ebac xmm7=0x0000af180000af180000c9630000c963 

0x300e: or eax, 0x100
  rax=0x0000000000000000 rbx=0x0000ca3a0000ca3a rcx=0x0000000000000048 rdx=0x0000000000000000
  rsi=0x0000ec630000ec63 rdi=0x0000fe290000fe29 flags=0b000001000110
  xmm0=0x0000ac900000ac9000001a9f00001a9f xmm1=0x0000dcdb0000dcdb000039bb000039bb 
  xmm2=0x0000823100008231000053c3000053c3 xmm3=0x00001ded00001ded000022c2000022c2 
  xmm4=0x0000ee9d0000ee9d0000a2d70000a2d7 xmm5=0x000025fe000025fe0000c81e0000c81e 
  xmm6=0x00004db700004db70000ebac0000ebac xmm7=0x0000af180000af180000c9630000c963 

0x3013: wrmsr 
  rax=0x0000000000000100 rbx=0x0000ca3a0000ca3a rcx=0x0000000000000048 rdx=0x0000000000000000
  rsi=0x0000ec630000ec63 rdi=0x0000fe290000fe29 flags=0b000000000110
  xmm0=0x0000ac900000ac9000001a9f00001a9f xmm1=0x0000dcdb0000dcdb000039bb000039bb 
  xmm2=0x0000823100008231000053c3000053c3 xmm3=0x00001ded00001ded000022c2000022c2 
  xmm4=0x0000ee9d0000ee9d0000a2d70000a2d7 xmm5=0x000025fe000025fe0000c81e0000c81e 
  xmm6=0x00004db700004db70000ebac0000ebac xmm7=0x0000af180000af180000c9630000c963 

0x3015: mfence 
  rax=0x0000000000000100 rbx=0x0000ca3a0000ca3a rcx=0x0000000000000048 rdx=0x0000000000000000
  rsi=0x0000ec630000ec63 rdi=0x0000fe290000fe29 flags=0b000000000110
  xmm0=0x0000ac900000ac9000001a9f00001a9f xmm1=0x0000dcdb0000dcdb000039bb000039bb 
  xmm2=0x0000823100008231000053c3000053c3 xmm3=0x00001ded00001ded000022c2000022c2 
  xmm4=0x0000ee9d0000ee9d0000a2d70000a2d7 xmm5=0x000025fe000025fe0000c81e0000c81e 
  xmm6=0x00004db700004db70000ebac0000ebac xmm7=0x0000af180000af180000c9630000c963 

0x3018: lfence 
  rax=0x0000000000000100 rbx=0x0000ca3a0000ca3a rcx=0x0000000000000048 rdx=0x0000000000000000
  rsi=0x0000ec630000ec63 rdi=0x0000fe290000fe29 flags=0b000000000110
  xmm0=0x0000ac900000ac9000001a9f00001a9f xmm1=0x0000dcdb0000dcdb000039bb000039bb 
  xmm2=0x0000823100008231000053c3000053c3 xmm3=0x00001ded00001ded000022c2000022c2 
  xmm4=0x0000ee9d0000ee9d0000a2d70000a2d7 xmm5=0x000025fe000025fe0000c81e0000c81e 
  xmm6=0x00004db700004db70000ebac0000ebac xmm7=0x0000af180000af180000c9630000c963 

0x301b: macro .measurement_start, .noarg
  rax=0x0000000000000100 rbx=0x0000ca3a0000ca3a rcx=0x0000000000000048 rdx=0x0000000000000000
  rsi=0x0000ec630000ec63 rdi=0x0000fe290000fe29 flags=0b000000000110
  xmm0=0x0000ac900000ac9000001a9f00001a9f xmm1=0x0000dcdb0000dcdb000039bb000039bb 
  xmm2=0x0000823100008231000053c3000053c3 xmm3=0x00001ded00001ded000022c2000022c2 
  xmm4=0x0000ee9d0000ee9d0000a2d70000a2d7 xmm5=0x000025fe000025fe0000c81e0000c81e 
  xmm6=0x00004db700004db70000ebac0000ebac xmm7=0x0000af180000af180000c9630000c963 

0x3023: mov ecx, 0x48
  rax=0x0000000000000100 rbx=0x0000ca3a0000ca3a rcx=0x0000000000000048 rdx=0x0000000000000000
  rsi=0x0000ec630000ec63 rdi=0x0000fe290000fe29 flags=0b000000000110
  xmm0=0x0000ac900000ac9000001a9f00001a9f xmm1=0x0000dcdb0000dcdb000039bb000039bb 
  xmm2=0x0000823100008231000053c3000053c3 xmm3=0x00001ded00001ded000022c2000022c2 
  xmm4=0x0000ee9d0000ee9d0000a2d70000a2d7 xmm5=0x000025fe000025fe0000c81e0000c81e 
  xmm6=0x00004db700004db70000ebac0000ebac xmm7=0x0000af180000af180000c9630000c963 

0x3028: rdmsr 
  rax=0x0000000000000100 rbx=0x0000ca3a0000ca3a rcx=0x0000000000000048 rdx=0x0000000000000000
  rsi=0x0000ec630000ec63 rdi=0x0000fe290000fe29 flags=0b000000000110
  xmm0=0x0000ac900000ac9000001a9f00001a9f xmm1=0x0000dcdb0000dcdb000039bb000039bb 
  xmm2=0x0000823100008231000053c3000053c3 xmm3=0x00001ded00001ded000022c2000022c2 
  xmm4=0x0000ee9d0000ee9d0000a2d70000a2d7 xmm5=0x000025fe000025fe0000c81e0000c81e 
  xmm6=0x00004db700004db70000ebac0000ebac xmm7=0x0000af180000af180000c9630000c963 

0x302a: and eax, 0xfffffffb
  rax=0x0000000000000000 rbx=0x0000ca3a0000ca3a rcx=0x0000000000000048 rdx=0x0000000000000000
  rsi=0x0000ec630000ec63 rdi=0x0000fe290000fe29 flags=0b000000000110
  xmm0=0x0000ac900000ac9000001a9f00001a9f xmm1=0x0000dcdb0000dcdb000039bb000039bb 
  xmm2=0x0000823100008231000053c3000053c3 xmm3=0x00001ded00001ded000022c2000022c2 
  xmm4=0x0000ee9d0000ee9d0000a2d70000a2d7 xmm5=0x000025fe000025fe0000c81e0000c81e 
  xmm6=0x00004db700004db70000ebac0000ebac xmm7=0x0000af180000af180000c9630000c963 

0x302d: and eax, 0xfffffeff
  rax=0x0000000000000000 rbx=0x0000ca3a0000ca3a rcx=0x0000000000000048 rdx=0x0000000000000000
  rsi=0x0000ec630000ec63 rdi=0x0000fe290000fe29 flags=0b000001000110
  xmm0=0x0000ac900000ac9000001a9f00001a9f xmm1=0x0000dcdb0000dcdb000039bb000039bb 
  xmm2=0x0000823100008231000053c3000053c3 xmm3=0x00001ded00001ded000022c2000022c2 
  xmm4=0x0000ee9d0000ee9d0000a2d70000a2d7 xmm5=0x000025fe000025fe0000c81e0000c81e 
  xmm6=0x00004db700004db70000ebac0000ebac xmm7=0x0000af180000af180000c9630000c963 

0x3032: wrmsr 
  rax=0x0000000000000000 rbx=0x0000ca3a0000ca3a rcx=0x0000000000000048 rdx=0x0000000000000000
  rsi=0x0000ec630000ec63 rdi=0x0000fe290000fe29 flags=0b000001000110
  xmm0=0x0000ac900000ac9000001a9f00001a9f xmm1=0x0000dcdb0000dcdb000039bb000039bb 
  xmm2=0x0000823100008231000053c3000053c3 xmm3=0x00001ded00001ded000022c2000022c2 
  xmm4=0x0000ee9d0000ee9d0000a2d70000a2d7 xmm5=0x000025fe000025fe0000c81e0000c81e 
  xmm6=0x00004db700004db70000ebac0000ebac xmm7=0x0000af180000af180000c9630000c963 

0x3034: mfence 
  rax=0x0000000000000000 rbx=0x0000ca3a0000ca3a rcx=0x0000000000000048 rdx=0x0000000000000000
  rsi=0x0000ec630000ec63 rdi=0x0000fe290000fe29 flags=0b000001000110
  xmm0=0x0000ac900000ac9000001a9f00001a9f xmm1=0x0000dcdb0000dcdb000039bb000039bb 
  xmm2=0x0000823100008231000053c3000053c3 xmm3=0x00001ded00001ded000022c2000022c2 
  xmm4=0x0000ee9d0000ee9d0000a2d70000a2d7 xmm5=0x000025fe000025fe0000c81e0000c81e 
  xmm6=0x00004db700004db70000ebac0000ebac xmm7=0x0000af180000af180000c9630000c963 

0x3037: lfence 
  rax=0x0000000000000000 rbx=0x0000ca3a0000ca3a rcx=0x0000000000000048 rdx=0x0000000000000000
  rsi=0x0000ec630000ec63 rdi=0x0000fe290000fe29 flags=0b000001000110
  xmm0=0x0000ac900000ac9000001a9f00001a9f xmm1=0x0000dcdb0000dcdb000039bb000039bb 
  xmm2=0x0000823100008231000053c3000053c3 xmm3=0x00001ded00001ded000022c2000022c2 
  xmm4=0x0000ee9d0000ee9d0000a2d70000a2d7 xmm5=0x000025fe000025fe0000c81e0000c81e 
  xmm6=0x00004db700004db70000ebac0000ebac xmm7=0x0000af180000af180000c9630000c963 

0x303a: pop rdx
  rax=0x0000000000000000 rbx=0x0000ca3a0000ca3a rcx=0x0000000000000048 rdx=0x0000000000000000
  rsi=0x0000ec630000ec63 rdi=0x0000fe290000fe29 flags=0b000001000110
  xmm0=0x0000ac900000ac9000001a9f00001a9f xmm1=0x0000dcdb0000dcdb000039bb000039bb 
  xmm2=0x0000823100008231000053c3000053c3 xmm3=0x00001ded00001ded000022c2000022c2 
  xmm4=0x0000ee9d0000ee9d0000a2d70000a2d7 xmm5=0x000025fe000025fe0000c81e0000c81e 
  xmm6=0x00004db700004db70000ebac0000ebac xmm7=0x0000af180000af180000c9630000c963 

    > load from +0x4fd8 value 0x628800006288
0x303b: pop rcx
  rax=0x0000000000000000 rbx=0x0000ca3a0000ca3a rcx=0x0000000000000048 rdx=0x0000628800006288
  rsi=0x0000ec630000ec63 rdi=0x0000fe290000fe29 flags=0b000001000110
  xmm0=0x0000ac900000ac9000001a9f00001a9f xmm1=0x0000dcdb0000dcdb000039bb000039bb 
  xmm2=0x0000823100008231000053c3000053c3 xmm3=0x00001ded00001ded000022c2000022c2 
  xmm4=0x0000ee9d0000ee9d0000a2d70000a2d7 xmm5=0x000025fe000025fe0000c81e0000c81e 
  xmm6=0x00004db700004db70000ebac0000ebac xmm7=0x0000af180000af180000c9630000c963 

    > load from +0x4fe0 value 0x56b8000056b8
0x303c: pop rax
  rax=0x0000000000000000 rbx=0x0000ca3a0000ca3a rcx=0x000056b8000056b8 rdx=0x0000628800006288
  rsi=0x0000ec630000ec63 rdi=0x0000fe290000fe29 flags=0b000001000110
  xmm0=0x0000ac900000ac9000001a9f00001a9f xmm1=0x0000dcdb0000dcdb000039bb000039bb 
  xmm2=0x0000823100008231000053c3000053c3 xmm3=0x00001ded00001ded000022c2000022c2 
  xmm4=0x0000ee9d0000ee9d0000a2d70000a2d7 xmm5=0x000025fe000025fe0000c81e0000c81e 
  xmm6=0x00004db700004db70000ebac0000ebac xmm7=0x0000af180000af180000c9630000c963 

    > load from +0x4fe8 value 0x835100008351
0x303d: popfq 
  rax=0x0000835100008351 rbx=0x0000ca3a0000ca3a rcx=0x000056b8000056b8 rdx=0x0000628800006288
  rsi=0x0000ec630000ec63 rdi=0x0000fe290000fe29 flags=0b000001000110
  xmm0=0x0000ac900000ac9000001a9f00001a9f xmm1=0x0000dcdb0000dcdb000039bb000039bb 
  xmm2=0x0000823100008231000053c3000053c3 xmm3=0x00001ded00001ded000022c2000022c2 
  xmm4=0x0000ee9d0000ee9d0000a2d70000a2d7 xmm5=0x000025fe000025fe0000c81e0000c81e 
  xmm6=0x00004db700004db70000ebac0000ebac xmm7=0x0000af180000af180000c9630000c963 

    > load from +0x4ff0 value 0x46
0x303e: and rsi, 0b1111111111111
  rax=0x0000835100008351 rbx=0x0000ca3a0000ca3a rcx=0x000056b8000056b8 rdx=0x0000628800006288
  rsi=0x0000ec630000ec63 rdi=0x0000fe290000fe29 flags=0b000001000110
  xmm0=0x0000ac900000ac9000001a9f00001a9f xmm1=0x0000dcdb0000dcdb000039bb000039bb 
  xmm2=0x0000823100008231000053c3000053c3 xmm3=0x00001ded00001ded000022c2000022c2 
  xmm4=0x0000ee9d0000ee9d0000a2d70000a2d7 xmm5=0x000025fe000025fe0000c81e0000c81e 
  xmm6=0x00004db700004db70000ebac0000ebac xmm7=0x0000af180000af180000c9630000c963 

0x3045: mul [r14 +rsi]
  rax=0x0000835100008351 rbx=0x0000ca3a0000ca3a rcx=0x000056b8000056b8 rdx=0x0000628800006288
  rsi=0x0000000000000c63 rdi=0x0000fe290000fe29 flags=0b000000000110
  xmm0=0x0000ac900000ac9000001a9f00001a9f xmm1=0x0000dcdb0000dcdb000039bb000039bb 
  xmm2=0x0000823100008231000053c3000053c3 xmm3=0x00001ded00001ded000022c2000022c2 
  xmm4=0x0000ee9d0000ee9d0000a2d70000a2d7 xmm5=0x000025fe000025fe0000c81e0000c81e 
  xmm6=0x00004db700004db70000ebac0000ebac xmm7=0x0000af180000af180000c9630000c963 

    > load from +0x4c63 value 0x41520000b9fe00
0x3049: and rax, 0b1111111111111
  rax=0xe974505f67d35e00 rbx=0x0000ca3a0000ca3a rcx=0x000056b8000056b8 rdx=0x0000002181a0f280
  rsi=0x0000000000000c63 rdi=0x0000fe290000fe29 flags=0b100010000111
  xmm0=0x0000ac900000ac9000001a9f00001a9f xmm1=0x0000dcdb0000dcdb000039bb000039bb 
  xmm2=0x0000823100008231000053c3000053c3 xmm3=0x00001ded00001ded000022c2000022c2 
  xmm4=0x0000ee9d0000ee9d0000a2d70000a2d7 xmm5=0x000025fe000025fe0000c81e0000c81e 
  xmm6=0x00004db700004db70000ebac0000ebac xmm7=0x0000af180000af180000c9630000c963 

0x304f: cmovo ax, [r14 +rax]
  rax=0x0000000000001e00 rbx=0x0000ca3a0000ca3a rcx=0x000056b8000056b8 rdx=0x0000002181a0f280
  rsi=0x0000000000000c63 rdi=0x0000fe290000fe29 flags=0b000000000110
  xmm0=0x0000ac900000ac9000001a9f00001a9f xmm1=0x0000dcdb0000dcdb000039bb000039bb 
  xmm2=0x0000823100008231000053c3000053c3 xmm3=0x00001ded00001ded000022c2000022c2 
  xmm4=0x0000ee9d0000ee9d0000a2d70000a2d7 xmm5=0x000025fe000025fe0000c81e0000c81e 
  xmm6=0x00004db700004db70000ebac0000ebac xmm7=0x0000af180000af180000c9630000c963 

    > load from +0x5e00 value 0xab02
0x3055: xchg edi, eax
  rax=0x0000000000001e00 rbx=0x0000ca3a0000ca3a rcx=0x000056b8000056b8 rdx=0x0000002181a0f280
  rsi=0x0000000000000c63 rdi=0x0000fe290000fe29 flags=0b000000000110
  xmm0=0x0000ac900000ac9000001a9f00001a9f xmm1=0x0000dcdb0000dcdb000039bb000039bb 
  xmm2=0x0000823100008231000053c3000053c3 xmm3=0x00001ded00001ded000022c2000022c2 
  xmm4=0x0000ee9d0000ee9d0000a2d70000a2d7 xmm5=0x000025fe000025fe0000c81e0000c81e 
  xmm6=0x00004db700004db70000ebac0000ebac xmm7=0x0000af180000af180000c9630000c963 

0x3056: sbb dil, dl
  rax=0x000000000000fe29 rbx=0x0000ca3a0000ca3a rcx=0x000056b8000056b8 rdx=0x0000002181a0f280
  rsi=0x0000000000000c63 rdi=0x0000000000001e00 flags=0b000000000110
  xmm0=0x0000ac900000ac9000001a9f00001a9f xmm1=0x0000dcdb0000dcdb000039bb000039bb 
  xmm2=0x0000823100008231000053c3000053c3 xmm3=0x00001ded00001ded000022c2000022c2 
  xmm4=0x0000ee9d0000ee9d0000a2d70000a2d7 xmm5=0x000025fe000025fe0000c81e0000c81e 
  xmm6=0x00004db700004db70000ebac0000ebac xmm7=0x0000af180000af180000c9630000c963 

0x3059: and rcx, 0b1111111111111
  rax=0x000000000000fe29 rbx=0x0000ca3a0000ca3a rcx=0x000056b8000056b8 rdx=0x0000002181a0f280
  rsi=0x0000000000000c63 rdi=0x0000000000001e80 flags=0b100010000011
  xmm0=0x0000ac900000ac9000001a9f00001a9f xmm1=0x0000dcdb0000dcdb000039bb000039bb 
  xmm2=0x0000823100008231000053c3000053c3 xmm3=0x00001ded00001ded000022c2000022c2 
  xmm4=0x0000ee9d0000ee9d0000a2d70000a2d7 xmm5=0x000025fe000025fe0000c81e0000c81e 
  xmm6=0x00004db700004db70000ebac0000ebac xmm7=0x0000af180000af180000c9630000c963 

0x3060: cmp cl, [r14 +rcx]
  rax=0x000000000000fe29 rbx=0x0000ca3a0000ca3a rcx=0x00000000000016b8 rdx=0x0000002181a0f280
  rsi=0x0000000000000c63 rdi=0x0000000000001e80 flags=0b000000000110
  xmm0=0x0000ac900000ac9000001a9f00001a9f xmm1=0x0000dcdb0000dcdb000039bb000039bb 
  xmm2=0x0000823100008231000053c3000053c3 xmm3=0x00001ded00001ded000022c2000022c2 
  xmm4=0x0000ee9d0000ee9d0000a2d70000a2d7 xmm5=0x000025fe000025fe0000c81e0000c81e 
  xmm6=0x00004db700004db70000ebac0000ebac xmm7=0x0000af180000af180000c9630000c963 

    > load from +0x56b8 value 0x32
0x3064: and rdx, 0b1111111111111
  rax=0x000000000000fe29 rbx=0x0000ca3a0000ca3a rcx=0x00000000000016b8 rdx=0x0000002181a0f280
  rsi=0x0000000000000c63 rdi=0x0000000000001e80 flags=0b000010000010
  xmm0=0x0000ac900000ac9000001a9f00001a9f xmm1=0x0000dcdb0000dcdb000039bb000039bb 
  xmm2=0x0000823100008231000053c3000053c3 xmm3=0x00001ded00001ded000022c2000022c2 
  xmm4=0x0000ee9d0000ee9d0000a2d70000a2d7 xmm5=0x000025fe000025fe0000c81e0000c81e 
  xmm6=0x00004db700004db70000ebac0000ebac xmm7=0x0000af180000af180000c9630000c963 

0x306b: cmp [r14 +rdx], 52
  rax=0x000000000000fe29 rbx=0x0000ca3a0000ca3a rcx=0x00000000000016b8 rdx=0x0000000000001280
  rsi=0x0000000000000c63 rdi=0x0000000000001e80 flags=0b000000000010
  xmm0=0x0000ac900000ac9000001a9f00001a9f xmm1=0x0000dcdb0000dcdb000039bb000039bb 
  xmm2=0x0000823100008231000053c3000053c3 xmm3=0x00001ded00001ded000022c2000022c2 
  xmm4=0x0000ee9d0000ee9d0000a2d70000a2d7 xmm5=0x000025fe000025fe0000c81e0000c81e 
  xmm6=0x00004db700004db70000ebac0000ebac xmm7=0x0000af180000af180000c9630000c963 

    > load from +0x5280 value 0x54
0x3070: imul esi, eax
  rax=0x000000000000fe29 rbx=0x0000ca3a0000ca3a rcx=0x00000000000016b8 rdx=0x0000000000001280
  rsi=0x0000000000000c63 rdi=0x0000000000001e80 flags=0b000000000010
  xmm0=0x0000ac900000ac9000001a9f00001a9f xmm1=0x0000dcdb0000dcdb000039bb000039bb 
  xmm2=0x0000823100008231000053c3000053c3 xmm3=0x00001ded00001ded000022c2000022c2 
  xmm4=0x0000ee9d0000ee9d0000a2d70000a2d7 xmm5=0x000025fe000025fe0000c81e0000c81e 
  xmm6=0x00004db700004db70000ebac0000ebac xmm7=0x0000af180000af180000c9630000c963 

0x3073: add sil, 110
  rax=0x000000000000fe29 rbx=0x0000ca3a0000ca3a rcx=0x00000000000016b8 rdx=0x0000000000001280
  rsi=0x000000000c4c35db rdi=0x0000000000001e80 flags=0b000000000110
  xmm0=0x0000ac900000ac9000001a9f00001a9f xmm1=0x0000dcdb0000dcdb000039bb000039bb 
  xmm2=0x0000823100008231000053c3000053c3 xmm3=0x00001ded00001ded000022c2000022c2 
  xmm4=0x0000ee9d0000ee9d0000a2d70000a2d7 xmm5=0x000025fe000025fe0000c81e0000c81e 
  xmm6=0x00004db700004db70000ebac0000ebac xmm7=0x0000af180000af180000c9630000c963 

0x3077: and rax, 0b1111111111111
  rax=0x000000000000fe29 rbx=0x0000ca3a0000ca3a rcx=0x00000000000016b8 rdx=0x0000000000001280
  rsi=0x000000000c4c3549 rdi=0x0000000000001e80 flags=0b000000010011
  xmm0=0x0000ac900000ac9000001a9f00001a9f xmm1=0x0000dcdb0000dcdb000039bb000039bb 
  xmm2=0x0000823100008231000053c3000053c3 xmm3=0x00001ded00001ded000022c2000022c2 
  xmm4=0x0000ee9d0000ee9d0000a2d70000a2d7 xmm5=0x000025fe000025fe0000c81e0000c81e 
  xmm6=0x00004db700004db70000ebac0000ebac xmm7=0x0000af180000af180000c9630000c963 

0x307d: cmovnz cx, [r14 +rax]
  rax=0x0000000000001e29 rbx=0x0000ca3a0000ca3a rcx=0x00000000000016b8 rdx=0x0000000000001280
  rsi=0x000000000c4c3549 rdi=0x0000000000001e80 flags=0b000000000010
  xmm0=0x0000ac900000ac9000001a9f00001a9f xmm1=0x0000dcdb0000dcdb000039bb000039bb 
  xmm2=0x0000823100008231000053c3000053c3 xmm3=0x00001ded00001ded000022c2000022c2 
  xmm4=0x0000ee9d0000ee9d0000a2d70000a2d7 xmm5=0x000025fe000025fe0000c81e0000c81e 
  xmm6=0x00004db700004db70000ebac0000ebac xmm7=0x0000af180000af180000c9630000c963 

    > load from +0x5e29 value 0x73
0x3083: test bl, dl
  rax=0x0000000000001e29 rbx=0x0000ca3a0000ca3a rcx=0x0000000000000073 rdx=0x0000000000001280
  rsi=0x000000000c4c3549 rdi=0x0000000000001e80 flags=0b000000000010
  xmm0=0x0000ac900000ac9000001a9f00001a9f xmm1=0x0000dcdb0000dcdb000039bb000039bb 
  xmm2=0x0000823100008231000053c3000053c3 xmm3=0x00001ded00001ded000022c2000022c2 
  xmm4=0x0000ee9d0000ee9d0000a2d70000a2d7 xmm5=0x000025fe000025fe0000c81e0000c81e 
  xmm6=0x00004db700004db70000ebac0000ebac xmm7=0x0000af180000af180000c9630000c963 

0x3085: and rcx, 0b1111111111111
  rax=0x0000000000001e29 rbx=0x0000ca3a0000ca3a rcx=0x0000000000000073 rdx=0x0000000000001280
  rsi=0x000000000c4c3549 rdi=0x0000000000001e80 flags=0b000001000110
  xmm0=0x0000ac900000ac9000001a9f00001a9f xmm1=0x0000dcdb0000dcdb000039bb000039bb 
  xmm2=0x0000823100008231000053c3000053c3 xmm3=0x00001ded00001ded000022c2000022c2 
  xmm4=0x0000ee9d0000ee9d0000a2d70000a2d7 xmm5=0x000025fe000025fe0000c81e0000c81e 
  xmm6=0x00004db700004db70000ebac0000ebac xmm7=0x0000af180000af180000c9630000c963 

0x308c: sbb al, [r14 +rcx]
  rax=0x0000000000001e29 rbx=0x0000ca3a0000ca3a rcx=0x0000000000000073 rdx=0x0000000000001280
  rsi=0x000000000c4c3549 rdi=0x0000000000001e80 flags=0b000000000010
  xmm0=0x0000ac900000ac9000001a9f00001a9f xmm1=0x0000dcdb0000dcdb000039bb000039bb 
  xmm2=0x0000823100008231000053c3000053c3 xmm3=0x00001ded00001ded000022c2000022c2 
  xmm4=0x0000ee9d0000ee9d0000a2d70000a2d7 xmm5=0x000025fe000025fe0000c81e0000c81e 
  xmm6=0x00004db700004db70000ebac0000ebac xmm7=0x0000af180000af180000c9630000c963 

    > load from +0x4073 value 0x0
0x3090: and rdi, 0b1111111111111
  rax=0x0000000000001e29 rbx=0x0000ca3a0000ca3a rcx=0x0000000000000073 rdx=0x0000000000001280
  rsi=0x000000000c4c3549 rdi=0x0000000000001e80 flags=0b000000000010
  xmm0=0x0000ac900000ac9000001a9f00001a9f xmm1=0x0000dcdb0000dcdb000039bb000039bb 
  xmm2=0x0000823100008231000053c3000053c3 xmm3=0x00001ded00001ded000022c2000022c2 
  xmm4=0x0000ee9d0000ee9d0000a2d70000a2d7 xmm5=0x000025fe000025fe0000c81e0000c81e 
  xmm6=0x00004db700004db70000ebac0000ebac xmm7=0x0000af180000af180000c9630000c963 

0x3097: cmp bx, [r14 +rdi]
  rax=0x0000000000001e29 rbx=0x0000ca3a0000ca3a rcx=0x0000000000000073 rdx=0x0000000000001280
  rsi=0x000000000c4c3549 rdi=0x0000000000001e80 flags=0b000000000010
  xmm0=0x0000ac900000ac9000001a9f00001a9f xmm1=0x0000dcdb0000dcdb000039bb000039bb 
  xmm2=0x0000823100008231000053c3000053c3 xmm3=0x00001ded00001ded000022c2000022c2 
  xmm4=0x0000ee9d0000ee9d0000a2d70000a2d7 xmm5=0x000025fe000025fe0000c81e0000c81e 
  xmm6=0x00004db700004db70000ebac0000ebac xmm7=0x0000af180000af180000c9630000c963 

    > load from +0x5e80 value 0x818b
0x309c: bts cx, bx
  rax=0x0000000000001e29 rbx=0x0000ca3a0000ca3a rcx=0x0000000000000073 rdx=0x0000000000001280
  rsi=0x000000000c4c3549 rdi=0x0000000000001e80 flags=0b000000010110
  xmm0=0x0000ac900000ac9000001a9f00001a9f xmm1=0x0000dcdb0000dcdb000039bb000039bb 
  xmm2=0x0000823100008231000053c3000053c3 xmm3=0x00001ded00001ded000022c2000022c2 
  xmm4=0x0000ee9d0000ee9d0000a2d70000a2d7 xmm5=0x000025fe000025fe0000c81e0000c81e 
  xmm6=0x00004db700004db70000ebac0000ebac xmm7=0x0000af180000af180000c9630000c963 

0x30a0: add dil, 100
  rax=0x0000000000001e29 rbx=0x0000ca3a0000ca3a rcx=0x0000000000000473 rdx=0x0000000000001280
  rsi=0x000000000c4c3549 rdi=0x0000000000001e80 flags=0b000000000110
  xmm0=0x0000ac900000ac9000001a9f00001a9f xmm1=0x0000dcdb0000dcdb000039bb000039bb 
  xmm2=0x0000823100008231000053c3000053c3 xmm3=0x00001ded00001ded000022c2000022c2 
  xmm4=0x0000ee9d0000ee9d0000a2d70000a2d7 xmm5=0x000025fe000025fe0000c81e0000c81e 
  xmm6=0x00004db700004db70000ebac0000ebac xmm7=0x0000af180000af180000c9630000c963 

0x30a4: cmovs dx, dx
  rax=0x0000000000001e29 rbx=0x0000ca3a0000ca3a rcx=0x0000000000000473 rdx=0x0000000000001280
  rsi=0x000000000c4c3549 rdi=0x0000000000001ee4 flags=0b000010000110
  xmm0=0x0000ac900000ac9000001a9f00001a9f xmm1=0x0000dcdb0000dcdb000039bb000039bb 
  xmm2=0x0000823100008231000053c3000053c3 xmm3=0x00001ded00001ded000022c2000022c2 
  xmm4=0x0000ee9d0000ee9d0000a2d70000a2d7 xmm5=0x000025fe000025fe0000c81e0000c81e 
  xmm6=0x00004db700004db70000ebac0000ebac xmm7=0x0000af180000af180000c9630000c963 

0x30a8: and rsi, 0b1111111111111
  rax=0x0000000000001e29 rbx=0x0000ca3a0000ca3a rcx=0x0000000000000473 rdx=0x0000000000001280
  rsi=0x000000000c4c3549 rdi=0x0000000000001ee4 flags=0b000010000110
  xmm0=0x0000ac900000ac9000001a9f00001a9f xmm1=0x0000dcdb0000dcdb000039bb000039bb 
  xmm2=0x0000823100008231000053c3000053c3 xmm3=0x00001ded00001ded000022c2000022c2 
  xmm4=0x0000ee9d0000ee9d0000a2d70000a2d7 xmm5=0x000025fe000025fe0000c81e0000c81e 
  xmm6=0x00004db700004db70000ebac0000ebac xmm7=0x0000af180000af180000c9630000c963 

0x30af: cmp [r14 +rsi], bl
  rax=0x0000000000001e29 rbx=0x0000ca3a0000ca3a rcx=0x0000000000000473 rdx=0x0000000000001280
  rsi=0x0000000000001549 rdi=0x0000000000001ee4 flags=0b000000000010
  xmm0=0x0000ac900000ac9000001a9f00001a9f xmm1=0x0000dcdb0000dcdb000039bb000039bb 
  xmm2=0x0000823100008231000053c3000053c3 xmm3=0x00001ded00001ded000022c2000022c2 
  xmm4=0x0000ee9d0000ee9d0000a2d70000a2d7 xmm5=0x000025fe000025fe0000c81e0000c81e 
  xmm6=0x00004db700004db70000ebac0000ebac xmm7=0x0000af180000af180000c9630000c963 

    > load from +0x5549 value 0x4
0x30b3: cmovp eax, edx
  rax=0x0000000000001e29 rbx=0x0000ca3a0000ca3a rcx=0x0000000000000473 rdx=0x0000000000001280
  rsi=0x0000000000001549 rdi=0x0000000000001ee4 flags=0b000010010111
  xmm0=0x0000ac900000ac9000001a9f00001a9f xmm1=0x0000dcdb0000dcdb000039bb000039bb 
  xmm2=0x0000823100008231000053c3000053c3 xmm3=0x00001ded00001ded000022c2000022c2 
  xmm4=0x0000ee9d0000ee9d0000a2d70000a2d7 xmm5=0x000025fe000025fe0000c81e0000c81e 
  xmm6=0x00004db700004db70000ebac0000ebac xmm7=0x0000af180000af180000c9630000c963 

0x30b6: and rdx, 0b1111111111111
  rax=0x0000000000001280 rbx=0x0000ca3a0000ca3a rcx=0x0000000000000473 rdx=0x0000000000001280
  rsi=0x0000000000001549 rdi=0x0000000000001ee4 flags=0b000010010111
  xmm0=0x0000ac900000ac9000001a9f00001a9f xmm1=0x0000dcdb0000dcdb000039bb000039bb 
  xmm2=0x0000823100008231000053c3000053c3 xmm3=0x00001ded00001ded000022c2000022c2 
  xmm4=0x0000ee9d0000ee9d0000a2d70000a2d7 xmm5=0x000025fe000025fe0000c81e0000c81e 
  xmm6=0x00004db700004db70000ebac0000ebac xmm7=0x0000af180000af180000c9630000c963 

0x30bd: mov eax, [r14 +rdx]
  rax=0x0000000000001280 rbx=0x0000ca3a0000ca3a rcx=0x0000000000000473 rdx=0x0000000000001280
  rsi=0x0000000000001549 rdi=0x0000000000001ee4 flags=0b000000000010
  xmm0=0x0000ac900000ac9000001a9f00001a9f xmm1=0x0000dcdb0000dcdb000039bb000039bb 
  xmm2=0x0000823100008231000053c3000053c3 xmm3=0x00001ded00001ded000022c2000022c2 
  xmm4=0x0000ee9d0000ee9d0000a2d70000a2d7 xmm5=0x000025fe000025fe0000c81e0000c81e 
  xmm6=0x00004db700004db70000ebac0000ebac xmm7=0x0000af180000af180000c9630000c963 

    > load from +0x5280 value 0x2954
0x30c1: and rcx, 0b1111111111111
  rax=0x0000000000002954 rbx=0x0000ca3a0000ca3a rcx=0x0000000000000473 rdx=0x0000000000001280
  rsi=0x0000000000001549 rdi=0x0000000000001ee4 flags=0b000000000010
  xmm0=0x0000ac900000ac9000001a9f00001a9f xmm1=0x0000dcdb0000dcdb000039bb000039bb 
  xmm2=0x0000823100008231000053c3000053c3 xmm3=0x00001ded00001ded000022c2000022c2 
  xmm4=0x0000ee9d0000ee9d0000a2d70000a2d7 xmm5=0x000025fe000025fe0000c81e0000c81e 
  xmm6=0x00004db700004db70000ebac0000ebac xmm7=0x0000af180000af180000c9630000c963 

0x30c8: cmovo rbx, [r14 +rcx]
  rax=0x0000000000002954 rbx=0x0000ca3a0000ca3a rcx=0x0000000000000473 rdx=0x0000000000001280
  rsi=0x0000000000001549 rdi=0x0000000000001ee4 flags=0b000000000010
  xmm0=0x0000ac900000ac9000001a9f00001a9f xmm1=0x0000dcdb0000dcdb000039bb000039bb 
  xmm2=0x0000823100008231000053c3000053c3 xmm3=0x00001ded00001ded000022c2000022c2 
  xmm4=0x0000ee9d0000ee9d0000a2d70000a2d7 xmm5=0x000025fe000025fe0000c81e0000c81e 
  xmm6=0x00004db700004db70000ebac0000ebac xmm7=0x0000af180000af180000c9630000c963 

    > load from +0x4473 value 0xc0e200005fe300
0x30cd: setnb dl
  rax=0x0000000000002954 rbx=0x0000ca3a0000ca3a rcx=0x0000000000000473 rdx=0x0000000000001280
  rsi=0x0000000000001549 rdi=0x0000000000001ee4 flags=0b000000000010
  xmm0=0x0000ac900000ac9000001a9f00001a9f xmm1=0x0000dcdb0000dcdb000039bb000039bb 
  xmm2=0x0000823100008231000053c3000053c3 xmm3=0x00001ded00001ded000022c2000022c2 
  xmm4=0x0000ee9d0000ee9d0000a2d70000a2d7 xmm5=0x000025fe000025fe0000c81e0000c81e 
  xmm6=0x00004db700004db70000ebac0000ebac xmm7=0x0000af180000af180000c9630000c963 

0x30d0: cmovb rdx, rbx
  rax=0x0000000000002954 rbx=0x0000ca3a0000ca3a rcx=0x0000000000000473 rdx=0x0000000000001201
  rsi=0x0000000000001549 rdi=0x0000000000001ee4 flags=0b000000000010
  xmm0=0x0000ac900000ac9000001a9f00001a9f xmm1=0x0000dcdb0000dcdb000039bb000039bb 
  xmm2=0x0000823100008231000053c3000053c3 xmm3=0x00001ded00001ded000022c2000022c2 
  xmm4=0x0000ee9d0000ee9d0000a2d70000a2d7 xmm5=0x000025fe000025fe0000c81e0000c81e 
  xmm6=0x00004db700004db70000ebac0000ebac xmm7=0x0000af180000af180000c9630000c963 

0x30d4: dec cl
  rax=0x0000000000002954 rbx=0x0000ca3a0000ca3a rcx=0x0000000000000473 rdx=0x0000000000001201
  rsi=0x0000000000001549 rdi=0x0000000000001ee4 flags=0b000000000010
  xmm0=0x0000ac900000ac9000001a9f00001a9f xmm1=0x0000dcdb0000dcdb000039bb000039bb 
  xmm2=0x0000823100008231000053c3000053c3 xmm3=0x00001ded00001ded000022c2000022c2 
  xmm4=0x0000ee9d0000ee9d0000a2d70000a2d7 xmm5=0x000025fe000025fe0000c81e0000c81e 
  xmm6=0x00004db700004db70000ebac0000ebac xmm7=0x0000af180000af180000c9630000c963 

0x30d6: and rbx, 0b1111111111111
  rax=0x0000000000002954 rbx=0x0000ca3a0000ca3a rcx=0x0000000000000472 rdx=0x0000000000001201
  rsi=0x0000000000001549 rdi=0x0000000000001ee4 flags=0b000000000110
  xmm0=0x0000ac900000ac9000001a9f00001a9f xmm1=0x0000dcdb0000dcdb000039bb000039bb 
  xmm2=0x0000823100008231000053c3000053c3 xmm3=0x00001ded00001ded000022c2000022c2 
  xmm4=0x0000ee9d0000ee9d0000a2d70000a2d7 xmm5=0x000025fe000025fe0000c81e0000c81e 
  xmm6=0x00004db700004db70000ebac0000ebac xmm7=0x0000af180000af180000c9630000c963 

0x30dd: cmovs edx, [r14 +rbx]
  rax=0x0000000000002954 rbx=0x0000000000000a3a rcx=0x0000000000000472 rdx=0x0000000000001201
  rsi=0x0000000000001549 rdi=0x0000000000001ee4 flags=0b000000000110
  xmm0=0x0000ac900000ac9000001a9f00001a9f xmm1=0x0000dcdb0000dcdb000039bb000039bb 
  xmm2=0x0000823100008231000053c3000053c3 xmm3=0x00001ded00001ded000022c2000022c2 
  xmm4=0x0000ee9d0000ee9d0000a2d70000a2d7 xmm5=0x000025fe000025fe0000c81e0000c81e 
  xmm6=0x00004db700004db70000ebac0000ebac xmm7=0x0000af180000af180000c9630000c963 

    > load from +0x4a3a value 0xc6b00000
0x30e2: cmovns ebx, ebx
  rax=0x0000000000002954 rbx=0x0000000000000a3a rcx=0x0000000000000472 rdx=0x0000000000001201
  rsi=0x0000000000001549 rdi=0x0000000000001ee4 flags=0b000000000110
  xmm0=0x0000ac900000ac9000001a9f00001a9f xmm1=0x0000dcdb0000dcdb000039bb000039bb 
  xmm2=0x0000823100008231000053c3000053c3 xmm3=0x00001ded00001ded000022c2000022c2 
  xmm4=0x0000ee9d0000ee9d0000a2d70000a2d7 xmm5=0x000025fe000025fe0000c81e0000c81e 
  xmm6=0x00004db700004db70000ebac0000ebac xmm7=0x0000af180000af180000c9630000c963 

0x30e5: btc rcx, 59
  rax=0x0000000000002954 rbx=0x0000000000000a3a rcx=0x0000000000000472 rdx=0x0000000000001201
  rsi=0x0000000000001549 rdi=0x0000000000001ee4 flags=0b000000000110
  xmm0=0x0000ac900000ac9000001a9f00001a9f xmm1=0x0000dcdb0000dcdb000039bb000039bb 
  xmm2=0x0000823100008231000053c3000053c3 xmm3=0x00001ded00001ded000022c2000022c2 
  xmm4=0x0000ee9d0000ee9d0000a2d70000a2d7 xmm5=0x000025fe000025fe0000c81e0000c81e 
  xmm6=0x00004db700004db70000ebac0000ebac xmm7=0x0000af180000af180000c9630000c963 

0x30ea: and rdx, 0b1111111111111
  rax=0x0000000000002954 rbx=0x0000000000000a3a rcx=0x0800000000000472 rdx=0x0000000000001201
  rsi=0x0000000000001549 rdi=0x0000000000001ee4 flags=0b000000000110
  xmm0=0x0000ac900000ac9000001a9f00001a9f xmm1=0x0000dcdb0000dcdb000039bb000039bb 
  xmm2=0x0000823100008231000053c3000053c3 xmm3=0x00001ded00001ded000022c2000022c2 
  xmm4=0x0000ee9d0000ee9d0000a2d70000a2d7 xmm5=0x000025fe000025fe0000c81e0000c81e 
  xmm6=0x00004db700004db70000ebac0000ebac xmm7=0x0000af180000af180000c9630000c963 

0x30f1: imul [r14 +rdx]
  rax=0x0000000000002954 rbx=0x0000000000000a3a rcx=0x0800000000000472 rdx=0x0000000000001201
  rsi=0x0000000000001549 rdi=0x0000000000001ee4 flags=0b000000000010
  xmm0=0x0000ac900000ac9000001a9f00001a9f xmm1=0x0000dcdb0000dcdb000039bb000039bb 
  xmm2=0x0000823100008231000053c3000053c3 xmm3=0x00001ded00001ded000022c2000022c2 
  xmm4=0x0000ee9d0000ee9d0000a2d70000a2d7 xmm5=0x000025fe000025fe0000c81e0000c81e 
  xmm6=0x00004db700004db70000ebac0000ebac xmm7=0x0000af180000af180000c9630000c963 

    > load from +0x5201 value 0xc1000002f3000002
0x30f5: and ax, 8440
  rax=0x540079e2bc0052a8 rbx=0x0000000000000a3a rcx=0x0800000000000472 rdx=0xfffffffffffff5d4
  rsi=0x0000000000001549 rdi=0x0000000000001ee4 flags=0b100000000011
  xmm0=0x0000ac900000ac9000001a9f00001a9f xmm1=0x0000dcdb0000dcdb000039bb000039bb 
  xmm2=0x0000823100008231000053c3000053c3 xmm3=0x00001ded00001ded000022c2000022c2 
  xmm4=0x0000ee9d0000ee9d0000a2d70000a2d7 xmm5=0x000025fe000025fe0000c81e0000c81e 
  xmm6=0x00004db700004db70000ebac0000ebac xmm7=0x0000af180000af180000c9630000c963 

0x30f9: and rcx, 0b1111111111111
  rax=0x540079e2bc0000a8 rbx=0x0000000000000a3a rcx=0x0800000000000472 rdx=0xfffffffffffff5d4
  rsi=0x0000000000001549 rdi=0x0000000000001ee4 flags=0b000000000010
  xmm0=0x0000ac900000ac9000001a9f00001a9f xmm1=0x0000dcdb0000dcdb000039bb000039bb 
  xmm2=0x0000823100008231000053c3000053c3 xmm3=0x00001ded00001ded000022c2000022c2 
  xmm4=0x0000ee9d0000ee9d0000a2d70000a2d7 xmm5=0x000025fe000025fe0000c81e0000c81e 
  xmm6=0x00004db700004db70000ebac0000ebac xmm7=0x0000af180000af180000c9630000c963 

0x3100: test [r14 +rcx], bx
  rax=0x540079e2bc0000a8 rbx=0x0000000000000a3a rcx=0x0000000000000472 rdx=0xfffffffffffff5d4
  rsi=0x0000000000001549 rdi=0x0000000000001ee4 flags=0b000000000110
  xmm0=0x0000ac900000ac9000001a9f00001a9f xmm1=0x0000dcdb0000dcdb000039bb000039bb 
  xmm2=0x0000823100008231000053c3000053c3 xmm3=0x00001ded00001ded000022c2000022c2 
  xmm4=0x0000ee9d0000ee9d0000a2d70000a2d7 xmm5=0x000025fe000025fe0000c81e0000c81e 
  xmm6=0x00004db700004db70000ebac0000ebac xmm7=0x0000af180000af180000c9630000c963 

    > load from +0x4472 value 0x0
0x3105: add sil, -101
  rax=0x540079e2bc0000a8 rbx=0x0000000000000a3a rcx=0x0000000000000472 rdx=0xfffffffffffff5d4
  rsi=0x0000000000001549 rdi=0x0000000000001ee4 flags=0b000001000110
  xmm0=0x0000ac900000ac9000001a9f00001a9f xmm1=0x0000dcdb0000dcdb000039bb000039bb 
  xmm2=0x0000823100008231000053c3000053c3 xmm3=0x00001ded00001ded000022c2000022c2 
  xmm4=0x0000ee9d0000ee9d0000a2d70000a2d7 xmm5=0x000025fe000025fe0000c81e0000c81e 
  xmm6=0x00004db700004db70000ebac0000ebac xmm7=0x0000af180000af180000c9630000c963 

0x3109: cmovnle rdx, rcx
  rax=0x540079e2bc0000a8 rbx=0x0000000000000a3a rcx=0x0000000000000472 rdx=0xfffffffffffff5d4
  rsi=0x00000000000015e4 rdi=0x0000000000001ee4 flags=0b000010010110
  xmm0=0x0000ac900000ac9000001a9f00001a9f xmm1=0x0000dcdb0000dcdb000039bb000039bb 
  xmm2=0x0000823100008231000053c3000053c3 xmm3=0x00001ded00001ded000022c2000022c2 
  xmm4=0x0000ee9d0000ee9d0000a2d70000a2d7 xmm5=0x000025fe000025fe0000c81e0000c81e 
  xmm6=0x00004db700004db70000ebac0000ebac xmm7=0x0000af180000af180000c9630000c963 

0x310d: and rdx, 0b1111111111111
  rax=0x540079e2bc0000a8 rbx=0x0000000000000a3a rcx=0x0000000000000472 rdx=0xfffffffffffff5d4
  rsi=0x00000000000015e4 rdi=0x0000000000001ee4 flags=0b000010010110
  xmm0=0x0000ac900000ac9000001a9f00001a9f xmm1=0x0000dcdb0000dcdb000039bb000039bb 
  xmm2=0x0000823100008231000053c3000053c3 xmm3=0x00001ded00001ded000022c2000022c2 
  xmm4=0x0000ee9d0000ee9d0000a2d70000a2d7 xmm5=0x000025fe000025fe0000c81e0000c81e 
  xmm6=0x00004db700004db70000ebac0000ebac xmm7=0x0000af180000af180000c9630000c963 

0x3114: cmovz ebx, [r14 +rdx]
  rax=0x540079e2bc0000a8 rbx=0x0000000000000a3a rcx=0x0000000000000472 rdx=0x00000000000015d4
  rsi=0x00000000000015e4 rdi=0x0000000000001ee4 flags=0b000000000110
  xmm0=0x0000ac900000ac9000001a9f00001a9f xmm1=0x0000dcdb0000dcdb000039bb000039bb 
  xmm2=0x0000823100008231000053c3000053c3 xmm3=0x00001ded00001ded000022c2000022c2 
  xmm4=0x0000ee9d0000ee9d0000a2d70000a2d7 xmm5=0x000025fe000025fe0000c81e0000c81e 
  xmm6=0x00004db700004db70000ebac0000ebac xmm7=0x0000af180000af180000c9630000c963 

    > load from +0x55d4 value 0x68b
0x3119: and rdi, 0b1111111111111
  rax=0x540079e2bc0000a8 rbx=0x0000000000000a3a rcx=0x0000000000000472 rdx=0x00000000000015d4
  rsi=0x00000000000015e4 rdi=0x0000000000001ee4 flags=0b000000000110
  xmm0=0x0000ac900000ac9000001a9f00001a9f xmm1=0x0000dcdb0000dcdb000039bb000039bb 
  xmm2=0x0000823100008231000053c3000053c3 xmm3=0x00001ded00001ded000022c2000022c2 
  xmm4=0x0000ee9d0000ee9d0000a2d70000a2d7 xmm5=0x000025fe000025fe0000c81e0000c81e 
  xmm6=0x00004db700004db70000ebac0000ebac xmm7=0x0000af180000af180000c9630000c963 

0x3120: or [r14 +rdi], 0b1000000000000000000000000000000
  rax=0x540079e2bc0000a8 rbx=0x0000000000000a3a rcx=0x0000000000000472 rdx=0x00000000000015d4
  rsi=0x00000000000015e4 rdi=0x0000000000001ee4 flags=0b000000000110
  xmm0=0x0000ac900000ac9000001a9f00001a9f xmm1=0x0000dcdb0000dcdb000039bb000039bb 
  xmm2=0x0000823100008231000053c3000053c3 xmm3=0x00001ded00001ded000022c2000022c2 
  xmm4=0x0000ee9d0000ee9d0000a2d70000a2d7 xmm5=0x000025fe000025fe0000c81e0000c81e 
  xmm6=0x00004db700004db70000ebac0000ebac xmm7=0x0000af180000af180000c9630000c963 

    > load from +0x5ee4 value 0x1219
    > store to +0x5ee4 value 0x40001219
0x3128: bsf edi, [r14 +rdi]
  rax=0x540079e2bc0000a8 rbx=0x0000000000000a3a rcx=0x0000000000000472 rdx=0x00000000000015d4
  rsi=0x00000000000015e4 rdi=0x0000000000001ee4 flags=0b000000000010
  xmm0=0x0000ac900000ac9000001a9f00001a9f xmm1=0x0000dcdb0000dcdb000039bb000039bb 
  xmm2=0x0000823100008231000053c3000053c3 xmm3=0x00001ded00001ded000022c2000022c2 
  xmm4=0x0000ee9d0000ee9d0000a2d70000a2d7 xmm5=0x000025fe000025fe0000c81e0000c81e 
  xmm6=0x00004db700004db70000ebac0000ebac xmm7=0x0000af180000af180000c9630000c963 

    > load from +0x5ee4 value 0x40001219
0x312d: add dil, -114
  rax=0x540079e2bc0000a8 rbx=0x0000000000000a3a rcx=0x0000000000000472 rdx=0x00000000000015d4
  rsi=0x00000000000015e4 rdi=0x0000000000000000 flags=0b000000000010
  xmm0=0x0000ac900000ac9000001a9f00001a9f xmm1=0x0000dcdb0000dcdb000039bb000039bb 
  xmm2=0x0000823100008231000053c3000053c3 xmm3=0x00001ded00001ded000022c2000022c2 
  xmm4=0x0000ee9d0000ee9d0000a2d70000a2d7 xmm5=0x000025fe000025fe0000c81e0000c81e 
  xmm6=0x00004db700004db70000ebac0000ebac xmm7=0x0000af180000af180000c9630000c963 

0x3131: and rbx, 0b1111111111111
  rax=0x540079e2bc0000a8 rbx=0x0000000000000a3a rcx=0x0000000000000472 rdx=0x00000000000015d4
  rsi=0x00000000000015e4 rdi=0x000000000000008e flags=0b000010000110
  xmm0=0x0000ac900000ac9000001a9f00001a9f xmm1=0x0000dcdb0000dcdb000039bb000039bb 
  xmm2=0x0000823100008231000053c3000053c3 xmm3=0x00001ded00001ded000022c2000022c2 
  xmm4=0x0000ee9d0000ee9d0000a2d70000a2d7 xmm5=0x000025fe000025fe0000c81e0000c81e 
  xmm6=0x00004db700004db70000ebac0000ebac xmm7=0x0000af180000af180000c9630000c963 

0x3138: cmovbe edx, [r14 +rbx]
  rax=0x540079e2bc0000a8 rbx=0x0000000000000a3a rcx=0x0000000000000472 rdx=0x00000000000015d4
  rsi=0x00000000000015e4 rdi=0x000000000000008e flags=0b000000000110
  xmm0=0x0000ac900000ac9000001a9f00001a9f xmm1=0x0000dcdb0000dcdb000039bb000039bb 
  xmm2=0x0000823100008231000053c3000053c3 xmm3=0x00001ded00001ded000022c2000022c2 
  xmm4=0x0000ee9d0000ee9d0000a2d70000a2d7 xmm5=0x000025fe000025fe0000c81e0000c81e 
  xmm6=0x00004db700004db70000ebac0000ebac xmm7=0x0000af180000af180000c9630000c963 

    > load from +0x4a3a value 0xc6b00000
0x313d: cmovns dx, di
  rax=0x540079e2bc0000a8 rbx=0x0000000000000a3a rcx=0x0000000000000472 rdx=0x00000000000015d4
  rsi=0x00000000000015e4 rdi=0x000000000000008e flags=0b000000000110
  xmm0=0x0000ac900000ac9000001a9f00001a9f xmm1=0x0000dcdb0000dcdb000039bb000039bb 
  xmm2=0x0000823100008231000053c3000053c3 xmm3=0x00001ded00001ded000022c2000022c2 
  xmm4=0x0000ee9d0000ee9d0000a2d70000a2d7 xmm5=0x000025fe000025fe0000c81e0000c81e 
  xmm6=0x00004db700004db70000ebac0000ebac xmm7=0x0000af180000af180000c9630000c963 

0x3141: setle al
  rax=0x540079e2bc0000a8 rbx=0x0000000000000a3a rcx=0x0000000000000472 rdx=0x000000000000008e
  rsi=0x00000000000015e4 rdi=0x000000000000008e flags=0b000000000110
  xmm0=0x0000ac900000ac9000001a9f00001a9f xmm1=0x0000dcdb0000dcdb000039bb000039bb 
  xmm2=0x0000823100008231000053c3000053c3 xmm3=0x00001ded00001ded000022c2000022c2 
  xmm4=0x0000ee9d0000ee9d0000a2d70000a2d7 xmm5=0x000025fe000025fe0000c81e0000c81e 
  xmm6=0x00004db700004db70000ebac0000ebac xmm7=0x0000af180000af180000c9630000c963 

0x3144: inc sil
  rax=0x540079e2bc000000 rbx=0x0000000000000a3a rcx=0x0000000000000472 rdx=0x000000000000008e
  rsi=0x00000000000015e4 rdi=0x000000000000008e flags=0b000000000110
  xmm0=0x0000ac900000ac9000001a9f00001a9f xmm1=0x0000dcdb0000dcdb000039bb000039bb 
  xmm2=0x0000823100008231000053c3000053c3 xmm3=0x00001ded00001ded000022c2000022c2 
  xmm4=0x0000ee9d0000ee9d0000a2d70000a2d7 xmm5=0x000025fe000025fe0000c81e0000c81e 
  xmm6=0x00004db700004db70000ebac0000ebac xmm7=0x0000af180000af180000c9630000c963 

0x3147: setnl dl
  rax=0x540079e2bc000000 rbx=0x0000000000000a3a rcx=0x0000000000000472 rdx=0x000000000000008e
  rsi=0x00000000000015e5 rdi=0x000000000000008e flags=0b000010000010
  xmm0=0x0000ac900000ac9000001a9f00001a9f xmm1=0x0000dcdb0000dcdb000039bb000039bb 
  xmm2=0x0000823100008231000053c3000053c3 xmm3=0x00001ded00001ded000022c2000022c2 
  xmm4=0x0000ee9d0000ee9d0000a2d70000a2d7 xmm5=0x000025fe000025fe0000c81e0000c81e 
  xmm6=0x00004db700004db70000ebac0000ebac xmm7=0x0000af180000af180000c9630000c963 

0x314a: and rdi, 0b1111111111111
  rax=0x540079e2bc000000 rbx=0x0000000000000a3a rcx=0x0000000000000472 rdx=0x0000000000000000
  rsi=0x00000000000015e5 rdi=0x000000000000008e flags=0b000010000010
  xmm0=0x0000ac900000ac9000001a9f00001a9f xmm1=0x0000dcdb0000dcdb000039bb000039bb 
  xmm2=0x0000823100008231000053c3000053c3 xmm3=0x00001ded00001ded000022c2000022c2 
  xmm4=0x0000ee9d0000ee9d0000a2d70000a2d7 xmm5=0x000025fe000025fe0000c81e0000c81e 
  xmm6=0x00004db700004db70000ebac0000ebac xmm7=0x0000af180000af180000c9630000c963 

0x3151: movsx eax, [r14 +rdi]
  rax=0x540079e2bc000000 rbx=0x0000000000000a3a rcx=0x0000000000000472 rdx=0x0000000000000000
  rsi=0x00000000000015e5 rdi=0x000000000000008e flags=0b000000000110
  xmm0=0x0000ac900000ac9000001a9f00001a9f xmm1=0x0000dcdb0000dcdb000039bb000039bb 
  xmm2=0x0000823100008231000053c3000053c3 xmm3=0x00001ded00001ded000022c2000022c2 
  xmm4=0x0000ee9d0000ee9d0000a2d70000a2d7 xmm5=0x000025fe000025fe0000c81e0000c81e 
  xmm6=0x00004db700004db70000ebac0000ebac xmm7=0x0000af180000af180000c9630000c963 

    > load from +0x408e value 0x0
0x3156: and rcx, 0b1111111111111
  rax=0x0000000000000000 rbx=0x0000000000000a3a rcx=0x0000000000000472 rdx=0x0000000000000000
  rsi=0x00000000000015e5 rdi=0x000000000000008e flags=0b000000000110
  xmm0=0x0000ac900000ac9000001a9f00001a9f xmm1=0x0000dcdb0000dcdb000039bb000039bb 
  xmm2=0x0000823100008231000053c3000053c3 xmm3=0x00001ded00001ded000022c2000022c2 
  xmm4=0x0000ee9d0000ee9d0000a2d70000a2d7 xmm5=0x000025fe000025fe0000c81e0000c81e 
  xmm6=0x00004db700004db70000ebac0000ebac xmm7=0x0000af180000af180000c9630000c963 

0x315d: imul [r14 +rcx]
  rax=0x0000000000000000 rbx=0x0000000000000a3a rcx=0x0000000000000472 rdx=0x0000000000000000
  rsi=0x00000000000015e5 rdi=0x000000000000008e flags=0b000000000110
  xmm0=0x0000ac900000ac9000001a9f00001a9f xmm1=0x0000dcdb0000dcdb000039bb000039bb 
  xmm2=0x0000823100008231000053c3000053c3 xmm3=0x00001ded00001ded000022c2000022c2 
  xmm4=0x0000ee9d0000ee9d0000a2d70000a2d7 xmm5=0x000025fe000025fe0000c81e0000c81e 
  xmm6=0x00004db700004db70000ebac0000ebac xmm7=0x0000af180000af180000c9630000c963 

    > load from +0x4472 value 0xc0e200005fe30000
0x3161: or rcx, -12
  rax=0x0000000000000000 rbx=0x0000000000000a3a rcx=0x0000000000000472 rdx=0x0000000000000000
  rsi=0x00000000000015e5 rdi=0x000000000000008e flags=0b000001000110
  xmm0=0x0000ac900000ac9000001a9f00001a9f xmm1=0x0000dcdb0000dcdb000039bb000039bb 
  xmm2=0x0000823100008231000053c3000053c3 xmm3=0x00001ded00001ded000022c2000022c2 
  xmm4=0x0000ee9d0000ee9d0000a2d70000a2d7 xmm5=0x000025fe000025fe0000c81e0000c81e 
  xmm6=0x00004db700004db70000ebac0000ebac xmm7=0x0000af180000af180000c9630000c963 

0x3165: movsx bx, sil
  rax=0x0000000000000000 rbx=0x0000000000000a3a rcx=0xfffffffffffffff6 rdx=0x0000000000000000
  rsi=0x00000000000015e5 rdi=0x000000000000008e flags=0b000010000110
  xmm0=0x0000ac900000ac9000001a9f00001a9f xmm1=0x0000dcdb0000dcdb000039bb000039bb 
  xmm2=0x0000823100008231000053c3000053c3 xmm3=0x00001ded00001ded000022c2000022c2 
  xmm4=0x0000ee9d0000ee9d0000a2d70000a2d7 xmm5=0x000025fe000025fe0000c81e0000c81e 
  xmm6=0x00004db700004db70000ebac0000ebac xmm7=0x0000af180000af180000c9630000c963 

0x316a: dec dil
  rax=0x0000000000000000 rbx=0x000000000000ffe5 rcx=0xfffffffffffffff6 rdx=0x0000000000000000
  rsi=0x00000000000015e5 rdi=0x000000000000008e flags=0b000010000110
  xmm0=0x0000ac900000ac9000001a9f00001a9f xmm1=0x0000dcdb0000dcdb000039bb000039bb 
  xmm2=0x0000823100008231000053c3000053c3 xmm3=0x00001ded00001ded000022c2000022c2 
  xmm4=0x0000ee9d0000ee9d0000a2d70000a2d7 xmm5=0x000025fe000025fe0000c81e0000c81e 
  xmm6=0x00004db700004db70000ebac0000ebac xmm7=0x0000af180000af180000c9630000c963 

0x316d: macro .switch, .main.function_main_1
  rax=0x0000000000000000 rbx=0x000000000000ffe5 rcx=0xfffffffffffffff6 rdx=0x0000000000000000
  rsi=0x00000000000015e5 rdi=0x000000000000008d flags=0b000010000110
  xmm0=0x0000ac900000ac9000001a9f00001a9f xmm1=0x0000dcdb0000dcdb000039bb000039bb 
  xmm2=0x0000823100008231000053c3000053c3 xmm3=0x00001ded00001ded000022c2000022c2 
  xmm4=0x0000ee9d0000ee9d0000a2d70000a2d7 xmm5=0x000025fe000025fe0000c81e0000c81e 
  xmm6=0x00004db700004db70000ebac0000ebac xmm7=0x0000af180000af180000c9630000c963 

0x8 : add sil, -59
  rax=0x0000000000000000 rbx=0x000000000000ffe5 rcx=0xfffffffffffffff6 rdx=0x0000000000000000
  rsi=0x00000000000015e5 rdi=0x000000000000008d flags=0b000010000110
  xmm0=0x0000ac900000ac9000001a9f00001a9f xmm1=0x0000dcdb0000dcdb000039bb000039bb 
  xmm2=0x0000823100008231000053c3000053c3 xmm3=0x00001ded00001ded000022c2000022c2 
  xmm4=0x0000ee9d0000ee9d0000a2d70000a2d7 xmm5=0x000025fe000025fe0000c81e0000c81e 
  xmm6=0x00004db700004db70000ebac0000ebac xmm7=0x0000af180000af180000c9630000c963 

0xc : and rdx, 0b1111111111111
  rax=0x0000000000000000 rbx=0x000000000000ffe5 rcx=0xfffffffffffffff6 rdx=0x0000000000000000
  rsi=0x00000000000015aa rdi=0x000000000000008d flags=0b000010000111
  xmm0=0x0000ac900000ac9000001a9f00001a9f xmm1=0x0000dcdb0000dcdb000039bb000039bb 
  xmm2=0x0000823100008231000053c3000053c3 xmm3=0x00001ded00001ded000022c2000022c2 
  xmm4=0x0000ee9d0000ee9d0000a2d70000a2d7 xmm5=0x000025fe000025fe0000c81e0000c81e 
  xmm6=0x00004db700004db70000ebac0000ebac xmm7=0x0000af180000af180000c9630000c963 

0x13: movsx rax, [r14 +rdx]
  rax=0x0000000000000000 rbx=0x000000000000ffe5 rcx=0xfffffffffffffff6 rdx=0x0000000000000000
  rsi=0x00000000000015aa rdi=0x000000000000008d flags=0b000001000110
  xmm0=0x0000ac900000ac9000001a9f00001a9f xmm1=0x0000dcdb0000dcdb000039bb000039bb 
  xmm2=0x0000823100008231000053c3000053c3 xmm3=0x00001ded00001ded000022c2000022c2 
  xmm4=0x0000ee9d0000ee9d0000a2d70000a2d7 xmm5=0x000025fe000025fe0000c81e0000c81e 
  xmm6=0x00004db700004db70000ebac0000ebac xmm7=0x0000af180000af180000c9630000c963 

    > load from +0x0 value 0xec
0x18: btc dx, dx
  rax=0xffffffffffffffec rbx=0x000000000000ffe5 rcx=0xfffffffffffffff6 rdx=0x0000000000000000
  rsi=0x00000000000015aa rdi=0x000000000000008d flags=0b000001000110
  xmm0=0x0000ac900000ac9000001a9f00001a9f xmm1=0x0000dcdb0000dcdb000039bb000039bb 
  xmm2=0x0000823100008231000053c3000053c3 xmm3=0x00001ded00001ded000022c2000022c2 
  xmm4=0x0000ee9d0000ee9d0000a2d70000a2d7 xmm5=0x000025fe000025fe0000c81e0000c81e 
  xmm6=0x00004db700004db70000ebac0000ebac xmm7=0x0000af180000af180000c9630000c963 

0x1c: setnz al
  rax=0xffffffffffffffec rbx=0x000000000000ffe5 rcx=0xfffffffffffffff6 rdx=0x0000000000000001
  rsi=0x00000000000015aa rdi=0x000000000000008d flags=0b000001000110
  xmm0=0x0000ac900000ac9000001a9f00001a9f xmm1=0x0000dcdb0000dcdb000039bb000039bb 
  xmm2=0x0000823100008231000053c3000053c3 xmm3=0x00001ded00001ded000022c2000022c2 
  xmm4=0x0000ee9d0000ee9d0000a2d70000a2d7 xmm5=0x000025fe000025fe0000c81e0000c81e 
  xmm6=0x00004db700004db70000ebac0000ebac xmm7=0x0000af180000af180000c9630000c963 

0x1f: and rdi, 0b1111111111111
  rax=0xffffffffffffff00 rbx=0x000000000000ffe5 rcx=0xfffffffffffffff6 rdx=0x0000000000000001
  rsi=0x00000000000015aa rdi=0x000000000000008d flags=0b000001000110
  xmm0=0x0000ac900000ac9000001a9f00001a9f xmm1=0x0000dcdb0000dcdb000039bb000039bb 
  xmm2=0x0000823100008231000053c3000053c3 xmm3=0x00001ded00001ded000022c2000022c2 
  xmm4=0x0000ee9d0000ee9d0000a2d70000a2d7 xmm5=0x000025fe000025fe0000c81e0000c81e 
  xmm6=0x00004db700004db70000ebac0000ebac xmm7=0x0000af180000af180000c9630000c963 

0x26: cmp [r14 +rdi], rcx
  rax=0xffffffffffffff00 rbx=0x000000000000ffe5 rcx=0xfffffffffffffff6 rdx=0x0000000000000001
  rsi=0x00000000000015aa rdi=0x000000000000008d flags=0b000000000110
  xmm0=0x0000ac900000ac9000001a9f00001a9f xmm1=0x0000dcdb0000dcdb000039bb000039bb 
  xmm2=0x0000823100008231000053c3000053c3 xmm3=0x00001ded00001ded000022c2000022c2 
  xmm4=0x0000ee9d0000ee9d0000a2d70000a2d7 xmm5=0x000025fe000025fe0000c81e0000c81e 
  xmm6=0x00004db700004db70000ebac0000ebac xmm7=0x0000af180000af180000c9630000c963 

    > load from +0x8d value 0x8900000089000037
0x2a: and rdx, 0b1111111111111
  rax=0xffffffffffffff00 rbx=0x000000000000ffe5 rcx=0xfffffffffffffff6 rdx=0x0000000000000001
  rsi=0x00000000000015aa rdi=0x000000000000008d flags=0b000010000111
  xmm0=0x0000ac900000ac9000001a9f00001a9f xmm1=0x0000dcdb0000dcdb000039bb000039bb 
  xmm2=0x0000823100008231000053c3000053c3 xmm3=0x00001ded00001ded000022c2000022c2 
  xmm4=0x0000ee9d0000ee9d0000a2d70000a2d7 xmm5=0x000025fe000025fe0000c81e0000c81e 
  xmm6=0x00004db700004db70000ebac0000ebac xmm7=0x0000af180000af180000c9630000c963 

0x31: or [r14 +rdx], 1
  rax=0xffffffffffffff00 rbx=0x000000000000ffe5 rcx=0xfffffffffffffff6 rdx=0x0000000000000001
  rsi=0x00000000000015aa rdi=0x000000000000008d flags=0b000000000010
  xmm0=0x0000ac900000ac9000001a9f00001a9f xmm1=0x0000dcdb0000dcdb000039bb000039bb 
  xmm2=0x0000823100008231000053c3000053c3 xmm3=0x00001ded00001ded000022c2000022c2 
  xmm4=0x0000ee9d0000ee9d0000a2d70000a2d7 xmm5=0x000025fe000025fe0000c81e0000c81e 
  xmm6=0x00004db700004db70000ebac0000ebac xmm7=0x0000af180000af180000c9630000c963 

    > load from +0x1 value 0xa8
    > store to +0x1 value 0xa9
0x36: and rdi, 0b1111111111111
  rax=0xffffffffffffff00 rbx=0x000000000000ffe5 rcx=0xfffffffffffffff6 rdx=0x0000000000000001
  rsi=0x00000000000015aa rdi=0x000000000000008d flags=0b000010000110
  xmm0=0x0000ac900000ac9000001a9f00001a9f xmm1=0x0000dcdb0000dcdb000039bb000039bb 
  xmm2=0x0000823100008231000053c3000053c3 xmm3=0x00001ded00001ded000022c2000022c2 
  xmm4=0x0000ee9d0000ee9d0000a2d70000a2d7 xmm5=0x000025fe000025fe0000c81e0000c81e 
  xmm6=0x00004db700004db70000ebac0000ebac xmm7=0x0000af180000af180000c9630000c963 

0x3d: movsx edi, [r14 +rdi]
  rax=0xffffffffffffff00 rbx=0x000000000000ffe5 rcx=0xfffffffffffffff6 rdx=0x0000000000000001
  rsi=0x00000000000015aa rdi=0x000000000000008d flags=0b000000000110
  xmm0=0x0000ac900000ac9000001a9f00001a9f xmm1=0x0000dcdb0000dcdb000039bb000039bb 
  xmm2=0x0000823100008231000053c3000053c3 xmm3=0x00001ded00001ded000022c2000022c2 
  xmm4=0x0000ee9d0000ee9d0000a2d70000a2d7 xmm5=0x000025fe000025fe0000c81e0000c81e 
  xmm6=0x00004db700004db70000ebac0000ebac xmm7=0x0000af180000af180000c9630000c963 

    > load from +0x8d value 0x37
0x42: and rdx, 0b1111111111111
  rax=0xffffffffffffff00 rbx=0x000000000000ffe5 rcx=0xfffffffffffffff6 rdx=0x0000000000000001
  rsi=0x00000000000015aa rdi=0x0000000000000037 flags=0b000000000110
  xmm0=0x0000ac900000ac9000001a9f00001a9f xmm1=0x0000dcdb0000dcdb000039bb000039bb 
  xmm2=0x0000823100008231000053c3000053c3 xmm3=0x00001ded00001ded000022c2000022c2 
  xmm4=0x0000ee9d0000ee9d0000a2d70000a2d7 xmm5=0x000025fe000025fe0000c81e0000c81e 
  xmm6=0x00004db700004db70000ebac0000ebac xmm7=0x0000af180000af180000c9630000c963 

0x49: cmp edx, [r14 +rdx]
  rax=0xffffffffffffff00 rbx=0x000000000000ffe5 rcx=0xfffffffffffffff6 rdx=0x0000000000000001
  rsi=0x00000000000015aa rdi=0x0000000000000037 flags=0b000000000010
  xmm0=0x0000ac900000ac9000001a9f00001a9f xmm1=0x0000dcdb0000dcdb000039bb000039bb 
  xmm2=0x0000823100008231000053c3000053c3 xmm3=0x00001ded00001ded000022c2000022c2 
  xmm4=0x0000ee9d0000ee9d0000a2d70000a2d7 xmm5=0x000025fe000025fe0000c81e0000c81e 
  xmm6=0x00004db700004db70000ebac0000ebac xmm7=0x0000af180000af180000c9630000c963 

    > load from +0x1 value 0xec0000a9
0x4d: cwd 
  rax=0xffffffffffffff00 rbx=0x000000000000ffe5 rcx=0xfffffffffffffff6 rdx=0x0000000000000001
  rsi=0x00000000000015aa rdi=0x0000000000000037 flags=0b000000010011
  xmm0=0x0000ac900000ac9000001a9f00001a9f xmm1=0x0000dcdb0000dcdb000039bb000039bb 
  xmm2=0x0000823100008231000053c3000053c3 xmm3=0x00001ded00001ded000022c2000022c2 
  xmm4=0x0000ee9d0000ee9d0000a2d70000a2d7 xmm5=0x000025fe000025fe0000c81e0000c81e 
  xmm6=0x00004db700004db70000ebac0000ebac xmm7=0x0000af180000af180000c9630000c963 

0x4f: and rsi, 0b1111111111111
  rax=0xffffffffffffff00 rbx=0x000000000000ffe5 rcx=0xfffffffffffffff6 rdx=0x000000000000ffff
  rsi=0x00000000000015aa rdi=0x0000000000000037 flags=0b000000010011
  xmm0=0x0000ac900000ac9000001a9f00001a9f xmm1=0x0000dcdb0000dcdb000039bb000039bb 
  xmm2=0x0000823100008231000053c3000053c3 xmm3=0x00001ded00001ded000022c2000022c2 
  xmm4=0x0000ee9d0000ee9d0000a2d70000a2d7 xmm5=0x000025fe000025fe0000c81e0000c81e 
  xmm6=0x00004db700004db70000ebac0000ebac xmm7=0x0000af180000af180000c9630000c963 

0x56: cmovle rax, [r14 +rsi]
  rax=0xffffffffffffff00 rbx=0x000000000000ffe5 rcx=0xfffffffffffffff6 rdx=0x000000000000ffff
  rsi=0x00000000000015aa rdi=0x0000000000000037 flags=0b000000000110
  xmm0=0x0000ac900000ac9000001a9f00001a9f xmm1=0x0000dcdb0000dcdb000039bb000039bb 
  xmm2=0x0000823100008231000053c3000053c3 xmm3=0x00001ded00001ded000022c2000022c2 
  xmm4=0x0000ee9d0000ee9d0000a2d70000a2d7 xmm5=0x000025fe000025fe0000c81e0000c81e 
  xmm6=0x00004db700004db70000ebac0000ebac xmm7=0x0000af180000af180000c9630000c963 

    > load from +0x15aa value 0x9d29000052160000
0x5b: and rdx, 0b1111111111111
  rax=0xffffffffffffff00 rbx=0x000000000000ffe5 rcx=0xfffffffffffffff6 rdx=0x000000000000ffff
  rsi=0x00000000000015aa rdi=0x0000000000000037 flags=0b000000000110
  xmm0=0x0000ac900000ac9000001a9f00001a9f xmm1=0x0000dcdb0000dcdb000039bb000039bb 
  xmm2=0x0000823100008231000053c3000053c3 xmm3=0x00001ded00001ded000022c2000022c2 
  xmm4=0x0000ee9d0000ee9d0000a2d70000a2d7 xmm5=0x000025fe000025fe0000c81e0000c81e 
  xmm6=0x00004db700004db70000ebac0000ebac xmm7=0x0000af180000af180000c9630000c963 

0x62: movsx rdx, [r14 +rdx]
  rax=0xffffffffffffff00 rbx=0x000000000000ffe5 rcx=0xfffffffffffffff6 rdx=0x0000000000001fff
  rsi=0x00000000000015aa rdi=0x0000000000000037 flags=0b000000000110
  xmm0=0x0000ac900000ac9000001a9f00001a9f xmm1=0x0000dcdb0000dcdb000039bb000039bb 
  xmm2=0x0000823100008231000053c3000053c3 xmm3=0x00001ded00001ded000022c2000022c2 
  xmm4=0x0000ee9d0000ee9d0000a2d70000a2d7 xmm5=0x000025fe000025fe0000c81e0000c81e 
  xmm6=0x00004db700004db70000ebac0000ebac xmm7=0x0000af180000af180000c9630000c963 

    > load from +0x1fff value 0x5100
0x67: and rsi, 0b1111111111111
  rax=0xffffffffffffff00 rbx=0x000000000000ffe5 rcx=0xfffffffffffffff6 rdx=0x0000000000005100
  rsi=0x00000000000015aa rdi=0x0000000000000037 flags=0b000000000110
  xmm0=0x0000ac900000ac9000001a9f00001a9f xmm1=0x0000dcdb0000dcdb000039bb000039bb 
  xmm2=0x0000823100008231000053c3000053c3 xmm3=0x00001ded00001ded000022c2000022c2 
  xmm4=0x0000ee9d0000ee9d0000a2d70000a2d7 xmm5=0x000025fe000025fe0000c81e0000c81e 
  xmm6=0x00004db700004db70000ebac0000ebac xmm7=0x0000af180000af180000c9630000c963 

0x6e: cmovp rcx, [r14 +rsi]
  rax=0xffffffffffffff00 rbx=0x000000000000ffe5 rcx=0xfffffffffffffff6 rdx=0x0000000000005100
  rsi=0x00000000000015aa rdi=0x0000000000000037 flags=0b000000000110
  xmm0=0x0000ac900000ac9000001a9f00001a9f xmm1=0x0000dcdb0000dcdb000039bb000039bb 
  xmm2=0x0000823100008231000053c3000053c3 xmm3=0x00001ded00001ded000022c2000022c2 
  xmm4=0x0000ee9d0000ee9d0000a2d70000a2d7 xmm5=0x000025fe000025fe0000c81e0000c81e 
  xmm6=0x00004db700004db70000ebac0000ebac xmm7=0x0000af180000af180000c9630000c963 

    > load from +0x15aa value 0x9d29000052160000
0x73: dec rdx
  rax=0xffffffffffffff00 rbx=0x000000000000ffe5 rcx=0x9d29000052160000 rdx=0x0000000000005100
  rsi=0x00000000000015aa rdi=0x0000000000000037 flags=0b000000000110
  xmm0=0x0000ac900000ac9000001a9f00001a9f xmm1=0x0000dcdb0000dcdb000039bb000039bb 
  xmm2=0x0000823100008231000053c3000053c3 xmm3=0x00001ded00001ded000022c2000022c2 
  xmm4=0x0000ee9d0000ee9d0000a2d70000a2d7 xmm5=0x000025fe000025fe0000c81e0000c81e 
  xmm6=0x00004db700004db70000ebac0000ebac xmm7=0x0000af180000af180000c9630000c963 

0x76: cmovle edx, eax
  rax=0xffffffffffffff00 rbx=0x000000000000ffe5 rcx=0x9d29000052160000 rdx=0x00000000000050ff
  rsi=0x00000000000015aa rdi=0x0000000000000037 flags=0b000000010110
  xmm0=0x0000ac900000ac9000001a9f00001a9f xmm1=0x0000dcdb0000dcdb000039bb000039bb 
  xmm2=0x0000823100008231000053c3000053c3 xmm3=0x00001ded00001ded000022c2000022c2 
  xmm4=0x0000ee9d0000ee9d0000a2d70000a2d7 xmm5=0x000025fe000025fe0000c81e0000c81e 
  xmm6=0x00004db700004db70000ebac0000ebac xmm7=0x0000af180000af180000c9630000c963 

0x79: and rdx, 0b1111111111111
  rax=0xffffffffffffff00 rbx=0x000000000000ffe5 rcx=0x9d29000052160000 rdx=0x00000000000050ff
  rsi=0x00000000000015aa rdi=0x0000000000000037 flags=0b000000010110
  xmm0=0x0000ac900000ac9000001a9f00001a9f xmm1=0x0000dcdb0000dcdb000039bb000039bb 
  xmm2=0x0000823100008231000053c3000053c3 xmm3=0x00001ded00001ded000022c2000022c2 
  xmm4=0x0000ee9d0000ee9d0000a2d70000a2d7 xmm5=0x000025fe000025fe0000c81e0000c81e 
  xmm6=0x00004db700004db70000ebac0000ebac xmm7=0x0000af180000af180000c9630000c963 

0x80: nop [r14 +rdx]
  rax=0xffffffffffffff00 rbx=0x000000000000ffe5 rcx=0x9d29000052160000 rdx=0x00000000000010ff
  rsi=0x00000000000015aa rdi=0x0000000000000037 flags=0b000000000110
  xmm0=0x0000ac900000ac9000001a9f00001a9f xmm1=0x0000dcdb0000dcdb000039bb000039bb 
  xmm2=0x0000823100008231000053c3000053c3 xmm3=0x00001ded00001ded000022c2000022c2 
  xmm4=0x0000ee9d0000ee9d0000a2d70000a2d7 xmm5=0x000025fe000025fe0000c81e0000c81e 
  xmm6=0x00004db700004db70000ebac0000ebac xmm7=0x0000af180000af180000c9630000c963 

0x85: and rbx, 0b1111111111111
  rax=0xffffffffffffff00 rbx=0x000000000000ffe5 rcx=0x9d29000052160000 rdx=0x00000000000010ff
  rsi=0x00000000000015aa rdi=0x0000000000000037 flags=0b000000000110
  xmm0=0x0000ac900000ac9000001a9f00001a9f xmm1=0x0000dcdb0000dcdb000039bb000039bb 
  xmm2=0x0000823100008231000053c3000053c3 xmm3=0x00001ded00001ded000022c2000022c2 
  xmm4=0x0000ee9d0000ee9d0000a2d70000a2d7 xmm5=0x000025fe000025fe0000c81e0000c81e 
  xmm6=0x00004db700004db70000ebac0000ebac xmm7=0x0000af180000af180000c9630000c963 

0x8c: or bl, [r14 +rbx]
  rax=0xffffffffffffff00 rbx=0x0000000000001fe5 rcx=0x9d29000052160000 rdx=0x00000000000010ff
  rsi=0x00000000000015aa rdi=0x0000000000000037 flags=0b000000000010
  xmm0=0x0000ac900000ac9000001a9f00001a9f xmm1=0x0000dcdb0000dcdb000039bb000039bb 
  xmm2=0x0000823100008231000053c3000053c3 xmm3=0x00001ded00001ded000022c2000022c2 
  xmm4=0x0000ee9d0000ee9d0000a2d70000a2d7 xmm5=0x000025fe000025fe0000c81e0000c81e 
  xmm6=0x00004db700004db70000ebac0000ebac xmm7=0x0000af180000af180000c9630000c963 

    > load from +0x1fe5 value 0xa4
0x90: sbb ebx, ebx
  rax=0xffffffffffffff00 rbx=0x0000000000001fe5 rcx=0x9d29000052160000 rdx=0x00000000000010ff
  rsi=0x00000000000015aa rdi=0x0000000000000037 flags=0b000010000010
  xmm0=0x0000ac900000ac9000001a9f00001a9f xmm1=0x0000dcdb0000dcdb000039bb000039bb 
  xmm2=0x0000823100008231000053c3000053c3 xmm3=0x00001ded00001ded000022c2000022c2 
  xmm4=0x0000ee9d0000ee9d0000a2d70000a2d7 xmm5=0x000025fe000025fe0000c81e0000c81e 
  xmm6=0x00004db700004db70000ebac0000ebac xmm7=0x0000af180000af180000c9630000c963 

0x92: and rcx, 0b1111111111111
  rax=0xffffffffffffff00 rbx=0x0000000000000000 rcx=0x9d29000052160000 rdx=0x00000000000010ff
  rsi=0x00000000000015aa rdi=0x0000000000000037 flags=0b000001000110
  xmm0=0x0000ac900000ac9000001a9f00001a9f xmm1=0x0000dcdb0000dcdb000039bb000039bb 
  xmm2=0x0000823100008231000053c3000053c3 xmm3=0x00001ded00001ded000022c2000022c2 
  xmm4=0x0000ee9d0000ee9d0000a2d70000a2d7 xmm5=0x000025fe000025fe0000c81e0000c81e 
  xmm6=0x00004db700004db70000ebac0000ebac xmm7=0x0000af180000af180000c9630000c963 

0x99: sbb di, [r14 +rcx]
  rax=0xffffffffffffff00 rbx=0x0000000000000000 rcx=0x0000000000000000 rdx=0x00000000000010ff
  rsi=0x00000000000015aa rdi=0x0000000000000037 flags=0b000001000110
  xmm0=0x0000ac900000ac9000001a9f00001a9f xmm1=0x0000dcdb0000dcdb000039bb000039bb 
  xmm2=0x0000823100008231000053c3000053c3 xmm3=0x00001ded00001ded000022c2000022c2 
  xmm4=0x0000ee9d0000ee9d0000a2d70000a2d7 xmm5=0x000025fe000025fe0000c81e0000c81e 
  xmm6=0x00004db700004db70000ebac0000ebac xmm7=0x0000af180000af180000c9630000c963 

    > load from +0x0 value 0xa9ec
0x9e: and rcx, 0b1111111111111
  rax=0xffffffffffffff00 rbx=0x0000000000000000 rcx=0x0000000000000000 rdx=0x00000000000010ff
  rsi=0x00000000000015aa rdi=0x000000000000564b flags=0b000000010111
  xmm0=0x0000ac900000ac9000001a9f00001a9f xmm1=0x0000dcdb0000dcdb000039bb000039bb 
  xmm2=0x0000823100008231000053c3000053c3 xmm3=0x00001ded00001ded000022c2000022c2 
  xmm4=0x0000ee9d0000ee9d0000a2d70000a2d7 xmm5=0x000025fe000025fe0000c81e0000c81e 
  xmm6=0x00004db700004db70000ebac0000ebac xmm7=0x0000af180000af180000c9630000c963 

0xa5: mov di, [r14 +rcx]
  rax=0xffffffffffffff00 rbx=0x0000000000000000 rcx=0x0000000000000000 rdx=0x00000000000010ff
  rsi=0x00000000000015aa rdi=0x000000000000564b flags=0b000001000110
  xmm0=0x0000ac900000ac9000001a9f00001a9f xmm1=0x0000dcdb0000dcdb000039bb000039bb 
  xmm2=0x0000823100008231000053c3000053c3 xmm3=0x00001ded00001ded000022c2000022c2 
  xmm4=0x0000ee9d0000ee9d0000a2d70000a2d7 xmm5=0x000025fe000025fe0000c81e0000c81e 
  xmm6=0x00004db700004db70000ebac0000ebac xmm7=0x0000af180000af180000c9630000c963 

    > load from +0x0 value 0xa9ec
0xaa: and rcx, 0b1111111111111
  rax=0xffffffffffffff00 rbx=0x0000000000000000 rcx=0x0000000000000000 rdx=0x00000000000010ff
  rsi=0x00000000000015aa rdi=0x000000000000a9ec flags=0b000001000110
  xmm0=0x0000ac900000ac9000001a9f00001a9f xmm1=0x0000dcdb0000dcdb000039bb000039bb 
  xmm2=0x0000823100008231000053c3000053c3 xmm3=0x00001ded00001ded000022c2000022c2 
  xmm4=0x0000ee9d0000ee9d0000a2d70000a2d7 xmm5=0x000025fe000025fe0000c81e0000c81e 
  xmm6=0x00004db700004db70000ebac0000ebac xmm7=0x0000af180000af180000c9630000c963 

0xb1: cmovno ecx, [r14 +rcx]
  rax=0xffffffffffffff00 rbx=0x0000000000000000 rcx=0x0000000000000000 rdx=0x00000000000010ff
  rsi=0x00000000000015aa rdi=0x000000000000a9ec flags=0b000001000110
  xmm0=0x0000ac900000ac9000001a9f00001a9f xmm1=0x0000dcdb0000dcdb000039bb000039bb 
  xmm2=0x0000823100008231000053c3000053c3 xmm3=0x00001ded00001ded000022c2000022c2 
  xmm4=0x0000ee9d0000ee9d0000a2d70000a2d7 xmm5=0x000025fe000025fe0000c81e0000c81e 
  xmm6=0x00004db700004db70000ebac0000ebac xmm7=0x0000af180000af180000c9630000c963 

    > load from +0x0 value 0xa9ec
0xb6: and rcx, 0b1111111111111
  rax=0xffffffffffffff00 rbx=0x0000000000000000 rcx=0x000000000000a9ec rdx=0x00000000000010ff
  rsi=0x00000000000015aa rdi=0x000000000000a9ec flags=0b000001000110
  xmm0=0x0000ac900000ac9000001a9f00001a9f xmm1=0x0000dcdb0000dcdb000039bb000039bb 
  xmm2=0x0000823100008231000053c3000053c3 xmm3=0x00001ded00001ded000022c2000022c2 
  xmm4=0x0000ee9d0000ee9d0000a2d70000a2d7 xmm5=0x000025fe000025fe0000c81e0000c81e 
  xmm6=0x00004db700004db70000ebac0000ebac xmm7=0x0000af180000af180000c9630000c963 

0xbd: mov rax, [r14 +rcx]
  rax=0xffffffffffffff00 rbx=0x0000000000000000 rcx=0x00000000000009ec rdx=0x00000000000010ff
  rsi=0x00000000000015aa rdi=0x000000000000a9ec flags=0b000000000010
  xmm0=0x0000ac900000ac9000001a9f00001a9f xmm1=0x0000dcdb0000dcdb000039bb000039bb 
  xmm2=0x0000823100008231000053c3000053c3 xmm3=0x00001ded00001ded000022c2000022c2 
  xmm4=0x0000ee9d0000ee9d0000a2d70000a2d7 xmm5=0x000025fe000025fe0000c81e0000c81e 
  xmm6=0x00004db700004db70000ebac0000ebac xmm7=0x0000af180000af180000c9630000c963 

    > load from +0x9ec value 0x1b50000fe83
0xc1: bt rcx, rsi
  rax=0x000001b50000fe83 rbx=0x0000000000000000 rcx=0x00000000000009ec rdx=0x00000000000010ff
  rsi=0x00000000000015aa rdi=0x000000000000a9ec flags=0b000000000010
  xmm0=0x0000ac900000ac9000001a9f00001a9f xmm1=0x0000dcdb0000dcdb000039bb000039bb 
  xmm2=0x0000823100008231000053c3000053c3 xmm3=0x00001ded00001ded000022c2000022c2 
  xmm4=0x0000ee9d0000ee9d0000a2d70000a2d7 xmm5=0x000025fe000025fe0000c81e0000c81e 
  xmm6=0x00004db700004db70000ebac0000ebac xmm7=0x0000af180000af180000c9630000c963 

0xc5: and rsi, 0b1111111111111
  rax=0x000001b50000fe83 rbx=0x0000000000000000 rcx=0x00000000000009ec rdx=0x00000000000010ff
  rsi=0x00000000000015aa rdi=0x000000000000a9ec flags=0b000000000010
  xmm0=0x0000ac900000ac9000001a9f00001a9f xmm1=0x0000dcdb0000dcdb000039bb000039bb 
  xmm2=0x0000823100008231000053c3000053c3 xmm3=0x00001ded00001ded000022c2000022c2 
  xmm4=0x0000ee9d0000ee9d0000a2d70000a2d7 xmm5=0x000025fe000025fe0000c81e0000c81e 
  xmm6=0x00004db700004db70000ebac0000ebac xmm7=0x0000af180000af180000c9630000c963 

0xcc: movsx rdi, [r14 +rsi]
  rax=0x000001b50000fe83 rbx=0x0000000000000000 rcx=0x00000000000009ec rdx=0x00000000000010ff
  rsi=0x00000000000015aa rdi=0x000000000000a9ec flags=0b000000000110
  xmm0=0x0000ac900000ac9000001a9f00001a9f xmm1=0x0000dcdb0000dcdb000039bb000039bb 
  xmm2=0x0000823100008231000053c3000053c3 xmm3=0x00001ded00001ded000022c2000022c2 
  xmm4=0x0000ee9d0000ee9d0000a2d70000a2d7 xmm5=0x000025fe000025fe0000c81e0000c81e 
  xmm6=0x00004db700004db70000ebac0000ebac xmm7=0x0000af180000af180000c9630000c963 

    > load from +0x15aa value 0x0
0xd1: and rcx, 0b1111111111111
  rax=0x000001b50000fe83 rbx=0x0000000000000000 rcx=0x00000000000009ec rdx=0x00000000000010ff
  rsi=0x00000000000015aa rdi=0x0000000000000000 flags=0b000000000110
  xmm0=0x0000ac900000ac9000001a9f00001a9f xmm1=0x0000dcdb0000dcdb000039bb000039bb 
  xmm2=0x0000823100008231000053c3000053c3 xmm3=0x00001ded00001ded000022c2000022c2 
  xmm4=0x0000ee9d0000ee9d0000a2d70000a2d7 xmm5=0x000025fe000025fe0000c81e0000c81e 
  xmm6=0x00004db700004db70000ebac0000ebac xmm7=0x0000af180000af180000c9630000c963 

0xd8: test [r14 +rcx], al
  rax=0x000001b50000fe83 rbx=0x0000000000000000 rcx=0x00000000000009ec rdx=0x00000000000010ff
  rsi=0x00000000000015aa rdi=0x0000000000000000 flags=0b000000000010
  xmm0=0x0000ac900000ac9000001a9f00001a9f xmm1=0x0000dcdb0000dcdb000039bb000039bb 
  xmm2=0x0000823100008231000053c3000053c3 xmm3=0x00001ded00001ded000022c2000022c2 
  xmm4=0x0000ee9d0000ee9d0000a2d70000a2d7 xmm5=0x000025fe000025fe0000c81e0000c81e 
  xmm6=0x00004db700004db70000ebac0000ebac xmm7=0x0000af180000af180000c9630000c963 

    > load from +0x9ec value 0x83
0xdc: and rax, 0b1111111111111
  rax=0x000001b50000fe83 rbx=0x0000000000000000 rcx=0x00000000000009ec rdx=0x00000000000010ff
  rsi=0x00000000000015aa rdi=0x0000000000000000 flags=0b000010000010
  xmm0=0x0000ac900000ac9000001a9f00001a9f xmm1=0x0000dcdb0000dcdb000039bb000039bb 
  xmm2=0x0000823100008231000053c3000053c3 xmm3=0x00001ded00001ded000022c2000022c2 
  xmm4=0x0000ee9d0000ee9d0000a2d70000a2d7 xmm5=0x000025fe000025fe0000c81e0000c81e 
  xmm6=0x00004db700004db70000ebac0000ebac xmm7=0x0000af180000af180000c9630000c963 

0xe2: cmovnp ecx, [r14 +rax]
  rax=0x0000000000001e83 rbx=0x0000000000000000 rcx=0x00000000000009ec rdx=0x00000000000010ff
  rsi=0x00000000000015aa rdi=0x0000000000000000 flags=0b000000000010
  xmm0=0x0000ac900000ac9000001a9f00001a9f xmm1=0x0000dcdb0000dcdb000039bb000039bb 
  xmm2=0x0000823100008231000053c3000053c3 xmm3=0x00001ded00001ded000022c2000022c2 
  xmm4=0x0000ee9d0000ee9d0000a2d70000a2d7 xmm5=0x000025fe000025fe0000c81e0000c81e 
  xmm6=0x00004db700004db70000ebac0000ebac xmm7=0x0000af180000af180000c9630000c963 

    > load from +0x1e83 value 0xb9800
0xe7: or dil, 0b1000
  rax=0x0000000000001e83 rbx=0x0000000000000000 rcx=0x00000000000b9800 rdx=0x00000000000010ff
  rsi=0x00000000000015aa rdi=0x0000000000000000 flags=0b000000000010
  xmm0=0x0000ac900000ac9000001a9f00001a9f xmm1=0x0000dcdb0000dcdb000039bb000039bb 
  xmm2=0x0000823100008231000053c3000053c3 xmm3=0x00001ded00001ded000022c2000022c2 
  xmm4=0x0000ee9d0000ee9d0000a2d70000a2d7 xmm5=0x000025fe000025fe0000c81e0000c81e 
  xmm6=0x00004db700004db70000ebac0000ebac xmm7=0x0000af180000af180000c9630000c963 

0xeb: and dil, 0b11111000
  rax=0x0000000000001e83 rbx=0x0000000000000000 rcx=0x00000000000b9800 rdx=0x00000000000010ff
  rsi=0x00000000000015aa rdi=0x0000000000000008 flags=0b000000000010
  xmm0=0x0000ac900000ac9000001a9f00001a9f xmm1=0x0000dcdb0000dcdb000039bb000039bb 
  xmm2=0x0000823100008231000053c3000053c3 xmm3=0x00001ded00001ded000022c2000022c2 
  xmm4=0x0000ee9d0000ee9d0000a2d70000a2d7 xmm5=0x000025fe000025fe0000c81e0000c81e 
  xmm6=0x00004db700004db70000ebac0000ebac xmm7=0x0000af180000af180000c9630000c963 

0xef: mov ax, 1
  rax=0x0000000000001e83 rbx=0x0000000000000000 rcx=0x00000000000b9800 rdx=0x00000000000010ff
  rsi=0x00000000000015aa rdi=0x0000000000000008 flags=0b000000000010
  xmm0=0x0000ac900000ac9000001a9f00001a9f xmm1=0x0000dcdb0000dcdb000039bb000039bb 
  xmm2=0x0000823100008231000053c3000053c3 xmm3=0x00001ded00001ded000022c2000022c2 
  xmm4=0x0000ee9d0000ee9d0000a2d70000a2d7 xmm5=0x000025fe000025fe0000c81e0000c81e 
  xmm6=0x00004db700004db70000ebac0000ebac xmm7=0x0000af180000af180000c9630000c963 

0xf3: idiv dil
  rax=0x0000000000000001 rbx=0x0000000000000000 rcx=0x00000000000b9800 rdx=0x00000000000010ff
  rsi=0x00000000000015aa rdi=0x0000000000000008 flags=0b000000000010
  xmm0=0x0000ac900000ac9000001a9f00001a9f xmm1=0x0000dcdb0000dcdb000039bb000039bb 
  xmm2=0x0000823100008231000053c3000053c3 xmm3=0x00001ded00001ded000022c2000022c2 
  xmm4=0x0000ee9d0000ee9d0000a2d70000a2d7 xmm5=0x000025fe000025fe0000c81e0000c81e 
  xmm6=0x00004db700004db70000ebac0000ebac xmm7=0x0000af180000af180000c9630000c963 

0xf6: add dil, -36
  rax=0x0000000000000100 rbx=0x0000000000000000 rcx=0x00000000000b9800 rdx=0x00000000000010ff
  rsi=0x00000000000015aa rdi=0x0000000000000008 flags=0b000000000010
  xmm0=0x0000ac900000ac9000001a9f00001a9f xmm1=0x0000dcdb0000dcdb000039bb000039bb 
  xmm2=0x0000823100008231000053c3000053c3 xmm3=0x00001ded00001ded000022c2000022c2 
  xmm4=0x0000ee9d0000ee9d0000a2d70000a2d7 xmm5=0x000025fe000025fe0000c81e0000c81e 
  xmm6=0x00004db700004db70000ebac0000ebac xmm7=0x0000af180000af180000c9630000c963 

0xfa: setnb al
  rax=0x0000000000000100 rbx=0x0000000000000000 rcx=0x00000000000b9800 rdx=0x00000000000010ff
  rsi=0x00000000000015aa rdi=0x00000000000000e4 flags=0b000010010110
  xmm0=0x0000ac900000ac9000001a9f00001a9f xmm1=0x0000dcdb0000dcdb000039bb000039bb 
  xmm2=0x0000823100008231000053c3000053c3 xmm3=0x00001ded00001ded000022c2000022c2 
  xmm4=0x0000ee9d0000ee9d0000a2d70000a2d7 xmm5=0x000025fe000025fe0000c81e0000c81e 
  xmm6=0x00004db700004db70000ebac0000ebac xmm7=0x0000af180000af180000c9630000c963 

0xfd: and rdx, 0b1111111111111
  rax=0x0000000000000101 rbx=0x0000000000000000 rcx=0x00000000000b9800 rdx=0x00000000000010ff
  rsi=0x00000000000015aa rdi=0x00000000000000e4 flags=0b000010010110
  xmm0=0x0000ac900000ac9000001a9f00001a9f xmm1=0x0000dcdb0000dcdb000039bb000039bb 
  xmm2=0x0000823100008231000053c3000053c3 xmm3=0x00001ded00001ded000022c2000022c2 
  xmm4=0x0000ee9d0000ee9d0000a2d70000a2d7 xmm5=0x000025fe000025fe0000c81e0000c81e 
  xmm6=0x00004db700004db70000ebac0000ebac xmm7=0x0000af180000af180000c9630000c963 

0x104: and rbx, 0b1111111111111
  rax=0x0000000000000101 rbx=0x0000000000000000 rcx=0x00000000000b9800 rdx=0x00000000000010ff
  rsi=0x00000000000015aa rdi=0x00000000000000e4 flags=0b000000000110
  xmm0=0x0000ac900000ac9000001a9f00001a9f xmm1=0x0000dcdb0000dcdb000039bb000039bb 
  xmm2=0x0000823100008231000053c3000053c3 xmm3=0x00001ded00001ded000022c2000022c2 
  xmm4=0x0000ee9d0000ee9d0000a2d70000a2d7 xmm5=0x000025fe000025fe0000c81e0000c81e 
  xmm6=0x00004db700004db70000ebac0000ebac xmm7=0x0000af180000af180000c9630000c963 

0x10b: cmp dil, [r14 +rbx]
  rax=0x0000000000000101 rbx=0x0000000000000000 rcx=0x00000000000b9800 rdx=0x00000000000010ff
  rsi=0x00000000000015aa rdi=0x00000000000000e4 flags=0b000001000110
  xmm0=0x0000ac900000ac9000001a9f00001a9f xmm1=0x0000dcdb0000dcdb000039bb000039bb 
  xmm2=0x0000823100008231000053c3000053c3 xmm3=0x00001ded00001ded000022c2000022c2 
  xmm4=0x0000ee9d0000ee9d0000a2d70000a2d7 xmm5=0x000025fe000025fe0000c81e0000c81e 
  xmm6=0x00004db700004db70000ebac0000ebac xmm7=0x0000af180000af180000c9630000c963 

    > load from +0x0 value 0xec
0x10f: and rcx, 0b1111111111111
  rax=0x0000000000000101 rbx=0x0000000000000000 rcx=0x00000000000b9800 rdx=0x00000000000010ff
  rsi=0x00000000000015aa rdi=0x00000000000000e4 flags=0b000010010011
  xmm0=0x0000ac900000ac9000001a9f00001a9f xmm1=0x0000dcdb0000dcdb000039bb000039bb 
  xmm2=0x0000823100008231000053c3000053c3 xmm3=0x00001ded00001ded000022c2000022c2 
  xmm4=0x0000ee9d0000ee9d0000a2d70000a2d7 xmm5=0x000025fe000025fe0000c81e0000c81e 
  xmm6=0x00004db700004db70000ebac0000ebac xmm7=0x0000af180000af180000c9630000c963 

0x116: sub dl, [r14 +rcx]
  rax=0x0000000000000101 rbx=0x0000000000000000 rcx=0x0000000000001800 rdx=0x00000000000010ff
  rsi=0x00000000000015aa rdi=0x00000000000000e4 flags=0b000000000110
  xmm0=0x0000ac900000ac9000001a9f00001a9f xmm1=0x0000dcdb0000dcdb000039bb000039bb 
  xmm2=0x0000823100008231000053c3000053c3 xmm3=0x00001ded00001ded000022c2000022c2 
  xmm4=0x0000ee9d0000ee9d0000a2d70000a2d7 xmm5=0x000025fe000025fe0000c81e0000c81e 
  xmm6=0x00004db700004db70000ebac0000ebac xmm7=0x0000af180000af180000c9630000c963 

    > load from +0x1800 value 0x42
0x11a: or di, si
  rax=0x0000000000000101 rbx=0x0000000000000000 rcx=0x0000000000001800 rdx=0x00000000000010bd
  rsi=0x00000000000015aa rdi=0x00000000000000e4 flags=0b000010000110
  xmm0=0x0000ac900000ac9000001a9f00001a9f xmm1=0x0000dcdb0000dcdb000039bb000039bb 
  xmm2=0x0000823100008231000053c3000053c3 xmm3=0x00001ded00001ded000022c2000022c2 
  xmm4=0x0000ee9d0000ee9d0000a2d70000a2d7 xmm5=0x000025fe000025fe0000c81e0000c81e 
  xmm6=0x00004db700004db70000ebac0000ebac xmm7=0x0000af180000af180000c9630000c963 

0x11d: and rbx, 0b1111111111111
  rax=0x0000000000000101 rbx=0x0000000000000000 rcx=0x0000000000001800 rdx=0x00000000000010bd
  rsi=0x00000000000015aa rdi=0x00000000000015ee flags=0b000000000110
  xmm0=0x0000ac900000ac9000001a9f00001a9f xmm1=0x0000dcdb0000dcdb000039bb000039bb 
  xmm2=0x0000823100008231000053c3000053c3 xmm3=0x00001ded00001ded000022c2000022c2 
  xmm4=0x0000ee9d0000ee9d0000a2d70000a2d7 xmm5=0x000025fe000025fe0000c81e0000c81e 
  xmm6=0x00004db700004db70000ebac0000ebac xmm7=0x0000af180000af180000c9630000c963 

0x124: mov esi, [r14 +rbx]
  rax=0x0000000000000101 rbx=0x0000000000000000 rcx=0x0000000000001800 rdx=0x00000000000010bd
  rsi=0x00000000000015aa rdi=0x00000000000015ee flags=0b000001000110
  xmm0=0x0000ac900000ac9000001a9f00001a9f xmm1=0x0000dcdb0000dcdb000039bb000039bb 
  xmm2=0x0000823100008231000053c3000053c3 xmm3=0x00001ded00001ded000022c2000022c2 
  xmm4=0x0000ee9d0000ee9d0000a2d70000a2d7 xmm5=0x000025fe000025fe0000c81e0000c81e 
  xmm6=0x00004db700004db70000ebac0000ebac xmm7=0x0000af180000af180000c9630000c963 

    > load from +0x0 value 0xa9ec
0x128: and rcx, 0b1111111111111
  rax=0x0000000000000101 rbx=0x0000000000000000 rcx=0x0000000000001800 rdx=0x00000000000010bd
  rsi=0x000000000000a9ec rdi=0x00000000000015ee flags=0b000001000110
  xmm0=0x0000ac900000ac9000001a9f00001a9f xmm1=0x0000dcdb0000dcdb000039bb000039bb 
  xmm2=0x0000823100008231000053c3000053c3 xmm3=0x00001ded00001ded000022c2000022c2 
  xmm4=0x0000ee9d0000ee9d0000a2d70000a2d7 xmm5=0x000025fe000025fe0000c81e0000c81e 
  xmm6=0x00004db700004db70000ebac0000ebac xmm7=0x0000af180000af180000c9630000c963 

0x12f: xor dil, [r14 +rcx]
  rax=0x0000000000000101 rbx=0x0000000000000000 rcx=0x0000000000001800 rdx=0x00000000000010bd
  rsi=0x000000000000a9ec rdi=0x00000000000015ee flags=0b000000000110
  xmm0=0x0000ac900000ac9000001a9f00001a9f xmm1=0x0000dcdb0000dcdb000039bb000039bb 
  xmm2=0x0000823100008231000053c3000053c3 xmm3=0x00001ded00001ded000022c2000022c2 
  xmm4=0x0000ee9d0000ee9d0000a2d70000a2d7 xmm5=0x000025fe000025fe0000c81e0000c81e 
  xmm6=0x00004db700004db70000ebac0000ebac xmm7=0x0000af180000af180000c9630000c963 

    > load from +0x1800 value 0x42
0x133: and rsi, 0b1111111111111
  rax=0x0000000000000101 rbx=0x0000000000000000 rcx=0x0000000000001800 rdx=0x00000000000010bd
  rsi=0x000000000000a9ec rdi=0x00000000000015ac flags=0b000010000110
  xmm0=0x0000ac900000ac9000001a9f00001a9f xmm1=0x0000dcdb0000dcdb000039bb000039bb 
  xmm2=0x0000823100008231000053c3000053c3 xmm3=0x00001ded00001ded000022c2000022c2 
  xmm4=0x0000ee9d0000ee9d0000a2d70000a2d7 xmm5=0x000025fe000025fe0000c81e0000c81e 
  xmm6=0x00004db700004db70000ebac0000ebac xmm7=0x0000af180000af180000c9630000c963 

0x13a: sbb ax, [r14 +rsi]
  rax=0x0000000000000101 rbx=0x0000000000000000 rcx=0x0000000000001800 rdx=0x00000000000010bd
  rsi=0x00000000000009ec rdi=0x00000000000015ac flags=0b000000000010
  xmm0=0x0000ac900000ac9000001a9f00001a9f xmm1=0x0000dcdb0000dcdb000039bb000039bb 
  xmm2=0x0000823100008231000053c3000053c3 xmm3=0x00001ded00001ded000022c2000022c2 
  xmm4=0x0000ee9d0000ee9d0000a2d70000a2d7 xmm5=0x000025fe000025fe0000c81e0000c81e 
  xmm6=0x00004db700004db70000ebac0000ebac xmm7=0x0000af180000af180000c9630000c963 

    > load from +0x9ec value 0xfe83
0x13f: imul di, ax, -2
  rax=0x000000000000027e rbx=0x0000000000000000 rcx=0x0000000000001800 rdx=0x00000000000010bd
  rsi=0x00000000000009ec rdi=0x00000000000015ac flags=0b000000010111
  xmm0=0x0000ac900000ac9000001a9f00001a9f xmm1=0x0000dcdb0000dcdb000039bb000039bb 
  xmm2=0x0000823100008231000053c3000053c3 xmm3=0x00001ded00001ded000022c2000022c2 
  xmm4=0x0000ee9d0000ee9d0000a2d70000a2d7 xmm5=0x000025fe000025fe0000c81e0000c81e 
  xmm6=0x00004db700004db70000ebac0000ebac xmm7=0x0000af180000af180000c9630000c963 

0x143: add sil, 101
  rax=0x000000000000027e rbx=0x0000000000000000 rcx=0x0000000000001800 rdx=0x00000000000010bd
  rsi=0x00000000000009ec rdi=0x000000000000fb04 flags=0b000010000010
  xmm0=0x0000ac900000ac9000001a9f00001a9f xmm1=0x0000dcdb0000dcdb000039bb000039bb 
  xmm2=0x0000823100008231000053c3000053c3 xmm3=0x00001ded00001ded000022c2000022c2 
  xmm4=0x0000ee9d0000ee9d0000a2d70000a2d7 xmm5=0x000025fe000025fe0000c81e0000c81e 
  xmm6=0x00004db700004db70000ebac0000ebac xmm7=0x0000af180000af180000c9630000c963 

0x147: setnz bl
  rax=0x000000000000027e rbx=0x0000000000000000 rcx=0x0000000000001800 rdx=0x00000000000010bd
  rsi=0x0000000000000951 rdi=0x000000000000fb04 flags=0b000000010011
  xmm0=0x0000ac900000ac9000001a9f00001a9f xmm1=0x0000dcdb0000dcdb000039bb000039bb 
  xmm2=0x0000823100008231000053c3000053c3 xmm3=0x00001ded00001ded000022c2000022c2 
  xmm4=0x0000ee9d0000ee9d0000a2d70000a2d7 xmm5=0x000025fe000025fe0000c81e0000c81e 
  xmm6=0x00004db700004db70000ebac0000ebac xmm7=0x0000af180000af180000c9630000c963 

0x14a: bts rax, 255
  rax=0x000000000000027e rbx=0x0000000000000001 rcx=0x0000000000001800 rdx=0x00000000000010bd
  rsi=0x0000000000000951 rdi=0x000000000000fb04 flags=0b000000010011
  xmm0=0x0000ac900000ac9000001a9f00001a9f xmm1=0x0000dcdb0000dcdb000039bb000039bb 
  xmm2=0x0000823100008231000053c3000053c3 xmm3=0x00001ded00001ded000022c2000022c2 
  xmm4=0x0000ee9d0000ee9d0000a2d70000a2d7 xmm5=0x000025fe000025fe0000c81e0000c81e 
  xmm6=0x00004db700004db70000ebac0000ebac xmm7=0x0000af180000af180000c9630000c963 

0x14f: and rdi, 0b1111111111111
  rax=0x800000000000027e rbx=0x0000000000000001 rcx=0x0000000000001800 rdx=0x00000000000010bd
  rsi=0x0000000000000951 rdi=0x000000000000fb04 flags=0b000000000010
  xmm0=0x0000ac900000ac9000001a9f00001a9f xmm1=0x0000dcdb0000dcdb000039bb000039bb 
  xmm2=0x0000823100008231000053c3000053c3 xmm3=0x00001ded00001ded000022c2000022c2 
  xmm4=0x0000ee9d0000ee9d0000a2d70000a2d7 xmm5=0x000025fe000025fe0000c81e0000c81e 
  xmm6=0x00004db700004db70000ebac0000ebac xmm7=0x0000af180000af180000c9630000c963 

0x156: adc ebx, [r14 +rdi]
  rax=0x800000000000027e rbx=0x0000000000000001 rcx=0x0000000000001800 rdx=0x00000000000010bd
  rsi=0x0000000000000951 rdi=0x0000000000001b04 flags=0b000000000010
  xmm0=0x0000ac900000ac9000001a9f00001a9f xmm1=0x0000dcdb0000dcdb000039bb000039bb 
  xmm2=0x0000823100008231000053c3000053c3 xmm3=0x00001ded00001ded000022c2000022c2 
  xmm4=0x0000ee9d0000ee9d0000a2d70000a2d7 xmm5=0x000025fe000025fe0000c81e0000c81e 
  xmm6=0x00004db700004db70000ebac0000ebac xmm7=0x0000af180000af180000c9630000c963 

    > load from +0x1b04 value 0xffda
0x15a: and rbx, 0b1111111111111
  rax=0x800000000000027e rbx=0x000000000000ffdb rcx=0x0000000000001800 rdx=0x00000000000010bd
  rsi=0x0000000000000951 rdi=0x0000000000001b04 flags=0b000000000110
  xmm0=0x0000ac900000ac9000001a9f00001a9f xmm1=0x0000dcdb0000dcdb000039bb000039bb 
  xmm2=0x0000823100008231000053c3000053c3 xmm3=0x00001ded00001ded000022c2000022c2 
  xmm4=0x0000ee9d0000ee9d0000a2d70000a2d7 xmm5=0x000025fe000025fe0000c81e0000c81e 
  xmm6=0x00004db700004db70000ebac0000ebac xmm7=0x0000af180000af180000c9630000c963 

0x161: test [r14 +rbx], sil
  rax=0x800000000000027e rbx=0x0000000000001fdb rcx=0x0000000000001800 rdx=0x00000000000010bd
  rsi=0x0000000000000951 rdi=0x0000000000001b04 flags=0b000000000110
  xmm0=0x0000ac900000ac9000001a9f00001a9f xmm1=0x0000dcdb0000dcdb000039bb000039bb 
  xmm2=0x0000823100008231000053c3000053c3 xmm3=0x00001ded00001ded000022c2000022c2 
  xmm4=0x0000ee9d0000ee9d0000a2d70000a2d7 xmm5=0x000025fe000025fe0000c81e0000c81e 
  xmm6=0x00004db700004db70000ebac0000ebac xmm7=0x0000af180000af180000c9630000c963 

    > load from +0x1fdb value 0x0
0x165: and dx, 99
  rax=0x800000000000027e rbx=0x0000000000001fdb rcx=0x0000000000001800 rdx=0x00000000000010bd
  rsi=0x0000000000000951 rdi=0x0000000000001b04 flags=0b000001000110
  xmm0=0x0000ac900000ac9000001a9f00001a9f xmm1=0x0000dcdb0000dcdb000039bb000039bb 
  xmm2=0x0000823100008231000053c3000053c3 xmm3=0x00001ded00001ded000022c2000022c2 
  xmm4=0x0000ee9d0000ee9d0000a2d70000a2d7 xmm5=0x000025fe000025fe0000c81e0000c81e 
  xmm6=0x00004db700004db70000ebac0000ebac xmm7=0x0000af180000af180000c9630000c963 

0x169: stc 
  rax=0x800000000000027e rbx=0x0000000000001fdb rcx=0x0000000000001800 rdx=0x0000000000000021
  rsi=0x0000000000000951 rdi=0x0000000000001b04 flags=0b000000000110
  xmm0=0x0000ac900000ac9000001a9f00001a9f xmm1=0x0000dcdb0000dcdb000039bb000039bb 
  xmm2=0x0000823100008231000053c3000053c3 xmm3=0x00001ded00001ded000022c2000022c2 
  xmm4=0x0000ee9d0000ee9d0000a2d70000a2d7 xmm5=0x000025fe000025fe0000c81e0000c81e 
  xmm6=0x00004db700004db70000ebac0000ebac xmm7=0x0000af180000af180000c9630000c963 

0x16a: and si, si
  rax=0x800000000000027e rbx=0x0000000000001fdb rcx=0x0000000000001800 rdx=0x0000000000000021
  rsi=0x0000000000000951 rdi=0x0000000000001b04 flags=0b000000000111
  xmm0=0x0000ac900000ac9000001a9f00001a9f xmm1=0x0000dcdb0000dcdb000039bb000039bb 
  xmm2=0x0000823100008231000053c3000053c3 xmm3=0x00001ded00001ded000022c2000022c2 
  xmm4=0x0000ee9d0000ee9d0000a2d70000a2d7 xmm5=0x000025fe000025fe0000c81e0000c81e 
  xmm6=0x00004db700004db70000ebac0000ebac xmm7=0x0000af180000af180000c9630000c963 

0x16d: xchg bl, bl
  rax=0x800000000000027e rbx=0x0000000000001fdb rcx=0x0000000000001800 rdx=0x0000000000000021
  rsi=0x0000000000000951 rdi=0x0000000000001b04 flags=0b000000000010
  xmm0=0x0000ac900000ac9000001a9f00001a9f xmm1=0x0000dcdb0000dcdb000039bb000039bb 
  xmm2=0x0000823100008231000053c3000053c3 xmm3=0x00001ded00001ded000022c2000022c2 
  xmm4=0x0000ee9d0000ee9d0000a2d70000a2d7 xmm5=0x000025fe000025fe0000c81e0000c81e 
  xmm6=0x00004db700004db70000ebac0000ebac xmm7=0x0000af180000af180000c9630000c963 

0x16f: or ecx, 0b1000
  rax=0x800000000000027e rbx=0x0000000000001fdb rcx=0x0000000000001800 rdx=0x0000000000000021
  rsi=0x0000000000000951 rdi=0x0000000000001b04 flags=0b000000000010
  xmm0=0x0000ac900000ac9000001a9f00001a9f xmm1=0x0000dcdb0000dcdb000039bb000039bb 
  xmm2=0x0000823100008231000053c3000053c3 xmm3=0x00001ded00001ded000022c2000022c2 
  xmm4=0x0000ee9d0000ee9d0000a2d70000a2d7 xmm5=0x000025fe000025fe0000c81e0000c81e 
  xmm6=0x00004db700004db70000ebac0000ebac xmm7=0x0000af180000af180000c9630000c963 

0x172: and cl, 0b11111000
  rax=0x800000000000027e rbx=0x0000000000001fdb rcx=0x0000000000001808 rdx=0x0000000000000021
  rsi=0x0000000000000951 rdi=0x0000000000001b04 flags=0b000000000010
  xmm0=0x0000ac900000ac9000001a9f00001a9f xmm1=0x0000dcdb0000dcdb000039bb000039bb 
  xmm2=0x0000823100008231000053c3000053c3 xmm3=0x00001ded00001ded000022c2000022c2 
  xmm4=0x0000ee9d0000ee9d0000a2d70000a2d7 xmm5=0x000025fe000025fe0000c81e0000c81e 
  xmm6=0x00004db700004db70000ebac0000ebac xmm7=0x0000af180000af180000c9630000c963 

0x175: and edx, 0b11
  rax=0x800000000000027e rbx=0x0000000000001fdb rcx=0x0000000000001808 rdx=0x0000000000000021
  rsi=0x0000000000000951 rdi=0x0000000000001b04 flags=0b000000000010
  xmm0=0x0000ac900000ac9000001a9f00001a9f xmm1=0x0000dcdb0000dcdb000039bb000039bb 
  xmm2=0x0000823100008231000053c3000053c3 xmm3=0x00001ded00001ded000022c2000022c2 
  xmm4=0x0000ee9d0000ee9d0000a2d70000a2d7 xmm5=0x000025fe000025fe0000c81e0000c81e 
  xmm6=0x00004db700004db70000ebac0000ebac xmm7=0x0000af180000af180000c9630000c963 

0x178: idiv ecx
  rax=0x800000000000027e rbx=0x0000000000001fdb rcx=0x0000000000001808 rdx=0x0000000000000001
  rsi=0x0000000000000951 rdi=0x0000000000001b04 flags=0b000000000010
  xmm0=0x0000ac900000ac9000001a9f00001a9f xmm1=0x0000dcdb0000dcdb000039bb000039bb 
  xmm2=0x0000823100008231000053c3000053c3 xmm3=0x00001ded00001ded000022c2000022c2 
  xmm4=0x0000ee9d0000ee9d0000a2d70000a2d7 xmm5=0x000025fe000025fe0000c81e0000c81e 
  xmm6=0x00004db700004db70000ebac0000ebac xmm7=0x0000af180000af180000c9630000c963 

0x17a: add sil, 20
  rax=0x00000000000aa71d rbx=0x0000000000001fdb rcx=0x0000000000001808 rdx=0x0000000000001196
  rsi=0x0000000000000951 rdi=0x0000000000001b04 flags=0b000000000010
  xmm0=0x0000ac900000ac9000001a9f00001a9f xmm1=0x0000dcdb0000dcdb000039bb000039bb 
  xmm2=0x0000823100008231000053c3000053c3 xmm3=0x00001ded00001ded000022c2000022c2 
  xmm4=0x0000ee9d0000ee9d0000a2d70000a2d7 xmm5=0x000025fe000025fe0000c81e0000c81e 
  xmm6=0x00004db700004db70000ebac0000ebac xmm7=0x0000af180000af180000c9630000c963 

0x17e: adc bl, al
  rax=0x00000000000aa71d rbx=0x0000000000001fdb rcx=0x0000000000001808 rdx=0x0000000000001196
  rsi=0x0000000000000965 rdi=0x0000000000001b04 flags=0b000000000110
  xmm0=0x0000ac900000ac9000001a9f00001a9f xmm1=0x0000dcdb0000dcdb000039bb000039bb 
  xmm2=0x0000823100008231000053c3000053c3 xmm3=0x00001ded00001ded000022c2000022c2 
  xmm4=0x0000ee9d0000ee9d0000a2d70000a2d7 xmm5=0x000025fe000025fe0000c81e0000c81e 
  xmm6=0x00004db700004db70000ebac0000ebac xmm7=0x0000af180000af180000c9630000c963 

0x180: sbb dil, -122
  rax=0x00000000000aa71d rbx=0x0000000000001ff8 rcx=0x0000000000001808 rdx=0x0000000000001196
  rsi=0x0000000000000965 rdi=0x0000000000001b04 flags=0b000010010010
  xmm0=0x0000ac900000ac9000001a9f00001a9f xmm1=0x0000dcdb0000dcdb000039bb000039bb 
  xmm2=0x0000823100008231000053c3000053c3 xmm3=0x00001ded00001ded000022c2000022c2 
  xmm4=0x0000ee9d0000ee9d0000a2d70000a2d7 xmm5=0x000025fe000025fe0000c81e0000c81e 
  xmm6=0x00004db700004db70000ebac0000ebac xmm7=0x0000af180000af180000c9630000c963 

0x184: and rcx, 0b1111111111111
  rax=0x00000000000aa71d rbx=0x0000000000001ff8 rcx=0x0000000000001808 rdx=0x0000000000001196
  rsi=0x0000000000000965 rdi=0x0000000000001b7e flags=0b000000010111
  xmm0=0x0000ac900000ac9000001a9f00001a9f xmm1=0x0000dcdb0000dcdb000039bb000039bb 
  xmm2=0x0000823100008231000053c3000053c3 xmm3=0x00001ded00001ded000022c2000022c2 
  xmm4=0x0000ee9d0000ee9d0000a2d70000a2d7 xmm5=0x000025fe000025fe0000c81e0000c81e 
  xmm6=0x00004db700004db70000ebac0000ebac xmm7=0x0000af180000af180000c9630000c963 

0x18b: movzx di, [r14 +rcx]
  rax=0x00000000000aa71d rbx=0x0000000000001ff8 rcx=0x0000000000001808 rdx=0x0000000000001196
  rsi=0x0000000000000965 rdi=0x0000000000001b7e flags=0b000000000010
  xmm0=0x0000ac900000ac9000001a9f00001a9f xmm1=0x0000dcdb0000dcdb000039bb000039bb 
  xmm2=0x0000823100008231000053c3000053c3 xmm3=0x00001ded00001ded000022c2000022c2 
  xmm4=0x0000ee9d0000ee9d0000a2d70000a2d7 xmm5=0x000025fe000025fe0000c81e0000c81e 
  xmm6=0x00004db700004db70000ebac0000ebac xmm7=0x0000af180000af180000c9630000c963 

    > load from +0x1808 value 0xdd
0x191: and rdi, 0b1111111111111
  rax=0x00000000000aa71d rbx=0x0000000000001ff8 rcx=0x0000000000001808 rdx=0x0000000000001196
  rsi=0x0000000000000965 rdi=0x00000000000000dd flags=0b000000000010
  xmm0=0x0000ac900000ac9000001a9f00001a9f xmm1=0x0000dcdb0000dcdb000039bb000039bb 
  xmm2=0x0000823100008231000053c3000053c3 xmm3=0x00001ded00001ded000022c2000022c2 
  xmm4=0x0000ee9d0000ee9d0000a2d70000a2d7 xmm5=0x000025fe000025fe0000c81e0000c81e 
  xmm6=0x00004db700004db70000ebac0000ebac xmm7=0x0000af180000af180000c9630000c963 

0x198: or bl, [r14 +rdi]
  rax=0x00000000000aa71d rbx=0x0000000000001ff8 rcx=0x0000000000001808 rdx=0x0000000000001196
  rsi=0x0000000000000965 rdi=0x00000000000000dd flags=0b000000000110
  xmm0=0x0000ac900000ac9000001a9f00001a9f xmm1=0x0000dcdb0000dcdb000039bb000039bb 
  xmm2=0x0000823100008231000053c3000053c3 xmm3=0x00001ded00001ded000022c2000022c2 
  xmm4=0x0000ee9d0000ee9d0000a2d70000a2d7 xmm5=0x000025fe000025fe0000c81e0000c81e 
  xmm6=0x00004db700004db70000ebac0000ebac xmm7=0x0000af180000af180000c9630000c963 

    > load from +0xdd value 0xbe
0x19c: and rax, -1051541325
  rax=0x00000000000aa71d rbx=0x0000000000001ffe rcx=0x0000000000001808 rdx=0x0000000000001196
  rsi=0x0000000000000965 rdi=0x00000000000000dd flags=0b000010000010
  xmm0=0x0000ac900000ac9000001a9f00001a9f xmm1=0x0000dcdb0000dcdb000039bb000039bb 
  xmm2=0x0000823100008231000053c3000053c3 xmm3=0x00001ded00001ded000022c2000022c2 
  xmm4=0x0000ee9d0000ee9d0000a2d70000a2d7 xmm5=0x000025fe000025fe0000c81e0000c81e 
  xmm6=0x00004db700004db70000ebac0000ebac xmm7=0x0000af180000af180000c9630000c963 

0x1a2: macro .switch, .actor2.function_actor2_1
  rax=0x0000000000028011 rbx=0x0000000000001ffe rcx=0x0000000000001808 rdx=0x0000000000001196
  rsi=0x0000000000000965 rdi=0x00000000000000dd flags=0b000000000110
  xmm0=0x0000ac900000ac9000001a9f00001a9f xmm1=0x0000dcdb0000dcdb000039bb000039bb 
  xmm2=0x0000823100008231000053c3000053c3 xmm3=0x00001ded00001ded000022c2000022c2 
  xmm4=0x0000ee9d0000ee9d0000a2d70000a2d7 xmm5=0x000025fe000025fe0000c81e0000c81e 
  xmm6=0x00004db700004db70000ebac0000ebac xmm7=0x0000af180000af180000c9630000c963 

0x3175: pushfq 
  rax=0x0000000000028011 rbx=0x0000000000001ffe rcx=0x0000000000001808 rdx=0x0000000000001196
  rsi=0x0000000000000965 rdi=0x00000000000000dd flags=0b000000000110
  xmm0=0x0000ac900000ac9000001a9f00001a9f xmm1=0x0000dcdb0000dcdb000039bb000039bb 
  xmm2=0x0000823100008231000053c3000053c3 xmm3=0x00001ded00001ded000022c2000022c2 
  xmm4=0x0000ee9d0000ee9d0000a2d70000a2d7 xmm5=0x000025fe000025fe0000c81e0000c81e 
  xmm6=0x00004db700004db70000ebac0000ebac xmm7=0x0000af180000af180000c9630000c963 

    > store to +0x4ff0 value 0x6
0x3176: push rax
  rax=0x0000000000028011 rbx=0x0000000000001ffe rcx=0x0000000000001808 rdx=0x0000000000001196
  rsi=0x0000000000000965 rdi=0x00000000000000dd flags=0b000000000110
  xmm0=0x0000ac900000ac9000001a9f00001a9f xmm1=0x0000dcdb0000dcdb000039bb000039bb 
  xmm2=0x0000823100008231000053c3000053c3 xmm3=0x00001ded00001ded000022c2000022c2 
  xmm4=0x0000ee9d0000ee9d0000a2d70000a2d7 xmm5=0x000025fe000025fe0000c81e0000c81e 
  xmm6=0x00004db700004db70000ebac0000ebac xmm7=0x0000af180000af180000c9630000c963 

    > store to +0x4fe8 value 0x28011
0x3177: push rcx
  rax=0x0000000000028011 rbx=0x0000000000001ffe rcx=0x0000000000001808 rdx=0x0000000000001196
  rsi=0x0000000000000965 rdi=0x00000000000000dd flags=0b000000000110
  xmm0=0x0000ac900000ac9000001a9f00001a9f xmm1=0x0000dcdb0000dcdb000039bb000039bb 
  xmm2=0x0000823100008231000053c3000053c3 xmm3=0x00001ded00001ded000022c2000022c2 
  xmm4=0x0000ee9d0000ee9d0000a2d70000a2d7 xmm5=0x000025fe000025fe0000c81e0000c81e 
  xmm6=0x00004db700004db70000ebac0000ebac xmm7=0x0000af180000af180000c9630000c963 

    > store to +0x4fe0 value 0x1808
0x3178: push rdx
  rax=0x0000000000028011 rbx=0x0000000000001ffe rcx=0x0000000000001808 rdx=0x0000000000001196
  rsi=0x0000000000000965 rdi=0x00000000000000dd flags=0b000000000110
  xmm0=0x0000ac900000ac9000001a9f00001a9f xmm1=0x0000dcdb0000dcdb000039bb000039bb 
  xmm2=0x0000823100008231000053c3000053c3 xmm3=0x00001ded00001ded000022c2000022c2 
  xmm4=0x0000ee9d0000ee9d0000a2d70000a2d7 xmm5=0x000025fe000025fe0000c81e0000c81e 
  xmm6=0x00004db700004db70000ebac0000ebac xmm7=0x0000af180000af180000c9630000c963 

    > store to +0x4fd8 value 0x1196
0x3179: mov ecx, 0x48
  rax=0x0000000000028011 rbx=0x0000000000001ffe rcx=0x0000000000001808 rdx=0x0000000000001196
  rsi=0x0000000000000965 rdi=0x00000000000000dd flags=0b000000000110
  xmm0=0x0000ac900000ac9000001a9f00001a9f xmm1=0x0000dcdb0000dcdb000039bb000039bb 
  xmm2=0x0000823100008231000053c3000053c3 xmm3=0x00001ded00001ded000022c2000022c2 
  xmm4=0x0000ee9d0000ee9d0000a2d70000a2d7 xmm5=0x000025fe000025fe0000c81e0000c81e 
  xmm6=0x00004db700004db70000ebac0000ebac xmm7=0x0000af180000af180000c9630000c963 

0x317e: rdmsr 
  rax=0x0000000000028011 rbx=0x0000000000001ffe rcx=0x0000000000000048 rdx=0x0000000000001196
  rsi=0x0000000000000965 rdi=0x00000000000000dd flags=0b000000000110
  xmm0=0x0000ac900000ac9000001a9f00001a9f xmm1=0x0000dcdb0000dcdb000039bb000039bb 
  xmm2=0x0000823100008231000053c3000053c3 xmm3=0x00001ded00001ded000022c2000022c2 
  xmm4=0x0000ee9d0000ee9d0000a2d70000a2d7 xmm5=0x000025fe000025fe0000c81e0000c81e 
  xmm6=0x00004db700004db70000ebac0000ebac xmm7=0x0000af180000af180000c9630000c963 

0x3180: and eax, 0xfffffffb
  rax=0x0000000000000000 rbx=0x0000000000001ffe rcx=0x0000000000000048 rdx=0x0000000000000000
  rsi=0x0000000000000965 rdi=0x00000000000000dd flags=0b000000000110
  xmm0=0x0000ac900000ac9000001a9f00001a9f xmm1=0x0000dcdb0000dcdb000039bb000039bb 
  xmm2=0x0000823100008231000053c3000053c3 xmm3=0x00001ded00001ded000022c2000022c2 
  xmm4=0x0000ee9d0000ee9d0000a2d70000a2d7 xmm5=0x000025fe000025fe0000c81e0000c81e 
  xmm6=0x00004db700004db70000ebac0000ebac xmm7=0x0000af180000af180000c9630000c963 

0x3183: or eax, 0x100
  rax=0x0000000000000000 rbx=0x0000000000001ffe rcx=0x0000000000000048 rdx=0x0000000000000000
  rsi=0x0000000000000965 rdi=0x00000000000000dd flags=0b000001000110
  xmm0=0x0000ac900000ac9000001a9f00001a9f xmm1=0x0000dcdb0000dcdb000039bb000039bb 
  xmm2=0x0000823100008231000053c3000053c3 xmm3=0x00001ded00001ded000022c2000022c2 
  xmm4=0x0000ee9d0000ee9d0000a2d70000a2d7 xmm5=0x000025fe000025fe0000c81e0000c81e 
  xmm6=0x00004db700004db70000ebac0000ebac xmm7=0x0000af180000af180000c9630000c963 

0x3188: wrmsr 
  rax=0x0000000000000100 rbx=0x0000000000001ffe rcx=0x0000000000000048 rdx=0x0000000000000000
  rsi=0x0000000000000965 rdi=0x00000000000000dd flags=0b000000000110
  xmm0=0x0000ac900000ac9000001a9f00001a9f xmm1=0x0000dcdb0000dcdb000039bb000039bb 
  xmm2=0x0000823100008231000053c3000053c3 xmm3=0x00001ded00001ded000022c2000022c2 
  xmm4=0x0000ee9d0000ee9d0000a2d70000a2d7 xmm5=0x000025fe000025fe0000c81e0000c81e 
  xmm6=0x00004db700004db70000ebac0000ebac xmm7=0x0000af180000af180000c9630000c963 

0x318a: mfence 
  rax=0x0000000000000100 rbx=0x0000000000001ffe rcx=0x0000000000000048 rdx=0x0000000000000000
  rsi=0x0000000000000965 rdi=0x00000000000000dd flags=0b000000000110
  xmm0=0x0000ac900000ac9000001a9f00001a9f xmm1=0x0000dcdb0000dcdb000039bb000039bb 
  xmm2=0x0000823100008231000053c3000053c3 xmm3=0x00001ded00001ded000022c2000022c2 
  xmm4=0x0000ee9d0000ee9d0000a2d70000a2d7 xmm5=0x000025fe000025fe0000c81e0000c81e 
  xmm6=0x00004db700004db70000ebac0000ebac xmm7=0x0000af180000af180000c9630000c963 

0x318d: lfence 
  rax=0x0000000000000100 rbx=0x0000000000001ffe rcx=0x0000000000000048 rdx=0x0000000000000000
  rsi=0x0000000000000965 rdi=0x00000000000000dd flags=0b000000000110
  xmm0=0x0000ac900000ac9000001a9f00001a9f xmm1=0x0000dcdb0000dcdb000039bb000039bb 
  xmm2=0x0000823100008231000053c3000053c3 xmm3=0x00001ded00001ded000022c2000022c2 
  xmm4=0x0000ee9d0000ee9d0000a2d70000a2d7 xmm5=0x000025fe000025fe0000c81e0000c81e 
  xmm6=0x00004db700004db70000ebac0000ebac xmm7=0x0000af180000af180000c9630000c963 

0x3190: macro .measurement_end, .noarg
  rax=0x0000000000000100 rbx=0x0000000000001ffe rcx=0x0000000000000048 rdx=0x0000000000000000
  rsi=0x0000000000000965 rdi=0x00000000000000dd flags=0b000000000110
  xmm0=0x0000ac900000ac9000001a9f00001a9f xmm1=0x0000dcdb0000dcdb000039bb000039bb 
  xmm2=0x0000823100008231000053c3000053c3 xmm3=0x00001ded00001ded000022c2000022c2 
  xmm4=0x0000ee9d0000ee9d0000a2d70000a2d7 xmm5=0x000025fe000025fe0000c81e0000c81e 
  xmm6=0x00004db700004db70000ebac0000ebac xmm7=0x0000af180000af180000c9630000c963 

0x3198: mov ecx, 0x48
  rax=0x0000000000000100 rbx=0x0000000000001ffe rcx=0x0000000000000048 rdx=0x0000000000000000
  rsi=0x0000000000000965 rdi=0x00000000000000dd flags=0b000000000110
  xmm0=0x0000ac900000ac9000001a9f00001a9f xmm1=0x0000dcdb0000dcdb000039bb000039bb 
  xmm2=0x0000823100008231000053c3000053c3 xmm3=0x00001ded00001ded000022c2000022c2 
  xmm4=0x0000ee9d0000ee9d0000a2d70000a2d7 xmm5=0x000025fe000025fe0000c81e0000c81e 
  xmm6=0x00004db700004db70000ebac0000ebac xmm7=0x0000af180000af180000c9630000c963 

0x319d: rdmsr 
  rax=0x0000000000000100 rbx=0x0000000000001ffe rcx=0x0000000000000048 rdx=0x0000000000000000
  rsi=0x0000000000000965 rdi=0x00000000000000dd flags=0b000000000110
  xmm0=0x0000ac900000ac9000001a9f00001a9f xmm1=0x0000dcdb0000dcdb000039bb000039bb 
  xmm2=0x0000823100008231000053c3000053c3 xmm3=0x00001ded00001ded000022c2000022c2 
  xmm4=0x0000ee9d0000ee9d0000a2d70000a2d7 xmm5=0x000025fe000025fe0000c81e0000c81e 
  xmm6=0x00004db700004db70000ebac0000ebac xmm7=0x0000af180000af180000c9630000c963 

0x319f: and eax, 0xfffffffb
  rax=0x0000000000000000 rbx=0x0000000000001ffe rcx=0x0000000000000048 rdx=0x0000000000000000
  rsi=0x0000000000000965 rdi=0x00000000000000dd flags=0b000000000110
  xmm0=0x0000ac900000ac9000001a9f00001a9f xmm1=0x0000dcdb0000dcdb000039bb000039bb 
  xmm2=0x0000823100008231000053c3000053c3 xmm3=0x00001ded00001ded000022c2000022c2 
  xmm4=0x0000ee9d0000ee9d0000a2d70000a2d7 xmm5=0x000025fe000025fe0000c81e0000c81e 
  xmm6=0x00004db700004db70000ebac0000ebac xmm7=0x0000af180000af180000c9630000c963 

0x31a2: and eax, 0xfffffeff
  rax=0x0000000000000000 rbx=0x0000000000001ffe rcx=0x0000000000000048 rdx=0x0000000000000000
  rsi=0x0000000000000965 rdi=0x00000000000000dd flags=0b000001000110
  xmm0=0x0000ac900000ac9000001a9f00001a9f xmm1=0x0000dcdb0000dcdb000039bb000039bb 
  xmm2=0x0000823100008231000053c3000053c3 xmm3=0x00001ded00001ded000022c2000022c2 
  xmm4=0x0000ee9d0000ee9d0000a2d70000a2d7 xmm5=0x000025fe000025fe0000c81e0000c81e 
  xmm6=0x00004db700004db70000ebac0000ebac xmm7=0x0000af180000af180000c9630000c963 

0x31a7: wrmsr 
  rax=0x0000000000000000 rbx=0x0000000000001ffe rcx=0x0000000000000048 rdx=0x0000000000000000
  rsi=0x0000000000000965 rdi=0x00000000000000dd flags=0b000001000110
  xmm0=0x0000ac900000ac9000001a9f00001a9f xmm1=0x0000dcdb0000dcdb000039bb000039bb 
  xmm2=0x0000823100008231000053c3000053c3 xmm3=0x00001ded00001ded000022c2000022c2 
  xmm4=0x0000ee9d0000ee9d0000a2d70000a2d7 xmm5=0x000025fe000025fe0000c81e0000c81e 
  xmm6=0x00004db700004db70000ebac0000ebac xmm7=0x0000af180000af180000c9630000c963 

0x31a9: mfence 
  rax=0x0000000000000000 rbx=0x0000000000001ffe rcx=0x0000000000000048 rdx=0x0000000000000000
  rsi=0x0000000000000965 rdi=0x00000000000000dd flags=0b000001000110
  xmm0=0x0000ac900000ac9000001a9f00001a9f xmm1=0x0000dcdb0000dcdb000039bb000039bb 
  xmm2=0x0000823100008231000053c3000053c3 xmm3=0x00001ded00001ded000022c2000022c2 
  xmm4=0x0000ee9d0000ee9d0000a2d70000a2d7 xmm5=0x000025fe000025fe0000c81e0000c81e 
  xmm6=0x00004db700004db70000ebac0000ebac xmm7=0x0000af180000af180000c9630000c963 

0x31ac: lfence 
  rax=0x0000000000000000 rbx=0x0000000000001ffe rcx=0x0000000000000048 rdx=0x0000000000000000
  rsi=0x0000000000000965 rdi=0x00000000000000dd flags=0b000001000110
  xmm0=0x0000ac900000ac9000001a9f00001a9f xmm1=0x0000dcdb0000dcdb000039bb000039bb 
  xmm2=0x0000823100008231000053c3000053c3 xmm3=0x00001ded00001ded000022c2000022c2 
  xmm4=0x0000ee9d0000ee9d0000a2d70000a2d7 xmm5=0x000025fe000025fe0000c81e0000c81e 
  xmm6=0x00004db700004db70000ebac0000ebac xmm7=0x0000af180000af180000c9630000c963 

0x31af: pop rdx
  rax=0x0000000000000000 rbx=0x0000000000001ffe rcx=0x0000000000000048 rdx=0x0000000000000000
  rsi=0x0000000000000965 rdi=0x00000000000000dd flags=0b000001000110
  xmm0=0x0000ac900000ac9000001a9f00001a9f xmm1=0x0000dcdb0000dcdb000039bb000039bb 
  xmm2=0x0000823100008231000053c3000053c3 xmm3=0x00001ded00001ded000022c2000022c2 
  xmm4=0x0000ee9d0000ee9d0000a2d70000a2d7 xmm5=0x000025fe000025fe0000c81e0000c81e 
  xmm6=0x00004db700004db70000ebac0000ebac xmm7=0x0000af180000af180000c9630000c963 

    > load from +0x4fd8 value 0x1196
0x31b0: pop rcx
  rax=0x0000000000000000 rbx=0x0000000000001ffe rcx=0x0000000000000048 rdx=0x0000000000001196
  rsi=0x0000000000000965 rdi=0x00000000000000dd flags=0b000001000110
  xmm0=0x0000ac900000ac9000001a9f00001a9f xmm1=0x0000dcdb0000dcdb000039bb000039bb 
  xmm2=0x0000823100008231000053c3000053c3 xmm3=0x00001ded00001ded000022c2000022c2 
  xmm4=0x0000ee9d0000ee9d0000a2d70000a2d7 xmm5=0x000025fe000025fe0000c81e0000c81e 
  xmm6=0x00004db700004db70000ebac0000ebac xmm7=0x0000af180000af180000c9630000c963 

    > load from +0x4fe0 value 0x1808
0x31b1: pop rax
  rax=0x0000000000000000 rbx=0x0000000000001ffe rcx=0x0000000000001808 rdx=0x0000000000001196
  rsi=0x0000000000000965 rdi=0x00000000000000dd flags=0b000001000110
  xmm0=0x0000ac900000ac9000001a9f00001a9f xmm1=0x0000dcdb0000dcdb000039bb000039bb 
  xmm2=0x0000823100008231000053c3000053c3 xmm3=0x00001ded00001ded000022c2000022c2 
  xmm4=0x0000ee9d0000ee9d0000a2d70000a2d7 xmm5=0x000025fe000025fe0000c81e0000c81e 
  xmm6=0x00004db700004db70000ebac0000ebac xmm7=0x0000af180000af180000c9630000c963 

    > load from +0x4fe8 value 0x28011
0x31b2: popfq 
  rax=0x0000000000028011 rbx=0x0000000000001ffe rcx=0x0000000000001808 rdx=0x0000000000001196
  rsi=0x0000000000000965 rdi=0x00000000000000dd flags=0b000001000110
  xmm0=0x0000ac900000ac9000001a9f00001a9f xmm1=0x0000dcdb0000dcdb000039bb000039bb 
  xmm2=0x0000823100008231000053c3000053c3 xmm3=0x00001ded00001ded000022c2000022c2 
  xmm4=0x0000ee9d0000ee9d0000a2d70000a2d7 xmm5=0x000025fe000025fe0000c81e0000c81e 
  xmm6=0x00004db700004db70000ebac0000ebac xmm7=0x0000af180000af180000c9630000c963 

    > load from +0x4ff0 value 0x6
0x31b3: macro .switch, .main.function_main_2
  rax=0x0000000000028011 rbx=0x0000000000001ffe rcx=0x0000000000001808 rdx=0x0000000000001196
  rsi=0x0000000000000965 rdi=0x00000000000000dd flags=0b000000000110
  xmm0=0x0000ac900000ac9000001a9f00001a9f xmm1=0x0000dcdb0000dcdb000039bb000039bb 
  xmm2=0x0000823100008231000053c3000053c3 xmm3=0x00001ded00001ded000022c2000022c2 
  xmm4=0x0000ee9d0000ee9d0000a2d70000a2d7 xmm5=0x000025fe000025fe0000c81e0000c81e 
  xmm6=0x00004db700004db70000ebac0000ebac xmm7=0x0000af180000af180000c9630000c963 

0x1aa: nop  [test_case_exit]
  rax=0x0000000000028011 rbx=0x0000000000001ffe rcx=0x0000000000001808 rdx=0x0000000000001196
  rsi=0x0000000000000965 rdi=0x00000000000000dd flags=0b000000000110
  xmm0=0x0000ac900000ac9000001a9f00001a9f xmm1=0x0000dcdb0000dcdb000039bb000039bb 
  xmm2=0x0000823100008231000053c3000053c3 xmm3=0x00001ded00001ded000022c2000022c2 
  xmm4=0x0000ee9d0000ee9d0000a2d70000a2d7 xmm5=0x000025fe000025fe0000c81e0000c81e 
  xmm6=0x00004db700004db70000ebac0000ebac xmm7=0x0000af180000af180000c9630000c963 





================================ Statistics ===================================

Test Cases: 1
Inputs per test case: 100.0
Violations: 1
Effectiveness: 
  Total Cls: 50.0
  Effective Cls: 50.0
Discarded Test Cases:
  Speculation Filter: 0
  Observation Filter: 0
  Fast Path: 0
  Max Nesting Check: 0
  Tainting Check: 0
  Early Priming Check: 0
  Large Sample Check: 0
  Priming Check: 0

Duration: 39.4
Finished at 10:55:41
