
INFO: [fuzzer] Starting at 11:01:03
> Entering slow path...> Priming  1              > Increase sample size to 40> Priming  1              > Increase sample size to 160> Priming  1              > Increase sample size to 320> Priming  1             

================================ Violations detected ==========================
Contract trace:
 18395175822604889103 (hash)
Hardware traces:
  Input group 1: [12]
  Input group 2: [62]
  ^^.^....^......^^^^^..............^...^..........^...^....^^^..^ [165    | 190   ]
  ^^.^....^......^^^^^..............^.^.^..........^...^.^..^^^..^ [155    | 0     ]
  ^^.^....^......^^^^^^.............^...^..........^...^.^..^^^..^ [0      | 130   ]

================================ Violation Traces =============================
                      ##### Input 12 #####

                     ##### Input 0 #####
0x0 : macro .switch, .actor2.function_actor2_0
  rax=0x0000b0e90000b0e9 rbx=0x00002f5000002f50 rcx=0x000034d1000034d1 rdx=0x00008da900008da9
  rsi=0x0000f0f70000f0f7 rdi=0x0000e4710000e471 flags=0b100010010010
  xmm0=0x0000916900009169000092eb000092eb xmm1=0x0000fd1d0000fd1d000074c7000074c7 
  xmm2=0x0000e4060000e4060000267f0000267f xmm3=0x0000438e0000438e0000d5480000d548 
  xmm4=0x0000484200004842000078d6000078d6 xmm5=0x0000195d0000195d00003da300003da3 
  xmm6=0x0000faf00000faf00000e5370000e537 xmm7=0x0000abd40000abd400009e4200009e42 

0x3000: pushfq 
  rax=0x0000b0e90000b0e9 rbx=0x00002f5000002f50 rcx=0x000034d1000034d1 rdx=0x00008da900008da9
  rsi=0x0000f0f70000f0f7 rdi=0x0000e4710000e471 flags=0b100010010010
  xmm0=0x0000916900009169000092eb000092eb xmm1=0x0000fd1d0000fd1d000074c7000074c7 
  xmm2=0x0000e4060000e4060000267f0000267f xmm3=0x0000438e0000438e0000d5480000d548 
  xmm4=0x0000484200004842000078d6000078d6 xmm5=0x0000195d0000195d00003da300003da3 
  xmm6=0x0000faf00000faf00000e5370000e537 xmm7=0x0000abd40000abd400009e4200009e42 

    > store to +0x4ff0 value 0x892
0x3001: push rax
  rax=0x0000b0e90000b0e9 rbx=0x00002f5000002f50 rcx=0x000034d1000034d1 rdx=0x00008da900008da9
  rsi=0x0000f0f70000f0f7 rdi=0x0000e4710000e471 flags=0b100010010010
  xmm0=0x0000916900009169000092eb000092eb xmm1=0x0000fd1d0000fd1d000074c7000074c7 
  xmm2=0x0000e4060000e4060000267f0000267f xmm3=0x0000438e0000438e0000d5480000d548 
  xmm4=0x0000484200004842000078d6000078d6 xmm5=0x0000195d0000195d00003da300003da3 
  xmm6=0x0000faf00000faf00000e5370000e537 xmm7=0x0000abd40000abd400009e4200009e42 

    > store to +0x4fe8 value 0xb0e90000b0e9
0x3002: push rcx
  rax=0x0000b0e90000b0e9 rbx=0x00002f5000002f50 rcx=0x000034d1000034d1 rdx=0x00008da900008da9
  rsi=0x0000f0f70000f0f7 rdi=0x0000e4710000e471 flags=0b100010010010
  xmm0=0x0000916900009169000092eb000092eb xmm1=0x0000fd1d0000fd1d000074c7000074c7 
  xmm2=0x0000e4060000e4060000267f0000267f xmm3=0x0000438e0000438e0000d5480000d548 
  xmm4=0x0000484200004842000078d6000078d6 xmm5=0x0000195d0000195d00003da300003da3 
  xmm6=0x0000faf00000faf00000e5370000e537 xmm7=0x0000abd40000abd400009e4200009e42 

    > store to +0x4fe0 value 0x34d1000034d1
0x3003: push rdx
  rax=0x0000b0e90000b0e9 rbx=0x00002f5000002f50 rcx=0x000034d1000034d1 rdx=0x00008da900008da9
  rsi=0x0000f0f70000f0f7 rdi=0x0000e4710000e471 flags=0b100010010010
  xmm0=0x0000916900009169000092eb000092eb xmm1=0x0000fd1d0000fd1d000074c7000074c7 
  xmm2=0x0000e4060000e4060000267f0000267f xmm3=0x0000438e0000438e0000d5480000d548 
  xmm4=0x0000484200004842000078d6000078d6 xmm5=0x0000195d0000195d00003da300003da3 
  xmm6=0x0000faf00000faf00000e5370000e537 xmm7=0x0000abd40000abd400009e4200009e42 

    > store to +0x4fd8 value 0x8da900008da9
0x3004: mov ecx, 0x48
  rax=0x0000b0e90000b0e9 rbx=0x00002f5000002f50 rcx=0x000034d1000034d1 rdx=0x00008da900008da9
  rsi=0x0000f0f70000f0f7 rdi=0x0000e4710000e471 flags=0b100010010010
  xmm0=0x0000916900009169000092eb000092eb xmm1=0x0000fd1d0000fd1d000074c7000074c7 
  xmm2=0x0000e4060000e4060000267f0000267f xmm3=0x0000438e0000438e0000d5480000d548 
  xmm4=0x0000484200004842000078d6000078d6 xmm5=0x0000195d0000195d00003da300003da3 
  xmm6=0x0000faf00000faf00000e5370000e537 xmm7=0x0000abd40000abd400009e4200009e42 

0x3009: rdmsr 
  rax=0x0000b0e90000b0e9 rbx=0x00002f5000002f50 rcx=0x0000000000000048 rdx=0x00008da900008da9
  rsi=0x0000f0f70000f0f7 rdi=0x0000e4710000e471 flags=0b100010010010
  xmm0=0x0000916900009169000092eb000092eb xmm1=0x0000fd1d0000fd1d000074c7000074c7 
  xmm2=0x0000e4060000e4060000267f0000267f xmm3=0x0000438e0000438e0000d5480000d548 
  xmm4=0x0000484200004842000078d6000078d6 xmm5=0x0000195d0000195d00003da300003da3 
  xmm6=0x0000faf00000faf00000e5370000e537 xmm7=0x0000abd40000abd400009e4200009e42 

0x300b: and eax, 0xfffffffb
  rax=0x0000000000000000 rbx=0x00002f5000002f50 rcx=0x0000000000000048 rdx=0x0000000000000000
  rsi=0x0000f0f70000f0f7 rdi=0x0000e4710000e471 flags=0b100010010010
  xmm0=0x0000916900009169000092eb000092eb xmm1=0x0000fd1d0000fd1d000074c7000074c7 
  xmm2=0x0000e4060000e4060000267f0000267f xmm3=0x0000438e0000438e0000d5480000d548 
  xmm4=0x0000484200004842000078d6000078d6 xmm5=0x0000195d0000195d00003da300003da3 
  xmm6=0x0000faf00000faf00000e5370000e537 xmm7=0x0000abd40000abd400009e4200009e42 

0x300e: or eax, 0x100
  rax=0x0000000000000000 rbx=0x00002f5000002f50 rcx=0x0000000000000048 rdx=0x0000000000000000
  rsi=0x0000f0f70000f0f7 rdi=0x0000e4710000e471 flags=0b000001000110
  xmm0=0x0000916900009169000092eb000092eb xmm1=0x0000fd1d0000fd1d000074c7000074c7 
  xmm2=0x0000e4060000e4060000267f0000267f xmm3=0x0000438e0000438e0000d5480000d548 
  xmm4=0x0000484200004842000078d6000078d6 xmm5=0x0000195d0000195d00003da300003da3 
  xmm6=0x0000faf00000faf00000e5370000e537 xmm7=0x0000abd40000abd400009e4200009e42 

0x3013: wrmsr 
  rax=0x0000000000000100 rbx=0x00002f5000002f50 rcx=0x0000000000000048 rdx=0x0000000000000000
  rsi=0x0000f0f70000f0f7 rdi=0x0000e4710000e471 flags=0b000000000110
  xmm0=0x0000916900009169000092eb000092eb xmm1=0x0000fd1d0000fd1d000074c7000074c7 
  xmm2=0x0000e4060000e4060000267f0000267f xmm3=0x0000438e0000438e0000d5480000d548 
  xmm4=0x0000484200004842000078d6000078d6 xmm5=0x0000195d0000195d00003da300003da3 
  xmm6=0x0000faf00000faf00000e5370000e537 xmm7=0x0000abd40000abd400009e4200009e42 

0x3015: mfence 
  rax=0x0000000000000100 rbx=0x00002f5000002f50 rcx=0x0000000000000048 rdx=0x0000000000000000
  rsi=0x0000f0f70000f0f7 rdi=0x0000e4710000e471 flags=0b000000000110
  xmm0=0x0000916900009169000092eb000092eb xmm1=0x0000fd1d0000fd1d000074c7000074c7 
  xmm2=0x0000e4060000e4060000267f0000267f xmm3=0x0000438e0000438e0000d5480000d548 
  xmm4=0x0000484200004842000078d6000078d6 xmm5=0x0000195d0000195d00003da300003da3 
  xmm6=0x0000faf00000faf00000e5370000e537 xmm7=0x0000abd40000abd400009e4200009e42 

0x3018: lfence 
  rax=0x0000000000000100 rbx=0x00002f5000002f50 rcx=0x0000000000000048 rdx=0x0000000000000000
  rsi=0x0000f0f70000f0f7 rdi=0x0000e4710000e471 flags=0b000000000110
  xmm0=0x0000916900009169000092eb000092eb xmm1=0x0000fd1d0000fd1d000074c7000074c7 
  xmm2=0x0000e4060000e4060000267f0000267f xmm3=0x0000438e0000438e0000d5480000d548 
  xmm4=0x0000484200004842000078d6000078d6 xmm5=0x0000195d0000195d00003da300003da3 
  xmm6=0x0000faf00000faf00000e5370000e537 xmm7=0x0000abd40000abd400009e4200009e42 

0x301b: macro .measurement_start, .noarg
  rax=0x0000000000000100 rbx=0x00002f5000002f50 rcx=0x0000000000000048 rdx=0x0000000000000000
  rsi=0x0000f0f70000f0f7 rdi=0x0000e4710000e471 flags=0b000000000110
  xmm0=0x0000916900009169000092eb000092eb xmm1=0x0000fd1d0000fd1d000074c7000074c7 
  xmm2=0x0000e4060000e4060000267f0000267f xmm3=0x0000438e0000438e0000d5480000d548 
  xmm4=0x0000484200004842000078d6000078d6 xmm5=0x0000195d0000195d00003da300003da3 
  xmm6=0x0000faf00000faf00000e5370000e537 xmm7=0x0000abd40000abd400009e4200009e42 

0x3023: mov ecx, 0x48
  rax=0x0000000000000100 rbx=0x00002f5000002f50 rcx=0x0000000000000048 rdx=0x0000000000000000
  rsi=0x0000f0f70000f0f7 rdi=0x0000e4710000e471 flags=0b000000000110
  xmm0=0x0000916900009169000092eb000092eb xmm1=0x0000fd1d0000fd1d000074c7000074c7 
  xmm2=0x0000e4060000e4060000267f0000267f xmm3=0x0000438e0000438e0000d5480000d548 
  xmm4=0x0000484200004842000078d6000078d6 xmm5=0x0000195d0000195d00003da300003da3 
  xmm6=0x0000faf00000faf00000e5370000e537 xmm7=0x0000abd40000abd400009e4200009e42 

0x3028: rdmsr 
  rax=0x0000000000000100 rbx=0x00002f5000002f50 rcx=0x0000000000000048 rdx=0x0000000000000000
  rsi=0x0000f0f70000f0f7 rdi=0x0000e4710000e471 flags=0b000000000110
  xmm0=0x0000916900009169000092eb000092eb xmm1=0x0000fd1d0000fd1d000074c7000074c7 
  xmm2=0x0000e4060000e4060000267f0000267f xmm3=0x0000438e0000438e0000d5480000d548 
  xmm4=0x0000484200004842000078d6000078d6 xmm5=0x0000195d0000195d00003da300003da3 
  xmm6=0x0000faf00000faf00000e5370000e537 xmm7=0x0000abd40000abd400009e4200009e42 

0x302a: and eax, 0xfffffffb
  rax=0x0000000000000000 rbx=0x00002f5000002f50 rcx=0x0000000000000048 rdx=0x0000000000000000
  rsi=0x0000f0f70000f0f7 rdi=0x0000e4710000e471 flags=0b000000000110
  xmm0=0x0000916900009169000092eb000092eb xmm1=0x0000fd1d0000fd1d000074c7000074c7 
  xmm2=0x0000e4060000e4060000267f0000267f xmm3=0x0000438e0000438e0000d5480000d548 
  xmm4=0x0000484200004842000078d6000078d6 xmm5=0x0000195d0000195d00003da300003da3 
  xmm6=0x0000faf00000faf00000e5370000e537 xmm7=0x0000abd40000abd400009e4200009e42 

0x302d: and eax, 0xfffffeff
  rax=0x0000000000000000 rbx=0x00002f5000002f50 rcx=0x0000000000000048 rdx=0x0000000000000000
  rsi=0x0000f0f70000f0f7 rdi=0x0000e4710000e471 flags=0b000001000110
  xmm0=0x0000916900009169000092eb000092eb xmm1=0x0000fd1d0000fd1d000074c7000074c7 
  xmm2=0x0000e4060000e4060000267f0000267f xmm3=0x0000438e0000438e0000d5480000d548 
  xmm4=0x0000484200004842000078d6000078d6 xmm5=0x0000195d0000195d00003da300003da3 
  xmm6=0x0000faf00000faf00000e5370000e537 xmm7=0x0000abd40000abd400009e4200009e42 

0x3032: wrmsr 
  rax=0x0000000000000000 rbx=0x00002f5000002f50 rcx=0x0000000000000048 rdx=0x0000000000000000
  rsi=0x0000f0f70000f0f7 rdi=0x0000e4710000e471 flags=0b000001000110
  xmm0=0x0000916900009169000092eb000092eb xmm1=0x0000fd1d0000fd1d000074c7000074c7 
  xmm2=0x0000e4060000e4060000267f0000267f xmm3=0x0000438e0000438e0000d5480000d548 
  xmm4=0x0000484200004842000078d6000078d6 xmm5=0x0000195d0000195d00003da300003da3 
  xmm6=0x0000faf00000faf00000e5370000e537 xmm7=0x0000abd40000abd400009e4200009e42 

0x3034: mfence 
  rax=0x0000000000000000 rbx=0x00002f5000002f50 rcx=0x0000000000000048 rdx=0x0000000000000000
  rsi=0x0000f0f70000f0f7 rdi=0x0000e4710000e471 flags=0b000001000110
  xmm0=0x0000916900009169000092eb000092eb xmm1=0x0000fd1d0000fd1d000074c7000074c7 
  xmm2=0x0000e4060000e4060000267f0000267f xmm3=0x0000438e0000438e0000d5480000d548 
  xmm4=0x0000484200004842000078d6000078d6 xmm5=0x0000195d0000195d00003da300003da3 
  xmm6=0x0000faf00000faf00000e5370000e537 xmm7=0x0000abd40000abd400009e4200009e42 

0x3037: lfence 
  rax=0x0000000000000000 rbx=0x00002f5000002f50 rcx=0x0000000000000048 rdx=0x0000000000000000
  rsi=0x0000f0f70000f0f7 rdi=0x0000e4710000e471 flags=0b000001000110
  xmm0=0x0000916900009169000092eb000092eb xmm1=0x0000fd1d0000fd1d000074c7000074c7 
  xmm2=0x0000e4060000e4060000267f0000267f xmm3=0x0000438e0000438e0000d5480000d548 
  xmm4=0x0000484200004842000078d6000078d6 xmm5=0x0000195d0000195d00003da300003da3 
  xmm6=0x0000faf00000faf00000e5370000e537 xmm7=0x0000abd40000abd400009e4200009e42 

0x303a: pop rdx
  rax=0x0000000000000000 rbx=0x00002f5000002f50 rcx=0x0000000000000048 rdx=0x0000000000000000
  rsi=0x0000f0f70000f0f7 rdi=0x0000e4710000e471 flags=0b000001000110
  xmm0=0x0000916900009169000092eb000092eb xmm1=0x0000fd1d0000fd1d000074c7000074c7 
  xmm2=0x0000e4060000e4060000267f0000267f xmm3=0x0000438e0000438e0000d5480000d548 
  xmm4=0x0000484200004842000078d6000078d6 xmm5=0x0000195d0000195d00003da300003da3 
  xmm6=0x0000faf00000faf00000e5370000e537 xmm7=0x0000abd40000abd400009e4200009e42 

    > load from +0x4fd8 value 0x8da900008da9
0x303b: pop rcx
  rax=0x0000000000000000 rbx=0x00002f5000002f50 rcx=0x0000000000000048 rdx=0x00008da900008da9
  rsi=0x0000f0f70000f0f7 rdi=0x0000e4710000e471 flags=0b000001000110
  xmm0=0x0000916900009169000092eb000092eb xmm1=0x0000fd1d0000fd1d000074c7000074c7 
  xmm2=0x0000e4060000e4060000267f0000267f xmm3=0x0000438e0000438e0000d5480000d548 
  xmm4=0x0000484200004842000078d6000078d6 xmm5=0x0000195d0000195d00003da300003da3 
  xmm6=0x0000faf00000faf00000e5370000e537 xmm7=0x0000abd40000abd400009e4200009e42 

    > load from +0x4fe0 value 0x34d1000034d1
0x303c: pop rax
  rax=0x0000000000000000 rbx=0x00002f5000002f50 rcx=0x000034d1000034d1 rdx=0x00008da900008da9
  rsi=0x0000f0f70000f0f7 rdi=0x0000e4710000e471 flags=0b000001000110
  xmm0=0x0000916900009169000092eb000092eb xmm1=0x0000fd1d0000fd1d000074c7000074c7 
  xmm2=0x0000e4060000e4060000267f0000267f xmm3=0x0000438e0000438e0000d5480000d548 
  xmm4=0x0000484200004842000078d6000078d6 xmm5=0x0000195d0000195d00003da300003da3 
  xmm6=0x0000faf00000faf00000e5370000e537 xmm7=0x0000abd40000abd400009e4200009e42 

    > load from +0x4fe8 value 0xb0e90000b0e9
0x303d: popfq 
  rax=0x0000b0e90000b0e9 rbx=0x00002f5000002f50 rcx=0x000034d1000034d1 rdx=0x00008da900008da9
  rsi=0x0000f0f70000f0f7 rdi=0x0000e4710000e471 flags=0b000001000110
  xmm0=0x0000916900009169000092eb000092eb xmm1=0x0000fd1d0000fd1d000074c7000074c7 
  xmm2=0x0000e4060000e4060000267f0000267f xmm3=0x0000438e0000438e0000d5480000d548 
  xmm4=0x0000484200004842000078d6000078d6 xmm5=0x0000195d0000195d00003da300003da3 
  xmm6=0x0000faf00000faf00000e5370000e537 xmm7=0x0000abd40000abd400009e4200009e42 

    > load from +0x4ff0 value 0x892
0x303e: xchg dx, ax
  rax=0x0000b0e90000b0e9 rbx=0x00002f5000002f50 rcx=0x000034d1000034d1 rdx=0x00008da900008da9
  rsi=0x0000f0f70000f0f7 rdi=0x0000e4710000e471 flags=0b100010010010
  xmm0=0x0000916900009169000092eb000092eb xmm1=0x0000fd1d0000fd1d000074c7000074c7 
  xmm2=0x0000e4060000e4060000267f0000267f xmm3=0x0000438e0000438e0000d5480000d548 
  xmm4=0x0000484200004842000078d6000078d6 xmm5=0x0000195d0000195d00003da300003da3 
  xmm6=0x0000faf00000faf00000e5370000e537 xmm7=0x0000abd40000abd400009e4200009e42 

0x3040: neg rdx
  rax=0x0000b0e900008da9 rbx=0x00002f5000002f50 rcx=0x000034d1000034d1 rdx=0x00008da90000b0e9
  rsi=0x0000f0f70000f0f7 rdi=0x0000e4710000e471 flags=0b100010010010
  xmm0=0x0000916900009169000092eb000092eb xmm1=0x0000fd1d0000fd1d000074c7000074c7 
  xmm2=0x0000e4060000e4060000267f0000267f xmm3=0x0000438e0000438e0000d5480000d548 
  xmm4=0x0000484200004842000078d6000078d6 xmm5=0x0000195d0000195d00003da300003da3 
  xmm6=0x0000faf00000faf00000e5370000e537 xmm7=0x0000abd40000abd400009e4200009e42 

0x3043: and rsi, 0b1111111111111
  rax=0x0000b0e900008da9 rbx=0x00002f5000002f50 rcx=0x000034d1000034d1 rdx=0xffff7256ffff4f17
  rsi=0x0000f0f70000f0f7 rdi=0x0000e4710000e471 flags=0b000010010111
  xmm0=0x0000916900009169000092eb000092eb xmm1=0x0000fd1d0000fd1d000074c7000074c7 
  xmm2=0x0000e4060000e4060000267f0000267f xmm3=0x0000438e0000438e0000d5480000d548 
  xmm4=0x0000484200004842000078d6000078d6 xmm5=0x0000195d0000195d00003da300003da3 
  xmm6=0x0000faf00000faf00000e5370000e537 xmm7=0x0000abd40000abd400009e4200009e42 

0x304a: test [r14 +rsi], 261601762
  rax=0x0000b0e900008da9 rbx=0x00002f5000002f50 rcx=0x000034d1000034d1 rdx=0xffff7256ffff4f17
  rsi=0x00000000000010f7 rdi=0x0000e4710000e471 flags=0b000000000010
  xmm0=0x0000916900009169000092eb000092eb xmm1=0x0000fd1d0000fd1d000074c7000074c7 
  xmm2=0x0000e4060000e4060000267f0000267f xmm3=0x0000438e0000438e0000d5480000d548 
  xmm4=0x0000484200004842000078d6000078d6 xmm5=0x0000195d0000195d00003da300003da3 
  xmm6=0x0000faf00000faf00000e5370000e537 xmm7=0x0000abd40000abd400009e4200009e42 

    > load from +0x50f7 value 0xbc820000bc8200
0x3052: and rdi, 0b1111111111111
  rax=0x0000b0e900008da9 rbx=0x00002f5000002f50 rcx=0x000034d1000034d1 rdx=0xffff7256ffff4f17
  rsi=0x00000000000010f7 rdi=0x0000e4710000e471 flags=0b000000000110
  xmm0=0x0000916900009169000092eb000092eb xmm1=0x0000fd1d0000fd1d000074c7000074c7 
  xmm2=0x0000e4060000e4060000267f0000267f xmm3=0x0000438e0000438e0000d5480000d548 
  xmm4=0x0000484200004842000078d6000078d6 xmm5=0x0000195d0000195d00003da300003da3 
  xmm6=0x0000faf00000faf00000e5370000e537 xmm7=0x0000abd40000abd400009e4200009e42 

0x3059: imul [r14 +rdi]
  rax=0x0000b0e900008da9 rbx=0x00002f5000002f50 rcx=0x000034d1000034d1 rdx=0xffff7256ffff4f17
  rsi=0x00000000000010f7 rdi=0x0000000000000471 flags=0b000000000110
  xmm0=0x0000916900009169000092eb000092eb xmm1=0x0000fd1d0000fd1d000074c7000074c7 
  xmm2=0x0000e4060000e4060000267f0000267f xmm3=0x0000438e0000438e0000d5480000d548 
  xmm4=0x0000484200004842000078d6000078d6 xmm5=0x0000195d0000195d00003da300003da3 
  xmm6=0x0000faf00000faf00000e5370000e537 xmm7=0x0000abd40000abd400009e4200009e42 

    > load from +0x4471 value 0xf4
0x305d: and rdx, 0b1111111111111
  rax=0x0000b0e900000414 rbx=0x00002f5000002f50 rcx=0x000034d1000034d1 rdx=0xffff7256ffff4f17
  rsi=0x00000000000010f7 rdi=0x0000000000000471 flags=0b100000000111
  xmm0=0x0000916900009169000092eb000092eb xmm1=0x0000fd1d0000fd1d000074c7000074c7 
  xmm2=0x0000e4060000e4060000267f0000267f xmm3=0x0000438e0000438e0000d5480000d548 
  xmm4=0x0000484200004842000078d6000078d6 xmm5=0x0000195d0000195d00003da300003da3 
  xmm6=0x0000faf00000faf00000e5370000e537 xmm7=0x0000abd40000abd400009e4200009e42 

0x3064: or [r14 +rdx], 0b1000
  rax=0x0000b0e900000414 rbx=0x00002f5000002f50 rcx=0x000034d1000034d1 rdx=0x0000000000000f17
  rsi=0x00000000000010f7 rdi=0x0000000000000471 flags=0b000000000110
  xmm0=0x0000916900009169000092eb000092eb xmm1=0x0000fd1d0000fd1d000074c7000074c7 
  xmm2=0x0000e4060000e4060000267f0000267f xmm3=0x0000438e0000438e0000d5480000d548 
  xmm4=0x0000484200004842000078d6000078d6 xmm5=0x0000195d0000195d00003da300003da3 
  xmm6=0x0000faf00000faf00000e5370000e537 xmm7=0x0000abd40000abd400009e4200009e42 

    > load from +0x4f17 value 0x2d00
    > store to +0x4f17 value 0x2d08
0x306a: and [r14 +rdx], 0b11111000
  rax=0x0000b0e900000414 rbx=0x00002f5000002f50 rcx=0x000034d1000034d1 rdx=0x0000000000000f17
  rsi=0x00000000000010f7 rdi=0x0000000000000471 flags=0b000000000010
  xmm0=0x0000916900009169000092eb000092eb xmm1=0x0000fd1d0000fd1d000074c7000074c7 
  xmm2=0x0000e4060000e4060000267f0000267f xmm3=0x0000438e0000438e0000d5480000d548 
  xmm4=0x0000484200004842000078d6000078d6 xmm5=0x0000195d0000195d00003da300003da3 
  xmm6=0x0000faf00000faf00000e5370000e537 xmm7=0x0000abd40000abd400009e4200009e42 

    > load from +0x4f17 value 0x8
    > store to +0x4f17 value 0x8
0x306f: add sil, 33
  rax=0x0000b0e900000414 rbx=0x00002f5000002f50 rcx=0x000034d1000034d1 rdx=0x0000000000000f17
  rsi=0x00000000000010f7 rdi=0x0000000000000471 flags=0b000000000010
  xmm0=0x0000916900009169000092eb000092eb xmm1=0x0000fd1d0000fd1d000074c7000074c7 
  xmm2=0x0000e4060000e4060000267f0000267f xmm3=0x0000438e0000438e0000d5480000d548 
  xmm4=0x0000484200004842000078d6000078d6 xmm5=0x0000195d0000195d00003da300003da3 
  xmm6=0x0000faf00000faf00000e5370000e537 xmm7=0x0000abd40000abd400009e4200009e42 

0x3073: adc sil, -13
  rax=0x0000b0e900000414 rbx=0x00002f5000002f50 rcx=0x000034d1000034d1 rdx=0x0000000000000f17
  rsi=0x0000000000001018 rdi=0x0000000000000471 flags=0b000000000111
  xmm0=0x0000916900009169000092eb000092eb xmm1=0x0000fd1d0000fd1d000074c7000074c7 
  xmm2=0x0000e4060000e4060000267f0000267f xmm3=0x0000438e0000438e0000d5480000d548 
  xmm4=0x0000484200004842000078d6000078d6 xmm5=0x0000195d0000195d00003da300003da3 
  xmm6=0x0000faf00000faf00000e5370000e537 xmm7=0x0000abd40000abd400009e4200009e42 

0x3077: and rcx, 0b1111111111111
  rax=0x0000b0e900000414 rbx=0x00002f5000002f50 rcx=0x000034d1000034d1 rdx=0x0000000000000f17
  rsi=0x000000000000100c rdi=0x0000000000000471 flags=0b000000000111
  xmm0=0x0000916900009169000092eb000092eb xmm1=0x0000fd1d0000fd1d000074c7000074c7 
  xmm2=0x0000e4060000e4060000267f0000267f xmm3=0x0000438e0000438e0000d5480000d548 
  xmm4=0x0000484200004842000078d6000078d6 xmm5=0x0000195d0000195d00003da300003da3 
  xmm6=0x0000faf00000faf00000e5370000e537 xmm7=0x0000abd40000abd400009e4200009e42 

0x307e: sbb cl, [r14 +rcx]
  rax=0x0000b0e900000414 rbx=0x00002f5000002f50 rcx=0x00000000000014d1 rdx=0x0000000000000f17
  rsi=0x000000000000100c rdi=0x0000000000000471 flags=0b000000000110
  xmm0=0x0000916900009169000092eb000092eb xmm1=0x0000fd1d0000fd1d000074c7000074c7 
  xmm2=0x0000e4060000e4060000267f0000267f xmm3=0x0000438e0000438e0000d5480000d548 
  xmm4=0x0000484200004842000078d6000078d6 xmm5=0x0000195d0000195d00003da300003da3 
  xmm6=0x0000faf00000faf00000e5370000e537 xmm7=0x0000abd40000abd400009e4200009e42 

    > load from +0x54d1 value 0xc
0x3082: and rdi, 0b1111111111111
  rax=0x0000b0e900000414 rbx=0x00002f5000002f50 rcx=0x00000000000014c5 rdx=0x0000000000000f17
  rsi=0x000000000000100c rdi=0x0000000000000471 flags=0b000010010110
  xmm0=0x0000916900009169000092eb000092eb xmm1=0x0000fd1d0000fd1d000074c7000074c7 
  xmm2=0x0000e4060000e4060000267f0000267f xmm3=0x0000438e0000438e0000d5480000d548 
  xmm4=0x0000484200004842000078d6000078d6 xmm5=0x0000195d0000195d00003da300003da3 
  xmm6=0x0000faf00000faf00000e5370000e537 xmm7=0x0000abd40000abd400009e4200009e42 

0x3089: movzx dx, [r14 +rdi]
  rax=0x0000b0e900000414 rbx=0x00002f5000002f50 rcx=0x00000000000014c5 rdx=0x0000000000000f17
  rsi=0x000000000000100c rdi=0x0000000000000471 flags=0b000000000110
  xmm0=0x0000916900009169000092eb000092eb xmm1=0x0000fd1d0000fd1d000074c7000074c7 
  xmm2=0x0000e4060000e4060000267f0000267f xmm3=0x0000438e0000438e0000d5480000d548 
  xmm4=0x0000484200004842000078d6000078d6 xmm5=0x0000195d0000195d00003da300003da3 
  xmm6=0x0000faf00000faf00000e5370000e537 xmm7=0x0000abd40000abd400009e4200009e42 

    > load from +0x4471 value 0xf4
0x308f: and rcx, 0b1111111111111
  rax=0x0000b0e900000414 rbx=0x00002f5000002f50 rcx=0x00000000000014c5 rdx=0x00000000000000f4
  rsi=0x000000000000100c rdi=0x0000000000000471 flags=0b000000000110
  xmm0=0x0000916900009169000092eb000092eb xmm1=0x0000fd1d0000fd1d000074c7000074c7 
  xmm2=0x0000e4060000e4060000267f0000267f xmm3=0x0000438e0000438e0000d5480000d548 
  xmm4=0x0000484200004842000078d6000078d6 xmm5=0x0000195d0000195d00003da300003da3 
  xmm6=0x0000faf00000faf00000e5370000e537 xmm7=0x0000abd40000abd400009e4200009e42 

0x3096: cmovs edi, [r14 +rcx]
  rax=0x0000b0e900000414 rbx=0x00002f5000002f50 rcx=0x00000000000014c5 rdx=0x00000000000000f4
  rsi=0x000000000000100c rdi=0x0000000000000471 flags=0b000000000110
  xmm0=0x0000916900009169000092eb000092eb xmm1=0x0000fd1d0000fd1d000074c7000074c7 
  xmm2=0x0000e4060000e4060000267f0000267f xmm3=0x0000438e0000438e0000d5480000d548 
  xmm4=0x0000484200004842000078d6000078d6 xmm5=0x0000195d0000195d00003da300003da3 
  xmm6=0x0000faf00000faf00000e5370000e537 xmm7=0x0000abd40000abd400009e4200009e42 

    > load from +0x54c5 value 0x12000097
0x309b: cbw 
  rax=0x0000b0e900000414 rbx=0x00002f5000002f50 rcx=0x00000000000014c5 rdx=0x00000000000000f4
  rsi=0x000000000000100c rdi=0x0000000000000471 flags=0b000000000110
  xmm0=0x0000916900009169000092eb000092eb xmm1=0x0000fd1d0000fd1d000074c7000074c7 
  xmm2=0x0000e4060000e4060000267f0000267f xmm3=0x0000438e0000438e0000d5480000d548 
  xmm4=0x0000484200004842000078d6000078d6 xmm5=0x0000195d0000195d00003da300003da3 
  xmm6=0x0000faf00000faf00000e5370000e537 xmm7=0x0000abd40000abd400009e4200009e42 

0x309d: and rdi, 0b1111111111111
  rax=0x0000b0e900000014 rbx=0x00002f5000002f50 rcx=0x00000000000014c5 rdx=0x00000000000000f4
  rsi=0x000000000000100c rdi=0x0000000000000471 flags=0b000000000110
  xmm0=0x0000916900009169000092eb000092eb xmm1=0x0000fd1d0000fd1d000074c7000074c7 
  xmm2=0x0000e4060000e4060000267f0000267f xmm3=0x0000438e0000438e0000d5480000d548 
  xmm4=0x0000484200004842000078d6000078d6 xmm5=0x0000195d0000195d00003da300003da3 
  xmm6=0x0000faf00000faf00000e5370000e537 xmm7=0x0000abd40000abd400009e4200009e42 

0x30a4: xor dl, [r14 +rdi]
  rax=0x0000b0e900000014 rbx=0x00002f5000002f50 rcx=0x00000000000014c5 rdx=0x00000000000000f4
  rsi=0x000000000000100c rdi=0x0000000000000471 flags=0b000000000110
  xmm0=0x0000916900009169000092eb000092eb xmm1=0x0000fd1d0000fd1d000074c7000074c7 
  xmm2=0x0000e4060000e4060000267f0000267f xmm3=0x0000438e0000438e0000d5480000d548 
  xmm4=0x0000484200004842000078d6000078d6 xmm5=0x0000195d0000195d00003da300003da3 
  xmm6=0x0000faf00000faf00000e5370000e537 xmm7=0x0000abd40000abd400009e4200009e42 

    > load from +0x4471 value 0xf4
0x30a8: cmovnz rdi, rdi
  rax=0x0000b0e900000014 rbx=0x00002f5000002f50 rcx=0x00000000000014c5 rdx=0x0000000000000000
  rsi=0x000000000000100c rdi=0x0000000000000471 flags=0b000001000110
  xmm0=0x0000916900009169000092eb000092eb xmm1=0x0000fd1d0000fd1d000074c7000074c7 
  xmm2=0x0000e4060000e4060000267f0000267f xmm3=0x0000438e0000438e0000d5480000d548 
  xmm4=0x0000484200004842000078d6000078d6 xmm5=0x0000195d0000195d00003da300003da3 
  xmm6=0x0000faf00000faf00000e5370000e537 xmm7=0x0000abd40000abd400009e4200009e42 

0x30ac: or edx, -96
  rax=0x0000b0e900000014 rbx=0x00002f5000002f50 rcx=0x00000000000014c5 rdx=0x0000000000000000
  rsi=0x000000000000100c rdi=0x0000000000000471 flags=0b000001000110
  xmm0=0x0000916900009169000092eb000092eb xmm1=0x0000fd1d0000fd1d000074c7000074c7 
  xmm2=0x0000e4060000e4060000267f0000267f xmm3=0x0000438e0000438e0000d5480000d548 
  xmm4=0x0000484200004842000078d6000078d6 xmm5=0x0000195d0000195d00003da300003da3 
  xmm6=0x0000faf00000faf00000e5370000e537 xmm7=0x0000abd40000abd400009e4200009e42 

0x30af: add bx, cx
  rax=0x0000b0e900000014 rbx=0x00002f5000002f50 rcx=0x00000000000014c5 rdx=0x00000000ffffffa0
  rsi=0x000000000000100c rdi=0x0000000000000471 flags=0b000010000110
  xmm0=0x0000916900009169000092eb000092eb xmm1=0x0000fd1d0000fd1d000074c7000074c7 
  xmm2=0x0000e4060000e4060000267f0000267f xmm3=0x0000438e0000438e0000d5480000d548 
  xmm4=0x0000484200004842000078d6000078d6 xmm5=0x0000195d0000195d00003da300003da3 
  xmm6=0x0000faf00000faf00000e5370000e537 xmm7=0x0000abd40000abd400009e4200009e42 

0x30b2: xchg rdi, rcx
  rax=0x0000b0e900000014 rbx=0x00002f5000004415 rcx=0x00000000000014c5 rdx=0x00000000ffffffa0
  rsi=0x000000000000100c rdi=0x0000000000000471 flags=0b000000000010
  xmm0=0x0000916900009169000092eb000092eb xmm1=0x0000fd1d0000fd1d000074c7000074c7 
  xmm2=0x0000e4060000e4060000267f0000267f xmm3=0x0000438e0000438e0000d5480000d548 
  xmm4=0x0000484200004842000078d6000078d6 xmm5=0x0000195d0000195d00003da300003da3 
  xmm6=0x0000faf00000faf00000e5370000e537 xmm7=0x0000abd40000abd400009e4200009e42 

0x30b5: and rdi, 0b1111111111111
  rax=0x0000b0e900000014 rbx=0x00002f5000004415 rcx=0x0000000000000471 rdx=0x00000000ffffffa0
  rsi=0x000000000000100c rdi=0x00000000000014c5 flags=0b000000000010
  xmm0=0x0000916900009169000092eb000092eb xmm1=0x0000fd1d0000fd1d000074c7000074c7 
  xmm2=0x0000e4060000e4060000267f0000267f xmm3=0x0000438e0000438e0000d5480000d548 
  xmm4=0x0000484200004842000078d6000078d6 xmm5=0x0000195d0000195d00003da300003da3 
  xmm6=0x0000faf00000faf00000e5370000e537 xmm7=0x0000abd40000abd400009e4200009e42 

0x30bc: or rax, [r14 +rdi]
  rax=0x0000b0e900000014 rbx=0x00002f5000004415 rcx=0x0000000000000471 rdx=0x00000000ffffffa0
  rsi=0x000000000000100c rdi=0x00000000000014c5 flags=0b000000000110
  xmm0=0x0000916900009169000092eb000092eb xmm1=0x0000fd1d0000fd1d000074c7000074c7 
  xmm2=0x0000e4060000e4060000267f0000267f xmm3=0x0000438e0000438e0000d5480000d548 
  xmm4=0x0000484200004842000078d6000078d6 xmm5=0x0000195d0000195d00003da300003da3 
  xmm6=0x0000faf00000faf00000e5370000e537 xmm7=0x0000abd40000abd400009e4200009e42 

    > load from +0x54c5 value 0x1200008b12000097
0x30c0: setbe al
  rax=0x1200b0eb12000097 rbx=0x00002f5000004415 rcx=0x0000000000000471 rdx=0x00000000ffffffa0
  rsi=0x000000000000100c rdi=0x00000000000014c5 flags=0b000000000010
  xmm0=0x0000916900009169000092eb000092eb xmm1=0x0000fd1d0000fd1d000074c7000074c7 
  xmm2=0x0000e4060000e4060000267f0000267f xmm3=0x0000438e0000438e0000d5480000d548 
  xmm4=0x0000484200004842000078d6000078d6 xmm5=0x0000195d0000195d00003da300003da3 
  xmm6=0x0000faf00000faf00000e5370000e537 xmm7=0x0000abd40000abd400009e4200009e42 

0x30c3: and rsi, 0b1111111111111
  rax=0x1200b0eb12000000 rbx=0x00002f5000004415 rcx=0x0000000000000471 rdx=0x00000000ffffffa0
  rsi=0x000000000000100c rdi=0x00000000000014c5 flags=0b000000000010
  xmm0=0x0000916900009169000092eb000092eb xmm1=0x0000fd1d0000fd1d000074c7000074c7 
  xmm2=0x0000e4060000e4060000267f0000267f xmm3=0x0000438e0000438e0000d5480000d548 
  xmm4=0x0000484200004842000078d6000078d6 xmm5=0x0000195d0000195d00003da300003da3 
  xmm6=0x0000faf00000faf00000e5370000e537 xmm7=0x0000abd40000abd400009e4200009e42 

0x30ca: or dl, [r14 +rsi]
  rax=0x1200b0eb12000000 rbx=0x00002f5000004415 rcx=0x0000000000000471 rdx=0x00000000ffffffa0
  rsi=0x000000000000100c rdi=0x00000000000014c5 flags=0b000000000110
  xmm0=0x0000916900009169000092eb000092eb xmm1=0x0000fd1d0000fd1d000074c7000074c7 
  xmm2=0x0000e4060000e4060000267f0000267f xmm3=0x0000438e0000438e0000d5480000d548 
  xmm4=0x0000484200004842000078d6000078d6 xmm5=0x0000195d0000195d00003da300003da3 
  xmm6=0x0000faf00000faf00000e5370000e537 xmm7=0x0000abd40000abd400009e4200009e42 

    > load from +0x500c value 0x2f
0x30ce: and rsi, 0b1111111111111
  rax=0x1200b0eb12000000 rbx=0x00002f5000004415 rcx=0x0000000000000471 rdx=0x00000000ffffffaf
  rsi=0x000000000000100c rdi=0x00000000000014c5 flags=0b000010000110
  xmm0=0x0000916900009169000092eb000092eb xmm1=0x0000fd1d0000fd1d000074c7000074c7 
  xmm2=0x0000e4060000e4060000267f0000267f xmm3=0x0000438e0000438e0000d5480000d548 
  xmm4=0x0000484200004842000078d6000078d6 xmm5=0x0000195d0000195d00003da300003da3 
  xmm6=0x0000faf00000faf00000e5370000e537 xmm7=0x0000abd40000abd400009e4200009e42 

0x30d5: or [r14 +rsi], 1
  rax=0x1200b0eb12000000 rbx=0x00002f5000004415 rcx=0x0000000000000471 rdx=0x00000000ffffffaf
  rsi=0x000000000000100c rdi=0x00000000000014c5 flags=0b000000000110
  xmm0=0x0000916900009169000092eb000092eb xmm1=0x0000fd1d0000fd1d000074c7000074c7 
  xmm2=0x0000e4060000e4060000267f0000267f xmm3=0x0000438e0000438e0000d5480000d548 
  xmm4=0x0000484200004842000078d6000078d6 xmm5=0x0000195d0000195d00003da300003da3 
  xmm6=0x0000faf00000faf00000e5370000e537 xmm7=0x0000abd40000abd400009e4200009e42 

    > load from +0x500c value 0x662f
    > store to +0x500c value 0x662f
0x30da: and edx, [r14 +rsi]
  rax=0x1200b0eb12000000 rbx=0x00002f5000004415 rcx=0x0000000000000471 rdx=0x00000000ffffffaf
  rsi=0x000000000000100c rdi=0x00000000000014c5 flags=0b000000000010
  xmm0=0x0000916900009169000092eb000092eb xmm1=0x0000fd1d0000fd1d000074c7000074c7 
  xmm2=0x0000e4060000e4060000267f0000267f xmm3=0x0000438e0000438e0000d5480000d548 
  xmm4=0x0000484200004842000078d6000078d6 xmm5=0x0000195d0000195d00003da300003da3 
  xmm6=0x0000faf00000faf00000e5370000e537 xmm7=0x0000abd40000abd400009e4200009e42 

    > load from +0x500c value 0x662f
0x30de: shr edx, 1
  rax=0x1200b0eb12000000 rbx=0x00002f5000004415 rcx=0x0000000000000471 rdx=0x000000000000662f
  rsi=0x000000000000100c rdi=0x00000000000014c5 flags=0b000000000010
  xmm0=0x0000916900009169000092eb000092eb xmm1=0x0000fd1d0000fd1d000074c7000074c7 
  xmm2=0x0000e4060000e4060000267f0000267f xmm3=0x0000438e0000438e0000d5480000d548 
  xmm4=0x0000484200004842000078d6000078d6 xmm5=0x0000195d0000195d00003da300003da3 
  xmm6=0x0000faf00000faf00000e5370000e537 xmm7=0x0000abd40000abd400009e4200009e42 

0x30e0: div [r14 +rsi]
  rax=0x1200b0eb12000000 rbx=0x00002f5000004415 rcx=0x0000000000000471 rdx=0x0000000000003317
  rsi=0x000000000000100c rdi=0x00000000000014c5 flags=0b000000000111
  xmm0=0x0000916900009169000092eb000092eb xmm1=0x0000fd1d0000fd1d000074c7000074c7 
  xmm2=0x0000e4060000e4060000267f0000267f xmm3=0x0000438e0000438e0000d5480000d548 
  xmm4=0x0000484200004842000078d6000078d6 xmm5=0x0000195d0000195d00003da300003da3 
  xmm6=0x0000faf00000faf00000e5370000e537 xmm7=0x0000abd40000abd400009e4200009e42 

    > load from +0x500c value 0x662f
0x30e4: add dil, -55
  rax=0x000000007ffeec6a rbx=0x00002f5000004415 rcx=0x0000000000000471 rdx=0x0000000000005c8a
  rsi=0x000000000000100c rdi=0x00000000000014c5 flags=0b000000000111
  xmm0=0x0000916900009169000092eb000092eb xmm1=0x0000fd1d0000fd1d000074c7000074c7 
  xmm2=0x0000e4060000e4060000267f0000267f xmm3=0x0000438e0000438e0000d5480000d548 
  xmm4=0x0000484200004842000078d6000078d6 xmm5=0x0000195d0000195d00003da300003da3 
  xmm6=0x0000faf00000faf00000e5370000e537 xmm7=0x0000abd40000abd400009e4200009e42 

0x30e8: and rax, 0b1111111111111
  rax=0x000000007ffeec6a rbx=0x00002f5000004415 rcx=0x0000000000000471 rdx=0x0000000000005c8a
  rsi=0x000000000000100c rdi=0x000000000000148e flags=0b000010000111
  xmm0=0x0000916900009169000092eb000092eb xmm1=0x0000fd1d0000fd1d000074c7000074c7 
  xmm2=0x0000e4060000e4060000267f0000267f xmm3=0x0000438e0000438e0000d5480000d548 
  xmm4=0x0000484200004842000078d6000078d6 xmm5=0x0000195d0000195d00003da300003da3 
  xmm6=0x0000faf00000faf00000e5370000e537 xmm7=0x0000abd40000abd400009e4200009e42 

0x30ee: nop [r14 +rax]
  rax=0x0000000000000c6a rbx=0x00002f5000004415 rcx=0x0000000000000471 rdx=0x0000000000005c8a
  rsi=0x000000000000100c rdi=0x000000000000148e flags=0b000000000110
  xmm0=0x0000916900009169000092eb000092eb xmm1=0x0000fd1d0000fd1d000074c7000074c7 
  xmm2=0x0000e4060000e4060000267f0000267f xmm3=0x0000438e0000438e0000d5480000d548 
  xmm4=0x0000484200004842000078d6000078d6 xmm5=0x0000195d0000195d00003da300003da3 
  xmm6=0x0000faf00000faf00000e5370000e537 xmm7=0x0000abd40000abd400009e4200009e42 

0x30f4: and rax, 0b1111111111111
  rax=0x0000000000000c6a rbx=0x00002f5000004415 rcx=0x0000000000000471 rdx=0x0000000000005c8a
  rsi=0x000000000000100c rdi=0x000000000000148e flags=0b000000000110
  xmm0=0x0000916900009169000092eb000092eb xmm1=0x0000fd1d0000fd1d000074c7000074c7 
  xmm2=0x0000e4060000e4060000267f0000267f xmm3=0x0000438e0000438e0000d5480000d548 
  xmm4=0x0000484200004842000078d6000078d6 xmm5=0x0000195d0000195d00003da300003da3 
  xmm6=0x0000faf00000faf00000e5370000e537 xmm7=0x0000abd40000abd400009e4200009e42 

0x30fa: cmovnl rdx, [r14 +rax]
  rax=0x0000000000000c6a rbx=0x00002f5000004415 rcx=0x0000000000000471 rdx=0x0000000000005c8a
  rsi=0x000000000000100c rdi=0x000000000000148e flags=0b000000000110
  xmm0=0x0000916900009169000092eb000092eb xmm1=0x0000fd1d0000fd1d000074c7000074c7 
  xmm2=0x0000e4060000e4060000267f0000267f xmm3=0x0000438e0000438e0000d5480000d548 
  xmm4=0x0000484200004842000078d6000078d6 xmm5=0x0000195d0000195d00003da300003da3 
  xmm6=0x0000faf00000faf00000e5370000e537 xmm7=0x0000abd40000abd400009e4200009e42 

    > load from +0x4c6a value 0x428c0000279c0000
0x30ff: test rbx, rdx
  rax=0x0000000000000c6a rbx=0x00002f5000004415 rcx=0x0000000000000471 rdx=0x428c0000279c0000
  rsi=0x000000000000100c rdi=0x000000000000148e flags=0b000000000110
  xmm0=0x0000916900009169000092eb000092eb xmm1=0x0000fd1d0000fd1d000074c7000074c7 
  xmm2=0x0000e4060000e4060000267f0000267f xmm3=0x0000438e0000438e0000d5480000d548 
  xmm4=0x0000484200004842000078d6000078d6 xmm5=0x0000195d0000195d00003da300003da3 
  xmm6=0x0000faf00000faf00000e5370000e537 xmm7=0x0000abd40000abd400009e4200009e42 

0x3102: and rdx, 0b1111111111111
  rax=0x0000000000000c6a rbx=0x00002f5000004415 rcx=0x0000000000000471 rdx=0x428c0000279c0000
  rsi=0x000000000000100c rdi=0x000000000000148e flags=0b000001000110
  xmm0=0x0000916900009169000092eb000092eb xmm1=0x0000fd1d0000fd1d000074c7000074c7 
  xmm2=0x0000e4060000e4060000267f0000267f xmm3=0x0000438e0000438e0000d5480000d548 
  xmm4=0x0000484200004842000078d6000078d6 xmm5=0x0000195d0000195d00003da300003da3 
  xmm6=0x0000faf00000faf00000e5370000e537 xmm7=0x0000abd40000abd400009e4200009e42 

0x3109: or [r14 +rdx], 1
  rax=0x0000000000000c6a rbx=0x00002f5000004415 rcx=0x0000000000000471 rdx=0x0000000000000000
  rsi=0x000000000000100c rdi=0x000000000000148e flags=0b000001000110
  xmm0=0x0000916900009169000092eb000092eb xmm1=0x0000fd1d0000fd1d000074c7000074c7 
  xmm2=0x0000e4060000e4060000267f0000267f xmm3=0x0000438e0000438e0000d5480000d548 
  xmm4=0x0000484200004842000078d6000078d6 xmm5=0x0000195d0000195d00003da300003da3 
  xmm6=0x0000faf00000faf00000e5370000e537 xmm7=0x0000abd40000abd400009e4200009e42 

    > load from +0x4000 value 0xdf
    > store to +0x4000 value 0xdf
0x310e: lea cx, rsi +rbx
  rax=0x0000000000000c6a rbx=0x00002f5000004415 rcx=0x0000000000000471 rdx=0x0000000000000000
  rsi=0x000000000000100c rdi=0x000000000000148e flags=0b000010000010
  xmm0=0x0000916900009169000092eb000092eb xmm1=0x0000fd1d0000fd1d000074c7000074c7 
  xmm2=0x0000e4060000e4060000267f0000267f xmm3=0x0000438e0000438e0000d5480000d548 
  xmm4=0x0000484200004842000078d6000078d6 xmm5=0x0000195d0000195d00003da300003da3 
  xmm6=0x0000faf00000faf00000e5370000e537 xmm7=0x0000abd40000abd400009e4200009e42 

0x3112: cmp cl, dil
  rax=0x0000000000000c6a rbx=0x00002f5000004415 rcx=0x0000000000005421 rdx=0x0000000000000000
  rsi=0x000000000000100c rdi=0x000000000000148e flags=0b000010000010
  xmm0=0x0000916900009169000092eb000092eb xmm1=0x0000fd1d0000fd1d000074c7000074c7 
  xmm2=0x0000e4060000e4060000267f0000267f xmm3=0x0000438e0000438e0000d5480000d548 
  xmm4=0x0000484200004842000078d6000078d6 xmm5=0x0000195d0000195d00003da300003da3 
  xmm6=0x0000faf00000faf00000e5370000e537 xmm7=0x0000abd40000abd400009e4200009e42 

0x3115: imul si, dx, 7
  rax=0x0000000000000c6a rbx=0x00002f5000004415 rcx=0x0000000000005421 rdx=0x0000000000000000
  rsi=0x000000000000100c rdi=0x000000000000148e flags=0b100010010111
  xmm0=0x0000916900009169000092eb000092eb xmm1=0x0000fd1d0000fd1d000074c7000074c7 
  xmm2=0x0000e4060000e4060000267f0000267f xmm3=0x0000438e0000438e0000d5480000d548 
  xmm4=0x0000484200004842000078d6000078d6 xmm5=0x0000195d0000195d00003da300003da3 
  xmm6=0x0000faf00000faf00000e5370000e537 xmm7=0x0000abd40000abd400009e4200009e42 

0x3119: and rdi, 0b1111111111111
  rax=0x0000000000000c6a rbx=0x00002f5000004415 rcx=0x0000000000005421 rdx=0x0000000000000000
  rsi=0x0000000000000000 rdi=0x000000000000148e flags=0b000001000110
  xmm0=0x0000916900009169000092eb000092eb xmm1=0x0000fd1d0000fd1d000074c7000074c7 
  xmm2=0x0000e4060000e4060000267f0000267f xmm3=0x0000438e0000438e0000d5480000d548 
  xmm4=0x0000484200004842000078d6000078d6 xmm5=0x0000195d0000195d00003da300003da3 
  xmm6=0x0000faf00000faf00000e5370000e537 xmm7=0x0000abd40000abd400009e4200009e42 

0x3120: sub dx, [r14 +rdi]
  rax=0x0000000000000c6a rbx=0x00002f5000004415 rcx=0x0000000000005421 rdx=0x0000000000000000
  rsi=0x0000000000000000 rdi=0x000000000000148e flags=0b000000000110
  xmm0=0x0000916900009169000092eb000092eb xmm1=0x0000fd1d0000fd1d000074c7000074c7 
  xmm2=0x0000e4060000e4060000267f0000267f xmm3=0x0000438e0000438e0000d5480000d548 
  xmm4=0x0000484200004842000078d6000078d6 xmm5=0x0000195d0000195d00003da300003da3 
  xmm6=0x0000faf00000faf00000e5370000e537 xmm7=0x0000abd40000abd400009e4200009e42 

    > load from +0x548e value 0x0
0x3125: and rdi, 0b1111111111111
  rax=0x0000000000000c6a rbx=0x00002f5000004415 rcx=0x0000000000005421 rdx=0x0000000000000000
  rsi=0x0000000000000000 rdi=0x000000000000148e flags=0b000001000110
  xmm0=0x0000916900009169000092eb000092eb xmm1=0x0000fd1d0000fd1d000074c7000074c7 
  xmm2=0x0000e4060000e4060000267f0000267f xmm3=0x0000438e0000438e0000d5480000d548 
  xmm4=0x0000484200004842000078d6000078d6 xmm5=0x0000195d0000195d00003da300003da3 
  xmm6=0x0000faf00000faf00000e5370000e537 xmm7=0x0000abd40000abd400009e4200009e42 

0x312c: adc rax, [r14 +rdi]
  rax=0x0000000000000c6a rbx=0x00002f5000004415 rcx=0x0000000000005421 rdx=0x0000000000000000
  rsi=0x0000000000000000 rdi=0x000000000000148e flags=0b000000000110
  xmm0=0x0000916900009169000092eb000092eb xmm1=0x0000fd1d0000fd1d000074c7000074c7 
  xmm2=0x0000e4060000e4060000267f0000267f xmm3=0x0000438e0000438e0000d5480000d548 
  xmm4=0x0000484200004842000078d6000078d6 xmm5=0x0000195d0000195d00003da300003da3 
  xmm6=0x0000faf00000faf00000e5370000e537 xmm7=0x0000abd40000abd400009e4200009e42 

    > load from +0x548e value 0xef5a0000ef5a0000
0x3130: setle dl
  rax=0xef5a0000ef5a0c6a rbx=0x00002f5000004415 rcx=0x0000000000005421 rdx=0x0000000000000000
  rsi=0x0000000000000000 rdi=0x000000000000148e flags=0b000010000110
  xmm0=0x0000916900009169000092eb000092eb xmm1=0x0000fd1d0000fd1d000074c7000074c7 
  xmm2=0x0000e4060000e4060000267f0000267f xmm3=0x0000438e0000438e0000d5480000d548 
  xmm4=0x0000484200004842000078d6000078d6 xmm5=0x0000195d0000195d00003da300003da3 
  xmm6=0x0000faf00000faf00000e5370000e537 xmm7=0x0000abd40000abd400009e4200009e42 

0x3133: and rsi, 0b1111111111111
  rax=0xef5a0000ef5a0c6a rbx=0x00002f5000004415 rcx=0x0000000000005421 rdx=0x0000000000000001
  rsi=0x0000000000000000 rdi=0x000000000000148e flags=0b000010000110
  xmm0=0x0000916900009169000092eb000092eb xmm1=0x0000fd1d0000fd1d000074c7000074c7 
  xmm2=0x0000e4060000e4060000267f0000267f xmm3=0x0000438e0000438e0000d5480000d548 
  xmm4=0x0000484200004842000078d6000078d6 xmm5=0x0000195d0000195d00003da300003da3 
  xmm6=0x0000faf00000faf00000e5370000e537 xmm7=0x0000abd40000abd400009e4200009e42 

0x313a: or [r14 +rsi], 0b1000000000000000
  rax=0xef5a0000ef5a0c6a rbx=0x00002f5000004415 rcx=0x0000000000005421 rdx=0x0000000000000001
  rsi=0x0000000000000000 rdi=0x000000000000148e flags=0b000001000110
  xmm0=0x0000916900009169000092eb000092eb xmm1=0x0000fd1d0000fd1d000074c7000074c7 
  xmm2=0x0000e4060000e4060000267f0000267f xmm3=0x0000438e0000438e0000d5480000d548 
  xmm4=0x0000484200004842000078d6000078d6 xmm5=0x0000195d0000195d00003da300003da3 
  xmm6=0x0000faf00000faf00000e5370000e537 xmm7=0x0000abd40000abd400009e4200009e42 

    > load from +0x4000 value 0x14df
    > store to +0x4000 value 0x94df
0x3141: bsr ax, [r14 +rsi]
  rax=0xef5a0000ef5a0c6a rbx=0x00002f5000004415 rcx=0x0000000000005421 rdx=0x0000000000000001
  rsi=0x0000000000000000 rdi=0x000000000000148e flags=0b000010000010
  xmm0=0x0000916900009169000092eb000092eb xmm1=0x0000fd1d0000fd1d000074c7000074c7 
  xmm2=0x0000e4060000e4060000267f0000267f xmm3=0x0000438e0000438e0000d5480000d548 
  xmm4=0x0000484200004842000078d6000078d6 xmm5=0x0000195d0000195d00003da300003da3 
  xmm6=0x0000faf00000faf00000e5370000e537 xmm7=0x0000abd40000abd400009e4200009e42 

    > load from +0x4000 value 0x94df
0x3147: test ebx, ebx
  rax=0xef5a0000ef5a000f rbx=0x00002f5000004415 rcx=0x0000000000005421 rdx=0x0000000000000001
  rsi=0x0000000000000000 rdi=0x000000000000148e flags=0b000010000010
  xmm0=0x0000916900009169000092eb000092eb xmm1=0x0000fd1d0000fd1d000074c7000074c7 
  xmm2=0x0000e4060000e4060000267f0000267f xmm3=0x0000438e0000438e0000d5480000d548 
  xmm4=0x0000484200004842000078d6000078d6 xmm5=0x0000195d0000195d00003da300003da3 
  xmm6=0x0000faf00000faf00000e5370000e537 xmm7=0x0000abd40000abd400009e4200009e42 

0x3149: xor eax, -1578993239
  rax=0xef5a0000ef5a000f rbx=0x00002f5000004415 rcx=0x0000000000005421 rdx=0x0000000000000001
  rsi=0x0000000000000000 rdi=0x000000000000148e flags=0b000000000010
  xmm0=0x0000916900009169000092eb000092eb xmm1=0x0000fd1d0000fd1d000074c7000074c7 
  xmm2=0x0000e4060000e4060000267f0000267f xmm3=0x0000438e0000438e0000d5480000d548 
  xmm4=0x0000484200004842000078d6000078d6 xmm5=0x0000195d0000195d00003da300003da3 
  xmm6=0x0000faf00000faf00000e5370000e537 xmm7=0x0000abd40000abd400009e4200009e42 

0x314e: cmp dil, -45
  rax=0x000000004eb879a6 rbx=0x00002f5000004415 rcx=0x0000000000005421 rdx=0x0000000000000001
  rsi=0x0000000000000000 rdi=0x000000000000148e flags=0b000000000110
  xmm0=0x0000916900009169000092eb000092eb xmm1=0x0000fd1d0000fd1d000074c7000074c7 
  xmm2=0x0000e4060000e4060000267f0000267f xmm3=0x0000438e0000438e0000d5480000d548 
  xmm4=0x0000484200004842000078d6000078d6 xmm5=0x0000195d0000195d00003da300003da3 
  xmm6=0x0000faf00000faf00000e5370000e537 xmm7=0x0000abd40000abd400009e4200009e42 

0x3152: and rax, 0b1111111111111
  rax=0x000000004eb879a6 rbx=0x00002f5000004415 rcx=0x0000000000005421 rdx=0x0000000000000001
  rsi=0x0000000000000000 rdi=0x000000000000148e flags=0b000010000111
  xmm0=0x0000916900009169000092eb000092eb xmm1=0x0000fd1d0000fd1d000074c7000074c7 
  xmm2=0x0000e4060000e4060000267f0000267f xmm3=0x0000438e0000438e0000d5480000d548 
  xmm4=0x0000484200004842000078d6000078d6 xmm5=0x0000195d0000195d00003da300003da3 
  xmm6=0x0000faf00000faf00000e5370000e537 xmm7=0x0000abd40000abd400009e4200009e42 

0x3158: cmp [r14 +rax], cl
  rax=0x00000000000019a6 rbx=0x00002f5000004415 rcx=0x0000000000005421 rdx=0x0000000000000001
  rsi=0x0000000000000000 rdi=0x000000000000148e flags=0b000000000110
  xmm0=0x0000916900009169000092eb000092eb xmm1=0x0000fd1d0000fd1d000074c7000074c7 
  xmm2=0x0000e4060000e4060000267f0000267f xmm3=0x0000438e0000438e0000d5480000d548 
  xmm4=0x0000484200004842000078d6000078d6 xmm5=0x0000195d0000195d00003da300003da3 
  xmm6=0x0000faf00000faf00000e5370000e537 xmm7=0x0000abd40000abd400009e4200009e42 

    > load from +0x59a6 value 0x0
0x315c: and rsi, 0b1111111111111
  rax=0x00000000000019a6 rbx=0x00002f5000004415 rcx=0x0000000000005421 rdx=0x0000000000000001
  rsi=0x0000000000000000 rdi=0x000000000000148e flags=0b000010010011
  xmm0=0x0000916900009169000092eb000092eb xmm1=0x0000fd1d0000fd1d000074c7000074c7 
  xmm2=0x0000e4060000e4060000267f0000267f xmm3=0x0000438e0000438e0000d5480000d548 
  xmm4=0x0000484200004842000078d6000078d6 xmm5=0x0000195d0000195d00003da300003da3 
  xmm6=0x0000faf00000faf00000e5370000e537 xmm7=0x0000abd40000abd400009e4200009e42 

0x3163: cmovo ax, [r14 +rsi]
  rax=0x00000000000019a6 rbx=0x00002f5000004415 rcx=0x0000000000005421 rdx=0x0000000000000001
  rsi=0x0000000000000000 rdi=0x000000000000148e flags=0b000001000110
  xmm0=0x0000916900009169000092eb000092eb xmm1=0x0000fd1d0000fd1d000074c7000074c7 
  xmm2=0x0000e4060000e4060000267f0000267f xmm3=0x0000438e0000438e0000d5480000d548 
  xmm4=0x0000484200004842000078d6000078d6 xmm5=0x0000195d0000195d00003da300003da3 
  xmm6=0x0000faf00000faf00000e5370000e537 xmm7=0x0000abd40000abd400009e4200009e42 

    > load from +0x4000 value 0x94df
0x3169: add rax, rbx
  rax=0x00000000000019a6 rbx=0x00002f5000004415 rcx=0x0000000000005421 rdx=0x0000000000000001
  rsi=0x0000000000000000 rdi=0x000000000000148e flags=0b000001000110
  xmm0=0x0000916900009169000092eb000092eb xmm1=0x0000fd1d0000fd1d000074c7000074c7 
  xmm2=0x0000e4060000e4060000267f0000267f xmm3=0x0000438e0000438e0000d5480000d548 
  xmm4=0x0000484200004842000078d6000078d6 xmm5=0x0000195d0000195d00003da300003da3 
  xmm6=0x0000faf00000faf00000e5370000e537 xmm7=0x0000abd40000abd400009e4200009e42 

0x316c: and rdx, 0b1111111111111
  rax=0x00002f5000005dbb rbx=0x00002f5000004415 rcx=0x0000000000005421 rdx=0x0000000000000001
  rsi=0x0000000000000000 rdi=0x000000000000148e flags=0b000000000110
  xmm0=0x0000916900009169000092eb000092eb xmm1=0x0000fd1d0000fd1d000074c7000074c7 
  xmm2=0x0000e4060000e4060000267f0000267f xmm3=0x0000438e0000438e0000d5480000d548 
  xmm4=0x0000484200004842000078d6000078d6 xmm5=0x0000195d0000195d00003da300003da3 
  xmm6=0x0000faf00000faf00000e5370000e537 xmm7=0x0000abd40000abd400009e4200009e42 

0x3173: add al, [r14 +rdx]
  rax=0x00002f5000005dbb rbx=0x00002f5000004415 rcx=0x0000000000005421 rdx=0x0000000000000001
  rsi=0x0000000000000000 rdi=0x000000000000148e flags=0b000000000010
  xmm0=0x0000916900009169000092eb000092eb xmm1=0x0000fd1d0000fd1d000074c7000074c7 
  xmm2=0x0000e4060000e4060000267f0000267f xmm3=0x0000438e0000438e0000d5480000d548 
  xmm4=0x0000484200004842000078d6000078d6 xmm5=0x0000195d0000195d00003da300003da3 
  xmm6=0x0000faf00000faf00000e5370000e537 xmm7=0x0000abd40000abd400009e4200009e42 

    > load from +0x4001 value 0x94
0x3177: and rbx, 0b1111111111111
  rax=0x00002f5000005d4f rbx=0x00002f5000004415 rcx=0x0000000000005421 rdx=0x0000000000000001
  rsi=0x0000000000000000 rdi=0x000000000000148e flags=0b100000000011
  xmm0=0x0000916900009169000092eb000092eb xmm1=0x0000fd1d0000fd1d000074c7000074c7 
  xmm2=0x0000e4060000e4060000267f0000267f xmm3=0x0000438e0000438e0000d5480000d548 
  xmm4=0x0000484200004842000078d6000078d6 xmm5=0x0000195d0000195d00003da300003da3 
  xmm6=0x0000faf00000faf00000e5370000e537 xmm7=0x0000abd40000abd400009e4200009e42 

0x317e: cmovnb ebx, [r14 +rbx]
  rax=0x00002f5000005d4f rbx=0x0000000000000415 rcx=0x0000000000005421 rdx=0x0000000000000001
  rsi=0x0000000000000000 rdi=0x000000000000148e flags=0b000000000010
  xmm0=0x0000916900009169000092eb000092eb xmm1=0x0000fd1d0000fd1d000074c7000074c7 
  xmm2=0x0000e4060000e4060000267f0000267f xmm3=0x0000438e0000438e0000d5480000d548 
  xmm4=0x0000484200004842000078d6000078d6 xmm5=0x0000195d0000195d00003da300003da3 
  xmm6=0x0000faf00000faf00000e5370000e537 xmm7=0x0000abd40000abd400009e4200009e42 

    > load from +0x4415 value 0x4c0000c9
0x3183: setnb cl
  rax=0x00002f5000005d4f rbx=0x000000004c0000c9 rcx=0x0000000000005421 rdx=0x0000000000000001
  rsi=0x0000000000000000 rdi=0x000000000000148e flags=0b000000000010
  xmm0=0x0000916900009169000092eb000092eb xmm1=0x0000fd1d0000fd1d000074c7000074c7 
  xmm2=0x0000e4060000e4060000267f0000267f xmm3=0x0000438e0000438e0000d5480000d548 
  xmm4=0x0000484200004842000078d6000078d6 xmm5=0x0000195d0000195d00003da300003da3 
  xmm6=0x0000faf00000faf00000e5370000e537 xmm7=0x0000abd40000abd400009e4200009e42 

0x3186: and rcx, 0b1111111111111
  rax=0x00002f5000005d4f rbx=0x000000004c0000c9 rcx=0x0000000000005401 rdx=0x0000000000000001
  rsi=0x0000000000000000 rdi=0x000000000000148e flags=0b000000000010
  xmm0=0x0000916900009169000092eb000092eb xmm1=0x0000fd1d0000fd1d000074c7000074c7 
  xmm2=0x0000e4060000e4060000267f0000267f xmm3=0x0000438e0000438e0000d5480000d548 
  xmm4=0x0000484200004842000078d6000078d6 xmm5=0x0000195d0000195d00003da300003da3 
  xmm6=0x0000faf00000faf00000e5370000e537 xmm7=0x0000abd40000abd400009e4200009e42 

0x318d: adc bl, [r14 +rcx]
  rax=0x00002f5000005d4f rbx=0x000000004c0000c9 rcx=0x0000000000001401 rdx=0x0000000000000001
  rsi=0x0000000000000000 rdi=0x000000000000148e flags=0b000000000010
  xmm0=0x0000916900009169000092eb000092eb xmm1=0x0000fd1d0000fd1d000074c7000074c7 
  xmm2=0x0000e4060000e4060000267f0000267f xmm3=0x0000438e0000438e0000d5480000d548 
  xmm4=0x0000484200004842000078d6000078d6 xmm5=0x0000195d0000195d00003da300003da3 
  xmm6=0x0000faf00000faf00000e5370000e537 xmm7=0x0000abd40000abd400009e4200009e42 

    > load from +0x5401 value 0x55
0x3191: macro .switch, .main.function_main_1
  rax=0x00002f5000005d4f rbx=0x000000004c00001e rcx=0x0000000000001401 rdx=0x0000000000000001
  rsi=0x0000000000000000 rdi=0x000000000000148e flags=0b000000000111
  xmm0=0x0000916900009169000092eb000092eb xmm1=0x0000fd1d0000fd1d000074c7000074c7 
  xmm2=0x0000e4060000e4060000267f0000267f xmm3=0x0000438e0000438e0000d5480000d548 
  xmm4=0x0000484200004842000078d6000078d6 xmm5=0x0000195d0000195d00003da300003da3 
  xmm6=0x0000faf00000faf00000e5370000e537 xmm7=0x0000abd40000abd400009e4200009e42 

0x8 : and rdi, 0b1111111111111
  rax=0x00002f5000005d4f rbx=0x000000004c00001e rcx=0x0000000000001401 rdx=0x0000000000000001
  rsi=0x0000000000000000 rdi=0x000000000000148e flags=0b000000000111
  xmm0=0x0000916900009169000092eb000092eb xmm1=0x0000fd1d0000fd1d000074c7000074c7 
  xmm2=0x0000e4060000e4060000267f0000267f xmm3=0x0000438e0000438e0000d5480000d548 
  xmm4=0x0000484200004842000078d6000078d6 xmm5=0x0000195d0000195d00003da300003da3 
  xmm6=0x0000faf00000faf00000e5370000e537 xmm7=0x0000abd40000abd400009e4200009e42 

0xf : imul edi, [r14 +rdi], -88
  rax=0x00002f5000005d4f rbx=0x000000004c00001e rcx=0x0000000000001401 rdx=0x0000000000000001
  rsi=0x0000000000000000 rdi=0x000000000000148e flags=0b000000000110
  xmm0=0x0000916900009169000092eb000092eb xmm1=0x0000fd1d0000fd1d000074c7000074c7 
  xmm2=0x0000e4060000e4060000267f0000267f xmm3=0x0000438e0000438e0000d5480000d548 
  xmm4=0x0000484200004842000078d6000078d6 xmm5=0x0000195d0000195d00003da300003da3 
  xmm6=0x0000faf00000faf00000e5370000e537 xmm7=0x0000abd40000abd400009e4200009e42 

    > load from +0x148e value 0xbb9a0000
0x14: and rcx, 0b1111111111111
  rax=0x00002f5000005d4f rbx=0x000000004c00001e rcx=0x0000000000001401 rdx=0x0000000000000001
  rsi=0x0000000000000000 rdi=0x0000000083100000 flags=0b100010000111
  xmm0=0x0000916900009169000092eb000092eb xmm1=0x0000fd1d0000fd1d000074c7000074c7 
  xmm2=0x0000e4060000e4060000267f0000267f xmm3=0x0000438e0000438e0000d5480000d548 
  xmm4=0x0000484200004842000078d6000078d6 xmm5=0x0000195d0000195d00003da300003da3 
  xmm6=0x0000faf00000faf00000e5370000e537 xmm7=0x0000abd40000abd400009e4200009e42 

0x1b: cmovo di, [r14 +rcx]
  rax=0x00002f5000005d4f rbx=0x000000004c00001e rcx=0x0000000000001401 rdx=0x0000000000000001
  rsi=0x0000000000000000 rdi=0x0000000083100000 flags=0b000000000010
  xmm0=0x0000916900009169000092eb000092eb xmm1=0x0000fd1d0000fd1d000074c7000074c7 
  xmm2=0x0000e4060000e4060000267f0000267f xmm3=0x0000438e0000438e0000d5480000d548 
  xmm4=0x0000484200004842000078d6000078d6 xmm5=0x0000195d0000195d00003da300003da3 
  xmm6=0x0000faf00000faf00000e5370000e537 xmm7=0x0000abd40000abd400009e4200009e42 

    > load from +0x1401 value 0x76
0x21: and rdi, 0b1111111111111
  rax=0x00002f5000005d4f rbx=0x000000004c00001e rcx=0x0000000000001401 rdx=0x0000000000000001
  rsi=0x0000000000000000 rdi=0x0000000083100000 flags=0b000000000010
  xmm0=0x0000916900009169000092eb000092eb xmm1=0x0000fd1d0000fd1d000074c7000074c7 
  xmm2=0x0000e4060000e4060000267f0000267f xmm3=0x0000438e0000438e0000d5480000d548 
  xmm4=0x0000484200004842000078d6000078d6 xmm5=0x0000195d0000195d00003da300003da3 
  xmm6=0x0000faf00000faf00000e5370000e537 xmm7=0x0000abd40000abd400009e4200009e42 

0x28: add edi, [r14 +rdi]
  rax=0x00002f5000005d4f rbx=0x000000004c00001e rcx=0x0000000000001401 rdx=0x0000000000000001
  rsi=0x0000000000000000 rdi=0x0000000000000000 flags=0b000001000110
  xmm0=0x0000916900009169000092eb000092eb xmm1=0x0000fd1d0000fd1d000074c7000074c7 
  xmm2=0x0000e4060000e4060000267f0000267f xmm3=0x0000438e0000438e0000d5480000d548 
  xmm4=0x0000484200004842000078d6000078d6 xmm5=0x0000195d0000195d00003da300003da3 
  xmm6=0x0000faf00000faf00000e5370000e537 xmm7=0x0000abd40000abd400009e4200009e42 

    > load from +0x0 value 0x4343
0x2c: xchg si, ax
  rax=0x00002f5000005d4f rbx=0x000000004c00001e rcx=0x0000000000001401 rdx=0x0000000000000001
  rsi=0x0000000000000000 rdi=0x0000000000004343 flags=0b000000000010
  xmm0=0x0000916900009169000092eb000092eb xmm1=0x0000fd1d0000fd1d000074c7000074c7 
  xmm2=0x0000e4060000e4060000267f0000267f xmm3=0x0000438e0000438e0000d5480000d548 
  xmm4=0x0000484200004842000078d6000078d6 xmm5=0x0000195d0000195d00003da300003da3 
  xmm6=0x0000faf00000faf00000e5370000e537 xmm7=0x0000abd40000abd400009e4200009e42 

0x2e: and rsi, 0b1111111111111
  rax=0x00002f5000000000 rbx=0x000000004c00001e rcx=0x0000000000001401 rdx=0x0000000000000001
  rsi=0x0000000000005d4f rdi=0x0000000000004343 flags=0b000000000010
  xmm0=0x0000916900009169000092eb000092eb xmm1=0x0000fd1d0000fd1d000074c7000074c7 
  xmm2=0x0000e4060000e4060000267f0000267f xmm3=0x0000438e0000438e0000d5480000d548 
  xmm4=0x0000484200004842000078d6000078d6 xmm5=0x0000195d0000195d00003da300003da3 
  xmm6=0x0000faf00000faf00000e5370000e537 xmm7=0x0000abd40000abd400009e4200009e42 

0x35: mov rbx, [r14 +rsi]
  rax=0x00002f5000000000 rbx=0x000000004c00001e rcx=0x0000000000001401 rdx=0x0000000000000001
  rsi=0x0000000000001d4f rdi=0x0000000000004343 flags=0b000000000010
  xmm0=0x0000916900009169000092eb000092eb xmm1=0x0000fd1d0000fd1d000074c7000074c7 
  xmm2=0x0000e4060000e4060000267f0000267f xmm3=0x0000438e0000438e0000d5480000d548 
  xmm4=0x0000484200004842000078d6000078d6 xmm5=0x0000195d0000195d00003da300003da3 
  xmm6=0x0000faf00000faf00000e5370000e537 xmm7=0x0000abd40000abd400009e4200009e42 

    > load from +0x1d4f value 0x36b2000036b200
0x39: cbw 
  rax=0x00002f5000000000 rbx=0x0036b2000036b200 rcx=0x0000000000001401 rdx=0x0000000000000001
  rsi=0x0000000000001d4f rdi=0x0000000000004343 flags=0b000000000010
  xmm0=0x0000916900009169000092eb000092eb xmm1=0x0000fd1d0000fd1d000074c7000074c7 
  xmm2=0x0000e4060000e4060000267f0000267f xmm3=0x0000438e0000438e0000d5480000d548 
  xmm4=0x0000484200004842000078d6000078d6 xmm5=0x0000195d0000195d00003da300003da3 
  xmm6=0x0000faf00000faf00000e5370000e537 xmm7=0x0000abd40000abd400009e4200009e42 

0x3b: imul ecx, ebx
  rax=0x00002f5000000000 rbx=0x0036b2000036b200 rcx=0x0000000000001401 rdx=0x0000000000000001
  rsi=0x0000000000001d4f rdi=0x0000000000004343 flags=0b000000000010
  xmm0=0x0000916900009169000092eb000092eb xmm1=0x0000fd1d0000fd1d000074c7000074c7 
  xmm2=0x0000e4060000e4060000267f0000267f xmm3=0x0000438e0000438e0000d5480000d548 
  xmm4=0x0000484200004842000078d6000078d6 xmm5=0x0000195d0000195d00003da300003da3 
  xmm6=0x0000faf00000faf00000e5370000e537 xmm7=0x0000abd40000abd400009e4200009e42 

0x3e: test sil, 114
  rax=0x00002f5000000000 rbx=0x0036b2000036b200 rcx=0x00000000461eb200 rdx=0x0000000000000001
  rsi=0x0000000000001d4f rdi=0x0000000000004343 flags=0b100000000111
  xmm0=0x0000916900009169000092eb000092eb xmm1=0x0000fd1d0000fd1d000074c7000074c7 
  xmm2=0x0000e4060000e4060000267f0000267f xmm3=0x0000438e0000438e0000d5480000d548 
  xmm4=0x0000484200004842000078d6000078d6 xmm5=0x0000195d0000195d00003da300003da3 
  xmm6=0x0000faf00000faf00000e5370000e537 xmm7=0x0000abd40000abd400009e4200009e42 

0x42: and rax, 0b1111111111111
  rax=0x00002f5000000000 rbx=0x0036b2000036b200 rcx=0x00000000461eb200 rdx=0x0000000000000001
  rsi=0x0000000000001d4f rdi=0x0000000000004343 flags=0b000000000110
  xmm0=0x0000916900009169000092eb000092eb xmm1=0x0000fd1d0000fd1d000074c7000074c7 
  xmm2=0x0000e4060000e4060000267f0000267f xmm3=0x0000438e0000438e0000d5480000d548 
  xmm4=0x0000484200004842000078d6000078d6 xmm5=0x0000195d0000195d00003da300003da3 
  xmm6=0x0000faf00000faf00000e5370000e537 xmm7=0x0000abd40000abd400009e4200009e42 

0x48: sbb rcx, [r14 +rax]
  rax=0x0000000000000000 rbx=0x0036b2000036b200 rcx=0x00000000461eb200 rdx=0x0000000000000001
  rsi=0x0000000000001d4f rdi=0x0000000000004343 flags=0b000001000110
  xmm0=0x0000916900009169000092eb000092eb xmm1=0x0000fd1d0000fd1d000074c7000074c7 
  xmm2=0x0000e4060000e4060000267f0000267f xmm3=0x0000438e0000438e0000d5480000d548 
  xmm4=0x0000484200004842000078d6000078d6 xmm5=0x0000195d0000195d00003da300003da3 
  xmm6=0x0000faf00000faf00000e5370000e537 xmm7=0x0000abd40000abd400009e4200009e42 

    > load from +0x0 value 0x434300004343
0x4c: and rdx, 0b1111111111111
  rax=0x0000000000000000 rbx=0x0036b2000036b200 rcx=0xffffbcbd461e6ebd rdx=0x0000000000000001
  rsi=0x0000000000001d4f rdi=0x0000000000004343 flags=0b000010010111
  xmm0=0x0000916900009169000092eb000092eb xmm1=0x0000fd1d0000fd1d000074c7000074c7 
  xmm2=0x0000e4060000e4060000267f0000267f xmm3=0x0000438e0000438e0000d5480000d548 
  xmm4=0x0000484200004842000078d6000078d6 xmm5=0x0000195d0000195d00003da300003da3 
  xmm6=0x0000faf00000faf00000e5370000e537 xmm7=0x0000abd40000abd400009e4200009e42 

0x53: sbb ecx, [r14 +rdx]
  rax=0x0000000000000000 rbx=0x0036b2000036b200 rcx=0xffffbcbd461e6ebd rdx=0x0000000000000001
  rsi=0x0000000000001d4f rdi=0x0000000000004343 flags=0b000000000010
  xmm0=0x0000916900009169000092eb000092eb xmm1=0x0000fd1d0000fd1d000074c7000074c7 
  xmm2=0x0000e4060000e4060000267f0000267f xmm3=0x0000438e0000438e0000d5480000d548 
  xmm4=0x0000484200004842000078d6000078d6 xmm5=0x0000195d0000195d00003da300003da3 
  xmm6=0x0000faf00000faf00000e5370000e537 xmm7=0x0000abd40000abd400009e4200009e42 

    > load from +0x1 value 0x43000043
0x57: and rbx, 0b1111111111111
  rax=0x0000000000000000 rbx=0x0036b2000036b200 rcx=0x00000000031e6e7a rdx=0x0000000000000001
  rsi=0x0000000000001d4f rdi=0x0000000000004343 flags=0b000000000010
  xmm0=0x0000916900009169000092eb000092eb xmm1=0x0000fd1d0000fd1d000074c7000074c7 
  xmm2=0x0000e4060000e4060000267f0000267f xmm3=0x0000438e0000438e0000d5480000d548 
  xmm4=0x0000484200004842000078d6000078d6 xmm5=0x0000195d0000195d00003da300003da3 
  xmm6=0x0000faf00000faf00000e5370000e537 xmm7=0x0000abd40000abd400009e4200009e42 

0x5e: add ecx, [r14 +rbx]
  rax=0x0000000000000000 rbx=0x0000000000001200 rcx=0x00000000031e6e7a rdx=0x0000000000000001
  rsi=0x0000000000001d4f rdi=0x0000000000004343 flags=0b000000000110
  xmm0=0x0000916900009169000092eb000092eb xmm1=0x0000fd1d0000fd1d000074c7000074c7 
  xmm2=0x0000e4060000e4060000267f0000267f xmm3=0x0000438e0000438e0000d5480000d548 
  xmm4=0x0000484200004842000078d6000078d6 xmm5=0x0000195d0000195d00003da300003da3 
  xmm6=0x0000faf00000faf00000e5370000e537 xmm7=0x0000abd40000abd400009e4200009e42 

    > load from +0x1200 value 0x53fc
0x62: xchg dx, di
  rax=0x0000000000000000 rbx=0x0000000000001200 rcx=0x00000000031ec276 rdx=0x0000000000000001
  rsi=0x0000000000001d4f rdi=0x0000000000004343 flags=0b000000010010
  xmm0=0x0000916900009169000092eb000092eb xmm1=0x0000fd1d0000fd1d000074c7000074c7 
  xmm2=0x0000e4060000e4060000267f0000267f xmm3=0x0000438e0000438e0000d5480000d548 
  xmm4=0x0000484200004842000078d6000078d6 xmm5=0x0000195d0000195d00003da300003da3 
  xmm6=0x0000faf00000faf00000e5370000e537 xmm7=0x0000abd40000abd400009e4200009e42 

0x65: and rbx, 0b1111111111111
  rax=0x0000000000000000 rbx=0x0000000000001200 rcx=0x00000000031ec276 rdx=0x0000000000004343
  rsi=0x0000000000001d4f rdi=0x0000000000000001 flags=0b000000010010
  xmm0=0x0000916900009169000092eb000092eb xmm1=0x0000fd1d0000fd1d000074c7000074c7 
  xmm2=0x0000e4060000e4060000267f0000267f xmm3=0x0000438e0000438e0000d5480000d548 
  xmm4=0x0000484200004842000078d6000078d6 xmm5=0x0000195d0000195d00003da300003da3 
  xmm6=0x0000faf00000faf00000e5370000e537 xmm7=0x0000abd40000abd400009e4200009e42 

0x6c: cmovno rcx, [r14 +rbx]
  rax=0x0000000000000000 rbx=0x0000000000001200 rcx=0x00000000031ec276 rdx=0x0000000000004343
  rsi=0x0000000000001d4f rdi=0x0000000000000001 flags=0b000000000110
  xmm0=0x0000916900009169000092eb000092eb xmm1=0x0000fd1d0000fd1d000074c7000074c7 
  xmm2=0x0000e4060000e4060000267f0000267f xmm3=0x0000438e0000438e0000d5480000d548 
  xmm4=0x0000484200004842000078d6000078d6 xmm5=0x0000195d0000195d00003da300003da3 
  xmm6=0x0000faf00000faf00000e5370000e537 xmm7=0x0000abd40000abd400009e4200009e42 

    > load from +0x1200 value 0x53fc000053fc
0x71: movzx esi, ax
  rax=0x0000000000000000 rbx=0x0000000000001200 rcx=0x000053fc000053fc rdx=0x0000000000004343
  rsi=0x0000000000001d4f rdi=0x0000000000000001 flags=0b000000000110
  xmm0=0x0000916900009169000092eb000092eb xmm1=0x0000fd1d0000fd1d000074c7000074c7 
  xmm2=0x0000e4060000e4060000267f0000267f xmm3=0x0000438e0000438e0000d5480000d548 
  xmm4=0x0000484200004842000078d6000078d6 xmm5=0x0000195d0000195d00003da300003da3 
  xmm6=0x0000faf00000faf00000e5370000e537 xmm7=0x0000abd40000abd400009e4200009e42 

0x74: and rdi, 0b1111111111111
  rax=0x0000000000000000 rbx=0x0000000000001200 rcx=0x000053fc000053fc rdx=0x0000000000004343
  rsi=0x0000000000000000 rdi=0x0000000000000001 flags=0b000000000110
  xmm0=0x0000916900009169000092eb000092eb xmm1=0x0000fd1d0000fd1d000074c7000074c7 
  xmm2=0x0000e4060000e4060000267f0000267f xmm3=0x0000438e0000438e0000d5480000d548 
  xmm4=0x0000484200004842000078d6000078d6 xmm5=0x0000195d0000195d00003da300003da3 
  xmm6=0x0000faf00000faf00000e5370000e537 xmm7=0x0000abd40000abd400009e4200009e42 

0x7b: bts rsi, rdx
  rax=0x0000000000000000 rbx=0x0000000000001200 rcx=0x000053fc000053fc rdx=0x0000000000004343
  rsi=0x0000000000000000 rdi=0x0000000000000001 flags=0b000000000010
  xmm0=0x0000916900009169000092eb000092eb xmm1=0x0000fd1d0000fd1d000074c7000074c7 
  xmm2=0x0000e4060000e4060000267f0000267f xmm3=0x0000438e0000438e0000d5480000d548 
  xmm4=0x0000484200004842000078d6000078d6 xmm5=0x0000195d0000195d00003da300003da3 
  xmm6=0x0000faf00000faf00000e5370000e537 xmm7=0x0000abd40000abd400009e4200009e42 

0x7f: imul rsi
  rax=0x0000000000000000 rbx=0x0000000000001200 rcx=0x000053fc000053fc rdx=0x0000000000004343
  rsi=0x0000000000000008 rdi=0x0000000000000001 flags=0b000000000010
  xmm0=0x0000916900009169000092eb000092eb xmm1=0x0000fd1d0000fd1d000074c7000074c7 
  xmm2=0x0000e4060000e4060000267f0000267f xmm3=0x0000438e0000438e0000d5480000d548 
  xmm4=0x0000484200004842000078d6000078d6 xmm5=0x0000195d0000195d00003da300003da3 
  xmm6=0x0000faf00000faf00000e5370000e537 xmm7=0x0000abd40000abd400009e4200009e42 

0x82: add sil, 9
  rax=0x0000000000000000 rbx=0x0000000000001200 rcx=0x000053fc000053fc rdx=0x0000000000000000
  rsi=0x0000000000000008 rdi=0x0000000000000001 flags=0b000001000110
  xmm0=0x0000916900009169000092eb000092eb xmm1=0x0000fd1d0000fd1d000074c7000074c7 
  xmm2=0x0000e4060000e4060000267f0000267f xmm3=0x0000438e0000438e0000d5480000d548 
  xmm4=0x0000484200004842000078d6000078d6 xmm5=0x0000195d0000195d00003da300003da3 
  xmm6=0x0000faf00000faf00000e5370000e537 xmm7=0x0000abd40000abd400009e4200009e42 

0x86: and rbx, 0b1111111111111
  rax=0x0000000000000000 rbx=0x0000000000001200 rcx=0x000053fc000053fc rdx=0x0000000000000000
  rsi=0x0000000000000011 rdi=0x0000000000000001 flags=0b000000010110
  xmm0=0x0000916900009169000092eb000092eb xmm1=0x0000fd1d0000fd1d000074c7000074c7 
  xmm2=0x0000e4060000e4060000267f0000267f xmm3=0x0000438e0000438e0000d5480000d548 
  xmm4=0x0000484200004842000078d6000078d6 xmm5=0x0000195d0000195d00003da300003da3 
  xmm6=0x0000faf00000faf00000e5370000e537 xmm7=0x0000abd40000abd400009e4200009e42 

0x8d: cmovle di, [r14 +rbx]
  rax=0x0000000000000000 rbx=0x0000000000001200 rcx=0x000053fc000053fc rdx=0x0000000000000000
  rsi=0x0000000000000011 rdi=0x0000000000000001 flags=0b000000000110
  xmm0=0x0000916900009169000092eb000092eb xmm1=0x0000fd1d0000fd1d000074c7000074c7 
  xmm2=0x0000e4060000e4060000267f0000267f xmm3=0x0000438e0000438e0000d5480000d548 
  xmm4=0x0000484200004842000078d6000078d6 xmm5=0x0000195d0000195d00003da300003da3 
  xmm6=0x0000faf00000faf00000e5370000e537 xmm7=0x0000abd40000abd400009e4200009e42 

    > load from +0x1200 value 0x53fc
0x93: btc si, di
  rax=0x0000000000000000 rbx=0x0000000000001200 rcx=0x000053fc000053fc rdx=0x0000000000000000
  rsi=0x0000000000000011 rdi=0x0000000000000001 flags=0b000000000110
  xmm0=0x0000916900009169000092eb000092eb xmm1=0x0000fd1d0000fd1d000074c7000074c7 
  xmm2=0x0000e4060000e4060000267f0000267f xmm3=0x0000438e0000438e0000d5480000d548 
  xmm4=0x0000484200004842000078d6000078d6 xmm5=0x0000195d0000195d00003da300003da3 
  xmm6=0x0000faf00000faf00000e5370000e537 xmm7=0x0000abd40000abd400009e4200009e42 

0x97: add sil, -28
  rax=0x0000000000000000 rbx=0x0000000000001200 rcx=0x000053fc000053fc rdx=0x0000000000000000
  rsi=0x0000000000000013 rdi=0x0000000000000001 flags=0b000000000110
  xmm0=0x0000916900009169000092eb000092eb xmm1=0x0000fd1d0000fd1d000074c7000074c7 
  xmm2=0x0000e4060000e4060000267f0000267f xmm3=0x0000438e0000438e0000d5480000d548 
  xmm4=0x0000484200004842000078d6000078d6 xmm5=0x0000195d0000195d00003da300003da3 
  xmm6=0x0000faf00000faf00000e5370000e537 xmm7=0x0000abd40000abd400009e4200009e42 

0x9b: and rdi, 0b1111111111111
  rax=0x0000000000000000 rbx=0x0000000000001200 rcx=0x000053fc000053fc rdx=0x0000000000000000
  rsi=0x00000000000000f7 rdi=0x0000000000000001 flags=0b000010000010
  xmm0=0x0000916900009169000092eb000092eb xmm1=0x0000fd1d0000fd1d000074c7000074c7 
  xmm2=0x0000e4060000e4060000267f0000267f xmm3=0x0000438e0000438e0000d5480000d548 
  xmm4=0x0000484200004842000078d6000078d6 xmm5=0x0000195d0000195d00003da300003da3 
  xmm6=0x0000faf00000faf00000e5370000e537 xmm7=0x0000abd40000abd400009e4200009e42 

0xa2: cmovno dx, [r14 +rdi]
  rax=0x0000000000000000 rbx=0x0000000000001200 rcx=0x000053fc000053fc rdx=0x0000000000000000
  rsi=0x00000000000000f7 rdi=0x0000000000000001 flags=0b000000000010
  xmm0=0x0000916900009169000092eb000092eb xmm1=0x0000fd1d0000fd1d000074c7000074c7 
  xmm2=0x0000e4060000e4060000267f0000267f xmm3=0x0000438e0000438e0000d5480000d548 
  xmm4=0x0000484200004842000078d6000078d6 xmm5=0x0000195d0000195d00003da300003da3 
  xmm6=0x0000faf00000faf00000e5370000e537 xmm7=0x0000abd40000abd400009e4200009e42 

    > load from +0x1 value 0x43
0xa8: and rdi, 0b1111111111111
  rax=0x0000000000000000 rbx=0x0000000000001200 rcx=0x000053fc000053fc rdx=0x0000000000000043
  rsi=0x00000000000000f7 rdi=0x0000000000000001 flags=0b000000000010
  xmm0=0x0000916900009169000092eb000092eb xmm1=0x0000fd1d0000fd1d000074c7000074c7 
  xmm2=0x0000e4060000e4060000267f0000267f xmm3=0x0000438e0000438e0000d5480000d548 
  xmm4=0x0000484200004842000078d6000078d6 xmm5=0x0000195d0000195d00003da300003da3 
  xmm6=0x0000faf00000faf00000e5370000e537 xmm7=0x0000abd40000abd400009e4200009e42 

0xaf: cmovnb rdi, [r14 +rdi]
  rax=0x0000000000000000 rbx=0x0000000000001200 rcx=0x000053fc000053fc rdx=0x0000000000000043
  rsi=0x00000000000000f7 rdi=0x0000000000000001 flags=0b000000000010
  xmm0=0x0000916900009169000092eb000092eb xmm1=0x0000fd1d0000fd1d000074c7000074c7 
  xmm2=0x0000e4060000e4060000267f0000267f xmm3=0x0000438e0000438e0000d5480000d548 
  xmm4=0x0000484200004842000078d6000078d6 xmm5=0x0000195d0000195d00003da300003da3 
  xmm6=0x0000faf00000faf00000e5370000e537 xmm7=0x0000abd40000abd400009e4200009e42 

    > load from +0x1 value 0x6700004343000043
0xb4: xchg eax, eax
  rax=0x0000000000000000 rbx=0x0000000000001200 rcx=0x000053fc000053fc rdx=0x0000000000000043
  rsi=0x00000000000000f7 rdi=0x6700004343000043 flags=0b000000000010
  xmm0=0x0000916900009169000092eb000092eb xmm1=0x0000fd1d0000fd1d000074c7000074c7 
  xmm2=0x0000e4060000e4060000267f0000267f xmm3=0x0000438e0000438e0000d5480000d548 
  xmm4=0x0000484200004842000078d6000078d6 xmm5=0x0000195d0000195d00003da300003da3 
  xmm6=0x0000faf00000faf00000e5370000e537 xmm7=0x0000abd40000abd400009e4200009e42 

0xb6: movzx ebx, dx
  rax=0x0000000000000000 rbx=0x0000000000001200 rcx=0x000053fc000053fc rdx=0x0000000000000043
  rsi=0x00000000000000f7 rdi=0x6700004343000043 flags=0b000000000010
  xmm0=0x0000916900009169000092eb000092eb xmm1=0x0000fd1d0000fd1d000074c7000074c7 
  xmm2=0x0000e4060000e4060000267f0000267f xmm3=0x0000438e0000438e0000d5480000d548 
  xmm4=0x0000484200004842000078d6000078d6 xmm5=0x0000195d0000195d00003da300003da3 
  xmm6=0x0000faf00000faf00000e5370000e537 xmm7=0x0000abd40000abd400009e4200009e42 

0xb9: and rax, 0b1111111111111
  rax=0x0000000000000000 rbx=0x0000000000000043 rcx=0x000053fc000053fc rdx=0x0000000000000043
  rsi=0x00000000000000f7 rdi=0x6700004343000043 flags=0b000000000010
  xmm0=0x0000916900009169000092eb000092eb xmm1=0x0000fd1d0000fd1d000074c7000074c7 
  xmm2=0x0000e4060000e4060000267f0000267f xmm3=0x0000438e0000438e0000d5480000d548 
  xmm4=0x0000484200004842000078d6000078d6 xmm5=0x0000195d0000195d00003da300003da3 
  xmm6=0x0000faf00000faf00000e5370000e537 xmm7=0x0000abd40000abd400009e4200009e42 

0xbf: cmp [r14 +rax], di
  rax=0x0000000000000000 rbx=0x0000000000000043 rcx=0x000053fc000053fc rdx=0x0000000000000043
  rsi=0x00000000000000f7 rdi=0x6700004343000043 flags=0b000001000110
  xmm0=0x0000916900009169000092eb000092eb xmm1=0x0000fd1d0000fd1d000074c7000074c7 
  xmm2=0x0000e4060000e4060000267f0000267f xmm3=0x0000438e0000438e0000d5480000d548 
  xmm4=0x0000484200004842000078d6000078d6 xmm5=0x0000195d0000195d00003da300003da3 
  xmm6=0x0000faf00000faf00000e5370000e537 xmm7=0x0000abd40000abd400009e4200009e42 

    > load from +0x0 value 0x4343
0xc4: and rbx, 0b1111111111111
  rax=0x0000000000000000 rbx=0x0000000000000043 rcx=0x000053fc000053fc rdx=0x0000000000000043
  rsi=0x00000000000000f7 rdi=0x6700004343000043 flags=0b000000000110
  xmm0=0x0000916900009169000092eb000092eb xmm1=0x0000fd1d0000fd1d000074c7000074c7 
  xmm2=0x0000e4060000e4060000267f0000267f xmm3=0x0000438e0000438e0000d5480000d548 
  xmm4=0x0000484200004842000078d6000078d6 xmm5=0x0000195d0000195d00003da300003da3 
  xmm6=0x0000faf00000faf00000e5370000e537 xmm7=0x0000abd40000abd400009e4200009e42 

0xcb: and edi, 0b111
  rax=0x0000000000000000 rbx=0x0000000000000043 rcx=0x000053fc000053fc rdx=0x0000000000000043
  rsi=0x00000000000000f7 rdi=0x6700004343000043 flags=0b000000000010
  xmm0=0x0000916900009169000092eb000092eb xmm1=0x0000fd1d0000fd1d000074c7000074c7 
  xmm2=0x0000e4060000e4060000267f0000267f xmm3=0x0000438e0000438e0000d5480000d548 
  xmm4=0x0000484200004842000078d6000078d6 xmm5=0x0000195d0000195d00003da300003da3 
  xmm6=0x0000faf00000faf00000e5370000e537 xmm7=0x0000abd40000abd400009e4200009e42 

0xce: bt [r14 +rbx], edi
  rax=0x0000000000000000 rbx=0x0000000000000043 rcx=0x000053fc000053fc rdx=0x0000000000000043
  rsi=0x00000000000000f7 rdi=0x0000000000000003 flags=0b000000000110
  xmm0=0x0000916900009169000092eb000092eb xmm1=0x0000fd1d0000fd1d000074c7000074c7 
  xmm2=0x0000e4060000e4060000267f0000267f xmm3=0x0000438e0000438e0000d5480000d548 
  xmm4=0x0000484200004842000078d6000078d6 xmm5=0x0000195d0000195d00003da300003da3 
  xmm6=0x0000faf00000faf00000e5370000e537 xmm7=0x0000abd40000abd400009e4200009e42 

    > load from +0x43 value 0xe60400
0xd3: test rcx, rbx
  rax=0x0000000000000000 rbx=0x0000000000000043 rcx=0x000053fc000053fc rdx=0x0000000000000043
  rsi=0x00000000000000f7 rdi=0x0000000000000003 flags=0b000000000110
  xmm0=0x0000916900009169000092eb000092eb xmm1=0x0000fd1d0000fd1d000074c7000074c7 
  xmm2=0x0000e4060000e4060000267f0000267f xmm3=0x0000438e0000438e0000d5480000d548 
  xmm4=0x0000484200004842000078d6000078d6 xmm5=0x0000195d0000195d00003da300003da3 
  xmm6=0x0000faf00000faf00000e5370000e537 xmm7=0x0000abd40000abd400009e4200009e42 

0xd6: and rax, 0b1111111111111
  rax=0x0000000000000000 rbx=0x0000000000000043 rcx=0x000053fc000053fc rdx=0x0000000000000043
  rsi=0x00000000000000f7 rdi=0x0000000000000003 flags=0b000000000010
  xmm0=0x0000916900009169000092eb000092eb xmm1=0x0000fd1d0000fd1d000074c7000074c7 
  xmm2=0x0000e4060000e4060000267f0000267f xmm3=0x0000438e0000438e0000d5480000d548 
  xmm4=0x0000484200004842000078d6000078d6 xmm5=0x0000195d0000195d00003da300003da3 
  xmm6=0x0000faf00000faf00000e5370000e537 xmm7=0x0000abd40000abd400009e4200009e42 

0xdc: cmovbe di, [r14 +rax]
  rax=0x0000000000000000 rbx=0x0000000000000043 rcx=0x000053fc000053fc rdx=0x0000000000000043
  rsi=0x00000000000000f7 rdi=0x0000000000000003 flags=0b000001000110
  xmm0=0x0000916900009169000092eb000092eb xmm1=0x0000fd1d0000fd1d000074c7000074c7 
  xmm2=0x0000e4060000e4060000267f0000267f xmm3=0x0000438e0000438e0000d5480000d548 
  xmm4=0x0000484200004842000078d6000078d6 xmm5=0x0000195d0000195d00003da300003da3 
  xmm6=0x0000faf00000faf00000e5370000e537 xmm7=0x0000abd40000abd400009e4200009e42 

    > load from +0x0 value 0x4343
0xe2: cmovbe rdx, rdx
  rax=0x0000000000000000 rbx=0x0000000000000043 rcx=0x000053fc000053fc rdx=0x0000000000000043
  rsi=0x00000000000000f7 rdi=0x0000000000004343 flags=0b000001000110
  xmm0=0x0000916900009169000092eb000092eb xmm1=0x0000fd1d0000fd1d000074c7000074c7 
  xmm2=0x0000e4060000e4060000267f0000267f xmm3=0x0000438e0000438e0000d5480000d548 
  xmm4=0x0000484200004842000078d6000078d6 xmm5=0x0000195d0000195d00003da300003da3 
  xmm6=0x0000faf00000faf00000e5370000e537 xmm7=0x0000abd40000abd400009e4200009e42 

0xe6: cmovl rdi, rcx
  rax=0x0000000000000000 rbx=0x0000000000000043 rcx=0x000053fc000053fc rdx=0x0000000000000043
  rsi=0x00000000000000f7 rdi=0x0000000000004343 flags=0b000001000110
  xmm0=0x0000916900009169000092eb000092eb xmm1=0x0000fd1d0000fd1d000074c7000074c7 
  xmm2=0x0000e4060000e4060000267f0000267f xmm3=0x0000438e0000438e0000d5480000d548 
  xmm4=0x0000484200004842000078d6000078d6 xmm5=0x0000195d0000195d00003da300003da3 
  xmm6=0x0000faf00000faf00000e5370000e537 xmm7=0x0000abd40000abd400009e4200009e42 

0xea: and rax, 0b1111111111111
  rax=0x0000000000000000 rbx=0x0000000000000043 rcx=0x000053fc000053fc rdx=0x0000000000000043
  rsi=0x00000000000000f7 rdi=0x0000000000004343 flags=0b000001000110
  xmm0=0x0000916900009169000092eb000092eb xmm1=0x0000fd1d0000fd1d000074c7000074c7 
  xmm2=0x0000e4060000e4060000267f0000267f xmm3=0x0000438e0000438e0000d5480000d548 
  xmm4=0x0000484200004842000078d6000078d6 xmm5=0x0000195d0000195d00003da300003da3 
  xmm6=0x0000faf00000faf00000e5370000e537 xmm7=0x0000abd40000abd400009e4200009e42 

0xf0: imul rax, [r14 +rax], 29
  rax=0x0000000000000000 rbx=0x0000000000000043 rcx=0x000053fc000053fc rdx=0x0000000000000043
  rsi=0x00000000000000f7 rdi=0x0000000000004343 flags=0b000001000110
  xmm0=0x0000916900009169000092eb000092eb xmm1=0x0000fd1d0000fd1d000074c7000074c7 
  xmm2=0x0000e4060000e4060000267f0000267f xmm3=0x0000438e0000438e0000d5480000d548 
  xmm4=0x0000484200004842000078d6000078d6 xmm5=0x0000195d0000195d00003da300003da3 
  xmm6=0x0000faf00000faf00000e5370000e537 xmm7=0x0000abd40000abd400009e4200009e42 

    > load from +0x0 value 0x434300004343
0xf5: or rsi, rax
  rax=0x00079e9700079e97 rbx=0x0000000000000043 rcx=0x000053fc000053fc rdx=0x0000000000000043
  rsi=0x00000000000000f7 rdi=0x0000000000004343 flags=0b000000000010
  xmm0=0x0000916900009169000092eb000092eb xmm1=0x0000fd1d0000fd1d000074c7000074c7 
  xmm2=0x0000e4060000e4060000267f0000267f xmm3=0x0000438e0000438e0000d5480000d548 
  xmm4=0x0000484200004842000078d6000078d6 xmm5=0x0000195d0000195d00003da300003da3 
  xmm6=0x0000faf00000faf00000e5370000e537 xmm7=0x0000abd40000abd400009e4200009e42 

0xf8: and rcx, 0b1111111111111
  rax=0x00079e9700079e97 rbx=0x0000000000000043 rcx=0x000053fc000053fc rdx=0x0000000000000043
  rsi=0x00079e9700079ef7 rdi=0x0000000000004343 flags=0b000000000010
  xmm0=0x0000916900009169000092eb000092eb xmm1=0x0000fd1d0000fd1d000074c7000074c7 
  xmm2=0x0000e4060000e4060000267f0000267f xmm3=0x0000438e0000438e0000d5480000d548 
  xmm4=0x0000484200004842000078d6000078d6 xmm5=0x0000195d0000195d00003da300003da3 
  xmm6=0x0000faf00000faf00000e5370000e537 xmm7=0x0000abd40000abd400009e4200009e42 

0xff: cmovl dx, [r14 +rcx]
  rax=0x00079e9700079e97 rbx=0x0000000000000043 rcx=0x00000000000013fc rdx=0x0000000000000043
  rsi=0x00079e9700079ef7 rdi=0x0000000000004343 flags=0b000000000110
  xmm0=0x0000916900009169000092eb000092eb xmm1=0x0000fd1d0000fd1d000074c7000074c7 
  xmm2=0x0000e4060000e4060000267f0000267f xmm3=0x0000438e0000438e0000d5480000d548 
  xmm4=0x0000484200004842000078d6000078d6 xmm5=0x0000195d0000195d00003da300003da3 
  xmm6=0x0000faf00000faf00000e5370000e537 xmm7=0x0000abd40000abd400009e4200009e42 

    > load from +0x13fc value 0xe35
0x105: and rsi, 0b1111111111111
  rax=0x00079e9700079e97 rbx=0x0000000000000043 rcx=0x00000000000013fc rdx=0x0000000000000043
  rsi=0x00079e9700079ef7 rdi=0x0000000000004343 flags=0b000000000110
  xmm0=0x0000916900009169000092eb000092eb xmm1=0x0000fd1d0000fd1d000074c7000074c7 
  xmm2=0x0000e4060000e4060000267f0000267f xmm3=0x0000438e0000438e0000d5480000d548 
  xmm4=0x0000484200004842000078d6000078d6 xmm5=0x0000195d0000195d00003da300003da3 
  xmm6=0x0000faf00000faf00000e5370000e537 xmm7=0x0000abd40000abd400009e4200009e42 

0x10c: test [r14 +rsi], al
  rax=0x00079e9700079e97 rbx=0x0000000000000043 rcx=0x00000000000013fc rdx=0x0000000000000043
  rsi=0x0000000000001ef7 rdi=0x0000000000004343 flags=0b000000000010
  xmm0=0x0000916900009169000092eb000092eb xmm1=0x0000fd1d0000fd1d000074c7000074c7 
  xmm2=0x0000e4060000e4060000267f0000267f xmm3=0x0000438e0000438e0000d5480000d548 
  xmm4=0x0000484200004842000078d6000078d6 xmm5=0x0000195d0000195d00003da300003da3 
  xmm6=0x0000faf00000faf00000e5370000e537 xmm7=0x0000abd40000abd400009e4200009e42 

    > load from +0x1ef7 value 0x0
0x110: cmovnz si, di
  rax=0x00079e9700079e97 rbx=0x0000000000000043 rcx=0x00000000000013fc rdx=0x0000000000000043
  rsi=0x0000000000001ef7 rdi=0x0000000000004343 flags=0b000001000110
  xmm0=0x0000916900009169000092eb000092eb xmm1=0x0000fd1d0000fd1d000074c7000074c7 
  xmm2=0x0000e4060000e4060000267f0000267f xmm3=0x0000438e0000438e0000d5480000d548 
  xmm4=0x0000484200004842000078d6000078d6 xmm5=0x0000195d0000195d00003da300003da3 
  xmm6=0x0000faf00000faf00000e5370000e537 xmm7=0x0000abd40000abd400009e4200009e42 

0x114: and rdx, 0b1111111111111
  rax=0x00079e9700079e97 rbx=0x0000000000000043 rcx=0x00000000000013fc rdx=0x0000000000000043
  rsi=0x0000000000001ef7 rdi=0x0000000000004343 flags=0b000001000110
  xmm0=0x0000916900009169000092eb000092eb xmm1=0x0000fd1d0000fd1d000074c7000074c7 
  xmm2=0x0000e4060000e4060000267f0000267f xmm3=0x0000438e0000438e0000d5480000d548 
  xmm4=0x0000484200004842000078d6000078d6 xmm5=0x0000195d0000195d00003da300003da3 
  xmm6=0x0000faf00000faf00000e5370000e537 xmm7=0x0000abd40000abd400009e4200009e42 

0x11b: add dl, [r14 +rdx]
  rax=0x00079e9700079e97 rbx=0x0000000000000043 rcx=0x00000000000013fc rdx=0x0000000000000043
  rsi=0x0000000000001ef7 rdi=0x0000000000004343 flags=0b000000000010
  xmm0=0x0000916900009169000092eb000092eb xmm1=0x0000fd1d0000fd1d000074c7000074c7 
  xmm2=0x0000e4060000e4060000267f0000267f xmm3=0x0000438e0000438e0000d5480000d548 
  xmm4=0x0000484200004842000078d6000078d6 xmm5=0x0000195d0000195d00003da300003da3 
  xmm6=0x0000faf00000faf00000e5370000e537 xmm7=0x0000abd40000abd400009e4200009e42 

    > load from +0x43 value 0x0
0x11f: std 
  rax=0x00079e9700079e97 rbx=0x0000000000000043 rcx=0x00000000000013fc rdx=0x0000000000000043
  rsi=0x0000000000001ef7 rdi=0x0000000000004343 flags=0b000000000010
  xmm0=0x0000916900009169000092eb000092eb xmm1=0x0000fd1d0000fd1d000074c7000074c7 
  xmm2=0x0000e4060000e4060000267f0000267f xmm3=0x0000438e0000438e0000d5480000d548 
  xmm4=0x0000484200004842000078d6000078d6 xmm5=0x0000195d0000195d00003da300003da3 
  xmm6=0x0000faf00000faf00000e5370000e537 xmm7=0x0000abd40000abd400009e4200009e42 

0x120: and rcx, 0b1111111111111
  rax=0x00079e9700079e97 rbx=0x0000000000000043 rcx=0x00000000000013fc rdx=0x0000000000000043
  rsi=0x0000000000001ef7 rdi=0x0000000000004343 flags=0b010000000010
  xmm0=0x0000916900009169000092eb000092eb xmm1=0x0000fd1d0000fd1d000074c7000074c7 
  xmm2=0x0000e4060000e4060000267f0000267f xmm3=0x0000438e0000438e0000d5480000d548 
  xmm4=0x0000484200004842000078d6000078d6 xmm5=0x0000195d0000195d00003da300003da3 
  xmm6=0x0000faf00000faf00000e5370000e537 xmm7=0x0000abd40000abd400009e4200009e42 

0x127: add rcx, [r14 +rcx]
  rax=0x00079e9700079e97 rbx=0x0000000000000043 rcx=0x00000000000013fc rdx=0x0000000000000043
  rsi=0x0000000000001ef7 rdi=0x0000000000004343 flags=0b010000000110
  xmm0=0x0000916900009169000092eb000092eb xmm1=0x0000fd1d0000fd1d000074c7000074c7 
  xmm2=0x0000e4060000e4060000267f0000267f xmm3=0x0000438e0000438e0000d5480000d548 
  xmm4=0x0000484200004842000078d6000078d6 xmm5=0x0000195d0000195d00003da300003da3 
  xmm6=0x0000faf00000faf00000e5370000e537 xmm7=0x0000abd40000abd400009e4200009e42 

    > load from +0x13fc value 0x760b00000e35
0x12b: dec rbx
  rax=0x00079e9700079e97 rbx=0x0000000000000043 rcx=0x0000760b00002231 rdx=0x0000000000000043
  rsi=0x0000000000001ef7 rdi=0x0000000000004343 flags=0b010000010010
  xmm0=0x0000916900009169000092eb000092eb xmm1=0x0000fd1d0000fd1d000074c7000074c7 
  xmm2=0x0000e4060000e4060000267f0000267f xmm3=0x0000438e0000438e0000d5480000d548 
  xmm4=0x0000484200004842000078d6000078d6 xmm5=0x0000195d0000195d00003da300003da3 
  xmm6=0x0000faf00000faf00000e5370000e537 xmm7=0x0000abd40000abd400009e4200009e42 

0x12e: and rax, 0b1111111111111
  rax=0x00079e9700079e97 rbx=0x0000000000000042 rcx=0x0000760b00002231 rdx=0x0000000000000043
  rsi=0x0000000000001ef7 rdi=0x0000000000004343 flags=0b010000000110
  xmm0=0x0000916900009169000092eb000092eb xmm1=0x0000fd1d0000fd1d000074c7000074c7 
  xmm2=0x0000e4060000e4060000267f0000267f xmm3=0x0000438e0000438e0000d5480000d548 
  xmm4=0x0000484200004842000078d6000078d6 xmm5=0x0000195d0000195d00003da300003da3 
  xmm6=0x0000faf00000faf00000e5370000e537 xmm7=0x0000abd40000abd400009e4200009e42 

0x134: sub eax, [r14 +rax]
  rax=0x0000000000001e97 rbx=0x0000000000000042 rcx=0x0000760b00002231 rdx=0x0000000000000043
  rsi=0x0000000000001ef7 rdi=0x0000000000004343 flags=0b010000000010
  xmm0=0x0000916900009169000092eb000092eb xmm1=0x0000fd1d0000fd1d000074c7000074c7 
  xmm2=0x0000e4060000e4060000267f0000267f xmm3=0x0000438e0000438e0000d5480000d548 
  xmm4=0x0000484200004842000078d6000078d6 xmm5=0x0000195d0000195d00003da300003da3 
  xmm6=0x0000faf00000faf00000e5370000e537 xmm7=0x0000abd40000abd400009e4200009e42 

    > load from +0x1e97 value 0x830600
0x138: and rax, 0b1111111111111
  rax=0x00000000ff7d1897 rbx=0x0000000000000042 rcx=0x0000760b00002231 rdx=0x0000000000000043
  rsi=0x0000000000001ef7 rdi=0x0000000000004343 flags=0b010010000011
  xmm0=0x0000916900009169000092eb000092eb xmm1=0x0000fd1d0000fd1d000074c7000074c7 
  xmm2=0x0000e4060000e4060000267f0000267f xmm3=0x0000438e0000438e0000d5480000d548 
  xmm4=0x0000484200004842000078d6000078d6 xmm5=0x0000195d0000195d00003da300003da3 
  xmm6=0x0000faf00000faf00000e5370000e537 xmm7=0x0000abd40000abd400009e4200009e42 

0x13e: test [r14 +rax], bl
  rax=0x0000000000001897 rbx=0x0000000000000042 rcx=0x0000760b00002231 rdx=0x0000000000000043
  rsi=0x0000000000001ef7 rdi=0x0000000000004343 flags=0b010000000010
  xmm0=0x0000916900009169000092eb000092eb xmm1=0x0000fd1d0000fd1d000074c7000074c7 
  xmm2=0x0000e4060000e4060000267f0000267f xmm3=0x0000438e0000438e0000d5480000d548 
  xmm4=0x0000484200004842000078d6000078d6 xmm5=0x0000195d0000195d00003da300003da3 
  xmm6=0x0000faf00000faf00000e5370000e537 xmm7=0x0000abd40000abd400009e4200009e42 

    > load from +0x1897 value 0x0
0x142: sbb edi, edi
  rax=0x0000000000001897 rbx=0x0000000000000042 rcx=0x0000760b00002231 rdx=0x0000000000000043
  rsi=0x0000000000001ef7 rdi=0x0000000000004343 flags=0b010001000110
  xmm0=0x0000916900009169000092eb000092eb xmm1=0x0000fd1d0000fd1d000074c7000074c7 
  xmm2=0x0000e4060000e4060000267f0000267f xmm3=0x0000438e0000438e0000d5480000d548 
  xmm4=0x0000484200004842000078d6000078d6 xmm5=0x0000195d0000195d00003da300003da3 
  xmm6=0x0000faf00000faf00000e5370000e537 xmm7=0x0000abd40000abd400009e4200009e42 

0x144: and rbx, 0b1111111111111
  rax=0x0000000000001897 rbx=0x0000000000000042 rcx=0x0000760b00002231 rdx=0x0000000000000043
  rsi=0x0000000000001ef7 rdi=0x0000000000000000 flags=0b010001000110
  xmm0=0x0000916900009169000092eb000092eb xmm1=0x0000fd1d0000fd1d000074c7000074c7 
  xmm2=0x0000e4060000e4060000267f0000267f xmm3=0x0000438e0000438e0000d5480000d548 
  xmm4=0x0000484200004842000078d6000078d6 xmm5=0x0000195d0000195d00003da300003da3 
  xmm6=0x0000faf00000faf00000e5370000e537 xmm7=0x0000abd40000abd400009e4200009e42 

0x14b: cmovnl bx, [r14 +rbx]
  rax=0x0000000000001897 rbx=0x0000000000000042 rcx=0x0000760b00002231 rdx=0x0000000000000043
  rsi=0x0000000000001ef7 rdi=0x0000000000000000 flags=0b010000000110
  xmm0=0x0000916900009169000092eb000092eb xmm1=0x0000fd1d0000fd1d000074c7000074c7 
  xmm2=0x0000e4060000e4060000267f0000267f xmm3=0x0000438e0000438e0000d5480000d548 
  xmm4=0x0000484200004842000078d6000078d6 xmm5=0x0000195d0000195d00003da300003da3 
  xmm6=0x0000faf00000faf00000e5370000e537 xmm7=0x0000abd40000abd400009e4200009e42 

    > load from +0x42 value 0x0
0x151: and rax, 0b1111111111111
  rax=0x0000000000001897 rbx=0x0000000000000000 rcx=0x0000760b00002231 rdx=0x0000000000000043
  rsi=0x0000000000001ef7 rdi=0x0000000000000000 flags=0b010000000110
  xmm0=0x0000916900009169000092eb000092eb xmm1=0x0000fd1d0000fd1d000074c7000074c7 
  xmm2=0x0000e4060000e4060000267f0000267f xmm3=0x0000438e0000438e0000d5480000d548 
  xmm4=0x0000484200004842000078d6000078d6 xmm5=0x0000195d0000195d00003da300003da3 
  xmm6=0x0000faf00000faf00000e5370000e537 xmm7=0x0000abd40000abd400009e4200009e42 

0x157: cmovnp di, [r14 +rax]
  rax=0x0000000000001897 rbx=0x0000000000000000 rcx=0x0000760b00002231 rdx=0x0000000000000043
  rsi=0x0000000000001ef7 rdi=0x0000000000000000 flags=0b010000000010
  xmm0=0x0000916900009169000092eb000092eb xmm1=0x0000fd1d0000fd1d000074c7000074c7 
  xmm2=0x0000e4060000e4060000267f0000267f xmm3=0x0000438e0000438e0000d5480000d548 
  xmm4=0x0000484200004842000078d6000078d6 xmm5=0x0000195d0000195d00003da300003da3 
  xmm6=0x0000faf00000faf00000e5370000e537 xmm7=0x0000abd40000abd400009e4200009e42 

    > load from +0x1897 value 0xb400
0x15d: xchg rsi, rax
  rax=0x0000000000001897 rbx=0x0000000000000000 rcx=0x0000760b00002231 rdx=0x0000000000000043
  rsi=0x0000000000001ef7 rdi=0x000000000000b400 flags=0b010000000010
  xmm0=0x0000916900009169000092eb000092eb xmm1=0x0000fd1d0000fd1d000074c7000074c7 
  xmm2=0x0000e4060000e4060000267f0000267f xmm3=0x0000438e0000438e0000d5480000d548 
  xmm4=0x0000484200004842000078d6000078d6 xmm5=0x0000195d0000195d00003da300003da3 
  xmm6=0x0000faf00000faf00000e5370000e537 xmm7=0x0000abd40000abd400009e4200009e42 

0x15f: imul rsi, rcx, -99
  rax=0x0000000000001ef7 rbx=0x0000000000000000 rcx=0x0000760b00002231 rdx=0x0000000000000043
  rsi=0x0000000000001897 rdi=0x000000000000b400 flags=0b010000000010
  xmm0=0x0000916900009169000092eb000092eb xmm1=0x0000fd1d0000fd1d000074c7000074c7 
  xmm2=0x0000e4060000e4060000267f0000267f xmm3=0x0000438e0000438e0000d5480000d548 
  xmm4=0x0000484200004842000078d6000078d6 xmm5=0x0000195d0000195d00003da300003da3 
  xmm6=0x0000faf00000faf00000e5370000e537 xmm7=0x0000abd40000abd400009e4200009e42 

0x163: add sil, -57
  rax=0x0000000000001ef7 rbx=0x0000000000000000 rcx=0x0000760b00002231 rdx=0x0000000000000043
  rsi=0xffd259befff2c70d rdi=0x000000000000b400 flags=0b010010000010
  xmm0=0x0000916900009169000092eb000092eb xmm1=0x0000fd1d0000fd1d000074c7000074c7 
  xmm2=0x0000e4060000e4060000267f0000267f xmm3=0x0000438e0000438e0000d5480000d548 
  xmm4=0x0000484200004842000078d6000078d6 xmm5=0x0000195d0000195d00003da300003da3 
  xmm6=0x0000faf00000faf00000e5370000e537 xmm7=0x0000abd40000abd400009e4200009e42 

0x167: and rbx, 0b1111111111111
  rax=0x0000000000001ef7 rbx=0x0000000000000000 rcx=0x0000760b00002231 rdx=0x0000000000000043
  rsi=0xffd259befff2c7d4 rdi=0x000000000000b400 flags=0b010010010110
  xmm0=0x0000916900009169000092eb000092eb xmm1=0x0000fd1d0000fd1d000074c7000074c7 
  xmm2=0x0000e4060000e4060000267f0000267f xmm3=0x0000438e0000438e0000d5480000d548 
  xmm4=0x0000484200004842000078d6000078d6 xmm5=0x0000195d0000195d00003da300003da3 
  xmm6=0x0000faf00000faf00000e5370000e537 xmm7=0x0000abd40000abd400009e4200009e42 

0x16e: cmovs edx, [r14 +rbx]
  rax=0x0000000000001ef7 rbx=0x0000000000000000 rcx=0x0000760b00002231 rdx=0x0000000000000043
  rsi=0xffd259befff2c7d4 rdi=0x000000000000b400 flags=0b010001000110
  xmm0=0x0000916900009169000092eb000092eb xmm1=0x0000fd1d0000fd1d000074c7000074c7 
  xmm2=0x0000e4060000e4060000267f0000267f xmm3=0x0000438e0000438e0000d5480000d548 
  xmm4=0x0000484200004842000078d6000078d6 xmm5=0x0000195d0000195d00003da300003da3 
  xmm6=0x0000faf00000faf00000e5370000e537 xmm7=0x0000abd40000abd400009e4200009e42 

    > load from +0x0 value 0x4343
0x173: cmovz rcx, rbx
  rax=0x0000000000001ef7 rbx=0x0000000000000000 rcx=0x0000760b00002231 rdx=0x0000000000000043
  rsi=0xffd259befff2c7d4 rdi=0x000000000000b400 flags=0b010001000110
  xmm0=0x0000916900009169000092eb000092eb xmm1=0x0000fd1d0000fd1d000074c7000074c7 
  xmm2=0x0000e4060000e4060000267f0000267f xmm3=0x0000438e0000438e0000d5480000d548 
  xmm4=0x0000484200004842000078d6000078d6 xmm5=0x0000195d0000195d00003da300003da3 
  xmm6=0x0000faf00000faf00000e5370000e537 xmm7=0x0000abd40000abd400009e4200009e42 

0x177: and rcx, 0b1111111111111
  rax=0x0000000000001ef7 rbx=0x0000000000000000 rcx=0x0000000000000000 rdx=0x0000000000000043
  rsi=0xffd259befff2c7d4 rdi=0x000000000000b400 flags=0b010001000110
  xmm0=0x0000916900009169000092eb000092eb xmm1=0x0000fd1d0000fd1d000074c7000074c7 
  xmm2=0x0000e4060000e4060000267f0000267f xmm3=0x0000438e0000438e0000d5480000d548 
  xmm4=0x0000484200004842000078d6000078d6 xmm5=0x0000195d0000195d00003da300003da3 
  xmm6=0x0000faf00000faf00000e5370000e537 xmm7=0x0000abd40000abd400009e4200009e42 

0x17e: movzx bx, [r14 +rcx]
  rax=0x0000000000001ef7 rbx=0x0000000000000000 rcx=0x0000000000000000 rdx=0x0000000000000043
  rsi=0xffd259befff2c7d4 rdi=0x000000000000b400 flags=0b010001000110
  xmm0=0x0000916900009169000092eb000092eb xmm1=0x0000fd1d0000fd1d000074c7000074c7 
  xmm2=0x0000e4060000e4060000267f0000267f xmm3=0x0000438e0000438e0000d5480000d548 
  xmm4=0x0000484200004842000078d6000078d6 xmm5=0x0000195d0000195d00003da300003da3 
  xmm6=0x0000faf00000faf00000e5370000e537 xmm7=0x0000abd40000abd400009e4200009e42 

    > load from +0x0 value 0x43
0x184: macro .switch, .actor2.function_actor2_1
  rax=0x0000000000001ef7 rbx=0x0000000000000043 rcx=0x0000000000000000 rdx=0x0000000000000043
  rsi=0xffd259befff2c7d4 rdi=0x000000000000b400 flags=0b010001000110
  xmm0=0x0000916900009169000092eb000092eb xmm1=0x0000fd1d0000fd1d000074c7000074c7 
  xmm2=0x0000e4060000e4060000267f0000267f xmm3=0x0000438e0000438e0000d5480000d548 
  xmm4=0x0000484200004842000078d6000078d6 xmm5=0x0000195d0000195d00003da300003da3 
  xmm6=0x0000faf00000faf00000e5370000e537 xmm7=0x0000abd40000abd400009e4200009e42 

0x3199: pushfq 
  rax=0x0000000000001ef7 rbx=0x0000000000000043 rcx=0x0000000000000000 rdx=0x0000000000000043
  rsi=0xffd259befff2c7d4 rdi=0x000000000000b400 flags=0b010001000110
  xmm0=0x0000916900009169000092eb000092eb xmm1=0x0000fd1d0000fd1d000074c7000074c7 
  xmm2=0x0000e4060000e4060000267f0000267f xmm3=0x0000438e0000438e0000d5480000d548 
  xmm4=0x0000484200004842000078d6000078d6 xmm5=0x0000195d0000195d00003da300003da3 
  xmm6=0x0000faf00000faf00000e5370000e537 xmm7=0x0000abd40000abd400009e4200009e42 

    > store to +0x4ff0 value 0x446
0x319a: push rax
  rax=0x0000000000001ef7 rbx=0x0000000000000043 rcx=0x0000000000000000 rdx=0x0000000000000043
  rsi=0xffd259befff2c7d4 rdi=0x000000000000b400 flags=0b010001000110
  xmm0=0x0000916900009169000092eb000092eb xmm1=0x0000fd1d0000fd1d000074c7000074c7 
  xmm2=0x0000e4060000e4060000267f0000267f xmm3=0x0000438e0000438e0000d5480000d548 
  xmm4=0x0000484200004842000078d6000078d6 xmm5=0x0000195d0000195d00003da300003da3 
  xmm6=0x0000faf00000faf00000e5370000e537 xmm7=0x0000abd40000abd400009e4200009e42 

    > store to +0x4fe8 value 0x1ef7
0x319b: push rcx
  rax=0x0000000000001ef7 rbx=0x0000000000000043 rcx=0x0000000000000000 rdx=0x0000000000000043
  rsi=0xffd259befff2c7d4 rdi=0x000000000000b400 flags=0b010001000110
  xmm0=0x0000916900009169000092eb000092eb xmm1=0x0000fd1d0000fd1d000074c7000074c7 
  xmm2=0x0000e4060000e4060000267f0000267f xmm3=0x0000438e0000438e0000d5480000d548 
  xmm4=0x0000484200004842000078d6000078d6 xmm5=0x0000195d0000195d00003da300003da3 
  xmm6=0x0000faf00000faf00000e5370000e537 xmm7=0x0000abd40000abd400009e4200009e42 

    > store to +0x4fe0 value 0x0
0x319c: push rdx
  rax=0x0000000000001ef7 rbx=0x0000000000000043 rcx=0x0000000000000000 rdx=0x0000000000000043
  rsi=0xffd259befff2c7d4 rdi=0x000000000000b400 flags=0b010001000110
  xmm0=0x0000916900009169000092eb000092eb xmm1=0x0000fd1d0000fd1d000074c7000074c7 
  xmm2=0x0000e4060000e4060000267f0000267f xmm3=0x0000438e0000438e0000d5480000d548 
  xmm4=0x0000484200004842000078d6000078d6 xmm5=0x0000195d0000195d00003da300003da3 
  xmm6=0x0000faf00000faf00000e5370000e537 xmm7=0x0000abd40000abd400009e4200009e42 

    > store to +0x4fd8 value 0x43
0x319d: mov ecx, 0x48
  rax=0x0000000000001ef7 rbx=0x0000000000000043 rcx=0x0000000000000000 rdx=0x0000000000000043
  rsi=0xffd259befff2c7d4 rdi=0x000000000000b400 flags=0b010001000110
  xmm0=0x0000916900009169000092eb000092eb xmm1=0x0000fd1d0000fd1d000074c7000074c7 
  xmm2=0x0000e4060000e4060000267f0000267f xmm3=0x0000438e0000438e0000d5480000d548 
  xmm4=0x0000484200004842000078d6000078d6 xmm5=0x0000195d0000195d00003da300003da3 
  xmm6=0x0000faf00000faf00000e5370000e537 xmm7=0x0000abd40000abd400009e4200009e42 

0x31a2: rdmsr 
  rax=0x0000000000001ef7 rbx=0x0000000000000043 rcx=0x0000000000000048 rdx=0x0000000000000043
  rsi=0xffd259befff2c7d4 rdi=0x000000000000b400 flags=0b010001000110
  xmm0=0x0000916900009169000092eb000092eb xmm1=0x0000fd1d0000fd1d000074c7000074c7 
  xmm2=0x0000e4060000e4060000267f0000267f xmm3=0x0000438e0000438e0000d5480000d548 
  xmm4=0x0000484200004842000078d6000078d6 xmm5=0x0000195d0000195d00003da300003da3 
  xmm6=0x0000faf00000faf00000e5370000e537 xmm7=0x0000abd40000abd400009e4200009e42 

0x31a4: and eax, 0xfffffffb
  rax=0x0000000000000000 rbx=0x0000000000000043 rcx=0x0000000000000048 rdx=0x0000000000000000
  rsi=0xffd259befff2c7d4 rdi=0x000000000000b400 flags=0b010001000110
  xmm0=0x0000916900009169000092eb000092eb xmm1=0x0000fd1d0000fd1d000074c7000074c7 
  xmm2=0x0000e4060000e4060000267f0000267f xmm3=0x0000438e0000438e0000d5480000d548 
  xmm4=0x0000484200004842000078d6000078d6 xmm5=0x0000195d0000195d00003da300003da3 
  xmm6=0x0000faf00000faf00000e5370000e537 xmm7=0x0000abd40000abd400009e4200009e42 

0x31a7: or eax, 0x100
  rax=0x0000000000000000 rbx=0x0000000000000043 rcx=0x0000000000000048 rdx=0x0000000000000000
  rsi=0xffd259befff2c7d4 rdi=0x000000000000b400 flags=0b010001000110
  xmm0=0x0000916900009169000092eb000092eb xmm1=0x0000fd1d0000fd1d000074c7000074c7 
  xmm2=0x0000e4060000e4060000267f0000267f xmm3=0x0000438e0000438e0000d5480000d548 
  xmm4=0x0000484200004842000078d6000078d6 xmm5=0x0000195d0000195d00003da300003da3 
  xmm6=0x0000faf00000faf00000e5370000e537 xmm7=0x0000abd40000abd400009e4200009e42 

0x31ac: wrmsr 
  rax=0x0000000000000100 rbx=0x0000000000000043 rcx=0x0000000000000048 rdx=0x0000000000000000
  rsi=0xffd259befff2c7d4 rdi=0x000000000000b400 flags=0b010000000110
  xmm0=0x0000916900009169000092eb000092eb xmm1=0x0000fd1d0000fd1d000074c7000074c7 
  xmm2=0x0000e4060000e4060000267f0000267f xmm3=0x0000438e0000438e0000d5480000d548 
  xmm4=0x0000484200004842000078d6000078d6 xmm5=0x0000195d0000195d00003da300003da3 
  xmm6=0x0000faf00000faf00000e5370000e537 xmm7=0x0000abd40000abd400009e4200009e42 

0x31ae: mfence 
  rax=0x0000000000000100 rbx=0x0000000000000043 rcx=0x0000000000000048 rdx=0x0000000000000000
  rsi=0xffd259befff2c7d4 rdi=0x000000000000b400 flags=0b010000000110
  xmm0=0x0000916900009169000092eb000092eb xmm1=0x0000fd1d0000fd1d000074c7000074c7 
  xmm2=0x0000e4060000e4060000267f0000267f xmm3=0x0000438e0000438e0000d5480000d548 
  xmm4=0x0000484200004842000078d6000078d6 xmm5=0x0000195d0000195d00003da300003da3 
  xmm6=0x0000faf00000faf00000e5370000e537 xmm7=0x0000abd40000abd400009e4200009e42 

0x31b1: lfence 
  rax=0x0000000000000100 rbx=0x0000000000000043 rcx=0x0000000000000048 rdx=0x0000000000000000
  rsi=0xffd259befff2c7d4 rdi=0x000000000000b400 flags=0b010000000110
  xmm0=0x0000916900009169000092eb000092eb xmm1=0x0000fd1d0000fd1d000074c7000074c7 
  xmm2=0x0000e4060000e4060000267f0000267f xmm3=0x0000438e0000438e0000d5480000d548 
  xmm4=0x0000484200004842000078d6000078d6 xmm5=0x0000195d0000195d00003da300003da3 
  xmm6=0x0000faf00000faf00000e5370000e537 xmm7=0x0000abd40000abd400009e4200009e42 

0x31b4: macro .measurement_end, .noarg
  rax=0x0000000000000100 rbx=0x0000000000000043 rcx=0x0000000000000048 rdx=0x0000000000000000
  rsi=0xffd259befff2c7d4 rdi=0x000000000000b400 flags=0b010000000110
  xmm0=0x0000916900009169000092eb000092eb xmm1=0x0000fd1d0000fd1d000074c7000074c7 
  xmm2=0x0000e4060000e4060000267f0000267f xmm3=0x0000438e0000438e0000d5480000d548 
  xmm4=0x0000484200004842000078d6000078d6 xmm5=0x0000195d0000195d00003da300003da3 
  xmm6=0x0000faf00000faf00000e5370000e537 xmm7=0x0000abd40000abd400009e4200009e42 

0x31bc: mov ecx, 0x48
  rax=0x0000000000000100 rbx=0x0000000000000043 rcx=0x0000000000000048 rdx=0x0000000000000000
  rsi=0xffd259befff2c7d4 rdi=0x000000000000b400 flags=0b010000000110
  xmm0=0x0000916900009169000092eb000092eb xmm1=0x0000fd1d0000fd1d000074c7000074c7 
  xmm2=0x0000e4060000e4060000267f0000267f xmm3=0x0000438e0000438e0000d5480000d548 
  xmm4=0x0000484200004842000078d6000078d6 xmm5=0x0000195d0000195d00003da300003da3 
  xmm6=0x0000faf00000faf00000e5370000e537 xmm7=0x0000abd40000abd400009e4200009e42 

0x31c1: rdmsr 
  rax=0x0000000000000100 rbx=0x0000000000000043 rcx=0x0000000000000048 rdx=0x0000000000000000
  rsi=0xffd259befff2c7d4 rdi=0x000000000000b400 flags=0b010000000110
  xmm0=0x0000916900009169000092eb000092eb xmm1=0x0000fd1d0000fd1d000074c7000074c7 
  xmm2=0x0000e4060000e4060000267f0000267f xmm3=0x0000438e0000438e0000d5480000d548 
  xmm4=0x0000484200004842000078d6000078d6 xmm5=0x0000195d0000195d00003da300003da3 
  xmm6=0x0000faf00000faf00000e5370000e537 xmm7=0x0000abd40000abd400009e4200009e42 

0x31c3: and eax, 0xfffffffb
  rax=0x0000000000000000 rbx=0x0000000000000043 rcx=0x0000000000000048 rdx=0x0000000000000000
  rsi=0xffd259befff2c7d4 rdi=0x000000000000b400 flags=0b010000000110
  xmm0=0x0000916900009169000092eb000092eb xmm1=0x0000fd1d0000fd1d000074c7000074c7 
  xmm2=0x0000e4060000e4060000267f0000267f xmm3=0x0000438e0000438e0000d5480000d548 
  xmm4=0x0000484200004842000078d6000078d6 xmm5=0x0000195d0000195d00003da300003da3 
  xmm6=0x0000faf00000faf00000e5370000e537 xmm7=0x0000abd40000abd400009e4200009e42 

0x31c6: and eax, 0xfffffeff
  rax=0x0000000000000000 rbx=0x0000000000000043 rcx=0x0000000000000048 rdx=0x0000000000000000
  rsi=0xffd259befff2c7d4 rdi=0x000000000000b400 flags=0b010001000110
  xmm0=0x0000916900009169000092eb000092eb xmm1=0x0000fd1d0000fd1d000074c7000074c7 
  xmm2=0x0000e4060000e4060000267f0000267f xmm3=0x0000438e0000438e0000d5480000d548 
  xmm4=0x0000484200004842000078d6000078d6 xmm5=0x0000195d0000195d00003da300003da3 
  xmm6=0x0000faf00000faf00000e5370000e537 xmm7=0x0000abd40000abd400009e4200009e42 

0x31cb: wrmsr 
  rax=0x0000000000000000 rbx=0x0000000000000043 rcx=0x0000000000000048 rdx=0x0000000000000000
  rsi=0xffd259befff2c7d4 rdi=0x000000000000b400 flags=0b010001000110
  xmm0=0x0000916900009169000092eb000092eb xmm1=0x0000fd1d0000fd1d000074c7000074c7 
  xmm2=0x0000e4060000e4060000267f0000267f xmm3=0x0000438e0000438e0000d5480000d548 
  xmm4=0x0000484200004842000078d6000078d6 xmm5=0x0000195d0000195d00003da300003da3 
  xmm6=0x0000faf00000faf00000e5370000e537 xmm7=0x0000abd40000abd400009e4200009e42 

0x31cd: mfence 
  rax=0x0000000000000000 rbx=0x0000000000000043 rcx=0x0000000000000048 rdx=0x0000000000000000
  rsi=0xffd259befff2c7d4 rdi=0x000000000000b400 flags=0b010001000110
  xmm0=0x0000916900009169000092eb000092eb xmm1=0x0000fd1d0000fd1d000074c7000074c7 
  xmm2=0x0000e4060000e4060000267f0000267f xmm3=0x0000438e0000438e0000d5480000d548 
  xmm4=0x0000484200004842000078d6000078d6 xmm5=0x0000195d0000195d00003da300003da3 
  xmm6=0x0000faf00000faf00000e5370000e537 xmm7=0x0000abd40000abd400009e4200009e42 

0x31d0: lfence 
  rax=0x0000000000000000 rbx=0x0000000000000043 rcx=0x0000000000000048 rdx=0x0000000000000000
  rsi=0xffd259befff2c7d4 rdi=0x000000000000b400 flags=0b010001000110
  xmm0=0x0000916900009169000092eb000092eb xmm1=0x0000fd1d0000fd1d000074c7000074c7 
  xmm2=0x0000e4060000e4060000267f0000267f xmm3=0x0000438e0000438e0000d5480000d548 
  xmm4=0x0000484200004842000078d6000078d6 xmm5=0x0000195d0000195d00003da300003da3 
  xmm6=0x0000faf00000faf00000e5370000e537 xmm7=0x0000abd40000abd400009e4200009e42 

0x31d3: pop rdx
  rax=0x0000000000000000 rbx=0x0000000000000043 rcx=0x0000000000000048 rdx=0x0000000000000000
  rsi=0xffd259befff2c7d4 rdi=0x000000000000b400 flags=0b010001000110
  xmm0=0x0000916900009169000092eb000092eb xmm1=0x0000fd1d0000fd1d000074c7000074c7 
  xmm2=0x0000e4060000e4060000267f0000267f xmm3=0x0000438e0000438e0000d5480000d548 
  xmm4=0x0000484200004842000078d6000078d6 xmm5=0x0000195d0000195d00003da300003da3 
  xmm6=0x0000faf00000faf00000e5370000e537 xmm7=0x0000abd40000abd400009e4200009e42 

    > load from +0x4fd8 value 0x43
0x31d4: pop rcx
  rax=0x0000000000000000 rbx=0x0000000000000043 rcx=0x0000000000000048 rdx=0x0000000000000043
  rsi=0xffd259befff2c7d4 rdi=0x000000000000b400 flags=0b010001000110
  xmm0=0x0000916900009169000092eb000092eb xmm1=0x0000fd1d0000fd1d000074c7000074c7 
  xmm2=0x0000e4060000e4060000267f0000267f xmm3=0x0000438e0000438e0000d5480000d548 
  xmm4=0x0000484200004842000078d6000078d6 xmm5=0x0000195d0000195d00003da300003da3 
  xmm6=0x0000faf00000faf00000e5370000e537 xmm7=0x0000abd40000abd400009e4200009e42 

    > load from +0x4fe0 value 0x0
0x31d5: pop rax
  rax=0x0000000000000000 rbx=0x0000000000000043 rcx=0x0000000000000000 rdx=0x0000000000000043
  rsi=0xffd259befff2c7d4 rdi=0x000000000000b400 flags=0b010001000110
  xmm0=0x0000916900009169000092eb000092eb xmm1=0x0000fd1d0000fd1d000074c7000074c7 
  xmm2=0x0000e4060000e4060000267f0000267f xmm3=0x0000438e0000438e0000d5480000d548 
  xmm4=0x0000484200004842000078d6000078d6 xmm5=0x0000195d0000195d00003da300003da3 
  xmm6=0x0000faf00000faf00000e5370000e537 xmm7=0x0000abd40000abd400009e4200009e42 

    > load from +0x4fe8 value 0x1ef7
0x31d6: popfq 
  rax=0x0000000000001ef7 rbx=0x0000000000000043 rcx=0x0000000000000000 rdx=0x0000000000000043
  rsi=0xffd259befff2c7d4 rdi=0x000000000000b400 flags=0b010001000110
  xmm0=0x0000916900009169000092eb000092eb xmm1=0x0000fd1d0000fd1d000074c7000074c7 
  xmm2=0x0000e4060000e4060000267f0000267f xmm3=0x0000438e0000438e0000d5480000d548 
  xmm4=0x0000484200004842000078d6000078d6 xmm5=0x0000195d0000195d00003da300003da3 
  xmm6=0x0000faf00000faf00000e5370000e537 xmm7=0x0000abd40000abd400009e4200009e42 

    > load from +0x4ff0 value 0x446
0x31d7: macro .switch, .main.function_main_2
  rax=0x0000000000001ef7 rbx=0x0000000000000043 rcx=0x0000000000000000 rdx=0x0000000000000043
  rsi=0xffd259befff2c7d4 rdi=0x000000000000b400 flags=0b010001000110
  xmm0=0x0000916900009169000092eb000092eb xmm1=0x0000fd1d0000fd1d000074c7000074c7 
  xmm2=0x0000e4060000e4060000267f0000267f xmm3=0x0000438e0000438e0000d5480000d548 
  xmm4=0x0000484200004842000078d6000078d6 xmm5=0x0000195d0000195d00003da300003da3 
  xmm6=0x0000faf00000faf00000e5370000e537 xmm7=0x0000abd40000abd400009e4200009e42 

0x18c: nop  [test_case_exit]
  rax=0x0000000000001ef7 rbx=0x0000000000000043 rcx=0x0000000000000000 rdx=0x0000000000000043
  rsi=0xffd259befff2c7d4 rdi=0x000000000000b400 flags=0b010001000110
  xmm0=0x0000916900009169000092eb000092eb xmm1=0x0000fd1d0000fd1d000074c7000074c7 
  xmm2=0x0000e4060000e4060000267f0000267f xmm3=0x0000438e0000438e0000d5480000d548 
  xmm4=0x0000484200004842000078d6000078d6 xmm5=0x0000195d0000195d00003da300003da3 
  xmm6=0x0000faf00000faf00000e5370000e537 xmm7=0x0000abd40000abd400009e4200009e42 




                      ##### Input 62 #####

                     ##### Input 0 #####
0x0 : macro .switch, .actor2.function_actor2_0
  rax=0x0000b0e90000b0e9 rbx=0x00002f5000002f50 rcx=0x000034d1000034d1 rdx=0x00008da900008da9
  rsi=0x0000f0f70000f0f7 rdi=0x0000e4710000e471 flags=0b100010010010
  xmm0=0x0000ac4e0000ac4e0000cd830000cd83 xmm1=0x0000359500003595000057e3000057e3 
  xmm2=0x000053dc000053dc0000c7220000c722 xmm3=0x00000b9800000b980000c4820000c482 
  xmm4=0x0000df0c0000df0c0000262800002628 xmm5=0x00007d4200007d420000ac030000ac03 
  xmm6=0x00001c3900001c3900006f1000006f10 xmm7=0x0000eb4c0000eb4c0000276400002764 

0x3000: pushfq 
  rax=0x0000b0e90000b0e9 rbx=0x00002f5000002f50 rcx=0x000034d1000034d1 rdx=0x00008da900008da9
  rsi=0x0000f0f70000f0f7 rdi=0x0000e4710000e471 flags=0b100010010010
  xmm0=0x0000ac4e0000ac4e0000cd830000cd83 xmm1=0x0000359500003595000057e3000057e3 
  xmm2=0x000053dc000053dc0000c7220000c722 xmm3=0x00000b9800000b980000c4820000c482 
  xmm4=0x0000df0c0000df0c0000262800002628 xmm5=0x00007d4200007d420000ac030000ac03 
  xmm6=0x00001c3900001c3900006f1000006f10 xmm7=0x0000eb4c0000eb4c0000276400002764 

    > store to +0x4ff0 value 0x892
0x3001: push rax
  rax=0x0000b0e90000b0e9 rbx=0x00002f5000002f50 rcx=0x000034d1000034d1 rdx=0x00008da900008da9
  rsi=0x0000f0f70000f0f7 rdi=0x0000e4710000e471 flags=0b100010010010
  xmm0=0x0000ac4e0000ac4e0000cd830000cd83 xmm1=0x0000359500003595000057e3000057e3 
  xmm2=0x000053dc000053dc0000c7220000c722 xmm3=0x00000b9800000b980000c4820000c482 
  xmm4=0x0000df0c0000df0c0000262800002628 xmm5=0x00007d4200007d420000ac030000ac03 
  xmm6=0x00001c3900001c3900006f1000006f10 xmm7=0x0000eb4c0000eb4c0000276400002764 

    > store to +0x4fe8 value 0xb0e90000b0e9
0x3002: push rcx
  rax=0x0000b0e90000b0e9 rbx=0x00002f5000002f50 rcx=0x000034d1000034d1 rdx=0x00008da900008da9
  rsi=0x0000f0f70000f0f7 rdi=0x0000e4710000e471 flags=0b100010010010
  xmm0=0x0000ac4e0000ac4e0000cd830000cd83 xmm1=0x0000359500003595000057e3000057e3 
  xmm2=0x000053dc000053dc0000c7220000c722 xmm3=0x00000b9800000b980000c4820000c482 
  xmm4=0x0000df0c0000df0c0000262800002628 xmm5=0x00007d4200007d420000ac030000ac03 
  xmm6=0x00001c3900001c3900006f1000006f10 xmm7=0x0000eb4c0000eb4c0000276400002764 

    > store to +0x4fe0 value 0x34d1000034d1
0x3003: push rdx
  rax=0x0000b0e90000b0e9 rbx=0x00002f5000002f50 rcx=0x000034d1000034d1 rdx=0x00008da900008da9
  rsi=0x0000f0f70000f0f7 rdi=0x0000e4710000e471 flags=0b100010010010
  xmm0=0x0000ac4e0000ac4e0000cd830000cd83 xmm1=0x0000359500003595000057e3000057e3 
  xmm2=0x000053dc000053dc0000c7220000c722 xmm3=0x00000b9800000b980000c4820000c482 
  xmm4=0x0000df0c0000df0c0000262800002628 xmm5=0x00007d4200007d420000ac030000ac03 
  xmm6=0x00001c3900001c3900006f1000006f10 xmm7=0x0000eb4c0000eb4c0000276400002764 

    > store to +0x4fd8 value 0x8da900008da9
0x3004: mov ecx, 0x48
  rax=0x0000b0e90000b0e9 rbx=0x00002f5000002f50 rcx=0x000034d1000034d1 rdx=0x00008da900008da9
  rsi=0x0000f0f70000f0f7 rdi=0x0000e4710000e471 flags=0b100010010010
  xmm0=0x0000ac4e0000ac4e0000cd830000cd83 xmm1=0x0000359500003595000057e3000057e3 
  xmm2=0x000053dc000053dc0000c7220000c722 xmm3=0x00000b9800000b980000c4820000c482 
  xmm4=0x0000df0c0000df0c0000262800002628 xmm5=0x00007d4200007d420000ac030000ac03 
  xmm6=0x00001c3900001c3900006f1000006f10 xmm7=0x0000eb4c0000eb4c0000276400002764 

0x3009: rdmsr 
  rax=0x0000b0e90000b0e9 rbx=0x00002f5000002f50 rcx=0x0000000000000048 rdx=0x00008da900008da9
  rsi=0x0000f0f70000f0f7 rdi=0x0000e4710000e471 flags=0b100010010010
  xmm0=0x0000ac4e0000ac4e0000cd830000cd83 xmm1=0x0000359500003595000057e3000057e3 
  xmm2=0x000053dc000053dc0000c7220000c722 xmm3=0x00000b9800000b980000c4820000c482 
  xmm4=0x0000df0c0000df0c0000262800002628 xmm5=0x00007d4200007d420000ac030000ac03 
  xmm6=0x00001c3900001c3900006f1000006f10 xmm7=0x0000eb4c0000eb4c0000276400002764 

0x300b: and eax, 0xfffffffb
  rax=0x0000000000000000 rbx=0x00002f5000002f50 rcx=0x0000000000000048 rdx=0x0000000000000000
  rsi=0x0000f0f70000f0f7 rdi=0x0000e4710000e471 flags=0b100010010010
  xmm0=0x0000ac4e0000ac4e0000cd830000cd83 xmm1=0x0000359500003595000057e3000057e3 
  xmm2=0x000053dc000053dc0000c7220000c722 xmm3=0x00000b9800000b980000c4820000c482 
  xmm4=0x0000df0c0000df0c0000262800002628 xmm5=0x00007d4200007d420000ac030000ac03 
  xmm6=0x00001c3900001c3900006f1000006f10 xmm7=0x0000eb4c0000eb4c0000276400002764 

0x300e: or eax, 0x100
  rax=0x0000000000000000 rbx=0x00002f5000002f50 rcx=0x0000000000000048 rdx=0x0000000000000000
  rsi=0x0000f0f70000f0f7 rdi=0x0000e4710000e471 flags=0b000001000110
  xmm0=0x0000ac4e0000ac4e0000cd830000cd83 xmm1=0x0000359500003595000057e3000057e3 
  xmm2=0x000053dc000053dc0000c7220000c722 xmm3=0x00000b9800000b980000c4820000c482 
  xmm4=0x0000df0c0000df0c0000262800002628 xmm5=0x00007d4200007d420000ac030000ac03 
  xmm6=0x00001c3900001c3900006f1000006f10 xmm7=0x0000eb4c0000eb4c0000276400002764 

0x3013: wrmsr 
  rax=0x0000000000000100 rbx=0x00002f5000002f50 rcx=0x0000000000000048 rdx=0x0000000000000000
  rsi=0x0000f0f70000f0f7 rdi=0x0000e4710000e471 flags=0b000000000110
  xmm0=0x0000ac4e0000ac4e0000cd830000cd83 xmm1=0x0000359500003595000057e3000057e3 
  xmm2=0x000053dc000053dc0000c7220000c722 xmm3=0x00000b9800000b980000c4820000c482 
  xmm4=0x0000df0c0000df0c0000262800002628 xmm5=0x00007d4200007d420000ac030000ac03 
  xmm6=0x00001c3900001c3900006f1000006f10 xmm7=0x0000eb4c0000eb4c0000276400002764 

0x3015: mfence 
  rax=0x0000000000000100 rbx=0x00002f5000002f50 rcx=0x0000000000000048 rdx=0x0000000000000000
  rsi=0x0000f0f70000f0f7 rdi=0x0000e4710000e471 flags=0b000000000110
  xmm0=0x0000ac4e0000ac4e0000cd830000cd83 xmm1=0x0000359500003595000057e3000057e3 
  xmm2=0x000053dc000053dc0000c7220000c722 xmm3=0x00000b9800000b980000c4820000c482 
  xmm4=0x0000df0c0000df0c0000262800002628 xmm5=0x00007d4200007d420000ac030000ac03 
  xmm6=0x00001c3900001c3900006f1000006f10 xmm7=0x0000eb4c0000eb4c0000276400002764 

0x3018: lfence 
  rax=0x0000000000000100 rbx=0x00002f5000002f50 rcx=0x0000000000000048 rdx=0x0000000000000000
  rsi=0x0000f0f70000f0f7 rdi=0x0000e4710000e471 flags=0b000000000110
  xmm0=0x0000ac4e0000ac4e0000cd830000cd83 xmm1=0x0000359500003595000057e3000057e3 
  xmm2=0x000053dc000053dc0000c7220000c722 xmm3=0x00000b9800000b980000c4820000c482 
  xmm4=0x0000df0c0000df0c0000262800002628 xmm5=0x00007d4200007d420000ac030000ac03 
  xmm6=0x00001c3900001c3900006f1000006f10 xmm7=0x0000eb4c0000eb4c0000276400002764 

0x301b: macro .measurement_start, .noarg
  rax=0x0000000000000100 rbx=0x00002f5000002f50 rcx=0x0000000000000048 rdx=0x0000000000000000
  rsi=0x0000f0f70000f0f7 rdi=0x0000e4710000e471 flags=0b000000000110
  xmm0=0x0000ac4e0000ac4e0000cd830000cd83 xmm1=0x0000359500003595000057e3000057e3 
  xmm2=0x000053dc000053dc0000c7220000c722 xmm3=0x00000b9800000b980000c4820000c482 
  xmm4=0x0000df0c0000df0c0000262800002628 xmm5=0x00007d4200007d420000ac030000ac03 
  xmm6=0x00001c3900001c3900006f1000006f10 xmm7=0x0000eb4c0000eb4c0000276400002764 

0x3023: mov ecx, 0x48
  rax=0x0000000000000100 rbx=0x00002f5000002f50 rcx=0x0000000000000048 rdx=0x0000000000000000
  rsi=0x0000f0f70000f0f7 rdi=0x0000e4710000e471 flags=0b000000000110
  xmm0=0x0000ac4e0000ac4e0000cd830000cd83 xmm1=0x0000359500003595000057e3000057e3 
  xmm2=0x000053dc000053dc0000c7220000c722 xmm3=0x00000b9800000b980000c4820000c482 
  xmm4=0x0000df0c0000df0c0000262800002628 xmm5=0x00007d4200007d420000ac030000ac03 
  xmm6=0x00001c3900001c3900006f1000006f10 xmm7=0x0000eb4c0000eb4c0000276400002764 

0x3028: rdmsr 
  rax=0x0000000000000100 rbx=0x00002f5000002f50 rcx=0x0000000000000048 rdx=0x0000000000000000
  rsi=0x0000f0f70000f0f7 rdi=0x0000e4710000e471 flags=0b000000000110
  xmm0=0x0000ac4e0000ac4e0000cd830000cd83 xmm1=0x0000359500003595000057e3000057e3 
  xmm2=0x000053dc000053dc0000c7220000c722 xmm3=0x00000b9800000b980000c4820000c482 
  xmm4=0x0000df0c0000df0c0000262800002628 xmm5=0x00007d4200007d420000ac030000ac03 
  xmm6=0x00001c3900001c3900006f1000006f10 xmm7=0x0000eb4c0000eb4c0000276400002764 

0x302a: and eax, 0xfffffffb
  rax=0x0000000000000000 rbx=0x00002f5000002f50 rcx=0x0000000000000048 rdx=0x0000000000000000
  rsi=0x0000f0f70000f0f7 rdi=0x0000e4710000e471 flags=0b000000000110
  xmm0=0x0000ac4e0000ac4e0000cd830000cd83 xmm1=0x0000359500003595000057e3000057e3 
  xmm2=0x000053dc000053dc0000c7220000c722 xmm3=0x00000b9800000b980000c4820000c482 
  xmm4=0x0000df0c0000df0c0000262800002628 xmm5=0x00007d4200007d420000ac030000ac03 
  xmm6=0x00001c3900001c3900006f1000006f10 xmm7=0x0000eb4c0000eb4c0000276400002764 

0x302d: and eax, 0xfffffeff
  rax=0x0000000000000000 rbx=0x00002f5000002f50 rcx=0x0000000000000048 rdx=0x0000000000000000
  rsi=0x0000f0f70000f0f7 rdi=0x0000e4710000e471 flags=0b000001000110
  xmm0=0x0000ac4e0000ac4e0000cd830000cd83 xmm1=0x0000359500003595000057e3000057e3 
  xmm2=0x000053dc000053dc0000c7220000c722 xmm3=0x00000b9800000b980000c4820000c482 
  xmm4=0x0000df0c0000df0c0000262800002628 xmm5=0x00007d4200007d420000ac030000ac03 
  xmm6=0x00001c3900001c3900006f1000006f10 xmm7=0x0000eb4c0000eb4c0000276400002764 

0x3032: wrmsr 
  rax=0x0000000000000000 rbx=0x00002f5000002f50 rcx=0x0000000000000048 rdx=0x0000000000000000
  rsi=0x0000f0f70000f0f7 rdi=0x0000e4710000e471 flags=0b000001000110
  xmm0=0x0000ac4e0000ac4e0000cd830000cd83 xmm1=0x0000359500003595000057e3000057e3 
  xmm2=0x000053dc000053dc0000c7220000c722 xmm3=0x00000b9800000b980000c4820000c482 
  xmm4=0x0000df0c0000df0c0000262800002628 xmm5=0x00007d4200007d420000ac030000ac03 
  xmm6=0x00001c3900001c3900006f1000006f10 xmm7=0x0000eb4c0000eb4c0000276400002764 

0x3034: mfence 
  rax=0x0000000000000000 rbx=0x00002f5000002f50 rcx=0x0000000000000048 rdx=0x0000000000000000
  rsi=0x0000f0f70000f0f7 rdi=0x0000e4710000e471 flags=0b000001000110
  xmm0=0x0000ac4e0000ac4e0000cd830000cd83 xmm1=0x0000359500003595000057e3000057e3 
  xmm2=0x000053dc000053dc0000c7220000c722 xmm3=0x00000b9800000b980000c4820000c482 
  xmm4=0x0000df0c0000df0c0000262800002628 xmm5=0x00007d4200007d420000ac030000ac03 
  xmm6=0x00001c3900001c3900006f1000006f10 xmm7=0x0000eb4c0000eb4c0000276400002764 

0x3037: lfence 
  rax=0x0000000000000000 rbx=0x00002f5000002f50 rcx=0x0000000000000048 rdx=0x0000000000000000
  rsi=0x0000f0f70000f0f7 rdi=0x0000e4710000e471 flags=0b000001000110
  xmm0=0x0000ac4e0000ac4e0000cd830000cd83 xmm1=0x0000359500003595000057e3000057e3 
  xmm2=0x000053dc000053dc0000c7220000c722 xmm3=0x00000b9800000b980000c4820000c482 
  xmm4=0x0000df0c0000df0c0000262800002628 xmm5=0x00007d4200007d420000ac030000ac03 
  xmm6=0x00001c3900001c3900006f1000006f10 xmm7=0x0000eb4c0000eb4c0000276400002764 

0x303a: pop rdx
  rax=0x0000000000000000 rbx=0x00002f5000002f50 rcx=0x0000000000000048 rdx=0x0000000000000000
  rsi=0x0000f0f70000f0f7 rdi=0x0000e4710000e471 flags=0b000001000110
  xmm0=0x0000ac4e0000ac4e0000cd830000cd83 xmm1=0x0000359500003595000057e3000057e3 
  xmm2=0x000053dc000053dc0000c7220000c722 xmm3=0x00000b9800000b980000c4820000c482 
  xmm4=0x0000df0c0000df0c0000262800002628 xmm5=0x00007d4200007d420000ac030000ac03 
  xmm6=0x00001c3900001c3900006f1000006f10 xmm7=0x0000eb4c0000eb4c0000276400002764 

    > load from +0x4fd8 value 0x8da900008da9
0x303b: pop rcx
  rax=0x0000000000000000 rbx=0x00002f5000002f50 rcx=0x0000000000000048 rdx=0x00008da900008da9
  rsi=0x0000f0f70000f0f7 rdi=0x0000e4710000e471 flags=0b000001000110
  xmm0=0x0000ac4e0000ac4e0000cd830000cd83 xmm1=0x0000359500003595000057e3000057e3 
  xmm2=0x000053dc000053dc0000c7220000c722 xmm3=0x00000b9800000b980000c4820000c482 
  xmm4=0x0000df0c0000df0c0000262800002628 xmm5=0x00007d4200007d420000ac030000ac03 
  xmm6=0x00001c3900001c3900006f1000006f10 xmm7=0x0000eb4c0000eb4c0000276400002764 

    > load from +0x4fe0 value 0x34d1000034d1
0x303c: pop rax
  rax=0x0000000000000000 rbx=0x00002f5000002f50 rcx=0x000034d1000034d1 rdx=0x00008da900008da9
  rsi=0x0000f0f70000f0f7 rdi=0x0000e4710000e471 flags=0b000001000110
  xmm0=0x0000ac4e0000ac4e0000cd830000cd83 xmm1=0x0000359500003595000057e3000057e3 
  xmm2=0x000053dc000053dc0000c7220000c722 xmm3=0x00000b9800000b980000c4820000c482 
  xmm4=0x0000df0c0000df0c0000262800002628 xmm5=0x00007d4200007d420000ac030000ac03 
  xmm6=0x00001c3900001c3900006f1000006f10 xmm7=0x0000eb4c0000eb4c0000276400002764 

    > load from +0x4fe8 value 0xb0e90000b0e9
0x303d: popfq 
  rax=0x0000b0e90000b0e9 rbx=0x00002f5000002f50 rcx=0x000034d1000034d1 rdx=0x00008da900008da9
  rsi=0x0000f0f70000f0f7 rdi=0x0000e4710000e471 flags=0b000001000110
  xmm0=0x0000ac4e0000ac4e0000cd830000cd83 xmm1=0x0000359500003595000057e3000057e3 
  xmm2=0x000053dc000053dc0000c7220000c722 xmm3=0x00000b9800000b980000c4820000c482 
  xmm4=0x0000df0c0000df0c0000262800002628 xmm5=0x00007d4200007d420000ac030000ac03 
  xmm6=0x00001c3900001c3900006f1000006f10 xmm7=0x0000eb4c0000eb4c0000276400002764 

    > load from +0x4ff0 value 0x892
0x303e: xchg dx, ax
  rax=0x0000b0e90000b0e9 rbx=0x00002f5000002f50 rcx=0x000034d1000034d1 rdx=0x00008da900008da9
  rsi=0x0000f0f70000f0f7 rdi=0x0000e4710000e471 flags=0b100010010010
  xmm0=0x0000ac4e0000ac4e0000cd830000cd83 xmm1=0x0000359500003595000057e3000057e3 
  xmm2=0x000053dc000053dc0000c7220000c722 xmm3=0x00000b9800000b980000c4820000c482 
  xmm4=0x0000df0c0000df0c0000262800002628 xmm5=0x00007d4200007d420000ac030000ac03 
  xmm6=0x00001c3900001c3900006f1000006f10 xmm7=0x0000eb4c0000eb4c0000276400002764 

0x3040: neg rdx
  rax=0x0000b0e900008da9 rbx=0x00002f5000002f50 rcx=0x000034d1000034d1 rdx=0x00008da90000b0e9
  rsi=0x0000f0f70000f0f7 rdi=0x0000e4710000e471 flags=0b100010010010
  xmm0=0x0000ac4e0000ac4e0000cd830000cd83 xmm1=0x0000359500003595000057e3000057e3 
  xmm2=0x000053dc000053dc0000c7220000c722 xmm3=0x00000b9800000b980000c4820000c482 
  xmm4=0x0000df0c0000df0c0000262800002628 xmm5=0x00007d4200007d420000ac030000ac03 
  xmm6=0x00001c3900001c3900006f1000006f10 xmm7=0x0000eb4c0000eb4c0000276400002764 

0x3043: and rsi, 0b1111111111111
  rax=0x0000b0e900008da9 rbx=0x00002f5000002f50 rcx=0x000034d1000034d1 rdx=0xffff7256ffff4f17
  rsi=0x0000f0f70000f0f7 rdi=0x0000e4710000e471 flags=0b000010010111
  xmm0=0x0000ac4e0000ac4e0000cd830000cd83 xmm1=0x0000359500003595000057e3000057e3 
  xmm2=0x000053dc000053dc0000c7220000c722 xmm3=0x00000b9800000b980000c4820000c482 
  xmm4=0x0000df0c0000df0c0000262800002628 xmm5=0x00007d4200007d420000ac030000ac03 
  xmm6=0x00001c3900001c3900006f1000006f10 xmm7=0x0000eb4c0000eb4c0000276400002764 

0x304a: test [r14 +rsi], 261601762
  rax=0x0000b0e900008da9 rbx=0x00002f5000002f50 rcx=0x000034d1000034d1 rdx=0xffff7256ffff4f17
  rsi=0x00000000000010f7 rdi=0x0000e4710000e471 flags=0b000000000010
  xmm0=0x0000ac4e0000ac4e0000cd830000cd83 xmm1=0x0000359500003595000057e3000057e3 
  xmm2=0x000053dc000053dc0000c7220000c722 xmm3=0x00000b9800000b980000c4820000c482 
  xmm4=0x0000df0c0000df0c0000262800002628 xmm5=0x00007d4200007d420000ac030000ac03 
  xmm6=0x00001c3900001c3900006f1000006f10 xmm7=0x0000eb4c0000eb4c0000276400002764 

    > load from +0x50f7 value 0xbc820000bc8200
0x3052: and rdi, 0b1111111111111
  rax=0x0000b0e900008da9 rbx=0x00002f5000002f50 rcx=0x000034d1000034d1 rdx=0xffff7256ffff4f17
  rsi=0x00000000000010f7 rdi=0x0000e4710000e471 flags=0b000000000110
  xmm0=0x0000ac4e0000ac4e0000cd830000cd83 xmm1=0x0000359500003595000057e3000057e3 
  xmm2=0x000053dc000053dc0000c7220000c722 xmm3=0x00000b9800000b980000c4820000c482 
  xmm4=0x0000df0c0000df0c0000262800002628 xmm5=0x00007d4200007d420000ac030000ac03 
  xmm6=0x00001c3900001c3900006f1000006f10 xmm7=0x0000eb4c0000eb4c0000276400002764 

0x3059: imul [r14 +rdi]
  rax=0x0000b0e900008da9 rbx=0x00002f5000002f50 rcx=0x000034d1000034d1 rdx=0xffff7256ffff4f17
  rsi=0x00000000000010f7 rdi=0x0000000000000471 flags=0b000000000110
  xmm0=0x0000ac4e0000ac4e0000cd830000cd83 xmm1=0x0000359500003595000057e3000057e3 
  xmm2=0x000053dc000053dc0000c7220000c722 xmm3=0x00000b9800000b980000c4820000c482 
  xmm4=0x0000df0c0000df0c0000262800002628 xmm5=0x00007d4200007d420000ac030000ac03 
  xmm6=0x00001c3900001c3900006f1000006f10 xmm7=0x0000eb4c0000eb4c0000276400002764 

    > load from +0x4471 value 0xf4
0x305d: and rdx, 0b1111111111111
  rax=0x0000b0e900000414 rbx=0x00002f5000002f50 rcx=0x000034d1000034d1 rdx=0xffff7256ffff4f17
  rsi=0x00000000000010f7 rdi=0x0000000000000471 flags=0b100000000111
  xmm0=0x0000ac4e0000ac4e0000cd830000cd83 xmm1=0x0000359500003595000057e3000057e3 
  xmm2=0x000053dc000053dc0000c7220000c722 xmm3=0x00000b9800000b980000c4820000c482 
  xmm4=0x0000df0c0000df0c0000262800002628 xmm5=0x00007d4200007d420000ac030000ac03 
  xmm6=0x00001c3900001c3900006f1000006f10 xmm7=0x0000eb4c0000eb4c0000276400002764 

0x3064: or [r14 +rdx], 0b1000
  rax=0x0000b0e900000414 rbx=0x00002f5000002f50 rcx=0x000034d1000034d1 rdx=0x0000000000000f17
  rsi=0x00000000000010f7 rdi=0x0000000000000471 flags=0b000000000110
  xmm0=0x0000ac4e0000ac4e0000cd830000cd83 xmm1=0x0000359500003595000057e3000057e3 
  xmm2=0x000053dc000053dc0000c7220000c722 xmm3=0x00000b9800000b980000c4820000c482 
  xmm4=0x0000df0c0000df0c0000262800002628 xmm5=0x00007d4200007d420000ac030000ac03 
  xmm6=0x00001c3900001c3900006f1000006f10 xmm7=0x0000eb4c0000eb4c0000276400002764 

    > load from +0x4f17 value 0x2d00
    > store to +0x4f17 value 0x2d08
0x306a: and [r14 +rdx], 0b11111000
  rax=0x0000b0e900000414 rbx=0x00002f5000002f50 rcx=0x000034d1000034d1 rdx=0x0000000000000f17
  rsi=0x00000000000010f7 rdi=0x0000000000000471 flags=0b000000000010
  xmm0=0x0000ac4e0000ac4e0000cd830000cd83 xmm1=0x0000359500003595000057e3000057e3 
  xmm2=0x000053dc000053dc0000c7220000c722 xmm3=0x00000b9800000b980000c4820000c482 
  xmm4=0x0000df0c0000df0c0000262800002628 xmm5=0x00007d4200007d420000ac030000ac03 
  xmm6=0x00001c3900001c3900006f1000006f10 xmm7=0x0000eb4c0000eb4c0000276400002764 

    > load from +0x4f17 value 0x8
    > store to +0x4f17 value 0x8
0x306f: add sil, 33
  rax=0x0000b0e900000414 rbx=0x00002f5000002f50 rcx=0x000034d1000034d1 rdx=0x0000000000000f17
  rsi=0x00000000000010f7 rdi=0x0000000000000471 flags=0b000000000010
  xmm0=0x0000ac4e0000ac4e0000cd830000cd83 xmm1=0x0000359500003595000057e3000057e3 
  xmm2=0x000053dc000053dc0000c7220000c722 xmm3=0x00000b9800000b980000c4820000c482 
  xmm4=0x0000df0c0000df0c0000262800002628 xmm5=0x00007d4200007d420000ac030000ac03 
  xmm6=0x00001c3900001c3900006f1000006f10 xmm7=0x0000eb4c0000eb4c0000276400002764 

0x3073: adc sil, -13
  rax=0x0000b0e900000414 rbx=0x00002f5000002f50 rcx=0x000034d1000034d1 rdx=0x0000000000000f17
  rsi=0x0000000000001018 rdi=0x0000000000000471 flags=0b000000000111
  xmm0=0x0000ac4e0000ac4e0000cd830000cd83 xmm1=0x0000359500003595000057e3000057e3 
  xmm2=0x000053dc000053dc0000c7220000c722 xmm3=0x00000b9800000b980000c4820000c482 
  xmm4=0x0000df0c0000df0c0000262800002628 xmm5=0x00007d4200007d420000ac030000ac03 
  xmm6=0x00001c3900001c3900006f1000006f10 xmm7=0x0000eb4c0000eb4c0000276400002764 

0x3077: and rcx, 0b1111111111111
  rax=0x0000b0e900000414 rbx=0x00002f5000002f50 rcx=0x000034d1000034d1 rdx=0x0000000000000f17
  rsi=0x000000000000100c rdi=0x0000000000000471 flags=0b000000000111
  xmm0=0x0000ac4e0000ac4e0000cd830000cd83 xmm1=0x0000359500003595000057e3000057e3 
  xmm2=0x000053dc000053dc0000c7220000c722 xmm3=0x00000b9800000b980000c4820000c482 
  xmm4=0x0000df0c0000df0c0000262800002628 xmm5=0x00007d4200007d420000ac030000ac03 
  xmm6=0x00001c3900001c3900006f1000006f10 xmm7=0x0000eb4c0000eb4c0000276400002764 

0x307e: sbb cl, [r14 +rcx]
  rax=0x0000b0e900000414 rbx=0x00002f5000002f50 rcx=0x00000000000014d1 rdx=0x0000000000000f17
  rsi=0x000000000000100c rdi=0x0000000000000471 flags=0b000000000110
  xmm0=0x0000ac4e0000ac4e0000cd830000cd83 xmm1=0x0000359500003595000057e3000057e3 
  xmm2=0x000053dc000053dc0000c7220000c722 xmm3=0x00000b9800000b980000c4820000c482 
  xmm4=0x0000df0c0000df0c0000262800002628 xmm5=0x00007d4200007d420000ac030000ac03 
  xmm6=0x00001c3900001c3900006f1000006f10 xmm7=0x0000eb4c0000eb4c0000276400002764 

    > load from +0x54d1 value 0xc
0x3082: and rdi, 0b1111111111111
  rax=0x0000b0e900000414 rbx=0x00002f5000002f50 rcx=0x00000000000014c5 rdx=0x0000000000000f17
  rsi=0x000000000000100c rdi=0x0000000000000471 flags=0b000010010110
  xmm0=0x0000ac4e0000ac4e0000cd830000cd83 xmm1=0x0000359500003595000057e3000057e3 
  xmm2=0x000053dc000053dc0000c7220000c722 xmm3=0x00000b9800000b980000c4820000c482 
  xmm4=0x0000df0c0000df0c0000262800002628 xmm5=0x00007d4200007d420000ac030000ac03 
  xmm6=0x00001c3900001c3900006f1000006f10 xmm7=0x0000eb4c0000eb4c0000276400002764 

0x3089: movzx dx, [r14 +rdi]
  rax=0x0000b0e900000414 rbx=0x00002f5000002f50 rcx=0x00000000000014c5 rdx=0x0000000000000f17
  rsi=0x000000000000100c rdi=0x0000000000000471 flags=0b000000000110
  xmm0=0x0000ac4e0000ac4e0000cd830000cd83 xmm1=0x0000359500003595000057e3000057e3 
  xmm2=0x000053dc000053dc0000c7220000c722 xmm3=0x00000b9800000b980000c4820000c482 
  xmm4=0x0000df0c0000df0c0000262800002628 xmm5=0x00007d4200007d420000ac030000ac03 
  xmm6=0x00001c3900001c3900006f1000006f10 xmm7=0x0000eb4c0000eb4c0000276400002764 

    > load from +0x4471 value 0xf4
0x308f: and rcx, 0b1111111111111
  rax=0x0000b0e900000414 rbx=0x00002f5000002f50 rcx=0x00000000000014c5 rdx=0x00000000000000f4
  rsi=0x000000000000100c rdi=0x0000000000000471 flags=0b000000000110
  xmm0=0x0000ac4e0000ac4e0000cd830000cd83 xmm1=0x0000359500003595000057e3000057e3 
  xmm2=0x000053dc000053dc0000c7220000c722 xmm3=0x00000b9800000b980000c4820000c482 
  xmm4=0x0000df0c0000df0c0000262800002628 xmm5=0x00007d4200007d420000ac030000ac03 
  xmm6=0x00001c3900001c3900006f1000006f10 xmm7=0x0000eb4c0000eb4c0000276400002764 

0x3096: cmovs edi, [r14 +rcx]
  rax=0x0000b0e900000414 rbx=0x00002f5000002f50 rcx=0x00000000000014c5 rdx=0x00000000000000f4
  rsi=0x000000000000100c rdi=0x0000000000000471 flags=0b000000000110
  xmm0=0x0000ac4e0000ac4e0000cd830000cd83 xmm1=0x0000359500003595000057e3000057e3 
  xmm2=0x000053dc000053dc0000c7220000c722 xmm3=0x00000b9800000b980000c4820000c482 
  xmm4=0x0000df0c0000df0c0000262800002628 xmm5=0x00007d4200007d420000ac030000ac03 
  xmm6=0x00001c3900001c3900006f1000006f10 xmm7=0x0000eb4c0000eb4c0000276400002764 

    > load from +0x54c5 value 0x12000097
0x309b: cbw 
  rax=0x0000b0e900000414 rbx=0x00002f5000002f50 rcx=0x00000000000014c5 rdx=0x00000000000000f4
  rsi=0x000000000000100c rdi=0x0000000000000471 flags=0b000000000110
  xmm0=0x0000ac4e0000ac4e0000cd830000cd83 xmm1=0x0000359500003595000057e3000057e3 
  xmm2=0x000053dc000053dc0000c7220000c722 xmm3=0x00000b9800000b980000c4820000c482 
  xmm4=0x0000df0c0000df0c0000262800002628 xmm5=0x00007d4200007d420000ac030000ac03 
  xmm6=0x00001c3900001c3900006f1000006f10 xmm7=0x0000eb4c0000eb4c0000276400002764 

0x309d: and rdi, 0b1111111111111
  rax=0x0000b0e900000014 rbx=0x00002f5000002f50 rcx=0x00000000000014c5 rdx=0x00000000000000f4
  rsi=0x000000000000100c rdi=0x0000000000000471 flags=0b000000000110
  xmm0=0x0000ac4e0000ac4e0000cd830000cd83 xmm1=0x0000359500003595000057e3000057e3 
  xmm2=0x000053dc000053dc0000c7220000c722 xmm3=0x00000b9800000b980000c4820000c482 
  xmm4=0x0000df0c0000df0c0000262800002628 xmm5=0x00007d4200007d420000ac030000ac03 
  xmm6=0x00001c3900001c3900006f1000006f10 xmm7=0x0000eb4c0000eb4c0000276400002764 

0x30a4: xor dl, [r14 +rdi]
  rax=0x0000b0e900000014 rbx=0x00002f5000002f50 rcx=0x00000000000014c5 rdx=0x00000000000000f4
  rsi=0x000000000000100c rdi=0x0000000000000471 flags=0b000000000110
  xmm0=0x0000ac4e0000ac4e0000cd830000cd83 xmm1=0x0000359500003595000057e3000057e3 
  xmm2=0x000053dc000053dc0000c7220000c722 xmm3=0x00000b9800000b980000c4820000c482 
  xmm4=0x0000df0c0000df0c0000262800002628 xmm5=0x00007d4200007d420000ac030000ac03 
  xmm6=0x00001c3900001c3900006f1000006f10 xmm7=0x0000eb4c0000eb4c0000276400002764 

    > load from +0x4471 value 0xf4
0x30a8: cmovnz rdi, rdi
  rax=0x0000b0e900000014 rbx=0x00002f5000002f50 rcx=0x00000000000014c5 rdx=0x0000000000000000
  rsi=0x000000000000100c rdi=0x0000000000000471 flags=0b000001000110
  xmm0=0x0000ac4e0000ac4e0000cd830000cd83 xmm1=0x0000359500003595000057e3000057e3 
  xmm2=0x000053dc000053dc0000c7220000c722 xmm3=0x00000b9800000b980000c4820000c482 
  xmm4=0x0000df0c0000df0c0000262800002628 xmm5=0x00007d4200007d420000ac030000ac03 
  xmm6=0x00001c3900001c3900006f1000006f10 xmm7=0x0000eb4c0000eb4c0000276400002764 

0x30ac: or edx, -96
  rax=0x0000b0e900000014 rbx=0x00002f5000002f50 rcx=0x00000000000014c5 rdx=0x0000000000000000
  rsi=0x000000000000100c rdi=0x0000000000000471 flags=0b000001000110
  xmm0=0x0000ac4e0000ac4e0000cd830000cd83 xmm1=0x0000359500003595000057e3000057e3 
  xmm2=0x000053dc000053dc0000c7220000c722 xmm3=0x00000b9800000b980000c4820000c482 
  xmm4=0x0000df0c0000df0c0000262800002628 xmm5=0x00007d4200007d420000ac030000ac03 
  xmm6=0x00001c3900001c3900006f1000006f10 xmm7=0x0000eb4c0000eb4c0000276400002764 

0x30af: add bx, cx
  rax=0x0000b0e900000014 rbx=0x00002f5000002f50 rcx=0x00000000000014c5 rdx=0x00000000ffffffa0
  rsi=0x000000000000100c rdi=0x0000000000000471 flags=0b000010000110
  xmm0=0x0000ac4e0000ac4e0000cd830000cd83 xmm1=0x0000359500003595000057e3000057e3 
  xmm2=0x000053dc000053dc0000c7220000c722 xmm3=0x00000b9800000b980000c4820000c482 
  xmm4=0x0000df0c0000df0c0000262800002628 xmm5=0x00007d4200007d420000ac030000ac03 
  xmm6=0x00001c3900001c3900006f1000006f10 xmm7=0x0000eb4c0000eb4c0000276400002764 

0x30b2: xchg rdi, rcx
  rax=0x0000b0e900000014 rbx=0x00002f5000004415 rcx=0x00000000000014c5 rdx=0x00000000ffffffa0
  rsi=0x000000000000100c rdi=0x0000000000000471 flags=0b000000000010
  xmm0=0x0000ac4e0000ac4e0000cd830000cd83 xmm1=0x0000359500003595000057e3000057e3 
  xmm2=0x000053dc000053dc0000c7220000c722 xmm3=0x00000b9800000b980000c4820000c482 
  xmm4=0x0000df0c0000df0c0000262800002628 xmm5=0x00007d4200007d420000ac030000ac03 
  xmm6=0x00001c3900001c3900006f1000006f10 xmm7=0x0000eb4c0000eb4c0000276400002764 

0x30b5: and rdi, 0b1111111111111
  rax=0x0000b0e900000014 rbx=0x00002f5000004415 rcx=0x0000000000000471 rdx=0x00000000ffffffa0
  rsi=0x000000000000100c rdi=0x00000000000014c5 flags=0b000000000010
  xmm0=0x0000ac4e0000ac4e0000cd830000cd83 xmm1=0x0000359500003595000057e3000057e3 
  xmm2=0x000053dc000053dc0000c7220000c722 xmm3=0x00000b9800000b980000c4820000c482 
  xmm4=0x0000df0c0000df0c0000262800002628 xmm5=0x00007d4200007d420000ac030000ac03 
  xmm6=0x00001c3900001c3900006f1000006f10 xmm7=0x0000eb4c0000eb4c0000276400002764 

0x30bc: or rax, [r14 +rdi]
  rax=0x0000b0e900000014 rbx=0x00002f5000004415 rcx=0x0000000000000471 rdx=0x00000000ffffffa0
  rsi=0x000000000000100c rdi=0x00000000000014c5 flags=0b000000000110
  xmm0=0x0000ac4e0000ac4e0000cd830000cd83 xmm1=0x0000359500003595000057e3000057e3 
  xmm2=0x000053dc000053dc0000c7220000c722 xmm3=0x00000b9800000b980000c4820000c482 
  xmm4=0x0000df0c0000df0c0000262800002628 xmm5=0x00007d4200007d420000ac030000ac03 
  xmm6=0x00001c3900001c3900006f1000006f10 xmm7=0x0000eb4c0000eb4c0000276400002764 

    > load from +0x54c5 value 0x1200008b12000097
0x30c0: setbe al
  rax=0x1200b0eb12000097 rbx=0x00002f5000004415 rcx=0x0000000000000471 rdx=0x00000000ffffffa0
  rsi=0x000000000000100c rdi=0x00000000000014c5 flags=0b000000000010
  xmm0=0x0000ac4e0000ac4e0000cd830000cd83 xmm1=0x0000359500003595000057e3000057e3 
  xmm2=0x000053dc000053dc0000c7220000c722 xmm3=0x00000b9800000b980000c4820000c482 
  xmm4=0x0000df0c0000df0c0000262800002628 xmm5=0x00007d4200007d420000ac030000ac03 
  xmm6=0x00001c3900001c3900006f1000006f10 xmm7=0x0000eb4c0000eb4c0000276400002764 

0x30c3: and rsi, 0b1111111111111
  rax=0x1200b0eb12000000 rbx=0x00002f5000004415 rcx=0x0000000000000471 rdx=0x00000000ffffffa0
  rsi=0x000000000000100c rdi=0x00000000000014c5 flags=0b000000000010
  xmm0=0x0000ac4e0000ac4e0000cd830000cd83 xmm1=0x0000359500003595000057e3000057e3 
  xmm2=0x000053dc000053dc0000c7220000c722 xmm3=0x00000b9800000b980000c4820000c482 
  xmm4=0x0000df0c0000df0c0000262800002628 xmm5=0x00007d4200007d420000ac030000ac03 
  xmm6=0x00001c3900001c3900006f1000006f10 xmm7=0x0000eb4c0000eb4c0000276400002764 

0x30ca: or dl, [r14 +rsi]
  rax=0x1200b0eb12000000 rbx=0x00002f5000004415 rcx=0x0000000000000471 rdx=0x00000000ffffffa0
  rsi=0x000000000000100c rdi=0x00000000000014c5 flags=0b000000000110
  xmm0=0x0000ac4e0000ac4e0000cd830000cd83 xmm1=0x0000359500003595000057e3000057e3 
  xmm2=0x000053dc000053dc0000c7220000c722 xmm3=0x00000b9800000b980000c4820000c482 
  xmm4=0x0000df0c0000df0c0000262800002628 xmm5=0x00007d4200007d420000ac030000ac03 
  xmm6=0x00001c3900001c3900006f1000006f10 xmm7=0x0000eb4c0000eb4c0000276400002764 

    > load from +0x500c value 0x2f
0x30ce: and rsi, 0b1111111111111
  rax=0x1200b0eb12000000 rbx=0x00002f5000004415 rcx=0x0000000000000471 rdx=0x00000000ffffffaf
  rsi=0x000000000000100c rdi=0x00000000000014c5 flags=0b000010000110
  xmm0=0x0000ac4e0000ac4e0000cd830000cd83 xmm1=0x0000359500003595000057e3000057e3 
  xmm2=0x000053dc000053dc0000c7220000c722 xmm3=0x00000b9800000b980000c4820000c482 
  xmm4=0x0000df0c0000df0c0000262800002628 xmm5=0x00007d4200007d420000ac030000ac03 
  xmm6=0x00001c3900001c3900006f1000006f10 xmm7=0x0000eb4c0000eb4c0000276400002764 

0x30d5: or [r14 +rsi], 1
  rax=0x1200b0eb12000000 rbx=0x00002f5000004415 rcx=0x0000000000000471 rdx=0x00000000ffffffaf
  rsi=0x000000000000100c rdi=0x00000000000014c5 flags=0b000000000110
  xmm0=0x0000ac4e0000ac4e0000cd830000cd83 xmm1=0x0000359500003595000057e3000057e3 
  xmm2=0x000053dc000053dc0000c7220000c722 xmm3=0x00000b9800000b980000c4820000c482 
  xmm4=0x0000df0c0000df0c0000262800002628 xmm5=0x00007d4200007d420000ac030000ac03 
  xmm6=0x00001c3900001c3900006f1000006f10 xmm7=0x0000eb4c0000eb4c0000276400002764 

    > load from +0x500c value 0x662f
    > store to +0x500c value 0x662f
0x30da: and edx, [r14 +rsi]
  rax=0x1200b0eb12000000 rbx=0x00002f5000004415 rcx=0x0000000000000471 rdx=0x00000000ffffffaf
  rsi=0x000000000000100c rdi=0x00000000000014c5 flags=0b000000000010
  xmm0=0x0000ac4e0000ac4e0000cd830000cd83 xmm1=0x0000359500003595000057e3000057e3 
  xmm2=0x000053dc000053dc0000c7220000c722 xmm3=0x00000b9800000b980000c4820000c482 
  xmm4=0x0000df0c0000df0c0000262800002628 xmm5=0x00007d4200007d420000ac030000ac03 
  xmm6=0x00001c3900001c3900006f1000006f10 xmm7=0x0000eb4c0000eb4c0000276400002764 

    > load from +0x500c value 0x662f
0x30de: shr edx, 1
  rax=0x1200b0eb12000000 rbx=0x00002f5000004415 rcx=0x0000000000000471 rdx=0x000000000000662f
  rsi=0x000000000000100c rdi=0x00000000000014c5 flags=0b000000000010
  xmm0=0x0000ac4e0000ac4e0000cd830000cd83 xmm1=0x0000359500003595000057e3000057e3 
  xmm2=0x000053dc000053dc0000c7220000c722 xmm3=0x00000b9800000b980000c4820000c482 
  xmm4=0x0000df0c0000df0c0000262800002628 xmm5=0x00007d4200007d420000ac030000ac03 
  xmm6=0x00001c3900001c3900006f1000006f10 xmm7=0x0000eb4c0000eb4c0000276400002764 

0x30e0: div [r14 +rsi]
  rax=0x1200b0eb12000000 rbx=0x00002f5000004415 rcx=0x0000000000000471 rdx=0x0000000000003317
  rsi=0x000000000000100c rdi=0x00000000000014c5 flags=0b000000000111
  xmm0=0x0000ac4e0000ac4e0000cd830000cd83 xmm1=0x0000359500003595000057e3000057e3 
  xmm2=0x000053dc000053dc0000c7220000c722 xmm3=0x00000b9800000b980000c4820000c482 
  xmm4=0x0000df0c0000df0c0000262800002628 xmm5=0x00007d4200007d420000ac030000ac03 
  xmm6=0x00001c3900001c3900006f1000006f10 xmm7=0x0000eb4c0000eb4c0000276400002764 

    > load from +0x500c value 0x662f
0x30e4: add dil, -55
  rax=0x000000007ffeec6a rbx=0x00002f5000004415 rcx=0x0000000000000471 rdx=0x0000000000005c8a
  rsi=0x000000000000100c rdi=0x00000000000014c5 flags=0b000000000111
  xmm0=0x0000ac4e0000ac4e0000cd830000cd83 xmm1=0x0000359500003595000057e3000057e3 
  xmm2=0x000053dc000053dc0000c7220000c722 xmm3=0x00000b9800000b980000c4820000c482 
  xmm4=0x0000df0c0000df0c0000262800002628 xmm5=0x00007d4200007d420000ac030000ac03 
  xmm6=0x00001c3900001c3900006f1000006f10 xmm7=0x0000eb4c0000eb4c0000276400002764 

0x30e8: and rax, 0b1111111111111
  rax=0x000000007ffeec6a rbx=0x00002f5000004415 rcx=0x0000000000000471 rdx=0x0000000000005c8a
  rsi=0x000000000000100c rdi=0x000000000000148e flags=0b000010000111
  xmm0=0x0000ac4e0000ac4e0000cd830000cd83 xmm1=0x0000359500003595000057e3000057e3 
  xmm2=0x000053dc000053dc0000c7220000c722 xmm3=0x00000b9800000b980000c4820000c482 
  xmm4=0x0000df0c0000df0c0000262800002628 xmm5=0x00007d4200007d420000ac030000ac03 
  xmm6=0x00001c3900001c3900006f1000006f10 xmm7=0x0000eb4c0000eb4c0000276400002764 

0x30ee: nop [r14 +rax]
  rax=0x0000000000000c6a rbx=0x00002f5000004415 rcx=0x0000000000000471 rdx=0x0000000000005c8a
  rsi=0x000000000000100c rdi=0x000000000000148e flags=0b000000000110
  xmm0=0x0000ac4e0000ac4e0000cd830000cd83 xmm1=0x0000359500003595000057e3000057e3 
  xmm2=0x000053dc000053dc0000c7220000c722 xmm3=0x00000b9800000b980000c4820000c482 
  xmm4=0x0000df0c0000df0c0000262800002628 xmm5=0x00007d4200007d420000ac030000ac03 
  xmm6=0x00001c3900001c3900006f1000006f10 xmm7=0x0000eb4c0000eb4c0000276400002764 

0x30f4: and rax, 0b1111111111111
  rax=0x0000000000000c6a rbx=0x00002f5000004415 rcx=0x0000000000000471 rdx=0x0000000000005c8a
  rsi=0x000000000000100c rdi=0x000000000000148e flags=0b000000000110
  xmm0=0x0000ac4e0000ac4e0000cd830000cd83 xmm1=0x0000359500003595000057e3000057e3 
  xmm2=0x000053dc000053dc0000c7220000c722 xmm3=0x00000b9800000b980000c4820000c482 
  xmm4=0x0000df0c0000df0c0000262800002628 xmm5=0x00007d4200007d420000ac030000ac03 
  xmm6=0x00001c3900001c3900006f1000006f10 xmm7=0x0000eb4c0000eb4c0000276400002764 

0x30fa: cmovnl rdx, [r14 +rax]
  rax=0x0000000000000c6a rbx=0x00002f5000004415 rcx=0x0000000000000471 rdx=0x0000000000005c8a
  rsi=0x000000000000100c rdi=0x000000000000148e flags=0b000000000110
  xmm0=0x0000ac4e0000ac4e0000cd830000cd83 xmm1=0x0000359500003595000057e3000057e3 
  xmm2=0x000053dc000053dc0000c7220000c722 xmm3=0x00000b9800000b980000c4820000c482 
  xmm4=0x0000df0c0000df0c0000262800002628 xmm5=0x00007d4200007d420000ac030000ac03 
  xmm6=0x00001c3900001c3900006f1000006f10 xmm7=0x0000eb4c0000eb4c0000276400002764 

    > load from +0x4c6a value 0x428c0000279c0000
0x30ff: test rbx, rdx
  rax=0x0000000000000c6a rbx=0x00002f5000004415 rcx=0x0000000000000471 rdx=0x428c0000279c0000
  rsi=0x000000000000100c rdi=0x000000000000148e flags=0b000000000110
  xmm0=0x0000ac4e0000ac4e0000cd830000cd83 xmm1=0x0000359500003595000057e3000057e3 
  xmm2=0x000053dc000053dc0000c7220000c722 xmm3=0x00000b9800000b980000c4820000c482 
  xmm4=0x0000df0c0000df0c0000262800002628 xmm5=0x00007d4200007d420000ac030000ac03 
  xmm6=0x00001c3900001c3900006f1000006f10 xmm7=0x0000eb4c0000eb4c0000276400002764 

0x3102: and rdx, 0b1111111111111
  rax=0x0000000000000c6a rbx=0x00002f5000004415 rcx=0x0000000000000471 rdx=0x428c0000279c0000
  rsi=0x000000000000100c rdi=0x000000000000148e flags=0b000001000110
  xmm0=0x0000ac4e0000ac4e0000cd830000cd83 xmm1=0x0000359500003595000057e3000057e3 
  xmm2=0x000053dc000053dc0000c7220000c722 xmm3=0x00000b9800000b980000c4820000c482 
  xmm4=0x0000df0c0000df0c0000262800002628 xmm5=0x00007d4200007d420000ac030000ac03 
  xmm6=0x00001c3900001c3900006f1000006f10 xmm7=0x0000eb4c0000eb4c0000276400002764 

0x3109: or [r14 +rdx], 1
  rax=0x0000000000000c6a rbx=0x00002f5000004415 rcx=0x0000000000000471 rdx=0x0000000000000000
  rsi=0x000000000000100c rdi=0x000000000000148e flags=0b000001000110
  xmm0=0x0000ac4e0000ac4e0000cd830000cd83 xmm1=0x0000359500003595000057e3000057e3 
  xmm2=0x000053dc000053dc0000c7220000c722 xmm3=0x00000b9800000b980000c4820000c482 
  xmm4=0x0000df0c0000df0c0000262800002628 xmm5=0x00007d4200007d420000ac030000ac03 
  xmm6=0x00001c3900001c3900006f1000006f10 xmm7=0x0000eb4c0000eb4c0000276400002764 

    > load from +0x4000 value 0xdf
    > store to +0x4000 value 0xdf
0x310e: lea cx, rsi +rbx
  rax=0x0000000000000c6a rbx=0x00002f5000004415 rcx=0x0000000000000471 rdx=0x0000000000000000
  rsi=0x000000000000100c rdi=0x000000000000148e flags=0b000010000010
  xmm0=0x0000ac4e0000ac4e0000cd830000cd83 xmm1=0x0000359500003595000057e3000057e3 
  xmm2=0x000053dc000053dc0000c7220000c722 xmm3=0x00000b9800000b980000c4820000c482 
  xmm4=0x0000df0c0000df0c0000262800002628 xmm5=0x00007d4200007d420000ac030000ac03 
  xmm6=0x00001c3900001c3900006f1000006f10 xmm7=0x0000eb4c0000eb4c0000276400002764 

0x3112: cmp cl, dil
  rax=0x0000000000000c6a rbx=0x00002f5000004415 rcx=0x0000000000005421 rdx=0x0000000000000000
  rsi=0x000000000000100c rdi=0x000000000000148e flags=0b000010000010
  xmm0=0x0000ac4e0000ac4e0000cd830000cd83 xmm1=0x0000359500003595000057e3000057e3 
  xmm2=0x000053dc000053dc0000c7220000c722 xmm3=0x00000b9800000b980000c4820000c482 
  xmm4=0x0000df0c0000df0c0000262800002628 xmm5=0x00007d4200007d420000ac030000ac03 
  xmm6=0x00001c3900001c3900006f1000006f10 xmm7=0x0000eb4c0000eb4c0000276400002764 

0x3115: imul si, dx, 7
  rax=0x0000000000000c6a rbx=0x00002f5000004415 rcx=0x0000000000005421 rdx=0x0000000000000000
  rsi=0x000000000000100c rdi=0x000000000000148e flags=0b100010010111
  xmm0=0x0000ac4e0000ac4e0000cd830000cd83 xmm1=0x0000359500003595000057e3000057e3 
  xmm2=0x000053dc000053dc0000c7220000c722 xmm3=0x00000b9800000b980000c4820000c482 
  xmm4=0x0000df0c0000df0c0000262800002628 xmm5=0x00007d4200007d420000ac030000ac03 
  xmm6=0x00001c3900001c3900006f1000006f10 xmm7=0x0000eb4c0000eb4c0000276400002764 

0x3119: and rdi, 0b1111111111111
  rax=0x0000000000000c6a rbx=0x00002f5000004415 rcx=0x0000000000005421 rdx=0x0000000000000000
  rsi=0x0000000000000000 rdi=0x000000000000148e flags=0b000001000110
  xmm0=0x0000ac4e0000ac4e0000cd830000cd83 xmm1=0x0000359500003595000057e3000057e3 
  xmm2=0x000053dc000053dc0000c7220000c722 xmm3=0x00000b9800000b980000c4820000c482 
  xmm4=0x0000df0c0000df0c0000262800002628 xmm5=0x00007d4200007d420000ac030000ac03 
  xmm6=0x00001c3900001c3900006f1000006f10 xmm7=0x0000eb4c0000eb4c0000276400002764 

0x3120: sub dx, [r14 +rdi]
  rax=0x0000000000000c6a rbx=0x00002f5000004415 rcx=0x0000000000005421 rdx=0x0000000000000000
  rsi=0x0000000000000000 rdi=0x000000000000148e flags=0b000000000110
  xmm0=0x0000ac4e0000ac4e0000cd830000cd83 xmm1=0x0000359500003595000057e3000057e3 
  xmm2=0x000053dc000053dc0000c7220000c722 xmm3=0x00000b9800000b980000c4820000c482 
  xmm4=0x0000df0c0000df0c0000262800002628 xmm5=0x00007d4200007d420000ac030000ac03 
  xmm6=0x00001c3900001c3900006f1000006f10 xmm7=0x0000eb4c0000eb4c0000276400002764 

    > load from +0x548e value 0x0
0x3125: and rdi, 0b1111111111111
  rax=0x0000000000000c6a rbx=0x00002f5000004415 rcx=0x0000000000005421 rdx=0x0000000000000000
  rsi=0x0000000000000000 rdi=0x000000000000148e flags=0b000001000110
  xmm0=0x0000ac4e0000ac4e0000cd830000cd83 xmm1=0x0000359500003595000057e3000057e3 
  xmm2=0x000053dc000053dc0000c7220000c722 xmm3=0x00000b9800000b980000c4820000c482 
  xmm4=0x0000df0c0000df0c0000262800002628 xmm5=0x00007d4200007d420000ac030000ac03 
  xmm6=0x00001c3900001c3900006f1000006f10 xmm7=0x0000eb4c0000eb4c0000276400002764 

0x312c: adc rax, [r14 +rdi]
  rax=0x0000000000000c6a rbx=0x00002f5000004415 rcx=0x0000000000005421 rdx=0x0000000000000000
  rsi=0x0000000000000000 rdi=0x000000000000148e flags=0b000000000110
  xmm0=0x0000ac4e0000ac4e0000cd830000cd83 xmm1=0x0000359500003595000057e3000057e3 
  xmm2=0x000053dc000053dc0000c7220000c722 xmm3=0x00000b9800000b980000c4820000c482 
  xmm4=0x0000df0c0000df0c0000262800002628 xmm5=0x00007d4200007d420000ac030000ac03 
  xmm6=0x00001c3900001c3900006f1000006f10 xmm7=0x0000eb4c0000eb4c0000276400002764 

    > load from +0x548e value 0xef5a0000ef5a0000
0x3130: setle dl
  rax=0xef5a0000ef5a0c6a rbx=0x00002f5000004415 rcx=0x0000000000005421 rdx=0x0000000000000000
  rsi=0x0000000000000000 rdi=0x000000000000148e flags=0b000010000110
  xmm0=0x0000ac4e0000ac4e0000cd830000cd83 xmm1=0x0000359500003595000057e3000057e3 
  xmm2=0x000053dc000053dc0000c7220000c722 xmm3=0x00000b9800000b980000c4820000c482 
  xmm4=0x0000df0c0000df0c0000262800002628 xmm5=0x00007d4200007d420000ac030000ac03 
  xmm6=0x00001c3900001c3900006f1000006f10 xmm7=0x0000eb4c0000eb4c0000276400002764 

0x3133: and rsi, 0b1111111111111
  rax=0xef5a0000ef5a0c6a rbx=0x00002f5000004415 rcx=0x0000000000005421 rdx=0x0000000000000001
  rsi=0x0000000000000000 rdi=0x000000000000148e flags=0b000010000110
  xmm0=0x0000ac4e0000ac4e0000cd830000cd83 xmm1=0x0000359500003595000057e3000057e3 
  xmm2=0x000053dc000053dc0000c7220000c722 xmm3=0x00000b9800000b980000c4820000c482 
  xmm4=0x0000df0c0000df0c0000262800002628 xmm5=0x00007d4200007d420000ac030000ac03 
  xmm6=0x00001c3900001c3900006f1000006f10 xmm7=0x0000eb4c0000eb4c0000276400002764 

0x313a: or [r14 +rsi], 0b1000000000000000
  rax=0xef5a0000ef5a0c6a rbx=0x00002f5000004415 rcx=0x0000000000005421 rdx=0x0000000000000001
  rsi=0x0000000000000000 rdi=0x000000000000148e flags=0b000001000110
  xmm0=0x0000ac4e0000ac4e0000cd830000cd83 xmm1=0x0000359500003595000057e3000057e3 
  xmm2=0x000053dc000053dc0000c7220000c722 xmm3=0x00000b9800000b980000c4820000c482 
  xmm4=0x0000df0c0000df0c0000262800002628 xmm5=0x00007d4200007d420000ac030000ac03 
  xmm6=0x00001c3900001c3900006f1000006f10 xmm7=0x0000eb4c0000eb4c0000276400002764 

    > load from +0x4000 value 0x14df
    > store to +0x4000 value 0x94df
0x3141: bsr ax, [r14 +rsi]
  rax=0xef5a0000ef5a0c6a rbx=0x00002f5000004415 rcx=0x0000000000005421 rdx=0x0000000000000001
  rsi=0x0000000000000000 rdi=0x000000000000148e flags=0b000010000010
  xmm0=0x0000ac4e0000ac4e0000cd830000cd83 xmm1=0x0000359500003595000057e3000057e3 
  xmm2=0x000053dc000053dc0000c7220000c722 xmm3=0x00000b9800000b980000c4820000c482 
  xmm4=0x0000df0c0000df0c0000262800002628 xmm5=0x00007d4200007d420000ac030000ac03 
  xmm6=0x00001c3900001c3900006f1000006f10 xmm7=0x0000eb4c0000eb4c0000276400002764 

    > load from +0x4000 value 0x94df
0x3147: test ebx, ebx
  rax=0xef5a0000ef5a000f rbx=0x00002f5000004415 rcx=0x0000000000005421 rdx=0x0000000000000001
  rsi=0x0000000000000000 rdi=0x000000000000148e flags=0b000010000010
  xmm0=0x0000ac4e0000ac4e0000cd830000cd83 xmm1=0x0000359500003595000057e3000057e3 
  xmm2=0x000053dc000053dc0000c7220000c722 xmm3=0x00000b9800000b980000c4820000c482 
  xmm4=0x0000df0c0000df0c0000262800002628 xmm5=0x00007d4200007d420000ac030000ac03 
  xmm6=0x00001c3900001c3900006f1000006f10 xmm7=0x0000eb4c0000eb4c0000276400002764 

0x3149: xor eax, -1578993239
  rax=0xef5a0000ef5a000f rbx=0x00002f5000004415 rcx=0x0000000000005421 rdx=0x0000000000000001
  rsi=0x0000000000000000 rdi=0x000000000000148e flags=0b000000000010
  xmm0=0x0000ac4e0000ac4e0000cd830000cd83 xmm1=0x0000359500003595000057e3000057e3 
  xmm2=0x000053dc000053dc0000c7220000c722 xmm3=0x00000b9800000b980000c4820000c482 
  xmm4=0x0000df0c0000df0c0000262800002628 xmm5=0x00007d4200007d420000ac030000ac03 
  xmm6=0x00001c3900001c3900006f1000006f10 xmm7=0x0000eb4c0000eb4c0000276400002764 

0x314e: cmp dil, -45
  rax=0x000000004eb879a6 rbx=0x00002f5000004415 rcx=0x0000000000005421 rdx=0x0000000000000001
  rsi=0x0000000000000000 rdi=0x000000000000148e flags=0b000000000110
  xmm0=0x0000ac4e0000ac4e0000cd830000cd83 xmm1=0x0000359500003595000057e3000057e3 
  xmm2=0x000053dc000053dc0000c7220000c722 xmm3=0x00000b9800000b980000c4820000c482 
  xmm4=0x0000df0c0000df0c0000262800002628 xmm5=0x00007d4200007d420000ac030000ac03 
  xmm6=0x00001c3900001c3900006f1000006f10 xmm7=0x0000eb4c0000eb4c0000276400002764 

0x3152: and rax, 0b1111111111111
  rax=0x000000004eb879a6 rbx=0x00002f5000004415 rcx=0x0000000000005421 rdx=0x0000000000000001
  rsi=0x0000000000000000 rdi=0x000000000000148e flags=0b000010000111
  xmm0=0x0000ac4e0000ac4e0000cd830000cd83 xmm1=0x0000359500003595000057e3000057e3 
  xmm2=0x000053dc000053dc0000c7220000c722 xmm3=0x00000b9800000b980000c4820000c482 
  xmm4=0x0000df0c0000df0c0000262800002628 xmm5=0x00007d4200007d420000ac030000ac03 
  xmm6=0x00001c3900001c3900006f1000006f10 xmm7=0x0000eb4c0000eb4c0000276400002764 

0x3158: cmp [r14 +rax], cl
  rax=0x00000000000019a6 rbx=0x00002f5000004415 rcx=0x0000000000005421 rdx=0x0000000000000001
  rsi=0x0000000000000000 rdi=0x000000000000148e flags=0b000000000110
  xmm0=0x0000ac4e0000ac4e0000cd830000cd83 xmm1=0x0000359500003595000057e3000057e3 
  xmm2=0x000053dc000053dc0000c7220000c722 xmm3=0x00000b9800000b980000c4820000c482 
  xmm4=0x0000df0c0000df0c0000262800002628 xmm5=0x00007d4200007d420000ac030000ac03 
  xmm6=0x00001c3900001c3900006f1000006f10 xmm7=0x0000eb4c0000eb4c0000276400002764 

    > load from +0x59a6 value 0x0
0x315c: and rsi, 0b1111111111111
  rax=0x00000000000019a6 rbx=0x00002f5000004415 rcx=0x0000000000005421 rdx=0x0000000000000001
  rsi=0x0000000000000000 rdi=0x000000000000148e flags=0b000010010011
  xmm0=0x0000ac4e0000ac4e0000cd830000cd83 xmm1=0x0000359500003595000057e3000057e3 
  xmm2=0x000053dc000053dc0000c7220000c722 xmm3=0x00000b9800000b980000c4820000c482 
  xmm4=0x0000df0c0000df0c0000262800002628 xmm5=0x00007d4200007d420000ac030000ac03 
  xmm6=0x00001c3900001c3900006f1000006f10 xmm7=0x0000eb4c0000eb4c0000276400002764 

0x3163: cmovo ax, [r14 +rsi]
  rax=0x00000000000019a6 rbx=0x00002f5000004415 rcx=0x0000000000005421 rdx=0x0000000000000001
  rsi=0x0000000000000000 rdi=0x000000000000148e flags=0b000001000110
  xmm0=0x0000ac4e0000ac4e0000cd830000cd83 xmm1=0x0000359500003595000057e3000057e3 
  xmm2=0x000053dc000053dc0000c7220000c722 xmm3=0x00000b9800000b980000c4820000c482 
  xmm4=0x0000df0c0000df0c0000262800002628 xmm5=0x00007d4200007d420000ac030000ac03 
  xmm6=0x00001c3900001c3900006f1000006f10 xmm7=0x0000eb4c0000eb4c0000276400002764 

    > load from +0x4000 value 0x94df
0x3169: add rax, rbx
  rax=0x00000000000019a6 rbx=0x00002f5000004415 rcx=0x0000000000005421 rdx=0x0000000000000001
  rsi=0x0000000000000000 rdi=0x000000000000148e flags=0b000001000110
  xmm0=0x0000ac4e0000ac4e0000cd830000cd83 xmm1=0x0000359500003595000057e3000057e3 
  xmm2=0x000053dc000053dc0000c7220000c722 xmm3=0x00000b9800000b980000c4820000c482 
  xmm4=0x0000df0c0000df0c0000262800002628 xmm5=0x00007d4200007d420000ac030000ac03 
  xmm6=0x00001c3900001c3900006f1000006f10 xmm7=0x0000eb4c0000eb4c0000276400002764 

0x316c: and rdx, 0b1111111111111
  rax=0x00002f5000005dbb rbx=0x00002f5000004415 rcx=0x0000000000005421 rdx=0x0000000000000001
  rsi=0x0000000000000000 rdi=0x000000000000148e flags=0b000000000110
  xmm0=0x0000ac4e0000ac4e0000cd830000cd83 xmm1=0x0000359500003595000057e3000057e3 
  xmm2=0x000053dc000053dc0000c7220000c722 xmm3=0x00000b9800000b980000c4820000c482 
  xmm4=0x0000df0c0000df0c0000262800002628 xmm5=0x00007d4200007d420000ac030000ac03 
  xmm6=0x00001c3900001c3900006f1000006f10 xmm7=0x0000eb4c0000eb4c0000276400002764 

0x3173: add al, [r14 +rdx]
  rax=0x00002f5000005dbb rbx=0x00002f5000004415 rcx=0x0000000000005421 rdx=0x0000000000000001
  rsi=0x0000000000000000 rdi=0x000000000000148e flags=0b000000000010
  xmm0=0x0000ac4e0000ac4e0000cd830000cd83 xmm1=0x0000359500003595000057e3000057e3 
  xmm2=0x000053dc000053dc0000c7220000c722 xmm3=0x00000b9800000b980000c4820000c482 
  xmm4=0x0000df0c0000df0c0000262800002628 xmm5=0x00007d4200007d420000ac030000ac03 
  xmm6=0x00001c3900001c3900006f1000006f10 xmm7=0x0000eb4c0000eb4c0000276400002764 

    > load from +0x4001 value 0x94
0x3177: and rbx, 0b1111111111111
  rax=0x00002f5000005d4f rbx=0x00002f5000004415 rcx=0x0000000000005421 rdx=0x0000000000000001
  rsi=0x0000000000000000 rdi=0x000000000000148e flags=0b100000000011
  xmm0=0x0000ac4e0000ac4e0000cd830000cd83 xmm1=0x0000359500003595000057e3000057e3 
  xmm2=0x000053dc000053dc0000c7220000c722 xmm3=0x00000b9800000b980000c4820000c482 
  xmm4=0x0000df0c0000df0c0000262800002628 xmm5=0x00007d4200007d420000ac030000ac03 
  xmm6=0x00001c3900001c3900006f1000006f10 xmm7=0x0000eb4c0000eb4c0000276400002764 

0x317e: cmovnb ebx, [r14 +rbx]
  rax=0x00002f5000005d4f rbx=0x0000000000000415 rcx=0x0000000000005421 rdx=0x0000000000000001
  rsi=0x0000000000000000 rdi=0x000000000000148e flags=0b000000000010
  xmm0=0x0000ac4e0000ac4e0000cd830000cd83 xmm1=0x0000359500003595000057e3000057e3 
  xmm2=0x000053dc000053dc0000c7220000c722 xmm3=0x00000b9800000b980000c4820000c482 
  xmm4=0x0000df0c0000df0c0000262800002628 xmm5=0x00007d4200007d420000ac030000ac03 
  xmm6=0x00001c3900001c3900006f1000006f10 xmm7=0x0000eb4c0000eb4c0000276400002764 

    > load from +0x4415 value 0x4c0000c9
0x3183: setnb cl
  rax=0x00002f5000005d4f rbx=0x000000004c0000c9 rcx=0x0000000000005421 rdx=0x0000000000000001
  rsi=0x0000000000000000 rdi=0x000000000000148e flags=0b000000000010
  xmm0=0x0000ac4e0000ac4e0000cd830000cd83 xmm1=0x0000359500003595000057e3000057e3 
  xmm2=0x000053dc000053dc0000c7220000c722 xmm3=0x00000b9800000b980000c4820000c482 
  xmm4=0x0000df0c0000df0c0000262800002628 xmm5=0x00007d4200007d420000ac030000ac03 
  xmm6=0x00001c3900001c3900006f1000006f10 xmm7=0x0000eb4c0000eb4c0000276400002764 

0x3186: and rcx, 0b1111111111111
  rax=0x00002f5000005d4f rbx=0x000000004c0000c9 rcx=0x0000000000005401 rdx=0x0000000000000001
  rsi=0x0000000000000000 rdi=0x000000000000148e flags=0b000000000010
  xmm0=0x0000ac4e0000ac4e0000cd830000cd83 xmm1=0x0000359500003595000057e3000057e3 
  xmm2=0x000053dc000053dc0000c7220000c722 xmm3=0x00000b9800000b980000c4820000c482 
  xmm4=0x0000df0c0000df0c0000262800002628 xmm5=0x00007d4200007d420000ac030000ac03 
  xmm6=0x00001c3900001c3900006f1000006f10 xmm7=0x0000eb4c0000eb4c0000276400002764 

0x318d: adc bl, [r14 +rcx]
  rax=0x00002f5000005d4f rbx=0x000000004c0000c9 rcx=0x0000000000001401 rdx=0x0000000000000001
  rsi=0x0000000000000000 rdi=0x000000000000148e flags=0b000000000010
  xmm0=0x0000ac4e0000ac4e0000cd830000cd83 xmm1=0x0000359500003595000057e3000057e3 
  xmm2=0x000053dc000053dc0000c7220000c722 xmm3=0x00000b9800000b980000c4820000c482 
  xmm4=0x0000df0c0000df0c0000262800002628 xmm5=0x00007d4200007d420000ac030000ac03 
  xmm6=0x00001c3900001c3900006f1000006f10 xmm7=0x0000eb4c0000eb4c0000276400002764 

    > load from +0x5401 value 0x55
0x3191: macro .switch, .main.function_main_1
  rax=0x00002f5000005d4f rbx=0x000000004c00001e rcx=0x0000000000001401 rdx=0x0000000000000001
  rsi=0x0000000000000000 rdi=0x000000000000148e flags=0b000000000111
  xmm0=0x0000ac4e0000ac4e0000cd830000cd83 xmm1=0x0000359500003595000057e3000057e3 
  xmm2=0x000053dc000053dc0000c7220000c722 xmm3=0x00000b9800000b980000c4820000c482 
  xmm4=0x0000df0c0000df0c0000262800002628 xmm5=0x00007d4200007d420000ac030000ac03 
  xmm6=0x00001c3900001c3900006f1000006f10 xmm7=0x0000eb4c0000eb4c0000276400002764 

0x8 : and rdi, 0b1111111111111
  rax=0x00002f5000005d4f rbx=0x000000004c00001e rcx=0x0000000000001401 rdx=0x0000000000000001
  rsi=0x0000000000000000 rdi=0x000000000000148e flags=0b000000000111
  xmm0=0x0000ac4e0000ac4e0000cd830000cd83 xmm1=0x0000359500003595000057e3000057e3 
  xmm2=0x000053dc000053dc0000c7220000c722 xmm3=0x00000b9800000b980000c4820000c482 
  xmm4=0x0000df0c0000df0c0000262800002628 xmm5=0x00007d4200007d420000ac030000ac03 
  xmm6=0x00001c3900001c3900006f1000006f10 xmm7=0x0000eb4c0000eb4c0000276400002764 

0xf : imul edi, [r14 +rdi], -88
  rax=0x00002f5000005d4f rbx=0x000000004c00001e rcx=0x0000000000001401 rdx=0x0000000000000001
  rsi=0x0000000000000000 rdi=0x000000000000148e flags=0b000000000110
  xmm0=0x0000ac4e0000ac4e0000cd830000cd83 xmm1=0x0000359500003595000057e3000057e3 
  xmm2=0x000053dc000053dc0000c7220000c722 xmm3=0x00000b9800000b980000c4820000c482 
  xmm4=0x0000df0c0000df0c0000262800002628 xmm5=0x00007d4200007d420000ac030000ac03 
  xmm6=0x00001c3900001c3900006f1000006f10 xmm7=0x0000eb4c0000eb4c0000276400002764 

    > load from +0x148e value 0xbb9a0000
0x14: and rcx, 0b1111111111111
  rax=0x00002f5000005d4f rbx=0x000000004c00001e rcx=0x0000000000001401 rdx=0x0000000000000001
  rsi=0x0000000000000000 rdi=0x0000000083100000 flags=0b100010000111
  xmm0=0x0000ac4e0000ac4e0000cd830000cd83 xmm1=0x0000359500003595000057e3000057e3 
  xmm2=0x000053dc000053dc0000c7220000c722 xmm3=0x00000b9800000b980000c4820000c482 
  xmm4=0x0000df0c0000df0c0000262800002628 xmm5=0x00007d4200007d420000ac030000ac03 
  xmm6=0x00001c3900001c3900006f1000006f10 xmm7=0x0000eb4c0000eb4c0000276400002764 

0x1b: cmovo di, [r14 +rcx]
  rax=0x00002f5000005d4f rbx=0x000000004c00001e rcx=0x0000000000001401 rdx=0x0000000000000001
  rsi=0x0000000000000000 rdi=0x0000000083100000 flags=0b000000000010
  xmm0=0x0000ac4e0000ac4e0000cd830000cd83 xmm1=0x0000359500003595000057e3000057e3 
  xmm2=0x000053dc000053dc0000c7220000c722 xmm3=0x00000b9800000b980000c4820000c482 
  xmm4=0x0000df0c0000df0c0000262800002628 xmm5=0x00007d4200007d420000ac030000ac03 
  xmm6=0x00001c3900001c3900006f1000006f10 xmm7=0x0000eb4c0000eb4c0000276400002764 

    > load from +0x1401 value 0x76
0x21: and rdi, 0b1111111111111
  rax=0x00002f5000005d4f rbx=0x000000004c00001e rcx=0x0000000000001401 rdx=0x0000000000000001
  rsi=0x0000000000000000 rdi=0x0000000083100000 flags=0b000000000010
  xmm0=0x0000ac4e0000ac4e0000cd830000cd83 xmm1=0x0000359500003595000057e3000057e3 
  xmm2=0x000053dc000053dc0000c7220000c722 xmm3=0x00000b9800000b980000c4820000c482 
  xmm4=0x0000df0c0000df0c0000262800002628 xmm5=0x00007d4200007d420000ac030000ac03 
  xmm6=0x00001c3900001c3900006f1000006f10 xmm7=0x0000eb4c0000eb4c0000276400002764 

0x28: add edi, [r14 +rdi]
  rax=0x00002f5000005d4f rbx=0x000000004c00001e rcx=0x0000000000001401 rdx=0x0000000000000001
  rsi=0x0000000000000000 rdi=0x0000000000000000 flags=0b000001000110
  xmm0=0x0000ac4e0000ac4e0000cd830000cd83 xmm1=0x0000359500003595000057e3000057e3 
  xmm2=0x000053dc000053dc0000c7220000c722 xmm3=0x00000b9800000b980000c4820000c482 
  xmm4=0x0000df0c0000df0c0000262800002628 xmm5=0x00007d4200007d420000ac030000ac03 
  xmm6=0x00001c3900001c3900006f1000006f10 xmm7=0x0000eb4c0000eb4c0000276400002764 

    > load from +0x0 value 0x4343
0x2c: xchg si, ax
  rax=0x00002f5000005d4f rbx=0x000000004c00001e rcx=0x0000000000001401 rdx=0x0000000000000001
  rsi=0x0000000000000000 rdi=0x0000000000004343 flags=0b000000000010
  xmm0=0x0000ac4e0000ac4e0000cd830000cd83 xmm1=0x0000359500003595000057e3000057e3 
  xmm2=0x000053dc000053dc0000c7220000c722 xmm3=0x00000b9800000b980000c4820000c482 
  xmm4=0x0000df0c0000df0c0000262800002628 xmm5=0x00007d4200007d420000ac030000ac03 
  xmm6=0x00001c3900001c3900006f1000006f10 xmm7=0x0000eb4c0000eb4c0000276400002764 

0x2e: and rsi, 0b1111111111111
  rax=0x00002f5000000000 rbx=0x000000004c00001e rcx=0x0000000000001401 rdx=0x0000000000000001
  rsi=0x0000000000005d4f rdi=0x0000000000004343 flags=0b000000000010
  xmm0=0x0000ac4e0000ac4e0000cd830000cd83 xmm1=0x0000359500003595000057e3000057e3 
  xmm2=0x000053dc000053dc0000c7220000c722 xmm3=0x00000b9800000b980000c4820000c482 
  xmm4=0x0000df0c0000df0c0000262800002628 xmm5=0x00007d4200007d420000ac030000ac03 
  xmm6=0x00001c3900001c3900006f1000006f10 xmm7=0x0000eb4c0000eb4c0000276400002764 

0x35: mov rbx, [r14 +rsi]
  rax=0x00002f5000000000 rbx=0x000000004c00001e rcx=0x0000000000001401 rdx=0x0000000000000001
  rsi=0x0000000000001d4f rdi=0x0000000000004343 flags=0b000000000010
  xmm0=0x0000ac4e0000ac4e0000cd830000cd83 xmm1=0x0000359500003595000057e3000057e3 
  xmm2=0x000053dc000053dc0000c7220000c722 xmm3=0x00000b9800000b980000c4820000c482 
  xmm4=0x0000df0c0000df0c0000262800002628 xmm5=0x00007d4200007d420000ac030000ac03 
  xmm6=0x00001c3900001c3900006f1000006f10 xmm7=0x0000eb4c0000eb4c0000276400002764 

    > load from +0x1d4f value 0x36b2000036b200
0x39: cbw 
  rax=0x00002f5000000000 rbx=0x0036b2000036b200 rcx=0x0000000000001401 rdx=0x0000000000000001
  rsi=0x0000000000001d4f rdi=0x0000000000004343 flags=0b000000000010
  xmm0=0x0000ac4e0000ac4e0000cd830000cd83 xmm1=0x0000359500003595000057e3000057e3 
  xmm2=0x000053dc000053dc0000c7220000c722 xmm3=0x00000b9800000b980000c4820000c482 
  xmm4=0x0000df0c0000df0c0000262800002628 xmm5=0x00007d4200007d420000ac030000ac03 
  xmm6=0x00001c3900001c3900006f1000006f10 xmm7=0x0000eb4c0000eb4c0000276400002764 

0x3b: imul ecx, ebx
  rax=0x00002f5000000000 rbx=0x0036b2000036b200 rcx=0x0000000000001401 rdx=0x0000000000000001
  rsi=0x0000000000001d4f rdi=0x0000000000004343 flags=0b000000000010
  xmm0=0x0000ac4e0000ac4e0000cd830000cd83 xmm1=0x0000359500003595000057e3000057e3 
  xmm2=0x000053dc000053dc0000c7220000c722 xmm3=0x00000b9800000b980000c4820000c482 
  xmm4=0x0000df0c0000df0c0000262800002628 xmm5=0x00007d4200007d420000ac030000ac03 
  xmm6=0x00001c3900001c3900006f1000006f10 xmm7=0x0000eb4c0000eb4c0000276400002764 

0x3e: test sil, 114
  rax=0x00002f5000000000 rbx=0x0036b2000036b200 rcx=0x00000000461eb200 rdx=0x0000000000000001
  rsi=0x0000000000001d4f rdi=0x0000000000004343 flags=0b100000000111
  xmm0=0x0000ac4e0000ac4e0000cd830000cd83 xmm1=0x0000359500003595000057e3000057e3 
  xmm2=0x000053dc000053dc0000c7220000c722 xmm3=0x00000b9800000b980000c4820000c482 
  xmm4=0x0000df0c0000df0c0000262800002628 xmm5=0x00007d4200007d420000ac030000ac03 
  xmm6=0x00001c3900001c3900006f1000006f10 xmm7=0x0000eb4c0000eb4c0000276400002764 

0x42: and rax, 0b1111111111111
  rax=0x00002f5000000000 rbx=0x0036b2000036b200 rcx=0x00000000461eb200 rdx=0x0000000000000001
  rsi=0x0000000000001d4f rdi=0x0000000000004343 flags=0b000000000110
  xmm0=0x0000ac4e0000ac4e0000cd830000cd83 xmm1=0x0000359500003595000057e3000057e3 
  xmm2=0x000053dc000053dc0000c7220000c722 xmm3=0x00000b9800000b980000c4820000c482 
  xmm4=0x0000df0c0000df0c0000262800002628 xmm5=0x00007d4200007d420000ac030000ac03 
  xmm6=0x00001c3900001c3900006f1000006f10 xmm7=0x0000eb4c0000eb4c0000276400002764 

0x48: sbb rcx, [r14 +rax]
  rax=0x0000000000000000 rbx=0x0036b2000036b200 rcx=0x00000000461eb200 rdx=0x0000000000000001
  rsi=0x0000000000001d4f rdi=0x0000000000004343 flags=0b000001000110
  xmm0=0x0000ac4e0000ac4e0000cd830000cd83 xmm1=0x0000359500003595000057e3000057e3 
  xmm2=0x000053dc000053dc0000c7220000c722 xmm3=0x00000b9800000b980000c4820000c482 
  xmm4=0x0000df0c0000df0c0000262800002628 xmm5=0x00007d4200007d420000ac030000ac03 
  xmm6=0x00001c3900001c3900006f1000006f10 xmm7=0x0000eb4c0000eb4c0000276400002764 

    > load from +0x0 value 0x434300004343
0x4c: and rdx, 0b1111111111111
  rax=0x0000000000000000 rbx=0x0036b2000036b200 rcx=0xffffbcbd461e6ebd rdx=0x0000000000000001
  rsi=0x0000000000001d4f rdi=0x0000000000004343 flags=0b000010010111
  xmm0=0x0000ac4e0000ac4e0000cd830000cd83 xmm1=0x0000359500003595000057e3000057e3 
  xmm2=0x000053dc000053dc0000c7220000c722 xmm3=0x00000b9800000b980000c4820000c482 
  xmm4=0x0000df0c0000df0c0000262800002628 xmm5=0x00007d4200007d420000ac030000ac03 
  xmm6=0x00001c3900001c3900006f1000006f10 xmm7=0x0000eb4c0000eb4c0000276400002764 

0x53: sbb ecx, [r14 +rdx]
  rax=0x0000000000000000 rbx=0x0036b2000036b200 rcx=0xffffbcbd461e6ebd rdx=0x0000000000000001
  rsi=0x0000000000001d4f rdi=0x0000000000004343 flags=0b000000000010
  xmm0=0x0000ac4e0000ac4e0000cd830000cd83 xmm1=0x0000359500003595000057e3000057e3 
  xmm2=0x000053dc000053dc0000c7220000c722 xmm3=0x00000b9800000b980000c4820000c482 
  xmm4=0x0000df0c0000df0c0000262800002628 xmm5=0x00007d4200007d420000ac030000ac03 
  xmm6=0x00001c3900001c3900006f1000006f10 xmm7=0x0000eb4c0000eb4c0000276400002764 

    > load from +0x1 value 0x43000043
0x57: and rbx, 0b1111111111111
  rax=0x0000000000000000 rbx=0x0036b2000036b200 rcx=0x00000000031e6e7a rdx=0x0000000000000001
  rsi=0x0000000000001d4f rdi=0x0000000000004343 flags=0b000000000010
  xmm0=0x0000ac4e0000ac4e0000cd830000cd83 xmm1=0x0000359500003595000057e3000057e3 
  xmm2=0x000053dc000053dc0000c7220000c722 xmm3=0x00000b9800000b980000c4820000c482 
  xmm4=0x0000df0c0000df0c0000262800002628 xmm5=0x00007d4200007d420000ac030000ac03 
  xmm6=0x00001c3900001c3900006f1000006f10 xmm7=0x0000eb4c0000eb4c0000276400002764 

0x5e: add ecx, [r14 +rbx]
  rax=0x0000000000000000 rbx=0x0000000000001200 rcx=0x00000000031e6e7a rdx=0x0000000000000001
  rsi=0x0000000000001d4f rdi=0x0000000000004343 flags=0b000000000110
  xmm0=0x0000ac4e0000ac4e0000cd830000cd83 xmm1=0x0000359500003595000057e3000057e3 
  xmm2=0x000053dc000053dc0000c7220000c722 xmm3=0x00000b9800000b980000c4820000c482 
  xmm4=0x0000df0c0000df0c0000262800002628 xmm5=0x00007d4200007d420000ac030000ac03 
  xmm6=0x00001c3900001c3900006f1000006f10 xmm7=0x0000eb4c0000eb4c0000276400002764 

    > load from +0x1200 value 0x53fc
0x62: xchg dx, di
  rax=0x0000000000000000 rbx=0x0000000000001200 rcx=0x00000000031ec276 rdx=0x0000000000000001
  rsi=0x0000000000001d4f rdi=0x0000000000004343 flags=0b000000010010
  xmm0=0x0000ac4e0000ac4e0000cd830000cd83 xmm1=0x0000359500003595000057e3000057e3 
  xmm2=0x000053dc000053dc0000c7220000c722 xmm3=0x00000b9800000b980000c4820000c482 
  xmm4=0x0000df0c0000df0c0000262800002628 xmm5=0x00007d4200007d420000ac030000ac03 
  xmm6=0x00001c3900001c3900006f1000006f10 xmm7=0x0000eb4c0000eb4c0000276400002764 

0x65: and rbx, 0b1111111111111
  rax=0x0000000000000000 rbx=0x0000000000001200 rcx=0x00000000031ec276 rdx=0x0000000000004343
  rsi=0x0000000000001d4f rdi=0x0000000000000001 flags=0b000000010010
  xmm0=0x0000ac4e0000ac4e0000cd830000cd83 xmm1=0x0000359500003595000057e3000057e3 
  xmm2=0x000053dc000053dc0000c7220000c722 xmm3=0x00000b9800000b980000c4820000c482 
  xmm4=0x0000df0c0000df0c0000262800002628 xmm5=0x00007d4200007d420000ac030000ac03 
  xmm6=0x00001c3900001c3900006f1000006f10 xmm7=0x0000eb4c0000eb4c0000276400002764 

0x6c: cmovno rcx, [r14 +rbx]
  rax=0x0000000000000000 rbx=0x0000000000001200 rcx=0x00000000031ec276 rdx=0x0000000000004343
  rsi=0x0000000000001d4f rdi=0x0000000000000001 flags=0b000000000110
  xmm0=0x0000ac4e0000ac4e0000cd830000cd83 xmm1=0x0000359500003595000057e3000057e3 
  xmm2=0x000053dc000053dc0000c7220000c722 xmm3=0x00000b9800000b980000c4820000c482 
  xmm4=0x0000df0c0000df0c0000262800002628 xmm5=0x00007d4200007d420000ac030000ac03 
  xmm6=0x00001c3900001c3900006f1000006f10 xmm7=0x0000eb4c0000eb4c0000276400002764 

    > load from +0x1200 value 0x53fc000053fc
0x71: movzx esi, ax
  rax=0x0000000000000000 rbx=0x0000000000001200 rcx=0x000053fc000053fc rdx=0x0000000000004343
  rsi=0x0000000000001d4f rdi=0x0000000000000001 flags=0b000000000110
  xmm0=0x0000ac4e0000ac4e0000cd830000cd83 xmm1=0x0000359500003595000057e3000057e3 
  xmm2=0x000053dc000053dc0000c7220000c722 xmm3=0x00000b9800000b980000c4820000c482 
  xmm4=0x0000df0c0000df0c0000262800002628 xmm5=0x00007d4200007d420000ac030000ac03 
  xmm6=0x00001c3900001c3900006f1000006f10 xmm7=0x0000eb4c0000eb4c0000276400002764 

0x74: and rdi, 0b1111111111111
  rax=0x0000000000000000 rbx=0x0000000000001200 rcx=0x000053fc000053fc rdx=0x0000000000004343
  rsi=0x0000000000000000 rdi=0x0000000000000001 flags=0b000000000110
  xmm0=0x0000ac4e0000ac4e0000cd830000cd83 xmm1=0x0000359500003595000057e3000057e3 
  xmm2=0x000053dc000053dc0000c7220000c722 xmm3=0x00000b9800000b980000c4820000c482 
  xmm4=0x0000df0c0000df0c0000262800002628 xmm5=0x00007d4200007d420000ac030000ac03 
  xmm6=0x00001c3900001c3900006f1000006f10 xmm7=0x0000eb4c0000eb4c0000276400002764 

0x7b: bts rsi, rdx
  rax=0x0000000000000000 rbx=0x0000000000001200 rcx=0x000053fc000053fc rdx=0x0000000000004343
  rsi=0x0000000000000000 rdi=0x0000000000000001 flags=0b000000000010
  xmm0=0x0000ac4e0000ac4e0000cd830000cd83 xmm1=0x0000359500003595000057e3000057e3 
  xmm2=0x000053dc000053dc0000c7220000c722 xmm3=0x00000b9800000b980000c4820000c482 
  xmm4=0x0000df0c0000df0c0000262800002628 xmm5=0x00007d4200007d420000ac030000ac03 
  xmm6=0x00001c3900001c3900006f1000006f10 xmm7=0x0000eb4c0000eb4c0000276400002764 

0x7f: imul rsi
  rax=0x0000000000000000 rbx=0x0000000000001200 rcx=0x000053fc000053fc rdx=0x0000000000004343
  rsi=0x0000000000000008 rdi=0x0000000000000001 flags=0b000000000010
  xmm0=0x0000ac4e0000ac4e0000cd830000cd83 xmm1=0x0000359500003595000057e3000057e3 
  xmm2=0x000053dc000053dc0000c7220000c722 xmm3=0x00000b9800000b980000c4820000c482 
  xmm4=0x0000df0c0000df0c0000262800002628 xmm5=0x00007d4200007d420000ac030000ac03 
  xmm6=0x00001c3900001c3900006f1000006f10 xmm7=0x0000eb4c0000eb4c0000276400002764 

0x82: add sil, 9
  rax=0x0000000000000000 rbx=0x0000000000001200 rcx=0x000053fc000053fc rdx=0x0000000000000000
  rsi=0x0000000000000008 rdi=0x0000000000000001 flags=0b000001000110
  xmm0=0x0000ac4e0000ac4e0000cd830000cd83 xmm1=0x0000359500003595000057e3000057e3 
  xmm2=0x000053dc000053dc0000c7220000c722 xmm3=0x00000b9800000b980000c4820000c482 
  xmm4=0x0000df0c0000df0c0000262800002628 xmm5=0x00007d4200007d420000ac030000ac03 
  xmm6=0x00001c3900001c3900006f1000006f10 xmm7=0x0000eb4c0000eb4c0000276400002764 

0x86: and rbx, 0b1111111111111
  rax=0x0000000000000000 rbx=0x0000000000001200 rcx=0x000053fc000053fc rdx=0x0000000000000000
  rsi=0x0000000000000011 rdi=0x0000000000000001 flags=0b000000010110
  xmm0=0x0000ac4e0000ac4e0000cd830000cd83 xmm1=0x0000359500003595000057e3000057e3 
  xmm2=0x000053dc000053dc0000c7220000c722 xmm3=0x00000b9800000b980000c4820000c482 
  xmm4=0x0000df0c0000df0c0000262800002628 xmm5=0x00007d4200007d420000ac030000ac03 
  xmm6=0x00001c3900001c3900006f1000006f10 xmm7=0x0000eb4c0000eb4c0000276400002764 

0x8d: cmovle di, [r14 +rbx]
  rax=0x0000000000000000 rbx=0x0000000000001200 rcx=0x000053fc000053fc rdx=0x0000000000000000
  rsi=0x0000000000000011 rdi=0x0000000000000001 flags=0b000000000110
  xmm0=0x0000ac4e0000ac4e0000cd830000cd83 xmm1=0x0000359500003595000057e3000057e3 
  xmm2=0x000053dc000053dc0000c7220000c722 xmm3=0x00000b9800000b980000c4820000c482 
  xmm4=0x0000df0c0000df0c0000262800002628 xmm5=0x00007d4200007d420000ac030000ac03 
  xmm6=0x00001c3900001c3900006f1000006f10 xmm7=0x0000eb4c0000eb4c0000276400002764 

    > load from +0x1200 value 0x53fc
0x93: btc si, di
  rax=0x0000000000000000 rbx=0x0000000000001200 rcx=0x000053fc000053fc rdx=0x0000000000000000
  rsi=0x0000000000000011 rdi=0x0000000000000001 flags=0b000000000110
  xmm0=0x0000ac4e0000ac4e0000cd830000cd83 xmm1=0x0000359500003595000057e3000057e3 
  xmm2=0x000053dc000053dc0000c7220000c722 xmm3=0x00000b9800000b980000c4820000c482 
  xmm4=0x0000df0c0000df0c0000262800002628 xmm5=0x00007d4200007d420000ac030000ac03 
  xmm6=0x00001c3900001c3900006f1000006f10 xmm7=0x0000eb4c0000eb4c0000276400002764 

0x97: add sil, -28
  rax=0x0000000000000000 rbx=0x0000000000001200 rcx=0x000053fc000053fc rdx=0x0000000000000000
  rsi=0x0000000000000013 rdi=0x0000000000000001 flags=0b000000000110
  xmm0=0x0000ac4e0000ac4e0000cd830000cd83 xmm1=0x0000359500003595000057e3000057e3 
  xmm2=0x000053dc000053dc0000c7220000c722 xmm3=0x00000b9800000b980000c4820000c482 
  xmm4=0x0000df0c0000df0c0000262800002628 xmm5=0x00007d4200007d420000ac030000ac03 
  xmm6=0x00001c3900001c3900006f1000006f10 xmm7=0x0000eb4c0000eb4c0000276400002764 

0x9b: and rdi, 0b1111111111111
  rax=0x0000000000000000 rbx=0x0000000000001200 rcx=0x000053fc000053fc rdx=0x0000000000000000
  rsi=0x00000000000000f7 rdi=0x0000000000000001 flags=0b000010000010
  xmm0=0x0000ac4e0000ac4e0000cd830000cd83 xmm1=0x0000359500003595000057e3000057e3 
  xmm2=0x000053dc000053dc0000c7220000c722 xmm3=0x00000b9800000b980000c4820000c482 
  xmm4=0x0000df0c0000df0c0000262800002628 xmm5=0x00007d4200007d420000ac030000ac03 
  xmm6=0x00001c3900001c3900006f1000006f10 xmm7=0x0000eb4c0000eb4c0000276400002764 

0xa2: cmovno dx, [r14 +rdi]
  rax=0x0000000000000000 rbx=0x0000000000001200 rcx=0x000053fc000053fc rdx=0x0000000000000000
  rsi=0x00000000000000f7 rdi=0x0000000000000001 flags=0b000000000010
  xmm0=0x0000ac4e0000ac4e0000cd830000cd83 xmm1=0x0000359500003595000057e3000057e3 
  xmm2=0x000053dc000053dc0000c7220000c722 xmm3=0x00000b9800000b980000c4820000c482 
  xmm4=0x0000df0c0000df0c0000262800002628 xmm5=0x00007d4200007d420000ac030000ac03 
  xmm6=0x00001c3900001c3900006f1000006f10 xmm7=0x0000eb4c0000eb4c0000276400002764 

    > load from +0x1 value 0x43
0xa8: and rdi, 0b1111111111111
  rax=0x0000000000000000 rbx=0x0000000000001200 rcx=0x000053fc000053fc rdx=0x0000000000000043
  rsi=0x00000000000000f7 rdi=0x0000000000000001 flags=0b000000000010
  xmm0=0x0000ac4e0000ac4e0000cd830000cd83 xmm1=0x0000359500003595000057e3000057e3 
  xmm2=0x000053dc000053dc0000c7220000c722 xmm3=0x00000b9800000b980000c4820000c482 
  xmm4=0x0000df0c0000df0c0000262800002628 xmm5=0x00007d4200007d420000ac030000ac03 
  xmm6=0x00001c3900001c3900006f1000006f10 xmm7=0x0000eb4c0000eb4c0000276400002764 

0xaf: cmovnb rdi, [r14 +rdi]
  rax=0x0000000000000000 rbx=0x0000000000001200 rcx=0x000053fc000053fc rdx=0x0000000000000043
  rsi=0x00000000000000f7 rdi=0x0000000000000001 flags=0b000000000010
  xmm0=0x0000ac4e0000ac4e0000cd830000cd83 xmm1=0x0000359500003595000057e3000057e3 
  xmm2=0x000053dc000053dc0000c7220000c722 xmm3=0x00000b9800000b980000c4820000c482 
  xmm4=0x0000df0c0000df0c0000262800002628 xmm5=0x00007d4200007d420000ac030000ac03 
  xmm6=0x00001c3900001c3900006f1000006f10 xmm7=0x0000eb4c0000eb4c0000276400002764 

    > load from +0x1 value 0x6700004343000043
0xb4: xchg eax, eax
  rax=0x0000000000000000 rbx=0x0000000000001200 rcx=0x000053fc000053fc rdx=0x0000000000000043
  rsi=0x00000000000000f7 rdi=0x6700004343000043 flags=0b000000000010
  xmm0=0x0000ac4e0000ac4e0000cd830000cd83 xmm1=0x0000359500003595000057e3000057e3 
  xmm2=0x000053dc000053dc0000c7220000c722 xmm3=0x00000b9800000b980000c4820000c482 
  xmm4=0x0000df0c0000df0c0000262800002628 xmm5=0x00007d4200007d420000ac030000ac03 
  xmm6=0x00001c3900001c3900006f1000006f10 xmm7=0x0000eb4c0000eb4c0000276400002764 

0xb6: movzx ebx, dx
  rax=0x0000000000000000 rbx=0x0000000000001200 rcx=0x000053fc000053fc rdx=0x0000000000000043
  rsi=0x00000000000000f7 rdi=0x6700004343000043 flags=0b000000000010
  xmm0=0x0000ac4e0000ac4e0000cd830000cd83 xmm1=0x0000359500003595000057e3000057e3 
  xmm2=0x000053dc000053dc0000c7220000c722 xmm3=0x00000b9800000b980000c4820000c482 
  xmm4=0x0000df0c0000df0c0000262800002628 xmm5=0x00007d4200007d420000ac030000ac03 
  xmm6=0x00001c3900001c3900006f1000006f10 xmm7=0x0000eb4c0000eb4c0000276400002764 

0xb9: and rax, 0b1111111111111
  rax=0x0000000000000000 rbx=0x0000000000000043 rcx=0x000053fc000053fc rdx=0x0000000000000043
  rsi=0x00000000000000f7 rdi=0x6700004343000043 flags=0b000000000010
  xmm0=0x0000ac4e0000ac4e0000cd830000cd83 xmm1=0x0000359500003595000057e3000057e3 
  xmm2=0x000053dc000053dc0000c7220000c722 xmm3=0x00000b9800000b980000c4820000c482 
  xmm4=0x0000df0c0000df0c0000262800002628 xmm5=0x00007d4200007d420000ac030000ac03 
  xmm6=0x00001c3900001c3900006f1000006f10 xmm7=0x0000eb4c0000eb4c0000276400002764 

0xbf: cmp [r14 +rax], di
  rax=0x0000000000000000 rbx=0x0000000000000043 rcx=0x000053fc000053fc rdx=0x0000000000000043
  rsi=0x00000000000000f7 rdi=0x6700004343000043 flags=0b000001000110
  xmm0=0x0000ac4e0000ac4e0000cd830000cd83 xmm1=0x0000359500003595000057e3000057e3 
  xmm2=0x000053dc000053dc0000c7220000c722 xmm3=0x00000b9800000b980000c4820000c482 
  xmm4=0x0000df0c0000df0c0000262800002628 xmm5=0x00007d4200007d420000ac030000ac03 
  xmm6=0x00001c3900001c3900006f1000006f10 xmm7=0x0000eb4c0000eb4c0000276400002764 

    > load from +0x0 value 0x4343
0xc4: and rbx, 0b1111111111111
  rax=0x0000000000000000 rbx=0x0000000000000043 rcx=0x000053fc000053fc rdx=0x0000000000000043
  rsi=0x00000000000000f7 rdi=0x6700004343000043 flags=0b000000000110
  xmm0=0x0000ac4e0000ac4e0000cd830000cd83 xmm1=0x0000359500003595000057e3000057e3 
  xmm2=0x000053dc000053dc0000c7220000c722 xmm3=0x00000b9800000b980000c4820000c482 
  xmm4=0x0000df0c0000df0c0000262800002628 xmm5=0x00007d4200007d420000ac030000ac03 
  xmm6=0x00001c3900001c3900006f1000006f10 xmm7=0x0000eb4c0000eb4c0000276400002764 

0xcb: and edi, 0b111
  rax=0x0000000000000000 rbx=0x0000000000000043 rcx=0x000053fc000053fc rdx=0x0000000000000043
  rsi=0x00000000000000f7 rdi=0x6700004343000043 flags=0b000000000010
  xmm0=0x0000ac4e0000ac4e0000cd830000cd83 xmm1=0x0000359500003595000057e3000057e3 
  xmm2=0x000053dc000053dc0000c7220000c722 xmm3=0x00000b9800000b980000c4820000c482 
  xmm4=0x0000df0c0000df0c0000262800002628 xmm5=0x00007d4200007d420000ac030000ac03 
  xmm6=0x00001c3900001c3900006f1000006f10 xmm7=0x0000eb4c0000eb4c0000276400002764 

0xce: bt [r14 +rbx], edi
  rax=0x0000000000000000 rbx=0x0000000000000043 rcx=0x000053fc000053fc rdx=0x0000000000000043
  rsi=0x00000000000000f7 rdi=0x0000000000000003 flags=0b000000000110
  xmm0=0x0000ac4e0000ac4e0000cd830000cd83 xmm1=0x0000359500003595000057e3000057e3 
  xmm2=0x000053dc000053dc0000c7220000c722 xmm3=0x00000b9800000b980000c4820000c482 
  xmm4=0x0000df0c0000df0c0000262800002628 xmm5=0x00007d4200007d420000ac030000ac03 
  xmm6=0x00001c3900001c3900006f1000006f10 xmm7=0x0000eb4c0000eb4c0000276400002764 

    > load from +0x43 value 0xe60400
0xd3: test rcx, rbx
  rax=0x0000000000000000 rbx=0x0000000000000043 rcx=0x000053fc000053fc rdx=0x0000000000000043
  rsi=0x00000000000000f7 rdi=0x0000000000000003 flags=0b000000000110
  xmm0=0x0000ac4e0000ac4e0000cd830000cd83 xmm1=0x0000359500003595000057e3000057e3 
  xmm2=0x000053dc000053dc0000c7220000c722 xmm3=0x00000b9800000b980000c4820000c482 
  xmm4=0x0000df0c0000df0c0000262800002628 xmm5=0x00007d4200007d420000ac030000ac03 
  xmm6=0x00001c3900001c3900006f1000006f10 xmm7=0x0000eb4c0000eb4c0000276400002764 

0xd6: and rax, 0b1111111111111
  rax=0x0000000000000000 rbx=0x0000000000000043 rcx=0x000053fc000053fc rdx=0x0000000000000043
  rsi=0x00000000000000f7 rdi=0x0000000000000003 flags=0b000000000010
  xmm0=0x0000ac4e0000ac4e0000cd830000cd83 xmm1=0x0000359500003595000057e3000057e3 
  xmm2=0x000053dc000053dc0000c7220000c722 xmm3=0x00000b9800000b980000c4820000c482 
  xmm4=0x0000df0c0000df0c0000262800002628 xmm5=0x00007d4200007d420000ac030000ac03 
  xmm6=0x00001c3900001c3900006f1000006f10 xmm7=0x0000eb4c0000eb4c0000276400002764 

0xdc: cmovbe di, [r14 +rax]
  rax=0x0000000000000000 rbx=0x0000000000000043 rcx=0x000053fc000053fc rdx=0x0000000000000043
  rsi=0x00000000000000f7 rdi=0x0000000000000003 flags=0b000001000110
  xmm0=0x0000ac4e0000ac4e0000cd830000cd83 xmm1=0x0000359500003595000057e3000057e3 
  xmm2=0x000053dc000053dc0000c7220000c722 xmm3=0x00000b9800000b980000c4820000c482 
  xmm4=0x0000df0c0000df0c0000262800002628 xmm5=0x00007d4200007d420000ac030000ac03 
  xmm6=0x00001c3900001c3900006f1000006f10 xmm7=0x0000eb4c0000eb4c0000276400002764 

    > load from +0x0 value 0x4343
0xe2: cmovbe rdx, rdx
  rax=0x0000000000000000 rbx=0x0000000000000043 rcx=0x000053fc000053fc rdx=0x0000000000000043
  rsi=0x00000000000000f7 rdi=0x0000000000004343 flags=0b000001000110
  xmm0=0x0000ac4e0000ac4e0000cd830000cd83 xmm1=0x0000359500003595000057e3000057e3 
  xmm2=0x000053dc000053dc0000c7220000c722 xmm3=0x00000b9800000b980000c4820000c482 
  xmm4=0x0000df0c0000df0c0000262800002628 xmm5=0x00007d4200007d420000ac030000ac03 
  xmm6=0x00001c3900001c3900006f1000006f10 xmm7=0x0000eb4c0000eb4c0000276400002764 

0xe6: cmovl rdi, rcx
  rax=0x0000000000000000 rbx=0x0000000000000043 rcx=0x000053fc000053fc rdx=0x0000000000000043
  rsi=0x00000000000000f7 rdi=0x0000000000004343 flags=0b000001000110
  xmm0=0x0000ac4e0000ac4e0000cd830000cd83 xmm1=0x0000359500003595000057e3000057e3 
  xmm2=0x000053dc000053dc0000c7220000c722 xmm3=0x00000b9800000b980000c4820000c482 
  xmm4=0x0000df0c0000df0c0000262800002628 xmm5=0x00007d4200007d420000ac030000ac03 
  xmm6=0x00001c3900001c3900006f1000006f10 xmm7=0x0000eb4c0000eb4c0000276400002764 

0xea: and rax, 0b1111111111111
  rax=0x0000000000000000 rbx=0x0000000000000043 rcx=0x000053fc000053fc rdx=0x0000000000000043
  rsi=0x00000000000000f7 rdi=0x0000000000004343 flags=0b000001000110
  xmm0=0x0000ac4e0000ac4e0000cd830000cd83 xmm1=0x0000359500003595000057e3000057e3 
  xmm2=0x000053dc000053dc0000c7220000c722 xmm3=0x00000b9800000b980000c4820000c482 
  xmm4=0x0000df0c0000df0c0000262800002628 xmm5=0x00007d4200007d420000ac030000ac03 
  xmm6=0x00001c3900001c3900006f1000006f10 xmm7=0x0000eb4c0000eb4c0000276400002764 

0xf0: imul rax, [r14 +rax], 29
  rax=0x0000000000000000 rbx=0x0000000000000043 rcx=0x000053fc000053fc rdx=0x0000000000000043
  rsi=0x00000000000000f7 rdi=0x0000000000004343 flags=0b000001000110
  xmm0=0x0000ac4e0000ac4e0000cd830000cd83 xmm1=0x0000359500003595000057e3000057e3 
  xmm2=0x000053dc000053dc0000c7220000c722 xmm3=0x00000b9800000b980000c4820000c482 
  xmm4=0x0000df0c0000df0c0000262800002628 xmm5=0x00007d4200007d420000ac030000ac03 
  xmm6=0x00001c3900001c3900006f1000006f10 xmm7=0x0000eb4c0000eb4c0000276400002764 

    > load from +0x0 value 0x434300004343
0xf5: or rsi, rax
  rax=0x00079e9700079e97 rbx=0x0000000000000043 rcx=0x000053fc000053fc rdx=0x0000000000000043
  rsi=0x00000000000000f7 rdi=0x0000000000004343 flags=0b000000000010
  xmm0=0x0000ac4e0000ac4e0000cd830000cd83 xmm1=0x0000359500003595000057e3000057e3 
  xmm2=0x000053dc000053dc0000c7220000c722 xmm3=0x00000b9800000b980000c4820000c482 
  xmm4=0x0000df0c0000df0c0000262800002628 xmm5=0x00007d4200007d420000ac030000ac03 
  xmm6=0x00001c3900001c3900006f1000006f10 xmm7=0x0000eb4c0000eb4c0000276400002764 

0xf8: and rcx, 0b1111111111111
  rax=0x00079e9700079e97 rbx=0x0000000000000043 rcx=0x000053fc000053fc rdx=0x0000000000000043
  rsi=0x00079e9700079ef7 rdi=0x0000000000004343 flags=0b000000000010
  xmm0=0x0000ac4e0000ac4e0000cd830000cd83 xmm1=0x0000359500003595000057e3000057e3 
  xmm2=0x000053dc000053dc0000c7220000c722 xmm3=0x00000b9800000b980000c4820000c482 
  xmm4=0x0000df0c0000df0c0000262800002628 xmm5=0x00007d4200007d420000ac030000ac03 
  xmm6=0x00001c3900001c3900006f1000006f10 xmm7=0x0000eb4c0000eb4c0000276400002764 

0xff: cmovl dx, [r14 +rcx]
  rax=0x00079e9700079e97 rbx=0x0000000000000043 rcx=0x00000000000013fc rdx=0x0000000000000043
  rsi=0x00079e9700079ef7 rdi=0x0000000000004343 flags=0b000000000110
  xmm0=0x0000ac4e0000ac4e0000cd830000cd83 xmm1=0x0000359500003595000057e3000057e3 
  xmm2=0x000053dc000053dc0000c7220000c722 xmm3=0x00000b9800000b980000c4820000c482 
  xmm4=0x0000df0c0000df0c0000262800002628 xmm5=0x00007d4200007d420000ac030000ac03 
  xmm6=0x00001c3900001c3900006f1000006f10 xmm7=0x0000eb4c0000eb4c0000276400002764 

    > load from +0x13fc value 0xe35
0x105: and rsi, 0b1111111111111
  rax=0x00079e9700079e97 rbx=0x0000000000000043 rcx=0x00000000000013fc rdx=0x0000000000000043
  rsi=0x00079e9700079ef7 rdi=0x0000000000004343 flags=0b000000000110
  xmm0=0x0000ac4e0000ac4e0000cd830000cd83 xmm1=0x0000359500003595000057e3000057e3 
  xmm2=0x000053dc000053dc0000c7220000c722 xmm3=0x00000b9800000b980000c4820000c482 
  xmm4=0x0000df0c0000df0c0000262800002628 xmm5=0x00007d4200007d420000ac030000ac03 
  xmm6=0x00001c3900001c3900006f1000006f10 xmm7=0x0000eb4c0000eb4c0000276400002764 

0x10c: test [r14 +rsi], al
  rax=0x00079e9700079e97 rbx=0x0000000000000043 rcx=0x00000000000013fc rdx=0x0000000000000043
  rsi=0x0000000000001ef7 rdi=0x0000000000004343 flags=0b000000000010
  xmm0=0x0000ac4e0000ac4e0000cd830000cd83 xmm1=0x0000359500003595000057e3000057e3 
  xmm2=0x000053dc000053dc0000c7220000c722 xmm3=0x00000b9800000b980000c4820000c482 
  xmm4=0x0000df0c0000df0c0000262800002628 xmm5=0x00007d4200007d420000ac030000ac03 
  xmm6=0x00001c3900001c3900006f1000006f10 xmm7=0x0000eb4c0000eb4c0000276400002764 

    > load from +0x1ef7 value 0x0
0x110: cmovnz si, di
  rax=0x00079e9700079e97 rbx=0x0000000000000043 rcx=0x00000000000013fc rdx=0x0000000000000043
  rsi=0x0000000000001ef7 rdi=0x0000000000004343 flags=0b000001000110
  xmm0=0x0000ac4e0000ac4e0000cd830000cd83 xmm1=0x0000359500003595000057e3000057e3 
  xmm2=0x000053dc000053dc0000c7220000c722 xmm3=0x00000b9800000b980000c4820000c482 
  xmm4=0x0000df0c0000df0c0000262800002628 xmm5=0x00007d4200007d420000ac030000ac03 
  xmm6=0x00001c3900001c3900006f1000006f10 xmm7=0x0000eb4c0000eb4c0000276400002764 

0x114: and rdx, 0b1111111111111
  rax=0x00079e9700079e97 rbx=0x0000000000000043 rcx=0x00000000000013fc rdx=0x0000000000000043
  rsi=0x0000000000001ef7 rdi=0x0000000000004343 flags=0b000001000110
  xmm0=0x0000ac4e0000ac4e0000cd830000cd83 xmm1=0x0000359500003595000057e3000057e3 
  xmm2=0x000053dc000053dc0000c7220000c722 xmm3=0x00000b9800000b980000c4820000c482 
  xmm4=0x0000df0c0000df0c0000262800002628 xmm5=0x00007d4200007d420000ac030000ac03 
  xmm6=0x00001c3900001c3900006f1000006f10 xmm7=0x0000eb4c0000eb4c0000276400002764 

0x11b: add dl, [r14 +rdx]
  rax=0x00079e9700079e97 rbx=0x0000000000000043 rcx=0x00000000000013fc rdx=0x0000000000000043
  rsi=0x0000000000001ef7 rdi=0x0000000000004343 flags=0b000000000010
  xmm0=0x0000ac4e0000ac4e0000cd830000cd83 xmm1=0x0000359500003595000057e3000057e3 
  xmm2=0x000053dc000053dc0000c7220000c722 xmm3=0x00000b9800000b980000c4820000c482 
  xmm4=0x0000df0c0000df0c0000262800002628 xmm5=0x00007d4200007d420000ac030000ac03 
  xmm6=0x00001c3900001c3900006f1000006f10 xmm7=0x0000eb4c0000eb4c0000276400002764 

    > load from +0x43 value 0x0
0x11f: std 
  rax=0x00079e9700079e97 rbx=0x0000000000000043 rcx=0x00000000000013fc rdx=0x0000000000000043
  rsi=0x0000000000001ef7 rdi=0x0000000000004343 flags=0b000000000010
  xmm0=0x0000ac4e0000ac4e0000cd830000cd83 xmm1=0x0000359500003595000057e3000057e3 
  xmm2=0x000053dc000053dc0000c7220000c722 xmm3=0x00000b9800000b980000c4820000c482 
  xmm4=0x0000df0c0000df0c0000262800002628 xmm5=0x00007d4200007d420000ac030000ac03 
  xmm6=0x00001c3900001c3900006f1000006f10 xmm7=0x0000eb4c0000eb4c0000276400002764 

0x120: and rcx, 0b1111111111111
  rax=0x00079e9700079e97 rbx=0x0000000000000043 rcx=0x00000000000013fc rdx=0x0000000000000043
  rsi=0x0000000000001ef7 rdi=0x0000000000004343 flags=0b010000000010
  xmm0=0x0000ac4e0000ac4e0000cd830000cd83 xmm1=0x0000359500003595000057e3000057e3 
  xmm2=0x000053dc000053dc0000c7220000c722 xmm3=0x00000b9800000b980000c4820000c482 
  xmm4=0x0000df0c0000df0c0000262800002628 xmm5=0x00007d4200007d420000ac030000ac03 
  xmm6=0x00001c3900001c3900006f1000006f10 xmm7=0x0000eb4c0000eb4c0000276400002764 

0x127: add rcx, [r14 +rcx]
  rax=0x00079e9700079e97 rbx=0x0000000000000043 rcx=0x00000000000013fc rdx=0x0000000000000043
  rsi=0x0000000000001ef7 rdi=0x0000000000004343 flags=0b010000000110
  xmm0=0x0000ac4e0000ac4e0000cd830000cd83 xmm1=0x0000359500003595000057e3000057e3 
  xmm2=0x000053dc000053dc0000c7220000c722 xmm3=0x00000b9800000b980000c4820000c482 
  xmm4=0x0000df0c0000df0c0000262800002628 xmm5=0x00007d4200007d420000ac030000ac03 
  xmm6=0x00001c3900001c3900006f1000006f10 xmm7=0x0000eb4c0000eb4c0000276400002764 

    > load from +0x13fc value 0x760b00000e35
0x12b: dec rbx
  rax=0x00079e9700079e97 rbx=0x0000000000000043 rcx=0x0000760b00002231 rdx=0x0000000000000043
  rsi=0x0000000000001ef7 rdi=0x0000000000004343 flags=0b010000010010
  xmm0=0x0000ac4e0000ac4e0000cd830000cd83 xmm1=0x0000359500003595000057e3000057e3 
  xmm2=0x000053dc000053dc0000c7220000c722 xmm3=0x00000b9800000b980000c4820000c482 
  xmm4=0x0000df0c0000df0c0000262800002628 xmm5=0x00007d4200007d420000ac030000ac03 
  xmm6=0x00001c3900001c3900006f1000006f10 xmm7=0x0000eb4c0000eb4c0000276400002764 

0x12e: and rax, 0b1111111111111
  rax=0x00079e9700079e97 rbx=0x0000000000000042 rcx=0x0000760b00002231 rdx=0x0000000000000043
  rsi=0x0000000000001ef7 rdi=0x0000000000004343 flags=0b010000000110
  xmm0=0x0000ac4e0000ac4e0000cd830000cd83 xmm1=0x0000359500003595000057e3000057e3 
  xmm2=0x000053dc000053dc0000c7220000c722 xmm3=0x00000b9800000b980000c4820000c482 
  xmm4=0x0000df0c0000df0c0000262800002628 xmm5=0x00007d4200007d420000ac030000ac03 
  xmm6=0x00001c3900001c3900006f1000006f10 xmm7=0x0000eb4c0000eb4c0000276400002764 

0x134: sub eax, [r14 +rax]
  rax=0x0000000000001e97 rbx=0x0000000000000042 rcx=0x0000760b00002231 rdx=0x0000000000000043
  rsi=0x0000000000001ef7 rdi=0x0000000000004343 flags=0b010000000010
  xmm0=0x0000ac4e0000ac4e0000cd830000cd83 xmm1=0x0000359500003595000057e3000057e3 
  xmm2=0x000053dc000053dc0000c7220000c722 xmm3=0x00000b9800000b980000c4820000c482 
  xmm4=0x0000df0c0000df0c0000262800002628 xmm5=0x00007d4200007d420000ac030000ac03 
  xmm6=0x00001c3900001c3900006f1000006f10 xmm7=0x0000eb4c0000eb4c0000276400002764 

    > load from +0x1e97 value 0x830600
0x138: and rax, 0b1111111111111
  rax=0x00000000ff7d1897 rbx=0x0000000000000042 rcx=0x0000760b00002231 rdx=0x0000000000000043
  rsi=0x0000000000001ef7 rdi=0x0000000000004343 flags=0b010010000011
  xmm0=0x0000ac4e0000ac4e0000cd830000cd83 xmm1=0x0000359500003595000057e3000057e3 
  xmm2=0x000053dc000053dc0000c7220000c722 xmm3=0x00000b9800000b980000c4820000c482 
  xmm4=0x0000df0c0000df0c0000262800002628 xmm5=0x00007d4200007d420000ac030000ac03 
  xmm6=0x00001c3900001c3900006f1000006f10 xmm7=0x0000eb4c0000eb4c0000276400002764 

0x13e: test [r14 +rax], bl
  rax=0x0000000000001897 rbx=0x0000000000000042 rcx=0x0000760b00002231 rdx=0x0000000000000043
  rsi=0x0000000000001ef7 rdi=0x0000000000004343 flags=0b010000000010
  xmm0=0x0000ac4e0000ac4e0000cd830000cd83 xmm1=0x0000359500003595000057e3000057e3 
  xmm2=0x000053dc000053dc0000c7220000c722 xmm3=0x00000b9800000b980000c4820000c482 
  xmm4=0x0000df0c0000df0c0000262800002628 xmm5=0x00007d4200007d420000ac030000ac03 
  xmm6=0x00001c3900001c3900006f1000006f10 xmm7=0x0000eb4c0000eb4c0000276400002764 

    > load from +0x1897 value 0x0
0x142: sbb edi, edi
  rax=0x0000000000001897 rbx=0x0000000000000042 rcx=0x0000760b00002231 rdx=0x0000000000000043
  rsi=0x0000000000001ef7 rdi=0x0000000000004343 flags=0b010001000110
  xmm0=0x0000ac4e0000ac4e0000cd830000cd83 xmm1=0x0000359500003595000057e3000057e3 
  xmm2=0x000053dc000053dc0000c7220000c722 xmm3=0x00000b9800000b980000c4820000c482 
  xmm4=0x0000df0c0000df0c0000262800002628 xmm5=0x00007d4200007d420000ac030000ac03 
  xmm6=0x00001c3900001c3900006f1000006f10 xmm7=0x0000eb4c0000eb4c0000276400002764 

0x144: and rbx, 0b1111111111111
  rax=0x0000000000001897 rbx=0x0000000000000042 rcx=0x0000760b00002231 rdx=0x0000000000000043
  rsi=0x0000000000001ef7 rdi=0x0000000000000000 flags=0b010001000110
  xmm0=0x0000ac4e0000ac4e0000cd830000cd83 xmm1=0x0000359500003595000057e3000057e3 
  xmm2=0x000053dc000053dc0000c7220000c722 xmm3=0x00000b9800000b980000c4820000c482 
  xmm4=0x0000df0c0000df0c0000262800002628 xmm5=0x00007d4200007d420000ac030000ac03 
  xmm6=0x00001c3900001c3900006f1000006f10 xmm7=0x0000eb4c0000eb4c0000276400002764 

0x14b: cmovnl bx, [r14 +rbx]
  rax=0x0000000000001897 rbx=0x0000000000000042 rcx=0x0000760b00002231 rdx=0x0000000000000043
  rsi=0x0000000000001ef7 rdi=0x0000000000000000 flags=0b010000000110
  xmm0=0x0000ac4e0000ac4e0000cd830000cd83 xmm1=0x0000359500003595000057e3000057e3 
  xmm2=0x000053dc000053dc0000c7220000c722 xmm3=0x00000b9800000b980000c4820000c482 
  xmm4=0x0000df0c0000df0c0000262800002628 xmm5=0x00007d4200007d420000ac030000ac03 
  xmm6=0x00001c3900001c3900006f1000006f10 xmm7=0x0000eb4c0000eb4c0000276400002764 

    > load from +0x42 value 0x0
0x151: and rax, 0b1111111111111
  rax=0x0000000000001897 rbx=0x0000000000000000 rcx=0x0000760b00002231 rdx=0x0000000000000043
  rsi=0x0000000000001ef7 rdi=0x0000000000000000 flags=0b010000000110
  xmm0=0x0000ac4e0000ac4e0000cd830000cd83 xmm1=0x0000359500003595000057e3000057e3 
  xmm2=0x000053dc000053dc0000c7220000c722 xmm3=0x00000b9800000b980000c4820000c482 
  xmm4=0x0000df0c0000df0c0000262800002628 xmm5=0x00007d4200007d420000ac030000ac03 
  xmm6=0x00001c3900001c3900006f1000006f10 xmm7=0x0000eb4c0000eb4c0000276400002764 

0x157: cmovnp di, [r14 +rax]
  rax=0x0000000000001897 rbx=0x0000000000000000 rcx=0x0000760b00002231 rdx=0x0000000000000043
  rsi=0x0000000000001ef7 rdi=0x0000000000000000 flags=0b010000000010
  xmm0=0x0000ac4e0000ac4e0000cd830000cd83 xmm1=0x0000359500003595000057e3000057e3 
  xmm2=0x000053dc000053dc0000c7220000c722 xmm3=0x00000b9800000b980000c4820000c482 
  xmm4=0x0000df0c0000df0c0000262800002628 xmm5=0x00007d4200007d420000ac030000ac03 
  xmm6=0x00001c3900001c3900006f1000006f10 xmm7=0x0000eb4c0000eb4c0000276400002764 

    > load from +0x1897 value 0xc800
0x15d: xchg rsi, rax
  rax=0x0000000000001897 rbx=0x0000000000000000 rcx=0x0000760b00002231 rdx=0x0000000000000043
  rsi=0x0000000000001ef7 rdi=0x000000000000c800 flags=0b010000000010
  xmm0=0x0000ac4e0000ac4e0000cd830000cd83 xmm1=0x0000359500003595000057e3000057e3 
  xmm2=0x000053dc000053dc0000c7220000c722 xmm3=0x00000b9800000b980000c4820000c482 
  xmm4=0x0000df0c0000df0c0000262800002628 xmm5=0x00007d4200007d420000ac030000ac03 
  xmm6=0x00001c3900001c3900006f1000006f10 xmm7=0x0000eb4c0000eb4c0000276400002764 

0x15f: imul rsi, rcx, -99
  rax=0x0000000000001ef7 rbx=0x0000000000000000 rcx=0x0000760b00002231 rdx=0x0000000000000043
  rsi=0x0000000000001897 rdi=0x000000000000c800 flags=0b010000000010
  xmm0=0x0000ac4e0000ac4e0000cd830000cd83 xmm1=0x0000359500003595000057e3000057e3 
  xmm2=0x000053dc000053dc0000c7220000c722 xmm3=0x00000b9800000b980000c4820000c482 
  xmm4=0x0000df0c0000df0c0000262800002628 xmm5=0x00007d4200007d420000ac030000ac03 
  xmm6=0x00001c3900001c3900006f1000006f10 xmm7=0x0000eb4c0000eb4c0000276400002764 

0x163: add sil, -57
  rax=0x0000000000001ef7 rbx=0x0000000000000000 rcx=0x0000760b00002231 rdx=0x0000000000000043
  rsi=0xffd259befff2c70d rdi=0x000000000000c800 flags=0b010010000010
  xmm0=0x0000ac4e0000ac4e0000cd830000cd83 xmm1=0x0000359500003595000057e3000057e3 
  xmm2=0x000053dc000053dc0000c7220000c722 xmm3=0x00000b9800000b980000c4820000c482 
  xmm4=0x0000df0c0000df0c0000262800002628 xmm5=0x00007d4200007d420000ac030000ac03 
  xmm6=0x00001c3900001c3900006f1000006f10 xmm7=0x0000eb4c0000eb4c0000276400002764 

0x167: and rbx, 0b1111111111111
  rax=0x0000000000001ef7 rbx=0x0000000000000000 rcx=0x0000760b00002231 rdx=0x0000000000000043
  rsi=0xffd259befff2c7d4 rdi=0x000000000000c800 flags=0b010010010110
  xmm0=0x0000ac4e0000ac4e0000cd830000cd83 xmm1=0x0000359500003595000057e3000057e3 
  xmm2=0x000053dc000053dc0000c7220000c722 xmm3=0x00000b9800000b980000c4820000c482 
  xmm4=0x0000df0c0000df0c0000262800002628 xmm5=0x00007d4200007d420000ac030000ac03 
  xmm6=0x00001c3900001c3900006f1000006f10 xmm7=0x0000eb4c0000eb4c0000276400002764 

0x16e: cmovs edx, [r14 +rbx]
  rax=0x0000000000001ef7 rbx=0x0000000000000000 rcx=0x0000760b00002231 rdx=0x0000000000000043
  rsi=0xffd259befff2c7d4 rdi=0x000000000000c800 flags=0b010001000110
  xmm0=0x0000ac4e0000ac4e0000cd830000cd83 xmm1=0x0000359500003595000057e3000057e3 
  xmm2=0x000053dc000053dc0000c7220000c722 xmm3=0x00000b9800000b980000c4820000c482 
  xmm4=0x0000df0c0000df0c0000262800002628 xmm5=0x00007d4200007d420000ac030000ac03 
  xmm6=0x00001c3900001c3900006f1000006f10 xmm7=0x0000eb4c0000eb4c0000276400002764 

    > load from +0x0 value 0x4343
0x173: cmovz rcx, rbx
  rax=0x0000000000001ef7 rbx=0x0000000000000000 rcx=0x0000760b00002231 rdx=0x0000000000000043
  rsi=0xffd259befff2c7d4 rdi=0x000000000000c800 flags=0b010001000110
  xmm0=0x0000ac4e0000ac4e0000cd830000cd83 xmm1=0x0000359500003595000057e3000057e3 
  xmm2=0x000053dc000053dc0000c7220000c722 xmm3=0x00000b9800000b980000c4820000c482 
  xmm4=0x0000df0c0000df0c0000262800002628 xmm5=0x00007d4200007d420000ac030000ac03 
  xmm6=0x00001c3900001c3900006f1000006f10 xmm7=0x0000eb4c0000eb4c0000276400002764 

0x177: and rcx, 0b1111111111111
  rax=0x0000000000001ef7 rbx=0x0000000000000000 rcx=0x0000000000000000 rdx=0x0000000000000043
  rsi=0xffd259befff2c7d4 rdi=0x000000000000c800 flags=0b010001000110
  xmm0=0x0000ac4e0000ac4e0000cd830000cd83 xmm1=0x0000359500003595000057e3000057e3 
  xmm2=0x000053dc000053dc0000c7220000c722 xmm3=0x00000b9800000b980000c4820000c482 
  xmm4=0x0000df0c0000df0c0000262800002628 xmm5=0x00007d4200007d420000ac030000ac03 
  xmm6=0x00001c3900001c3900006f1000006f10 xmm7=0x0000eb4c0000eb4c0000276400002764 

0x17e: movzx bx, [r14 +rcx]
  rax=0x0000000000001ef7 rbx=0x0000000000000000 rcx=0x0000000000000000 rdx=0x0000000000000043
  rsi=0xffd259befff2c7d4 rdi=0x000000000000c800 flags=0b010001000110
  xmm0=0x0000ac4e0000ac4e0000cd830000cd83 xmm1=0x0000359500003595000057e3000057e3 
  xmm2=0x000053dc000053dc0000c7220000c722 xmm3=0x00000b9800000b980000c4820000c482 
  xmm4=0x0000df0c0000df0c0000262800002628 xmm5=0x00007d4200007d420000ac030000ac03 
  xmm6=0x00001c3900001c3900006f1000006f10 xmm7=0x0000eb4c0000eb4c0000276400002764 

    > load from +0x0 value 0x43
0x184: macro .switch, .actor2.function_actor2_1
  rax=0x0000000000001ef7 rbx=0x0000000000000043 rcx=0x0000000000000000 rdx=0x0000000000000043
  rsi=0xffd259befff2c7d4 rdi=0x000000000000c800 flags=0b010001000110
  xmm0=0x0000ac4e0000ac4e0000cd830000cd83 xmm1=0x0000359500003595000057e3000057e3 
  xmm2=0x000053dc000053dc0000c7220000c722 xmm3=0x00000b9800000b980000c4820000c482 
  xmm4=0x0000df0c0000df0c0000262800002628 xmm5=0x00007d4200007d420000ac030000ac03 
  xmm6=0x00001c3900001c3900006f1000006f10 xmm7=0x0000eb4c0000eb4c0000276400002764 

0x3199: pushfq 
  rax=0x0000000000001ef7 rbx=0x0000000000000043 rcx=0x0000000000000000 rdx=0x0000000000000043
  rsi=0xffd259befff2c7d4 rdi=0x000000000000c800 flags=0b010001000110
  xmm0=0x0000ac4e0000ac4e0000cd830000cd83 xmm1=0x0000359500003595000057e3000057e3 
  xmm2=0x000053dc000053dc0000c7220000c722 xmm3=0x00000b9800000b980000c4820000c482 
  xmm4=0x0000df0c0000df0c0000262800002628 xmm5=0x00007d4200007d420000ac030000ac03 
  xmm6=0x00001c3900001c3900006f1000006f10 xmm7=0x0000eb4c0000eb4c0000276400002764 

    > store to +0x4ff0 value 0x446
0x319a: push rax
  rax=0x0000000000001ef7 rbx=0x0000000000000043 rcx=0x0000000000000000 rdx=0x0000000000000043
  rsi=0xffd259befff2c7d4 rdi=0x000000000000c800 flags=0b010001000110
  xmm0=0x0000ac4e0000ac4e0000cd830000cd83 xmm1=0x0000359500003595000057e3000057e3 
  xmm2=0x000053dc000053dc0000c7220000c722 xmm3=0x00000b9800000b980000c4820000c482 
  xmm4=0x0000df0c0000df0c0000262800002628 xmm5=0x00007d4200007d420000ac030000ac03 
  xmm6=0x00001c3900001c3900006f1000006f10 xmm7=0x0000eb4c0000eb4c0000276400002764 

    > store to +0x4fe8 value 0x1ef7
0x319b: push rcx
  rax=0x0000000000001ef7 rbx=0x0000000000000043 rcx=0x0000000000000000 rdx=0x0000000000000043
  rsi=0xffd259befff2c7d4 rdi=0x000000000000c800 flags=0b010001000110
  xmm0=0x0000ac4e0000ac4e0000cd830000cd83 xmm1=0x0000359500003595000057e3000057e3 
  xmm2=0x000053dc000053dc0000c7220000c722 xmm3=0x00000b9800000b980000c4820000c482 
  xmm4=0x0000df0c0000df0c0000262800002628 xmm5=0x00007d4200007d420000ac030000ac03 
  xmm6=0x00001c3900001c3900006f1000006f10 xmm7=0x0000eb4c0000eb4c0000276400002764 

    > store to +0x4fe0 value 0x0
0x319c: push rdx
  rax=0x0000000000001ef7 rbx=0x0000000000000043 rcx=0x0000000000000000 rdx=0x0000000000000043
  rsi=0xffd259befff2c7d4 rdi=0x000000000000c800 flags=0b010001000110
  xmm0=0x0000ac4e0000ac4e0000cd830000cd83 xmm1=0x0000359500003595000057e3000057e3 
  xmm2=0x000053dc000053dc0000c7220000c722 xmm3=0x00000b9800000b980000c4820000c482 
  xmm4=0x0000df0c0000df0c0000262800002628 xmm5=0x00007d4200007d420000ac030000ac03 
  xmm6=0x00001c3900001c3900006f1000006f10 xmm7=0x0000eb4c0000eb4c0000276400002764 

    > store to +0x4fd8 value 0x43
0x319d: mov ecx, 0x48
  rax=0x0000000000001ef7 rbx=0x0000000000000043 rcx=0x0000000000000000 rdx=0x0000000000000043
  rsi=0xffd259befff2c7d4 rdi=0x000000000000c800 flags=0b010001000110
  xmm0=0x0000ac4e0000ac4e0000cd830000cd83 xmm1=0x0000359500003595000057e3000057e3 
  xmm2=0x000053dc000053dc0000c7220000c722 xmm3=0x00000b9800000b980000c4820000c482 
  xmm4=0x0000df0c0000df0c0000262800002628 xmm5=0x00007d4200007d420000ac030000ac03 
  xmm6=0x00001c3900001c3900006f1000006f10 xmm7=0x0000eb4c0000eb4c0000276400002764 

0x31a2: rdmsr 
  rax=0x0000000000001ef7 rbx=0x0000000000000043 rcx=0x0000000000000048 rdx=0x0000000000000043
  rsi=0xffd259befff2c7d4 rdi=0x000000000000c800 flags=0b010001000110
  xmm0=0x0000ac4e0000ac4e0000cd830000cd83 xmm1=0x0000359500003595000057e3000057e3 
  xmm2=0x000053dc000053dc0000c7220000c722 xmm3=0x00000b9800000b980000c4820000c482 
  xmm4=0x0000df0c0000df0c0000262800002628 xmm5=0x00007d4200007d420000ac030000ac03 
  xmm6=0x00001c3900001c3900006f1000006f10 xmm7=0x0000eb4c0000eb4c0000276400002764 

0x31a4: and eax, 0xfffffffb
  rax=0x0000000000000000 rbx=0x0000000000000043 rcx=0x0000000000000048 rdx=0x0000000000000000
  rsi=0xffd259befff2c7d4 rdi=0x000000000000c800 flags=0b010001000110
  xmm0=0x0000ac4e0000ac4e0000cd830000cd83 xmm1=0x0000359500003595000057e3000057e3 
  xmm2=0x000053dc000053dc0000c7220000c722 xmm3=0x00000b9800000b980000c4820000c482 
  xmm4=0x0000df0c0000df0c0000262800002628 xmm5=0x00007d4200007d420000ac030000ac03 
  xmm6=0x00001c3900001c3900006f1000006f10 xmm7=0x0000eb4c0000eb4c0000276400002764 

0x31a7: or eax, 0x100
  rax=0x0000000000000000 rbx=0x0000000000000043 rcx=0x0000000000000048 rdx=0x0000000000000000
  rsi=0xffd259befff2c7d4 rdi=0x000000000000c800 flags=0b010001000110
  xmm0=0x0000ac4e0000ac4e0000cd830000cd83 xmm1=0x0000359500003595000057e3000057e3 
  xmm2=0x000053dc000053dc0000c7220000c722 xmm3=0x00000b9800000b980000c4820000c482 
  xmm4=0x0000df0c0000df0c0000262800002628 xmm5=0x00007d4200007d420000ac030000ac03 
  xmm6=0x00001c3900001c3900006f1000006f10 xmm7=0x0000eb4c0000eb4c0000276400002764 

0x31ac: wrmsr 
  rax=0x0000000000000100 rbx=0x0000000000000043 rcx=0x0000000000000048 rdx=0x0000000000000000
  rsi=0xffd259befff2c7d4 rdi=0x000000000000c800 flags=0b010000000110
  xmm0=0x0000ac4e0000ac4e0000cd830000cd83 xmm1=0x0000359500003595000057e3000057e3 
  xmm2=0x000053dc000053dc0000c7220000c722 xmm3=0x00000b9800000b980000c4820000c482 
  xmm4=0x0000df0c0000df0c0000262800002628 xmm5=0x00007d4200007d420000ac030000ac03 
  xmm6=0x00001c3900001c3900006f1000006f10 xmm7=0x0000eb4c0000eb4c0000276400002764 

0x31ae: mfence 
  rax=0x0000000000000100 rbx=0x0000000000000043 rcx=0x0000000000000048 rdx=0x0000000000000000
  rsi=0xffd259befff2c7d4 rdi=0x000000000000c800 flags=0b010000000110
  xmm0=0x0000ac4e0000ac4e0000cd830000cd83 xmm1=0x0000359500003595000057e3000057e3 
  xmm2=0x000053dc000053dc0000c7220000c722 xmm3=0x00000b9800000b980000c4820000c482 
  xmm4=0x0000df0c0000df0c0000262800002628 xmm5=0x00007d4200007d420000ac030000ac03 
  xmm6=0x00001c3900001c3900006f1000006f10 xmm7=0x0000eb4c0000eb4c0000276400002764 

0x31b1: lfence 
  rax=0x0000000000000100 rbx=0x0000000000000043 rcx=0x0000000000000048 rdx=0x0000000000000000
  rsi=0xffd259befff2c7d4 rdi=0x000000000000c800 flags=0b010000000110
  xmm0=0x0000ac4e0000ac4e0000cd830000cd83 xmm1=0x0000359500003595000057e3000057e3 
  xmm2=0x000053dc000053dc0000c7220000c722 xmm3=0x00000b9800000b980000c4820000c482 
  xmm4=0x0000df0c0000df0c0000262800002628 xmm5=0x00007d4200007d420000ac030000ac03 
  xmm6=0x00001c3900001c3900006f1000006f10 xmm7=0x0000eb4c0000eb4c0000276400002764 

0x31b4: macro .measurement_end, .noarg
  rax=0x0000000000000100 rbx=0x0000000000000043 rcx=0x0000000000000048 rdx=0x0000000000000000
  rsi=0xffd259befff2c7d4 rdi=0x000000000000c800 flags=0b010000000110
  xmm0=0x0000ac4e0000ac4e0000cd830000cd83 xmm1=0x0000359500003595000057e3000057e3 
  xmm2=0x000053dc000053dc0000c7220000c722 xmm3=0x00000b9800000b980000c4820000c482 
  xmm4=0x0000df0c0000df0c0000262800002628 xmm5=0x00007d4200007d420000ac030000ac03 
  xmm6=0x00001c3900001c3900006f1000006f10 xmm7=0x0000eb4c0000eb4c0000276400002764 

0x31bc: mov ecx, 0x48
  rax=0x0000000000000100 rbx=0x0000000000000043 rcx=0x0000000000000048 rdx=0x0000000000000000
  rsi=0xffd259befff2c7d4 rdi=0x000000000000c800 flags=0b010000000110
  xmm0=0x0000ac4e0000ac4e0000cd830000cd83 xmm1=0x0000359500003595000057e3000057e3 
  xmm2=0x000053dc000053dc0000c7220000c722 xmm3=0x00000b9800000b980000c4820000c482 
  xmm4=0x0000df0c0000df0c0000262800002628 xmm5=0x00007d4200007d420000ac030000ac03 
  xmm6=0x00001c3900001c3900006f1000006f10 xmm7=0x0000eb4c0000eb4c0000276400002764 

0x31c1: rdmsr 
  rax=0x0000000000000100 rbx=0x0000000000000043 rcx=0x0000000000000048 rdx=0x0000000000000000
  rsi=0xffd259befff2c7d4 rdi=0x000000000000c800 flags=0b010000000110
  xmm0=0x0000ac4e0000ac4e0000cd830000cd83 xmm1=0x0000359500003595000057e3000057e3 
  xmm2=0x000053dc000053dc0000c7220000c722 xmm3=0x00000b9800000b980000c4820000c482 
  xmm4=0x0000df0c0000df0c0000262800002628 xmm5=0x00007d4200007d420000ac030000ac03 
  xmm6=0x00001c3900001c3900006f1000006f10 xmm7=0x0000eb4c0000eb4c0000276400002764 

0x31c3: and eax, 0xfffffffb
  rax=0x0000000000000000 rbx=0x0000000000000043 rcx=0x0000000000000048 rdx=0x0000000000000000
  rsi=0xffd259befff2c7d4 rdi=0x000000000000c800 flags=0b010000000110
  xmm0=0x0000ac4e0000ac4e0000cd830000cd83 xmm1=0x0000359500003595000057e3000057e3 
  xmm2=0x000053dc000053dc0000c7220000c722 xmm3=0x00000b9800000b980000c4820000c482 
  xmm4=0x0000df0c0000df0c0000262800002628 xmm5=0x00007d4200007d420000ac030000ac03 
  xmm6=0x00001c3900001c3900006f1000006f10 xmm7=0x0000eb4c0000eb4c0000276400002764 

0x31c6: and eax, 0xfffffeff
  rax=0x0000000000000000 rbx=0x0000000000000043 rcx=0x0000000000000048 rdx=0x0000000000000000
  rsi=0xffd259befff2c7d4 rdi=0x000000000000c800 flags=0b010001000110
  xmm0=0x0000ac4e0000ac4e0000cd830000cd83 xmm1=0x0000359500003595000057e3000057e3 
  xmm2=0x000053dc000053dc0000c7220000c722 xmm3=0x00000b9800000b980000c4820000c482 
  xmm4=0x0000df0c0000df0c0000262800002628 xmm5=0x00007d4200007d420000ac030000ac03 
  xmm6=0x00001c3900001c3900006f1000006f10 xmm7=0x0000eb4c0000eb4c0000276400002764 

0x31cb: wrmsr 
  rax=0x0000000000000000 rbx=0x0000000000000043 rcx=0x0000000000000048 rdx=0x0000000000000000
  rsi=0xffd259befff2c7d4 rdi=0x000000000000c800 flags=0b010001000110
  xmm0=0x0000ac4e0000ac4e0000cd830000cd83 xmm1=0x0000359500003595000057e3000057e3 
  xmm2=0x000053dc000053dc0000c7220000c722 xmm3=0x00000b9800000b980000c4820000c482 
  xmm4=0x0000df0c0000df0c0000262800002628 xmm5=0x00007d4200007d420000ac030000ac03 
  xmm6=0x00001c3900001c3900006f1000006f10 xmm7=0x0000eb4c0000eb4c0000276400002764 

0x31cd: mfence 
  rax=0x0000000000000000 rbx=0x0000000000000043 rcx=0x0000000000000048 rdx=0x0000000000000000
  rsi=0xffd259befff2c7d4 rdi=0x000000000000c800 flags=0b010001000110
  xmm0=0x0000ac4e0000ac4e0000cd830000cd83 xmm1=0x0000359500003595000057e3000057e3 
  xmm2=0x000053dc000053dc0000c7220000c722 xmm3=0x00000b9800000b980000c4820000c482 
  xmm4=0x0000df0c0000df0c0000262800002628 xmm5=0x00007d4200007d420000ac030000ac03 
  xmm6=0x00001c3900001c3900006f1000006f10 xmm7=0x0000eb4c0000eb4c0000276400002764 

0x31d0: lfence 
  rax=0x0000000000000000 rbx=0x0000000000000043 rcx=0x0000000000000048 rdx=0x0000000000000000
  rsi=0xffd259befff2c7d4 rdi=0x000000000000c800 flags=0b010001000110
  xmm0=0x0000ac4e0000ac4e0000cd830000cd83 xmm1=0x0000359500003595000057e3000057e3 
  xmm2=0x000053dc000053dc0000c7220000c722 xmm3=0x00000b9800000b980000c4820000c482 
  xmm4=0x0000df0c0000df0c0000262800002628 xmm5=0x00007d4200007d420000ac030000ac03 
  xmm6=0x00001c3900001c3900006f1000006f10 xmm7=0x0000eb4c0000eb4c0000276400002764 

0x31d3: pop rdx
  rax=0x0000000000000000 rbx=0x0000000000000043 rcx=0x0000000000000048 rdx=0x0000000000000000
  rsi=0xffd259befff2c7d4 rdi=0x000000000000c800 flags=0b010001000110
  xmm0=0x0000ac4e0000ac4e0000cd830000cd83 xmm1=0x0000359500003595000057e3000057e3 
  xmm2=0x000053dc000053dc0000c7220000c722 xmm3=0x00000b9800000b980000c4820000c482 
  xmm4=0x0000df0c0000df0c0000262800002628 xmm5=0x00007d4200007d420000ac030000ac03 
  xmm6=0x00001c3900001c3900006f1000006f10 xmm7=0x0000eb4c0000eb4c0000276400002764 

    > load from +0x4fd8 value 0x43
0x31d4: pop rcx
  rax=0x0000000000000000 rbx=0x0000000000000043 rcx=0x0000000000000048 rdx=0x0000000000000043
  rsi=0xffd259befff2c7d4 rdi=0x000000000000c800 flags=0b010001000110
  xmm0=0x0000ac4e0000ac4e0000cd830000cd83 xmm1=0x0000359500003595000057e3000057e3 
  xmm2=0x000053dc000053dc0000c7220000c722 xmm3=0x00000b9800000b980000c4820000c482 
  xmm4=0x0000df0c0000df0c0000262800002628 xmm5=0x00007d4200007d420000ac030000ac03 
  xmm6=0x00001c3900001c3900006f1000006f10 xmm7=0x0000eb4c0000eb4c0000276400002764 

    > load from +0x4fe0 value 0x0
0x31d5: pop rax
  rax=0x0000000000000000 rbx=0x0000000000000043 rcx=0x0000000000000000 rdx=0x0000000000000043
  rsi=0xffd259befff2c7d4 rdi=0x000000000000c800 flags=0b010001000110
  xmm0=0x0000ac4e0000ac4e0000cd830000cd83 xmm1=0x0000359500003595000057e3000057e3 
  xmm2=0x000053dc000053dc0000c7220000c722 xmm3=0x00000b9800000b980000c4820000c482 
  xmm4=0x0000df0c0000df0c0000262800002628 xmm5=0x00007d4200007d420000ac030000ac03 
  xmm6=0x00001c3900001c3900006f1000006f10 xmm7=0x0000eb4c0000eb4c0000276400002764 

    > load from +0x4fe8 value 0x1ef7
0x31d6: popfq 
  rax=0x0000000000001ef7 rbx=0x0000000000000043 rcx=0x0000000000000000 rdx=0x0000000000000043
  rsi=0xffd259befff2c7d4 rdi=0x000000000000c800 flags=0b010001000110
  xmm0=0x0000ac4e0000ac4e0000cd830000cd83 xmm1=0x0000359500003595000057e3000057e3 
  xmm2=0x000053dc000053dc0000c7220000c722 xmm3=0x00000b9800000b980000c4820000c482 
  xmm4=0x0000df0c0000df0c0000262800002628 xmm5=0x00007d4200007d420000ac030000ac03 
  xmm6=0x00001c3900001c3900006f1000006f10 xmm7=0x0000eb4c0000eb4c0000276400002764 

    > load from +0x4ff0 value 0x446
0x31d7: macro .switch, .main.function_main_2
  rax=0x0000000000001ef7 rbx=0x0000000000000043 rcx=0x0000000000000000 rdx=0x0000000000000043
  rsi=0xffd259befff2c7d4 rdi=0x000000000000c800 flags=0b010001000110
  xmm0=0x0000ac4e0000ac4e0000cd830000cd83 xmm1=0x0000359500003595000057e3000057e3 
  xmm2=0x000053dc000053dc0000c7220000c722 xmm3=0x00000b9800000b980000c4820000c482 
  xmm4=0x0000df0c0000df0c0000262800002628 xmm5=0x00007d4200007d420000ac030000ac03 
  xmm6=0x00001c3900001c3900006f1000006f10 xmm7=0x0000eb4c0000eb4c0000276400002764 

0x18c: nop  [test_case_exit]
  rax=0x0000000000001ef7 rbx=0x0000000000000043 rcx=0x0000000000000000 rdx=0x0000000000000043
  rsi=0xffd259befff2c7d4 rdi=0x000000000000c800 flags=0b010001000110
  xmm0=0x0000ac4e0000ac4e0000cd830000cd83 xmm1=0x0000359500003595000057e3000057e3 
  xmm2=0x000053dc000053dc0000c7220000c722 xmm3=0x00000b9800000b980000c4820000c482 
  xmm4=0x0000df0c0000df0c0000262800002628 xmm5=0x00007d4200007d420000ac030000ac03 
  xmm6=0x00001c3900001c3900006f1000006f10 xmm7=0x0000eb4c0000eb4c0000276400002764 





================================ Statistics ===================================

Test Cases: 1
Inputs per test case: 100.0
Violations: 1
Effectiveness: 
  Total Cls: 50.0
  Effective Cls: 50.0
Discarded Test Cases:
  Speculation Filter: 0
  Observation Filter: 0
  Fast Path: 0
  Max Nesting Check: 0
  Tainting Check: 0
  Early Priming Check: 0
  Large Sample Check: 0
  Priming Check: 0

Duration: 39.0
Finished at 11:01:42
