
INFO: [fuzzer] Starting at 10:56:22
> Entering slow path...> Priming  3              > Increase sample size to 40> Priming  3              > Increase sample size to 160> Priming  3              > Increase sample size to 320> Priming  3             

================================ Violations detected ==========================
Contract trace:
 14819211148035099083 (hash)
Hardware traces:
  Input group 1: [21]
  Input group 2: [71]
  ^^.^.^^..^.....^....^^........^^............^.......^.^^^^.^^.^^ [265    | 0     ]
  ^^.^.^^..^.....^.....^........^^............^.......^.^^^^.^^.^^ [55     | 37    ]
  ^^.^.^^..^.^...^....^^........^^............^.......^.^^^^.^^.^^ [0      | 283   ]

================================ Violation Traces =============================
                      ##### Input 21 #####

                     ##### Input 0 #####
0x0 : macro .switch, .actor2.function_actor2_0
  rax=0x000058fa000058fa rbx=0x0000fd270000fd27 rcx=0x0000453200004532 rdx=0x00009f7b00009f7b
  rsi=0x00004eb800004eb8 rdi=0x00001ee900001ee9 flags=0b000011000010
  xmm0=0x0000c1050000c1050000b4860000b486 xmm1=0x0000610d0000610d0000e8d40000e8d4 
  xmm2=0x000037e1000037e10000930400009304 xmm3=0x000024f4000024f40000f56b0000f56b 
  xmm4=0x00008e4600008e4600009e6500009e65 xmm5=0x00008461000084610000565b0000565b 
  xmm6=0x0000336e0000336e0000770e0000770e xmm7=0x00003ac700003ac70000d9620000d962 

0x3000: add sil, -126
  rax=0x000058fa000058fa rbx=0x0000fd270000fd27 rcx=0x0000453200004532 rdx=0x00009f7b00009f7b
  rsi=0x00004eb800004eb8 rdi=0x00001ee900001ee9 flags=0b000011000010
  xmm0=0x0000c1050000c1050000b4860000b486 xmm1=0x0000610d0000610d0000e8d40000e8d4 
  xmm2=0x000037e1000037e10000930400009304 xmm3=0x000024f4000024f40000f56b0000f56b 
  xmm4=0x00008e4600008e4600009e6500009e65 xmm5=0x00008461000084610000565b0000565b 
  xmm6=0x0000336e0000336e0000770e0000770e xmm7=0x00003ac700003ac70000d9620000d962 

0x3004: pushfq 
  rax=0x000058fa000058fa rbx=0x0000fd270000fd27 rcx=0x0000453200004532 rdx=0x00009f7b00009f7b
  rsi=0x00004eb800004e3a rdi=0x00001ee900001ee9 flags=0b100000000111
  xmm0=0x0000c1050000c1050000b4860000b486 xmm1=0x0000610d0000610d0000e8d40000e8d4 
  xmm2=0x000037e1000037e10000930400009304 xmm3=0x000024f4000024f40000f56b0000f56b 
  xmm4=0x00008e4600008e4600009e6500009e65 xmm5=0x00008461000084610000565b0000565b 
  xmm6=0x0000336e0000336e0000770e0000770e xmm7=0x00003ac700003ac70000d9620000d962 

    > store to +0x4ff0 value 0x807
0x3005: push rax
  rax=0x000058fa000058fa rbx=0x0000fd270000fd27 rcx=0x0000453200004532 rdx=0x00009f7b00009f7b
  rsi=0x00004eb800004e3a rdi=0x00001ee900001ee9 flags=0b100000000111
  xmm0=0x0000c1050000c1050000b4860000b486 xmm1=0x0000610d0000610d0000e8d40000e8d4 
  xmm2=0x000037e1000037e10000930400009304 xmm3=0x000024f4000024f40000f56b0000f56b 
  xmm4=0x00008e4600008e4600009e6500009e65 xmm5=0x00008461000084610000565b0000565b 
  xmm6=0x0000336e0000336e0000770e0000770e xmm7=0x00003ac700003ac70000d9620000d962 

    > store to +0x4fe8 value 0x58fa000058fa
0x3006: push rcx
  rax=0x000058fa000058fa rbx=0x0000fd270000fd27 rcx=0x0000453200004532 rdx=0x00009f7b00009f7b
  rsi=0x00004eb800004e3a rdi=0x00001ee900001ee9 flags=0b100000000111
  xmm0=0x0000c1050000c1050000b4860000b486 xmm1=0x0000610d0000610d0000e8d40000e8d4 
  xmm2=0x000037e1000037e10000930400009304 xmm3=0x000024f4000024f40000f56b0000f56b 
  xmm4=0x00008e4600008e4600009e6500009e65 xmm5=0x00008461000084610000565b0000565b 
  xmm6=0x0000336e0000336e0000770e0000770e xmm7=0x00003ac700003ac70000d9620000d962 

    > store to +0x4fe0 value 0x453200004532
0x3007: push rdx
  rax=0x000058fa000058fa rbx=0x0000fd270000fd27 rcx=0x0000453200004532 rdx=0x00009f7b00009f7b
  rsi=0x00004eb800004e3a rdi=0x00001ee900001ee9 flags=0b100000000111
  xmm0=0x0000c1050000c1050000b4860000b486 xmm1=0x0000610d0000610d0000e8d40000e8d4 
  xmm2=0x000037e1000037e10000930400009304 xmm3=0x000024f4000024f40000f56b0000f56b 
  xmm4=0x00008e4600008e4600009e6500009e65 xmm5=0x00008461000084610000565b0000565b 
  xmm6=0x0000336e0000336e0000770e0000770e xmm7=0x00003ac700003ac70000d9620000d962 

    > store to +0x4fd8 value 0x9f7b00009f7b
0x3008: mov ecx, 0x48
  rax=0x000058fa000058fa rbx=0x0000fd270000fd27 rcx=0x0000453200004532 rdx=0x00009f7b00009f7b
  rsi=0x00004eb800004e3a rdi=0x00001ee900001ee9 flags=0b100000000111
  xmm0=0x0000c1050000c1050000b4860000b486 xmm1=0x0000610d0000610d0000e8d40000e8d4 
  xmm2=0x000037e1000037e10000930400009304 xmm3=0x000024f4000024f40000f56b0000f56b 
  xmm4=0x00008e4600008e4600009e6500009e65 xmm5=0x00008461000084610000565b0000565b 
  xmm6=0x0000336e0000336e0000770e0000770e xmm7=0x00003ac700003ac70000d9620000d962 

0x300d: rdmsr 
  rax=0x000058fa000058fa rbx=0x0000fd270000fd27 rcx=0x0000000000000048 rdx=0x00009f7b00009f7b
  rsi=0x00004eb800004e3a rdi=0x00001ee900001ee9 flags=0b100000000111
  xmm0=0x0000c1050000c1050000b4860000b486 xmm1=0x0000610d0000610d0000e8d40000e8d4 
  xmm2=0x000037e1000037e10000930400009304 xmm3=0x000024f4000024f40000f56b0000f56b 
  xmm4=0x00008e4600008e4600009e6500009e65 xmm5=0x00008461000084610000565b0000565b 
  xmm6=0x0000336e0000336e0000770e0000770e xmm7=0x00003ac700003ac70000d9620000d962 

0x300f: and eax, 0xfffffffb
  rax=0x0000000000000000 rbx=0x0000fd270000fd27 rcx=0x0000000000000048 rdx=0x0000000000000000
  rsi=0x00004eb800004e3a rdi=0x00001ee900001ee9 flags=0b100000000111
  xmm0=0x0000c1050000c1050000b4860000b486 xmm1=0x0000610d0000610d0000e8d40000e8d4 
  xmm2=0x000037e1000037e10000930400009304 xmm3=0x000024f4000024f40000f56b0000f56b 
  xmm4=0x00008e4600008e4600009e6500009e65 xmm5=0x00008461000084610000565b0000565b 
  xmm6=0x0000336e0000336e0000770e0000770e xmm7=0x00003ac700003ac70000d9620000d962 

0x3012: or eax, 0x100
  rax=0x0000000000000000 rbx=0x0000fd270000fd27 rcx=0x0000000000000048 rdx=0x0000000000000000
  rsi=0x00004eb800004e3a rdi=0x00001ee900001ee9 flags=0b000001000110
  xmm0=0x0000c1050000c1050000b4860000b486 xmm1=0x0000610d0000610d0000e8d40000e8d4 
  xmm2=0x000037e1000037e10000930400009304 xmm3=0x000024f4000024f40000f56b0000f56b 
  xmm4=0x00008e4600008e4600009e6500009e65 xmm5=0x00008461000084610000565b0000565b 
  xmm6=0x0000336e0000336e0000770e0000770e xmm7=0x00003ac700003ac70000d9620000d962 

0x3017: wrmsr 
  rax=0x0000000000000100 rbx=0x0000fd270000fd27 rcx=0x0000000000000048 rdx=0x0000000000000000
  rsi=0x00004eb800004e3a rdi=0x00001ee900001ee9 flags=0b000000000110
  xmm0=0x0000c1050000c1050000b4860000b486 xmm1=0x0000610d0000610d0000e8d40000e8d4 
  xmm2=0x000037e1000037e10000930400009304 xmm3=0x000024f4000024f40000f56b0000f56b 
  xmm4=0x00008e4600008e4600009e6500009e65 xmm5=0x00008461000084610000565b0000565b 
  xmm6=0x0000336e0000336e0000770e0000770e xmm7=0x00003ac700003ac70000d9620000d962 

0x3019: mfence 
  rax=0x0000000000000100 rbx=0x0000fd270000fd27 rcx=0x0000000000000048 rdx=0x0000000000000000
  rsi=0x00004eb800004e3a rdi=0x00001ee900001ee9 flags=0b000000000110
  xmm0=0x0000c1050000c1050000b4860000b486 xmm1=0x0000610d0000610d0000e8d40000e8d4 
  xmm2=0x000037e1000037e10000930400009304 xmm3=0x000024f4000024f40000f56b0000f56b 
  xmm4=0x00008e4600008e4600009e6500009e65 xmm5=0x00008461000084610000565b0000565b 
  xmm6=0x0000336e0000336e0000770e0000770e xmm7=0x00003ac700003ac70000d9620000d962 

0x301c: lfence 
  rax=0x0000000000000100 rbx=0x0000fd270000fd27 rcx=0x0000000000000048 rdx=0x0000000000000000
  rsi=0x00004eb800004e3a rdi=0x00001ee900001ee9 flags=0b000000000110
  xmm0=0x0000c1050000c1050000b4860000b486 xmm1=0x0000610d0000610d0000e8d40000e8d4 
  xmm2=0x000037e1000037e10000930400009304 xmm3=0x000024f4000024f40000f56b0000f56b 
  xmm4=0x00008e4600008e4600009e6500009e65 xmm5=0x00008461000084610000565b0000565b 
  xmm6=0x0000336e0000336e0000770e0000770e xmm7=0x00003ac700003ac70000d9620000d962 

0x301f: macro .measurement_start, .noarg
  rax=0x0000000000000100 rbx=0x0000fd270000fd27 rcx=0x0000000000000048 rdx=0x0000000000000000
  rsi=0x00004eb800004e3a rdi=0x00001ee900001ee9 flags=0b000000000110
  xmm0=0x0000c1050000c1050000b4860000b486 xmm1=0x0000610d0000610d0000e8d40000e8d4 
  xmm2=0x000037e1000037e10000930400009304 xmm3=0x000024f4000024f40000f56b0000f56b 
  xmm4=0x00008e4600008e4600009e6500009e65 xmm5=0x00008461000084610000565b0000565b 
  xmm6=0x0000336e0000336e0000770e0000770e xmm7=0x00003ac700003ac70000d9620000d962 

0x3027: mov ecx, 0x48
  rax=0x0000000000000100 rbx=0x0000fd270000fd27 rcx=0x0000000000000048 rdx=0x0000000000000000
  rsi=0x00004eb800004e3a rdi=0x00001ee900001ee9 flags=0b000000000110
  xmm0=0x0000c1050000c1050000b4860000b486 xmm1=0x0000610d0000610d0000e8d40000e8d4 
  xmm2=0x000037e1000037e10000930400009304 xmm3=0x000024f4000024f40000f56b0000f56b 
  xmm4=0x00008e4600008e4600009e6500009e65 xmm5=0x00008461000084610000565b0000565b 
  xmm6=0x0000336e0000336e0000770e0000770e xmm7=0x00003ac700003ac70000d9620000d962 

0x302c: rdmsr 
  rax=0x0000000000000100 rbx=0x0000fd270000fd27 rcx=0x0000000000000048 rdx=0x0000000000000000
  rsi=0x00004eb800004e3a rdi=0x00001ee900001ee9 flags=0b000000000110
  xmm0=0x0000c1050000c1050000b4860000b486 xmm1=0x0000610d0000610d0000e8d40000e8d4 
  xmm2=0x000037e1000037e10000930400009304 xmm3=0x000024f4000024f40000f56b0000f56b 
  xmm4=0x00008e4600008e4600009e6500009e65 xmm5=0x00008461000084610000565b0000565b 
  xmm6=0x0000336e0000336e0000770e0000770e xmm7=0x00003ac700003ac70000d9620000d962 

0x302e: and eax, 0xfffffffb
  rax=0x0000000000000000 rbx=0x0000fd270000fd27 rcx=0x0000000000000048 rdx=0x0000000000000000
  rsi=0x00004eb800004e3a rdi=0x00001ee900001ee9 flags=0b000000000110
  xmm0=0x0000c1050000c1050000b4860000b486 xmm1=0x0000610d0000610d0000e8d40000e8d4 
  xmm2=0x000037e1000037e10000930400009304 xmm3=0x000024f4000024f40000f56b0000f56b 
  xmm4=0x00008e4600008e4600009e6500009e65 xmm5=0x00008461000084610000565b0000565b 
  xmm6=0x0000336e0000336e0000770e0000770e xmm7=0x00003ac700003ac70000d9620000d962 

0x3031: and eax, 0xfffffeff
  rax=0x0000000000000000 rbx=0x0000fd270000fd27 rcx=0x0000000000000048 rdx=0x0000000000000000
  rsi=0x00004eb800004e3a rdi=0x00001ee900001ee9 flags=0b000001000110
  xmm0=0x0000c1050000c1050000b4860000b486 xmm1=0x0000610d0000610d0000e8d40000e8d4 
  xmm2=0x000037e1000037e10000930400009304 xmm3=0x000024f4000024f40000f56b0000f56b 
  xmm4=0x00008e4600008e4600009e6500009e65 xmm5=0x00008461000084610000565b0000565b 
  xmm6=0x0000336e0000336e0000770e0000770e xmm7=0x00003ac700003ac70000d9620000d962 

0x3036: wrmsr 
  rax=0x0000000000000000 rbx=0x0000fd270000fd27 rcx=0x0000000000000048 rdx=0x0000000000000000
  rsi=0x00004eb800004e3a rdi=0x00001ee900001ee9 flags=0b000001000110
  xmm0=0x0000c1050000c1050000b4860000b486 xmm1=0x0000610d0000610d0000e8d40000e8d4 
  xmm2=0x000037e1000037e10000930400009304 xmm3=0x000024f4000024f40000f56b0000f56b 
  xmm4=0x00008e4600008e4600009e6500009e65 xmm5=0x00008461000084610000565b0000565b 
  xmm6=0x0000336e0000336e0000770e0000770e xmm7=0x00003ac700003ac70000d9620000d962 

0x3038: mfence 
  rax=0x0000000000000000 rbx=0x0000fd270000fd27 rcx=0x0000000000000048 rdx=0x0000000000000000
  rsi=0x00004eb800004e3a rdi=0x00001ee900001ee9 flags=0b000001000110
  xmm0=0x0000c1050000c1050000b4860000b486 xmm1=0x0000610d0000610d0000e8d40000e8d4 
  xmm2=0x000037e1000037e10000930400009304 xmm3=0x000024f4000024f40000f56b0000f56b 
  xmm4=0x00008e4600008e4600009e6500009e65 xmm5=0x00008461000084610000565b0000565b 
  xmm6=0x0000336e0000336e0000770e0000770e xmm7=0x00003ac700003ac70000d9620000d962 

0x303b: lfence 
  rax=0x0000000000000000 rbx=0x0000fd270000fd27 rcx=0x0000000000000048 rdx=0x0000000000000000
  rsi=0x00004eb800004e3a rdi=0x00001ee900001ee9 flags=0b000001000110
  xmm0=0x0000c1050000c1050000b4860000b486 xmm1=0x0000610d0000610d0000e8d40000e8d4 
  xmm2=0x000037e1000037e10000930400009304 xmm3=0x000024f4000024f40000f56b0000f56b 
  xmm4=0x00008e4600008e4600009e6500009e65 xmm5=0x00008461000084610000565b0000565b 
  xmm6=0x0000336e0000336e0000770e0000770e xmm7=0x00003ac700003ac70000d9620000d962 

0x303e: pop rdx
  rax=0x0000000000000000 rbx=0x0000fd270000fd27 rcx=0x0000000000000048 rdx=0x0000000000000000
  rsi=0x00004eb800004e3a rdi=0x00001ee900001ee9 flags=0b000001000110
  xmm0=0x0000c1050000c1050000b4860000b486 xmm1=0x0000610d0000610d0000e8d40000e8d4 
  xmm2=0x000037e1000037e10000930400009304 xmm3=0x000024f4000024f40000f56b0000f56b 
  xmm4=0x00008e4600008e4600009e6500009e65 xmm5=0x00008461000084610000565b0000565b 
  xmm6=0x0000336e0000336e0000770e0000770e xmm7=0x00003ac700003ac70000d9620000d962 

    > load from +0x4fd8 value 0x9f7b00009f7b
0x303f: pop rcx
  rax=0x0000000000000000 rbx=0x0000fd270000fd27 rcx=0x0000000000000048 rdx=0x00009f7b00009f7b
  rsi=0x00004eb800004e3a rdi=0x00001ee900001ee9 flags=0b000001000110
  xmm0=0x0000c1050000c1050000b4860000b486 xmm1=0x0000610d0000610d0000e8d40000e8d4 
  xmm2=0x000037e1000037e10000930400009304 xmm3=0x000024f4000024f40000f56b0000f56b 
  xmm4=0x00008e4600008e4600009e6500009e65 xmm5=0x00008461000084610000565b0000565b 
  xmm6=0x0000336e0000336e0000770e0000770e xmm7=0x00003ac700003ac70000d9620000d962 

    > load from +0x4fe0 value 0x453200004532
0x3040: pop rax
  rax=0x0000000000000000 rbx=0x0000fd270000fd27 rcx=0x0000453200004532 rdx=0x00009f7b00009f7b
  rsi=0x00004eb800004e3a rdi=0x00001ee900001ee9 flags=0b000001000110
  xmm0=0x0000c1050000c1050000b4860000b486 xmm1=0x0000610d0000610d0000e8d40000e8d4 
  xmm2=0x000037e1000037e10000930400009304 xmm3=0x000024f4000024f40000f56b0000f56b 
  xmm4=0x00008e4600008e4600009e6500009e65 xmm5=0x00008461000084610000565b0000565b 
  xmm6=0x0000336e0000336e0000770e0000770e xmm7=0x00003ac700003ac70000d9620000d962 

    > load from +0x4fe8 value 0x58fa000058fa
0x3041: popfq 
  rax=0x000058fa000058fa rbx=0x0000fd270000fd27 rcx=0x0000453200004532 rdx=0x00009f7b00009f7b
  rsi=0x00004eb800004e3a rdi=0x00001ee900001ee9 flags=0b000001000110
  xmm0=0x0000c1050000c1050000b4860000b486 xmm1=0x0000610d0000610d0000e8d40000e8d4 
  xmm2=0x000037e1000037e10000930400009304 xmm3=0x000024f4000024f40000f56b0000f56b 
  xmm4=0x00008e4600008e4600009e6500009e65 xmm5=0x00008461000084610000565b0000565b 
  xmm6=0x0000336e0000336e0000770e0000770e xmm7=0x00003ac700003ac70000d9620000d962 

    > load from +0x4ff0 value 0x807
0x3042: and rbx, 0b1111111111111
  rax=0x000058fa000058fa rbx=0x0000fd270000fd27 rcx=0x0000453200004532 rdx=0x00009f7b00009f7b
  rsi=0x00004eb800004e3a rdi=0x00001ee900001ee9 flags=0b100000000111
  xmm0=0x0000c1050000c1050000b4860000b486 xmm1=0x0000610d0000610d0000e8d40000e8d4 
  xmm2=0x000037e1000037e10000930400009304 xmm3=0x000024f4000024f40000f56b0000f56b 
  xmm4=0x00008e4600008e4600009e6500009e65 xmm5=0x00008461000084610000565b0000565b 
  xmm6=0x0000336e0000336e0000770e0000770e xmm7=0x00003ac700003ac70000d9620000d962 

0x3049: cmovnz esi, [r14 +rbx]
  rax=0x000058fa000058fa rbx=0x0000000000001d27 rcx=0x0000453200004532 rdx=0x00009f7b00009f7b
  rsi=0x00004eb800004e3a rdi=0x00001ee900001ee9 flags=0b000000000110
  xmm0=0x0000c1050000c1050000b4860000b486 xmm1=0x0000610d0000610d0000e8d40000e8d4 
  xmm2=0x000037e1000037e10000930400009304 xmm3=0x000024f4000024f40000f56b0000f56b 
  xmm4=0x00008e4600008e4600009e6500009e65 xmm5=0x00008461000084610000565b0000565b 
  xmm6=0x0000336e0000336e0000770e0000770e xmm7=0x00003ac700003ac70000d9620000d962 

    > load from +0x5d27 value 0x7d6f00
0x304e: and rbx, 0b1111111111111
  rax=0x000058fa000058fa rbx=0x0000000000001d27 rcx=0x0000453200004532 rdx=0x00009f7b00009f7b
  rsi=0x00000000007d6f00 rdi=0x00001ee900001ee9 flags=0b000000000110
  xmm0=0x0000c1050000c1050000b4860000b486 xmm1=0x0000610d0000610d0000e8d40000e8d4 
  xmm2=0x000037e1000037e10000930400009304 xmm3=0x000024f4000024f40000f56b0000f56b 
  xmm4=0x00008e4600008e4600009e6500009e65 xmm5=0x00008461000084610000565b0000565b 
  xmm6=0x0000336e0000336e0000770e0000770e xmm7=0x00003ac700003ac70000d9620000d962 

0x3055: movzx dx, [r14 +rbx]
  rax=0x000058fa000058fa rbx=0x0000000000001d27 rcx=0x0000453200004532 rdx=0x00009f7b00009f7b
  rsi=0x00000000007d6f00 rdi=0x00001ee900001ee9 flags=0b000000000110
  xmm0=0x0000c1050000c1050000b4860000b486 xmm1=0x0000610d0000610d0000e8d40000e8d4 
  xmm2=0x000037e1000037e10000930400009304 xmm3=0x000024f4000024f40000f56b0000f56b 
  xmm4=0x00008e4600008e4600009e6500009e65 xmm5=0x00008461000084610000565b0000565b 
  xmm6=0x0000336e0000336e0000770e0000770e xmm7=0x00003ac700003ac70000d9620000d962 

    > load from +0x5d27 value 0x0
0x305b: neg rcx
  rax=0x000058fa000058fa rbx=0x0000000000001d27 rcx=0x0000453200004532 rdx=0x00009f7b00000000
  rsi=0x00000000007d6f00 rdi=0x00001ee900001ee9 flags=0b000000000110
  xmm0=0x0000c1050000c1050000b4860000b486 xmm1=0x0000610d0000610d0000e8d40000e8d4 
  xmm2=0x000037e1000037e10000930400009304 xmm3=0x000024f4000024f40000f56b0000f56b 
  xmm4=0x00008e4600008e4600009e6500009e65 xmm5=0x00008461000084610000565b0000565b 
  xmm6=0x0000336e0000336e0000770e0000770e xmm7=0x00003ac700003ac70000d9620000d962 

0x305e: and al, -2
  rax=0x000058fa000058fa rbx=0x0000000000001d27 rcx=0xffffbacdffffbace rdx=0x00009f7b00000000
  rsi=0x00000000007d6f00 rdi=0x00001ee900001ee9 flags=0b000010010011
  xmm0=0x0000c1050000c1050000b4860000b486 xmm1=0x0000610d0000610d0000e8d40000e8d4 
  xmm2=0x000037e1000037e10000930400009304 xmm3=0x000024f4000024f40000f56b0000f56b 
  xmm4=0x00008e4600008e4600009e6500009e65 xmm5=0x00008461000084610000565b0000565b 
  xmm6=0x0000336e0000336e0000770e0000770e xmm7=0x00003ac700003ac70000d9620000d962 

0x3060: clc 
  rax=0x000058fa000058fa rbx=0x0000000000001d27 rcx=0xffffbacdffffbace rdx=0x00009f7b00000000
  rsi=0x00000000007d6f00 rdi=0x00001ee900001ee9 flags=0b000010000110
  xmm0=0x0000c1050000c1050000b4860000b486 xmm1=0x0000610d0000610d0000e8d40000e8d4 
  xmm2=0x000037e1000037e10000930400009304 xmm3=0x000024f4000024f40000f56b0000f56b 
  xmm4=0x00008e4600008e4600009e6500009e65 xmm5=0x00008461000084610000565b0000565b 
  xmm6=0x0000336e0000336e0000770e0000770e xmm7=0x00003ac700003ac70000d9620000d962 

0x3061: and rdi, 0b1111111111111
  rax=0x000058fa000058fa rbx=0x0000000000001d27 rcx=0xffffbacdffffbace rdx=0x00009f7b00000000
  rsi=0x00000000007d6f00 rdi=0x00001ee900001ee9 flags=0b000010000110
  xmm0=0x0000c1050000c1050000b4860000b486 xmm1=0x0000610d0000610d0000e8d40000e8d4 
  xmm2=0x000037e1000037e10000930400009304 xmm3=0x000024f4000024f40000f56b0000f56b 
  xmm4=0x00008e4600008e4600009e6500009e65 xmm5=0x00008461000084610000565b0000565b 
  xmm6=0x0000336e0000336e0000770e0000770e xmm7=0x00003ac700003ac70000d9620000d962 

0x3068: cmovns dx, [r14 +rdi]
  rax=0x000058fa000058fa rbx=0x0000000000001d27 rcx=0xffffbacdffffbace rdx=0x00009f7b00000000
  rsi=0x00000000007d6f00 rdi=0x0000000000001ee9 flags=0b000000000010
  xmm0=0x0000c1050000c1050000b4860000b486 xmm1=0x0000610d0000610d0000e8d40000e8d4 
  xmm2=0x000037e1000037e10000930400009304 xmm3=0x000024f4000024f40000f56b0000f56b 
  xmm4=0x00008e4600008e4600009e6500009e65 xmm5=0x00008461000084610000565b0000565b 
  xmm6=0x0000336e0000336e0000770e0000770e xmm7=0x00003ac700003ac70000d9620000d962 

    > load from +0x5ee9 value 0xc0
0x306e: cmovz esi, eax
  rax=0x000058fa000058fa rbx=0x0000000000001d27 rcx=0xffffbacdffffbace rdx=0x00009f7b000000c0
  rsi=0x00000000007d6f00 rdi=0x0000000000001ee9 flags=0b000000000010
  xmm0=0x0000c1050000c1050000b4860000b486 xmm1=0x0000610d0000610d0000e8d40000e8d4 
  xmm2=0x000037e1000037e10000930400009304 xmm3=0x000024f4000024f40000f56b0000f56b 
  xmm4=0x00008e4600008e4600009e6500009e65 xmm5=0x00008461000084610000565b0000565b 
  xmm6=0x0000336e0000336e0000770e0000770e xmm7=0x00003ac700003ac70000d9620000d962 

0x3071: and ax, -32133
  rax=0x000058fa000058fa rbx=0x0000000000001d27 rcx=0xffffbacdffffbace rdx=0x00009f7b000000c0
  rsi=0x00000000007d6f00 rdi=0x0000000000001ee9 flags=0b000000000010
  xmm0=0x0000c1050000c1050000b4860000b486 xmm1=0x0000610d0000610d0000e8d40000e8d4 
  xmm2=0x000037e1000037e10000930400009304 xmm3=0x000024f4000024f40000f56b0000f56b 
  xmm4=0x00008e4600008e4600009e6500009e65 xmm5=0x00008461000084610000565b0000565b 
  xmm6=0x0000336e0000336e0000770e0000770e xmm7=0x00003ac700003ac70000d9620000d962 

0x3075: cmp si, -94
  rax=0x000058fa0000007a rbx=0x0000000000001d27 rcx=0xffffbacdffffbace rdx=0x00009f7b000000c0
  rsi=0x00000000007d6f00 rdi=0x0000000000001ee9 flags=0b000000000010
  xmm0=0x0000c1050000c1050000b4860000b486 xmm1=0x0000610d0000610d0000e8d40000e8d4 
  xmm2=0x000037e1000037e10000930400009304 xmm3=0x000024f4000024f40000f56b0000f56b 
  xmm4=0x00008e4600008e4600009e6500009e65 xmm5=0x00008461000084610000565b0000565b 
  xmm6=0x0000336e0000336e0000770e0000770e xmm7=0x00003ac700003ac70000d9620000d962 

0x3079: and rbx, 0b1111111111111
  rax=0x000058fa0000007a rbx=0x0000000000001d27 rcx=0xffffbacdffffbace rdx=0x00009f7b000000c0
  rsi=0x00000000007d6f00 rdi=0x0000000000001ee9 flags=0b000000010011
  xmm0=0x0000c1050000c1050000b4860000b486 xmm1=0x0000610d0000610d0000e8d40000e8d4 
  xmm2=0x000037e1000037e10000930400009304 xmm3=0x000024f4000024f40000f56b0000f56b 
  xmm4=0x00008e4600008e4600009e6500009e65 xmm5=0x00008461000084610000565b0000565b 
  xmm6=0x0000336e0000336e0000770e0000770e xmm7=0x00003ac700003ac70000d9620000d962 

0x3080: imul cx, [r14 +rbx], -2
  rax=0x000058fa0000007a rbx=0x0000000000001d27 rcx=0xffffbacdffffbace rdx=0x00009f7b000000c0
  rsi=0x00000000007d6f00 rdi=0x0000000000001ee9 flags=0b000000000110
  xmm0=0x0000c1050000c1050000b4860000b486 xmm1=0x0000610d0000610d0000e8d40000e8d4 
  xmm2=0x000037e1000037e10000930400009304 xmm3=0x000024f4000024f40000f56b0000f56b 
  xmm4=0x00008e4600008e4600009e6500009e65 xmm5=0x00008461000084610000565b0000565b 
  xmm6=0x0000336e0000336e0000770e0000770e xmm7=0x00003ac700003ac70000d9620000d962 

    > load from +0x5d27 value 0x6f00
0x3086: and rax, 0b1111111111111
  rax=0x000058fa0000007a rbx=0x0000000000001d27 rcx=0xffffbacdffff2200 rdx=0x00009f7b000000c0
  rsi=0x00000000007d6f00 rdi=0x0000000000001ee9 flags=0b100000000111
  xmm0=0x0000c1050000c1050000b4860000b486 xmm1=0x0000610d0000610d0000e8d40000e8d4 
  xmm2=0x000037e1000037e10000930400009304 xmm3=0x000024f4000024f40000f56b0000f56b 
  xmm4=0x00008e4600008e4600009e6500009e65 xmm5=0x00008461000084610000565b0000565b 
  xmm6=0x0000336e0000336e0000770e0000770e xmm7=0x00003ac700003ac70000d9620000d962 

0x308c: movzx rdx, [r14 +rax]
  rax=0x000000000000007a rbx=0x0000000000001d27 rcx=0xffffbacdffff2200 rdx=0x00009f7b000000c0
  rsi=0x00000000007d6f00 rdi=0x0000000000001ee9 flags=0b000000000010
  xmm0=0x0000c1050000c1050000b4860000b486 xmm1=0x0000610d0000610d0000e8d40000e8d4 
  xmm2=0x000037e1000037e10000930400009304 xmm3=0x000024f4000024f40000f56b0000f56b 
  xmm4=0x00008e4600008e4600009e6500009e65 xmm5=0x00008461000084610000565b0000565b 
  xmm6=0x0000336e0000336e0000770e0000770e xmm7=0x00003ac700003ac70000d9620000d962 

    > load from +0x407a value 0x0
0x3091: and rsi, 0b1111111111111
  rax=0x000000000000007a rbx=0x0000000000001d27 rcx=0xffffbacdffff2200 rdx=0x0000000000000000
  rsi=0x00000000007d6f00 rdi=0x0000000000001ee9 flags=0b000000000010
  xmm0=0x0000c1050000c1050000b4860000b486 xmm1=0x0000610d0000610d0000e8d40000e8d4 
  xmm2=0x000037e1000037e10000930400009304 xmm3=0x000024f4000024f40000f56b0000f56b 
  xmm4=0x00008e4600008e4600009e6500009e65 xmm5=0x00008461000084610000565b0000565b 
  xmm6=0x0000336e0000336e0000770e0000770e xmm7=0x00003ac700003ac70000d9620000d962 

0x3098: cmovno eax, [r14 +rsi]
  rax=0x000000000000007a rbx=0x0000000000001d27 rcx=0xffffbacdffff2200 rdx=0x0000000000000000
  rsi=0x0000000000000f00 rdi=0x0000000000001ee9 flags=0b000000000110
  xmm0=0x0000c1050000c1050000b4860000b486 xmm1=0x0000610d0000610d0000e8d40000e8d4 
  xmm2=0x000037e1000037e10000930400009304 xmm3=0x000024f4000024f40000f56b0000f56b 
  xmm4=0x00008e4600008e4600009e6500009e65 xmm5=0x00008461000084610000565b0000565b 
  xmm6=0x0000336e0000336e0000770e0000770e xmm7=0x00003ac700003ac70000d9620000d962 

    > load from +0x4f00 value 0x219d
0x309d: and rax, 0b1111111111111
  rax=0x000000000000219d rbx=0x0000000000001d27 rcx=0xffffbacdffff2200 rdx=0x0000000000000000
  rsi=0x0000000000000f00 rdi=0x0000000000001ee9 flags=0b000000000110
  xmm0=0x0000c1050000c1050000b4860000b486 xmm1=0x0000610d0000610d0000e8d40000e8d4 
  xmm2=0x000037e1000037e10000930400009304 xmm3=0x000024f4000024f40000f56b0000f56b 
  xmm4=0x00008e4600008e4600009e6500009e65 xmm5=0x00008461000084610000565b0000565b 
  xmm6=0x0000336e0000336e0000770e0000770e xmm7=0x00003ac700003ac70000d9620000d962 

0x30a3: add eax, [r14 +rax]
  rax=0x000000000000019d rbx=0x0000000000001d27 rcx=0xffffbacdffff2200 rdx=0x0000000000000000
  rsi=0x0000000000000f00 rdi=0x0000000000001ee9 flags=0b000000000010
  xmm0=0x0000c1050000c1050000b4860000b486 xmm1=0x0000610d0000610d0000e8d40000e8d4 
  xmm2=0x000037e1000037e10000930400009304 xmm3=0x000024f4000024f40000f56b0000f56b 
  xmm4=0x00008e4600008e4600009e6500009e65 xmm5=0x00008461000084610000565b0000565b 
  xmm6=0x0000336e0000336e0000770e0000770e xmm7=0x00003ac700003ac70000d9620000d962 

    > load from +0x419d value 0x2f00007a
0x30a7: movsx rcx, dil
  rax=0x000000002f000217 rbx=0x0000000000001d27 rcx=0xffffbacdffff2200 rdx=0x0000000000000000
  rsi=0x0000000000000f00 rdi=0x0000000000001ee9 flags=0b000000010110
  xmm0=0x0000c1050000c1050000b4860000b486 xmm1=0x0000610d0000610d0000e8d40000e8d4 
  xmm2=0x000037e1000037e10000930400009304 xmm3=0x000024f4000024f40000f56b0000f56b 
  xmm4=0x00008e4600008e4600009e6500009e65 xmm5=0x00008461000084610000565b0000565b 
  xmm6=0x0000336e0000336e0000770e0000770e xmm7=0x00003ac700003ac70000d9620000d962 

0x30ab: and rsi, 0b1111111111111
  rax=0x000000002f000217 rbx=0x0000000000001d27 rcx=0xffffffffffffffe9 rdx=0x0000000000000000
  rsi=0x0000000000000f00 rdi=0x0000000000001ee9 flags=0b000000010110
  xmm0=0x0000c1050000c1050000b4860000b486 xmm1=0x0000610d0000610d0000e8d40000e8d4 
  xmm2=0x000037e1000037e10000930400009304 xmm3=0x000024f4000024f40000f56b0000f56b 
  xmm4=0x00008e4600008e4600009e6500009e65 xmm5=0x00008461000084610000565b0000565b 
  xmm6=0x0000336e0000336e0000770e0000770e xmm7=0x00003ac700003ac70000d9620000d962 

0x30b2: cmovnl eax, [r14 +rsi]
  rax=0x000000002f000217 rbx=0x0000000000001d27 rcx=0xffffffffffffffe9 rdx=0x0000000000000000
  rsi=0x0000000000000f00 rdi=0x0000000000001ee9 flags=0b000000000110
  xmm0=0x0000c1050000c1050000b4860000b486 xmm1=0x0000610d0000610d0000e8d40000e8d4 
  xmm2=0x000037e1000037e10000930400009304 xmm3=0x000024f4000024f40000f56b0000f56b 
  xmm4=0x00008e4600008e4600009e6500009e65 xmm5=0x00008461000084610000565b0000565b 
  xmm6=0x0000336e0000336e0000770e0000770e xmm7=0x00003ac700003ac70000d9620000d962 

    > load from +0x4f00 value 0x219d
0x30b7: and rdi, 0b1111111111111
  rax=0x000000000000219d rbx=0x0000000000001d27 rcx=0xffffffffffffffe9 rdx=0x0000000000000000
  rsi=0x0000000000000f00 rdi=0x0000000000001ee9 flags=0b000000000110
  xmm0=0x0000c1050000c1050000b4860000b486 xmm1=0x0000610d0000610d0000e8d40000e8d4 
  xmm2=0x000037e1000037e10000930400009304 xmm3=0x000024f4000024f40000f56b0000f56b 
  xmm4=0x00008e4600008e4600009e6500009e65 xmm5=0x00008461000084610000565b0000565b 
  xmm6=0x0000336e0000336e0000770e0000770e xmm7=0x00003ac700003ac70000d9620000d962 

0x30be: sub rdi, [r14 +rdi]
  rax=0x000000000000219d rbx=0x0000000000001d27 rcx=0xffffffffffffffe9 rdx=0x0000000000000000
  rsi=0x0000000000000f00 rdi=0x0000000000001ee9 flags=0b000000000010
  xmm0=0x0000c1050000c1050000b4860000b486 xmm1=0x0000610d0000610d0000e8d40000e8d4 
  xmm2=0x000037e1000037e10000930400009304 xmm3=0x000024f4000024f40000f56b0000f56b 
  xmm4=0x00008e4600008e4600009e6500009e65 xmm5=0x00008461000084610000565b0000565b 
  xmm6=0x0000336e0000336e0000770e0000770e xmm7=0x00003ac700003ac70000d9620000d962 

    > load from +0x5ee9 value 0xa80000c07c0000c0
0x30c2: and rcx, 0b1111111111111
  rax=0x000000000000219d rbx=0x0000000000001d27 rcx=0xffffffffffffffe9 rdx=0x0000000000000000
  rsi=0x0000000000000f00 rdi=0x57ffff3f84001e29 flags=0b000000000011
  xmm0=0x0000c1050000c1050000b4860000b486 xmm1=0x0000610d0000610d0000e8d40000e8d4 
  xmm2=0x000037e1000037e10000930400009304 xmm3=0x000024f4000024f40000f56b0000f56b 
  xmm4=0x00008e4600008e4600009e6500009e65 xmm5=0x00008461000084610000565b0000565b 
  xmm6=0x0000336e0000336e0000770e0000770e xmm7=0x00003ac700003ac70000d9620000d962 

0x30c9: cmovl eax, [r14 +rcx]
  rax=0x000000000000219d rbx=0x0000000000001d27 rcx=0x0000000000001fe9 rdx=0x0000000000000000
  rsi=0x0000000000000f00 rdi=0x57ffff3f84001e29 flags=0b000000000010
  xmm0=0x0000c1050000c1050000b4860000b486 xmm1=0x0000610d0000610d0000e8d40000e8d4 
  xmm2=0x000037e1000037e10000930400009304 xmm3=0x000024f4000024f40000f56b0000f56b 
  xmm4=0x00008e4600008e4600009e6500009e65 xmm5=0x00008461000084610000565b0000565b 
  xmm6=0x0000336e0000336e0000770e0000770e xmm7=0x00003ac700003ac70000d9620000d962 

    > load from +0x5fe9 value 0x580000f2
0x30ce: cmovbe rdx, rax
  rax=0x000000000000219d rbx=0x0000000000001d27 rcx=0x0000000000001fe9 rdx=0x0000000000000000
  rsi=0x0000000000000f00 rdi=0x57ffff3f84001e29 flags=0b000000000010
  xmm0=0x0000c1050000c1050000b4860000b486 xmm1=0x0000610d0000610d0000e8d40000e8d4 
  xmm2=0x000037e1000037e10000930400009304 xmm3=0x000024f4000024f40000f56b0000f56b 
  xmm4=0x00008e4600008e4600009e6500009e65 xmm5=0x00008461000084610000565b0000565b 
  xmm6=0x0000336e0000336e0000770e0000770e xmm7=0x00003ac700003ac70000d9620000d962 

0x30d2: or dil, 75
  rax=0x000000000000219d rbx=0x0000000000001d27 rcx=0x0000000000001fe9 rdx=0x0000000000000000
  rsi=0x0000000000000f00 rdi=0x57ffff3f84001e29 flags=0b000000000010
  xmm0=0x0000c1050000c1050000b4860000b486 xmm1=0x0000610d0000610d0000e8d40000e8d4 
  xmm2=0x000037e1000037e10000930400009304 xmm3=0x000024f4000024f40000f56b0000f56b 
  xmm4=0x00008e4600008e4600009e6500009e65 xmm5=0x00008461000084610000565b0000565b 
  xmm6=0x0000336e0000336e0000770e0000770e xmm7=0x00003ac700003ac70000d9620000d962 

0x30d6: movzx si, cl
  rax=0x000000000000219d rbx=0x0000000000001d27 rcx=0x0000000000001fe9 rdx=0x0000000000000000
  rsi=0x0000000000000f00 rdi=0x57ffff3f84001e6b flags=0b000000000010
  xmm0=0x0000c1050000c1050000b4860000b486 xmm1=0x0000610d0000610d0000e8d40000e8d4 
  xmm2=0x000037e1000037e10000930400009304 xmm3=0x000024f4000024f40000f56b0000f56b 
  xmm4=0x00008e4600008e4600009e6500009e65 xmm5=0x00008461000084610000565b0000565b 
  xmm6=0x0000336e0000336e0000770e0000770e xmm7=0x00003ac700003ac70000d9620000d962 

0x30da: and rdi, 0b1111111111111
  rax=0x000000000000219d rbx=0x0000000000001d27 rcx=0x0000000000001fe9 rdx=0x0000000000000000
  rsi=0x00000000000000e9 rdi=0x57ffff3f84001e6b flags=0b000000000010
  xmm0=0x0000c1050000c1050000b4860000b486 xmm1=0x0000610d0000610d0000e8d40000e8d4 
  xmm2=0x000037e1000037e10000930400009304 xmm3=0x000024f4000024f40000f56b0000f56b 
  xmm4=0x00008e4600008e4600009e6500009e65 xmm5=0x00008461000084610000565b0000565b 
  xmm6=0x0000336e0000336e0000770e0000770e xmm7=0x00003ac700003ac70000d9620000d962 

0x30e1: cmovz rbx, [r14 +rdi]
  rax=0x000000000000219d rbx=0x0000000000001d27 rcx=0x0000000000001fe9 rdx=0x0000000000000000
  rsi=0x00000000000000e9 rdi=0x0000000000001e6b flags=0b000000000010
  xmm0=0x0000c1050000c1050000b4860000b486 xmm1=0x0000610d0000610d0000e8d40000e8d4 
  xmm2=0x000037e1000037e10000930400009304 xmm3=0x000024f4000024f40000f56b0000f56b 
  xmm4=0x00008e4600008e4600009e6500009e65 xmm5=0x00008461000084610000565b0000565b 
  xmm6=0x0000336e0000336e0000770e0000770e xmm7=0x00003ac700003ac70000d9620000d962 

    > load from +0x5e6b value 0xe68600007d9f00
0x30e6: inc rsi
  rax=0x000000000000219d rbx=0x0000000000001d27 rcx=0x0000000000001fe9 rdx=0x0000000000000000
  rsi=0x00000000000000e9 rdi=0x0000000000001e6b flags=0b000000000010
  xmm0=0x0000c1050000c1050000b4860000b486 xmm1=0x0000610d0000610d0000e8d40000e8d4 
  xmm2=0x000037e1000037e10000930400009304 xmm3=0x000024f4000024f40000f56b0000f56b 
  xmm4=0x00008e4600008e4600009e6500009e65 xmm5=0x00008461000084610000565b0000565b 
  xmm6=0x0000336e0000336e0000770e0000770e xmm7=0x00003ac700003ac70000d9620000d962 

0x30e9: adc rbx, rsi
  rax=0x000000000000219d rbx=0x0000000000001d27 rcx=0x0000000000001fe9 rdx=0x0000000000000000
  rsi=0x00000000000000ea rdi=0x0000000000001e6b flags=0b000000000010
  xmm0=0x0000c1050000c1050000b4860000b486 xmm1=0x0000610d0000610d0000e8d40000e8d4 
  xmm2=0x000037e1000037e10000930400009304 xmm3=0x000024f4000024f40000f56b0000f56b 
  xmm4=0x00008e4600008e4600009e6500009e65 xmm5=0x00008461000084610000565b0000565b 
  xmm6=0x0000336e0000336e0000770e0000770e xmm7=0x00003ac700003ac70000d9620000d962 

0x30ec: cmovb di, cx
  rax=0x000000000000219d rbx=0x0000000000001e11 rcx=0x0000000000001fe9 rdx=0x0000000000000000
  rsi=0x00000000000000ea rdi=0x0000000000001e6b flags=0b000000010110
  xmm0=0x0000c1050000c1050000b4860000b486 xmm1=0x0000610d0000610d0000e8d40000e8d4 
  xmm2=0x000037e1000037e10000930400009304 xmm3=0x000024f4000024f40000f56b0000f56b 
  xmm4=0x00008e4600008e4600009e6500009e65 xmm5=0x00008461000084610000565b0000565b 
  xmm6=0x0000336e0000336e0000770e0000770e xmm7=0x00003ac700003ac70000d9620000d962 

0x30f0: sbb sil, -89
  rax=0x000000000000219d rbx=0x0000000000001e11 rcx=0x0000000000001fe9 rdx=0x0000000000000000
  rsi=0x00000000000000ea rdi=0x0000000000001e6b flags=0b000000010110
  xmm0=0x0000c1050000c1050000b4860000b486 xmm1=0x0000610d0000610d0000e8d40000e8d4 
  xmm2=0x000037e1000037e10000930400009304 xmm3=0x000024f4000024f40000f56b0000f56b 
  xmm4=0x00008e4600008e4600009e6500009e65 xmm5=0x00008461000084610000565b0000565b 
  xmm6=0x0000336e0000336e0000770e0000770e xmm7=0x00003ac700003ac70000d9620000d962 

0x30f4: and rdx, 0b1111111111111
  rax=0x000000000000219d rbx=0x0000000000001e11 rcx=0x0000000000001fe9 rdx=0x0000000000000000
  rsi=0x0000000000000043 rdi=0x0000000000001e6b flags=0b000000000010
  xmm0=0x0000c1050000c1050000b4860000b486 xmm1=0x0000610d0000610d0000e8d40000e8d4 
  xmm2=0x000037e1000037e10000930400009304 xmm3=0x000024f4000024f40000f56b0000f56b 
  xmm4=0x00008e4600008e4600009e6500009e65 xmm5=0x00008461000084610000565b0000565b 
  xmm6=0x0000336e0000336e0000770e0000770e xmm7=0x00003ac700003ac70000d9620000d962 

0x30fb: or [r14 +rdx], 1
  rax=0x000000000000219d rbx=0x0000000000001e11 rcx=0x0000000000001fe9 rdx=0x0000000000000000
  rsi=0x0000000000000043 rdi=0x0000000000001e6b flags=0b000001000110
  xmm0=0x0000c1050000c1050000b4860000b486 xmm1=0x0000610d0000610d0000e8d40000e8d4 
  xmm2=0x000037e1000037e10000930400009304 xmm3=0x000024f4000024f40000f56b0000f56b 
  xmm4=0x00008e4600008e4600009e6500009e65 xmm5=0x00008461000084610000565b0000565b 
  xmm6=0x0000336e0000336e0000770e0000770e xmm7=0x00003ac700003ac70000d9620000d962 

    > load from +0x4000 value 0x4b76
    > store to +0x4000 value 0x4b77
0x3101: and rbx, 0b1111111111111
  rax=0x000000000000219d rbx=0x0000000000001e11 rcx=0x0000000000001fe9 rdx=0x0000000000000000
  rsi=0x0000000000000043 rdi=0x0000000000001e6b flags=0b000000000110
  xmm0=0x0000c1050000c1050000b4860000b486 xmm1=0x0000610d0000610d0000e8d40000e8d4 
  xmm2=0x000037e1000037e10000930400009304 xmm3=0x000024f4000024f40000f56b0000f56b 
  xmm4=0x00008e4600008e4600009e6500009e65 xmm5=0x00008461000084610000565b0000565b 
  xmm6=0x0000336e0000336e0000770e0000770e xmm7=0x00003ac700003ac70000d9620000d962 

0x3108: add rbx, [r14 +rbx]
  rax=0x000000000000219d rbx=0x0000000000001e11 rcx=0x0000000000001fe9 rdx=0x0000000000000000
  rsi=0x0000000000000043 rdi=0x0000000000001e6b flags=0b000000000110
  xmm0=0x0000c1050000c1050000b4860000b486 xmm1=0x0000610d0000610d0000e8d40000e8d4 
  xmm2=0x000037e1000037e10000930400009304 xmm3=0x000024f4000024f40000f56b0000f56b 
  xmm4=0x00008e4600008e4600009e6500009e65 xmm5=0x00008461000084610000565b0000565b 
  xmm6=0x0000336e0000336e0000770e0000770e xmm7=0x00003ac700003ac70000d9620000d962 

    > load from +0x5e11 value 0x1b000080c8000080
0x310c: and rdx, 0b1111111111111
  rax=0x000000000000219d rbx=0x1b000080c8001e91 rcx=0x0000000000001fe9 rdx=0x0000000000000000
  rsi=0x0000000000000043 rdi=0x0000000000001e6b flags=0b000000000010
  xmm0=0x0000c1050000c1050000b4860000b486 xmm1=0x0000610d0000610d0000e8d40000e8d4 
  xmm2=0x000037e1000037e10000930400009304 xmm3=0x000024f4000024f40000f56b0000f56b 
  xmm4=0x00008e4600008e4600009e6500009e65 xmm5=0x00008461000084610000565b0000565b 
  xmm6=0x0000336e0000336e0000770e0000770e xmm7=0x00003ac700003ac70000d9620000d962 

0x3113: imul [r14 +rdx]
  rax=0x000000000000219d rbx=0x1b000080c8001e91 rcx=0x0000000000001fe9 rdx=0x0000000000000000
  rsi=0x0000000000000043 rdi=0x0000000000001e6b flags=0b000001000110
  xmm0=0x0000c1050000c1050000b4860000b486 xmm1=0x0000610d0000610d0000e8d40000e8d4 
  xmm2=0x000037e1000037e10000930400009304 xmm3=0x000024f4000024f40000f56b0000f56b 
  xmm4=0x00008e4600008e4600009e6500009e65 xmm5=0x00008461000084610000565b0000565b 
  xmm6=0x0000336e0000336e0000770e0000770e xmm7=0x00003ac700003ac70000d9620000d962 

    > load from +0x4000 value 0x4b7600004b77
0x3117: add sil, -21
  rax=0x09e87d5e09e89efb rbx=0x1b000080c8001e91 rcx=0x0000000000001fe9 rdx=0x0000000000000000
  rsi=0x0000000000000043 rdi=0x0000000000001e6b flags=0b000000000010
  xmm0=0x0000c1050000c1050000b4860000b486 xmm1=0x0000610d0000610d0000e8d40000e8d4 
  xmm2=0x000037e1000037e10000930400009304 xmm3=0x000024f4000024f40000f56b0000f56b 
  xmm4=0x00008e4600008e4600009e6500009e65 xmm5=0x00008461000084610000565b0000565b 
  xmm6=0x0000336e0000336e0000770e0000770e xmm7=0x00003ac700003ac70000d9620000d962 

0x311b: setnp sil
  rax=0x09e87d5e09e89efb rbx=0x1b000080c8001e91 rcx=0x0000000000001fe9 rdx=0x0000000000000000
  rsi=0x000000000000002e rdi=0x0000000000001e6b flags=0b000000000111
  xmm0=0x0000c1050000c1050000b4860000b486 xmm1=0x0000610d0000610d0000e8d40000e8d4 
  xmm2=0x000037e1000037e10000930400009304 xmm3=0x000024f4000024f40000f56b0000f56b 
  xmm4=0x00008e4600008e4600009e6500009e65 xmm5=0x00008461000084610000565b0000565b 
  xmm6=0x0000336e0000336e0000770e0000770e xmm7=0x00003ac700003ac70000d9620000d962 

0x311f: and rax, 0b1111111111111
  rax=0x09e87d5e09e89efb rbx=0x1b000080c8001e91 rcx=0x0000000000001fe9 rdx=0x0000000000000000
  rsi=0x0000000000000000 rdi=0x0000000000001e6b flags=0b000000000111
  xmm0=0x0000c1050000c1050000b4860000b486 xmm1=0x0000610d0000610d0000e8d40000e8d4 
  xmm2=0x000037e1000037e10000930400009304 xmm3=0x000024f4000024f40000f56b0000f56b 
  xmm4=0x00008e4600008e4600009e6500009e65 xmm5=0x00008461000084610000565b0000565b 
  xmm6=0x0000336e0000336e0000770e0000770e xmm7=0x00003ac700003ac70000d9620000d962 

0x3125: test [r14 +rax], -1299657064
  rax=0x0000000000001efb rbx=0x1b000080c8001e91 rcx=0x0000000000001fe9 rdx=0x0000000000000000
  rsi=0x0000000000000000 rdi=0x0000000000001e6b flags=0b000000000010
  xmm0=0x0000c1050000c1050000b4860000b486 xmm1=0x0000610d0000610d0000e8d40000e8d4 
  xmm2=0x000037e1000037e10000930400009304 xmm3=0x000024f4000024f40000f56b0000f56b 
  xmm4=0x00008e4600008e4600009e6500009e65 xmm5=0x00008461000084610000565b0000565b 
  xmm6=0x0000336e0000336e0000770e0000770e xmm7=0x00003ac700003ac70000d9620000d962 

    > load from +0x5efb value 0x5cf50000144600
0x312d: add eax, 115
  rax=0x0000000000001efb rbx=0x1b000080c8001e91 rcx=0x0000000000001fe9 rdx=0x0000000000000000
  rsi=0x0000000000000000 rdi=0x0000000000001e6b flags=0b000000000110
  xmm0=0x0000c1050000c1050000b4860000b486 xmm1=0x0000610d0000610d0000e8d40000e8d4 
  xmm2=0x000037e1000037e10000930400009304 xmm3=0x000024f4000024f40000f56b0000f56b 
  xmm4=0x00008e4600008e4600009e6500009e65 xmm5=0x00008461000084610000565b0000565b 
  xmm6=0x0000336e0000336e0000770e0000770e xmm7=0x00003ac700003ac70000d9620000d962 

0x3130: add rax, 174880192
  rax=0x0000000000001f6e rbx=0x1b000080c8001e91 rcx=0x0000000000001fe9 rdx=0x0000000000000000
  rsi=0x0000000000000000 rdi=0x0000000000001e6b flags=0b000000000010
  xmm0=0x0000c1050000c1050000b4860000b486 xmm1=0x0000610d0000610d0000e8d40000e8d4 
  xmm2=0x000037e1000037e10000930400009304 xmm3=0x000024f4000024f40000f56b0000f56b 
  xmm4=0x00008e4600008e4600009e6500009e65 xmm5=0x00008461000084610000565b0000565b 
  xmm6=0x0000336e0000336e0000770e0000770e xmm7=0x00003ac700003ac70000d9620000d962 

0x3136: cmovnz ecx, ebx
  rax=0x000000000a6c952e rbx=0x1b000080c8001e91 rcx=0x0000000000001fe9 rdx=0x0000000000000000
  rsi=0x0000000000000000 rdi=0x0000000000001e6b flags=0b000000000110
  xmm0=0x0000c1050000c1050000b4860000b486 xmm1=0x0000610d0000610d0000e8d40000e8d4 
  xmm2=0x000037e1000037e10000930400009304 xmm3=0x000024f4000024f40000f56b0000f56b 
  xmm4=0x00008e4600008e4600009e6500009e65 xmm5=0x00008461000084610000565b0000565b 
  xmm6=0x0000336e0000336e0000770e0000770e xmm7=0x00003ac700003ac70000d9620000d962 

0x3139: and rdx, 0b1111111111111
  rax=0x000000000a6c952e rbx=0x1b000080c8001e91 rcx=0x00000000c8001e91 rdx=0x0000000000000000
  rsi=0x0000000000000000 rdi=0x0000000000001e6b flags=0b000000000110
  xmm0=0x0000c1050000c1050000b4860000b486 xmm1=0x0000610d0000610d0000e8d40000e8d4 
  xmm2=0x000037e1000037e10000930400009304 xmm3=0x000024f4000024f40000f56b0000f56b 
  xmm4=0x00008e4600008e4600009e6500009e65 xmm5=0x00008461000084610000565b0000565b 
  xmm6=0x0000336e0000336e0000770e0000770e xmm7=0x00003ac700003ac70000d9620000d962 

0x3140: cmovnp rbx, [r14 +rdx]
  rax=0x000000000a6c952e rbx=0x1b000080c8001e91 rcx=0x00000000c8001e91 rdx=0x0000000000000000
  rsi=0x0000000000000000 rdi=0x0000000000001e6b flags=0b000001000110
  xmm0=0x0000c1050000c1050000b4860000b486 xmm1=0x0000610d0000610d0000e8d40000e8d4 
  xmm2=0x000037e1000037e10000930400009304 xmm3=0x000024f4000024f40000f56b0000f56b 
  xmm4=0x00008e4600008e4600009e6500009e65 xmm5=0x00008461000084610000565b0000565b 
  xmm6=0x0000336e0000336e0000770e0000770e xmm7=0x00003ac700003ac70000d9620000d962 

    > load from +0x4000 value 0x4b7600004b77
0x3145: and rsi, 0b1111111111111
  rax=0x000000000a6c952e rbx=0x1b000080c8001e91 rcx=0x00000000c8001e91 rdx=0x0000000000000000
  rsi=0x0000000000000000 rdi=0x0000000000001e6b flags=0b000001000110
  xmm0=0x0000c1050000c1050000b4860000b486 xmm1=0x0000610d0000610d0000e8d40000e8d4 
  xmm2=0x000037e1000037e10000930400009304 xmm3=0x000024f4000024f40000f56b0000f56b 
  xmm4=0x00008e4600008e4600009e6500009e65 xmm5=0x00008461000084610000565b0000565b 
  xmm6=0x0000336e0000336e0000770e0000770e xmm7=0x00003ac700003ac70000d9620000d962 

0x314c: mov cl, [r14 +rsi]
  rax=0x000000000a6c952e rbx=0x1b000080c8001e91 rcx=0x00000000c8001e91 rdx=0x0000000000000000
  rsi=0x0000000000000000 rdi=0x0000000000001e6b flags=0b000001000110
  xmm0=0x0000c1050000c1050000b4860000b486 xmm1=0x0000610d0000610d0000e8d40000e8d4 
  xmm2=0x000037e1000037e10000930400009304 xmm3=0x000024f4000024f40000f56b0000f56b 
  xmm4=0x00008e4600008e4600009e6500009e65 xmm5=0x00008461000084610000565b0000565b 
  xmm6=0x0000336e0000336e0000770e0000770e xmm7=0x00003ac700003ac70000d9620000d962 

    > load from +0x4000 value 0x77
0x3150: and rsi, 0b1111111111111
  rax=0x000000000a6c952e rbx=0x1b000080c8001e91 rcx=0x00000000c8001e77 rdx=0x0000000000000000
  rsi=0x0000000000000000 rdi=0x0000000000001e6b flags=0b000001000110
  xmm0=0x0000c1050000c1050000b4860000b486 xmm1=0x0000610d0000610d0000e8d40000e8d4 
  xmm2=0x000037e1000037e10000930400009304 xmm3=0x000024f4000024f40000f56b0000f56b 
  xmm4=0x00008e4600008e4600009e6500009e65 xmm5=0x00008461000084610000565b0000565b 
  xmm6=0x0000336e0000336e0000770e0000770e xmm7=0x00003ac700003ac70000d9620000d962 

0x3157: imul [r14 +rsi]
  rax=0x000000000a6c952e rbx=0x1b000080c8001e91 rcx=0x00000000c8001e77 rdx=0x0000000000000000
  rsi=0x0000000000000000 rdi=0x0000000000001e6b flags=0b000001000110
  xmm0=0x0000c1050000c1050000b4860000b486 xmm1=0x0000610d0000610d0000e8d40000e8d4 
  xmm2=0x000037e1000037e10000930400009304 xmm3=0x000024f4000024f40000f56b0000f56b 
  xmm4=0x00008e4600008e4600009e6500009e65 xmm5=0x00008461000084610000565b0000565b 
  xmm6=0x0000336e0000336e0000770e0000770e xmm7=0x00003ac700003ac70000d9620000d962 

    > load from +0x4000 value 0x77
0x315b: and rcx, 0b1111111111111
  rax=0x000000000a6c1562 rbx=0x1b000080c8001e91 rcx=0x00000000c8001e77 rdx=0x0000000000000000
  rsi=0x0000000000000000 rdi=0x0000000000001e6b flags=0b100000000011
  xmm0=0x0000c1050000c1050000b4860000b486 xmm1=0x0000610d0000610d0000e8d40000e8d4 
  xmm2=0x000037e1000037e10000930400009304 xmm3=0x000024f4000024f40000f56b0000f56b 
  xmm4=0x00008e4600008e4600009e6500009e65 xmm5=0x00008461000084610000565b0000565b 
  xmm6=0x0000336e0000336e0000770e0000770e xmm7=0x00003ac700003ac70000d9620000d962 

0x3162: cmp [r14 +rcx], rax
  rax=0x000000000a6c1562 rbx=0x1b000080c8001e91 rcx=0x0000000000001e77 rdx=0x0000000000000000
  rsi=0x0000000000000000 rdi=0x0000000000001e6b flags=0b000000000110
  xmm0=0x0000c1050000c1050000b4860000b486 xmm1=0x0000610d0000610d0000e8d40000e8d4 
  xmm2=0x000037e1000037e10000930400009304 xmm3=0x000024f4000024f40000f56b0000f56b 
  xmm4=0x00008e4600008e4600009e6500009e65 xmm5=0x00008461000084610000565b0000565b 
  xmm6=0x0000336e0000336e0000770e0000770e xmm7=0x00003ac700003ac70000d9620000d962 

    > load from +0x5e77 value 0x4ae600004ae600
0x3166: test dl, dil
  rax=0x000000000a6c1562 rbx=0x1b000080c8001e91 rcx=0x0000000000001e77 rdx=0x0000000000000000
  rsi=0x0000000000000000 rdi=0x0000000000001e6b flags=0b000000010010
  xmm0=0x0000c1050000c1050000b4860000b486 xmm1=0x0000610d0000610d0000e8d40000e8d4 
  xmm2=0x000037e1000037e10000930400009304 xmm3=0x000024f4000024f40000f56b0000f56b 
  xmm4=0x00008e4600008e4600009e6500009e65 xmm5=0x00008461000084610000565b0000565b 
  xmm6=0x0000336e0000336e0000770e0000770e xmm7=0x00003ac700003ac70000d9620000d962 

0x3169: neg bx
  rax=0x000000000a6c1562 rbx=0x1b000080c8001e91 rcx=0x0000000000001e77 rdx=0x0000000000000000
  rsi=0x0000000000000000 rdi=0x0000000000001e6b flags=0b000001000110
  xmm0=0x0000c1050000c1050000b4860000b486 xmm1=0x0000610d0000610d0000e8d40000e8d4 
  xmm2=0x000037e1000037e10000930400009304 xmm3=0x000024f4000024f40000f56b0000f56b 
  xmm4=0x00008e4600008e4600009e6500009e65 xmm5=0x00008461000084610000565b0000565b 
  xmm6=0x0000336e0000336e0000770e0000770e xmm7=0x00003ac700003ac70000d9620000d962 

0x316c: macro .switch, .main.function_main_1
  rax=0x000000000a6c1562 rbx=0x1b000080c800e16f rcx=0x0000000000001e77 rdx=0x0000000000000000
  rsi=0x0000000000000000 rdi=0x0000000000001e6b flags=0b000010010111
  xmm0=0x0000c1050000c1050000b4860000b486 xmm1=0x0000610d0000610d0000e8d40000e8d4 
  xmm2=0x000037e1000037e10000930400009304 xmm3=0x000024f4000024f40000f56b0000f56b 
  xmm4=0x00008e4600008e4600009e6500009e65 xmm5=0x00008461000084610000565b0000565b 
  xmm6=0x0000336e0000336e0000770e0000770e xmm7=0x00003ac700003ac70000d9620000d962 

0x8 : add dil, -34
  rax=0x000000000a6c1562 rbx=0x1b000080c800e16f rcx=0x0000000000001e77 rdx=0x0000000000000000
  rsi=0x0000000000000000 rdi=0x0000000000001e6b flags=0b000010010111
  xmm0=0x0000c1050000c1050000b4860000b486 xmm1=0x0000610d0000610d0000e8d40000e8d4 
  xmm2=0x000037e1000037e10000930400009304 xmm3=0x000024f4000024f40000f56b0000f56b 
  xmm4=0x00008e4600008e4600009e6500009e65 xmm5=0x00008461000084610000565b0000565b 
  xmm6=0x0000336e0000336e0000770e0000770e xmm7=0x00003ac700003ac70000d9620000d962 

0xc : and rbx, 0b1111111111111
  rax=0x000000000a6c1562 rbx=0x1b000080c800e16f rcx=0x0000000000001e77 rdx=0x0000000000000000
  rsi=0x0000000000000000 rdi=0x0000000000001e49 flags=0b000000010011
  xmm0=0x0000c1050000c1050000b4860000b486 xmm1=0x0000610d0000610d0000e8d40000e8d4 
  xmm2=0x000037e1000037e10000930400009304 xmm3=0x000024f4000024f40000f56b0000f56b 
  xmm4=0x00008e4600008e4600009e6500009e65 xmm5=0x00008461000084610000565b0000565b 
  xmm6=0x0000336e0000336e0000770e0000770e xmm7=0x00003ac700003ac70000d9620000d962 

0x13: cmovnle rsi, [r14 +rbx]
  rax=0x000000000a6c1562 rbx=0x000000000000016f rcx=0x0000000000001e77 rdx=0x0000000000000000
  rsi=0x0000000000000000 rdi=0x0000000000001e49 flags=0b000000000110
  xmm0=0x0000c1050000c1050000b4860000b486 xmm1=0x0000610d0000610d0000e8d40000e8d4 
  xmm2=0x000037e1000037e10000930400009304 xmm3=0x000024f4000024f40000f56b0000f56b 
  xmm4=0x00008e4600008e4600009e6500009e65 xmm5=0x00008461000084610000565b0000565b 
  xmm6=0x0000336e0000336e0000770e0000770e xmm7=0x00003ac700003ac70000d9620000d962 

    > load from +0x16f value 0xa30b0000a30b00
0x18: setnp dil
  rax=0x000000000a6c1562 rbx=0x000000000000016f rcx=0x0000000000001e77 rdx=0x0000000000000000
  rsi=0x00a30b0000a30b00 rdi=0x0000000000001e49 flags=0b000000000110
  xmm0=0x0000c1050000c1050000b4860000b486 xmm1=0x0000610d0000610d0000e8d40000e8d4 
  xmm2=0x000037e1000037e10000930400009304 xmm3=0x000024f4000024f40000f56b0000f56b 
  xmm4=0x00008e4600008e4600009e6500009e65 xmm5=0x00008461000084610000565b0000565b 
  xmm6=0x0000336e0000336e0000770e0000770e xmm7=0x00003ac700003ac70000d9620000d962 

0x1c: and rax, 0b1111111111111
  rax=0x000000000a6c1562 rbx=0x000000000000016f rcx=0x0000000000001e77 rdx=0x0000000000000000
  rsi=0x00a30b0000a30b00 rdi=0x0000000000001e00 flags=0b000000000110
  xmm0=0x0000c1050000c1050000b4860000b486 xmm1=0x0000610d0000610d0000e8d40000e8d4 
  xmm2=0x000037e1000037e10000930400009304 xmm3=0x000024f4000024f40000f56b0000f56b 
  xmm4=0x00008e4600008e4600009e6500009e65 xmm5=0x00008461000084610000565b0000565b 
  xmm6=0x0000336e0000336e0000770e0000770e xmm7=0x00003ac700003ac70000d9620000d962 

0x22: cmovno rbx, [r14 +rax]
  rax=0x0000000000001562 rbx=0x000000000000016f rcx=0x0000000000001e77 rdx=0x0000000000000000
  rsi=0x00a30b0000a30b00 rdi=0x0000000000001e00 flags=0b000000000010
  xmm0=0x0000c1050000c1050000b4860000b486 xmm1=0x0000610d0000610d0000e8d40000e8d4 
  xmm2=0x000037e1000037e10000930400009304 xmm3=0x000024f4000024f40000f56b0000f56b 
  xmm4=0x00008e4600008e4600009e6500009e65 xmm5=0x00008461000084610000565b0000565b 
  xmm6=0x0000336e0000336e0000770e0000770e xmm7=0x00003ac700003ac70000d9620000d962 

    > load from +0x1562 value 0x7d45000073c10000
0x27: and al, al
  rax=0x0000000000001562 rbx=0x7d45000073c10000 rcx=0x0000000000001e77 rdx=0x0000000000000000
  rsi=0x00a30b0000a30b00 rdi=0x0000000000001e00 flags=0b000000000010
  xmm0=0x0000c1050000c1050000b4860000b486 xmm1=0x0000610d0000610d0000e8d40000e8d4 
  xmm2=0x000037e1000037e10000930400009304 xmm3=0x000024f4000024f40000f56b0000f56b 
  xmm4=0x00008e4600008e4600009e6500009e65 xmm5=0x00008461000084610000565b0000565b 
  xmm6=0x0000336e0000336e0000770e0000770e xmm7=0x00003ac700003ac70000d9620000d962 

0x29: and rbx, 0b1111111111111
  rax=0x0000000000001562 rbx=0x7d45000073c10000 rcx=0x0000000000001e77 rdx=0x0000000000000000
  rsi=0x00a30b0000a30b00 rdi=0x0000000000001e00 flags=0b000000000010
  xmm0=0x0000c1050000c1050000b4860000b486 xmm1=0x0000610d0000610d0000e8d40000e8d4 
  xmm2=0x000037e1000037e10000930400009304 xmm3=0x000024f4000024f40000f56b0000f56b 
  xmm4=0x00008e4600008e4600009e6500009e65 xmm5=0x00008461000084610000565b0000565b 
  xmm6=0x0000336e0000336e0000770e0000770e xmm7=0x00003ac700003ac70000d9620000d962 

0x30: xor edi, [r14 +rbx]
  rax=0x0000000000001562 rbx=0x0000000000000000 rcx=0x0000000000001e77 rdx=0x0000000000000000
  rsi=0x00a30b0000a30b00 rdi=0x0000000000001e00 flags=0b000001000110
  xmm0=0x0000c1050000c1050000b4860000b486 xmm1=0x0000610d0000610d0000e8d40000e8d4 
  xmm2=0x000037e1000037e10000930400009304 xmm3=0x000024f4000024f40000f56b0000f56b 
  xmm4=0x00008e4600008e4600009e6500009e65 xmm5=0x00008461000084610000565b0000565b 
  xmm6=0x0000336e0000336e0000770e0000770e xmm7=0x00003ac700003ac70000d9620000d962 

    > load from +0x0 value 0x33e8
0x34: and rbx, 0b1111111111111
  rax=0x0000000000001562 rbx=0x0000000000000000 rcx=0x0000000000001e77 rdx=0x0000000000000000
  rsi=0x00a30b0000a30b00 rdi=0x0000000000002de8 flags=0b000000000110
  xmm0=0x0000c1050000c1050000b4860000b486 xmm1=0x0000610d0000610d0000e8d40000e8d4 
  xmm2=0x000037e1000037e10000930400009304 xmm3=0x000024f4000024f40000f56b0000f56b 
  xmm4=0x00008e4600008e4600009e6500009e65 xmm5=0x00008461000084610000565b0000565b 
  xmm6=0x0000336e0000336e0000770e0000770e xmm7=0x00003ac700003ac70000d9620000d962 

0x3b: cmp [r14 +rbx], 96
  rax=0x0000000000001562 rbx=0x0000000000000000 rcx=0x0000000000001e77 rdx=0x0000000000000000
  rsi=0x00a30b0000a30b00 rdi=0x0000000000002de8 flags=0b000001000110
  xmm0=0x0000c1050000c1050000b4860000b486 xmm1=0x0000610d0000610d0000e8d40000e8d4 
  xmm2=0x000037e1000037e10000930400009304 xmm3=0x000024f4000024f40000f56b0000f56b 
  xmm4=0x00008e4600008e4600009e6500009e65 xmm5=0x00008461000084610000565b0000565b 
  xmm6=0x0000336e0000336e0000770e0000770e xmm7=0x00003ac700003ac70000d9620000d962 

    > load from +0x0 value 0x33e8
0x41: and rsi, 0b1111111111111
  rax=0x0000000000001562 rbx=0x0000000000000000 rcx=0x0000000000001e77 rdx=0x0000000000000000
  rsi=0x00a30b0000a30b00 rdi=0x0000000000002de8 flags=0b000000000110
  xmm0=0x0000c1050000c1050000b4860000b486 xmm1=0x0000610d0000610d0000e8d40000e8d4 
  xmm2=0x000037e1000037e10000930400009304 xmm3=0x000024f4000024f40000f56b0000f56b 
  xmm4=0x00008e4600008e4600009e6500009e65 xmm5=0x00008461000084610000565b0000565b 
  xmm6=0x0000336e0000336e0000770e0000770e xmm7=0x00003ac700003ac70000d9620000d962 

0x48: or [r14 +rsi], 0b1000000000000000
  rax=0x0000000000001562 rbx=0x0000000000000000 rcx=0x0000000000001e77 rdx=0x0000000000000000
  rsi=0x0000000000000b00 rdi=0x0000000000002de8 flags=0b000000000110
  xmm0=0x0000c1050000c1050000b4860000b486 xmm1=0x0000610d0000610d0000e8d40000e8d4 
  xmm2=0x000037e1000037e10000930400009304 xmm3=0x000024f4000024f40000f56b0000f56b 
  xmm4=0x00008e4600008e4600009e6500009e65 xmm5=0x00008461000084610000565b0000565b 
  xmm6=0x0000336e0000336e0000770e0000770e xmm7=0x00003ac700003ac70000d9620000d962 

    > load from +0xb00 value 0x713e
    > store to +0xb00 value 0xf13e
0x4f: bsr dx, [r14 +rsi]
  rax=0x0000000000001562 rbx=0x0000000000000000 rcx=0x0000000000001e77 rdx=0x0000000000000000
  rsi=0x0000000000000b00 rdi=0x0000000000002de8 flags=0b000010000010
  xmm0=0x0000c1050000c1050000b4860000b486 xmm1=0x0000610d0000610d0000e8d40000e8d4 
  xmm2=0x000037e1000037e10000930400009304 xmm3=0x000024f4000024f40000f56b0000f56b 
  xmm4=0x00008e4600008e4600009e6500009e65 xmm5=0x00008461000084610000565b0000565b 
  xmm6=0x0000336e0000336e0000770e0000770e xmm7=0x00003ac700003ac70000d9620000d962 

    > load from +0xb00 value 0xf13e
0x55: cmp di, si
  rax=0x0000000000001562 rbx=0x0000000000000000 rcx=0x0000000000001e77 rdx=0x000000000000000f
  rsi=0x0000000000000b00 rdi=0x0000000000002de8 flags=0b000010000010
  xmm0=0x0000c1050000c1050000b4860000b486 xmm1=0x0000610d0000610d0000e8d40000e8d4 
  xmm2=0x000037e1000037e10000930400009304 xmm3=0x000024f4000024f40000f56b0000f56b 
  xmm4=0x00008e4600008e4600009e6500009e65 xmm5=0x00008461000084610000565b0000565b 
  xmm6=0x0000336e0000336e0000770e0000770e xmm7=0x00003ac700003ac70000d9620000d962 

0x58: and rdi, 0b1111111111111
  rax=0x0000000000001562 rbx=0x0000000000000000 rcx=0x0000000000001e77 rdx=0x000000000000000f
  rsi=0x0000000000000b00 rdi=0x0000000000002de8 flags=0b000000000110
  xmm0=0x0000c1050000c1050000b4860000b486 xmm1=0x0000610d0000610d0000e8d40000e8d4 
  xmm2=0x000037e1000037e10000930400009304 xmm3=0x000024f4000024f40000f56b0000f56b 
  xmm4=0x00008e4600008e4600009e6500009e65 xmm5=0x00008461000084610000565b0000565b 
  xmm6=0x0000336e0000336e0000770e0000770e xmm7=0x00003ac700003ac70000d9620000d962 

0x5f: adc rdx, [r14 +rdi]
  rax=0x0000000000001562 rbx=0x0000000000000000 rcx=0x0000000000001e77 rdx=0x000000000000000f
  rsi=0x0000000000000b00 rdi=0x0000000000000de8 flags=0b000000000110
  xmm0=0x0000c1050000c1050000b4860000b486 xmm1=0x0000610d0000610d0000e8d40000e8d4 
  xmm2=0x000037e1000037e10000930400009304 xmm3=0x000024f4000024f40000f56b0000f56b 
  xmm4=0x00008e4600008e4600009e6500009e65 xmm5=0x00008461000084610000565b0000565b 
  xmm6=0x0000336e0000336e0000770e0000770e xmm7=0x00003ac700003ac70000d9620000d962 

    > load from +0xde8 value 0xfd850000fd85
0x63: and rdx, 0b1111111111111
  rax=0x0000000000001562 rbx=0x0000000000000000 rcx=0x0000000000001e77 rdx=0x0000fd850000fd94
  rsi=0x0000000000000b00 rdi=0x0000000000000de8 flags=0b000000010010
  xmm0=0x0000c1050000c1050000b4860000b486 xmm1=0x0000610d0000610d0000e8d40000e8d4 
  xmm2=0x000037e1000037e10000930400009304 xmm3=0x000024f4000024f40000f56b0000f56b 
  xmm4=0x00008e4600008e4600009e6500009e65 xmm5=0x00008461000084610000565b0000565b 
  xmm6=0x0000336e0000336e0000770e0000770e xmm7=0x00003ac700003ac70000d9620000d962 

0x6a: cmovz eax, [r14 +rdx]
  rax=0x0000000000001562 rbx=0x0000000000000000 rcx=0x0000000000001e77 rdx=0x0000000000001d94
  rsi=0x0000000000000b00 rdi=0x0000000000000de8 flags=0b000000000010
  xmm0=0x0000c1050000c1050000b4860000b486 xmm1=0x0000610d0000610d0000e8d40000e8d4 
  xmm2=0x000037e1000037e10000930400009304 xmm3=0x000024f4000024f40000f56b0000f56b 
  xmm4=0x00008e4600008e4600009e6500009e65 xmm5=0x00008461000084610000565b0000565b 
  xmm6=0x0000336e0000336e0000770e0000770e xmm7=0x00003ac700003ac70000d9620000d962 

    > load from +0x1d94 value 0x7b1d
0x6f: movsx dx, dl
  rax=0x0000000000001562 rbx=0x0000000000000000 rcx=0x0000000000001e77 rdx=0x0000000000001d94
  rsi=0x0000000000000b00 rdi=0x0000000000000de8 flags=0b000000000010
  xmm0=0x0000c1050000c1050000b4860000b486 xmm1=0x0000610d0000610d0000e8d40000e8d4 
  xmm2=0x000037e1000037e10000930400009304 xmm3=0x000024f4000024f40000f56b0000f56b 
  xmm4=0x00008e4600008e4600009e6500009e65 xmm5=0x00008461000084610000565b0000565b 
  xmm6=0x0000336e0000336e0000770e0000770e xmm7=0x00003ac700003ac70000d9620000d962 

0x73: and rdx, 0b1111111111111
  rax=0x0000000000001562 rbx=0x0000000000000000 rcx=0x0000000000001e77 rdx=0x000000000000ff94
  rsi=0x0000000000000b00 rdi=0x0000000000000de8 flags=0b000000000010
  xmm0=0x0000c1050000c1050000b4860000b486 xmm1=0x0000610d0000610d0000e8d40000e8d4 
  xmm2=0x000037e1000037e10000930400009304 xmm3=0x000024f4000024f40000f56b0000f56b 
  xmm4=0x00008e4600008e4600009e6500009e65 xmm5=0x00008461000084610000565b0000565b 
  xmm6=0x0000336e0000336e0000770e0000770e xmm7=0x00003ac700003ac70000d9620000d962 

0x7a: cmovz ecx, [r14 +rdx]
  rax=0x0000000000001562 rbx=0x0000000000000000 rcx=0x0000000000001e77 rdx=0x0000000000001f94
  rsi=0x0000000000000b00 rdi=0x0000000000000de8 flags=0b000000000010
  xmm0=0x0000c1050000c1050000b4860000b486 xmm1=0x0000610d0000610d0000e8d40000e8d4 
  xmm2=0x000037e1000037e10000930400009304 xmm3=0x000024f4000024f40000f56b0000f56b 
  xmm4=0x00008e4600008e4600009e6500009e65 xmm5=0x00008461000084610000565b0000565b 
  xmm6=0x0000336e0000336e0000770e0000770e xmm7=0x00003ac700003ac70000d9620000d962 

    > load from +0x1f94 value 0x2747
0x7f: and rax, 0b1111111111111
  rax=0x0000000000001562 rbx=0x0000000000000000 rcx=0x0000000000001e77 rdx=0x0000000000001f94
  rsi=0x0000000000000b00 rdi=0x0000000000000de8 flags=0b000000000010
  xmm0=0x0000c1050000c1050000b4860000b486 xmm1=0x0000610d0000610d0000e8d40000e8d4 
  xmm2=0x000037e1000037e10000930400009304 xmm3=0x000024f4000024f40000f56b0000f56b 
  xmm4=0x00008e4600008e4600009e6500009e65 xmm5=0x00008461000084610000565b0000565b 
  xmm6=0x0000336e0000336e0000770e0000770e xmm7=0x00003ac700003ac70000d9620000d962 

0x85: and rsi, 0b1111111111111
  rax=0x0000000000001562 rbx=0x0000000000000000 rcx=0x0000000000001e77 rdx=0x0000000000001f94
  rsi=0x0000000000000b00 rdi=0x0000000000000de8 flags=0b000000000010
  xmm0=0x0000c1050000c1050000b4860000b486 xmm1=0x0000610d0000610d0000e8d40000e8d4 
  xmm2=0x000037e1000037e10000930400009304 xmm3=0x000024f4000024f40000f56b0000f56b 
  xmm4=0x00008e4600008e4600009e6500009e65 xmm5=0x00008461000084610000565b0000565b 
  xmm6=0x0000336e0000336e0000770e0000770e xmm7=0x00003ac700003ac70000d9620000d962 

0x8c: imul [r14 +rsi]
  rax=0x0000000000001562 rbx=0x0000000000000000 rcx=0x0000000000001e77 rdx=0x0000000000001f94
  rsi=0x0000000000000b00 rdi=0x0000000000000de8 flags=0b000000000110
  xmm0=0x0000c1050000c1050000b4860000b486 xmm1=0x0000610d0000610d0000e8d40000e8d4 
  xmm2=0x000037e1000037e10000930400009304 xmm3=0x000024f4000024f40000f56b0000f56b 
  xmm4=0x00008e4600008e4600009e6500009e65 xmm5=0x00008461000084610000565b0000565b 
  xmm6=0x0000336e0000336e0000770e0000770e xmm7=0x00003ac700003ac70000d9620000d962 

    > load from +0xb00 value 0x3e
0x90: and rdx, 0b1111111111111
  rax=0x00000000000017bc rbx=0x0000000000000000 rcx=0x0000000000001e77 rdx=0x0000000000001f94
  rsi=0x0000000000000b00 rdi=0x0000000000000de8 flags=0b100010000011
  xmm0=0x0000c1050000c1050000b4860000b486 xmm1=0x0000610d0000610d0000e8d40000e8d4 
  xmm2=0x000037e1000037e10000930400009304 xmm3=0x000024f4000024f40000f56b0000f56b 
  xmm4=0x00008e4600008e4600009e6500009e65 xmm5=0x00008461000084610000565b0000565b 
  xmm6=0x0000336e0000336e0000770e0000770e xmm7=0x00003ac700003ac70000d9620000d962 

0x97: imul si, [r14 +rdx]
  rax=0x00000000000017bc rbx=0x0000000000000000 rcx=0x0000000000001e77 rdx=0x0000000000001f94
  rsi=0x0000000000000b00 rdi=0x0000000000000de8 flags=0b000000000010
  xmm0=0x0000c1050000c1050000b4860000b486 xmm1=0x0000610d0000610d0000e8d40000e8d4 
  xmm2=0x000037e1000037e10000930400009304 xmm3=0x000024f4000024f40000f56b0000f56b 
  xmm4=0x00008e4600008e4600009e6500009e65 xmm5=0x00008461000084610000565b0000565b 
  xmm6=0x0000336e0000336e0000770e0000770e xmm7=0x00003ac700003ac70000d9620000d962 

    > load from +0x1f94 value 0x2747
0x9d: and rcx, 0b1111111111111
  rax=0x00000000000017bc rbx=0x0000000000000000 rcx=0x0000000000001e77 rdx=0x0000000000001f94
  rsi=0x0000000000000d00 rdi=0x0000000000000de8 flags=0b100000000111
  xmm0=0x0000c1050000c1050000b4860000b486 xmm1=0x0000610d0000610d0000e8d40000e8d4 
  xmm2=0x000037e1000037e10000930400009304 xmm3=0x000024f4000024f40000f56b0000f56b 
  xmm4=0x00008e4600008e4600009e6500009e65 xmm5=0x00008461000084610000565b0000565b 
  xmm6=0x0000336e0000336e0000770e0000770e xmm7=0x00003ac700003ac70000d9620000d962 

0xa4: cmovo ebx, [r14 +rcx]
  rax=0x00000000000017bc rbx=0x0000000000000000 rcx=0x0000000000001e77 rdx=0x0000000000001f94
  rsi=0x0000000000000d00 rdi=0x0000000000000de8 flags=0b000000000110
  xmm0=0x0000c1050000c1050000b4860000b486 xmm1=0x0000610d0000610d0000e8d40000e8d4 
  xmm2=0x000037e1000037e10000930400009304 xmm3=0x000024f4000024f40000f56b0000f56b 
  xmm4=0x00008e4600008e4600009e6500009e65 xmm5=0x00008461000084610000565b0000565b 
  xmm6=0x0000336e0000336e0000770e0000770e xmm7=0x00003ac700003ac70000d9620000d962 

    > load from +0x1e77 value 0xa7a600
0xa9: and rcx, 0b1111111111111
  rax=0x00000000000017bc rbx=0x0000000000000000 rcx=0x0000000000001e77 rdx=0x0000000000001f94
  rsi=0x0000000000000d00 rdi=0x0000000000000de8 flags=0b000000000110
  xmm0=0x0000c1050000c1050000b4860000b486 xmm1=0x0000610d0000610d0000e8d40000e8d4 
  xmm2=0x000037e1000037e10000930400009304 xmm3=0x000024f4000024f40000f56b0000f56b 
  xmm4=0x00008e4600008e4600009e6500009e65 xmm5=0x00008461000084610000565b0000565b 
  xmm6=0x0000336e0000336e0000770e0000770e xmm7=0x00003ac700003ac70000d9620000d962 

0xb0: cmp [r14 +rcx], -75
  rax=0x00000000000017bc rbx=0x0000000000000000 rcx=0x0000000000001e77 rdx=0x0000000000001f94
  rsi=0x0000000000000d00 rdi=0x0000000000000de8 flags=0b000000000110
  xmm0=0x0000c1050000c1050000b4860000b486 xmm1=0x0000610d0000610d0000e8d40000e8d4 
  xmm2=0x000037e1000037e10000930400009304 xmm3=0x000024f4000024f40000f56b0000f56b 
  xmm4=0x00008e4600008e4600009e6500009e65 xmm5=0x00008461000084610000565b0000565b 
  xmm6=0x0000336e0000336e0000770e0000770e xmm7=0x00003ac700003ac70000d9620000d962 

    > load from +0x1e77 value 0xa600
0xb6: setb cl
  rax=0x00000000000017bc rbx=0x0000000000000000 rcx=0x0000000000001e77 rdx=0x0000000000001f94
  rsi=0x0000000000000d00 rdi=0x0000000000000de8 flags=0b000010010111
  xmm0=0x0000c1050000c1050000b4860000b486 xmm1=0x0000610d0000610d0000e8d40000e8d4 
  xmm2=0x000037e1000037e10000930400009304 xmm3=0x000024f4000024f40000f56b0000f56b 
  xmm4=0x00008e4600008e4600009e6500009e65 xmm5=0x00008461000084610000565b0000565b 
  xmm6=0x0000336e0000336e0000770e0000770e xmm7=0x00003ac700003ac70000d9620000d962 

0xb9: and rbx, 0b1111111111111
  rax=0x00000000000017bc rbx=0x0000000000000000 rcx=0x0000000000001e01 rdx=0x0000000000001f94
  rsi=0x0000000000000d00 rdi=0x0000000000000de8 flags=0b000010010111
  xmm0=0x0000c1050000c1050000b4860000b486 xmm1=0x0000610d0000610d0000e8d40000e8d4 
  xmm2=0x000037e1000037e10000930400009304 xmm3=0x000024f4000024f40000f56b0000f56b 
  xmm4=0x00008e4600008e4600009e6500009e65 xmm5=0x00008461000084610000565b0000565b 
  xmm6=0x0000336e0000336e0000770e0000770e xmm7=0x00003ac700003ac70000d9620000d962 

0xc0: and si, 0b111
  rax=0x00000000000017bc rbx=0x0000000000000000 rcx=0x0000000000001e01 rdx=0x0000000000001f94
  rsi=0x0000000000000d00 rdi=0x0000000000000de8 flags=0b000001000110
  xmm0=0x0000c1050000c1050000b4860000b486 xmm1=0x0000610d0000610d0000e8d40000e8d4 
  xmm2=0x000037e1000037e10000930400009304 xmm3=0x000024f4000024f40000f56b0000f56b 
  xmm4=0x00008e4600008e4600009e6500009e65 xmm5=0x00008461000084610000565b0000565b 
  xmm6=0x0000336e0000336e0000770e0000770e xmm7=0x00003ac700003ac70000d9620000d962 

0xc4: bt [r14 +rbx], si
  rax=0x00000000000017bc rbx=0x0000000000000000 rcx=0x0000000000001e01 rdx=0x0000000000001f94
  rsi=0x0000000000000000 rdi=0x0000000000000de8 flags=0b000001000110
  xmm0=0x0000c1050000c1050000b4860000b486 xmm1=0x0000610d0000610d0000e8d40000e8d4 
  xmm2=0x000037e1000037e10000930400009304 xmm3=0x000024f4000024f40000f56b0000f56b 
  xmm4=0x00008e4600008e4600009e6500009e65 xmm5=0x00008461000084610000565b0000565b 
  xmm6=0x0000336e0000336e0000770e0000770e xmm7=0x00003ac700003ac70000d9620000d962 

    > load from +0x0 value 0x33e8
0xca: add dil, 23
  rax=0x00000000000017bc rbx=0x0000000000000000 rcx=0x0000000000001e01 rdx=0x0000000000001f94
  rsi=0x0000000000000000 rdi=0x0000000000000de8 flags=0b000001000110
  xmm0=0x0000c1050000c1050000b4860000b486 xmm1=0x0000610d0000610d0000e8d40000e8d4 
  xmm2=0x000037e1000037e10000930400009304 xmm3=0x000024f4000024f40000f56b0000f56b 
  xmm4=0x00008e4600008e4600009e6500009e65 xmm5=0x00008461000084610000565b0000565b 
  xmm6=0x0000336e0000336e0000770e0000770e xmm7=0x00003ac700003ac70000d9620000d962 

0xce: and rbx, 0b1111111111111
  rax=0x00000000000017bc rbx=0x0000000000000000 rcx=0x0000000000001e01 rdx=0x0000000000001f94
  rsi=0x0000000000000000 rdi=0x0000000000000dff flags=0b000010000110
  xmm0=0x0000c1050000c1050000b4860000b486 xmm1=0x0000610d0000610d0000e8d40000e8d4 
  xmm2=0x000037e1000037e10000930400009304 xmm3=0x000024f4000024f40000f56b0000f56b 
  xmm4=0x00008e4600008e4600009e6500009e65 xmm5=0x00008461000084610000565b0000565b 
  xmm6=0x0000336e0000336e0000770e0000770e xmm7=0x00003ac700003ac70000d9620000d962 

0xd5: cmovnb rdx, [r14 +rbx]
  rax=0x00000000000017bc rbx=0x0000000000000000 rcx=0x0000000000001e01 rdx=0x0000000000001f94
  rsi=0x0000000000000000 rdi=0x0000000000000dff flags=0b000001000110
  xmm0=0x0000c1050000c1050000b4860000b486 xmm1=0x0000610d0000610d0000e8d40000e8d4 
  xmm2=0x000037e1000037e10000930400009304 xmm3=0x000024f4000024f40000f56b0000f56b 
  xmm4=0x00008e4600008e4600009e6500009e65 xmm5=0x00008461000084610000565b0000565b 
  xmm6=0x0000336e0000336e0000770e0000770e xmm7=0x00003ac700003ac70000d9620000d962 

    > load from +0x0 value 0x33e8000033e8
0xda: cmovp di, ax
  rax=0x00000000000017bc rbx=0x0000000000000000 rcx=0x0000000000001e01 rdx=0x000033e8000033e8
  rsi=0x0000000000000000 rdi=0x0000000000000dff flags=0b000001000110
  xmm0=0x0000c1050000c1050000b4860000b486 xmm1=0x0000610d0000610d0000e8d40000e8d4 
  xmm2=0x000037e1000037e10000930400009304 xmm3=0x000024f4000024f40000f56b0000f56b 
  xmm4=0x00008e4600008e4600009e6500009e65 xmm5=0x00008461000084610000565b0000565b 
  xmm6=0x0000336e0000336e0000770e0000770e xmm7=0x00003ac700003ac70000d9620000d962 

0xde: and rsi, 0b1111111111111
  rax=0x00000000000017bc rbx=0x0000000000000000 rcx=0x0000000000001e01 rdx=0x000033e8000033e8
  rsi=0x0000000000000000 rdi=0x00000000000017bc flags=0b000001000110
  xmm0=0x0000c1050000c1050000b4860000b486 xmm1=0x0000610d0000610d0000e8d40000e8d4 
  xmm2=0x000037e1000037e10000930400009304 xmm3=0x000024f4000024f40000f56b0000f56b 
  xmm4=0x00008e4600008e4600009e6500009e65 xmm5=0x00008461000084610000565b0000565b 
  xmm6=0x0000336e0000336e0000770e0000770e xmm7=0x00003ac700003ac70000d9620000d962 

0xe5: xor bl, [r14 +rsi]
  rax=0x00000000000017bc rbx=0x0000000000000000 rcx=0x0000000000001e01 rdx=0x000033e8000033e8
  rsi=0x0000000000000000 rdi=0x00000000000017bc flags=0b000001000110
  xmm0=0x0000c1050000c1050000b4860000b486 xmm1=0x0000610d0000610d0000e8d40000e8d4 
  xmm2=0x000037e1000037e10000930400009304 xmm3=0x000024f4000024f40000f56b0000f56b 
  xmm4=0x00008e4600008e4600009e6500009e65 xmm5=0x00008461000084610000565b0000565b 
  xmm6=0x0000336e0000336e0000770e0000770e xmm7=0x00003ac700003ac70000d9620000d962 

    > load from +0x0 value 0xe8
0xe9: bt bx, cx
  rax=0x00000000000017bc rbx=0x00000000000000e8 rcx=0x0000000000001e01 rdx=0x000033e8000033e8
  rsi=0x0000000000000000 rdi=0x00000000000017bc flags=0b000010000110
  xmm0=0x0000c1050000c1050000b4860000b486 xmm1=0x0000610d0000610d0000e8d40000e8d4 
  xmm2=0x000037e1000037e10000930400009304 xmm3=0x000024f4000024f40000f56b0000f56b 
  xmm4=0x00008e4600008e4600009e6500009e65 xmm5=0x00008461000084610000565b0000565b 
  xmm6=0x0000336e0000336e0000770e0000770e xmm7=0x00003ac700003ac70000d9620000d962 

0xed: cmp eax, 461776737
  rax=0x00000000000017bc rbx=0x00000000000000e8 rcx=0x0000000000001e01 rdx=0x000033e8000033e8
  rsi=0x0000000000000000 rdi=0x00000000000017bc flags=0b100010000110
  xmm0=0x0000c1050000c1050000b4860000b486 xmm1=0x0000610d0000610d0000e8d40000e8d4 
  xmm2=0x000037e1000037e10000930400009304 xmm3=0x000024f4000024f40000f56b0000f56b 
  xmm4=0x00008e4600008e4600009e6500009e65 xmm5=0x00008461000084610000565b0000565b 
  xmm6=0x0000336e0000336e0000770e0000770e xmm7=0x00003ac700003ac70000d9620000d962 

0xf2: bt dx, di
  rax=0x00000000000017bc rbx=0x00000000000000e8 rcx=0x0000000000001e01 rdx=0x000033e8000033e8
  rsi=0x0000000000000000 rdi=0x00000000000017bc flags=0b000010000011
  xmm0=0x0000c1050000c1050000b4860000b486 xmm1=0x0000610d0000610d0000e8d40000e8d4 
  xmm2=0x000037e1000037e10000930400009304 xmm3=0x000024f4000024f40000f56b0000f56b 
  xmm4=0x00008e4600008e4600009e6500009e65 xmm5=0x00008461000084610000565b0000565b 
  xmm6=0x0000336e0000336e0000770e0000770e xmm7=0x00003ac700003ac70000d9620000d962 

0xf6: and rdi, 0b1111111111111
  rax=0x00000000000017bc rbx=0x00000000000000e8 rcx=0x0000000000001e01 rdx=0x000033e8000033e8
  rsi=0x0000000000000000 rdi=0x00000000000017bc flags=0b100010000011
  xmm0=0x0000c1050000c1050000b4860000b486 xmm1=0x0000610d0000610d0000e8d40000e8d4 
  xmm2=0x000037e1000037e10000930400009304 xmm3=0x000024f4000024f40000f56b0000f56b 
  xmm4=0x00008e4600008e4600009e6500009e65 xmm5=0x00008461000084610000565b0000565b 
  xmm6=0x0000336e0000336e0000770e0000770e xmm7=0x00003ac700003ac70000d9620000d962 

0xfd: cmp rdi, [r14 +rdi]
  rax=0x00000000000017bc rbx=0x00000000000000e8 rcx=0x0000000000001e01 rdx=0x000033e8000033e8
  rsi=0x0000000000000000 rdi=0x00000000000017bc flags=0b000000000010
  xmm0=0x0000c1050000c1050000b4860000b486 xmm1=0x0000610d0000610d0000e8d40000e8d4 
  xmm2=0x000037e1000037e10000930400009304 xmm3=0x000024f4000024f40000f56b0000f56b 
  xmm4=0x00008e4600008e4600009e6500009e65 xmm5=0x00008461000084610000565b0000565b 
  xmm6=0x0000336e0000336e0000770e0000770e xmm7=0x00003ac700003ac70000d9620000d962 

    > load from +0x17bc value 0x1a280000e2b7
0x101: and rcx, 0b1111111111111
  rax=0x00000000000017bc rbx=0x00000000000000e8 rcx=0x0000000000001e01 rdx=0x000033e8000033e8
  rsi=0x0000000000000000 rdi=0x00000000000017bc flags=0b000010000111
  xmm0=0x0000c1050000c1050000b4860000b486 xmm1=0x0000610d0000610d0000e8d40000e8d4 
  xmm2=0x000037e1000037e10000930400009304 xmm3=0x000024f4000024f40000f56b0000f56b 
  xmm4=0x00008e4600008e4600009e6500009e65 xmm5=0x00008461000084610000565b0000565b 
  xmm6=0x0000336e0000336e0000770e0000770e xmm7=0x00003ac700003ac70000d9620000d962 

0x108: cmovl ebx, [r14 +rcx]
  rax=0x00000000000017bc rbx=0x00000000000000e8 rcx=0x0000000000001e01 rdx=0x000033e8000033e8
  rsi=0x0000000000000000 rdi=0x00000000000017bc flags=0b000000000010
  xmm0=0x0000c1050000c1050000b4860000b486 xmm1=0x0000610d0000610d0000e8d40000e8d4 
  xmm2=0x000037e1000037e10000930400009304 xmm3=0x000024f4000024f40000f56b0000f56b 
  xmm4=0x00008e4600008e4600009e6500009e65 xmm5=0x00008461000084610000565b0000565b 
  xmm6=0x0000336e0000336e0000770e0000770e xmm7=0x00003ac700003ac70000d9620000d962 

    > load from +0x1e01 value 0xc9000010
0x10d: xadd esi, ebx
  rax=0x00000000000017bc rbx=0x00000000000000e8 rcx=0x0000000000001e01 rdx=0x000033e8000033e8
  rsi=0x0000000000000000 rdi=0x00000000000017bc flags=0b000000000010
  xmm0=0x0000c1050000c1050000b4860000b486 xmm1=0x0000610d0000610d0000e8d40000e8d4 
  xmm2=0x000037e1000037e10000930400009304 xmm3=0x000024f4000024f40000f56b0000f56b 
  xmm4=0x00008e4600008e4600009e6500009e65 xmm5=0x00008461000084610000565b0000565b 
  xmm6=0x0000336e0000336e0000770e0000770e xmm7=0x00003ac700003ac70000d9620000d962 

0x110: and rbx, 0b1111111111111
  rax=0x00000000000017bc rbx=0x0000000000000000 rcx=0x0000000000001e01 rdx=0x000033e8000033e8
  rsi=0x00000000000000e8 rdi=0x00000000000017bc flags=0b000000000110
  xmm0=0x0000c1050000c1050000b4860000b486 xmm1=0x0000610d0000610d0000e8d40000e8d4 
  xmm2=0x000037e1000037e10000930400009304 xmm3=0x000024f4000024f40000f56b0000f56b 
  xmm4=0x00008e4600008e4600009e6500009e65 xmm5=0x00008461000084610000565b0000565b 
  xmm6=0x0000336e0000336e0000770e0000770e xmm7=0x00003ac700003ac70000d9620000d962 

0x117: movzx rax, [r14 +rbx]
  rax=0x00000000000017bc rbx=0x0000000000000000 rcx=0x0000000000001e01 rdx=0x000033e8000033e8
  rsi=0x00000000000000e8 rdi=0x00000000000017bc flags=0b000001000110
  xmm0=0x0000c1050000c1050000b4860000b486 xmm1=0x0000610d0000610d0000e8d40000e8d4 
  xmm2=0x000037e1000037e10000930400009304 xmm3=0x000024f4000024f40000f56b0000f56b 
  xmm4=0x00008e4600008e4600009e6500009e65 xmm5=0x00008461000084610000565b0000565b 
  xmm6=0x0000336e0000336e0000770e0000770e xmm7=0x00003ac700003ac70000d9620000d962 

    > load from +0x0 value 0xe8
0x11c: and rbx, 0b1111111111111
  rax=0x00000000000000e8 rbx=0x0000000000000000 rcx=0x0000000000001e01 rdx=0x000033e8000033e8
  rsi=0x00000000000000e8 rdi=0x00000000000017bc flags=0b000001000110
  xmm0=0x0000c1050000c1050000b4860000b486 xmm1=0x0000610d0000610d0000e8d40000e8d4 
  xmm2=0x000037e1000037e10000930400009304 xmm3=0x000024f4000024f40000f56b0000f56b 
  xmm4=0x00008e4600008e4600009e6500009e65 xmm5=0x00008461000084610000565b0000565b 
  xmm6=0x0000336e0000336e0000770e0000770e xmm7=0x00003ac700003ac70000d9620000d962 

0x123: cmp [r14 +rbx], sil
  rax=0x00000000000000e8 rbx=0x0000000000000000 rcx=0x0000000000001e01 rdx=0x000033e8000033e8
  rsi=0x00000000000000e8 rdi=0x00000000000017bc flags=0b000001000110
  xmm0=0x0000c1050000c1050000b4860000b486 xmm1=0x0000610d0000610d0000e8d40000e8d4 
  xmm2=0x000037e1000037e10000930400009304 xmm3=0x000024f4000024f40000f56b0000f56b 
  xmm4=0x00008e4600008e4600009e6500009e65 xmm5=0x00008461000084610000565b0000565b 
  xmm6=0x0000336e0000336e0000770e0000770e xmm7=0x00003ac700003ac70000d9620000d962 

    > load from +0x0 value 0xe8
0x127: dec ecx
  rax=0x00000000000000e8 rbx=0x0000000000000000 rcx=0x0000000000001e01 rdx=0x000033e8000033e8
  rsi=0x00000000000000e8 rdi=0x00000000000017bc flags=0b000001000110
  xmm0=0x0000c1050000c1050000b4860000b486 xmm1=0x0000610d0000610d0000e8d40000e8d4 
  xmm2=0x000037e1000037e10000930400009304 xmm3=0x000024f4000024f40000f56b0000f56b 
  xmm4=0x00008e4600008e4600009e6500009e65 xmm5=0x00008461000084610000565b0000565b 
  xmm6=0x0000336e0000336e0000770e0000770e xmm7=0x00003ac700003ac70000d9620000d962 

0x129: and rax, 0b1111111111111
  rax=0x00000000000000e8 rbx=0x0000000000000000 rcx=0x0000000000001e00 rdx=0x000033e8000033e8
  rsi=0x00000000000000e8 rdi=0x00000000000017bc flags=0b000000000110
  xmm0=0x0000c1050000c1050000b4860000b486 xmm1=0x0000610d0000610d0000e8d40000e8d4 
  xmm2=0x000037e1000037e10000930400009304 xmm3=0x000024f4000024f40000f56b0000f56b 
  xmm4=0x00008e4600008e4600009e6500009e65 xmm5=0x00008461000084610000565b0000565b 
  xmm6=0x0000336e0000336e0000770e0000770e xmm7=0x00003ac700003ac70000d9620000d962 

0x12f: cmovs bx, [r14 +rax]
  rax=0x00000000000000e8 rbx=0x0000000000000000 rcx=0x0000000000001e00 rdx=0x000033e8000033e8
  rsi=0x00000000000000e8 rdi=0x00000000000017bc flags=0b000000000110
  xmm0=0x0000c1050000c1050000b4860000b486 xmm1=0x0000610d0000610d0000e8d40000e8d4 
  xmm2=0x000037e1000037e10000930400009304 xmm3=0x000024f4000024f40000f56b0000f56b 
  xmm4=0x00008e4600008e4600009e6500009e65 xmm5=0x00008461000084610000565b0000565b 
  xmm6=0x0000336e0000336e0000770e0000770e xmm7=0x00003ac700003ac70000d9620000d962 

    > load from +0xe8 value 0x225d
0x135: cmovnl rcx, rcx
  rax=0x00000000000000e8 rbx=0x0000000000000000 rcx=0x0000000000001e00 rdx=0x000033e8000033e8
  rsi=0x00000000000000e8 rdi=0x00000000000017bc flags=0b000000000110
  xmm0=0x0000c1050000c1050000b4860000b486 xmm1=0x0000610d0000610d0000e8d40000e8d4 
  xmm2=0x000037e1000037e10000930400009304 xmm3=0x000024f4000024f40000f56b0000f56b 
  xmm4=0x00008e4600008e4600009e6500009e65 xmm5=0x00008461000084610000565b0000565b 
  xmm6=0x0000336e0000336e0000770e0000770e xmm7=0x00003ac700003ac70000d9620000d962 

0x139: cmp al, dl
  rax=0x00000000000000e8 rbx=0x0000000000000000 rcx=0x0000000000001e00 rdx=0x000033e8000033e8
  rsi=0x00000000000000e8 rdi=0x00000000000017bc flags=0b000000000110
  xmm0=0x0000c1050000c1050000b4860000b486 xmm1=0x0000610d0000610d0000e8d40000e8d4 
  xmm2=0x000037e1000037e10000930400009304 xmm3=0x000024f4000024f40000f56b0000f56b 
  xmm4=0x00008e4600008e4600009e6500009e65 xmm5=0x00008461000084610000565b0000565b 
  xmm6=0x0000336e0000336e0000770e0000770e xmm7=0x00003ac700003ac70000d9620000d962 

0x13b: and rdx, 0b1111111111111
  rax=0x00000000000000e8 rbx=0x0000000000000000 rcx=0x0000000000001e00 rdx=0x000033e8000033e8
  rsi=0x00000000000000e8 rdi=0x00000000000017bc flags=0b000001000110
  xmm0=0x0000c1050000c1050000b4860000b486 xmm1=0x0000610d0000610d0000e8d40000e8d4 
  xmm2=0x000037e1000037e10000930400009304 xmm3=0x000024f4000024f40000f56b0000f56b 
  xmm4=0x00008e4600008e4600009e6500009e65 xmm5=0x00008461000084610000565b0000565b 
  xmm6=0x0000336e0000336e0000770e0000770e xmm7=0x00003ac700003ac70000d9620000d962 

0x142: movsx rdx, [r14 +rdx]
  rax=0x00000000000000e8 rbx=0x0000000000000000 rcx=0x0000000000001e00 rdx=0x00000000000013e8
  rsi=0x00000000000000e8 rdi=0x00000000000017bc flags=0b000000000110
  xmm0=0x0000c1050000c1050000b4860000b486 xmm1=0x0000610d0000610d0000e8d40000e8d4 
  xmm2=0x000037e1000037e10000930400009304 xmm3=0x000024f4000024f40000f56b0000f56b 
  xmm4=0x00008e4600008e4600009e6500009e65 xmm5=0x00008461000084610000565b0000565b 
  xmm6=0x0000336e0000336e0000770e0000770e xmm7=0x00003ac700003ac70000d9620000d962 

    > load from +0x13e8 value 0xf8
0x147: setnp dl
  rax=0x00000000000000e8 rbx=0x0000000000000000 rcx=0x0000000000001e00 rdx=0xfffffffffffffff8
  rsi=0x00000000000000e8 rdi=0x00000000000017bc flags=0b000000000110
  xmm0=0x0000c1050000c1050000b4860000b486 xmm1=0x0000610d0000610d0000e8d40000e8d4 
  xmm2=0x000037e1000037e10000930400009304 xmm3=0x000024f4000024f40000f56b0000f56b 
  xmm4=0x00008e4600008e4600009e6500009e65 xmm5=0x00008461000084610000565b0000565b 
  xmm6=0x0000336e0000336e0000770e0000770e xmm7=0x00003ac700003ac70000d9620000d962 

0x14a: and rax, 0b1111111111111
  rax=0x00000000000000e8 rbx=0x0000000000000000 rcx=0x0000000000001e00 rdx=0xffffffffffffff00
  rsi=0x00000000000000e8 rdi=0x00000000000017bc flags=0b000000000110
  xmm0=0x0000c1050000c1050000b4860000b486 xmm1=0x0000610d0000610d0000e8d40000e8d4 
  xmm2=0x000037e1000037e10000930400009304 xmm3=0x000024f4000024f40000f56b0000f56b 
  xmm4=0x00008e4600008e4600009e6500009e65 xmm5=0x00008461000084610000565b0000565b 
  xmm6=0x0000336e0000336e0000770e0000770e xmm7=0x00003ac700003ac70000d9620000d962 

0x150: cmovno esi, [r14 +rax]
  rax=0x00000000000000e8 rbx=0x0000000000000000 rcx=0x0000000000001e00 rdx=0xffffffffffffff00
  rsi=0x00000000000000e8 rdi=0x00000000000017bc flags=0b000000000110
  xmm0=0x0000c1050000c1050000b4860000b486 xmm1=0x0000610d0000610d0000e8d40000e8d4 
  xmm2=0x000037e1000037e10000930400009304 xmm3=0x000024f4000024f40000f56b0000f56b 
  xmm4=0x00008e4600008e4600009e6500009e65 xmm5=0x00008461000084610000565b0000565b 
  xmm6=0x0000336e0000336e0000770e0000770e xmm7=0x00003ac700003ac70000d9620000d962 

    > load from +0xe8 value 0x225d
0x155: and rcx, 0b1111111111111
  rax=0x00000000000000e8 rbx=0x0000000000000000 rcx=0x0000000000001e00 rdx=0xffffffffffffff00
  rsi=0x000000000000225d rdi=0x00000000000017bc flags=0b000000000110
  xmm0=0x0000c1050000c1050000b4860000b486 xmm1=0x0000610d0000610d0000e8d40000e8d4 
  xmm2=0x000037e1000037e10000930400009304 xmm3=0x000024f4000024f40000f56b0000f56b 
  xmm4=0x00008e4600008e4600009e6500009e65 xmm5=0x00008461000084610000565b0000565b 
  xmm6=0x0000336e0000336e0000770e0000770e xmm7=0x00003ac700003ac70000d9620000d962 

0x15c: cmovo ebx, [r14 +rcx]
  rax=0x00000000000000e8 rbx=0x0000000000000000 rcx=0x0000000000001e00 rdx=0xffffffffffffff00
  rsi=0x000000000000225d rdi=0x00000000000017bc flags=0b000000000110
  xmm0=0x0000c1050000c1050000b4860000b486 xmm1=0x0000610d0000610d0000e8d40000e8d4 
  xmm2=0x000037e1000037e10000930400009304 xmm3=0x000024f4000024f40000f56b0000f56b 
  xmm4=0x00008e4600008e4600009e6500009e65 xmm5=0x00008461000084610000565b0000565b 
  xmm6=0x0000336e0000336e0000770e0000770e xmm7=0x00003ac700003ac70000d9620000d962 

    > load from +0x1e00 value 0x10c9
0x161: and rcx, 0b1111111111111
  rax=0x00000000000000e8 rbx=0x0000000000000000 rcx=0x0000000000001e00 rdx=0xffffffffffffff00
  rsi=0x000000000000225d rdi=0x00000000000017bc flags=0b000000000110
  xmm0=0x0000c1050000c1050000b4860000b486 xmm1=0x0000610d0000610d0000e8d40000e8d4 
  xmm2=0x000037e1000037e10000930400009304 xmm3=0x000024f4000024f40000f56b0000f56b 
  xmm4=0x00008e4600008e4600009e6500009e65 xmm5=0x00008461000084610000565b0000565b 
  xmm6=0x0000336e0000336e0000770e0000770e xmm7=0x00003ac700003ac70000d9620000d962 

0x168: mov al, [r14 +rcx]
  rax=0x00000000000000e8 rbx=0x0000000000000000 rcx=0x0000000000001e00 rdx=0xffffffffffffff00
  rsi=0x000000000000225d rdi=0x00000000000017bc flags=0b000000000110
  xmm0=0x0000c1050000c1050000b4860000b486 xmm1=0x0000610d0000610d0000e8d40000e8d4 
  xmm2=0x000037e1000037e10000930400009304 xmm3=0x000024f4000024f40000f56b0000f56b 
  xmm4=0x00008e4600008e4600009e6500009e65 xmm5=0x00008461000084610000565b0000565b 
  xmm6=0x0000336e0000336e0000770e0000770e xmm7=0x00003ac700003ac70000d9620000d962 

    > load from +0x1e00 value 0xc9
0x16c: cmp dl, dl
  rax=0x00000000000000c9 rbx=0x0000000000000000 rcx=0x0000000000001e00 rdx=0xffffffffffffff00
  rsi=0x000000000000225d rdi=0x00000000000017bc flags=0b000000000110
  xmm0=0x0000c1050000c1050000b4860000b486 xmm1=0x0000610d0000610d0000e8d40000e8d4 
  xmm2=0x000037e1000037e10000930400009304 xmm3=0x000024f4000024f40000f56b0000f56b 
  xmm4=0x00008e4600008e4600009e6500009e65 xmm5=0x00008461000084610000565b0000565b 
  xmm6=0x0000336e0000336e0000770e0000770e xmm7=0x00003ac700003ac70000d9620000d962 

0x16e: and rcx, 0b1111111111111
  rax=0x00000000000000c9 rbx=0x0000000000000000 rcx=0x0000000000001e00 rdx=0xffffffffffffff00
  rsi=0x000000000000225d rdi=0x00000000000017bc flags=0b000001000110
  xmm0=0x0000c1050000c1050000b4860000b486 xmm1=0x0000610d0000610d0000e8d40000e8d4 
  xmm2=0x000037e1000037e10000930400009304 xmm3=0x000024f4000024f40000f56b0000f56b 
  xmm4=0x00008e4600008e4600009e6500009e65 xmm5=0x00008461000084610000565b0000565b 
  xmm6=0x0000336e0000336e0000770e0000770e xmm7=0x00003ac700003ac70000d9620000d962 

0x175: and sil, [r14 +rcx]
  rax=0x00000000000000c9 rbx=0x0000000000000000 rcx=0x0000000000001e00 rdx=0xffffffffffffff00
  rsi=0x000000000000225d rdi=0x00000000000017bc flags=0b000000000110
  xmm0=0x0000c1050000c1050000b4860000b486 xmm1=0x0000610d0000610d0000e8d40000e8d4 
  xmm2=0x000037e1000037e10000930400009304 xmm3=0x000024f4000024f40000f56b0000f56b 
  xmm4=0x00008e4600008e4600009e6500009e65 xmm5=0x00008461000084610000565b0000565b 
  xmm6=0x0000336e0000336e0000770e0000770e xmm7=0x00003ac700003ac70000d9620000d962 

    > load from +0x1e00 value 0xc9
0x179: cmpxchg rsi, rbx
  rax=0x00000000000000c9 rbx=0x0000000000000000 rcx=0x0000000000001e00 rdx=0xffffffffffffff00
  rsi=0x0000000000002249 rdi=0x00000000000017bc flags=0b000000000010
  xmm0=0x0000c1050000c1050000b4860000b486 xmm1=0x0000610d0000610d0000e8d40000e8d4 
  xmm2=0x000037e1000037e10000930400009304 xmm3=0x000024f4000024f40000f56b0000f56b 
  xmm4=0x00008e4600008e4600009e6500009e65 xmm5=0x00008461000084610000565b0000565b 
  xmm6=0x0000336e0000336e0000770e0000770e xmm7=0x00003ac700003ac70000d9620000d962 

0x17d: setnbe bl
  rax=0x0000000000002249 rbx=0x0000000000000000 rcx=0x0000000000001e00 rdx=0xffffffffffffff00
  rsi=0x0000000000002249 rdi=0x00000000000017bc flags=0b000010000011
  xmm0=0x0000c1050000c1050000b4860000b486 xmm1=0x0000610d0000610d0000e8d40000e8d4 
  xmm2=0x000037e1000037e10000930400009304 xmm3=0x000024f4000024f40000f56b0000f56b 
  xmm4=0x00008e4600008e4600009e6500009e65 xmm5=0x00008461000084610000565b0000565b 
  xmm6=0x0000336e0000336e0000770e0000770e xmm7=0x00003ac700003ac70000d9620000d962 

0x180: cmovns edi, eax
  rax=0x0000000000002249 rbx=0x0000000000000000 rcx=0x0000000000001e00 rdx=0xffffffffffffff00
  rsi=0x0000000000002249 rdi=0x00000000000017bc flags=0b000010000011
  xmm0=0x0000c1050000c1050000b4860000b486 xmm1=0x0000610d0000610d0000e8d40000e8d4 
  xmm2=0x000037e1000037e10000930400009304 xmm3=0x000024f4000024f40000f56b0000f56b 
  xmm4=0x00008e4600008e4600009e6500009e65 xmm5=0x00008461000084610000565b0000565b 
  xmm6=0x0000336e0000336e0000770e0000770e xmm7=0x00003ac700003ac70000d9620000d962 

0x183: and rdx, 0b1111111111111
  rax=0x0000000000002249 rbx=0x0000000000000000 rcx=0x0000000000001e00 rdx=0xffffffffffffff00
  rsi=0x0000000000002249 rdi=0x00000000000017bc flags=0b000010000011
  xmm0=0x0000c1050000c1050000b4860000b486 xmm1=0x0000610d0000610d0000e8d40000e8d4 
  xmm2=0x000037e1000037e10000930400009304 xmm3=0x000024f4000024f40000f56b0000f56b 
  xmm4=0x00008e4600008e4600009e6500009e65 xmm5=0x00008461000084610000565b0000565b 
  xmm6=0x0000336e0000336e0000770e0000770e xmm7=0x00003ac700003ac70000d9620000d962 

0x18a: cmovz eax, [r14 +rdx]
  rax=0x0000000000002249 rbx=0x0000000000000000 rcx=0x0000000000001e00 rdx=0x0000000000001f00
  rsi=0x0000000000002249 rdi=0x00000000000017bc flags=0b000000000110
  xmm0=0x0000c1050000c1050000b4860000b486 xmm1=0x0000610d0000610d0000e8d40000e8d4 
  xmm2=0x000037e1000037e10000930400009304 xmm3=0x000024f4000024f40000f56b0000f56b 
  xmm4=0x00008e4600008e4600009e6500009e65 xmm5=0x00008461000084610000565b0000565b 
  xmm6=0x0000336e0000336e0000770e0000770e xmm7=0x00003ac700003ac70000d9620000d962 

    > load from +0x1f00 value 0x60e8
0x18f: and rax, 0b1111111111111
  rax=0x0000000000002249 rbx=0x0000000000000000 rcx=0x0000000000001e00 rdx=0x0000000000001f00
  rsi=0x0000000000002249 rdi=0x00000000000017bc flags=0b000000000110
  xmm0=0x0000c1050000c1050000b4860000b486 xmm1=0x0000610d0000610d0000e8d40000e8d4 
  xmm2=0x000037e1000037e10000930400009304 xmm3=0x000024f4000024f40000f56b0000f56b 
  xmm4=0x00008e4600008e4600009e6500009e65 xmm5=0x00008461000084610000565b0000565b 
  xmm6=0x0000336e0000336e0000770e0000770e xmm7=0x00003ac700003ac70000d9620000d962 

0x195: or [r14 +rax], 1
  rax=0x0000000000000249 rbx=0x0000000000000000 rcx=0x0000000000001e00 rdx=0x0000000000001f00
  rsi=0x0000000000002249 rdi=0x00000000000017bc flags=0b000000000010
  xmm0=0x0000c1050000c1050000b4860000b486 xmm1=0x0000610d0000610d0000e8d40000e8d4 
  xmm2=0x000037e1000037e10000930400009304 xmm3=0x000024f4000024f40000f56b0000f56b 
  xmm4=0x00008e4600008e4600009e6500009e65 xmm5=0x00008461000084610000565b0000565b 
  xmm6=0x0000336e0000336e0000770e0000770e xmm7=0x00003ac700003ac70000d9620000d962 

    > load from +0x249 value 0x21
    > store to +0x249 value 0x21
0x19b: and dx, [r14 +rax]
  rax=0x0000000000000249 rbx=0x0000000000000000 rcx=0x0000000000001e00 rdx=0x0000000000001f00
  rsi=0x0000000000002249 rdi=0x00000000000017bc flags=0b000000000110
  xmm0=0x0000c1050000c1050000b4860000b486 xmm1=0x0000610d0000610d0000e8d40000e8d4 
  xmm2=0x000037e1000037e10000930400009304 xmm3=0x000024f4000024f40000f56b0000f56b 
  xmm4=0x00008e4600008e4600009e6500009e65 xmm5=0x00008461000084610000565b0000565b 
  xmm6=0x0000336e0000336e0000770e0000770e xmm7=0x00003ac700003ac70000d9620000d962 

    > load from +0x249 value 0x21
0x1a0: shr dx, 1
  rax=0x0000000000000249 rbx=0x0000000000000000 rcx=0x0000000000001e00 rdx=0x0000000000000000
  rsi=0x0000000000002249 rdi=0x00000000000017bc flags=0b000001000110
  xmm0=0x0000c1050000c1050000b4860000b486 xmm1=0x0000610d0000610d0000e8d40000e8d4 
  xmm2=0x000037e1000037e10000930400009304 xmm3=0x000024f4000024f40000f56b0000f56b 
  xmm4=0x00008e4600008e4600009e6500009e65 xmm5=0x00008461000084610000565b0000565b 
  xmm6=0x0000336e0000336e0000770e0000770e xmm7=0x00003ac700003ac70000d9620000d962 

0x1a3: div [r14 +rax]
  rax=0x0000000000000249 rbx=0x0000000000000000 rcx=0x0000000000001e00 rdx=0x0000000000000000
  rsi=0x0000000000002249 rdi=0x00000000000017bc flags=0b000001000110
  xmm0=0x0000c1050000c1050000b4860000b486 xmm1=0x0000610d0000610d0000e8d40000e8d4 
  xmm2=0x000037e1000037e10000930400009304 xmm3=0x000024f4000024f40000f56b0000f56b 
  xmm4=0x00008e4600008e4600009e6500009e65 xmm5=0x00008461000084610000565b0000565b 
  xmm6=0x0000336e0000336e0000770e0000770e xmm7=0x00003ac700003ac70000d9620000d962 

    > load from +0x249 value 0x21
0x1a8: and rdx, 0b1111111111111
  rax=0x0000000000000011 rbx=0x0000000000000000 rcx=0x0000000000001e00 rdx=0x0000000000000018
  rsi=0x0000000000002249 rdi=0x00000000000017bc flags=0b000001000110
  xmm0=0x0000c1050000c1050000b4860000b486 xmm1=0x0000610d0000610d0000e8d40000e8d4 
  xmm2=0x000037e1000037e10000930400009304 xmm3=0x000024f4000024f40000f56b0000f56b 
  xmm4=0x00008e4600008e4600009e6500009e65 xmm5=0x00008461000084610000565b0000565b 
  xmm6=0x0000336e0000336e0000770e0000770e xmm7=0x00003ac700003ac70000d9620000d962 

0x1af: mov ax, [r14 +rdx]
  rax=0x0000000000000011 rbx=0x0000000000000000 rcx=0x0000000000001e00 rdx=0x0000000000000018
  rsi=0x0000000000002249 rdi=0x00000000000017bc flags=0b000000000110
  xmm0=0x0000c1050000c1050000b4860000b486 xmm1=0x0000610d0000610d0000e8d40000e8d4 
  xmm2=0x000037e1000037e10000930400009304 xmm3=0x000024f4000024f40000f56b0000f56b 
  xmm4=0x00008e4600008e4600009e6500009e65 xmm5=0x00008461000084610000565b0000565b 
  xmm6=0x0000336e0000336e0000770e0000770e xmm7=0x00003ac700003ac70000d9620000d962 

    > load from +0x18 value 0xa78a
0x1b4: btr di, 89
  rax=0x000000000000a78a rbx=0x0000000000000000 rcx=0x0000000000001e00 rdx=0x0000000000000018
  rsi=0x0000000000002249 rdi=0x00000000000017bc flags=0b000000000110
  xmm0=0x0000c1050000c1050000b4860000b486 xmm1=0x0000610d0000610d0000e8d40000e8d4 
  xmm2=0x000037e1000037e10000930400009304 xmm3=0x000024f4000024f40000f56b0000f56b 
  xmm4=0x00008e4600008e4600009e6500009e65 xmm5=0x00008461000084610000565b0000565b 
  xmm6=0x0000336e0000336e0000770e0000770e xmm7=0x00003ac700003ac70000d9620000d962 

0x1b9: macro .switch, .actor2.function_actor2_1
  rax=0x000000000000a78a rbx=0x0000000000000000 rcx=0x0000000000001e00 rdx=0x0000000000000018
  rsi=0x0000000000002249 rdi=0x00000000000015bc flags=0b000000000111
  xmm0=0x0000c1050000c1050000b4860000b486 xmm1=0x0000610d0000610d0000e8d40000e8d4 
  xmm2=0x000037e1000037e10000930400009304 xmm3=0x000024f4000024f40000f56b0000f56b 
  xmm4=0x00008e4600008e4600009e6500009e65 xmm5=0x00008461000084610000565b0000565b 
  xmm6=0x0000336e0000336e0000770e0000770e xmm7=0x00003ac700003ac70000d9620000d962 

0x3174: pushfq 
  rax=0x000000000000a78a rbx=0x0000000000000000 rcx=0x0000000000001e00 rdx=0x0000000000000018
  rsi=0x0000000000002249 rdi=0x00000000000015bc flags=0b000000000111
  xmm0=0x0000c1050000c1050000b4860000b486 xmm1=0x0000610d0000610d0000e8d40000e8d4 
  xmm2=0x000037e1000037e10000930400009304 xmm3=0x000024f4000024f40000f56b0000f56b 
  xmm4=0x00008e4600008e4600009e6500009e65 xmm5=0x00008461000084610000565b0000565b 
  xmm6=0x0000336e0000336e0000770e0000770e xmm7=0x00003ac700003ac70000d9620000d962 

    > store to +0x4ff0 value 0x7
0x3175: push rax
  rax=0x000000000000a78a rbx=0x0000000000000000 rcx=0x0000000000001e00 rdx=0x0000000000000018
  rsi=0x0000000000002249 rdi=0x00000000000015bc flags=0b000000000111
  xmm0=0x0000c1050000c1050000b4860000b486 xmm1=0x0000610d0000610d0000e8d40000e8d4 
  xmm2=0x000037e1000037e10000930400009304 xmm3=0x000024f4000024f40000f56b0000f56b 
  xmm4=0x00008e4600008e4600009e6500009e65 xmm5=0x00008461000084610000565b0000565b 
  xmm6=0x0000336e0000336e0000770e0000770e xmm7=0x00003ac700003ac70000d9620000d962 

    > store to +0x4fe8 value 0xa78a
0x3176: push rcx
  rax=0x000000000000a78a rbx=0x0000000000000000 rcx=0x0000000000001e00 rdx=0x0000000000000018
  rsi=0x0000000000002249 rdi=0x00000000000015bc flags=0b000000000111
  xmm0=0x0000c1050000c1050000b4860000b486 xmm1=0x0000610d0000610d0000e8d40000e8d4 
  xmm2=0x000037e1000037e10000930400009304 xmm3=0x000024f4000024f40000f56b0000f56b 
  xmm4=0x00008e4600008e4600009e6500009e65 xmm5=0x00008461000084610000565b0000565b 
  xmm6=0x0000336e0000336e0000770e0000770e xmm7=0x00003ac700003ac70000d9620000d962 

    > store to +0x4fe0 value 0x1e00
0x3177: push rdx
  rax=0x000000000000a78a rbx=0x0000000000000000 rcx=0x0000000000001e00 rdx=0x0000000000000018
  rsi=0x0000000000002249 rdi=0x00000000000015bc flags=0b000000000111
  xmm0=0x0000c1050000c1050000b4860000b486 xmm1=0x0000610d0000610d0000e8d40000e8d4 
  xmm2=0x000037e1000037e10000930400009304 xmm3=0x000024f4000024f40000f56b0000f56b 
  xmm4=0x00008e4600008e4600009e6500009e65 xmm5=0x00008461000084610000565b0000565b 
  xmm6=0x0000336e0000336e0000770e0000770e xmm7=0x00003ac700003ac70000d9620000d962 

    > store to +0x4fd8 value 0x18
0x3178: mov ecx, 0x48
  rax=0x000000000000a78a rbx=0x0000000000000000 rcx=0x0000000000001e00 rdx=0x0000000000000018
  rsi=0x0000000000002249 rdi=0x00000000000015bc flags=0b000000000111
  xmm0=0x0000c1050000c1050000b4860000b486 xmm1=0x0000610d0000610d0000e8d40000e8d4 
  xmm2=0x000037e1000037e10000930400009304 xmm3=0x000024f4000024f40000f56b0000f56b 
  xmm4=0x00008e4600008e4600009e6500009e65 xmm5=0x00008461000084610000565b0000565b 
  xmm6=0x0000336e0000336e0000770e0000770e xmm7=0x00003ac700003ac70000d9620000d962 

0x317d: rdmsr 
  rax=0x000000000000a78a rbx=0x0000000000000000 rcx=0x0000000000000048 rdx=0x0000000000000018
  rsi=0x0000000000002249 rdi=0x00000000000015bc flags=0b000000000111
  xmm0=0x0000c1050000c1050000b4860000b486 xmm1=0x0000610d0000610d0000e8d40000e8d4 
  xmm2=0x000037e1000037e10000930400009304 xmm3=0x000024f4000024f40000f56b0000f56b 
  xmm4=0x00008e4600008e4600009e6500009e65 xmm5=0x00008461000084610000565b0000565b 
  xmm6=0x0000336e0000336e0000770e0000770e xmm7=0x00003ac700003ac70000d9620000d962 

0x317f: and eax, 0xfffffffb
  rax=0x0000000000000000 rbx=0x0000000000000000 rcx=0x0000000000000048 rdx=0x0000000000000000
  rsi=0x0000000000002249 rdi=0x00000000000015bc flags=0b000000000111
  xmm0=0x0000c1050000c1050000b4860000b486 xmm1=0x0000610d0000610d0000e8d40000e8d4 
  xmm2=0x000037e1000037e10000930400009304 xmm3=0x000024f4000024f40000f56b0000f56b 
  xmm4=0x00008e4600008e4600009e6500009e65 xmm5=0x00008461000084610000565b0000565b 
  xmm6=0x0000336e0000336e0000770e0000770e xmm7=0x00003ac700003ac70000d9620000d962 

0x3182: or eax, 0x100
  rax=0x0000000000000000 rbx=0x0000000000000000 rcx=0x0000000000000048 rdx=0x0000000000000000
  rsi=0x0000000000002249 rdi=0x00000000000015bc flags=0b000001000110
  xmm0=0x0000c1050000c1050000b4860000b486 xmm1=0x0000610d0000610d0000e8d40000e8d4 
  xmm2=0x000037e1000037e10000930400009304 xmm3=0x000024f4000024f40000f56b0000f56b 
  xmm4=0x00008e4600008e4600009e6500009e65 xmm5=0x00008461000084610000565b0000565b 
  xmm6=0x0000336e0000336e0000770e0000770e xmm7=0x00003ac700003ac70000d9620000d962 

0x3187: wrmsr 
  rax=0x0000000000000100 rbx=0x0000000000000000 rcx=0x0000000000000048 rdx=0x0000000000000000
  rsi=0x0000000000002249 rdi=0x00000000000015bc flags=0b000000000110
  xmm0=0x0000c1050000c1050000b4860000b486 xmm1=0x0000610d0000610d0000e8d40000e8d4 
  xmm2=0x000037e1000037e10000930400009304 xmm3=0x000024f4000024f40000f56b0000f56b 
  xmm4=0x00008e4600008e4600009e6500009e65 xmm5=0x00008461000084610000565b0000565b 
  xmm6=0x0000336e0000336e0000770e0000770e xmm7=0x00003ac700003ac70000d9620000d962 

0x3189: mfence 
  rax=0x0000000000000100 rbx=0x0000000000000000 rcx=0x0000000000000048 rdx=0x0000000000000000
  rsi=0x0000000000002249 rdi=0x00000000000015bc flags=0b000000000110
  xmm0=0x0000c1050000c1050000b4860000b486 xmm1=0x0000610d0000610d0000e8d40000e8d4 
  xmm2=0x000037e1000037e10000930400009304 xmm3=0x000024f4000024f40000f56b0000f56b 
  xmm4=0x00008e4600008e4600009e6500009e65 xmm5=0x00008461000084610000565b0000565b 
  xmm6=0x0000336e0000336e0000770e0000770e xmm7=0x00003ac700003ac70000d9620000d962 

0x318c: lfence 
  rax=0x0000000000000100 rbx=0x0000000000000000 rcx=0x0000000000000048 rdx=0x0000000000000000
  rsi=0x0000000000002249 rdi=0x00000000000015bc flags=0b000000000110
  xmm0=0x0000c1050000c1050000b4860000b486 xmm1=0x0000610d0000610d0000e8d40000e8d4 
  xmm2=0x000037e1000037e10000930400009304 xmm3=0x000024f4000024f40000f56b0000f56b 
  xmm4=0x00008e4600008e4600009e6500009e65 xmm5=0x00008461000084610000565b0000565b 
  xmm6=0x0000336e0000336e0000770e0000770e xmm7=0x00003ac700003ac70000d9620000d962 

0x318f: macro .measurement_end, .noarg
  rax=0x0000000000000100 rbx=0x0000000000000000 rcx=0x0000000000000048 rdx=0x0000000000000000
  rsi=0x0000000000002249 rdi=0x00000000000015bc flags=0b000000000110
  xmm0=0x0000c1050000c1050000b4860000b486 xmm1=0x0000610d0000610d0000e8d40000e8d4 
  xmm2=0x000037e1000037e10000930400009304 xmm3=0x000024f4000024f40000f56b0000f56b 
  xmm4=0x00008e4600008e4600009e6500009e65 xmm5=0x00008461000084610000565b0000565b 
  xmm6=0x0000336e0000336e0000770e0000770e xmm7=0x00003ac700003ac70000d9620000d962 

0x3197: mov ecx, 0x48
  rax=0x0000000000000100 rbx=0x0000000000000000 rcx=0x0000000000000048 rdx=0x0000000000000000
  rsi=0x0000000000002249 rdi=0x00000000000015bc flags=0b000000000110
  xmm0=0x0000c1050000c1050000b4860000b486 xmm1=0x0000610d0000610d0000e8d40000e8d4 
  xmm2=0x000037e1000037e10000930400009304 xmm3=0x000024f4000024f40000f56b0000f56b 
  xmm4=0x00008e4600008e4600009e6500009e65 xmm5=0x00008461000084610000565b0000565b 
  xmm6=0x0000336e0000336e0000770e0000770e xmm7=0x00003ac700003ac70000d9620000d962 

0x319c: rdmsr 
  rax=0x0000000000000100 rbx=0x0000000000000000 rcx=0x0000000000000048 rdx=0x0000000000000000
  rsi=0x0000000000002249 rdi=0x00000000000015bc flags=0b000000000110
  xmm0=0x0000c1050000c1050000b4860000b486 xmm1=0x0000610d0000610d0000e8d40000e8d4 
  xmm2=0x000037e1000037e10000930400009304 xmm3=0x000024f4000024f40000f56b0000f56b 
  xmm4=0x00008e4600008e4600009e6500009e65 xmm5=0x00008461000084610000565b0000565b 
  xmm6=0x0000336e0000336e0000770e0000770e xmm7=0x00003ac700003ac70000d9620000d962 

0x319e: and eax, 0xfffffffb
  rax=0x0000000000000000 rbx=0x0000000000000000 rcx=0x0000000000000048 rdx=0x0000000000000000
  rsi=0x0000000000002249 rdi=0x00000000000015bc flags=0b000000000110
  xmm0=0x0000c1050000c1050000b4860000b486 xmm1=0x0000610d0000610d0000e8d40000e8d4 
  xmm2=0x000037e1000037e10000930400009304 xmm3=0x000024f4000024f40000f56b0000f56b 
  xmm4=0x00008e4600008e4600009e6500009e65 xmm5=0x00008461000084610000565b0000565b 
  xmm6=0x0000336e0000336e0000770e0000770e xmm7=0x00003ac700003ac70000d9620000d962 

0x31a1: and eax, 0xfffffeff
  rax=0x0000000000000000 rbx=0x0000000000000000 rcx=0x0000000000000048 rdx=0x0000000000000000
  rsi=0x0000000000002249 rdi=0x00000000000015bc flags=0b000001000110
  xmm0=0x0000c1050000c1050000b4860000b486 xmm1=0x0000610d0000610d0000e8d40000e8d4 
  xmm2=0x000037e1000037e10000930400009304 xmm3=0x000024f4000024f40000f56b0000f56b 
  xmm4=0x00008e4600008e4600009e6500009e65 xmm5=0x00008461000084610000565b0000565b 
  xmm6=0x0000336e0000336e0000770e0000770e xmm7=0x00003ac700003ac70000d9620000d962 

0x31a6: wrmsr 
  rax=0x0000000000000000 rbx=0x0000000000000000 rcx=0x0000000000000048 rdx=0x0000000000000000
  rsi=0x0000000000002249 rdi=0x00000000000015bc flags=0b000001000110
  xmm0=0x0000c1050000c1050000b4860000b486 xmm1=0x0000610d0000610d0000e8d40000e8d4 
  xmm2=0x000037e1000037e10000930400009304 xmm3=0x000024f4000024f40000f56b0000f56b 
  xmm4=0x00008e4600008e4600009e6500009e65 xmm5=0x00008461000084610000565b0000565b 
  xmm6=0x0000336e0000336e0000770e0000770e xmm7=0x00003ac700003ac70000d9620000d962 

0x31a8: mfence 
  rax=0x0000000000000000 rbx=0x0000000000000000 rcx=0x0000000000000048 rdx=0x0000000000000000
  rsi=0x0000000000002249 rdi=0x00000000000015bc flags=0b000001000110
  xmm0=0x0000c1050000c1050000b4860000b486 xmm1=0x0000610d0000610d0000e8d40000e8d4 
  xmm2=0x000037e1000037e10000930400009304 xmm3=0x000024f4000024f40000f56b0000f56b 
  xmm4=0x00008e4600008e4600009e6500009e65 xmm5=0x00008461000084610000565b0000565b 
  xmm6=0x0000336e0000336e0000770e0000770e xmm7=0x00003ac700003ac70000d9620000d962 

0x31ab: lfence 
  rax=0x0000000000000000 rbx=0x0000000000000000 rcx=0x0000000000000048 rdx=0x0000000000000000
  rsi=0x0000000000002249 rdi=0x00000000000015bc flags=0b000001000110
  xmm0=0x0000c1050000c1050000b4860000b486 xmm1=0x0000610d0000610d0000e8d40000e8d4 
  xmm2=0x000037e1000037e10000930400009304 xmm3=0x000024f4000024f40000f56b0000f56b 
  xmm4=0x00008e4600008e4600009e6500009e65 xmm5=0x00008461000084610000565b0000565b 
  xmm6=0x0000336e0000336e0000770e0000770e xmm7=0x00003ac700003ac70000d9620000d962 

0x31ae: pop rdx
  rax=0x0000000000000000 rbx=0x0000000000000000 rcx=0x0000000000000048 rdx=0x0000000000000000
  rsi=0x0000000000002249 rdi=0x00000000000015bc flags=0b000001000110
  xmm0=0x0000c1050000c1050000b4860000b486 xmm1=0x0000610d0000610d0000e8d40000e8d4 
  xmm2=0x000037e1000037e10000930400009304 xmm3=0x000024f4000024f40000f56b0000f56b 
  xmm4=0x00008e4600008e4600009e6500009e65 xmm5=0x00008461000084610000565b0000565b 
  xmm6=0x0000336e0000336e0000770e0000770e xmm7=0x00003ac700003ac70000d9620000d962 

    > load from +0x4fd8 value 0x18
0x31af: pop rcx
  rax=0x0000000000000000 rbx=0x0000000000000000 rcx=0x0000000000000048 rdx=0x0000000000000018
  rsi=0x0000000000002249 rdi=0x00000000000015bc flags=0b000001000110
  xmm0=0x0000c1050000c1050000b4860000b486 xmm1=0x0000610d0000610d0000e8d40000e8d4 
  xmm2=0x000037e1000037e10000930400009304 xmm3=0x000024f4000024f40000f56b0000f56b 
  xmm4=0x00008e4600008e4600009e6500009e65 xmm5=0x00008461000084610000565b0000565b 
  xmm6=0x0000336e0000336e0000770e0000770e xmm7=0x00003ac700003ac70000d9620000d962 

    > load from +0x4fe0 value 0x1e00
0x31b0: pop rax
  rax=0x0000000000000000 rbx=0x0000000000000000 rcx=0x0000000000001e00 rdx=0x0000000000000018
  rsi=0x0000000000002249 rdi=0x00000000000015bc flags=0b000001000110
  xmm0=0x0000c1050000c1050000b4860000b486 xmm1=0x0000610d0000610d0000e8d40000e8d4 
  xmm2=0x000037e1000037e10000930400009304 xmm3=0x000024f4000024f40000f56b0000f56b 
  xmm4=0x00008e4600008e4600009e6500009e65 xmm5=0x00008461000084610000565b0000565b 
  xmm6=0x0000336e0000336e0000770e0000770e xmm7=0x00003ac700003ac70000d9620000d962 

    > load from +0x4fe8 value 0xa78a
0x31b1: popfq 
  rax=0x000000000000a78a rbx=0x0000000000000000 rcx=0x0000000000001e00 rdx=0x0000000000000018
  rsi=0x0000000000002249 rdi=0x00000000000015bc flags=0b000001000110
  xmm0=0x0000c1050000c1050000b4860000b486 xmm1=0x0000610d0000610d0000e8d40000e8d4 
  xmm2=0x000037e1000037e10000930400009304 xmm3=0x000024f4000024f40000f56b0000f56b 
  xmm4=0x00008e4600008e4600009e6500009e65 xmm5=0x00008461000084610000565b0000565b 
  xmm6=0x0000336e0000336e0000770e0000770e xmm7=0x00003ac700003ac70000d9620000d962 

    > load from +0x4ff0 value 0x7
0x31b2: macro .switch, .main.function_main_2
  rax=0x000000000000a78a rbx=0x0000000000000000 rcx=0x0000000000001e00 rdx=0x0000000000000018
  rsi=0x0000000000002249 rdi=0x00000000000015bc flags=0b000000000111
  xmm0=0x0000c1050000c1050000b4860000b486 xmm1=0x0000610d0000610d0000e8d40000e8d4 
  xmm2=0x000037e1000037e10000930400009304 xmm3=0x000024f4000024f40000f56b0000f56b 
  xmm4=0x00008e4600008e4600009e6500009e65 xmm5=0x00008461000084610000565b0000565b 
  xmm6=0x0000336e0000336e0000770e0000770e xmm7=0x00003ac700003ac70000d9620000d962 

0x1c1: nop  [test_case_exit]
  rax=0x000000000000a78a rbx=0x0000000000000000 rcx=0x0000000000001e00 rdx=0x0000000000000018
  rsi=0x0000000000002249 rdi=0x00000000000015bc flags=0b000000000111
  xmm0=0x0000c1050000c1050000b4860000b486 xmm1=0x0000610d0000610d0000e8d40000e8d4 
  xmm2=0x000037e1000037e10000930400009304 xmm3=0x000024f4000024f40000f56b0000f56b 
  xmm4=0x00008e4600008e4600009e6500009e65 xmm5=0x00008461000084610000565b0000565b 
  xmm6=0x0000336e0000336e0000770e0000770e xmm7=0x00003ac700003ac70000d9620000d962 




                      ##### Input 71 #####

                     ##### Input 0 #####
0x0 : macro .switch, .actor2.function_actor2_0
  rax=0x000058fa000058fa rbx=0x0000fd270000fd27 rcx=0x0000453200004532 rdx=0x00009f7b00009f7b
  rsi=0x00004eb800004eb8 rdi=0x00001ee900001ee9 flags=0b000011000010
  xmm0=0x00003a4900003a490000e54f0000e54f xmm1=0x00000b7500000b750000e2f80000e2f8 
  xmm2=0x000059aa000059aa000094fb000094fb xmm3=0x0000c6660000c6660000cf530000cf53 
  xmm4=0x000004b2000004b200005f1500005f15 xmm5=0x00009b4b00009b4b0000318500003185 
  xmm6=0x0000242b0000242b00006d5a00006d5a xmm7=0x0000ad080000ad080000afba0000afba 

0x3000: add sil, -126
  rax=0x000058fa000058fa rbx=0x0000fd270000fd27 rcx=0x0000453200004532 rdx=0x00009f7b00009f7b
  rsi=0x00004eb800004eb8 rdi=0x00001ee900001ee9 flags=0b000011000010
  xmm0=0x00003a4900003a490000e54f0000e54f xmm1=0x00000b7500000b750000e2f80000e2f8 
  xmm2=0x000059aa000059aa000094fb000094fb xmm3=0x0000c6660000c6660000cf530000cf53 
  xmm4=0x000004b2000004b200005f1500005f15 xmm5=0x00009b4b00009b4b0000318500003185 
  xmm6=0x0000242b0000242b00006d5a00006d5a xmm7=0x0000ad080000ad080000afba0000afba 

0x3004: pushfq 
  rax=0x000058fa000058fa rbx=0x0000fd270000fd27 rcx=0x0000453200004532 rdx=0x00009f7b00009f7b
  rsi=0x00004eb800004e3a rdi=0x00001ee900001ee9 flags=0b100000000111
  xmm0=0x00003a4900003a490000e54f0000e54f xmm1=0x00000b7500000b750000e2f80000e2f8 
  xmm2=0x000059aa000059aa000094fb000094fb xmm3=0x0000c6660000c6660000cf530000cf53 
  xmm4=0x000004b2000004b200005f1500005f15 xmm5=0x00009b4b00009b4b0000318500003185 
  xmm6=0x0000242b0000242b00006d5a00006d5a xmm7=0x0000ad080000ad080000afba0000afba 

    > store to +0x4ff0 value 0x807
0x3005: push rax
  rax=0x000058fa000058fa rbx=0x0000fd270000fd27 rcx=0x0000453200004532 rdx=0x00009f7b00009f7b
  rsi=0x00004eb800004e3a rdi=0x00001ee900001ee9 flags=0b100000000111
  xmm0=0x00003a4900003a490000e54f0000e54f xmm1=0x00000b7500000b750000e2f80000e2f8 
  xmm2=0x000059aa000059aa000094fb000094fb xmm3=0x0000c6660000c6660000cf530000cf53 
  xmm4=0x000004b2000004b200005f1500005f15 xmm5=0x00009b4b00009b4b0000318500003185 
  xmm6=0x0000242b0000242b00006d5a00006d5a xmm7=0x0000ad080000ad080000afba0000afba 

    > store to +0x4fe8 value 0x58fa000058fa
0x3006: push rcx
  rax=0x000058fa000058fa rbx=0x0000fd270000fd27 rcx=0x0000453200004532 rdx=0x00009f7b00009f7b
  rsi=0x00004eb800004e3a rdi=0x00001ee900001ee9 flags=0b100000000111
  xmm0=0x00003a4900003a490000e54f0000e54f xmm1=0x00000b7500000b750000e2f80000e2f8 
  xmm2=0x000059aa000059aa000094fb000094fb xmm3=0x0000c6660000c6660000cf530000cf53 
  xmm4=0x000004b2000004b200005f1500005f15 xmm5=0x00009b4b00009b4b0000318500003185 
  xmm6=0x0000242b0000242b00006d5a00006d5a xmm7=0x0000ad080000ad080000afba0000afba 

    > store to +0x4fe0 value 0x453200004532
0x3007: push rdx
  rax=0x000058fa000058fa rbx=0x0000fd270000fd27 rcx=0x0000453200004532 rdx=0x00009f7b00009f7b
  rsi=0x00004eb800004e3a rdi=0x00001ee900001ee9 flags=0b100000000111
  xmm0=0x00003a4900003a490000e54f0000e54f xmm1=0x00000b7500000b750000e2f80000e2f8 
  xmm2=0x000059aa000059aa000094fb000094fb xmm3=0x0000c6660000c6660000cf530000cf53 
  xmm4=0x000004b2000004b200005f1500005f15 xmm5=0x00009b4b00009b4b0000318500003185 
  xmm6=0x0000242b0000242b00006d5a00006d5a xmm7=0x0000ad080000ad080000afba0000afba 

    > store to +0x4fd8 value 0x9f7b00009f7b
0x3008: mov ecx, 0x48
  rax=0x000058fa000058fa rbx=0x0000fd270000fd27 rcx=0x0000453200004532 rdx=0x00009f7b00009f7b
  rsi=0x00004eb800004e3a rdi=0x00001ee900001ee9 flags=0b100000000111
  xmm0=0x00003a4900003a490000e54f0000e54f xmm1=0x00000b7500000b750000e2f80000e2f8 
  xmm2=0x000059aa000059aa000094fb000094fb xmm3=0x0000c6660000c6660000cf530000cf53 
  xmm4=0x000004b2000004b200005f1500005f15 xmm5=0x00009b4b00009b4b0000318500003185 
  xmm6=0x0000242b0000242b00006d5a00006d5a xmm7=0x0000ad080000ad080000afba0000afba 

0x300d: rdmsr 
  rax=0x000058fa000058fa rbx=0x0000fd270000fd27 rcx=0x0000000000000048 rdx=0x00009f7b00009f7b
  rsi=0x00004eb800004e3a rdi=0x00001ee900001ee9 flags=0b100000000111
  xmm0=0x00003a4900003a490000e54f0000e54f xmm1=0x00000b7500000b750000e2f80000e2f8 
  xmm2=0x000059aa000059aa000094fb000094fb xmm3=0x0000c6660000c6660000cf530000cf53 
  xmm4=0x000004b2000004b200005f1500005f15 xmm5=0x00009b4b00009b4b0000318500003185 
  xmm6=0x0000242b0000242b00006d5a00006d5a xmm7=0x0000ad080000ad080000afba0000afba 

0x300f: and eax, 0xfffffffb
  rax=0x0000000000000000 rbx=0x0000fd270000fd27 rcx=0x0000000000000048 rdx=0x0000000000000000
  rsi=0x00004eb800004e3a rdi=0x00001ee900001ee9 flags=0b100000000111
  xmm0=0x00003a4900003a490000e54f0000e54f xmm1=0x00000b7500000b750000e2f80000e2f8 
  xmm2=0x000059aa000059aa000094fb000094fb xmm3=0x0000c6660000c6660000cf530000cf53 
  xmm4=0x000004b2000004b200005f1500005f15 xmm5=0x00009b4b00009b4b0000318500003185 
  xmm6=0x0000242b0000242b00006d5a00006d5a xmm7=0x0000ad080000ad080000afba0000afba 

0x3012: or eax, 0x100
  rax=0x0000000000000000 rbx=0x0000fd270000fd27 rcx=0x0000000000000048 rdx=0x0000000000000000
  rsi=0x00004eb800004e3a rdi=0x00001ee900001ee9 flags=0b000001000110
  xmm0=0x00003a4900003a490000e54f0000e54f xmm1=0x00000b7500000b750000e2f80000e2f8 
  xmm2=0x000059aa000059aa000094fb000094fb xmm3=0x0000c6660000c6660000cf530000cf53 
  xmm4=0x000004b2000004b200005f1500005f15 xmm5=0x00009b4b00009b4b0000318500003185 
  xmm6=0x0000242b0000242b00006d5a00006d5a xmm7=0x0000ad080000ad080000afba0000afba 

0x3017: wrmsr 
  rax=0x0000000000000100 rbx=0x0000fd270000fd27 rcx=0x0000000000000048 rdx=0x0000000000000000
  rsi=0x00004eb800004e3a rdi=0x00001ee900001ee9 flags=0b000000000110
  xmm0=0x00003a4900003a490000e54f0000e54f xmm1=0x00000b7500000b750000e2f80000e2f8 
  xmm2=0x000059aa000059aa000094fb000094fb xmm3=0x0000c6660000c6660000cf530000cf53 
  xmm4=0x000004b2000004b200005f1500005f15 xmm5=0x00009b4b00009b4b0000318500003185 
  xmm6=0x0000242b0000242b00006d5a00006d5a xmm7=0x0000ad080000ad080000afba0000afba 

0x3019: mfence 
  rax=0x0000000000000100 rbx=0x0000fd270000fd27 rcx=0x0000000000000048 rdx=0x0000000000000000
  rsi=0x00004eb800004e3a rdi=0x00001ee900001ee9 flags=0b000000000110
  xmm0=0x00003a4900003a490000e54f0000e54f xmm1=0x00000b7500000b750000e2f80000e2f8 
  xmm2=0x000059aa000059aa000094fb000094fb xmm3=0x0000c6660000c6660000cf530000cf53 
  xmm4=0x000004b2000004b200005f1500005f15 xmm5=0x00009b4b00009b4b0000318500003185 
  xmm6=0x0000242b0000242b00006d5a00006d5a xmm7=0x0000ad080000ad080000afba0000afba 

0x301c: lfence 
  rax=0x0000000000000100 rbx=0x0000fd270000fd27 rcx=0x0000000000000048 rdx=0x0000000000000000
  rsi=0x00004eb800004e3a rdi=0x00001ee900001ee9 flags=0b000000000110
  xmm0=0x00003a4900003a490000e54f0000e54f xmm1=0x00000b7500000b750000e2f80000e2f8 
  xmm2=0x000059aa000059aa000094fb000094fb xmm3=0x0000c6660000c6660000cf530000cf53 
  xmm4=0x000004b2000004b200005f1500005f15 xmm5=0x00009b4b00009b4b0000318500003185 
  xmm6=0x0000242b0000242b00006d5a00006d5a xmm7=0x0000ad080000ad080000afba0000afba 

0x301f: macro .measurement_start, .noarg
  rax=0x0000000000000100 rbx=0x0000fd270000fd27 rcx=0x0000000000000048 rdx=0x0000000000000000
  rsi=0x00004eb800004e3a rdi=0x00001ee900001ee9 flags=0b000000000110
  xmm0=0x00003a4900003a490000e54f0000e54f xmm1=0x00000b7500000b750000e2f80000e2f8 
  xmm2=0x000059aa000059aa000094fb000094fb xmm3=0x0000c6660000c6660000cf530000cf53 
  xmm4=0x000004b2000004b200005f1500005f15 xmm5=0x00009b4b00009b4b0000318500003185 
  xmm6=0x0000242b0000242b00006d5a00006d5a xmm7=0x0000ad080000ad080000afba0000afba 

0x3027: mov ecx, 0x48
  rax=0x0000000000000100 rbx=0x0000fd270000fd27 rcx=0x0000000000000048 rdx=0x0000000000000000
  rsi=0x00004eb800004e3a rdi=0x00001ee900001ee9 flags=0b000000000110
  xmm0=0x00003a4900003a490000e54f0000e54f xmm1=0x00000b7500000b750000e2f80000e2f8 
  xmm2=0x000059aa000059aa000094fb000094fb xmm3=0x0000c6660000c6660000cf530000cf53 
  xmm4=0x000004b2000004b200005f1500005f15 xmm5=0x00009b4b00009b4b0000318500003185 
  xmm6=0x0000242b0000242b00006d5a00006d5a xmm7=0x0000ad080000ad080000afba0000afba 

0x302c: rdmsr 
  rax=0x0000000000000100 rbx=0x0000fd270000fd27 rcx=0x0000000000000048 rdx=0x0000000000000000
  rsi=0x00004eb800004e3a rdi=0x00001ee900001ee9 flags=0b000000000110
  xmm0=0x00003a4900003a490000e54f0000e54f xmm1=0x00000b7500000b750000e2f80000e2f8 
  xmm2=0x000059aa000059aa000094fb000094fb xmm3=0x0000c6660000c6660000cf530000cf53 
  xmm4=0x000004b2000004b200005f1500005f15 xmm5=0x00009b4b00009b4b0000318500003185 
  xmm6=0x0000242b0000242b00006d5a00006d5a xmm7=0x0000ad080000ad080000afba0000afba 

0x302e: and eax, 0xfffffffb
  rax=0x0000000000000000 rbx=0x0000fd270000fd27 rcx=0x0000000000000048 rdx=0x0000000000000000
  rsi=0x00004eb800004e3a rdi=0x00001ee900001ee9 flags=0b000000000110
  xmm0=0x00003a4900003a490000e54f0000e54f xmm1=0x00000b7500000b750000e2f80000e2f8 
  xmm2=0x000059aa000059aa000094fb000094fb xmm3=0x0000c6660000c6660000cf530000cf53 
  xmm4=0x000004b2000004b200005f1500005f15 xmm5=0x00009b4b00009b4b0000318500003185 
  xmm6=0x0000242b0000242b00006d5a00006d5a xmm7=0x0000ad080000ad080000afba0000afba 

0x3031: and eax, 0xfffffeff
  rax=0x0000000000000000 rbx=0x0000fd270000fd27 rcx=0x0000000000000048 rdx=0x0000000000000000
  rsi=0x00004eb800004e3a rdi=0x00001ee900001ee9 flags=0b000001000110
  xmm0=0x00003a4900003a490000e54f0000e54f xmm1=0x00000b7500000b750000e2f80000e2f8 
  xmm2=0x000059aa000059aa000094fb000094fb xmm3=0x0000c6660000c6660000cf530000cf53 
  xmm4=0x000004b2000004b200005f1500005f15 xmm5=0x00009b4b00009b4b0000318500003185 
  xmm6=0x0000242b0000242b00006d5a00006d5a xmm7=0x0000ad080000ad080000afba0000afba 

0x3036: wrmsr 
  rax=0x0000000000000000 rbx=0x0000fd270000fd27 rcx=0x0000000000000048 rdx=0x0000000000000000
  rsi=0x00004eb800004e3a rdi=0x00001ee900001ee9 flags=0b000001000110
  xmm0=0x00003a4900003a490000e54f0000e54f xmm1=0x00000b7500000b750000e2f80000e2f8 
  xmm2=0x000059aa000059aa000094fb000094fb xmm3=0x0000c6660000c6660000cf530000cf53 
  xmm4=0x000004b2000004b200005f1500005f15 xmm5=0x00009b4b00009b4b0000318500003185 
  xmm6=0x0000242b0000242b00006d5a00006d5a xmm7=0x0000ad080000ad080000afba0000afba 

0x3038: mfence 
  rax=0x0000000000000000 rbx=0x0000fd270000fd27 rcx=0x0000000000000048 rdx=0x0000000000000000
  rsi=0x00004eb800004e3a rdi=0x00001ee900001ee9 flags=0b000001000110
  xmm0=0x00003a4900003a490000e54f0000e54f xmm1=0x00000b7500000b750000e2f80000e2f8 
  xmm2=0x000059aa000059aa000094fb000094fb xmm3=0x0000c6660000c6660000cf530000cf53 
  xmm4=0x000004b2000004b200005f1500005f15 xmm5=0x00009b4b00009b4b0000318500003185 
  xmm6=0x0000242b0000242b00006d5a00006d5a xmm7=0x0000ad080000ad080000afba0000afba 

0x303b: lfence 
  rax=0x0000000000000000 rbx=0x0000fd270000fd27 rcx=0x0000000000000048 rdx=0x0000000000000000
  rsi=0x00004eb800004e3a rdi=0x00001ee900001ee9 flags=0b000001000110
  xmm0=0x00003a4900003a490000e54f0000e54f xmm1=0x00000b7500000b750000e2f80000e2f8 
  xmm2=0x000059aa000059aa000094fb000094fb xmm3=0x0000c6660000c6660000cf530000cf53 
  xmm4=0x000004b2000004b200005f1500005f15 xmm5=0x00009b4b00009b4b0000318500003185 
  xmm6=0x0000242b0000242b00006d5a00006d5a xmm7=0x0000ad080000ad080000afba0000afba 

0x303e: pop rdx
  rax=0x0000000000000000 rbx=0x0000fd270000fd27 rcx=0x0000000000000048 rdx=0x0000000000000000
  rsi=0x00004eb800004e3a rdi=0x00001ee900001ee9 flags=0b000001000110
  xmm0=0x00003a4900003a490000e54f0000e54f xmm1=0x00000b7500000b750000e2f80000e2f8 
  xmm2=0x000059aa000059aa000094fb000094fb xmm3=0x0000c6660000c6660000cf530000cf53 
  xmm4=0x000004b2000004b200005f1500005f15 xmm5=0x00009b4b00009b4b0000318500003185 
  xmm6=0x0000242b0000242b00006d5a00006d5a xmm7=0x0000ad080000ad080000afba0000afba 

    > load from +0x4fd8 value 0x9f7b00009f7b
0x303f: pop rcx
  rax=0x0000000000000000 rbx=0x0000fd270000fd27 rcx=0x0000000000000048 rdx=0x00009f7b00009f7b
  rsi=0x00004eb800004e3a rdi=0x00001ee900001ee9 flags=0b000001000110
  xmm0=0x00003a4900003a490000e54f0000e54f xmm1=0x00000b7500000b750000e2f80000e2f8 
  xmm2=0x000059aa000059aa000094fb000094fb xmm3=0x0000c6660000c6660000cf530000cf53 
  xmm4=0x000004b2000004b200005f1500005f15 xmm5=0x00009b4b00009b4b0000318500003185 
  xmm6=0x0000242b0000242b00006d5a00006d5a xmm7=0x0000ad080000ad080000afba0000afba 

    > load from +0x4fe0 value 0x453200004532
0x3040: pop rax
  rax=0x0000000000000000 rbx=0x0000fd270000fd27 rcx=0x0000453200004532 rdx=0x00009f7b00009f7b
  rsi=0x00004eb800004e3a rdi=0x00001ee900001ee9 flags=0b000001000110
  xmm0=0x00003a4900003a490000e54f0000e54f xmm1=0x00000b7500000b750000e2f80000e2f8 
  xmm2=0x000059aa000059aa000094fb000094fb xmm3=0x0000c6660000c6660000cf530000cf53 
  xmm4=0x000004b2000004b200005f1500005f15 xmm5=0x00009b4b00009b4b0000318500003185 
  xmm6=0x0000242b0000242b00006d5a00006d5a xmm7=0x0000ad080000ad080000afba0000afba 

    > load from +0x4fe8 value 0x58fa000058fa
0x3041: popfq 
  rax=0x000058fa000058fa rbx=0x0000fd270000fd27 rcx=0x0000453200004532 rdx=0x00009f7b00009f7b
  rsi=0x00004eb800004e3a rdi=0x00001ee900001ee9 flags=0b000001000110
  xmm0=0x00003a4900003a490000e54f0000e54f xmm1=0x00000b7500000b750000e2f80000e2f8 
  xmm2=0x000059aa000059aa000094fb000094fb xmm3=0x0000c6660000c6660000cf530000cf53 
  xmm4=0x000004b2000004b200005f1500005f15 xmm5=0x00009b4b00009b4b0000318500003185 
  xmm6=0x0000242b0000242b00006d5a00006d5a xmm7=0x0000ad080000ad080000afba0000afba 

    > load from +0x4ff0 value 0x807
0x3042: and rbx, 0b1111111111111
  rax=0x000058fa000058fa rbx=0x0000fd270000fd27 rcx=0x0000453200004532 rdx=0x00009f7b00009f7b
  rsi=0x00004eb800004e3a rdi=0x00001ee900001ee9 flags=0b100000000111
  xmm0=0x00003a4900003a490000e54f0000e54f xmm1=0x00000b7500000b750000e2f80000e2f8 
  xmm2=0x000059aa000059aa000094fb000094fb xmm3=0x0000c6660000c6660000cf530000cf53 
  xmm4=0x000004b2000004b200005f1500005f15 xmm5=0x00009b4b00009b4b0000318500003185 
  xmm6=0x0000242b0000242b00006d5a00006d5a xmm7=0x0000ad080000ad080000afba0000afba 

0x3049: cmovnz esi, [r14 +rbx]
  rax=0x000058fa000058fa rbx=0x0000000000001d27 rcx=0x0000453200004532 rdx=0x00009f7b00009f7b
  rsi=0x00004eb800004e3a rdi=0x00001ee900001ee9 flags=0b000000000110
  xmm0=0x00003a4900003a490000e54f0000e54f xmm1=0x00000b7500000b750000e2f80000e2f8 
  xmm2=0x000059aa000059aa000094fb000094fb xmm3=0x0000c6660000c6660000cf530000cf53 
  xmm4=0x000004b2000004b200005f1500005f15 xmm5=0x00009b4b00009b4b0000318500003185 
  xmm6=0x0000242b0000242b00006d5a00006d5a xmm7=0x0000ad080000ad080000afba0000afba 

    > load from +0x5d27 value 0x7d6f00
0x304e: and rbx, 0b1111111111111
  rax=0x000058fa000058fa rbx=0x0000000000001d27 rcx=0x0000453200004532 rdx=0x00009f7b00009f7b
  rsi=0x00000000007d6f00 rdi=0x00001ee900001ee9 flags=0b000000000110
  xmm0=0x00003a4900003a490000e54f0000e54f xmm1=0x00000b7500000b750000e2f80000e2f8 
  xmm2=0x000059aa000059aa000094fb000094fb xmm3=0x0000c6660000c6660000cf530000cf53 
  xmm4=0x000004b2000004b200005f1500005f15 xmm5=0x00009b4b00009b4b0000318500003185 
  xmm6=0x0000242b0000242b00006d5a00006d5a xmm7=0x0000ad080000ad080000afba0000afba 

0x3055: movzx dx, [r14 +rbx]
  rax=0x000058fa000058fa rbx=0x0000000000001d27 rcx=0x0000453200004532 rdx=0x00009f7b00009f7b
  rsi=0x00000000007d6f00 rdi=0x00001ee900001ee9 flags=0b000000000110
  xmm0=0x00003a4900003a490000e54f0000e54f xmm1=0x00000b7500000b750000e2f80000e2f8 
  xmm2=0x000059aa000059aa000094fb000094fb xmm3=0x0000c6660000c6660000cf530000cf53 
  xmm4=0x000004b2000004b200005f1500005f15 xmm5=0x00009b4b00009b4b0000318500003185 
  xmm6=0x0000242b0000242b00006d5a00006d5a xmm7=0x0000ad080000ad080000afba0000afba 

    > load from +0x5d27 value 0x0
0x305b: neg rcx
  rax=0x000058fa000058fa rbx=0x0000000000001d27 rcx=0x0000453200004532 rdx=0x00009f7b00000000
  rsi=0x00000000007d6f00 rdi=0x00001ee900001ee9 flags=0b000000000110
  xmm0=0x00003a4900003a490000e54f0000e54f xmm1=0x00000b7500000b750000e2f80000e2f8 
  xmm2=0x000059aa000059aa000094fb000094fb xmm3=0x0000c6660000c6660000cf530000cf53 
  xmm4=0x000004b2000004b200005f1500005f15 xmm5=0x00009b4b00009b4b0000318500003185 
  xmm6=0x0000242b0000242b00006d5a00006d5a xmm7=0x0000ad080000ad080000afba0000afba 

0x305e: and al, -2
  rax=0x000058fa000058fa rbx=0x0000000000001d27 rcx=0xffffbacdffffbace rdx=0x00009f7b00000000
  rsi=0x00000000007d6f00 rdi=0x00001ee900001ee9 flags=0b000010010011
  xmm0=0x00003a4900003a490000e54f0000e54f xmm1=0x00000b7500000b750000e2f80000e2f8 
  xmm2=0x000059aa000059aa000094fb000094fb xmm3=0x0000c6660000c6660000cf530000cf53 
  xmm4=0x000004b2000004b200005f1500005f15 xmm5=0x00009b4b00009b4b0000318500003185 
  xmm6=0x0000242b0000242b00006d5a00006d5a xmm7=0x0000ad080000ad080000afba0000afba 

0x3060: clc 
  rax=0x000058fa000058fa rbx=0x0000000000001d27 rcx=0xffffbacdffffbace rdx=0x00009f7b00000000
  rsi=0x00000000007d6f00 rdi=0x00001ee900001ee9 flags=0b000010000110
  xmm0=0x00003a4900003a490000e54f0000e54f xmm1=0x00000b7500000b750000e2f80000e2f8 
  xmm2=0x000059aa000059aa000094fb000094fb xmm3=0x0000c6660000c6660000cf530000cf53 
  xmm4=0x000004b2000004b200005f1500005f15 xmm5=0x00009b4b00009b4b0000318500003185 
  xmm6=0x0000242b0000242b00006d5a00006d5a xmm7=0x0000ad080000ad080000afba0000afba 

0x3061: and rdi, 0b1111111111111
  rax=0x000058fa000058fa rbx=0x0000000000001d27 rcx=0xffffbacdffffbace rdx=0x00009f7b00000000
  rsi=0x00000000007d6f00 rdi=0x00001ee900001ee9 flags=0b000010000110
  xmm0=0x00003a4900003a490000e54f0000e54f xmm1=0x00000b7500000b750000e2f80000e2f8 
  xmm2=0x000059aa000059aa000094fb000094fb xmm3=0x0000c6660000c6660000cf530000cf53 
  xmm4=0x000004b2000004b200005f1500005f15 xmm5=0x00009b4b00009b4b0000318500003185 
  xmm6=0x0000242b0000242b00006d5a00006d5a xmm7=0x0000ad080000ad080000afba0000afba 

0x3068: cmovns dx, [r14 +rdi]
  rax=0x000058fa000058fa rbx=0x0000000000001d27 rcx=0xffffbacdffffbace rdx=0x00009f7b00000000
  rsi=0x00000000007d6f00 rdi=0x0000000000001ee9 flags=0b000000000010
  xmm0=0x00003a4900003a490000e54f0000e54f xmm1=0x00000b7500000b750000e2f80000e2f8 
  xmm2=0x000059aa000059aa000094fb000094fb xmm3=0x0000c6660000c6660000cf530000cf53 
  xmm4=0x000004b2000004b200005f1500005f15 xmm5=0x00009b4b00009b4b0000318500003185 
  xmm6=0x0000242b0000242b00006d5a00006d5a xmm7=0x0000ad080000ad080000afba0000afba 

    > load from +0x5ee9 value 0xc0
0x306e: cmovz esi, eax
  rax=0x000058fa000058fa rbx=0x0000000000001d27 rcx=0xffffbacdffffbace rdx=0x00009f7b000000c0
  rsi=0x00000000007d6f00 rdi=0x0000000000001ee9 flags=0b000000000010
  xmm0=0x00003a4900003a490000e54f0000e54f xmm1=0x00000b7500000b750000e2f80000e2f8 
  xmm2=0x000059aa000059aa000094fb000094fb xmm3=0x0000c6660000c6660000cf530000cf53 
  xmm4=0x000004b2000004b200005f1500005f15 xmm5=0x00009b4b00009b4b0000318500003185 
  xmm6=0x0000242b0000242b00006d5a00006d5a xmm7=0x0000ad080000ad080000afba0000afba 

0x3071: and ax, -32133
  rax=0x000058fa000058fa rbx=0x0000000000001d27 rcx=0xffffbacdffffbace rdx=0x00009f7b000000c0
  rsi=0x00000000007d6f00 rdi=0x0000000000001ee9 flags=0b000000000010
  xmm0=0x00003a4900003a490000e54f0000e54f xmm1=0x00000b7500000b750000e2f80000e2f8 
  xmm2=0x000059aa000059aa000094fb000094fb xmm3=0x0000c6660000c6660000cf530000cf53 
  xmm4=0x000004b2000004b200005f1500005f15 xmm5=0x00009b4b00009b4b0000318500003185 
  xmm6=0x0000242b0000242b00006d5a00006d5a xmm7=0x0000ad080000ad080000afba0000afba 

0x3075: cmp si, -94
  rax=0x000058fa0000007a rbx=0x0000000000001d27 rcx=0xffffbacdffffbace rdx=0x00009f7b000000c0
  rsi=0x00000000007d6f00 rdi=0x0000000000001ee9 flags=0b000000000010
  xmm0=0x00003a4900003a490000e54f0000e54f xmm1=0x00000b7500000b750000e2f80000e2f8 
  xmm2=0x000059aa000059aa000094fb000094fb xmm3=0x0000c6660000c6660000cf530000cf53 
  xmm4=0x000004b2000004b200005f1500005f15 xmm5=0x00009b4b00009b4b0000318500003185 
  xmm6=0x0000242b0000242b00006d5a00006d5a xmm7=0x0000ad080000ad080000afba0000afba 

0x3079: and rbx, 0b1111111111111
  rax=0x000058fa0000007a rbx=0x0000000000001d27 rcx=0xffffbacdffffbace rdx=0x00009f7b000000c0
  rsi=0x00000000007d6f00 rdi=0x0000000000001ee9 flags=0b000000010011
  xmm0=0x00003a4900003a490000e54f0000e54f xmm1=0x00000b7500000b750000e2f80000e2f8 
  xmm2=0x000059aa000059aa000094fb000094fb xmm3=0x0000c6660000c6660000cf530000cf53 
  xmm4=0x000004b2000004b200005f1500005f15 xmm5=0x00009b4b00009b4b0000318500003185 
  xmm6=0x0000242b0000242b00006d5a00006d5a xmm7=0x0000ad080000ad080000afba0000afba 

0x3080: imul cx, [r14 +rbx], -2
  rax=0x000058fa0000007a rbx=0x0000000000001d27 rcx=0xffffbacdffffbace rdx=0x00009f7b000000c0
  rsi=0x00000000007d6f00 rdi=0x0000000000001ee9 flags=0b000000000110
  xmm0=0x00003a4900003a490000e54f0000e54f xmm1=0x00000b7500000b750000e2f80000e2f8 
  xmm2=0x000059aa000059aa000094fb000094fb xmm3=0x0000c6660000c6660000cf530000cf53 
  xmm4=0x000004b2000004b200005f1500005f15 xmm5=0x00009b4b00009b4b0000318500003185 
  xmm6=0x0000242b0000242b00006d5a00006d5a xmm7=0x0000ad080000ad080000afba0000afba 

    > load from +0x5d27 value 0x6f00
0x3086: and rax, 0b1111111111111
  rax=0x000058fa0000007a rbx=0x0000000000001d27 rcx=0xffffbacdffff2200 rdx=0x00009f7b000000c0
  rsi=0x00000000007d6f00 rdi=0x0000000000001ee9 flags=0b100000000111
  xmm0=0x00003a4900003a490000e54f0000e54f xmm1=0x00000b7500000b750000e2f80000e2f8 
  xmm2=0x000059aa000059aa000094fb000094fb xmm3=0x0000c6660000c6660000cf530000cf53 
  xmm4=0x000004b2000004b200005f1500005f15 xmm5=0x00009b4b00009b4b0000318500003185 
  xmm6=0x0000242b0000242b00006d5a00006d5a xmm7=0x0000ad080000ad080000afba0000afba 

0x308c: movzx rdx, [r14 +rax]
  rax=0x000000000000007a rbx=0x0000000000001d27 rcx=0xffffbacdffff2200 rdx=0x00009f7b000000c0
  rsi=0x00000000007d6f00 rdi=0x0000000000001ee9 flags=0b000000000010
  xmm0=0x00003a4900003a490000e54f0000e54f xmm1=0x00000b7500000b750000e2f80000e2f8 
  xmm2=0x000059aa000059aa000094fb000094fb xmm3=0x0000c6660000c6660000cf530000cf53 
  xmm4=0x000004b2000004b200005f1500005f15 xmm5=0x00009b4b00009b4b0000318500003185 
  xmm6=0x0000242b0000242b00006d5a00006d5a xmm7=0x0000ad080000ad080000afba0000afba 

    > load from +0x407a value 0x0
0x3091: and rsi, 0b1111111111111
  rax=0x000000000000007a rbx=0x0000000000001d27 rcx=0xffffbacdffff2200 rdx=0x0000000000000000
  rsi=0x00000000007d6f00 rdi=0x0000000000001ee9 flags=0b000000000010
  xmm0=0x00003a4900003a490000e54f0000e54f xmm1=0x00000b7500000b750000e2f80000e2f8 
  xmm2=0x000059aa000059aa000094fb000094fb xmm3=0x0000c6660000c6660000cf530000cf53 
  xmm4=0x000004b2000004b200005f1500005f15 xmm5=0x00009b4b00009b4b0000318500003185 
  xmm6=0x0000242b0000242b00006d5a00006d5a xmm7=0x0000ad080000ad080000afba0000afba 

0x3098: cmovno eax, [r14 +rsi]
  rax=0x000000000000007a rbx=0x0000000000001d27 rcx=0xffffbacdffff2200 rdx=0x0000000000000000
  rsi=0x0000000000000f00 rdi=0x0000000000001ee9 flags=0b000000000110
  xmm0=0x00003a4900003a490000e54f0000e54f xmm1=0x00000b7500000b750000e2f80000e2f8 
  xmm2=0x000059aa000059aa000094fb000094fb xmm3=0x0000c6660000c6660000cf530000cf53 
  xmm4=0x000004b2000004b200005f1500005f15 xmm5=0x00009b4b00009b4b0000318500003185 
  xmm6=0x0000242b0000242b00006d5a00006d5a xmm7=0x0000ad080000ad080000afba0000afba 

    > load from +0x4f00 value 0x219d
0x309d: and rax, 0b1111111111111
  rax=0x000000000000219d rbx=0x0000000000001d27 rcx=0xffffbacdffff2200 rdx=0x0000000000000000
  rsi=0x0000000000000f00 rdi=0x0000000000001ee9 flags=0b000000000110
  xmm0=0x00003a4900003a490000e54f0000e54f xmm1=0x00000b7500000b750000e2f80000e2f8 
  xmm2=0x000059aa000059aa000094fb000094fb xmm3=0x0000c6660000c6660000cf530000cf53 
  xmm4=0x000004b2000004b200005f1500005f15 xmm5=0x00009b4b00009b4b0000318500003185 
  xmm6=0x0000242b0000242b00006d5a00006d5a xmm7=0x0000ad080000ad080000afba0000afba 

0x30a3: add eax, [r14 +rax]
  rax=0x000000000000019d rbx=0x0000000000001d27 rcx=0xffffbacdffff2200 rdx=0x0000000000000000
  rsi=0x0000000000000f00 rdi=0x0000000000001ee9 flags=0b000000000010
  xmm0=0x00003a4900003a490000e54f0000e54f xmm1=0x00000b7500000b750000e2f80000e2f8 
  xmm2=0x000059aa000059aa000094fb000094fb xmm3=0x0000c6660000c6660000cf530000cf53 
  xmm4=0x000004b2000004b200005f1500005f15 xmm5=0x00009b4b00009b4b0000318500003185 
  xmm6=0x0000242b0000242b00006d5a00006d5a xmm7=0x0000ad080000ad080000afba0000afba 

    > load from +0x419d value 0x2f00007a
0x30a7: movsx rcx, dil
  rax=0x000000002f000217 rbx=0x0000000000001d27 rcx=0xffffbacdffff2200 rdx=0x0000000000000000
  rsi=0x0000000000000f00 rdi=0x0000000000001ee9 flags=0b000000010110
  xmm0=0x00003a4900003a490000e54f0000e54f xmm1=0x00000b7500000b750000e2f80000e2f8 
  xmm2=0x000059aa000059aa000094fb000094fb xmm3=0x0000c6660000c6660000cf530000cf53 
  xmm4=0x000004b2000004b200005f1500005f15 xmm5=0x00009b4b00009b4b0000318500003185 
  xmm6=0x0000242b0000242b00006d5a00006d5a xmm7=0x0000ad080000ad080000afba0000afba 

0x30ab: and rsi, 0b1111111111111
  rax=0x000000002f000217 rbx=0x0000000000001d27 rcx=0xffffffffffffffe9 rdx=0x0000000000000000
  rsi=0x0000000000000f00 rdi=0x0000000000001ee9 flags=0b000000010110
  xmm0=0x00003a4900003a490000e54f0000e54f xmm1=0x00000b7500000b750000e2f80000e2f8 
  xmm2=0x000059aa000059aa000094fb000094fb xmm3=0x0000c6660000c6660000cf530000cf53 
  xmm4=0x000004b2000004b200005f1500005f15 xmm5=0x00009b4b00009b4b0000318500003185 
  xmm6=0x0000242b0000242b00006d5a00006d5a xmm7=0x0000ad080000ad080000afba0000afba 

0x30b2: cmovnl eax, [r14 +rsi]
  rax=0x000000002f000217 rbx=0x0000000000001d27 rcx=0xffffffffffffffe9 rdx=0x0000000000000000
  rsi=0x0000000000000f00 rdi=0x0000000000001ee9 flags=0b000000000110
  xmm0=0x00003a4900003a490000e54f0000e54f xmm1=0x00000b7500000b750000e2f80000e2f8 
  xmm2=0x000059aa000059aa000094fb000094fb xmm3=0x0000c6660000c6660000cf530000cf53 
  xmm4=0x000004b2000004b200005f1500005f15 xmm5=0x00009b4b00009b4b0000318500003185 
  xmm6=0x0000242b0000242b00006d5a00006d5a xmm7=0x0000ad080000ad080000afba0000afba 

    > load from +0x4f00 value 0x219d
0x30b7: and rdi, 0b1111111111111
  rax=0x000000000000219d rbx=0x0000000000001d27 rcx=0xffffffffffffffe9 rdx=0x0000000000000000
  rsi=0x0000000000000f00 rdi=0x0000000000001ee9 flags=0b000000000110
  xmm0=0x00003a4900003a490000e54f0000e54f xmm1=0x00000b7500000b750000e2f80000e2f8 
  xmm2=0x000059aa000059aa000094fb000094fb xmm3=0x0000c6660000c6660000cf530000cf53 
  xmm4=0x000004b2000004b200005f1500005f15 xmm5=0x00009b4b00009b4b0000318500003185 
  xmm6=0x0000242b0000242b00006d5a00006d5a xmm7=0x0000ad080000ad080000afba0000afba 

0x30be: sub rdi, [r14 +rdi]
  rax=0x000000000000219d rbx=0x0000000000001d27 rcx=0xffffffffffffffe9 rdx=0x0000000000000000
  rsi=0x0000000000000f00 rdi=0x0000000000001ee9 flags=0b000000000010
  xmm0=0x00003a4900003a490000e54f0000e54f xmm1=0x00000b7500000b750000e2f80000e2f8 
  xmm2=0x000059aa000059aa000094fb000094fb xmm3=0x0000c6660000c6660000cf530000cf53 
  xmm4=0x000004b2000004b200005f1500005f15 xmm5=0x00009b4b00009b4b0000318500003185 
  xmm6=0x0000242b0000242b00006d5a00006d5a xmm7=0x0000ad080000ad080000afba0000afba 

    > load from +0x5ee9 value 0xa80000c07c0000c0
0x30c2: and rcx, 0b1111111111111
  rax=0x000000000000219d rbx=0x0000000000001d27 rcx=0xffffffffffffffe9 rdx=0x0000000000000000
  rsi=0x0000000000000f00 rdi=0x57ffff3f84001e29 flags=0b000000000011
  xmm0=0x00003a4900003a490000e54f0000e54f xmm1=0x00000b7500000b750000e2f80000e2f8 
  xmm2=0x000059aa000059aa000094fb000094fb xmm3=0x0000c6660000c6660000cf530000cf53 
  xmm4=0x000004b2000004b200005f1500005f15 xmm5=0x00009b4b00009b4b0000318500003185 
  xmm6=0x0000242b0000242b00006d5a00006d5a xmm7=0x0000ad080000ad080000afba0000afba 

0x30c9: cmovl eax, [r14 +rcx]
  rax=0x000000000000219d rbx=0x0000000000001d27 rcx=0x0000000000001fe9 rdx=0x0000000000000000
  rsi=0x0000000000000f00 rdi=0x57ffff3f84001e29 flags=0b000000000010
  xmm0=0x00003a4900003a490000e54f0000e54f xmm1=0x00000b7500000b750000e2f80000e2f8 
  xmm2=0x000059aa000059aa000094fb000094fb xmm3=0x0000c6660000c6660000cf530000cf53 
  xmm4=0x000004b2000004b200005f1500005f15 xmm5=0x00009b4b00009b4b0000318500003185 
  xmm6=0x0000242b0000242b00006d5a00006d5a xmm7=0x0000ad080000ad080000afba0000afba 

    > load from +0x5fe9 value 0x580000f2
0x30ce: cmovbe rdx, rax
  rax=0x000000000000219d rbx=0x0000000000001d27 rcx=0x0000000000001fe9 rdx=0x0000000000000000
  rsi=0x0000000000000f00 rdi=0x57ffff3f84001e29 flags=0b000000000010
  xmm0=0x00003a4900003a490000e54f0000e54f xmm1=0x00000b7500000b750000e2f80000e2f8 
  xmm2=0x000059aa000059aa000094fb000094fb xmm3=0x0000c6660000c6660000cf530000cf53 
  xmm4=0x000004b2000004b200005f1500005f15 xmm5=0x00009b4b00009b4b0000318500003185 
  xmm6=0x0000242b0000242b00006d5a00006d5a xmm7=0x0000ad080000ad080000afba0000afba 

0x30d2: or dil, 75
  rax=0x000000000000219d rbx=0x0000000000001d27 rcx=0x0000000000001fe9 rdx=0x0000000000000000
  rsi=0x0000000000000f00 rdi=0x57ffff3f84001e29 flags=0b000000000010
  xmm0=0x00003a4900003a490000e54f0000e54f xmm1=0x00000b7500000b750000e2f80000e2f8 
  xmm2=0x000059aa000059aa000094fb000094fb xmm3=0x0000c6660000c6660000cf530000cf53 
  xmm4=0x000004b2000004b200005f1500005f15 xmm5=0x00009b4b00009b4b0000318500003185 
  xmm6=0x0000242b0000242b00006d5a00006d5a xmm7=0x0000ad080000ad080000afba0000afba 

0x30d6: movzx si, cl
  rax=0x000000000000219d rbx=0x0000000000001d27 rcx=0x0000000000001fe9 rdx=0x0000000000000000
  rsi=0x0000000000000f00 rdi=0x57ffff3f84001e6b flags=0b000000000010
  xmm0=0x00003a4900003a490000e54f0000e54f xmm1=0x00000b7500000b750000e2f80000e2f8 
  xmm2=0x000059aa000059aa000094fb000094fb xmm3=0x0000c6660000c6660000cf530000cf53 
  xmm4=0x000004b2000004b200005f1500005f15 xmm5=0x00009b4b00009b4b0000318500003185 
  xmm6=0x0000242b0000242b00006d5a00006d5a xmm7=0x0000ad080000ad080000afba0000afba 

0x30da: and rdi, 0b1111111111111
  rax=0x000000000000219d rbx=0x0000000000001d27 rcx=0x0000000000001fe9 rdx=0x0000000000000000
  rsi=0x00000000000000e9 rdi=0x57ffff3f84001e6b flags=0b000000000010
  xmm0=0x00003a4900003a490000e54f0000e54f xmm1=0x00000b7500000b750000e2f80000e2f8 
  xmm2=0x000059aa000059aa000094fb000094fb xmm3=0x0000c6660000c6660000cf530000cf53 
  xmm4=0x000004b2000004b200005f1500005f15 xmm5=0x00009b4b00009b4b0000318500003185 
  xmm6=0x0000242b0000242b00006d5a00006d5a xmm7=0x0000ad080000ad080000afba0000afba 

0x30e1: cmovz rbx, [r14 +rdi]
  rax=0x000000000000219d rbx=0x0000000000001d27 rcx=0x0000000000001fe9 rdx=0x0000000000000000
  rsi=0x00000000000000e9 rdi=0x0000000000001e6b flags=0b000000000010
  xmm0=0x00003a4900003a490000e54f0000e54f xmm1=0x00000b7500000b750000e2f80000e2f8 
  xmm2=0x000059aa000059aa000094fb000094fb xmm3=0x0000c6660000c6660000cf530000cf53 
  xmm4=0x000004b2000004b200005f1500005f15 xmm5=0x00009b4b00009b4b0000318500003185 
  xmm6=0x0000242b0000242b00006d5a00006d5a xmm7=0x0000ad080000ad080000afba0000afba 

    > load from +0x5e6b value 0xe68600007d9f00
0x30e6: inc rsi
  rax=0x000000000000219d rbx=0x0000000000001d27 rcx=0x0000000000001fe9 rdx=0x0000000000000000
  rsi=0x00000000000000e9 rdi=0x0000000000001e6b flags=0b000000000010
  xmm0=0x00003a4900003a490000e54f0000e54f xmm1=0x00000b7500000b750000e2f80000e2f8 
  xmm2=0x000059aa000059aa000094fb000094fb xmm3=0x0000c6660000c6660000cf530000cf53 
  xmm4=0x000004b2000004b200005f1500005f15 xmm5=0x00009b4b00009b4b0000318500003185 
  xmm6=0x0000242b0000242b00006d5a00006d5a xmm7=0x0000ad080000ad080000afba0000afba 

0x30e9: adc rbx, rsi
  rax=0x000000000000219d rbx=0x0000000000001d27 rcx=0x0000000000001fe9 rdx=0x0000000000000000
  rsi=0x00000000000000ea rdi=0x0000000000001e6b flags=0b000000000010
  xmm0=0x00003a4900003a490000e54f0000e54f xmm1=0x00000b7500000b750000e2f80000e2f8 
  xmm2=0x000059aa000059aa000094fb000094fb xmm3=0x0000c6660000c6660000cf530000cf53 
  xmm4=0x000004b2000004b200005f1500005f15 xmm5=0x00009b4b00009b4b0000318500003185 
  xmm6=0x0000242b0000242b00006d5a00006d5a xmm7=0x0000ad080000ad080000afba0000afba 

0x30ec: cmovb di, cx
  rax=0x000000000000219d rbx=0x0000000000001e11 rcx=0x0000000000001fe9 rdx=0x0000000000000000
  rsi=0x00000000000000ea rdi=0x0000000000001e6b flags=0b000000010110
  xmm0=0x00003a4900003a490000e54f0000e54f xmm1=0x00000b7500000b750000e2f80000e2f8 
  xmm2=0x000059aa000059aa000094fb000094fb xmm3=0x0000c6660000c6660000cf530000cf53 
  xmm4=0x000004b2000004b200005f1500005f15 xmm5=0x00009b4b00009b4b0000318500003185 
  xmm6=0x0000242b0000242b00006d5a00006d5a xmm7=0x0000ad080000ad080000afba0000afba 

0x30f0: sbb sil, -89
  rax=0x000000000000219d rbx=0x0000000000001e11 rcx=0x0000000000001fe9 rdx=0x0000000000000000
  rsi=0x00000000000000ea rdi=0x0000000000001e6b flags=0b000000010110
  xmm0=0x00003a4900003a490000e54f0000e54f xmm1=0x00000b7500000b750000e2f80000e2f8 
  xmm2=0x000059aa000059aa000094fb000094fb xmm3=0x0000c6660000c6660000cf530000cf53 
  xmm4=0x000004b2000004b200005f1500005f15 xmm5=0x00009b4b00009b4b0000318500003185 
  xmm6=0x0000242b0000242b00006d5a00006d5a xmm7=0x0000ad080000ad080000afba0000afba 

0x30f4: and rdx, 0b1111111111111
  rax=0x000000000000219d rbx=0x0000000000001e11 rcx=0x0000000000001fe9 rdx=0x0000000000000000
  rsi=0x0000000000000043 rdi=0x0000000000001e6b flags=0b000000000010
  xmm0=0x00003a4900003a490000e54f0000e54f xmm1=0x00000b7500000b750000e2f80000e2f8 
  xmm2=0x000059aa000059aa000094fb000094fb xmm3=0x0000c6660000c6660000cf530000cf53 
  xmm4=0x000004b2000004b200005f1500005f15 xmm5=0x00009b4b00009b4b0000318500003185 
  xmm6=0x0000242b0000242b00006d5a00006d5a xmm7=0x0000ad080000ad080000afba0000afba 

0x30fb: or [r14 +rdx], 1
  rax=0x000000000000219d rbx=0x0000000000001e11 rcx=0x0000000000001fe9 rdx=0x0000000000000000
  rsi=0x0000000000000043 rdi=0x0000000000001e6b flags=0b000001000110
  xmm0=0x00003a4900003a490000e54f0000e54f xmm1=0x00000b7500000b750000e2f80000e2f8 
  xmm2=0x000059aa000059aa000094fb000094fb xmm3=0x0000c6660000c6660000cf530000cf53 
  xmm4=0x000004b2000004b200005f1500005f15 xmm5=0x00009b4b00009b4b0000318500003185 
  xmm6=0x0000242b0000242b00006d5a00006d5a xmm7=0x0000ad080000ad080000afba0000afba 

    > load from +0x4000 value 0x4b76
    > store to +0x4000 value 0x4b77
0x3101: and rbx, 0b1111111111111
  rax=0x000000000000219d rbx=0x0000000000001e11 rcx=0x0000000000001fe9 rdx=0x0000000000000000
  rsi=0x0000000000000043 rdi=0x0000000000001e6b flags=0b000000000110
  xmm0=0x00003a4900003a490000e54f0000e54f xmm1=0x00000b7500000b750000e2f80000e2f8 
  xmm2=0x000059aa000059aa000094fb000094fb xmm3=0x0000c6660000c6660000cf530000cf53 
  xmm4=0x000004b2000004b200005f1500005f15 xmm5=0x00009b4b00009b4b0000318500003185 
  xmm6=0x0000242b0000242b00006d5a00006d5a xmm7=0x0000ad080000ad080000afba0000afba 

0x3108: add rbx, [r14 +rbx]
  rax=0x000000000000219d rbx=0x0000000000001e11 rcx=0x0000000000001fe9 rdx=0x0000000000000000
  rsi=0x0000000000000043 rdi=0x0000000000001e6b flags=0b000000000110
  xmm0=0x00003a4900003a490000e54f0000e54f xmm1=0x00000b7500000b750000e2f80000e2f8 
  xmm2=0x000059aa000059aa000094fb000094fb xmm3=0x0000c6660000c6660000cf530000cf53 
  xmm4=0x000004b2000004b200005f1500005f15 xmm5=0x00009b4b00009b4b0000318500003185 
  xmm6=0x0000242b0000242b00006d5a00006d5a xmm7=0x0000ad080000ad080000afba0000afba 

    > load from +0x5e11 value 0x1b000080c8000080
0x310c: and rdx, 0b1111111111111
  rax=0x000000000000219d rbx=0x1b000080c8001e91 rcx=0x0000000000001fe9 rdx=0x0000000000000000
  rsi=0x0000000000000043 rdi=0x0000000000001e6b flags=0b000000000010
  xmm0=0x00003a4900003a490000e54f0000e54f xmm1=0x00000b7500000b750000e2f80000e2f8 
  xmm2=0x000059aa000059aa000094fb000094fb xmm3=0x0000c6660000c6660000cf530000cf53 
  xmm4=0x000004b2000004b200005f1500005f15 xmm5=0x00009b4b00009b4b0000318500003185 
  xmm6=0x0000242b0000242b00006d5a00006d5a xmm7=0x0000ad080000ad080000afba0000afba 

0x3113: imul [r14 +rdx]
  rax=0x000000000000219d rbx=0x1b000080c8001e91 rcx=0x0000000000001fe9 rdx=0x0000000000000000
  rsi=0x0000000000000043 rdi=0x0000000000001e6b flags=0b000001000110
  xmm0=0x00003a4900003a490000e54f0000e54f xmm1=0x00000b7500000b750000e2f80000e2f8 
  xmm2=0x000059aa000059aa000094fb000094fb xmm3=0x0000c6660000c6660000cf530000cf53 
  xmm4=0x000004b2000004b200005f1500005f15 xmm5=0x00009b4b00009b4b0000318500003185 
  xmm6=0x0000242b0000242b00006d5a00006d5a xmm7=0x0000ad080000ad080000afba0000afba 

    > load from +0x4000 value 0x4b7600004b77
0x3117: add sil, -21
  rax=0x09e87d5e09e89efb rbx=0x1b000080c8001e91 rcx=0x0000000000001fe9 rdx=0x0000000000000000
  rsi=0x0000000000000043 rdi=0x0000000000001e6b flags=0b000000000010
  xmm0=0x00003a4900003a490000e54f0000e54f xmm1=0x00000b7500000b750000e2f80000e2f8 
  xmm2=0x000059aa000059aa000094fb000094fb xmm3=0x0000c6660000c6660000cf530000cf53 
  xmm4=0x000004b2000004b200005f1500005f15 xmm5=0x00009b4b00009b4b0000318500003185 
  xmm6=0x0000242b0000242b00006d5a00006d5a xmm7=0x0000ad080000ad080000afba0000afba 

0x311b: setnp sil
  rax=0x09e87d5e09e89efb rbx=0x1b000080c8001e91 rcx=0x0000000000001fe9 rdx=0x0000000000000000
  rsi=0x000000000000002e rdi=0x0000000000001e6b flags=0b000000000111
  xmm0=0x00003a4900003a490000e54f0000e54f xmm1=0x00000b7500000b750000e2f80000e2f8 
  xmm2=0x000059aa000059aa000094fb000094fb xmm3=0x0000c6660000c6660000cf530000cf53 
  xmm4=0x000004b2000004b200005f1500005f15 xmm5=0x00009b4b00009b4b0000318500003185 
  xmm6=0x0000242b0000242b00006d5a00006d5a xmm7=0x0000ad080000ad080000afba0000afba 

0x311f: and rax, 0b1111111111111
  rax=0x09e87d5e09e89efb rbx=0x1b000080c8001e91 rcx=0x0000000000001fe9 rdx=0x0000000000000000
  rsi=0x0000000000000000 rdi=0x0000000000001e6b flags=0b000000000111
  xmm0=0x00003a4900003a490000e54f0000e54f xmm1=0x00000b7500000b750000e2f80000e2f8 
  xmm2=0x000059aa000059aa000094fb000094fb xmm3=0x0000c6660000c6660000cf530000cf53 
  xmm4=0x000004b2000004b200005f1500005f15 xmm5=0x00009b4b00009b4b0000318500003185 
  xmm6=0x0000242b0000242b00006d5a00006d5a xmm7=0x0000ad080000ad080000afba0000afba 

0x3125: test [r14 +rax], -1299657064
  rax=0x0000000000001efb rbx=0x1b000080c8001e91 rcx=0x0000000000001fe9 rdx=0x0000000000000000
  rsi=0x0000000000000000 rdi=0x0000000000001e6b flags=0b000000000010
  xmm0=0x00003a4900003a490000e54f0000e54f xmm1=0x00000b7500000b750000e2f80000e2f8 
  xmm2=0x000059aa000059aa000094fb000094fb xmm3=0x0000c6660000c6660000cf530000cf53 
  xmm4=0x000004b2000004b200005f1500005f15 xmm5=0x00009b4b00009b4b0000318500003185 
  xmm6=0x0000242b0000242b00006d5a00006d5a xmm7=0x0000ad080000ad080000afba0000afba 

    > load from +0x5efb value 0x5cf50000144600
0x312d: add eax, 115
  rax=0x0000000000001efb rbx=0x1b000080c8001e91 rcx=0x0000000000001fe9 rdx=0x0000000000000000
  rsi=0x0000000000000000 rdi=0x0000000000001e6b flags=0b000000000110
  xmm0=0x00003a4900003a490000e54f0000e54f xmm1=0x00000b7500000b750000e2f80000e2f8 
  xmm2=0x000059aa000059aa000094fb000094fb xmm3=0x0000c6660000c6660000cf530000cf53 
  xmm4=0x000004b2000004b200005f1500005f15 xmm5=0x00009b4b00009b4b0000318500003185 
  xmm6=0x0000242b0000242b00006d5a00006d5a xmm7=0x0000ad080000ad080000afba0000afba 

0x3130: add rax, 174880192
  rax=0x0000000000001f6e rbx=0x1b000080c8001e91 rcx=0x0000000000001fe9 rdx=0x0000000000000000
  rsi=0x0000000000000000 rdi=0x0000000000001e6b flags=0b000000000010
  xmm0=0x00003a4900003a490000e54f0000e54f xmm1=0x00000b7500000b750000e2f80000e2f8 
  xmm2=0x000059aa000059aa000094fb000094fb xmm3=0x0000c6660000c6660000cf530000cf53 
  xmm4=0x000004b2000004b200005f1500005f15 xmm5=0x00009b4b00009b4b0000318500003185 
  xmm6=0x0000242b0000242b00006d5a00006d5a xmm7=0x0000ad080000ad080000afba0000afba 

0x3136: cmovnz ecx, ebx
  rax=0x000000000a6c952e rbx=0x1b000080c8001e91 rcx=0x0000000000001fe9 rdx=0x0000000000000000
  rsi=0x0000000000000000 rdi=0x0000000000001e6b flags=0b000000000110
  xmm0=0x00003a4900003a490000e54f0000e54f xmm1=0x00000b7500000b750000e2f80000e2f8 
  xmm2=0x000059aa000059aa000094fb000094fb xmm3=0x0000c6660000c6660000cf530000cf53 
  xmm4=0x000004b2000004b200005f1500005f15 xmm5=0x00009b4b00009b4b0000318500003185 
  xmm6=0x0000242b0000242b00006d5a00006d5a xmm7=0x0000ad080000ad080000afba0000afba 

0x3139: and rdx, 0b1111111111111
  rax=0x000000000a6c952e rbx=0x1b000080c8001e91 rcx=0x00000000c8001e91 rdx=0x0000000000000000
  rsi=0x0000000000000000 rdi=0x0000000000001e6b flags=0b000000000110
  xmm0=0x00003a4900003a490000e54f0000e54f xmm1=0x00000b7500000b750000e2f80000e2f8 
  xmm2=0x000059aa000059aa000094fb000094fb xmm3=0x0000c6660000c6660000cf530000cf53 
  xmm4=0x000004b2000004b200005f1500005f15 xmm5=0x00009b4b00009b4b0000318500003185 
  xmm6=0x0000242b0000242b00006d5a00006d5a xmm7=0x0000ad080000ad080000afba0000afba 

0x3140: cmovnp rbx, [r14 +rdx]
  rax=0x000000000a6c952e rbx=0x1b000080c8001e91 rcx=0x00000000c8001e91 rdx=0x0000000000000000
  rsi=0x0000000000000000 rdi=0x0000000000001e6b flags=0b000001000110
  xmm0=0x00003a4900003a490000e54f0000e54f xmm1=0x00000b7500000b750000e2f80000e2f8 
  xmm2=0x000059aa000059aa000094fb000094fb xmm3=0x0000c6660000c6660000cf530000cf53 
  xmm4=0x000004b2000004b200005f1500005f15 xmm5=0x00009b4b00009b4b0000318500003185 
  xmm6=0x0000242b0000242b00006d5a00006d5a xmm7=0x0000ad080000ad080000afba0000afba 

    > load from +0x4000 value 0x4b7600004b77
0x3145: and rsi, 0b1111111111111
  rax=0x000000000a6c952e rbx=0x1b000080c8001e91 rcx=0x00000000c8001e91 rdx=0x0000000000000000
  rsi=0x0000000000000000 rdi=0x0000000000001e6b flags=0b000001000110
  xmm0=0x00003a4900003a490000e54f0000e54f xmm1=0x00000b7500000b750000e2f80000e2f8 
  xmm2=0x000059aa000059aa000094fb000094fb xmm3=0x0000c6660000c6660000cf530000cf53 
  xmm4=0x000004b2000004b200005f1500005f15 xmm5=0x00009b4b00009b4b0000318500003185 
  xmm6=0x0000242b0000242b00006d5a00006d5a xmm7=0x0000ad080000ad080000afba0000afba 

0x314c: mov cl, [r14 +rsi]
  rax=0x000000000a6c952e rbx=0x1b000080c8001e91 rcx=0x00000000c8001e91 rdx=0x0000000000000000
  rsi=0x0000000000000000 rdi=0x0000000000001e6b flags=0b000001000110
  xmm0=0x00003a4900003a490000e54f0000e54f xmm1=0x00000b7500000b750000e2f80000e2f8 
  xmm2=0x000059aa000059aa000094fb000094fb xmm3=0x0000c6660000c6660000cf530000cf53 
  xmm4=0x000004b2000004b200005f1500005f15 xmm5=0x00009b4b00009b4b0000318500003185 
  xmm6=0x0000242b0000242b00006d5a00006d5a xmm7=0x0000ad080000ad080000afba0000afba 

    > load from +0x4000 value 0x77
0x3150: and rsi, 0b1111111111111
  rax=0x000000000a6c952e rbx=0x1b000080c8001e91 rcx=0x00000000c8001e77 rdx=0x0000000000000000
  rsi=0x0000000000000000 rdi=0x0000000000001e6b flags=0b000001000110
  xmm0=0x00003a4900003a490000e54f0000e54f xmm1=0x00000b7500000b750000e2f80000e2f8 
  xmm2=0x000059aa000059aa000094fb000094fb xmm3=0x0000c6660000c6660000cf530000cf53 
  xmm4=0x000004b2000004b200005f1500005f15 xmm5=0x00009b4b00009b4b0000318500003185 
  xmm6=0x0000242b0000242b00006d5a00006d5a xmm7=0x0000ad080000ad080000afba0000afba 

0x3157: imul [r14 +rsi]
  rax=0x000000000a6c952e rbx=0x1b000080c8001e91 rcx=0x00000000c8001e77 rdx=0x0000000000000000
  rsi=0x0000000000000000 rdi=0x0000000000001e6b flags=0b000001000110
  xmm0=0x00003a4900003a490000e54f0000e54f xmm1=0x00000b7500000b750000e2f80000e2f8 
  xmm2=0x000059aa000059aa000094fb000094fb xmm3=0x0000c6660000c6660000cf530000cf53 
  xmm4=0x000004b2000004b200005f1500005f15 xmm5=0x00009b4b00009b4b0000318500003185 
  xmm6=0x0000242b0000242b00006d5a00006d5a xmm7=0x0000ad080000ad080000afba0000afba 

    > load from +0x4000 value 0x77
0x315b: and rcx, 0b1111111111111
  rax=0x000000000a6c1562 rbx=0x1b000080c8001e91 rcx=0x00000000c8001e77 rdx=0x0000000000000000
  rsi=0x0000000000000000 rdi=0x0000000000001e6b flags=0b100000000011
  xmm0=0x00003a4900003a490000e54f0000e54f xmm1=0x00000b7500000b750000e2f80000e2f8 
  xmm2=0x000059aa000059aa000094fb000094fb xmm3=0x0000c6660000c6660000cf530000cf53 
  xmm4=0x000004b2000004b200005f1500005f15 xmm5=0x00009b4b00009b4b0000318500003185 
  xmm6=0x0000242b0000242b00006d5a00006d5a xmm7=0x0000ad080000ad080000afba0000afba 

0x3162: cmp [r14 +rcx], rax
  rax=0x000000000a6c1562 rbx=0x1b000080c8001e91 rcx=0x0000000000001e77 rdx=0x0000000000000000
  rsi=0x0000000000000000 rdi=0x0000000000001e6b flags=0b000000000110
  xmm0=0x00003a4900003a490000e54f0000e54f xmm1=0x00000b7500000b750000e2f80000e2f8 
  xmm2=0x000059aa000059aa000094fb000094fb xmm3=0x0000c6660000c6660000cf530000cf53 
  xmm4=0x000004b2000004b200005f1500005f15 xmm5=0x00009b4b00009b4b0000318500003185 
  xmm6=0x0000242b0000242b00006d5a00006d5a xmm7=0x0000ad080000ad080000afba0000afba 

    > load from +0x5e77 value 0x4ae600004ae600
0x3166: test dl, dil
  rax=0x000000000a6c1562 rbx=0x1b000080c8001e91 rcx=0x0000000000001e77 rdx=0x0000000000000000
  rsi=0x0000000000000000 rdi=0x0000000000001e6b flags=0b000000010010
  xmm0=0x00003a4900003a490000e54f0000e54f xmm1=0x00000b7500000b750000e2f80000e2f8 
  xmm2=0x000059aa000059aa000094fb000094fb xmm3=0x0000c6660000c6660000cf530000cf53 
  xmm4=0x000004b2000004b200005f1500005f15 xmm5=0x00009b4b00009b4b0000318500003185 
  xmm6=0x0000242b0000242b00006d5a00006d5a xmm7=0x0000ad080000ad080000afba0000afba 

0x3169: neg bx
  rax=0x000000000a6c1562 rbx=0x1b000080c8001e91 rcx=0x0000000000001e77 rdx=0x0000000000000000
  rsi=0x0000000000000000 rdi=0x0000000000001e6b flags=0b000001000110
  xmm0=0x00003a4900003a490000e54f0000e54f xmm1=0x00000b7500000b750000e2f80000e2f8 
  xmm2=0x000059aa000059aa000094fb000094fb xmm3=0x0000c6660000c6660000cf530000cf53 
  xmm4=0x000004b2000004b200005f1500005f15 xmm5=0x00009b4b00009b4b0000318500003185 
  xmm6=0x0000242b0000242b00006d5a00006d5a xmm7=0x0000ad080000ad080000afba0000afba 

0x316c: macro .switch, .main.function_main_1
  rax=0x000000000a6c1562 rbx=0x1b000080c800e16f rcx=0x0000000000001e77 rdx=0x0000000000000000
  rsi=0x0000000000000000 rdi=0x0000000000001e6b flags=0b000010010111
  xmm0=0x00003a4900003a490000e54f0000e54f xmm1=0x00000b7500000b750000e2f80000e2f8 
  xmm2=0x000059aa000059aa000094fb000094fb xmm3=0x0000c6660000c6660000cf530000cf53 
  xmm4=0x000004b2000004b200005f1500005f15 xmm5=0x00009b4b00009b4b0000318500003185 
  xmm6=0x0000242b0000242b00006d5a00006d5a xmm7=0x0000ad080000ad080000afba0000afba 

0x8 : add dil, -34
  rax=0x000000000a6c1562 rbx=0x1b000080c800e16f rcx=0x0000000000001e77 rdx=0x0000000000000000
  rsi=0x0000000000000000 rdi=0x0000000000001e6b flags=0b000010010111
  xmm0=0x00003a4900003a490000e54f0000e54f xmm1=0x00000b7500000b750000e2f80000e2f8 
  xmm2=0x000059aa000059aa000094fb000094fb xmm3=0x0000c6660000c6660000cf530000cf53 
  xmm4=0x000004b2000004b200005f1500005f15 xmm5=0x00009b4b00009b4b0000318500003185 
  xmm6=0x0000242b0000242b00006d5a00006d5a xmm7=0x0000ad080000ad080000afba0000afba 

0xc : and rbx, 0b1111111111111
  rax=0x000000000a6c1562 rbx=0x1b000080c800e16f rcx=0x0000000000001e77 rdx=0x0000000000000000
  rsi=0x0000000000000000 rdi=0x0000000000001e49 flags=0b000000010011
  xmm0=0x00003a4900003a490000e54f0000e54f xmm1=0x00000b7500000b750000e2f80000e2f8 
  xmm2=0x000059aa000059aa000094fb000094fb xmm3=0x0000c6660000c6660000cf530000cf53 
  xmm4=0x000004b2000004b200005f1500005f15 xmm5=0x00009b4b00009b4b0000318500003185 
  xmm6=0x0000242b0000242b00006d5a00006d5a xmm7=0x0000ad080000ad080000afba0000afba 

0x13: cmovnle rsi, [r14 +rbx]
  rax=0x000000000a6c1562 rbx=0x000000000000016f rcx=0x0000000000001e77 rdx=0x0000000000000000
  rsi=0x0000000000000000 rdi=0x0000000000001e49 flags=0b000000000110
  xmm0=0x00003a4900003a490000e54f0000e54f xmm1=0x00000b7500000b750000e2f80000e2f8 
  xmm2=0x000059aa000059aa000094fb000094fb xmm3=0x0000c6660000c6660000cf530000cf53 
  xmm4=0x000004b2000004b200005f1500005f15 xmm5=0x00009b4b00009b4b0000318500003185 
  xmm6=0x0000242b0000242b00006d5a00006d5a xmm7=0x0000ad080000ad080000afba0000afba 

    > load from +0x16f value 0xa30b0000a30b00
0x18: setnp dil
  rax=0x000000000a6c1562 rbx=0x000000000000016f rcx=0x0000000000001e77 rdx=0x0000000000000000
  rsi=0x00a30b0000a30b00 rdi=0x0000000000001e49 flags=0b000000000110
  xmm0=0x00003a4900003a490000e54f0000e54f xmm1=0x00000b7500000b750000e2f80000e2f8 
  xmm2=0x000059aa000059aa000094fb000094fb xmm3=0x0000c6660000c6660000cf530000cf53 
  xmm4=0x000004b2000004b200005f1500005f15 xmm5=0x00009b4b00009b4b0000318500003185 
  xmm6=0x0000242b0000242b00006d5a00006d5a xmm7=0x0000ad080000ad080000afba0000afba 

0x1c: and rax, 0b1111111111111
  rax=0x000000000a6c1562 rbx=0x000000000000016f rcx=0x0000000000001e77 rdx=0x0000000000000000
  rsi=0x00a30b0000a30b00 rdi=0x0000000000001e00 flags=0b000000000110
  xmm0=0x00003a4900003a490000e54f0000e54f xmm1=0x00000b7500000b750000e2f80000e2f8 
  xmm2=0x000059aa000059aa000094fb000094fb xmm3=0x0000c6660000c6660000cf530000cf53 
  xmm4=0x000004b2000004b200005f1500005f15 xmm5=0x00009b4b00009b4b0000318500003185 
  xmm6=0x0000242b0000242b00006d5a00006d5a xmm7=0x0000ad080000ad080000afba0000afba 

0x22: cmovno rbx, [r14 +rax]
  rax=0x0000000000001562 rbx=0x000000000000016f rcx=0x0000000000001e77 rdx=0x0000000000000000
  rsi=0x00a30b0000a30b00 rdi=0x0000000000001e00 flags=0b000000000010
  xmm0=0x00003a4900003a490000e54f0000e54f xmm1=0x00000b7500000b750000e2f80000e2f8 
  xmm2=0x000059aa000059aa000094fb000094fb xmm3=0x0000c6660000c6660000cf530000cf53 
  xmm4=0x000004b2000004b200005f1500005f15 xmm5=0x00009b4b00009b4b0000318500003185 
  xmm6=0x0000242b0000242b00006d5a00006d5a xmm7=0x0000ad080000ad080000afba0000afba 

    > load from +0x1562 value 0x7d45000073c10000
0x27: and al, al
  rax=0x0000000000001562 rbx=0x7d45000073c10000 rcx=0x0000000000001e77 rdx=0x0000000000000000
  rsi=0x00a30b0000a30b00 rdi=0x0000000000001e00 flags=0b000000000010
  xmm0=0x00003a4900003a490000e54f0000e54f xmm1=0x00000b7500000b750000e2f80000e2f8 
  xmm2=0x000059aa000059aa000094fb000094fb xmm3=0x0000c6660000c6660000cf530000cf53 
  xmm4=0x000004b2000004b200005f1500005f15 xmm5=0x00009b4b00009b4b0000318500003185 
  xmm6=0x0000242b0000242b00006d5a00006d5a xmm7=0x0000ad080000ad080000afba0000afba 

0x29: and rbx, 0b1111111111111
  rax=0x0000000000001562 rbx=0x7d45000073c10000 rcx=0x0000000000001e77 rdx=0x0000000000000000
  rsi=0x00a30b0000a30b00 rdi=0x0000000000001e00 flags=0b000000000010
  xmm0=0x00003a4900003a490000e54f0000e54f xmm1=0x00000b7500000b750000e2f80000e2f8 
  xmm2=0x000059aa000059aa000094fb000094fb xmm3=0x0000c6660000c6660000cf530000cf53 
  xmm4=0x000004b2000004b200005f1500005f15 xmm5=0x00009b4b00009b4b0000318500003185 
  xmm6=0x0000242b0000242b00006d5a00006d5a xmm7=0x0000ad080000ad080000afba0000afba 

0x30: xor edi, [r14 +rbx]
  rax=0x0000000000001562 rbx=0x0000000000000000 rcx=0x0000000000001e77 rdx=0x0000000000000000
  rsi=0x00a30b0000a30b00 rdi=0x0000000000001e00 flags=0b000001000110
  xmm0=0x00003a4900003a490000e54f0000e54f xmm1=0x00000b7500000b750000e2f80000e2f8 
  xmm2=0x000059aa000059aa000094fb000094fb xmm3=0x0000c6660000c6660000cf530000cf53 
  xmm4=0x000004b2000004b200005f1500005f15 xmm5=0x00009b4b00009b4b0000318500003185 
  xmm6=0x0000242b0000242b00006d5a00006d5a xmm7=0x0000ad080000ad080000afba0000afba 

    > load from +0x0 value 0x33e8
0x34: and rbx, 0b1111111111111
  rax=0x0000000000001562 rbx=0x0000000000000000 rcx=0x0000000000001e77 rdx=0x0000000000000000
  rsi=0x00a30b0000a30b00 rdi=0x0000000000002de8 flags=0b000000000110
  xmm0=0x00003a4900003a490000e54f0000e54f xmm1=0x00000b7500000b750000e2f80000e2f8 
  xmm2=0x000059aa000059aa000094fb000094fb xmm3=0x0000c6660000c6660000cf530000cf53 
  xmm4=0x000004b2000004b200005f1500005f15 xmm5=0x00009b4b00009b4b0000318500003185 
  xmm6=0x0000242b0000242b00006d5a00006d5a xmm7=0x0000ad080000ad080000afba0000afba 

0x3b: cmp [r14 +rbx], 96
  rax=0x0000000000001562 rbx=0x0000000000000000 rcx=0x0000000000001e77 rdx=0x0000000000000000
  rsi=0x00a30b0000a30b00 rdi=0x0000000000002de8 flags=0b000001000110
  xmm0=0x00003a4900003a490000e54f0000e54f xmm1=0x00000b7500000b750000e2f80000e2f8 
  xmm2=0x000059aa000059aa000094fb000094fb xmm3=0x0000c6660000c6660000cf530000cf53 
  xmm4=0x000004b2000004b200005f1500005f15 xmm5=0x00009b4b00009b4b0000318500003185 
  xmm6=0x0000242b0000242b00006d5a00006d5a xmm7=0x0000ad080000ad080000afba0000afba 

    > load from +0x0 value 0x33e8
0x41: and rsi, 0b1111111111111
  rax=0x0000000000001562 rbx=0x0000000000000000 rcx=0x0000000000001e77 rdx=0x0000000000000000
  rsi=0x00a30b0000a30b00 rdi=0x0000000000002de8 flags=0b000000000110
  xmm0=0x00003a4900003a490000e54f0000e54f xmm1=0x00000b7500000b750000e2f80000e2f8 
  xmm2=0x000059aa000059aa000094fb000094fb xmm3=0x0000c6660000c6660000cf530000cf53 
  xmm4=0x000004b2000004b200005f1500005f15 xmm5=0x00009b4b00009b4b0000318500003185 
  xmm6=0x0000242b0000242b00006d5a00006d5a xmm7=0x0000ad080000ad080000afba0000afba 

0x48: or [r14 +rsi], 0b1000000000000000
  rax=0x0000000000001562 rbx=0x0000000000000000 rcx=0x0000000000001e77 rdx=0x0000000000000000
  rsi=0x0000000000000b00 rdi=0x0000000000002de8 flags=0b000000000110
  xmm0=0x00003a4900003a490000e54f0000e54f xmm1=0x00000b7500000b750000e2f80000e2f8 
  xmm2=0x000059aa000059aa000094fb000094fb xmm3=0x0000c6660000c6660000cf530000cf53 
  xmm4=0x000004b2000004b200005f1500005f15 xmm5=0x00009b4b00009b4b0000318500003185 
  xmm6=0x0000242b0000242b00006d5a00006d5a xmm7=0x0000ad080000ad080000afba0000afba 

    > load from +0xb00 value 0x713e
    > store to +0xb00 value 0xf13e
0x4f: bsr dx, [r14 +rsi]
  rax=0x0000000000001562 rbx=0x0000000000000000 rcx=0x0000000000001e77 rdx=0x0000000000000000
  rsi=0x0000000000000b00 rdi=0x0000000000002de8 flags=0b000010000010
  xmm0=0x00003a4900003a490000e54f0000e54f xmm1=0x00000b7500000b750000e2f80000e2f8 
  xmm2=0x000059aa000059aa000094fb000094fb xmm3=0x0000c6660000c6660000cf530000cf53 
  xmm4=0x000004b2000004b200005f1500005f15 xmm5=0x00009b4b00009b4b0000318500003185 
  xmm6=0x0000242b0000242b00006d5a00006d5a xmm7=0x0000ad080000ad080000afba0000afba 

    > load from +0xb00 value 0xf13e
0x55: cmp di, si
  rax=0x0000000000001562 rbx=0x0000000000000000 rcx=0x0000000000001e77 rdx=0x000000000000000f
  rsi=0x0000000000000b00 rdi=0x0000000000002de8 flags=0b000010000010
  xmm0=0x00003a4900003a490000e54f0000e54f xmm1=0x00000b7500000b750000e2f80000e2f8 
  xmm2=0x000059aa000059aa000094fb000094fb xmm3=0x0000c6660000c6660000cf530000cf53 
  xmm4=0x000004b2000004b200005f1500005f15 xmm5=0x00009b4b00009b4b0000318500003185 
  xmm6=0x0000242b0000242b00006d5a00006d5a xmm7=0x0000ad080000ad080000afba0000afba 

0x58: and rdi, 0b1111111111111
  rax=0x0000000000001562 rbx=0x0000000000000000 rcx=0x0000000000001e77 rdx=0x000000000000000f
  rsi=0x0000000000000b00 rdi=0x0000000000002de8 flags=0b000000000110
  xmm0=0x00003a4900003a490000e54f0000e54f xmm1=0x00000b7500000b750000e2f80000e2f8 
  xmm2=0x000059aa000059aa000094fb000094fb xmm3=0x0000c6660000c6660000cf530000cf53 
  xmm4=0x000004b2000004b200005f1500005f15 xmm5=0x00009b4b00009b4b0000318500003185 
  xmm6=0x0000242b0000242b00006d5a00006d5a xmm7=0x0000ad080000ad080000afba0000afba 

0x5f: adc rdx, [r14 +rdi]
  rax=0x0000000000001562 rbx=0x0000000000000000 rcx=0x0000000000001e77 rdx=0x000000000000000f
  rsi=0x0000000000000b00 rdi=0x0000000000000de8 flags=0b000000000110
  xmm0=0x00003a4900003a490000e54f0000e54f xmm1=0x00000b7500000b750000e2f80000e2f8 
  xmm2=0x000059aa000059aa000094fb000094fb xmm3=0x0000c6660000c6660000cf530000cf53 
  xmm4=0x000004b2000004b200005f1500005f15 xmm5=0x00009b4b00009b4b0000318500003185 
  xmm6=0x0000242b0000242b00006d5a00006d5a xmm7=0x0000ad080000ad080000afba0000afba 

    > load from +0xde8 value 0xfd850000fd85
0x63: and rdx, 0b1111111111111
  rax=0x0000000000001562 rbx=0x0000000000000000 rcx=0x0000000000001e77 rdx=0x0000fd850000fd94
  rsi=0x0000000000000b00 rdi=0x0000000000000de8 flags=0b000000010010
  xmm0=0x00003a4900003a490000e54f0000e54f xmm1=0x00000b7500000b750000e2f80000e2f8 
  xmm2=0x000059aa000059aa000094fb000094fb xmm3=0x0000c6660000c6660000cf530000cf53 
  xmm4=0x000004b2000004b200005f1500005f15 xmm5=0x00009b4b00009b4b0000318500003185 
  xmm6=0x0000242b0000242b00006d5a00006d5a xmm7=0x0000ad080000ad080000afba0000afba 

0x6a: cmovz eax, [r14 +rdx]
  rax=0x0000000000001562 rbx=0x0000000000000000 rcx=0x0000000000001e77 rdx=0x0000000000001d94
  rsi=0x0000000000000b00 rdi=0x0000000000000de8 flags=0b000000000010
  xmm0=0x00003a4900003a490000e54f0000e54f xmm1=0x00000b7500000b750000e2f80000e2f8 
  xmm2=0x000059aa000059aa000094fb000094fb xmm3=0x0000c6660000c6660000cf530000cf53 
  xmm4=0x000004b2000004b200005f1500005f15 xmm5=0x00009b4b00009b4b0000318500003185 
  xmm6=0x0000242b0000242b00006d5a00006d5a xmm7=0x0000ad080000ad080000afba0000afba 

    > load from +0x1d94 value 0x7b1d
0x6f: movsx dx, dl
  rax=0x0000000000001562 rbx=0x0000000000000000 rcx=0x0000000000001e77 rdx=0x0000000000001d94
  rsi=0x0000000000000b00 rdi=0x0000000000000de8 flags=0b000000000010
  xmm0=0x00003a4900003a490000e54f0000e54f xmm1=0x00000b7500000b750000e2f80000e2f8 
  xmm2=0x000059aa000059aa000094fb000094fb xmm3=0x0000c6660000c6660000cf530000cf53 
  xmm4=0x000004b2000004b200005f1500005f15 xmm5=0x00009b4b00009b4b0000318500003185 
  xmm6=0x0000242b0000242b00006d5a00006d5a xmm7=0x0000ad080000ad080000afba0000afba 

0x73: and rdx, 0b1111111111111
  rax=0x0000000000001562 rbx=0x0000000000000000 rcx=0x0000000000001e77 rdx=0x000000000000ff94
  rsi=0x0000000000000b00 rdi=0x0000000000000de8 flags=0b000000000010
  xmm0=0x00003a4900003a490000e54f0000e54f xmm1=0x00000b7500000b750000e2f80000e2f8 
  xmm2=0x000059aa000059aa000094fb000094fb xmm3=0x0000c6660000c6660000cf530000cf53 
  xmm4=0x000004b2000004b200005f1500005f15 xmm5=0x00009b4b00009b4b0000318500003185 
  xmm6=0x0000242b0000242b00006d5a00006d5a xmm7=0x0000ad080000ad080000afba0000afba 

0x7a: cmovz ecx, [r14 +rdx]
  rax=0x0000000000001562 rbx=0x0000000000000000 rcx=0x0000000000001e77 rdx=0x0000000000001f94
  rsi=0x0000000000000b00 rdi=0x0000000000000de8 flags=0b000000000010
  xmm0=0x00003a4900003a490000e54f0000e54f xmm1=0x00000b7500000b750000e2f80000e2f8 
  xmm2=0x000059aa000059aa000094fb000094fb xmm3=0x0000c6660000c6660000cf530000cf53 
  xmm4=0x000004b2000004b200005f1500005f15 xmm5=0x00009b4b00009b4b0000318500003185 
  xmm6=0x0000242b0000242b00006d5a00006d5a xmm7=0x0000ad080000ad080000afba0000afba 

    > load from +0x1f94 value 0x2747
0x7f: and rax, 0b1111111111111
  rax=0x0000000000001562 rbx=0x0000000000000000 rcx=0x0000000000001e77 rdx=0x0000000000001f94
  rsi=0x0000000000000b00 rdi=0x0000000000000de8 flags=0b000000000010
  xmm0=0x00003a4900003a490000e54f0000e54f xmm1=0x00000b7500000b750000e2f80000e2f8 
  xmm2=0x000059aa000059aa000094fb000094fb xmm3=0x0000c6660000c6660000cf530000cf53 
  xmm4=0x000004b2000004b200005f1500005f15 xmm5=0x00009b4b00009b4b0000318500003185 
  xmm6=0x0000242b0000242b00006d5a00006d5a xmm7=0x0000ad080000ad080000afba0000afba 

0x85: and rsi, 0b1111111111111
  rax=0x0000000000001562 rbx=0x0000000000000000 rcx=0x0000000000001e77 rdx=0x0000000000001f94
  rsi=0x0000000000000b00 rdi=0x0000000000000de8 flags=0b000000000010
  xmm0=0x00003a4900003a490000e54f0000e54f xmm1=0x00000b7500000b750000e2f80000e2f8 
  xmm2=0x000059aa000059aa000094fb000094fb xmm3=0x0000c6660000c6660000cf530000cf53 
  xmm4=0x000004b2000004b200005f1500005f15 xmm5=0x00009b4b00009b4b0000318500003185 
  xmm6=0x0000242b0000242b00006d5a00006d5a xmm7=0x0000ad080000ad080000afba0000afba 

0x8c: imul [r14 +rsi]
  rax=0x0000000000001562 rbx=0x0000000000000000 rcx=0x0000000000001e77 rdx=0x0000000000001f94
  rsi=0x0000000000000b00 rdi=0x0000000000000de8 flags=0b000000000110
  xmm0=0x00003a4900003a490000e54f0000e54f xmm1=0x00000b7500000b750000e2f80000e2f8 
  xmm2=0x000059aa000059aa000094fb000094fb xmm3=0x0000c6660000c6660000cf530000cf53 
  xmm4=0x000004b2000004b200005f1500005f15 xmm5=0x00009b4b00009b4b0000318500003185 
  xmm6=0x0000242b0000242b00006d5a00006d5a xmm7=0x0000ad080000ad080000afba0000afba 

    > load from +0xb00 value 0x3e
0x90: and rdx, 0b1111111111111
  rax=0x00000000000017bc rbx=0x0000000000000000 rcx=0x0000000000001e77 rdx=0x0000000000001f94
  rsi=0x0000000000000b00 rdi=0x0000000000000de8 flags=0b100010000011
  xmm0=0x00003a4900003a490000e54f0000e54f xmm1=0x00000b7500000b750000e2f80000e2f8 
  xmm2=0x000059aa000059aa000094fb000094fb xmm3=0x0000c6660000c6660000cf530000cf53 
  xmm4=0x000004b2000004b200005f1500005f15 xmm5=0x00009b4b00009b4b0000318500003185 
  xmm6=0x0000242b0000242b00006d5a00006d5a xmm7=0x0000ad080000ad080000afba0000afba 

0x97: imul si, [r14 +rdx]
  rax=0x00000000000017bc rbx=0x0000000000000000 rcx=0x0000000000001e77 rdx=0x0000000000001f94
  rsi=0x0000000000000b00 rdi=0x0000000000000de8 flags=0b000000000010
  xmm0=0x00003a4900003a490000e54f0000e54f xmm1=0x00000b7500000b750000e2f80000e2f8 
  xmm2=0x000059aa000059aa000094fb000094fb xmm3=0x0000c6660000c6660000cf530000cf53 
  xmm4=0x000004b2000004b200005f1500005f15 xmm5=0x00009b4b00009b4b0000318500003185 
  xmm6=0x0000242b0000242b00006d5a00006d5a xmm7=0x0000ad080000ad080000afba0000afba 

    > load from +0x1f94 value 0x2747
0x9d: and rcx, 0b1111111111111
  rax=0x00000000000017bc rbx=0x0000000000000000 rcx=0x0000000000001e77 rdx=0x0000000000001f94
  rsi=0x0000000000000d00 rdi=0x0000000000000de8 flags=0b100000000111
  xmm0=0x00003a4900003a490000e54f0000e54f xmm1=0x00000b7500000b750000e2f80000e2f8 
  xmm2=0x000059aa000059aa000094fb000094fb xmm3=0x0000c6660000c6660000cf530000cf53 
  xmm4=0x000004b2000004b200005f1500005f15 xmm5=0x00009b4b00009b4b0000318500003185 
  xmm6=0x0000242b0000242b00006d5a00006d5a xmm7=0x0000ad080000ad080000afba0000afba 

0xa4: cmovo ebx, [r14 +rcx]
  rax=0x00000000000017bc rbx=0x0000000000000000 rcx=0x0000000000001e77 rdx=0x0000000000001f94
  rsi=0x0000000000000d00 rdi=0x0000000000000de8 flags=0b000000000110
  xmm0=0x00003a4900003a490000e54f0000e54f xmm1=0x00000b7500000b750000e2f80000e2f8 
  xmm2=0x000059aa000059aa000094fb000094fb xmm3=0x0000c6660000c6660000cf530000cf53 
  xmm4=0x000004b2000004b200005f1500005f15 xmm5=0x00009b4b00009b4b0000318500003185 
  xmm6=0x0000242b0000242b00006d5a00006d5a xmm7=0x0000ad080000ad080000afba0000afba 

    > load from +0x1e77 value 0xa7a600
0xa9: and rcx, 0b1111111111111
  rax=0x00000000000017bc rbx=0x0000000000000000 rcx=0x0000000000001e77 rdx=0x0000000000001f94
  rsi=0x0000000000000d00 rdi=0x0000000000000de8 flags=0b000000000110
  xmm0=0x00003a4900003a490000e54f0000e54f xmm1=0x00000b7500000b750000e2f80000e2f8 
  xmm2=0x000059aa000059aa000094fb000094fb xmm3=0x0000c6660000c6660000cf530000cf53 
  xmm4=0x000004b2000004b200005f1500005f15 xmm5=0x00009b4b00009b4b0000318500003185 
  xmm6=0x0000242b0000242b00006d5a00006d5a xmm7=0x0000ad080000ad080000afba0000afba 

0xb0: cmp [r14 +rcx], -75
  rax=0x00000000000017bc rbx=0x0000000000000000 rcx=0x0000000000001e77 rdx=0x0000000000001f94
  rsi=0x0000000000000d00 rdi=0x0000000000000de8 flags=0b000000000110
  xmm0=0x00003a4900003a490000e54f0000e54f xmm1=0x00000b7500000b750000e2f80000e2f8 
  xmm2=0x000059aa000059aa000094fb000094fb xmm3=0x0000c6660000c6660000cf530000cf53 
  xmm4=0x000004b2000004b200005f1500005f15 xmm5=0x00009b4b00009b4b0000318500003185 
  xmm6=0x0000242b0000242b00006d5a00006d5a xmm7=0x0000ad080000ad080000afba0000afba 

    > load from +0x1e77 value 0xa600
0xb6: setb cl
  rax=0x00000000000017bc rbx=0x0000000000000000 rcx=0x0000000000001e77 rdx=0x0000000000001f94
  rsi=0x0000000000000d00 rdi=0x0000000000000de8 flags=0b000010010111
  xmm0=0x00003a4900003a490000e54f0000e54f xmm1=0x00000b7500000b750000e2f80000e2f8 
  xmm2=0x000059aa000059aa000094fb000094fb xmm3=0x0000c6660000c6660000cf530000cf53 
  xmm4=0x000004b2000004b200005f1500005f15 xmm5=0x00009b4b00009b4b0000318500003185 
  xmm6=0x0000242b0000242b00006d5a00006d5a xmm7=0x0000ad080000ad080000afba0000afba 

0xb9: and rbx, 0b1111111111111
  rax=0x00000000000017bc rbx=0x0000000000000000 rcx=0x0000000000001e01 rdx=0x0000000000001f94
  rsi=0x0000000000000d00 rdi=0x0000000000000de8 flags=0b000010010111
  xmm0=0x00003a4900003a490000e54f0000e54f xmm1=0x00000b7500000b750000e2f80000e2f8 
  xmm2=0x000059aa000059aa000094fb000094fb xmm3=0x0000c6660000c6660000cf530000cf53 
  xmm4=0x000004b2000004b200005f1500005f15 xmm5=0x00009b4b00009b4b0000318500003185 
  xmm6=0x0000242b0000242b00006d5a00006d5a xmm7=0x0000ad080000ad080000afba0000afba 

0xc0: and si, 0b111
  rax=0x00000000000017bc rbx=0x0000000000000000 rcx=0x0000000000001e01 rdx=0x0000000000001f94
  rsi=0x0000000000000d00 rdi=0x0000000000000de8 flags=0b000001000110
  xmm0=0x00003a4900003a490000e54f0000e54f xmm1=0x00000b7500000b750000e2f80000e2f8 
  xmm2=0x000059aa000059aa000094fb000094fb xmm3=0x0000c6660000c6660000cf530000cf53 
  xmm4=0x000004b2000004b200005f1500005f15 xmm5=0x00009b4b00009b4b0000318500003185 
  xmm6=0x0000242b0000242b00006d5a00006d5a xmm7=0x0000ad080000ad080000afba0000afba 

0xc4: bt [r14 +rbx], si
  rax=0x00000000000017bc rbx=0x0000000000000000 rcx=0x0000000000001e01 rdx=0x0000000000001f94
  rsi=0x0000000000000000 rdi=0x0000000000000de8 flags=0b000001000110
  xmm0=0x00003a4900003a490000e54f0000e54f xmm1=0x00000b7500000b750000e2f80000e2f8 
  xmm2=0x000059aa000059aa000094fb000094fb xmm3=0x0000c6660000c6660000cf530000cf53 
  xmm4=0x000004b2000004b200005f1500005f15 xmm5=0x00009b4b00009b4b0000318500003185 
  xmm6=0x0000242b0000242b00006d5a00006d5a xmm7=0x0000ad080000ad080000afba0000afba 

    > load from +0x0 value 0x33e8
0xca: add dil, 23
  rax=0x00000000000017bc rbx=0x0000000000000000 rcx=0x0000000000001e01 rdx=0x0000000000001f94
  rsi=0x0000000000000000 rdi=0x0000000000000de8 flags=0b000001000110
  xmm0=0x00003a4900003a490000e54f0000e54f xmm1=0x00000b7500000b750000e2f80000e2f8 
  xmm2=0x000059aa000059aa000094fb000094fb xmm3=0x0000c6660000c6660000cf530000cf53 
  xmm4=0x000004b2000004b200005f1500005f15 xmm5=0x00009b4b00009b4b0000318500003185 
  xmm6=0x0000242b0000242b00006d5a00006d5a xmm7=0x0000ad080000ad080000afba0000afba 

0xce: and rbx, 0b1111111111111
  rax=0x00000000000017bc rbx=0x0000000000000000 rcx=0x0000000000001e01 rdx=0x0000000000001f94
  rsi=0x0000000000000000 rdi=0x0000000000000dff flags=0b000010000110
  xmm0=0x00003a4900003a490000e54f0000e54f xmm1=0x00000b7500000b750000e2f80000e2f8 
  xmm2=0x000059aa000059aa000094fb000094fb xmm3=0x0000c6660000c6660000cf530000cf53 
  xmm4=0x000004b2000004b200005f1500005f15 xmm5=0x00009b4b00009b4b0000318500003185 
  xmm6=0x0000242b0000242b00006d5a00006d5a xmm7=0x0000ad080000ad080000afba0000afba 

0xd5: cmovnb rdx, [r14 +rbx]
  rax=0x00000000000017bc rbx=0x0000000000000000 rcx=0x0000000000001e01 rdx=0x0000000000001f94
  rsi=0x0000000000000000 rdi=0x0000000000000dff flags=0b000001000110
  xmm0=0x00003a4900003a490000e54f0000e54f xmm1=0x00000b7500000b750000e2f80000e2f8 
  xmm2=0x000059aa000059aa000094fb000094fb xmm3=0x0000c6660000c6660000cf530000cf53 
  xmm4=0x000004b2000004b200005f1500005f15 xmm5=0x00009b4b00009b4b0000318500003185 
  xmm6=0x0000242b0000242b00006d5a00006d5a xmm7=0x0000ad080000ad080000afba0000afba 

    > load from +0x0 value 0x33e8000033e8
0xda: cmovp di, ax
  rax=0x00000000000017bc rbx=0x0000000000000000 rcx=0x0000000000001e01 rdx=0x000033e8000033e8
  rsi=0x0000000000000000 rdi=0x0000000000000dff flags=0b000001000110
  xmm0=0x00003a4900003a490000e54f0000e54f xmm1=0x00000b7500000b750000e2f80000e2f8 
  xmm2=0x000059aa000059aa000094fb000094fb xmm3=0x0000c6660000c6660000cf530000cf53 
  xmm4=0x000004b2000004b200005f1500005f15 xmm5=0x00009b4b00009b4b0000318500003185 
  xmm6=0x0000242b0000242b00006d5a00006d5a xmm7=0x0000ad080000ad080000afba0000afba 

0xde: and rsi, 0b1111111111111
  rax=0x00000000000017bc rbx=0x0000000000000000 rcx=0x0000000000001e01 rdx=0x000033e8000033e8
  rsi=0x0000000000000000 rdi=0x00000000000017bc flags=0b000001000110
  xmm0=0x00003a4900003a490000e54f0000e54f xmm1=0x00000b7500000b750000e2f80000e2f8 
  xmm2=0x000059aa000059aa000094fb000094fb xmm3=0x0000c6660000c6660000cf530000cf53 
  xmm4=0x000004b2000004b200005f1500005f15 xmm5=0x00009b4b00009b4b0000318500003185 
  xmm6=0x0000242b0000242b00006d5a00006d5a xmm7=0x0000ad080000ad080000afba0000afba 

0xe5: xor bl, [r14 +rsi]
  rax=0x00000000000017bc rbx=0x0000000000000000 rcx=0x0000000000001e01 rdx=0x000033e8000033e8
  rsi=0x0000000000000000 rdi=0x00000000000017bc flags=0b000001000110
  xmm0=0x00003a4900003a490000e54f0000e54f xmm1=0x00000b7500000b750000e2f80000e2f8 
  xmm2=0x000059aa000059aa000094fb000094fb xmm3=0x0000c6660000c6660000cf530000cf53 
  xmm4=0x000004b2000004b200005f1500005f15 xmm5=0x00009b4b00009b4b0000318500003185 
  xmm6=0x0000242b0000242b00006d5a00006d5a xmm7=0x0000ad080000ad080000afba0000afba 

    > load from +0x0 value 0xe8
0xe9: bt bx, cx
  rax=0x00000000000017bc rbx=0x00000000000000e8 rcx=0x0000000000001e01 rdx=0x000033e8000033e8
  rsi=0x0000000000000000 rdi=0x00000000000017bc flags=0b000010000110
  xmm0=0x00003a4900003a490000e54f0000e54f xmm1=0x00000b7500000b750000e2f80000e2f8 
  xmm2=0x000059aa000059aa000094fb000094fb xmm3=0x0000c6660000c6660000cf530000cf53 
  xmm4=0x000004b2000004b200005f1500005f15 xmm5=0x00009b4b00009b4b0000318500003185 
  xmm6=0x0000242b0000242b00006d5a00006d5a xmm7=0x0000ad080000ad080000afba0000afba 

0xed: cmp eax, 461776737
  rax=0x00000000000017bc rbx=0x00000000000000e8 rcx=0x0000000000001e01 rdx=0x000033e8000033e8
  rsi=0x0000000000000000 rdi=0x00000000000017bc flags=0b100010000110
  xmm0=0x00003a4900003a490000e54f0000e54f xmm1=0x00000b7500000b750000e2f80000e2f8 
  xmm2=0x000059aa000059aa000094fb000094fb xmm3=0x0000c6660000c6660000cf530000cf53 
  xmm4=0x000004b2000004b200005f1500005f15 xmm5=0x00009b4b00009b4b0000318500003185 
  xmm6=0x0000242b0000242b00006d5a00006d5a xmm7=0x0000ad080000ad080000afba0000afba 

0xf2: bt dx, di
  rax=0x00000000000017bc rbx=0x00000000000000e8 rcx=0x0000000000001e01 rdx=0x000033e8000033e8
  rsi=0x0000000000000000 rdi=0x00000000000017bc flags=0b000010000011
  xmm0=0x00003a4900003a490000e54f0000e54f xmm1=0x00000b7500000b750000e2f80000e2f8 
  xmm2=0x000059aa000059aa000094fb000094fb xmm3=0x0000c6660000c6660000cf530000cf53 
  xmm4=0x000004b2000004b200005f1500005f15 xmm5=0x00009b4b00009b4b0000318500003185 
  xmm6=0x0000242b0000242b00006d5a00006d5a xmm7=0x0000ad080000ad080000afba0000afba 

0xf6: and rdi, 0b1111111111111
  rax=0x00000000000017bc rbx=0x00000000000000e8 rcx=0x0000000000001e01 rdx=0x000033e8000033e8
  rsi=0x0000000000000000 rdi=0x00000000000017bc flags=0b100010000011
  xmm0=0x00003a4900003a490000e54f0000e54f xmm1=0x00000b7500000b750000e2f80000e2f8 
  xmm2=0x000059aa000059aa000094fb000094fb xmm3=0x0000c6660000c6660000cf530000cf53 
  xmm4=0x000004b2000004b200005f1500005f15 xmm5=0x00009b4b00009b4b0000318500003185 
  xmm6=0x0000242b0000242b00006d5a00006d5a xmm7=0x0000ad080000ad080000afba0000afba 

0xfd: cmp rdi, [r14 +rdi]
  rax=0x00000000000017bc rbx=0x00000000000000e8 rcx=0x0000000000001e01 rdx=0x000033e8000033e8
  rsi=0x0000000000000000 rdi=0x00000000000017bc flags=0b000000000010
  xmm0=0x00003a4900003a490000e54f0000e54f xmm1=0x00000b7500000b750000e2f80000e2f8 
  xmm2=0x000059aa000059aa000094fb000094fb xmm3=0x0000c6660000c6660000cf530000cf53 
  xmm4=0x000004b2000004b200005f1500005f15 xmm5=0x00009b4b00009b4b0000318500003185 
  xmm6=0x0000242b0000242b00006d5a00006d5a xmm7=0x0000ad080000ad080000afba0000afba 

    > load from +0x17bc value 0x1a280000e2b7
0x101: and rcx, 0b1111111111111
  rax=0x00000000000017bc rbx=0x00000000000000e8 rcx=0x0000000000001e01 rdx=0x000033e8000033e8
  rsi=0x0000000000000000 rdi=0x00000000000017bc flags=0b000010000111
  xmm0=0x00003a4900003a490000e54f0000e54f xmm1=0x00000b7500000b750000e2f80000e2f8 
  xmm2=0x000059aa000059aa000094fb000094fb xmm3=0x0000c6660000c6660000cf530000cf53 
  xmm4=0x000004b2000004b200005f1500005f15 xmm5=0x00009b4b00009b4b0000318500003185 
  xmm6=0x0000242b0000242b00006d5a00006d5a xmm7=0x0000ad080000ad080000afba0000afba 

0x108: cmovl ebx, [r14 +rcx]
  rax=0x00000000000017bc rbx=0x00000000000000e8 rcx=0x0000000000001e01 rdx=0x000033e8000033e8
  rsi=0x0000000000000000 rdi=0x00000000000017bc flags=0b000000000010
  xmm0=0x00003a4900003a490000e54f0000e54f xmm1=0x00000b7500000b750000e2f80000e2f8 
  xmm2=0x000059aa000059aa000094fb000094fb xmm3=0x0000c6660000c6660000cf530000cf53 
  xmm4=0x000004b2000004b200005f1500005f15 xmm5=0x00009b4b00009b4b0000318500003185 
  xmm6=0x0000242b0000242b00006d5a00006d5a xmm7=0x0000ad080000ad080000afba0000afba 

    > load from +0x1e01 value 0xc9000010
0x10d: xadd esi, ebx
  rax=0x00000000000017bc rbx=0x00000000000000e8 rcx=0x0000000000001e01 rdx=0x000033e8000033e8
  rsi=0x0000000000000000 rdi=0x00000000000017bc flags=0b000000000010
  xmm0=0x00003a4900003a490000e54f0000e54f xmm1=0x00000b7500000b750000e2f80000e2f8 
  xmm2=0x000059aa000059aa000094fb000094fb xmm3=0x0000c6660000c6660000cf530000cf53 
  xmm4=0x000004b2000004b200005f1500005f15 xmm5=0x00009b4b00009b4b0000318500003185 
  xmm6=0x0000242b0000242b00006d5a00006d5a xmm7=0x0000ad080000ad080000afba0000afba 

0x110: and rbx, 0b1111111111111
  rax=0x00000000000017bc rbx=0x0000000000000000 rcx=0x0000000000001e01 rdx=0x000033e8000033e8
  rsi=0x00000000000000e8 rdi=0x00000000000017bc flags=0b000000000110
  xmm0=0x00003a4900003a490000e54f0000e54f xmm1=0x00000b7500000b750000e2f80000e2f8 
  xmm2=0x000059aa000059aa000094fb000094fb xmm3=0x0000c6660000c6660000cf530000cf53 
  xmm4=0x000004b2000004b200005f1500005f15 xmm5=0x00009b4b00009b4b0000318500003185 
  xmm6=0x0000242b0000242b00006d5a00006d5a xmm7=0x0000ad080000ad080000afba0000afba 

0x117: movzx rax, [r14 +rbx]
  rax=0x00000000000017bc rbx=0x0000000000000000 rcx=0x0000000000001e01 rdx=0x000033e8000033e8
  rsi=0x00000000000000e8 rdi=0x00000000000017bc flags=0b000001000110
  xmm0=0x00003a4900003a490000e54f0000e54f xmm1=0x00000b7500000b750000e2f80000e2f8 
  xmm2=0x000059aa000059aa000094fb000094fb xmm3=0x0000c6660000c6660000cf530000cf53 
  xmm4=0x000004b2000004b200005f1500005f15 xmm5=0x00009b4b00009b4b0000318500003185 
  xmm6=0x0000242b0000242b00006d5a00006d5a xmm7=0x0000ad080000ad080000afba0000afba 

    > load from +0x0 value 0xe8
0x11c: and rbx, 0b1111111111111
  rax=0x00000000000000e8 rbx=0x0000000000000000 rcx=0x0000000000001e01 rdx=0x000033e8000033e8
  rsi=0x00000000000000e8 rdi=0x00000000000017bc flags=0b000001000110
  xmm0=0x00003a4900003a490000e54f0000e54f xmm1=0x00000b7500000b750000e2f80000e2f8 
  xmm2=0x000059aa000059aa000094fb000094fb xmm3=0x0000c6660000c6660000cf530000cf53 
  xmm4=0x000004b2000004b200005f1500005f15 xmm5=0x00009b4b00009b4b0000318500003185 
  xmm6=0x0000242b0000242b00006d5a00006d5a xmm7=0x0000ad080000ad080000afba0000afba 

0x123: cmp [r14 +rbx], sil
  rax=0x00000000000000e8 rbx=0x0000000000000000 rcx=0x0000000000001e01 rdx=0x000033e8000033e8
  rsi=0x00000000000000e8 rdi=0x00000000000017bc flags=0b000001000110
  xmm0=0x00003a4900003a490000e54f0000e54f xmm1=0x00000b7500000b750000e2f80000e2f8 
  xmm2=0x000059aa000059aa000094fb000094fb xmm3=0x0000c6660000c6660000cf530000cf53 
  xmm4=0x000004b2000004b200005f1500005f15 xmm5=0x00009b4b00009b4b0000318500003185 
  xmm6=0x0000242b0000242b00006d5a00006d5a xmm7=0x0000ad080000ad080000afba0000afba 

    > load from +0x0 value 0xe8
0x127: dec ecx
  rax=0x00000000000000e8 rbx=0x0000000000000000 rcx=0x0000000000001e01 rdx=0x000033e8000033e8
  rsi=0x00000000000000e8 rdi=0x00000000000017bc flags=0b000001000110
  xmm0=0x00003a4900003a490000e54f0000e54f xmm1=0x00000b7500000b750000e2f80000e2f8 
  xmm2=0x000059aa000059aa000094fb000094fb xmm3=0x0000c6660000c6660000cf530000cf53 
  xmm4=0x000004b2000004b200005f1500005f15 xmm5=0x00009b4b00009b4b0000318500003185 
  xmm6=0x0000242b0000242b00006d5a00006d5a xmm7=0x0000ad080000ad080000afba0000afba 

0x129: and rax, 0b1111111111111
  rax=0x00000000000000e8 rbx=0x0000000000000000 rcx=0x0000000000001e00 rdx=0x000033e8000033e8
  rsi=0x00000000000000e8 rdi=0x00000000000017bc flags=0b000000000110
  xmm0=0x00003a4900003a490000e54f0000e54f xmm1=0x00000b7500000b750000e2f80000e2f8 
  xmm2=0x000059aa000059aa000094fb000094fb xmm3=0x0000c6660000c6660000cf530000cf53 
  xmm4=0x000004b2000004b200005f1500005f15 xmm5=0x00009b4b00009b4b0000318500003185 
  xmm6=0x0000242b0000242b00006d5a00006d5a xmm7=0x0000ad080000ad080000afba0000afba 

0x12f: cmovs bx, [r14 +rax]
  rax=0x00000000000000e8 rbx=0x0000000000000000 rcx=0x0000000000001e00 rdx=0x000033e8000033e8
  rsi=0x00000000000000e8 rdi=0x00000000000017bc flags=0b000000000110
  xmm0=0x00003a4900003a490000e54f0000e54f xmm1=0x00000b7500000b750000e2f80000e2f8 
  xmm2=0x000059aa000059aa000094fb000094fb xmm3=0x0000c6660000c6660000cf530000cf53 
  xmm4=0x000004b2000004b200005f1500005f15 xmm5=0x00009b4b00009b4b0000318500003185 
  xmm6=0x0000242b0000242b00006d5a00006d5a xmm7=0x0000ad080000ad080000afba0000afba 

    > load from +0xe8 value 0x225d
0x135: cmovnl rcx, rcx
  rax=0x00000000000000e8 rbx=0x0000000000000000 rcx=0x0000000000001e00 rdx=0x000033e8000033e8
  rsi=0x00000000000000e8 rdi=0x00000000000017bc flags=0b000000000110
  xmm0=0x00003a4900003a490000e54f0000e54f xmm1=0x00000b7500000b750000e2f80000e2f8 
  xmm2=0x000059aa000059aa000094fb000094fb xmm3=0x0000c6660000c6660000cf530000cf53 
  xmm4=0x000004b2000004b200005f1500005f15 xmm5=0x00009b4b00009b4b0000318500003185 
  xmm6=0x0000242b0000242b00006d5a00006d5a xmm7=0x0000ad080000ad080000afba0000afba 

0x139: cmp al, dl
  rax=0x00000000000000e8 rbx=0x0000000000000000 rcx=0x0000000000001e00 rdx=0x000033e8000033e8
  rsi=0x00000000000000e8 rdi=0x00000000000017bc flags=0b000000000110
  xmm0=0x00003a4900003a490000e54f0000e54f xmm1=0x00000b7500000b750000e2f80000e2f8 
  xmm2=0x000059aa000059aa000094fb000094fb xmm3=0x0000c6660000c6660000cf530000cf53 
  xmm4=0x000004b2000004b200005f1500005f15 xmm5=0x00009b4b00009b4b0000318500003185 
  xmm6=0x0000242b0000242b00006d5a00006d5a xmm7=0x0000ad080000ad080000afba0000afba 

0x13b: and rdx, 0b1111111111111
  rax=0x00000000000000e8 rbx=0x0000000000000000 rcx=0x0000000000001e00 rdx=0x000033e8000033e8
  rsi=0x00000000000000e8 rdi=0x00000000000017bc flags=0b000001000110
  xmm0=0x00003a4900003a490000e54f0000e54f xmm1=0x00000b7500000b750000e2f80000e2f8 
  xmm2=0x000059aa000059aa000094fb000094fb xmm3=0x0000c6660000c6660000cf530000cf53 
  xmm4=0x000004b2000004b200005f1500005f15 xmm5=0x00009b4b00009b4b0000318500003185 
  xmm6=0x0000242b0000242b00006d5a00006d5a xmm7=0x0000ad080000ad080000afba0000afba 

0x142: movsx rdx, [r14 +rdx]
  rax=0x00000000000000e8 rbx=0x0000000000000000 rcx=0x0000000000001e00 rdx=0x00000000000013e8
  rsi=0x00000000000000e8 rdi=0x00000000000017bc flags=0b000000000110
  xmm0=0x00003a4900003a490000e54f0000e54f xmm1=0x00000b7500000b750000e2f80000e2f8 
  xmm2=0x000059aa000059aa000094fb000094fb xmm3=0x0000c6660000c6660000cf530000cf53 
  xmm4=0x000004b2000004b200005f1500005f15 xmm5=0x00009b4b00009b4b0000318500003185 
  xmm6=0x0000242b0000242b00006d5a00006d5a xmm7=0x0000ad080000ad080000afba0000afba 

    > load from +0x13e8 value 0xf8
0x147: setnp dl
  rax=0x00000000000000e8 rbx=0x0000000000000000 rcx=0x0000000000001e00 rdx=0xfffffffffffffff8
  rsi=0x00000000000000e8 rdi=0x00000000000017bc flags=0b000000000110
  xmm0=0x00003a4900003a490000e54f0000e54f xmm1=0x00000b7500000b750000e2f80000e2f8 
  xmm2=0x000059aa000059aa000094fb000094fb xmm3=0x0000c6660000c6660000cf530000cf53 
  xmm4=0x000004b2000004b200005f1500005f15 xmm5=0x00009b4b00009b4b0000318500003185 
  xmm6=0x0000242b0000242b00006d5a00006d5a xmm7=0x0000ad080000ad080000afba0000afba 

0x14a: and rax, 0b1111111111111
  rax=0x00000000000000e8 rbx=0x0000000000000000 rcx=0x0000000000001e00 rdx=0xffffffffffffff00
  rsi=0x00000000000000e8 rdi=0x00000000000017bc flags=0b000000000110
  xmm0=0x00003a4900003a490000e54f0000e54f xmm1=0x00000b7500000b750000e2f80000e2f8 
  xmm2=0x000059aa000059aa000094fb000094fb xmm3=0x0000c6660000c6660000cf530000cf53 
  xmm4=0x000004b2000004b200005f1500005f15 xmm5=0x00009b4b00009b4b0000318500003185 
  xmm6=0x0000242b0000242b00006d5a00006d5a xmm7=0x0000ad080000ad080000afba0000afba 

0x150: cmovno esi, [r14 +rax]
  rax=0x00000000000000e8 rbx=0x0000000000000000 rcx=0x0000000000001e00 rdx=0xffffffffffffff00
  rsi=0x00000000000000e8 rdi=0x00000000000017bc flags=0b000000000110
  xmm0=0x00003a4900003a490000e54f0000e54f xmm1=0x00000b7500000b750000e2f80000e2f8 
  xmm2=0x000059aa000059aa000094fb000094fb xmm3=0x0000c6660000c6660000cf530000cf53 
  xmm4=0x000004b2000004b200005f1500005f15 xmm5=0x00009b4b00009b4b0000318500003185 
  xmm6=0x0000242b0000242b00006d5a00006d5a xmm7=0x0000ad080000ad080000afba0000afba 

    > load from +0xe8 value 0x225d
0x155: and rcx, 0b1111111111111
  rax=0x00000000000000e8 rbx=0x0000000000000000 rcx=0x0000000000001e00 rdx=0xffffffffffffff00
  rsi=0x000000000000225d rdi=0x00000000000017bc flags=0b000000000110
  xmm0=0x00003a4900003a490000e54f0000e54f xmm1=0x00000b7500000b750000e2f80000e2f8 
  xmm2=0x000059aa000059aa000094fb000094fb xmm3=0x0000c6660000c6660000cf530000cf53 
  xmm4=0x000004b2000004b200005f1500005f15 xmm5=0x00009b4b00009b4b0000318500003185 
  xmm6=0x0000242b0000242b00006d5a00006d5a xmm7=0x0000ad080000ad080000afba0000afba 

0x15c: cmovo ebx, [r14 +rcx]
  rax=0x00000000000000e8 rbx=0x0000000000000000 rcx=0x0000000000001e00 rdx=0xffffffffffffff00
  rsi=0x000000000000225d rdi=0x00000000000017bc flags=0b000000000110
  xmm0=0x00003a4900003a490000e54f0000e54f xmm1=0x00000b7500000b750000e2f80000e2f8 
  xmm2=0x000059aa000059aa000094fb000094fb xmm3=0x0000c6660000c6660000cf530000cf53 
  xmm4=0x000004b2000004b200005f1500005f15 xmm5=0x00009b4b00009b4b0000318500003185 
  xmm6=0x0000242b0000242b00006d5a00006d5a xmm7=0x0000ad080000ad080000afba0000afba 

    > load from +0x1e00 value 0x10c9
0x161: and rcx, 0b1111111111111
  rax=0x00000000000000e8 rbx=0x0000000000000000 rcx=0x0000000000001e00 rdx=0xffffffffffffff00
  rsi=0x000000000000225d rdi=0x00000000000017bc flags=0b000000000110
  xmm0=0x00003a4900003a490000e54f0000e54f xmm1=0x00000b7500000b750000e2f80000e2f8 
  xmm2=0x000059aa000059aa000094fb000094fb xmm3=0x0000c6660000c6660000cf530000cf53 
  xmm4=0x000004b2000004b200005f1500005f15 xmm5=0x00009b4b00009b4b0000318500003185 
  xmm6=0x0000242b0000242b00006d5a00006d5a xmm7=0x0000ad080000ad080000afba0000afba 

0x168: mov al, [r14 +rcx]
  rax=0x00000000000000e8 rbx=0x0000000000000000 rcx=0x0000000000001e00 rdx=0xffffffffffffff00
  rsi=0x000000000000225d rdi=0x00000000000017bc flags=0b000000000110
  xmm0=0x00003a4900003a490000e54f0000e54f xmm1=0x00000b7500000b750000e2f80000e2f8 
  xmm2=0x000059aa000059aa000094fb000094fb xmm3=0x0000c6660000c6660000cf530000cf53 
  xmm4=0x000004b2000004b200005f1500005f15 xmm5=0x00009b4b00009b4b0000318500003185 
  xmm6=0x0000242b0000242b00006d5a00006d5a xmm7=0x0000ad080000ad080000afba0000afba 

    > load from +0x1e00 value 0xc9
0x16c: cmp dl, dl
  rax=0x00000000000000c9 rbx=0x0000000000000000 rcx=0x0000000000001e00 rdx=0xffffffffffffff00
  rsi=0x000000000000225d rdi=0x00000000000017bc flags=0b000000000110
  xmm0=0x00003a4900003a490000e54f0000e54f xmm1=0x00000b7500000b750000e2f80000e2f8 
  xmm2=0x000059aa000059aa000094fb000094fb xmm3=0x0000c6660000c6660000cf530000cf53 
  xmm4=0x000004b2000004b200005f1500005f15 xmm5=0x00009b4b00009b4b0000318500003185 
  xmm6=0x0000242b0000242b00006d5a00006d5a xmm7=0x0000ad080000ad080000afba0000afba 

0x16e: and rcx, 0b1111111111111
  rax=0x00000000000000c9 rbx=0x0000000000000000 rcx=0x0000000000001e00 rdx=0xffffffffffffff00
  rsi=0x000000000000225d rdi=0x00000000000017bc flags=0b000001000110
  xmm0=0x00003a4900003a490000e54f0000e54f xmm1=0x00000b7500000b750000e2f80000e2f8 
  xmm2=0x000059aa000059aa000094fb000094fb xmm3=0x0000c6660000c6660000cf530000cf53 
  xmm4=0x000004b2000004b200005f1500005f15 xmm5=0x00009b4b00009b4b0000318500003185 
  xmm6=0x0000242b0000242b00006d5a00006d5a xmm7=0x0000ad080000ad080000afba0000afba 

0x175: and sil, [r14 +rcx]
  rax=0x00000000000000c9 rbx=0x0000000000000000 rcx=0x0000000000001e00 rdx=0xffffffffffffff00
  rsi=0x000000000000225d rdi=0x00000000000017bc flags=0b000000000110
  xmm0=0x00003a4900003a490000e54f0000e54f xmm1=0x00000b7500000b750000e2f80000e2f8 
  xmm2=0x000059aa000059aa000094fb000094fb xmm3=0x0000c6660000c6660000cf530000cf53 
  xmm4=0x000004b2000004b200005f1500005f15 xmm5=0x00009b4b00009b4b0000318500003185 
  xmm6=0x0000242b0000242b00006d5a00006d5a xmm7=0x0000ad080000ad080000afba0000afba 

    > load from +0x1e00 value 0xc9
0x179: cmpxchg rsi, rbx
  rax=0x00000000000000c9 rbx=0x0000000000000000 rcx=0x0000000000001e00 rdx=0xffffffffffffff00
  rsi=0x0000000000002249 rdi=0x00000000000017bc flags=0b000000000010
  xmm0=0x00003a4900003a490000e54f0000e54f xmm1=0x00000b7500000b750000e2f80000e2f8 
  xmm2=0x000059aa000059aa000094fb000094fb xmm3=0x0000c6660000c6660000cf530000cf53 
  xmm4=0x000004b2000004b200005f1500005f15 xmm5=0x00009b4b00009b4b0000318500003185 
  xmm6=0x0000242b0000242b00006d5a00006d5a xmm7=0x0000ad080000ad080000afba0000afba 

0x17d: setnbe bl
  rax=0x0000000000002249 rbx=0x0000000000000000 rcx=0x0000000000001e00 rdx=0xffffffffffffff00
  rsi=0x0000000000002249 rdi=0x00000000000017bc flags=0b000010000011
  xmm0=0x00003a4900003a490000e54f0000e54f xmm1=0x00000b7500000b750000e2f80000e2f8 
  xmm2=0x000059aa000059aa000094fb000094fb xmm3=0x0000c6660000c6660000cf530000cf53 
  xmm4=0x000004b2000004b200005f1500005f15 xmm5=0x00009b4b00009b4b0000318500003185 
  xmm6=0x0000242b0000242b00006d5a00006d5a xmm7=0x0000ad080000ad080000afba0000afba 

0x180: cmovns edi, eax
  rax=0x0000000000002249 rbx=0x0000000000000000 rcx=0x0000000000001e00 rdx=0xffffffffffffff00
  rsi=0x0000000000002249 rdi=0x00000000000017bc flags=0b000010000011
  xmm0=0x00003a4900003a490000e54f0000e54f xmm1=0x00000b7500000b750000e2f80000e2f8 
  xmm2=0x000059aa000059aa000094fb000094fb xmm3=0x0000c6660000c6660000cf530000cf53 
  xmm4=0x000004b2000004b200005f1500005f15 xmm5=0x00009b4b00009b4b0000318500003185 
  xmm6=0x0000242b0000242b00006d5a00006d5a xmm7=0x0000ad080000ad080000afba0000afba 

0x183: and rdx, 0b1111111111111
  rax=0x0000000000002249 rbx=0x0000000000000000 rcx=0x0000000000001e00 rdx=0xffffffffffffff00
  rsi=0x0000000000002249 rdi=0x00000000000017bc flags=0b000010000011
  xmm0=0x00003a4900003a490000e54f0000e54f xmm1=0x00000b7500000b750000e2f80000e2f8 
  xmm2=0x000059aa000059aa000094fb000094fb xmm3=0x0000c6660000c6660000cf530000cf53 
  xmm4=0x000004b2000004b200005f1500005f15 xmm5=0x00009b4b00009b4b0000318500003185 
  xmm6=0x0000242b0000242b00006d5a00006d5a xmm7=0x0000ad080000ad080000afba0000afba 

0x18a: cmovz eax, [r14 +rdx]
  rax=0x0000000000002249 rbx=0x0000000000000000 rcx=0x0000000000001e00 rdx=0x0000000000001f00
  rsi=0x0000000000002249 rdi=0x00000000000017bc flags=0b000000000110
  xmm0=0x00003a4900003a490000e54f0000e54f xmm1=0x00000b7500000b750000e2f80000e2f8 
  xmm2=0x000059aa000059aa000094fb000094fb xmm3=0x0000c6660000c6660000cf530000cf53 
  xmm4=0x000004b2000004b200005f1500005f15 xmm5=0x00009b4b00009b4b0000318500003185 
  xmm6=0x0000242b0000242b00006d5a00006d5a xmm7=0x0000ad080000ad080000afba0000afba 

    > load from +0x1f00 value 0x60e8
0x18f: and rax, 0b1111111111111
  rax=0x0000000000002249 rbx=0x0000000000000000 rcx=0x0000000000001e00 rdx=0x0000000000001f00
  rsi=0x0000000000002249 rdi=0x00000000000017bc flags=0b000000000110
  xmm0=0x00003a4900003a490000e54f0000e54f xmm1=0x00000b7500000b750000e2f80000e2f8 
  xmm2=0x000059aa000059aa000094fb000094fb xmm3=0x0000c6660000c6660000cf530000cf53 
  xmm4=0x000004b2000004b200005f1500005f15 xmm5=0x00009b4b00009b4b0000318500003185 
  xmm6=0x0000242b0000242b00006d5a00006d5a xmm7=0x0000ad080000ad080000afba0000afba 

0x195: or [r14 +rax], 1
  rax=0x0000000000000249 rbx=0x0000000000000000 rcx=0x0000000000001e00 rdx=0x0000000000001f00
  rsi=0x0000000000002249 rdi=0x00000000000017bc flags=0b000000000010
  xmm0=0x00003a4900003a490000e54f0000e54f xmm1=0x00000b7500000b750000e2f80000e2f8 
  xmm2=0x000059aa000059aa000094fb000094fb xmm3=0x0000c6660000c6660000cf530000cf53 
  xmm4=0x000004b2000004b200005f1500005f15 xmm5=0x00009b4b00009b4b0000318500003185 
  xmm6=0x0000242b0000242b00006d5a00006d5a xmm7=0x0000ad080000ad080000afba0000afba 

    > load from +0x249 value 0x21
    > store to +0x249 value 0x21
0x19b: and dx, [r14 +rax]
  rax=0x0000000000000249 rbx=0x0000000000000000 rcx=0x0000000000001e00 rdx=0x0000000000001f00
  rsi=0x0000000000002249 rdi=0x00000000000017bc flags=0b000000000110
  xmm0=0x00003a4900003a490000e54f0000e54f xmm1=0x00000b7500000b750000e2f80000e2f8 
  xmm2=0x000059aa000059aa000094fb000094fb xmm3=0x0000c6660000c6660000cf530000cf53 
  xmm4=0x000004b2000004b200005f1500005f15 xmm5=0x00009b4b00009b4b0000318500003185 
  xmm6=0x0000242b0000242b00006d5a00006d5a xmm7=0x0000ad080000ad080000afba0000afba 

    > load from +0x249 value 0x21
0x1a0: shr dx, 1
  rax=0x0000000000000249 rbx=0x0000000000000000 rcx=0x0000000000001e00 rdx=0x0000000000000000
  rsi=0x0000000000002249 rdi=0x00000000000017bc flags=0b000001000110
  xmm0=0x00003a4900003a490000e54f0000e54f xmm1=0x00000b7500000b750000e2f80000e2f8 
  xmm2=0x000059aa000059aa000094fb000094fb xmm3=0x0000c6660000c6660000cf530000cf53 
  xmm4=0x000004b2000004b200005f1500005f15 xmm5=0x00009b4b00009b4b0000318500003185 
  xmm6=0x0000242b0000242b00006d5a00006d5a xmm7=0x0000ad080000ad080000afba0000afba 

0x1a3: div [r14 +rax]
  rax=0x0000000000000249 rbx=0x0000000000000000 rcx=0x0000000000001e00 rdx=0x0000000000000000
  rsi=0x0000000000002249 rdi=0x00000000000017bc flags=0b000001000110
  xmm0=0x00003a4900003a490000e54f0000e54f xmm1=0x00000b7500000b750000e2f80000e2f8 
  xmm2=0x000059aa000059aa000094fb000094fb xmm3=0x0000c6660000c6660000cf530000cf53 
  xmm4=0x000004b2000004b200005f1500005f15 xmm5=0x00009b4b00009b4b0000318500003185 
  xmm6=0x0000242b0000242b00006d5a00006d5a xmm7=0x0000ad080000ad080000afba0000afba 

    > load from +0x249 value 0x21
0x1a8: and rdx, 0b1111111111111
  rax=0x0000000000000011 rbx=0x0000000000000000 rcx=0x0000000000001e00 rdx=0x0000000000000018
  rsi=0x0000000000002249 rdi=0x00000000000017bc flags=0b000001000110
  xmm0=0x00003a4900003a490000e54f0000e54f xmm1=0x00000b7500000b750000e2f80000e2f8 
  xmm2=0x000059aa000059aa000094fb000094fb xmm3=0x0000c6660000c6660000cf530000cf53 
  xmm4=0x000004b2000004b200005f1500005f15 xmm5=0x00009b4b00009b4b0000318500003185 
  xmm6=0x0000242b0000242b00006d5a00006d5a xmm7=0x0000ad080000ad080000afba0000afba 

0x1af: mov ax, [r14 +rdx]
  rax=0x0000000000000011 rbx=0x0000000000000000 rcx=0x0000000000001e00 rdx=0x0000000000000018
  rsi=0x0000000000002249 rdi=0x00000000000017bc flags=0b000000000110
  xmm0=0x00003a4900003a490000e54f0000e54f xmm1=0x00000b7500000b750000e2f80000e2f8 
  xmm2=0x000059aa000059aa000094fb000094fb xmm3=0x0000c6660000c6660000cf530000cf53 
  xmm4=0x000004b2000004b200005f1500005f15 xmm5=0x00009b4b00009b4b0000318500003185 
  xmm6=0x0000242b0000242b00006d5a00006d5a xmm7=0x0000ad080000ad080000afba0000afba 

    > load from +0x18 value 0xa78a
0x1b4: btr di, 89
  rax=0x000000000000a78a rbx=0x0000000000000000 rcx=0x0000000000001e00 rdx=0x0000000000000018
  rsi=0x0000000000002249 rdi=0x00000000000017bc flags=0b000000000110
  xmm0=0x00003a4900003a490000e54f0000e54f xmm1=0x00000b7500000b750000e2f80000e2f8 
  xmm2=0x000059aa000059aa000094fb000094fb xmm3=0x0000c6660000c6660000cf530000cf53 
  xmm4=0x000004b2000004b200005f1500005f15 xmm5=0x00009b4b00009b4b0000318500003185 
  xmm6=0x0000242b0000242b00006d5a00006d5a xmm7=0x0000ad080000ad080000afba0000afba 

0x1b9: macro .switch, .actor2.function_actor2_1
  rax=0x000000000000a78a rbx=0x0000000000000000 rcx=0x0000000000001e00 rdx=0x0000000000000018
  rsi=0x0000000000002249 rdi=0x00000000000015bc flags=0b000000000111
  xmm0=0x00003a4900003a490000e54f0000e54f xmm1=0x00000b7500000b750000e2f80000e2f8 
  xmm2=0x000059aa000059aa000094fb000094fb xmm3=0x0000c6660000c6660000cf530000cf53 
  xmm4=0x000004b2000004b200005f1500005f15 xmm5=0x00009b4b00009b4b0000318500003185 
  xmm6=0x0000242b0000242b00006d5a00006d5a xmm7=0x0000ad080000ad080000afba0000afba 

0x3174: pushfq 
  rax=0x000000000000a78a rbx=0x0000000000000000 rcx=0x0000000000001e00 rdx=0x0000000000000018
  rsi=0x0000000000002249 rdi=0x00000000000015bc flags=0b000000000111
  xmm0=0x00003a4900003a490000e54f0000e54f xmm1=0x00000b7500000b750000e2f80000e2f8 
  xmm2=0x000059aa000059aa000094fb000094fb xmm3=0x0000c6660000c6660000cf530000cf53 
  xmm4=0x000004b2000004b200005f1500005f15 xmm5=0x00009b4b00009b4b0000318500003185 
  xmm6=0x0000242b0000242b00006d5a00006d5a xmm7=0x0000ad080000ad080000afba0000afba 

    > store to +0x4ff0 value 0x7
0x3175: push rax
  rax=0x000000000000a78a rbx=0x0000000000000000 rcx=0x0000000000001e00 rdx=0x0000000000000018
  rsi=0x0000000000002249 rdi=0x00000000000015bc flags=0b000000000111
  xmm0=0x00003a4900003a490000e54f0000e54f xmm1=0x00000b7500000b750000e2f80000e2f8 
  xmm2=0x000059aa000059aa000094fb000094fb xmm3=0x0000c6660000c6660000cf530000cf53 
  xmm4=0x000004b2000004b200005f1500005f15 xmm5=0x00009b4b00009b4b0000318500003185 
  xmm6=0x0000242b0000242b00006d5a00006d5a xmm7=0x0000ad080000ad080000afba0000afba 

    > store to +0x4fe8 value 0xa78a
0x3176: push rcx
  rax=0x000000000000a78a rbx=0x0000000000000000 rcx=0x0000000000001e00 rdx=0x0000000000000018
  rsi=0x0000000000002249 rdi=0x00000000000015bc flags=0b000000000111
  xmm0=0x00003a4900003a490000e54f0000e54f xmm1=0x00000b7500000b750000e2f80000e2f8 
  xmm2=0x000059aa000059aa000094fb000094fb xmm3=0x0000c6660000c6660000cf530000cf53 
  xmm4=0x000004b2000004b200005f1500005f15 xmm5=0x00009b4b00009b4b0000318500003185 
  xmm6=0x0000242b0000242b00006d5a00006d5a xmm7=0x0000ad080000ad080000afba0000afba 

    > store to +0x4fe0 value 0x1e00
0x3177: push rdx
  rax=0x000000000000a78a rbx=0x0000000000000000 rcx=0x0000000000001e00 rdx=0x0000000000000018
  rsi=0x0000000000002249 rdi=0x00000000000015bc flags=0b000000000111
  xmm0=0x00003a4900003a490000e54f0000e54f xmm1=0x00000b7500000b750000e2f80000e2f8 
  xmm2=0x000059aa000059aa000094fb000094fb xmm3=0x0000c6660000c6660000cf530000cf53 
  xmm4=0x000004b2000004b200005f1500005f15 xmm5=0x00009b4b00009b4b0000318500003185 
  xmm6=0x0000242b0000242b00006d5a00006d5a xmm7=0x0000ad080000ad080000afba0000afba 

    > store to +0x4fd8 value 0x18
0x3178: mov ecx, 0x48
  rax=0x000000000000a78a rbx=0x0000000000000000 rcx=0x0000000000001e00 rdx=0x0000000000000018
  rsi=0x0000000000002249 rdi=0x00000000000015bc flags=0b000000000111
  xmm0=0x00003a4900003a490000e54f0000e54f xmm1=0x00000b7500000b750000e2f80000e2f8 
  xmm2=0x000059aa000059aa000094fb000094fb xmm3=0x0000c6660000c6660000cf530000cf53 
  xmm4=0x000004b2000004b200005f1500005f15 xmm5=0x00009b4b00009b4b0000318500003185 
  xmm6=0x0000242b0000242b00006d5a00006d5a xmm7=0x0000ad080000ad080000afba0000afba 

0x317d: rdmsr 
  rax=0x000000000000a78a rbx=0x0000000000000000 rcx=0x0000000000000048 rdx=0x0000000000000018
  rsi=0x0000000000002249 rdi=0x00000000000015bc flags=0b000000000111
  xmm0=0x00003a4900003a490000e54f0000e54f xmm1=0x00000b7500000b750000e2f80000e2f8 
  xmm2=0x000059aa000059aa000094fb000094fb xmm3=0x0000c6660000c6660000cf530000cf53 
  xmm4=0x000004b2000004b200005f1500005f15 xmm5=0x00009b4b00009b4b0000318500003185 
  xmm6=0x0000242b0000242b00006d5a00006d5a xmm7=0x0000ad080000ad080000afba0000afba 

0x317f: and eax, 0xfffffffb
  rax=0x0000000000000000 rbx=0x0000000000000000 rcx=0x0000000000000048 rdx=0x0000000000000000
  rsi=0x0000000000002249 rdi=0x00000000000015bc flags=0b000000000111
  xmm0=0x00003a4900003a490000e54f0000e54f xmm1=0x00000b7500000b750000e2f80000e2f8 
  xmm2=0x000059aa000059aa000094fb000094fb xmm3=0x0000c6660000c6660000cf530000cf53 
  xmm4=0x000004b2000004b200005f1500005f15 xmm5=0x00009b4b00009b4b0000318500003185 
  xmm6=0x0000242b0000242b00006d5a00006d5a xmm7=0x0000ad080000ad080000afba0000afba 

0x3182: or eax, 0x100
  rax=0x0000000000000000 rbx=0x0000000000000000 rcx=0x0000000000000048 rdx=0x0000000000000000
  rsi=0x0000000000002249 rdi=0x00000000000015bc flags=0b000001000110
  xmm0=0x00003a4900003a490000e54f0000e54f xmm1=0x00000b7500000b750000e2f80000e2f8 
  xmm2=0x000059aa000059aa000094fb000094fb xmm3=0x0000c6660000c6660000cf530000cf53 
  xmm4=0x000004b2000004b200005f1500005f15 xmm5=0x00009b4b00009b4b0000318500003185 
  xmm6=0x0000242b0000242b00006d5a00006d5a xmm7=0x0000ad080000ad080000afba0000afba 

0x3187: wrmsr 
  rax=0x0000000000000100 rbx=0x0000000000000000 rcx=0x0000000000000048 rdx=0x0000000000000000
  rsi=0x0000000000002249 rdi=0x00000000000015bc flags=0b000000000110
  xmm0=0x00003a4900003a490000e54f0000e54f xmm1=0x00000b7500000b750000e2f80000e2f8 
  xmm2=0x000059aa000059aa000094fb000094fb xmm3=0x0000c6660000c6660000cf530000cf53 
  xmm4=0x000004b2000004b200005f1500005f15 xmm5=0x00009b4b00009b4b0000318500003185 
  xmm6=0x0000242b0000242b00006d5a00006d5a xmm7=0x0000ad080000ad080000afba0000afba 

0x3189: mfence 
  rax=0x0000000000000100 rbx=0x0000000000000000 rcx=0x0000000000000048 rdx=0x0000000000000000
  rsi=0x0000000000002249 rdi=0x00000000000015bc flags=0b000000000110
  xmm0=0x00003a4900003a490000e54f0000e54f xmm1=0x00000b7500000b750000e2f80000e2f8 
  xmm2=0x000059aa000059aa000094fb000094fb xmm3=0x0000c6660000c6660000cf530000cf53 
  xmm4=0x000004b2000004b200005f1500005f15 xmm5=0x00009b4b00009b4b0000318500003185 
  xmm6=0x0000242b0000242b00006d5a00006d5a xmm7=0x0000ad080000ad080000afba0000afba 

0x318c: lfence 
  rax=0x0000000000000100 rbx=0x0000000000000000 rcx=0x0000000000000048 rdx=0x0000000000000000
  rsi=0x0000000000002249 rdi=0x00000000000015bc flags=0b000000000110
  xmm0=0x00003a4900003a490000e54f0000e54f xmm1=0x00000b7500000b750000e2f80000e2f8 
  xmm2=0x000059aa000059aa000094fb000094fb xmm3=0x0000c6660000c6660000cf530000cf53 
  xmm4=0x000004b2000004b200005f1500005f15 xmm5=0x00009b4b00009b4b0000318500003185 
  xmm6=0x0000242b0000242b00006d5a00006d5a xmm7=0x0000ad080000ad080000afba0000afba 

0x318f: macro .measurement_end, .noarg
  rax=0x0000000000000100 rbx=0x0000000000000000 rcx=0x0000000000000048 rdx=0x0000000000000000
  rsi=0x0000000000002249 rdi=0x00000000000015bc flags=0b000000000110
  xmm0=0x00003a4900003a490000e54f0000e54f xmm1=0x00000b7500000b750000e2f80000e2f8 
  xmm2=0x000059aa000059aa000094fb000094fb xmm3=0x0000c6660000c6660000cf530000cf53 
  xmm4=0x000004b2000004b200005f1500005f15 xmm5=0x00009b4b00009b4b0000318500003185 
  xmm6=0x0000242b0000242b00006d5a00006d5a xmm7=0x0000ad080000ad080000afba0000afba 

0x3197: mov ecx, 0x48
  rax=0x0000000000000100 rbx=0x0000000000000000 rcx=0x0000000000000048 rdx=0x0000000000000000
  rsi=0x0000000000002249 rdi=0x00000000000015bc flags=0b000000000110
  xmm0=0x00003a4900003a490000e54f0000e54f xmm1=0x00000b7500000b750000e2f80000e2f8 
  xmm2=0x000059aa000059aa000094fb000094fb xmm3=0x0000c6660000c6660000cf530000cf53 
  xmm4=0x000004b2000004b200005f1500005f15 xmm5=0x00009b4b00009b4b0000318500003185 
  xmm6=0x0000242b0000242b00006d5a00006d5a xmm7=0x0000ad080000ad080000afba0000afba 

0x319c: rdmsr 
  rax=0x0000000000000100 rbx=0x0000000000000000 rcx=0x0000000000000048 rdx=0x0000000000000000
  rsi=0x0000000000002249 rdi=0x00000000000015bc flags=0b000000000110
  xmm0=0x00003a4900003a490000e54f0000e54f xmm1=0x00000b7500000b750000e2f80000e2f8 
  xmm2=0x000059aa000059aa000094fb000094fb xmm3=0x0000c6660000c6660000cf530000cf53 
  xmm4=0x000004b2000004b200005f1500005f15 xmm5=0x00009b4b00009b4b0000318500003185 
  xmm6=0x0000242b0000242b00006d5a00006d5a xmm7=0x0000ad080000ad080000afba0000afba 

0x319e: and eax, 0xfffffffb
  rax=0x0000000000000000 rbx=0x0000000000000000 rcx=0x0000000000000048 rdx=0x0000000000000000
  rsi=0x0000000000002249 rdi=0x00000000000015bc flags=0b000000000110
  xmm0=0x00003a4900003a490000e54f0000e54f xmm1=0x00000b7500000b750000e2f80000e2f8 
  xmm2=0x000059aa000059aa000094fb000094fb xmm3=0x0000c6660000c6660000cf530000cf53 
  xmm4=0x000004b2000004b200005f1500005f15 xmm5=0x00009b4b00009b4b0000318500003185 
  xmm6=0x0000242b0000242b00006d5a00006d5a xmm7=0x0000ad080000ad080000afba0000afba 

0x31a1: and eax, 0xfffffeff
  rax=0x0000000000000000 rbx=0x0000000000000000 rcx=0x0000000000000048 rdx=0x0000000000000000
  rsi=0x0000000000002249 rdi=0x00000000000015bc flags=0b000001000110
  xmm0=0x00003a4900003a490000e54f0000e54f xmm1=0x00000b7500000b750000e2f80000e2f8 
  xmm2=0x000059aa000059aa000094fb000094fb xmm3=0x0000c6660000c6660000cf530000cf53 
  xmm4=0x000004b2000004b200005f1500005f15 xmm5=0x00009b4b00009b4b0000318500003185 
  xmm6=0x0000242b0000242b00006d5a00006d5a xmm7=0x0000ad080000ad080000afba0000afba 

0x31a6: wrmsr 
  rax=0x0000000000000000 rbx=0x0000000000000000 rcx=0x0000000000000048 rdx=0x0000000000000000
  rsi=0x0000000000002249 rdi=0x00000000000015bc flags=0b000001000110
  xmm0=0x00003a4900003a490000e54f0000e54f xmm1=0x00000b7500000b750000e2f80000e2f8 
  xmm2=0x000059aa000059aa000094fb000094fb xmm3=0x0000c6660000c6660000cf530000cf53 
  xmm4=0x000004b2000004b200005f1500005f15 xmm5=0x00009b4b00009b4b0000318500003185 
  xmm6=0x0000242b0000242b00006d5a00006d5a xmm7=0x0000ad080000ad080000afba0000afba 

0x31a8: mfence 
  rax=0x0000000000000000 rbx=0x0000000000000000 rcx=0x0000000000000048 rdx=0x0000000000000000
  rsi=0x0000000000002249 rdi=0x00000000000015bc flags=0b000001000110
  xmm0=0x00003a4900003a490000e54f0000e54f xmm1=0x00000b7500000b750000e2f80000e2f8 
  xmm2=0x000059aa000059aa000094fb000094fb xmm3=0x0000c6660000c6660000cf530000cf53 
  xmm4=0x000004b2000004b200005f1500005f15 xmm5=0x00009b4b00009b4b0000318500003185 
  xmm6=0x0000242b0000242b00006d5a00006d5a xmm7=0x0000ad080000ad080000afba0000afba 

0x31ab: lfence 
  rax=0x0000000000000000 rbx=0x0000000000000000 rcx=0x0000000000000048 rdx=0x0000000000000000
  rsi=0x0000000000002249 rdi=0x00000000000015bc flags=0b000001000110
  xmm0=0x00003a4900003a490000e54f0000e54f xmm1=0x00000b7500000b750000e2f80000e2f8 
  xmm2=0x000059aa000059aa000094fb000094fb xmm3=0x0000c6660000c6660000cf530000cf53 
  xmm4=0x000004b2000004b200005f1500005f15 xmm5=0x00009b4b00009b4b0000318500003185 
  xmm6=0x0000242b0000242b00006d5a00006d5a xmm7=0x0000ad080000ad080000afba0000afba 

0x31ae: pop rdx
  rax=0x0000000000000000 rbx=0x0000000000000000 rcx=0x0000000000000048 rdx=0x0000000000000000
  rsi=0x0000000000002249 rdi=0x00000000000015bc flags=0b000001000110
  xmm0=0x00003a4900003a490000e54f0000e54f xmm1=0x00000b7500000b750000e2f80000e2f8 
  xmm2=0x000059aa000059aa000094fb000094fb xmm3=0x0000c6660000c6660000cf530000cf53 
  xmm4=0x000004b2000004b200005f1500005f15 xmm5=0x00009b4b00009b4b0000318500003185 
  xmm6=0x0000242b0000242b00006d5a00006d5a xmm7=0x0000ad080000ad080000afba0000afba 

    > load from +0x4fd8 value 0x18
0x31af: pop rcx
  rax=0x0000000000000000 rbx=0x0000000000000000 rcx=0x0000000000000048 rdx=0x0000000000000018
  rsi=0x0000000000002249 rdi=0x00000000000015bc flags=0b000001000110
  xmm0=0x00003a4900003a490000e54f0000e54f xmm1=0x00000b7500000b750000e2f80000e2f8 
  xmm2=0x000059aa000059aa000094fb000094fb xmm3=0x0000c6660000c6660000cf530000cf53 
  xmm4=0x000004b2000004b200005f1500005f15 xmm5=0x00009b4b00009b4b0000318500003185 
  xmm6=0x0000242b0000242b00006d5a00006d5a xmm7=0x0000ad080000ad080000afba0000afba 

    > load from +0x4fe0 value 0x1e00
0x31b0: pop rax
  rax=0x0000000000000000 rbx=0x0000000000000000 rcx=0x0000000000001e00 rdx=0x0000000000000018
  rsi=0x0000000000002249 rdi=0x00000000000015bc flags=0b000001000110
  xmm0=0x00003a4900003a490000e54f0000e54f xmm1=0x00000b7500000b750000e2f80000e2f8 
  xmm2=0x000059aa000059aa000094fb000094fb xmm3=0x0000c6660000c6660000cf530000cf53 
  xmm4=0x000004b2000004b200005f1500005f15 xmm5=0x00009b4b00009b4b0000318500003185 
  xmm6=0x0000242b0000242b00006d5a00006d5a xmm7=0x0000ad080000ad080000afba0000afba 

    > load from +0x4fe8 value 0xa78a
0x31b1: popfq 
  rax=0x000000000000a78a rbx=0x0000000000000000 rcx=0x0000000000001e00 rdx=0x0000000000000018
  rsi=0x0000000000002249 rdi=0x00000000000015bc flags=0b000001000110
  xmm0=0x00003a4900003a490000e54f0000e54f xmm1=0x00000b7500000b750000e2f80000e2f8 
  xmm2=0x000059aa000059aa000094fb000094fb xmm3=0x0000c6660000c6660000cf530000cf53 
  xmm4=0x000004b2000004b200005f1500005f15 xmm5=0x00009b4b00009b4b0000318500003185 
  xmm6=0x0000242b0000242b00006d5a00006d5a xmm7=0x0000ad080000ad080000afba0000afba 

    > load from +0x4ff0 value 0x7
0x31b2: macro .switch, .main.function_main_2
  rax=0x000000000000a78a rbx=0x0000000000000000 rcx=0x0000000000001e00 rdx=0x0000000000000018
  rsi=0x0000000000002249 rdi=0x00000000000015bc flags=0b000000000111
  xmm0=0x00003a4900003a490000e54f0000e54f xmm1=0x00000b7500000b750000e2f80000e2f8 
  xmm2=0x000059aa000059aa000094fb000094fb xmm3=0x0000c6660000c6660000cf530000cf53 
  xmm4=0x000004b2000004b200005f1500005f15 xmm5=0x00009b4b00009b4b0000318500003185 
  xmm6=0x0000242b0000242b00006d5a00006d5a xmm7=0x0000ad080000ad080000afba0000afba 

0x1c1: nop  [test_case_exit]
  rax=0x000000000000a78a rbx=0x0000000000000000 rcx=0x0000000000001e00 rdx=0x0000000000000018
  rsi=0x0000000000002249 rdi=0x00000000000015bc flags=0b000000000111
  xmm0=0x00003a4900003a490000e54f0000e54f xmm1=0x00000b7500000b750000e2f80000e2f8 
  xmm2=0x000059aa000059aa000094fb000094fb xmm3=0x0000c6660000c6660000cf530000cf53 
  xmm4=0x000004b2000004b200005f1500005f15 xmm5=0x00009b4b00009b4b0000318500003185 
  xmm6=0x0000242b0000242b00006d5a00006d5a xmm7=0x0000ad080000ad080000afba0000afba 





================================ Statistics ===================================

Test Cases: 1
Inputs per test case: 100.0
Violations: 1
Effectiveness: 
  Total Cls: 50.0
  Effective Cls: 50.0
Discarded Test Cases:
  Speculation Filter: 0
  Observation Filter: 0
  Fast Path: 0
  Max Nesting Check: 0
  Tainting Check: 0
  Early Priming Check: 0
  Large Sample Check: 0
  Priming Check: 0

Duration: 39.0
Finished at 10:57:01
