
INFO: [fuzzer] Starting at 10:58:22
> Entering slow path...> Priming  1              > Increase sample size to 40> Priming  1              > Increase sample size to 160> Priming  1              > Increase sample size to 320> Priming  1             

================================ Violations detected ==========================
Contract trace:
 5483264097352075735 (hash)
Hardware traces:
  Input group 1: [6]
  Input group 2: [56]
  ^^.^.....^..........^^.^^.^^.....^.^^.....^........^^.^^^^^.^.^^ [296    | 0     ]
  ^^.^.....^..........^^.^^.^^.....^.^^.....^........^^.^^^^..^..^ [24     | 21    ]
  ^^.^...^.^..........^^.^^^^^.....^.^^.....^........^^.^^^^..^..^ [0      | 298   ]
  ^^.^.....^..........^^.^^^^^.....^.^^.....^........^^.^^^^..^..^ [0      | 1     ]

================================ Violation Traces =============================
                      ##### Input 6 #####

                     ##### Input 0 #####
0x0 : macro .switch, .actor2.function_actor2_0
  rax=0x0000feaa0000feaa rbx=0x0000452100004521 rcx=0x000046d3000046d3 rdx=0x000099f2000099f2
  rsi=0x00006dc200006dc2 rdi=0x00003a8800003a88 flags=0b000001000110
  xmm0=0x0000393d0000393d0000a2720000a272 xmm1=0x0000a2aa0000a2aa0000821d0000821d 
  xmm2=0x0000ea0a0000ea0a0000f1a90000f1a9 xmm3=0x00006730000067300000ed300000ed30 
  xmm4=0x0000a7a60000a7a60000e7b60000e7b6 xmm5=0x0000a5a90000a5a900004ded00004ded 
  xmm6=0x000025d1000025d100008ac600008ac6 xmm7=0x0000bf5c0000bf5c000037b7000037b7 

0x3000: add sil, 35
  rax=0x0000feaa0000feaa rbx=0x0000452100004521 rcx=0x000046d3000046d3 rdx=0x000099f2000099f2
  rsi=0x00006dc200006dc2 rdi=0x00003a8800003a88 flags=0b000001000110
  xmm0=0x0000393d0000393d0000a2720000a272 xmm1=0x0000a2aa0000a2aa0000821d0000821d 
  xmm2=0x0000ea0a0000ea0a0000f1a90000f1a9 xmm3=0x00006730000067300000ed300000ed30 
  xmm4=0x0000a7a60000a7a60000e7b60000e7b6 xmm5=0x0000a5a90000a5a900004ded00004ded 
  xmm6=0x000025d1000025d100008ac600008ac6 xmm7=0x0000bf5c0000bf5c000037b7000037b7 

0x3004: pushfq 
  rax=0x0000feaa0000feaa rbx=0x0000452100004521 rcx=0x000046d3000046d3 rdx=0x000099f2000099f2
  rsi=0x00006dc200006de5 rdi=0x00003a8800003a88 flags=0b000010000010
  xmm0=0x0000393d0000393d0000a2720000a272 xmm1=0x0000a2aa0000a2aa0000821d0000821d 
  xmm2=0x0000ea0a0000ea0a0000f1a90000f1a9 xmm3=0x00006730000067300000ed300000ed30 
  xmm4=0x0000a7a60000a7a60000e7b60000e7b6 xmm5=0x0000a5a90000a5a900004ded00004ded 
  xmm6=0x000025d1000025d100008ac600008ac6 xmm7=0x0000bf5c0000bf5c000037b7000037b7 

    > store to +0x4ff0 value 0x82
0x3005: push rax
  rax=0x0000feaa0000feaa rbx=0x0000452100004521 rcx=0x000046d3000046d3 rdx=0x000099f2000099f2
  rsi=0x00006dc200006de5 rdi=0x00003a8800003a88 flags=0b000010000010
  xmm0=0x0000393d0000393d0000a2720000a272 xmm1=0x0000a2aa0000a2aa0000821d0000821d 
  xmm2=0x0000ea0a0000ea0a0000f1a90000f1a9 xmm3=0x00006730000067300000ed300000ed30 
  xmm4=0x0000a7a60000a7a60000e7b60000e7b6 xmm5=0x0000a5a90000a5a900004ded00004ded 
  xmm6=0x000025d1000025d100008ac600008ac6 xmm7=0x0000bf5c0000bf5c000037b7000037b7 

    > store to +0x4fe8 value 0xfeaa0000feaa
0x3006: push rcx
  rax=0x0000feaa0000feaa rbx=0x0000452100004521 rcx=0x000046d3000046d3 rdx=0x000099f2000099f2
  rsi=0x00006dc200006de5 rdi=0x00003a8800003a88 flags=0b000010000010
  xmm0=0x0000393d0000393d0000a2720000a272 xmm1=0x0000a2aa0000a2aa0000821d0000821d 
  xmm2=0x0000ea0a0000ea0a0000f1a90000f1a9 xmm3=0x00006730000067300000ed300000ed30 
  xmm4=0x0000a7a60000a7a60000e7b60000e7b6 xmm5=0x0000a5a90000a5a900004ded00004ded 
  xmm6=0x000025d1000025d100008ac600008ac6 xmm7=0x0000bf5c0000bf5c000037b7000037b7 

    > store to +0x4fe0 value 0x46d3000046d3
0x3007: push rdx
  rax=0x0000feaa0000feaa rbx=0x0000452100004521 rcx=0x000046d3000046d3 rdx=0x000099f2000099f2
  rsi=0x00006dc200006de5 rdi=0x00003a8800003a88 flags=0b000010000010
  xmm0=0x0000393d0000393d0000a2720000a272 xmm1=0x0000a2aa0000a2aa0000821d0000821d 
  xmm2=0x0000ea0a0000ea0a0000f1a90000f1a9 xmm3=0x00006730000067300000ed300000ed30 
  xmm4=0x0000a7a60000a7a60000e7b60000e7b6 xmm5=0x0000a5a90000a5a900004ded00004ded 
  xmm6=0x000025d1000025d100008ac600008ac6 xmm7=0x0000bf5c0000bf5c000037b7000037b7 

    > store to +0x4fd8 value 0x99f2000099f2
0x3008: mov ecx, 0x48
  rax=0x0000feaa0000feaa rbx=0x0000452100004521 rcx=0x000046d3000046d3 rdx=0x000099f2000099f2
  rsi=0x00006dc200006de5 rdi=0x00003a8800003a88 flags=0b000010000010
  xmm0=0x0000393d0000393d0000a2720000a272 xmm1=0x0000a2aa0000a2aa0000821d0000821d 
  xmm2=0x0000ea0a0000ea0a0000f1a90000f1a9 xmm3=0x00006730000067300000ed300000ed30 
  xmm4=0x0000a7a60000a7a60000e7b60000e7b6 xmm5=0x0000a5a90000a5a900004ded00004ded 
  xmm6=0x000025d1000025d100008ac600008ac6 xmm7=0x0000bf5c0000bf5c000037b7000037b7 

0x300d: rdmsr 
  rax=0x0000feaa0000feaa rbx=0x0000452100004521 rcx=0x0000000000000048 rdx=0x000099f2000099f2
  rsi=0x00006dc200006de5 rdi=0x00003a8800003a88 flags=0b000010000010
  xmm0=0x0000393d0000393d0000a2720000a272 xmm1=0x0000a2aa0000a2aa0000821d0000821d 
  xmm2=0x0000ea0a0000ea0a0000f1a90000f1a9 xmm3=0x00006730000067300000ed300000ed30 
  xmm4=0x0000a7a60000a7a60000e7b60000e7b6 xmm5=0x0000a5a90000a5a900004ded00004ded 
  xmm6=0x000025d1000025d100008ac600008ac6 xmm7=0x0000bf5c0000bf5c000037b7000037b7 

0x300f: and eax, 0xfffffffb
  rax=0x0000000000000000 rbx=0x0000452100004521 rcx=0x0000000000000048 rdx=0x0000000000000000
  rsi=0x00006dc200006de5 rdi=0x00003a8800003a88 flags=0b000010000010
  xmm0=0x0000393d0000393d0000a2720000a272 xmm1=0x0000a2aa0000a2aa0000821d0000821d 
  xmm2=0x0000ea0a0000ea0a0000f1a90000f1a9 xmm3=0x00006730000067300000ed300000ed30 
  xmm4=0x0000a7a60000a7a60000e7b60000e7b6 xmm5=0x0000a5a90000a5a900004ded00004ded 
  xmm6=0x000025d1000025d100008ac600008ac6 xmm7=0x0000bf5c0000bf5c000037b7000037b7 

0x3012: or eax, 0x100
  rax=0x0000000000000000 rbx=0x0000452100004521 rcx=0x0000000000000048 rdx=0x0000000000000000
  rsi=0x00006dc200006de5 rdi=0x00003a8800003a88 flags=0b000001000110
  xmm0=0x0000393d0000393d0000a2720000a272 xmm1=0x0000a2aa0000a2aa0000821d0000821d 
  xmm2=0x0000ea0a0000ea0a0000f1a90000f1a9 xmm3=0x00006730000067300000ed300000ed30 
  xmm4=0x0000a7a60000a7a60000e7b60000e7b6 xmm5=0x0000a5a90000a5a900004ded00004ded 
  xmm6=0x000025d1000025d100008ac600008ac6 xmm7=0x0000bf5c0000bf5c000037b7000037b7 

0x3017: wrmsr 
  rax=0x0000000000000100 rbx=0x0000452100004521 rcx=0x0000000000000048 rdx=0x0000000000000000
  rsi=0x00006dc200006de5 rdi=0x00003a8800003a88 flags=0b000000000110
  xmm0=0x0000393d0000393d0000a2720000a272 xmm1=0x0000a2aa0000a2aa0000821d0000821d 
  xmm2=0x0000ea0a0000ea0a0000f1a90000f1a9 xmm3=0x00006730000067300000ed300000ed30 
  xmm4=0x0000a7a60000a7a60000e7b60000e7b6 xmm5=0x0000a5a90000a5a900004ded00004ded 
  xmm6=0x000025d1000025d100008ac600008ac6 xmm7=0x0000bf5c0000bf5c000037b7000037b7 

0x3019: mfence 
  rax=0x0000000000000100 rbx=0x0000452100004521 rcx=0x0000000000000048 rdx=0x0000000000000000
  rsi=0x00006dc200006de5 rdi=0x00003a8800003a88 flags=0b000000000110
  xmm0=0x0000393d0000393d0000a2720000a272 xmm1=0x0000a2aa0000a2aa0000821d0000821d 
  xmm2=0x0000ea0a0000ea0a0000f1a90000f1a9 xmm3=0x00006730000067300000ed300000ed30 
  xmm4=0x0000a7a60000a7a60000e7b60000e7b6 xmm5=0x0000a5a90000a5a900004ded00004ded 
  xmm6=0x000025d1000025d100008ac600008ac6 xmm7=0x0000bf5c0000bf5c000037b7000037b7 

0x301c: lfence 
  rax=0x0000000000000100 rbx=0x0000452100004521 rcx=0x0000000000000048 rdx=0x0000000000000000
  rsi=0x00006dc200006de5 rdi=0x00003a8800003a88 flags=0b000000000110
  xmm0=0x0000393d0000393d0000a2720000a272 xmm1=0x0000a2aa0000a2aa0000821d0000821d 
  xmm2=0x0000ea0a0000ea0a0000f1a90000f1a9 xmm3=0x00006730000067300000ed300000ed30 
  xmm4=0x0000a7a60000a7a60000e7b60000e7b6 xmm5=0x0000a5a90000a5a900004ded00004ded 
  xmm6=0x000025d1000025d100008ac600008ac6 xmm7=0x0000bf5c0000bf5c000037b7000037b7 

0x301f: macro .measurement_start, .noarg
  rax=0x0000000000000100 rbx=0x0000452100004521 rcx=0x0000000000000048 rdx=0x0000000000000000
  rsi=0x00006dc200006de5 rdi=0x00003a8800003a88 flags=0b000000000110
  xmm0=0x0000393d0000393d0000a2720000a272 xmm1=0x0000a2aa0000a2aa0000821d0000821d 
  xmm2=0x0000ea0a0000ea0a0000f1a90000f1a9 xmm3=0x00006730000067300000ed300000ed30 
  xmm4=0x0000a7a60000a7a60000e7b60000e7b6 xmm5=0x0000a5a90000a5a900004ded00004ded 
  xmm6=0x000025d1000025d100008ac600008ac6 xmm7=0x0000bf5c0000bf5c000037b7000037b7 

0x3027: mov ecx, 0x48
  rax=0x0000000000000100 rbx=0x0000452100004521 rcx=0x0000000000000048 rdx=0x0000000000000000
  rsi=0x00006dc200006de5 rdi=0x00003a8800003a88 flags=0b000000000110
  xmm0=0x0000393d0000393d0000a2720000a272 xmm1=0x0000a2aa0000a2aa0000821d0000821d 
  xmm2=0x0000ea0a0000ea0a0000f1a90000f1a9 xmm3=0x00006730000067300000ed300000ed30 
  xmm4=0x0000a7a60000a7a60000e7b60000e7b6 xmm5=0x0000a5a90000a5a900004ded00004ded 
  xmm6=0x000025d1000025d100008ac600008ac6 xmm7=0x0000bf5c0000bf5c000037b7000037b7 

0x302c: rdmsr 
  rax=0x0000000000000100 rbx=0x0000452100004521 rcx=0x0000000000000048 rdx=0x0000000000000000
  rsi=0x00006dc200006de5 rdi=0x00003a8800003a88 flags=0b000000000110
  xmm0=0x0000393d0000393d0000a2720000a272 xmm1=0x0000a2aa0000a2aa0000821d0000821d 
  xmm2=0x0000ea0a0000ea0a0000f1a90000f1a9 xmm3=0x00006730000067300000ed300000ed30 
  xmm4=0x0000a7a60000a7a60000e7b60000e7b6 xmm5=0x0000a5a90000a5a900004ded00004ded 
  xmm6=0x000025d1000025d100008ac600008ac6 xmm7=0x0000bf5c0000bf5c000037b7000037b7 

0x302e: and eax, 0xfffffffb
  rax=0x0000000000000000 rbx=0x0000452100004521 rcx=0x0000000000000048 rdx=0x0000000000000000
  rsi=0x00006dc200006de5 rdi=0x00003a8800003a88 flags=0b000000000110
  xmm0=0x0000393d0000393d0000a2720000a272 xmm1=0x0000a2aa0000a2aa0000821d0000821d 
  xmm2=0x0000ea0a0000ea0a0000f1a90000f1a9 xmm3=0x00006730000067300000ed300000ed30 
  xmm4=0x0000a7a60000a7a60000e7b60000e7b6 xmm5=0x0000a5a90000a5a900004ded00004ded 
  xmm6=0x000025d1000025d100008ac600008ac6 xmm7=0x0000bf5c0000bf5c000037b7000037b7 

0x3031: and eax, 0xfffffeff
  rax=0x0000000000000000 rbx=0x0000452100004521 rcx=0x0000000000000048 rdx=0x0000000000000000
  rsi=0x00006dc200006de5 rdi=0x00003a8800003a88 flags=0b000001000110
  xmm0=0x0000393d0000393d0000a2720000a272 xmm1=0x0000a2aa0000a2aa0000821d0000821d 
  xmm2=0x0000ea0a0000ea0a0000f1a90000f1a9 xmm3=0x00006730000067300000ed300000ed30 
  xmm4=0x0000a7a60000a7a60000e7b60000e7b6 xmm5=0x0000a5a90000a5a900004ded00004ded 
  xmm6=0x000025d1000025d100008ac600008ac6 xmm7=0x0000bf5c0000bf5c000037b7000037b7 

0x3036: wrmsr 
  rax=0x0000000000000000 rbx=0x0000452100004521 rcx=0x0000000000000048 rdx=0x0000000000000000
  rsi=0x00006dc200006de5 rdi=0x00003a8800003a88 flags=0b000001000110
  xmm0=0x0000393d0000393d0000a2720000a272 xmm1=0x0000a2aa0000a2aa0000821d0000821d 
  xmm2=0x0000ea0a0000ea0a0000f1a90000f1a9 xmm3=0x00006730000067300000ed300000ed30 
  xmm4=0x0000a7a60000a7a60000e7b60000e7b6 xmm5=0x0000a5a90000a5a900004ded00004ded 
  xmm6=0x000025d1000025d100008ac600008ac6 xmm7=0x0000bf5c0000bf5c000037b7000037b7 

0x3038: mfence 
  rax=0x0000000000000000 rbx=0x0000452100004521 rcx=0x0000000000000048 rdx=0x0000000000000000
  rsi=0x00006dc200006de5 rdi=0x00003a8800003a88 flags=0b000001000110
  xmm0=0x0000393d0000393d0000a2720000a272 xmm1=0x0000a2aa0000a2aa0000821d0000821d 
  xmm2=0x0000ea0a0000ea0a0000f1a90000f1a9 xmm3=0x00006730000067300000ed300000ed30 
  xmm4=0x0000a7a60000a7a60000e7b60000e7b6 xmm5=0x0000a5a90000a5a900004ded00004ded 
  xmm6=0x000025d1000025d100008ac600008ac6 xmm7=0x0000bf5c0000bf5c000037b7000037b7 

0x303b: lfence 
  rax=0x0000000000000000 rbx=0x0000452100004521 rcx=0x0000000000000048 rdx=0x0000000000000000
  rsi=0x00006dc200006de5 rdi=0x00003a8800003a88 flags=0b000001000110
  xmm0=0x0000393d0000393d0000a2720000a272 xmm1=0x0000a2aa0000a2aa0000821d0000821d 
  xmm2=0x0000ea0a0000ea0a0000f1a90000f1a9 xmm3=0x00006730000067300000ed300000ed30 
  xmm4=0x0000a7a60000a7a60000e7b60000e7b6 xmm5=0x0000a5a90000a5a900004ded00004ded 
  xmm6=0x000025d1000025d100008ac600008ac6 xmm7=0x0000bf5c0000bf5c000037b7000037b7 

0x303e: pop rdx
  rax=0x0000000000000000 rbx=0x0000452100004521 rcx=0x0000000000000048 rdx=0x0000000000000000
  rsi=0x00006dc200006de5 rdi=0x00003a8800003a88 flags=0b000001000110
  xmm0=0x0000393d0000393d0000a2720000a272 xmm1=0x0000a2aa0000a2aa0000821d0000821d 
  xmm2=0x0000ea0a0000ea0a0000f1a90000f1a9 xmm3=0x00006730000067300000ed300000ed30 
  xmm4=0x0000a7a60000a7a60000e7b60000e7b6 xmm5=0x0000a5a90000a5a900004ded00004ded 
  xmm6=0x000025d1000025d100008ac600008ac6 xmm7=0x0000bf5c0000bf5c000037b7000037b7 

    > load from +0x4fd8 value 0x99f2000099f2
0x303f: pop rcx
  rax=0x0000000000000000 rbx=0x0000452100004521 rcx=0x0000000000000048 rdx=0x000099f2000099f2
  rsi=0x00006dc200006de5 rdi=0x00003a8800003a88 flags=0b000001000110
  xmm0=0x0000393d0000393d0000a2720000a272 xmm1=0x0000a2aa0000a2aa0000821d0000821d 
  xmm2=0x0000ea0a0000ea0a0000f1a90000f1a9 xmm3=0x00006730000067300000ed300000ed30 
  xmm4=0x0000a7a60000a7a60000e7b60000e7b6 xmm5=0x0000a5a90000a5a900004ded00004ded 
  xmm6=0x000025d1000025d100008ac600008ac6 xmm7=0x0000bf5c0000bf5c000037b7000037b7 

    > load from +0x4fe0 value 0x46d3000046d3
0x3040: pop rax
  rax=0x0000000000000000 rbx=0x0000452100004521 rcx=0x000046d3000046d3 rdx=0x000099f2000099f2
  rsi=0x00006dc200006de5 rdi=0x00003a8800003a88 flags=0b000001000110
  xmm0=0x0000393d0000393d0000a2720000a272 xmm1=0x0000a2aa0000a2aa0000821d0000821d 
  xmm2=0x0000ea0a0000ea0a0000f1a90000f1a9 xmm3=0x00006730000067300000ed300000ed30 
  xmm4=0x0000a7a60000a7a60000e7b60000e7b6 xmm5=0x0000a5a90000a5a900004ded00004ded 
  xmm6=0x000025d1000025d100008ac600008ac6 xmm7=0x0000bf5c0000bf5c000037b7000037b7 

    > load from +0x4fe8 value 0xfeaa0000feaa
0x3041: popfq 
  rax=0x0000feaa0000feaa rbx=0x0000452100004521 rcx=0x000046d3000046d3 rdx=0x000099f2000099f2
  rsi=0x00006dc200006de5 rdi=0x00003a8800003a88 flags=0b000001000110
  xmm0=0x0000393d0000393d0000a2720000a272 xmm1=0x0000a2aa0000a2aa0000821d0000821d 
  xmm2=0x0000ea0a0000ea0a0000f1a90000f1a9 xmm3=0x00006730000067300000ed300000ed30 
  xmm4=0x0000a7a60000a7a60000e7b60000e7b6 xmm5=0x0000a5a90000a5a900004ded00004ded 
  xmm6=0x000025d1000025d100008ac600008ac6 xmm7=0x0000bf5c0000bf5c000037b7000037b7 

    > load from +0x4ff0 value 0x82
0x3042: and rax, 0b1111111111111
  rax=0x0000feaa0000feaa rbx=0x0000452100004521 rcx=0x000046d3000046d3 rdx=0x000099f2000099f2
  rsi=0x00006dc200006de5 rdi=0x00003a8800003a88 flags=0b000010000010
  xmm0=0x0000393d0000393d0000a2720000a272 xmm1=0x0000a2aa0000a2aa0000821d0000821d 
  xmm2=0x0000ea0a0000ea0a0000f1a90000f1a9 xmm3=0x00006730000067300000ed300000ed30 
  xmm4=0x0000a7a60000a7a60000e7b60000e7b6 xmm5=0x0000a5a90000a5a900004ded00004ded 
  xmm6=0x000025d1000025d100008ac600008ac6 xmm7=0x0000bf5c0000bf5c000037b7000037b7 

0x3048: nop [r14 +rax]
  rax=0x0000000000001eaa rbx=0x0000452100004521 rcx=0x000046d3000046d3 rdx=0x000099f2000099f2
  rsi=0x00006dc200006de5 rdi=0x00003a8800003a88 flags=0b000000000110
  xmm0=0x0000393d0000393d0000a2720000a272 xmm1=0x0000a2aa0000a2aa0000821d0000821d 
  xmm2=0x0000ea0a0000ea0a0000f1a90000f1a9 xmm3=0x00006730000067300000ed300000ed30 
  xmm4=0x0000a7a60000a7a60000e7b60000e7b6 xmm5=0x0000a5a90000a5a900004ded00004ded 
  xmm6=0x000025d1000025d100008ac600008ac6 xmm7=0x0000bf5c0000bf5c000037b7000037b7 

0x304e: cmovnb rdi, rdi
  rax=0x0000000000001eaa rbx=0x0000452100004521 rcx=0x000046d3000046d3 rdx=0x000099f2000099f2
  rsi=0x00006dc200006de5 rdi=0x00003a8800003a88 flags=0b000000000110
  xmm0=0x0000393d0000393d0000a2720000a272 xmm1=0x0000a2aa0000a2aa0000821d0000821d 
  xmm2=0x0000ea0a0000ea0a0000f1a90000f1a9 xmm3=0x00006730000067300000ed300000ed30 
  xmm4=0x0000a7a60000a7a60000e7b60000e7b6 xmm5=0x0000a5a90000a5a900004ded00004ded 
  xmm6=0x000025d1000025d100008ac600008ac6 xmm7=0x0000bf5c0000bf5c000037b7000037b7 

0x3052: and rdi, 0b1111111111111
  rax=0x0000000000001eaa rbx=0x0000452100004521 rcx=0x000046d3000046d3 rdx=0x000099f2000099f2
  rsi=0x00006dc200006de5 rdi=0x00003a8800003a88 flags=0b000000000110
  xmm0=0x0000393d0000393d0000a2720000a272 xmm1=0x0000a2aa0000a2aa0000821d0000821d 
  xmm2=0x0000ea0a0000ea0a0000f1a90000f1a9 xmm3=0x00006730000067300000ed300000ed30 
  xmm4=0x0000a7a60000a7a60000e7b60000e7b6 xmm5=0x0000a5a90000a5a900004ded00004ded 
  xmm6=0x000025d1000025d100008ac600008ac6 xmm7=0x0000bf5c0000bf5c000037b7000037b7 

0x3059: mov ebx, [r14 +rdi]
  rax=0x0000000000001eaa rbx=0x0000452100004521 rcx=0x000046d3000046d3 rdx=0x000099f2000099f2
  rsi=0x00006dc200006de5 rdi=0x0000000000001a88 flags=0b000000000110
  xmm0=0x0000393d0000393d0000a2720000a272 xmm1=0x0000a2aa0000a2aa0000821d0000821d 
  xmm2=0x0000ea0a0000ea0a0000f1a90000f1a9 xmm3=0x00006730000067300000ed300000ed30 
  xmm4=0x0000a7a60000a7a60000e7b60000e7b6 xmm5=0x0000a5a90000a5a900004ded00004ded 
  xmm6=0x000025d1000025d100008ac600008ac6 xmm7=0x0000bf5c0000bf5c000037b7000037b7 

    > load from +0x5a88 value 0xadf9
0x305d: imul al
  rax=0x0000000000001eaa rbx=0x000000000000adf9 rcx=0x000046d3000046d3 rdx=0x000099f2000099f2
  rsi=0x00006dc200006de5 rdi=0x0000000000001a88 flags=0b000000000110
  xmm0=0x0000393d0000393d0000a2720000a272 xmm1=0x0000a2aa0000a2aa0000821d0000821d 
  xmm2=0x0000ea0a0000ea0a0000f1a90000f1a9 xmm3=0x00006730000067300000ed300000ed30 
  xmm4=0x0000a7a60000a7a60000e7b60000e7b6 xmm5=0x0000a5a90000a5a900004ded00004ded 
  xmm6=0x000025d1000025d100008ac600008ac6 xmm7=0x0000bf5c0000bf5c000037b7000037b7 

0x305f: bts rdi, rbx
  rax=0x0000000000001ce4 rbx=0x000000000000adf9 rcx=0x000046d3000046d3 rdx=0x000099f2000099f2
  rsi=0x00006dc200006de5 rdi=0x0000000000001a88 flags=0b100010000111
  xmm0=0x0000393d0000393d0000a2720000a272 xmm1=0x0000a2aa0000a2aa0000821d0000821d 
  xmm2=0x0000ea0a0000ea0a0000f1a90000f1a9 xmm3=0x00006730000067300000ed300000ed30 
  xmm4=0x0000a7a60000a7a60000e7b60000e7b6 xmm5=0x0000a5a90000a5a900004ded00004ded 
  xmm6=0x000025d1000025d100008ac600008ac6 xmm7=0x0000bf5c0000bf5c000037b7000037b7 

0x3063: add sil, -52
  rax=0x0000000000001ce4 rbx=0x000000000000adf9 rcx=0x000046d3000046d3 rdx=0x000099f2000099f2
  rsi=0x00006dc200006de5 rdi=0x0200000000001a88 flags=0b100010000110
  xmm0=0x0000393d0000393d0000a2720000a272 xmm1=0x0000a2aa0000a2aa0000821d0000821d 
  xmm2=0x0000ea0a0000ea0a0000f1a90000f1a9 xmm3=0x00006730000067300000ed300000ed30 
  xmm4=0x0000a7a60000a7a60000e7b60000e7b6 xmm5=0x0000a5a90000a5a900004ded00004ded 
  xmm6=0x000025d1000025d100008ac600008ac6 xmm7=0x0000bf5c0000bf5c000037b7000037b7 

0x3067: and rax, 0b1111111111111
  rax=0x0000000000001ce4 rbx=0x000000000000adf9 rcx=0x000046d3000046d3 rdx=0x000099f2000099f2
  rsi=0x00006dc200006db1 rdi=0x0200000000001a88 flags=0b000010010111
  xmm0=0x0000393d0000393d0000a2720000a272 xmm1=0x0000a2aa0000a2aa0000821d0000821d 
  xmm2=0x0000ea0a0000ea0a0000f1a90000f1a9 xmm3=0x00006730000067300000ed300000ed30 
  xmm4=0x0000a7a60000a7a60000e7b60000e7b6 xmm5=0x0000a5a90000a5a900004ded00004ded 
  xmm6=0x000025d1000025d100008ac600008ac6 xmm7=0x0000bf5c0000bf5c000037b7000037b7 

0x306d: cmovo rcx, [r14 +rax]
  rax=0x0000000000001ce4 rbx=0x000000000000adf9 rcx=0x000046d3000046d3 rdx=0x000099f2000099f2
  rsi=0x00006dc200006db1 rdi=0x0200000000001a88 flags=0b000000000110
  xmm0=0x0000393d0000393d0000a2720000a272 xmm1=0x0000a2aa0000a2aa0000821d0000821d 
  xmm2=0x0000ea0a0000ea0a0000f1a90000f1a9 xmm3=0x00006730000067300000ed300000ed30 
  xmm4=0x0000a7a60000a7a60000e7b60000e7b6 xmm5=0x0000a5a90000a5a900004ded00004ded 
  xmm6=0x000025d1000025d100008ac600008ac6 xmm7=0x0000bf5c0000bf5c000037b7000037b7 

    > load from +0x5ce4 value 0x1f3800001ab0
0x3072: nop rdx
  rax=0x0000000000001ce4 rbx=0x000000000000adf9 rcx=0x000046d3000046d3 rdx=0x000099f2000099f2
  rsi=0x00006dc200006db1 rdi=0x0200000000001a88 flags=0b000000000110
  xmm0=0x0000393d0000393d0000a2720000a272 xmm1=0x0000a2aa0000a2aa0000821d0000821d 
  xmm2=0x0000ea0a0000ea0a0000f1a90000f1a9 xmm3=0x00006730000067300000ed300000ed30 
  xmm4=0x0000a7a60000a7a60000e7b60000e7b6 xmm5=0x0000a5a90000a5a900004ded00004ded 
  xmm6=0x000025d1000025d100008ac600008ac6 xmm7=0x0000bf5c0000bf5c000037b7000037b7 

0x3076: and rax, 0b1111111111111
  rax=0x0000000000001ce4 rbx=0x000000000000adf9 rcx=0x000046d3000046d3 rdx=0x000099f2000099f2
  rsi=0x00006dc200006db1 rdi=0x0200000000001a88 flags=0b000000000110
  xmm0=0x0000393d0000393d0000a2720000a272 xmm1=0x0000a2aa0000a2aa0000821d0000821d 
  xmm2=0x0000ea0a0000ea0a0000f1a90000f1a9 xmm3=0x00006730000067300000ed300000ed30 
  xmm4=0x0000a7a60000a7a60000e7b60000e7b6 xmm5=0x0000a5a90000a5a900004ded00004ded 
  xmm6=0x000025d1000025d100008ac600008ac6 xmm7=0x0000bf5c0000bf5c000037b7000037b7 

0x307c: test [r14 +rax], -2704
  rax=0x0000000000001ce4 rbx=0x000000000000adf9 rcx=0x000046d3000046d3 rdx=0x000099f2000099f2
  rsi=0x00006dc200006db1 rdi=0x0200000000001a88 flags=0b000000000110
  xmm0=0x0000393d0000393d0000a2720000a272 xmm1=0x0000a2aa0000a2aa0000821d0000821d 
  xmm2=0x0000ea0a0000ea0a0000f1a90000f1a9 xmm3=0x00006730000067300000ed300000ed30 
  xmm4=0x0000a7a60000a7a60000e7b60000e7b6 xmm5=0x0000a5a90000a5a900004ded00004ded 
  xmm6=0x000025d1000025d100008ac600008ac6 xmm7=0x0000bf5c0000bf5c000037b7000037b7 

    > load from +0x5ce4 value 0x1ab0
0x3083: and rsi, 0b1111111111111
  rax=0x0000000000001ce4 rbx=0x000000000000adf9 rcx=0x000046d3000046d3 rdx=0x000099f2000099f2
  rsi=0x00006dc200006db1 rdi=0x0200000000001a88 flags=0b000000000110
  xmm0=0x0000393d0000393d0000a2720000a272 xmm1=0x0000a2aa0000a2aa0000821d0000821d 
  xmm2=0x0000ea0a0000ea0a0000f1a90000f1a9 xmm3=0x00006730000067300000ed300000ed30 
  xmm4=0x0000a7a60000a7a60000e7b60000e7b6 xmm5=0x0000a5a90000a5a900004ded00004ded 
  xmm6=0x000025d1000025d100008ac600008ac6 xmm7=0x0000bf5c0000bf5c000037b7000037b7 

0x308a: mov rdi, [r14 +rsi]
  rax=0x0000000000001ce4 rbx=0x000000000000adf9 rcx=0x000046d3000046d3 rdx=0x000099f2000099f2
  rsi=0x0000000000000db1 rdi=0x0200000000001a88 flags=0b000000000110
  xmm0=0x0000393d0000393d0000a2720000a272 xmm1=0x0000a2aa0000a2aa0000821d0000821d 
  xmm2=0x0000ea0a0000ea0a0000f1a90000f1a9 xmm3=0x00006730000067300000ed300000ed30 
  xmm4=0x0000a7a60000a7a60000e7b60000e7b6 xmm5=0x0000a5a90000a5a900004ded00004ded 
  xmm6=0x000025d1000025d100008ac600008ac6 xmm7=0x0000bf5c0000bf5c000037b7000037b7 

    > load from +0x4db1 value 0x7c00000a4700000a
0x308e: or dx, 0b1000
  rax=0x0000000000001ce4 rbx=0x000000000000adf9 rcx=0x000046d3000046d3 rdx=0x000099f2000099f2
  rsi=0x0000000000000db1 rdi=0x7c00000a4700000a flags=0b000000000110
  xmm0=0x0000393d0000393d0000a2720000a272 xmm1=0x0000a2aa0000a2aa0000821d0000821d 
  xmm2=0x0000ea0a0000ea0a0000f1a90000f1a9 xmm3=0x00006730000067300000ed300000ed30 
  xmm4=0x0000a7a60000a7a60000e7b60000e7b6 xmm5=0x0000a5a90000a5a900004ded00004ded 
  xmm6=0x000025d1000025d100008ac600008ac6 xmm7=0x0000bf5c0000bf5c000037b7000037b7 

0x3092: and dl, 0b11111000
  rax=0x0000000000001ce4 rbx=0x000000000000adf9 rcx=0x000046d3000046d3 rdx=0x000099f2000099fa
  rsi=0x0000000000000db1 rdi=0x7c00000a4700000a flags=0b000010000110
  xmm0=0x0000393d0000393d0000a2720000a272 xmm1=0x0000a2aa0000a2aa0000821d0000821d 
  xmm2=0x0000ea0a0000ea0a0000f1a90000f1a9 xmm3=0x00006730000067300000ed300000ed30 
  xmm4=0x0000a7a60000a7a60000e7b60000e7b6 xmm5=0x0000a5a90000a5a900004ded00004ded 
  xmm6=0x000025d1000025d100008ac600008ac6 xmm7=0x0000bf5c0000bf5c000037b7000037b7 

0x3095: add sil, -49
  rax=0x0000000000001ce4 rbx=0x000000000000adf9 rcx=0x000046d3000046d3 rdx=0x000099f2000099f8
  rsi=0x0000000000000db1 rdi=0x7c00000a4700000a flags=0b000010000010
  xmm0=0x0000393d0000393d0000a2720000a272 xmm1=0x0000a2aa0000a2aa0000821d0000821d 
  xmm2=0x0000ea0a0000ea0a0000f1a90000f1a9 xmm3=0x00006730000067300000ed300000ed30 
  xmm4=0x0000a7a60000a7a60000e7b60000e7b6 xmm5=0x0000a5a90000a5a900004ded00004ded 
  xmm6=0x000025d1000025d100008ac600008ac6 xmm7=0x0000bf5c0000bf5c000037b7000037b7 

0x3099: cmovo di, dx
  rax=0x0000000000001ce4 rbx=0x000000000000adf9 rcx=0x000046d3000046d3 rdx=0x000099f2000099f8
  rsi=0x0000000000000d80 rdi=0x7c00000a4700000a flags=0b000010010011
  xmm0=0x0000393d0000393d0000a2720000a272 xmm1=0x0000a2aa0000a2aa0000821d0000821d 
  xmm2=0x0000ea0a0000ea0a0000f1a90000f1a9 xmm3=0x00006730000067300000ed300000ed30 
  xmm4=0x0000a7a60000a7a60000e7b60000e7b6 xmm5=0x0000a5a90000a5a900004ded00004ded 
  xmm6=0x000025d1000025d100008ac600008ac6 xmm7=0x0000bf5c0000bf5c000037b7000037b7 

0x309d: and rbx, 0b1111111111111
  rax=0x0000000000001ce4 rbx=0x000000000000adf9 rcx=0x000046d3000046d3 rdx=0x000099f2000099f8
  rsi=0x0000000000000d80 rdi=0x7c00000a4700000a flags=0b000010010011
  xmm0=0x0000393d0000393d0000a2720000a272 xmm1=0x0000a2aa0000a2aa0000821d0000821d 
  xmm2=0x0000ea0a0000ea0a0000f1a90000f1a9 xmm3=0x00006730000067300000ed300000ed30 
  xmm4=0x0000a7a60000a7a60000e7b60000e7b6 xmm5=0x0000a5a90000a5a900004ded00004ded 
  xmm6=0x000025d1000025d100008ac600008ac6 xmm7=0x0000bf5c0000bf5c000037b7000037b7 

0x30a4: test [r14 +rbx], -1907273506
  rax=0x0000000000001ce4 rbx=0x0000000000000df9 rcx=0x000046d3000046d3 rdx=0x000099f2000099f8
  rsi=0x0000000000000d80 rdi=0x7c00000a4700000a flags=0b000000000110
  xmm0=0x0000393d0000393d0000a2720000a272 xmm1=0x0000a2aa0000a2aa0000821d0000821d 
  xmm2=0x0000ea0a0000ea0a0000f1a90000f1a9 xmm3=0x00006730000067300000ed300000ed30 
  xmm4=0x0000a7a60000a7a60000e7b60000e7b6 xmm5=0x0000a5a90000a5a900004ded00004ded 
  xmm6=0x000025d1000025d100008ac600008ac6 xmm7=0x0000bf5c0000bf5c000037b7000037b7 

    > load from +0x4df9 value 0xe20000e0
0x30ac: test rax, 360214766
  rax=0x0000000000001ce4 rbx=0x0000000000000df9 rcx=0x000046d3000046d3 rdx=0x000099f2000099f8
  rsi=0x0000000000000d80 rdi=0x7c00000a4700000a flags=0b000010000110
  xmm0=0x0000393d0000393d0000a2720000a272 xmm1=0x0000a2aa0000a2aa0000821d0000821d 
  xmm2=0x0000ea0a0000ea0a0000f1a90000f1a9 xmm3=0x00006730000067300000ed300000ed30 
  xmm4=0x0000a7a60000a7a60000e7b60000e7b6 xmm5=0x0000a5a90000a5a900004ded00004ded 
  xmm6=0x000025d1000025d100008ac600008ac6 xmm7=0x0000bf5c0000bf5c000037b7000037b7 

0x30b2: cwde 
  rax=0x0000000000001ce4 rbx=0x0000000000000df9 rcx=0x000046d3000046d3 rdx=0x000099f2000099f8
  rsi=0x0000000000000d80 rdi=0x7c00000a4700000a flags=0b000000000110
  xmm0=0x0000393d0000393d0000a2720000a272 xmm1=0x0000a2aa0000a2aa0000821d0000821d 
  xmm2=0x0000ea0a0000ea0a0000f1a90000f1a9 xmm3=0x00006730000067300000ed300000ed30 
  xmm4=0x0000a7a60000a7a60000e7b60000e7b6 xmm5=0x0000a5a90000a5a900004ded00004ded 
  xmm6=0x000025d1000025d100008ac600008ac6 xmm7=0x0000bf5c0000bf5c000037b7000037b7 

0x30b3: and rbx, 0b1111111111111
  rax=0x0000000000001ce4 rbx=0x0000000000000df9 rcx=0x000046d3000046d3 rdx=0x000099f2000099f8
  rsi=0x0000000000000d80 rdi=0x7c00000a4700000a flags=0b000000000110
  xmm0=0x0000393d0000393d0000a2720000a272 xmm1=0x0000a2aa0000a2aa0000821d0000821d 
  xmm2=0x0000ea0a0000ea0a0000f1a90000f1a9 xmm3=0x00006730000067300000ed300000ed30 
  xmm4=0x0000a7a60000a7a60000e7b60000e7b6 xmm5=0x0000a5a90000a5a900004ded00004ded 
  xmm6=0x000025d1000025d100008ac600008ac6 xmm7=0x0000bf5c0000bf5c000037b7000037b7 

0x30ba: mov dx, [r14 +rbx]
  rax=0x0000000000001ce4 rbx=0x0000000000000df9 rcx=0x000046d3000046d3 rdx=0x000099f2000099f8
  rsi=0x0000000000000d80 rdi=0x7c00000a4700000a flags=0b000000000110
  xmm0=0x0000393d0000393d0000a2720000a272 xmm1=0x0000a2aa0000a2aa0000821d0000821d 
  xmm2=0x0000ea0a0000ea0a0000f1a90000f1a9 xmm3=0x00006730000067300000ed300000ed30 
  xmm4=0x0000a7a60000a7a60000e7b60000e7b6 xmm5=0x0000a5a90000a5a900004ded00004ded 
  xmm6=0x000025d1000025d100008ac600008ac6 xmm7=0x0000bf5c0000bf5c000037b7000037b7 

    > load from +0x4df9 value 0xe0
0x30bf: cmovnz edi, edx
  rax=0x0000000000001ce4 rbx=0x0000000000000df9 rcx=0x000046d3000046d3 rdx=0x000099f2000000e0
  rsi=0x0000000000000d80 rdi=0x7c00000a4700000a flags=0b000000000110
  xmm0=0x0000393d0000393d0000a2720000a272 xmm1=0x0000a2aa0000a2aa0000821d0000821d 
  xmm2=0x0000ea0a0000ea0a0000f1a90000f1a9 xmm3=0x00006730000067300000ed300000ed30 
  xmm4=0x0000a7a60000a7a60000e7b60000e7b6 xmm5=0x0000a5a90000a5a900004ded00004ded 
  xmm6=0x000025d1000025d100008ac600008ac6 xmm7=0x0000bf5c0000bf5c000037b7000037b7 

0x30c2: sbb rax, -555293008
  rax=0x0000000000001ce4 rbx=0x0000000000000df9 rcx=0x000046d3000046d3 rdx=0x000099f2000000e0
  rsi=0x0000000000000d80 rdi=0x00000000000000e0 flags=0b000000000110
  xmm0=0x0000393d0000393d0000a2720000a272 xmm1=0x0000a2aa0000a2aa0000821d0000821d 
  xmm2=0x0000ea0a0000ea0a0000f1a90000f1a9 xmm3=0x00006730000067300000ed300000ed30 
  xmm4=0x0000a7a60000a7a60000e7b60000e7b6 xmm5=0x0000a5a90000a5a900004ded00004ded 
  xmm6=0x000025d1000025d100008ac600008ac6 xmm7=0x0000bf5c0000bf5c000037b7000037b7 

0x30c8: and rax, 0b1111111111111
  rax=0x0000000021193634 rbx=0x0000000000000df9 rcx=0x000046d3000046d3 rdx=0x000099f2000000e0
  rsi=0x0000000000000d80 rdi=0x00000000000000e0 flags=0b000000000011
  xmm0=0x0000393d0000393d0000a2720000a272 xmm1=0x0000a2aa0000a2aa0000821d0000821d 
  xmm2=0x0000ea0a0000ea0a0000f1a90000f1a9 xmm3=0x00006730000067300000ed300000ed30 
  xmm4=0x0000a7a60000a7a60000e7b60000e7b6 xmm5=0x0000a5a90000a5a900004ded00004ded 
  xmm6=0x000025d1000025d100008ac600008ac6 xmm7=0x0000bf5c0000bf5c000037b7000037b7 

0x30ce: cmovl dx, [r14 +rax]
  rax=0x0000000000001634 rbx=0x0000000000000df9 rcx=0x000046d3000046d3 rdx=0x000099f2000000e0
  rsi=0x0000000000000d80 rdi=0x00000000000000e0 flags=0b000000000010
  xmm0=0x0000393d0000393d0000a2720000a272 xmm1=0x0000a2aa0000a2aa0000821d0000821d 
  xmm2=0x0000ea0a0000ea0a0000f1a90000f1a9 xmm3=0x00006730000067300000ed300000ed30 
  xmm4=0x0000a7a60000a7a60000e7b60000e7b6 xmm5=0x0000a5a90000a5a900004ded00004ded 
  xmm6=0x000025d1000025d100008ac600008ac6 xmm7=0x0000bf5c0000bf5c000037b7000037b7 

    > load from +0x5634 value 0xb0bf
0x30d4: and rdx, 0b1111111111111
  rax=0x0000000000001634 rbx=0x0000000000000df9 rcx=0x000046d3000046d3 rdx=0x000099f2000000e0
  rsi=0x0000000000000d80 rdi=0x00000000000000e0 flags=0b000000000010
  xmm0=0x0000393d0000393d0000a2720000a272 xmm1=0x0000a2aa0000a2aa0000821d0000821d 
  xmm2=0x0000ea0a0000ea0a0000f1a90000f1a9 xmm3=0x00006730000067300000ed300000ed30 
  xmm4=0x0000a7a60000a7a60000e7b60000e7b6 xmm5=0x0000a5a90000a5a900004ded00004ded 
  xmm6=0x000025d1000025d100008ac600008ac6 xmm7=0x0000bf5c0000bf5c000037b7000037b7 

0x30db: cmp ecx, [r14 +rdx]
  rax=0x0000000000001634 rbx=0x0000000000000df9 rcx=0x000046d3000046d3 rdx=0x00000000000000e0
  rsi=0x0000000000000d80 rdi=0x00000000000000e0 flags=0b000000000010
  xmm0=0x0000393d0000393d0000a2720000a272 xmm1=0x0000a2aa0000a2aa0000821d0000821d 
  xmm2=0x0000ea0a0000ea0a0000f1a90000f1a9 xmm3=0x00006730000067300000ed300000ed30 
  xmm4=0x0000a7a60000a7a60000e7b60000e7b6 xmm5=0x0000a5a90000a5a900004ded00004ded 
  xmm6=0x000025d1000025d100008ac600008ac6 xmm7=0x0000bf5c0000bf5c000037b7000037b7 

    > load from +0x40e0 value 0x383a
0x30df: and rbx, 0b1111111111111
  rax=0x0000000000001634 rbx=0x0000000000000df9 rcx=0x000046d3000046d3 rdx=0x00000000000000e0
  rsi=0x0000000000000d80 rdi=0x00000000000000e0 flags=0b000000010110
  xmm0=0x0000393d0000393d0000a2720000a272 xmm1=0x0000a2aa0000a2aa0000821d0000821d 
  xmm2=0x0000ea0a0000ea0a0000f1a90000f1a9 xmm3=0x00006730000067300000ed300000ed30 
  xmm4=0x0000a7a60000a7a60000e7b60000e7b6 xmm5=0x0000a5a90000a5a900004ded00004ded 
  xmm6=0x000025d1000025d100008ac600008ac6 xmm7=0x0000bf5c0000bf5c000037b7000037b7 

0x30e6: test [r14 +rbx], -16576
  rax=0x0000000000001634 rbx=0x0000000000000df9 rcx=0x000046d3000046d3 rdx=0x00000000000000e0
  rsi=0x0000000000000d80 rdi=0x00000000000000e0 flags=0b000000000110
  xmm0=0x0000393d0000393d0000a2720000a272 xmm1=0x0000a2aa0000a2aa0000821d0000821d 
  xmm2=0x0000ea0a0000ea0a0000f1a90000f1a9 xmm3=0x00006730000067300000ed300000ed30 
  xmm4=0x0000a7a60000a7a60000e7b60000e7b6 xmm5=0x0000a5a90000a5a900004ded00004ded 
  xmm6=0x000025d1000025d100008ac600008ac6 xmm7=0x0000bf5c0000bf5c000037b7000037b7 

    > load from +0x4df9 value 0xe0
0x30ed: and rcx, 0b1111111111111
  rax=0x0000000000001634 rbx=0x0000000000000df9 rcx=0x000046d3000046d3 rdx=0x00000000000000e0
  rsi=0x0000000000000d80 rdi=0x00000000000000e0 flags=0b000000000010
  xmm0=0x0000393d0000393d0000a2720000a272 xmm1=0x0000a2aa0000a2aa0000821d0000821d 
  xmm2=0x0000ea0a0000ea0a0000f1a90000f1a9 xmm3=0x00006730000067300000ed300000ed30 
  xmm4=0x0000a7a60000a7a60000e7b60000e7b6 xmm5=0x0000a5a90000a5a900004ded00004ded 
  xmm6=0x000025d1000025d100008ac600008ac6 xmm7=0x0000bf5c0000bf5c000037b7000037b7 

0x30f4: movsx edx, [r14 +rcx]
  rax=0x0000000000001634 rbx=0x0000000000000df9 rcx=0x00000000000006d3 rdx=0x00000000000000e0
  rsi=0x0000000000000d80 rdi=0x00000000000000e0 flags=0b000000000010
  xmm0=0x0000393d0000393d0000a2720000a272 xmm1=0x0000a2aa0000a2aa0000821d0000821d 
  xmm2=0x0000ea0a0000ea0a0000f1a90000f1a9 xmm3=0x00006730000067300000ed300000ed30 
  xmm4=0x0000a7a60000a7a60000e7b60000e7b6 xmm5=0x0000a5a90000a5a900004ded00004ded 
  xmm6=0x000025d1000025d100008ac600008ac6 xmm7=0x0000bf5c0000bf5c000037b7000037b7 

    > load from +0x46d3 value 0x0
0x30f9: xadd cl, cl
  rax=0x0000000000001634 rbx=0x0000000000000df9 rcx=0x00000000000006d3 rdx=0x0000000000000000
  rsi=0x0000000000000d80 rdi=0x00000000000000e0 flags=0b000000000010
  xmm0=0x0000393d0000393d0000a2720000a272 xmm1=0x0000a2aa0000a2aa0000821d0000821d 
  xmm2=0x0000ea0a0000ea0a0000f1a90000f1a9 xmm3=0x00006730000067300000ed300000ed30 
  xmm4=0x0000a7a60000a7a60000e7b60000e7b6 xmm5=0x0000a5a90000a5a900004ded00004ded 
  xmm6=0x000025d1000025d100008ac600008ac6 xmm7=0x0000bf5c0000bf5c000037b7000037b7 

0x30fc: and rbx, 0b1111111111111
  rax=0x0000000000001634 rbx=0x0000000000000df9 rcx=0x00000000000006a6 rdx=0x0000000000000000
  rsi=0x0000000000000d80 rdi=0x00000000000000e0 flags=0b000010000111
  xmm0=0x0000393d0000393d0000a2720000a272 xmm1=0x0000a2aa0000a2aa0000821d0000821d 
  xmm2=0x0000ea0a0000ea0a0000f1a90000f1a9 xmm3=0x00006730000067300000ed300000ed30 
  xmm4=0x0000a7a60000a7a60000e7b60000e7b6 xmm5=0x0000a5a90000a5a900004ded00004ded 
  xmm6=0x000025d1000025d100008ac600008ac6 xmm7=0x0000bf5c0000bf5c000037b7000037b7 

0x3103: cmp cl, [r14 +rbx]
  rax=0x0000000000001634 rbx=0x0000000000000df9 rcx=0x00000000000006a6 rdx=0x0000000000000000
  rsi=0x0000000000000d80 rdi=0x00000000000000e0 flags=0b000000000110
  xmm0=0x0000393d0000393d0000a2720000a272 xmm1=0x0000a2aa0000a2aa0000821d0000821d 
  xmm2=0x0000ea0a0000ea0a0000f1a90000f1a9 xmm3=0x00006730000067300000ed300000ed30 
  xmm4=0x0000a7a60000a7a60000e7b60000e7b6 xmm5=0x0000a5a90000a5a900004ded00004ded 
  xmm6=0x000025d1000025d100008ac600008ac6 xmm7=0x0000bf5c0000bf5c000037b7000037b7 

    > load from +0x4df9 value 0xe0
0x3107: lea eax, rdi +rsi
  rax=0x0000000000001634 rbx=0x0000000000000df9 rcx=0x00000000000006a6 rdx=0x0000000000000000
  rsi=0x0000000000000d80 rdi=0x00000000000000e0 flags=0b000010000111
  xmm0=0x0000393d0000393d0000a2720000a272 xmm1=0x0000a2aa0000a2aa0000821d0000821d 
  xmm2=0x0000ea0a0000ea0a0000f1a90000f1a9 xmm3=0x00006730000067300000ed300000ed30 
  xmm4=0x0000a7a60000a7a60000e7b60000e7b6 xmm5=0x0000a5a90000a5a900004ded00004ded 
  xmm6=0x000025d1000025d100008ac600008ac6 xmm7=0x0000bf5c0000bf5c000037b7000037b7 

0x310a: and rbx, 0b1111111111111
  rax=0x0000000000000e60 rbx=0x0000000000000df9 rcx=0x00000000000006a6 rdx=0x0000000000000000
  rsi=0x0000000000000d80 rdi=0x00000000000000e0 flags=0b000010000111
  xmm0=0x0000393d0000393d0000a2720000a272 xmm1=0x0000a2aa0000a2aa0000821d0000821d 
  xmm2=0x0000ea0a0000ea0a0000f1a90000f1a9 xmm3=0x00006730000067300000ed300000ed30 
  xmm4=0x0000a7a60000a7a60000e7b60000e7b6 xmm5=0x0000a5a90000a5a900004ded00004ded 
  xmm6=0x000025d1000025d100008ac600008ac6 xmm7=0x0000bf5c0000bf5c000037b7000037b7 

0x3111: add sil, [r14 +rbx]
  rax=0x0000000000000e60 rbx=0x0000000000000df9 rcx=0x00000000000006a6 rdx=0x0000000000000000
  rsi=0x0000000000000d80 rdi=0x00000000000000e0 flags=0b000000000110
  xmm0=0x0000393d0000393d0000a2720000a272 xmm1=0x0000a2aa0000a2aa0000821d0000821d 
  xmm2=0x0000ea0a0000ea0a0000f1a90000f1a9 xmm3=0x00006730000067300000ed300000ed30 
  xmm4=0x0000a7a60000a7a60000e7b60000e7b6 xmm5=0x0000a5a90000a5a900004ded00004ded 
  xmm6=0x000025d1000025d100008ac600008ac6 xmm7=0x0000bf5c0000bf5c000037b7000037b7 

    > load from +0x4df9 value 0xe0
0x3115: and rcx, 0b1111111111111
  rax=0x0000000000000e60 rbx=0x0000000000000df9 rcx=0x00000000000006a6 rdx=0x0000000000000000
  rsi=0x0000000000000d60 rdi=0x00000000000000e0 flags=0b100000000111
  xmm0=0x0000393d0000393d0000a2720000a272 xmm1=0x0000a2aa0000a2aa0000821d0000821d 
  xmm2=0x0000ea0a0000ea0a0000f1a90000f1a9 xmm3=0x00006730000067300000ed300000ed30 
  xmm4=0x0000a7a60000a7a60000e7b60000e7b6 xmm5=0x0000a5a90000a5a900004ded00004ded 
  xmm6=0x000025d1000025d100008ac600008ac6 xmm7=0x0000bf5c0000bf5c000037b7000037b7 

0x311c: cmovno edx, [r14 +rcx]
  rax=0x0000000000000e60 rbx=0x0000000000000df9 rcx=0x00000000000006a6 rdx=0x0000000000000000
  rsi=0x0000000000000d60 rdi=0x00000000000000e0 flags=0b000000000110
  xmm0=0x0000393d0000393d0000a2720000a272 xmm1=0x0000a2aa0000a2aa0000821d0000821d 
  xmm2=0x0000ea0a0000ea0a0000f1a90000f1a9 xmm3=0x00006730000067300000ed300000ed30 
  xmm4=0x0000a7a60000a7a60000e7b60000e7b6 xmm5=0x0000a5a90000a5a900004ded00004ded 
  xmm6=0x000025d1000025d100008ac600008ac6 xmm7=0x0000bf5c0000bf5c000037b7000037b7 

    > load from +0x46a6 value 0xf3300000
0x3121: setnle cl
  rax=0x0000000000000e60 rbx=0x0000000000000df9 rcx=0x00000000000006a6 rdx=0x00000000f3300000
  rsi=0x0000000000000d60 rdi=0x00000000000000e0 flags=0b000000000110
  xmm0=0x0000393d0000393d0000a2720000a272 xmm1=0x0000a2aa0000a2aa0000821d0000821d 
  xmm2=0x0000ea0a0000ea0a0000f1a90000f1a9 xmm3=0x00006730000067300000ed300000ed30 
  xmm4=0x0000a7a60000a7a60000e7b60000e7b6 xmm5=0x0000a5a90000a5a900004ded00004ded 
  xmm6=0x000025d1000025d100008ac600008ac6 xmm7=0x0000bf5c0000bf5c000037b7000037b7 

0x3124: and rax, 0b1111111111111
  rax=0x0000000000000e60 rbx=0x0000000000000df9 rcx=0x0000000000000601 rdx=0x00000000f3300000
  rsi=0x0000000000000d60 rdi=0x00000000000000e0 flags=0b000000000110
  xmm0=0x0000393d0000393d0000a2720000a272 xmm1=0x0000a2aa0000a2aa0000821d0000821d 
  xmm2=0x0000ea0a0000ea0a0000f1a90000f1a9 xmm3=0x00006730000067300000ed300000ed30 
  xmm4=0x0000a7a60000a7a60000e7b60000e7b6 xmm5=0x0000a5a90000a5a900004ded00004ded 
  xmm6=0x000025d1000025d100008ac600008ac6 xmm7=0x0000bf5c0000bf5c000037b7000037b7 

0x312a: test [r14 +rax], -1283525720
  rax=0x0000000000000e60 rbx=0x0000000000000df9 rcx=0x0000000000000601 rdx=0x00000000f3300000
  rsi=0x0000000000000d60 rdi=0x00000000000000e0 flags=0b000000000110
  xmm0=0x0000393d0000393d0000a2720000a272 xmm1=0x0000a2aa0000a2aa0000821d0000821d 
  xmm2=0x0000ea0a0000ea0a0000f1a90000f1a9 xmm3=0x00006730000067300000ed300000ed30 
  xmm4=0x0000a7a60000a7a60000e7b60000e7b6 xmm5=0x0000a5a90000a5a900004ded00004ded 
  xmm6=0x000025d1000025d100008ac600008ac6 xmm7=0x0000bf5c0000bf5c000037b7000037b7 

    > load from +0x4e60 value 0xa154
0x3132: cmovnle rcx, rax
  rax=0x0000000000000e60 rbx=0x0000000000000df9 rcx=0x0000000000000601 rdx=0x00000000f3300000
  rsi=0x0000000000000d60 rdi=0x00000000000000e0 flags=0b000000000110
  xmm0=0x0000393d0000393d0000a2720000a272 xmm1=0x0000a2aa0000a2aa0000821d0000821d 
  xmm2=0x0000ea0a0000ea0a0000f1a90000f1a9 xmm3=0x00006730000067300000ed300000ed30 
  xmm4=0x0000a7a60000a7a60000e7b60000e7b6 xmm5=0x0000a5a90000a5a900004ded00004ded 
  xmm6=0x000025d1000025d100008ac600008ac6 xmm7=0x0000bf5c0000bf5c000037b7000037b7 

0x3136: and rbx, 0b1111111111111
  rax=0x0000000000000e60 rbx=0x0000000000000df9 rcx=0x0000000000000e60 rdx=0x00000000f3300000
  rsi=0x0000000000000d60 rdi=0x00000000000000e0 flags=0b000000000110
  xmm0=0x0000393d0000393d0000a2720000a272 xmm1=0x0000a2aa0000a2aa0000821d0000821d 
  xmm2=0x0000ea0a0000ea0a0000f1a90000f1a9 xmm3=0x00006730000067300000ed300000ed30 
  xmm4=0x0000a7a60000a7a60000e7b60000e7b6 xmm5=0x0000a5a90000a5a900004ded00004ded 
  xmm6=0x000025d1000025d100008ac600008ac6 xmm7=0x0000bf5c0000bf5c000037b7000037b7 

0x313d: mov rax, [r14 +rbx]
  rax=0x0000000000000e60 rbx=0x0000000000000df9 rcx=0x0000000000000e60 rdx=0x00000000f3300000
  rsi=0x0000000000000d60 rdi=0x00000000000000e0 flags=0b000000000110
  xmm0=0x0000393d0000393d0000a2720000a272 xmm1=0x0000a2aa0000a2aa0000821d0000821d 
  xmm2=0x0000ea0a0000ea0a0000f1a90000f1a9 xmm3=0x00006730000067300000ed300000ed30 
  xmm4=0x0000a7a60000a7a60000e7b60000e7b6 xmm5=0x0000a5a90000a5a900004ded00004ded 
  xmm6=0x000025d1000025d100008ac600008ac6 xmm7=0x0000bf5c0000bf5c000037b7000037b7 

    > load from +0x4df9 value 0x5f0000e0e20000e0
0x3141: mov cx, di
  rax=0x5f0000e0e20000e0 rbx=0x0000000000000df9 rcx=0x0000000000000e60 rdx=0x00000000f3300000
  rsi=0x0000000000000d60 rdi=0x00000000000000e0 flags=0b000000000110
  xmm0=0x0000393d0000393d0000a2720000a272 xmm1=0x0000a2aa0000a2aa0000821d0000821d 
  xmm2=0x0000ea0a0000ea0a0000f1a90000f1a9 xmm3=0x00006730000067300000ed300000ed30 
  xmm4=0x0000a7a60000a7a60000e7b60000e7b6 xmm5=0x0000a5a90000a5a900004ded00004ded 
  xmm6=0x000025d1000025d100008ac600008ac6 xmm7=0x0000bf5c0000bf5c000037b7000037b7 

0x3144: and rdi, 0b1111111111111
  rax=0x5f0000e0e20000e0 rbx=0x0000000000000df9 rcx=0x00000000000000e0 rdx=0x00000000f3300000
  rsi=0x0000000000000d60 rdi=0x00000000000000e0 flags=0b000000000110
  xmm0=0x0000393d0000393d0000a2720000a272 xmm1=0x0000a2aa0000a2aa0000821d0000821d 
  xmm2=0x0000ea0a0000ea0a0000f1a90000f1a9 xmm3=0x00006730000067300000ed300000ed30 
  xmm4=0x0000a7a60000a7a60000e7b60000e7b6 xmm5=0x0000a5a90000a5a900004ded00004ded 
  xmm6=0x000025d1000025d100008ac600008ac6 xmm7=0x0000bf5c0000bf5c000037b7000037b7 

0x314b: adc dl, [r14 +rdi]
  rax=0x5f0000e0e20000e0 rbx=0x0000000000000df9 rcx=0x00000000000000e0 rdx=0x00000000f3300000
  rsi=0x0000000000000d60 rdi=0x00000000000000e0 flags=0b000000000010
  xmm0=0x0000393d0000393d0000a2720000a272 xmm1=0x0000a2aa0000a2aa0000821d0000821d 
  xmm2=0x0000ea0a0000ea0a0000f1a90000f1a9 xmm3=0x00006730000067300000ed300000ed30 
  xmm4=0x0000a7a60000a7a60000e7b60000e7b6 xmm5=0x0000a5a90000a5a900004ded00004ded 
  xmm6=0x000025d1000025d100008ac600008ac6 xmm7=0x0000bf5c0000bf5c000037b7000037b7 

    > load from +0x40e0 value 0x3a
0x314f: cmovle cx, bx
  rax=0x5f0000e0e20000e0 rbx=0x0000000000000df9 rcx=0x00000000000000e0 rdx=0x00000000f330003a
  rsi=0x0000000000000d60 rdi=0x00000000000000e0 flags=0b000000000110
  xmm0=0x0000393d0000393d0000a2720000a272 xmm1=0x0000a2aa0000a2aa0000821d0000821d 
  xmm2=0x0000ea0a0000ea0a0000f1a90000f1a9 xmm3=0x00006730000067300000ed300000ed30 
  xmm4=0x0000a7a60000a7a60000e7b60000e7b6 xmm5=0x0000a5a90000a5a900004ded00004ded 
  xmm6=0x000025d1000025d100008ac600008ac6 xmm7=0x0000bf5c0000bf5c000037b7000037b7 

0x3153: add dil, 79
  rax=0x5f0000e0e20000e0 rbx=0x0000000000000df9 rcx=0x00000000000000e0 rdx=0x00000000f330003a
  rsi=0x0000000000000d60 rdi=0x00000000000000e0 flags=0b000000000110
  xmm0=0x0000393d0000393d0000a2720000a272 xmm1=0x0000a2aa0000a2aa0000821d0000821d 
  xmm2=0x0000ea0a0000ea0a0000f1a90000f1a9 xmm3=0x00006730000067300000ed300000ed30 
  xmm4=0x0000a7a60000a7a60000e7b60000e7b6 xmm5=0x0000a5a90000a5a900004ded00004ded 
  xmm6=0x000025d1000025d100008ac600008ac6 xmm7=0x0000bf5c0000bf5c000037b7000037b7 

0x3157: and rdx, 0b1111111111111
  rax=0x5f0000e0e20000e0 rbx=0x0000000000000df9 rcx=0x00000000000000e0 rdx=0x00000000f330003a
  rsi=0x0000000000000d60 rdi=0x000000000000002f flags=0b000000000011
  xmm0=0x0000393d0000393d0000a2720000a272 xmm1=0x0000a2aa0000a2aa0000821d0000821d 
  xmm2=0x0000ea0a0000ea0a0000f1a90000f1a9 xmm3=0x00006730000067300000ed300000ed30 
  xmm4=0x0000a7a60000a7a60000e7b60000e7b6 xmm5=0x0000a5a90000a5a900004ded00004ded 
  xmm6=0x000025d1000025d100008ac600008ac6 xmm7=0x0000bf5c0000bf5c000037b7000037b7 

0x315e: movsx si, [r14 +rdx]
  rax=0x5f0000e0e20000e0 rbx=0x0000000000000df9 rcx=0x00000000000000e0 rdx=0x000000000000003a
  rsi=0x0000000000000d60 rdi=0x000000000000002f flags=0b000000000110
  xmm0=0x0000393d0000393d0000a2720000a272 xmm1=0x0000a2aa0000a2aa0000821d0000821d 
  xmm2=0x0000ea0a0000ea0a0000f1a90000f1a9 xmm3=0x00006730000067300000ed300000ed30 
  xmm4=0x0000a7a60000a7a60000e7b60000e7b6 xmm5=0x0000a5a90000a5a900004ded00004ded 
  xmm6=0x000025d1000025d100008ac600008ac6 xmm7=0x0000bf5c0000bf5c000037b7000037b7 

    > load from +0x403a value 0x0
0x3164: and rbx, 0b1111111111111
  rax=0x5f0000e0e20000e0 rbx=0x0000000000000df9 rcx=0x00000000000000e0 rdx=0x000000000000003a
  rsi=0x0000000000000000 rdi=0x000000000000002f flags=0b000000000110
  xmm0=0x0000393d0000393d0000a2720000a272 xmm1=0x0000a2aa0000a2aa0000821d0000821d 
  xmm2=0x0000ea0a0000ea0a0000f1a90000f1a9 xmm3=0x00006730000067300000ed300000ed30 
  xmm4=0x0000a7a60000a7a60000e7b60000e7b6 xmm5=0x0000a5a90000a5a900004ded00004ded 
  xmm6=0x000025d1000025d100008ac600008ac6 xmm7=0x0000bf5c0000bf5c000037b7000037b7 

0x316b: cmovb dx, [r14 +rbx]
  rax=0x5f0000e0e20000e0 rbx=0x0000000000000df9 rcx=0x00000000000000e0 rdx=0x000000000000003a
  rsi=0x0000000000000000 rdi=0x000000000000002f flags=0b000000000110
  xmm0=0x0000393d0000393d0000a2720000a272 xmm1=0x0000a2aa0000a2aa0000821d0000821d 
  xmm2=0x0000ea0a0000ea0a0000f1a90000f1a9 xmm3=0x00006730000067300000ed300000ed30 
  xmm4=0x0000a7a60000a7a60000e7b60000e7b6 xmm5=0x0000a5a90000a5a900004ded00004ded 
  xmm6=0x000025d1000025d100008ac600008ac6 xmm7=0x0000bf5c0000bf5c000037b7000037b7 

    > load from +0x4df9 value 0xe0
0x3171: setb al
  rax=0x5f0000e0e20000e0 rbx=0x0000000000000df9 rcx=0x00000000000000e0 rdx=0x000000000000003a
  rsi=0x0000000000000000 rdi=0x000000000000002f flags=0b000000000110
  xmm0=0x0000393d0000393d0000a2720000a272 xmm1=0x0000a2aa0000a2aa0000821d0000821d 
  xmm2=0x0000ea0a0000ea0a0000f1a90000f1a9 xmm3=0x00006730000067300000ed300000ed30 
  xmm4=0x0000a7a60000a7a60000e7b60000e7b6 xmm5=0x0000a5a90000a5a900004ded00004ded 
  xmm6=0x000025d1000025d100008ac600008ac6 xmm7=0x0000bf5c0000bf5c000037b7000037b7 

0x3174: bts si, 140
  rax=0x5f0000e0e2000000 rbx=0x0000000000000df9 rcx=0x00000000000000e0 rdx=0x000000000000003a
  rsi=0x0000000000000000 rdi=0x000000000000002f flags=0b000000000110
  xmm0=0x0000393d0000393d0000a2720000a272 xmm1=0x0000a2aa0000a2aa0000821d0000821d 
  xmm2=0x0000ea0a0000ea0a0000f1a90000f1a9 xmm3=0x00006730000067300000ed300000ed30 
  xmm4=0x0000a7a60000a7a60000e7b60000e7b6 xmm5=0x0000a5a90000a5a900004ded00004ded 
  xmm6=0x000025d1000025d100008ac600008ac6 xmm7=0x0000bf5c0000bf5c000037b7000037b7 

0x3179: xchg rdi, rax
  rax=0x5f0000e0e2000000 rbx=0x0000000000000df9 rcx=0x00000000000000e0 rdx=0x000000000000003a
  rsi=0x0000000000001000 rdi=0x000000000000002f flags=0b000000000110
  xmm0=0x0000393d0000393d0000a2720000a272 xmm1=0x0000a2aa0000a2aa0000821d0000821d 
  xmm2=0x0000ea0a0000ea0a0000f1a90000f1a9 xmm3=0x00006730000067300000ed300000ed30 
  xmm4=0x0000a7a60000a7a60000e7b60000e7b6 xmm5=0x0000a5a90000a5a900004ded00004ded 
  xmm6=0x000025d1000025d100008ac600008ac6 xmm7=0x0000bf5c0000bf5c000037b7000037b7 

0x317b: and rbx, 0b1111111111111
  rax=0x000000000000002f rbx=0x0000000000000df9 rcx=0x00000000000000e0 rdx=0x000000000000003a
  rsi=0x0000000000001000 rdi=0x5f0000e0e2000000 flags=0b000000000110
  xmm0=0x0000393d0000393d0000a2720000a272 xmm1=0x0000a2aa0000a2aa0000821d0000821d 
  xmm2=0x0000ea0a0000ea0a0000f1a90000f1a9 xmm3=0x00006730000067300000ed300000ed30 
  xmm4=0x0000a7a60000a7a60000e7b60000e7b6 xmm5=0x0000a5a90000a5a900004ded00004ded 
  xmm6=0x000025d1000025d100008ac600008ac6 xmm7=0x0000bf5c0000bf5c000037b7000037b7 

0x3182: cmp [r14 +rbx], dl
  rax=0x000000000000002f rbx=0x0000000000000df9 rcx=0x00000000000000e0 rdx=0x000000000000003a
  rsi=0x0000000000001000 rdi=0x5f0000e0e2000000 flags=0b000000000110
  xmm0=0x0000393d0000393d0000a2720000a272 xmm1=0x0000a2aa0000a2aa0000821d0000821d 
  xmm2=0x0000ea0a0000ea0a0000f1a90000f1a9 xmm3=0x00006730000067300000ed300000ed30 
  xmm4=0x0000a7a60000a7a60000e7b60000e7b6 xmm5=0x0000a5a90000a5a900004ded00004ded 
  xmm6=0x000025d1000025d100008ac600008ac6 xmm7=0x0000bf5c0000bf5c000037b7000037b7 

    > load from +0x4df9 value 0xe0
0x3186: macro .switch, .main.function_main_1
  rax=0x000000000000002f rbx=0x0000000000000df9 rcx=0x00000000000000e0 rdx=0x000000000000003a
  rsi=0x0000000000001000 rdi=0x5f0000e0e2000000 flags=0b000010010110
  xmm0=0x0000393d0000393d0000a2720000a272 xmm1=0x0000a2aa0000a2aa0000821d0000821d 
  xmm2=0x0000ea0a0000ea0a0000f1a90000f1a9 xmm3=0x00006730000067300000ed300000ed30 
  xmm4=0x0000a7a60000a7a60000e7b60000e7b6 xmm5=0x0000a5a90000a5a900004ded00004ded 
  xmm6=0x000025d1000025d100008ac600008ac6 xmm7=0x0000bf5c0000bf5c000037b7000037b7 

0x8 : sub dl, -54
  rax=0x000000000000002f rbx=0x0000000000000df9 rcx=0x00000000000000e0 rdx=0x000000000000003a
  rsi=0x0000000000001000 rdi=0x5f0000e0e2000000 flags=0b000010010110
  xmm0=0x0000393d0000393d0000a2720000a272 xmm1=0x0000a2aa0000a2aa0000821d0000821d 
  xmm2=0x0000ea0a0000ea0a0000f1a90000f1a9 xmm3=0x00006730000067300000ed300000ed30 
  xmm4=0x0000a7a60000a7a60000e7b60000e7b6 xmm5=0x0000a5a90000a5a900004ded00004ded 
  xmm6=0x000025d1000025d100008ac600008ac6 xmm7=0x0000bf5c0000bf5c000037b7000037b7 

0xb : and rsi, 0b1111111111111
  rax=0x000000000000002f rbx=0x0000000000000df9 rcx=0x00000000000000e0 rdx=0x0000000000000070
  rsi=0x0000000000001000 rdi=0x5f0000e0e2000000 flags=0b000000000011
  xmm0=0x0000393d0000393d0000a2720000a272 xmm1=0x0000a2aa0000a2aa0000821d0000821d 
  xmm2=0x0000ea0a0000ea0a0000f1a90000f1a9 xmm3=0x00006730000067300000ed300000ed30 
  xmm4=0x0000a7a60000a7a60000e7b60000e7b6 xmm5=0x0000a5a90000a5a900004ded00004ded 
  xmm6=0x000025d1000025d100008ac600008ac6 xmm7=0x0000bf5c0000bf5c000037b7000037b7 

0x12: test [r14 +rsi], cl
  rax=0x000000000000002f rbx=0x0000000000000df9 rcx=0x00000000000000e0 rdx=0x0000000000000070
  rsi=0x0000000000001000 rdi=0x5f0000e0e2000000 flags=0b000000000110
  xmm0=0x0000393d0000393d0000a2720000a272 xmm1=0x0000a2aa0000a2aa0000821d0000821d 
  xmm2=0x0000ea0a0000ea0a0000f1a90000f1a9 xmm3=0x00006730000067300000ed300000ed30 
  xmm4=0x0000a7a60000a7a60000e7b60000e7b6 xmm5=0x0000a5a90000a5a900004ded00004ded 
  xmm6=0x000025d1000025d100008ac600008ac6 xmm7=0x0000bf5c0000bf5c000037b7000037b7 

    > load from +0x1000 value 0xa3
0x16: and rcx, 0b1111111111111
  rax=0x000000000000002f rbx=0x0000000000000df9 rcx=0x00000000000000e0 rdx=0x0000000000000070
  rsi=0x0000000000001000 rdi=0x5f0000e0e2000000 flags=0b000010000110
  xmm0=0x0000393d0000393d0000a2720000a272 xmm1=0x0000a2aa0000a2aa0000821d0000821d 
  xmm2=0x0000ea0a0000ea0a0000f1a90000f1a9 xmm3=0x00006730000067300000ed300000ed30 
  xmm4=0x0000a7a60000a7a60000e7b60000e7b6 xmm5=0x0000a5a90000a5a900004ded00004ded 
  xmm6=0x000025d1000025d100008ac600008ac6 xmm7=0x0000bf5c0000bf5c000037b7000037b7 

0x1d: cmovz ecx, [r14 +rcx]
  rax=0x000000000000002f rbx=0x0000000000000df9 rcx=0x00000000000000e0 rdx=0x0000000000000070
  rsi=0x0000000000001000 rdi=0x5f0000e0e2000000 flags=0b000000000010
  xmm0=0x0000393d0000393d0000a2720000a272 xmm1=0x0000a2aa0000a2aa0000821d0000821d 
  xmm2=0x0000ea0a0000ea0a0000f1a90000f1a9 xmm3=0x00006730000067300000ed300000ed30 
  xmm4=0x0000a7a60000a7a60000e7b60000e7b6 xmm5=0x0000a5a90000a5a900004ded00004ded 
  xmm6=0x000025d1000025d100008ac600008ac6 xmm7=0x0000bf5c0000bf5c000037b7000037b7 

    > load from +0xe0 value 0x11c2
0x22: or ecx, 0b1000
  rax=0x000000000000002f rbx=0x0000000000000df9 rcx=0x00000000000000e0 rdx=0x0000000000000070
  rsi=0x0000000000001000 rdi=0x5f0000e0e2000000 flags=0b000000000010
  xmm0=0x0000393d0000393d0000a2720000a272 xmm1=0x0000a2aa0000a2aa0000821d0000821d 
  xmm2=0x0000ea0a0000ea0a0000f1a90000f1a9 xmm3=0x00006730000067300000ed300000ed30 
  xmm4=0x0000a7a60000a7a60000e7b60000e7b6 xmm5=0x0000a5a90000a5a900004ded00004ded 
  xmm6=0x000025d1000025d100008ac600008ac6 xmm7=0x0000bf5c0000bf5c000037b7000037b7 

0x25: and cl, 0b11111000
  rax=0x000000000000002f rbx=0x0000000000000df9 rcx=0x00000000000000e8 rdx=0x0000000000000070
  rsi=0x0000000000001000 rdi=0x5f0000e0e2000000 flags=0b000000000110
  xmm0=0x0000393d0000393d0000a2720000a272 xmm1=0x0000a2aa0000a2aa0000821d0000821d 
  xmm2=0x0000ea0a0000ea0a0000f1a90000f1a9 xmm3=0x00006730000067300000ed300000ed30 
  xmm4=0x0000a7a60000a7a60000e7b60000e7b6 xmm5=0x0000a5a90000a5a900004ded00004ded 
  xmm6=0x000025d1000025d100008ac600008ac6 xmm7=0x0000bf5c0000bf5c000037b7000037b7 

0x28: and edx, 0b11
  rax=0x000000000000002f rbx=0x0000000000000df9 rcx=0x00000000000000e8 rdx=0x0000000000000070
  rsi=0x0000000000001000 rdi=0x5f0000e0e2000000 flags=0b000010000110
  xmm0=0x0000393d0000393d0000a2720000a272 xmm1=0x0000a2aa0000a2aa0000821d0000821d 
  xmm2=0x0000ea0a0000ea0a0000f1a90000f1a9 xmm3=0x00006730000067300000ed300000ed30 
  xmm4=0x0000a7a60000a7a60000e7b60000e7b6 xmm5=0x0000a5a90000a5a900004ded00004ded 
  xmm6=0x000025d1000025d100008ac600008ac6 xmm7=0x0000bf5c0000bf5c000037b7000037b7 

0x2b: idiv ecx
  rax=0x000000000000002f rbx=0x0000000000000df9 rcx=0x00000000000000e8 rdx=0x0000000000000000
  rsi=0x0000000000001000 rdi=0x5f0000e0e2000000 flags=0b000001000110
  xmm0=0x0000393d0000393d0000a2720000a272 xmm1=0x0000a2aa0000a2aa0000821d0000821d 
  xmm2=0x0000ea0a0000ea0a0000f1a90000f1a9 xmm3=0x00006730000067300000ed300000ed30 
  xmm4=0x0000a7a60000a7a60000e7b60000e7b6 xmm5=0x0000a5a90000a5a900004ded00004ded 
  xmm6=0x000025d1000025d100008ac600008ac6 xmm7=0x0000bf5c0000bf5c000037b7000037b7 

0x2d: or bl, bl
  rax=0x0000000000000000 rbx=0x0000000000000df9 rcx=0x00000000000000e8 rdx=0x000000000000002f
  rsi=0x0000000000001000 rdi=0x5f0000e0e2000000 flags=0b000001000110
  xmm0=0x0000393d0000393d0000a2720000a272 xmm1=0x0000a2aa0000a2aa0000821d0000821d 
  xmm2=0x0000ea0a0000ea0a0000f1a90000f1a9 xmm3=0x00006730000067300000ed300000ed30 
  xmm4=0x0000a7a60000a7a60000e7b60000e7b6 xmm5=0x0000a5a90000a5a900004ded00004ded 
  xmm6=0x000025d1000025d100008ac600008ac6 xmm7=0x0000bf5c0000bf5c000037b7000037b7 

0x2f: and rax, 0b1111111111111
  rax=0x0000000000000000 rbx=0x0000000000000df9 rcx=0x00000000000000e8 rdx=0x000000000000002f
  rsi=0x0000000000001000 rdi=0x5f0000e0e2000000 flags=0b000010000110
  xmm0=0x0000393d0000393d0000a2720000a272 xmm1=0x0000a2aa0000a2aa0000821d0000821d 
  xmm2=0x0000ea0a0000ea0a0000f1a90000f1a9 xmm3=0x00006730000067300000ed300000ed30 
  xmm4=0x0000a7a60000a7a60000e7b60000e7b6 xmm5=0x0000a5a90000a5a900004ded00004ded 
  xmm6=0x000025d1000025d100008ac600008ac6 xmm7=0x0000bf5c0000bf5c000037b7000037b7 

0x35: or [r14 +rax], 0b1000
  rax=0x0000000000000000 rbx=0x0000000000000df9 rcx=0x00000000000000e8 rdx=0x000000000000002f
  rsi=0x0000000000001000 rdi=0x5f0000e0e2000000 flags=0b000001000110
  xmm0=0x0000393d0000393d0000a2720000a272 xmm1=0x0000a2aa0000a2aa0000821d0000821d 
  xmm2=0x0000ea0a0000ea0a0000f1a90000f1a9 xmm3=0x00006730000067300000ed300000ed30 
  xmm4=0x0000a7a60000a7a60000e7b60000e7b6 xmm5=0x0000a5a90000a5a900004ded00004ded 
  xmm6=0x000025d1000025d100008ac600008ac6 xmm7=0x0000bf5c0000bf5c000037b7000037b7 

    > load from +0x0 value 0x56f2
    > store to +0x0 value 0x56fa
0x3b: and [r14 +rax], 0b11111000
  rax=0x0000000000000000 rbx=0x0000000000000df9 rcx=0x00000000000000e8 rdx=0x000000000000002f
  rsi=0x0000000000001000 rdi=0x5f0000e0e2000000 flags=0b000000000110
  xmm0=0x0000393d0000393d0000a2720000a272 xmm1=0x0000a2aa0000a2aa0000821d0000821d 
  xmm2=0x0000ea0a0000ea0a0000f1a90000f1a9 xmm3=0x00006730000067300000ed300000ed30 
  xmm4=0x0000a7a60000a7a60000e7b60000e7b6 xmm5=0x0000a5a90000a5a900004ded00004ded 
  xmm6=0x000025d1000025d100008ac600008ac6 xmm7=0x0000bf5c0000bf5c000037b7000037b7 

    > load from +0x0 value 0xfa
    > store to +0x0 value 0xf8
0x40: and dx, 0b11
  rax=0x0000000000000000 rbx=0x0000000000000df9 rcx=0x00000000000000e8 rdx=0x000000000000002f
  rsi=0x0000000000001000 rdi=0x5f0000e0e2000000 flags=0b000010000010
  xmm0=0x0000393d0000393d0000a2720000a272 xmm1=0x0000a2aa0000a2aa0000821d0000821d 
  xmm2=0x0000ea0a0000ea0a0000f1a90000f1a9 xmm3=0x00006730000067300000ed300000ed30 
  xmm4=0x0000a7a60000a7a60000e7b60000e7b6 xmm5=0x0000a5a90000a5a900004ded00004ded 
  xmm6=0x000025d1000025d100008ac600008ac6 xmm7=0x0000bf5c0000bf5c000037b7000037b7 

0x44: idiv [r14 +rax]
  rax=0x0000000000000000 rbx=0x0000000000000df9 rcx=0x00000000000000e8 rdx=0x0000000000000003
  rsi=0x0000000000001000 rdi=0x5f0000e0e2000000 flags=0b000000000110
  xmm0=0x0000393d0000393d0000a2720000a272 xmm1=0x0000a2aa0000a2aa0000821d0000821d 
  xmm2=0x0000ea0a0000ea0a0000f1a90000f1a9 xmm3=0x00006730000067300000ed300000ed30 
  xmm4=0x0000a7a60000a7a60000e7b60000e7b6 xmm5=0x0000a5a90000a5a900004ded00004ded 
  xmm6=0x000025d1000025d100008ac600008ac6 xmm7=0x0000bf5c0000bf5c000037b7000037b7 

    > load from +0x0 value 0x56f8
0x49: add ax, 110
  rax=0x0000000000000008 rbx=0x0000000000000df9 rcx=0x00000000000000e8 rdx=0x0000000000004840
  rsi=0x0000000000001000 rdi=0x5f0000e0e2000000 flags=0b000000000110
  xmm0=0x0000393d0000393d0000a2720000a272 xmm1=0x0000a2aa0000a2aa0000821d0000821d 
  xmm2=0x0000ea0a0000ea0a0000f1a90000f1a9 xmm3=0x00006730000067300000ed300000ed30 
  xmm4=0x0000a7a60000a7a60000e7b60000e7b6 xmm5=0x0000a5a90000a5a900004ded00004ded 
  xmm6=0x000025d1000025d100008ac600008ac6 xmm7=0x0000bf5c0000bf5c000037b7000037b7 

0x4d: and rdx, 0b1111111111111
  rax=0x0000000000000076 rbx=0x0000000000000df9 rcx=0x00000000000000e8 rdx=0x0000000000004840
  rsi=0x0000000000001000 rdi=0x5f0000e0e2000000 flags=0b000000010010
  xmm0=0x0000393d0000393d0000a2720000a272 xmm1=0x0000a2aa0000a2aa0000821d0000821d 
  xmm2=0x0000ea0a0000ea0a0000f1a90000f1a9 xmm3=0x00006730000067300000ed300000ed30 
  xmm4=0x0000a7a60000a7a60000e7b60000e7b6 xmm5=0x0000a5a90000a5a900004ded00004ded 
  xmm6=0x000025d1000025d100008ac600008ac6 xmm7=0x0000bf5c0000bf5c000037b7000037b7 

0x54: sbb bl, [r14 +rdx]
  rax=0x0000000000000076 rbx=0x0000000000000df9 rcx=0x00000000000000e8 rdx=0x0000000000000840
  rsi=0x0000000000001000 rdi=0x5f0000e0e2000000 flags=0b000000000010
  xmm0=0x0000393d0000393d0000a2720000a272 xmm1=0x0000a2aa0000a2aa0000821d0000821d 
  xmm2=0x0000ea0a0000ea0a0000f1a90000f1a9 xmm3=0x00006730000067300000ed300000ed30 
  xmm4=0x0000a7a60000a7a60000e7b60000e7b6 xmm5=0x0000a5a90000a5a900004ded00004ded 
  xmm6=0x000025d1000025d100008ac600008ac6 xmm7=0x0000bf5c0000bf5c000037b7000037b7 

    > load from +0x840 value 0xee
0x58: and rcx, 0b1111111111111
  rax=0x0000000000000076 rbx=0x0000000000000d0b rcx=0x00000000000000e8 rdx=0x0000000000000840
  rsi=0x0000000000001000 rdi=0x5f0000e0e2000000 flags=0b000000010010
  xmm0=0x0000393d0000393d0000a2720000a272 xmm1=0x0000a2aa0000a2aa0000821d0000821d 
  xmm2=0x0000ea0a0000ea0a0000f1a90000f1a9 xmm3=0x00006730000067300000ed300000ed30 
  xmm4=0x0000a7a60000a7a60000e7b60000e7b6 xmm5=0x0000a5a90000a5a900004ded00004ded 
  xmm6=0x000025d1000025d100008ac600008ac6 xmm7=0x0000bf5c0000bf5c000037b7000037b7 

0x5f: cmovnz rax, [r14 +rcx]
  rax=0x0000000000000076 rbx=0x0000000000000d0b rcx=0x00000000000000e8 rdx=0x0000000000000840
  rsi=0x0000000000001000 rdi=0x5f0000e0e2000000 flags=0b000000000110
  xmm0=0x0000393d0000393d0000a2720000a272 xmm1=0x0000a2aa0000a2aa0000821d0000821d 
  xmm2=0x0000ea0a0000ea0a0000f1a90000f1a9 xmm3=0x00006730000067300000ed300000ed30 
  xmm4=0x0000a7a60000a7a60000e7b60000e7b6 xmm5=0x0000a5a90000a5a900004ded00004ded 
  xmm6=0x000025d1000025d100008ac600008ac6 xmm7=0x0000bf5c0000bf5c000037b7000037b7 

    > load from +0xe8 value 0x968700009687
0x64: bt eax, 153
  rax=0x0000968700009687 rbx=0x0000000000000d0b rcx=0x00000000000000e8 rdx=0x0000000000000840
  rsi=0x0000000000001000 rdi=0x5f0000e0e2000000 flags=0b000000000110
  xmm0=0x0000393d0000393d0000a2720000a272 xmm1=0x0000a2aa0000a2aa0000821d0000821d 
  xmm2=0x0000ea0a0000ea0a0000f1a90000f1a9 xmm3=0x00006730000067300000ed300000ed30 
  xmm4=0x0000a7a60000a7a60000e7b60000e7b6 xmm5=0x0000a5a90000a5a900004ded00004ded 
  xmm6=0x000025d1000025d100008ac600008ac6 xmm7=0x0000bf5c0000bf5c000037b7000037b7 

0x68: cwd 
  rax=0x0000968700009687 rbx=0x0000000000000d0b rcx=0x00000000000000e8 rdx=0x0000000000000840
  rsi=0x0000000000001000 rdi=0x5f0000e0e2000000 flags=0b000000000110
  xmm0=0x0000393d0000393d0000a2720000a272 xmm1=0x0000a2aa0000a2aa0000821d0000821d 
  xmm2=0x0000ea0a0000ea0a0000f1a90000f1a9 xmm3=0x00006730000067300000ed300000ed30 
  xmm4=0x0000a7a60000a7a60000e7b60000e7b6 xmm5=0x0000a5a90000a5a900004ded00004ded 
  xmm6=0x000025d1000025d100008ac600008ac6 xmm7=0x0000bf5c0000bf5c000037b7000037b7 

0x6a: and rdi, 0b1111111111111
  rax=0x0000968700009687 rbx=0x0000000000000d0b rcx=0x00000000000000e8 rdx=0x000000000000ffff
  rsi=0x0000000000001000 rdi=0x5f0000e0e2000000 flags=0b000000000110
  xmm0=0x0000393d0000393d0000a2720000a272 xmm1=0x0000a2aa0000a2aa0000821d0000821d 
  xmm2=0x0000ea0a0000ea0a0000f1a90000f1a9 xmm3=0x00006730000067300000ed300000ed30 
  xmm4=0x0000a7a60000a7a60000e7b60000e7b6 xmm5=0x0000a5a90000a5a900004ded00004ded 
  xmm6=0x000025d1000025d100008ac600008ac6 xmm7=0x0000bf5c0000bf5c000037b7000037b7 

0x71: cmovnb edi, [r14 +rdi]
  rax=0x0000968700009687 rbx=0x0000000000000d0b rcx=0x00000000000000e8 rdx=0x000000000000ffff
  rsi=0x0000000000001000 rdi=0x0000000000000000 flags=0b000001000110
  xmm0=0x0000393d0000393d0000a2720000a272 xmm1=0x0000a2aa0000a2aa0000821d0000821d 
  xmm2=0x0000ea0a0000ea0a0000f1a90000f1a9 xmm3=0x00006730000067300000ed300000ed30 
  xmm4=0x0000a7a60000a7a60000e7b60000e7b6 xmm5=0x0000a5a90000a5a900004ded00004ded 
  xmm6=0x000025d1000025d100008ac600008ac6 xmm7=0x0000bf5c0000bf5c000037b7000037b7 

    > load from +0x0 value 0x56f8
0x76: and rbx, 0b1111111111111
  rax=0x0000968700009687 rbx=0x0000000000000d0b rcx=0x00000000000000e8 rdx=0x000000000000ffff
  rsi=0x0000000000001000 rdi=0x00000000000056f8 flags=0b000001000110
  xmm0=0x0000393d0000393d0000a2720000a272 xmm1=0x0000a2aa0000a2aa0000821d0000821d 
  xmm2=0x0000ea0a0000ea0a0000f1a90000f1a9 xmm3=0x00006730000067300000ed300000ed30 
  xmm4=0x0000a7a60000a7a60000e7b60000e7b6 xmm5=0x0000a5a90000a5a900004ded00004ded 
  xmm6=0x000025d1000025d100008ac600008ac6 xmm7=0x0000bf5c0000bf5c000037b7000037b7 

0x7d: sbb ebx, [r14 +rbx]
  rax=0x0000968700009687 rbx=0x0000000000000d0b rcx=0x00000000000000e8 rdx=0x000000000000ffff
  rsi=0x0000000000001000 rdi=0x00000000000056f8 flags=0b000000000010
  xmm0=0x0000393d0000393d0000a2720000a272 xmm1=0x0000a2aa0000a2aa0000821d0000821d 
  xmm2=0x0000ea0a0000ea0a0000f1a90000f1a9 xmm3=0x00006730000067300000ed300000ed30 
  xmm4=0x0000a7a60000a7a60000e7b60000e7b6 xmm5=0x0000a5a90000a5a900004ded00004ded 
  xmm6=0x000025d1000025d100008ac600008ac6 xmm7=0x0000bf5c0000bf5c000037b7000037b7 

    > load from +0xd0b value 0xbafe00
0x81: cmovnl rbx, rsi
  rax=0x0000968700009687 rbx=0x00000000ff450f0b rcx=0x00000000000000e8 rdx=0x000000000000ffff
  rsi=0x0000000000001000 rdi=0x00000000000056f8 flags=0b000010000011
  xmm0=0x0000393d0000393d0000a2720000a272 xmm1=0x0000a2aa0000a2aa0000821d0000821d 
  xmm2=0x0000ea0a0000ea0a0000f1a90000f1a9 xmm3=0x00006730000067300000ed300000ed30 
  xmm4=0x0000a7a60000a7a60000e7b60000e7b6 xmm5=0x0000a5a90000a5a900004ded00004ded 
  xmm6=0x000025d1000025d100008ac600008ac6 xmm7=0x0000bf5c0000bf5c000037b7000037b7 

0x85: and rdi, 0b1111111111111
  rax=0x0000968700009687 rbx=0x00000000ff450f0b rcx=0x00000000000000e8 rdx=0x000000000000ffff
  rsi=0x0000000000001000 rdi=0x00000000000056f8 flags=0b000010000011
  xmm0=0x0000393d0000393d0000a2720000a272 xmm1=0x0000a2aa0000a2aa0000821d0000821d 
  xmm2=0x0000ea0a0000ea0a0000f1a90000f1a9 xmm3=0x00006730000067300000ed300000ed30 
  xmm4=0x0000a7a60000a7a60000e7b60000e7b6 xmm5=0x0000a5a90000a5a900004ded00004ded 
  xmm6=0x000025d1000025d100008ac600008ac6 xmm7=0x0000bf5c0000bf5c000037b7000037b7 

0x8c: sub si, [r14 +rdi]
  rax=0x0000968700009687 rbx=0x00000000ff450f0b rcx=0x00000000000000e8 rdx=0x000000000000ffff
  rsi=0x0000000000001000 rdi=0x00000000000016f8 flags=0b000000000010
  xmm0=0x0000393d0000393d0000a2720000a272 xmm1=0x0000a2aa0000a2aa0000821d0000821d 
  xmm2=0x0000ea0a0000ea0a0000f1a90000f1a9 xmm3=0x00006730000067300000ed300000ed30 
  xmm4=0x0000a7a60000a7a60000e7b60000e7b6 xmm5=0x0000a5a90000a5a900004ded00004ded 
  xmm6=0x000025d1000025d100008ac600008ac6 xmm7=0x0000bf5c0000bf5c000037b7000037b7 

    > load from +0x16f8 value 0x6706
0x91: movsx edi, dl
  rax=0x0000968700009687 rbx=0x00000000ff450f0b rcx=0x00000000000000e8 rdx=0x000000000000ffff
  rsi=0x000000000000a8fa rdi=0x00000000000016f8 flags=0b000010010111
  xmm0=0x0000393d0000393d0000a2720000a272 xmm1=0x0000a2aa0000a2aa0000821d0000821d 
  xmm2=0x0000ea0a0000ea0a0000f1a90000f1a9 xmm3=0x00006730000067300000ed300000ed30 
  xmm4=0x0000a7a60000a7a60000e7b60000e7b6 xmm5=0x0000a5a90000a5a900004ded00004ded 
  xmm6=0x000025d1000025d100008ac600008ac6 xmm7=0x0000bf5c0000bf5c000037b7000037b7 

0x94: and rsi, 0b1111111111111
  rax=0x0000968700009687 rbx=0x00000000ff450f0b rcx=0x00000000000000e8 rdx=0x000000000000ffff
  rsi=0x000000000000a8fa rdi=0x00000000ffffffff flags=0b000010010111
  xmm0=0x0000393d0000393d0000a2720000a272 xmm1=0x0000a2aa0000a2aa0000821d0000821d 
  xmm2=0x0000ea0a0000ea0a0000f1a90000f1a9 xmm3=0x00006730000067300000ed300000ed30 
  xmm4=0x0000a7a60000a7a60000e7b60000e7b6 xmm5=0x0000a5a90000a5a900004ded00004ded 
  xmm6=0x000025d1000025d100008ac600008ac6 xmm7=0x0000bf5c0000bf5c000037b7000037b7 

0x9b: imul [r14 +rsi]
  rax=0x0000968700009687 rbx=0x00000000ff450f0b rcx=0x00000000000000e8 rdx=0x000000000000ffff
  rsi=0x00000000000008fa rdi=0x00000000ffffffff flags=0b000000000110
  xmm0=0x0000393d0000393d0000a2720000a272 xmm1=0x0000a2aa0000a2aa0000821d0000821d 
  xmm2=0x0000ea0a0000ea0a0000f1a90000f1a9 xmm3=0x00006730000067300000ed300000ed30 
  xmm4=0x0000a7a60000a7a60000e7b60000e7b6 xmm5=0x0000a5a90000a5a900004ded00004ded 
  xmm6=0x000025d1000025d100008ac600008ac6 xmm7=0x0000bf5c0000bf5c000037b7000037b7 

    > load from +0x8fa value 0x4e930000
0x9f: mov rbx, rdx
  rax=0x0000000091850000 rbx=0x00000000ff450f0b rcx=0x00000000000000e8 rdx=0x0000000000002e33
  rsi=0x00000000000008fa rdi=0x00000000ffffffff flags=0b100010000111
  xmm0=0x0000393d0000393d0000a2720000a272 xmm1=0x0000a2aa0000a2aa0000821d0000821d 
  xmm2=0x0000ea0a0000ea0a0000f1a90000f1a9 xmm3=0x00006730000067300000ed300000ed30 
  xmm4=0x0000a7a60000a7a60000e7b60000e7b6 xmm5=0x0000a5a90000a5a900004ded00004ded 
  xmm6=0x000025d1000025d100008ac600008ac6 xmm7=0x0000bf5c0000bf5c000037b7000037b7 

0xa2: xor dil, sil
  rax=0x0000000091850000 rbx=0x0000000000002e33 rcx=0x00000000000000e8 rdx=0x0000000000002e33
  rsi=0x00000000000008fa rdi=0x00000000ffffffff flags=0b100010000111
  xmm0=0x0000393d0000393d0000a2720000a272 xmm1=0x0000a2aa0000a2aa0000821d0000821d 
  xmm2=0x0000ea0a0000ea0a0000f1a90000f1a9 xmm3=0x00006730000067300000ed300000ed30 
  xmm4=0x0000a7a60000a7a60000e7b60000e7b6 xmm5=0x0000a5a90000a5a900004ded00004ded 
  xmm6=0x000025d1000025d100008ac600008ac6 xmm7=0x0000bf5c0000bf5c000037b7000037b7 

0xa5: sub edx, esi
  rax=0x0000000091850000 rbx=0x0000000000002e33 rcx=0x00000000000000e8 rdx=0x0000000000002e33
  rsi=0x00000000000008fa rdi=0x00000000ffffff05 flags=0b000000000110
  xmm0=0x0000393d0000393d0000a2720000a272 xmm1=0x0000a2aa0000a2aa0000821d0000821d 
  xmm2=0x0000ea0a0000ea0a0000f1a90000f1a9 xmm3=0x00006730000067300000ed300000ed30 
  xmm4=0x0000a7a60000a7a60000e7b60000e7b6 xmm5=0x0000a5a90000a5a900004ded00004ded 
  xmm6=0x000025d1000025d100008ac600008ac6 xmm7=0x0000bf5c0000bf5c000037b7000037b7 

0xa7: and rbx, 0b1111111111111
  rax=0x0000000091850000 rbx=0x0000000000002e33 rcx=0x00000000000000e8 rdx=0x0000000000002539
  rsi=0x00000000000008fa rdi=0x00000000ffffff05 flags=0b000000010110
  xmm0=0x0000393d0000393d0000a2720000a272 xmm1=0x0000a2aa0000a2aa0000821d0000821d 
  xmm2=0x0000ea0a0000ea0a0000f1a90000f1a9 xmm3=0x00006730000067300000ed300000ed30 
  xmm4=0x0000a7a60000a7a60000e7b60000e7b6 xmm5=0x0000a5a90000a5a900004ded00004ded 
  xmm6=0x000025d1000025d100008ac600008ac6 xmm7=0x0000bf5c0000bf5c000037b7000037b7 

0xae: test [r14 +rbx], 21
  rax=0x0000000091850000 rbx=0x0000000000000e33 rcx=0x00000000000000e8 rdx=0x0000000000002539
  rsi=0x00000000000008fa rdi=0x00000000ffffff05 flags=0b000000000110
  xmm0=0x0000393d0000393d0000a2720000a272 xmm1=0x0000a2aa0000a2aa0000821d0000821d 
  xmm2=0x0000ea0a0000ea0a0000f1a90000f1a9 xmm3=0x00006730000067300000ed300000ed30 
  xmm4=0x0000a7a60000a7a60000e7b60000e7b6 xmm5=0x0000a5a90000a5a900004ded00004ded 
  xmm6=0x000025d1000025d100008ac600008ac6 xmm7=0x0000bf5c0000bf5c000037b7000037b7 

    > load from +0xe33 value 0x0
0xb3: and rsi, 0b1111111111111
  rax=0x0000000091850000 rbx=0x0000000000000e33 rcx=0x00000000000000e8 rdx=0x0000000000002539
  rsi=0x00000000000008fa rdi=0x00000000ffffff05 flags=0b000001000110
  xmm0=0x0000393d0000393d0000a2720000a272 xmm1=0x0000a2aa0000a2aa0000821d0000821d 
  xmm2=0x0000ea0a0000ea0a0000f1a90000f1a9 xmm3=0x00006730000067300000ed300000ed30 
  xmm4=0x0000a7a60000a7a60000e7b60000e7b6 xmm5=0x0000a5a90000a5a900004ded00004ded 
  xmm6=0x000025d1000025d100008ac600008ac6 xmm7=0x0000bf5c0000bf5c000037b7000037b7 

0xba: adc cl, [r14 +rsi]
  rax=0x0000000091850000 rbx=0x0000000000000e33 rcx=0x00000000000000e8 rdx=0x0000000000002539
  rsi=0x00000000000008fa rdi=0x00000000ffffff05 flags=0b000000000110
  xmm0=0x0000393d0000393d0000a2720000a272 xmm1=0x0000a2aa0000a2aa0000821d0000821d 
  xmm2=0x0000ea0a0000ea0a0000f1a90000f1a9 xmm3=0x00006730000067300000ed300000ed30 
  xmm4=0x0000a7a60000a7a60000e7b60000e7b6 xmm5=0x0000a5a90000a5a900004ded00004ded 
  xmm6=0x000025d1000025d100008ac600008ac6 xmm7=0x0000bf5c0000bf5c000037b7000037b7 

    > load from +0x8fa value 0x0
0xbe: cmovbe cx, di
  rax=0x0000000091850000 rbx=0x0000000000000e33 rcx=0x00000000000000e8 rdx=0x0000000000002539
  rsi=0x00000000000008fa rdi=0x00000000ffffff05 flags=0b000010000110
  xmm0=0x0000393d0000393d0000a2720000a272 xmm1=0x0000a2aa0000a2aa0000821d0000821d 
  xmm2=0x0000ea0a0000ea0a0000f1a90000f1a9 xmm3=0x00006730000067300000ed300000ed30 
  xmm4=0x0000a7a60000a7a60000e7b60000e7b6 xmm5=0x0000a5a90000a5a900004ded00004ded 
  xmm6=0x000025d1000025d100008ac600008ac6 xmm7=0x0000bf5c0000bf5c000037b7000037b7 

0xc2: and rdx, 0b1111111111111
  rax=0x0000000091850000 rbx=0x0000000000000e33 rcx=0x00000000000000e8 rdx=0x0000000000002539
  rsi=0x00000000000008fa rdi=0x00000000ffffff05 flags=0b000010000110
  xmm0=0x0000393d0000393d0000a2720000a272 xmm1=0x0000a2aa0000a2aa0000821d0000821d 
  xmm2=0x0000ea0a0000ea0a0000f1a90000f1a9 xmm3=0x00006730000067300000ed300000ed30 
  xmm4=0x0000a7a60000a7a60000e7b60000e7b6 xmm5=0x0000a5a90000a5a900004ded00004ded 
  xmm6=0x000025d1000025d100008ac600008ac6 xmm7=0x0000bf5c0000bf5c000037b7000037b7 

0xc9: bt [r14 +rdx], 142
  rax=0x0000000091850000 rbx=0x0000000000000e33 rcx=0x00000000000000e8 rdx=0x0000000000000539
  rsi=0x00000000000008fa rdi=0x00000000ffffff05 flags=0b000000000110
  xmm0=0x0000393d0000393d0000a2720000a272 xmm1=0x0000a2aa0000a2aa0000821d0000821d 
  xmm2=0x0000ea0a0000ea0a0000f1a90000f1a9 xmm3=0x00006730000067300000ed300000ed30 
  xmm4=0x0000a7a60000a7a60000e7b60000e7b6 xmm5=0x0000a5a90000a5a900004ded00004ded 
  xmm6=0x000025d1000025d100008ac600008ac6 xmm7=0x0000bf5c0000bf5c000037b7000037b7 

    > load from +0x539 value 0xb00000b7510000b7
0xcf: and rsi, 0b1111111111111
  rax=0x0000000091850000 rbx=0x0000000000000e33 rcx=0x00000000000000e8 rdx=0x0000000000000539
  rsi=0x00000000000008fa rdi=0x00000000ffffff05 flags=0b000000000110
  xmm0=0x0000393d0000393d0000a2720000a272 xmm1=0x0000a2aa0000a2aa0000821d0000821d 
  xmm2=0x0000ea0a0000ea0a0000f1a90000f1a9 xmm3=0x00006730000067300000ed300000ed30 
  xmm4=0x0000a7a60000a7a60000e7b60000e7b6 xmm5=0x0000a5a90000a5a900004ded00004ded 
  xmm6=0x000025d1000025d100008ac600008ac6 xmm7=0x0000bf5c0000bf5c000037b7000037b7 

0xd6: cmp rdi, [r14 +rsi]
  rax=0x0000000091850000 rbx=0x0000000000000e33 rcx=0x00000000000000e8 rdx=0x0000000000000539
  rsi=0x00000000000008fa rdi=0x00000000ffffff05 flags=0b000000000110
  xmm0=0x0000393d0000393d0000a2720000a272 xmm1=0x0000a2aa0000a2aa0000821d0000821d 
  xmm2=0x0000ea0a0000ea0a0000f1a90000f1a9 xmm3=0x00006730000067300000ed300000ed30 
  xmm4=0x0000a7a60000a7a60000e7b60000e7b6 xmm5=0x0000a5a90000a5a900004ded00004ded 
  xmm6=0x000025d1000025d100008ac600008ac6 xmm7=0x0000bf5c0000bf5c000037b7000037b7 

    > load from +0x8fa value 0xf03600004e930000
0xda: and rsi, 0b1111111111111
  rax=0x0000000091850000 rbx=0x0000000000000e33 rcx=0x00000000000000e8 rdx=0x0000000000000539
  rsi=0x00000000000008fa rdi=0x00000000ffffff05 flags=0b000000000111
  xmm0=0x0000393d0000393d0000a2720000a272 xmm1=0x0000a2aa0000a2aa0000821d0000821d 
  xmm2=0x0000ea0a0000ea0a0000f1a90000f1a9 xmm3=0x00006730000067300000ed300000ed30 
  xmm4=0x0000a7a60000a7a60000e7b60000e7b6 xmm5=0x0000a5a90000a5a900004ded00004ded 
  xmm6=0x000025d1000025d100008ac600008ac6 xmm7=0x0000bf5c0000bf5c000037b7000037b7 

0xe1: cmovo edi, [r14 +rsi]
  rax=0x0000000091850000 rbx=0x0000000000000e33 rcx=0x00000000000000e8 rdx=0x0000000000000539
  rsi=0x00000000000008fa rdi=0x00000000ffffff05 flags=0b000000000110
  xmm0=0x0000393d0000393d0000a2720000a272 xmm1=0x0000a2aa0000a2aa0000821d0000821d 
  xmm2=0x0000ea0a0000ea0a0000f1a90000f1a9 xmm3=0x00006730000067300000ed300000ed30 
  xmm4=0x0000a7a60000a7a60000e7b60000e7b6 xmm5=0x0000a5a90000a5a900004ded00004ded 
  xmm6=0x000025d1000025d100008ac600008ac6 xmm7=0x0000bf5c0000bf5c000037b7000037b7 

    > load from +0x8fa value 0x4e930000
0xe6: or ecx, 0b1000
  rax=0x0000000091850000 rbx=0x0000000000000e33 rcx=0x00000000000000e8 rdx=0x0000000000000539
  rsi=0x00000000000008fa rdi=0x00000000ffffff05 flags=0b000000000110
  xmm0=0x0000393d0000393d0000a2720000a272 xmm1=0x0000a2aa0000a2aa0000821d0000821d 
  xmm2=0x0000ea0a0000ea0a0000f1a90000f1a9 xmm3=0x00006730000067300000ed300000ed30 
  xmm4=0x0000a7a60000a7a60000e7b60000e7b6 xmm5=0x0000a5a90000a5a900004ded00004ded 
  xmm6=0x000025d1000025d100008ac600008ac6 xmm7=0x0000bf5c0000bf5c000037b7000037b7 

0xe9: and cl, 0b11111000
  rax=0x0000000091850000 rbx=0x0000000000000e33 rcx=0x00000000000000e8 rdx=0x0000000000000539
  rsi=0x00000000000008fa rdi=0x00000000ffffff05 flags=0b000000000110
  xmm0=0x0000393d0000393d0000a2720000a272 xmm1=0x0000a2aa0000a2aa0000821d0000821d 
  xmm2=0x0000ea0a0000ea0a0000f1a90000f1a9 xmm3=0x00006730000067300000ed300000ed30 
  xmm4=0x0000a7a60000a7a60000e7b60000e7b6 xmm5=0x0000a5a90000a5a900004ded00004ded 
  xmm6=0x000025d1000025d100008ac600008ac6 xmm7=0x0000bf5c0000bf5c000037b7000037b7 

0xec: and edx, 0b11
  rax=0x0000000091850000 rbx=0x0000000000000e33 rcx=0x00000000000000e8 rdx=0x0000000000000539
  rsi=0x00000000000008fa rdi=0x00000000ffffff05 flags=0b000010000110
  xmm0=0x0000393d0000393d0000a2720000a272 xmm1=0x0000a2aa0000a2aa0000821d0000821d 
  xmm2=0x0000ea0a0000ea0a0000f1a90000f1a9 xmm3=0x00006730000067300000ed300000ed30 
  xmm4=0x0000a7a60000a7a60000e7b60000e7b6 xmm5=0x0000a5a90000a5a900004ded00004ded 
  xmm6=0x000025d1000025d100008ac600008ac6 xmm7=0x0000bf5c0000bf5c000037b7000037b7 

0xef: idiv ecx
  rax=0x0000000091850000 rbx=0x0000000000000e33 rcx=0x00000000000000e8 rdx=0x0000000000000001
  rsi=0x00000000000008fa rdi=0x00000000ffffff05 flags=0b000000000010
  xmm0=0x0000393d0000393d0000a2720000a272 xmm1=0x0000a2aa0000a2aa0000821d0000821d 
  xmm2=0x0000ea0a0000ea0a0000f1a90000f1a9 xmm3=0x00006730000067300000ed300000ed30 
  xmm4=0x0000a7a60000a7a60000e7b60000e7b6 xmm5=0x0000a5a90000a5a900004ded00004ded 
  xmm6=0x000025d1000025d100008ac600008ac6 xmm7=0x0000bf5c0000bf5c000037b7000037b7 

0xf1: add sil, 121
  rax=0x0000000001bb0e58 rbx=0x0000000000000e33 rcx=0x00000000000000e8 rdx=0x0000000000000040
  rsi=0x00000000000008fa rdi=0x00000000ffffff05 flags=0b000000000010
  xmm0=0x0000393d0000393d0000a2720000a272 xmm1=0x0000a2aa0000a2aa0000821d0000821d 
  xmm2=0x0000ea0a0000ea0a0000f1a90000f1a9 xmm3=0x00006730000067300000ed300000ed30 
  xmm4=0x0000a7a60000a7a60000e7b60000e7b6 xmm5=0x0000a5a90000a5a900004ded00004ded 
  xmm6=0x000025d1000025d100008ac600008ac6 xmm7=0x0000bf5c0000bf5c000037b7000037b7 

0xf5: and rdi, 0b1111111111111
  rax=0x0000000001bb0e58 rbx=0x0000000000000e33 rcx=0x00000000000000e8 rdx=0x0000000000000040
  rsi=0x0000000000000873 rdi=0x00000000ffffff05 flags=0b000000010011
  xmm0=0x0000393d0000393d0000a2720000a272 xmm1=0x0000a2aa0000a2aa0000821d0000821d 
  xmm2=0x0000ea0a0000ea0a0000f1a90000f1a9 xmm3=0x00006730000067300000ed300000ed30 
  xmm4=0x0000a7a60000a7a60000e7b60000e7b6 xmm5=0x0000a5a90000a5a900004ded00004ded 
  xmm6=0x000025d1000025d100008ac600008ac6 xmm7=0x0000bf5c0000bf5c000037b7000037b7 

0xfc: cmovp rbx, [r14 +rdi]
  rax=0x0000000001bb0e58 rbx=0x0000000000000e33 rcx=0x00000000000000e8 rdx=0x0000000000000040
  rsi=0x0000000000000873 rdi=0x0000000000001f05 flags=0b000000000110
  xmm0=0x0000393d0000393d0000a2720000a272 xmm1=0x0000a2aa0000a2aa0000821d0000821d 
  xmm2=0x0000ea0a0000ea0a0000f1a90000f1a9 xmm3=0x00006730000067300000ed300000ed30 
  xmm4=0x0000a7a60000a7a60000e7b60000e7b6 xmm5=0x0000a5a90000a5a900004ded00004ded 
  xmm6=0x000025d1000025d100008ac600008ac6 xmm7=0x0000bf5c0000bf5c000037b7000037b7 

    > load from +0x1f05 value 0x8900005f890000fc
0x101: and rax, 0b1111111111111
  rax=0x0000000001bb0e58 rbx=0x8900005f890000fc rcx=0x00000000000000e8 rdx=0x0000000000000040
  rsi=0x0000000000000873 rdi=0x0000000000001f05 flags=0b000000000110
  xmm0=0x0000393d0000393d0000a2720000a272 xmm1=0x0000a2aa0000a2aa0000821d0000821d 
  xmm2=0x0000ea0a0000ea0a0000f1a90000f1a9 xmm3=0x00006730000067300000ed300000ed30 
  xmm4=0x0000a7a60000a7a60000e7b60000e7b6 xmm5=0x0000a5a90000a5a900004ded00004ded 
  xmm6=0x000025d1000025d100008ac600008ac6 xmm7=0x0000bf5c0000bf5c000037b7000037b7 

0x107: cmovl rdi, [r14 +rax]
  rax=0x0000000000000e58 rbx=0x8900005f890000fc rcx=0x00000000000000e8 rdx=0x0000000000000040
  rsi=0x0000000000000873 rdi=0x0000000000001f05 flags=0b000000000010
  xmm0=0x0000393d0000393d0000a2720000a272 xmm1=0x0000a2aa0000a2aa0000821d0000821d 
  xmm2=0x0000ea0a0000ea0a0000f1a90000f1a9 xmm3=0x00006730000067300000ed300000ed30 
  xmm4=0x0000a7a60000a7a60000e7b60000e7b6 xmm5=0x0000a5a90000a5a900004ded00004ded 
  xmm6=0x000025d1000025d100008ac600008ac6 xmm7=0x0000bf5c0000bf5c000037b7000037b7 

    > load from +0xe58 value 0xd2f40000d2f4
0x10c: cmovl ebx, ebx
  rax=0x0000000000000e58 rbx=0x8900005f890000fc rcx=0x00000000000000e8 rdx=0x0000000000000040
  rsi=0x0000000000000873 rdi=0x0000000000001f05 flags=0b000000000010
  xmm0=0x0000393d0000393d0000a2720000a272 xmm1=0x0000a2aa0000a2aa0000821d0000821d 
  xmm2=0x0000ea0a0000ea0a0000f1a90000f1a9 xmm3=0x00006730000067300000ed300000ed30 
  xmm4=0x0000a7a60000a7a60000e7b60000e7b6 xmm5=0x0000a5a90000a5a900004ded00004ded 
  xmm6=0x000025d1000025d100008ac600008ac6 xmm7=0x0000bf5c0000bf5c000037b7000037b7 

0x10f: and rdx, 0b1111111111111
  rax=0x0000000000000e58 rbx=0x00000000890000fc rcx=0x00000000000000e8 rdx=0x0000000000000040
  rsi=0x0000000000000873 rdi=0x0000000000001f05 flags=0b000000000010
  xmm0=0x0000393d0000393d0000a2720000a272 xmm1=0x0000a2aa0000a2aa0000821d0000821d 
  xmm2=0x0000ea0a0000ea0a0000f1a90000f1a9 xmm3=0x00006730000067300000ed300000ed30 
  xmm4=0x0000a7a60000a7a60000e7b60000e7b6 xmm5=0x0000a5a90000a5a900004ded00004ded 
  xmm6=0x000025d1000025d100008ac600008ac6 xmm7=0x0000bf5c0000bf5c000037b7000037b7 

0x116: cmp edi, [r14 +rdx]
  rax=0x0000000000000e58 rbx=0x00000000890000fc rcx=0x00000000000000e8 rdx=0x0000000000000040
  rsi=0x0000000000000873 rdi=0x0000000000001f05 flags=0b000000000010
  xmm0=0x0000393d0000393d0000a2720000a272 xmm1=0x0000a2aa0000a2aa0000821d0000821d 
  xmm2=0x0000ea0a0000ea0a0000f1a90000f1a9 xmm3=0x00006730000067300000ed300000ed30 
  xmm4=0x0000a7a60000a7a60000e7b60000e7b6 xmm5=0x0000a5a90000a5a900004ded00004ded 
  xmm6=0x000025d1000025d100008ac600008ac6 xmm7=0x0000bf5c0000bf5c000037b7000037b7 

    > load from +0x40 value 0xc677
0x11a: and rax, 0b1111111111111
  rax=0x0000000000000e58 rbx=0x00000000890000fc rcx=0x00000000000000e8 rdx=0x0000000000000040
  rsi=0x0000000000000873 rdi=0x0000000000001f05 flags=0b000010010111
  xmm0=0x0000393d0000393d0000a2720000a272 xmm1=0x0000a2aa0000a2aa0000821d0000821d 
  xmm2=0x0000ea0a0000ea0a0000f1a90000f1a9 xmm3=0x00006730000067300000ed300000ed30 
  xmm4=0x0000a7a60000a7a60000e7b60000e7b6 xmm5=0x0000a5a90000a5a900004ded00004ded 
  xmm6=0x000025d1000025d100008ac600008ac6 xmm7=0x0000bf5c0000bf5c000037b7000037b7 

0x120: adc bl, [r14 +rax]
  rax=0x0000000000000e58 rbx=0x00000000890000fc rcx=0x00000000000000e8 rdx=0x0000000000000040
  rsi=0x0000000000000873 rdi=0x0000000000001f05 flags=0b000000000010
  xmm0=0x0000393d0000393d0000a2720000a272 xmm1=0x0000a2aa0000a2aa0000821d0000821d 
  xmm2=0x0000ea0a0000ea0a0000f1a90000f1a9 xmm3=0x00006730000067300000ed300000ed30 
  xmm4=0x0000a7a60000a7a60000e7b60000e7b6 xmm5=0x0000a5a90000a5a900004ded00004ded 
  xmm6=0x000025d1000025d100008ac600008ac6 xmm7=0x0000bf5c0000bf5c000037b7000037b7 

    > load from +0xe58 value 0xf4
0x124: cmovz rax, rbx
  rax=0x0000000000000e58 rbx=0x00000000890000f0 rcx=0x00000000000000e8 rdx=0x0000000000000040
  rsi=0x0000000000000873 rdi=0x0000000000001f05 flags=0b000010010111
  xmm0=0x0000393d0000393d0000a2720000a272 xmm1=0x0000a2aa0000a2aa0000821d0000821d 
  xmm2=0x0000ea0a0000ea0a0000f1a90000f1a9 xmm3=0x00006730000067300000ed300000ed30 
  xmm4=0x0000a7a60000a7a60000e7b60000e7b6 xmm5=0x0000a5a90000a5a900004ded00004ded 
  xmm6=0x000025d1000025d100008ac600008ac6 xmm7=0x0000bf5c0000bf5c000037b7000037b7 

0x128: add esi, eax
  rax=0x0000000000000e58 rbx=0x00000000890000f0 rcx=0x00000000000000e8 rdx=0x0000000000000040
  rsi=0x0000000000000873 rdi=0x0000000000001f05 flags=0b000010010111
  xmm0=0x0000393d0000393d0000a2720000a272 xmm1=0x0000a2aa0000a2aa0000821d0000821d 
  xmm2=0x0000ea0a0000ea0a0000f1a90000f1a9 xmm3=0x00006730000067300000ed300000ed30 
  xmm4=0x0000a7a60000a7a60000e7b60000e7b6 xmm5=0x0000a5a90000a5a900004ded00004ded 
  xmm6=0x000025d1000025d100008ac600008ac6 xmm7=0x0000bf5c0000bf5c000037b7000037b7 

0x12a: and rdi, 0b1111111111111
  rax=0x0000000000000e58 rbx=0x00000000890000f0 rcx=0x00000000000000e8 rdx=0x0000000000000040
  rsi=0x00000000000016cb rdi=0x0000000000001f05 flags=0b000000000010
  xmm0=0x0000393d0000393d0000a2720000a272 xmm1=0x0000a2aa0000a2aa0000821d0000821d 
  xmm2=0x0000ea0a0000ea0a0000f1a90000f1a9 xmm3=0x00006730000067300000ed300000ed30 
  xmm4=0x0000a7a60000a7a60000e7b60000e7b6 xmm5=0x0000a5a90000a5a900004ded00004ded 
  xmm6=0x000025d1000025d100008ac600008ac6 xmm7=0x0000bf5c0000bf5c000037b7000037b7 

0x131: cmovnb cx, [r14 +rdi]
  rax=0x0000000000000e58 rbx=0x00000000890000f0 rcx=0x00000000000000e8 rdx=0x0000000000000040
  rsi=0x00000000000016cb rdi=0x0000000000001f05 flags=0b000000000110
  xmm0=0x0000393d0000393d0000a2720000a272 xmm1=0x0000a2aa0000a2aa0000821d0000821d 
  xmm2=0x0000ea0a0000ea0a0000f1a90000f1a9 xmm3=0x00006730000067300000ed300000ed30 
  xmm4=0x0000a7a60000a7a60000e7b60000e7b6 xmm5=0x0000a5a90000a5a900004ded00004ded 
  xmm6=0x000025d1000025d100008ac600008ac6 xmm7=0x0000bf5c0000bf5c000037b7000037b7 

    > load from +0x1f05 value 0xfc
0x137: and rdi, 0b1111111111111
  rax=0x0000000000000e58 rbx=0x00000000890000f0 rcx=0x00000000000000fc rdx=0x0000000000000040
  rsi=0x00000000000016cb rdi=0x0000000000001f05 flags=0b000000000110
  xmm0=0x0000393d0000393d0000a2720000a272 xmm1=0x0000a2aa0000a2aa0000821d0000821d 
  xmm2=0x0000ea0a0000ea0a0000f1a90000f1a9 xmm3=0x00006730000067300000ed300000ed30 
  xmm4=0x0000a7a60000a7a60000e7b60000e7b6 xmm5=0x0000a5a90000a5a900004ded00004ded 
  xmm6=0x000025d1000025d100008ac600008ac6 xmm7=0x0000bf5c0000bf5c000037b7000037b7 

0x13e: and al, [r14 +rdi]
  rax=0x0000000000000e58 rbx=0x00000000890000f0 rcx=0x00000000000000fc rdx=0x0000000000000040
  rsi=0x00000000000016cb rdi=0x0000000000001f05 flags=0b000000000110
  xmm0=0x0000393d0000393d0000a2720000a272 xmm1=0x0000a2aa0000a2aa0000821d0000821d 
  xmm2=0x0000ea0a0000ea0a0000f1a90000f1a9 xmm3=0x00006730000067300000ed300000ed30 
  xmm4=0x0000a7a60000a7a60000e7b60000e7b6 xmm5=0x0000a5a90000a5a900004ded00004ded 
  xmm6=0x000025d1000025d100008ac600008ac6 xmm7=0x0000bf5c0000bf5c000037b7000037b7 

    > load from +0x1f05 value 0xfc
0x142: and rdx, 0b1111111111111
  rax=0x0000000000000e58 rbx=0x00000000890000f0 rcx=0x00000000000000fc rdx=0x0000000000000040
  rsi=0x00000000000016cb rdi=0x0000000000001f05 flags=0b000000000010
  xmm0=0x0000393d0000393d0000a2720000a272 xmm1=0x0000a2aa0000a2aa0000821d0000821d 
  xmm2=0x0000ea0a0000ea0a0000f1a90000f1a9 xmm3=0x00006730000067300000ed300000ed30 
  xmm4=0x0000a7a60000a7a60000e7b60000e7b6 xmm5=0x0000a5a90000a5a900004ded00004ded 
  xmm6=0x000025d1000025d100008ac600008ac6 xmm7=0x0000bf5c0000bf5c000037b7000037b7 

0x149: cmovp edx, [r14 +rdx]
  rax=0x0000000000000e58 rbx=0x00000000890000f0 rcx=0x00000000000000fc rdx=0x0000000000000040
  rsi=0x00000000000016cb rdi=0x0000000000001f05 flags=0b000000000010
  xmm0=0x0000393d0000393d0000a2720000a272 xmm1=0x0000a2aa0000a2aa0000821d0000821d 
  xmm2=0x0000ea0a0000ea0a0000f1a90000f1a9 xmm3=0x00006730000067300000ed300000ed30 
  xmm4=0x0000a7a60000a7a60000e7b60000e7b6 xmm5=0x0000a5a90000a5a900004ded00004ded 
  xmm6=0x000025d1000025d100008ac600008ac6 xmm7=0x0000bf5c0000bf5c000037b7000037b7 

    > load from +0x40 value 0xc677
0x14e: and rsi, 0b1111111111111
  rax=0x0000000000000e58 rbx=0x00000000890000f0 rcx=0x00000000000000fc rdx=0x0000000000000040
  rsi=0x00000000000016cb rdi=0x0000000000001f05 flags=0b000000000010
  xmm0=0x0000393d0000393d0000a2720000a272 xmm1=0x0000a2aa0000a2aa0000821d0000821d 
  xmm2=0x0000ea0a0000ea0a0000f1a90000f1a9 xmm3=0x00006730000067300000ed300000ed30 
  xmm4=0x0000a7a60000a7a60000e7b60000e7b6 xmm5=0x0000a5a90000a5a900004ded00004ded 
  xmm6=0x000025d1000025d100008ac600008ac6 xmm7=0x0000bf5c0000bf5c000037b7000037b7 

0x155: mov ax, [r14 +rsi]
  rax=0x0000000000000e58 rbx=0x00000000890000f0 rcx=0x00000000000000fc rdx=0x0000000000000040
  rsi=0x00000000000016cb rdi=0x0000000000001f05 flags=0b000000000010
  xmm0=0x0000393d0000393d0000a2720000a272 xmm1=0x0000a2aa0000a2aa0000821d0000821d 
  xmm2=0x0000ea0a0000ea0a0000f1a90000f1a9 xmm3=0x00006730000067300000ed300000ed30 
  xmm4=0x0000a7a60000a7a60000e7b60000e7b6 xmm5=0x0000a5a90000a5a900004ded00004ded 
  xmm6=0x000025d1000025d100008ac600008ac6 xmm7=0x0000bf5c0000bf5c000037b7000037b7 

    > load from +0x16cb value 0xf200
0x15a: and rdi, 0b1111111111111
  rax=0x000000000000f200 rbx=0x00000000890000f0 rcx=0x00000000000000fc rdx=0x0000000000000040
  rsi=0x00000000000016cb rdi=0x0000000000001f05 flags=0b000000000010
  xmm0=0x0000393d0000393d0000a2720000a272 xmm1=0x0000a2aa0000a2aa0000821d0000821d 
  xmm2=0x0000ea0a0000ea0a0000f1a90000f1a9 xmm3=0x00006730000067300000ed300000ed30 
  xmm4=0x0000a7a60000a7a60000e7b60000e7b6 xmm5=0x0000a5a90000a5a900004ded00004ded 
  xmm6=0x000025d1000025d100008ac600008ac6 xmm7=0x0000bf5c0000bf5c000037b7000037b7 

0x161: imul edx, [r14 +rdi], 35
  rax=0x000000000000f200 rbx=0x00000000890000f0 rcx=0x00000000000000fc rdx=0x0000000000000040
  rsi=0x00000000000016cb rdi=0x0000000000001f05 flags=0b000000000110
  xmm0=0x0000393d0000393d0000a2720000a272 xmm1=0x0000a2aa0000a2aa0000821d0000821d 
  xmm2=0x0000ea0a0000ea0a0000f1a90000f1a9 xmm3=0x00006730000067300000ed300000ed30 
  xmm4=0x0000a7a60000a7a60000e7b60000e7b6 xmm5=0x0000a5a90000a5a900004ded00004ded 
  xmm6=0x000025d1000025d100008ac600008ac6 xmm7=0x0000bf5c0000bf5c000037b7000037b7 

    > load from +0x1f05 value 0x890000fc
0x166: imul dil
  rax=0x000000000000f200 rbx=0x00000000890000f0 rcx=0x00000000000000fc rdx=0x00000000bb002274
  rsi=0x00000000000016cb rdi=0x0000000000001f05 flags=0b100010000111
  xmm0=0x0000393d0000393d0000a2720000a272 xmm1=0x0000a2aa0000a2aa0000821d0000821d 
  xmm2=0x0000ea0a0000ea0a0000f1a90000f1a9 xmm3=0x00006730000067300000ed300000ed30 
  xmm4=0x0000a7a60000a7a60000e7b60000e7b6 xmm5=0x0000a5a90000a5a900004ded00004ded 
  xmm6=0x000025d1000025d100008ac600008ac6 xmm7=0x0000bf5c0000bf5c000037b7000037b7 

0x169: xor rbx, 80
  rax=0x0000000000000000 rbx=0x00000000890000f0 rcx=0x00000000000000fc rdx=0x00000000bb002274
  rsi=0x00000000000016cb rdi=0x0000000000001f05 flags=0b000001000110
  xmm0=0x0000393d0000393d0000a2720000a272 xmm1=0x0000a2aa0000a2aa0000821d0000821d 
  xmm2=0x0000ea0a0000ea0a0000f1a90000f1a9 xmm3=0x00006730000067300000ed300000ed30 
  xmm4=0x0000a7a60000a7a60000e7b60000e7b6 xmm5=0x0000a5a90000a5a900004ded00004ded 
  xmm6=0x000025d1000025d100008ac600008ac6 xmm7=0x0000bf5c0000bf5c000037b7000037b7 

0x16d: and rdi, 0b1111111111111
  rax=0x0000000000000000 rbx=0x00000000890000a0 rcx=0x00000000000000fc rdx=0x00000000bb002274
  rsi=0x00000000000016cb rdi=0x0000000000001f05 flags=0b000000000110
  xmm0=0x0000393d0000393d0000a2720000a272 xmm1=0x0000a2aa0000a2aa0000821d0000821d 
  xmm2=0x0000ea0a0000ea0a0000f1a90000f1a9 xmm3=0x00006730000067300000ed300000ed30 
  xmm4=0x0000a7a60000a7a60000e7b60000e7b6 xmm5=0x0000a5a90000a5a900004ded00004ded 
  xmm6=0x000025d1000025d100008ac600008ac6 xmm7=0x0000bf5c0000bf5c000037b7000037b7 

0x174: mov rax, [r14 +rdi]
  rax=0x0000000000000000 rbx=0x00000000890000a0 rcx=0x00000000000000fc rdx=0x00000000bb002274
  rsi=0x00000000000016cb rdi=0x0000000000001f05 flags=0b000000000110
  xmm0=0x0000393d0000393d0000a2720000a272 xmm1=0x0000a2aa0000a2aa0000821d0000821d 
  xmm2=0x0000ea0a0000ea0a0000f1a90000f1a9 xmm3=0x00006730000067300000ed300000ed30 
  xmm4=0x0000a7a60000a7a60000e7b60000e7b6 xmm5=0x0000a5a90000a5a900004ded00004ded 
  xmm6=0x000025d1000025d100008ac600008ac6 xmm7=0x0000bf5c0000bf5c000037b7000037b7 

    > load from +0x1f05 value 0x8900005f890000fc
0x178: or bl, 1
  rax=0x8900005f890000fc rbx=0x00000000890000a0 rcx=0x00000000000000fc rdx=0x00000000bb002274
  rsi=0x00000000000016cb rdi=0x0000000000001f05 flags=0b000000000110
  xmm0=0x0000393d0000393d0000a2720000a272 xmm1=0x0000a2aa0000a2aa0000821d0000821d 
  xmm2=0x0000ea0a0000ea0a0000f1a90000f1a9 xmm3=0x00006730000067300000ed300000ed30 
  xmm4=0x0000a7a60000a7a60000e7b60000e7b6 xmm5=0x0000a5a90000a5a900004ded00004ded 
  xmm6=0x000025d1000025d100008ac600008ac6 xmm7=0x0000bf5c0000bf5c000037b7000037b7 

0x17b: mov ax, 1
  rax=0x8900005f890000fc rbx=0x00000000890000a1 rcx=0x00000000000000fc rdx=0x00000000bb002274
  rsi=0x00000000000016cb rdi=0x0000000000001f05 flags=0b000010000010
  xmm0=0x0000393d0000393d0000a2720000a272 xmm1=0x0000a2aa0000a2aa0000821d0000821d 
  xmm2=0x0000ea0a0000ea0a0000f1a90000f1a9 xmm3=0x00006730000067300000ed300000ed30 
  xmm4=0x0000a7a60000a7a60000e7b60000e7b6 xmm5=0x0000a5a90000a5a900004ded00004ded 
  xmm6=0x000025d1000025d100008ac600008ac6 xmm7=0x0000bf5c0000bf5c000037b7000037b7 

0x17f: div bl
  rax=0x8900005f89000001 rbx=0x00000000890000a1 rcx=0x00000000000000fc rdx=0x00000000bb002274
  rsi=0x00000000000016cb rdi=0x0000000000001f05 flags=0b000010000010
  xmm0=0x0000393d0000393d0000a2720000a272 xmm1=0x0000a2aa0000a2aa0000821d0000821d 
  xmm2=0x0000ea0a0000ea0a0000f1a90000f1a9 xmm3=0x00006730000067300000ed300000ed30 
  xmm4=0x0000a7a60000a7a60000e7b60000e7b6 xmm5=0x0000a5a90000a5a900004ded00004ded 
  xmm6=0x000025d1000025d100008ac600008ac6 xmm7=0x0000bf5c0000bf5c000037b7000037b7 

0x181: and rdx, 0b1111111111111
  rax=0x8900005f89000100 rbx=0x00000000890000a1 rcx=0x00000000000000fc rdx=0x00000000bb002274
  rsi=0x00000000000016cb rdi=0x0000000000001f05 flags=0b000010000010
  xmm0=0x0000393d0000393d0000a2720000a272 xmm1=0x0000a2aa0000a2aa0000821d0000821d 
  xmm2=0x0000ea0a0000ea0a0000f1a90000f1a9 xmm3=0x00006730000067300000ed300000ed30 
  xmm4=0x0000a7a60000a7a60000e7b60000e7b6 xmm5=0x0000a5a90000a5a900004ded00004ded 
  xmm6=0x000025d1000025d100008ac600008ac6 xmm7=0x0000bf5c0000bf5c000037b7000037b7 

0x188: mov ax, [r14 +rdx]
  rax=0x8900005f89000100 rbx=0x00000000890000a1 rcx=0x00000000000000fc rdx=0x0000000000000274
  rsi=0x00000000000016cb rdi=0x0000000000001f05 flags=0b000000000110
  xmm0=0x0000393d0000393d0000a2720000a272 xmm1=0x0000a2aa0000a2aa0000821d0000821d 
  xmm2=0x0000ea0a0000ea0a0000f1a90000f1a9 xmm3=0x00006730000067300000ed300000ed30 
  xmm4=0x0000a7a60000a7a60000e7b60000e7b6 xmm5=0x0000a5a90000a5a900004ded00004ded 
  xmm6=0x000025d1000025d100008ac600008ac6 xmm7=0x0000bf5c0000bf5c000037b7000037b7 

    > load from +0x274 value 0xe467
0x18d: and rsi, 0b1111111111111
  rax=0x8900005f8900e467 rbx=0x00000000890000a1 rcx=0x00000000000000fc rdx=0x0000000000000274
  rsi=0x00000000000016cb rdi=0x0000000000001f05 flags=0b000000000110
  xmm0=0x0000393d0000393d0000a2720000a272 xmm1=0x0000a2aa0000a2aa0000821d0000821d 
  xmm2=0x0000ea0a0000ea0a0000f1a90000f1a9 xmm3=0x00006730000067300000ed300000ed30 
  xmm4=0x0000a7a60000a7a60000e7b60000e7b6 xmm5=0x0000a5a90000a5a900004ded00004ded 
  xmm6=0x000025d1000025d100008ac600008ac6 xmm7=0x0000bf5c0000bf5c000037b7000037b7 

0x194: or [r14 +rsi], 1
  rax=0x8900005f8900e467 rbx=0x00000000890000a1 rcx=0x00000000000000fc rdx=0x0000000000000274
  rsi=0x00000000000016cb rdi=0x0000000000001f05 flags=0b000000000010
  xmm0=0x0000393d0000393d0000a2720000a272 xmm1=0x0000a2aa0000a2aa0000821d0000821d 
  xmm2=0x0000ea0a0000ea0a0000f1a90000f1a9 xmm3=0x00006730000067300000ed300000ed30 
  xmm4=0x0000a7a60000a7a60000e7b60000e7b6 xmm5=0x0000a5a90000a5a900004ded00004ded 
  xmm6=0x000025d1000025d100008ac600008ac6 xmm7=0x0000bf5c0000bf5c000037b7000037b7 

    > load from +0x16cb value 0xfff200
    > store to +0x16cb value 0xfff201
0x199: and edx, [r14 +rsi]
  rax=0x8900005f8900e467 rbx=0x00000000890000a1 rcx=0x00000000000000fc rdx=0x0000000000000274
  rsi=0x00000000000016cb rdi=0x0000000000001f05 flags=0b000000000010
  xmm0=0x0000393d0000393d0000a2720000a272 xmm1=0x0000a2aa0000a2aa0000821d0000821d 
  xmm2=0x0000ea0a0000ea0a0000f1a90000f1a9 xmm3=0x00006730000067300000ed300000ed30 
  xmm4=0x0000a7a60000a7a60000e7b60000e7b6 xmm5=0x0000a5a90000a5a900004ded00004ded 
  xmm6=0x000025d1000025d100008ac600008ac6 xmm7=0x0000bf5c0000bf5c000037b7000037b7 

    > load from +0x16cb value 0xfff201
0x19d: shr edx, 1
  rax=0x8900005f8900e467 rbx=0x00000000890000a1 rcx=0x00000000000000fc rdx=0x0000000000000200
  rsi=0x00000000000016cb rdi=0x0000000000001f05 flags=0b000000000110
  xmm0=0x0000393d0000393d0000a2720000a272 xmm1=0x0000a2aa0000a2aa0000821d0000821d 
  xmm2=0x0000ea0a0000ea0a0000f1a90000f1a9 xmm3=0x00006730000067300000ed300000ed30 
  xmm4=0x0000a7a60000a7a60000e7b60000e7b6 xmm5=0x0000a5a90000a5a900004ded00004ded 
  xmm6=0x000025d1000025d100008ac600008ac6 xmm7=0x0000bf5c0000bf5c000037b7000037b7 

0x19f: div [r14 +rsi]
  rax=0x8900005f8900e467 rbx=0x00000000890000a1 rcx=0x00000000000000fc rdx=0x0000000000000100
  rsi=0x00000000000016cb rdi=0x0000000000001f05 flags=0b000000000110
  xmm0=0x0000393d0000393d0000a2720000a272 xmm1=0x0000a2aa0000a2aa0000821d0000821d 
  xmm2=0x0000ea0a0000ea0a0000f1a90000f1a9 xmm3=0x00006730000067300000ed300000ed30 
  xmm4=0x0000a7a60000a7a60000e7b60000e7b6 xmm5=0x0000a5a90000a5a900004ded00004ded 
  xmm6=0x000025d1000025d100008ac600008ac6 xmm7=0x0000bf5c0000bf5c000037b7000037b7 

    > load from +0x16cb value 0xfff201
0x1a3: add sil, 92
  rax=0x0000000000010097 rbx=0x00000000890000a1 rcx=0x00000000000000fc rdx=0x00000000000825d0
  rsi=0x00000000000016cb rdi=0x0000000000001f05 flags=0b000000000110
  xmm0=0x0000393d0000393d0000a2720000a272 xmm1=0x0000a2aa0000a2aa0000821d0000821d 
  xmm2=0x0000ea0a0000ea0a0000f1a90000f1a9 xmm3=0x00006730000067300000ed300000ed30 
  xmm4=0x0000a7a60000a7a60000e7b60000e7b6 xmm5=0x0000a5a90000a5a900004ded00004ded 
  xmm6=0x000025d1000025d100008ac600008ac6 xmm7=0x0000bf5c0000bf5c000037b7000037b7 

0x1a7: cmovle rbx, rdi
  rax=0x0000000000010097 rbx=0x00000000890000a1 rcx=0x00000000000000fc rdx=0x00000000000825d0
  rsi=0x0000000000001627 rdi=0x0000000000001f05 flags=0b000000010111
  xmm0=0x0000393d0000393d0000a2720000a272 xmm1=0x0000a2aa0000a2aa0000821d0000821d 
  xmm2=0x0000ea0a0000ea0a0000f1a90000f1a9 xmm3=0x00006730000067300000ed300000ed30 
  xmm4=0x0000a7a60000a7a60000e7b60000e7b6 xmm5=0x0000a5a90000a5a900004ded00004ded 
  xmm6=0x000025d1000025d100008ac600008ac6 xmm7=0x0000bf5c0000bf5c000037b7000037b7 

0x1ab: cmovnle rcx, rdx
  rax=0x0000000000010097 rbx=0x00000000890000a1 rcx=0x00000000000000fc rdx=0x00000000000825d0
  rsi=0x0000000000001627 rdi=0x0000000000001f05 flags=0b000000010111
  xmm0=0x0000393d0000393d0000a2720000a272 xmm1=0x0000a2aa0000a2aa0000821d0000821d 
  xmm2=0x0000ea0a0000ea0a0000f1a90000f1a9 xmm3=0x00006730000067300000ed300000ed30 
  xmm4=0x0000a7a60000a7a60000e7b60000e7b6 xmm5=0x0000a5a90000a5a900004ded00004ded 
  xmm6=0x000025d1000025d100008ac600008ac6 xmm7=0x0000bf5c0000bf5c000037b7000037b7 

0x1af: and rdx, 0b1111111111111
  rax=0x0000000000010097 rbx=0x00000000890000a1 rcx=0x00000000000825d0 rdx=0x00000000000825d0
  rsi=0x0000000000001627 rdi=0x0000000000001f05 flags=0b000000010111
  xmm0=0x0000393d0000393d0000a2720000a272 xmm1=0x0000a2aa0000a2aa0000821d0000821d 
  xmm2=0x0000ea0a0000ea0a0000f1a90000f1a9 xmm3=0x00006730000067300000ed300000ed30 
  xmm4=0x0000a7a60000a7a60000e7b60000e7b6 xmm5=0x0000a5a90000a5a900004ded00004ded 
  xmm6=0x000025d1000025d100008ac600008ac6 xmm7=0x0000bf5c0000bf5c000037b7000037b7 

0x1b6: movsx rsi, [r14 +rdx]
  rax=0x0000000000010097 rbx=0x00000000890000a1 rcx=0x00000000000825d0 rdx=0x00000000000005d0
  rsi=0x0000000000001627 rdi=0x0000000000001f05 flags=0b000000000010
  xmm0=0x0000393d0000393d0000a2720000a272 xmm1=0x0000a2aa0000a2aa0000821d0000821d 
  xmm2=0x0000ea0a0000ea0a0000f1a90000f1a9 xmm3=0x00006730000067300000ed300000ed30 
  xmm4=0x0000a7a60000a7a60000e7b60000e7b6 xmm5=0x0000a5a90000a5a900004ded00004ded 
  xmm6=0x000025d1000025d100008ac600008ac6 xmm7=0x0000bf5c0000bf5c000037b7000037b7 

    > load from +0x5d0 value 0x80
0x1bb: macro .switch, .actor2.function_actor2_1
  rax=0x0000000000010097 rbx=0x00000000890000a1 rcx=0x00000000000825d0 rdx=0x00000000000005d0
  rsi=0xffffffffffffff80 rdi=0x0000000000001f05 flags=0b000000000010
  xmm0=0x0000393d0000393d0000a2720000a272 xmm1=0x0000a2aa0000a2aa0000821d0000821d 
  xmm2=0x0000ea0a0000ea0a0000f1a90000f1a9 xmm3=0x00006730000067300000ed300000ed30 
  xmm4=0x0000a7a60000a7a60000e7b60000e7b6 xmm5=0x0000a5a90000a5a900004ded00004ded 
  xmm6=0x000025d1000025d100008ac600008ac6 xmm7=0x0000bf5c0000bf5c000037b7000037b7 

0x318e: pushfq 
  rax=0x0000000000010097 rbx=0x00000000890000a1 rcx=0x00000000000825d0 rdx=0x00000000000005d0
  rsi=0xffffffffffffff80 rdi=0x0000000000001f05 flags=0b000000000010
  xmm0=0x0000393d0000393d0000a2720000a272 xmm1=0x0000a2aa0000a2aa0000821d0000821d 
  xmm2=0x0000ea0a0000ea0a0000f1a90000f1a9 xmm3=0x00006730000067300000ed300000ed30 
  xmm4=0x0000a7a60000a7a60000e7b60000e7b6 xmm5=0x0000a5a90000a5a900004ded00004ded 
  xmm6=0x000025d1000025d100008ac600008ac6 xmm7=0x0000bf5c0000bf5c000037b7000037b7 

    > store to +0x4ff0 value 0x2
0x318f: push rax
  rax=0x0000000000010097 rbx=0x00000000890000a1 rcx=0x00000000000825d0 rdx=0x00000000000005d0
  rsi=0xffffffffffffff80 rdi=0x0000000000001f05 flags=0b000000000010
  xmm0=0x0000393d0000393d0000a2720000a272 xmm1=0x0000a2aa0000a2aa0000821d0000821d 
  xmm2=0x0000ea0a0000ea0a0000f1a90000f1a9 xmm3=0x00006730000067300000ed300000ed30 
  xmm4=0x0000a7a60000a7a60000e7b60000e7b6 xmm5=0x0000a5a90000a5a900004ded00004ded 
  xmm6=0x000025d1000025d100008ac600008ac6 xmm7=0x0000bf5c0000bf5c000037b7000037b7 

    > store to +0x4fe8 value 0x10097
0x3190: push rcx
  rax=0x0000000000010097 rbx=0x00000000890000a1 rcx=0x00000000000825d0 rdx=0x00000000000005d0
  rsi=0xffffffffffffff80 rdi=0x0000000000001f05 flags=0b000000000010
  xmm0=0x0000393d0000393d0000a2720000a272 xmm1=0x0000a2aa0000a2aa0000821d0000821d 
  xmm2=0x0000ea0a0000ea0a0000f1a90000f1a9 xmm3=0x00006730000067300000ed300000ed30 
  xmm4=0x0000a7a60000a7a60000e7b60000e7b6 xmm5=0x0000a5a90000a5a900004ded00004ded 
  xmm6=0x000025d1000025d100008ac600008ac6 xmm7=0x0000bf5c0000bf5c000037b7000037b7 

    > store to +0x4fe0 value 0x825d0
0x3191: push rdx
  rax=0x0000000000010097 rbx=0x00000000890000a1 rcx=0x00000000000825d0 rdx=0x00000000000005d0
  rsi=0xffffffffffffff80 rdi=0x0000000000001f05 flags=0b000000000010
  xmm0=0x0000393d0000393d0000a2720000a272 xmm1=0x0000a2aa0000a2aa0000821d0000821d 
  xmm2=0x0000ea0a0000ea0a0000f1a90000f1a9 xmm3=0x00006730000067300000ed300000ed30 
  xmm4=0x0000a7a60000a7a60000e7b60000e7b6 xmm5=0x0000a5a90000a5a900004ded00004ded 
  xmm6=0x000025d1000025d100008ac600008ac6 xmm7=0x0000bf5c0000bf5c000037b7000037b7 

    > store to +0x4fd8 value 0x5d0
0x3192: mov ecx, 0x48
  rax=0x0000000000010097 rbx=0x00000000890000a1 rcx=0x00000000000825d0 rdx=0x00000000000005d0
  rsi=0xffffffffffffff80 rdi=0x0000000000001f05 flags=0b000000000010
  xmm0=0x0000393d0000393d0000a2720000a272 xmm1=0x0000a2aa0000a2aa0000821d0000821d 
  xmm2=0x0000ea0a0000ea0a0000f1a90000f1a9 xmm3=0x00006730000067300000ed300000ed30 
  xmm4=0x0000a7a60000a7a60000e7b60000e7b6 xmm5=0x0000a5a90000a5a900004ded00004ded 
  xmm6=0x000025d1000025d100008ac600008ac6 xmm7=0x0000bf5c0000bf5c000037b7000037b7 

0x3197: rdmsr 
  rax=0x0000000000010097 rbx=0x00000000890000a1 rcx=0x0000000000000048 rdx=0x00000000000005d0
  rsi=0xffffffffffffff80 rdi=0x0000000000001f05 flags=0b000000000010
  xmm0=0x0000393d0000393d0000a2720000a272 xmm1=0x0000a2aa0000a2aa0000821d0000821d 
  xmm2=0x0000ea0a0000ea0a0000f1a90000f1a9 xmm3=0x00006730000067300000ed300000ed30 
  xmm4=0x0000a7a60000a7a60000e7b60000e7b6 xmm5=0x0000a5a90000a5a900004ded00004ded 
  xmm6=0x000025d1000025d100008ac600008ac6 xmm7=0x0000bf5c0000bf5c000037b7000037b7 

0x3199: and eax, 0xfffffffb
  rax=0x0000000000000000 rbx=0x00000000890000a1 rcx=0x0000000000000048 rdx=0x0000000000000000
  rsi=0xffffffffffffff80 rdi=0x0000000000001f05 flags=0b000000000010
  xmm0=0x0000393d0000393d0000a2720000a272 xmm1=0x0000a2aa0000a2aa0000821d0000821d 
  xmm2=0x0000ea0a0000ea0a0000f1a90000f1a9 xmm3=0x00006730000067300000ed300000ed30 
  xmm4=0x0000a7a60000a7a60000e7b60000e7b6 xmm5=0x0000a5a90000a5a900004ded00004ded 
  xmm6=0x000025d1000025d100008ac600008ac6 xmm7=0x0000bf5c0000bf5c000037b7000037b7 

0x319c: or eax, 0x100
  rax=0x0000000000000000 rbx=0x00000000890000a1 rcx=0x0000000000000048 rdx=0x0000000000000000
  rsi=0xffffffffffffff80 rdi=0x0000000000001f05 flags=0b000001000110
  xmm0=0x0000393d0000393d0000a2720000a272 xmm1=0x0000a2aa0000a2aa0000821d0000821d 
  xmm2=0x0000ea0a0000ea0a0000f1a90000f1a9 xmm3=0x00006730000067300000ed300000ed30 
  xmm4=0x0000a7a60000a7a60000e7b60000e7b6 xmm5=0x0000a5a90000a5a900004ded00004ded 
  xmm6=0x000025d1000025d100008ac600008ac6 xmm7=0x0000bf5c0000bf5c000037b7000037b7 

0x31a1: wrmsr 
  rax=0x0000000000000100 rbx=0x00000000890000a1 rcx=0x0000000000000048 rdx=0x0000000000000000
  rsi=0xffffffffffffff80 rdi=0x0000000000001f05 flags=0b000000000110
  xmm0=0x0000393d0000393d0000a2720000a272 xmm1=0x0000a2aa0000a2aa0000821d0000821d 
  xmm2=0x0000ea0a0000ea0a0000f1a90000f1a9 xmm3=0x00006730000067300000ed300000ed30 
  xmm4=0x0000a7a60000a7a60000e7b60000e7b6 xmm5=0x0000a5a90000a5a900004ded00004ded 
  xmm6=0x000025d1000025d100008ac600008ac6 xmm7=0x0000bf5c0000bf5c000037b7000037b7 

0x31a3: mfence 
  rax=0x0000000000000100 rbx=0x00000000890000a1 rcx=0x0000000000000048 rdx=0x0000000000000000
  rsi=0xffffffffffffff80 rdi=0x0000000000001f05 flags=0b000000000110
  xmm0=0x0000393d0000393d0000a2720000a272 xmm1=0x0000a2aa0000a2aa0000821d0000821d 
  xmm2=0x0000ea0a0000ea0a0000f1a90000f1a9 xmm3=0x00006730000067300000ed300000ed30 
  xmm4=0x0000a7a60000a7a60000e7b60000e7b6 xmm5=0x0000a5a90000a5a900004ded00004ded 
  xmm6=0x000025d1000025d100008ac600008ac6 xmm7=0x0000bf5c0000bf5c000037b7000037b7 

0x31a6: lfence 
  rax=0x0000000000000100 rbx=0x00000000890000a1 rcx=0x0000000000000048 rdx=0x0000000000000000
  rsi=0xffffffffffffff80 rdi=0x0000000000001f05 flags=0b000000000110
  xmm0=0x0000393d0000393d0000a2720000a272 xmm1=0x0000a2aa0000a2aa0000821d0000821d 
  xmm2=0x0000ea0a0000ea0a0000f1a90000f1a9 xmm3=0x00006730000067300000ed300000ed30 
  xmm4=0x0000a7a60000a7a60000e7b60000e7b6 xmm5=0x0000a5a90000a5a900004ded00004ded 
  xmm6=0x000025d1000025d100008ac600008ac6 xmm7=0x0000bf5c0000bf5c000037b7000037b7 

0x31a9: macro .measurement_end, .noarg
  rax=0x0000000000000100 rbx=0x00000000890000a1 rcx=0x0000000000000048 rdx=0x0000000000000000
  rsi=0xffffffffffffff80 rdi=0x0000000000001f05 flags=0b000000000110
  xmm0=0x0000393d0000393d0000a2720000a272 xmm1=0x0000a2aa0000a2aa0000821d0000821d 
  xmm2=0x0000ea0a0000ea0a0000f1a90000f1a9 xmm3=0x00006730000067300000ed300000ed30 
  xmm4=0x0000a7a60000a7a60000e7b60000e7b6 xmm5=0x0000a5a90000a5a900004ded00004ded 
  xmm6=0x000025d1000025d100008ac600008ac6 xmm7=0x0000bf5c0000bf5c000037b7000037b7 

0x31b1: mov ecx, 0x48
  rax=0x0000000000000100 rbx=0x00000000890000a1 rcx=0x0000000000000048 rdx=0x0000000000000000
  rsi=0xffffffffffffff80 rdi=0x0000000000001f05 flags=0b000000000110
  xmm0=0x0000393d0000393d0000a2720000a272 xmm1=0x0000a2aa0000a2aa0000821d0000821d 
  xmm2=0x0000ea0a0000ea0a0000f1a90000f1a9 xmm3=0x00006730000067300000ed300000ed30 
  xmm4=0x0000a7a60000a7a60000e7b60000e7b6 xmm5=0x0000a5a90000a5a900004ded00004ded 
  xmm6=0x000025d1000025d100008ac600008ac6 xmm7=0x0000bf5c0000bf5c000037b7000037b7 

0x31b6: rdmsr 
  rax=0x0000000000000100 rbx=0x00000000890000a1 rcx=0x0000000000000048 rdx=0x0000000000000000
  rsi=0xffffffffffffff80 rdi=0x0000000000001f05 flags=0b000000000110
  xmm0=0x0000393d0000393d0000a2720000a272 xmm1=0x0000a2aa0000a2aa0000821d0000821d 
  xmm2=0x0000ea0a0000ea0a0000f1a90000f1a9 xmm3=0x00006730000067300000ed300000ed30 
  xmm4=0x0000a7a60000a7a60000e7b60000e7b6 xmm5=0x0000a5a90000a5a900004ded00004ded 
  xmm6=0x000025d1000025d100008ac600008ac6 xmm7=0x0000bf5c0000bf5c000037b7000037b7 

0x31b8: and eax, 0xfffffffb
  rax=0x0000000000000000 rbx=0x00000000890000a1 rcx=0x0000000000000048 rdx=0x0000000000000000
  rsi=0xffffffffffffff80 rdi=0x0000000000001f05 flags=0b000000000110
  xmm0=0x0000393d0000393d0000a2720000a272 xmm1=0x0000a2aa0000a2aa0000821d0000821d 
  xmm2=0x0000ea0a0000ea0a0000f1a90000f1a9 xmm3=0x00006730000067300000ed300000ed30 
  xmm4=0x0000a7a60000a7a60000e7b60000e7b6 xmm5=0x0000a5a90000a5a900004ded00004ded 
  xmm6=0x000025d1000025d100008ac600008ac6 xmm7=0x0000bf5c0000bf5c000037b7000037b7 

0x31bb: and eax, 0xfffffeff
  rax=0x0000000000000000 rbx=0x00000000890000a1 rcx=0x0000000000000048 rdx=0x0000000000000000
  rsi=0xffffffffffffff80 rdi=0x0000000000001f05 flags=0b000001000110
  xmm0=0x0000393d0000393d0000a2720000a272 xmm1=0x0000a2aa0000a2aa0000821d0000821d 
  xmm2=0x0000ea0a0000ea0a0000f1a90000f1a9 xmm3=0x00006730000067300000ed300000ed30 
  xmm4=0x0000a7a60000a7a60000e7b60000e7b6 xmm5=0x0000a5a90000a5a900004ded00004ded 
  xmm6=0x000025d1000025d100008ac600008ac6 xmm7=0x0000bf5c0000bf5c000037b7000037b7 

0x31c0: wrmsr 
  rax=0x0000000000000000 rbx=0x00000000890000a1 rcx=0x0000000000000048 rdx=0x0000000000000000
  rsi=0xffffffffffffff80 rdi=0x0000000000001f05 flags=0b000001000110
  xmm0=0x0000393d0000393d0000a2720000a272 xmm1=0x0000a2aa0000a2aa0000821d0000821d 
  xmm2=0x0000ea0a0000ea0a0000f1a90000f1a9 xmm3=0x00006730000067300000ed300000ed30 
  xmm4=0x0000a7a60000a7a60000e7b60000e7b6 xmm5=0x0000a5a90000a5a900004ded00004ded 
  xmm6=0x000025d1000025d100008ac600008ac6 xmm7=0x0000bf5c0000bf5c000037b7000037b7 

0x31c2: mfence 
  rax=0x0000000000000000 rbx=0x00000000890000a1 rcx=0x0000000000000048 rdx=0x0000000000000000
  rsi=0xffffffffffffff80 rdi=0x0000000000001f05 flags=0b000001000110
  xmm0=0x0000393d0000393d0000a2720000a272 xmm1=0x0000a2aa0000a2aa0000821d0000821d 
  xmm2=0x0000ea0a0000ea0a0000f1a90000f1a9 xmm3=0x00006730000067300000ed300000ed30 
  xmm4=0x0000a7a60000a7a60000e7b60000e7b6 xmm5=0x0000a5a90000a5a900004ded00004ded 
  xmm6=0x000025d1000025d100008ac600008ac6 xmm7=0x0000bf5c0000bf5c000037b7000037b7 

0x31c5: lfence 
  rax=0x0000000000000000 rbx=0x00000000890000a1 rcx=0x0000000000000048 rdx=0x0000000000000000
  rsi=0xffffffffffffff80 rdi=0x0000000000001f05 flags=0b000001000110
  xmm0=0x0000393d0000393d0000a2720000a272 xmm1=0x0000a2aa0000a2aa0000821d0000821d 
  xmm2=0x0000ea0a0000ea0a0000f1a90000f1a9 xmm3=0x00006730000067300000ed300000ed30 
  xmm4=0x0000a7a60000a7a60000e7b60000e7b6 xmm5=0x0000a5a90000a5a900004ded00004ded 
  xmm6=0x000025d1000025d100008ac600008ac6 xmm7=0x0000bf5c0000bf5c000037b7000037b7 

0x31c8: pop rdx
  rax=0x0000000000000000 rbx=0x00000000890000a1 rcx=0x0000000000000048 rdx=0x0000000000000000
  rsi=0xffffffffffffff80 rdi=0x0000000000001f05 flags=0b000001000110
  xmm0=0x0000393d0000393d0000a2720000a272 xmm1=0x0000a2aa0000a2aa0000821d0000821d 
  xmm2=0x0000ea0a0000ea0a0000f1a90000f1a9 xmm3=0x00006730000067300000ed300000ed30 
  xmm4=0x0000a7a60000a7a60000e7b60000e7b6 xmm5=0x0000a5a90000a5a900004ded00004ded 
  xmm6=0x000025d1000025d100008ac600008ac6 xmm7=0x0000bf5c0000bf5c000037b7000037b7 

    > load from +0x4fd8 value 0x5d0
0x31c9: pop rcx
  rax=0x0000000000000000 rbx=0x00000000890000a1 rcx=0x0000000000000048 rdx=0x00000000000005d0
  rsi=0xffffffffffffff80 rdi=0x0000000000001f05 flags=0b000001000110
  xmm0=0x0000393d0000393d0000a2720000a272 xmm1=0x0000a2aa0000a2aa0000821d0000821d 
  xmm2=0x0000ea0a0000ea0a0000f1a90000f1a9 xmm3=0x00006730000067300000ed300000ed30 
  xmm4=0x0000a7a60000a7a60000e7b60000e7b6 xmm5=0x0000a5a90000a5a900004ded00004ded 
  xmm6=0x000025d1000025d100008ac600008ac6 xmm7=0x0000bf5c0000bf5c000037b7000037b7 

    > load from +0x4fe0 value 0x825d0
0x31ca: pop rax
  rax=0x0000000000000000 rbx=0x00000000890000a1 rcx=0x00000000000825d0 rdx=0x00000000000005d0
  rsi=0xffffffffffffff80 rdi=0x0000000000001f05 flags=0b000001000110
  xmm0=0x0000393d0000393d0000a2720000a272 xmm1=0x0000a2aa0000a2aa0000821d0000821d 
  xmm2=0x0000ea0a0000ea0a0000f1a90000f1a9 xmm3=0x00006730000067300000ed300000ed30 
  xmm4=0x0000a7a60000a7a60000e7b60000e7b6 xmm5=0x0000a5a90000a5a900004ded00004ded 
  xmm6=0x000025d1000025d100008ac600008ac6 xmm7=0x0000bf5c0000bf5c000037b7000037b7 

    > load from +0x4fe8 value 0x10097
0x31cb: popfq 
  rax=0x0000000000010097 rbx=0x00000000890000a1 rcx=0x00000000000825d0 rdx=0x00000000000005d0
  rsi=0xffffffffffffff80 rdi=0x0000000000001f05 flags=0b000001000110
  xmm0=0x0000393d0000393d0000a2720000a272 xmm1=0x0000a2aa0000a2aa0000821d0000821d 
  xmm2=0x0000ea0a0000ea0a0000f1a90000f1a9 xmm3=0x00006730000067300000ed300000ed30 
  xmm4=0x0000a7a60000a7a60000e7b60000e7b6 xmm5=0x0000a5a90000a5a900004ded00004ded 
  xmm6=0x000025d1000025d100008ac600008ac6 xmm7=0x0000bf5c0000bf5c000037b7000037b7 

    > load from +0x4ff0 value 0x2
0x31cc: macro .switch, .main.function_main_2
  rax=0x0000000000010097 rbx=0x00000000890000a1 rcx=0x00000000000825d0 rdx=0x00000000000005d0
  rsi=0xffffffffffffff80 rdi=0x0000000000001f05 flags=0b000000000010
  xmm0=0x0000393d0000393d0000a2720000a272 xmm1=0x0000a2aa0000a2aa0000821d0000821d 
  xmm2=0x0000ea0a0000ea0a0000f1a90000f1a9 xmm3=0x00006730000067300000ed300000ed30 
  xmm4=0x0000a7a60000a7a60000e7b60000e7b6 xmm5=0x0000a5a90000a5a900004ded00004ded 
  xmm6=0x000025d1000025d100008ac600008ac6 xmm7=0x0000bf5c0000bf5c000037b7000037b7 

0x1c3: nop  [test_case_exit]
  rax=0x0000000000010097 rbx=0x00000000890000a1 rcx=0x00000000000825d0 rdx=0x00000000000005d0
  rsi=0xffffffffffffff80 rdi=0x0000000000001f05 flags=0b000000000010
  xmm0=0x0000393d0000393d0000a2720000a272 xmm1=0x0000a2aa0000a2aa0000821d0000821d 
  xmm2=0x0000ea0a0000ea0a0000f1a90000f1a9 xmm3=0x00006730000067300000ed300000ed30 
  xmm4=0x0000a7a60000a7a60000e7b60000e7b6 xmm5=0x0000a5a90000a5a900004ded00004ded 
  xmm6=0x000025d1000025d100008ac600008ac6 xmm7=0x0000bf5c0000bf5c000037b7000037b7 




                      ##### Input 56 #####

                     ##### Input 0 #####
0x0 : macro .switch, .actor2.function_actor2_0
  rax=0x0000feaa0000feaa rbx=0x0000452100004521 rcx=0x000046d3000046d3 rdx=0x000099f2000099f2
  rsi=0x00006dc200006dc2 rdi=0x00003a8800003a88 flags=0b000001000110
  xmm0=0x0000e04b0000e04b0000024400000244 xmm1=0x00000b7200000b720000918100009181 
  xmm2=0x00000cbd00000cbd0000b6dd0000b6dd xmm3=0x00007e2300007e2300003d6500003d65 
  xmm4=0x0000b4610000b461000032cb000032cb xmm5=0x0000a4990000a49900001c6100001c61 
  xmm6=0x0000d9ae0000d9ae0000c4d40000c4d4 xmm7=0x00003d8c00003d8c0000fc070000fc07 

0x3000: add sil, 35
  rax=0x0000feaa0000feaa rbx=0x0000452100004521 rcx=0x000046d3000046d3 rdx=0x000099f2000099f2
  rsi=0x00006dc200006dc2 rdi=0x00003a8800003a88 flags=0b000001000110
  xmm0=0x0000e04b0000e04b0000024400000244 xmm1=0x00000b7200000b720000918100009181 
  xmm2=0x00000cbd00000cbd0000b6dd0000b6dd xmm3=0x00007e2300007e2300003d6500003d65 
  xmm4=0x0000b4610000b461000032cb000032cb xmm5=0x0000a4990000a49900001c6100001c61 
  xmm6=0x0000d9ae0000d9ae0000c4d40000c4d4 xmm7=0x00003d8c00003d8c0000fc070000fc07 

0x3004: pushfq 
  rax=0x0000feaa0000feaa rbx=0x0000452100004521 rcx=0x000046d3000046d3 rdx=0x000099f2000099f2
  rsi=0x00006dc200006de5 rdi=0x00003a8800003a88 flags=0b000010000010
  xmm0=0x0000e04b0000e04b0000024400000244 xmm1=0x00000b7200000b720000918100009181 
  xmm2=0x00000cbd00000cbd0000b6dd0000b6dd xmm3=0x00007e2300007e2300003d6500003d65 
  xmm4=0x0000b4610000b461000032cb000032cb xmm5=0x0000a4990000a49900001c6100001c61 
  xmm6=0x0000d9ae0000d9ae0000c4d40000c4d4 xmm7=0x00003d8c00003d8c0000fc070000fc07 

    > store to +0x4ff0 value 0x82
0x3005: push rax
  rax=0x0000feaa0000feaa rbx=0x0000452100004521 rcx=0x000046d3000046d3 rdx=0x000099f2000099f2
  rsi=0x00006dc200006de5 rdi=0x00003a8800003a88 flags=0b000010000010
  xmm0=0x0000e04b0000e04b0000024400000244 xmm1=0x00000b7200000b720000918100009181 
  xmm2=0x00000cbd00000cbd0000b6dd0000b6dd xmm3=0x00007e2300007e2300003d6500003d65 
  xmm4=0x0000b4610000b461000032cb000032cb xmm5=0x0000a4990000a49900001c6100001c61 
  xmm6=0x0000d9ae0000d9ae0000c4d40000c4d4 xmm7=0x00003d8c00003d8c0000fc070000fc07 

    > store to +0x4fe8 value 0xfeaa0000feaa
0x3006: push rcx
  rax=0x0000feaa0000feaa rbx=0x0000452100004521 rcx=0x000046d3000046d3 rdx=0x000099f2000099f2
  rsi=0x00006dc200006de5 rdi=0x00003a8800003a88 flags=0b000010000010
  xmm0=0x0000e04b0000e04b0000024400000244 xmm1=0x00000b7200000b720000918100009181 
  xmm2=0x00000cbd00000cbd0000b6dd0000b6dd xmm3=0x00007e2300007e2300003d6500003d65 
  xmm4=0x0000b4610000b461000032cb000032cb xmm5=0x0000a4990000a49900001c6100001c61 
  xmm6=0x0000d9ae0000d9ae0000c4d40000c4d4 xmm7=0x00003d8c00003d8c0000fc070000fc07 

    > store to +0x4fe0 value 0x46d3000046d3
0x3007: push rdx
  rax=0x0000feaa0000feaa rbx=0x0000452100004521 rcx=0x000046d3000046d3 rdx=0x000099f2000099f2
  rsi=0x00006dc200006de5 rdi=0x00003a8800003a88 flags=0b000010000010
  xmm0=0x0000e04b0000e04b0000024400000244 xmm1=0x00000b7200000b720000918100009181 
  xmm2=0x00000cbd00000cbd0000b6dd0000b6dd xmm3=0x00007e2300007e2300003d6500003d65 
  xmm4=0x0000b4610000b461000032cb000032cb xmm5=0x0000a4990000a49900001c6100001c61 
  xmm6=0x0000d9ae0000d9ae0000c4d40000c4d4 xmm7=0x00003d8c00003d8c0000fc070000fc07 

    > store to +0x4fd8 value 0x99f2000099f2
0x3008: mov ecx, 0x48
  rax=0x0000feaa0000feaa rbx=0x0000452100004521 rcx=0x000046d3000046d3 rdx=0x000099f2000099f2
  rsi=0x00006dc200006de5 rdi=0x00003a8800003a88 flags=0b000010000010
  xmm0=0x0000e04b0000e04b0000024400000244 xmm1=0x00000b7200000b720000918100009181 
  xmm2=0x00000cbd00000cbd0000b6dd0000b6dd xmm3=0x00007e2300007e2300003d6500003d65 
  xmm4=0x0000b4610000b461000032cb000032cb xmm5=0x0000a4990000a49900001c6100001c61 
  xmm6=0x0000d9ae0000d9ae0000c4d40000c4d4 xmm7=0x00003d8c00003d8c0000fc070000fc07 

0x300d: rdmsr 
  rax=0x0000feaa0000feaa rbx=0x0000452100004521 rcx=0x0000000000000048 rdx=0x000099f2000099f2
  rsi=0x00006dc200006de5 rdi=0x00003a8800003a88 flags=0b000010000010
  xmm0=0x0000e04b0000e04b0000024400000244 xmm1=0x00000b7200000b720000918100009181 
  xmm2=0x00000cbd00000cbd0000b6dd0000b6dd xmm3=0x00007e2300007e2300003d6500003d65 
  xmm4=0x0000b4610000b461000032cb000032cb xmm5=0x0000a4990000a49900001c6100001c61 
  xmm6=0x0000d9ae0000d9ae0000c4d40000c4d4 xmm7=0x00003d8c00003d8c0000fc070000fc07 

0x300f: and eax, 0xfffffffb
  rax=0x0000000000000000 rbx=0x0000452100004521 rcx=0x0000000000000048 rdx=0x0000000000000000
  rsi=0x00006dc200006de5 rdi=0x00003a8800003a88 flags=0b000010000010
  xmm0=0x0000e04b0000e04b0000024400000244 xmm1=0x00000b7200000b720000918100009181 
  xmm2=0x00000cbd00000cbd0000b6dd0000b6dd xmm3=0x00007e2300007e2300003d6500003d65 
  xmm4=0x0000b4610000b461000032cb000032cb xmm5=0x0000a4990000a49900001c6100001c61 
  xmm6=0x0000d9ae0000d9ae0000c4d40000c4d4 xmm7=0x00003d8c00003d8c0000fc070000fc07 

0x3012: or eax, 0x100
  rax=0x0000000000000000 rbx=0x0000452100004521 rcx=0x0000000000000048 rdx=0x0000000000000000
  rsi=0x00006dc200006de5 rdi=0x00003a8800003a88 flags=0b000001000110
  xmm0=0x0000e04b0000e04b0000024400000244 xmm1=0x00000b7200000b720000918100009181 
  xmm2=0x00000cbd00000cbd0000b6dd0000b6dd xmm3=0x00007e2300007e2300003d6500003d65 
  xmm4=0x0000b4610000b461000032cb000032cb xmm5=0x0000a4990000a49900001c6100001c61 
  xmm6=0x0000d9ae0000d9ae0000c4d40000c4d4 xmm7=0x00003d8c00003d8c0000fc070000fc07 

0x3017: wrmsr 
  rax=0x0000000000000100 rbx=0x0000452100004521 rcx=0x0000000000000048 rdx=0x0000000000000000
  rsi=0x00006dc200006de5 rdi=0x00003a8800003a88 flags=0b000000000110
  xmm0=0x0000e04b0000e04b0000024400000244 xmm1=0x00000b7200000b720000918100009181 
  xmm2=0x00000cbd00000cbd0000b6dd0000b6dd xmm3=0x00007e2300007e2300003d6500003d65 
  xmm4=0x0000b4610000b461000032cb000032cb xmm5=0x0000a4990000a49900001c6100001c61 
  xmm6=0x0000d9ae0000d9ae0000c4d40000c4d4 xmm7=0x00003d8c00003d8c0000fc070000fc07 

0x3019: mfence 
  rax=0x0000000000000100 rbx=0x0000452100004521 rcx=0x0000000000000048 rdx=0x0000000000000000
  rsi=0x00006dc200006de5 rdi=0x00003a8800003a88 flags=0b000000000110
  xmm0=0x0000e04b0000e04b0000024400000244 xmm1=0x00000b7200000b720000918100009181 
  xmm2=0x00000cbd00000cbd0000b6dd0000b6dd xmm3=0x00007e2300007e2300003d6500003d65 
  xmm4=0x0000b4610000b461000032cb000032cb xmm5=0x0000a4990000a49900001c6100001c61 
  xmm6=0x0000d9ae0000d9ae0000c4d40000c4d4 xmm7=0x00003d8c00003d8c0000fc070000fc07 

0x301c: lfence 
  rax=0x0000000000000100 rbx=0x0000452100004521 rcx=0x0000000000000048 rdx=0x0000000000000000
  rsi=0x00006dc200006de5 rdi=0x00003a8800003a88 flags=0b000000000110
  xmm0=0x0000e04b0000e04b0000024400000244 xmm1=0x00000b7200000b720000918100009181 
  xmm2=0x00000cbd00000cbd0000b6dd0000b6dd xmm3=0x00007e2300007e2300003d6500003d65 
  xmm4=0x0000b4610000b461000032cb000032cb xmm5=0x0000a4990000a49900001c6100001c61 
  xmm6=0x0000d9ae0000d9ae0000c4d40000c4d4 xmm7=0x00003d8c00003d8c0000fc070000fc07 

0x301f: macro .measurement_start, .noarg
  rax=0x0000000000000100 rbx=0x0000452100004521 rcx=0x0000000000000048 rdx=0x0000000000000000
  rsi=0x00006dc200006de5 rdi=0x00003a8800003a88 flags=0b000000000110
  xmm0=0x0000e04b0000e04b0000024400000244 xmm1=0x00000b7200000b720000918100009181 
  xmm2=0x00000cbd00000cbd0000b6dd0000b6dd xmm3=0x00007e2300007e2300003d6500003d65 
  xmm4=0x0000b4610000b461000032cb000032cb xmm5=0x0000a4990000a49900001c6100001c61 
  xmm6=0x0000d9ae0000d9ae0000c4d40000c4d4 xmm7=0x00003d8c00003d8c0000fc070000fc07 

0x3027: mov ecx, 0x48
  rax=0x0000000000000100 rbx=0x0000452100004521 rcx=0x0000000000000048 rdx=0x0000000000000000
  rsi=0x00006dc200006de5 rdi=0x00003a8800003a88 flags=0b000000000110
  xmm0=0x0000e04b0000e04b0000024400000244 xmm1=0x00000b7200000b720000918100009181 
  xmm2=0x00000cbd00000cbd0000b6dd0000b6dd xmm3=0x00007e2300007e2300003d6500003d65 
  xmm4=0x0000b4610000b461000032cb000032cb xmm5=0x0000a4990000a49900001c6100001c61 
  xmm6=0x0000d9ae0000d9ae0000c4d40000c4d4 xmm7=0x00003d8c00003d8c0000fc070000fc07 

0x302c: rdmsr 
  rax=0x0000000000000100 rbx=0x0000452100004521 rcx=0x0000000000000048 rdx=0x0000000000000000
  rsi=0x00006dc200006de5 rdi=0x00003a8800003a88 flags=0b000000000110
  xmm0=0x0000e04b0000e04b0000024400000244 xmm1=0x00000b7200000b720000918100009181 
  xmm2=0x00000cbd00000cbd0000b6dd0000b6dd xmm3=0x00007e2300007e2300003d6500003d65 
  xmm4=0x0000b4610000b461000032cb000032cb xmm5=0x0000a4990000a49900001c6100001c61 
  xmm6=0x0000d9ae0000d9ae0000c4d40000c4d4 xmm7=0x00003d8c00003d8c0000fc070000fc07 

0x302e: and eax, 0xfffffffb
  rax=0x0000000000000000 rbx=0x0000452100004521 rcx=0x0000000000000048 rdx=0x0000000000000000
  rsi=0x00006dc200006de5 rdi=0x00003a8800003a88 flags=0b000000000110
  xmm0=0x0000e04b0000e04b0000024400000244 xmm1=0x00000b7200000b720000918100009181 
  xmm2=0x00000cbd00000cbd0000b6dd0000b6dd xmm3=0x00007e2300007e2300003d6500003d65 
  xmm4=0x0000b4610000b461000032cb000032cb xmm5=0x0000a4990000a49900001c6100001c61 
  xmm6=0x0000d9ae0000d9ae0000c4d40000c4d4 xmm7=0x00003d8c00003d8c0000fc070000fc07 

0x3031: and eax, 0xfffffeff
  rax=0x0000000000000000 rbx=0x0000452100004521 rcx=0x0000000000000048 rdx=0x0000000000000000
  rsi=0x00006dc200006de5 rdi=0x00003a8800003a88 flags=0b000001000110
  xmm0=0x0000e04b0000e04b0000024400000244 xmm1=0x00000b7200000b720000918100009181 
  xmm2=0x00000cbd00000cbd0000b6dd0000b6dd xmm3=0x00007e2300007e2300003d6500003d65 
  xmm4=0x0000b4610000b461000032cb000032cb xmm5=0x0000a4990000a49900001c6100001c61 
  xmm6=0x0000d9ae0000d9ae0000c4d40000c4d4 xmm7=0x00003d8c00003d8c0000fc070000fc07 

0x3036: wrmsr 
  rax=0x0000000000000000 rbx=0x0000452100004521 rcx=0x0000000000000048 rdx=0x0000000000000000
  rsi=0x00006dc200006de5 rdi=0x00003a8800003a88 flags=0b000001000110
  xmm0=0x0000e04b0000e04b0000024400000244 xmm1=0x00000b7200000b720000918100009181 
  xmm2=0x00000cbd00000cbd0000b6dd0000b6dd xmm3=0x00007e2300007e2300003d6500003d65 
  xmm4=0x0000b4610000b461000032cb000032cb xmm5=0x0000a4990000a49900001c6100001c61 
  xmm6=0x0000d9ae0000d9ae0000c4d40000c4d4 xmm7=0x00003d8c00003d8c0000fc070000fc07 

0x3038: mfence 
  rax=0x0000000000000000 rbx=0x0000452100004521 rcx=0x0000000000000048 rdx=0x0000000000000000
  rsi=0x00006dc200006de5 rdi=0x00003a8800003a88 flags=0b000001000110
  xmm0=0x0000e04b0000e04b0000024400000244 xmm1=0x00000b7200000b720000918100009181 
  xmm2=0x00000cbd00000cbd0000b6dd0000b6dd xmm3=0x00007e2300007e2300003d6500003d65 
  xmm4=0x0000b4610000b461000032cb000032cb xmm5=0x0000a4990000a49900001c6100001c61 
  xmm6=0x0000d9ae0000d9ae0000c4d40000c4d4 xmm7=0x00003d8c00003d8c0000fc070000fc07 

0x303b: lfence 
  rax=0x0000000000000000 rbx=0x0000452100004521 rcx=0x0000000000000048 rdx=0x0000000000000000
  rsi=0x00006dc200006de5 rdi=0x00003a8800003a88 flags=0b000001000110
  xmm0=0x0000e04b0000e04b0000024400000244 xmm1=0x00000b7200000b720000918100009181 
  xmm2=0x00000cbd00000cbd0000b6dd0000b6dd xmm3=0x00007e2300007e2300003d6500003d65 
  xmm4=0x0000b4610000b461000032cb000032cb xmm5=0x0000a4990000a49900001c6100001c61 
  xmm6=0x0000d9ae0000d9ae0000c4d40000c4d4 xmm7=0x00003d8c00003d8c0000fc070000fc07 

0x303e: pop rdx
  rax=0x0000000000000000 rbx=0x0000452100004521 rcx=0x0000000000000048 rdx=0x0000000000000000
  rsi=0x00006dc200006de5 rdi=0x00003a8800003a88 flags=0b000001000110
  xmm0=0x0000e04b0000e04b0000024400000244 xmm1=0x00000b7200000b720000918100009181 
  xmm2=0x00000cbd00000cbd0000b6dd0000b6dd xmm3=0x00007e2300007e2300003d6500003d65 
  xmm4=0x0000b4610000b461000032cb000032cb xmm5=0x0000a4990000a49900001c6100001c61 
  xmm6=0x0000d9ae0000d9ae0000c4d40000c4d4 xmm7=0x00003d8c00003d8c0000fc070000fc07 

    > load from +0x4fd8 value 0x99f2000099f2
0x303f: pop rcx
  rax=0x0000000000000000 rbx=0x0000452100004521 rcx=0x0000000000000048 rdx=0x000099f2000099f2
  rsi=0x00006dc200006de5 rdi=0x00003a8800003a88 flags=0b000001000110
  xmm0=0x0000e04b0000e04b0000024400000244 xmm1=0x00000b7200000b720000918100009181 
  xmm2=0x00000cbd00000cbd0000b6dd0000b6dd xmm3=0x00007e2300007e2300003d6500003d65 
  xmm4=0x0000b4610000b461000032cb000032cb xmm5=0x0000a4990000a49900001c6100001c61 
  xmm6=0x0000d9ae0000d9ae0000c4d40000c4d4 xmm7=0x00003d8c00003d8c0000fc070000fc07 

    > load from +0x4fe0 value 0x46d3000046d3
0x3040: pop rax
  rax=0x0000000000000000 rbx=0x0000452100004521 rcx=0x000046d3000046d3 rdx=0x000099f2000099f2
  rsi=0x00006dc200006de5 rdi=0x00003a8800003a88 flags=0b000001000110
  xmm0=0x0000e04b0000e04b0000024400000244 xmm1=0x00000b7200000b720000918100009181 
  xmm2=0x00000cbd00000cbd0000b6dd0000b6dd xmm3=0x00007e2300007e2300003d6500003d65 
  xmm4=0x0000b4610000b461000032cb000032cb xmm5=0x0000a4990000a49900001c6100001c61 
  xmm6=0x0000d9ae0000d9ae0000c4d40000c4d4 xmm7=0x00003d8c00003d8c0000fc070000fc07 

    > load from +0x4fe8 value 0xfeaa0000feaa
0x3041: popfq 
  rax=0x0000feaa0000feaa rbx=0x0000452100004521 rcx=0x000046d3000046d3 rdx=0x000099f2000099f2
  rsi=0x00006dc200006de5 rdi=0x00003a8800003a88 flags=0b000001000110
  xmm0=0x0000e04b0000e04b0000024400000244 xmm1=0x00000b7200000b720000918100009181 
  xmm2=0x00000cbd00000cbd0000b6dd0000b6dd xmm3=0x00007e2300007e2300003d6500003d65 
  xmm4=0x0000b4610000b461000032cb000032cb xmm5=0x0000a4990000a49900001c6100001c61 
  xmm6=0x0000d9ae0000d9ae0000c4d40000c4d4 xmm7=0x00003d8c00003d8c0000fc070000fc07 

    > load from +0x4ff0 value 0x82
0x3042: and rax, 0b1111111111111
  rax=0x0000feaa0000feaa rbx=0x0000452100004521 rcx=0x000046d3000046d3 rdx=0x000099f2000099f2
  rsi=0x00006dc200006de5 rdi=0x00003a8800003a88 flags=0b000010000010
  xmm0=0x0000e04b0000e04b0000024400000244 xmm1=0x00000b7200000b720000918100009181 
  xmm2=0x00000cbd00000cbd0000b6dd0000b6dd xmm3=0x00007e2300007e2300003d6500003d65 
  xmm4=0x0000b4610000b461000032cb000032cb xmm5=0x0000a4990000a49900001c6100001c61 
  xmm6=0x0000d9ae0000d9ae0000c4d40000c4d4 xmm7=0x00003d8c00003d8c0000fc070000fc07 

0x3048: nop [r14 +rax]
  rax=0x0000000000001eaa rbx=0x0000452100004521 rcx=0x000046d3000046d3 rdx=0x000099f2000099f2
  rsi=0x00006dc200006de5 rdi=0x00003a8800003a88 flags=0b000000000110
  xmm0=0x0000e04b0000e04b0000024400000244 xmm1=0x00000b7200000b720000918100009181 
  xmm2=0x00000cbd00000cbd0000b6dd0000b6dd xmm3=0x00007e2300007e2300003d6500003d65 
  xmm4=0x0000b4610000b461000032cb000032cb xmm5=0x0000a4990000a49900001c6100001c61 
  xmm6=0x0000d9ae0000d9ae0000c4d40000c4d4 xmm7=0x00003d8c00003d8c0000fc070000fc07 

0x304e: cmovnb rdi, rdi
  rax=0x0000000000001eaa rbx=0x0000452100004521 rcx=0x000046d3000046d3 rdx=0x000099f2000099f2
  rsi=0x00006dc200006de5 rdi=0x00003a8800003a88 flags=0b000000000110
  xmm0=0x0000e04b0000e04b0000024400000244 xmm1=0x00000b7200000b720000918100009181 
  xmm2=0x00000cbd00000cbd0000b6dd0000b6dd xmm3=0x00007e2300007e2300003d6500003d65 
  xmm4=0x0000b4610000b461000032cb000032cb xmm5=0x0000a4990000a49900001c6100001c61 
  xmm6=0x0000d9ae0000d9ae0000c4d40000c4d4 xmm7=0x00003d8c00003d8c0000fc070000fc07 

0x3052: and rdi, 0b1111111111111
  rax=0x0000000000001eaa rbx=0x0000452100004521 rcx=0x000046d3000046d3 rdx=0x000099f2000099f2
  rsi=0x00006dc200006de5 rdi=0x00003a8800003a88 flags=0b000000000110
  xmm0=0x0000e04b0000e04b0000024400000244 xmm1=0x00000b7200000b720000918100009181 
  xmm2=0x00000cbd00000cbd0000b6dd0000b6dd xmm3=0x00007e2300007e2300003d6500003d65 
  xmm4=0x0000b4610000b461000032cb000032cb xmm5=0x0000a4990000a49900001c6100001c61 
  xmm6=0x0000d9ae0000d9ae0000c4d40000c4d4 xmm7=0x00003d8c00003d8c0000fc070000fc07 

0x3059: mov ebx, [r14 +rdi]
  rax=0x0000000000001eaa rbx=0x0000452100004521 rcx=0x000046d3000046d3 rdx=0x000099f2000099f2
  rsi=0x00006dc200006de5 rdi=0x0000000000001a88 flags=0b000000000110
  xmm0=0x0000e04b0000e04b0000024400000244 xmm1=0x00000b7200000b720000918100009181 
  xmm2=0x00000cbd00000cbd0000b6dd0000b6dd xmm3=0x00007e2300007e2300003d6500003d65 
  xmm4=0x0000b4610000b461000032cb000032cb xmm5=0x0000a4990000a49900001c6100001c61 
  xmm6=0x0000d9ae0000d9ae0000c4d40000c4d4 xmm7=0x00003d8c00003d8c0000fc070000fc07 

    > load from +0x5a88 value 0xadf9
0x305d: imul al
  rax=0x0000000000001eaa rbx=0x000000000000adf9 rcx=0x000046d3000046d3 rdx=0x000099f2000099f2
  rsi=0x00006dc200006de5 rdi=0x0000000000001a88 flags=0b000000000110
  xmm0=0x0000e04b0000e04b0000024400000244 xmm1=0x00000b7200000b720000918100009181 
  xmm2=0x00000cbd00000cbd0000b6dd0000b6dd xmm3=0x00007e2300007e2300003d6500003d65 
  xmm4=0x0000b4610000b461000032cb000032cb xmm5=0x0000a4990000a49900001c6100001c61 
  xmm6=0x0000d9ae0000d9ae0000c4d40000c4d4 xmm7=0x00003d8c00003d8c0000fc070000fc07 

0x305f: bts rdi, rbx
  rax=0x0000000000001ce4 rbx=0x000000000000adf9 rcx=0x000046d3000046d3 rdx=0x000099f2000099f2
  rsi=0x00006dc200006de5 rdi=0x0000000000001a88 flags=0b100010000111
  xmm0=0x0000e04b0000e04b0000024400000244 xmm1=0x00000b7200000b720000918100009181 
  xmm2=0x00000cbd00000cbd0000b6dd0000b6dd xmm3=0x00007e2300007e2300003d6500003d65 
  xmm4=0x0000b4610000b461000032cb000032cb xmm5=0x0000a4990000a49900001c6100001c61 
  xmm6=0x0000d9ae0000d9ae0000c4d40000c4d4 xmm7=0x00003d8c00003d8c0000fc070000fc07 

0x3063: add sil, -52
  rax=0x0000000000001ce4 rbx=0x000000000000adf9 rcx=0x000046d3000046d3 rdx=0x000099f2000099f2
  rsi=0x00006dc200006de5 rdi=0x0200000000001a88 flags=0b100010000110
  xmm0=0x0000e04b0000e04b0000024400000244 xmm1=0x00000b7200000b720000918100009181 
  xmm2=0x00000cbd00000cbd0000b6dd0000b6dd xmm3=0x00007e2300007e2300003d6500003d65 
  xmm4=0x0000b4610000b461000032cb000032cb xmm5=0x0000a4990000a49900001c6100001c61 
  xmm6=0x0000d9ae0000d9ae0000c4d40000c4d4 xmm7=0x00003d8c00003d8c0000fc070000fc07 

0x3067: and rax, 0b1111111111111
  rax=0x0000000000001ce4 rbx=0x000000000000adf9 rcx=0x000046d3000046d3 rdx=0x000099f2000099f2
  rsi=0x00006dc200006db1 rdi=0x0200000000001a88 flags=0b000010010111
  xmm0=0x0000e04b0000e04b0000024400000244 xmm1=0x00000b7200000b720000918100009181 
  xmm2=0x00000cbd00000cbd0000b6dd0000b6dd xmm3=0x00007e2300007e2300003d6500003d65 
  xmm4=0x0000b4610000b461000032cb000032cb xmm5=0x0000a4990000a49900001c6100001c61 
  xmm6=0x0000d9ae0000d9ae0000c4d40000c4d4 xmm7=0x00003d8c00003d8c0000fc070000fc07 

0x306d: cmovo rcx, [r14 +rax]
  rax=0x0000000000001ce4 rbx=0x000000000000adf9 rcx=0x000046d3000046d3 rdx=0x000099f2000099f2
  rsi=0x00006dc200006db1 rdi=0x0200000000001a88 flags=0b000000000110
  xmm0=0x0000e04b0000e04b0000024400000244 xmm1=0x00000b7200000b720000918100009181 
  xmm2=0x00000cbd00000cbd0000b6dd0000b6dd xmm3=0x00007e2300007e2300003d6500003d65 
  xmm4=0x0000b4610000b461000032cb000032cb xmm5=0x0000a4990000a49900001c6100001c61 
  xmm6=0x0000d9ae0000d9ae0000c4d40000c4d4 xmm7=0x00003d8c00003d8c0000fc070000fc07 

    > load from +0x5ce4 value 0x1f3800001ab0
0x3072: nop rdx
  rax=0x0000000000001ce4 rbx=0x000000000000adf9 rcx=0x000046d3000046d3 rdx=0x000099f2000099f2
  rsi=0x00006dc200006db1 rdi=0x0200000000001a88 flags=0b000000000110
  xmm0=0x0000e04b0000e04b0000024400000244 xmm1=0x00000b7200000b720000918100009181 
  xmm2=0x00000cbd00000cbd0000b6dd0000b6dd xmm3=0x00007e2300007e2300003d6500003d65 
  xmm4=0x0000b4610000b461000032cb000032cb xmm5=0x0000a4990000a49900001c6100001c61 
  xmm6=0x0000d9ae0000d9ae0000c4d40000c4d4 xmm7=0x00003d8c00003d8c0000fc070000fc07 

0x3076: and rax, 0b1111111111111
  rax=0x0000000000001ce4 rbx=0x000000000000adf9 rcx=0x000046d3000046d3 rdx=0x000099f2000099f2
  rsi=0x00006dc200006db1 rdi=0x0200000000001a88 flags=0b000000000110
  xmm0=0x0000e04b0000e04b0000024400000244 xmm1=0x00000b7200000b720000918100009181 
  xmm2=0x00000cbd00000cbd0000b6dd0000b6dd xmm3=0x00007e2300007e2300003d6500003d65 
  xmm4=0x0000b4610000b461000032cb000032cb xmm5=0x0000a4990000a49900001c6100001c61 
  xmm6=0x0000d9ae0000d9ae0000c4d40000c4d4 xmm7=0x00003d8c00003d8c0000fc070000fc07 

0x307c: test [r14 +rax], -2704
  rax=0x0000000000001ce4 rbx=0x000000000000adf9 rcx=0x000046d3000046d3 rdx=0x000099f2000099f2
  rsi=0x00006dc200006db1 rdi=0x0200000000001a88 flags=0b000000000110
  xmm0=0x0000e04b0000e04b0000024400000244 xmm1=0x00000b7200000b720000918100009181 
  xmm2=0x00000cbd00000cbd0000b6dd0000b6dd xmm3=0x00007e2300007e2300003d6500003d65 
  xmm4=0x0000b4610000b461000032cb000032cb xmm5=0x0000a4990000a49900001c6100001c61 
  xmm6=0x0000d9ae0000d9ae0000c4d40000c4d4 xmm7=0x00003d8c00003d8c0000fc070000fc07 

    > load from +0x5ce4 value 0x1ab0
0x3083: and rsi, 0b1111111111111
  rax=0x0000000000001ce4 rbx=0x000000000000adf9 rcx=0x000046d3000046d3 rdx=0x000099f2000099f2
  rsi=0x00006dc200006db1 rdi=0x0200000000001a88 flags=0b000000000110
  xmm0=0x0000e04b0000e04b0000024400000244 xmm1=0x00000b7200000b720000918100009181 
  xmm2=0x00000cbd00000cbd0000b6dd0000b6dd xmm3=0x00007e2300007e2300003d6500003d65 
  xmm4=0x0000b4610000b461000032cb000032cb xmm5=0x0000a4990000a49900001c6100001c61 
  xmm6=0x0000d9ae0000d9ae0000c4d40000c4d4 xmm7=0x00003d8c00003d8c0000fc070000fc07 

0x308a: mov rdi, [r14 +rsi]
  rax=0x0000000000001ce4 rbx=0x000000000000adf9 rcx=0x000046d3000046d3 rdx=0x000099f2000099f2
  rsi=0x0000000000000db1 rdi=0x0200000000001a88 flags=0b000000000110
  xmm0=0x0000e04b0000e04b0000024400000244 xmm1=0x00000b7200000b720000918100009181 
  xmm2=0x00000cbd00000cbd0000b6dd0000b6dd xmm3=0x00007e2300007e2300003d6500003d65 
  xmm4=0x0000b4610000b461000032cb000032cb xmm5=0x0000a4990000a49900001c6100001c61 
  xmm6=0x0000d9ae0000d9ae0000c4d40000c4d4 xmm7=0x00003d8c00003d8c0000fc070000fc07 

    > load from +0x4db1 value 0x7c00000a4700000a
0x308e: or dx, 0b1000
  rax=0x0000000000001ce4 rbx=0x000000000000adf9 rcx=0x000046d3000046d3 rdx=0x000099f2000099f2
  rsi=0x0000000000000db1 rdi=0x7c00000a4700000a flags=0b000000000110
  xmm0=0x0000e04b0000e04b0000024400000244 xmm1=0x00000b7200000b720000918100009181 
  xmm2=0x00000cbd00000cbd0000b6dd0000b6dd xmm3=0x00007e2300007e2300003d6500003d65 
  xmm4=0x0000b4610000b461000032cb000032cb xmm5=0x0000a4990000a49900001c6100001c61 
  xmm6=0x0000d9ae0000d9ae0000c4d40000c4d4 xmm7=0x00003d8c00003d8c0000fc070000fc07 

0x3092: and dl, 0b11111000
  rax=0x0000000000001ce4 rbx=0x000000000000adf9 rcx=0x000046d3000046d3 rdx=0x000099f2000099fa
  rsi=0x0000000000000db1 rdi=0x7c00000a4700000a flags=0b000010000110
  xmm0=0x0000e04b0000e04b0000024400000244 xmm1=0x00000b7200000b720000918100009181 
  xmm2=0x00000cbd00000cbd0000b6dd0000b6dd xmm3=0x00007e2300007e2300003d6500003d65 
  xmm4=0x0000b4610000b461000032cb000032cb xmm5=0x0000a4990000a49900001c6100001c61 
  xmm6=0x0000d9ae0000d9ae0000c4d40000c4d4 xmm7=0x00003d8c00003d8c0000fc070000fc07 

0x3095: add sil, -49
  rax=0x0000000000001ce4 rbx=0x000000000000adf9 rcx=0x000046d3000046d3 rdx=0x000099f2000099f8
  rsi=0x0000000000000db1 rdi=0x7c00000a4700000a flags=0b000010000010
  xmm0=0x0000e04b0000e04b0000024400000244 xmm1=0x00000b7200000b720000918100009181 
  xmm2=0x00000cbd00000cbd0000b6dd0000b6dd xmm3=0x00007e2300007e2300003d6500003d65 
  xmm4=0x0000b4610000b461000032cb000032cb xmm5=0x0000a4990000a49900001c6100001c61 
  xmm6=0x0000d9ae0000d9ae0000c4d40000c4d4 xmm7=0x00003d8c00003d8c0000fc070000fc07 

0x3099: cmovo di, dx
  rax=0x0000000000001ce4 rbx=0x000000000000adf9 rcx=0x000046d3000046d3 rdx=0x000099f2000099f8
  rsi=0x0000000000000d80 rdi=0x7c00000a4700000a flags=0b000010010011
  xmm0=0x0000e04b0000e04b0000024400000244 xmm1=0x00000b7200000b720000918100009181 
  xmm2=0x00000cbd00000cbd0000b6dd0000b6dd xmm3=0x00007e2300007e2300003d6500003d65 
  xmm4=0x0000b4610000b461000032cb000032cb xmm5=0x0000a4990000a49900001c6100001c61 
  xmm6=0x0000d9ae0000d9ae0000c4d40000c4d4 xmm7=0x00003d8c00003d8c0000fc070000fc07 

0x309d: and rbx, 0b1111111111111
  rax=0x0000000000001ce4 rbx=0x000000000000adf9 rcx=0x000046d3000046d3 rdx=0x000099f2000099f8
  rsi=0x0000000000000d80 rdi=0x7c00000a4700000a flags=0b000010010011
  xmm0=0x0000e04b0000e04b0000024400000244 xmm1=0x00000b7200000b720000918100009181 
  xmm2=0x00000cbd00000cbd0000b6dd0000b6dd xmm3=0x00007e2300007e2300003d6500003d65 
  xmm4=0x0000b4610000b461000032cb000032cb xmm5=0x0000a4990000a49900001c6100001c61 
  xmm6=0x0000d9ae0000d9ae0000c4d40000c4d4 xmm7=0x00003d8c00003d8c0000fc070000fc07 

0x30a4: test [r14 +rbx], -1907273506
  rax=0x0000000000001ce4 rbx=0x0000000000000df9 rcx=0x000046d3000046d3 rdx=0x000099f2000099f8
  rsi=0x0000000000000d80 rdi=0x7c00000a4700000a flags=0b000000000110
  xmm0=0x0000e04b0000e04b0000024400000244 xmm1=0x00000b7200000b720000918100009181 
  xmm2=0x00000cbd00000cbd0000b6dd0000b6dd xmm3=0x00007e2300007e2300003d6500003d65 
  xmm4=0x0000b4610000b461000032cb000032cb xmm5=0x0000a4990000a49900001c6100001c61 
  xmm6=0x0000d9ae0000d9ae0000c4d40000c4d4 xmm7=0x00003d8c00003d8c0000fc070000fc07 

    > load from +0x4df9 value 0xe20000e0
0x30ac: test rax, 360214766
  rax=0x0000000000001ce4 rbx=0x0000000000000df9 rcx=0x000046d3000046d3 rdx=0x000099f2000099f8
  rsi=0x0000000000000d80 rdi=0x7c00000a4700000a flags=0b000010000110
  xmm0=0x0000e04b0000e04b0000024400000244 xmm1=0x00000b7200000b720000918100009181 
  xmm2=0x00000cbd00000cbd0000b6dd0000b6dd xmm3=0x00007e2300007e2300003d6500003d65 
  xmm4=0x0000b4610000b461000032cb000032cb xmm5=0x0000a4990000a49900001c6100001c61 
  xmm6=0x0000d9ae0000d9ae0000c4d40000c4d4 xmm7=0x00003d8c00003d8c0000fc070000fc07 

0x30b2: cwde 
  rax=0x0000000000001ce4 rbx=0x0000000000000df9 rcx=0x000046d3000046d3 rdx=0x000099f2000099f8
  rsi=0x0000000000000d80 rdi=0x7c00000a4700000a flags=0b000000000110
  xmm0=0x0000e04b0000e04b0000024400000244 xmm1=0x00000b7200000b720000918100009181 
  xmm2=0x00000cbd00000cbd0000b6dd0000b6dd xmm3=0x00007e2300007e2300003d6500003d65 
  xmm4=0x0000b4610000b461000032cb000032cb xmm5=0x0000a4990000a49900001c6100001c61 
  xmm6=0x0000d9ae0000d9ae0000c4d40000c4d4 xmm7=0x00003d8c00003d8c0000fc070000fc07 

0x30b3: and rbx, 0b1111111111111
  rax=0x0000000000001ce4 rbx=0x0000000000000df9 rcx=0x000046d3000046d3 rdx=0x000099f2000099f8
  rsi=0x0000000000000d80 rdi=0x7c00000a4700000a flags=0b000000000110
  xmm0=0x0000e04b0000e04b0000024400000244 xmm1=0x00000b7200000b720000918100009181 
  xmm2=0x00000cbd00000cbd0000b6dd0000b6dd xmm3=0x00007e2300007e2300003d6500003d65 
  xmm4=0x0000b4610000b461000032cb000032cb xmm5=0x0000a4990000a49900001c6100001c61 
  xmm6=0x0000d9ae0000d9ae0000c4d40000c4d4 xmm7=0x00003d8c00003d8c0000fc070000fc07 

0x30ba: mov dx, [r14 +rbx]
  rax=0x0000000000001ce4 rbx=0x0000000000000df9 rcx=0x000046d3000046d3 rdx=0x000099f2000099f8
  rsi=0x0000000000000d80 rdi=0x7c00000a4700000a flags=0b000000000110
  xmm0=0x0000e04b0000e04b0000024400000244 xmm1=0x00000b7200000b720000918100009181 
  xmm2=0x00000cbd00000cbd0000b6dd0000b6dd xmm3=0x00007e2300007e2300003d6500003d65 
  xmm4=0x0000b4610000b461000032cb000032cb xmm5=0x0000a4990000a49900001c6100001c61 
  xmm6=0x0000d9ae0000d9ae0000c4d40000c4d4 xmm7=0x00003d8c00003d8c0000fc070000fc07 

    > load from +0x4df9 value 0xe0
0x30bf: cmovnz edi, edx
  rax=0x0000000000001ce4 rbx=0x0000000000000df9 rcx=0x000046d3000046d3 rdx=0x000099f2000000e0
  rsi=0x0000000000000d80 rdi=0x7c00000a4700000a flags=0b000000000110
  xmm0=0x0000e04b0000e04b0000024400000244 xmm1=0x00000b7200000b720000918100009181 
  xmm2=0x00000cbd00000cbd0000b6dd0000b6dd xmm3=0x00007e2300007e2300003d6500003d65 
  xmm4=0x0000b4610000b461000032cb000032cb xmm5=0x0000a4990000a49900001c6100001c61 
  xmm6=0x0000d9ae0000d9ae0000c4d40000c4d4 xmm7=0x00003d8c00003d8c0000fc070000fc07 

0x30c2: sbb rax, -555293008
  rax=0x0000000000001ce4 rbx=0x0000000000000df9 rcx=0x000046d3000046d3 rdx=0x000099f2000000e0
  rsi=0x0000000000000d80 rdi=0x00000000000000e0 flags=0b000000000110
  xmm0=0x0000e04b0000e04b0000024400000244 xmm1=0x00000b7200000b720000918100009181 
  xmm2=0x00000cbd00000cbd0000b6dd0000b6dd xmm3=0x00007e2300007e2300003d6500003d65 
  xmm4=0x0000b4610000b461000032cb000032cb xmm5=0x0000a4990000a49900001c6100001c61 
  xmm6=0x0000d9ae0000d9ae0000c4d40000c4d4 xmm7=0x00003d8c00003d8c0000fc070000fc07 

0x30c8: and rax, 0b1111111111111
  rax=0x0000000021193634 rbx=0x0000000000000df9 rcx=0x000046d3000046d3 rdx=0x000099f2000000e0
  rsi=0x0000000000000d80 rdi=0x00000000000000e0 flags=0b000000000011
  xmm0=0x0000e04b0000e04b0000024400000244 xmm1=0x00000b7200000b720000918100009181 
  xmm2=0x00000cbd00000cbd0000b6dd0000b6dd xmm3=0x00007e2300007e2300003d6500003d65 
  xmm4=0x0000b4610000b461000032cb000032cb xmm5=0x0000a4990000a49900001c6100001c61 
  xmm6=0x0000d9ae0000d9ae0000c4d40000c4d4 xmm7=0x00003d8c00003d8c0000fc070000fc07 

0x30ce: cmovl dx, [r14 +rax]
  rax=0x0000000000001634 rbx=0x0000000000000df9 rcx=0x000046d3000046d3 rdx=0x000099f2000000e0
  rsi=0x0000000000000d80 rdi=0x00000000000000e0 flags=0b000000000010
  xmm0=0x0000e04b0000e04b0000024400000244 xmm1=0x00000b7200000b720000918100009181 
  xmm2=0x00000cbd00000cbd0000b6dd0000b6dd xmm3=0x00007e2300007e2300003d6500003d65 
  xmm4=0x0000b4610000b461000032cb000032cb xmm5=0x0000a4990000a49900001c6100001c61 
  xmm6=0x0000d9ae0000d9ae0000c4d40000c4d4 xmm7=0x00003d8c00003d8c0000fc070000fc07 

    > load from +0x5634 value 0xb0bf
0x30d4: and rdx, 0b1111111111111
  rax=0x0000000000001634 rbx=0x0000000000000df9 rcx=0x000046d3000046d3 rdx=0x000099f2000000e0
  rsi=0x0000000000000d80 rdi=0x00000000000000e0 flags=0b000000000010
  xmm0=0x0000e04b0000e04b0000024400000244 xmm1=0x00000b7200000b720000918100009181 
  xmm2=0x00000cbd00000cbd0000b6dd0000b6dd xmm3=0x00007e2300007e2300003d6500003d65 
  xmm4=0x0000b4610000b461000032cb000032cb xmm5=0x0000a4990000a49900001c6100001c61 
  xmm6=0x0000d9ae0000d9ae0000c4d40000c4d4 xmm7=0x00003d8c00003d8c0000fc070000fc07 

0x30db: cmp ecx, [r14 +rdx]
  rax=0x0000000000001634 rbx=0x0000000000000df9 rcx=0x000046d3000046d3 rdx=0x00000000000000e0
  rsi=0x0000000000000d80 rdi=0x00000000000000e0 flags=0b000000000010
  xmm0=0x0000e04b0000e04b0000024400000244 xmm1=0x00000b7200000b720000918100009181 
  xmm2=0x00000cbd00000cbd0000b6dd0000b6dd xmm3=0x00007e2300007e2300003d6500003d65 
  xmm4=0x0000b4610000b461000032cb000032cb xmm5=0x0000a4990000a49900001c6100001c61 
  xmm6=0x0000d9ae0000d9ae0000c4d40000c4d4 xmm7=0x00003d8c00003d8c0000fc070000fc07 

    > load from +0x40e0 value 0x383a
0x30df: and rbx, 0b1111111111111
  rax=0x0000000000001634 rbx=0x0000000000000df9 rcx=0x000046d3000046d3 rdx=0x00000000000000e0
  rsi=0x0000000000000d80 rdi=0x00000000000000e0 flags=0b000000010110
  xmm0=0x0000e04b0000e04b0000024400000244 xmm1=0x00000b7200000b720000918100009181 
  xmm2=0x00000cbd00000cbd0000b6dd0000b6dd xmm3=0x00007e2300007e2300003d6500003d65 
  xmm4=0x0000b4610000b461000032cb000032cb xmm5=0x0000a4990000a49900001c6100001c61 
  xmm6=0x0000d9ae0000d9ae0000c4d40000c4d4 xmm7=0x00003d8c00003d8c0000fc070000fc07 

0x30e6: test [r14 +rbx], -16576
  rax=0x0000000000001634 rbx=0x0000000000000df9 rcx=0x000046d3000046d3 rdx=0x00000000000000e0
  rsi=0x0000000000000d80 rdi=0x00000000000000e0 flags=0b000000000110
  xmm0=0x0000e04b0000e04b0000024400000244 xmm1=0x00000b7200000b720000918100009181 
  xmm2=0x00000cbd00000cbd0000b6dd0000b6dd xmm3=0x00007e2300007e2300003d6500003d65 
  xmm4=0x0000b4610000b461000032cb000032cb xmm5=0x0000a4990000a49900001c6100001c61 
  xmm6=0x0000d9ae0000d9ae0000c4d40000c4d4 xmm7=0x00003d8c00003d8c0000fc070000fc07 

    > load from +0x4df9 value 0xe0
0x30ed: and rcx, 0b1111111111111
  rax=0x0000000000001634 rbx=0x0000000000000df9 rcx=0x000046d3000046d3 rdx=0x00000000000000e0
  rsi=0x0000000000000d80 rdi=0x00000000000000e0 flags=0b000000000010
  xmm0=0x0000e04b0000e04b0000024400000244 xmm1=0x00000b7200000b720000918100009181 
  xmm2=0x00000cbd00000cbd0000b6dd0000b6dd xmm3=0x00007e2300007e2300003d6500003d65 
  xmm4=0x0000b4610000b461000032cb000032cb xmm5=0x0000a4990000a49900001c6100001c61 
  xmm6=0x0000d9ae0000d9ae0000c4d40000c4d4 xmm7=0x00003d8c00003d8c0000fc070000fc07 

0x30f4: movsx edx, [r14 +rcx]
  rax=0x0000000000001634 rbx=0x0000000000000df9 rcx=0x00000000000006d3 rdx=0x00000000000000e0
  rsi=0x0000000000000d80 rdi=0x00000000000000e0 flags=0b000000000010
  xmm0=0x0000e04b0000e04b0000024400000244 xmm1=0x00000b7200000b720000918100009181 
  xmm2=0x00000cbd00000cbd0000b6dd0000b6dd xmm3=0x00007e2300007e2300003d6500003d65 
  xmm4=0x0000b4610000b461000032cb000032cb xmm5=0x0000a4990000a49900001c6100001c61 
  xmm6=0x0000d9ae0000d9ae0000c4d40000c4d4 xmm7=0x00003d8c00003d8c0000fc070000fc07 

    > load from +0x46d3 value 0x0
0x30f9: xadd cl, cl
  rax=0x0000000000001634 rbx=0x0000000000000df9 rcx=0x00000000000006d3 rdx=0x0000000000000000
  rsi=0x0000000000000d80 rdi=0x00000000000000e0 flags=0b000000000010
  xmm0=0x0000e04b0000e04b0000024400000244 xmm1=0x00000b7200000b720000918100009181 
  xmm2=0x00000cbd00000cbd0000b6dd0000b6dd xmm3=0x00007e2300007e2300003d6500003d65 
  xmm4=0x0000b4610000b461000032cb000032cb xmm5=0x0000a4990000a49900001c6100001c61 
  xmm6=0x0000d9ae0000d9ae0000c4d40000c4d4 xmm7=0x00003d8c00003d8c0000fc070000fc07 

0x30fc: and rbx, 0b1111111111111
  rax=0x0000000000001634 rbx=0x0000000000000df9 rcx=0x00000000000006a6 rdx=0x0000000000000000
  rsi=0x0000000000000d80 rdi=0x00000000000000e0 flags=0b000010000111
  xmm0=0x0000e04b0000e04b0000024400000244 xmm1=0x00000b7200000b720000918100009181 
  xmm2=0x00000cbd00000cbd0000b6dd0000b6dd xmm3=0x00007e2300007e2300003d6500003d65 
  xmm4=0x0000b4610000b461000032cb000032cb xmm5=0x0000a4990000a49900001c6100001c61 
  xmm6=0x0000d9ae0000d9ae0000c4d40000c4d4 xmm7=0x00003d8c00003d8c0000fc070000fc07 

0x3103: cmp cl, [r14 +rbx]
  rax=0x0000000000001634 rbx=0x0000000000000df9 rcx=0x00000000000006a6 rdx=0x0000000000000000
  rsi=0x0000000000000d80 rdi=0x00000000000000e0 flags=0b000000000110
  xmm0=0x0000e04b0000e04b0000024400000244 xmm1=0x00000b7200000b720000918100009181 
  xmm2=0x00000cbd00000cbd0000b6dd0000b6dd xmm3=0x00007e2300007e2300003d6500003d65 
  xmm4=0x0000b4610000b461000032cb000032cb xmm5=0x0000a4990000a49900001c6100001c61 
  xmm6=0x0000d9ae0000d9ae0000c4d40000c4d4 xmm7=0x00003d8c00003d8c0000fc070000fc07 

    > load from +0x4df9 value 0xe0
0x3107: lea eax, rdi +rsi
  rax=0x0000000000001634 rbx=0x0000000000000df9 rcx=0x00000000000006a6 rdx=0x0000000000000000
  rsi=0x0000000000000d80 rdi=0x00000000000000e0 flags=0b000010000111
  xmm0=0x0000e04b0000e04b0000024400000244 xmm1=0x00000b7200000b720000918100009181 
  xmm2=0x00000cbd00000cbd0000b6dd0000b6dd xmm3=0x00007e2300007e2300003d6500003d65 
  xmm4=0x0000b4610000b461000032cb000032cb xmm5=0x0000a4990000a49900001c6100001c61 
  xmm6=0x0000d9ae0000d9ae0000c4d40000c4d4 xmm7=0x00003d8c00003d8c0000fc070000fc07 

0x310a: and rbx, 0b1111111111111
  rax=0x0000000000000e60 rbx=0x0000000000000df9 rcx=0x00000000000006a6 rdx=0x0000000000000000
  rsi=0x0000000000000d80 rdi=0x00000000000000e0 flags=0b000010000111
  xmm0=0x0000e04b0000e04b0000024400000244 xmm1=0x00000b7200000b720000918100009181 
  xmm2=0x00000cbd00000cbd0000b6dd0000b6dd xmm3=0x00007e2300007e2300003d6500003d65 
  xmm4=0x0000b4610000b461000032cb000032cb xmm5=0x0000a4990000a49900001c6100001c61 
  xmm6=0x0000d9ae0000d9ae0000c4d40000c4d4 xmm7=0x00003d8c00003d8c0000fc070000fc07 

0x3111: add sil, [r14 +rbx]
  rax=0x0000000000000e60 rbx=0x0000000000000df9 rcx=0x00000000000006a6 rdx=0x0000000000000000
  rsi=0x0000000000000d80 rdi=0x00000000000000e0 flags=0b000000000110
  xmm0=0x0000e04b0000e04b0000024400000244 xmm1=0x00000b7200000b720000918100009181 
  xmm2=0x00000cbd00000cbd0000b6dd0000b6dd xmm3=0x00007e2300007e2300003d6500003d65 
  xmm4=0x0000b4610000b461000032cb000032cb xmm5=0x0000a4990000a49900001c6100001c61 
  xmm6=0x0000d9ae0000d9ae0000c4d40000c4d4 xmm7=0x00003d8c00003d8c0000fc070000fc07 

    > load from +0x4df9 value 0xe0
0x3115: and rcx, 0b1111111111111
  rax=0x0000000000000e60 rbx=0x0000000000000df9 rcx=0x00000000000006a6 rdx=0x0000000000000000
  rsi=0x0000000000000d60 rdi=0x00000000000000e0 flags=0b100000000111
  xmm0=0x0000e04b0000e04b0000024400000244 xmm1=0x00000b7200000b720000918100009181 
  xmm2=0x00000cbd00000cbd0000b6dd0000b6dd xmm3=0x00007e2300007e2300003d6500003d65 
  xmm4=0x0000b4610000b461000032cb000032cb xmm5=0x0000a4990000a49900001c6100001c61 
  xmm6=0x0000d9ae0000d9ae0000c4d40000c4d4 xmm7=0x00003d8c00003d8c0000fc070000fc07 

0x311c: cmovno edx, [r14 +rcx]
  rax=0x0000000000000e60 rbx=0x0000000000000df9 rcx=0x00000000000006a6 rdx=0x0000000000000000
  rsi=0x0000000000000d60 rdi=0x00000000000000e0 flags=0b000000000110
  xmm0=0x0000e04b0000e04b0000024400000244 xmm1=0x00000b7200000b720000918100009181 
  xmm2=0x00000cbd00000cbd0000b6dd0000b6dd xmm3=0x00007e2300007e2300003d6500003d65 
  xmm4=0x0000b4610000b461000032cb000032cb xmm5=0x0000a4990000a49900001c6100001c61 
  xmm6=0x0000d9ae0000d9ae0000c4d40000c4d4 xmm7=0x00003d8c00003d8c0000fc070000fc07 

    > load from +0x46a6 value 0xf3300000
0x3121: setnle cl
  rax=0x0000000000000e60 rbx=0x0000000000000df9 rcx=0x00000000000006a6 rdx=0x00000000f3300000
  rsi=0x0000000000000d60 rdi=0x00000000000000e0 flags=0b000000000110
  xmm0=0x0000e04b0000e04b0000024400000244 xmm1=0x00000b7200000b720000918100009181 
  xmm2=0x00000cbd00000cbd0000b6dd0000b6dd xmm3=0x00007e2300007e2300003d6500003d65 
  xmm4=0x0000b4610000b461000032cb000032cb xmm5=0x0000a4990000a49900001c6100001c61 
  xmm6=0x0000d9ae0000d9ae0000c4d40000c4d4 xmm7=0x00003d8c00003d8c0000fc070000fc07 

0x3124: and rax, 0b1111111111111
  rax=0x0000000000000e60 rbx=0x0000000000000df9 rcx=0x0000000000000601 rdx=0x00000000f3300000
  rsi=0x0000000000000d60 rdi=0x00000000000000e0 flags=0b000000000110
  xmm0=0x0000e04b0000e04b0000024400000244 xmm1=0x00000b7200000b720000918100009181 
  xmm2=0x00000cbd00000cbd0000b6dd0000b6dd xmm3=0x00007e2300007e2300003d6500003d65 
  xmm4=0x0000b4610000b461000032cb000032cb xmm5=0x0000a4990000a49900001c6100001c61 
  xmm6=0x0000d9ae0000d9ae0000c4d40000c4d4 xmm7=0x00003d8c00003d8c0000fc070000fc07 

0x312a: test [r14 +rax], -1283525720
  rax=0x0000000000000e60 rbx=0x0000000000000df9 rcx=0x0000000000000601 rdx=0x00000000f3300000
  rsi=0x0000000000000d60 rdi=0x00000000000000e0 flags=0b000000000110
  xmm0=0x0000e04b0000e04b0000024400000244 xmm1=0x00000b7200000b720000918100009181 
  xmm2=0x00000cbd00000cbd0000b6dd0000b6dd xmm3=0x00007e2300007e2300003d6500003d65 
  xmm4=0x0000b4610000b461000032cb000032cb xmm5=0x0000a4990000a49900001c6100001c61 
  xmm6=0x0000d9ae0000d9ae0000c4d40000c4d4 xmm7=0x00003d8c00003d8c0000fc070000fc07 

    > load from +0x4e60 value 0xa154
0x3132: cmovnle rcx, rax
  rax=0x0000000000000e60 rbx=0x0000000000000df9 rcx=0x0000000000000601 rdx=0x00000000f3300000
  rsi=0x0000000000000d60 rdi=0x00000000000000e0 flags=0b000000000110
  xmm0=0x0000e04b0000e04b0000024400000244 xmm1=0x00000b7200000b720000918100009181 
  xmm2=0x00000cbd00000cbd0000b6dd0000b6dd xmm3=0x00007e2300007e2300003d6500003d65 
  xmm4=0x0000b4610000b461000032cb000032cb xmm5=0x0000a4990000a49900001c6100001c61 
  xmm6=0x0000d9ae0000d9ae0000c4d40000c4d4 xmm7=0x00003d8c00003d8c0000fc070000fc07 

0x3136: and rbx, 0b1111111111111
  rax=0x0000000000000e60 rbx=0x0000000000000df9 rcx=0x0000000000000e60 rdx=0x00000000f3300000
  rsi=0x0000000000000d60 rdi=0x00000000000000e0 flags=0b000000000110
  xmm0=0x0000e04b0000e04b0000024400000244 xmm1=0x00000b7200000b720000918100009181 
  xmm2=0x00000cbd00000cbd0000b6dd0000b6dd xmm3=0x00007e2300007e2300003d6500003d65 
  xmm4=0x0000b4610000b461000032cb000032cb xmm5=0x0000a4990000a49900001c6100001c61 
  xmm6=0x0000d9ae0000d9ae0000c4d40000c4d4 xmm7=0x00003d8c00003d8c0000fc070000fc07 

0x313d: mov rax, [r14 +rbx]
  rax=0x0000000000000e60 rbx=0x0000000000000df9 rcx=0x0000000000000e60 rdx=0x00000000f3300000
  rsi=0x0000000000000d60 rdi=0x00000000000000e0 flags=0b000000000110
  xmm0=0x0000e04b0000e04b0000024400000244 xmm1=0x00000b7200000b720000918100009181 
  xmm2=0x00000cbd00000cbd0000b6dd0000b6dd xmm3=0x00007e2300007e2300003d6500003d65 
  xmm4=0x0000b4610000b461000032cb000032cb xmm5=0x0000a4990000a49900001c6100001c61 
  xmm6=0x0000d9ae0000d9ae0000c4d40000c4d4 xmm7=0x00003d8c00003d8c0000fc070000fc07 

    > load from +0x4df9 value 0x5f0000e0e20000e0
0x3141: mov cx, di
  rax=0x5f0000e0e20000e0 rbx=0x0000000000000df9 rcx=0x0000000000000e60 rdx=0x00000000f3300000
  rsi=0x0000000000000d60 rdi=0x00000000000000e0 flags=0b000000000110
  xmm0=0x0000e04b0000e04b0000024400000244 xmm1=0x00000b7200000b720000918100009181 
  xmm2=0x00000cbd00000cbd0000b6dd0000b6dd xmm3=0x00007e2300007e2300003d6500003d65 
  xmm4=0x0000b4610000b461000032cb000032cb xmm5=0x0000a4990000a49900001c6100001c61 
  xmm6=0x0000d9ae0000d9ae0000c4d40000c4d4 xmm7=0x00003d8c00003d8c0000fc070000fc07 

0x3144: and rdi, 0b1111111111111
  rax=0x5f0000e0e20000e0 rbx=0x0000000000000df9 rcx=0x00000000000000e0 rdx=0x00000000f3300000
  rsi=0x0000000000000d60 rdi=0x00000000000000e0 flags=0b000000000110
  xmm0=0x0000e04b0000e04b0000024400000244 xmm1=0x00000b7200000b720000918100009181 
  xmm2=0x00000cbd00000cbd0000b6dd0000b6dd xmm3=0x00007e2300007e2300003d6500003d65 
  xmm4=0x0000b4610000b461000032cb000032cb xmm5=0x0000a4990000a49900001c6100001c61 
  xmm6=0x0000d9ae0000d9ae0000c4d40000c4d4 xmm7=0x00003d8c00003d8c0000fc070000fc07 

0x314b: adc dl, [r14 +rdi]
  rax=0x5f0000e0e20000e0 rbx=0x0000000000000df9 rcx=0x00000000000000e0 rdx=0x00000000f3300000
  rsi=0x0000000000000d60 rdi=0x00000000000000e0 flags=0b000000000010
  xmm0=0x0000e04b0000e04b0000024400000244 xmm1=0x00000b7200000b720000918100009181 
  xmm2=0x00000cbd00000cbd0000b6dd0000b6dd xmm3=0x00007e2300007e2300003d6500003d65 
  xmm4=0x0000b4610000b461000032cb000032cb xmm5=0x0000a4990000a49900001c6100001c61 
  xmm6=0x0000d9ae0000d9ae0000c4d40000c4d4 xmm7=0x00003d8c00003d8c0000fc070000fc07 

    > load from +0x40e0 value 0x3a
0x314f: cmovle cx, bx
  rax=0x5f0000e0e20000e0 rbx=0x0000000000000df9 rcx=0x00000000000000e0 rdx=0x00000000f330003a
  rsi=0x0000000000000d60 rdi=0x00000000000000e0 flags=0b000000000110
  xmm0=0x0000e04b0000e04b0000024400000244 xmm1=0x00000b7200000b720000918100009181 
  xmm2=0x00000cbd00000cbd0000b6dd0000b6dd xmm3=0x00007e2300007e2300003d6500003d65 
  xmm4=0x0000b4610000b461000032cb000032cb xmm5=0x0000a4990000a49900001c6100001c61 
  xmm6=0x0000d9ae0000d9ae0000c4d40000c4d4 xmm7=0x00003d8c00003d8c0000fc070000fc07 

0x3153: add dil, 79
  rax=0x5f0000e0e20000e0 rbx=0x0000000000000df9 rcx=0x00000000000000e0 rdx=0x00000000f330003a
  rsi=0x0000000000000d60 rdi=0x00000000000000e0 flags=0b000000000110
  xmm0=0x0000e04b0000e04b0000024400000244 xmm1=0x00000b7200000b720000918100009181 
  xmm2=0x00000cbd00000cbd0000b6dd0000b6dd xmm3=0x00007e2300007e2300003d6500003d65 
  xmm4=0x0000b4610000b461000032cb000032cb xmm5=0x0000a4990000a49900001c6100001c61 
  xmm6=0x0000d9ae0000d9ae0000c4d40000c4d4 xmm7=0x00003d8c00003d8c0000fc070000fc07 

0x3157: and rdx, 0b1111111111111
  rax=0x5f0000e0e20000e0 rbx=0x0000000000000df9 rcx=0x00000000000000e0 rdx=0x00000000f330003a
  rsi=0x0000000000000d60 rdi=0x000000000000002f flags=0b000000000011
  xmm0=0x0000e04b0000e04b0000024400000244 xmm1=0x00000b7200000b720000918100009181 
  xmm2=0x00000cbd00000cbd0000b6dd0000b6dd xmm3=0x00007e2300007e2300003d6500003d65 
  xmm4=0x0000b4610000b461000032cb000032cb xmm5=0x0000a4990000a49900001c6100001c61 
  xmm6=0x0000d9ae0000d9ae0000c4d40000c4d4 xmm7=0x00003d8c00003d8c0000fc070000fc07 

0x315e: movsx si, [r14 +rdx]
  rax=0x5f0000e0e20000e0 rbx=0x0000000000000df9 rcx=0x00000000000000e0 rdx=0x000000000000003a
  rsi=0x0000000000000d60 rdi=0x000000000000002f flags=0b000000000110
  xmm0=0x0000e04b0000e04b0000024400000244 xmm1=0x00000b7200000b720000918100009181 
  xmm2=0x00000cbd00000cbd0000b6dd0000b6dd xmm3=0x00007e2300007e2300003d6500003d65 
  xmm4=0x0000b4610000b461000032cb000032cb xmm5=0x0000a4990000a49900001c6100001c61 
  xmm6=0x0000d9ae0000d9ae0000c4d40000c4d4 xmm7=0x00003d8c00003d8c0000fc070000fc07 

    > load from +0x403a value 0x0
0x3164: and rbx, 0b1111111111111
  rax=0x5f0000e0e20000e0 rbx=0x0000000000000df9 rcx=0x00000000000000e0 rdx=0x000000000000003a
  rsi=0x0000000000000000 rdi=0x000000000000002f flags=0b000000000110
  xmm0=0x0000e04b0000e04b0000024400000244 xmm1=0x00000b7200000b720000918100009181 
  xmm2=0x00000cbd00000cbd0000b6dd0000b6dd xmm3=0x00007e2300007e2300003d6500003d65 
  xmm4=0x0000b4610000b461000032cb000032cb xmm5=0x0000a4990000a49900001c6100001c61 
  xmm6=0x0000d9ae0000d9ae0000c4d40000c4d4 xmm7=0x00003d8c00003d8c0000fc070000fc07 

0x316b: cmovb dx, [r14 +rbx]
  rax=0x5f0000e0e20000e0 rbx=0x0000000000000df9 rcx=0x00000000000000e0 rdx=0x000000000000003a
  rsi=0x0000000000000000 rdi=0x000000000000002f flags=0b000000000110
  xmm0=0x0000e04b0000e04b0000024400000244 xmm1=0x00000b7200000b720000918100009181 
  xmm2=0x00000cbd00000cbd0000b6dd0000b6dd xmm3=0x00007e2300007e2300003d6500003d65 
  xmm4=0x0000b4610000b461000032cb000032cb xmm5=0x0000a4990000a49900001c6100001c61 
  xmm6=0x0000d9ae0000d9ae0000c4d40000c4d4 xmm7=0x00003d8c00003d8c0000fc070000fc07 

    > load from +0x4df9 value 0xe0
0x3171: setb al
  rax=0x5f0000e0e20000e0 rbx=0x0000000000000df9 rcx=0x00000000000000e0 rdx=0x000000000000003a
  rsi=0x0000000000000000 rdi=0x000000000000002f flags=0b000000000110
  xmm0=0x0000e04b0000e04b0000024400000244 xmm1=0x00000b7200000b720000918100009181 
  xmm2=0x00000cbd00000cbd0000b6dd0000b6dd xmm3=0x00007e2300007e2300003d6500003d65 
  xmm4=0x0000b4610000b461000032cb000032cb xmm5=0x0000a4990000a49900001c6100001c61 
  xmm6=0x0000d9ae0000d9ae0000c4d40000c4d4 xmm7=0x00003d8c00003d8c0000fc070000fc07 

0x3174: bts si, 140
  rax=0x5f0000e0e2000000 rbx=0x0000000000000df9 rcx=0x00000000000000e0 rdx=0x000000000000003a
  rsi=0x0000000000000000 rdi=0x000000000000002f flags=0b000000000110
  xmm0=0x0000e04b0000e04b0000024400000244 xmm1=0x00000b7200000b720000918100009181 
  xmm2=0x00000cbd00000cbd0000b6dd0000b6dd xmm3=0x00007e2300007e2300003d6500003d65 
  xmm4=0x0000b4610000b461000032cb000032cb xmm5=0x0000a4990000a49900001c6100001c61 
  xmm6=0x0000d9ae0000d9ae0000c4d40000c4d4 xmm7=0x00003d8c00003d8c0000fc070000fc07 

0x3179: xchg rdi, rax
  rax=0x5f0000e0e2000000 rbx=0x0000000000000df9 rcx=0x00000000000000e0 rdx=0x000000000000003a
  rsi=0x0000000000001000 rdi=0x000000000000002f flags=0b000000000110
  xmm0=0x0000e04b0000e04b0000024400000244 xmm1=0x00000b7200000b720000918100009181 
  xmm2=0x00000cbd00000cbd0000b6dd0000b6dd xmm3=0x00007e2300007e2300003d6500003d65 
  xmm4=0x0000b4610000b461000032cb000032cb xmm5=0x0000a4990000a49900001c6100001c61 
  xmm6=0x0000d9ae0000d9ae0000c4d40000c4d4 xmm7=0x00003d8c00003d8c0000fc070000fc07 

0x317b: and rbx, 0b1111111111111
  rax=0x000000000000002f rbx=0x0000000000000df9 rcx=0x00000000000000e0 rdx=0x000000000000003a
  rsi=0x0000000000001000 rdi=0x5f0000e0e2000000 flags=0b000000000110
  xmm0=0x0000e04b0000e04b0000024400000244 xmm1=0x00000b7200000b720000918100009181 
  xmm2=0x00000cbd00000cbd0000b6dd0000b6dd xmm3=0x00007e2300007e2300003d6500003d65 
  xmm4=0x0000b4610000b461000032cb000032cb xmm5=0x0000a4990000a49900001c6100001c61 
  xmm6=0x0000d9ae0000d9ae0000c4d40000c4d4 xmm7=0x00003d8c00003d8c0000fc070000fc07 

0x3182: cmp [r14 +rbx], dl
  rax=0x000000000000002f rbx=0x0000000000000df9 rcx=0x00000000000000e0 rdx=0x000000000000003a
  rsi=0x0000000000001000 rdi=0x5f0000e0e2000000 flags=0b000000000110
  xmm0=0x0000e04b0000e04b0000024400000244 xmm1=0x00000b7200000b720000918100009181 
  xmm2=0x00000cbd00000cbd0000b6dd0000b6dd xmm3=0x00007e2300007e2300003d6500003d65 
  xmm4=0x0000b4610000b461000032cb000032cb xmm5=0x0000a4990000a49900001c6100001c61 
  xmm6=0x0000d9ae0000d9ae0000c4d40000c4d4 xmm7=0x00003d8c00003d8c0000fc070000fc07 

    > load from +0x4df9 value 0xe0
0x3186: macro .switch, .main.function_main_1
  rax=0x000000000000002f rbx=0x0000000000000df9 rcx=0x00000000000000e0 rdx=0x000000000000003a
  rsi=0x0000000000001000 rdi=0x5f0000e0e2000000 flags=0b000010010110
  xmm0=0x0000e04b0000e04b0000024400000244 xmm1=0x00000b7200000b720000918100009181 
  xmm2=0x00000cbd00000cbd0000b6dd0000b6dd xmm3=0x00007e2300007e2300003d6500003d65 
  xmm4=0x0000b4610000b461000032cb000032cb xmm5=0x0000a4990000a49900001c6100001c61 
  xmm6=0x0000d9ae0000d9ae0000c4d40000c4d4 xmm7=0x00003d8c00003d8c0000fc070000fc07 

0x8 : sub dl, -54
  rax=0x000000000000002f rbx=0x0000000000000df9 rcx=0x00000000000000e0 rdx=0x000000000000003a
  rsi=0x0000000000001000 rdi=0x5f0000e0e2000000 flags=0b000010010110
  xmm0=0x0000e04b0000e04b0000024400000244 xmm1=0x00000b7200000b720000918100009181 
  xmm2=0x00000cbd00000cbd0000b6dd0000b6dd xmm3=0x00007e2300007e2300003d6500003d65 
  xmm4=0x0000b4610000b461000032cb000032cb xmm5=0x0000a4990000a49900001c6100001c61 
  xmm6=0x0000d9ae0000d9ae0000c4d40000c4d4 xmm7=0x00003d8c00003d8c0000fc070000fc07 

0xb : and rsi, 0b1111111111111
  rax=0x000000000000002f rbx=0x0000000000000df9 rcx=0x00000000000000e0 rdx=0x0000000000000070
  rsi=0x0000000000001000 rdi=0x5f0000e0e2000000 flags=0b000000000011
  xmm0=0x0000e04b0000e04b0000024400000244 xmm1=0x00000b7200000b720000918100009181 
  xmm2=0x00000cbd00000cbd0000b6dd0000b6dd xmm3=0x00007e2300007e2300003d6500003d65 
  xmm4=0x0000b4610000b461000032cb000032cb xmm5=0x0000a4990000a49900001c6100001c61 
  xmm6=0x0000d9ae0000d9ae0000c4d40000c4d4 xmm7=0x00003d8c00003d8c0000fc070000fc07 

0x12: test [r14 +rsi], cl
  rax=0x000000000000002f rbx=0x0000000000000df9 rcx=0x00000000000000e0 rdx=0x0000000000000070
  rsi=0x0000000000001000 rdi=0x5f0000e0e2000000 flags=0b000000000110
  xmm0=0x0000e04b0000e04b0000024400000244 xmm1=0x00000b7200000b720000918100009181 
  xmm2=0x00000cbd00000cbd0000b6dd0000b6dd xmm3=0x00007e2300007e2300003d6500003d65 
  xmm4=0x0000b4610000b461000032cb000032cb xmm5=0x0000a4990000a49900001c6100001c61 
  xmm6=0x0000d9ae0000d9ae0000c4d40000c4d4 xmm7=0x00003d8c00003d8c0000fc070000fc07 

    > load from +0x1000 value 0x9c
0x16: and rcx, 0b1111111111111
  rax=0x000000000000002f rbx=0x0000000000000df9 rcx=0x00000000000000e0 rdx=0x0000000000000070
  rsi=0x0000000000001000 rdi=0x5f0000e0e2000000 flags=0b000010000010
  xmm0=0x0000e04b0000e04b0000024400000244 xmm1=0x00000b7200000b720000918100009181 
  xmm2=0x00000cbd00000cbd0000b6dd0000b6dd xmm3=0x00007e2300007e2300003d6500003d65 
  xmm4=0x0000b4610000b461000032cb000032cb xmm5=0x0000a4990000a49900001c6100001c61 
  xmm6=0x0000d9ae0000d9ae0000c4d40000c4d4 xmm7=0x00003d8c00003d8c0000fc070000fc07 

0x1d: cmovz ecx, [r14 +rcx]
  rax=0x000000000000002f rbx=0x0000000000000df9 rcx=0x00000000000000e0 rdx=0x0000000000000070
  rsi=0x0000000000001000 rdi=0x5f0000e0e2000000 flags=0b000000000010
  xmm0=0x0000e04b0000e04b0000024400000244 xmm1=0x00000b7200000b720000918100009181 
  xmm2=0x00000cbd00000cbd0000b6dd0000b6dd xmm3=0x00007e2300007e2300003d6500003d65 
  xmm4=0x0000b4610000b461000032cb000032cb xmm5=0x0000a4990000a49900001c6100001c61 
  xmm6=0x0000d9ae0000d9ae0000c4d40000c4d4 xmm7=0x00003d8c00003d8c0000fc070000fc07 

    > load from +0xe0 value 0x11c2
0x22: or ecx, 0b1000
  rax=0x000000000000002f rbx=0x0000000000000df9 rcx=0x00000000000000e0 rdx=0x0000000000000070
  rsi=0x0000000000001000 rdi=0x5f0000e0e2000000 flags=0b000000000010
  xmm0=0x0000e04b0000e04b0000024400000244 xmm1=0x00000b7200000b720000918100009181 
  xmm2=0x00000cbd00000cbd0000b6dd0000b6dd xmm3=0x00007e2300007e2300003d6500003d65 
  xmm4=0x0000b4610000b461000032cb000032cb xmm5=0x0000a4990000a49900001c6100001c61 
  xmm6=0x0000d9ae0000d9ae0000c4d40000c4d4 xmm7=0x00003d8c00003d8c0000fc070000fc07 

0x25: and cl, 0b11111000
  rax=0x000000000000002f rbx=0x0000000000000df9 rcx=0x00000000000000e8 rdx=0x0000000000000070
  rsi=0x0000000000001000 rdi=0x5f0000e0e2000000 flags=0b000000000110
  xmm0=0x0000e04b0000e04b0000024400000244 xmm1=0x00000b7200000b720000918100009181 
  xmm2=0x00000cbd00000cbd0000b6dd0000b6dd xmm3=0x00007e2300007e2300003d6500003d65 
  xmm4=0x0000b4610000b461000032cb000032cb xmm5=0x0000a4990000a49900001c6100001c61 
  xmm6=0x0000d9ae0000d9ae0000c4d40000c4d4 xmm7=0x00003d8c00003d8c0000fc070000fc07 

0x28: and edx, 0b11
  rax=0x000000000000002f rbx=0x0000000000000df9 rcx=0x00000000000000e8 rdx=0x0000000000000070
  rsi=0x0000000000001000 rdi=0x5f0000e0e2000000 flags=0b000010000110
  xmm0=0x0000e04b0000e04b0000024400000244 xmm1=0x00000b7200000b720000918100009181 
  xmm2=0x00000cbd00000cbd0000b6dd0000b6dd xmm3=0x00007e2300007e2300003d6500003d65 
  xmm4=0x0000b4610000b461000032cb000032cb xmm5=0x0000a4990000a49900001c6100001c61 
  xmm6=0x0000d9ae0000d9ae0000c4d40000c4d4 xmm7=0x00003d8c00003d8c0000fc070000fc07 

0x2b: idiv ecx
  rax=0x000000000000002f rbx=0x0000000000000df9 rcx=0x00000000000000e8 rdx=0x0000000000000000
  rsi=0x0000000000001000 rdi=0x5f0000e0e2000000 flags=0b000001000110
  xmm0=0x0000e04b0000e04b0000024400000244 xmm1=0x00000b7200000b720000918100009181 
  xmm2=0x00000cbd00000cbd0000b6dd0000b6dd xmm3=0x00007e2300007e2300003d6500003d65 
  xmm4=0x0000b4610000b461000032cb000032cb xmm5=0x0000a4990000a49900001c6100001c61 
  xmm6=0x0000d9ae0000d9ae0000c4d40000c4d4 xmm7=0x00003d8c00003d8c0000fc070000fc07 

0x2d: or bl, bl
  rax=0x0000000000000000 rbx=0x0000000000000df9 rcx=0x00000000000000e8 rdx=0x000000000000002f
  rsi=0x0000000000001000 rdi=0x5f0000e0e2000000 flags=0b000001000110
  xmm0=0x0000e04b0000e04b0000024400000244 xmm1=0x00000b7200000b720000918100009181 
  xmm2=0x00000cbd00000cbd0000b6dd0000b6dd xmm3=0x00007e2300007e2300003d6500003d65 
  xmm4=0x0000b4610000b461000032cb000032cb xmm5=0x0000a4990000a49900001c6100001c61 
  xmm6=0x0000d9ae0000d9ae0000c4d40000c4d4 xmm7=0x00003d8c00003d8c0000fc070000fc07 

0x2f: and rax, 0b1111111111111
  rax=0x0000000000000000 rbx=0x0000000000000df9 rcx=0x00000000000000e8 rdx=0x000000000000002f
  rsi=0x0000000000001000 rdi=0x5f0000e0e2000000 flags=0b000010000110
  xmm0=0x0000e04b0000e04b0000024400000244 xmm1=0x00000b7200000b720000918100009181 
  xmm2=0x00000cbd00000cbd0000b6dd0000b6dd xmm3=0x00007e2300007e2300003d6500003d65 
  xmm4=0x0000b4610000b461000032cb000032cb xmm5=0x0000a4990000a49900001c6100001c61 
  xmm6=0x0000d9ae0000d9ae0000c4d40000c4d4 xmm7=0x00003d8c00003d8c0000fc070000fc07 

0x35: or [r14 +rax], 0b1000
  rax=0x0000000000000000 rbx=0x0000000000000df9 rcx=0x00000000000000e8 rdx=0x000000000000002f
  rsi=0x0000000000001000 rdi=0x5f0000e0e2000000 flags=0b000001000110
  xmm0=0x0000e04b0000e04b0000024400000244 xmm1=0x00000b7200000b720000918100009181 
  xmm2=0x00000cbd00000cbd0000b6dd0000b6dd xmm3=0x00007e2300007e2300003d6500003d65 
  xmm4=0x0000b4610000b461000032cb000032cb xmm5=0x0000a4990000a49900001c6100001c61 
  xmm6=0x0000d9ae0000d9ae0000c4d40000c4d4 xmm7=0x00003d8c00003d8c0000fc070000fc07 

    > load from +0x0 value 0x56f2
    > store to +0x0 value 0x56fa
0x3b: and [r14 +rax], 0b11111000
  rax=0x0000000000000000 rbx=0x0000000000000df9 rcx=0x00000000000000e8 rdx=0x000000000000002f
  rsi=0x0000000000001000 rdi=0x5f0000e0e2000000 flags=0b000000000110
  xmm0=0x0000e04b0000e04b0000024400000244 xmm1=0x00000b7200000b720000918100009181 
  xmm2=0x00000cbd00000cbd0000b6dd0000b6dd xmm3=0x00007e2300007e2300003d6500003d65 
  xmm4=0x0000b4610000b461000032cb000032cb xmm5=0x0000a4990000a49900001c6100001c61 
  xmm6=0x0000d9ae0000d9ae0000c4d40000c4d4 xmm7=0x00003d8c00003d8c0000fc070000fc07 

    > load from +0x0 value 0xfa
    > store to +0x0 value 0xf8
0x40: and dx, 0b11
  rax=0x0000000000000000 rbx=0x0000000000000df9 rcx=0x00000000000000e8 rdx=0x000000000000002f
  rsi=0x0000000000001000 rdi=0x5f0000e0e2000000 flags=0b000010000010
  xmm0=0x0000e04b0000e04b0000024400000244 xmm1=0x00000b7200000b720000918100009181 
  xmm2=0x00000cbd00000cbd0000b6dd0000b6dd xmm3=0x00007e2300007e2300003d6500003d65 
  xmm4=0x0000b4610000b461000032cb000032cb xmm5=0x0000a4990000a49900001c6100001c61 
  xmm6=0x0000d9ae0000d9ae0000c4d40000c4d4 xmm7=0x00003d8c00003d8c0000fc070000fc07 

0x44: idiv [r14 +rax]
  rax=0x0000000000000000 rbx=0x0000000000000df9 rcx=0x00000000000000e8 rdx=0x0000000000000003
  rsi=0x0000000000001000 rdi=0x5f0000e0e2000000 flags=0b000000000110
  xmm0=0x0000e04b0000e04b0000024400000244 xmm1=0x00000b7200000b720000918100009181 
  xmm2=0x00000cbd00000cbd0000b6dd0000b6dd xmm3=0x00007e2300007e2300003d6500003d65 
  xmm4=0x0000b4610000b461000032cb000032cb xmm5=0x0000a4990000a49900001c6100001c61 
  xmm6=0x0000d9ae0000d9ae0000c4d40000c4d4 xmm7=0x00003d8c00003d8c0000fc070000fc07 

    > load from +0x0 value 0x56f8
0x49: add ax, 110
  rax=0x0000000000000008 rbx=0x0000000000000df9 rcx=0x00000000000000e8 rdx=0x0000000000004840
  rsi=0x0000000000001000 rdi=0x5f0000e0e2000000 flags=0b000000000110
  xmm0=0x0000e04b0000e04b0000024400000244 xmm1=0x00000b7200000b720000918100009181 
  xmm2=0x00000cbd00000cbd0000b6dd0000b6dd xmm3=0x00007e2300007e2300003d6500003d65 
  xmm4=0x0000b4610000b461000032cb000032cb xmm5=0x0000a4990000a49900001c6100001c61 
  xmm6=0x0000d9ae0000d9ae0000c4d40000c4d4 xmm7=0x00003d8c00003d8c0000fc070000fc07 

0x4d: and rdx, 0b1111111111111
  rax=0x0000000000000076 rbx=0x0000000000000df9 rcx=0x00000000000000e8 rdx=0x0000000000004840
  rsi=0x0000000000001000 rdi=0x5f0000e0e2000000 flags=0b000000010010
  xmm0=0x0000e04b0000e04b0000024400000244 xmm1=0x00000b7200000b720000918100009181 
  xmm2=0x00000cbd00000cbd0000b6dd0000b6dd xmm3=0x00007e2300007e2300003d6500003d65 
  xmm4=0x0000b4610000b461000032cb000032cb xmm5=0x0000a4990000a49900001c6100001c61 
  xmm6=0x0000d9ae0000d9ae0000c4d40000c4d4 xmm7=0x00003d8c00003d8c0000fc070000fc07 

0x54: sbb bl, [r14 +rdx]
  rax=0x0000000000000076 rbx=0x0000000000000df9 rcx=0x00000000000000e8 rdx=0x0000000000000840
  rsi=0x0000000000001000 rdi=0x5f0000e0e2000000 flags=0b000000000010
  xmm0=0x0000e04b0000e04b0000024400000244 xmm1=0x00000b7200000b720000918100009181 
  xmm2=0x00000cbd00000cbd0000b6dd0000b6dd xmm3=0x00007e2300007e2300003d6500003d65 
  xmm4=0x0000b4610000b461000032cb000032cb xmm5=0x0000a4990000a49900001c6100001c61 
  xmm6=0x0000d9ae0000d9ae0000c4d40000c4d4 xmm7=0x00003d8c00003d8c0000fc070000fc07 

    > load from +0x840 value 0xee
0x58: and rcx, 0b1111111111111
  rax=0x0000000000000076 rbx=0x0000000000000d0b rcx=0x00000000000000e8 rdx=0x0000000000000840
  rsi=0x0000000000001000 rdi=0x5f0000e0e2000000 flags=0b000000010010
  xmm0=0x0000e04b0000e04b0000024400000244 xmm1=0x00000b7200000b720000918100009181 
  xmm2=0x00000cbd00000cbd0000b6dd0000b6dd xmm3=0x00007e2300007e2300003d6500003d65 
  xmm4=0x0000b4610000b461000032cb000032cb xmm5=0x0000a4990000a49900001c6100001c61 
  xmm6=0x0000d9ae0000d9ae0000c4d40000c4d4 xmm7=0x00003d8c00003d8c0000fc070000fc07 

0x5f: cmovnz rax, [r14 +rcx]
  rax=0x0000000000000076 rbx=0x0000000000000d0b rcx=0x00000000000000e8 rdx=0x0000000000000840
  rsi=0x0000000000001000 rdi=0x5f0000e0e2000000 flags=0b000000000110
  xmm0=0x0000e04b0000e04b0000024400000244 xmm1=0x00000b7200000b720000918100009181 
  xmm2=0x00000cbd00000cbd0000b6dd0000b6dd xmm3=0x00007e2300007e2300003d6500003d65 
  xmm4=0x0000b4610000b461000032cb000032cb xmm5=0x0000a4990000a49900001c6100001c61 
  xmm6=0x0000d9ae0000d9ae0000c4d40000c4d4 xmm7=0x00003d8c00003d8c0000fc070000fc07 

    > load from +0xe8 value 0x968700009687
0x64: bt eax, 153
  rax=0x0000968700009687 rbx=0x0000000000000d0b rcx=0x00000000000000e8 rdx=0x0000000000000840
  rsi=0x0000000000001000 rdi=0x5f0000e0e2000000 flags=0b000000000110
  xmm0=0x0000e04b0000e04b0000024400000244 xmm1=0x00000b7200000b720000918100009181 
  xmm2=0x00000cbd00000cbd0000b6dd0000b6dd xmm3=0x00007e2300007e2300003d6500003d65 
  xmm4=0x0000b4610000b461000032cb000032cb xmm5=0x0000a4990000a49900001c6100001c61 
  xmm6=0x0000d9ae0000d9ae0000c4d40000c4d4 xmm7=0x00003d8c00003d8c0000fc070000fc07 

0x68: cwd 
  rax=0x0000968700009687 rbx=0x0000000000000d0b rcx=0x00000000000000e8 rdx=0x0000000000000840
  rsi=0x0000000000001000 rdi=0x5f0000e0e2000000 flags=0b000000000110
  xmm0=0x0000e04b0000e04b0000024400000244 xmm1=0x00000b7200000b720000918100009181 
  xmm2=0x00000cbd00000cbd0000b6dd0000b6dd xmm3=0x00007e2300007e2300003d6500003d65 
  xmm4=0x0000b4610000b461000032cb000032cb xmm5=0x0000a4990000a49900001c6100001c61 
  xmm6=0x0000d9ae0000d9ae0000c4d40000c4d4 xmm7=0x00003d8c00003d8c0000fc070000fc07 

0x6a: and rdi, 0b1111111111111
  rax=0x0000968700009687 rbx=0x0000000000000d0b rcx=0x00000000000000e8 rdx=0x000000000000ffff
  rsi=0x0000000000001000 rdi=0x5f0000e0e2000000 flags=0b000000000110
  xmm0=0x0000e04b0000e04b0000024400000244 xmm1=0x00000b7200000b720000918100009181 
  xmm2=0x00000cbd00000cbd0000b6dd0000b6dd xmm3=0x00007e2300007e2300003d6500003d65 
  xmm4=0x0000b4610000b461000032cb000032cb xmm5=0x0000a4990000a49900001c6100001c61 
  xmm6=0x0000d9ae0000d9ae0000c4d40000c4d4 xmm7=0x00003d8c00003d8c0000fc070000fc07 

0x71: cmovnb edi, [r14 +rdi]
  rax=0x0000968700009687 rbx=0x0000000000000d0b rcx=0x00000000000000e8 rdx=0x000000000000ffff
  rsi=0x0000000000001000 rdi=0x0000000000000000 flags=0b000001000110
  xmm0=0x0000e04b0000e04b0000024400000244 xmm1=0x00000b7200000b720000918100009181 
  xmm2=0x00000cbd00000cbd0000b6dd0000b6dd xmm3=0x00007e2300007e2300003d6500003d65 
  xmm4=0x0000b4610000b461000032cb000032cb xmm5=0x0000a4990000a49900001c6100001c61 
  xmm6=0x0000d9ae0000d9ae0000c4d40000c4d4 xmm7=0x00003d8c00003d8c0000fc070000fc07 

    > load from +0x0 value 0x56f8
0x76: and rbx, 0b1111111111111
  rax=0x0000968700009687 rbx=0x0000000000000d0b rcx=0x00000000000000e8 rdx=0x000000000000ffff
  rsi=0x0000000000001000 rdi=0x00000000000056f8 flags=0b000001000110
  xmm0=0x0000e04b0000e04b0000024400000244 xmm1=0x00000b7200000b720000918100009181 
  xmm2=0x00000cbd00000cbd0000b6dd0000b6dd xmm3=0x00007e2300007e2300003d6500003d65 
  xmm4=0x0000b4610000b461000032cb000032cb xmm5=0x0000a4990000a49900001c6100001c61 
  xmm6=0x0000d9ae0000d9ae0000c4d40000c4d4 xmm7=0x00003d8c00003d8c0000fc070000fc07 

0x7d: sbb ebx, [r14 +rbx]
  rax=0x0000968700009687 rbx=0x0000000000000d0b rcx=0x00000000000000e8 rdx=0x000000000000ffff
  rsi=0x0000000000001000 rdi=0x00000000000056f8 flags=0b000000000010
  xmm0=0x0000e04b0000e04b0000024400000244 xmm1=0x00000b7200000b720000918100009181 
  xmm2=0x00000cbd00000cbd0000b6dd0000b6dd xmm3=0x00007e2300007e2300003d6500003d65 
  xmm4=0x0000b4610000b461000032cb000032cb xmm5=0x0000a4990000a49900001c6100001c61 
  xmm6=0x0000d9ae0000d9ae0000c4d40000c4d4 xmm7=0x00003d8c00003d8c0000fc070000fc07 

    > load from +0xd0b value 0xbafe00
0x81: cmovnl rbx, rsi
  rax=0x0000968700009687 rbx=0x00000000ff450f0b rcx=0x00000000000000e8 rdx=0x000000000000ffff
  rsi=0x0000000000001000 rdi=0x00000000000056f8 flags=0b000010000011
  xmm0=0x0000e04b0000e04b0000024400000244 xmm1=0x00000b7200000b720000918100009181 
  xmm2=0x00000cbd00000cbd0000b6dd0000b6dd xmm3=0x00007e2300007e2300003d6500003d65 
  xmm4=0x0000b4610000b461000032cb000032cb xmm5=0x0000a4990000a49900001c6100001c61 
  xmm6=0x0000d9ae0000d9ae0000c4d40000c4d4 xmm7=0x00003d8c00003d8c0000fc070000fc07 

0x85: and rdi, 0b1111111111111
  rax=0x0000968700009687 rbx=0x00000000ff450f0b rcx=0x00000000000000e8 rdx=0x000000000000ffff
  rsi=0x0000000000001000 rdi=0x00000000000056f8 flags=0b000010000011
  xmm0=0x0000e04b0000e04b0000024400000244 xmm1=0x00000b7200000b720000918100009181 
  xmm2=0x00000cbd00000cbd0000b6dd0000b6dd xmm3=0x00007e2300007e2300003d6500003d65 
  xmm4=0x0000b4610000b461000032cb000032cb xmm5=0x0000a4990000a49900001c6100001c61 
  xmm6=0x0000d9ae0000d9ae0000c4d40000c4d4 xmm7=0x00003d8c00003d8c0000fc070000fc07 

0x8c: sub si, [r14 +rdi]
  rax=0x0000968700009687 rbx=0x00000000ff450f0b rcx=0x00000000000000e8 rdx=0x000000000000ffff
  rsi=0x0000000000001000 rdi=0x00000000000016f8 flags=0b000000000010
  xmm0=0x0000e04b0000e04b0000024400000244 xmm1=0x00000b7200000b720000918100009181 
  xmm2=0x00000cbd00000cbd0000b6dd0000b6dd xmm3=0x00007e2300007e2300003d6500003d65 
  xmm4=0x0000b4610000b461000032cb000032cb xmm5=0x0000a4990000a49900001c6100001c61 
  xmm6=0x0000d9ae0000d9ae0000c4d40000c4d4 xmm7=0x00003d8c00003d8c0000fc070000fc07 

    > load from +0x16f8 value 0x6706
0x91: movsx edi, dl
  rax=0x0000968700009687 rbx=0x00000000ff450f0b rcx=0x00000000000000e8 rdx=0x000000000000ffff
  rsi=0x000000000000a8fa rdi=0x00000000000016f8 flags=0b000010010111
  xmm0=0x0000e04b0000e04b0000024400000244 xmm1=0x00000b7200000b720000918100009181 
  xmm2=0x00000cbd00000cbd0000b6dd0000b6dd xmm3=0x00007e2300007e2300003d6500003d65 
  xmm4=0x0000b4610000b461000032cb000032cb xmm5=0x0000a4990000a49900001c6100001c61 
  xmm6=0x0000d9ae0000d9ae0000c4d40000c4d4 xmm7=0x00003d8c00003d8c0000fc070000fc07 

0x94: and rsi, 0b1111111111111
  rax=0x0000968700009687 rbx=0x00000000ff450f0b rcx=0x00000000000000e8 rdx=0x000000000000ffff
  rsi=0x000000000000a8fa rdi=0x00000000ffffffff flags=0b000010010111
  xmm0=0x0000e04b0000e04b0000024400000244 xmm1=0x00000b7200000b720000918100009181 
  xmm2=0x00000cbd00000cbd0000b6dd0000b6dd xmm3=0x00007e2300007e2300003d6500003d65 
  xmm4=0x0000b4610000b461000032cb000032cb xmm5=0x0000a4990000a49900001c6100001c61 
  xmm6=0x0000d9ae0000d9ae0000c4d40000c4d4 xmm7=0x00003d8c00003d8c0000fc070000fc07 

0x9b: imul [r14 +rsi]
  rax=0x0000968700009687 rbx=0x00000000ff450f0b rcx=0x00000000000000e8 rdx=0x000000000000ffff
  rsi=0x00000000000008fa rdi=0x00000000ffffffff flags=0b000000000110
  xmm0=0x0000e04b0000e04b0000024400000244 xmm1=0x00000b7200000b720000918100009181 
  xmm2=0x00000cbd00000cbd0000b6dd0000b6dd xmm3=0x00007e2300007e2300003d6500003d65 
  xmm4=0x0000b4610000b461000032cb000032cb xmm5=0x0000a4990000a49900001c6100001c61 
  xmm6=0x0000d9ae0000d9ae0000c4d40000c4d4 xmm7=0x00003d8c00003d8c0000fc070000fc07 

    > load from +0x8fa value 0x4e930000
0x9f: mov rbx, rdx
  rax=0x0000000091850000 rbx=0x00000000ff450f0b rcx=0x00000000000000e8 rdx=0x0000000000002e33
  rsi=0x00000000000008fa rdi=0x00000000ffffffff flags=0b100010000111
  xmm0=0x0000e04b0000e04b0000024400000244 xmm1=0x00000b7200000b720000918100009181 
  xmm2=0x00000cbd00000cbd0000b6dd0000b6dd xmm3=0x00007e2300007e2300003d6500003d65 
  xmm4=0x0000b4610000b461000032cb000032cb xmm5=0x0000a4990000a49900001c6100001c61 
  xmm6=0x0000d9ae0000d9ae0000c4d40000c4d4 xmm7=0x00003d8c00003d8c0000fc070000fc07 

0xa2: xor dil, sil
  rax=0x0000000091850000 rbx=0x0000000000002e33 rcx=0x00000000000000e8 rdx=0x0000000000002e33
  rsi=0x00000000000008fa rdi=0x00000000ffffffff flags=0b100010000111
  xmm0=0x0000e04b0000e04b0000024400000244 xmm1=0x00000b7200000b720000918100009181 
  xmm2=0x00000cbd00000cbd0000b6dd0000b6dd xmm3=0x00007e2300007e2300003d6500003d65 
  xmm4=0x0000b4610000b461000032cb000032cb xmm5=0x0000a4990000a49900001c6100001c61 
  xmm6=0x0000d9ae0000d9ae0000c4d40000c4d4 xmm7=0x00003d8c00003d8c0000fc070000fc07 

0xa5: sub edx, esi
  rax=0x0000000091850000 rbx=0x0000000000002e33 rcx=0x00000000000000e8 rdx=0x0000000000002e33
  rsi=0x00000000000008fa rdi=0x00000000ffffff05 flags=0b000000000110
  xmm0=0x0000e04b0000e04b0000024400000244 xmm1=0x00000b7200000b720000918100009181 
  xmm2=0x00000cbd00000cbd0000b6dd0000b6dd xmm3=0x00007e2300007e2300003d6500003d65 
  xmm4=0x0000b4610000b461000032cb000032cb xmm5=0x0000a4990000a49900001c6100001c61 
  xmm6=0x0000d9ae0000d9ae0000c4d40000c4d4 xmm7=0x00003d8c00003d8c0000fc070000fc07 

0xa7: and rbx, 0b1111111111111
  rax=0x0000000091850000 rbx=0x0000000000002e33 rcx=0x00000000000000e8 rdx=0x0000000000002539
  rsi=0x00000000000008fa rdi=0x00000000ffffff05 flags=0b000000010110
  xmm0=0x0000e04b0000e04b0000024400000244 xmm1=0x00000b7200000b720000918100009181 
  xmm2=0x00000cbd00000cbd0000b6dd0000b6dd xmm3=0x00007e2300007e2300003d6500003d65 
  xmm4=0x0000b4610000b461000032cb000032cb xmm5=0x0000a4990000a49900001c6100001c61 
  xmm6=0x0000d9ae0000d9ae0000c4d40000c4d4 xmm7=0x00003d8c00003d8c0000fc070000fc07 

0xae: test [r14 +rbx], 21
  rax=0x0000000091850000 rbx=0x0000000000000e33 rcx=0x00000000000000e8 rdx=0x0000000000002539
  rsi=0x00000000000008fa rdi=0x00000000ffffff05 flags=0b000000000110
  xmm0=0x0000e04b0000e04b0000024400000244 xmm1=0x00000b7200000b720000918100009181 
  xmm2=0x00000cbd00000cbd0000b6dd0000b6dd xmm3=0x00007e2300007e2300003d6500003d65 
  xmm4=0x0000b4610000b461000032cb000032cb xmm5=0x0000a4990000a49900001c6100001c61 
  xmm6=0x0000d9ae0000d9ae0000c4d40000c4d4 xmm7=0x00003d8c00003d8c0000fc070000fc07 

    > load from +0xe33 value 0x0
0xb3: and rsi, 0b1111111111111
  rax=0x0000000091850000 rbx=0x0000000000000e33 rcx=0x00000000000000e8 rdx=0x0000000000002539
  rsi=0x00000000000008fa rdi=0x00000000ffffff05 flags=0b000001000110
  xmm0=0x0000e04b0000e04b0000024400000244 xmm1=0x00000b7200000b720000918100009181 
  xmm2=0x00000cbd00000cbd0000b6dd0000b6dd xmm3=0x00007e2300007e2300003d6500003d65 
  xmm4=0x0000b4610000b461000032cb000032cb xmm5=0x0000a4990000a49900001c6100001c61 
  xmm6=0x0000d9ae0000d9ae0000c4d40000c4d4 xmm7=0x00003d8c00003d8c0000fc070000fc07 

0xba: adc cl, [r14 +rsi]
  rax=0x0000000091850000 rbx=0x0000000000000e33 rcx=0x00000000000000e8 rdx=0x0000000000002539
  rsi=0x00000000000008fa rdi=0x00000000ffffff05 flags=0b000000000110
  xmm0=0x0000e04b0000e04b0000024400000244 xmm1=0x00000b7200000b720000918100009181 
  xmm2=0x00000cbd00000cbd0000b6dd0000b6dd xmm3=0x00007e2300007e2300003d6500003d65 
  xmm4=0x0000b4610000b461000032cb000032cb xmm5=0x0000a4990000a49900001c6100001c61 
  xmm6=0x0000d9ae0000d9ae0000c4d40000c4d4 xmm7=0x00003d8c00003d8c0000fc070000fc07 

    > load from +0x8fa value 0x0
0xbe: cmovbe cx, di
  rax=0x0000000091850000 rbx=0x0000000000000e33 rcx=0x00000000000000e8 rdx=0x0000000000002539
  rsi=0x00000000000008fa rdi=0x00000000ffffff05 flags=0b000010000110
  xmm0=0x0000e04b0000e04b0000024400000244 xmm1=0x00000b7200000b720000918100009181 
  xmm2=0x00000cbd00000cbd0000b6dd0000b6dd xmm3=0x00007e2300007e2300003d6500003d65 
  xmm4=0x0000b4610000b461000032cb000032cb xmm5=0x0000a4990000a49900001c6100001c61 
  xmm6=0x0000d9ae0000d9ae0000c4d40000c4d4 xmm7=0x00003d8c00003d8c0000fc070000fc07 

0xc2: and rdx, 0b1111111111111
  rax=0x0000000091850000 rbx=0x0000000000000e33 rcx=0x00000000000000e8 rdx=0x0000000000002539
  rsi=0x00000000000008fa rdi=0x00000000ffffff05 flags=0b000010000110
  xmm0=0x0000e04b0000e04b0000024400000244 xmm1=0x00000b7200000b720000918100009181 
  xmm2=0x00000cbd00000cbd0000b6dd0000b6dd xmm3=0x00007e2300007e2300003d6500003d65 
  xmm4=0x0000b4610000b461000032cb000032cb xmm5=0x0000a4990000a49900001c6100001c61 
  xmm6=0x0000d9ae0000d9ae0000c4d40000c4d4 xmm7=0x00003d8c00003d8c0000fc070000fc07 

0xc9: bt [r14 +rdx], 142
  rax=0x0000000091850000 rbx=0x0000000000000e33 rcx=0x00000000000000e8 rdx=0x0000000000000539
  rsi=0x00000000000008fa rdi=0x00000000ffffff05 flags=0b000000000110
  xmm0=0x0000e04b0000e04b0000024400000244 xmm1=0x00000b7200000b720000918100009181 
  xmm2=0x00000cbd00000cbd0000b6dd0000b6dd xmm3=0x00007e2300007e2300003d6500003d65 
  xmm4=0x0000b4610000b461000032cb000032cb xmm5=0x0000a4990000a49900001c6100001c61 
  xmm6=0x0000d9ae0000d9ae0000c4d40000c4d4 xmm7=0x00003d8c00003d8c0000fc070000fc07 

    > load from +0x539 value 0xac00005262000052
0xcf: and rsi, 0b1111111111111
  rax=0x0000000091850000 rbx=0x0000000000000e33 rcx=0x00000000000000e8 rdx=0x0000000000000539
  rsi=0x00000000000008fa rdi=0x00000000ffffff05 flags=0b000000000110
  xmm0=0x0000e04b0000e04b0000024400000244 xmm1=0x00000b7200000b720000918100009181 
  xmm2=0x00000cbd00000cbd0000b6dd0000b6dd xmm3=0x00007e2300007e2300003d6500003d65 
  xmm4=0x0000b4610000b461000032cb000032cb xmm5=0x0000a4990000a49900001c6100001c61 
  xmm6=0x0000d9ae0000d9ae0000c4d40000c4d4 xmm7=0x00003d8c00003d8c0000fc070000fc07 

0xd6: cmp rdi, [r14 +rsi]
  rax=0x0000000091850000 rbx=0x0000000000000e33 rcx=0x00000000000000e8 rdx=0x0000000000000539
  rsi=0x00000000000008fa rdi=0x00000000ffffff05 flags=0b000000000110
  xmm0=0x0000e04b0000e04b0000024400000244 xmm1=0x00000b7200000b720000918100009181 
  xmm2=0x00000cbd00000cbd0000b6dd0000b6dd xmm3=0x00007e2300007e2300003d6500003d65 
  xmm4=0x0000b4610000b461000032cb000032cb xmm5=0x0000a4990000a49900001c6100001c61 
  xmm6=0x0000d9ae0000d9ae0000c4d40000c4d4 xmm7=0x00003d8c00003d8c0000fc070000fc07 

    > load from +0x8fa value 0xf03600004e930000
0xda: and rsi, 0b1111111111111
  rax=0x0000000091850000 rbx=0x0000000000000e33 rcx=0x00000000000000e8 rdx=0x0000000000000539
  rsi=0x00000000000008fa rdi=0x00000000ffffff05 flags=0b000000000111
  xmm0=0x0000e04b0000e04b0000024400000244 xmm1=0x00000b7200000b720000918100009181 
  xmm2=0x00000cbd00000cbd0000b6dd0000b6dd xmm3=0x00007e2300007e2300003d6500003d65 
  xmm4=0x0000b4610000b461000032cb000032cb xmm5=0x0000a4990000a49900001c6100001c61 
  xmm6=0x0000d9ae0000d9ae0000c4d40000c4d4 xmm7=0x00003d8c00003d8c0000fc070000fc07 

0xe1: cmovo edi, [r14 +rsi]
  rax=0x0000000091850000 rbx=0x0000000000000e33 rcx=0x00000000000000e8 rdx=0x0000000000000539
  rsi=0x00000000000008fa rdi=0x00000000ffffff05 flags=0b000000000110
  xmm0=0x0000e04b0000e04b0000024400000244 xmm1=0x00000b7200000b720000918100009181 
  xmm2=0x00000cbd00000cbd0000b6dd0000b6dd xmm3=0x00007e2300007e2300003d6500003d65 
  xmm4=0x0000b4610000b461000032cb000032cb xmm5=0x0000a4990000a49900001c6100001c61 
  xmm6=0x0000d9ae0000d9ae0000c4d40000c4d4 xmm7=0x00003d8c00003d8c0000fc070000fc07 

    > load from +0x8fa value 0x4e930000
0xe6: or ecx, 0b1000
  rax=0x0000000091850000 rbx=0x0000000000000e33 rcx=0x00000000000000e8 rdx=0x0000000000000539
  rsi=0x00000000000008fa rdi=0x00000000ffffff05 flags=0b000000000110
  xmm0=0x0000e04b0000e04b0000024400000244 xmm1=0x00000b7200000b720000918100009181 
  xmm2=0x00000cbd00000cbd0000b6dd0000b6dd xmm3=0x00007e2300007e2300003d6500003d65 
  xmm4=0x0000b4610000b461000032cb000032cb xmm5=0x0000a4990000a49900001c6100001c61 
  xmm6=0x0000d9ae0000d9ae0000c4d40000c4d4 xmm7=0x00003d8c00003d8c0000fc070000fc07 

0xe9: and cl, 0b11111000
  rax=0x0000000091850000 rbx=0x0000000000000e33 rcx=0x00000000000000e8 rdx=0x0000000000000539
  rsi=0x00000000000008fa rdi=0x00000000ffffff05 flags=0b000000000110
  xmm0=0x0000e04b0000e04b0000024400000244 xmm1=0x00000b7200000b720000918100009181 
  xmm2=0x00000cbd00000cbd0000b6dd0000b6dd xmm3=0x00007e2300007e2300003d6500003d65 
  xmm4=0x0000b4610000b461000032cb000032cb xmm5=0x0000a4990000a49900001c6100001c61 
  xmm6=0x0000d9ae0000d9ae0000c4d40000c4d4 xmm7=0x00003d8c00003d8c0000fc070000fc07 

0xec: and edx, 0b11
  rax=0x0000000091850000 rbx=0x0000000000000e33 rcx=0x00000000000000e8 rdx=0x0000000000000539
  rsi=0x00000000000008fa rdi=0x00000000ffffff05 flags=0b000010000110
  xmm0=0x0000e04b0000e04b0000024400000244 xmm1=0x00000b7200000b720000918100009181 
  xmm2=0x00000cbd00000cbd0000b6dd0000b6dd xmm3=0x00007e2300007e2300003d6500003d65 
  xmm4=0x0000b4610000b461000032cb000032cb xmm5=0x0000a4990000a49900001c6100001c61 
  xmm6=0x0000d9ae0000d9ae0000c4d40000c4d4 xmm7=0x00003d8c00003d8c0000fc070000fc07 

0xef: idiv ecx
  rax=0x0000000091850000 rbx=0x0000000000000e33 rcx=0x00000000000000e8 rdx=0x0000000000000001
  rsi=0x00000000000008fa rdi=0x00000000ffffff05 flags=0b000000000010
  xmm0=0x0000e04b0000e04b0000024400000244 xmm1=0x00000b7200000b720000918100009181 
  xmm2=0x00000cbd00000cbd0000b6dd0000b6dd xmm3=0x00007e2300007e2300003d6500003d65 
  xmm4=0x0000b4610000b461000032cb000032cb xmm5=0x0000a4990000a49900001c6100001c61 
  xmm6=0x0000d9ae0000d9ae0000c4d40000c4d4 xmm7=0x00003d8c00003d8c0000fc070000fc07 

0xf1: add sil, 121
  rax=0x0000000001bb0e58 rbx=0x0000000000000e33 rcx=0x00000000000000e8 rdx=0x0000000000000040
  rsi=0x00000000000008fa rdi=0x00000000ffffff05 flags=0b000000000010
  xmm0=0x0000e04b0000e04b0000024400000244 xmm1=0x00000b7200000b720000918100009181 
  xmm2=0x00000cbd00000cbd0000b6dd0000b6dd xmm3=0x00007e2300007e2300003d6500003d65 
  xmm4=0x0000b4610000b461000032cb000032cb xmm5=0x0000a4990000a49900001c6100001c61 
  xmm6=0x0000d9ae0000d9ae0000c4d40000c4d4 xmm7=0x00003d8c00003d8c0000fc070000fc07 

0xf5: and rdi, 0b1111111111111
  rax=0x0000000001bb0e58 rbx=0x0000000000000e33 rcx=0x00000000000000e8 rdx=0x0000000000000040
  rsi=0x0000000000000873 rdi=0x00000000ffffff05 flags=0b000000010011
  xmm0=0x0000e04b0000e04b0000024400000244 xmm1=0x00000b7200000b720000918100009181 
  xmm2=0x00000cbd00000cbd0000b6dd0000b6dd xmm3=0x00007e2300007e2300003d6500003d65 
  xmm4=0x0000b4610000b461000032cb000032cb xmm5=0x0000a4990000a49900001c6100001c61 
  xmm6=0x0000d9ae0000d9ae0000c4d40000c4d4 xmm7=0x00003d8c00003d8c0000fc070000fc07 

0xfc: cmovp rbx, [r14 +rdi]
  rax=0x0000000001bb0e58 rbx=0x0000000000000e33 rcx=0x00000000000000e8 rdx=0x0000000000000040
  rsi=0x0000000000000873 rdi=0x0000000000001f05 flags=0b000000000110
  xmm0=0x0000e04b0000e04b0000024400000244 xmm1=0x00000b7200000b720000918100009181 
  xmm2=0x00000cbd00000cbd0000b6dd0000b6dd xmm3=0x00007e2300007e2300003d6500003d65 
  xmm4=0x0000b4610000b461000032cb000032cb xmm5=0x0000a4990000a49900001c6100001c61 
  xmm6=0x0000d9ae0000d9ae0000c4d40000c4d4 xmm7=0x00003d8c00003d8c0000fc070000fc07 

    > load from +0x1f05 value 0x8900005f890000fc
0x101: and rax, 0b1111111111111
  rax=0x0000000001bb0e58 rbx=0x8900005f890000fc rcx=0x00000000000000e8 rdx=0x0000000000000040
  rsi=0x0000000000000873 rdi=0x0000000000001f05 flags=0b000000000110
  xmm0=0x0000e04b0000e04b0000024400000244 xmm1=0x00000b7200000b720000918100009181 
  xmm2=0x00000cbd00000cbd0000b6dd0000b6dd xmm3=0x00007e2300007e2300003d6500003d65 
  xmm4=0x0000b4610000b461000032cb000032cb xmm5=0x0000a4990000a49900001c6100001c61 
  xmm6=0x0000d9ae0000d9ae0000c4d40000c4d4 xmm7=0x00003d8c00003d8c0000fc070000fc07 

0x107: cmovl rdi, [r14 +rax]
  rax=0x0000000000000e58 rbx=0x8900005f890000fc rcx=0x00000000000000e8 rdx=0x0000000000000040
  rsi=0x0000000000000873 rdi=0x0000000000001f05 flags=0b000000000010
  xmm0=0x0000e04b0000e04b0000024400000244 xmm1=0x00000b7200000b720000918100009181 
  xmm2=0x00000cbd00000cbd0000b6dd0000b6dd xmm3=0x00007e2300007e2300003d6500003d65 
  xmm4=0x0000b4610000b461000032cb000032cb xmm5=0x0000a4990000a49900001c6100001c61 
  xmm6=0x0000d9ae0000d9ae0000c4d40000c4d4 xmm7=0x00003d8c00003d8c0000fc070000fc07 

    > load from +0xe58 value 0xd2f40000d2f4
0x10c: cmovl ebx, ebx
  rax=0x0000000000000e58 rbx=0x8900005f890000fc rcx=0x00000000000000e8 rdx=0x0000000000000040
  rsi=0x0000000000000873 rdi=0x0000000000001f05 flags=0b000000000010
  xmm0=0x0000e04b0000e04b0000024400000244 xmm1=0x00000b7200000b720000918100009181 
  xmm2=0x00000cbd00000cbd0000b6dd0000b6dd xmm3=0x00007e2300007e2300003d6500003d65 
  xmm4=0x0000b4610000b461000032cb000032cb xmm5=0x0000a4990000a49900001c6100001c61 
  xmm6=0x0000d9ae0000d9ae0000c4d40000c4d4 xmm7=0x00003d8c00003d8c0000fc070000fc07 

0x10f: and rdx, 0b1111111111111
  rax=0x0000000000000e58 rbx=0x00000000890000fc rcx=0x00000000000000e8 rdx=0x0000000000000040
  rsi=0x0000000000000873 rdi=0x0000000000001f05 flags=0b000000000010
  xmm0=0x0000e04b0000e04b0000024400000244 xmm1=0x00000b7200000b720000918100009181 
  xmm2=0x00000cbd00000cbd0000b6dd0000b6dd xmm3=0x00007e2300007e2300003d6500003d65 
  xmm4=0x0000b4610000b461000032cb000032cb xmm5=0x0000a4990000a49900001c6100001c61 
  xmm6=0x0000d9ae0000d9ae0000c4d40000c4d4 xmm7=0x00003d8c00003d8c0000fc070000fc07 

0x116: cmp edi, [r14 +rdx]
  rax=0x0000000000000e58 rbx=0x00000000890000fc rcx=0x00000000000000e8 rdx=0x0000000000000040
  rsi=0x0000000000000873 rdi=0x0000000000001f05 flags=0b000000000010
  xmm0=0x0000e04b0000e04b0000024400000244 xmm1=0x00000b7200000b720000918100009181 
  xmm2=0x00000cbd00000cbd0000b6dd0000b6dd xmm3=0x00007e2300007e2300003d6500003d65 
  xmm4=0x0000b4610000b461000032cb000032cb xmm5=0x0000a4990000a49900001c6100001c61 
  xmm6=0x0000d9ae0000d9ae0000c4d40000c4d4 xmm7=0x00003d8c00003d8c0000fc070000fc07 

    > load from +0x40 value 0xc677
0x11a: and rax, 0b1111111111111
  rax=0x0000000000000e58 rbx=0x00000000890000fc rcx=0x00000000000000e8 rdx=0x0000000000000040
  rsi=0x0000000000000873 rdi=0x0000000000001f05 flags=0b000010010111
  xmm0=0x0000e04b0000e04b0000024400000244 xmm1=0x00000b7200000b720000918100009181 
  xmm2=0x00000cbd00000cbd0000b6dd0000b6dd xmm3=0x00007e2300007e2300003d6500003d65 
  xmm4=0x0000b4610000b461000032cb000032cb xmm5=0x0000a4990000a49900001c6100001c61 
  xmm6=0x0000d9ae0000d9ae0000c4d40000c4d4 xmm7=0x00003d8c00003d8c0000fc070000fc07 

0x120: adc bl, [r14 +rax]
  rax=0x0000000000000e58 rbx=0x00000000890000fc rcx=0x00000000000000e8 rdx=0x0000000000000040
  rsi=0x0000000000000873 rdi=0x0000000000001f05 flags=0b000000000010
  xmm0=0x0000e04b0000e04b0000024400000244 xmm1=0x00000b7200000b720000918100009181 
  xmm2=0x00000cbd00000cbd0000b6dd0000b6dd xmm3=0x00007e2300007e2300003d6500003d65 
  xmm4=0x0000b4610000b461000032cb000032cb xmm5=0x0000a4990000a49900001c6100001c61 
  xmm6=0x0000d9ae0000d9ae0000c4d40000c4d4 xmm7=0x00003d8c00003d8c0000fc070000fc07 

    > load from +0xe58 value 0xf4
0x124: cmovz rax, rbx
  rax=0x0000000000000e58 rbx=0x00000000890000f0 rcx=0x00000000000000e8 rdx=0x0000000000000040
  rsi=0x0000000000000873 rdi=0x0000000000001f05 flags=0b000010010111
  xmm0=0x0000e04b0000e04b0000024400000244 xmm1=0x00000b7200000b720000918100009181 
  xmm2=0x00000cbd00000cbd0000b6dd0000b6dd xmm3=0x00007e2300007e2300003d6500003d65 
  xmm4=0x0000b4610000b461000032cb000032cb xmm5=0x0000a4990000a49900001c6100001c61 
  xmm6=0x0000d9ae0000d9ae0000c4d40000c4d4 xmm7=0x00003d8c00003d8c0000fc070000fc07 

0x128: add esi, eax
  rax=0x0000000000000e58 rbx=0x00000000890000f0 rcx=0x00000000000000e8 rdx=0x0000000000000040
  rsi=0x0000000000000873 rdi=0x0000000000001f05 flags=0b000010010111
  xmm0=0x0000e04b0000e04b0000024400000244 xmm1=0x00000b7200000b720000918100009181 
  xmm2=0x00000cbd00000cbd0000b6dd0000b6dd xmm3=0x00007e2300007e2300003d6500003d65 
  xmm4=0x0000b4610000b461000032cb000032cb xmm5=0x0000a4990000a49900001c6100001c61 
  xmm6=0x0000d9ae0000d9ae0000c4d40000c4d4 xmm7=0x00003d8c00003d8c0000fc070000fc07 

0x12a: and rdi, 0b1111111111111
  rax=0x0000000000000e58 rbx=0x00000000890000f0 rcx=0x00000000000000e8 rdx=0x0000000000000040
  rsi=0x00000000000016cb rdi=0x0000000000001f05 flags=0b000000000010
  xmm0=0x0000e04b0000e04b0000024400000244 xmm1=0x00000b7200000b720000918100009181 
  xmm2=0x00000cbd00000cbd0000b6dd0000b6dd xmm3=0x00007e2300007e2300003d6500003d65 
  xmm4=0x0000b4610000b461000032cb000032cb xmm5=0x0000a4990000a49900001c6100001c61 
  xmm6=0x0000d9ae0000d9ae0000c4d40000c4d4 xmm7=0x00003d8c00003d8c0000fc070000fc07 

0x131: cmovnb cx, [r14 +rdi]
  rax=0x0000000000000e58 rbx=0x00000000890000f0 rcx=0x00000000000000e8 rdx=0x0000000000000040
  rsi=0x00000000000016cb rdi=0x0000000000001f05 flags=0b000000000110
  xmm0=0x0000e04b0000e04b0000024400000244 xmm1=0x00000b7200000b720000918100009181 
  xmm2=0x00000cbd00000cbd0000b6dd0000b6dd xmm3=0x00007e2300007e2300003d6500003d65 
  xmm4=0x0000b4610000b461000032cb000032cb xmm5=0x0000a4990000a49900001c6100001c61 
  xmm6=0x0000d9ae0000d9ae0000c4d40000c4d4 xmm7=0x00003d8c00003d8c0000fc070000fc07 

    > load from +0x1f05 value 0xfc
0x137: and rdi, 0b1111111111111
  rax=0x0000000000000e58 rbx=0x00000000890000f0 rcx=0x00000000000000fc rdx=0x0000000000000040
  rsi=0x00000000000016cb rdi=0x0000000000001f05 flags=0b000000000110
  xmm0=0x0000e04b0000e04b0000024400000244 xmm1=0x00000b7200000b720000918100009181 
  xmm2=0x00000cbd00000cbd0000b6dd0000b6dd xmm3=0x00007e2300007e2300003d6500003d65 
  xmm4=0x0000b4610000b461000032cb000032cb xmm5=0x0000a4990000a49900001c6100001c61 
  xmm6=0x0000d9ae0000d9ae0000c4d40000c4d4 xmm7=0x00003d8c00003d8c0000fc070000fc07 

0x13e: and al, [r14 +rdi]
  rax=0x0000000000000e58 rbx=0x00000000890000f0 rcx=0x00000000000000fc rdx=0x0000000000000040
  rsi=0x00000000000016cb rdi=0x0000000000001f05 flags=0b000000000110
  xmm0=0x0000e04b0000e04b0000024400000244 xmm1=0x00000b7200000b720000918100009181 
  xmm2=0x00000cbd00000cbd0000b6dd0000b6dd xmm3=0x00007e2300007e2300003d6500003d65 
  xmm4=0x0000b4610000b461000032cb000032cb xmm5=0x0000a4990000a49900001c6100001c61 
  xmm6=0x0000d9ae0000d9ae0000c4d40000c4d4 xmm7=0x00003d8c00003d8c0000fc070000fc07 

    > load from +0x1f05 value 0xfc
0x142: and rdx, 0b1111111111111
  rax=0x0000000000000e58 rbx=0x00000000890000f0 rcx=0x00000000000000fc rdx=0x0000000000000040
  rsi=0x00000000000016cb rdi=0x0000000000001f05 flags=0b000000000010
  xmm0=0x0000e04b0000e04b0000024400000244 xmm1=0x00000b7200000b720000918100009181 
  xmm2=0x00000cbd00000cbd0000b6dd0000b6dd xmm3=0x00007e2300007e2300003d6500003d65 
  xmm4=0x0000b4610000b461000032cb000032cb xmm5=0x0000a4990000a49900001c6100001c61 
  xmm6=0x0000d9ae0000d9ae0000c4d40000c4d4 xmm7=0x00003d8c00003d8c0000fc070000fc07 

0x149: cmovp edx, [r14 +rdx]
  rax=0x0000000000000e58 rbx=0x00000000890000f0 rcx=0x00000000000000fc rdx=0x0000000000000040
  rsi=0x00000000000016cb rdi=0x0000000000001f05 flags=0b000000000010
  xmm0=0x0000e04b0000e04b0000024400000244 xmm1=0x00000b7200000b720000918100009181 
  xmm2=0x00000cbd00000cbd0000b6dd0000b6dd xmm3=0x00007e2300007e2300003d6500003d65 
  xmm4=0x0000b4610000b461000032cb000032cb xmm5=0x0000a4990000a49900001c6100001c61 
  xmm6=0x0000d9ae0000d9ae0000c4d40000c4d4 xmm7=0x00003d8c00003d8c0000fc070000fc07 

    > load from +0x40 value 0xc677
0x14e: and rsi, 0b1111111111111
  rax=0x0000000000000e58 rbx=0x00000000890000f0 rcx=0x00000000000000fc rdx=0x0000000000000040
  rsi=0x00000000000016cb rdi=0x0000000000001f05 flags=0b000000000010
  xmm0=0x0000e04b0000e04b0000024400000244 xmm1=0x00000b7200000b720000918100009181 
  xmm2=0x00000cbd00000cbd0000b6dd0000b6dd xmm3=0x00007e2300007e2300003d6500003d65 
  xmm4=0x0000b4610000b461000032cb000032cb xmm5=0x0000a4990000a49900001c6100001c61 
  xmm6=0x0000d9ae0000d9ae0000c4d40000c4d4 xmm7=0x00003d8c00003d8c0000fc070000fc07 

0x155: mov ax, [r14 +rsi]
  rax=0x0000000000000e58 rbx=0x00000000890000f0 rcx=0x00000000000000fc rdx=0x0000000000000040
  rsi=0x00000000000016cb rdi=0x0000000000001f05 flags=0b000000000010
  xmm0=0x0000e04b0000e04b0000024400000244 xmm1=0x00000b7200000b720000918100009181 
  xmm2=0x00000cbd00000cbd0000b6dd0000b6dd xmm3=0x00007e2300007e2300003d6500003d65 
  xmm4=0x0000b4610000b461000032cb000032cb xmm5=0x0000a4990000a49900001c6100001c61 
  xmm6=0x0000d9ae0000d9ae0000c4d40000c4d4 xmm7=0x00003d8c00003d8c0000fc070000fc07 

    > load from +0x16cb value 0xf200
0x15a: and rdi, 0b1111111111111
  rax=0x000000000000f200 rbx=0x00000000890000f0 rcx=0x00000000000000fc rdx=0x0000000000000040
  rsi=0x00000000000016cb rdi=0x0000000000001f05 flags=0b000000000010
  xmm0=0x0000e04b0000e04b0000024400000244 xmm1=0x00000b7200000b720000918100009181 
  xmm2=0x00000cbd00000cbd0000b6dd0000b6dd xmm3=0x00007e2300007e2300003d6500003d65 
  xmm4=0x0000b4610000b461000032cb000032cb xmm5=0x0000a4990000a49900001c6100001c61 
  xmm6=0x0000d9ae0000d9ae0000c4d40000c4d4 xmm7=0x00003d8c00003d8c0000fc070000fc07 

0x161: imul edx, [r14 +rdi], 35
  rax=0x000000000000f200 rbx=0x00000000890000f0 rcx=0x00000000000000fc rdx=0x0000000000000040
  rsi=0x00000000000016cb rdi=0x0000000000001f05 flags=0b000000000110
  xmm0=0x0000e04b0000e04b0000024400000244 xmm1=0x00000b7200000b720000918100009181 
  xmm2=0x00000cbd00000cbd0000b6dd0000b6dd xmm3=0x00007e2300007e2300003d6500003d65 
  xmm4=0x0000b4610000b461000032cb000032cb xmm5=0x0000a4990000a49900001c6100001c61 
  xmm6=0x0000d9ae0000d9ae0000c4d40000c4d4 xmm7=0x00003d8c00003d8c0000fc070000fc07 

    > load from +0x1f05 value 0x890000fc
0x166: imul dil
  rax=0x000000000000f200 rbx=0x00000000890000f0 rcx=0x00000000000000fc rdx=0x00000000bb002274
  rsi=0x00000000000016cb rdi=0x0000000000001f05 flags=0b100010000111
  xmm0=0x0000e04b0000e04b0000024400000244 xmm1=0x00000b7200000b720000918100009181 
  xmm2=0x00000cbd00000cbd0000b6dd0000b6dd xmm3=0x00007e2300007e2300003d6500003d65 
  xmm4=0x0000b4610000b461000032cb000032cb xmm5=0x0000a4990000a49900001c6100001c61 
  xmm6=0x0000d9ae0000d9ae0000c4d40000c4d4 xmm7=0x00003d8c00003d8c0000fc070000fc07 

0x169: xor rbx, 80
  rax=0x0000000000000000 rbx=0x00000000890000f0 rcx=0x00000000000000fc rdx=0x00000000bb002274
  rsi=0x00000000000016cb rdi=0x0000000000001f05 flags=0b000001000110
  xmm0=0x0000e04b0000e04b0000024400000244 xmm1=0x00000b7200000b720000918100009181 
  xmm2=0x00000cbd00000cbd0000b6dd0000b6dd xmm3=0x00007e2300007e2300003d6500003d65 
  xmm4=0x0000b4610000b461000032cb000032cb xmm5=0x0000a4990000a49900001c6100001c61 
  xmm6=0x0000d9ae0000d9ae0000c4d40000c4d4 xmm7=0x00003d8c00003d8c0000fc070000fc07 

0x16d: and rdi, 0b1111111111111
  rax=0x0000000000000000 rbx=0x00000000890000a0 rcx=0x00000000000000fc rdx=0x00000000bb002274
  rsi=0x00000000000016cb rdi=0x0000000000001f05 flags=0b000000000110
  xmm0=0x0000e04b0000e04b0000024400000244 xmm1=0x00000b7200000b720000918100009181 
  xmm2=0x00000cbd00000cbd0000b6dd0000b6dd xmm3=0x00007e2300007e2300003d6500003d65 
  xmm4=0x0000b4610000b461000032cb000032cb xmm5=0x0000a4990000a49900001c6100001c61 
  xmm6=0x0000d9ae0000d9ae0000c4d40000c4d4 xmm7=0x00003d8c00003d8c0000fc070000fc07 

0x174: mov rax, [r14 +rdi]
  rax=0x0000000000000000 rbx=0x00000000890000a0 rcx=0x00000000000000fc rdx=0x00000000bb002274
  rsi=0x00000000000016cb rdi=0x0000000000001f05 flags=0b000000000110
  xmm0=0x0000e04b0000e04b0000024400000244 xmm1=0x00000b7200000b720000918100009181 
  xmm2=0x00000cbd00000cbd0000b6dd0000b6dd xmm3=0x00007e2300007e2300003d6500003d65 
  xmm4=0x0000b4610000b461000032cb000032cb xmm5=0x0000a4990000a49900001c6100001c61 
  xmm6=0x0000d9ae0000d9ae0000c4d40000c4d4 xmm7=0x00003d8c00003d8c0000fc070000fc07 

    > load from +0x1f05 value 0x8900005f890000fc
0x178: or bl, 1
  rax=0x8900005f890000fc rbx=0x00000000890000a0 rcx=0x00000000000000fc rdx=0x00000000bb002274
  rsi=0x00000000000016cb rdi=0x0000000000001f05 flags=0b000000000110
  xmm0=0x0000e04b0000e04b0000024400000244 xmm1=0x00000b7200000b720000918100009181 
  xmm2=0x00000cbd00000cbd0000b6dd0000b6dd xmm3=0x00007e2300007e2300003d6500003d65 
  xmm4=0x0000b4610000b461000032cb000032cb xmm5=0x0000a4990000a49900001c6100001c61 
  xmm6=0x0000d9ae0000d9ae0000c4d40000c4d4 xmm7=0x00003d8c00003d8c0000fc070000fc07 

0x17b: mov ax, 1
  rax=0x8900005f890000fc rbx=0x00000000890000a1 rcx=0x00000000000000fc rdx=0x00000000bb002274
  rsi=0x00000000000016cb rdi=0x0000000000001f05 flags=0b000010000010
  xmm0=0x0000e04b0000e04b0000024400000244 xmm1=0x00000b7200000b720000918100009181 
  xmm2=0x00000cbd00000cbd0000b6dd0000b6dd xmm3=0x00007e2300007e2300003d6500003d65 
  xmm4=0x0000b4610000b461000032cb000032cb xmm5=0x0000a4990000a49900001c6100001c61 
  xmm6=0x0000d9ae0000d9ae0000c4d40000c4d4 xmm7=0x00003d8c00003d8c0000fc070000fc07 

0x17f: div bl
  rax=0x8900005f89000001 rbx=0x00000000890000a1 rcx=0x00000000000000fc rdx=0x00000000bb002274
  rsi=0x00000000000016cb rdi=0x0000000000001f05 flags=0b000010000010
  xmm0=0x0000e04b0000e04b0000024400000244 xmm1=0x00000b7200000b720000918100009181 
  xmm2=0x00000cbd00000cbd0000b6dd0000b6dd xmm3=0x00007e2300007e2300003d6500003d65 
  xmm4=0x0000b4610000b461000032cb000032cb xmm5=0x0000a4990000a49900001c6100001c61 
  xmm6=0x0000d9ae0000d9ae0000c4d40000c4d4 xmm7=0x00003d8c00003d8c0000fc070000fc07 

0x181: and rdx, 0b1111111111111
  rax=0x8900005f89000100 rbx=0x00000000890000a1 rcx=0x00000000000000fc rdx=0x00000000bb002274
  rsi=0x00000000000016cb rdi=0x0000000000001f05 flags=0b000010000010
  xmm0=0x0000e04b0000e04b0000024400000244 xmm1=0x00000b7200000b720000918100009181 
  xmm2=0x00000cbd00000cbd0000b6dd0000b6dd xmm3=0x00007e2300007e2300003d6500003d65 
  xmm4=0x0000b4610000b461000032cb000032cb xmm5=0x0000a4990000a49900001c6100001c61 
  xmm6=0x0000d9ae0000d9ae0000c4d40000c4d4 xmm7=0x00003d8c00003d8c0000fc070000fc07 

0x188: mov ax, [r14 +rdx]
  rax=0x8900005f89000100 rbx=0x00000000890000a1 rcx=0x00000000000000fc rdx=0x0000000000000274
  rsi=0x00000000000016cb rdi=0x0000000000001f05 flags=0b000000000110
  xmm0=0x0000e04b0000e04b0000024400000244 xmm1=0x00000b7200000b720000918100009181 
  xmm2=0x00000cbd00000cbd0000b6dd0000b6dd xmm3=0x00007e2300007e2300003d6500003d65 
  xmm4=0x0000b4610000b461000032cb000032cb xmm5=0x0000a4990000a49900001c6100001c61 
  xmm6=0x0000d9ae0000d9ae0000c4d40000c4d4 xmm7=0x00003d8c00003d8c0000fc070000fc07 

    > load from +0x274 value 0xe467
0x18d: and rsi, 0b1111111111111
  rax=0x8900005f8900e467 rbx=0x00000000890000a1 rcx=0x00000000000000fc rdx=0x0000000000000274
  rsi=0x00000000000016cb rdi=0x0000000000001f05 flags=0b000000000110
  xmm0=0x0000e04b0000e04b0000024400000244 xmm1=0x00000b7200000b720000918100009181 
  xmm2=0x00000cbd00000cbd0000b6dd0000b6dd xmm3=0x00007e2300007e2300003d6500003d65 
  xmm4=0x0000b4610000b461000032cb000032cb xmm5=0x0000a4990000a49900001c6100001c61 
  xmm6=0x0000d9ae0000d9ae0000c4d40000c4d4 xmm7=0x00003d8c00003d8c0000fc070000fc07 

0x194: or [r14 +rsi], 1
  rax=0x8900005f8900e467 rbx=0x00000000890000a1 rcx=0x00000000000000fc rdx=0x0000000000000274
  rsi=0x00000000000016cb rdi=0x0000000000001f05 flags=0b000000000010
  xmm0=0x0000e04b0000e04b0000024400000244 xmm1=0x00000b7200000b720000918100009181 
  xmm2=0x00000cbd00000cbd0000b6dd0000b6dd xmm3=0x00007e2300007e2300003d6500003d65 
  xmm4=0x0000b4610000b461000032cb000032cb xmm5=0x0000a4990000a49900001c6100001c61 
  xmm6=0x0000d9ae0000d9ae0000c4d40000c4d4 xmm7=0x00003d8c00003d8c0000fc070000fc07 

    > load from +0x16cb value 0xfff200
    > store to +0x16cb value 0xfff201
0x199: and edx, [r14 +rsi]
  rax=0x8900005f8900e467 rbx=0x00000000890000a1 rcx=0x00000000000000fc rdx=0x0000000000000274
  rsi=0x00000000000016cb rdi=0x0000000000001f05 flags=0b000000000010
  xmm0=0x0000e04b0000e04b0000024400000244 xmm1=0x00000b7200000b720000918100009181 
  xmm2=0x00000cbd00000cbd0000b6dd0000b6dd xmm3=0x00007e2300007e2300003d6500003d65 
  xmm4=0x0000b4610000b461000032cb000032cb xmm5=0x0000a4990000a49900001c6100001c61 
  xmm6=0x0000d9ae0000d9ae0000c4d40000c4d4 xmm7=0x00003d8c00003d8c0000fc070000fc07 

    > load from +0x16cb value 0xfff201
0x19d: shr edx, 1
  rax=0x8900005f8900e467 rbx=0x00000000890000a1 rcx=0x00000000000000fc rdx=0x0000000000000200
  rsi=0x00000000000016cb rdi=0x0000000000001f05 flags=0b000000000110
  xmm0=0x0000e04b0000e04b0000024400000244 xmm1=0x00000b7200000b720000918100009181 
  xmm2=0x00000cbd00000cbd0000b6dd0000b6dd xmm3=0x00007e2300007e2300003d6500003d65 
  xmm4=0x0000b4610000b461000032cb000032cb xmm5=0x0000a4990000a49900001c6100001c61 
  xmm6=0x0000d9ae0000d9ae0000c4d40000c4d4 xmm7=0x00003d8c00003d8c0000fc070000fc07 

0x19f: div [r14 +rsi]
  rax=0x8900005f8900e467 rbx=0x00000000890000a1 rcx=0x00000000000000fc rdx=0x0000000000000100
  rsi=0x00000000000016cb rdi=0x0000000000001f05 flags=0b000000000110
  xmm0=0x0000e04b0000e04b0000024400000244 xmm1=0x00000b7200000b720000918100009181 
  xmm2=0x00000cbd00000cbd0000b6dd0000b6dd xmm3=0x00007e2300007e2300003d6500003d65 
  xmm4=0x0000b4610000b461000032cb000032cb xmm5=0x0000a4990000a49900001c6100001c61 
  xmm6=0x0000d9ae0000d9ae0000c4d40000c4d4 xmm7=0x00003d8c00003d8c0000fc070000fc07 

    > load from +0x16cb value 0xfff201
0x1a3: add sil, 92
  rax=0x0000000000010097 rbx=0x00000000890000a1 rcx=0x00000000000000fc rdx=0x00000000000825d0
  rsi=0x00000000000016cb rdi=0x0000000000001f05 flags=0b000000000110
  xmm0=0x0000e04b0000e04b0000024400000244 xmm1=0x00000b7200000b720000918100009181 
  xmm2=0x00000cbd00000cbd0000b6dd0000b6dd xmm3=0x00007e2300007e2300003d6500003d65 
  xmm4=0x0000b4610000b461000032cb000032cb xmm5=0x0000a4990000a49900001c6100001c61 
  xmm6=0x0000d9ae0000d9ae0000c4d40000c4d4 xmm7=0x00003d8c00003d8c0000fc070000fc07 

0x1a7: cmovle rbx, rdi
  rax=0x0000000000010097 rbx=0x00000000890000a1 rcx=0x00000000000000fc rdx=0x00000000000825d0
  rsi=0x0000000000001627 rdi=0x0000000000001f05 flags=0b000000010111
  xmm0=0x0000e04b0000e04b0000024400000244 xmm1=0x00000b7200000b720000918100009181 
  xmm2=0x00000cbd00000cbd0000b6dd0000b6dd xmm3=0x00007e2300007e2300003d6500003d65 
  xmm4=0x0000b4610000b461000032cb000032cb xmm5=0x0000a4990000a49900001c6100001c61 
  xmm6=0x0000d9ae0000d9ae0000c4d40000c4d4 xmm7=0x00003d8c00003d8c0000fc070000fc07 

0x1ab: cmovnle rcx, rdx
  rax=0x0000000000010097 rbx=0x00000000890000a1 rcx=0x00000000000000fc rdx=0x00000000000825d0
  rsi=0x0000000000001627 rdi=0x0000000000001f05 flags=0b000000010111
  xmm0=0x0000e04b0000e04b0000024400000244 xmm1=0x00000b7200000b720000918100009181 
  xmm2=0x00000cbd00000cbd0000b6dd0000b6dd xmm3=0x00007e2300007e2300003d6500003d65 
  xmm4=0x0000b4610000b461000032cb000032cb xmm5=0x0000a4990000a49900001c6100001c61 
  xmm6=0x0000d9ae0000d9ae0000c4d40000c4d4 xmm7=0x00003d8c00003d8c0000fc070000fc07 

0x1af: and rdx, 0b1111111111111
  rax=0x0000000000010097 rbx=0x00000000890000a1 rcx=0x00000000000825d0 rdx=0x00000000000825d0
  rsi=0x0000000000001627 rdi=0x0000000000001f05 flags=0b000000010111
  xmm0=0x0000e04b0000e04b0000024400000244 xmm1=0x00000b7200000b720000918100009181 
  xmm2=0x00000cbd00000cbd0000b6dd0000b6dd xmm3=0x00007e2300007e2300003d6500003d65 
  xmm4=0x0000b4610000b461000032cb000032cb xmm5=0x0000a4990000a49900001c6100001c61 
  xmm6=0x0000d9ae0000d9ae0000c4d40000c4d4 xmm7=0x00003d8c00003d8c0000fc070000fc07 

0x1b6: movsx rsi, [r14 +rdx]
  rax=0x0000000000010097 rbx=0x00000000890000a1 rcx=0x00000000000825d0 rdx=0x00000000000005d0
  rsi=0x0000000000001627 rdi=0x0000000000001f05 flags=0b000000000010
  xmm0=0x0000e04b0000e04b0000024400000244 xmm1=0x00000b7200000b720000918100009181 
  xmm2=0x00000cbd00000cbd0000b6dd0000b6dd xmm3=0x00007e2300007e2300003d6500003d65 
  xmm4=0x0000b4610000b461000032cb000032cb xmm5=0x0000a4990000a49900001c6100001c61 
  xmm6=0x0000d9ae0000d9ae0000c4d40000c4d4 xmm7=0x00003d8c00003d8c0000fc070000fc07 

    > load from +0x5d0 value 0x4c
0x1bb: macro .switch, .actor2.function_actor2_1
  rax=0x0000000000010097 rbx=0x00000000890000a1 rcx=0x00000000000825d0 rdx=0x00000000000005d0
  rsi=0x000000000000004c rdi=0x0000000000001f05 flags=0b000000000010
  xmm0=0x0000e04b0000e04b0000024400000244 xmm1=0x00000b7200000b720000918100009181 
  xmm2=0x00000cbd00000cbd0000b6dd0000b6dd xmm3=0x00007e2300007e2300003d6500003d65 
  xmm4=0x0000b4610000b461000032cb000032cb xmm5=0x0000a4990000a49900001c6100001c61 
  xmm6=0x0000d9ae0000d9ae0000c4d40000c4d4 xmm7=0x00003d8c00003d8c0000fc070000fc07 

0x318e: pushfq 
  rax=0x0000000000010097 rbx=0x00000000890000a1 rcx=0x00000000000825d0 rdx=0x00000000000005d0
  rsi=0x000000000000004c rdi=0x0000000000001f05 flags=0b000000000010
  xmm0=0x0000e04b0000e04b0000024400000244 xmm1=0x00000b7200000b720000918100009181 
  xmm2=0x00000cbd00000cbd0000b6dd0000b6dd xmm3=0x00007e2300007e2300003d6500003d65 
  xmm4=0x0000b4610000b461000032cb000032cb xmm5=0x0000a4990000a49900001c6100001c61 
  xmm6=0x0000d9ae0000d9ae0000c4d40000c4d4 xmm7=0x00003d8c00003d8c0000fc070000fc07 

    > store to +0x4ff0 value 0x2
0x318f: push rax
  rax=0x0000000000010097 rbx=0x00000000890000a1 rcx=0x00000000000825d0 rdx=0x00000000000005d0
  rsi=0x000000000000004c rdi=0x0000000000001f05 flags=0b000000000010
  xmm0=0x0000e04b0000e04b0000024400000244 xmm1=0x00000b7200000b720000918100009181 
  xmm2=0x00000cbd00000cbd0000b6dd0000b6dd xmm3=0x00007e2300007e2300003d6500003d65 
  xmm4=0x0000b4610000b461000032cb000032cb xmm5=0x0000a4990000a49900001c6100001c61 
  xmm6=0x0000d9ae0000d9ae0000c4d40000c4d4 xmm7=0x00003d8c00003d8c0000fc070000fc07 

    > store to +0x4fe8 value 0x10097
0x3190: push rcx
  rax=0x0000000000010097 rbx=0x00000000890000a1 rcx=0x00000000000825d0 rdx=0x00000000000005d0
  rsi=0x000000000000004c rdi=0x0000000000001f05 flags=0b000000000010
  xmm0=0x0000e04b0000e04b0000024400000244 xmm1=0x00000b7200000b720000918100009181 
  xmm2=0x00000cbd00000cbd0000b6dd0000b6dd xmm3=0x00007e2300007e2300003d6500003d65 
  xmm4=0x0000b4610000b461000032cb000032cb xmm5=0x0000a4990000a49900001c6100001c61 
  xmm6=0x0000d9ae0000d9ae0000c4d40000c4d4 xmm7=0x00003d8c00003d8c0000fc070000fc07 

    > store to +0x4fe0 value 0x825d0
0x3191: push rdx
  rax=0x0000000000010097 rbx=0x00000000890000a1 rcx=0x00000000000825d0 rdx=0x00000000000005d0
  rsi=0x000000000000004c rdi=0x0000000000001f05 flags=0b000000000010
  xmm0=0x0000e04b0000e04b0000024400000244 xmm1=0x00000b7200000b720000918100009181 
  xmm2=0x00000cbd00000cbd0000b6dd0000b6dd xmm3=0x00007e2300007e2300003d6500003d65 
  xmm4=0x0000b4610000b461000032cb000032cb xmm5=0x0000a4990000a49900001c6100001c61 
  xmm6=0x0000d9ae0000d9ae0000c4d40000c4d4 xmm7=0x00003d8c00003d8c0000fc070000fc07 

    > store to +0x4fd8 value 0x5d0
0x3192: mov ecx, 0x48
  rax=0x0000000000010097 rbx=0x00000000890000a1 rcx=0x00000000000825d0 rdx=0x00000000000005d0
  rsi=0x000000000000004c rdi=0x0000000000001f05 flags=0b000000000010
  xmm0=0x0000e04b0000e04b0000024400000244 xmm1=0x00000b7200000b720000918100009181 
  xmm2=0x00000cbd00000cbd0000b6dd0000b6dd xmm3=0x00007e2300007e2300003d6500003d65 
  xmm4=0x0000b4610000b461000032cb000032cb xmm5=0x0000a4990000a49900001c6100001c61 
  xmm6=0x0000d9ae0000d9ae0000c4d40000c4d4 xmm7=0x00003d8c00003d8c0000fc070000fc07 

0x3197: rdmsr 
  rax=0x0000000000010097 rbx=0x00000000890000a1 rcx=0x0000000000000048 rdx=0x00000000000005d0
  rsi=0x000000000000004c rdi=0x0000000000001f05 flags=0b000000000010
  xmm0=0x0000e04b0000e04b0000024400000244 xmm1=0x00000b7200000b720000918100009181 
  xmm2=0x00000cbd00000cbd0000b6dd0000b6dd xmm3=0x00007e2300007e2300003d6500003d65 
  xmm4=0x0000b4610000b461000032cb000032cb xmm5=0x0000a4990000a49900001c6100001c61 
  xmm6=0x0000d9ae0000d9ae0000c4d40000c4d4 xmm7=0x00003d8c00003d8c0000fc070000fc07 

0x3199: and eax, 0xfffffffb
  rax=0x0000000000000000 rbx=0x00000000890000a1 rcx=0x0000000000000048 rdx=0x0000000000000000
  rsi=0x000000000000004c rdi=0x0000000000001f05 flags=0b000000000010
  xmm0=0x0000e04b0000e04b0000024400000244 xmm1=0x00000b7200000b720000918100009181 
  xmm2=0x00000cbd00000cbd0000b6dd0000b6dd xmm3=0x00007e2300007e2300003d6500003d65 
  xmm4=0x0000b4610000b461000032cb000032cb xmm5=0x0000a4990000a49900001c6100001c61 
  xmm6=0x0000d9ae0000d9ae0000c4d40000c4d4 xmm7=0x00003d8c00003d8c0000fc070000fc07 

0x319c: or eax, 0x100
  rax=0x0000000000000000 rbx=0x00000000890000a1 rcx=0x0000000000000048 rdx=0x0000000000000000
  rsi=0x000000000000004c rdi=0x0000000000001f05 flags=0b000001000110
  xmm0=0x0000e04b0000e04b0000024400000244 xmm1=0x00000b7200000b720000918100009181 
  xmm2=0x00000cbd00000cbd0000b6dd0000b6dd xmm3=0x00007e2300007e2300003d6500003d65 
  xmm4=0x0000b4610000b461000032cb000032cb xmm5=0x0000a4990000a49900001c6100001c61 
  xmm6=0x0000d9ae0000d9ae0000c4d40000c4d4 xmm7=0x00003d8c00003d8c0000fc070000fc07 

0x31a1: wrmsr 
  rax=0x0000000000000100 rbx=0x00000000890000a1 rcx=0x0000000000000048 rdx=0x0000000000000000
  rsi=0x000000000000004c rdi=0x0000000000001f05 flags=0b000000000110
  xmm0=0x0000e04b0000e04b0000024400000244 xmm1=0x00000b7200000b720000918100009181 
  xmm2=0x00000cbd00000cbd0000b6dd0000b6dd xmm3=0x00007e2300007e2300003d6500003d65 
  xmm4=0x0000b4610000b461000032cb000032cb xmm5=0x0000a4990000a49900001c6100001c61 
  xmm6=0x0000d9ae0000d9ae0000c4d40000c4d4 xmm7=0x00003d8c00003d8c0000fc070000fc07 

0x31a3: mfence 
  rax=0x0000000000000100 rbx=0x00000000890000a1 rcx=0x0000000000000048 rdx=0x0000000000000000
  rsi=0x000000000000004c rdi=0x0000000000001f05 flags=0b000000000110
  xmm0=0x0000e04b0000e04b0000024400000244 xmm1=0x00000b7200000b720000918100009181 
  xmm2=0x00000cbd00000cbd0000b6dd0000b6dd xmm3=0x00007e2300007e2300003d6500003d65 
  xmm4=0x0000b4610000b461000032cb000032cb xmm5=0x0000a4990000a49900001c6100001c61 
  xmm6=0x0000d9ae0000d9ae0000c4d40000c4d4 xmm7=0x00003d8c00003d8c0000fc070000fc07 

0x31a6: lfence 
  rax=0x0000000000000100 rbx=0x00000000890000a1 rcx=0x0000000000000048 rdx=0x0000000000000000
  rsi=0x000000000000004c rdi=0x0000000000001f05 flags=0b000000000110
  xmm0=0x0000e04b0000e04b0000024400000244 xmm1=0x00000b7200000b720000918100009181 
  xmm2=0x00000cbd00000cbd0000b6dd0000b6dd xmm3=0x00007e2300007e2300003d6500003d65 
  xmm4=0x0000b4610000b461000032cb000032cb xmm5=0x0000a4990000a49900001c6100001c61 
  xmm6=0x0000d9ae0000d9ae0000c4d40000c4d4 xmm7=0x00003d8c00003d8c0000fc070000fc07 

0x31a9: macro .measurement_end, .noarg
  rax=0x0000000000000100 rbx=0x00000000890000a1 rcx=0x0000000000000048 rdx=0x0000000000000000
  rsi=0x000000000000004c rdi=0x0000000000001f05 flags=0b000000000110
  xmm0=0x0000e04b0000e04b0000024400000244 xmm1=0x00000b7200000b720000918100009181 
  xmm2=0x00000cbd00000cbd0000b6dd0000b6dd xmm3=0x00007e2300007e2300003d6500003d65 
  xmm4=0x0000b4610000b461000032cb000032cb xmm5=0x0000a4990000a49900001c6100001c61 
  xmm6=0x0000d9ae0000d9ae0000c4d40000c4d4 xmm7=0x00003d8c00003d8c0000fc070000fc07 

0x31b1: mov ecx, 0x48
  rax=0x0000000000000100 rbx=0x00000000890000a1 rcx=0x0000000000000048 rdx=0x0000000000000000
  rsi=0x000000000000004c rdi=0x0000000000001f05 flags=0b000000000110
  xmm0=0x0000e04b0000e04b0000024400000244 xmm1=0x00000b7200000b720000918100009181 
  xmm2=0x00000cbd00000cbd0000b6dd0000b6dd xmm3=0x00007e2300007e2300003d6500003d65 
  xmm4=0x0000b4610000b461000032cb000032cb xmm5=0x0000a4990000a49900001c6100001c61 
  xmm6=0x0000d9ae0000d9ae0000c4d40000c4d4 xmm7=0x00003d8c00003d8c0000fc070000fc07 

0x31b6: rdmsr 
  rax=0x0000000000000100 rbx=0x00000000890000a1 rcx=0x0000000000000048 rdx=0x0000000000000000
  rsi=0x000000000000004c rdi=0x0000000000001f05 flags=0b000000000110
  xmm0=0x0000e04b0000e04b0000024400000244 xmm1=0x00000b7200000b720000918100009181 
  xmm2=0x00000cbd00000cbd0000b6dd0000b6dd xmm3=0x00007e2300007e2300003d6500003d65 
  xmm4=0x0000b4610000b461000032cb000032cb xmm5=0x0000a4990000a49900001c6100001c61 
  xmm6=0x0000d9ae0000d9ae0000c4d40000c4d4 xmm7=0x00003d8c00003d8c0000fc070000fc07 

0x31b8: and eax, 0xfffffffb
  rax=0x0000000000000000 rbx=0x00000000890000a1 rcx=0x0000000000000048 rdx=0x0000000000000000
  rsi=0x000000000000004c rdi=0x0000000000001f05 flags=0b000000000110
  xmm0=0x0000e04b0000e04b0000024400000244 xmm1=0x00000b7200000b720000918100009181 
  xmm2=0x00000cbd00000cbd0000b6dd0000b6dd xmm3=0x00007e2300007e2300003d6500003d65 
  xmm4=0x0000b4610000b461000032cb000032cb xmm5=0x0000a4990000a49900001c6100001c61 
  xmm6=0x0000d9ae0000d9ae0000c4d40000c4d4 xmm7=0x00003d8c00003d8c0000fc070000fc07 

0x31bb: and eax, 0xfffffeff
  rax=0x0000000000000000 rbx=0x00000000890000a1 rcx=0x0000000000000048 rdx=0x0000000000000000
  rsi=0x000000000000004c rdi=0x0000000000001f05 flags=0b000001000110
  xmm0=0x0000e04b0000e04b0000024400000244 xmm1=0x00000b7200000b720000918100009181 
  xmm2=0x00000cbd00000cbd0000b6dd0000b6dd xmm3=0x00007e2300007e2300003d6500003d65 
  xmm4=0x0000b4610000b461000032cb000032cb xmm5=0x0000a4990000a49900001c6100001c61 
  xmm6=0x0000d9ae0000d9ae0000c4d40000c4d4 xmm7=0x00003d8c00003d8c0000fc070000fc07 

0x31c0: wrmsr 
  rax=0x0000000000000000 rbx=0x00000000890000a1 rcx=0x0000000000000048 rdx=0x0000000000000000
  rsi=0x000000000000004c rdi=0x0000000000001f05 flags=0b000001000110
  xmm0=0x0000e04b0000e04b0000024400000244 xmm1=0x00000b7200000b720000918100009181 
  xmm2=0x00000cbd00000cbd0000b6dd0000b6dd xmm3=0x00007e2300007e2300003d6500003d65 
  xmm4=0x0000b4610000b461000032cb000032cb xmm5=0x0000a4990000a49900001c6100001c61 
  xmm6=0x0000d9ae0000d9ae0000c4d40000c4d4 xmm7=0x00003d8c00003d8c0000fc070000fc07 

0x31c2: mfence 
  rax=0x0000000000000000 rbx=0x00000000890000a1 rcx=0x0000000000000048 rdx=0x0000000000000000
  rsi=0x000000000000004c rdi=0x0000000000001f05 flags=0b000001000110
  xmm0=0x0000e04b0000e04b0000024400000244 xmm1=0x00000b7200000b720000918100009181 
  xmm2=0x00000cbd00000cbd0000b6dd0000b6dd xmm3=0x00007e2300007e2300003d6500003d65 
  xmm4=0x0000b4610000b461000032cb000032cb xmm5=0x0000a4990000a49900001c6100001c61 
  xmm6=0x0000d9ae0000d9ae0000c4d40000c4d4 xmm7=0x00003d8c00003d8c0000fc070000fc07 

0x31c5: lfence 
  rax=0x0000000000000000 rbx=0x00000000890000a1 rcx=0x0000000000000048 rdx=0x0000000000000000
  rsi=0x000000000000004c rdi=0x0000000000001f05 flags=0b000001000110
  xmm0=0x0000e04b0000e04b0000024400000244 xmm1=0x00000b7200000b720000918100009181 
  xmm2=0x00000cbd00000cbd0000b6dd0000b6dd xmm3=0x00007e2300007e2300003d6500003d65 
  xmm4=0x0000b4610000b461000032cb000032cb xmm5=0x0000a4990000a49900001c6100001c61 
  xmm6=0x0000d9ae0000d9ae0000c4d40000c4d4 xmm7=0x00003d8c00003d8c0000fc070000fc07 

0x31c8: pop rdx
  rax=0x0000000000000000 rbx=0x00000000890000a1 rcx=0x0000000000000048 rdx=0x0000000000000000
  rsi=0x000000000000004c rdi=0x0000000000001f05 flags=0b000001000110
  xmm0=0x0000e04b0000e04b0000024400000244 xmm1=0x00000b7200000b720000918100009181 
  xmm2=0x00000cbd00000cbd0000b6dd0000b6dd xmm3=0x00007e2300007e2300003d6500003d65 
  xmm4=0x0000b4610000b461000032cb000032cb xmm5=0x0000a4990000a49900001c6100001c61 
  xmm6=0x0000d9ae0000d9ae0000c4d40000c4d4 xmm7=0x00003d8c00003d8c0000fc070000fc07 

    > load from +0x4fd8 value 0x5d0
0x31c9: pop rcx
  rax=0x0000000000000000 rbx=0x00000000890000a1 rcx=0x0000000000000048 rdx=0x00000000000005d0
  rsi=0x000000000000004c rdi=0x0000000000001f05 flags=0b000001000110
  xmm0=0x0000e04b0000e04b0000024400000244 xmm1=0x00000b7200000b720000918100009181 
  xmm2=0x00000cbd00000cbd0000b6dd0000b6dd xmm3=0x00007e2300007e2300003d6500003d65 
  xmm4=0x0000b4610000b461000032cb000032cb xmm5=0x0000a4990000a49900001c6100001c61 
  xmm6=0x0000d9ae0000d9ae0000c4d40000c4d4 xmm7=0x00003d8c00003d8c0000fc070000fc07 

    > load from +0x4fe0 value 0x825d0
0x31ca: pop rax
  rax=0x0000000000000000 rbx=0x00000000890000a1 rcx=0x00000000000825d0 rdx=0x00000000000005d0
  rsi=0x000000000000004c rdi=0x0000000000001f05 flags=0b000001000110
  xmm0=0x0000e04b0000e04b0000024400000244 xmm1=0x00000b7200000b720000918100009181 
  xmm2=0x00000cbd00000cbd0000b6dd0000b6dd xmm3=0x00007e2300007e2300003d6500003d65 
  xmm4=0x0000b4610000b461000032cb000032cb xmm5=0x0000a4990000a49900001c6100001c61 
  xmm6=0x0000d9ae0000d9ae0000c4d40000c4d4 xmm7=0x00003d8c00003d8c0000fc070000fc07 

    > load from +0x4fe8 value 0x10097
0x31cb: popfq 
  rax=0x0000000000010097 rbx=0x00000000890000a1 rcx=0x00000000000825d0 rdx=0x00000000000005d0
  rsi=0x000000000000004c rdi=0x0000000000001f05 flags=0b000001000110
  xmm0=0x0000e04b0000e04b0000024400000244 xmm1=0x00000b7200000b720000918100009181 
  xmm2=0x00000cbd00000cbd0000b6dd0000b6dd xmm3=0x00007e2300007e2300003d6500003d65 
  xmm4=0x0000b4610000b461000032cb000032cb xmm5=0x0000a4990000a49900001c6100001c61 
  xmm6=0x0000d9ae0000d9ae0000c4d40000c4d4 xmm7=0x00003d8c00003d8c0000fc070000fc07 

    > load from +0x4ff0 value 0x2
0x31cc: macro .switch, .main.function_main_2
  rax=0x0000000000010097 rbx=0x00000000890000a1 rcx=0x00000000000825d0 rdx=0x00000000000005d0
  rsi=0x000000000000004c rdi=0x0000000000001f05 flags=0b000000000010
  xmm0=0x0000e04b0000e04b0000024400000244 xmm1=0x00000b7200000b720000918100009181 
  xmm2=0x00000cbd00000cbd0000b6dd0000b6dd xmm3=0x00007e2300007e2300003d6500003d65 
  xmm4=0x0000b4610000b461000032cb000032cb xmm5=0x0000a4990000a49900001c6100001c61 
  xmm6=0x0000d9ae0000d9ae0000c4d40000c4d4 xmm7=0x00003d8c00003d8c0000fc070000fc07 

0x1c3: nop  [test_case_exit]
  rax=0x0000000000010097 rbx=0x00000000890000a1 rcx=0x00000000000825d0 rdx=0x00000000000005d0
  rsi=0x000000000000004c rdi=0x0000000000001f05 flags=0b000000000010
  xmm0=0x0000e04b0000e04b0000024400000244 xmm1=0x00000b7200000b720000918100009181 
  xmm2=0x00000cbd00000cbd0000b6dd0000b6dd xmm3=0x00007e2300007e2300003d6500003d65 
  xmm4=0x0000b4610000b461000032cb000032cb xmm5=0x0000a4990000a49900001c6100001c61 
  xmm6=0x0000d9ae0000d9ae0000c4d40000c4d4 xmm7=0x00003d8c00003d8c0000fc070000fc07 





================================ Statistics ===================================

Test Cases: 1
Inputs per test case: 100.0
Violations: 1
Effectiveness: 
  Total Cls: 50.0
  Effective Cls: 50.0
Discarded Test Cases:
  Speculation Filter: 0
  Observation Filter: 0
  Fast Path: 0
  Max Nesting Check: 0
  Tainting Check: 0
  Early Priming Check: 0
  Large Sample Check: 0
  Priming Check: 0

Duration: 39.0
Finished at 10:59:01
