
INFO: [fuzzer] Starting at 10:54:20
> Entering slow path...> Priming  1              > Increase sample size to 40> Priming  1              > Increase sample size to 160> Priming  1              > Increase sample size to 320> Priming  1             

================================ Violations detected ==========================
Contract trace:
 8661070881806057808 (hash)
Hardware traces:
  Input group 1: [23]
  Input group 2: [73]
  ^^^^^..^^....^..........^^..^..^^^^^.......^^........^^........^ [275    | 0     ]
  ^^.^^..^^....^..........^^..^..^^^^^.......^^........^^........^ [45     | 34    ]
  ^^^^^..^^....^..........^^..^..^^^^^^......^^........^^........^ [0      | 286   ]

================================ Violation Traces =============================
                      ##### Input 23 #####

                     ##### Input 0 #####
0x0 : macro .switch, .actor2.function_actor2_0
  rax=0x0000d8c70000d8c7 rbx=0x000056e1000056e1 rcx=0x0000c6300000c630 rdx=0x0000b1bf0000b1bf
  rsi=0x000013cf000013cf rdi=0x0000178e0000178e flags=0b000010010111
  xmm0=0x000081e6000081e60000973500009735 xmm1=0x00009a1900009a19000045cb000045cb 
  xmm2=0x0000e9fb0000e9fb0000e24e0000e24e xmm3=0x0000ac8c0000ac8c0000487500004875 
  xmm4=0x0000898f0000898f0000d5460000d546 xmm5=0x0000c62d0000c62d0000102100001021 
  xmm6=0x0000b6d00000b6d000001b9f00001b9f xmm7=0x000085af000085af000018b2000018b2 

0x3000: pushfq 
  rax=0x0000d8c70000d8c7 rbx=0x000056e1000056e1 rcx=0x0000c6300000c630 rdx=0x0000b1bf0000b1bf
  rsi=0x000013cf000013cf rdi=0x0000178e0000178e flags=0b000010010111
  xmm0=0x000081e6000081e60000973500009735 xmm1=0x00009a1900009a19000045cb000045cb 
  xmm2=0x0000e9fb0000e9fb0000e24e0000e24e xmm3=0x0000ac8c0000ac8c0000487500004875 
  xmm4=0x0000898f0000898f0000d5460000d546 xmm5=0x0000c62d0000c62d0000102100001021 
  xmm6=0x0000b6d00000b6d000001b9f00001b9f xmm7=0x000085af000085af000018b2000018b2 

    > store to +0x4ff0 value 0x97
0x3001: push rax
  rax=0x0000d8c70000d8c7 rbx=0x000056e1000056e1 rcx=0x0000c6300000c630 rdx=0x0000b1bf0000b1bf
  rsi=0x000013cf000013cf rdi=0x0000178e0000178e flags=0b000010010111
  xmm0=0x000081e6000081e60000973500009735 xmm1=0x00009a1900009a19000045cb000045cb 
  xmm2=0x0000e9fb0000e9fb0000e24e0000e24e xmm3=0x0000ac8c0000ac8c0000487500004875 
  xmm4=0x0000898f0000898f0000d5460000d546 xmm5=0x0000c62d0000c62d0000102100001021 
  xmm6=0x0000b6d00000b6d000001b9f00001b9f xmm7=0x000085af000085af000018b2000018b2 

    > store to +0x4fe8 value 0xd8c70000d8c7
0x3002: push rcx
  rax=0x0000d8c70000d8c7 rbx=0x000056e1000056e1 rcx=0x0000c6300000c630 rdx=0x0000b1bf0000b1bf
  rsi=0x000013cf000013cf rdi=0x0000178e0000178e flags=0b000010010111
  xmm0=0x000081e6000081e60000973500009735 xmm1=0x00009a1900009a19000045cb000045cb 
  xmm2=0x0000e9fb0000e9fb0000e24e0000e24e xmm3=0x0000ac8c0000ac8c0000487500004875 
  xmm4=0x0000898f0000898f0000d5460000d546 xmm5=0x0000c62d0000c62d0000102100001021 
  xmm6=0x0000b6d00000b6d000001b9f00001b9f xmm7=0x000085af000085af000018b2000018b2 

    > store to +0x4fe0 value 0xc6300000c630
0x3003: push rdx
  rax=0x0000d8c70000d8c7 rbx=0x000056e1000056e1 rcx=0x0000c6300000c630 rdx=0x0000b1bf0000b1bf
  rsi=0x000013cf000013cf rdi=0x0000178e0000178e flags=0b000010010111
  xmm0=0x000081e6000081e60000973500009735 xmm1=0x00009a1900009a19000045cb000045cb 
  xmm2=0x0000e9fb0000e9fb0000e24e0000e24e xmm3=0x0000ac8c0000ac8c0000487500004875 
  xmm4=0x0000898f0000898f0000d5460000d546 xmm5=0x0000c62d0000c62d0000102100001021 
  xmm6=0x0000b6d00000b6d000001b9f00001b9f xmm7=0x000085af000085af000018b2000018b2 

    > store to +0x4fd8 value 0xb1bf0000b1bf
0x3004: mov ecx, 0x48
  rax=0x0000d8c70000d8c7 rbx=0x000056e1000056e1 rcx=0x0000c6300000c630 rdx=0x0000b1bf0000b1bf
  rsi=0x000013cf000013cf rdi=0x0000178e0000178e flags=0b000010010111
  xmm0=0x000081e6000081e60000973500009735 xmm1=0x00009a1900009a19000045cb000045cb 
  xmm2=0x0000e9fb0000e9fb0000e24e0000e24e xmm3=0x0000ac8c0000ac8c0000487500004875 
  xmm4=0x0000898f0000898f0000d5460000d546 xmm5=0x0000c62d0000c62d0000102100001021 
  xmm6=0x0000b6d00000b6d000001b9f00001b9f xmm7=0x000085af000085af000018b2000018b2 

0x3009: rdmsr 
  rax=0x0000d8c70000d8c7 rbx=0x000056e1000056e1 rcx=0x0000000000000048 rdx=0x0000b1bf0000b1bf
  rsi=0x000013cf000013cf rdi=0x0000178e0000178e flags=0b000010010111
  xmm0=0x000081e6000081e60000973500009735 xmm1=0x00009a1900009a19000045cb000045cb 
  xmm2=0x0000e9fb0000e9fb0000e24e0000e24e xmm3=0x0000ac8c0000ac8c0000487500004875 
  xmm4=0x0000898f0000898f0000d5460000d546 xmm5=0x0000c62d0000c62d0000102100001021 
  xmm6=0x0000b6d00000b6d000001b9f00001b9f xmm7=0x000085af000085af000018b2000018b2 

0x300b: and eax, 0xfffffffb
  rax=0x0000000000000000 rbx=0x000056e1000056e1 rcx=0x0000000000000048 rdx=0x0000000000000000
  rsi=0x000013cf000013cf rdi=0x0000178e0000178e flags=0b000010010111
  xmm0=0x000081e6000081e60000973500009735 xmm1=0x00009a1900009a19000045cb000045cb 
  xmm2=0x0000e9fb0000e9fb0000e24e0000e24e xmm3=0x0000ac8c0000ac8c0000487500004875 
  xmm4=0x0000898f0000898f0000d5460000d546 xmm5=0x0000c62d0000c62d0000102100001021 
  xmm6=0x0000b6d00000b6d000001b9f00001b9f xmm7=0x000085af000085af000018b2000018b2 

0x300e: or eax, 0x100
  rax=0x0000000000000000 rbx=0x000056e1000056e1 rcx=0x0000000000000048 rdx=0x0000000000000000
  rsi=0x000013cf000013cf rdi=0x0000178e0000178e flags=0b000001000110
  xmm0=0x000081e6000081e60000973500009735 xmm1=0x00009a1900009a19000045cb000045cb 
  xmm2=0x0000e9fb0000e9fb0000e24e0000e24e xmm3=0x0000ac8c0000ac8c0000487500004875 
  xmm4=0x0000898f0000898f0000d5460000d546 xmm5=0x0000c62d0000c62d0000102100001021 
  xmm6=0x0000b6d00000b6d000001b9f00001b9f xmm7=0x000085af000085af000018b2000018b2 

0x3013: wrmsr 
  rax=0x0000000000000100 rbx=0x000056e1000056e1 rcx=0x0000000000000048 rdx=0x0000000000000000
  rsi=0x000013cf000013cf rdi=0x0000178e0000178e flags=0b000000000110
  xmm0=0x000081e6000081e60000973500009735 xmm1=0x00009a1900009a19000045cb000045cb 
  xmm2=0x0000e9fb0000e9fb0000e24e0000e24e xmm3=0x0000ac8c0000ac8c0000487500004875 
  xmm4=0x0000898f0000898f0000d5460000d546 xmm5=0x0000c62d0000c62d0000102100001021 
  xmm6=0x0000b6d00000b6d000001b9f00001b9f xmm7=0x000085af000085af000018b2000018b2 

0x3015: mfence 
  rax=0x0000000000000100 rbx=0x000056e1000056e1 rcx=0x0000000000000048 rdx=0x0000000000000000
  rsi=0x000013cf000013cf rdi=0x0000178e0000178e flags=0b000000000110
  xmm0=0x000081e6000081e60000973500009735 xmm1=0x00009a1900009a19000045cb000045cb 
  xmm2=0x0000e9fb0000e9fb0000e24e0000e24e xmm3=0x0000ac8c0000ac8c0000487500004875 
  xmm4=0x0000898f0000898f0000d5460000d546 xmm5=0x0000c62d0000c62d0000102100001021 
  xmm6=0x0000b6d00000b6d000001b9f00001b9f xmm7=0x000085af000085af000018b2000018b2 

0x3018: lfence 
  rax=0x0000000000000100 rbx=0x000056e1000056e1 rcx=0x0000000000000048 rdx=0x0000000000000000
  rsi=0x000013cf000013cf rdi=0x0000178e0000178e flags=0b000000000110
  xmm0=0x000081e6000081e60000973500009735 xmm1=0x00009a1900009a19000045cb000045cb 
  xmm2=0x0000e9fb0000e9fb0000e24e0000e24e xmm3=0x0000ac8c0000ac8c0000487500004875 
  xmm4=0x0000898f0000898f0000d5460000d546 xmm5=0x0000c62d0000c62d0000102100001021 
  xmm6=0x0000b6d00000b6d000001b9f00001b9f xmm7=0x000085af000085af000018b2000018b2 

0x301b: macro .measurement_start, .noarg
  rax=0x0000000000000100 rbx=0x000056e1000056e1 rcx=0x0000000000000048 rdx=0x0000000000000000
  rsi=0x000013cf000013cf rdi=0x0000178e0000178e flags=0b000000000110
  xmm0=0x000081e6000081e60000973500009735 xmm1=0x00009a1900009a19000045cb000045cb 
  xmm2=0x0000e9fb0000e9fb0000e24e0000e24e xmm3=0x0000ac8c0000ac8c0000487500004875 
  xmm4=0x0000898f0000898f0000d5460000d546 xmm5=0x0000c62d0000c62d0000102100001021 
  xmm6=0x0000b6d00000b6d000001b9f00001b9f xmm7=0x000085af000085af000018b2000018b2 

0x3023: mov ecx, 0x48
  rax=0x0000000000000100 rbx=0x000056e1000056e1 rcx=0x0000000000000048 rdx=0x0000000000000000
  rsi=0x000013cf000013cf rdi=0x0000178e0000178e flags=0b000000000110
  xmm0=0x000081e6000081e60000973500009735 xmm1=0x00009a1900009a19000045cb000045cb 
  xmm2=0x0000e9fb0000e9fb0000e24e0000e24e xmm3=0x0000ac8c0000ac8c0000487500004875 
  xmm4=0x0000898f0000898f0000d5460000d546 xmm5=0x0000c62d0000c62d0000102100001021 
  xmm6=0x0000b6d00000b6d000001b9f00001b9f xmm7=0x000085af000085af000018b2000018b2 

0x3028: rdmsr 
  rax=0x0000000000000100 rbx=0x000056e1000056e1 rcx=0x0000000000000048 rdx=0x0000000000000000
  rsi=0x000013cf000013cf rdi=0x0000178e0000178e flags=0b000000000110
  xmm0=0x000081e6000081e60000973500009735 xmm1=0x00009a1900009a19000045cb000045cb 
  xmm2=0x0000e9fb0000e9fb0000e24e0000e24e xmm3=0x0000ac8c0000ac8c0000487500004875 
  xmm4=0x0000898f0000898f0000d5460000d546 xmm5=0x0000c62d0000c62d0000102100001021 
  xmm6=0x0000b6d00000b6d000001b9f00001b9f xmm7=0x000085af000085af000018b2000018b2 

0x302a: and eax, 0xfffffffb
  rax=0x0000000000000000 rbx=0x000056e1000056e1 rcx=0x0000000000000048 rdx=0x0000000000000000
  rsi=0x000013cf000013cf rdi=0x0000178e0000178e flags=0b000000000110
  xmm0=0x000081e6000081e60000973500009735 xmm1=0x00009a1900009a19000045cb000045cb 
  xmm2=0x0000e9fb0000e9fb0000e24e0000e24e xmm3=0x0000ac8c0000ac8c0000487500004875 
  xmm4=0x0000898f0000898f0000d5460000d546 xmm5=0x0000c62d0000c62d0000102100001021 
  xmm6=0x0000b6d00000b6d000001b9f00001b9f xmm7=0x000085af000085af000018b2000018b2 

0x302d: and eax, 0xfffffeff
  rax=0x0000000000000000 rbx=0x000056e1000056e1 rcx=0x0000000000000048 rdx=0x0000000000000000
  rsi=0x000013cf000013cf rdi=0x0000178e0000178e flags=0b000001000110
  xmm0=0x000081e6000081e60000973500009735 xmm1=0x00009a1900009a19000045cb000045cb 
  xmm2=0x0000e9fb0000e9fb0000e24e0000e24e xmm3=0x0000ac8c0000ac8c0000487500004875 
  xmm4=0x0000898f0000898f0000d5460000d546 xmm5=0x0000c62d0000c62d0000102100001021 
  xmm6=0x0000b6d00000b6d000001b9f00001b9f xmm7=0x000085af000085af000018b2000018b2 

0x3032: wrmsr 
  rax=0x0000000000000000 rbx=0x000056e1000056e1 rcx=0x0000000000000048 rdx=0x0000000000000000
  rsi=0x000013cf000013cf rdi=0x0000178e0000178e flags=0b000001000110
  xmm0=0x000081e6000081e60000973500009735 xmm1=0x00009a1900009a19000045cb000045cb 
  xmm2=0x0000e9fb0000e9fb0000e24e0000e24e xmm3=0x0000ac8c0000ac8c0000487500004875 
  xmm4=0x0000898f0000898f0000d5460000d546 xmm5=0x0000c62d0000c62d0000102100001021 
  xmm6=0x0000b6d00000b6d000001b9f00001b9f xmm7=0x000085af000085af000018b2000018b2 

0x3034: mfence 
  rax=0x0000000000000000 rbx=0x000056e1000056e1 rcx=0x0000000000000048 rdx=0x0000000000000000
  rsi=0x000013cf000013cf rdi=0x0000178e0000178e flags=0b000001000110
  xmm0=0x000081e6000081e60000973500009735 xmm1=0x00009a1900009a19000045cb000045cb 
  xmm2=0x0000e9fb0000e9fb0000e24e0000e24e xmm3=0x0000ac8c0000ac8c0000487500004875 
  xmm4=0x0000898f0000898f0000d5460000d546 xmm5=0x0000c62d0000c62d0000102100001021 
  xmm6=0x0000b6d00000b6d000001b9f00001b9f xmm7=0x000085af000085af000018b2000018b2 

0x3037: lfence 
  rax=0x0000000000000000 rbx=0x000056e1000056e1 rcx=0x0000000000000048 rdx=0x0000000000000000
  rsi=0x000013cf000013cf rdi=0x0000178e0000178e flags=0b000001000110
  xmm0=0x000081e6000081e60000973500009735 xmm1=0x00009a1900009a19000045cb000045cb 
  xmm2=0x0000e9fb0000e9fb0000e24e0000e24e xmm3=0x0000ac8c0000ac8c0000487500004875 
  xmm4=0x0000898f0000898f0000d5460000d546 xmm5=0x0000c62d0000c62d0000102100001021 
  xmm6=0x0000b6d00000b6d000001b9f00001b9f xmm7=0x000085af000085af000018b2000018b2 

0x303a: pop rdx
  rax=0x0000000000000000 rbx=0x000056e1000056e1 rcx=0x0000000000000048 rdx=0x0000000000000000
  rsi=0x000013cf000013cf rdi=0x0000178e0000178e flags=0b000001000110
  xmm0=0x000081e6000081e60000973500009735 xmm1=0x00009a1900009a19000045cb000045cb 
  xmm2=0x0000e9fb0000e9fb0000e24e0000e24e xmm3=0x0000ac8c0000ac8c0000487500004875 
  xmm4=0x0000898f0000898f0000d5460000d546 xmm5=0x0000c62d0000c62d0000102100001021 
  xmm6=0x0000b6d00000b6d000001b9f00001b9f xmm7=0x000085af000085af000018b2000018b2 

    > load from +0x4fd8 value 0xb1bf0000b1bf
0x303b: pop rcx
  rax=0x0000000000000000 rbx=0x000056e1000056e1 rcx=0x0000000000000048 rdx=0x0000b1bf0000b1bf
  rsi=0x000013cf000013cf rdi=0x0000178e0000178e flags=0b000001000110
  xmm0=0x000081e6000081e60000973500009735 xmm1=0x00009a1900009a19000045cb000045cb 
  xmm2=0x0000e9fb0000e9fb0000e24e0000e24e xmm3=0x0000ac8c0000ac8c0000487500004875 
  xmm4=0x0000898f0000898f0000d5460000d546 xmm5=0x0000c62d0000c62d0000102100001021 
  xmm6=0x0000b6d00000b6d000001b9f00001b9f xmm7=0x000085af000085af000018b2000018b2 

    > load from +0x4fe0 value 0xc6300000c630
0x303c: pop rax
  rax=0x0000000000000000 rbx=0x000056e1000056e1 rcx=0x0000c6300000c630 rdx=0x0000b1bf0000b1bf
  rsi=0x000013cf000013cf rdi=0x0000178e0000178e flags=0b000001000110
  xmm0=0x000081e6000081e60000973500009735 xmm1=0x00009a1900009a19000045cb000045cb 
  xmm2=0x0000e9fb0000e9fb0000e24e0000e24e xmm3=0x0000ac8c0000ac8c0000487500004875 
  xmm4=0x0000898f0000898f0000d5460000d546 xmm5=0x0000c62d0000c62d0000102100001021 
  xmm6=0x0000b6d00000b6d000001b9f00001b9f xmm7=0x000085af000085af000018b2000018b2 

    > load from +0x4fe8 value 0xd8c70000d8c7
0x303d: popfq 
  rax=0x0000d8c70000d8c7 rbx=0x000056e1000056e1 rcx=0x0000c6300000c630 rdx=0x0000b1bf0000b1bf
  rsi=0x000013cf000013cf rdi=0x0000178e0000178e flags=0b000001000110
  xmm0=0x000081e6000081e60000973500009735 xmm1=0x00009a1900009a19000045cb000045cb 
  xmm2=0x0000e9fb0000e9fb0000e24e0000e24e xmm3=0x0000ac8c0000ac8c0000487500004875 
  xmm4=0x0000898f0000898f0000d5460000d546 xmm5=0x0000c62d0000c62d0000102100001021 
  xmm6=0x0000b6d00000b6d000001b9f00001b9f xmm7=0x000085af000085af000018b2000018b2 

    > load from +0x4ff0 value 0x97
0x303e: and rcx, 0b1111111111111
  rax=0x0000d8c70000d8c7 rbx=0x000056e1000056e1 rcx=0x0000c6300000c630 rdx=0x0000b1bf0000b1bf
  rsi=0x000013cf000013cf rdi=0x0000178e0000178e flags=0b000010010111
  xmm0=0x000081e6000081e60000973500009735 xmm1=0x00009a1900009a19000045cb000045cb 
  xmm2=0x0000e9fb0000e9fb0000e24e0000e24e xmm3=0x0000ac8c0000ac8c0000487500004875 
  xmm4=0x0000898f0000898f0000d5460000d546 xmm5=0x0000c62d0000c62d0000102100001021 
  xmm6=0x0000b6d00000b6d000001b9f00001b9f xmm7=0x000085af000085af000018b2000018b2 

0x3045: or [r14 +rcx], 0b1000
  rax=0x0000d8c70000d8c7 rbx=0x000056e1000056e1 rcx=0x0000000000000630 rdx=0x0000b1bf0000b1bf
  rsi=0x000013cf000013cf rdi=0x0000178e0000178e flags=0b000000000110
  xmm0=0x000081e6000081e60000973500009735 xmm1=0x00009a1900009a19000045cb000045cb 
  xmm2=0x0000e9fb0000e9fb0000e24e0000e24e xmm3=0x0000ac8c0000ac8c0000487500004875 
  xmm4=0x0000898f0000898f0000d5460000d546 xmm5=0x0000c62d0000c62d0000102100001021 
  xmm6=0x0000b6d00000b6d000001b9f00001b9f xmm7=0x000085af000085af000018b2000018b2 

    > load from +0x4630 value 0x77
    > store to +0x4630 value 0x7f
0x304a: and [r14 +rcx], 0b11111000
  rax=0x0000d8c70000d8c7 rbx=0x000056e1000056e1 rcx=0x0000000000000630 rdx=0x0000b1bf0000b1bf
  rsi=0x000013cf000013cf rdi=0x0000178e0000178e flags=0b000000000010
  xmm0=0x000081e6000081e60000973500009735 xmm1=0x00009a1900009a19000045cb000045cb 
  xmm2=0x0000e9fb0000e9fb0000e24e0000e24e xmm3=0x0000ac8c0000ac8c0000487500004875 
  xmm4=0x0000898f0000898f0000d5460000d546 xmm5=0x0000c62d0000c62d0000102100001021 
  xmm6=0x0000b6d00000b6d000001b9f00001b9f xmm7=0x000085af000085af000018b2000018b2 

    > load from +0x4630 value 0x7f
    > store to +0x4630 value 0x78
0x304f: mov ax, 1
  rax=0x0000d8c70000d8c7 rbx=0x000056e1000056e1 rcx=0x0000000000000630 rdx=0x0000b1bf0000b1bf
  rsi=0x000013cf000013cf rdi=0x0000178e0000178e flags=0b000000000110
  xmm0=0x000081e6000081e60000973500009735 xmm1=0x00009a1900009a19000045cb000045cb 
  xmm2=0x0000e9fb0000e9fb0000e24e0000e24e xmm3=0x0000ac8c0000ac8c0000487500004875 
  xmm4=0x0000898f0000898f0000d5460000d546 xmm5=0x0000c62d0000c62d0000102100001021 
  xmm6=0x0000b6d00000b6d000001b9f00001b9f xmm7=0x000085af000085af000018b2000018b2 

0x3053: idiv [r14 +rcx]
  rax=0x0000d8c700000001 rbx=0x000056e1000056e1 rcx=0x0000000000000630 rdx=0x0000b1bf0000b1bf
  rsi=0x000013cf000013cf rdi=0x0000178e0000178e flags=0b000000000110
  xmm0=0x000081e6000081e60000973500009735 xmm1=0x00009a1900009a19000045cb000045cb 
  xmm2=0x0000e9fb0000e9fb0000e24e0000e24e xmm3=0x0000ac8c0000ac8c0000487500004875 
  xmm4=0x0000898f0000898f0000d5460000d546 xmm5=0x0000c62d0000c62d0000102100001021 
  xmm6=0x0000b6d00000b6d000001b9f00001b9f xmm7=0x000085af000085af000018b2000018b2 

    > load from +0x4630 value 0x78
0x3057: add sil, 114
  rax=0x0000d8c700000100 rbx=0x000056e1000056e1 rcx=0x0000000000000630 rdx=0x0000b1bf0000b1bf
  rsi=0x000013cf000013cf rdi=0x0000178e0000178e flags=0b000000000110
  xmm0=0x000081e6000081e60000973500009735 xmm1=0x00009a1900009a19000045cb000045cb 
  xmm2=0x0000e9fb0000e9fb0000e24e0000e24e xmm3=0x0000ac8c0000ac8c0000487500004875 
  xmm4=0x0000898f0000898f0000d5460000d546 xmm5=0x0000c62d0000c62d0000102100001021 
  xmm6=0x0000b6d00000b6d000001b9f00001b9f xmm7=0x000085af000085af000018b2000018b2 

0x305b: cmovnb rdi, rbx
  rax=0x0000d8c700000100 rbx=0x000056e1000056e1 rcx=0x0000000000000630 rdx=0x0000b1bf0000b1bf
  rsi=0x000013cf00001341 rdi=0x0000178e0000178e flags=0b000000010111
  xmm0=0x000081e6000081e60000973500009735 xmm1=0x00009a1900009a19000045cb000045cb 
  xmm2=0x0000e9fb0000e9fb0000e24e0000e24e xmm3=0x0000ac8c0000ac8c0000487500004875 
  xmm4=0x0000898f0000898f0000d5460000d546 xmm5=0x0000c62d0000c62d0000102100001021 
  xmm6=0x0000b6d00000b6d000001b9f00001b9f xmm7=0x000085af000085af000018b2000018b2 

0x305f: and rcx, 0b1111111111111
  rax=0x0000d8c700000100 rbx=0x000056e1000056e1 rcx=0x0000000000000630 rdx=0x0000b1bf0000b1bf
  rsi=0x000013cf00001341 rdi=0x0000178e0000178e flags=0b000000010111
  xmm0=0x000081e6000081e60000973500009735 xmm1=0x00009a1900009a19000045cb000045cb 
  xmm2=0x0000e9fb0000e9fb0000e24e0000e24e xmm3=0x0000ac8c0000ac8c0000487500004875 
  xmm4=0x0000898f0000898f0000d5460000d546 xmm5=0x0000c62d0000c62d0000102100001021 
  xmm6=0x0000b6d00000b6d000001b9f00001b9f xmm7=0x000085af000085af000018b2000018b2 

0x3066: imul [r14 +rcx]
  rax=0x0000d8c700000100 rbx=0x000056e1000056e1 rcx=0x0000000000000630 rdx=0x0000b1bf0000b1bf
  rsi=0x000013cf00001341 rdi=0x0000178e0000178e flags=0b000000000110
  xmm0=0x000081e6000081e60000973500009735 xmm1=0x00009a1900009a19000045cb000045cb 
  xmm2=0x0000e9fb0000e9fb0000e24e0000e24e xmm3=0x0000ac8c0000ac8c0000487500004875 
  xmm4=0x0000898f0000898f0000d5460000d546 xmm5=0x0000c62d0000c62d0000102100001021 
  xmm6=0x0000b6d00000b6d000001b9f00001b9f xmm7=0x000085af000085af000018b2000018b2 

    > load from +0x4630 value 0xcb770000cb78
0x306a: and rax, 0b1111111111111
  rax=0xad16e14800cb7800 rbx=0x000056e1000056e1 rcx=0x0000000000000630 rdx=0x00000000ac4a9181
  rsi=0x000013cf00001341 rdi=0x0000178e0000178e flags=0b100010000111
  xmm0=0x000081e6000081e60000973500009735 xmm1=0x00009a1900009a19000045cb000045cb 
  xmm2=0x0000e9fb0000e9fb0000e24e0000e24e xmm3=0x0000ac8c0000ac8c0000487500004875 
  xmm4=0x0000898f0000898f0000d5460000d546 xmm5=0x0000c62d0000c62d0000102100001021 
  xmm6=0x0000b6d00000b6d000001b9f00001b9f xmm7=0x000085af000085af000018b2000018b2 

0x3070: cmovnb rdi, [r14 +rax]
  rax=0x0000000000001800 rbx=0x000056e1000056e1 rcx=0x0000000000000630 rdx=0x00000000ac4a9181
  rsi=0x000013cf00001341 rdi=0x0000178e0000178e flags=0b000000000110
  xmm0=0x000081e6000081e60000973500009735 xmm1=0x00009a1900009a19000045cb000045cb 
  xmm2=0x0000e9fb0000e9fb0000e24e0000e24e xmm3=0x0000ac8c0000ac8c0000487500004875 
  xmm4=0x0000898f0000898f0000d5460000d546 xmm5=0x0000c62d0000c62d0000102100001021 
  xmm6=0x0000b6d00000b6d000001b9f00001b9f xmm7=0x000085af000085af000018b2000018b2 

    > load from +0x5800 value 0xaad50000aad5
0x3075: and si, si
  rax=0x0000000000001800 rbx=0x000056e1000056e1 rcx=0x0000000000000630 rdx=0x00000000ac4a9181
  rsi=0x000013cf00001341 rdi=0x0000aad50000aad5 flags=0b000000000110
  xmm0=0x000081e6000081e60000973500009735 xmm1=0x00009a1900009a19000045cb000045cb 
  xmm2=0x0000e9fb0000e9fb0000e24e0000e24e xmm3=0x0000ac8c0000ac8c0000487500004875 
  xmm4=0x0000898f0000898f0000d5460000d546 xmm5=0x0000c62d0000c62d0000102100001021 
  xmm6=0x0000b6d00000b6d000001b9f00001b9f xmm7=0x000085af000085af000018b2000018b2 

0x3078: xor al, -86
  rax=0x0000000000001800 rbx=0x000056e1000056e1 rcx=0x0000000000000630 rdx=0x00000000ac4a9181
  rsi=0x000013cf00001341 rdi=0x0000aad50000aad5 flags=0b000000000110
  xmm0=0x000081e6000081e60000973500009735 xmm1=0x00009a1900009a19000045cb000045cb 
  xmm2=0x0000e9fb0000e9fb0000e24e0000e24e xmm3=0x0000ac8c0000ac8c0000487500004875 
  xmm4=0x0000898f0000898f0000d5460000d546 xmm5=0x0000c62d0000c62d0000102100001021 
  xmm6=0x0000b6d00000b6d000001b9f00001b9f xmm7=0x000085af000085af000018b2000018b2 

0x307a: and rdi, 0b1111111111111
  rax=0x00000000000018aa rbx=0x000056e1000056e1 rcx=0x0000000000000630 rdx=0x00000000ac4a9181
  rsi=0x000013cf00001341 rdi=0x0000aad50000aad5 flags=0b000010000110
  xmm0=0x000081e6000081e60000973500009735 xmm1=0x00009a1900009a19000045cb000045cb 
  xmm2=0x0000e9fb0000e9fb0000e24e0000e24e xmm3=0x0000ac8c0000ac8c0000487500004875 
  xmm4=0x0000898f0000898f0000d5460000d546 xmm5=0x0000c62d0000c62d0000102100001021 
  xmm6=0x0000b6d00000b6d000001b9f00001b9f xmm7=0x000085af000085af000018b2000018b2 

0x3081: and edx, 0b111
  rax=0x00000000000018aa rbx=0x000056e1000056e1 rcx=0x0000000000000630 rdx=0x00000000ac4a9181
  rsi=0x000013cf00001341 rdi=0x0000000000000ad5 flags=0b000000000010
  xmm0=0x000081e6000081e60000973500009735 xmm1=0x00009a1900009a19000045cb000045cb 
  xmm2=0x0000e9fb0000e9fb0000e24e0000e24e xmm3=0x0000ac8c0000ac8c0000487500004875 
  xmm4=0x0000898f0000898f0000d5460000d546 xmm5=0x0000c62d0000c62d0000102100001021 
  xmm6=0x0000b6d00000b6d000001b9f00001b9f xmm7=0x000085af000085af000018b2000018b2 

0x3084: bt [r14 +rdi], edx
  rax=0x00000000000018aa rbx=0x000056e1000056e1 rcx=0x0000000000000630 rdx=0x0000000000000001
  rsi=0x000013cf00001341 rdi=0x0000000000000ad5 flags=0b000000000010
  xmm0=0x000081e6000081e60000973500009735 xmm1=0x00009a1900009a19000045cb000045cb 
  xmm2=0x0000e9fb0000e9fb0000e24e0000e24e xmm3=0x0000ac8c0000ac8c0000487500004875 
  xmm4=0x0000898f0000898f0000d5460000d546 xmm5=0x0000c62d0000c62d0000102100001021 
  xmm6=0x0000b6d00000b6d000001b9f00001b9f xmm7=0x000085af000085af000018b2000018b2 

    > load from +0x4ad5 value 0x6b00006e
0x3089: and rsi, 0b1111111111111
  rax=0x00000000000018aa rbx=0x000056e1000056e1 rcx=0x0000000000000630 rdx=0x0000000000000001
  rsi=0x000013cf00001341 rdi=0x0000000000000ad5 flags=0b000000000011
  xmm0=0x000081e6000081e60000973500009735 xmm1=0x00009a1900009a19000045cb000045cb 
  xmm2=0x0000e9fb0000e9fb0000e24e0000e24e xmm3=0x0000ac8c0000ac8c0000487500004875 
  xmm4=0x0000898f0000898f0000d5460000d546 xmm5=0x0000c62d0000c62d0000102100001021 
  xmm6=0x0000b6d00000b6d000001b9f00001b9f xmm7=0x000085af000085af000018b2000018b2 

0x3090: cmovnz di, [r14 +rsi]
  rax=0x00000000000018aa rbx=0x000056e1000056e1 rcx=0x0000000000000630 rdx=0x0000000000000001
  rsi=0x0000000000001341 rdi=0x0000000000000ad5 flags=0b000000000110
  xmm0=0x000081e6000081e60000973500009735 xmm1=0x00009a1900009a19000045cb000045cb 
  xmm2=0x0000e9fb0000e9fb0000e24e0000e24e xmm3=0x0000ac8c0000ac8c0000487500004875 
  xmm4=0x0000898f0000898f0000d5460000d546 xmm5=0x0000c62d0000c62d0000102100001021 
  xmm6=0x0000b6d00000b6d000001b9f00001b9f xmm7=0x000085af000085af000018b2000018b2 

    > load from +0x5341 value 0xd5
0x3096: inc sil
  rax=0x00000000000018aa rbx=0x000056e1000056e1 rcx=0x0000000000000630 rdx=0x0000000000000001
  rsi=0x0000000000001341 rdi=0x00000000000000d5 flags=0b000000000110
  xmm0=0x000081e6000081e60000973500009735 xmm1=0x00009a1900009a19000045cb000045cb 
  xmm2=0x0000e9fb0000e9fb0000e24e0000e24e xmm3=0x0000ac8c0000ac8c0000487500004875 
  xmm4=0x0000898f0000898f0000d5460000d546 xmm5=0x0000c62d0000c62d0000102100001021 
  xmm6=0x0000b6d00000b6d000001b9f00001b9f xmm7=0x000085af000085af000018b2000018b2 

0x3099: and rsi, 0b1111111111111
  rax=0x00000000000018aa rbx=0x000056e1000056e1 rcx=0x0000000000000630 rdx=0x0000000000000001
  rsi=0x0000000000001342 rdi=0x00000000000000d5 flags=0b000000000110
  xmm0=0x000081e6000081e60000973500009735 xmm1=0x00009a1900009a19000045cb000045cb 
  xmm2=0x0000e9fb0000e9fb0000e24e0000e24e xmm3=0x0000ac8c0000ac8c0000487500004875 
  xmm4=0x0000898f0000898f0000d5460000d546 xmm5=0x0000c62d0000c62d0000102100001021 
  xmm6=0x0000b6d00000b6d000001b9f00001b9f xmm7=0x000085af000085af000018b2000018b2 

0x30a0: cmovnle bx, [r14 +rsi]
  rax=0x00000000000018aa rbx=0x000056e1000056e1 rcx=0x0000000000000630 rdx=0x0000000000000001
  rsi=0x0000000000001342 rdi=0x00000000000000d5 flags=0b000000000110
  xmm0=0x000081e6000081e60000973500009735 xmm1=0x00009a1900009a19000045cb000045cb 
  xmm2=0x0000e9fb0000e9fb0000e24e0000e24e xmm3=0x0000ac8c0000ac8c0000487500004875 
  xmm4=0x0000898f0000898f0000d5460000d546 xmm5=0x0000c62d0000c62d0000102100001021 
  xmm6=0x0000b6d00000b6d000001b9f00001b9f xmm7=0x000085af000085af000018b2000018b2 

    > load from +0x5342 value 0x0
0x30a6: cmovbe eax, edi
  rax=0x00000000000018aa rbx=0x000056e100000000 rcx=0x0000000000000630 rdx=0x0000000000000001
  rsi=0x0000000000001342 rdi=0x00000000000000d5 flags=0b000000000110
  xmm0=0x000081e6000081e60000973500009735 xmm1=0x00009a1900009a19000045cb000045cb 
  xmm2=0x0000e9fb0000e9fb0000e24e0000e24e xmm3=0x0000ac8c0000ac8c0000487500004875 
  xmm4=0x0000898f0000898f0000d5460000d546 xmm5=0x0000c62d0000c62d0000102100001021 
  xmm6=0x0000b6d00000b6d000001b9f00001b9f xmm7=0x000085af000085af000018b2000018b2 

0x30a9: cmp rsi, rcx
  rax=0x00000000000018aa rbx=0x000056e100000000 rcx=0x0000000000000630 rdx=0x0000000000000001
  rsi=0x0000000000001342 rdi=0x00000000000000d5 flags=0b000000000110
  xmm0=0x000081e6000081e60000973500009735 xmm1=0x00009a1900009a19000045cb000045cb 
  xmm2=0x0000e9fb0000e9fb0000e24e0000e24e xmm3=0x0000ac8c0000ac8c0000487500004875 
  xmm4=0x0000898f0000898f0000d5460000d546 xmm5=0x0000c62d0000c62d0000102100001021 
  xmm6=0x0000b6d00000b6d000001b9f00001b9f xmm7=0x000085af000085af000018b2000018b2 

0x30ac: and rcx, 0b1111111111111
  rax=0x00000000000018aa rbx=0x000056e100000000 rcx=0x0000000000000630 rdx=0x0000000000000001
  rsi=0x0000000000001342 rdi=0x00000000000000d5 flags=0b000000000110
  xmm0=0x000081e6000081e60000973500009735 xmm1=0x00009a1900009a19000045cb000045cb 
  xmm2=0x0000e9fb0000e9fb0000e24e0000e24e xmm3=0x0000ac8c0000ac8c0000487500004875 
  xmm4=0x0000898f0000898f0000d5460000d546 xmm5=0x0000c62d0000c62d0000102100001021 
  xmm6=0x0000b6d00000b6d000001b9f00001b9f xmm7=0x000085af000085af000018b2000018b2 

0x30b3: movzx esi, [r14 +rcx]
  rax=0x00000000000018aa rbx=0x000056e100000000 rcx=0x0000000000000630 rdx=0x0000000000000001
  rsi=0x0000000000001342 rdi=0x00000000000000d5 flags=0b000000000110
  xmm0=0x000081e6000081e60000973500009735 xmm1=0x00009a1900009a19000045cb000045cb 
  xmm2=0x0000e9fb0000e9fb0000e24e0000e24e xmm3=0x0000ac8c0000ac8c0000487500004875 
  xmm4=0x0000898f0000898f0000d5460000d546 xmm5=0x0000c62d0000c62d0000102100001021 
  xmm6=0x0000b6d00000b6d000001b9f00001b9f xmm7=0x000085af000085af000018b2000018b2 

    > load from +0x4630 value 0x78
0x30b8: and rax, 0b1111111111111
  rax=0x00000000000018aa rbx=0x000056e100000000 rcx=0x0000000000000630 rdx=0x0000000000000001
  rsi=0x0000000000000078 rdi=0x00000000000000d5 flags=0b000000000110
  xmm0=0x000081e6000081e60000973500009735 xmm1=0x00009a1900009a19000045cb000045cb 
  xmm2=0x0000e9fb0000e9fb0000e24e0000e24e xmm3=0x0000ac8c0000ac8c0000487500004875 
  xmm4=0x0000898f0000898f0000d5460000d546 xmm5=0x0000c62d0000c62d0000102100001021 
  xmm6=0x0000b6d00000b6d000001b9f00001b9f xmm7=0x000085af000085af000018b2000018b2 

0x30be: and rcx, 0b111
  rax=0x00000000000018aa rbx=0x000056e100000000 rcx=0x0000000000000630 rdx=0x0000000000000001
  rsi=0x0000000000000078 rdi=0x00000000000000d5 flags=0b000000000110
  xmm0=0x000081e6000081e60000973500009735 xmm1=0x00009a1900009a19000045cb000045cb 
  xmm2=0x0000e9fb0000e9fb0000e24e0000e24e xmm3=0x0000ac8c0000ac8c0000487500004875 
  xmm4=0x0000898f0000898f0000d5460000d546 xmm5=0x0000c62d0000c62d0000102100001021 
  xmm6=0x0000b6d00000b6d000001b9f00001b9f xmm7=0x000085af000085af000018b2000018b2 

0x30c2: bt [r14 +rax], rcx
  rax=0x00000000000018aa rbx=0x000056e100000000 rcx=0x0000000000000000 rdx=0x0000000000000001
  rsi=0x0000000000000078 rdi=0x00000000000000d5 flags=0b000001000110
  xmm0=0x000081e6000081e60000973500009735 xmm1=0x00009a1900009a19000045cb000045cb 
  xmm2=0x0000e9fb0000e9fb0000e24e0000e24e xmm3=0x0000ac8c0000ac8c0000487500004875 
  xmm4=0x0000898f0000898f0000d5460000d546 xmm5=0x0000c62d0000c62d0000102100001021 
  xmm6=0x0000b6d00000b6d000001b9f00001b9f xmm7=0x000085af000085af000018b2000018b2 

    > load from +0x58aa value 0x26b00000947b0000
0x30c7: add dil, -116
  rax=0x00000000000018aa rbx=0x000056e100000000 rcx=0x0000000000000000 rdx=0x0000000000000001
  rsi=0x0000000000000078 rdi=0x00000000000000d5 flags=0b000001000110
  xmm0=0x000081e6000081e60000973500009735 xmm1=0x00009a1900009a19000045cb000045cb 
  xmm2=0x0000e9fb0000e9fb0000e24e0000e24e xmm3=0x0000ac8c0000ac8c0000487500004875 
  xmm4=0x0000898f0000898f0000d5460000d546 xmm5=0x0000c62d0000c62d0000102100001021 
  xmm6=0x0000b6d00000b6d000001b9f00001b9f xmm7=0x000085af000085af000018b2000018b2 

0x30cb: and rax, 0b1111111111111
  rax=0x00000000000018aa rbx=0x000056e100000000 rcx=0x0000000000000000 rdx=0x0000000000000001
  rsi=0x0000000000000078 rdi=0x0000000000000061 flags=0b100000010011
  xmm0=0x000081e6000081e60000973500009735 xmm1=0x00009a1900009a19000045cb000045cb 
  xmm2=0x0000e9fb0000e9fb0000e24e0000e24e xmm3=0x0000ac8c0000ac8c0000487500004875 
  xmm4=0x0000898f0000898f0000d5460000d546 xmm5=0x0000c62d0000c62d0000102100001021 
  xmm6=0x0000b6d00000b6d000001b9f00001b9f xmm7=0x000085af000085af000018b2000018b2 

0x30d1: cmovl rdx, [r14 +rax]
  rax=0x00000000000018aa rbx=0x000056e100000000 rcx=0x0000000000000000 rdx=0x0000000000000001
  rsi=0x0000000000000078 rdi=0x0000000000000061 flags=0b000000000110
  xmm0=0x000081e6000081e60000973500009735 xmm1=0x00009a1900009a19000045cb000045cb 
  xmm2=0x0000e9fb0000e9fb0000e24e0000e24e xmm3=0x0000ac8c0000ac8c0000487500004875 
  xmm4=0x0000898f0000898f0000d5460000d546 xmm5=0x0000c62d0000c62d0000102100001021 
  xmm6=0x0000b6d00000b6d000001b9f00001b9f xmm7=0x000085af000085af000018b2000018b2 

    > load from +0x58aa value 0x26b00000947b0000
0x30d6: test cl, dil
  rax=0x00000000000018aa rbx=0x000056e100000000 rcx=0x0000000000000000 rdx=0x0000000000000001
  rsi=0x0000000000000078 rdi=0x0000000000000061 flags=0b000000000110
  xmm0=0x000081e6000081e60000973500009735 xmm1=0x00009a1900009a19000045cb000045cb 
  xmm2=0x0000e9fb0000e9fb0000e24e0000e24e xmm3=0x0000ac8c0000ac8c0000487500004875 
  xmm4=0x0000898f0000898f0000d5460000d546 xmm5=0x0000c62d0000c62d0000102100001021 
  xmm6=0x0000b6d00000b6d000001b9f00001b9f xmm7=0x000085af000085af000018b2000018b2 

0x30d9: neg dl
  rax=0x00000000000018aa rbx=0x000056e100000000 rcx=0x0000000000000000 rdx=0x0000000000000001
  rsi=0x0000000000000078 rdi=0x0000000000000061 flags=0b000001000110
  xmm0=0x000081e6000081e60000973500009735 xmm1=0x00009a1900009a19000045cb000045cb 
  xmm2=0x0000e9fb0000e9fb0000e24e0000e24e xmm3=0x0000ac8c0000ac8c0000487500004875 
  xmm4=0x0000898f0000898f0000d5460000d546 xmm5=0x0000c62d0000c62d0000102100001021 
  xmm6=0x0000b6d00000b6d000001b9f00001b9f xmm7=0x000085af000085af000018b2000018b2 

0x30db: bt eax, 192
  rax=0x00000000000018aa rbx=0x000056e100000000 rcx=0x0000000000000000 rdx=0x00000000000000ff
  rsi=0x0000000000000078 rdi=0x0000000000000061 flags=0b000010010111
  xmm0=0x000081e6000081e60000973500009735 xmm1=0x00009a1900009a19000045cb000045cb 
  xmm2=0x0000e9fb0000e9fb0000e24e0000e24e xmm3=0x0000ac8c0000ac8c0000487500004875 
  xmm4=0x0000898f0000898f0000d5460000d546 xmm5=0x0000c62d0000c62d0000102100001021 
  xmm6=0x0000b6d00000b6d000001b9f00001b9f xmm7=0x000085af000085af000018b2000018b2 

0x30df: and rdx, 0b1111111111111
  rax=0x00000000000018aa rbx=0x000056e100000000 rcx=0x0000000000000000 rdx=0x00000000000000ff
  rsi=0x0000000000000078 rdi=0x0000000000000061 flags=0b000010000110
  xmm0=0x000081e6000081e60000973500009735 xmm1=0x00009a1900009a19000045cb000045cb 
  xmm2=0x0000e9fb0000e9fb0000e24e0000e24e xmm3=0x0000ac8c0000ac8c0000487500004875 
  xmm4=0x0000898f0000898f0000d5460000d546 xmm5=0x0000c62d0000c62d0000102100001021 
  xmm6=0x0000b6d00000b6d000001b9f00001b9f xmm7=0x000085af000085af000018b2000018b2 

0x30e6: xor rax, [r14 +rdx]
  rax=0x00000000000018aa rbx=0x000056e100000000 rcx=0x0000000000000000 rdx=0x00000000000000ff
  rsi=0x0000000000000078 rdi=0x0000000000000061 flags=0b000000000110
  xmm0=0x000081e6000081e60000973500009735 xmm1=0x00009a1900009a19000045cb000045cb 
  xmm2=0x0000e9fb0000e9fb0000e24e0000e24e xmm3=0x0000ac8c0000ac8c0000487500004875 
  xmm4=0x0000898f0000898f0000d5460000d546 xmm5=0x0000c62d0000c62d0000102100001021 
  xmm6=0x0000b6d00000b6d000001b9f00001b9f xmm7=0x000085af000085af000018b2000018b2 

    > load from +0x40ff value 0xb6000000b6000
0x30ea: or esi, -123
  rax=0x000b6000000b78aa rbx=0x000056e100000000 rcx=0x0000000000000000 rdx=0x00000000000000ff
  rsi=0x0000000000000078 rdi=0x0000000000000061 flags=0b000000000110
  xmm0=0x000081e6000081e60000973500009735 xmm1=0x00009a1900009a19000045cb000045cb 
  xmm2=0x0000e9fb0000e9fb0000e24e0000e24e xmm3=0x0000ac8c0000ac8c0000487500004875 
  xmm4=0x0000898f0000898f0000d5460000d546 xmm5=0x0000c62d0000c62d0000102100001021 
  xmm6=0x0000b6d00000b6d000001b9f00001b9f xmm7=0x000085af000085af000018b2000018b2 

0x30ed: and rsi, 0b1111111111111
  rax=0x000b6000000b78aa rbx=0x000056e100000000 rcx=0x0000000000000000 rdx=0x00000000000000ff
  rsi=0x00000000fffffffd rdi=0x0000000000000061 flags=0b000010000010
  xmm0=0x000081e6000081e60000973500009735 xmm1=0x00009a1900009a19000045cb000045cb 
  xmm2=0x0000e9fb0000e9fb0000e24e0000e24e xmm3=0x0000ac8c0000ac8c0000487500004875 
  xmm4=0x0000898f0000898f0000d5460000d546 xmm5=0x0000c62d0000c62d0000102100001021 
  xmm6=0x0000b6d00000b6d000001b9f00001b9f xmm7=0x000085af000085af000018b2000018b2 

0x30f4: and dl, [r14 +rsi]
  rax=0x000b6000000b78aa rbx=0x000056e100000000 rcx=0x0000000000000000 rdx=0x00000000000000ff
  rsi=0x0000000000001ffd rdi=0x0000000000000061 flags=0b000000000010
  xmm0=0x000081e6000081e60000973500009735 xmm1=0x00009a1900009a19000045cb000045cb 
  xmm2=0x0000e9fb0000e9fb0000e24e0000e24e xmm3=0x0000ac8c0000ac8c0000487500004875 
  xmm4=0x0000898f0000898f0000d5460000d546 xmm5=0x0000c62d0000c62d0000102100001021 
  xmm6=0x0000b6d00000b6d000001b9f00001b9f xmm7=0x000085af000085af000018b2000018b2 

    > load from +0x5ffd value 0x49
0x30f8: and rax, 0b1111111111111
  rax=0x000b6000000b78aa rbx=0x000056e100000000 rcx=0x0000000000000000 rdx=0x0000000000000049
  rsi=0x0000000000001ffd rdi=0x0000000000000061 flags=0b000000000010
  xmm0=0x000081e6000081e60000973500009735 xmm1=0x00009a1900009a19000045cb000045cb 
  xmm2=0x0000e9fb0000e9fb0000e24e0000e24e xmm3=0x0000ac8c0000ac8c0000487500004875 
  xmm4=0x0000898f0000898f0000d5460000d546 xmm5=0x0000c62d0000c62d0000102100001021 
  xmm6=0x0000b6d00000b6d000001b9f00001b9f xmm7=0x000085af000085af000018b2000018b2 

0x30fe: imul [r14 +rax]
  rax=0x00000000000018aa rbx=0x000056e100000000 rcx=0x0000000000000000 rdx=0x0000000000000049
  rsi=0x0000000000001ffd rdi=0x0000000000000061 flags=0b000000000110
  xmm0=0x000081e6000081e60000973500009735 xmm1=0x00009a1900009a19000045cb000045cb 
  xmm2=0x0000e9fb0000e9fb0000e24e0000e24e xmm3=0x0000ac8c0000ac8c0000487500004875 
  xmm4=0x0000898f0000898f0000d5460000d546 xmm5=0x0000c62d0000c62d0000102100001021 
  xmm6=0x0000b6d00000b6d000001b9f00001b9f xmm7=0x000085af000085af000018b2000018b2 

    > load from +0x58aa value 0x0
0x3102: and rcx, 0b1111111111111
  rax=0x0000000000000000 rbx=0x000056e100000000 rcx=0x0000000000000000 rdx=0x0000000000000049
  rsi=0x0000000000001ffd rdi=0x0000000000000061 flags=0b000001000110
  xmm0=0x000081e6000081e60000973500009735 xmm1=0x00009a1900009a19000045cb000045cb 
  xmm2=0x0000e9fb0000e9fb0000e24e0000e24e xmm3=0x0000ac8c0000ac8c0000487500004875 
  xmm4=0x0000898f0000898f0000d5460000d546 xmm5=0x0000c62d0000c62d0000102100001021 
  xmm6=0x0000b6d00000b6d000001b9f00001b9f xmm7=0x000085af000085af000018b2000018b2 

0x3109: mov bx, [r14 +rcx]
  rax=0x0000000000000000 rbx=0x000056e100000000 rcx=0x0000000000000000 rdx=0x0000000000000049
  rsi=0x0000000000001ffd rdi=0x0000000000000061 flags=0b000001000110
  xmm0=0x000081e6000081e60000973500009735 xmm1=0x00009a1900009a19000045cb000045cb 
  xmm2=0x0000e9fb0000e9fb0000e24e0000e24e xmm3=0x0000ac8c0000ac8c0000487500004875 
  xmm4=0x0000898f0000898f0000d5460000d546 xmm5=0x0000c62d0000c62d0000102100001021 
  xmm6=0x0000b6d00000b6d000001b9f00001b9f xmm7=0x000085af000085af000018b2000018b2 

    > load from +0x4000 value 0x77eb
0x310e: movsx si, dl
  rax=0x0000000000000000 rbx=0x000056e1000077eb rcx=0x0000000000000000 rdx=0x0000000000000049
  rsi=0x0000000000001ffd rdi=0x0000000000000061 flags=0b000001000110
  xmm0=0x000081e6000081e60000973500009735 xmm1=0x00009a1900009a19000045cb000045cb 
  xmm2=0x0000e9fb0000e9fb0000e24e0000e24e xmm3=0x0000ac8c0000ac8c0000487500004875 
  xmm4=0x0000898f0000898f0000d5460000d546 xmm5=0x0000c62d0000c62d0000102100001021 
  xmm6=0x0000b6d00000b6d000001b9f00001b9f xmm7=0x000085af000085af000018b2000018b2 

0x3112: and rdi, 0b1111111111111
  rax=0x0000000000000000 rbx=0x000056e1000077eb rcx=0x0000000000000000 rdx=0x0000000000000049
  rsi=0x0000000000000049 rdi=0x0000000000000061 flags=0b000001000110
  xmm0=0x000081e6000081e60000973500009735 xmm1=0x00009a1900009a19000045cb000045cb 
  xmm2=0x0000e9fb0000e9fb0000e24e0000e24e xmm3=0x0000ac8c0000ac8c0000487500004875 
  xmm4=0x0000898f0000898f0000d5460000d546 xmm5=0x0000c62d0000c62d0000102100001021 
  xmm6=0x0000b6d00000b6d000001b9f00001b9f xmm7=0x000085af000085af000018b2000018b2 

0x3119: imul rdi, [r14 +rdi], 109
  rax=0x0000000000000000 rbx=0x000056e1000077eb rcx=0x0000000000000000 rdx=0x0000000000000049
  rsi=0x0000000000000049 rdi=0x0000000000000061 flags=0b000000000010
  xmm0=0x000081e6000081e60000973500009735 xmm1=0x00009a1900009a19000045cb000045cb 
  xmm2=0x0000e9fb0000e9fb0000e24e0000e24e xmm3=0x0000ac8c0000ac8c0000487500004875 
  xmm4=0x0000898f0000898f0000d5460000d546 xmm5=0x0000c62d0000c62d0000102100001021 
  xmm6=0x0000b6d00000b6d000001b9f00001b9f xmm7=0x000085af000085af000018b2000018b2 

    > load from +0x4061 value 0x4d0000a5fa0000a5
0x311e: or ax, 0b1000
  rax=0x0000000000000000 rbx=0x000056e1000077eb rcx=0x0000000000000000 rdx=0x0000000000000049
  rsi=0x0000000000000049 rdi=0xc90046ab72004641 flags=0b100010000111
  xmm0=0x000081e6000081e60000973500009735 xmm1=0x00009a1900009a19000045cb000045cb 
  xmm2=0x0000e9fb0000e9fb0000e24e0000e24e xmm3=0x0000ac8c0000ac8c0000487500004875 
  xmm4=0x0000898f0000898f0000d5460000d546 xmm5=0x0000c62d0000c62d0000102100001021 
  xmm6=0x0000b6d00000b6d000001b9f00001b9f xmm7=0x000085af000085af000018b2000018b2 

0x3122: and al, 0b11111000
  rax=0x0000000000000008 rbx=0x000056e1000077eb rcx=0x0000000000000000 rdx=0x0000000000000049
  rsi=0x0000000000000049 rdi=0xc90046ab72004641 flags=0b000000000010
  xmm0=0x000081e6000081e60000973500009735 xmm1=0x00009a1900009a19000045cb000045cb 
  xmm2=0x0000e9fb0000e9fb0000e24e0000e24e xmm3=0x0000ac8c0000ac8c0000487500004875 
  xmm4=0x0000898f0000898f0000d5460000d546 xmm5=0x0000c62d0000c62d0000102100001021 
  xmm6=0x0000b6d00000b6d000001b9f00001b9f xmm7=0x000085af000085af000018b2000018b2 

0x3124: and dx, 0b11
  rax=0x0000000000000008 rbx=0x000056e1000077eb rcx=0x0000000000000000 rdx=0x0000000000000049
  rsi=0x0000000000000049 rdi=0xc90046ab72004641 flags=0b000000000010
  xmm0=0x000081e6000081e60000973500009735 xmm1=0x00009a1900009a19000045cb000045cb 
  xmm2=0x0000e9fb0000e9fb0000e24e0000e24e xmm3=0x0000ac8c0000ac8c0000487500004875 
  xmm4=0x0000898f0000898f0000d5460000d546 xmm5=0x0000c62d0000c62d0000102100001021 
  xmm6=0x0000b6d00000b6d000001b9f00001b9f xmm7=0x000085af000085af000018b2000018b2 

0x3128: idiv ax
  rax=0x0000000000000008 rbx=0x000056e1000077eb rcx=0x0000000000000000 rdx=0x0000000000000001
  rsi=0x0000000000000049 rdi=0xc90046ab72004641 flags=0b000000000010
  xmm0=0x000081e6000081e60000973500009735 xmm1=0x00009a1900009a19000045cb000045cb 
  xmm2=0x0000e9fb0000e9fb0000e24e0000e24e xmm3=0x0000ac8c0000ac8c0000487500004875 
  xmm4=0x0000898f0000898f0000d5460000d546 xmm5=0x0000c62d0000c62d0000102100001021 
  xmm6=0x0000b6d00000b6d000001b9f00001b9f xmm7=0x000085af000085af000018b2000018b2 

0x312b: add sil, -118
  rax=0x0000000000002001 rbx=0x000056e1000077eb rcx=0x0000000000000000 rdx=0x0000000000000000
  rsi=0x0000000000000049 rdi=0xc90046ab72004641 flags=0b000000000010
  xmm0=0x000081e6000081e60000973500009735 xmm1=0x00009a1900009a19000045cb000045cb 
  xmm2=0x0000e9fb0000e9fb0000e24e0000e24e xmm3=0x0000ac8c0000ac8c0000487500004875 
  xmm4=0x0000898f0000898f0000d5460000d546 xmm5=0x0000c62d0000c62d0000102100001021 
  xmm6=0x0000b6d00000b6d000001b9f00001b9f xmm7=0x000085af000085af000018b2000018b2 

0x312f: cmovs dx, di
  rax=0x0000000000002001 rbx=0x000056e1000077eb rcx=0x0000000000000000 rdx=0x0000000000000000
  rsi=0x00000000000000d3 rdi=0xc90046ab72004641 flags=0b000010010010
  xmm0=0x000081e6000081e60000973500009735 xmm1=0x00009a1900009a19000045cb000045cb 
  xmm2=0x0000e9fb0000e9fb0000e24e0000e24e xmm3=0x0000ac8c0000ac8c0000487500004875 
  xmm4=0x0000898f0000898f0000d5460000d546 xmm5=0x0000c62d0000c62d0000102100001021 
  xmm6=0x0000b6d00000b6d000001b9f00001b9f xmm7=0x000085af000085af000018b2000018b2 

0x3133: cmovo rbx, rsi
  rax=0x0000000000002001 rbx=0x000056e1000077eb rcx=0x0000000000000000 rdx=0x0000000000004641
  rsi=0x00000000000000d3 rdi=0xc90046ab72004641 flags=0b000010010010
  xmm0=0x000081e6000081e60000973500009735 xmm1=0x00009a1900009a19000045cb000045cb 
  xmm2=0x0000e9fb0000e9fb0000e24e0000e24e xmm3=0x0000ac8c0000ac8c0000487500004875 
  xmm4=0x0000898f0000898f0000d5460000d546 xmm5=0x0000c62d0000c62d0000102100001021 
  xmm6=0x0000b6d00000b6d000001b9f00001b9f xmm7=0x000085af000085af000018b2000018b2 

0x3137: and rbx, 0b1111111111111
  rax=0x0000000000002001 rbx=0x000056e1000077eb rcx=0x0000000000000000 rdx=0x0000000000004641
  rsi=0x00000000000000d3 rdi=0xc90046ab72004641 flags=0b000010010010
  xmm0=0x000081e6000081e60000973500009735 xmm1=0x00009a1900009a19000045cb000045cb 
  xmm2=0x0000e9fb0000e9fb0000e24e0000e24e xmm3=0x0000ac8c0000ac8c0000487500004875 
  xmm4=0x0000898f0000898f0000d5460000d546 xmm5=0x0000c62d0000c62d0000102100001021 
  xmm6=0x0000b6d00000b6d000001b9f00001b9f xmm7=0x000085af000085af000018b2000018b2 

0x313e: imul [r14 +rbx]
  rax=0x0000000000002001 rbx=0x00000000000017eb rcx=0x0000000000000000 rdx=0x0000000000004641
  rsi=0x00000000000000d3 rdi=0xc90046ab72004641 flags=0b000000000110
  xmm0=0x000081e6000081e60000973500009735 xmm1=0x00009a1900009a19000045cb000045cb 
  xmm2=0x0000e9fb0000e9fb0000e24e0000e24e xmm3=0x0000ac8c0000ac8c0000487500004875 
  xmm4=0x0000898f0000898f0000d5460000d546 xmm5=0x0000c62d0000c62d0000102100001021 
  xmm6=0x0000b6d00000b6d000001b9f00001b9f xmm7=0x000085af000085af000018b2000018b2 

    > load from +0x57eb value 0x323700002b6b00
0x3142: seto bl
  rax=0x471237056d8b6b00 rbx=0x00000000000017eb rcx=0x0000000000000000 rdx=0x0000000000000006
  rsi=0x00000000000000d3 rdi=0xc90046ab72004641 flags=0b100000000111
  xmm0=0x000081e6000081e60000973500009735 xmm1=0x00009a1900009a19000045cb000045cb 
  xmm2=0x0000e9fb0000e9fb0000e24e0000e24e xmm3=0x0000ac8c0000ac8c0000487500004875 
  xmm4=0x0000898f0000898f0000d5460000d546 xmm5=0x0000c62d0000c62d0000102100001021 
  xmm6=0x0000b6d00000b6d000001b9f00001b9f xmm7=0x000085af000085af000018b2000018b2 

0x3145: and rbx, 0b1111111111111
  rax=0x471237056d8b6b00 rbx=0x0000000000001701 rcx=0x0000000000000000 rdx=0x0000000000000006
  rsi=0x00000000000000d3 rdi=0xc90046ab72004641 flags=0b100000000111
  xmm0=0x000081e6000081e60000973500009735 xmm1=0x00009a1900009a19000045cb000045cb 
  xmm2=0x0000e9fb0000e9fb0000e24e0000e24e xmm3=0x0000ac8c0000ac8c0000487500004875 
  xmm4=0x0000898f0000898f0000d5460000d546 xmm5=0x0000c62d0000c62d0000102100001021 
  xmm6=0x0000b6d00000b6d000001b9f00001b9f xmm7=0x000085af000085af000018b2000018b2 

0x314c: or [r14 +rbx], 0b1000000000000000000000000000000
  rax=0x471237056d8b6b00 rbx=0x0000000000001701 rcx=0x0000000000000000 rdx=0x0000000000000006
  rsi=0x00000000000000d3 rdi=0xc90046ab72004641 flags=0b000000000010
  xmm0=0x000081e6000081e60000973500009735 xmm1=0x00009a1900009a19000045cb000045cb 
  xmm2=0x0000e9fb0000e9fb0000e24e0000e24e xmm3=0x0000ac8c0000ac8c0000487500004875 
  xmm4=0x0000898f0000898f0000d5460000d546 xmm5=0x0000c62d0000c62d0000102100001021 
  xmm6=0x0000b6d00000b6d000001b9f00001b9f xmm7=0x000085af000085af000018b2000018b2 

    > load from +0x5701 value 0x1000009c
    > store to +0x5701 value 0x5000009c
0x3154: bsr ebx, [r14 +rbx]
  rax=0x471237056d8b6b00 rbx=0x0000000000001701 rcx=0x0000000000000000 rdx=0x0000000000000006
  rsi=0x00000000000000d3 rdi=0xc90046ab72004641 flags=0b000000000110
  xmm0=0x000081e6000081e60000973500009735 xmm1=0x00009a1900009a19000045cb000045cb 
  xmm2=0x0000e9fb0000e9fb0000e24e0000e24e xmm3=0x0000ac8c0000ac8c0000487500004875 
  xmm4=0x0000898f0000898f0000d5460000d546 xmm5=0x0000c62d0000c62d0000102100001021 
  xmm6=0x0000b6d00000b6d000001b9f00001b9f xmm7=0x000085af000085af000018b2000018b2 

    > load from +0x5701 value 0x5000009c
0x3159: and cl, bl
  rax=0x471237056d8b6b00 rbx=0x000000000000001e rcx=0x0000000000000000 rdx=0x0000000000000006
  rsi=0x00000000000000d3 rdi=0xc90046ab72004641 flags=0b000000000110
  xmm0=0x000081e6000081e60000973500009735 xmm1=0x00009a1900009a19000045cb000045cb 
  xmm2=0x0000e9fb0000e9fb0000e24e0000e24e xmm3=0x0000ac8c0000ac8c0000487500004875 
  xmm4=0x0000898f0000898f0000d5460000d546 xmm5=0x0000c62d0000c62d0000102100001021 
  xmm6=0x0000b6d00000b6d000001b9f00001b9f xmm7=0x000085af000085af000018b2000018b2 

0x315b: xadd cx, si
  rax=0x471237056d8b6b00 rbx=0x000000000000001e rcx=0x0000000000000000 rdx=0x0000000000000006
  rsi=0x00000000000000d3 rdi=0xc90046ab72004641 flags=0b000001000110
  xmm0=0x000081e6000081e60000973500009735 xmm1=0x00009a1900009a19000045cb000045cb 
  xmm2=0x0000e9fb0000e9fb0000e24e0000e24e xmm3=0x0000ac8c0000ac8c0000487500004875 
  xmm4=0x0000898f0000898f0000d5460000d546 xmm5=0x0000c62d0000c62d0000102100001021 
  xmm6=0x0000b6d00000b6d000001b9f00001b9f xmm7=0x000085af000085af000018b2000018b2 

0x315f: and rax, 0b1111111111111
  rax=0x471237056d8b6b00 rbx=0x000000000000001e rcx=0x00000000000000d3 rdx=0x0000000000000006
  rsi=0x0000000000000000 rdi=0xc90046ab72004641 flags=0b000000000010
  xmm0=0x000081e6000081e60000973500009735 xmm1=0x00009a1900009a19000045cb000045cb 
  xmm2=0x0000e9fb0000e9fb0000e24e0000e24e xmm3=0x0000ac8c0000ac8c0000487500004875 
  xmm4=0x0000898f0000898f0000d5460000d546 xmm5=0x0000c62d0000c62d0000102100001021 
  xmm6=0x0000b6d00000b6d000001b9f00001b9f xmm7=0x000085af000085af000018b2000018b2 

0x3165: or [r14 +rax], 0b1000000000000000
  rax=0x0000000000000b00 rbx=0x000000000000001e rcx=0x00000000000000d3 rdx=0x0000000000000006
  rsi=0x0000000000000000 rdi=0xc90046ab72004641 flags=0b000000000110
  xmm0=0x000081e6000081e60000973500009735 xmm1=0x00009a1900009a19000045cb000045cb 
  xmm2=0x0000e9fb0000e9fb0000e24e0000e24e xmm3=0x0000ac8c0000ac8c0000487500004875 
  xmm4=0x0000898f0000898f0000d5460000d546 xmm5=0x0000c62d0000c62d0000102100001021 
  xmm6=0x0000b6d00000b6d000001b9f00001b9f xmm7=0x000085af000085af000018b2000018b2 

    > load from +0x4b00 value 0xd18a
    > store to +0x4b00 value 0xd18a
0x316c: bsr ax, [r14 +rax]
  rax=0x0000000000000b00 rbx=0x000000000000001e rcx=0x00000000000000d3 rdx=0x0000000000000006
  rsi=0x0000000000000000 rdi=0xc90046ab72004641 flags=0b000010000010
  xmm0=0x000081e6000081e60000973500009735 xmm1=0x00009a1900009a19000045cb000045cb 
  xmm2=0x0000e9fb0000e9fb0000e24e0000e24e xmm3=0x0000ac8c0000ac8c0000487500004875 
  xmm4=0x0000898f0000898f0000d5460000d546 xmm5=0x0000c62d0000c62d0000102100001021 
  xmm6=0x0000b6d00000b6d000001b9f00001b9f xmm7=0x000085af000085af000018b2000018b2 

    > load from +0x4b00 value 0xd18a
0x3172: and rax, 0b1111111111111
  rax=0x000000000000000f rbx=0x000000000000001e rcx=0x00000000000000d3 rdx=0x0000000000000006
  rsi=0x0000000000000000 rdi=0xc90046ab72004641 flags=0b000010000010
  xmm0=0x000081e6000081e60000973500009735 xmm1=0x00009a1900009a19000045cb000045cb 
  xmm2=0x0000e9fb0000e9fb0000e24e0000e24e xmm3=0x0000ac8c0000ac8c0000487500004875 
  xmm4=0x0000898f0000898f0000d5460000d546 xmm5=0x0000c62d0000c62d0000102100001021 
  xmm6=0x0000b6d00000b6d000001b9f00001b9f xmm7=0x000085af000085af000018b2000018b2 

0x3178: cmp [r14 +rax], ax
  rax=0x000000000000000f rbx=0x000000000000001e rcx=0x00000000000000d3 rdx=0x0000000000000006
  rsi=0x0000000000000000 rdi=0xc90046ab72004641 flags=0b000000000110
  xmm0=0x000081e6000081e60000973500009735 xmm1=0x00009a1900009a19000045cb000045cb 
  xmm2=0x0000e9fb0000e9fb0000e24e0000e24e xmm3=0x0000ac8c0000ac8c0000487500004875 
  xmm4=0x0000898f0000898f0000d5460000d546 xmm5=0x0000c62d0000c62d0000102100001021 
  xmm6=0x0000b6d00000b6d000001b9f00001b9f xmm7=0x000085af000085af000018b2000018b2 

    > load from +0x400f value 0xdd00
0x317d: and rdi, 0b1111111111111
  rax=0x000000000000000f rbx=0x000000000000001e rcx=0x00000000000000d3 rdx=0x0000000000000006
  rsi=0x0000000000000000 rdi=0xc90046ab72004641 flags=0b000010010010
  xmm0=0x000081e6000081e60000973500009735 xmm1=0x00009a1900009a19000045cb000045cb 
  xmm2=0x0000e9fb0000e9fb0000e24e0000e24e xmm3=0x0000ac8c0000ac8c0000487500004875 
  xmm4=0x0000898f0000898f0000d5460000d546 xmm5=0x0000c62d0000c62d0000102100001021 
  xmm6=0x0000b6d00000b6d000001b9f00001b9f xmm7=0x000085af000085af000018b2000018b2 

0x3184: cmovnz eax, [r14 +rdi]
  rax=0x000000000000000f rbx=0x000000000000001e rcx=0x00000000000000d3 rdx=0x0000000000000006
  rsi=0x0000000000000000 rdi=0x0000000000000641 flags=0b000000000110
  xmm0=0x000081e6000081e60000973500009735 xmm1=0x00009a1900009a19000045cb000045cb 
  xmm2=0x0000e9fb0000e9fb0000e24e0000e24e xmm3=0x0000ac8c0000ac8c0000487500004875 
  xmm4=0x0000898f0000898f0000d5460000d546 xmm5=0x0000c62d0000c62d0000102100001021 
  xmm6=0x0000b6d00000b6d000001b9f00001b9f xmm7=0x000085af000085af000018b2000018b2 

    > load from +0x4641 value 0x6b0000b5
0x3189: and rcx, 0b1111111111111
  rax=0x000000006b0000b5 rbx=0x000000000000001e rcx=0x00000000000000d3 rdx=0x0000000000000006
  rsi=0x0000000000000000 rdi=0x0000000000000641 flags=0b000000000110
  xmm0=0x000081e6000081e60000973500009735 xmm1=0x00009a1900009a19000045cb000045cb 
  xmm2=0x0000e9fb0000e9fb0000e24e0000e24e xmm3=0x0000ac8c0000ac8c0000487500004875 
  xmm4=0x0000898f0000898f0000d5460000d546 xmm5=0x0000c62d0000c62d0000102100001021 
  xmm6=0x0000b6d00000b6d000001b9f00001b9f xmm7=0x000085af000085af000018b2000018b2 

0x3190: nop [r14 +rcx]
  rax=0x000000006b0000b5 rbx=0x000000000000001e rcx=0x00000000000000d3 rdx=0x0000000000000006
  rsi=0x0000000000000000 rdi=0x0000000000000641 flags=0b000000000010
  xmm0=0x000081e6000081e60000973500009735 xmm1=0x00009a1900009a19000045cb000045cb 
  xmm2=0x0000e9fb0000e9fb0000e24e0000e24e xmm3=0x0000ac8c0000ac8c0000487500004875 
  xmm4=0x0000898f0000898f0000d5460000d546 xmm5=0x0000c62d0000c62d0000102100001021 
  xmm6=0x0000b6d00000b6d000001b9f00001b9f xmm7=0x000085af000085af000018b2000018b2 

0x3196: and rdx, 0b1111111111111
  rax=0x000000006b0000b5 rbx=0x000000000000001e rcx=0x00000000000000d3 rdx=0x0000000000000006
  rsi=0x0000000000000000 rdi=0x0000000000000641 flags=0b000000000010
  xmm0=0x000081e6000081e60000973500009735 xmm1=0x00009a1900009a19000045cb000045cb 
  xmm2=0x0000e9fb0000e9fb0000e24e0000e24e xmm3=0x0000ac8c0000ac8c0000487500004875 
  xmm4=0x0000898f0000898f0000d5460000d546 xmm5=0x0000c62d0000c62d0000102100001021 
  xmm6=0x0000b6d00000b6d000001b9f00001b9f xmm7=0x000085af000085af000018b2000018b2 

0x319d: cmovbe bx, [r14 +rdx]
  rax=0x000000006b0000b5 rbx=0x000000000000001e rcx=0x00000000000000d3 rdx=0x0000000000000006
  rsi=0x0000000000000000 rdi=0x0000000000000641 flags=0b000000000110
  xmm0=0x000081e6000081e60000973500009735 xmm1=0x00009a1900009a19000045cb000045cb 
  xmm2=0x0000e9fb0000e9fb0000e24e0000e24e xmm3=0x0000ac8c0000ac8c0000487500004875 
  xmm4=0x0000898f0000898f0000d5460000d546 xmm5=0x0000c62d0000c62d0000102100001021 
  xmm6=0x0000b6d00000b6d000001b9f00001b9f xmm7=0x000085af000085af000018b2000018b2 

    > load from +0x4006 value 0x0
0x31a3: cmovnb rax, rcx
  rax=0x000000006b0000b5 rbx=0x000000000000001e rcx=0x00000000000000d3 rdx=0x0000000000000006
  rsi=0x0000000000000000 rdi=0x0000000000000641 flags=0b000000000110
  xmm0=0x000081e6000081e60000973500009735 xmm1=0x00009a1900009a19000045cb000045cb 
  xmm2=0x0000e9fb0000e9fb0000e24e0000e24e xmm3=0x0000ac8c0000ac8c0000487500004875 
  xmm4=0x0000898f0000898f0000d5460000d546 xmm5=0x0000c62d0000c62d0000102100001021 
  xmm6=0x0000b6d00000b6d000001b9f00001b9f xmm7=0x000085af000085af000018b2000018b2 

0x31a7: cmovnl esi, ebx
  rax=0x00000000000000d3 rbx=0x000000000000001e rcx=0x00000000000000d3 rdx=0x0000000000000006
  rsi=0x0000000000000000 rdi=0x0000000000000641 flags=0b000000000110
  xmm0=0x000081e6000081e60000973500009735 xmm1=0x00009a1900009a19000045cb000045cb 
  xmm2=0x0000e9fb0000e9fb0000e24e0000e24e xmm3=0x0000ac8c0000ac8c0000487500004875 
  xmm4=0x0000898f0000898f0000d5460000d546 xmm5=0x0000c62d0000c62d0000102100001021 
  xmm6=0x0000b6d00000b6d000001b9f00001b9f xmm7=0x000085af000085af000018b2000018b2 

0x31aa: macro .switch, .main.function_main_1
  rax=0x00000000000000d3 rbx=0x000000000000001e rcx=0x00000000000000d3 rdx=0x0000000000000006
  rsi=0x000000000000001e rdi=0x0000000000000641 flags=0b000000000110
  xmm0=0x000081e6000081e60000973500009735 xmm1=0x00009a1900009a19000045cb000045cb 
  xmm2=0x0000e9fb0000e9fb0000e24e0000e24e xmm3=0x0000ac8c0000ac8c0000487500004875 
  xmm4=0x0000898f0000898f0000d5460000d546 xmm5=0x0000c62d0000c62d0000102100001021 
  xmm6=0x0000b6d00000b6d000001b9f00001b9f xmm7=0x000085af000085af000018b2000018b2 

0x8 : and rdx, 0b1111111111111
  rax=0x00000000000000d3 rbx=0x000000000000001e rcx=0x00000000000000d3 rdx=0x0000000000000006
  rsi=0x000000000000001e rdi=0x0000000000000641 flags=0b000000000110
  xmm0=0x000081e6000081e60000973500009735 xmm1=0x00009a1900009a19000045cb000045cb 
  xmm2=0x0000e9fb0000e9fb0000e24e0000e24e xmm3=0x0000ac8c0000ac8c0000487500004875 
  xmm4=0x0000898f0000898f0000d5460000d546 xmm5=0x0000c62d0000c62d0000102100001021 
  xmm6=0x0000b6d00000b6d000001b9f00001b9f xmm7=0x000085af000085af000018b2000018b2 

0xf : add si, [r14 +rdx]
  rax=0x00000000000000d3 rbx=0x000000000000001e rcx=0x00000000000000d3 rdx=0x0000000000000006
  rsi=0x000000000000001e rdi=0x0000000000000641 flags=0b000000000110
  xmm0=0x000081e6000081e60000973500009735 xmm1=0x00009a1900009a19000045cb000045cb 
  xmm2=0x0000e9fb0000e9fb0000e24e0000e24e xmm3=0x0000ac8c0000ac8c0000487500004875 
  xmm4=0x0000898f0000898f0000d5460000d546 xmm5=0x0000c62d0000c62d0000102100001021 
  xmm6=0x0000b6d00000b6d000001b9f00001b9f xmm7=0x000085af000085af000018b2000018b2 

    > load from +0x6 value 0x0
0x14: and rdi, 0b1111111111111
  rax=0x00000000000000d3 rbx=0x000000000000001e rcx=0x00000000000000d3 rdx=0x0000000000000006
  rsi=0x000000000000001e rdi=0x0000000000000641 flags=0b000000000110
  xmm0=0x000081e6000081e60000973500009735 xmm1=0x00009a1900009a19000045cb000045cb 
  xmm2=0x0000e9fb0000e9fb0000e24e0000e24e xmm3=0x0000ac8c0000ac8c0000487500004875 
  xmm4=0x0000898f0000898f0000d5460000d546 xmm5=0x0000c62d0000c62d0000102100001021 
  xmm6=0x0000b6d00000b6d000001b9f00001b9f xmm7=0x000085af000085af000018b2000018b2 

0x1b: xor edx, [r14 +rdi]
  rax=0x00000000000000d3 rbx=0x000000000000001e rcx=0x00000000000000d3 rdx=0x0000000000000006
  rsi=0x000000000000001e rdi=0x0000000000000641 flags=0b000000000110
  xmm0=0x000081e6000081e60000973500009735 xmm1=0x00009a1900009a19000045cb000045cb 
  xmm2=0x0000e9fb0000e9fb0000e24e0000e24e xmm3=0x0000ac8c0000ac8c0000487500004875 
  xmm4=0x0000898f0000898f0000d5460000d546 xmm5=0x0000c62d0000c62d0000102100001021 
  xmm6=0x0000b6d00000b6d000001b9f00001b9f xmm7=0x000085af000085af000018b2000018b2 

    > load from +0x641 value 0xac000030
0x1f: xor bl, dl
  rax=0x00000000000000d3 rbx=0x000000000000001e rcx=0x00000000000000d3 rdx=0x00000000ac000036
  rsi=0x000000000000001e rdi=0x0000000000000641 flags=0b000010000110
  xmm0=0x000081e6000081e60000973500009735 xmm1=0x00009a1900009a19000045cb000045cb 
  xmm2=0x0000e9fb0000e9fb0000e24e0000e24e xmm3=0x0000ac8c0000ac8c0000487500004875 
  xmm4=0x0000898f0000898f0000d5460000d546 xmm5=0x0000c62d0000c62d0000102100001021 
  xmm6=0x0000b6d00000b6d000001b9f00001b9f xmm7=0x000085af000085af000018b2000018b2 

0x21: and rbx, 0b1111111111111
  rax=0x00000000000000d3 rbx=0x0000000000000028 rcx=0x00000000000000d3 rdx=0x00000000ac000036
  rsi=0x000000000000001e rdi=0x0000000000000641 flags=0b000000000110
  xmm0=0x000081e6000081e60000973500009735 xmm1=0x00009a1900009a19000045cb000045cb 
  xmm2=0x0000e9fb0000e9fb0000e24e0000e24e xmm3=0x0000ac8c0000ac8c0000487500004875 
  xmm4=0x0000898f0000898f0000d5460000d546 xmm5=0x0000c62d0000c62d0000102100001021 
  xmm6=0x0000b6d00000b6d000001b9f00001b9f xmm7=0x000085af000085af000018b2000018b2 

0x28: cmovnb edx, [r14 +rbx]
  rax=0x00000000000000d3 rbx=0x0000000000000028 rcx=0x00000000000000d3 rdx=0x00000000ac000036
  rsi=0x000000000000001e rdi=0x0000000000000641 flags=0b000000000110
  xmm0=0x000081e6000081e60000973500009735 xmm1=0x00009a1900009a19000045cb000045cb 
  xmm2=0x0000e9fb0000e9fb0000e24e0000e24e xmm3=0x0000ac8c0000ac8c0000487500004875 
  xmm4=0x0000898f0000898f0000d5460000d546 xmm5=0x0000c62d0000c62d0000102100001021 
  xmm6=0x0000b6d00000b6d000001b9f00001b9f xmm7=0x000085af000085af000018b2000018b2 

    > load from +0x28 value 0xe341
0x2d: and rbx, 0b1111111111111
  rax=0x00000000000000d3 rbx=0x0000000000000028 rcx=0x00000000000000d3 rdx=0x000000000000e341
  rsi=0x000000000000001e rdi=0x0000000000000641 flags=0b000000000110
  xmm0=0x000081e6000081e60000973500009735 xmm1=0x00009a1900009a19000045cb000045cb 
  xmm2=0x0000e9fb0000e9fb0000e24e0000e24e xmm3=0x0000ac8c0000ac8c0000487500004875 
  xmm4=0x0000898f0000898f0000d5460000d546 xmm5=0x0000c62d0000c62d0000102100001021 
  xmm6=0x0000b6d00000b6d000001b9f00001b9f xmm7=0x000085af000085af000018b2000018b2 

0x34: bt [r14 +rbx], 35
  rax=0x00000000000000d3 rbx=0x0000000000000028 rcx=0x00000000000000d3 rdx=0x000000000000e341
  rsi=0x000000000000001e rdi=0x0000000000000641 flags=0b000000000110
  xmm0=0x000081e6000081e60000973500009735 xmm1=0x00009a1900009a19000045cb000045cb 
  xmm2=0x0000e9fb0000e9fb0000e24e0000e24e xmm3=0x0000ac8c0000ac8c0000487500004875 
  xmm4=0x0000898f0000898f0000d5460000d546 xmm5=0x0000c62d0000c62d0000102100001021 
  xmm6=0x0000b6d00000b6d000001b9f00001b9f xmm7=0x000085af000085af000018b2000018b2 

    > load from +0x28 value 0xe341
0x3b: add dil, -29
  rax=0x00000000000000d3 rbx=0x0000000000000028 rcx=0x00000000000000d3 rdx=0x000000000000e341
  rsi=0x000000000000001e rdi=0x0000000000000641 flags=0b000000000110
  xmm0=0x000081e6000081e60000973500009735 xmm1=0x00009a1900009a19000045cb000045cb 
  xmm2=0x0000e9fb0000e9fb0000e24e0000e24e xmm3=0x0000ac8c0000ac8c0000487500004875 
  xmm4=0x0000898f0000898f0000d5460000d546 xmm5=0x0000c62d0000c62d0000102100001021 
  xmm6=0x0000b6d00000b6d000001b9f00001b9f xmm7=0x000085af000085af000018b2000018b2 

0x3f: setz al
  rax=0x00000000000000d3 rbx=0x0000000000000028 rcx=0x00000000000000d3 rdx=0x000000000000e341
  rsi=0x000000000000001e rdi=0x0000000000000624 flags=0b000000000111
  xmm0=0x000081e6000081e60000973500009735 xmm1=0x00009a1900009a19000045cb000045cb 
  xmm2=0x0000e9fb0000e9fb0000e24e0000e24e xmm3=0x0000ac8c0000ac8c0000487500004875 
  xmm4=0x0000898f0000898f0000d5460000d546 xmm5=0x0000c62d0000c62d0000102100001021 
  xmm6=0x0000b6d00000b6d000001b9f00001b9f xmm7=0x000085af000085af000018b2000018b2 

0x42: cmovnz dx, si
  rax=0x0000000000000000 rbx=0x0000000000000028 rcx=0x00000000000000d3 rdx=0x000000000000e341
  rsi=0x000000000000001e rdi=0x0000000000000624 flags=0b000000000111
  xmm0=0x000081e6000081e60000973500009735 xmm1=0x00009a1900009a19000045cb000045cb 
  xmm2=0x0000e9fb0000e9fb0000e24e0000e24e xmm3=0x0000ac8c0000ac8c0000487500004875 
  xmm4=0x0000898f0000898f0000d5460000d546 xmm5=0x0000c62d0000c62d0000102100001021 
  xmm6=0x0000b6d00000b6d000001b9f00001b9f xmm7=0x000085af000085af000018b2000018b2 

0x46: setle dl
  rax=0x0000000000000000 rbx=0x0000000000000028 rcx=0x00000000000000d3 rdx=0x000000000000001e
  rsi=0x000000000000001e rdi=0x0000000000000624 flags=0b000000000111
  xmm0=0x000081e6000081e60000973500009735 xmm1=0x00009a1900009a19000045cb000045cb 
  xmm2=0x0000e9fb0000e9fb0000e24e0000e24e xmm3=0x0000ac8c0000ac8c0000487500004875 
  xmm4=0x0000898f0000898f0000d5460000d546 xmm5=0x0000c62d0000c62d0000102100001021 
  xmm6=0x0000b6d00000b6d000001b9f00001b9f xmm7=0x000085af000085af000018b2000018b2 

0x49: and rax, 0b1111111111111
  rax=0x0000000000000000 rbx=0x0000000000000028 rcx=0x00000000000000d3 rdx=0x0000000000000000
  rsi=0x000000000000001e rdi=0x0000000000000624 flags=0b000000000111
  xmm0=0x000081e6000081e60000973500009735 xmm1=0x00009a1900009a19000045cb000045cb 
  xmm2=0x0000e9fb0000e9fb0000e24e0000e24e xmm3=0x0000ac8c0000ac8c0000487500004875 
  xmm4=0x0000898f0000898f0000d5460000d546 xmm5=0x0000c62d0000c62d0000102100001021 
  xmm6=0x0000b6d00000b6d000001b9f00001b9f xmm7=0x000085af000085af000018b2000018b2 

0x4f: sbb bl, [r14 +rax]
  rax=0x0000000000000000 rbx=0x0000000000000028 rcx=0x00000000000000d3 rdx=0x0000000000000000
  rsi=0x000000000000001e rdi=0x0000000000000624 flags=0b000001000110
  xmm0=0x000081e6000081e60000973500009735 xmm1=0x00009a1900009a19000045cb000045cb 
  xmm2=0x0000e9fb0000e9fb0000e24e0000e24e xmm3=0x0000ac8c0000ac8c0000487500004875 
  xmm4=0x0000898f0000898f0000d5460000d546 xmm5=0x0000c62d0000c62d0000102100001021 
  xmm6=0x0000b6d00000b6d000001b9f00001b9f xmm7=0x000085af000085af000018b2000018b2 

    > load from +0x0 value 0xb5
0x53: setns sil
  rax=0x0000000000000000 rbx=0x0000000000000073 rcx=0x00000000000000d3 rdx=0x0000000000000000
  rsi=0x000000000000001e rdi=0x0000000000000624 flags=0b000000000011
  xmm0=0x000081e6000081e60000973500009735 xmm1=0x00009a1900009a19000045cb000045cb 
  xmm2=0x0000e9fb0000e9fb0000e24e0000e24e xmm3=0x0000ac8c0000ac8c0000487500004875 
  xmm4=0x0000898f0000898f0000d5460000d546 xmm5=0x0000c62d0000c62d0000102100001021 
  xmm6=0x0000b6d00000b6d000001b9f00001b9f xmm7=0x000085af000085af000018b2000018b2 

0x57: and rdx, 0b1111111111111
  rax=0x0000000000000000 rbx=0x0000000000000073 rcx=0x00000000000000d3 rdx=0x0000000000000000
  rsi=0x0000000000000001 rdi=0x0000000000000624 flags=0b000000000011
  xmm0=0x000081e6000081e60000973500009735 xmm1=0x00009a1900009a19000045cb000045cb 
  xmm2=0x0000e9fb0000e9fb0000e24e0000e24e xmm3=0x0000ac8c0000ac8c0000487500004875 
  xmm4=0x0000898f0000898f0000d5460000d546 xmm5=0x0000c62d0000c62d0000102100001021 
  xmm6=0x0000b6d00000b6d000001b9f00001b9f xmm7=0x000085af000085af000018b2000018b2 

0x5e: or [r14 +rdx], 0b1000
  rax=0x0000000000000000 rbx=0x0000000000000073 rcx=0x00000000000000d3 rdx=0x0000000000000000
  rsi=0x0000000000000001 rdi=0x0000000000000624 flags=0b000001000110
  xmm0=0x000081e6000081e60000973500009735 xmm1=0x00009a1900009a19000045cb000045cb 
  xmm2=0x0000e9fb0000e9fb0000e24e0000e24e xmm3=0x0000ac8c0000ac8c0000487500004875 
  xmm4=0x0000898f0000898f0000d5460000d546 xmm5=0x0000c62d0000c62d0000102100001021 
  xmm6=0x0000b6d00000b6d000001b9f00001b9f xmm7=0x000085af000085af000018b2000018b2 

    > load from +0x0 value 0xb5
    > store to +0x0 value 0xbd
0x63: and [r14 +rdx], 0b11111000
  rax=0x0000000000000000 rbx=0x0000000000000073 rcx=0x00000000000000d3 rdx=0x0000000000000000
  rsi=0x0000000000000001 rdi=0x0000000000000624 flags=0b000010000110
  xmm0=0x000081e6000081e60000973500009735 xmm1=0x00009a1900009a19000045cb000045cb 
  xmm2=0x0000e9fb0000e9fb0000e24e0000e24e xmm3=0x0000ac8c0000ac8c0000487500004875 
  xmm4=0x0000898f0000898f0000d5460000d546 xmm5=0x0000c62d0000c62d0000102100001021 
  xmm6=0x0000b6d00000b6d000001b9f00001b9f xmm7=0x000085af000085af000018b2000018b2 

    > load from +0x0 value 0xbd
    > store to +0x0 value 0xb8
0x68: and rdx, 0b1111111111111
  rax=0x0000000000000000 rbx=0x0000000000000073 rcx=0x00000000000000d3 rdx=0x0000000000000000
  rsi=0x0000000000000001 rdi=0x0000000000000624 flags=0b000010000110
  xmm0=0x000081e6000081e60000973500009735 xmm1=0x00009a1900009a19000045cb000045cb 
  xmm2=0x0000e9fb0000e9fb0000e24e0000e24e xmm3=0x0000ac8c0000ac8c0000487500004875 
  xmm4=0x0000898f0000898f0000d5460000d546 xmm5=0x0000c62d0000c62d0000102100001021 
  xmm6=0x0000b6d00000b6d000001b9f00001b9f xmm7=0x000085af000085af000018b2000018b2 

0x6f: or [r14 +rdx], 0b1000000000000000
  rax=0x0000000000000000 rbx=0x0000000000000073 rcx=0x00000000000000d3 rdx=0x0000000000000000
  rsi=0x0000000000000001 rdi=0x0000000000000624 flags=0b000001000110
  xmm0=0x000081e6000081e60000973500009735 xmm1=0x00009a1900009a19000045cb000045cb 
  xmm2=0x0000e9fb0000e9fb0000e24e0000e24e xmm3=0x0000ac8c0000ac8c0000487500004875 
  xmm4=0x0000898f0000898f0000d5460000d546 xmm5=0x0000c62d0000c62d0000102100001021 
  xmm6=0x0000b6d00000b6d000001b9f00001b9f xmm7=0x000085af000085af000018b2000018b2 

    > load from +0x0 value 0xfdb8
    > store to +0x0 value 0xfdb8
0x76: bsf cx, [r14 +rdx]
  rax=0x0000000000000000 rbx=0x0000000000000073 rcx=0x00000000000000d3 rdx=0x0000000000000000
  rsi=0x0000000000000001 rdi=0x0000000000000624 flags=0b000010000110
  xmm0=0x000081e6000081e60000973500009735 xmm1=0x00009a1900009a19000045cb000045cb 
  xmm2=0x0000e9fb0000e9fb0000e24e0000e24e xmm3=0x0000ac8c0000ac8c0000487500004875 
  xmm4=0x0000898f0000898f0000d5460000d546 xmm5=0x0000c62d0000c62d0000102100001021 
  xmm6=0x0000b6d00000b6d000001b9f00001b9f xmm7=0x000085af000085af000018b2000018b2 

    > load from +0x0 value 0xfdb8
0x7c: add sil, 2
  rax=0x0000000000000000 rbx=0x0000000000000073 rcx=0x0000000000000003 rdx=0x0000000000000000
  rsi=0x0000000000000001 rdi=0x0000000000000624 flags=0b000010000110
  xmm0=0x000081e6000081e60000973500009735 xmm1=0x00009a1900009a19000045cb000045cb 
  xmm2=0x0000e9fb0000e9fb0000e24e0000e24e xmm3=0x0000ac8c0000ac8c0000487500004875 
  xmm4=0x0000898f0000898f0000d5460000d546 xmm5=0x0000c62d0000c62d0000102100001021 
  xmm6=0x0000b6d00000b6d000001b9f00001b9f xmm7=0x000085af000085af000018b2000018b2 

0x80: cmovno rdi, rdx
  rax=0x0000000000000000 rbx=0x0000000000000073 rcx=0x0000000000000003 rdx=0x0000000000000000
  rsi=0x0000000000000003 rdi=0x0000000000000624 flags=0b000000000110
  xmm0=0x000081e6000081e60000973500009735 xmm1=0x00009a1900009a19000045cb000045cb 
  xmm2=0x0000e9fb0000e9fb0000e24e0000e24e xmm3=0x0000ac8c0000ac8c0000487500004875 
  xmm4=0x0000898f0000898f0000d5460000d546 xmm5=0x0000c62d0000c62d0000102100001021 
  xmm6=0x0000b6d00000b6d000001b9f00001b9f xmm7=0x000085af000085af000018b2000018b2 

0x84: xor ecx, ecx
  rax=0x0000000000000000 rbx=0x0000000000000073 rcx=0x0000000000000003 rdx=0x0000000000000000
  rsi=0x0000000000000003 rdi=0x0000000000000000 flags=0b000000000110
  xmm0=0x000081e6000081e60000973500009735 xmm1=0x00009a1900009a19000045cb000045cb 
  xmm2=0x0000e9fb0000e9fb0000e24e0000e24e xmm3=0x0000ac8c0000ac8c0000487500004875 
  xmm4=0x0000898f0000898f0000d5460000d546 xmm5=0x0000c62d0000c62d0000102100001021 
  xmm6=0x0000b6d00000b6d000001b9f00001b9f xmm7=0x000085af000085af000018b2000018b2 

0x86: and rbx, 0b1111111111111
  rax=0x0000000000000000 rbx=0x0000000000000073 rcx=0x0000000000000000 rdx=0x0000000000000000
  rsi=0x0000000000000003 rdi=0x0000000000000000 flags=0b000001000110
  xmm0=0x000081e6000081e60000973500009735 xmm1=0x00009a1900009a19000045cb000045cb 
  xmm2=0x0000e9fb0000e9fb0000e24e0000e24e xmm3=0x0000ac8c0000ac8c0000487500004875 
  xmm4=0x0000898f0000898f0000d5460000d546 xmm5=0x0000c62d0000c62d0000102100001021 
  xmm6=0x0000b6d00000b6d000001b9f00001b9f xmm7=0x000085af000085af000018b2000018b2 

0x8d: cmovnb rbx, [r14 +rbx]
  rax=0x0000000000000000 rbx=0x0000000000000073 rcx=0x0000000000000000 rdx=0x0000000000000000
  rsi=0x0000000000000003 rdi=0x0000000000000000 flags=0b000000000010
  xmm0=0x000081e6000081e60000973500009735 xmm1=0x00009a1900009a19000045cb000045cb 
  xmm2=0x0000e9fb0000e9fb0000e24e0000e24e xmm3=0x0000ac8c0000ac8c0000487500004875 
  xmm4=0x0000898f0000898f0000d5460000d546 xmm5=0x0000c62d0000c62d0000102100001021 
  xmm6=0x0000b6d00000b6d000001b9f00001b9f xmm7=0x000085af000085af000018b2000018b2 

    > load from +0x73 value 0x95ec0000c11600
0x92: sub eax, 1826594307
  rax=0x0000000000000000 rbx=0x0095ec0000c11600 rcx=0x0000000000000000 rdx=0x0000000000000000
  rsi=0x0000000000000003 rdi=0x0000000000000000 flags=0b000000000010
  xmm0=0x000081e6000081e60000973500009735 xmm1=0x00009a1900009a19000045cb000045cb 
  xmm2=0x0000e9fb0000e9fb0000e24e0000e24e xmm3=0x0000ac8c0000ac8c0000487500004875 
  xmm4=0x0000898f0000898f0000d5460000d546 xmm5=0x0000c62d0000c62d0000102100001021 
  xmm6=0x0000b6d00000b6d000001b9f00001b9f xmm7=0x000085af000085af000018b2000018b2 

0x97: and rdi, 0b1111111111111
  rax=0x00000000932061fd rbx=0x0095ec0000c11600 rcx=0x0000000000000000 rdx=0x0000000000000000
  rsi=0x0000000000000003 rdi=0x0000000000000000 flags=0b000010010011
  xmm0=0x000081e6000081e60000973500009735 xmm1=0x00009a1900009a19000045cb000045cb 
  xmm2=0x0000e9fb0000e9fb0000e24e0000e24e xmm3=0x0000ac8c0000ac8c0000487500004875 
  xmm4=0x0000898f0000898f0000d5460000d546 xmm5=0x0000c62d0000c62d0000102100001021 
  xmm6=0x0000b6d00000b6d000001b9f00001b9f xmm7=0x000085af000085af000018b2000018b2 

0x9e: cmovnle dx, [r14 +rdi]
  rax=0x00000000932061fd rbx=0x0095ec0000c11600 rcx=0x0000000000000000 rdx=0x0000000000000000
  rsi=0x0000000000000003 rdi=0x0000000000000000 flags=0b000001000110
  xmm0=0x000081e6000081e60000973500009735 xmm1=0x00009a1900009a19000045cb000045cb 
  xmm2=0x0000e9fb0000e9fb0000e24e0000e24e xmm3=0x0000ac8c0000ac8c0000487500004875 
  xmm4=0x0000898f0000898f0000d5460000d546 xmm5=0x0000c62d0000c62d0000102100001021 
  xmm6=0x0000b6d00000b6d000001b9f00001b9f xmm7=0x000085af000085af000018b2000018b2 

    > load from +0x0 value 0xfdb8
0xa4: and rax, 0b1111111111111
  rax=0x00000000932061fd rbx=0x0095ec0000c11600 rcx=0x0000000000000000 rdx=0x0000000000000000
  rsi=0x0000000000000003 rdi=0x0000000000000000 flags=0b000001000110
  xmm0=0x000081e6000081e60000973500009735 xmm1=0x00009a1900009a19000045cb000045cb 
  xmm2=0x0000e9fb0000e9fb0000e24e0000e24e xmm3=0x0000ac8c0000ac8c0000487500004875 
  xmm4=0x0000898f0000898f0000d5460000d546 xmm5=0x0000c62d0000c62d0000102100001021 
  xmm6=0x0000b6d00000b6d000001b9f00001b9f xmm7=0x000085af000085af000018b2000018b2 

0xaa: cmovl rdi, [r14 +rax]
  rax=0x00000000000001fd rbx=0x0095ec0000c11600 rcx=0x0000000000000000 rdx=0x0000000000000000
  rsi=0x0000000000000003 rdi=0x0000000000000000 flags=0b000000000010
  xmm0=0x000081e6000081e60000973500009735 xmm1=0x00009a1900009a19000045cb000045cb 
  xmm2=0x0000e9fb0000e9fb0000e24e0000e24e xmm3=0x0000ac8c0000ac8c0000487500004875 
  xmm4=0x0000898f0000898f0000d5460000d546 xmm5=0x0000c62d0000c62d0000102100001021 
  xmm6=0x0000b6d00000b6d000001b9f00001b9f xmm7=0x000085af000085af000018b2000018b2 

    > load from +0x1fd value 0xc70000cac70000d1
0xaf: and rdx, 0b1111111111111
  rax=0x00000000000001fd rbx=0x0095ec0000c11600 rcx=0x0000000000000000 rdx=0x0000000000000000
  rsi=0x0000000000000003 rdi=0x0000000000000000 flags=0b000000000010
  xmm0=0x000081e6000081e60000973500009735 xmm1=0x00009a1900009a19000045cb000045cb 
  xmm2=0x0000e9fb0000e9fb0000e24e0000e24e xmm3=0x0000ac8c0000ac8c0000487500004875 
  xmm4=0x0000898f0000898f0000d5460000d546 xmm5=0x0000c62d0000c62d0000102100001021 
  xmm6=0x0000b6d00000b6d000001b9f00001b9f xmm7=0x000085af000085af000018b2000018b2 

0xb6: cmp [r14 +rdx], rdx
  rax=0x00000000000001fd rbx=0x0095ec0000c11600 rcx=0x0000000000000000 rdx=0x0000000000000000
  rsi=0x0000000000000003 rdi=0x0000000000000000 flags=0b000001000110
  xmm0=0x000081e6000081e60000973500009735 xmm1=0x00009a1900009a19000045cb000045cb 
  xmm2=0x0000e9fb0000e9fb0000e24e0000e24e xmm3=0x0000ac8c0000ac8c0000487500004875 
  xmm4=0x0000898f0000898f0000d5460000d546 xmm5=0x0000c62d0000c62d0000102100001021 
  xmm6=0x0000b6d00000b6d000001b9f00001b9f xmm7=0x000085af000085af000018b2000018b2 

    > load from +0x0 value 0xfdb50000fdb8
0xba: and rdi, 0b1111111111111
  rax=0x00000000000001fd rbx=0x0095ec0000c11600 rcx=0x0000000000000000 rdx=0x0000000000000000
  rsi=0x0000000000000003 rdi=0x0000000000000000 flags=0b000000000110
  xmm0=0x000081e6000081e60000973500009735 xmm1=0x00009a1900009a19000045cb000045cb 
  xmm2=0x0000e9fb0000e9fb0000e24e0000e24e xmm3=0x0000ac8c0000ac8c0000487500004875 
  xmm4=0x0000898f0000898f0000d5460000d546 xmm5=0x0000c62d0000c62d0000102100001021 
  xmm6=0x0000b6d00000b6d000001b9f00001b9f xmm7=0x000085af000085af000018b2000018b2 

0xc1: and ebx, 0b111
  rax=0x00000000000001fd rbx=0x0095ec0000c11600 rcx=0x0000000000000000 rdx=0x0000000000000000
  rsi=0x0000000000000003 rdi=0x0000000000000000 flags=0b000001000110
  xmm0=0x000081e6000081e60000973500009735 xmm1=0x00009a1900009a19000045cb000045cb 
  xmm2=0x0000e9fb0000e9fb0000e24e0000e24e xmm3=0x0000ac8c0000ac8c0000487500004875 
  xmm4=0x0000898f0000898f0000d5460000d546 xmm5=0x0000c62d0000c62d0000102100001021 
  xmm6=0x0000b6d00000b6d000001b9f00001b9f xmm7=0x000085af000085af000018b2000018b2 

0xc4: bt [r14 +rdi], ebx
  rax=0x00000000000001fd rbx=0x0000000000000000 rcx=0x0000000000000000 rdx=0x0000000000000000
  rsi=0x0000000000000003 rdi=0x0000000000000000 flags=0b000001000110
  xmm0=0x000081e6000081e60000973500009735 xmm1=0x00009a1900009a19000045cb000045cb 
  xmm2=0x0000e9fb0000e9fb0000e24e0000e24e xmm3=0x0000ac8c0000ac8c0000487500004875 
  xmm4=0x0000898f0000898f0000d5460000d546 xmm5=0x0000c62d0000c62d0000102100001021 
  xmm6=0x0000b6d00000b6d000001b9f00001b9f xmm7=0x000085af000085af000018b2000018b2 

    > load from +0x0 value 0xfdb8
0xc9: and rax, 1491315142
  rax=0x00000000000001fd rbx=0x0000000000000000 rcx=0x0000000000000000 rdx=0x0000000000000000
  rsi=0x0000000000000003 rdi=0x0000000000000000 flags=0b000001000110
  xmm0=0x000081e6000081e60000973500009735 xmm1=0x00009a1900009a19000045cb000045cb 
  xmm2=0x0000e9fb0000e9fb0000e24e0000e24e xmm3=0x0000ac8c0000ac8c0000487500004875 
  xmm4=0x0000898f0000898f0000d5460000d546 xmm5=0x0000c62d0000c62d0000102100001021 
  xmm6=0x0000b6d00000b6d000001b9f00001b9f xmm7=0x000085af000085af000018b2000018b2 

0xcf: and rsi, 0b1111111111111
  rax=0x00000000000001c4 rbx=0x0000000000000000 rcx=0x0000000000000000 rdx=0x0000000000000000
  rsi=0x0000000000000003 rdi=0x0000000000000000 flags=0b000000000010
  xmm0=0x000081e6000081e60000973500009735 xmm1=0x00009a1900009a19000045cb000045cb 
  xmm2=0x0000e9fb0000e9fb0000e24e0000e24e xmm3=0x0000ac8c0000ac8c0000487500004875 
  xmm4=0x0000898f0000898f0000d5460000d546 xmm5=0x0000c62d0000c62d0000102100001021 
  xmm6=0x0000b6d00000b6d000001b9f00001b9f xmm7=0x000085af000085af000018b2000018b2 

0xd6: or [r14 +rsi], 0b1000000000000000000000000000000
  rax=0x00000000000001c4 rbx=0x0000000000000000 rcx=0x0000000000000000 rdx=0x0000000000000000
  rsi=0x0000000000000003 rdi=0x0000000000000000 flags=0b000000000110
  xmm0=0x000081e6000081e60000973500009735 xmm1=0x00009a1900009a19000045cb000045cb 
  xmm2=0x0000e9fb0000e9fb0000e24e0000e24e xmm3=0x0000ac8c0000ac8c0000487500004875 
  xmm4=0x0000898f0000898f0000d5460000d546 xmm5=0x0000c62d0000c62d0000102100001021 
  xmm6=0x0000b6d00000b6d000001b9f00001b9f xmm7=0x000085af000085af000018b2000018b2 

    > load from +0x3 value 0xfdb500
    > store to +0x3 value 0x40fdb500
0xde: bsr ebx, [r14 +rsi]
  rax=0x00000000000001c4 rbx=0x0000000000000000 rcx=0x0000000000000000 rdx=0x0000000000000000
  rsi=0x0000000000000003 rdi=0x0000000000000000 flags=0b000000000110
  xmm0=0x000081e6000081e60000973500009735 xmm1=0x00009a1900009a19000045cb000045cb 
  xmm2=0x0000e9fb0000e9fb0000e24e0000e24e xmm3=0x0000ac8c0000ac8c0000487500004875 
  xmm4=0x0000898f0000898f0000d5460000d546 xmm5=0x0000c62d0000c62d0000102100001021 
  xmm6=0x0000b6d00000b6d000001b9f00001b9f xmm7=0x000085af000085af000018b2000018b2 

    > load from +0x3 value 0x40fdb500
0xe3: imul rsi, rcx, -119
  rax=0x00000000000001c4 rbx=0x000000000000001e rcx=0x0000000000000000 rdx=0x0000000000000000
  rsi=0x0000000000000003 rdi=0x0000000000000000 flags=0b000000000110
  xmm0=0x000081e6000081e60000973500009735 xmm1=0x00009a1900009a19000045cb000045cb 
  xmm2=0x0000e9fb0000e9fb0000e24e0000e24e xmm3=0x0000ac8c0000ac8c0000487500004875 
  xmm4=0x0000898f0000898f0000d5460000d546 xmm5=0x0000c62d0000c62d0000102100001021 
  xmm6=0x0000b6d00000b6d000001b9f00001b9f xmm7=0x000085af000085af000018b2000018b2 

0xe7: and rcx, 0b1111111111111
  rax=0x00000000000001c4 rbx=0x000000000000001e rcx=0x0000000000000000 rdx=0x0000000000000000
  rsi=0x0000000000000000 rdi=0x0000000000000000 flags=0b000001000110
  xmm0=0x000081e6000081e60000973500009735 xmm1=0x00009a1900009a19000045cb000045cb 
  xmm2=0x0000e9fb0000e9fb0000e24e0000e24e xmm3=0x0000ac8c0000ac8c0000487500004875 
  xmm4=0x0000898f0000898f0000d5460000d546 xmm5=0x0000c62d0000c62d0000102100001021 
  xmm6=0x0000b6d00000b6d000001b9f00001b9f xmm7=0x000085af000085af000018b2000018b2 

0xee: movsxd rsi, [r14 +rcx]
  rax=0x00000000000001c4 rbx=0x000000000000001e rcx=0x0000000000000000 rdx=0x0000000000000000
  rsi=0x0000000000000000 rdi=0x0000000000000000 flags=0b000001000110
  xmm0=0x000081e6000081e60000973500009735 xmm1=0x00009a1900009a19000045cb000045cb 
  xmm2=0x0000e9fb0000e9fb0000e24e0000e24e xmm3=0x0000ac8c0000ac8c0000487500004875 
  xmm4=0x0000898f0000898f0000d5460000d546 xmm5=0x0000c62d0000c62d0000102100001021 
  xmm6=0x0000b6d00000b6d000001b9f00001b9f xmm7=0x000085af000085af000018b2000018b2 

    > load from +0x0 value 0xfdb8
0xf2: and rdx, 0b1111111111111
  rax=0x00000000000001c4 rbx=0x000000000000001e rcx=0x0000000000000000 rdx=0x0000000000000000
  rsi=0x000000000000fdb8 rdi=0x0000000000000000 flags=0b000001000110
  xmm0=0x000081e6000081e60000973500009735 xmm1=0x00009a1900009a19000045cb000045cb 
  xmm2=0x0000e9fb0000e9fb0000e24e0000e24e xmm3=0x0000ac8c0000ac8c0000487500004875 
  xmm4=0x0000898f0000898f0000d5460000d546 xmm5=0x0000c62d0000c62d0000102100001021 
  xmm6=0x0000b6d00000b6d000001b9f00001b9f xmm7=0x000085af000085af000018b2000018b2 

0xf9: and ax, 0b111
  rax=0x00000000000001c4 rbx=0x000000000000001e rcx=0x0000000000000000 rdx=0x0000000000000000
  rsi=0x000000000000fdb8 rdi=0x0000000000000000 flags=0b000001000110
  xmm0=0x000081e6000081e60000973500009735 xmm1=0x00009a1900009a19000045cb000045cb 
  xmm2=0x0000e9fb0000e9fb0000e24e0000e24e xmm3=0x0000ac8c0000ac8c0000487500004875 
  xmm4=0x0000898f0000898f0000d5460000d546 xmm5=0x0000c62d0000c62d0000102100001021 
  xmm6=0x0000b6d00000b6d000001b9f00001b9f xmm7=0x000085af000085af000018b2000018b2 

0xfd: bt [r14 +rdx], ax
  rax=0x0000000000000004 rbx=0x000000000000001e rcx=0x0000000000000000 rdx=0x0000000000000000
  rsi=0x000000000000fdb8 rdi=0x0000000000000000 flags=0b000000000010
  xmm0=0x000081e6000081e60000973500009735 xmm1=0x00009a1900009a19000045cb000045cb 
  xmm2=0x0000e9fb0000e9fb0000e24e0000e24e xmm3=0x0000ac8c0000ac8c0000487500004875 
  xmm4=0x0000898f0000898f0000d5460000d546 xmm5=0x0000c62d0000c62d0000102100001021 
  xmm6=0x0000b6d00000b6d000001b9f00001b9f xmm7=0x000085af000085af000018b2000018b2 

    > load from +0x0 value 0xfdb8
0x103: cmp cl, -68
  rax=0x0000000000000004 rbx=0x000000000000001e rcx=0x0000000000000000 rdx=0x0000000000000000
  rsi=0x000000000000fdb8 rdi=0x0000000000000000 flags=0b000000000011
  xmm0=0x000081e6000081e60000973500009735 xmm1=0x00009a1900009a19000045cb000045cb 
  xmm2=0x0000e9fb0000e9fb0000e24e0000e24e xmm3=0x0000ac8c0000ac8c0000487500004875 
  xmm4=0x0000898f0000898f0000d5460000d546 xmm5=0x0000c62d0000c62d0000102100001021 
  xmm6=0x0000b6d00000b6d000001b9f00001b9f xmm7=0x000085af000085af000018b2000018b2 

0x106: and rsi, 0b1111111111111
  rax=0x0000000000000004 rbx=0x000000000000001e rcx=0x0000000000000000 rdx=0x0000000000000000
  rsi=0x000000000000fdb8 rdi=0x0000000000000000 flags=0b000000010111
  xmm0=0x000081e6000081e60000973500009735 xmm1=0x00009a1900009a19000045cb000045cb 
  xmm2=0x0000e9fb0000e9fb0000e24e0000e24e xmm3=0x0000ac8c0000ac8c0000487500004875 
  xmm4=0x0000898f0000898f0000d5460000d546 xmm5=0x0000c62d0000c62d0000102100001021 
  xmm6=0x0000b6d00000b6d000001b9f00001b9f xmm7=0x000085af000085af000018b2000018b2 

0x10d: cmovnz rsi, [r14 +rsi]
  rax=0x0000000000000004 rbx=0x000000000000001e rcx=0x0000000000000000 rdx=0x0000000000000000
  rsi=0x0000000000001db8 rdi=0x0000000000000000 flags=0b000000000110
  xmm0=0x000081e6000081e60000973500009735 xmm1=0x00009a1900009a19000045cb000045cb 
  xmm2=0x0000e9fb0000e9fb0000e24e0000e24e xmm3=0x0000ac8c0000ac8c0000487500004875 
  xmm4=0x0000898f0000898f0000d5460000d546 xmm5=0x0000c62d0000c62d0000102100001021 
  xmm6=0x0000b6d00000b6d000001b9f00001b9f xmm7=0x000085af000085af000018b2000018b2 

    > load from +0x1db8 value 0x58d2000058d2
0x112: setnp bl
  rax=0x0000000000000004 rbx=0x000000000000001e rcx=0x0000000000000000 rdx=0x0000000000000000
  rsi=0x000058d2000058d2 rdi=0x0000000000000000 flags=0b000000000110
  xmm0=0x000081e6000081e60000973500009735 xmm1=0x00009a1900009a19000045cb000045cb 
  xmm2=0x0000e9fb0000e9fb0000e24e0000e24e xmm3=0x0000ac8c0000ac8c0000487500004875 
  xmm4=0x0000898f0000898f0000d5460000d546 xmm5=0x0000c62d0000c62d0000102100001021 
  xmm6=0x0000b6d00000b6d000001b9f00001b9f xmm7=0x000085af000085af000018b2000018b2 

0x115: and rbx, 0b1111111111111
  rax=0x0000000000000004 rbx=0x0000000000000000 rcx=0x0000000000000000 rdx=0x0000000000000000
  rsi=0x000058d2000058d2 rdi=0x0000000000000000 flags=0b000000000110
  xmm0=0x000081e6000081e60000973500009735 xmm1=0x00009a1900009a19000045cb000045cb 
  xmm2=0x0000e9fb0000e9fb0000e24e0000e24e xmm3=0x0000ac8c0000ac8c0000487500004875 
  xmm4=0x0000898f0000898f0000d5460000d546 xmm5=0x0000c62d0000c62d0000102100001021 
  xmm6=0x0000b6d00000b6d000001b9f00001b9f xmm7=0x000085af000085af000018b2000018b2 

0x11c: mov bl, [r14 +rbx]
  rax=0x0000000000000004 rbx=0x0000000000000000 rcx=0x0000000000000000 rdx=0x0000000000000000
  rsi=0x000058d2000058d2 rdi=0x0000000000000000 flags=0b000001000110
  xmm0=0x000081e6000081e60000973500009735 xmm1=0x00009a1900009a19000045cb000045cb 
  xmm2=0x0000e9fb0000e9fb0000e24e0000e24e xmm3=0x0000ac8c0000ac8c0000487500004875 
  xmm4=0x0000898f0000898f0000d5460000d546 xmm5=0x0000c62d0000c62d0000102100001021 
  xmm6=0x0000b6d00000b6d000001b9f00001b9f xmm7=0x000085af000085af000018b2000018b2 

    > load from +0x0 value 0xb8
0x120: setnz dl
  rax=0x0000000000000004 rbx=0x00000000000000b8 rcx=0x0000000000000000 rdx=0x0000000000000000
  rsi=0x000058d2000058d2 rdi=0x0000000000000000 flags=0b000001000110
  xmm0=0x000081e6000081e60000973500009735 xmm1=0x00009a1900009a19000045cb000045cb 
  xmm2=0x0000e9fb0000e9fb0000e24e0000e24e xmm3=0x0000ac8c0000ac8c0000487500004875 
  xmm4=0x0000898f0000898f0000d5460000d546 xmm5=0x0000c62d0000c62d0000102100001021 
  xmm6=0x0000b6d00000b6d000001b9f00001b9f xmm7=0x000085af000085af000018b2000018b2 

0x123: and rsi, 0b1111111111111
  rax=0x0000000000000004 rbx=0x00000000000000b8 rcx=0x0000000000000000 rdx=0x0000000000000000
  rsi=0x000058d2000058d2 rdi=0x0000000000000000 flags=0b000001000110
  xmm0=0x000081e6000081e60000973500009735 xmm1=0x00009a1900009a19000045cb000045cb 
  xmm2=0x0000e9fb0000e9fb0000e24e0000e24e xmm3=0x0000ac8c0000ac8c0000487500004875 
  xmm4=0x0000898f0000898f0000d5460000d546 xmm5=0x0000c62d0000c62d0000102100001021 
  xmm6=0x0000b6d00000b6d000001b9f00001b9f xmm7=0x000085af000085af000018b2000018b2 

0x12a: or edi, [r14 +rsi]
  rax=0x0000000000000004 rbx=0x00000000000000b8 rcx=0x0000000000000000 rdx=0x0000000000000000
  rsi=0x00000000000018d2 rdi=0x0000000000000000 flags=0b000000000110
  xmm0=0x000081e6000081e60000973500009735 xmm1=0x00009a1900009a19000045cb000045cb 
  xmm2=0x0000e9fb0000e9fb0000e24e0000e24e xmm3=0x0000ac8c0000ac8c0000487500004875 
  xmm4=0x0000898f0000898f0000d5460000d546 xmm5=0x0000c62d0000c62d0000102100001021 
  xmm6=0x0000b6d00000b6d000001b9f00001b9f xmm7=0x000085af000085af000018b2000018b2 

    > load from +0x18d2 value 0x72f50000
0x12e: or esi, 1
  rax=0x0000000000000004 rbx=0x00000000000000b8 rcx=0x0000000000000000 rdx=0x0000000000000000
  rsi=0x00000000000018d2 rdi=0x0000000072f50000 flags=0b000000000110
  xmm0=0x000081e6000081e60000973500009735 xmm1=0x00009a1900009a19000045cb000045cb 
  xmm2=0x0000e9fb0000e9fb0000e24e0000e24e xmm3=0x0000ac8c0000ac8c0000487500004875 
  xmm4=0x0000898f0000898f0000d5460000d546 xmm5=0x0000c62d0000c62d0000102100001021 
  xmm6=0x0000b6d00000b6d000001b9f00001b9f xmm7=0x000085af000085af000018b2000018b2 

0x131: and edx, esi
  rax=0x0000000000000004 rbx=0x00000000000000b8 rcx=0x0000000000000000 rdx=0x0000000000000000
  rsi=0x00000000000018d3 rdi=0x0000000072f50000 flags=0b000000000010
  xmm0=0x000081e6000081e60000973500009735 xmm1=0x00009a1900009a19000045cb000045cb 
  xmm2=0x0000e9fb0000e9fb0000e24e0000e24e xmm3=0x0000ac8c0000ac8c0000487500004875 
  xmm4=0x0000898f0000898f0000d5460000d546 xmm5=0x0000c62d0000c62d0000102100001021 
  xmm6=0x0000b6d00000b6d000001b9f00001b9f xmm7=0x000085af000085af000018b2000018b2 

0x133: shr edx, 1
  rax=0x0000000000000004 rbx=0x00000000000000b8 rcx=0x0000000000000000 rdx=0x0000000000000000
  rsi=0x00000000000018d3 rdi=0x0000000072f50000 flags=0b000001000110
  xmm0=0x000081e6000081e60000973500009735 xmm1=0x00009a1900009a19000045cb000045cb 
  xmm2=0x0000e9fb0000e9fb0000e24e0000e24e xmm3=0x0000ac8c0000ac8c0000487500004875 
  xmm4=0x0000898f0000898f0000d5460000d546 xmm5=0x0000c62d0000c62d0000102100001021 
  xmm6=0x0000b6d00000b6d000001b9f00001b9f xmm7=0x000085af000085af000018b2000018b2 

0x135: div esi
  rax=0x0000000000000004 rbx=0x00000000000000b8 rcx=0x0000000000000000 rdx=0x0000000000000000
  rsi=0x00000000000018d3 rdi=0x0000000072f50000 flags=0b000001000110
  xmm0=0x000081e6000081e60000973500009735 xmm1=0x00009a1900009a19000045cb000045cb 
  xmm2=0x0000e9fb0000e9fb0000e24e0000e24e xmm3=0x0000ac8c0000ac8c0000487500004875 
  xmm4=0x0000898f0000898f0000d5460000d546 xmm5=0x0000c62d0000c62d0000102100001021 
  xmm6=0x0000b6d00000b6d000001b9f00001b9f xmm7=0x000085af000085af000018b2000018b2 

0x137: or dil, 0b1000
  rax=0x0000000000000000 rbx=0x00000000000000b8 rcx=0x0000000000000000 rdx=0x0000000000000004
  rsi=0x00000000000018d3 rdi=0x0000000072f50000 flags=0b000001000110
  xmm0=0x000081e6000081e60000973500009735 xmm1=0x00009a1900009a19000045cb000045cb 
  xmm2=0x0000e9fb0000e9fb0000e24e0000e24e xmm3=0x0000ac8c0000ac8c0000487500004875 
  xmm4=0x0000898f0000898f0000d5460000d546 xmm5=0x0000c62d0000c62d0000102100001021 
  xmm6=0x0000b6d00000b6d000001b9f00001b9f xmm7=0x000085af000085af000018b2000018b2 

0x13b: and dil, 0b11111000
  rax=0x0000000000000000 rbx=0x00000000000000b8 rcx=0x0000000000000000 rdx=0x0000000000000004
  rsi=0x00000000000018d3 rdi=0x0000000072f50008 flags=0b000000000010
  xmm0=0x000081e6000081e60000973500009735 xmm1=0x00009a1900009a19000045cb000045cb 
  xmm2=0x0000e9fb0000e9fb0000e24e0000e24e xmm3=0x0000ac8c0000ac8c0000487500004875 
  xmm4=0x0000898f0000898f0000d5460000d546 xmm5=0x0000c62d0000c62d0000102100001021 
  xmm6=0x0000b6d00000b6d000001b9f00001b9f xmm7=0x000085af000085af000018b2000018b2 

0x13f: mov ax, 1
  rax=0x0000000000000000 rbx=0x00000000000000b8 rcx=0x0000000000000000 rdx=0x0000000000000004
  rsi=0x00000000000018d3 rdi=0x0000000072f50008 flags=0b000000000010
  xmm0=0x000081e6000081e60000973500009735 xmm1=0x00009a1900009a19000045cb000045cb 
  xmm2=0x0000e9fb0000e9fb0000e24e0000e24e xmm3=0x0000ac8c0000ac8c0000487500004875 
  xmm4=0x0000898f0000898f0000d5460000d546 xmm5=0x0000c62d0000c62d0000102100001021 
  xmm6=0x0000b6d00000b6d000001b9f00001b9f xmm7=0x000085af000085af000018b2000018b2 

0x143: idiv dil
  rax=0x0000000000000001 rbx=0x00000000000000b8 rcx=0x0000000000000000 rdx=0x0000000000000004
  rsi=0x00000000000018d3 rdi=0x0000000072f50008 flags=0b000000000010
  xmm0=0x000081e6000081e60000973500009735 xmm1=0x00009a1900009a19000045cb000045cb 
  xmm2=0x0000e9fb0000e9fb0000e24e0000e24e xmm3=0x0000ac8c0000ac8c0000487500004875 
  xmm4=0x0000898f0000898f0000d5460000d546 xmm5=0x0000c62d0000c62d0000102100001021 
  xmm6=0x0000b6d00000b6d000001b9f00001b9f xmm7=0x000085af000085af000018b2000018b2 

0x146: add dil, 82
  rax=0x0000000000000100 rbx=0x00000000000000b8 rcx=0x0000000000000000 rdx=0x0000000000000004
  rsi=0x00000000000018d3 rdi=0x0000000072f50008 flags=0b000000000010
  xmm0=0x000081e6000081e60000973500009735 xmm1=0x00009a1900009a19000045cb000045cb 
  xmm2=0x0000e9fb0000e9fb0000e24e0000e24e xmm3=0x0000ac8c0000ac8c0000487500004875 
  xmm4=0x0000898f0000898f0000d5460000d546 xmm5=0x0000c62d0000c62d0000102100001021 
  xmm6=0x0000b6d00000b6d000001b9f00001b9f xmm7=0x000085af000085af000018b2000018b2 

0x14a: and rcx, 0b1111111111111
  rax=0x0000000000000100 rbx=0x00000000000000b8 rcx=0x0000000000000000 rdx=0x0000000000000004
  rsi=0x00000000000018d3 rdi=0x0000000072f5005a flags=0b000000000110
  xmm0=0x000081e6000081e60000973500009735 xmm1=0x00009a1900009a19000045cb000045cb 
  xmm2=0x0000e9fb0000e9fb0000e24e0000e24e xmm3=0x0000ac8c0000ac8c0000487500004875 
  xmm4=0x0000898f0000898f0000d5460000d546 xmm5=0x0000c62d0000c62d0000102100001021 
  xmm6=0x0000b6d00000b6d000001b9f00001b9f xmm7=0x000085af000085af000018b2000018b2 

0x151: cmovnp rdi, [r14 +rcx]
  rax=0x0000000000000100 rbx=0x00000000000000b8 rcx=0x0000000000000000 rdx=0x0000000000000004
  rsi=0x00000000000018d3 rdi=0x0000000072f5005a flags=0b000001000110
  xmm0=0x000081e6000081e60000973500009735 xmm1=0x00009a1900009a19000045cb000045cb 
  xmm2=0x0000e9fb0000e9fb0000e24e0000e24e xmm3=0x0000ac8c0000ac8c0000487500004875 
  xmm4=0x0000898f0000898f0000d5460000d546 xmm5=0x0000c62d0000c62d0000102100001021 
  xmm6=0x0000b6d00000b6d000001b9f00001b9f xmm7=0x000085af000085af000018b2000018b2 

    > load from +0x0 value 0x40fdb50000fdb8
0x156: and rax, 0b1111111111111
  rax=0x0000000000000100 rbx=0x00000000000000b8 rcx=0x0000000000000000 rdx=0x0000000000000004
  rsi=0x00000000000018d3 rdi=0x0000000072f5005a flags=0b000001000110
  xmm0=0x000081e6000081e60000973500009735 xmm1=0x00009a1900009a19000045cb000045cb 
  xmm2=0x0000e9fb0000e9fb0000e24e0000e24e xmm3=0x0000ac8c0000ac8c0000487500004875 
  xmm4=0x0000898f0000898f0000d5460000d546 xmm5=0x0000c62d0000c62d0000102100001021 
  xmm6=0x0000b6d00000b6d000001b9f00001b9f xmm7=0x000085af000085af000018b2000018b2 

0x15c: or [r14 +rax], 0b1000
  rax=0x0000000000000100 rbx=0x00000000000000b8 rcx=0x0000000000000000 rdx=0x0000000000000004
  rsi=0x00000000000018d3 rdi=0x0000000072f5005a flags=0b000000000110
  xmm0=0x000081e6000081e60000973500009735 xmm1=0x00009a1900009a19000045cb000045cb 
  xmm2=0x0000e9fb0000e9fb0000e24e0000e24e xmm3=0x0000ac8c0000ac8c0000487500004875 
  xmm4=0x0000898f0000898f0000d5460000d546 xmm5=0x0000c62d0000c62d0000102100001021 
  xmm6=0x0000b6d00000b6d000001b9f00001b9f xmm7=0x000085af000085af000018b2000018b2 

    > load from +0x100 value 0xc4c2
    > store to +0x100 value 0xc4ca
0x162: and [r14 +rax], 0b11111000
  rax=0x0000000000000100 rbx=0x00000000000000b8 rcx=0x0000000000000000 rdx=0x0000000000000004
  rsi=0x00000000000018d3 rdi=0x0000000072f5005a flags=0b000010000110
  xmm0=0x000081e6000081e60000973500009735 xmm1=0x00009a1900009a19000045cb000045cb 
  xmm2=0x0000e9fb0000e9fb0000e24e0000e24e xmm3=0x0000ac8c0000ac8c0000487500004875 
  xmm4=0x0000898f0000898f0000d5460000d546 xmm5=0x0000c62d0000c62d0000102100001021 
  xmm6=0x0000b6d00000b6d000001b9f00001b9f xmm7=0x000085af000085af000018b2000018b2 

    > load from +0x100 value 0xca
    > store to +0x100 value 0xc8
0x167: and dx, 0b11
  rax=0x0000000000000100 rbx=0x00000000000000b8 rcx=0x0000000000000000 rdx=0x0000000000000004
  rsi=0x00000000000018d3 rdi=0x0000000072f5005a flags=0b000010000010
  xmm0=0x000081e6000081e60000973500009735 xmm1=0x00009a1900009a19000045cb000045cb 
  xmm2=0x0000e9fb0000e9fb0000e24e0000e24e xmm3=0x0000ac8c0000ac8c0000487500004875 
  xmm4=0x0000898f0000898f0000d5460000d546 xmm5=0x0000c62d0000c62d0000102100001021 
  xmm6=0x0000b6d00000b6d000001b9f00001b9f xmm7=0x000085af000085af000018b2000018b2 

0x16b: idiv [r14 +rax]
  rax=0x0000000000000100 rbx=0x00000000000000b8 rcx=0x0000000000000000 rdx=0x0000000000000000
  rsi=0x00000000000018d3 rdi=0x0000000072f5005a flags=0b000001000110
  xmm0=0x000081e6000081e60000973500009735 xmm1=0x00009a1900009a19000045cb000045cb 
  xmm2=0x0000e9fb0000e9fb0000e24e0000e24e xmm3=0x0000ac8c0000ac8c0000487500004875 
  xmm4=0x0000898f0000898f0000d5460000d546 xmm5=0x0000c62d0000c62d0000102100001021 
  xmm6=0x0000b6d00000b6d000001b9f00001b9f xmm7=0x000085af000085af000018b2000018b2 

    > load from +0x100 value 0xc4c8
0x170: and dl, -5
  rax=0x0000000000000000 rbx=0x00000000000000b8 rcx=0x0000000000000000 rdx=0x0000000000000100
  rsi=0x00000000000018d3 rdi=0x0000000072f5005a flags=0b000001000110
  xmm0=0x000081e6000081e60000973500009735 xmm1=0x00009a1900009a19000045cb000045cb 
  xmm2=0x0000e9fb0000e9fb0000e24e0000e24e xmm3=0x0000ac8c0000ac8c0000487500004875 
  xmm4=0x0000898f0000898f0000d5460000d546 xmm5=0x0000c62d0000c62d0000102100001021 
  xmm6=0x0000b6d00000b6d000001b9f00001b9f xmm7=0x000085af000085af000018b2000018b2 

0x173: setbe bl
  rax=0x0000000000000000 rbx=0x00000000000000b8 rcx=0x0000000000000000 rdx=0x0000000000000100
  rsi=0x00000000000018d3 rdi=0x0000000072f5005a flags=0b000001000110
  xmm0=0x000081e6000081e60000973500009735 xmm1=0x00009a1900009a19000045cb000045cb 
  xmm2=0x0000e9fb0000e9fb0000e24e0000e24e xmm3=0x0000ac8c0000ac8c0000487500004875 
  xmm4=0x0000898f0000898f0000d5460000d546 xmm5=0x0000c62d0000c62d0000102100001021 
  xmm6=0x0000b6d00000b6d000001b9f00001b9f xmm7=0x000085af000085af000018b2000018b2 

0x176: and rax, 0b1111111111111
  rax=0x0000000000000000 rbx=0x0000000000000001 rcx=0x0000000000000000 rdx=0x0000000000000100
  rsi=0x00000000000018d3 rdi=0x0000000072f5005a flags=0b000001000110
  xmm0=0x000081e6000081e60000973500009735 xmm1=0x00009a1900009a19000045cb000045cb 
  xmm2=0x0000e9fb0000e9fb0000e24e0000e24e xmm3=0x0000ac8c0000ac8c0000487500004875 
  xmm4=0x0000898f0000898f0000d5460000d546 xmm5=0x0000c62d0000c62d0000102100001021 
  xmm6=0x0000b6d00000b6d000001b9f00001b9f xmm7=0x000085af000085af000018b2000018b2 

0x17c: cmovnl dx, [r14 +rax]
  rax=0x0000000000000000 rbx=0x0000000000000001 rcx=0x0000000000000000 rdx=0x0000000000000100
  rsi=0x00000000000018d3 rdi=0x0000000072f5005a flags=0b000001000110
  xmm0=0x000081e6000081e60000973500009735 xmm1=0x00009a1900009a19000045cb000045cb 
  xmm2=0x0000e9fb0000e9fb0000e24e0000e24e xmm3=0x0000ac8c0000ac8c0000487500004875 
  xmm4=0x0000898f0000898f0000d5460000d546 xmm5=0x0000c62d0000c62d0000102100001021 
  xmm6=0x0000b6d00000b6d000001b9f00001b9f xmm7=0x000085af000085af000018b2000018b2 

    > load from +0x0 value 0xfdb8
0x182: and rsi, 0b1111111111111
  rax=0x0000000000000000 rbx=0x0000000000000001 rcx=0x0000000000000000 rdx=0x000000000000fdb8
  rsi=0x00000000000018d3 rdi=0x0000000072f5005a flags=0b000001000110
  xmm0=0x000081e6000081e60000973500009735 xmm1=0x00009a1900009a19000045cb000045cb 
  xmm2=0x0000e9fb0000e9fb0000e24e0000e24e xmm3=0x0000ac8c0000ac8c0000487500004875 
  xmm4=0x0000898f0000898f0000d5460000d546 xmm5=0x0000c62d0000c62d0000102100001021 
  xmm6=0x0000b6d00000b6d000001b9f00001b9f xmm7=0x000085af000085af000018b2000018b2 

0x189: nop [r14 +rsi]
  rax=0x0000000000000000 rbx=0x0000000000000001 rcx=0x0000000000000000 rdx=0x000000000000fdb8
  rsi=0x00000000000018d3 rdi=0x0000000072f5005a flags=0b000000000010
  xmm0=0x000081e6000081e60000973500009735 xmm1=0x00009a1900009a19000045cb000045cb 
  xmm2=0x0000e9fb0000e9fb0000e24e0000e24e xmm3=0x0000ac8c0000ac8c0000487500004875 
  xmm4=0x0000898f0000898f0000d5460000d546 xmm5=0x0000c62d0000c62d0000102100001021 
  xmm6=0x0000b6d00000b6d000001b9f00001b9f xmm7=0x000085af000085af000018b2000018b2 

0x18e: sub edx, edi
  rax=0x0000000000000000 rbx=0x0000000000000001 rcx=0x0000000000000000 rdx=0x000000000000fdb8
  rsi=0x00000000000018d3 rdi=0x0000000072f5005a flags=0b000000000010
  xmm0=0x000081e6000081e60000973500009735 xmm1=0x00009a1900009a19000045cb000045cb 
  xmm2=0x0000e9fb0000e9fb0000e24e0000e24e xmm3=0x0000ac8c0000ac8c0000487500004875 
  xmm4=0x0000898f0000898f0000d5460000d546 xmm5=0x0000c62d0000c62d0000102100001021 
  xmm6=0x0000b6d00000b6d000001b9f00001b9f xmm7=0x000085af000085af000018b2000018b2 

0x190: and rdx, 0b1111111111111
  rax=0x0000000000000000 rbx=0x0000000000000001 rcx=0x0000000000000000 rdx=0x000000008d0bfd5e
  rsi=0x00000000000018d3 rdi=0x0000000072f5005a flags=0b000010010011
  xmm0=0x000081e6000081e60000973500009735 xmm1=0x00009a1900009a19000045cb000045cb 
  xmm2=0x0000e9fb0000e9fb0000e24e0000e24e xmm3=0x0000ac8c0000ac8c0000487500004875 
  xmm4=0x0000898f0000898f0000d5460000d546 xmm5=0x0000c62d0000c62d0000102100001021 
  xmm6=0x0000b6d00000b6d000001b9f00001b9f xmm7=0x000085af000085af000018b2000018b2 

0x197: test [r14 +rdx], 109
  rax=0x0000000000000000 rbx=0x0000000000000001 rcx=0x0000000000000000 rdx=0x0000000000001d5e
  rsi=0x00000000000018d3 rdi=0x0000000072f5005a flags=0b000000000010
  xmm0=0x000081e6000081e60000973500009735 xmm1=0x00009a1900009a19000045cb000045cb 
  xmm2=0x0000e9fb0000e9fb0000e24e0000e24e xmm3=0x0000ac8c0000ac8c0000487500004875 
  xmm4=0x0000898f0000898f0000d5460000d546 xmm5=0x0000c62d0000c62d0000102100001021 
  xmm6=0x0000b6d00000b6d000001b9f00001b9f xmm7=0x000085af000085af000018b2000018b2 

    > load from +0x1d5e value 0x0
0x19c: and sil, -5
  rax=0x0000000000000000 rbx=0x0000000000000001 rcx=0x0000000000000000 rdx=0x0000000000001d5e
  rsi=0x00000000000018d3 rdi=0x0000000072f5005a flags=0b000001000110
  xmm0=0x000081e6000081e60000973500009735 xmm1=0x00009a1900009a19000045cb000045cb 
  xmm2=0x0000e9fb0000e9fb0000e24e0000e24e xmm3=0x0000ac8c0000ac8c0000487500004875 
  xmm4=0x0000898f0000898f0000d5460000d546 xmm5=0x0000c62d0000c62d0000102100001021 
  xmm6=0x0000b6d00000b6d000001b9f00001b9f xmm7=0x000085af000085af000018b2000018b2 

0x1a0: or si, 0b1000000000000000
  rax=0x0000000000000000 rbx=0x0000000000000001 rcx=0x0000000000000000 rdx=0x0000000000001d5e
  rsi=0x00000000000018d3 rdi=0x0000000072f5005a flags=0b000010000010
  xmm0=0x000081e6000081e60000973500009735 xmm1=0x00009a1900009a19000045cb000045cb 
  xmm2=0x0000e9fb0000e9fb0000e24e0000e24e xmm3=0x0000ac8c0000ac8c0000487500004875 
  xmm4=0x0000898f0000898f0000d5460000d546 xmm5=0x0000c62d0000c62d0000102100001021 
  xmm6=0x0000b6d00000b6d000001b9f00001b9f xmm7=0x000085af000085af000018b2000018b2 

0x1a5: bsr bx, si
  rax=0x0000000000000000 rbx=0x0000000000000001 rcx=0x0000000000000000 rdx=0x0000000000001d5e
  rsi=0x00000000000098d3 rdi=0x0000000072f5005a flags=0b000010000010
  xmm0=0x000081e6000081e60000973500009735 xmm1=0x00009a1900009a19000045cb000045cb 
  xmm2=0x0000e9fb0000e9fb0000e24e0000e24e xmm3=0x0000ac8c0000ac8c0000487500004875 
  xmm4=0x0000898f0000898f0000d5460000d546 xmm5=0x0000c62d0000c62d0000102100001021 
  xmm6=0x0000b6d00000b6d000001b9f00001b9f xmm7=0x000085af000085af000018b2000018b2 

0x1a9: btr cx, si
  rax=0x0000000000000000 rbx=0x000000000000000f rcx=0x0000000000000000 rdx=0x0000000000001d5e
  rsi=0x00000000000098d3 rdi=0x0000000072f5005a flags=0b000010000010
  xmm0=0x000081e6000081e60000973500009735 xmm1=0x00009a1900009a19000045cb000045cb 
  xmm2=0x0000e9fb0000e9fb0000e24e0000e24e xmm3=0x0000ac8c0000ac8c0000487500004875 
  xmm4=0x0000898f0000898f0000d5460000d546 xmm5=0x0000c62d0000c62d0000102100001021 
  xmm6=0x0000b6d00000b6d000001b9f00001b9f xmm7=0x000085af000085af000018b2000018b2 

0x1ad: add sil, 124
  rax=0x0000000000000000 rbx=0x000000000000000f rcx=0x0000000000000000 rdx=0x0000000000001d5e
  rsi=0x00000000000098d3 rdi=0x0000000072f5005a flags=0b100010000010
  xmm0=0x000081e6000081e60000973500009735 xmm1=0x00009a1900009a19000045cb000045cb 
  xmm2=0x0000e9fb0000e9fb0000e24e0000e24e xmm3=0x0000ac8c0000ac8c0000487500004875 
  xmm4=0x0000898f0000898f0000d5460000d546 xmm5=0x0000c62d0000c62d0000102100001021 
  xmm6=0x0000b6d00000b6d000001b9f00001b9f xmm7=0x000085af000085af000018b2000018b2 

0x1b1: and rdi, 0b1111111111111
  rax=0x0000000000000000 rbx=0x000000000000000f rcx=0x0000000000000000 rdx=0x0000000000001d5e
  rsi=0x000000000000984f rdi=0x0000000072f5005a flags=0b000000000011
  xmm0=0x000081e6000081e60000973500009735 xmm1=0x00009a1900009a19000045cb000045cb 
  xmm2=0x0000e9fb0000e9fb0000e24e0000e24e xmm3=0x0000ac8c0000ac8c0000487500004875 
  xmm4=0x0000898f0000898f0000d5460000d546 xmm5=0x0000c62d0000c62d0000102100001021 
  xmm6=0x0000b6d00000b6d000001b9f00001b9f xmm7=0x000085af000085af000018b2000018b2 

0x1b8: cmovnp eax, [r14 +rdi]
  rax=0x0000000000000000 rbx=0x000000000000000f rcx=0x0000000000000000 rdx=0x0000000000001d5e
  rsi=0x000000000000984f rdi=0x000000000000005a flags=0b000000000110
  xmm0=0x000081e6000081e60000973500009735 xmm1=0x00009a1900009a19000045cb000045cb 
  xmm2=0x0000e9fb0000e9fb0000e24e0000e24e xmm3=0x0000ac8c0000ac8c0000487500004875 
  xmm4=0x0000898f0000898f0000d5460000d546 xmm5=0x0000c62d0000c62d0000102100001021 
  xmm6=0x0000b6d00000b6d000001b9f00001b9f xmm7=0x000085af000085af000018b2000018b2 

    > load from +0x5a value 0xadb60000
0x1bd: and ax, -29610
  rax=0x0000000000000000 rbx=0x000000000000000f rcx=0x0000000000000000 rdx=0x0000000000001d5e
  rsi=0x000000000000984f rdi=0x000000000000005a flags=0b000000000110
  xmm0=0x000081e6000081e60000973500009735 xmm1=0x00009a1900009a19000045cb000045cb 
  xmm2=0x0000e9fb0000e9fb0000e24e0000e24e xmm3=0x0000ac8c0000ac8c0000487500004875 
  xmm4=0x0000898f0000898f0000d5460000d546 xmm5=0x0000c62d0000c62d0000102100001021 
  xmm6=0x0000b6d00000b6d000001b9f00001b9f xmm7=0x000085af000085af000018b2000018b2 

0x1c1: and rsi, 0b1111111111111
  rax=0x0000000000000000 rbx=0x000000000000000f rcx=0x0000000000000000 rdx=0x0000000000001d5e
  rsi=0x000000000000984f rdi=0x000000000000005a flags=0b000001000110
  xmm0=0x000081e6000081e60000973500009735 xmm1=0x00009a1900009a19000045cb000045cb 
  xmm2=0x0000e9fb0000e9fb0000e24e0000e24e xmm3=0x0000ac8c0000ac8c0000487500004875 
  xmm4=0x0000898f0000898f0000d5460000d546 xmm5=0x0000c62d0000c62d0000102100001021 
  xmm6=0x0000b6d00000b6d000001b9f00001b9f xmm7=0x000085af000085af000018b2000018b2 

0x1c8: imul si, [r14 +rsi]
  rax=0x0000000000000000 rbx=0x000000000000000f rcx=0x0000000000000000 rdx=0x0000000000001d5e
  rsi=0x000000000000184f rdi=0x000000000000005a flags=0b000000000010
  xmm0=0x000081e6000081e60000973500009735 xmm1=0x00009a1900009a19000045cb000045cb 
  xmm2=0x0000e9fb0000e9fb0000e24e0000e24e xmm3=0x0000ac8c0000ac8c0000487500004875 
  xmm4=0x0000898f0000898f0000d5460000d546 xmm5=0x0000c62d0000c62d0000102100001021 
  xmm6=0x0000b6d00000b6d000001b9f00001b9f xmm7=0x000085af000085af000018b2000018b2 

    > load from +0x184f value 0x8f00
0x1ce: and rsi, 0b1111111111111
  rax=0x0000000000000000 rbx=0x000000000000000f rcx=0x0000000000000000 rdx=0x0000000000001d5e
  rsi=0x0000000000002100 rdi=0x000000000000005a flags=0b100000000111
  xmm0=0x000081e6000081e60000973500009735 xmm1=0x00009a1900009a19000045cb000045cb 
  xmm2=0x0000e9fb0000e9fb0000e24e0000e24e xmm3=0x0000ac8c0000ac8c0000487500004875 
  xmm4=0x0000898f0000898f0000d5460000d546 xmm5=0x0000c62d0000c62d0000102100001021 
  xmm6=0x0000b6d00000b6d000001b9f00001b9f xmm7=0x000085af000085af000018b2000018b2 

0x1d5: adc cl, [r14 +rsi]
  rax=0x0000000000000000 rbx=0x000000000000000f rcx=0x0000000000000000 rdx=0x0000000000001d5e
  rsi=0x0000000000000100 rdi=0x000000000000005a flags=0b000000000110
  xmm0=0x000081e6000081e60000973500009735 xmm1=0x00009a1900009a19000045cb000045cb 
  xmm2=0x0000e9fb0000e9fb0000e24e0000e24e xmm3=0x0000ac8c0000ac8c0000487500004875 
  xmm4=0x0000898f0000898f0000d5460000d546 xmm5=0x0000c62d0000c62d0000102100001021 
  xmm6=0x0000b6d00000b6d000001b9f00001b9f xmm7=0x000085af000085af000018b2000018b2 

    > load from +0x100 value 0xc8
0x1d9: macro .switch, .actor2.function_actor2_1
  rax=0x0000000000000000 rbx=0x000000000000000f rcx=0x00000000000000c8 rdx=0x0000000000001d5e
  rsi=0x0000000000000100 rdi=0x000000000000005a flags=0b000010000010
  xmm0=0x000081e6000081e60000973500009735 xmm1=0x00009a1900009a19000045cb000045cb 
  xmm2=0x0000e9fb0000e9fb0000e24e0000e24e xmm3=0x0000ac8c0000ac8c0000487500004875 
  xmm4=0x0000898f0000898f0000d5460000d546 xmm5=0x0000c62d0000c62d0000102100001021 
  xmm6=0x0000b6d00000b6d000001b9f00001b9f xmm7=0x000085af000085af000018b2000018b2 

0x31b2: pushfq 
  rax=0x0000000000000000 rbx=0x000000000000000f rcx=0x00000000000000c8 rdx=0x0000000000001d5e
  rsi=0x0000000000000100 rdi=0x000000000000005a flags=0b000010000010
  xmm0=0x000081e6000081e60000973500009735 xmm1=0x00009a1900009a19000045cb000045cb 
  xmm2=0x0000e9fb0000e9fb0000e24e0000e24e xmm3=0x0000ac8c0000ac8c0000487500004875 
  xmm4=0x0000898f0000898f0000d5460000d546 xmm5=0x0000c62d0000c62d0000102100001021 
  xmm6=0x0000b6d00000b6d000001b9f00001b9f xmm7=0x000085af000085af000018b2000018b2 

    > store to +0x4ff0 value 0x82
0x31b3: push rax
  rax=0x0000000000000000 rbx=0x000000000000000f rcx=0x00000000000000c8 rdx=0x0000000000001d5e
  rsi=0x0000000000000100 rdi=0x000000000000005a flags=0b000010000010
  xmm0=0x000081e6000081e60000973500009735 xmm1=0x00009a1900009a19000045cb000045cb 
  xmm2=0x0000e9fb0000e9fb0000e24e0000e24e xmm3=0x0000ac8c0000ac8c0000487500004875 
  xmm4=0x0000898f0000898f0000d5460000d546 xmm5=0x0000c62d0000c62d0000102100001021 
  xmm6=0x0000b6d00000b6d000001b9f00001b9f xmm7=0x000085af000085af000018b2000018b2 

    > store to +0x4fe8 value 0x0
0x31b4: push rcx
  rax=0x0000000000000000 rbx=0x000000000000000f rcx=0x00000000000000c8 rdx=0x0000000000001d5e
  rsi=0x0000000000000100 rdi=0x000000000000005a flags=0b000010000010
  xmm0=0x000081e6000081e60000973500009735 xmm1=0x00009a1900009a19000045cb000045cb 
  xmm2=0x0000e9fb0000e9fb0000e24e0000e24e xmm3=0x0000ac8c0000ac8c0000487500004875 
  xmm4=0x0000898f0000898f0000d5460000d546 xmm5=0x0000c62d0000c62d0000102100001021 
  xmm6=0x0000b6d00000b6d000001b9f00001b9f xmm7=0x000085af000085af000018b2000018b2 

    > store to +0x4fe0 value 0xc8
0x31b5: push rdx
  rax=0x0000000000000000 rbx=0x000000000000000f rcx=0x00000000000000c8 rdx=0x0000000000001d5e
  rsi=0x0000000000000100 rdi=0x000000000000005a flags=0b000010000010
  xmm0=0x000081e6000081e60000973500009735 xmm1=0x00009a1900009a19000045cb000045cb 
  xmm2=0x0000e9fb0000e9fb0000e24e0000e24e xmm3=0x0000ac8c0000ac8c0000487500004875 
  xmm4=0x0000898f0000898f0000d5460000d546 xmm5=0x0000c62d0000c62d0000102100001021 
  xmm6=0x0000b6d00000b6d000001b9f00001b9f xmm7=0x000085af000085af000018b2000018b2 

    > store to +0x4fd8 value 0x1d5e
0x31b6: mov ecx, 0x48
  rax=0x0000000000000000 rbx=0x000000000000000f rcx=0x00000000000000c8 rdx=0x0000000000001d5e
  rsi=0x0000000000000100 rdi=0x000000000000005a flags=0b000010000010
  xmm0=0x000081e6000081e60000973500009735 xmm1=0x00009a1900009a19000045cb000045cb 
  xmm2=0x0000e9fb0000e9fb0000e24e0000e24e xmm3=0x0000ac8c0000ac8c0000487500004875 
  xmm4=0x0000898f0000898f0000d5460000d546 xmm5=0x0000c62d0000c62d0000102100001021 
  xmm6=0x0000b6d00000b6d000001b9f00001b9f xmm7=0x000085af000085af000018b2000018b2 

0x31bb: rdmsr 
  rax=0x0000000000000000 rbx=0x000000000000000f rcx=0x0000000000000048 rdx=0x0000000000001d5e
  rsi=0x0000000000000100 rdi=0x000000000000005a flags=0b000010000010
  xmm0=0x000081e6000081e60000973500009735 xmm1=0x00009a1900009a19000045cb000045cb 
  xmm2=0x0000e9fb0000e9fb0000e24e0000e24e xmm3=0x0000ac8c0000ac8c0000487500004875 
  xmm4=0x0000898f0000898f0000d5460000d546 xmm5=0x0000c62d0000c62d0000102100001021 
  xmm6=0x0000b6d00000b6d000001b9f00001b9f xmm7=0x000085af000085af000018b2000018b2 

0x31bd: and eax, 0xfffffffb
  rax=0x0000000000000000 rbx=0x000000000000000f rcx=0x0000000000000048 rdx=0x0000000000000000
  rsi=0x0000000000000100 rdi=0x000000000000005a flags=0b000010000010
  xmm0=0x000081e6000081e60000973500009735 xmm1=0x00009a1900009a19000045cb000045cb 
  xmm2=0x0000e9fb0000e9fb0000e24e0000e24e xmm3=0x0000ac8c0000ac8c0000487500004875 
  xmm4=0x0000898f0000898f0000d5460000d546 xmm5=0x0000c62d0000c62d0000102100001021 
  xmm6=0x0000b6d00000b6d000001b9f00001b9f xmm7=0x000085af000085af000018b2000018b2 

0x31c0: or eax, 0x100
  rax=0x0000000000000000 rbx=0x000000000000000f rcx=0x0000000000000048 rdx=0x0000000000000000
  rsi=0x0000000000000100 rdi=0x000000000000005a flags=0b000001000110
  xmm0=0x000081e6000081e60000973500009735 xmm1=0x00009a1900009a19000045cb000045cb 
  xmm2=0x0000e9fb0000e9fb0000e24e0000e24e xmm3=0x0000ac8c0000ac8c0000487500004875 
  xmm4=0x0000898f0000898f0000d5460000d546 xmm5=0x0000c62d0000c62d0000102100001021 
  xmm6=0x0000b6d00000b6d000001b9f00001b9f xmm7=0x000085af000085af000018b2000018b2 

0x31c5: wrmsr 
  rax=0x0000000000000100 rbx=0x000000000000000f rcx=0x0000000000000048 rdx=0x0000000000000000
  rsi=0x0000000000000100 rdi=0x000000000000005a flags=0b000000000110
  xmm0=0x000081e6000081e60000973500009735 xmm1=0x00009a1900009a19000045cb000045cb 
  xmm2=0x0000e9fb0000e9fb0000e24e0000e24e xmm3=0x0000ac8c0000ac8c0000487500004875 
  xmm4=0x0000898f0000898f0000d5460000d546 xmm5=0x0000c62d0000c62d0000102100001021 
  xmm6=0x0000b6d00000b6d000001b9f00001b9f xmm7=0x000085af000085af000018b2000018b2 

0x31c7: mfence 
  rax=0x0000000000000100 rbx=0x000000000000000f rcx=0x0000000000000048 rdx=0x0000000000000000
  rsi=0x0000000000000100 rdi=0x000000000000005a flags=0b000000000110
  xmm0=0x000081e6000081e60000973500009735 xmm1=0x00009a1900009a19000045cb000045cb 
  xmm2=0x0000e9fb0000e9fb0000e24e0000e24e xmm3=0x0000ac8c0000ac8c0000487500004875 
  xmm4=0x0000898f0000898f0000d5460000d546 xmm5=0x0000c62d0000c62d0000102100001021 
  xmm6=0x0000b6d00000b6d000001b9f00001b9f xmm7=0x000085af000085af000018b2000018b2 

0x31ca: lfence 
  rax=0x0000000000000100 rbx=0x000000000000000f rcx=0x0000000000000048 rdx=0x0000000000000000
  rsi=0x0000000000000100 rdi=0x000000000000005a flags=0b000000000110
  xmm0=0x000081e6000081e60000973500009735 xmm1=0x00009a1900009a19000045cb000045cb 
  xmm2=0x0000e9fb0000e9fb0000e24e0000e24e xmm3=0x0000ac8c0000ac8c0000487500004875 
  xmm4=0x0000898f0000898f0000d5460000d546 xmm5=0x0000c62d0000c62d0000102100001021 
  xmm6=0x0000b6d00000b6d000001b9f00001b9f xmm7=0x000085af000085af000018b2000018b2 

0x31cd: macro .measurement_end, .noarg
  rax=0x0000000000000100 rbx=0x000000000000000f rcx=0x0000000000000048 rdx=0x0000000000000000
  rsi=0x0000000000000100 rdi=0x000000000000005a flags=0b000000000110
  xmm0=0x000081e6000081e60000973500009735 xmm1=0x00009a1900009a19000045cb000045cb 
  xmm2=0x0000e9fb0000e9fb0000e24e0000e24e xmm3=0x0000ac8c0000ac8c0000487500004875 
  xmm4=0x0000898f0000898f0000d5460000d546 xmm5=0x0000c62d0000c62d0000102100001021 
  xmm6=0x0000b6d00000b6d000001b9f00001b9f xmm7=0x000085af000085af000018b2000018b2 

0x31d5: mov ecx, 0x48
  rax=0x0000000000000100 rbx=0x000000000000000f rcx=0x0000000000000048 rdx=0x0000000000000000
  rsi=0x0000000000000100 rdi=0x000000000000005a flags=0b000000000110
  xmm0=0x000081e6000081e60000973500009735 xmm1=0x00009a1900009a19000045cb000045cb 
  xmm2=0x0000e9fb0000e9fb0000e24e0000e24e xmm3=0x0000ac8c0000ac8c0000487500004875 
  xmm4=0x0000898f0000898f0000d5460000d546 xmm5=0x0000c62d0000c62d0000102100001021 
  xmm6=0x0000b6d00000b6d000001b9f00001b9f xmm7=0x000085af000085af000018b2000018b2 

0x31da: rdmsr 
  rax=0x0000000000000100 rbx=0x000000000000000f rcx=0x0000000000000048 rdx=0x0000000000000000
  rsi=0x0000000000000100 rdi=0x000000000000005a flags=0b000000000110
  xmm0=0x000081e6000081e60000973500009735 xmm1=0x00009a1900009a19000045cb000045cb 
  xmm2=0x0000e9fb0000e9fb0000e24e0000e24e xmm3=0x0000ac8c0000ac8c0000487500004875 
  xmm4=0x0000898f0000898f0000d5460000d546 xmm5=0x0000c62d0000c62d0000102100001021 
  xmm6=0x0000b6d00000b6d000001b9f00001b9f xmm7=0x000085af000085af000018b2000018b2 

0x31dc: and eax, 0xfffffffb
  rax=0x0000000000000000 rbx=0x000000000000000f rcx=0x0000000000000048 rdx=0x0000000000000000
  rsi=0x0000000000000100 rdi=0x000000000000005a flags=0b000000000110
  xmm0=0x000081e6000081e60000973500009735 xmm1=0x00009a1900009a19000045cb000045cb 
  xmm2=0x0000e9fb0000e9fb0000e24e0000e24e xmm3=0x0000ac8c0000ac8c0000487500004875 
  xmm4=0x0000898f0000898f0000d5460000d546 xmm5=0x0000c62d0000c62d0000102100001021 
  xmm6=0x0000b6d00000b6d000001b9f00001b9f xmm7=0x000085af000085af000018b2000018b2 

0x31df: and eax, 0xfffffeff
  rax=0x0000000000000000 rbx=0x000000000000000f rcx=0x0000000000000048 rdx=0x0000000000000000
  rsi=0x0000000000000100 rdi=0x000000000000005a flags=0b000001000110
  xmm0=0x000081e6000081e60000973500009735 xmm1=0x00009a1900009a19000045cb000045cb 
  xmm2=0x0000e9fb0000e9fb0000e24e0000e24e xmm3=0x0000ac8c0000ac8c0000487500004875 
  xmm4=0x0000898f0000898f0000d5460000d546 xmm5=0x0000c62d0000c62d0000102100001021 
  xmm6=0x0000b6d00000b6d000001b9f00001b9f xmm7=0x000085af000085af000018b2000018b2 

0x31e4: wrmsr 
  rax=0x0000000000000000 rbx=0x000000000000000f rcx=0x0000000000000048 rdx=0x0000000000000000
  rsi=0x0000000000000100 rdi=0x000000000000005a flags=0b000001000110
  xmm0=0x000081e6000081e60000973500009735 xmm1=0x00009a1900009a19000045cb000045cb 
  xmm2=0x0000e9fb0000e9fb0000e24e0000e24e xmm3=0x0000ac8c0000ac8c0000487500004875 
  xmm4=0x0000898f0000898f0000d5460000d546 xmm5=0x0000c62d0000c62d0000102100001021 
  xmm6=0x0000b6d00000b6d000001b9f00001b9f xmm7=0x000085af000085af000018b2000018b2 

0x31e6: mfence 
  rax=0x0000000000000000 rbx=0x000000000000000f rcx=0x0000000000000048 rdx=0x0000000000000000
  rsi=0x0000000000000100 rdi=0x000000000000005a flags=0b000001000110
  xmm0=0x000081e6000081e60000973500009735 xmm1=0x00009a1900009a19000045cb000045cb 
  xmm2=0x0000e9fb0000e9fb0000e24e0000e24e xmm3=0x0000ac8c0000ac8c0000487500004875 
  xmm4=0x0000898f0000898f0000d5460000d546 xmm5=0x0000c62d0000c62d0000102100001021 
  xmm6=0x0000b6d00000b6d000001b9f00001b9f xmm7=0x000085af000085af000018b2000018b2 

0x31e9: lfence 
  rax=0x0000000000000000 rbx=0x000000000000000f rcx=0x0000000000000048 rdx=0x0000000000000000
  rsi=0x0000000000000100 rdi=0x000000000000005a flags=0b000001000110
  xmm0=0x000081e6000081e60000973500009735 xmm1=0x00009a1900009a19000045cb000045cb 
  xmm2=0x0000e9fb0000e9fb0000e24e0000e24e xmm3=0x0000ac8c0000ac8c0000487500004875 
  xmm4=0x0000898f0000898f0000d5460000d546 xmm5=0x0000c62d0000c62d0000102100001021 
  xmm6=0x0000b6d00000b6d000001b9f00001b9f xmm7=0x000085af000085af000018b2000018b2 

0x31ec: pop rdx
  rax=0x0000000000000000 rbx=0x000000000000000f rcx=0x0000000000000048 rdx=0x0000000000000000
  rsi=0x0000000000000100 rdi=0x000000000000005a flags=0b000001000110
  xmm0=0x000081e6000081e60000973500009735 xmm1=0x00009a1900009a19000045cb000045cb 
  xmm2=0x0000e9fb0000e9fb0000e24e0000e24e xmm3=0x0000ac8c0000ac8c0000487500004875 
  xmm4=0x0000898f0000898f0000d5460000d546 xmm5=0x0000c62d0000c62d0000102100001021 
  xmm6=0x0000b6d00000b6d000001b9f00001b9f xmm7=0x000085af000085af000018b2000018b2 

    > load from +0x4fd8 value 0x1d5e
0x31ed: pop rcx
  rax=0x0000000000000000 rbx=0x000000000000000f rcx=0x0000000000000048 rdx=0x0000000000001d5e
  rsi=0x0000000000000100 rdi=0x000000000000005a flags=0b000001000110
  xmm0=0x000081e6000081e60000973500009735 xmm1=0x00009a1900009a19000045cb000045cb 
  xmm2=0x0000e9fb0000e9fb0000e24e0000e24e xmm3=0x0000ac8c0000ac8c0000487500004875 
  xmm4=0x0000898f0000898f0000d5460000d546 xmm5=0x0000c62d0000c62d0000102100001021 
  xmm6=0x0000b6d00000b6d000001b9f00001b9f xmm7=0x000085af000085af000018b2000018b2 

    > load from +0x4fe0 value 0xc8
0x31ee: pop rax
  rax=0x0000000000000000 rbx=0x000000000000000f rcx=0x00000000000000c8 rdx=0x0000000000001d5e
  rsi=0x0000000000000100 rdi=0x000000000000005a flags=0b000001000110
  xmm0=0x000081e6000081e60000973500009735 xmm1=0x00009a1900009a19000045cb000045cb 
  xmm2=0x0000e9fb0000e9fb0000e24e0000e24e xmm3=0x0000ac8c0000ac8c0000487500004875 
  xmm4=0x0000898f0000898f0000d5460000d546 xmm5=0x0000c62d0000c62d0000102100001021 
  xmm6=0x0000b6d00000b6d000001b9f00001b9f xmm7=0x000085af000085af000018b2000018b2 

    > load from +0x4fe8 value 0x0
0x31ef: popfq 
  rax=0x0000000000000000 rbx=0x000000000000000f rcx=0x00000000000000c8 rdx=0x0000000000001d5e
  rsi=0x0000000000000100 rdi=0x000000000000005a flags=0b000001000110
  xmm0=0x000081e6000081e60000973500009735 xmm1=0x00009a1900009a19000045cb000045cb 
  xmm2=0x0000e9fb0000e9fb0000e24e0000e24e xmm3=0x0000ac8c0000ac8c0000487500004875 
  xmm4=0x0000898f0000898f0000d5460000d546 xmm5=0x0000c62d0000c62d0000102100001021 
  xmm6=0x0000b6d00000b6d000001b9f00001b9f xmm7=0x000085af000085af000018b2000018b2 

    > load from +0x4ff0 value 0x82
0x31f0: macro .switch, .main.function_main_2
  rax=0x0000000000000000 rbx=0x000000000000000f rcx=0x00000000000000c8 rdx=0x0000000000001d5e
  rsi=0x0000000000000100 rdi=0x000000000000005a flags=0b000010000010
  xmm0=0x000081e6000081e60000973500009735 xmm1=0x00009a1900009a19000045cb000045cb 
  xmm2=0x0000e9fb0000e9fb0000e24e0000e24e xmm3=0x0000ac8c0000ac8c0000487500004875 
  xmm4=0x0000898f0000898f0000d5460000d546 xmm5=0x0000c62d0000c62d0000102100001021 
  xmm6=0x0000b6d00000b6d000001b9f00001b9f xmm7=0x000085af000085af000018b2000018b2 

0x1e1: nop  [test_case_exit]
  rax=0x0000000000000000 rbx=0x000000000000000f rcx=0x00000000000000c8 rdx=0x0000000000001d5e
  rsi=0x0000000000000100 rdi=0x000000000000005a flags=0b000010000010
  xmm0=0x000081e6000081e60000973500009735 xmm1=0x00009a1900009a19000045cb000045cb 
  xmm2=0x0000e9fb0000e9fb0000e24e0000e24e xmm3=0x0000ac8c0000ac8c0000487500004875 
  xmm4=0x0000898f0000898f0000d5460000d546 xmm5=0x0000c62d0000c62d0000102100001021 
  xmm6=0x0000b6d00000b6d000001b9f00001b9f xmm7=0x000085af000085af000018b2000018b2 




                      ##### Input 73 #####

                     ##### Input 0 #####
0x0 : macro .switch, .actor2.function_actor2_0
  rax=0x0000d8c70000d8c7 rbx=0x000056e1000056e1 rcx=0x0000c6300000c630 rdx=0x0000b1bf0000b1bf
  rsi=0x000013cf000013cf rdi=0x0000178e0000178e flags=0b000010010111
  xmm0=0x00009357000093570000344700003447 xmm1=0x0000d27c0000d27c0000887300008873 
  xmm2=0x0000c09c0000c09c0000f48a0000f48a xmm3=0x00006e3900006e390000418600004186 
  xmm4=0x0000144000001440000042c0000042c0 xmm5=0x000008900000089000003db200003db2 
  xmm6=0x00006979000069790000fd680000fd68 xmm7=0x0000f1550000f1550000c55e0000c55e 

0x3000: pushfq 
  rax=0x0000d8c70000d8c7 rbx=0x000056e1000056e1 rcx=0x0000c6300000c630 rdx=0x0000b1bf0000b1bf
  rsi=0x000013cf000013cf rdi=0x0000178e0000178e flags=0b000010010111
  xmm0=0x00009357000093570000344700003447 xmm1=0x0000d27c0000d27c0000887300008873 
  xmm2=0x0000c09c0000c09c0000f48a0000f48a xmm3=0x00006e3900006e390000418600004186 
  xmm4=0x0000144000001440000042c0000042c0 xmm5=0x000008900000089000003db200003db2 
  xmm6=0x00006979000069790000fd680000fd68 xmm7=0x0000f1550000f1550000c55e0000c55e 

    > store to +0x4ff0 value 0x97
0x3001: push rax
  rax=0x0000d8c70000d8c7 rbx=0x000056e1000056e1 rcx=0x0000c6300000c630 rdx=0x0000b1bf0000b1bf
  rsi=0x000013cf000013cf rdi=0x0000178e0000178e flags=0b000010010111
  xmm0=0x00009357000093570000344700003447 xmm1=0x0000d27c0000d27c0000887300008873 
  xmm2=0x0000c09c0000c09c0000f48a0000f48a xmm3=0x00006e3900006e390000418600004186 
  xmm4=0x0000144000001440000042c0000042c0 xmm5=0x000008900000089000003db200003db2 
  xmm6=0x00006979000069790000fd680000fd68 xmm7=0x0000f1550000f1550000c55e0000c55e 

    > store to +0x4fe8 value 0xd8c70000d8c7
0x3002: push rcx
  rax=0x0000d8c70000d8c7 rbx=0x000056e1000056e1 rcx=0x0000c6300000c630 rdx=0x0000b1bf0000b1bf
  rsi=0x000013cf000013cf rdi=0x0000178e0000178e flags=0b000010010111
  xmm0=0x00009357000093570000344700003447 xmm1=0x0000d27c0000d27c0000887300008873 
  xmm2=0x0000c09c0000c09c0000f48a0000f48a xmm3=0x00006e3900006e390000418600004186 
  xmm4=0x0000144000001440000042c0000042c0 xmm5=0x000008900000089000003db200003db2 
  xmm6=0x00006979000069790000fd680000fd68 xmm7=0x0000f1550000f1550000c55e0000c55e 

    > store to +0x4fe0 value 0xc6300000c630
0x3003: push rdx
  rax=0x0000d8c70000d8c7 rbx=0x000056e1000056e1 rcx=0x0000c6300000c630 rdx=0x0000b1bf0000b1bf
  rsi=0x000013cf000013cf rdi=0x0000178e0000178e flags=0b000010010111
  xmm0=0x00009357000093570000344700003447 xmm1=0x0000d27c0000d27c0000887300008873 
  xmm2=0x0000c09c0000c09c0000f48a0000f48a xmm3=0x00006e3900006e390000418600004186 
  xmm4=0x0000144000001440000042c0000042c0 xmm5=0x000008900000089000003db200003db2 
  xmm6=0x00006979000069790000fd680000fd68 xmm7=0x0000f1550000f1550000c55e0000c55e 

    > store to +0x4fd8 value 0xb1bf0000b1bf
0x3004: mov ecx, 0x48
  rax=0x0000d8c70000d8c7 rbx=0x000056e1000056e1 rcx=0x0000c6300000c630 rdx=0x0000b1bf0000b1bf
  rsi=0x000013cf000013cf rdi=0x0000178e0000178e flags=0b000010010111
  xmm0=0x00009357000093570000344700003447 xmm1=0x0000d27c0000d27c0000887300008873 
  xmm2=0x0000c09c0000c09c0000f48a0000f48a xmm3=0x00006e3900006e390000418600004186 
  xmm4=0x0000144000001440000042c0000042c0 xmm5=0x000008900000089000003db200003db2 
  xmm6=0x00006979000069790000fd680000fd68 xmm7=0x0000f1550000f1550000c55e0000c55e 

0x3009: rdmsr 
  rax=0x0000d8c70000d8c7 rbx=0x000056e1000056e1 rcx=0x0000000000000048 rdx=0x0000b1bf0000b1bf
  rsi=0x000013cf000013cf rdi=0x0000178e0000178e flags=0b000010010111
  xmm0=0x00009357000093570000344700003447 xmm1=0x0000d27c0000d27c0000887300008873 
  xmm2=0x0000c09c0000c09c0000f48a0000f48a xmm3=0x00006e3900006e390000418600004186 
  xmm4=0x0000144000001440000042c0000042c0 xmm5=0x000008900000089000003db200003db2 
  xmm6=0x00006979000069790000fd680000fd68 xmm7=0x0000f1550000f1550000c55e0000c55e 

0x300b: and eax, 0xfffffffb
  rax=0x0000000000000000 rbx=0x000056e1000056e1 rcx=0x0000000000000048 rdx=0x0000000000000000
  rsi=0x000013cf000013cf rdi=0x0000178e0000178e flags=0b000010010111
  xmm0=0x00009357000093570000344700003447 xmm1=0x0000d27c0000d27c0000887300008873 
  xmm2=0x0000c09c0000c09c0000f48a0000f48a xmm3=0x00006e3900006e390000418600004186 
  xmm4=0x0000144000001440000042c0000042c0 xmm5=0x000008900000089000003db200003db2 
  xmm6=0x00006979000069790000fd680000fd68 xmm7=0x0000f1550000f1550000c55e0000c55e 

0x300e: or eax, 0x100
  rax=0x0000000000000000 rbx=0x000056e1000056e1 rcx=0x0000000000000048 rdx=0x0000000000000000
  rsi=0x000013cf000013cf rdi=0x0000178e0000178e flags=0b000001000110
  xmm0=0x00009357000093570000344700003447 xmm1=0x0000d27c0000d27c0000887300008873 
  xmm2=0x0000c09c0000c09c0000f48a0000f48a xmm3=0x00006e3900006e390000418600004186 
  xmm4=0x0000144000001440000042c0000042c0 xmm5=0x000008900000089000003db200003db2 
  xmm6=0x00006979000069790000fd680000fd68 xmm7=0x0000f1550000f1550000c55e0000c55e 

0x3013: wrmsr 
  rax=0x0000000000000100 rbx=0x000056e1000056e1 rcx=0x0000000000000048 rdx=0x0000000000000000
  rsi=0x000013cf000013cf rdi=0x0000178e0000178e flags=0b000000000110
  xmm0=0x00009357000093570000344700003447 xmm1=0x0000d27c0000d27c0000887300008873 
  xmm2=0x0000c09c0000c09c0000f48a0000f48a xmm3=0x00006e3900006e390000418600004186 
  xmm4=0x0000144000001440000042c0000042c0 xmm5=0x000008900000089000003db200003db2 
  xmm6=0x00006979000069790000fd680000fd68 xmm7=0x0000f1550000f1550000c55e0000c55e 

0x3015: mfence 
  rax=0x0000000000000100 rbx=0x000056e1000056e1 rcx=0x0000000000000048 rdx=0x0000000000000000
  rsi=0x000013cf000013cf rdi=0x0000178e0000178e flags=0b000000000110
  xmm0=0x00009357000093570000344700003447 xmm1=0x0000d27c0000d27c0000887300008873 
  xmm2=0x0000c09c0000c09c0000f48a0000f48a xmm3=0x00006e3900006e390000418600004186 
  xmm4=0x0000144000001440000042c0000042c0 xmm5=0x000008900000089000003db200003db2 
  xmm6=0x00006979000069790000fd680000fd68 xmm7=0x0000f1550000f1550000c55e0000c55e 

0x3018: lfence 
  rax=0x0000000000000100 rbx=0x000056e1000056e1 rcx=0x0000000000000048 rdx=0x0000000000000000
  rsi=0x000013cf000013cf rdi=0x0000178e0000178e flags=0b000000000110
  xmm0=0x00009357000093570000344700003447 xmm1=0x0000d27c0000d27c0000887300008873 
  xmm2=0x0000c09c0000c09c0000f48a0000f48a xmm3=0x00006e3900006e390000418600004186 
  xmm4=0x0000144000001440000042c0000042c0 xmm5=0x000008900000089000003db200003db2 
  xmm6=0x00006979000069790000fd680000fd68 xmm7=0x0000f1550000f1550000c55e0000c55e 

0x301b: macro .measurement_start, .noarg
  rax=0x0000000000000100 rbx=0x000056e1000056e1 rcx=0x0000000000000048 rdx=0x0000000000000000
  rsi=0x000013cf000013cf rdi=0x0000178e0000178e flags=0b000000000110
  xmm0=0x00009357000093570000344700003447 xmm1=0x0000d27c0000d27c0000887300008873 
  xmm2=0x0000c09c0000c09c0000f48a0000f48a xmm3=0x00006e3900006e390000418600004186 
  xmm4=0x0000144000001440000042c0000042c0 xmm5=0x000008900000089000003db200003db2 
  xmm6=0x00006979000069790000fd680000fd68 xmm7=0x0000f1550000f1550000c55e0000c55e 

0x3023: mov ecx, 0x48
  rax=0x0000000000000100 rbx=0x000056e1000056e1 rcx=0x0000000000000048 rdx=0x0000000000000000
  rsi=0x000013cf000013cf rdi=0x0000178e0000178e flags=0b000000000110
  xmm0=0x00009357000093570000344700003447 xmm1=0x0000d27c0000d27c0000887300008873 
  xmm2=0x0000c09c0000c09c0000f48a0000f48a xmm3=0x00006e3900006e390000418600004186 
  xmm4=0x0000144000001440000042c0000042c0 xmm5=0x000008900000089000003db200003db2 
  xmm6=0x00006979000069790000fd680000fd68 xmm7=0x0000f1550000f1550000c55e0000c55e 

0x3028: rdmsr 
  rax=0x0000000000000100 rbx=0x000056e1000056e1 rcx=0x0000000000000048 rdx=0x0000000000000000
  rsi=0x000013cf000013cf rdi=0x0000178e0000178e flags=0b000000000110
  xmm0=0x00009357000093570000344700003447 xmm1=0x0000d27c0000d27c0000887300008873 
  xmm2=0x0000c09c0000c09c0000f48a0000f48a xmm3=0x00006e3900006e390000418600004186 
  xmm4=0x0000144000001440000042c0000042c0 xmm5=0x000008900000089000003db200003db2 
  xmm6=0x00006979000069790000fd680000fd68 xmm7=0x0000f1550000f1550000c55e0000c55e 

0x302a: and eax, 0xfffffffb
  rax=0x0000000000000000 rbx=0x000056e1000056e1 rcx=0x0000000000000048 rdx=0x0000000000000000
  rsi=0x000013cf000013cf rdi=0x0000178e0000178e flags=0b000000000110
  xmm0=0x00009357000093570000344700003447 xmm1=0x0000d27c0000d27c0000887300008873 
  xmm2=0x0000c09c0000c09c0000f48a0000f48a xmm3=0x00006e3900006e390000418600004186 
  xmm4=0x0000144000001440000042c0000042c0 xmm5=0x000008900000089000003db200003db2 
  xmm6=0x00006979000069790000fd680000fd68 xmm7=0x0000f1550000f1550000c55e0000c55e 

0x302d: and eax, 0xfffffeff
  rax=0x0000000000000000 rbx=0x000056e1000056e1 rcx=0x0000000000000048 rdx=0x0000000000000000
  rsi=0x000013cf000013cf rdi=0x0000178e0000178e flags=0b000001000110
  xmm0=0x00009357000093570000344700003447 xmm1=0x0000d27c0000d27c0000887300008873 
  xmm2=0x0000c09c0000c09c0000f48a0000f48a xmm3=0x00006e3900006e390000418600004186 
  xmm4=0x0000144000001440000042c0000042c0 xmm5=0x000008900000089000003db200003db2 
  xmm6=0x00006979000069790000fd680000fd68 xmm7=0x0000f1550000f1550000c55e0000c55e 

0x3032: wrmsr 
  rax=0x0000000000000000 rbx=0x000056e1000056e1 rcx=0x0000000000000048 rdx=0x0000000000000000
  rsi=0x000013cf000013cf rdi=0x0000178e0000178e flags=0b000001000110
  xmm0=0x00009357000093570000344700003447 xmm1=0x0000d27c0000d27c0000887300008873 
  xmm2=0x0000c09c0000c09c0000f48a0000f48a xmm3=0x00006e3900006e390000418600004186 
  xmm4=0x0000144000001440000042c0000042c0 xmm5=0x000008900000089000003db200003db2 
  xmm6=0x00006979000069790000fd680000fd68 xmm7=0x0000f1550000f1550000c55e0000c55e 

0x3034: mfence 
  rax=0x0000000000000000 rbx=0x000056e1000056e1 rcx=0x0000000000000048 rdx=0x0000000000000000
  rsi=0x000013cf000013cf rdi=0x0000178e0000178e flags=0b000001000110
  xmm0=0x00009357000093570000344700003447 xmm1=0x0000d27c0000d27c0000887300008873 
  xmm2=0x0000c09c0000c09c0000f48a0000f48a xmm3=0x00006e3900006e390000418600004186 
  xmm4=0x0000144000001440000042c0000042c0 xmm5=0x000008900000089000003db200003db2 
  xmm6=0x00006979000069790000fd680000fd68 xmm7=0x0000f1550000f1550000c55e0000c55e 

0x3037: lfence 
  rax=0x0000000000000000 rbx=0x000056e1000056e1 rcx=0x0000000000000048 rdx=0x0000000000000000
  rsi=0x000013cf000013cf rdi=0x0000178e0000178e flags=0b000001000110
  xmm0=0x00009357000093570000344700003447 xmm1=0x0000d27c0000d27c0000887300008873 
  xmm2=0x0000c09c0000c09c0000f48a0000f48a xmm3=0x00006e3900006e390000418600004186 
  xmm4=0x0000144000001440000042c0000042c0 xmm5=0x000008900000089000003db200003db2 
  xmm6=0x00006979000069790000fd680000fd68 xmm7=0x0000f1550000f1550000c55e0000c55e 

0x303a: pop rdx
  rax=0x0000000000000000 rbx=0x000056e1000056e1 rcx=0x0000000000000048 rdx=0x0000000000000000
  rsi=0x000013cf000013cf rdi=0x0000178e0000178e flags=0b000001000110
  xmm0=0x00009357000093570000344700003447 xmm1=0x0000d27c0000d27c0000887300008873 
  xmm2=0x0000c09c0000c09c0000f48a0000f48a xmm3=0x00006e3900006e390000418600004186 
  xmm4=0x0000144000001440000042c0000042c0 xmm5=0x000008900000089000003db200003db2 
  xmm6=0x00006979000069790000fd680000fd68 xmm7=0x0000f1550000f1550000c55e0000c55e 

    > load from +0x4fd8 value 0xb1bf0000b1bf
0x303b: pop rcx
  rax=0x0000000000000000 rbx=0x000056e1000056e1 rcx=0x0000000000000048 rdx=0x0000b1bf0000b1bf
  rsi=0x000013cf000013cf rdi=0x0000178e0000178e flags=0b000001000110
  xmm0=0x00009357000093570000344700003447 xmm1=0x0000d27c0000d27c0000887300008873 
  xmm2=0x0000c09c0000c09c0000f48a0000f48a xmm3=0x00006e3900006e390000418600004186 
  xmm4=0x0000144000001440000042c0000042c0 xmm5=0x000008900000089000003db200003db2 
  xmm6=0x00006979000069790000fd680000fd68 xmm7=0x0000f1550000f1550000c55e0000c55e 

    > load from +0x4fe0 value 0xc6300000c630
0x303c: pop rax
  rax=0x0000000000000000 rbx=0x000056e1000056e1 rcx=0x0000c6300000c630 rdx=0x0000b1bf0000b1bf
  rsi=0x000013cf000013cf rdi=0x0000178e0000178e flags=0b000001000110
  xmm0=0x00009357000093570000344700003447 xmm1=0x0000d27c0000d27c0000887300008873 
  xmm2=0x0000c09c0000c09c0000f48a0000f48a xmm3=0x00006e3900006e390000418600004186 
  xmm4=0x0000144000001440000042c0000042c0 xmm5=0x000008900000089000003db200003db2 
  xmm6=0x00006979000069790000fd680000fd68 xmm7=0x0000f1550000f1550000c55e0000c55e 

    > load from +0x4fe8 value 0xd8c70000d8c7
0x303d: popfq 
  rax=0x0000d8c70000d8c7 rbx=0x000056e1000056e1 rcx=0x0000c6300000c630 rdx=0x0000b1bf0000b1bf
  rsi=0x000013cf000013cf rdi=0x0000178e0000178e flags=0b000001000110
  xmm0=0x00009357000093570000344700003447 xmm1=0x0000d27c0000d27c0000887300008873 
  xmm2=0x0000c09c0000c09c0000f48a0000f48a xmm3=0x00006e3900006e390000418600004186 
  xmm4=0x0000144000001440000042c0000042c0 xmm5=0x000008900000089000003db200003db2 
  xmm6=0x00006979000069790000fd680000fd68 xmm7=0x0000f1550000f1550000c55e0000c55e 

    > load from +0x4ff0 value 0x97
0x303e: and rcx, 0b1111111111111
  rax=0x0000d8c70000d8c7 rbx=0x000056e1000056e1 rcx=0x0000c6300000c630 rdx=0x0000b1bf0000b1bf
  rsi=0x000013cf000013cf rdi=0x0000178e0000178e flags=0b000010010111
  xmm0=0x00009357000093570000344700003447 xmm1=0x0000d27c0000d27c0000887300008873 
  xmm2=0x0000c09c0000c09c0000f48a0000f48a xmm3=0x00006e3900006e390000418600004186 
  xmm4=0x0000144000001440000042c0000042c0 xmm5=0x000008900000089000003db200003db2 
  xmm6=0x00006979000069790000fd680000fd68 xmm7=0x0000f1550000f1550000c55e0000c55e 

0x3045: or [r14 +rcx], 0b1000
  rax=0x0000d8c70000d8c7 rbx=0x000056e1000056e1 rcx=0x0000000000000630 rdx=0x0000b1bf0000b1bf
  rsi=0x000013cf000013cf rdi=0x0000178e0000178e flags=0b000000000110
  xmm0=0x00009357000093570000344700003447 xmm1=0x0000d27c0000d27c0000887300008873 
  xmm2=0x0000c09c0000c09c0000f48a0000f48a xmm3=0x00006e3900006e390000418600004186 
  xmm4=0x0000144000001440000042c0000042c0 xmm5=0x000008900000089000003db200003db2 
  xmm6=0x00006979000069790000fd680000fd68 xmm7=0x0000f1550000f1550000c55e0000c55e 

    > load from +0x4630 value 0x77
    > store to +0x4630 value 0x7f
0x304a: and [r14 +rcx], 0b11111000
  rax=0x0000d8c70000d8c7 rbx=0x000056e1000056e1 rcx=0x0000000000000630 rdx=0x0000b1bf0000b1bf
  rsi=0x000013cf000013cf rdi=0x0000178e0000178e flags=0b000000000010
  xmm0=0x00009357000093570000344700003447 xmm1=0x0000d27c0000d27c0000887300008873 
  xmm2=0x0000c09c0000c09c0000f48a0000f48a xmm3=0x00006e3900006e390000418600004186 
  xmm4=0x0000144000001440000042c0000042c0 xmm5=0x000008900000089000003db200003db2 
  xmm6=0x00006979000069790000fd680000fd68 xmm7=0x0000f1550000f1550000c55e0000c55e 

    > load from +0x4630 value 0x7f
    > store to +0x4630 value 0x78
0x304f: mov ax, 1
  rax=0x0000d8c70000d8c7 rbx=0x000056e1000056e1 rcx=0x0000000000000630 rdx=0x0000b1bf0000b1bf
  rsi=0x000013cf000013cf rdi=0x0000178e0000178e flags=0b000000000110
  xmm0=0x00009357000093570000344700003447 xmm1=0x0000d27c0000d27c0000887300008873 
  xmm2=0x0000c09c0000c09c0000f48a0000f48a xmm3=0x00006e3900006e390000418600004186 
  xmm4=0x0000144000001440000042c0000042c0 xmm5=0x000008900000089000003db200003db2 
  xmm6=0x00006979000069790000fd680000fd68 xmm7=0x0000f1550000f1550000c55e0000c55e 

0x3053: idiv [r14 +rcx]
  rax=0x0000d8c700000001 rbx=0x000056e1000056e1 rcx=0x0000000000000630 rdx=0x0000b1bf0000b1bf
  rsi=0x000013cf000013cf rdi=0x0000178e0000178e flags=0b000000000110
  xmm0=0x00009357000093570000344700003447 xmm1=0x0000d27c0000d27c0000887300008873 
  xmm2=0x0000c09c0000c09c0000f48a0000f48a xmm3=0x00006e3900006e390000418600004186 
  xmm4=0x0000144000001440000042c0000042c0 xmm5=0x000008900000089000003db200003db2 
  xmm6=0x00006979000069790000fd680000fd68 xmm7=0x0000f1550000f1550000c55e0000c55e 

    > load from +0x4630 value 0x78
0x3057: add sil, 114
  rax=0x0000d8c700000100 rbx=0x000056e1000056e1 rcx=0x0000000000000630 rdx=0x0000b1bf0000b1bf
  rsi=0x000013cf000013cf rdi=0x0000178e0000178e flags=0b000000000110
  xmm0=0x00009357000093570000344700003447 xmm1=0x0000d27c0000d27c0000887300008873 
  xmm2=0x0000c09c0000c09c0000f48a0000f48a xmm3=0x00006e3900006e390000418600004186 
  xmm4=0x0000144000001440000042c0000042c0 xmm5=0x000008900000089000003db200003db2 
  xmm6=0x00006979000069790000fd680000fd68 xmm7=0x0000f1550000f1550000c55e0000c55e 

0x305b: cmovnb rdi, rbx
  rax=0x0000d8c700000100 rbx=0x000056e1000056e1 rcx=0x0000000000000630 rdx=0x0000b1bf0000b1bf
  rsi=0x000013cf00001341 rdi=0x0000178e0000178e flags=0b000000010111
  xmm0=0x00009357000093570000344700003447 xmm1=0x0000d27c0000d27c0000887300008873 
  xmm2=0x0000c09c0000c09c0000f48a0000f48a xmm3=0x00006e3900006e390000418600004186 
  xmm4=0x0000144000001440000042c0000042c0 xmm5=0x000008900000089000003db200003db2 
  xmm6=0x00006979000069790000fd680000fd68 xmm7=0x0000f1550000f1550000c55e0000c55e 

0x305f: and rcx, 0b1111111111111
  rax=0x0000d8c700000100 rbx=0x000056e1000056e1 rcx=0x0000000000000630 rdx=0x0000b1bf0000b1bf
  rsi=0x000013cf00001341 rdi=0x0000178e0000178e flags=0b000000010111
  xmm0=0x00009357000093570000344700003447 xmm1=0x0000d27c0000d27c0000887300008873 
  xmm2=0x0000c09c0000c09c0000f48a0000f48a xmm3=0x00006e3900006e390000418600004186 
  xmm4=0x0000144000001440000042c0000042c0 xmm5=0x000008900000089000003db200003db2 
  xmm6=0x00006979000069790000fd680000fd68 xmm7=0x0000f1550000f1550000c55e0000c55e 

0x3066: imul [r14 +rcx]
  rax=0x0000d8c700000100 rbx=0x000056e1000056e1 rcx=0x0000000000000630 rdx=0x0000b1bf0000b1bf
  rsi=0x000013cf00001341 rdi=0x0000178e0000178e flags=0b000000000110
  xmm0=0x00009357000093570000344700003447 xmm1=0x0000d27c0000d27c0000887300008873 
  xmm2=0x0000c09c0000c09c0000f48a0000f48a xmm3=0x00006e3900006e390000418600004186 
  xmm4=0x0000144000001440000042c0000042c0 xmm5=0x000008900000089000003db200003db2 
  xmm6=0x00006979000069790000fd680000fd68 xmm7=0x0000f1550000f1550000c55e0000c55e 

    > load from +0x4630 value 0xcb770000cb78
0x306a: and rax, 0b1111111111111
  rax=0xad16e14800cb7800 rbx=0x000056e1000056e1 rcx=0x0000000000000630 rdx=0x00000000ac4a9181
  rsi=0x000013cf00001341 rdi=0x0000178e0000178e flags=0b100010000111
  xmm0=0x00009357000093570000344700003447 xmm1=0x0000d27c0000d27c0000887300008873 
  xmm2=0x0000c09c0000c09c0000f48a0000f48a xmm3=0x00006e3900006e390000418600004186 
  xmm4=0x0000144000001440000042c0000042c0 xmm5=0x000008900000089000003db200003db2 
  xmm6=0x00006979000069790000fd680000fd68 xmm7=0x0000f1550000f1550000c55e0000c55e 

0x3070: cmovnb rdi, [r14 +rax]
  rax=0x0000000000001800 rbx=0x000056e1000056e1 rcx=0x0000000000000630 rdx=0x00000000ac4a9181
  rsi=0x000013cf00001341 rdi=0x0000178e0000178e flags=0b000000000110
  xmm0=0x00009357000093570000344700003447 xmm1=0x0000d27c0000d27c0000887300008873 
  xmm2=0x0000c09c0000c09c0000f48a0000f48a xmm3=0x00006e3900006e390000418600004186 
  xmm4=0x0000144000001440000042c0000042c0 xmm5=0x000008900000089000003db200003db2 
  xmm6=0x00006979000069790000fd680000fd68 xmm7=0x0000f1550000f1550000c55e0000c55e 

    > load from +0x5800 value 0xaad50000aad5
0x3075: and si, si
  rax=0x0000000000001800 rbx=0x000056e1000056e1 rcx=0x0000000000000630 rdx=0x00000000ac4a9181
  rsi=0x000013cf00001341 rdi=0x0000aad50000aad5 flags=0b000000000110
  xmm0=0x00009357000093570000344700003447 xmm1=0x0000d27c0000d27c0000887300008873 
  xmm2=0x0000c09c0000c09c0000f48a0000f48a xmm3=0x00006e3900006e390000418600004186 
  xmm4=0x0000144000001440000042c0000042c0 xmm5=0x000008900000089000003db200003db2 
  xmm6=0x00006979000069790000fd680000fd68 xmm7=0x0000f1550000f1550000c55e0000c55e 

0x3078: xor al, -86
  rax=0x0000000000001800 rbx=0x000056e1000056e1 rcx=0x0000000000000630 rdx=0x00000000ac4a9181
  rsi=0x000013cf00001341 rdi=0x0000aad50000aad5 flags=0b000000000110
  xmm0=0x00009357000093570000344700003447 xmm1=0x0000d27c0000d27c0000887300008873 
  xmm2=0x0000c09c0000c09c0000f48a0000f48a xmm3=0x00006e3900006e390000418600004186 
  xmm4=0x0000144000001440000042c0000042c0 xmm5=0x000008900000089000003db200003db2 
  xmm6=0x00006979000069790000fd680000fd68 xmm7=0x0000f1550000f1550000c55e0000c55e 

0x307a: and rdi, 0b1111111111111
  rax=0x00000000000018aa rbx=0x000056e1000056e1 rcx=0x0000000000000630 rdx=0x00000000ac4a9181
  rsi=0x000013cf00001341 rdi=0x0000aad50000aad5 flags=0b000010000110
  xmm0=0x00009357000093570000344700003447 xmm1=0x0000d27c0000d27c0000887300008873 
  xmm2=0x0000c09c0000c09c0000f48a0000f48a xmm3=0x00006e3900006e390000418600004186 
  xmm4=0x0000144000001440000042c0000042c0 xmm5=0x000008900000089000003db200003db2 
  xmm6=0x00006979000069790000fd680000fd68 xmm7=0x0000f1550000f1550000c55e0000c55e 

0x3081: and edx, 0b111
  rax=0x00000000000018aa rbx=0x000056e1000056e1 rcx=0x0000000000000630 rdx=0x00000000ac4a9181
  rsi=0x000013cf00001341 rdi=0x0000000000000ad5 flags=0b000000000010
  xmm0=0x00009357000093570000344700003447 xmm1=0x0000d27c0000d27c0000887300008873 
  xmm2=0x0000c09c0000c09c0000f48a0000f48a xmm3=0x00006e3900006e390000418600004186 
  xmm4=0x0000144000001440000042c0000042c0 xmm5=0x000008900000089000003db200003db2 
  xmm6=0x00006979000069790000fd680000fd68 xmm7=0x0000f1550000f1550000c55e0000c55e 

0x3084: bt [r14 +rdi], edx
  rax=0x00000000000018aa rbx=0x000056e1000056e1 rcx=0x0000000000000630 rdx=0x0000000000000001
  rsi=0x000013cf00001341 rdi=0x0000000000000ad5 flags=0b000000000010
  xmm0=0x00009357000093570000344700003447 xmm1=0x0000d27c0000d27c0000887300008873 
  xmm2=0x0000c09c0000c09c0000f48a0000f48a xmm3=0x00006e3900006e390000418600004186 
  xmm4=0x0000144000001440000042c0000042c0 xmm5=0x000008900000089000003db200003db2 
  xmm6=0x00006979000069790000fd680000fd68 xmm7=0x0000f1550000f1550000c55e0000c55e 

    > load from +0x4ad5 value 0x6b00006e
0x3089: and rsi, 0b1111111111111
  rax=0x00000000000018aa rbx=0x000056e1000056e1 rcx=0x0000000000000630 rdx=0x0000000000000001
  rsi=0x000013cf00001341 rdi=0x0000000000000ad5 flags=0b000000000011
  xmm0=0x00009357000093570000344700003447 xmm1=0x0000d27c0000d27c0000887300008873 
  xmm2=0x0000c09c0000c09c0000f48a0000f48a xmm3=0x00006e3900006e390000418600004186 
  xmm4=0x0000144000001440000042c0000042c0 xmm5=0x000008900000089000003db200003db2 
  xmm6=0x00006979000069790000fd680000fd68 xmm7=0x0000f1550000f1550000c55e0000c55e 

0x3090: cmovnz di, [r14 +rsi]
  rax=0x00000000000018aa rbx=0x000056e1000056e1 rcx=0x0000000000000630 rdx=0x0000000000000001
  rsi=0x0000000000001341 rdi=0x0000000000000ad5 flags=0b000000000110
  xmm0=0x00009357000093570000344700003447 xmm1=0x0000d27c0000d27c0000887300008873 
  xmm2=0x0000c09c0000c09c0000f48a0000f48a xmm3=0x00006e3900006e390000418600004186 
  xmm4=0x0000144000001440000042c0000042c0 xmm5=0x000008900000089000003db200003db2 
  xmm6=0x00006979000069790000fd680000fd68 xmm7=0x0000f1550000f1550000c55e0000c55e 

    > load from +0x5341 value 0xd5
0x3096: inc sil
  rax=0x00000000000018aa rbx=0x000056e1000056e1 rcx=0x0000000000000630 rdx=0x0000000000000001
  rsi=0x0000000000001341 rdi=0x00000000000000d5 flags=0b000000000110
  xmm0=0x00009357000093570000344700003447 xmm1=0x0000d27c0000d27c0000887300008873 
  xmm2=0x0000c09c0000c09c0000f48a0000f48a xmm3=0x00006e3900006e390000418600004186 
  xmm4=0x0000144000001440000042c0000042c0 xmm5=0x000008900000089000003db200003db2 
  xmm6=0x00006979000069790000fd680000fd68 xmm7=0x0000f1550000f1550000c55e0000c55e 

0x3099: and rsi, 0b1111111111111
  rax=0x00000000000018aa rbx=0x000056e1000056e1 rcx=0x0000000000000630 rdx=0x0000000000000001
  rsi=0x0000000000001342 rdi=0x00000000000000d5 flags=0b000000000110
  xmm0=0x00009357000093570000344700003447 xmm1=0x0000d27c0000d27c0000887300008873 
  xmm2=0x0000c09c0000c09c0000f48a0000f48a xmm3=0x00006e3900006e390000418600004186 
  xmm4=0x0000144000001440000042c0000042c0 xmm5=0x000008900000089000003db200003db2 
  xmm6=0x00006979000069790000fd680000fd68 xmm7=0x0000f1550000f1550000c55e0000c55e 

0x30a0: cmovnle bx, [r14 +rsi]
  rax=0x00000000000018aa rbx=0x000056e1000056e1 rcx=0x0000000000000630 rdx=0x0000000000000001
  rsi=0x0000000000001342 rdi=0x00000000000000d5 flags=0b000000000110
  xmm0=0x00009357000093570000344700003447 xmm1=0x0000d27c0000d27c0000887300008873 
  xmm2=0x0000c09c0000c09c0000f48a0000f48a xmm3=0x00006e3900006e390000418600004186 
  xmm4=0x0000144000001440000042c0000042c0 xmm5=0x000008900000089000003db200003db2 
  xmm6=0x00006979000069790000fd680000fd68 xmm7=0x0000f1550000f1550000c55e0000c55e 

    > load from +0x5342 value 0x0
0x30a6: cmovbe eax, edi
  rax=0x00000000000018aa rbx=0x000056e100000000 rcx=0x0000000000000630 rdx=0x0000000000000001
  rsi=0x0000000000001342 rdi=0x00000000000000d5 flags=0b000000000110
  xmm0=0x00009357000093570000344700003447 xmm1=0x0000d27c0000d27c0000887300008873 
  xmm2=0x0000c09c0000c09c0000f48a0000f48a xmm3=0x00006e3900006e390000418600004186 
  xmm4=0x0000144000001440000042c0000042c0 xmm5=0x000008900000089000003db200003db2 
  xmm6=0x00006979000069790000fd680000fd68 xmm7=0x0000f1550000f1550000c55e0000c55e 

0x30a9: cmp rsi, rcx
  rax=0x00000000000018aa rbx=0x000056e100000000 rcx=0x0000000000000630 rdx=0x0000000000000001
  rsi=0x0000000000001342 rdi=0x00000000000000d5 flags=0b000000000110
  xmm0=0x00009357000093570000344700003447 xmm1=0x0000d27c0000d27c0000887300008873 
  xmm2=0x0000c09c0000c09c0000f48a0000f48a xmm3=0x00006e3900006e390000418600004186 
  xmm4=0x0000144000001440000042c0000042c0 xmm5=0x000008900000089000003db200003db2 
  xmm6=0x00006979000069790000fd680000fd68 xmm7=0x0000f1550000f1550000c55e0000c55e 

0x30ac: and rcx, 0b1111111111111
  rax=0x00000000000018aa rbx=0x000056e100000000 rcx=0x0000000000000630 rdx=0x0000000000000001
  rsi=0x0000000000001342 rdi=0x00000000000000d5 flags=0b000000000110
  xmm0=0x00009357000093570000344700003447 xmm1=0x0000d27c0000d27c0000887300008873 
  xmm2=0x0000c09c0000c09c0000f48a0000f48a xmm3=0x00006e3900006e390000418600004186 
  xmm4=0x0000144000001440000042c0000042c0 xmm5=0x000008900000089000003db200003db2 
  xmm6=0x00006979000069790000fd680000fd68 xmm7=0x0000f1550000f1550000c55e0000c55e 

0x30b3: movzx esi, [r14 +rcx]
  rax=0x00000000000018aa rbx=0x000056e100000000 rcx=0x0000000000000630 rdx=0x0000000000000001
  rsi=0x0000000000001342 rdi=0x00000000000000d5 flags=0b000000000110
  xmm0=0x00009357000093570000344700003447 xmm1=0x0000d27c0000d27c0000887300008873 
  xmm2=0x0000c09c0000c09c0000f48a0000f48a xmm3=0x00006e3900006e390000418600004186 
  xmm4=0x0000144000001440000042c0000042c0 xmm5=0x000008900000089000003db200003db2 
  xmm6=0x00006979000069790000fd680000fd68 xmm7=0x0000f1550000f1550000c55e0000c55e 

    > load from +0x4630 value 0x78
0x30b8: and rax, 0b1111111111111
  rax=0x00000000000018aa rbx=0x000056e100000000 rcx=0x0000000000000630 rdx=0x0000000000000001
  rsi=0x0000000000000078 rdi=0x00000000000000d5 flags=0b000000000110
  xmm0=0x00009357000093570000344700003447 xmm1=0x0000d27c0000d27c0000887300008873 
  xmm2=0x0000c09c0000c09c0000f48a0000f48a xmm3=0x00006e3900006e390000418600004186 
  xmm4=0x0000144000001440000042c0000042c0 xmm5=0x000008900000089000003db200003db2 
  xmm6=0x00006979000069790000fd680000fd68 xmm7=0x0000f1550000f1550000c55e0000c55e 

0x30be: and rcx, 0b111
  rax=0x00000000000018aa rbx=0x000056e100000000 rcx=0x0000000000000630 rdx=0x0000000000000001
  rsi=0x0000000000000078 rdi=0x00000000000000d5 flags=0b000000000110
  xmm0=0x00009357000093570000344700003447 xmm1=0x0000d27c0000d27c0000887300008873 
  xmm2=0x0000c09c0000c09c0000f48a0000f48a xmm3=0x00006e3900006e390000418600004186 
  xmm4=0x0000144000001440000042c0000042c0 xmm5=0x000008900000089000003db200003db2 
  xmm6=0x00006979000069790000fd680000fd68 xmm7=0x0000f1550000f1550000c55e0000c55e 

0x30c2: bt [r14 +rax], rcx
  rax=0x00000000000018aa rbx=0x000056e100000000 rcx=0x0000000000000000 rdx=0x0000000000000001
  rsi=0x0000000000000078 rdi=0x00000000000000d5 flags=0b000001000110
  xmm0=0x00009357000093570000344700003447 xmm1=0x0000d27c0000d27c0000887300008873 
  xmm2=0x0000c09c0000c09c0000f48a0000f48a xmm3=0x00006e3900006e390000418600004186 
  xmm4=0x0000144000001440000042c0000042c0 xmm5=0x000008900000089000003db200003db2 
  xmm6=0x00006979000069790000fd680000fd68 xmm7=0x0000f1550000f1550000c55e0000c55e 

    > load from +0x58aa value 0x26b00000947b0000
0x30c7: add dil, -116
  rax=0x00000000000018aa rbx=0x000056e100000000 rcx=0x0000000000000000 rdx=0x0000000000000001
  rsi=0x0000000000000078 rdi=0x00000000000000d5 flags=0b000001000110
  xmm0=0x00009357000093570000344700003447 xmm1=0x0000d27c0000d27c0000887300008873 
  xmm2=0x0000c09c0000c09c0000f48a0000f48a xmm3=0x00006e3900006e390000418600004186 
  xmm4=0x0000144000001440000042c0000042c0 xmm5=0x000008900000089000003db200003db2 
  xmm6=0x00006979000069790000fd680000fd68 xmm7=0x0000f1550000f1550000c55e0000c55e 

0x30cb: and rax, 0b1111111111111
  rax=0x00000000000018aa rbx=0x000056e100000000 rcx=0x0000000000000000 rdx=0x0000000000000001
  rsi=0x0000000000000078 rdi=0x0000000000000061 flags=0b100000010011
  xmm0=0x00009357000093570000344700003447 xmm1=0x0000d27c0000d27c0000887300008873 
  xmm2=0x0000c09c0000c09c0000f48a0000f48a xmm3=0x00006e3900006e390000418600004186 
  xmm4=0x0000144000001440000042c0000042c0 xmm5=0x000008900000089000003db200003db2 
  xmm6=0x00006979000069790000fd680000fd68 xmm7=0x0000f1550000f1550000c55e0000c55e 

0x30d1: cmovl rdx, [r14 +rax]
  rax=0x00000000000018aa rbx=0x000056e100000000 rcx=0x0000000000000000 rdx=0x0000000000000001
  rsi=0x0000000000000078 rdi=0x0000000000000061 flags=0b000000000110
  xmm0=0x00009357000093570000344700003447 xmm1=0x0000d27c0000d27c0000887300008873 
  xmm2=0x0000c09c0000c09c0000f48a0000f48a xmm3=0x00006e3900006e390000418600004186 
  xmm4=0x0000144000001440000042c0000042c0 xmm5=0x000008900000089000003db200003db2 
  xmm6=0x00006979000069790000fd680000fd68 xmm7=0x0000f1550000f1550000c55e0000c55e 

    > load from +0x58aa value 0x26b00000947b0000
0x30d6: test cl, dil
  rax=0x00000000000018aa rbx=0x000056e100000000 rcx=0x0000000000000000 rdx=0x0000000000000001
  rsi=0x0000000000000078 rdi=0x0000000000000061 flags=0b000000000110
  xmm0=0x00009357000093570000344700003447 xmm1=0x0000d27c0000d27c0000887300008873 
  xmm2=0x0000c09c0000c09c0000f48a0000f48a xmm3=0x00006e3900006e390000418600004186 
  xmm4=0x0000144000001440000042c0000042c0 xmm5=0x000008900000089000003db200003db2 
  xmm6=0x00006979000069790000fd680000fd68 xmm7=0x0000f1550000f1550000c55e0000c55e 

0x30d9: neg dl
  rax=0x00000000000018aa rbx=0x000056e100000000 rcx=0x0000000000000000 rdx=0x0000000000000001
  rsi=0x0000000000000078 rdi=0x0000000000000061 flags=0b000001000110
  xmm0=0x00009357000093570000344700003447 xmm1=0x0000d27c0000d27c0000887300008873 
  xmm2=0x0000c09c0000c09c0000f48a0000f48a xmm3=0x00006e3900006e390000418600004186 
  xmm4=0x0000144000001440000042c0000042c0 xmm5=0x000008900000089000003db200003db2 
  xmm6=0x00006979000069790000fd680000fd68 xmm7=0x0000f1550000f1550000c55e0000c55e 

0x30db: bt eax, 192
  rax=0x00000000000018aa rbx=0x000056e100000000 rcx=0x0000000000000000 rdx=0x00000000000000ff
  rsi=0x0000000000000078 rdi=0x0000000000000061 flags=0b000010010111
  xmm0=0x00009357000093570000344700003447 xmm1=0x0000d27c0000d27c0000887300008873 
  xmm2=0x0000c09c0000c09c0000f48a0000f48a xmm3=0x00006e3900006e390000418600004186 
  xmm4=0x0000144000001440000042c0000042c0 xmm5=0x000008900000089000003db200003db2 
  xmm6=0x00006979000069790000fd680000fd68 xmm7=0x0000f1550000f1550000c55e0000c55e 

0x30df: and rdx, 0b1111111111111
  rax=0x00000000000018aa rbx=0x000056e100000000 rcx=0x0000000000000000 rdx=0x00000000000000ff
  rsi=0x0000000000000078 rdi=0x0000000000000061 flags=0b000010000110
  xmm0=0x00009357000093570000344700003447 xmm1=0x0000d27c0000d27c0000887300008873 
  xmm2=0x0000c09c0000c09c0000f48a0000f48a xmm3=0x00006e3900006e390000418600004186 
  xmm4=0x0000144000001440000042c0000042c0 xmm5=0x000008900000089000003db200003db2 
  xmm6=0x00006979000069790000fd680000fd68 xmm7=0x0000f1550000f1550000c55e0000c55e 

0x30e6: xor rax, [r14 +rdx]
  rax=0x00000000000018aa rbx=0x000056e100000000 rcx=0x0000000000000000 rdx=0x00000000000000ff
  rsi=0x0000000000000078 rdi=0x0000000000000061 flags=0b000000000110
  xmm0=0x00009357000093570000344700003447 xmm1=0x0000d27c0000d27c0000887300008873 
  xmm2=0x0000c09c0000c09c0000f48a0000f48a xmm3=0x00006e3900006e390000418600004186 
  xmm4=0x0000144000001440000042c0000042c0 xmm5=0x000008900000089000003db200003db2 
  xmm6=0x00006979000069790000fd680000fd68 xmm7=0x0000f1550000f1550000c55e0000c55e 

    > load from +0x40ff value 0xb6000000b6000
0x30ea: or esi, -123
  rax=0x000b6000000b78aa rbx=0x000056e100000000 rcx=0x0000000000000000 rdx=0x00000000000000ff
  rsi=0x0000000000000078 rdi=0x0000000000000061 flags=0b000000000110
  xmm0=0x00009357000093570000344700003447 xmm1=0x0000d27c0000d27c0000887300008873 
  xmm2=0x0000c09c0000c09c0000f48a0000f48a xmm3=0x00006e3900006e390000418600004186 
  xmm4=0x0000144000001440000042c0000042c0 xmm5=0x000008900000089000003db200003db2 
  xmm6=0x00006979000069790000fd680000fd68 xmm7=0x0000f1550000f1550000c55e0000c55e 

0x30ed: and rsi, 0b1111111111111
  rax=0x000b6000000b78aa rbx=0x000056e100000000 rcx=0x0000000000000000 rdx=0x00000000000000ff
  rsi=0x00000000fffffffd rdi=0x0000000000000061 flags=0b000010000010
  xmm0=0x00009357000093570000344700003447 xmm1=0x0000d27c0000d27c0000887300008873 
  xmm2=0x0000c09c0000c09c0000f48a0000f48a xmm3=0x00006e3900006e390000418600004186 
  xmm4=0x0000144000001440000042c0000042c0 xmm5=0x000008900000089000003db200003db2 
  xmm6=0x00006979000069790000fd680000fd68 xmm7=0x0000f1550000f1550000c55e0000c55e 

0x30f4: and dl, [r14 +rsi]
  rax=0x000b6000000b78aa rbx=0x000056e100000000 rcx=0x0000000000000000 rdx=0x00000000000000ff
  rsi=0x0000000000001ffd rdi=0x0000000000000061 flags=0b000000000010
  xmm0=0x00009357000093570000344700003447 xmm1=0x0000d27c0000d27c0000887300008873 
  xmm2=0x0000c09c0000c09c0000f48a0000f48a xmm3=0x00006e3900006e390000418600004186 
  xmm4=0x0000144000001440000042c0000042c0 xmm5=0x000008900000089000003db200003db2 
  xmm6=0x00006979000069790000fd680000fd68 xmm7=0x0000f1550000f1550000c55e0000c55e 

    > load from +0x5ffd value 0x49
0x30f8: and rax, 0b1111111111111
  rax=0x000b6000000b78aa rbx=0x000056e100000000 rcx=0x0000000000000000 rdx=0x0000000000000049
  rsi=0x0000000000001ffd rdi=0x0000000000000061 flags=0b000000000010
  xmm0=0x00009357000093570000344700003447 xmm1=0x0000d27c0000d27c0000887300008873 
  xmm2=0x0000c09c0000c09c0000f48a0000f48a xmm3=0x00006e3900006e390000418600004186 
  xmm4=0x0000144000001440000042c0000042c0 xmm5=0x000008900000089000003db200003db2 
  xmm6=0x00006979000069790000fd680000fd68 xmm7=0x0000f1550000f1550000c55e0000c55e 

0x30fe: imul [r14 +rax]
  rax=0x00000000000018aa rbx=0x000056e100000000 rcx=0x0000000000000000 rdx=0x0000000000000049
  rsi=0x0000000000001ffd rdi=0x0000000000000061 flags=0b000000000110
  xmm0=0x00009357000093570000344700003447 xmm1=0x0000d27c0000d27c0000887300008873 
  xmm2=0x0000c09c0000c09c0000f48a0000f48a xmm3=0x00006e3900006e390000418600004186 
  xmm4=0x0000144000001440000042c0000042c0 xmm5=0x000008900000089000003db200003db2 
  xmm6=0x00006979000069790000fd680000fd68 xmm7=0x0000f1550000f1550000c55e0000c55e 

    > load from +0x58aa value 0x0
0x3102: and rcx, 0b1111111111111
  rax=0x0000000000000000 rbx=0x000056e100000000 rcx=0x0000000000000000 rdx=0x0000000000000049
  rsi=0x0000000000001ffd rdi=0x0000000000000061 flags=0b000001000110
  xmm0=0x00009357000093570000344700003447 xmm1=0x0000d27c0000d27c0000887300008873 
  xmm2=0x0000c09c0000c09c0000f48a0000f48a xmm3=0x00006e3900006e390000418600004186 
  xmm4=0x0000144000001440000042c0000042c0 xmm5=0x000008900000089000003db200003db2 
  xmm6=0x00006979000069790000fd680000fd68 xmm7=0x0000f1550000f1550000c55e0000c55e 

0x3109: mov bx, [r14 +rcx]
  rax=0x0000000000000000 rbx=0x000056e100000000 rcx=0x0000000000000000 rdx=0x0000000000000049
  rsi=0x0000000000001ffd rdi=0x0000000000000061 flags=0b000001000110
  xmm0=0x00009357000093570000344700003447 xmm1=0x0000d27c0000d27c0000887300008873 
  xmm2=0x0000c09c0000c09c0000f48a0000f48a xmm3=0x00006e3900006e390000418600004186 
  xmm4=0x0000144000001440000042c0000042c0 xmm5=0x000008900000089000003db200003db2 
  xmm6=0x00006979000069790000fd680000fd68 xmm7=0x0000f1550000f1550000c55e0000c55e 

    > load from +0x4000 value 0x77eb
0x310e: movsx si, dl
  rax=0x0000000000000000 rbx=0x000056e1000077eb rcx=0x0000000000000000 rdx=0x0000000000000049
  rsi=0x0000000000001ffd rdi=0x0000000000000061 flags=0b000001000110
  xmm0=0x00009357000093570000344700003447 xmm1=0x0000d27c0000d27c0000887300008873 
  xmm2=0x0000c09c0000c09c0000f48a0000f48a xmm3=0x00006e3900006e390000418600004186 
  xmm4=0x0000144000001440000042c0000042c0 xmm5=0x000008900000089000003db200003db2 
  xmm6=0x00006979000069790000fd680000fd68 xmm7=0x0000f1550000f1550000c55e0000c55e 

0x3112: and rdi, 0b1111111111111
  rax=0x0000000000000000 rbx=0x000056e1000077eb rcx=0x0000000000000000 rdx=0x0000000000000049
  rsi=0x0000000000000049 rdi=0x0000000000000061 flags=0b000001000110
  xmm0=0x00009357000093570000344700003447 xmm1=0x0000d27c0000d27c0000887300008873 
  xmm2=0x0000c09c0000c09c0000f48a0000f48a xmm3=0x00006e3900006e390000418600004186 
  xmm4=0x0000144000001440000042c0000042c0 xmm5=0x000008900000089000003db200003db2 
  xmm6=0x00006979000069790000fd680000fd68 xmm7=0x0000f1550000f1550000c55e0000c55e 

0x3119: imul rdi, [r14 +rdi], 109
  rax=0x0000000000000000 rbx=0x000056e1000077eb rcx=0x0000000000000000 rdx=0x0000000000000049
  rsi=0x0000000000000049 rdi=0x0000000000000061 flags=0b000000000010
  xmm0=0x00009357000093570000344700003447 xmm1=0x0000d27c0000d27c0000887300008873 
  xmm2=0x0000c09c0000c09c0000f48a0000f48a xmm3=0x00006e3900006e390000418600004186 
  xmm4=0x0000144000001440000042c0000042c0 xmm5=0x000008900000089000003db200003db2 
  xmm6=0x00006979000069790000fd680000fd68 xmm7=0x0000f1550000f1550000c55e0000c55e 

    > load from +0x4061 value 0x4d0000a5fa0000a5
0x311e: or ax, 0b1000
  rax=0x0000000000000000 rbx=0x000056e1000077eb rcx=0x0000000000000000 rdx=0x0000000000000049
  rsi=0x0000000000000049 rdi=0xc90046ab72004641 flags=0b100010000111
  xmm0=0x00009357000093570000344700003447 xmm1=0x0000d27c0000d27c0000887300008873 
  xmm2=0x0000c09c0000c09c0000f48a0000f48a xmm3=0x00006e3900006e390000418600004186 
  xmm4=0x0000144000001440000042c0000042c0 xmm5=0x000008900000089000003db200003db2 
  xmm6=0x00006979000069790000fd680000fd68 xmm7=0x0000f1550000f1550000c55e0000c55e 

0x3122: and al, 0b11111000
  rax=0x0000000000000008 rbx=0x000056e1000077eb rcx=0x0000000000000000 rdx=0x0000000000000049
  rsi=0x0000000000000049 rdi=0xc90046ab72004641 flags=0b000000000010
  xmm0=0x00009357000093570000344700003447 xmm1=0x0000d27c0000d27c0000887300008873 
  xmm2=0x0000c09c0000c09c0000f48a0000f48a xmm3=0x00006e3900006e390000418600004186 
  xmm4=0x0000144000001440000042c0000042c0 xmm5=0x000008900000089000003db200003db2 
  xmm6=0x00006979000069790000fd680000fd68 xmm7=0x0000f1550000f1550000c55e0000c55e 

0x3124: and dx, 0b11
  rax=0x0000000000000008 rbx=0x000056e1000077eb rcx=0x0000000000000000 rdx=0x0000000000000049
  rsi=0x0000000000000049 rdi=0xc90046ab72004641 flags=0b000000000010
  xmm0=0x00009357000093570000344700003447 xmm1=0x0000d27c0000d27c0000887300008873 
  xmm2=0x0000c09c0000c09c0000f48a0000f48a xmm3=0x00006e3900006e390000418600004186 
  xmm4=0x0000144000001440000042c0000042c0 xmm5=0x000008900000089000003db200003db2 
  xmm6=0x00006979000069790000fd680000fd68 xmm7=0x0000f1550000f1550000c55e0000c55e 

0x3128: idiv ax
  rax=0x0000000000000008 rbx=0x000056e1000077eb rcx=0x0000000000000000 rdx=0x0000000000000001
  rsi=0x0000000000000049 rdi=0xc90046ab72004641 flags=0b000000000010
  xmm0=0x00009357000093570000344700003447 xmm1=0x0000d27c0000d27c0000887300008873 
  xmm2=0x0000c09c0000c09c0000f48a0000f48a xmm3=0x00006e3900006e390000418600004186 
  xmm4=0x0000144000001440000042c0000042c0 xmm5=0x000008900000089000003db200003db2 
  xmm6=0x00006979000069790000fd680000fd68 xmm7=0x0000f1550000f1550000c55e0000c55e 

0x312b: add sil, -118
  rax=0x0000000000002001 rbx=0x000056e1000077eb rcx=0x0000000000000000 rdx=0x0000000000000000
  rsi=0x0000000000000049 rdi=0xc90046ab72004641 flags=0b000000000010
  xmm0=0x00009357000093570000344700003447 xmm1=0x0000d27c0000d27c0000887300008873 
  xmm2=0x0000c09c0000c09c0000f48a0000f48a xmm3=0x00006e3900006e390000418600004186 
  xmm4=0x0000144000001440000042c0000042c0 xmm5=0x000008900000089000003db200003db2 
  xmm6=0x00006979000069790000fd680000fd68 xmm7=0x0000f1550000f1550000c55e0000c55e 

0x312f: cmovs dx, di
  rax=0x0000000000002001 rbx=0x000056e1000077eb rcx=0x0000000000000000 rdx=0x0000000000000000
  rsi=0x00000000000000d3 rdi=0xc90046ab72004641 flags=0b000010010010
  xmm0=0x00009357000093570000344700003447 xmm1=0x0000d27c0000d27c0000887300008873 
  xmm2=0x0000c09c0000c09c0000f48a0000f48a xmm3=0x00006e3900006e390000418600004186 
  xmm4=0x0000144000001440000042c0000042c0 xmm5=0x000008900000089000003db200003db2 
  xmm6=0x00006979000069790000fd680000fd68 xmm7=0x0000f1550000f1550000c55e0000c55e 

0x3133: cmovo rbx, rsi
  rax=0x0000000000002001 rbx=0x000056e1000077eb rcx=0x0000000000000000 rdx=0x0000000000004641
  rsi=0x00000000000000d3 rdi=0xc90046ab72004641 flags=0b000010010010
  xmm0=0x00009357000093570000344700003447 xmm1=0x0000d27c0000d27c0000887300008873 
  xmm2=0x0000c09c0000c09c0000f48a0000f48a xmm3=0x00006e3900006e390000418600004186 
  xmm4=0x0000144000001440000042c0000042c0 xmm5=0x000008900000089000003db200003db2 
  xmm6=0x00006979000069790000fd680000fd68 xmm7=0x0000f1550000f1550000c55e0000c55e 

0x3137: and rbx, 0b1111111111111
  rax=0x0000000000002001 rbx=0x000056e1000077eb rcx=0x0000000000000000 rdx=0x0000000000004641
  rsi=0x00000000000000d3 rdi=0xc90046ab72004641 flags=0b000010010010
  xmm0=0x00009357000093570000344700003447 xmm1=0x0000d27c0000d27c0000887300008873 
  xmm2=0x0000c09c0000c09c0000f48a0000f48a xmm3=0x00006e3900006e390000418600004186 
  xmm4=0x0000144000001440000042c0000042c0 xmm5=0x000008900000089000003db200003db2 
  xmm6=0x00006979000069790000fd680000fd68 xmm7=0x0000f1550000f1550000c55e0000c55e 

0x313e: imul [r14 +rbx]
  rax=0x0000000000002001 rbx=0x00000000000017eb rcx=0x0000000000000000 rdx=0x0000000000004641
  rsi=0x00000000000000d3 rdi=0xc90046ab72004641 flags=0b000000000110
  xmm0=0x00009357000093570000344700003447 xmm1=0x0000d27c0000d27c0000887300008873 
  xmm2=0x0000c09c0000c09c0000f48a0000f48a xmm3=0x00006e3900006e390000418600004186 
  xmm4=0x0000144000001440000042c0000042c0 xmm5=0x000008900000089000003db200003db2 
  xmm6=0x00006979000069790000fd680000fd68 xmm7=0x0000f1550000f1550000c55e0000c55e 

    > load from +0x57eb value 0x323700002b6b00
0x3142: seto bl
  rax=0x471237056d8b6b00 rbx=0x00000000000017eb rcx=0x0000000000000000 rdx=0x0000000000000006
  rsi=0x00000000000000d3 rdi=0xc90046ab72004641 flags=0b100000000111
  xmm0=0x00009357000093570000344700003447 xmm1=0x0000d27c0000d27c0000887300008873 
  xmm2=0x0000c09c0000c09c0000f48a0000f48a xmm3=0x00006e3900006e390000418600004186 
  xmm4=0x0000144000001440000042c0000042c0 xmm5=0x000008900000089000003db200003db2 
  xmm6=0x00006979000069790000fd680000fd68 xmm7=0x0000f1550000f1550000c55e0000c55e 

0x3145: and rbx, 0b1111111111111
  rax=0x471237056d8b6b00 rbx=0x0000000000001701 rcx=0x0000000000000000 rdx=0x0000000000000006
  rsi=0x00000000000000d3 rdi=0xc90046ab72004641 flags=0b100000000111
  xmm0=0x00009357000093570000344700003447 xmm1=0x0000d27c0000d27c0000887300008873 
  xmm2=0x0000c09c0000c09c0000f48a0000f48a xmm3=0x00006e3900006e390000418600004186 
  xmm4=0x0000144000001440000042c0000042c0 xmm5=0x000008900000089000003db200003db2 
  xmm6=0x00006979000069790000fd680000fd68 xmm7=0x0000f1550000f1550000c55e0000c55e 

0x314c: or [r14 +rbx], 0b1000000000000000000000000000000
  rax=0x471237056d8b6b00 rbx=0x0000000000001701 rcx=0x0000000000000000 rdx=0x0000000000000006
  rsi=0x00000000000000d3 rdi=0xc90046ab72004641 flags=0b000000000010
  xmm0=0x00009357000093570000344700003447 xmm1=0x0000d27c0000d27c0000887300008873 
  xmm2=0x0000c09c0000c09c0000f48a0000f48a xmm3=0x00006e3900006e390000418600004186 
  xmm4=0x0000144000001440000042c0000042c0 xmm5=0x000008900000089000003db200003db2 
  xmm6=0x00006979000069790000fd680000fd68 xmm7=0x0000f1550000f1550000c55e0000c55e 

    > load from +0x5701 value 0x1000009c
    > store to +0x5701 value 0x5000009c
0x3154: bsr ebx, [r14 +rbx]
  rax=0x471237056d8b6b00 rbx=0x0000000000001701 rcx=0x0000000000000000 rdx=0x0000000000000006
  rsi=0x00000000000000d3 rdi=0xc90046ab72004641 flags=0b000000000110
  xmm0=0x00009357000093570000344700003447 xmm1=0x0000d27c0000d27c0000887300008873 
  xmm2=0x0000c09c0000c09c0000f48a0000f48a xmm3=0x00006e3900006e390000418600004186 
  xmm4=0x0000144000001440000042c0000042c0 xmm5=0x000008900000089000003db200003db2 
  xmm6=0x00006979000069790000fd680000fd68 xmm7=0x0000f1550000f1550000c55e0000c55e 

    > load from +0x5701 value 0x5000009c
0x3159: and cl, bl
  rax=0x471237056d8b6b00 rbx=0x000000000000001e rcx=0x0000000000000000 rdx=0x0000000000000006
  rsi=0x00000000000000d3 rdi=0xc90046ab72004641 flags=0b000000000110
  xmm0=0x00009357000093570000344700003447 xmm1=0x0000d27c0000d27c0000887300008873 
  xmm2=0x0000c09c0000c09c0000f48a0000f48a xmm3=0x00006e3900006e390000418600004186 
  xmm4=0x0000144000001440000042c0000042c0 xmm5=0x000008900000089000003db200003db2 
  xmm6=0x00006979000069790000fd680000fd68 xmm7=0x0000f1550000f1550000c55e0000c55e 

0x315b: xadd cx, si
  rax=0x471237056d8b6b00 rbx=0x000000000000001e rcx=0x0000000000000000 rdx=0x0000000000000006
  rsi=0x00000000000000d3 rdi=0xc90046ab72004641 flags=0b000001000110
  xmm0=0x00009357000093570000344700003447 xmm1=0x0000d27c0000d27c0000887300008873 
  xmm2=0x0000c09c0000c09c0000f48a0000f48a xmm3=0x00006e3900006e390000418600004186 
  xmm4=0x0000144000001440000042c0000042c0 xmm5=0x000008900000089000003db200003db2 
  xmm6=0x00006979000069790000fd680000fd68 xmm7=0x0000f1550000f1550000c55e0000c55e 

0x315f: and rax, 0b1111111111111
  rax=0x471237056d8b6b00 rbx=0x000000000000001e rcx=0x00000000000000d3 rdx=0x0000000000000006
  rsi=0x0000000000000000 rdi=0xc90046ab72004641 flags=0b000000000010
  xmm0=0x00009357000093570000344700003447 xmm1=0x0000d27c0000d27c0000887300008873 
  xmm2=0x0000c09c0000c09c0000f48a0000f48a xmm3=0x00006e3900006e390000418600004186 
  xmm4=0x0000144000001440000042c0000042c0 xmm5=0x000008900000089000003db200003db2 
  xmm6=0x00006979000069790000fd680000fd68 xmm7=0x0000f1550000f1550000c55e0000c55e 

0x3165: or [r14 +rax], 0b1000000000000000
  rax=0x0000000000000b00 rbx=0x000000000000001e rcx=0x00000000000000d3 rdx=0x0000000000000006
  rsi=0x0000000000000000 rdi=0xc90046ab72004641 flags=0b000000000110
  xmm0=0x00009357000093570000344700003447 xmm1=0x0000d27c0000d27c0000887300008873 
  xmm2=0x0000c09c0000c09c0000f48a0000f48a xmm3=0x00006e3900006e390000418600004186 
  xmm4=0x0000144000001440000042c0000042c0 xmm5=0x000008900000089000003db200003db2 
  xmm6=0x00006979000069790000fd680000fd68 xmm7=0x0000f1550000f1550000c55e0000c55e 

    > load from +0x4b00 value 0xd18a
    > store to +0x4b00 value 0xd18a
0x316c: bsr ax, [r14 +rax]
  rax=0x0000000000000b00 rbx=0x000000000000001e rcx=0x00000000000000d3 rdx=0x0000000000000006
  rsi=0x0000000000000000 rdi=0xc90046ab72004641 flags=0b000010000010
  xmm0=0x00009357000093570000344700003447 xmm1=0x0000d27c0000d27c0000887300008873 
  xmm2=0x0000c09c0000c09c0000f48a0000f48a xmm3=0x00006e3900006e390000418600004186 
  xmm4=0x0000144000001440000042c0000042c0 xmm5=0x000008900000089000003db200003db2 
  xmm6=0x00006979000069790000fd680000fd68 xmm7=0x0000f1550000f1550000c55e0000c55e 

    > load from +0x4b00 value 0xd18a
0x3172: and rax, 0b1111111111111
  rax=0x000000000000000f rbx=0x000000000000001e rcx=0x00000000000000d3 rdx=0x0000000000000006
  rsi=0x0000000000000000 rdi=0xc90046ab72004641 flags=0b000010000010
  xmm0=0x00009357000093570000344700003447 xmm1=0x0000d27c0000d27c0000887300008873 
  xmm2=0x0000c09c0000c09c0000f48a0000f48a xmm3=0x00006e3900006e390000418600004186 
  xmm4=0x0000144000001440000042c0000042c0 xmm5=0x000008900000089000003db200003db2 
  xmm6=0x00006979000069790000fd680000fd68 xmm7=0x0000f1550000f1550000c55e0000c55e 

0x3178: cmp [r14 +rax], ax
  rax=0x000000000000000f rbx=0x000000000000001e rcx=0x00000000000000d3 rdx=0x0000000000000006
  rsi=0x0000000000000000 rdi=0xc90046ab72004641 flags=0b000000000110
  xmm0=0x00009357000093570000344700003447 xmm1=0x0000d27c0000d27c0000887300008873 
  xmm2=0x0000c09c0000c09c0000f48a0000f48a xmm3=0x00006e3900006e390000418600004186 
  xmm4=0x0000144000001440000042c0000042c0 xmm5=0x000008900000089000003db200003db2 
  xmm6=0x00006979000069790000fd680000fd68 xmm7=0x0000f1550000f1550000c55e0000c55e 

    > load from +0x400f value 0xdd00
0x317d: and rdi, 0b1111111111111
  rax=0x000000000000000f rbx=0x000000000000001e rcx=0x00000000000000d3 rdx=0x0000000000000006
  rsi=0x0000000000000000 rdi=0xc90046ab72004641 flags=0b000010010010
  xmm0=0x00009357000093570000344700003447 xmm1=0x0000d27c0000d27c0000887300008873 
  xmm2=0x0000c09c0000c09c0000f48a0000f48a xmm3=0x00006e3900006e390000418600004186 
  xmm4=0x0000144000001440000042c0000042c0 xmm5=0x000008900000089000003db200003db2 
  xmm6=0x00006979000069790000fd680000fd68 xmm7=0x0000f1550000f1550000c55e0000c55e 

0x3184: cmovnz eax, [r14 +rdi]
  rax=0x000000000000000f rbx=0x000000000000001e rcx=0x00000000000000d3 rdx=0x0000000000000006
  rsi=0x0000000000000000 rdi=0x0000000000000641 flags=0b000000000110
  xmm0=0x00009357000093570000344700003447 xmm1=0x0000d27c0000d27c0000887300008873 
  xmm2=0x0000c09c0000c09c0000f48a0000f48a xmm3=0x00006e3900006e390000418600004186 
  xmm4=0x0000144000001440000042c0000042c0 xmm5=0x000008900000089000003db200003db2 
  xmm6=0x00006979000069790000fd680000fd68 xmm7=0x0000f1550000f1550000c55e0000c55e 

    > load from +0x4641 value 0x6b0000b5
0x3189: and rcx, 0b1111111111111
  rax=0x000000006b0000b5 rbx=0x000000000000001e rcx=0x00000000000000d3 rdx=0x0000000000000006
  rsi=0x0000000000000000 rdi=0x0000000000000641 flags=0b000000000110
  xmm0=0x00009357000093570000344700003447 xmm1=0x0000d27c0000d27c0000887300008873 
  xmm2=0x0000c09c0000c09c0000f48a0000f48a xmm3=0x00006e3900006e390000418600004186 
  xmm4=0x0000144000001440000042c0000042c0 xmm5=0x000008900000089000003db200003db2 
  xmm6=0x00006979000069790000fd680000fd68 xmm7=0x0000f1550000f1550000c55e0000c55e 

0x3190: nop [r14 +rcx]
  rax=0x000000006b0000b5 rbx=0x000000000000001e rcx=0x00000000000000d3 rdx=0x0000000000000006
  rsi=0x0000000000000000 rdi=0x0000000000000641 flags=0b000000000010
  xmm0=0x00009357000093570000344700003447 xmm1=0x0000d27c0000d27c0000887300008873 
  xmm2=0x0000c09c0000c09c0000f48a0000f48a xmm3=0x00006e3900006e390000418600004186 
  xmm4=0x0000144000001440000042c0000042c0 xmm5=0x000008900000089000003db200003db2 
  xmm6=0x00006979000069790000fd680000fd68 xmm7=0x0000f1550000f1550000c55e0000c55e 

0x3196: and rdx, 0b1111111111111
  rax=0x000000006b0000b5 rbx=0x000000000000001e rcx=0x00000000000000d3 rdx=0x0000000000000006
  rsi=0x0000000000000000 rdi=0x0000000000000641 flags=0b000000000010
  xmm0=0x00009357000093570000344700003447 xmm1=0x0000d27c0000d27c0000887300008873 
  xmm2=0x0000c09c0000c09c0000f48a0000f48a xmm3=0x00006e3900006e390000418600004186 
  xmm4=0x0000144000001440000042c0000042c0 xmm5=0x000008900000089000003db200003db2 
  xmm6=0x00006979000069790000fd680000fd68 xmm7=0x0000f1550000f1550000c55e0000c55e 

0x319d: cmovbe bx, [r14 +rdx]
  rax=0x000000006b0000b5 rbx=0x000000000000001e rcx=0x00000000000000d3 rdx=0x0000000000000006
  rsi=0x0000000000000000 rdi=0x0000000000000641 flags=0b000000000110
  xmm0=0x00009357000093570000344700003447 xmm1=0x0000d27c0000d27c0000887300008873 
  xmm2=0x0000c09c0000c09c0000f48a0000f48a xmm3=0x00006e3900006e390000418600004186 
  xmm4=0x0000144000001440000042c0000042c0 xmm5=0x000008900000089000003db200003db2 
  xmm6=0x00006979000069790000fd680000fd68 xmm7=0x0000f1550000f1550000c55e0000c55e 

    > load from +0x4006 value 0x0
0x31a3: cmovnb rax, rcx
  rax=0x000000006b0000b5 rbx=0x000000000000001e rcx=0x00000000000000d3 rdx=0x0000000000000006
  rsi=0x0000000000000000 rdi=0x0000000000000641 flags=0b000000000110
  xmm0=0x00009357000093570000344700003447 xmm1=0x0000d27c0000d27c0000887300008873 
  xmm2=0x0000c09c0000c09c0000f48a0000f48a xmm3=0x00006e3900006e390000418600004186 
  xmm4=0x0000144000001440000042c0000042c0 xmm5=0x000008900000089000003db200003db2 
  xmm6=0x00006979000069790000fd680000fd68 xmm7=0x0000f1550000f1550000c55e0000c55e 

0x31a7: cmovnl esi, ebx
  rax=0x00000000000000d3 rbx=0x000000000000001e rcx=0x00000000000000d3 rdx=0x0000000000000006
  rsi=0x0000000000000000 rdi=0x0000000000000641 flags=0b000000000110
  xmm0=0x00009357000093570000344700003447 xmm1=0x0000d27c0000d27c0000887300008873 
  xmm2=0x0000c09c0000c09c0000f48a0000f48a xmm3=0x00006e3900006e390000418600004186 
  xmm4=0x0000144000001440000042c0000042c0 xmm5=0x000008900000089000003db200003db2 
  xmm6=0x00006979000069790000fd680000fd68 xmm7=0x0000f1550000f1550000c55e0000c55e 

0x31aa: macro .switch, .main.function_main_1
  rax=0x00000000000000d3 rbx=0x000000000000001e rcx=0x00000000000000d3 rdx=0x0000000000000006
  rsi=0x000000000000001e rdi=0x0000000000000641 flags=0b000000000110
  xmm0=0x00009357000093570000344700003447 xmm1=0x0000d27c0000d27c0000887300008873 
  xmm2=0x0000c09c0000c09c0000f48a0000f48a xmm3=0x00006e3900006e390000418600004186 
  xmm4=0x0000144000001440000042c0000042c0 xmm5=0x000008900000089000003db200003db2 
  xmm6=0x00006979000069790000fd680000fd68 xmm7=0x0000f1550000f1550000c55e0000c55e 

0x8 : and rdx, 0b1111111111111
  rax=0x00000000000000d3 rbx=0x000000000000001e rcx=0x00000000000000d3 rdx=0x0000000000000006
  rsi=0x000000000000001e rdi=0x0000000000000641 flags=0b000000000110
  xmm0=0x00009357000093570000344700003447 xmm1=0x0000d27c0000d27c0000887300008873 
  xmm2=0x0000c09c0000c09c0000f48a0000f48a xmm3=0x00006e3900006e390000418600004186 
  xmm4=0x0000144000001440000042c0000042c0 xmm5=0x000008900000089000003db200003db2 
  xmm6=0x00006979000069790000fd680000fd68 xmm7=0x0000f1550000f1550000c55e0000c55e 

0xf : add si, [r14 +rdx]
  rax=0x00000000000000d3 rbx=0x000000000000001e rcx=0x00000000000000d3 rdx=0x0000000000000006
  rsi=0x000000000000001e rdi=0x0000000000000641 flags=0b000000000110
  xmm0=0x00009357000093570000344700003447 xmm1=0x0000d27c0000d27c0000887300008873 
  xmm2=0x0000c09c0000c09c0000f48a0000f48a xmm3=0x00006e3900006e390000418600004186 
  xmm4=0x0000144000001440000042c0000042c0 xmm5=0x000008900000089000003db200003db2 
  xmm6=0x00006979000069790000fd680000fd68 xmm7=0x0000f1550000f1550000c55e0000c55e 

    > load from +0x6 value 0x0
0x14: and rdi, 0b1111111111111
  rax=0x00000000000000d3 rbx=0x000000000000001e rcx=0x00000000000000d3 rdx=0x0000000000000006
  rsi=0x000000000000001e rdi=0x0000000000000641 flags=0b000000000110
  xmm0=0x00009357000093570000344700003447 xmm1=0x0000d27c0000d27c0000887300008873 
  xmm2=0x0000c09c0000c09c0000f48a0000f48a xmm3=0x00006e3900006e390000418600004186 
  xmm4=0x0000144000001440000042c0000042c0 xmm5=0x000008900000089000003db200003db2 
  xmm6=0x00006979000069790000fd680000fd68 xmm7=0x0000f1550000f1550000c55e0000c55e 

0x1b: xor edx, [r14 +rdi]
  rax=0x00000000000000d3 rbx=0x000000000000001e rcx=0x00000000000000d3 rdx=0x0000000000000006
  rsi=0x000000000000001e rdi=0x0000000000000641 flags=0b000000000110
  xmm0=0x00009357000093570000344700003447 xmm1=0x0000d27c0000d27c0000887300008873 
  xmm2=0x0000c09c0000c09c0000f48a0000f48a xmm3=0x00006e3900006e390000418600004186 
  xmm4=0x0000144000001440000042c0000042c0 xmm5=0x000008900000089000003db200003db2 
  xmm6=0x00006979000069790000fd680000fd68 xmm7=0x0000f1550000f1550000c55e0000c55e 

    > load from +0x641 value 0xac000030
0x1f: xor bl, dl
  rax=0x00000000000000d3 rbx=0x000000000000001e rcx=0x00000000000000d3 rdx=0x00000000ac000036
  rsi=0x000000000000001e rdi=0x0000000000000641 flags=0b000010000110
  xmm0=0x00009357000093570000344700003447 xmm1=0x0000d27c0000d27c0000887300008873 
  xmm2=0x0000c09c0000c09c0000f48a0000f48a xmm3=0x00006e3900006e390000418600004186 
  xmm4=0x0000144000001440000042c0000042c0 xmm5=0x000008900000089000003db200003db2 
  xmm6=0x00006979000069790000fd680000fd68 xmm7=0x0000f1550000f1550000c55e0000c55e 

0x21: and rbx, 0b1111111111111
  rax=0x00000000000000d3 rbx=0x0000000000000028 rcx=0x00000000000000d3 rdx=0x00000000ac000036
  rsi=0x000000000000001e rdi=0x0000000000000641 flags=0b000000000110
  xmm0=0x00009357000093570000344700003447 xmm1=0x0000d27c0000d27c0000887300008873 
  xmm2=0x0000c09c0000c09c0000f48a0000f48a xmm3=0x00006e3900006e390000418600004186 
  xmm4=0x0000144000001440000042c0000042c0 xmm5=0x000008900000089000003db200003db2 
  xmm6=0x00006979000069790000fd680000fd68 xmm7=0x0000f1550000f1550000c55e0000c55e 

0x28: cmovnb edx, [r14 +rbx]
  rax=0x00000000000000d3 rbx=0x0000000000000028 rcx=0x00000000000000d3 rdx=0x00000000ac000036
  rsi=0x000000000000001e rdi=0x0000000000000641 flags=0b000000000110
  xmm0=0x00009357000093570000344700003447 xmm1=0x0000d27c0000d27c0000887300008873 
  xmm2=0x0000c09c0000c09c0000f48a0000f48a xmm3=0x00006e3900006e390000418600004186 
  xmm4=0x0000144000001440000042c0000042c0 xmm5=0x000008900000089000003db200003db2 
  xmm6=0x00006979000069790000fd680000fd68 xmm7=0x0000f1550000f1550000c55e0000c55e 

    > load from +0x28 value 0xe341
0x2d: and rbx, 0b1111111111111
  rax=0x00000000000000d3 rbx=0x0000000000000028 rcx=0x00000000000000d3 rdx=0x000000000000e341
  rsi=0x000000000000001e rdi=0x0000000000000641 flags=0b000000000110
  xmm0=0x00009357000093570000344700003447 xmm1=0x0000d27c0000d27c0000887300008873 
  xmm2=0x0000c09c0000c09c0000f48a0000f48a xmm3=0x00006e3900006e390000418600004186 
  xmm4=0x0000144000001440000042c0000042c0 xmm5=0x000008900000089000003db200003db2 
  xmm6=0x00006979000069790000fd680000fd68 xmm7=0x0000f1550000f1550000c55e0000c55e 

0x34: bt [r14 +rbx], 35
  rax=0x00000000000000d3 rbx=0x0000000000000028 rcx=0x00000000000000d3 rdx=0x000000000000e341
  rsi=0x000000000000001e rdi=0x0000000000000641 flags=0b000000000110
  xmm0=0x00009357000093570000344700003447 xmm1=0x0000d27c0000d27c0000887300008873 
  xmm2=0x0000c09c0000c09c0000f48a0000f48a xmm3=0x00006e3900006e390000418600004186 
  xmm4=0x0000144000001440000042c0000042c0 xmm5=0x000008900000089000003db200003db2 
  xmm6=0x00006979000069790000fd680000fd68 xmm7=0x0000f1550000f1550000c55e0000c55e 

    > load from +0x28 value 0xe341
0x3b: add dil, -29
  rax=0x00000000000000d3 rbx=0x0000000000000028 rcx=0x00000000000000d3 rdx=0x000000000000e341
  rsi=0x000000000000001e rdi=0x0000000000000641 flags=0b000000000110
  xmm0=0x00009357000093570000344700003447 xmm1=0x0000d27c0000d27c0000887300008873 
  xmm2=0x0000c09c0000c09c0000f48a0000f48a xmm3=0x00006e3900006e390000418600004186 
  xmm4=0x0000144000001440000042c0000042c0 xmm5=0x000008900000089000003db200003db2 
  xmm6=0x00006979000069790000fd680000fd68 xmm7=0x0000f1550000f1550000c55e0000c55e 

0x3f: setz al
  rax=0x00000000000000d3 rbx=0x0000000000000028 rcx=0x00000000000000d3 rdx=0x000000000000e341
  rsi=0x000000000000001e rdi=0x0000000000000624 flags=0b000000000111
  xmm0=0x00009357000093570000344700003447 xmm1=0x0000d27c0000d27c0000887300008873 
  xmm2=0x0000c09c0000c09c0000f48a0000f48a xmm3=0x00006e3900006e390000418600004186 
  xmm4=0x0000144000001440000042c0000042c0 xmm5=0x000008900000089000003db200003db2 
  xmm6=0x00006979000069790000fd680000fd68 xmm7=0x0000f1550000f1550000c55e0000c55e 

0x42: cmovnz dx, si
  rax=0x0000000000000000 rbx=0x0000000000000028 rcx=0x00000000000000d3 rdx=0x000000000000e341
  rsi=0x000000000000001e rdi=0x0000000000000624 flags=0b000000000111
  xmm0=0x00009357000093570000344700003447 xmm1=0x0000d27c0000d27c0000887300008873 
  xmm2=0x0000c09c0000c09c0000f48a0000f48a xmm3=0x00006e3900006e390000418600004186 
  xmm4=0x0000144000001440000042c0000042c0 xmm5=0x000008900000089000003db200003db2 
  xmm6=0x00006979000069790000fd680000fd68 xmm7=0x0000f1550000f1550000c55e0000c55e 

0x46: setle dl
  rax=0x0000000000000000 rbx=0x0000000000000028 rcx=0x00000000000000d3 rdx=0x000000000000001e
  rsi=0x000000000000001e rdi=0x0000000000000624 flags=0b000000000111
  xmm0=0x00009357000093570000344700003447 xmm1=0x0000d27c0000d27c0000887300008873 
  xmm2=0x0000c09c0000c09c0000f48a0000f48a xmm3=0x00006e3900006e390000418600004186 
  xmm4=0x0000144000001440000042c0000042c0 xmm5=0x000008900000089000003db200003db2 
  xmm6=0x00006979000069790000fd680000fd68 xmm7=0x0000f1550000f1550000c55e0000c55e 

0x49: and rax, 0b1111111111111
  rax=0x0000000000000000 rbx=0x0000000000000028 rcx=0x00000000000000d3 rdx=0x0000000000000000
  rsi=0x000000000000001e rdi=0x0000000000000624 flags=0b000000000111
  xmm0=0x00009357000093570000344700003447 xmm1=0x0000d27c0000d27c0000887300008873 
  xmm2=0x0000c09c0000c09c0000f48a0000f48a xmm3=0x00006e3900006e390000418600004186 
  xmm4=0x0000144000001440000042c0000042c0 xmm5=0x000008900000089000003db200003db2 
  xmm6=0x00006979000069790000fd680000fd68 xmm7=0x0000f1550000f1550000c55e0000c55e 

0x4f: sbb bl, [r14 +rax]
  rax=0x0000000000000000 rbx=0x0000000000000028 rcx=0x00000000000000d3 rdx=0x0000000000000000
  rsi=0x000000000000001e rdi=0x0000000000000624 flags=0b000001000110
  xmm0=0x00009357000093570000344700003447 xmm1=0x0000d27c0000d27c0000887300008873 
  xmm2=0x0000c09c0000c09c0000f48a0000f48a xmm3=0x00006e3900006e390000418600004186 
  xmm4=0x0000144000001440000042c0000042c0 xmm5=0x000008900000089000003db200003db2 
  xmm6=0x00006979000069790000fd680000fd68 xmm7=0x0000f1550000f1550000c55e0000c55e 

    > load from +0x0 value 0xb5
0x53: setns sil
  rax=0x0000000000000000 rbx=0x0000000000000073 rcx=0x00000000000000d3 rdx=0x0000000000000000
  rsi=0x000000000000001e rdi=0x0000000000000624 flags=0b000000000011
  xmm0=0x00009357000093570000344700003447 xmm1=0x0000d27c0000d27c0000887300008873 
  xmm2=0x0000c09c0000c09c0000f48a0000f48a xmm3=0x00006e3900006e390000418600004186 
  xmm4=0x0000144000001440000042c0000042c0 xmm5=0x000008900000089000003db200003db2 
  xmm6=0x00006979000069790000fd680000fd68 xmm7=0x0000f1550000f1550000c55e0000c55e 

0x57: and rdx, 0b1111111111111
  rax=0x0000000000000000 rbx=0x0000000000000073 rcx=0x00000000000000d3 rdx=0x0000000000000000
  rsi=0x0000000000000001 rdi=0x0000000000000624 flags=0b000000000011
  xmm0=0x00009357000093570000344700003447 xmm1=0x0000d27c0000d27c0000887300008873 
  xmm2=0x0000c09c0000c09c0000f48a0000f48a xmm3=0x00006e3900006e390000418600004186 
  xmm4=0x0000144000001440000042c0000042c0 xmm5=0x000008900000089000003db200003db2 
  xmm6=0x00006979000069790000fd680000fd68 xmm7=0x0000f1550000f1550000c55e0000c55e 

0x5e: or [r14 +rdx], 0b1000
  rax=0x0000000000000000 rbx=0x0000000000000073 rcx=0x00000000000000d3 rdx=0x0000000000000000
  rsi=0x0000000000000001 rdi=0x0000000000000624 flags=0b000001000110
  xmm0=0x00009357000093570000344700003447 xmm1=0x0000d27c0000d27c0000887300008873 
  xmm2=0x0000c09c0000c09c0000f48a0000f48a xmm3=0x00006e3900006e390000418600004186 
  xmm4=0x0000144000001440000042c0000042c0 xmm5=0x000008900000089000003db200003db2 
  xmm6=0x00006979000069790000fd680000fd68 xmm7=0x0000f1550000f1550000c55e0000c55e 

    > load from +0x0 value 0xb5
    > store to +0x0 value 0xbd
0x63: and [r14 +rdx], 0b11111000
  rax=0x0000000000000000 rbx=0x0000000000000073 rcx=0x00000000000000d3 rdx=0x0000000000000000
  rsi=0x0000000000000001 rdi=0x0000000000000624 flags=0b000010000110
  xmm0=0x00009357000093570000344700003447 xmm1=0x0000d27c0000d27c0000887300008873 
  xmm2=0x0000c09c0000c09c0000f48a0000f48a xmm3=0x00006e3900006e390000418600004186 
  xmm4=0x0000144000001440000042c0000042c0 xmm5=0x000008900000089000003db200003db2 
  xmm6=0x00006979000069790000fd680000fd68 xmm7=0x0000f1550000f1550000c55e0000c55e 

    > load from +0x0 value 0xbd
    > store to +0x0 value 0xb8
0x68: and rdx, 0b1111111111111
  rax=0x0000000000000000 rbx=0x0000000000000073 rcx=0x00000000000000d3 rdx=0x0000000000000000
  rsi=0x0000000000000001 rdi=0x0000000000000624 flags=0b000010000110
  xmm0=0x00009357000093570000344700003447 xmm1=0x0000d27c0000d27c0000887300008873 
  xmm2=0x0000c09c0000c09c0000f48a0000f48a xmm3=0x00006e3900006e390000418600004186 
  xmm4=0x0000144000001440000042c0000042c0 xmm5=0x000008900000089000003db200003db2 
  xmm6=0x00006979000069790000fd680000fd68 xmm7=0x0000f1550000f1550000c55e0000c55e 

0x6f: or [r14 +rdx], 0b1000000000000000
  rax=0x0000000000000000 rbx=0x0000000000000073 rcx=0x00000000000000d3 rdx=0x0000000000000000
  rsi=0x0000000000000001 rdi=0x0000000000000624 flags=0b000001000110
  xmm0=0x00009357000093570000344700003447 xmm1=0x0000d27c0000d27c0000887300008873 
  xmm2=0x0000c09c0000c09c0000f48a0000f48a xmm3=0x00006e3900006e390000418600004186 
  xmm4=0x0000144000001440000042c0000042c0 xmm5=0x000008900000089000003db200003db2 
  xmm6=0x00006979000069790000fd680000fd68 xmm7=0x0000f1550000f1550000c55e0000c55e 

    > load from +0x0 value 0xfdb8
    > store to +0x0 value 0xfdb8
0x76: bsf cx, [r14 +rdx]
  rax=0x0000000000000000 rbx=0x0000000000000073 rcx=0x00000000000000d3 rdx=0x0000000000000000
  rsi=0x0000000000000001 rdi=0x0000000000000624 flags=0b000010000110
  xmm0=0x00009357000093570000344700003447 xmm1=0x0000d27c0000d27c0000887300008873 
  xmm2=0x0000c09c0000c09c0000f48a0000f48a xmm3=0x00006e3900006e390000418600004186 
  xmm4=0x0000144000001440000042c0000042c0 xmm5=0x000008900000089000003db200003db2 
  xmm6=0x00006979000069790000fd680000fd68 xmm7=0x0000f1550000f1550000c55e0000c55e 

    > load from +0x0 value 0xfdb8
0x7c: add sil, 2
  rax=0x0000000000000000 rbx=0x0000000000000073 rcx=0x0000000000000003 rdx=0x0000000000000000
  rsi=0x0000000000000001 rdi=0x0000000000000624 flags=0b000010000110
  xmm0=0x00009357000093570000344700003447 xmm1=0x0000d27c0000d27c0000887300008873 
  xmm2=0x0000c09c0000c09c0000f48a0000f48a xmm3=0x00006e3900006e390000418600004186 
  xmm4=0x0000144000001440000042c0000042c0 xmm5=0x000008900000089000003db200003db2 
  xmm6=0x00006979000069790000fd680000fd68 xmm7=0x0000f1550000f1550000c55e0000c55e 

0x80: cmovno rdi, rdx
  rax=0x0000000000000000 rbx=0x0000000000000073 rcx=0x0000000000000003 rdx=0x0000000000000000
  rsi=0x0000000000000003 rdi=0x0000000000000624 flags=0b000000000110
  xmm0=0x00009357000093570000344700003447 xmm1=0x0000d27c0000d27c0000887300008873 
  xmm2=0x0000c09c0000c09c0000f48a0000f48a xmm3=0x00006e3900006e390000418600004186 
  xmm4=0x0000144000001440000042c0000042c0 xmm5=0x000008900000089000003db200003db2 
  xmm6=0x00006979000069790000fd680000fd68 xmm7=0x0000f1550000f1550000c55e0000c55e 

0x84: xor ecx, ecx
  rax=0x0000000000000000 rbx=0x0000000000000073 rcx=0x0000000000000003 rdx=0x0000000000000000
  rsi=0x0000000000000003 rdi=0x0000000000000000 flags=0b000000000110
  xmm0=0x00009357000093570000344700003447 xmm1=0x0000d27c0000d27c0000887300008873 
  xmm2=0x0000c09c0000c09c0000f48a0000f48a xmm3=0x00006e3900006e390000418600004186 
  xmm4=0x0000144000001440000042c0000042c0 xmm5=0x000008900000089000003db200003db2 
  xmm6=0x00006979000069790000fd680000fd68 xmm7=0x0000f1550000f1550000c55e0000c55e 

0x86: and rbx, 0b1111111111111
  rax=0x0000000000000000 rbx=0x0000000000000073 rcx=0x0000000000000000 rdx=0x0000000000000000
  rsi=0x0000000000000003 rdi=0x0000000000000000 flags=0b000001000110
  xmm0=0x00009357000093570000344700003447 xmm1=0x0000d27c0000d27c0000887300008873 
  xmm2=0x0000c09c0000c09c0000f48a0000f48a xmm3=0x00006e3900006e390000418600004186 
  xmm4=0x0000144000001440000042c0000042c0 xmm5=0x000008900000089000003db200003db2 
  xmm6=0x00006979000069790000fd680000fd68 xmm7=0x0000f1550000f1550000c55e0000c55e 

0x8d: cmovnb rbx, [r14 +rbx]
  rax=0x0000000000000000 rbx=0x0000000000000073 rcx=0x0000000000000000 rdx=0x0000000000000000
  rsi=0x0000000000000003 rdi=0x0000000000000000 flags=0b000000000010
  xmm0=0x00009357000093570000344700003447 xmm1=0x0000d27c0000d27c0000887300008873 
  xmm2=0x0000c09c0000c09c0000f48a0000f48a xmm3=0x00006e3900006e390000418600004186 
  xmm4=0x0000144000001440000042c0000042c0 xmm5=0x000008900000089000003db200003db2 
  xmm6=0x00006979000069790000fd680000fd68 xmm7=0x0000f1550000f1550000c55e0000c55e 

    > load from +0x73 value 0x95ec0000c11600
0x92: sub eax, 1826594307
  rax=0x0000000000000000 rbx=0x0095ec0000c11600 rcx=0x0000000000000000 rdx=0x0000000000000000
  rsi=0x0000000000000003 rdi=0x0000000000000000 flags=0b000000000010
  xmm0=0x00009357000093570000344700003447 xmm1=0x0000d27c0000d27c0000887300008873 
  xmm2=0x0000c09c0000c09c0000f48a0000f48a xmm3=0x00006e3900006e390000418600004186 
  xmm4=0x0000144000001440000042c0000042c0 xmm5=0x000008900000089000003db200003db2 
  xmm6=0x00006979000069790000fd680000fd68 xmm7=0x0000f1550000f1550000c55e0000c55e 

0x97: and rdi, 0b1111111111111
  rax=0x00000000932061fd rbx=0x0095ec0000c11600 rcx=0x0000000000000000 rdx=0x0000000000000000
  rsi=0x0000000000000003 rdi=0x0000000000000000 flags=0b000010010011
  xmm0=0x00009357000093570000344700003447 xmm1=0x0000d27c0000d27c0000887300008873 
  xmm2=0x0000c09c0000c09c0000f48a0000f48a xmm3=0x00006e3900006e390000418600004186 
  xmm4=0x0000144000001440000042c0000042c0 xmm5=0x000008900000089000003db200003db2 
  xmm6=0x00006979000069790000fd680000fd68 xmm7=0x0000f1550000f1550000c55e0000c55e 

0x9e: cmovnle dx, [r14 +rdi]
  rax=0x00000000932061fd rbx=0x0095ec0000c11600 rcx=0x0000000000000000 rdx=0x0000000000000000
  rsi=0x0000000000000003 rdi=0x0000000000000000 flags=0b000001000110
  xmm0=0x00009357000093570000344700003447 xmm1=0x0000d27c0000d27c0000887300008873 
  xmm2=0x0000c09c0000c09c0000f48a0000f48a xmm3=0x00006e3900006e390000418600004186 
  xmm4=0x0000144000001440000042c0000042c0 xmm5=0x000008900000089000003db200003db2 
  xmm6=0x00006979000069790000fd680000fd68 xmm7=0x0000f1550000f1550000c55e0000c55e 

    > load from +0x0 value 0xfdb8
0xa4: and rax, 0b1111111111111
  rax=0x00000000932061fd rbx=0x0095ec0000c11600 rcx=0x0000000000000000 rdx=0x0000000000000000
  rsi=0x0000000000000003 rdi=0x0000000000000000 flags=0b000001000110
  xmm0=0x00009357000093570000344700003447 xmm1=0x0000d27c0000d27c0000887300008873 
  xmm2=0x0000c09c0000c09c0000f48a0000f48a xmm3=0x00006e3900006e390000418600004186 
  xmm4=0x0000144000001440000042c0000042c0 xmm5=0x000008900000089000003db200003db2 
  xmm6=0x00006979000069790000fd680000fd68 xmm7=0x0000f1550000f1550000c55e0000c55e 

0xaa: cmovl rdi, [r14 +rax]
  rax=0x00000000000001fd rbx=0x0095ec0000c11600 rcx=0x0000000000000000 rdx=0x0000000000000000
  rsi=0x0000000000000003 rdi=0x0000000000000000 flags=0b000000000010
  xmm0=0x00009357000093570000344700003447 xmm1=0x0000d27c0000d27c0000887300008873 
  xmm2=0x0000c09c0000c09c0000f48a0000f48a xmm3=0x00006e3900006e390000418600004186 
  xmm4=0x0000144000001440000042c0000042c0 xmm5=0x000008900000089000003db200003db2 
  xmm6=0x00006979000069790000fd680000fd68 xmm7=0x0000f1550000f1550000c55e0000c55e 

    > load from +0x1fd value 0xc70000cac70000d1
0xaf: and rdx, 0b1111111111111
  rax=0x00000000000001fd rbx=0x0095ec0000c11600 rcx=0x0000000000000000 rdx=0x0000000000000000
  rsi=0x0000000000000003 rdi=0x0000000000000000 flags=0b000000000010
  xmm0=0x00009357000093570000344700003447 xmm1=0x0000d27c0000d27c0000887300008873 
  xmm2=0x0000c09c0000c09c0000f48a0000f48a xmm3=0x00006e3900006e390000418600004186 
  xmm4=0x0000144000001440000042c0000042c0 xmm5=0x000008900000089000003db200003db2 
  xmm6=0x00006979000069790000fd680000fd68 xmm7=0x0000f1550000f1550000c55e0000c55e 

0xb6: cmp [r14 +rdx], rdx
  rax=0x00000000000001fd rbx=0x0095ec0000c11600 rcx=0x0000000000000000 rdx=0x0000000000000000
  rsi=0x0000000000000003 rdi=0x0000000000000000 flags=0b000001000110
  xmm0=0x00009357000093570000344700003447 xmm1=0x0000d27c0000d27c0000887300008873 
  xmm2=0x0000c09c0000c09c0000f48a0000f48a xmm3=0x00006e3900006e390000418600004186 
  xmm4=0x0000144000001440000042c0000042c0 xmm5=0x000008900000089000003db200003db2 
  xmm6=0x00006979000069790000fd680000fd68 xmm7=0x0000f1550000f1550000c55e0000c55e 

    > load from +0x0 value 0xfdb50000fdb8
0xba: and rdi, 0b1111111111111
  rax=0x00000000000001fd rbx=0x0095ec0000c11600 rcx=0x0000000000000000 rdx=0x0000000000000000
  rsi=0x0000000000000003 rdi=0x0000000000000000 flags=0b000000000110
  xmm0=0x00009357000093570000344700003447 xmm1=0x0000d27c0000d27c0000887300008873 
  xmm2=0x0000c09c0000c09c0000f48a0000f48a xmm3=0x00006e3900006e390000418600004186 
  xmm4=0x0000144000001440000042c0000042c0 xmm5=0x000008900000089000003db200003db2 
  xmm6=0x00006979000069790000fd680000fd68 xmm7=0x0000f1550000f1550000c55e0000c55e 

0xc1: and ebx, 0b111
  rax=0x00000000000001fd rbx=0x0095ec0000c11600 rcx=0x0000000000000000 rdx=0x0000000000000000
  rsi=0x0000000000000003 rdi=0x0000000000000000 flags=0b000001000110
  xmm0=0x00009357000093570000344700003447 xmm1=0x0000d27c0000d27c0000887300008873 
  xmm2=0x0000c09c0000c09c0000f48a0000f48a xmm3=0x00006e3900006e390000418600004186 
  xmm4=0x0000144000001440000042c0000042c0 xmm5=0x000008900000089000003db200003db2 
  xmm6=0x00006979000069790000fd680000fd68 xmm7=0x0000f1550000f1550000c55e0000c55e 

0xc4: bt [r14 +rdi], ebx
  rax=0x00000000000001fd rbx=0x0000000000000000 rcx=0x0000000000000000 rdx=0x0000000000000000
  rsi=0x0000000000000003 rdi=0x0000000000000000 flags=0b000001000110
  xmm0=0x00009357000093570000344700003447 xmm1=0x0000d27c0000d27c0000887300008873 
  xmm2=0x0000c09c0000c09c0000f48a0000f48a xmm3=0x00006e3900006e390000418600004186 
  xmm4=0x0000144000001440000042c0000042c0 xmm5=0x000008900000089000003db200003db2 
  xmm6=0x00006979000069790000fd680000fd68 xmm7=0x0000f1550000f1550000c55e0000c55e 

    > load from +0x0 value 0xfdb8
0xc9: and rax, 1491315142
  rax=0x00000000000001fd rbx=0x0000000000000000 rcx=0x0000000000000000 rdx=0x0000000000000000
  rsi=0x0000000000000003 rdi=0x0000000000000000 flags=0b000001000110
  xmm0=0x00009357000093570000344700003447 xmm1=0x0000d27c0000d27c0000887300008873 
  xmm2=0x0000c09c0000c09c0000f48a0000f48a xmm3=0x00006e3900006e390000418600004186 
  xmm4=0x0000144000001440000042c0000042c0 xmm5=0x000008900000089000003db200003db2 
  xmm6=0x00006979000069790000fd680000fd68 xmm7=0x0000f1550000f1550000c55e0000c55e 

0xcf: and rsi, 0b1111111111111
  rax=0x00000000000001c4 rbx=0x0000000000000000 rcx=0x0000000000000000 rdx=0x0000000000000000
  rsi=0x0000000000000003 rdi=0x0000000000000000 flags=0b000000000010
  xmm0=0x00009357000093570000344700003447 xmm1=0x0000d27c0000d27c0000887300008873 
  xmm2=0x0000c09c0000c09c0000f48a0000f48a xmm3=0x00006e3900006e390000418600004186 
  xmm4=0x0000144000001440000042c0000042c0 xmm5=0x000008900000089000003db200003db2 
  xmm6=0x00006979000069790000fd680000fd68 xmm7=0x0000f1550000f1550000c55e0000c55e 

0xd6: or [r14 +rsi], 0b1000000000000000000000000000000
  rax=0x00000000000001c4 rbx=0x0000000000000000 rcx=0x0000000000000000 rdx=0x0000000000000000
  rsi=0x0000000000000003 rdi=0x0000000000000000 flags=0b000000000110
  xmm0=0x00009357000093570000344700003447 xmm1=0x0000d27c0000d27c0000887300008873 
  xmm2=0x0000c09c0000c09c0000f48a0000f48a xmm3=0x00006e3900006e390000418600004186 
  xmm4=0x0000144000001440000042c0000042c0 xmm5=0x000008900000089000003db200003db2 
  xmm6=0x00006979000069790000fd680000fd68 xmm7=0x0000f1550000f1550000c55e0000c55e 

    > load from +0x3 value 0xfdb500
    > store to +0x3 value 0x40fdb500
0xde: bsr ebx, [r14 +rsi]
  rax=0x00000000000001c4 rbx=0x0000000000000000 rcx=0x0000000000000000 rdx=0x0000000000000000
  rsi=0x0000000000000003 rdi=0x0000000000000000 flags=0b000000000110
  xmm0=0x00009357000093570000344700003447 xmm1=0x0000d27c0000d27c0000887300008873 
  xmm2=0x0000c09c0000c09c0000f48a0000f48a xmm3=0x00006e3900006e390000418600004186 
  xmm4=0x0000144000001440000042c0000042c0 xmm5=0x000008900000089000003db200003db2 
  xmm6=0x00006979000069790000fd680000fd68 xmm7=0x0000f1550000f1550000c55e0000c55e 

    > load from +0x3 value 0x40fdb500
0xe3: imul rsi, rcx, -119
  rax=0x00000000000001c4 rbx=0x000000000000001e rcx=0x0000000000000000 rdx=0x0000000000000000
  rsi=0x0000000000000003 rdi=0x0000000000000000 flags=0b000000000110
  xmm0=0x00009357000093570000344700003447 xmm1=0x0000d27c0000d27c0000887300008873 
  xmm2=0x0000c09c0000c09c0000f48a0000f48a xmm3=0x00006e3900006e390000418600004186 
  xmm4=0x0000144000001440000042c0000042c0 xmm5=0x000008900000089000003db200003db2 
  xmm6=0x00006979000069790000fd680000fd68 xmm7=0x0000f1550000f1550000c55e0000c55e 

0xe7: and rcx, 0b1111111111111
  rax=0x00000000000001c4 rbx=0x000000000000001e rcx=0x0000000000000000 rdx=0x0000000000000000
  rsi=0x0000000000000000 rdi=0x0000000000000000 flags=0b000001000110
  xmm0=0x00009357000093570000344700003447 xmm1=0x0000d27c0000d27c0000887300008873 
  xmm2=0x0000c09c0000c09c0000f48a0000f48a xmm3=0x00006e3900006e390000418600004186 
  xmm4=0x0000144000001440000042c0000042c0 xmm5=0x000008900000089000003db200003db2 
  xmm6=0x00006979000069790000fd680000fd68 xmm7=0x0000f1550000f1550000c55e0000c55e 

0xee: movsxd rsi, [r14 +rcx]
  rax=0x00000000000001c4 rbx=0x000000000000001e rcx=0x0000000000000000 rdx=0x0000000000000000
  rsi=0x0000000000000000 rdi=0x0000000000000000 flags=0b000001000110
  xmm0=0x00009357000093570000344700003447 xmm1=0x0000d27c0000d27c0000887300008873 
  xmm2=0x0000c09c0000c09c0000f48a0000f48a xmm3=0x00006e3900006e390000418600004186 
  xmm4=0x0000144000001440000042c0000042c0 xmm5=0x000008900000089000003db200003db2 
  xmm6=0x00006979000069790000fd680000fd68 xmm7=0x0000f1550000f1550000c55e0000c55e 

    > load from +0x0 value 0xfdb8
0xf2: and rdx, 0b1111111111111
  rax=0x00000000000001c4 rbx=0x000000000000001e rcx=0x0000000000000000 rdx=0x0000000000000000
  rsi=0x000000000000fdb8 rdi=0x0000000000000000 flags=0b000001000110
  xmm0=0x00009357000093570000344700003447 xmm1=0x0000d27c0000d27c0000887300008873 
  xmm2=0x0000c09c0000c09c0000f48a0000f48a xmm3=0x00006e3900006e390000418600004186 
  xmm4=0x0000144000001440000042c0000042c0 xmm5=0x000008900000089000003db200003db2 
  xmm6=0x00006979000069790000fd680000fd68 xmm7=0x0000f1550000f1550000c55e0000c55e 

0xf9: and ax, 0b111
  rax=0x00000000000001c4 rbx=0x000000000000001e rcx=0x0000000000000000 rdx=0x0000000000000000
  rsi=0x000000000000fdb8 rdi=0x0000000000000000 flags=0b000001000110
  xmm0=0x00009357000093570000344700003447 xmm1=0x0000d27c0000d27c0000887300008873 
  xmm2=0x0000c09c0000c09c0000f48a0000f48a xmm3=0x00006e3900006e390000418600004186 
  xmm4=0x0000144000001440000042c0000042c0 xmm5=0x000008900000089000003db200003db2 
  xmm6=0x00006979000069790000fd680000fd68 xmm7=0x0000f1550000f1550000c55e0000c55e 

0xfd: bt [r14 +rdx], ax
  rax=0x0000000000000004 rbx=0x000000000000001e rcx=0x0000000000000000 rdx=0x0000000000000000
  rsi=0x000000000000fdb8 rdi=0x0000000000000000 flags=0b000000000010
  xmm0=0x00009357000093570000344700003447 xmm1=0x0000d27c0000d27c0000887300008873 
  xmm2=0x0000c09c0000c09c0000f48a0000f48a xmm3=0x00006e3900006e390000418600004186 
  xmm4=0x0000144000001440000042c0000042c0 xmm5=0x000008900000089000003db200003db2 
  xmm6=0x00006979000069790000fd680000fd68 xmm7=0x0000f1550000f1550000c55e0000c55e 

    > load from +0x0 value 0xfdb8
0x103: cmp cl, -68
  rax=0x0000000000000004 rbx=0x000000000000001e rcx=0x0000000000000000 rdx=0x0000000000000000
  rsi=0x000000000000fdb8 rdi=0x0000000000000000 flags=0b000000000011
  xmm0=0x00009357000093570000344700003447 xmm1=0x0000d27c0000d27c0000887300008873 
  xmm2=0x0000c09c0000c09c0000f48a0000f48a xmm3=0x00006e3900006e390000418600004186 
  xmm4=0x0000144000001440000042c0000042c0 xmm5=0x000008900000089000003db200003db2 
  xmm6=0x00006979000069790000fd680000fd68 xmm7=0x0000f1550000f1550000c55e0000c55e 

0x106: and rsi, 0b1111111111111
  rax=0x0000000000000004 rbx=0x000000000000001e rcx=0x0000000000000000 rdx=0x0000000000000000
  rsi=0x000000000000fdb8 rdi=0x0000000000000000 flags=0b000000010111
  xmm0=0x00009357000093570000344700003447 xmm1=0x0000d27c0000d27c0000887300008873 
  xmm2=0x0000c09c0000c09c0000f48a0000f48a xmm3=0x00006e3900006e390000418600004186 
  xmm4=0x0000144000001440000042c0000042c0 xmm5=0x000008900000089000003db200003db2 
  xmm6=0x00006979000069790000fd680000fd68 xmm7=0x0000f1550000f1550000c55e0000c55e 

0x10d: cmovnz rsi, [r14 +rsi]
  rax=0x0000000000000004 rbx=0x000000000000001e rcx=0x0000000000000000 rdx=0x0000000000000000
  rsi=0x0000000000001db8 rdi=0x0000000000000000 flags=0b000000000110
  xmm0=0x00009357000093570000344700003447 xmm1=0x0000d27c0000d27c0000887300008873 
  xmm2=0x0000c09c0000c09c0000f48a0000f48a xmm3=0x00006e3900006e390000418600004186 
  xmm4=0x0000144000001440000042c0000042c0 xmm5=0x000008900000089000003db200003db2 
  xmm6=0x00006979000069790000fd680000fd68 xmm7=0x0000f1550000f1550000c55e0000c55e 

    > load from +0x1db8 value 0x58d2000058d2
0x112: setnp bl
  rax=0x0000000000000004 rbx=0x000000000000001e rcx=0x0000000000000000 rdx=0x0000000000000000
  rsi=0x000058d2000058d2 rdi=0x0000000000000000 flags=0b000000000110
  xmm0=0x00009357000093570000344700003447 xmm1=0x0000d27c0000d27c0000887300008873 
  xmm2=0x0000c09c0000c09c0000f48a0000f48a xmm3=0x00006e3900006e390000418600004186 
  xmm4=0x0000144000001440000042c0000042c0 xmm5=0x000008900000089000003db200003db2 
  xmm6=0x00006979000069790000fd680000fd68 xmm7=0x0000f1550000f1550000c55e0000c55e 

0x115: and rbx, 0b1111111111111
  rax=0x0000000000000004 rbx=0x0000000000000000 rcx=0x0000000000000000 rdx=0x0000000000000000
  rsi=0x000058d2000058d2 rdi=0x0000000000000000 flags=0b000000000110
  xmm0=0x00009357000093570000344700003447 xmm1=0x0000d27c0000d27c0000887300008873 
  xmm2=0x0000c09c0000c09c0000f48a0000f48a xmm3=0x00006e3900006e390000418600004186 
  xmm4=0x0000144000001440000042c0000042c0 xmm5=0x000008900000089000003db200003db2 
  xmm6=0x00006979000069790000fd680000fd68 xmm7=0x0000f1550000f1550000c55e0000c55e 

0x11c: mov bl, [r14 +rbx]
  rax=0x0000000000000004 rbx=0x0000000000000000 rcx=0x0000000000000000 rdx=0x0000000000000000
  rsi=0x000058d2000058d2 rdi=0x0000000000000000 flags=0b000001000110
  xmm0=0x00009357000093570000344700003447 xmm1=0x0000d27c0000d27c0000887300008873 
  xmm2=0x0000c09c0000c09c0000f48a0000f48a xmm3=0x00006e3900006e390000418600004186 
  xmm4=0x0000144000001440000042c0000042c0 xmm5=0x000008900000089000003db200003db2 
  xmm6=0x00006979000069790000fd680000fd68 xmm7=0x0000f1550000f1550000c55e0000c55e 

    > load from +0x0 value 0xb8
0x120: setnz dl
  rax=0x0000000000000004 rbx=0x00000000000000b8 rcx=0x0000000000000000 rdx=0x0000000000000000
  rsi=0x000058d2000058d2 rdi=0x0000000000000000 flags=0b000001000110
  xmm0=0x00009357000093570000344700003447 xmm1=0x0000d27c0000d27c0000887300008873 
  xmm2=0x0000c09c0000c09c0000f48a0000f48a xmm3=0x00006e3900006e390000418600004186 
  xmm4=0x0000144000001440000042c0000042c0 xmm5=0x000008900000089000003db200003db2 
  xmm6=0x00006979000069790000fd680000fd68 xmm7=0x0000f1550000f1550000c55e0000c55e 

0x123: and rsi, 0b1111111111111
  rax=0x0000000000000004 rbx=0x00000000000000b8 rcx=0x0000000000000000 rdx=0x0000000000000000
  rsi=0x000058d2000058d2 rdi=0x0000000000000000 flags=0b000001000110
  xmm0=0x00009357000093570000344700003447 xmm1=0x0000d27c0000d27c0000887300008873 
  xmm2=0x0000c09c0000c09c0000f48a0000f48a xmm3=0x00006e3900006e390000418600004186 
  xmm4=0x0000144000001440000042c0000042c0 xmm5=0x000008900000089000003db200003db2 
  xmm6=0x00006979000069790000fd680000fd68 xmm7=0x0000f1550000f1550000c55e0000c55e 

0x12a: or edi, [r14 +rsi]
  rax=0x0000000000000004 rbx=0x00000000000000b8 rcx=0x0000000000000000 rdx=0x0000000000000000
  rsi=0x00000000000018d2 rdi=0x0000000000000000 flags=0b000000000110
  xmm0=0x00009357000093570000344700003447 xmm1=0x0000d27c0000d27c0000887300008873 
  xmm2=0x0000c09c0000c09c0000f48a0000f48a xmm3=0x00006e3900006e390000418600004186 
  xmm4=0x0000144000001440000042c0000042c0 xmm5=0x000008900000089000003db200003db2 
  xmm6=0x00006979000069790000fd680000fd68 xmm7=0x0000f1550000f1550000c55e0000c55e 

    > load from +0x18d2 value 0x72f50000
0x12e: or esi, 1
  rax=0x0000000000000004 rbx=0x00000000000000b8 rcx=0x0000000000000000 rdx=0x0000000000000000
  rsi=0x00000000000018d2 rdi=0x0000000072f50000 flags=0b000000000110
  xmm0=0x00009357000093570000344700003447 xmm1=0x0000d27c0000d27c0000887300008873 
  xmm2=0x0000c09c0000c09c0000f48a0000f48a xmm3=0x00006e3900006e390000418600004186 
  xmm4=0x0000144000001440000042c0000042c0 xmm5=0x000008900000089000003db200003db2 
  xmm6=0x00006979000069790000fd680000fd68 xmm7=0x0000f1550000f1550000c55e0000c55e 

0x131: and edx, esi
  rax=0x0000000000000004 rbx=0x00000000000000b8 rcx=0x0000000000000000 rdx=0x0000000000000000
  rsi=0x00000000000018d3 rdi=0x0000000072f50000 flags=0b000000000010
  xmm0=0x00009357000093570000344700003447 xmm1=0x0000d27c0000d27c0000887300008873 
  xmm2=0x0000c09c0000c09c0000f48a0000f48a xmm3=0x00006e3900006e390000418600004186 
  xmm4=0x0000144000001440000042c0000042c0 xmm5=0x000008900000089000003db200003db2 
  xmm6=0x00006979000069790000fd680000fd68 xmm7=0x0000f1550000f1550000c55e0000c55e 

0x133: shr edx, 1
  rax=0x0000000000000004 rbx=0x00000000000000b8 rcx=0x0000000000000000 rdx=0x0000000000000000
  rsi=0x00000000000018d3 rdi=0x0000000072f50000 flags=0b000001000110
  xmm0=0x00009357000093570000344700003447 xmm1=0x0000d27c0000d27c0000887300008873 
  xmm2=0x0000c09c0000c09c0000f48a0000f48a xmm3=0x00006e3900006e390000418600004186 
  xmm4=0x0000144000001440000042c0000042c0 xmm5=0x000008900000089000003db200003db2 
  xmm6=0x00006979000069790000fd680000fd68 xmm7=0x0000f1550000f1550000c55e0000c55e 

0x135: div esi
  rax=0x0000000000000004 rbx=0x00000000000000b8 rcx=0x0000000000000000 rdx=0x0000000000000000
  rsi=0x00000000000018d3 rdi=0x0000000072f50000 flags=0b000001000110
  xmm0=0x00009357000093570000344700003447 xmm1=0x0000d27c0000d27c0000887300008873 
  xmm2=0x0000c09c0000c09c0000f48a0000f48a xmm3=0x00006e3900006e390000418600004186 
  xmm4=0x0000144000001440000042c0000042c0 xmm5=0x000008900000089000003db200003db2 
  xmm6=0x00006979000069790000fd680000fd68 xmm7=0x0000f1550000f1550000c55e0000c55e 

0x137: or dil, 0b1000
  rax=0x0000000000000000 rbx=0x00000000000000b8 rcx=0x0000000000000000 rdx=0x0000000000000004
  rsi=0x00000000000018d3 rdi=0x0000000072f50000 flags=0b000001000110
  xmm0=0x00009357000093570000344700003447 xmm1=0x0000d27c0000d27c0000887300008873 
  xmm2=0x0000c09c0000c09c0000f48a0000f48a xmm3=0x00006e3900006e390000418600004186 
  xmm4=0x0000144000001440000042c0000042c0 xmm5=0x000008900000089000003db200003db2 
  xmm6=0x00006979000069790000fd680000fd68 xmm7=0x0000f1550000f1550000c55e0000c55e 

0x13b: and dil, 0b11111000
  rax=0x0000000000000000 rbx=0x00000000000000b8 rcx=0x0000000000000000 rdx=0x0000000000000004
  rsi=0x00000000000018d3 rdi=0x0000000072f50008 flags=0b000000000010
  xmm0=0x00009357000093570000344700003447 xmm1=0x0000d27c0000d27c0000887300008873 
  xmm2=0x0000c09c0000c09c0000f48a0000f48a xmm3=0x00006e3900006e390000418600004186 
  xmm4=0x0000144000001440000042c0000042c0 xmm5=0x000008900000089000003db200003db2 
  xmm6=0x00006979000069790000fd680000fd68 xmm7=0x0000f1550000f1550000c55e0000c55e 

0x13f: mov ax, 1
  rax=0x0000000000000000 rbx=0x00000000000000b8 rcx=0x0000000000000000 rdx=0x0000000000000004
  rsi=0x00000000000018d3 rdi=0x0000000072f50008 flags=0b000000000010
  xmm0=0x00009357000093570000344700003447 xmm1=0x0000d27c0000d27c0000887300008873 
  xmm2=0x0000c09c0000c09c0000f48a0000f48a xmm3=0x00006e3900006e390000418600004186 
  xmm4=0x0000144000001440000042c0000042c0 xmm5=0x000008900000089000003db200003db2 
  xmm6=0x00006979000069790000fd680000fd68 xmm7=0x0000f1550000f1550000c55e0000c55e 

0x143: idiv dil
  rax=0x0000000000000001 rbx=0x00000000000000b8 rcx=0x0000000000000000 rdx=0x0000000000000004
  rsi=0x00000000000018d3 rdi=0x0000000072f50008 flags=0b000000000010
  xmm0=0x00009357000093570000344700003447 xmm1=0x0000d27c0000d27c0000887300008873 
  xmm2=0x0000c09c0000c09c0000f48a0000f48a xmm3=0x00006e3900006e390000418600004186 
  xmm4=0x0000144000001440000042c0000042c0 xmm5=0x000008900000089000003db200003db2 
  xmm6=0x00006979000069790000fd680000fd68 xmm7=0x0000f1550000f1550000c55e0000c55e 

0x146: add dil, 82
  rax=0x0000000000000100 rbx=0x00000000000000b8 rcx=0x0000000000000000 rdx=0x0000000000000004
  rsi=0x00000000000018d3 rdi=0x0000000072f50008 flags=0b000000000010
  xmm0=0x00009357000093570000344700003447 xmm1=0x0000d27c0000d27c0000887300008873 
  xmm2=0x0000c09c0000c09c0000f48a0000f48a xmm3=0x00006e3900006e390000418600004186 
  xmm4=0x0000144000001440000042c0000042c0 xmm5=0x000008900000089000003db200003db2 
  xmm6=0x00006979000069790000fd680000fd68 xmm7=0x0000f1550000f1550000c55e0000c55e 

0x14a: and rcx, 0b1111111111111
  rax=0x0000000000000100 rbx=0x00000000000000b8 rcx=0x0000000000000000 rdx=0x0000000000000004
  rsi=0x00000000000018d3 rdi=0x0000000072f5005a flags=0b000000000110
  xmm0=0x00009357000093570000344700003447 xmm1=0x0000d27c0000d27c0000887300008873 
  xmm2=0x0000c09c0000c09c0000f48a0000f48a xmm3=0x00006e3900006e390000418600004186 
  xmm4=0x0000144000001440000042c0000042c0 xmm5=0x000008900000089000003db200003db2 
  xmm6=0x00006979000069790000fd680000fd68 xmm7=0x0000f1550000f1550000c55e0000c55e 

0x151: cmovnp rdi, [r14 +rcx]
  rax=0x0000000000000100 rbx=0x00000000000000b8 rcx=0x0000000000000000 rdx=0x0000000000000004
  rsi=0x00000000000018d3 rdi=0x0000000072f5005a flags=0b000001000110
  xmm0=0x00009357000093570000344700003447 xmm1=0x0000d27c0000d27c0000887300008873 
  xmm2=0x0000c09c0000c09c0000f48a0000f48a xmm3=0x00006e3900006e390000418600004186 
  xmm4=0x0000144000001440000042c0000042c0 xmm5=0x000008900000089000003db200003db2 
  xmm6=0x00006979000069790000fd680000fd68 xmm7=0x0000f1550000f1550000c55e0000c55e 

    > load from +0x0 value 0x40fdb50000fdb8
0x156: and rax, 0b1111111111111
  rax=0x0000000000000100 rbx=0x00000000000000b8 rcx=0x0000000000000000 rdx=0x0000000000000004
  rsi=0x00000000000018d3 rdi=0x0000000072f5005a flags=0b000001000110
  xmm0=0x00009357000093570000344700003447 xmm1=0x0000d27c0000d27c0000887300008873 
  xmm2=0x0000c09c0000c09c0000f48a0000f48a xmm3=0x00006e3900006e390000418600004186 
  xmm4=0x0000144000001440000042c0000042c0 xmm5=0x000008900000089000003db200003db2 
  xmm6=0x00006979000069790000fd680000fd68 xmm7=0x0000f1550000f1550000c55e0000c55e 

0x15c: or [r14 +rax], 0b1000
  rax=0x0000000000000100 rbx=0x00000000000000b8 rcx=0x0000000000000000 rdx=0x0000000000000004
  rsi=0x00000000000018d3 rdi=0x0000000072f5005a flags=0b000000000110
  xmm0=0x00009357000093570000344700003447 xmm1=0x0000d27c0000d27c0000887300008873 
  xmm2=0x0000c09c0000c09c0000f48a0000f48a xmm3=0x00006e3900006e390000418600004186 
  xmm4=0x0000144000001440000042c0000042c0 xmm5=0x000008900000089000003db200003db2 
  xmm6=0x00006979000069790000fd680000fd68 xmm7=0x0000f1550000f1550000c55e0000c55e 

    > load from +0x100 value 0xc4c2
    > store to +0x100 value 0xc4ca
0x162: and [r14 +rax], 0b11111000
  rax=0x0000000000000100 rbx=0x00000000000000b8 rcx=0x0000000000000000 rdx=0x0000000000000004
  rsi=0x00000000000018d3 rdi=0x0000000072f5005a flags=0b000010000110
  xmm0=0x00009357000093570000344700003447 xmm1=0x0000d27c0000d27c0000887300008873 
  xmm2=0x0000c09c0000c09c0000f48a0000f48a xmm3=0x00006e3900006e390000418600004186 
  xmm4=0x0000144000001440000042c0000042c0 xmm5=0x000008900000089000003db200003db2 
  xmm6=0x00006979000069790000fd680000fd68 xmm7=0x0000f1550000f1550000c55e0000c55e 

    > load from +0x100 value 0xca
    > store to +0x100 value 0xc8
0x167: and dx, 0b11
  rax=0x0000000000000100 rbx=0x00000000000000b8 rcx=0x0000000000000000 rdx=0x0000000000000004
  rsi=0x00000000000018d3 rdi=0x0000000072f5005a flags=0b000010000010
  xmm0=0x00009357000093570000344700003447 xmm1=0x0000d27c0000d27c0000887300008873 
  xmm2=0x0000c09c0000c09c0000f48a0000f48a xmm3=0x00006e3900006e390000418600004186 
  xmm4=0x0000144000001440000042c0000042c0 xmm5=0x000008900000089000003db200003db2 
  xmm6=0x00006979000069790000fd680000fd68 xmm7=0x0000f1550000f1550000c55e0000c55e 

0x16b: idiv [r14 +rax]
  rax=0x0000000000000100 rbx=0x00000000000000b8 rcx=0x0000000000000000 rdx=0x0000000000000000
  rsi=0x00000000000018d3 rdi=0x0000000072f5005a flags=0b000001000110
  xmm0=0x00009357000093570000344700003447 xmm1=0x0000d27c0000d27c0000887300008873 
  xmm2=0x0000c09c0000c09c0000f48a0000f48a xmm3=0x00006e3900006e390000418600004186 
  xmm4=0x0000144000001440000042c0000042c0 xmm5=0x000008900000089000003db200003db2 
  xmm6=0x00006979000069790000fd680000fd68 xmm7=0x0000f1550000f1550000c55e0000c55e 

    > load from +0x100 value 0xc4c8
0x170: and dl, -5
  rax=0x0000000000000000 rbx=0x00000000000000b8 rcx=0x0000000000000000 rdx=0x0000000000000100
  rsi=0x00000000000018d3 rdi=0x0000000072f5005a flags=0b000001000110
  xmm0=0x00009357000093570000344700003447 xmm1=0x0000d27c0000d27c0000887300008873 
  xmm2=0x0000c09c0000c09c0000f48a0000f48a xmm3=0x00006e3900006e390000418600004186 
  xmm4=0x0000144000001440000042c0000042c0 xmm5=0x000008900000089000003db200003db2 
  xmm6=0x00006979000069790000fd680000fd68 xmm7=0x0000f1550000f1550000c55e0000c55e 

0x173: setbe bl
  rax=0x0000000000000000 rbx=0x00000000000000b8 rcx=0x0000000000000000 rdx=0x0000000000000100
  rsi=0x00000000000018d3 rdi=0x0000000072f5005a flags=0b000001000110
  xmm0=0x00009357000093570000344700003447 xmm1=0x0000d27c0000d27c0000887300008873 
  xmm2=0x0000c09c0000c09c0000f48a0000f48a xmm3=0x00006e3900006e390000418600004186 
  xmm4=0x0000144000001440000042c0000042c0 xmm5=0x000008900000089000003db200003db2 
  xmm6=0x00006979000069790000fd680000fd68 xmm7=0x0000f1550000f1550000c55e0000c55e 

0x176: and rax, 0b1111111111111
  rax=0x0000000000000000 rbx=0x0000000000000001 rcx=0x0000000000000000 rdx=0x0000000000000100
  rsi=0x00000000000018d3 rdi=0x0000000072f5005a flags=0b000001000110
  xmm0=0x00009357000093570000344700003447 xmm1=0x0000d27c0000d27c0000887300008873 
  xmm2=0x0000c09c0000c09c0000f48a0000f48a xmm3=0x00006e3900006e390000418600004186 
  xmm4=0x0000144000001440000042c0000042c0 xmm5=0x000008900000089000003db200003db2 
  xmm6=0x00006979000069790000fd680000fd68 xmm7=0x0000f1550000f1550000c55e0000c55e 

0x17c: cmovnl dx, [r14 +rax]
  rax=0x0000000000000000 rbx=0x0000000000000001 rcx=0x0000000000000000 rdx=0x0000000000000100
  rsi=0x00000000000018d3 rdi=0x0000000072f5005a flags=0b000001000110
  xmm0=0x00009357000093570000344700003447 xmm1=0x0000d27c0000d27c0000887300008873 
  xmm2=0x0000c09c0000c09c0000f48a0000f48a xmm3=0x00006e3900006e390000418600004186 
  xmm4=0x0000144000001440000042c0000042c0 xmm5=0x000008900000089000003db200003db2 
  xmm6=0x00006979000069790000fd680000fd68 xmm7=0x0000f1550000f1550000c55e0000c55e 

    > load from +0x0 value 0xfdb8
0x182: and rsi, 0b1111111111111
  rax=0x0000000000000000 rbx=0x0000000000000001 rcx=0x0000000000000000 rdx=0x000000000000fdb8
  rsi=0x00000000000018d3 rdi=0x0000000072f5005a flags=0b000001000110
  xmm0=0x00009357000093570000344700003447 xmm1=0x0000d27c0000d27c0000887300008873 
  xmm2=0x0000c09c0000c09c0000f48a0000f48a xmm3=0x00006e3900006e390000418600004186 
  xmm4=0x0000144000001440000042c0000042c0 xmm5=0x000008900000089000003db200003db2 
  xmm6=0x00006979000069790000fd680000fd68 xmm7=0x0000f1550000f1550000c55e0000c55e 

0x189: nop [r14 +rsi]
  rax=0x0000000000000000 rbx=0x0000000000000001 rcx=0x0000000000000000 rdx=0x000000000000fdb8
  rsi=0x00000000000018d3 rdi=0x0000000072f5005a flags=0b000000000010
  xmm0=0x00009357000093570000344700003447 xmm1=0x0000d27c0000d27c0000887300008873 
  xmm2=0x0000c09c0000c09c0000f48a0000f48a xmm3=0x00006e3900006e390000418600004186 
  xmm4=0x0000144000001440000042c0000042c0 xmm5=0x000008900000089000003db200003db2 
  xmm6=0x00006979000069790000fd680000fd68 xmm7=0x0000f1550000f1550000c55e0000c55e 

0x18e: sub edx, edi
  rax=0x0000000000000000 rbx=0x0000000000000001 rcx=0x0000000000000000 rdx=0x000000000000fdb8
  rsi=0x00000000000018d3 rdi=0x0000000072f5005a flags=0b000000000010
  xmm0=0x00009357000093570000344700003447 xmm1=0x0000d27c0000d27c0000887300008873 
  xmm2=0x0000c09c0000c09c0000f48a0000f48a xmm3=0x00006e3900006e390000418600004186 
  xmm4=0x0000144000001440000042c0000042c0 xmm5=0x000008900000089000003db200003db2 
  xmm6=0x00006979000069790000fd680000fd68 xmm7=0x0000f1550000f1550000c55e0000c55e 

0x190: and rdx, 0b1111111111111
  rax=0x0000000000000000 rbx=0x0000000000000001 rcx=0x0000000000000000 rdx=0x000000008d0bfd5e
  rsi=0x00000000000018d3 rdi=0x0000000072f5005a flags=0b000010010011
  xmm0=0x00009357000093570000344700003447 xmm1=0x0000d27c0000d27c0000887300008873 
  xmm2=0x0000c09c0000c09c0000f48a0000f48a xmm3=0x00006e3900006e390000418600004186 
  xmm4=0x0000144000001440000042c0000042c0 xmm5=0x000008900000089000003db200003db2 
  xmm6=0x00006979000069790000fd680000fd68 xmm7=0x0000f1550000f1550000c55e0000c55e 

0x197: test [r14 +rdx], 109
  rax=0x0000000000000000 rbx=0x0000000000000001 rcx=0x0000000000000000 rdx=0x0000000000001d5e
  rsi=0x00000000000018d3 rdi=0x0000000072f5005a flags=0b000000000010
  xmm0=0x00009357000093570000344700003447 xmm1=0x0000d27c0000d27c0000887300008873 
  xmm2=0x0000c09c0000c09c0000f48a0000f48a xmm3=0x00006e3900006e390000418600004186 
  xmm4=0x0000144000001440000042c0000042c0 xmm5=0x000008900000089000003db200003db2 
  xmm6=0x00006979000069790000fd680000fd68 xmm7=0x0000f1550000f1550000c55e0000c55e 

    > load from +0x1d5e value 0x0
0x19c: and sil, -5
  rax=0x0000000000000000 rbx=0x0000000000000001 rcx=0x0000000000000000 rdx=0x0000000000001d5e
  rsi=0x00000000000018d3 rdi=0x0000000072f5005a flags=0b000001000110
  xmm0=0x00009357000093570000344700003447 xmm1=0x0000d27c0000d27c0000887300008873 
  xmm2=0x0000c09c0000c09c0000f48a0000f48a xmm3=0x00006e3900006e390000418600004186 
  xmm4=0x0000144000001440000042c0000042c0 xmm5=0x000008900000089000003db200003db2 
  xmm6=0x00006979000069790000fd680000fd68 xmm7=0x0000f1550000f1550000c55e0000c55e 

0x1a0: or si, 0b1000000000000000
  rax=0x0000000000000000 rbx=0x0000000000000001 rcx=0x0000000000000000 rdx=0x0000000000001d5e
  rsi=0x00000000000018d3 rdi=0x0000000072f5005a flags=0b000010000010
  xmm0=0x00009357000093570000344700003447 xmm1=0x0000d27c0000d27c0000887300008873 
  xmm2=0x0000c09c0000c09c0000f48a0000f48a xmm3=0x00006e3900006e390000418600004186 
  xmm4=0x0000144000001440000042c0000042c0 xmm5=0x000008900000089000003db200003db2 
  xmm6=0x00006979000069790000fd680000fd68 xmm7=0x0000f1550000f1550000c55e0000c55e 

0x1a5: bsr bx, si
  rax=0x0000000000000000 rbx=0x0000000000000001 rcx=0x0000000000000000 rdx=0x0000000000001d5e
  rsi=0x00000000000098d3 rdi=0x0000000072f5005a flags=0b000010000010
  xmm0=0x00009357000093570000344700003447 xmm1=0x0000d27c0000d27c0000887300008873 
  xmm2=0x0000c09c0000c09c0000f48a0000f48a xmm3=0x00006e3900006e390000418600004186 
  xmm4=0x0000144000001440000042c0000042c0 xmm5=0x000008900000089000003db200003db2 
  xmm6=0x00006979000069790000fd680000fd68 xmm7=0x0000f1550000f1550000c55e0000c55e 

0x1a9: btr cx, si
  rax=0x0000000000000000 rbx=0x000000000000000f rcx=0x0000000000000000 rdx=0x0000000000001d5e
  rsi=0x00000000000098d3 rdi=0x0000000072f5005a flags=0b000010000010
  xmm0=0x00009357000093570000344700003447 xmm1=0x0000d27c0000d27c0000887300008873 
  xmm2=0x0000c09c0000c09c0000f48a0000f48a xmm3=0x00006e3900006e390000418600004186 
  xmm4=0x0000144000001440000042c0000042c0 xmm5=0x000008900000089000003db200003db2 
  xmm6=0x00006979000069790000fd680000fd68 xmm7=0x0000f1550000f1550000c55e0000c55e 

0x1ad: add sil, 124
  rax=0x0000000000000000 rbx=0x000000000000000f rcx=0x0000000000000000 rdx=0x0000000000001d5e
  rsi=0x00000000000098d3 rdi=0x0000000072f5005a flags=0b100010000010
  xmm0=0x00009357000093570000344700003447 xmm1=0x0000d27c0000d27c0000887300008873 
  xmm2=0x0000c09c0000c09c0000f48a0000f48a xmm3=0x00006e3900006e390000418600004186 
  xmm4=0x0000144000001440000042c0000042c0 xmm5=0x000008900000089000003db200003db2 
  xmm6=0x00006979000069790000fd680000fd68 xmm7=0x0000f1550000f1550000c55e0000c55e 

0x1b1: and rdi, 0b1111111111111
  rax=0x0000000000000000 rbx=0x000000000000000f rcx=0x0000000000000000 rdx=0x0000000000001d5e
  rsi=0x000000000000984f rdi=0x0000000072f5005a flags=0b000000000011
  xmm0=0x00009357000093570000344700003447 xmm1=0x0000d27c0000d27c0000887300008873 
  xmm2=0x0000c09c0000c09c0000f48a0000f48a xmm3=0x00006e3900006e390000418600004186 
  xmm4=0x0000144000001440000042c0000042c0 xmm5=0x000008900000089000003db200003db2 
  xmm6=0x00006979000069790000fd680000fd68 xmm7=0x0000f1550000f1550000c55e0000c55e 

0x1b8: cmovnp eax, [r14 +rdi]
  rax=0x0000000000000000 rbx=0x000000000000000f rcx=0x0000000000000000 rdx=0x0000000000001d5e
  rsi=0x000000000000984f rdi=0x000000000000005a flags=0b000000000110
  xmm0=0x00009357000093570000344700003447 xmm1=0x0000d27c0000d27c0000887300008873 
  xmm2=0x0000c09c0000c09c0000f48a0000f48a xmm3=0x00006e3900006e390000418600004186 
  xmm4=0x0000144000001440000042c0000042c0 xmm5=0x000008900000089000003db200003db2 
  xmm6=0x00006979000069790000fd680000fd68 xmm7=0x0000f1550000f1550000c55e0000c55e 

    > load from +0x5a value 0xadb60000
0x1bd: and ax, -29610
  rax=0x0000000000000000 rbx=0x000000000000000f rcx=0x0000000000000000 rdx=0x0000000000001d5e
  rsi=0x000000000000984f rdi=0x000000000000005a flags=0b000000000110
  xmm0=0x00009357000093570000344700003447 xmm1=0x0000d27c0000d27c0000887300008873 
  xmm2=0x0000c09c0000c09c0000f48a0000f48a xmm3=0x00006e3900006e390000418600004186 
  xmm4=0x0000144000001440000042c0000042c0 xmm5=0x000008900000089000003db200003db2 
  xmm6=0x00006979000069790000fd680000fd68 xmm7=0x0000f1550000f1550000c55e0000c55e 

0x1c1: and rsi, 0b1111111111111
  rax=0x0000000000000000 rbx=0x000000000000000f rcx=0x0000000000000000 rdx=0x0000000000001d5e
  rsi=0x000000000000984f rdi=0x000000000000005a flags=0b000001000110
  xmm0=0x00009357000093570000344700003447 xmm1=0x0000d27c0000d27c0000887300008873 
  xmm2=0x0000c09c0000c09c0000f48a0000f48a xmm3=0x00006e3900006e390000418600004186 
  xmm4=0x0000144000001440000042c0000042c0 xmm5=0x000008900000089000003db200003db2 
  xmm6=0x00006979000069790000fd680000fd68 xmm7=0x0000f1550000f1550000c55e0000c55e 

0x1c8: imul si, [r14 +rsi]
  rax=0x0000000000000000 rbx=0x000000000000000f rcx=0x0000000000000000 rdx=0x0000000000001d5e
  rsi=0x000000000000184f rdi=0x000000000000005a flags=0b000000000010
  xmm0=0x00009357000093570000344700003447 xmm1=0x0000d27c0000d27c0000887300008873 
  xmm2=0x0000c09c0000c09c0000f48a0000f48a xmm3=0x00006e3900006e390000418600004186 
  xmm4=0x0000144000001440000042c0000042c0 xmm5=0x000008900000089000003db200003db2 
  xmm6=0x00006979000069790000fd680000fd68 xmm7=0x0000f1550000f1550000c55e0000c55e 

    > load from +0x184f value 0x8f00
0x1ce: and rsi, 0b1111111111111
  rax=0x0000000000000000 rbx=0x000000000000000f rcx=0x0000000000000000 rdx=0x0000000000001d5e
  rsi=0x0000000000002100 rdi=0x000000000000005a flags=0b100000000111
  xmm0=0x00009357000093570000344700003447 xmm1=0x0000d27c0000d27c0000887300008873 
  xmm2=0x0000c09c0000c09c0000f48a0000f48a xmm3=0x00006e3900006e390000418600004186 
  xmm4=0x0000144000001440000042c0000042c0 xmm5=0x000008900000089000003db200003db2 
  xmm6=0x00006979000069790000fd680000fd68 xmm7=0x0000f1550000f1550000c55e0000c55e 

0x1d5: adc cl, [r14 +rsi]
  rax=0x0000000000000000 rbx=0x000000000000000f rcx=0x0000000000000000 rdx=0x0000000000001d5e
  rsi=0x0000000000000100 rdi=0x000000000000005a flags=0b000000000110
  xmm0=0x00009357000093570000344700003447 xmm1=0x0000d27c0000d27c0000887300008873 
  xmm2=0x0000c09c0000c09c0000f48a0000f48a xmm3=0x00006e3900006e390000418600004186 
  xmm4=0x0000144000001440000042c0000042c0 xmm5=0x000008900000089000003db200003db2 
  xmm6=0x00006979000069790000fd680000fd68 xmm7=0x0000f1550000f1550000c55e0000c55e 

    > load from +0x100 value 0xc8
0x1d9: macro .switch, .actor2.function_actor2_1
  rax=0x0000000000000000 rbx=0x000000000000000f rcx=0x00000000000000c8 rdx=0x0000000000001d5e
  rsi=0x0000000000000100 rdi=0x000000000000005a flags=0b000010000010
  xmm0=0x00009357000093570000344700003447 xmm1=0x0000d27c0000d27c0000887300008873 
  xmm2=0x0000c09c0000c09c0000f48a0000f48a xmm3=0x00006e3900006e390000418600004186 
  xmm4=0x0000144000001440000042c0000042c0 xmm5=0x000008900000089000003db200003db2 
  xmm6=0x00006979000069790000fd680000fd68 xmm7=0x0000f1550000f1550000c55e0000c55e 

0x31b2: pushfq 
  rax=0x0000000000000000 rbx=0x000000000000000f rcx=0x00000000000000c8 rdx=0x0000000000001d5e
  rsi=0x0000000000000100 rdi=0x000000000000005a flags=0b000010000010
  xmm0=0x00009357000093570000344700003447 xmm1=0x0000d27c0000d27c0000887300008873 
  xmm2=0x0000c09c0000c09c0000f48a0000f48a xmm3=0x00006e3900006e390000418600004186 
  xmm4=0x0000144000001440000042c0000042c0 xmm5=0x000008900000089000003db200003db2 
  xmm6=0x00006979000069790000fd680000fd68 xmm7=0x0000f1550000f1550000c55e0000c55e 

    > store to +0x4ff0 value 0x82
0x31b3: push rax
  rax=0x0000000000000000 rbx=0x000000000000000f rcx=0x00000000000000c8 rdx=0x0000000000001d5e
  rsi=0x0000000000000100 rdi=0x000000000000005a flags=0b000010000010
  xmm0=0x00009357000093570000344700003447 xmm1=0x0000d27c0000d27c0000887300008873 
  xmm2=0x0000c09c0000c09c0000f48a0000f48a xmm3=0x00006e3900006e390000418600004186 
  xmm4=0x0000144000001440000042c0000042c0 xmm5=0x000008900000089000003db200003db2 
  xmm6=0x00006979000069790000fd680000fd68 xmm7=0x0000f1550000f1550000c55e0000c55e 

    > store to +0x4fe8 value 0x0
0x31b4: push rcx
  rax=0x0000000000000000 rbx=0x000000000000000f rcx=0x00000000000000c8 rdx=0x0000000000001d5e
  rsi=0x0000000000000100 rdi=0x000000000000005a flags=0b000010000010
  xmm0=0x00009357000093570000344700003447 xmm1=0x0000d27c0000d27c0000887300008873 
  xmm2=0x0000c09c0000c09c0000f48a0000f48a xmm3=0x00006e3900006e390000418600004186 
  xmm4=0x0000144000001440000042c0000042c0 xmm5=0x000008900000089000003db200003db2 
  xmm6=0x00006979000069790000fd680000fd68 xmm7=0x0000f1550000f1550000c55e0000c55e 

    > store to +0x4fe0 value 0xc8
0x31b5: push rdx
  rax=0x0000000000000000 rbx=0x000000000000000f rcx=0x00000000000000c8 rdx=0x0000000000001d5e
  rsi=0x0000000000000100 rdi=0x000000000000005a flags=0b000010000010
  xmm0=0x00009357000093570000344700003447 xmm1=0x0000d27c0000d27c0000887300008873 
  xmm2=0x0000c09c0000c09c0000f48a0000f48a xmm3=0x00006e3900006e390000418600004186 
  xmm4=0x0000144000001440000042c0000042c0 xmm5=0x000008900000089000003db200003db2 
  xmm6=0x00006979000069790000fd680000fd68 xmm7=0x0000f1550000f1550000c55e0000c55e 

    > store to +0x4fd8 value 0x1d5e
0x31b6: mov ecx, 0x48
  rax=0x0000000000000000 rbx=0x000000000000000f rcx=0x00000000000000c8 rdx=0x0000000000001d5e
  rsi=0x0000000000000100 rdi=0x000000000000005a flags=0b000010000010
  xmm0=0x00009357000093570000344700003447 xmm1=0x0000d27c0000d27c0000887300008873 
  xmm2=0x0000c09c0000c09c0000f48a0000f48a xmm3=0x00006e3900006e390000418600004186 
  xmm4=0x0000144000001440000042c0000042c0 xmm5=0x000008900000089000003db200003db2 
  xmm6=0x00006979000069790000fd680000fd68 xmm7=0x0000f1550000f1550000c55e0000c55e 

0x31bb: rdmsr 
  rax=0x0000000000000000 rbx=0x000000000000000f rcx=0x0000000000000048 rdx=0x0000000000001d5e
  rsi=0x0000000000000100 rdi=0x000000000000005a flags=0b000010000010
  xmm0=0x00009357000093570000344700003447 xmm1=0x0000d27c0000d27c0000887300008873 
  xmm2=0x0000c09c0000c09c0000f48a0000f48a xmm3=0x00006e3900006e390000418600004186 
  xmm4=0x0000144000001440000042c0000042c0 xmm5=0x000008900000089000003db200003db2 
  xmm6=0x00006979000069790000fd680000fd68 xmm7=0x0000f1550000f1550000c55e0000c55e 

0x31bd: and eax, 0xfffffffb
  rax=0x0000000000000000 rbx=0x000000000000000f rcx=0x0000000000000048 rdx=0x0000000000000000
  rsi=0x0000000000000100 rdi=0x000000000000005a flags=0b000010000010
  xmm0=0x00009357000093570000344700003447 xmm1=0x0000d27c0000d27c0000887300008873 
  xmm2=0x0000c09c0000c09c0000f48a0000f48a xmm3=0x00006e3900006e390000418600004186 
  xmm4=0x0000144000001440000042c0000042c0 xmm5=0x000008900000089000003db200003db2 
  xmm6=0x00006979000069790000fd680000fd68 xmm7=0x0000f1550000f1550000c55e0000c55e 

0x31c0: or eax, 0x100
  rax=0x0000000000000000 rbx=0x000000000000000f rcx=0x0000000000000048 rdx=0x0000000000000000
  rsi=0x0000000000000100 rdi=0x000000000000005a flags=0b000001000110
  xmm0=0x00009357000093570000344700003447 xmm1=0x0000d27c0000d27c0000887300008873 
  xmm2=0x0000c09c0000c09c0000f48a0000f48a xmm3=0x00006e3900006e390000418600004186 
  xmm4=0x0000144000001440000042c0000042c0 xmm5=0x000008900000089000003db200003db2 
  xmm6=0x00006979000069790000fd680000fd68 xmm7=0x0000f1550000f1550000c55e0000c55e 

0x31c5: wrmsr 
  rax=0x0000000000000100 rbx=0x000000000000000f rcx=0x0000000000000048 rdx=0x0000000000000000
  rsi=0x0000000000000100 rdi=0x000000000000005a flags=0b000000000110
  xmm0=0x00009357000093570000344700003447 xmm1=0x0000d27c0000d27c0000887300008873 
  xmm2=0x0000c09c0000c09c0000f48a0000f48a xmm3=0x00006e3900006e390000418600004186 
  xmm4=0x0000144000001440000042c0000042c0 xmm5=0x000008900000089000003db200003db2 
  xmm6=0x00006979000069790000fd680000fd68 xmm7=0x0000f1550000f1550000c55e0000c55e 

0x31c7: mfence 
  rax=0x0000000000000100 rbx=0x000000000000000f rcx=0x0000000000000048 rdx=0x0000000000000000
  rsi=0x0000000000000100 rdi=0x000000000000005a flags=0b000000000110
  xmm0=0x00009357000093570000344700003447 xmm1=0x0000d27c0000d27c0000887300008873 
  xmm2=0x0000c09c0000c09c0000f48a0000f48a xmm3=0x00006e3900006e390000418600004186 
  xmm4=0x0000144000001440000042c0000042c0 xmm5=0x000008900000089000003db200003db2 
  xmm6=0x00006979000069790000fd680000fd68 xmm7=0x0000f1550000f1550000c55e0000c55e 

0x31ca: lfence 
  rax=0x0000000000000100 rbx=0x000000000000000f rcx=0x0000000000000048 rdx=0x0000000000000000
  rsi=0x0000000000000100 rdi=0x000000000000005a flags=0b000000000110
  xmm0=0x00009357000093570000344700003447 xmm1=0x0000d27c0000d27c0000887300008873 
  xmm2=0x0000c09c0000c09c0000f48a0000f48a xmm3=0x00006e3900006e390000418600004186 
  xmm4=0x0000144000001440000042c0000042c0 xmm5=0x000008900000089000003db200003db2 
  xmm6=0x00006979000069790000fd680000fd68 xmm7=0x0000f1550000f1550000c55e0000c55e 

0x31cd: macro .measurement_end, .noarg
  rax=0x0000000000000100 rbx=0x000000000000000f rcx=0x0000000000000048 rdx=0x0000000000000000
  rsi=0x0000000000000100 rdi=0x000000000000005a flags=0b000000000110
  xmm0=0x00009357000093570000344700003447 xmm1=0x0000d27c0000d27c0000887300008873 
  xmm2=0x0000c09c0000c09c0000f48a0000f48a xmm3=0x00006e3900006e390000418600004186 
  xmm4=0x0000144000001440000042c0000042c0 xmm5=0x000008900000089000003db200003db2 
  xmm6=0x00006979000069790000fd680000fd68 xmm7=0x0000f1550000f1550000c55e0000c55e 

0x31d5: mov ecx, 0x48
  rax=0x0000000000000100 rbx=0x000000000000000f rcx=0x0000000000000048 rdx=0x0000000000000000
  rsi=0x0000000000000100 rdi=0x000000000000005a flags=0b000000000110
  xmm0=0x00009357000093570000344700003447 xmm1=0x0000d27c0000d27c0000887300008873 
  xmm2=0x0000c09c0000c09c0000f48a0000f48a xmm3=0x00006e3900006e390000418600004186 
  xmm4=0x0000144000001440000042c0000042c0 xmm5=0x000008900000089000003db200003db2 
  xmm6=0x00006979000069790000fd680000fd68 xmm7=0x0000f1550000f1550000c55e0000c55e 

0x31da: rdmsr 
  rax=0x0000000000000100 rbx=0x000000000000000f rcx=0x0000000000000048 rdx=0x0000000000000000
  rsi=0x0000000000000100 rdi=0x000000000000005a flags=0b000000000110
  xmm0=0x00009357000093570000344700003447 xmm1=0x0000d27c0000d27c0000887300008873 
  xmm2=0x0000c09c0000c09c0000f48a0000f48a xmm3=0x00006e3900006e390000418600004186 
  xmm4=0x0000144000001440000042c0000042c0 xmm5=0x000008900000089000003db200003db2 
  xmm6=0x00006979000069790000fd680000fd68 xmm7=0x0000f1550000f1550000c55e0000c55e 

0x31dc: and eax, 0xfffffffb
  rax=0x0000000000000000 rbx=0x000000000000000f rcx=0x0000000000000048 rdx=0x0000000000000000
  rsi=0x0000000000000100 rdi=0x000000000000005a flags=0b000000000110
  xmm0=0x00009357000093570000344700003447 xmm1=0x0000d27c0000d27c0000887300008873 
  xmm2=0x0000c09c0000c09c0000f48a0000f48a xmm3=0x00006e3900006e390000418600004186 
  xmm4=0x0000144000001440000042c0000042c0 xmm5=0x000008900000089000003db200003db2 
  xmm6=0x00006979000069790000fd680000fd68 xmm7=0x0000f1550000f1550000c55e0000c55e 

0x31df: and eax, 0xfffffeff
  rax=0x0000000000000000 rbx=0x000000000000000f rcx=0x0000000000000048 rdx=0x0000000000000000
  rsi=0x0000000000000100 rdi=0x000000000000005a flags=0b000001000110
  xmm0=0x00009357000093570000344700003447 xmm1=0x0000d27c0000d27c0000887300008873 
  xmm2=0x0000c09c0000c09c0000f48a0000f48a xmm3=0x00006e3900006e390000418600004186 
  xmm4=0x0000144000001440000042c0000042c0 xmm5=0x000008900000089000003db200003db2 
  xmm6=0x00006979000069790000fd680000fd68 xmm7=0x0000f1550000f1550000c55e0000c55e 

0x31e4: wrmsr 
  rax=0x0000000000000000 rbx=0x000000000000000f rcx=0x0000000000000048 rdx=0x0000000000000000
  rsi=0x0000000000000100 rdi=0x000000000000005a flags=0b000001000110
  xmm0=0x00009357000093570000344700003447 xmm1=0x0000d27c0000d27c0000887300008873 
  xmm2=0x0000c09c0000c09c0000f48a0000f48a xmm3=0x00006e3900006e390000418600004186 
  xmm4=0x0000144000001440000042c0000042c0 xmm5=0x000008900000089000003db200003db2 
  xmm6=0x00006979000069790000fd680000fd68 xmm7=0x0000f1550000f1550000c55e0000c55e 

0x31e6: mfence 
  rax=0x0000000000000000 rbx=0x000000000000000f rcx=0x0000000000000048 rdx=0x0000000000000000
  rsi=0x0000000000000100 rdi=0x000000000000005a flags=0b000001000110
  xmm0=0x00009357000093570000344700003447 xmm1=0x0000d27c0000d27c0000887300008873 
  xmm2=0x0000c09c0000c09c0000f48a0000f48a xmm3=0x00006e3900006e390000418600004186 
  xmm4=0x0000144000001440000042c0000042c0 xmm5=0x000008900000089000003db200003db2 
  xmm6=0x00006979000069790000fd680000fd68 xmm7=0x0000f1550000f1550000c55e0000c55e 

0x31e9: lfence 
  rax=0x0000000000000000 rbx=0x000000000000000f rcx=0x0000000000000048 rdx=0x0000000000000000
  rsi=0x0000000000000100 rdi=0x000000000000005a flags=0b000001000110
  xmm0=0x00009357000093570000344700003447 xmm1=0x0000d27c0000d27c0000887300008873 
  xmm2=0x0000c09c0000c09c0000f48a0000f48a xmm3=0x00006e3900006e390000418600004186 
  xmm4=0x0000144000001440000042c0000042c0 xmm5=0x000008900000089000003db200003db2 
  xmm6=0x00006979000069790000fd680000fd68 xmm7=0x0000f1550000f1550000c55e0000c55e 

0x31ec: pop rdx
  rax=0x0000000000000000 rbx=0x000000000000000f rcx=0x0000000000000048 rdx=0x0000000000000000
  rsi=0x0000000000000100 rdi=0x000000000000005a flags=0b000001000110
  xmm0=0x00009357000093570000344700003447 xmm1=0x0000d27c0000d27c0000887300008873 
  xmm2=0x0000c09c0000c09c0000f48a0000f48a xmm3=0x00006e3900006e390000418600004186 
  xmm4=0x0000144000001440000042c0000042c0 xmm5=0x000008900000089000003db200003db2 
  xmm6=0x00006979000069790000fd680000fd68 xmm7=0x0000f1550000f1550000c55e0000c55e 

    > load from +0x4fd8 value 0x1d5e
0x31ed: pop rcx
  rax=0x0000000000000000 rbx=0x000000000000000f rcx=0x0000000000000048 rdx=0x0000000000001d5e
  rsi=0x0000000000000100 rdi=0x000000000000005a flags=0b000001000110
  xmm0=0x00009357000093570000344700003447 xmm1=0x0000d27c0000d27c0000887300008873 
  xmm2=0x0000c09c0000c09c0000f48a0000f48a xmm3=0x00006e3900006e390000418600004186 
  xmm4=0x0000144000001440000042c0000042c0 xmm5=0x000008900000089000003db200003db2 
  xmm6=0x00006979000069790000fd680000fd68 xmm7=0x0000f1550000f1550000c55e0000c55e 

    > load from +0x4fe0 value 0xc8
0x31ee: pop rax
  rax=0x0000000000000000 rbx=0x000000000000000f rcx=0x00000000000000c8 rdx=0x0000000000001d5e
  rsi=0x0000000000000100 rdi=0x000000000000005a flags=0b000001000110
  xmm0=0x00009357000093570000344700003447 xmm1=0x0000d27c0000d27c0000887300008873 
  xmm2=0x0000c09c0000c09c0000f48a0000f48a xmm3=0x00006e3900006e390000418600004186 
  xmm4=0x0000144000001440000042c0000042c0 xmm5=0x000008900000089000003db200003db2 
  xmm6=0x00006979000069790000fd680000fd68 xmm7=0x0000f1550000f1550000c55e0000c55e 

    > load from +0x4fe8 value 0x0
0x31ef: popfq 
  rax=0x0000000000000000 rbx=0x000000000000000f rcx=0x00000000000000c8 rdx=0x0000000000001d5e
  rsi=0x0000000000000100 rdi=0x000000000000005a flags=0b000001000110
  xmm0=0x00009357000093570000344700003447 xmm1=0x0000d27c0000d27c0000887300008873 
  xmm2=0x0000c09c0000c09c0000f48a0000f48a xmm3=0x00006e3900006e390000418600004186 
  xmm4=0x0000144000001440000042c0000042c0 xmm5=0x000008900000089000003db200003db2 
  xmm6=0x00006979000069790000fd680000fd68 xmm7=0x0000f1550000f1550000c55e0000c55e 

    > load from +0x4ff0 value 0x82
0x31f0: macro .switch, .main.function_main_2
  rax=0x0000000000000000 rbx=0x000000000000000f rcx=0x00000000000000c8 rdx=0x0000000000001d5e
  rsi=0x0000000000000100 rdi=0x000000000000005a flags=0b000010000010
  xmm0=0x00009357000093570000344700003447 xmm1=0x0000d27c0000d27c0000887300008873 
  xmm2=0x0000c09c0000c09c0000f48a0000f48a xmm3=0x00006e3900006e390000418600004186 
  xmm4=0x0000144000001440000042c0000042c0 xmm5=0x000008900000089000003db200003db2 
  xmm6=0x00006979000069790000fd680000fd68 xmm7=0x0000f1550000f1550000c55e0000c55e 

0x1e1: nop  [test_case_exit]
  rax=0x0000000000000000 rbx=0x000000000000000f rcx=0x00000000000000c8 rdx=0x0000000000001d5e
  rsi=0x0000000000000100 rdi=0x000000000000005a flags=0b000010000010
  xmm0=0x00009357000093570000344700003447 xmm1=0x0000d27c0000d27c0000887300008873 
  xmm2=0x0000c09c0000c09c0000f48a0000f48a xmm3=0x00006e3900006e390000418600004186 
  xmm4=0x0000144000001440000042c0000042c0 xmm5=0x000008900000089000003db200003db2 
  xmm6=0x00006979000069790000fd680000fd68 xmm7=0x0000f1550000f1550000c55e0000c55e 





================================ Statistics ===================================

Test Cases: 1
Inputs per test case: 100.0
Violations: 1
Effectiveness: 
  Total Cls: 50.0
  Effective Cls: 50.0
Discarded Test Cases:
  Speculation Filter: 0
  Observation Filter: 0
  Fast Path: 0
  Max Nesting Check: 0
  Tainting Check: 0
  Early Priming Check: 0
  Large Sample Check: 0
  Priming Check: 0

Duration: 40.6
Finished at 10:55:00
