
INFO: [fuzzer] Starting at 11:04:23
> Entering slow path...> Priming  1              > Increase sample size to 40> Priming  1              > Increase sample size to 160> Priming  1              > Increase sample size to 320> Priming  1             

================================ Violations detected ==========================
Contract trace:
 16895698104018868000 (hash)
Hardware traces:
  Input group 1: [8]
  Input group 2: [58]
  ^.^.^...^^.^....^...^^.........^^.......^.^.................^..^ [222    | 0     ]
  ^.^.^...^^.^....^...^..........^^.......^.^.................^..^ [98     | 34    ]
  ^.^.^...^^.^....^...^..........^^.......^.^.............^...^..^ [0      | 286   ]

================================ Violation Traces =============================
                      ##### Input 8 #####

                     ##### Input 0 #####
0x0 : macro .switch, .actor2.function_actor2_0
  rax=0x0000650300006503 rbx=0x0000551f0000551f rcx=0x0000294b0000294b rdx=0x0000fa8e0000fa8e
  rsi=0x0000824c0000824c rdi=0x0000840d0000840d flags=0b000001010111
  xmm0=0x00009cce00009cce00008b2000008b20 xmm1=0x00009968000099680000179500001795 
  xmm2=0x0000650b0000650b0000b6270000b627 xmm3=0x00005bf500005bf500002baa00002baa 
  xmm4=0x0000a8df0000a8df000028ea000028ea xmm5=0x00001a5a00001a5a00004ff000004ff0 
  xmm6=0x0000abbf0000abbf0000c0720000c072 xmm7=0x0000ef810000ef81000055af000055af 

0x3000: pushfq 
  rax=0x0000650300006503 rbx=0x0000551f0000551f rcx=0x0000294b0000294b rdx=0x0000fa8e0000fa8e
  rsi=0x0000824c0000824c rdi=0x0000840d0000840d flags=0b000001010111
  xmm0=0x00009cce00009cce00008b2000008b20 xmm1=0x00009968000099680000179500001795 
  xmm2=0x0000650b0000650b0000b6270000b627 xmm3=0x00005bf500005bf500002baa00002baa 
  xmm4=0x0000a8df0000a8df000028ea000028ea xmm5=0x00001a5a00001a5a00004ff000004ff0 
  xmm6=0x0000abbf0000abbf0000c0720000c072 xmm7=0x0000ef810000ef81000055af000055af 

    > store to +0x4ff0 value 0x57
0x3001: push rax
  rax=0x0000650300006503 rbx=0x0000551f0000551f rcx=0x0000294b0000294b rdx=0x0000fa8e0000fa8e
  rsi=0x0000824c0000824c rdi=0x0000840d0000840d flags=0b000001010111
  xmm0=0x00009cce00009cce00008b2000008b20 xmm1=0x00009968000099680000179500001795 
  xmm2=0x0000650b0000650b0000b6270000b627 xmm3=0x00005bf500005bf500002baa00002baa 
  xmm4=0x0000a8df0000a8df000028ea000028ea xmm5=0x00001a5a00001a5a00004ff000004ff0 
  xmm6=0x0000abbf0000abbf0000c0720000c072 xmm7=0x0000ef810000ef81000055af000055af 

    > store to +0x4fe8 value 0x650300006503
0x3002: push rcx
  rax=0x0000650300006503 rbx=0x0000551f0000551f rcx=0x0000294b0000294b rdx=0x0000fa8e0000fa8e
  rsi=0x0000824c0000824c rdi=0x0000840d0000840d flags=0b000001010111
  xmm0=0x00009cce00009cce00008b2000008b20 xmm1=0x00009968000099680000179500001795 
  xmm2=0x0000650b0000650b0000b6270000b627 xmm3=0x00005bf500005bf500002baa00002baa 
  xmm4=0x0000a8df0000a8df000028ea000028ea xmm5=0x00001a5a00001a5a00004ff000004ff0 
  xmm6=0x0000abbf0000abbf0000c0720000c072 xmm7=0x0000ef810000ef81000055af000055af 

    > store to +0x4fe0 value 0x294b0000294b
0x3003: push rdx
  rax=0x0000650300006503 rbx=0x0000551f0000551f rcx=0x0000294b0000294b rdx=0x0000fa8e0000fa8e
  rsi=0x0000824c0000824c rdi=0x0000840d0000840d flags=0b000001010111
  xmm0=0x00009cce00009cce00008b2000008b20 xmm1=0x00009968000099680000179500001795 
  xmm2=0x0000650b0000650b0000b6270000b627 xmm3=0x00005bf500005bf500002baa00002baa 
  xmm4=0x0000a8df0000a8df000028ea000028ea xmm5=0x00001a5a00001a5a00004ff000004ff0 
  xmm6=0x0000abbf0000abbf0000c0720000c072 xmm7=0x0000ef810000ef81000055af000055af 

    > store to +0x4fd8 value 0xfa8e0000fa8e
0x3004: mov ecx, 0x48
  rax=0x0000650300006503 rbx=0x0000551f0000551f rcx=0x0000294b0000294b rdx=0x0000fa8e0000fa8e
  rsi=0x0000824c0000824c rdi=0x0000840d0000840d flags=0b000001010111
  xmm0=0x00009cce00009cce00008b2000008b20 xmm1=0x00009968000099680000179500001795 
  xmm2=0x0000650b0000650b0000b6270000b627 xmm3=0x00005bf500005bf500002baa00002baa 
  xmm4=0x0000a8df0000a8df000028ea000028ea xmm5=0x00001a5a00001a5a00004ff000004ff0 
  xmm6=0x0000abbf0000abbf0000c0720000c072 xmm7=0x0000ef810000ef81000055af000055af 

0x3009: rdmsr 
  rax=0x0000650300006503 rbx=0x0000551f0000551f rcx=0x0000000000000048 rdx=0x0000fa8e0000fa8e
  rsi=0x0000824c0000824c rdi=0x0000840d0000840d flags=0b000001010111
  xmm0=0x00009cce00009cce00008b2000008b20 xmm1=0x00009968000099680000179500001795 
  xmm2=0x0000650b0000650b0000b6270000b627 xmm3=0x00005bf500005bf500002baa00002baa 
  xmm4=0x0000a8df0000a8df000028ea000028ea xmm5=0x00001a5a00001a5a00004ff000004ff0 
  xmm6=0x0000abbf0000abbf0000c0720000c072 xmm7=0x0000ef810000ef81000055af000055af 

0x300b: and eax, 0xfffffffb
  rax=0x0000000000000000 rbx=0x0000551f0000551f rcx=0x0000000000000048 rdx=0x0000000000000000
  rsi=0x0000824c0000824c rdi=0x0000840d0000840d flags=0b000001010111
  xmm0=0x00009cce00009cce00008b2000008b20 xmm1=0x00009968000099680000179500001795 
  xmm2=0x0000650b0000650b0000b6270000b627 xmm3=0x00005bf500005bf500002baa00002baa 
  xmm4=0x0000a8df0000a8df000028ea000028ea xmm5=0x00001a5a00001a5a00004ff000004ff0 
  xmm6=0x0000abbf0000abbf0000c0720000c072 xmm7=0x0000ef810000ef81000055af000055af 

0x300e: or eax, 0x100
  rax=0x0000000000000000 rbx=0x0000551f0000551f rcx=0x0000000000000048 rdx=0x0000000000000000
  rsi=0x0000824c0000824c rdi=0x0000840d0000840d flags=0b000001000110
  xmm0=0x00009cce00009cce00008b2000008b20 xmm1=0x00009968000099680000179500001795 
  xmm2=0x0000650b0000650b0000b6270000b627 xmm3=0x00005bf500005bf500002baa00002baa 
  xmm4=0x0000a8df0000a8df000028ea000028ea xmm5=0x00001a5a00001a5a00004ff000004ff0 
  xmm6=0x0000abbf0000abbf0000c0720000c072 xmm7=0x0000ef810000ef81000055af000055af 

0x3013: wrmsr 
  rax=0x0000000000000100 rbx=0x0000551f0000551f rcx=0x0000000000000048 rdx=0x0000000000000000
  rsi=0x0000824c0000824c rdi=0x0000840d0000840d flags=0b000000000110
  xmm0=0x00009cce00009cce00008b2000008b20 xmm1=0x00009968000099680000179500001795 
  xmm2=0x0000650b0000650b0000b6270000b627 xmm3=0x00005bf500005bf500002baa00002baa 
  xmm4=0x0000a8df0000a8df000028ea000028ea xmm5=0x00001a5a00001a5a00004ff000004ff0 
  xmm6=0x0000abbf0000abbf0000c0720000c072 xmm7=0x0000ef810000ef81000055af000055af 

0x3015: mfence 
  rax=0x0000000000000100 rbx=0x0000551f0000551f rcx=0x0000000000000048 rdx=0x0000000000000000
  rsi=0x0000824c0000824c rdi=0x0000840d0000840d flags=0b000000000110
  xmm0=0x00009cce00009cce00008b2000008b20 xmm1=0x00009968000099680000179500001795 
  xmm2=0x0000650b0000650b0000b6270000b627 xmm3=0x00005bf500005bf500002baa00002baa 
  xmm4=0x0000a8df0000a8df000028ea000028ea xmm5=0x00001a5a00001a5a00004ff000004ff0 
  xmm6=0x0000abbf0000abbf0000c0720000c072 xmm7=0x0000ef810000ef81000055af000055af 

0x3018: lfence 
  rax=0x0000000000000100 rbx=0x0000551f0000551f rcx=0x0000000000000048 rdx=0x0000000000000000
  rsi=0x0000824c0000824c rdi=0x0000840d0000840d flags=0b000000000110
  xmm0=0x00009cce00009cce00008b2000008b20 xmm1=0x00009968000099680000179500001795 
  xmm2=0x0000650b0000650b0000b6270000b627 xmm3=0x00005bf500005bf500002baa00002baa 
  xmm4=0x0000a8df0000a8df000028ea000028ea xmm5=0x00001a5a00001a5a00004ff000004ff0 
  xmm6=0x0000abbf0000abbf0000c0720000c072 xmm7=0x0000ef810000ef81000055af000055af 

0x301b: macro .measurement_start, .noarg
  rax=0x0000000000000100 rbx=0x0000551f0000551f rcx=0x0000000000000048 rdx=0x0000000000000000
  rsi=0x0000824c0000824c rdi=0x0000840d0000840d flags=0b000000000110
  xmm0=0x00009cce00009cce00008b2000008b20 xmm1=0x00009968000099680000179500001795 
  xmm2=0x0000650b0000650b0000b6270000b627 xmm3=0x00005bf500005bf500002baa00002baa 
  xmm4=0x0000a8df0000a8df000028ea000028ea xmm5=0x00001a5a00001a5a00004ff000004ff0 
  xmm6=0x0000abbf0000abbf0000c0720000c072 xmm7=0x0000ef810000ef81000055af000055af 

0x3023: mov ecx, 0x48
  rax=0x0000000000000100 rbx=0x0000551f0000551f rcx=0x0000000000000048 rdx=0x0000000000000000
  rsi=0x0000824c0000824c rdi=0x0000840d0000840d flags=0b000000000110
  xmm0=0x00009cce00009cce00008b2000008b20 xmm1=0x00009968000099680000179500001795 
  xmm2=0x0000650b0000650b0000b6270000b627 xmm3=0x00005bf500005bf500002baa00002baa 
  xmm4=0x0000a8df0000a8df000028ea000028ea xmm5=0x00001a5a00001a5a00004ff000004ff0 
  xmm6=0x0000abbf0000abbf0000c0720000c072 xmm7=0x0000ef810000ef81000055af000055af 

0x3028: rdmsr 
  rax=0x0000000000000100 rbx=0x0000551f0000551f rcx=0x0000000000000048 rdx=0x0000000000000000
  rsi=0x0000824c0000824c rdi=0x0000840d0000840d flags=0b000000000110
  xmm0=0x00009cce00009cce00008b2000008b20 xmm1=0x00009968000099680000179500001795 
  xmm2=0x0000650b0000650b0000b6270000b627 xmm3=0x00005bf500005bf500002baa00002baa 
  xmm4=0x0000a8df0000a8df000028ea000028ea xmm5=0x00001a5a00001a5a00004ff000004ff0 
  xmm6=0x0000abbf0000abbf0000c0720000c072 xmm7=0x0000ef810000ef81000055af000055af 

0x302a: and eax, 0xfffffffb
  rax=0x0000000000000000 rbx=0x0000551f0000551f rcx=0x0000000000000048 rdx=0x0000000000000000
  rsi=0x0000824c0000824c rdi=0x0000840d0000840d flags=0b000000000110
  xmm0=0x00009cce00009cce00008b2000008b20 xmm1=0x00009968000099680000179500001795 
  xmm2=0x0000650b0000650b0000b6270000b627 xmm3=0x00005bf500005bf500002baa00002baa 
  xmm4=0x0000a8df0000a8df000028ea000028ea xmm5=0x00001a5a00001a5a00004ff000004ff0 
  xmm6=0x0000abbf0000abbf0000c0720000c072 xmm7=0x0000ef810000ef81000055af000055af 

0x302d: and eax, 0xfffffeff
  rax=0x0000000000000000 rbx=0x0000551f0000551f rcx=0x0000000000000048 rdx=0x0000000000000000
  rsi=0x0000824c0000824c rdi=0x0000840d0000840d flags=0b000001000110
  xmm0=0x00009cce00009cce00008b2000008b20 xmm1=0x00009968000099680000179500001795 
  xmm2=0x0000650b0000650b0000b6270000b627 xmm3=0x00005bf500005bf500002baa00002baa 
  xmm4=0x0000a8df0000a8df000028ea000028ea xmm5=0x00001a5a00001a5a00004ff000004ff0 
  xmm6=0x0000abbf0000abbf0000c0720000c072 xmm7=0x0000ef810000ef81000055af000055af 

0x3032: wrmsr 
  rax=0x0000000000000000 rbx=0x0000551f0000551f rcx=0x0000000000000048 rdx=0x0000000000000000
  rsi=0x0000824c0000824c rdi=0x0000840d0000840d flags=0b000001000110
  xmm0=0x00009cce00009cce00008b2000008b20 xmm1=0x00009968000099680000179500001795 
  xmm2=0x0000650b0000650b0000b6270000b627 xmm3=0x00005bf500005bf500002baa00002baa 
  xmm4=0x0000a8df0000a8df000028ea000028ea xmm5=0x00001a5a00001a5a00004ff000004ff0 
  xmm6=0x0000abbf0000abbf0000c0720000c072 xmm7=0x0000ef810000ef81000055af000055af 

0x3034: mfence 
  rax=0x0000000000000000 rbx=0x0000551f0000551f rcx=0x0000000000000048 rdx=0x0000000000000000
  rsi=0x0000824c0000824c rdi=0x0000840d0000840d flags=0b000001000110
  xmm0=0x00009cce00009cce00008b2000008b20 xmm1=0x00009968000099680000179500001795 
  xmm2=0x0000650b0000650b0000b6270000b627 xmm3=0x00005bf500005bf500002baa00002baa 
  xmm4=0x0000a8df0000a8df000028ea000028ea xmm5=0x00001a5a00001a5a00004ff000004ff0 
  xmm6=0x0000abbf0000abbf0000c0720000c072 xmm7=0x0000ef810000ef81000055af000055af 

0x3037: lfence 
  rax=0x0000000000000000 rbx=0x0000551f0000551f rcx=0x0000000000000048 rdx=0x0000000000000000
  rsi=0x0000824c0000824c rdi=0x0000840d0000840d flags=0b000001000110
  xmm0=0x00009cce00009cce00008b2000008b20 xmm1=0x00009968000099680000179500001795 
  xmm2=0x0000650b0000650b0000b6270000b627 xmm3=0x00005bf500005bf500002baa00002baa 
  xmm4=0x0000a8df0000a8df000028ea000028ea xmm5=0x00001a5a00001a5a00004ff000004ff0 
  xmm6=0x0000abbf0000abbf0000c0720000c072 xmm7=0x0000ef810000ef81000055af000055af 

0x303a: pop rdx
  rax=0x0000000000000000 rbx=0x0000551f0000551f rcx=0x0000000000000048 rdx=0x0000000000000000
  rsi=0x0000824c0000824c rdi=0x0000840d0000840d flags=0b000001000110
  xmm0=0x00009cce00009cce00008b2000008b20 xmm1=0x00009968000099680000179500001795 
  xmm2=0x0000650b0000650b0000b6270000b627 xmm3=0x00005bf500005bf500002baa00002baa 
  xmm4=0x0000a8df0000a8df000028ea000028ea xmm5=0x00001a5a00001a5a00004ff000004ff0 
  xmm6=0x0000abbf0000abbf0000c0720000c072 xmm7=0x0000ef810000ef81000055af000055af 

    > load from +0x4fd8 value 0xfa8e0000fa8e
0x303b: pop rcx
  rax=0x0000000000000000 rbx=0x0000551f0000551f rcx=0x0000000000000048 rdx=0x0000fa8e0000fa8e
  rsi=0x0000824c0000824c rdi=0x0000840d0000840d flags=0b000001000110
  xmm0=0x00009cce00009cce00008b2000008b20 xmm1=0x00009968000099680000179500001795 
  xmm2=0x0000650b0000650b0000b6270000b627 xmm3=0x00005bf500005bf500002baa00002baa 
  xmm4=0x0000a8df0000a8df000028ea000028ea xmm5=0x00001a5a00001a5a00004ff000004ff0 
  xmm6=0x0000abbf0000abbf0000c0720000c072 xmm7=0x0000ef810000ef81000055af000055af 

    > load from +0x4fe0 value 0x294b0000294b
0x303c: pop rax
  rax=0x0000000000000000 rbx=0x0000551f0000551f rcx=0x0000294b0000294b rdx=0x0000fa8e0000fa8e
  rsi=0x0000824c0000824c rdi=0x0000840d0000840d flags=0b000001000110
  xmm0=0x00009cce00009cce00008b2000008b20 xmm1=0x00009968000099680000179500001795 
  xmm2=0x0000650b0000650b0000b6270000b627 xmm3=0x00005bf500005bf500002baa00002baa 
  xmm4=0x0000a8df0000a8df000028ea000028ea xmm5=0x00001a5a00001a5a00004ff000004ff0 
  xmm6=0x0000abbf0000abbf0000c0720000c072 xmm7=0x0000ef810000ef81000055af000055af 

    > load from +0x4fe8 value 0x650300006503
0x303d: popfq 
  rax=0x0000650300006503 rbx=0x0000551f0000551f rcx=0x0000294b0000294b rdx=0x0000fa8e0000fa8e
  rsi=0x0000824c0000824c rdi=0x0000840d0000840d flags=0b000001000110
  xmm0=0x00009cce00009cce00008b2000008b20 xmm1=0x00009968000099680000179500001795 
  xmm2=0x0000650b0000650b0000b6270000b627 xmm3=0x00005bf500005bf500002baa00002baa 
  xmm4=0x0000a8df0000a8df000028ea000028ea xmm5=0x00001a5a00001a5a00004ff000004ff0 
  xmm6=0x0000abbf0000abbf0000c0720000c072 xmm7=0x0000ef810000ef81000055af000055af 

    > load from +0x4ff0 value 0x57
0x303e: cmpxchg esi, edx
  rax=0x0000650300006503 rbx=0x0000551f0000551f rcx=0x0000294b0000294b rdx=0x0000fa8e0000fa8e
  rsi=0x0000824c0000824c rdi=0x0000840d0000840d flags=0b000001010111
  xmm0=0x00009cce00009cce00008b2000008b20 xmm1=0x00009968000099680000179500001795 
  xmm2=0x0000650b0000650b0000b6270000b627 xmm3=0x00005bf500005bf500002baa00002baa 
  xmm4=0x0000a8df0000a8df000028ea000028ea xmm5=0x00001a5a00001a5a00004ff000004ff0 
  xmm6=0x0000abbf0000abbf0000c0720000c072 xmm7=0x0000ef810000ef81000055af000055af 

0x3041: and rsi, 0b1111111111111
  rax=0x000000000000824c rbx=0x0000551f0000551f rcx=0x0000294b0000294b rdx=0x0000fa8e0000fa8e
  rsi=0x0000824c0000824c rdi=0x0000840d0000840d flags=0b000010010111
  xmm0=0x00009cce00009cce00008b2000008b20 xmm1=0x00009968000099680000179500001795 
  xmm2=0x0000650b0000650b0000b6270000b627 xmm3=0x00005bf500005bf500002baa00002baa 
  xmm4=0x0000a8df0000a8df000028ea000028ea xmm5=0x00001a5a00001a5a00004ff000004ff0 
  xmm6=0x0000abbf0000abbf0000c0720000c072 xmm7=0x0000ef810000ef81000055af000055af 

0x3048: movzx rcx, [r14 +rsi]
  rax=0x000000000000824c rbx=0x0000551f0000551f rcx=0x0000294b0000294b rdx=0x0000fa8e0000fa8e
  rsi=0x000000000000024c rdi=0x0000840d0000840d flags=0b000000000010
  xmm0=0x00009cce00009cce00008b2000008b20 xmm1=0x00009968000099680000179500001795 
  xmm2=0x0000650b0000650b0000b6270000b627 xmm3=0x00005bf500005bf500002baa00002baa 
  xmm4=0x0000a8df0000a8df000028ea000028ea xmm5=0x00001a5a00001a5a00004ff000004ff0 
  xmm6=0x0000abbf0000abbf0000c0720000c072 xmm7=0x0000ef810000ef81000055af000055af 

    > load from +0x424c value 0xca25
0x304d: and rdi, 0b1111111111111
  rax=0x000000000000824c rbx=0x0000551f0000551f rcx=0x000000000000ca25 rdx=0x0000fa8e0000fa8e
  rsi=0x000000000000024c rdi=0x0000840d0000840d flags=0b000000000010
  xmm0=0x00009cce00009cce00008b2000008b20 xmm1=0x00009968000099680000179500001795 
  xmm2=0x0000650b0000650b0000b6270000b627 xmm3=0x00005bf500005bf500002baa00002baa 
  xmm4=0x0000a8df0000a8df000028ea000028ea xmm5=0x00001a5a00001a5a00004ff000004ff0 
  xmm6=0x0000abbf0000abbf0000c0720000c072 xmm7=0x0000ef810000ef81000055af000055af 

0x3054: cmovz cx, [r14 +rdi]
  rax=0x000000000000824c rbx=0x0000551f0000551f rcx=0x000000000000ca25 rdx=0x0000fa8e0000fa8e
  rsi=0x000000000000024c rdi=0x000000000000040d flags=0b000000000010
  xmm0=0x00009cce00009cce00008b2000008b20 xmm1=0x00009968000099680000179500001795 
  xmm2=0x0000650b0000650b0000b6270000b627 xmm3=0x00005bf500005bf500002baa00002baa 
  xmm4=0x0000a8df0000a8df000028ea000028ea xmm5=0x00001a5a00001a5a00004ff000004ff0 
  xmm6=0x0000abbf0000abbf0000c0720000c072 xmm7=0x0000ef810000ef81000055af000055af 

    > load from +0x440d value 0x5
0x305a: and rbx, 0b1111111111111
  rax=0x000000000000824c rbx=0x0000551f0000551f rcx=0x000000000000ca25 rdx=0x0000fa8e0000fa8e
  rsi=0x000000000000024c rdi=0x000000000000040d flags=0b000000000010
  xmm0=0x00009cce00009cce00008b2000008b20 xmm1=0x00009968000099680000179500001795 
  xmm2=0x0000650b0000650b0000b6270000b627 xmm3=0x00005bf500005bf500002baa00002baa 
  xmm4=0x0000a8df0000a8df000028ea000028ea xmm5=0x00001a5a00001a5a00004ff000004ff0 
  xmm6=0x0000abbf0000abbf0000c0720000c072 xmm7=0x0000ef810000ef81000055af000055af 

0x3061: test [r14 +rbx], -38
  rax=0x000000000000824c rbx=0x000000000000151f rcx=0x000000000000ca25 rdx=0x0000fa8e0000fa8e
  rsi=0x000000000000024c rdi=0x000000000000040d flags=0b000000000010
  xmm0=0x00009cce00009cce00008b2000008b20 xmm1=0x00009968000099680000179500001795 
  xmm2=0x0000650b0000650b0000b6270000b627 xmm3=0x00005bf500005bf500002baa00002baa 
  xmm4=0x0000a8df0000a8df000028ea000028ea xmm5=0x00001a5a00001a5a00004ff000004ff0 
  xmm6=0x0000abbf0000abbf0000c0720000c072 xmm7=0x0000ef810000ef81000055af000055af 

    > load from +0x551f value 0x0
0x3066: sbb al, 104
  rax=0x000000000000824c rbx=0x000000000000151f rcx=0x000000000000ca25 rdx=0x0000fa8e0000fa8e
  rsi=0x000000000000024c rdi=0x000000000000040d flags=0b000001000110
  xmm0=0x00009cce00009cce00008b2000008b20 xmm1=0x00009968000099680000179500001795 
  xmm2=0x0000650b0000650b0000b6270000b627 xmm3=0x00005bf500005bf500002baa00002baa 
  xmm4=0x0000a8df0000a8df000028ea000028ea xmm5=0x00001a5a00001a5a00004ff000004ff0 
  xmm6=0x0000abbf0000abbf0000c0720000c072 xmm7=0x0000ef810000ef81000055af000055af 

0x3068: lea edx, rdx
  rax=0x00000000000082e4 rbx=0x000000000000151f rcx=0x000000000000ca25 rdx=0x0000fa8e0000fa8e
  rsi=0x000000000000024c rdi=0x000000000000040d flags=0b000010000111
  xmm0=0x00009cce00009cce00008b2000008b20 xmm1=0x00009968000099680000179500001795 
  xmm2=0x0000650b0000650b0000b6270000b627 xmm3=0x00005bf500005bf500002baa00002baa 
  xmm4=0x0000a8df0000a8df000028ea000028ea xmm5=0x00001a5a00001a5a00004ff000004ff0 
  xmm6=0x0000abbf0000abbf0000c0720000c072 xmm7=0x0000ef810000ef81000055af000055af 

0x306a: and rsi, 0b1111111111111
  rax=0x00000000000082e4 rbx=0x000000000000151f rcx=0x000000000000ca25 rdx=0x000000000000fa8e
  rsi=0x000000000000024c rdi=0x000000000000040d flags=0b000010000111
  xmm0=0x00009cce00009cce00008b2000008b20 xmm1=0x00009968000099680000179500001795 
  xmm2=0x0000650b0000650b0000b6270000b627 xmm3=0x00005bf500005bf500002baa00002baa 
  xmm4=0x0000a8df0000a8df000028ea000028ea xmm5=0x00001a5a00001a5a00004ff000004ff0 
  xmm6=0x0000abbf0000abbf0000c0720000c072 xmm7=0x0000ef810000ef81000055af000055af 

0x3071: cmovp rdi, [r14 +rsi]
  rax=0x00000000000082e4 rbx=0x000000000000151f rcx=0x000000000000ca25 rdx=0x000000000000fa8e
  rsi=0x000000000000024c rdi=0x000000000000040d flags=0b000000000010
  xmm0=0x00009cce00009cce00008b2000008b20 xmm1=0x00009968000099680000179500001795 
  xmm2=0x0000650b0000650b0000b6270000b627 xmm3=0x00005bf500005bf500002baa00002baa 
  xmm4=0x0000a8df0000a8df000028ea000028ea xmm5=0x00001a5a00001a5a00004ff000004ff0 
  xmm6=0x0000abbf0000abbf0000c0720000c072 xmm7=0x0000ef810000ef81000055af000055af 

    > load from +0x424c value 0xa7aa0000ca25
0x3076: and rax, 0b1111111111111
  rax=0x00000000000082e4 rbx=0x000000000000151f rcx=0x000000000000ca25 rdx=0x000000000000fa8e
  rsi=0x000000000000024c rdi=0x000000000000040d flags=0b000000000010
  xmm0=0x00009cce00009cce00008b2000008b20 xmm1=0x00009968000099680000179500001795 
  xmm2=0x0000650b0000650b0000b6270000b627 xmm3=0x00005bf500005bf500002baa00002baa 
  xmm4=0x0000a8df0000a8df000028ea000028ea xmm5=0x00001a5a00001a5a00004ff000004ff0 
  xmm6=0x0000abbf0000abbf0000c0720000c072 xmm7=0x0000ef810000ef81000055af000055af 

0x307c: and si, [r14 +rax]
  rax=0x00000000000002e4 rbx=0x000000000000151f rcx=0x000000000000ca25 rdx=0x000000000000fa8e
  rsi=0x000000000000024c rdi=0x000000000000040d flags=0b000000000110
  xmm0=0x00009cce00009cce00008b2000008b20 xmm1=0x00009968000099680000179500001795 
  xmm2=0x0000650b0000650b0000b6270000b627 xmm3=0x00005bf500005bf500002baa00002baa 
  xmm4=0x0000a8df0000a8df000028ea000028ea xmm5=0x00001a5a00001a5a00004ff000004ff0 
  xmm6=0x0000abbf0000abbf0000c0720000c072 xmm7=0x0000ef810000ef81000055af000055af 

    > load from +0x42e4 value 0x380e
0x3081: movsx bx, bl
  rax=0x00000000000002e4 rbx=0x000000000000151f rcx=0x000000000000ca25 rdx=0x000000000000fa8e
  rsi=0x000000000000000c rdi=0x000000000000040d flags=0b000000000110
  xmm0=0x00009cce00009cce00008b2000008b20 xmm1=0x00009968000099680000179500001795 
  xmm2=0x0000650b0000650b0000b6270000b627 xmm3=0x00005bf500005bf500002baa00002baa 
  xmm4=0x0000a8df0000a8df000028ea000028ea xmm5=0x00001a5a00001a5a00004ff000004ff0 
  xmm6=0x0000abbf0000abbf0000c0720000c072 xmm7=0x0000ef810000ef81000055af000055af 

0x3085: cmovbe eax, esi
  rax=0x00000000000002e4 rbx=0x000000000000001f rcx=0x000000000000ca25 rdx=0x000000000000fa8e
  rsi=0x000000000000000c rdi=0x000000000000040d flags=0b000000000110
  xmm0=0x00009cce00009cce00008b2000008b20 xmm1=0x00009968000099680000179500001795 
  xmm2=0x0000650b0000650b0000b6270000b627 xmm3=0x00005bf500005bf500002baa00002baa 
  xmm4=0x0000a8df0000a8df000028ea000028ea xmm5=0x00001a5a00001a5a00004ff000004ff0 
  xmm6=0x0000abbf0000abbf0000c0720000c072 xmm7=0x0000ef810000ef81000055af000055af 

0x3088: and rcx, 0b1111111111111
  rax=0x00000000000002e4 rbx=0x000000000000001f rcx=0x000000000000ca25 rdx=0x000000000000fa8e
  rsi=0x000000000000000c rdi=0x000000000000040d flags=0b000000000110
  xmm0=0x00009cce00009cce00008b2000008b20 xmm1=0x00009968000099680000179500001795 
  xmm2=0x0000650b0000650b0000b6270000b627 xmm3=0x00005bf500005bf500002baa00002baa 
  xmm4=0x0000a8df0000a8df000028ea000028ea xmm5=0x00001a5a00001a5a00004ff000004ff0 
  xmm6=0x0000abbf0000abbf0000c0720000c072 xmm7=0x0000ef810000ef81000055af000055af 

0x308f: cmovle ax, [r14 +rcx]
  rax=0x00000000000002e4 rbx=0x000000000000001f rcx=0x0000000000000a25 rdx=0x000000000000fa8e
  rsi=0x000000000000000c rdi=0x000000000000040d flags=0b000000000010
  xmm0=0x00009cce00009cce00008b2000008b20 xmm1=0x00009968000099680000179500001795 
  xmm2=0x0000650b0000650b0000b6270000b627 xmm3=0x00005bf500005bf500002baa00002baa 
  xmm4=0x0000a8df0000a8df000028ea000028ea xmm5=0x00001a5a00001a5a00004ff000004ff0 
  xmm6=0x0000abbf0000abbf0000c0720000c072 xmm7=0x0000ef810000ef81000055af000055af 

    > load from +0x4a25 value 0x6f
0x3095: and rsi, 0b1111111111111
  rax=0x00000000000002e4 rbx=0x000000000000001f rcx=0x0000000000000a25 rdx=0x000000000000fa8e
  rsi=0x000000000000000c rdi=0x000000000000040d flags=0b000000000010
  xmm0=0x00009cce00009cce00008b2000008b20 xmm1=0x00009968000099680000179500001795 
  xmm2=0x0000650b0000650b0000b6270000b627 xmm3=0x00005bf500005bf500002baa00002baa 
  xmm4=0x0000a8df0000a8df000028ea000028ea xmm5=0x00001a5a00001a5a00004ff000004ff0 
  xmm6=0x0000abbf0000abbf0000c0720000c072 xmm7=0x0000ef810000ef81000055af000055af 

0x309c: cmovs ecx, [r14 +rsi]
  rax=0x00000000000002e4 rbx=0x000000000000001f rcx=0x0000000000000a25 rdx=0x000000000000fa8e
  rsi=0x000000000000000c rdi=0x000000000000040d flags=0b000000000110
  xmm0=0x00009cce00009cce00008b2000008b20 xmm1=0x00009968000099680000179500001795 
  xmm2=0x0000650b0000650b0000b6270000b627 xmm3=0x00005bf500005bf500002baa00002baa 
  xmm4=0x0000a8df0000a8df000028ea000028ea xmm5=0x00001a5a00001a5a00004ff000004ff0 
  xmm6=0x0000abbf0000abbf0000c0720000c072 xmm7=0x0000ef810000ef81000055af000055af 

    > load from +0x400c value 0xed21
0x30a1: and rax, 0b1111111111111
  rax=0x00000000000002e4 rbx=0x000000000000001f rcx=0x0000000000000a25 rdx=0x000000000000fa8e
  rsi=0x000000000000000c rdi=0x000000000000040d flags=0b000000000110
  xmm0=0x00009cce00009cce00008b2000008b20 xmm1=0x00009968000099680000179500001795 
  xmm2=0x0000650b0000650b0000b6270000b627 xmm3=0x00005bf500005bf500002baa00002baa 
  xmm4=0x0000a8df0000a8df000028ea000028ea xmm5=0x00001a5a00001a5a00004ff000004ff0 
  xmm6=0x0000abbf0000abbf0000c0720000c072 xmm7=0x0000ef810000ef81000055af000055af 

0x30a7: cmovnz rdi, [r14 +rax]
  rax=0x00000000000002e4 rbx=0x000000000000001f rcx=0x0000000000000a25 rdx=0x000000000000fa8e
  rsi=0x000000000000000c rdi=0x000000000000040d flags=0b000000000110
  xmm0=0x00009cce00009cce00008b2000008b20 xmm1=0x00009968000099680000179500001795 
  xmm2=0x0000650b0000650b0000b6270000b627 xmm3=0x00005bf500005bf500002baa00002baa 
  xmm4=0x0000a8df0000a8df000028ea000028ea xmm5=0x00001a5a00001a5a00004ff000004ff0 
  xmm6=0x0000abbf0000abbf0000c0720000c072 xmm7=0x0000ef810000ef81000055af000055af 

    > load from +0x42e4 value 0x59d30000380e
0x30ac: and rsi, 0b1111111111111
  rax=0x00000000000002e4 rbx=0x000000000000001f rcx=0x0000000000000a25 rdx=0x000000000000fa8e
  rsi=0x000000000000000c rdi=0x000059d30000380e flags=0b000000000110
  xmm0=0x00009cce00009cce00008b2000008b20 xmm1=0x00009968000099680000179500001795 
  xmm2=0x0000650b0000650b0000b6270000b627 xmm3=0x00005bf500005bf500002baa00002baa 
  xmm4=0x0000a8df0000a8df000028ea000028ea xmm5=0x00001a5a00001a5a00004ff000004ff0 
  xmm6=0x0000abbf0000abbf0000c0720000c072 xmm7=0x0000ef810000ef81000055af000055af 

0x30b3: test [r14 +rsi], dl
  rax=0x00000000000002e4 rbx=0x000000000000001f rcx=0x0000000000000a25 rdx=0x000000000000fa8e
  rsi=0x000000000000000c rdi=0x000059d30000380e flags=0b000000000110
  xmm0=0x00009cce00009cce00008b2000008b20 xmm1=0x00009968000099680000179500001795 
  xmm2=0x0000650b0000650b0000b6270000b627 xmm3=0x00005bf500005bf500002baa00002baa 
  xmm4=0x0000a8df0000a8df000028ea000028ea xmm5=0x00001a5a00001a5a00004ff000004ff0 
  xmm6=0x0000abbf0000abbf0000c0720000c072 xmm7=0x0000ef810000ef81000055af000055af 

    > load from +0x400c value 0x21
0x30b7: test sil, 5
  rax=0x00000000000002e4 rbx=0x000000000000001f rcx=0x0000000000000a25 rdx=0x000000000000fa8e
  rsi=0x000000000000000c rdi=0x000059d30000380e flags=0b000001000110
  xmm0=0x00009cce00009cce00008b2000008b20 xmm1=0x00009968000099680000179500001795 
  xmm2=0x0000650b0000650b0000b6270000b627 xmm3=0x00005bf500005bf500002baa00002baa 
  xmm4=0x0000a8df0000a8df000028ea000028ea xmm5=0x00001a5a00001a5a00004ff000004ff0 
  xmm6=0x0000abbf0000abbf0000c0720000c072 xmm7=0x0000ef810000ef81000055af000055af 

0x30bb: and rdx, 0b1111111111111
  rax=0x00000000000002e4 rbx=0x000000000000001f rcx=0x0000000000000a25 rdx=0x000000000000fa8e
  rsi=0x000000000000000c rdi=0x000059d30000380e flags=0b000000000010
  xmm0=0x00009cce00009cce00008b2000008b20 xmm1=0x00009968000099680000179500001795 
  xmm2=0x0000650b0000650b0000b6270000b627 xmm3=0x00005bf500005bf500002baa00002baa 
  xmm4=0x0000a8df0000a8df000028ea000028ea xmm5=0x00001a5a00001a5a00004ff000004ff0 
  xmm6=0x0000abbf0000abbf0000c0720000c072 xmm7=0x0000ef810000ef81000055af000055af 

0x30c2: cmovnl edx, [r14 +rdx]
  rax=0x00000000000002e4 rbx=0x000000000000001f rcx=0x0000000000000a25 rdx=0x0000000000001a8e
  rsi=0x000000000000000c rdi=0x000059d30000380e flags=0b000000000110
  xmm0=0x00009cce00009cce00008b2000008b20 xmm1=0x00009968000099680000179500001795 
  xmm2=0x0000650b0000650b0000b6270000b627 xmm3=0x00005bf500005bf500002baa00002baa 
  xmm4=0x0000a8df0000a8df000028ea000028ea xmm5=0x00001a5a00001a5a00004ff000004ff0 
  xmm6=0x0000abbf0000abbf0000c0720000c072 xmm7=0x0000ef810000ef81000055af000055af 

    > load from +0x5a8e value 0x8f500000
0x30c7: or cl, 0b1000
  rax=0x00000000000002e4 rbx=0x000000000000001f rcx=0x0000000000000a25 rdx=0x000000008f500000
  rsi=0x000000000000000c rdi=0x000059d30000380e flags=0b000000000110
  xmm0=0x00009cce00009cce00008b2000008b20 xmm1=0x00009968000099680000179500001795 
  xmm2=0x0000650b0000650b0000b6270000b627 xmm3=0x00005bf500005bf500002baa00002baa 
  xmm4=0x0000a8df0000a8df000028ea000028ea xmm5=0x00001a5a00001a5a00004ff000004ff0 
  xmm6=0x0000abbf0000abbf0000c0720000c072 xmm7=0x0000ef810000ef81000055af000055af 

0x30ca: and cl, 0b11111000
  rax=0x00000000000002e4 rbx=0x000000000000001f rcx=0x0000000000000a2d rdx=0x000000008f500000
  rsi=0x000000000000000c rdi=0x000059d30000380e flags=0b000000000110
  xmm0=0x00009cce00009cce00008b2000008b20 xmm1=0x00009968000099680000179500001795 
  xmm2=0x0000650b0000650b0000b6270000b627 xmm3=0x00005bf500005bf500002baa00002baa 
  xmm4=0x0000a8df0000a8df000028ea000028ea xmm5=0x00001a5a00001a5a00004ff000004ff0 
  xmm6=0x0000abbf0000abbf0000c0720000c072 xmm7=0x0000ef810000ef81000055af000055af 

0x30cd: mov ax, 1
  rax=0x00000000000002e4 rbx=0x000000000000001f rcx=0x0000000000000a28 rdx=0x000000008f500000
  rsi=0x000000000000000c rdi=0x000059d30000380e flags=0b000000000110
  xmm0=0x00009cce00009cce00008b2000008b20 xmm1=0x00009968000099680000179500001795 
  xmm2=0x0000650b0000650b0000b6270000b627 xmm3=0x00005bf500005bf500002baa00002baa 
  xmm4=0x0000a8df0000a8df000028ea000028ea xmm5=0x00001a5a00001a5a00004ff000004ff0 
  xmm6=0x0000abbf0000abbf0000c0720000c072 xmm7=0x0000ef810000ef81000055af000055af 

0x30d1: idiv cl
  rax=0x0000000000000001 rbx=0x000000000000001f rcx=0x0000000000000a28 rdx=0x000000008f500000
  rsi=0x000000000000000c rdi=0x000059d30000380e flags=0b000000000110
  xmm0=0x00009cce00009cce00008b2000008b20 xmm1=0x00009968000099680000179500001795 
  xmm2=0x0000650b0000650b0000b6270000b627 xmm3=0x00005bf500005bf500002baa00002baa 
  xmm4=0x0000a8df0000a8df000028ea000028ea xmm5=0x00001a5a00001a5a00004ff000004ff0 
  xmm6=0x0000abbf0000abbf0000c0720000c072 xmm7=0x0000ef810000ef81000055af000055af 

0x30d3: and rdi, 0b1111111111111
  rax=0x0000000000000100 rbx=0x000000000000001f rcx=0x0000000000000a28 rdx=0x000000008f500000
  rsi=0x000000000000000c rdi=0x000059d30000380e flags=0b000000000110
  xmm0=0x00009cce00009cce00008b2000008b20 xmm1=0x00009968000099680000179500001795 
  xmm2=0x0000650b0000650b0000b6270000b627 xmm3=0x00005bf500005bf500002baa00002baa 
  xmm4=0x0000a8df0000a8df000028ea000028ea xmm5=0x00001a5a00001a5a00004ff000004ff0 
  xmm6=0x0000abbf0000abbf0000c0720000c072 xmm7=0x0000ef810000ef81000055af000055af 

0x30da: or [r14 +rdi], 0b1000000000000000000000000000000
  rax=0x0000000000000100 rbx=0x000000000000001f rcx=0x0000000000000a28 rdx=0x000000008f500000
  rsi=0x000000000000000c rdi=0x000000000000180e flags=0b000000000010
  xmm0=0x00009cce00009cce00008b2000008b20 xmm1=0x00009968000099680000179500001795 
  xmm2=0x0000650b0000650b0000b6270000b627 xmm3=0x00005bf500005bf500002baa00002baa 
  xmm4=0x0000a8df0000a8df000028ea000028ea xmm5=0x00001a5a00001a5a00004ff000004ff0 
  xmm6=0x0000abbf0000abbf0000c0720000c072 xmm7=0x0000ef810000ef81000055af000055af 

    > load from +0x580e value 0x55100000
    > store to +0x580e value 0x55100000
0x30e2: bsf ebx, [r14 +rdi]
  rax=0x0000000000000100 rbx=0x000000000000001f rcx=0x0000000000000a28 rdx=0x000000008f500000
  rsi=0x000000000000000c rdi=0x000000000000180e flags=0b000000000110
  xmm0=0x00009cce00009cce00008b2000008b20 xmm1=0x00009968000099680000179500001795 
  xmm2=0x0000650b0000650b0000b6270000b627 xmm3=0x00005bf500005bf500002baa00002baa 
  xmm4=0x0000a8df0000a8df000028ea000028ea xmm5=0x00001a5a00001a5a00004ff000004ff0 
  xmm6=0x0000abbf0000abbf0000c0720000c072 xmm7=0x0000ef810000ef81000055af000055af 

    > load from +0x580e value 0x55100000
0x30e7: and rbx, 0b1111111111111
  rax=0x0000000000000100 rbx=0x0000000000000014 rcx=0x0000000000000a28 rdx=0x000000008f500000
  rsi=0x000000000000000c rdi=0x000000000000180e flags=0b000000000110
  xmm0=0x00009cce00009cce00008b2000008b20 xmm1=0x00009968000099680000179500001795 
  xmm2=0x0000650b0000650b0000b6270000b627 xmm3=0x00005bf500005bf500002baa00002baa 
  xmm4=0x0000a8df0000a8df000028ea000028ea xmm5=0x00001a5a00001a5a00004ff000004ff0 
  xmm6=0x0000abbf0000abbf0000c0720000c072 xmm7=0x0000ef810000ef81000055af000055af 

0x30ee: and rbx, [r14 +rbx]
  rax=0x0000000000000100 rbx=0x0000000000000014 rcx=0x0000000000000a28 rdx=0x000000008f500000
  rsi=0x000000000000000c rdi=0x000000000000180e flags=0b000000000110
  xmm0=0x00009cce00009cce00008b2000008b20 xmm1=0x00009968000099680000179500001795 
  xmm2=0x0000650b0000650b0000b6270000b627 xmm3=0x00005bf500005bf500002baa00002baa 
  xmm4=0x0000a8df0000a8df000028ea000028ea xmm5=0x00001a5a00001a5a00004ff000004ff0 
  xmm6=0x0000abbf0000abbf0000c0720000c072 xmm7=0x0000ef810000ef81000055af000055af 

    > load from +0x4014 value 0x285a000001ea
0x30f2: and rcx, 0b1111111111111
  rax=0x0000000000000100 rbx=0x0000000000000000 rcx=0x0000000000000a28 rdx=0x000000008f500000
  rsi=0x000000000000000c rdi=0x000000000000180e flags=0b000001000110
  xmm0=0x00009cce00009cce00008b2000008b20 xmm1=0x00009968000099680000179500001795 
  xmm2=0x0000650b0000650b0000b6270000b627 xmm3=0x00005bf500005bf500002baa00002baa 
  xmm4=0x0000a8df0000a8df000028ea000028ea xmm5=0x00001a5a00001a5a00004ff000004ff0 
  xmm6=0x0000abbf0000abbf0000c0720000c072 xmm7=0x0000ef810000ef81000055af000055af 

0x30f9: cmovbe rdx, [r14 +rcx]
  rax=0x0000000000000100 rbx=0x0000000000000000 rcx=0x0000000000000a28 rdx=0x000000008f500000
  rsi=0x000000000000000c rdi=0x000000000000180e flags=0b000000000110
  xmm0=0x00009cce00009cce00008b2000008b20 xmm1=0x00009968000099680000179500001795 
  xmm2=0x0000650b0000650b0000b6270000b627 xmm3=0x00005bf500005bf500002baa00002baa 
  xmm4=0x0000a8df0000a8df000028ea000028ea xmm5=0x00001a5a00001a5a00004ff000004ff0 
  xmm6=0x0000abbf0000abbf0000c0720000c072 xmm7=0x0000ef810000ef81000055af000055af 

    > load from +0x4a28 value 0x90f3000090f3
0x30fe: or si, -44
  rax=0x0000000000000100 rbx=0x0000000000000000 rcx=0x0000000000000a28 rdx=0x000000008f500000
  rsi=0x000000000000000c rdi=0x000000000000180e flags=0b000000000110
  xmm0=0x00009cce00009cce00008b2000008b20 xmm1=0x00009968000099680000179500001795 
  xmm2=0x0000650b0000650b0000b6270000b627 xmm3=0x00005bf500005bf500002baa00002baa 
  xmm4=0x0000a8df0000a8df000028ea000028ea xmm5=0x00001a5a00001a5a00004ff000004ff0 
  xmm6=0x0000abbf0000abbf0000c0720000c072 xmm7=0x0000ef810000ef81000055af000055af 

0x3102: and rdi, 0b1111111111111
  rax=0x0000000000000100 rbx=0x0000000000000000 rcx=0x0000000000000a28 rdx=0x000000008f500000
  rsi=0x000000000000ffdc rdi=0x000000000000180e flags=0b000010000010
  xmm0=0x00009cce00009cce00008b2000008b20 xmm1=0x00009968000099680000179500001795 
  xmm2=0x0000650b0000650b0000b6270000b627 xmm3=0x00005bf500005bf500002baa00002baa 
  xmm4=0x0000a8df0000a8df000028ea000028ea xmm5=0x00001a5a00001a5a00004ff000004ff0 
  xmm6=0x0000abbf0000abbf0000c0720000c072 xmm7=0x0000ef810000ef81000055af000055af 

0x3109: movzx ecx, [r14 +rdi]
  rax=0x0000000000000100 rbx=0x0000000000000000 rcx=0x0000000000000a28 rdx=0x000000008f500000
  rsi=0x000000000000ffdc rdi=0x000000000000180e flags=0b000000000010
  xmm0=0x00009cce00009cce00008b2000008b20 xmm1=0x00009968000099680000179500001795 
  xmm2=0x0000650b0000650b0000b6270000b627 xmm3=0x00005bf500005bf500002baa00002baa 
  xmm4=0x0000a8df0000a8df000028ea000028ea xmm5=0x00001a5a00001a5a00004ff000004ff0 
  xmm6=0x0000abbf0000abbf0000c0720000c072 xmm7=0x0000ef810000ef81000055af000055af 

    > load from +0x580e value 0x0
0x310e: cmovs rax, rax
  rax=0x0000000000000100 rbx=0x0000000000000000 rcx=0x0000000000000000 rdx=0x000000008f500000
  rsi=0x000000000000ffdc rdi=0x000000000000180e flags=0b000000000010
  xmm0=0x00009cce00009cce00008b2000008b20 xmm1=0x00009968000099680000179500001795 
  xmm2=0x0000650b0000650b0000b6270000b627 xmm3=0x00005bf500005bf500002baa00002baa 
  xmm4=0x0000a8df0000a8df000028ea000028ea xmm5=0x00001a5a00001a5a00004ff000004ff0 
  xmm6=0x0000abbf0000abbf0000c0720000c072 xmm7=0x0000ef810000ef81000055af000055af 

0x3112: cmpxchg cl, bl
  rax=0x0000000000000100 rbx=0x0000000000000000 rcx=0x0000000000000000 rdx=0x000000008f500000
  rsi=0x000000000000ffdc rdi=0x000000000000180e flags=0b000000000010
  xmm0=0x00009cce00009cce00008b2000008b20 xmm1=0x00009968000099680000179500001795 
  xmm2=0x0000650b0000650b0000b6270000b627 xmm3=0x00005bf500005bf500002baa00002baa 
  xmm4=0x0000a8df0000a8df000028ea000028ea xmm5=0x00001a5a00001a5a00004ff000004ff0 
  xmm6=0x0000abbf0000abbf0000c0720000c072 xmm7=0x0000ef810000ef81000055af000055af 

0x3115: and ax, -23215
  rax=0x0000000000000100 rbx=0x0000000000000000 rcx=0x0000000000000000 rdx=0x000000008f500000
  rsi=0x000000000000ffdc rdi=0x000000000000180e flags=0b000001000110
  xmm0=0x00009cce00009cce00008b2000008b20 xmm1=0x00009968000099680000179500001795 
  xmm2=0x0000650b0000650b0000b6270000b627 xmm3=0x00005bf500005bf500002baa00002baa 
  xmm4=0x0000a8df0000a8df000028ea000028ea xmm5=0x00001a5a00001a5a00004ff000004ff0 
  xmm6=0x0000abbf0000abbf0000c0720000c072 xmm7=0x0000ef810000ef81000055af000055af 

0x3119: and rax, 0b1111111111111
  rax=0x0000000000000100 rbx=0x0000000000000000 rcx=0x0000000000000000 rdx=0x000000008f500000
  rsi=0x000000000000ffdc rdi=0x000000000000180e flags=0b000000000110
  xmm0=0x00009cce00009cce00008b2000008b20 xmm1=0x00009968000099680000179500001795 
  xmm2=0x0000650b0000650b0000b6270000b627 xmm3=0x00005bf500005bf500002baa00002baa 
  xmm4=0x0000a8df0000a8df000028ea000028ea xmm5=0x00001a5a00001a5a00004ff000004ff0 
  xmm6=0x0000abbf0000abbf0000c0720000c072 xmm7=0x0000ef810000ef81000055af000055af 

0x311f: sub dil, [r14 +rax]
  rax=0x0000000000000100 rbx=0x0000000000000000 rcx=0x0000000000000000 rdx=0x000000008f500000
  rsi=0x000000000000ffdc rdi=0x000000000000180e flags=0b000000000110
  xmm0=0x00009cce00009cce00008b2000008b20 xmm1=0x00009968000099680000179500001795 
  xmm2=0x0000650b0000650b0000b6270000b627 xmm3=0x00005bf500005bf500002baa00002baa 
  xmm4=0x0000a8df0000a8df000028ea000028ea xmm5=0x00001a5a00001a5a00004ff000004ff0 
  xmm6=0x0000abbf0000abbf0000c0720000c072 xmm7=0x0000ef810000ef81000055af000055af 

    > load from +0x4100 value 0x1c
0x3123: and rax, -994298424
  rax=0x0000000000000100 rbx=0x0000000000000000 rcx=0x0000000000000000 rdx=0x000000008f500000
  rsi=0x000000000000ffdc rdi=0x00000000000018f2 flags=0b000010000011
  xmm0=0x00009cce00009cce00008b2000008b20 xmm1=0x00009968000099680000179500001795 
  xmm2=0x0000650b0000650b0000b6270000b627 xmm3=0x00005bf500005bf500002baa00002baa 
  xmm4=0x0000a8df0000a8df000028ea000028ea xmm5=0x00001a5a00001a5a00004ff000004ff0 
  xmm6=0x0000abbf0000abbf0000c0720000c072 xmm7=0x0000ef810000ef81000055af000055af 

0x3129: sets bl
  rax=0x0000000000000100 rbx=0x0000000000000000 rcx=0x0000000000000000 rdx=0x000000008f500000
  rsi=0x000000000000ffdc rdi=0x00000000000018f2 flags=0b000000000110
  xmm0=0x00009cce00009cce00008b2000008b20 xmm1=0x00009968000099680000179500001795 
  xmm2=0x0000650b0000650b0000b6270000b627 xmm3=0x00005bf500005bf500002baa00002baa 
  xmm4=0x0000a8df0000a8df000028ea000028ea xmm5=0x00001a5a00001a5a00004ff000004ff0 
  xmm6=0x0000abbf0000abbf0000c0720000c072 xmm7=0x0000ef810000ef81000055af000055af 

0x312c: neg si
  rax=0x0000000000000100 rbx=0x0000000000000000 rcx=0x0000000000000000 rdx=0x000000008f500000
  rsi=0x000000000000ffdc rdi=0x00000000000018f2 flags=0b000000000110
  xmm0=0x00009cce00009cce00008b2000008b20 xmm1=0x00009968000099680000179500001795 
  xmm2=0x0000650b0000650b0000b6270000b627 xmm3=0x00005bf500005bf500002baa00002baa 
  xmm4=0x0000a8df0000a8df000028ea000028ea xmm5=0x00001a5a00001a5a00004ff000004ff0 
  xmm6=0x0000abbf0000abbf0000c0720000c072 xmm7=0x0000ef810000ef81000055af000055af 

0x312f: cmovnb si, bx
  rax=0x0000000000000100 rbx=0x0000000000000000 rcx=0x0000000000000000 rdx=0x000000008f500000
  rsi=0x0000000000000024 rdi=0x00000000000018f2 flags=0b000000010111
  xmm0=0x00009cce00009cce00008b2000008b20 xmm1=0x00009968000099680000179500001795 
  xmm2=0x0000650b0000650b0000b6270000b627 xmm3=0x00005bf500005bf500002baa00002baa 
  xmm4=0x0000a8df0000a8df000028ea000028ea xmm5=0x00001a5a00001a5a00004ff000004ff0 
  xmm6=0x0000abbf0000abbf0000c0720000c072 xmm7=0x0000ef810000ef81000055af000055af 

0x3133: and bl, -9
  rax=0x0000000000000100 rbx=0x0000000000000000 rcx=0x0000000000000000 rdx=0x000000008f500000
  rsi=0x0000000000000024 rdi=0x00000000000018f2 flags=0b000000010111
  xmm0=0x00009cce00009cce00008b2000008b20 xmm1=0x00009968000099680000179500001795 
  xmm2=0x0000650b0000650b0000b6270000b627 xmm3=0x00005bf500005bf500002baa00002baa 
  xmm4=0x0000a8df0000a8df000028ea000028ea xmm5=0x00001a5a00001a5a00004ff000004ff0 
  xmm6=0x0000abbf0000abbf0000c0720000c072 xmm7=0x0000ef810000ef81000055af000055af 

0x3136: setp bl
  rax=0x0000000000000100 rbx=0x0000000000000000 rcx=0x0000000000000000 rdx=0x000000008f500000
  rsi=0x0000000000000024 rdi=0x00000000000018f2 flags=0b000001000110
  xmm0=0x00009cce00009cce00008b2000008b20 xmm1=0x00009968000099680000179500001795 
  xmm2=0x0000650b0000650b0000b6270000b627 xmm3=0x00005bf500005bf500002baa00002baa 
  xmm4=0x0000a8df0000a8df000028ea000028ea xmm5=0x00001a5a00001a5a00004ff000004ff0 
  xmm6=0x0000abbf0000abbf0000c0720000c072 xmm7=0x0000ef810000ef81000055af000055af 

0x3139: and rsi, 0b1111111111111
  rax=0x0000000000000100 rbx=0x0000000000000001 rcx=0x0000000000000000 rdx=0x000000008f500000
  rsi=0x0000000000000024 rdi=0x00000000000018f2 flags=0b000001000110
  xmm0=0x00009cce00009cce00008b2000008b20 xmm1=0x00009968000099680000179500001795 
  xmm2=0x0000650b0000650b0000b6270000b627 xmm3=0x00005bf500005bf500002baa00002baa 
  xmm4=0x0000a8df0000a8df000028ea000028ea xmm5=0x00001a5a00001a5a00004ff000004ff0 
  xmm6=0x0000abbf0000abbf0000c0720000c072 xmm7=0x0000ef810000ef81000055af000055af 

0x3140: or [r14 +rsi], 0b1000000000000000000000000000000
  rax=0x0000000000000100 rbx=0x0000000000000001 rcx=0x0000000000000000 rdx=0x000000008f500000
  rsi=0x0000000000000024 rdi=0x00000000000018f2 flags=0b000000000110
  xmm0=0x00009cce00009cce00008b2000008b20 xmm1=0x00009968000099680000179500001795 
  xmm2=0x0000650b0000650b0000b6270000b627 xmm3=0x00005bf500005bf500002baa00002baa 
  xmm4=0x0000a8df0000a8df000028ea000028ea xmm5=0x00001a5a00001a5a00004ff000004ff0 
  xmm6=0x0000abbf0000abbf0000c0720000c072 xmm7=0x0000ef810000ef81000055af000055af 

    > load from +0x4024 value 0xc4f00002630
    > store to +0x4024 value 0xc4f40002630
0x3148: bsf rbx, [r14 +rsi]
  rax=0x0000000000000100 rbx=0x0000000000000001 rcx=0x0000000000000000 rdx=0x000000008f500000
  rsi=0x0000000000000024 rdi=0x00000000000018f2 flags=0b000000000110
  xmm0=0x00009cce00009cce00008b2000008b20 xmm1=0x00009968000099680000179500001795 
  xmm2=0x0000650b0000650b0000b6270000b627 xmm3=0x00005bf500005bf500002baa00002baa 
  xmm4=0x0000a8df0000a8df000028ea000028ea xmm5=0x00001a5a00001a5a00004ff000004ff0 
  xmm6=0x0000abbf0000abbf0000c0720000c072 xmm7=0x0000ef810000ef81000055af000055af 

    > load from +0x4024 value 0xc4f40002630
0x314d: add dil, 86
  rax=0x0000000000000100 rbx=0x0000000000000004 rcx=0x0000000000000000 rdx=0x000000008f500000
  rsi=0x0000000000000024 rdi=0x00000000000018f2 flags=0b000000000110
  xmm0=0x00009cce00009cce00008b2000008b20 xmm1=0x00009968000099680000179500001795 
  xmm2=0x0000650b0000650b0000b6270000b627 xmm3=0x00005bf500005bf500002baa00002baa 
  xmm4=0x0000a8df0000a8df000028ea000028ea xmm5=0x00001a5a00001a5a00004ff000004ff0 
  xmm6=0x0000abbf0000abbf0000c0720000c072 xmm7=0x0000ef810000ef81000055af000055af 

0x3151: and rsi, 0b1111111111111
  rax=0x0000000000000100 rbx=0x0000000000000004 rcx=0x0000000000000000 rdx=0x000000008f500000
  rsi=0x0000000000000024 rdi=0x0000000000001848 flags=0b000000000111
  xmm0=0x00009cce00009cce00008b2000008b20 xmm1=0x00009968000099680000179500001795 
  xmm2=0x0000650b0000650b0000b6270000b627 xmm3=0x00005bf500005bf500002baa00002baa 
  xmm4=0x0000a8df0000a8df000028ea000028ea xmm5=0x00001a5a00001a5a00004ff000004ff0 
  xmm6=0x0000abbf0000abbf0000c0720000c072 xmm7=0x0000ef810000ef81000055af000055af 

0x3158: cmovnle edx, [r14 +rsi]
  rax=0x0000000000000100 rbx=0x0000000000000004 rcx=0x0000000000000000 rdx=0x000000008f500000
  rsi=0x0000000000000024 rdi=0x0000000000001848 flags=0b000000000110
  xmm0=0x00009cce00009cce00008b2000008b20 xmm1=0x00009968000099680000179500001795 
  xmm2=0x0000650b0000650b0000b6270000b627 xmm3=0x00005bf500005bf500002baa00002baa 
  xmm4=0x0000a8df0000a8df000028ea000028ea xmm5=0x00001a5a00001a5a00004ff000004ff0 
  xmm6=0x0000abbf0000abbf0000c0720000c072 xmm7=0x0000ef810000ef81000055af000055af 

    > load from +0x4024 value 0x40002630
0x315d: sbb rsi, 61
  rax=0x0000000000000100 rbx=0x0000000000000004 rcx=0x0000000000000000 rdx=0x0000000040002630
  rsi=0x0000000000000024 rdi=0x0000000000001848 flags=0b000000000110
  xmm0=0x00009cce00009cce00008b2000008b20 xmm1=0x00009968000099680000179500001795 
  xmm2=0x0000650b0000650b0000b6270000b627 xmm3=0x00005bf500005bf500002baa00002baa 
  xmm4=0x0000a8df0000a8df000028ea000028ea xmm5=0x00001a5a00001a5a00004ff000004ff0 
  xmm6=0x0000abbf0000abbf0000c0720000c072 xmm7=0x0000ef810000ef81000055af000055af 

0x3161: or dl, dl
  rax=0x0000000000000100 rbx=0x0000000000000004 rcx=0x0000000000000000 rdx=0x0000000040002630
  rsi=0xffffffffffffffe7 rdi=0x0000000000001848 flags=0b000010010111
  xmm0=0x00009cce00009cce00008b2000008b20 xmm1=0x00009968000099680000179500001795 
  xmm2=0x0000650b0000650b0000b6270000b627 xmm3=0x00005bf500005bf500002baa00002baa 
  xmm4=0x0000a8df0000a8df000028ea000028ea xmm5=0x00001a5a00001a5a00004ff000004ff0 
  xmm6=0x0000abbf0000abbf0000c0720000c072 xmm7=0x0000ef810000ef81000055af000055af 

0x3163: and rbx, 0b1111111111111
  rax=0x0000000000000100 rbx=0x0000000000000004 rcx=0x0000000000000000 rdx=0x0000000040002630
  rsi=0xffffffffffffffe7 rdi=0x0000000000001848 flags=0b000000000110
  xmm0=0x00009cce00009cce00008b2000008b20 xmm1=0x00009968000099680000179500001795 
  xmm2=0x0000650b0000650b0000b6270000b627 xmm3=0x00005bf500005bf500002baa00002baa 
  xmm4=0x0000a8df0000a8df000028ea000028ea xmm5=0x00001a5a00001a5a00004ff000004ff0 
  xmm6=0x0000abbf0000abbf0000c0720000c072 xmm7=0x0000ef810000ef81000055af000055af 

0x316a: and rcx, 0b1111111111111
  rax=0x0000000000000100 rbx=0x0000000000000004 rcx=0x0000000000000000 rdx=0x0000000040002630
  rsi=0xffffffffffffffe7 rdi=0x0000000000001848 flags=0b000000000010
  xmm0=0x00009cce00009cce00008b2000008b20 xmm1=0x00009968000099680000179500001795 
  xmm2=0x0000650b0000650b0000b6270000b627 xmm3=0x00005bf500005bf500002baa00002baa 
  xmm4=0x0000a8df0000a8df000028ea000028ea xmm5=0x00001a5a00001a5a00004ff000004ff0 
  xmm6=0x0000abbf0000abbf0000c0720000c072 xmm7=0x0000ef810000ef81000055af000055af 

0x3171: cmp cx, [r14 +rcx]
  rax=0x0000000000000100 rbx=0x0000000000000004 rcx=0x0000000000000000 rdx=0x0000000040002630
  rsi=0xffffffffffffffe7 rdi=0x0000000000001848 flags=0b000001000110
  xmm0=0x00009cce00009cce00008b2000008b20 xmm1=0x00009968000099680000179500001795 
  xmm2=0x0000650b0000650b0000b6270000b627 xmm3=0x00005bf500005bf500002baa00002baa 
  xmm4=0x0000a8df0000a8df000028ea000028ea xmm5=0x00001a5a00001a5a00004ff000004ff0 
  xmm6=0x0000abbf0000abbf0000c0720000c072 xmm7=0x0000ef810000ef81000055af000055af 

    > load from +0x4000 value 0xc08b
0x3176: add rbx, rax
  rax=0x0000000000000100 rbx=0x0000000000000004 rcx=0x0000000000000000 rdx=0x0000000040002630
  rsi=0xffffffffffffffe7 rdi=0x0000000000001848 flags=0b000000010011
  xmm0=0x00009cce00009cce00008b2000008b20 xmm1=0x00009968000099680000179500001795 
  xmm2=0x0000650b0000650b0000b6270000b627 xmm3=0x00005bf500005bf500002baa00002baa 
  xmm4=0x0000a8df0000a8df000028ea000028ea xmm5=0x00001a5a00001a5a00004ff000004ff0 
  xmm6=0x0000abbf0000abbf0000c0720000c072 xmm7=0x0000ef810000ef81000055af000055af 

0x3179: bts edx, edi
  rax=0x0000000000000100 rbx=0x0000000000000104 rcx=0x0000000000000000 rdx=0x0000000040002630
  rsi=0xffffffffffffffe7 rdi=0x0000000000001848 flags=0b000000000010
  xmm0=0x00009cce00009cce00008b2000008b20 xmm1=0x00009968000099680000179500001795 
  xmm2=0x0000650b0000650b0000b6270000b627 xmm3=0x00005bf500005bf500002baa00002baa 
  xmm4=0x0000a8df0000a8df000028ea000028ea xmm5=0x00001a5a00001a5a00004ff000004ff0 
  xmm6=0x0000abbf0000abbf0000c0720000c072 xmm7=0x0000ef810000ef81000055af000055af 

0x317c: macro .switch, .main.function_main_1
  rax=0x0000000000000100 rbx=0x0000000000000104 rcx=0x0000000000000000 rdx=0x0000000040002730
  rsi=0xffffffffffffffe7 rdi=0x0000000000001848 flags=0b000000000010
  xmm0=0x00009cce00009cce00008b2000008b20 xmm1=0x00009968000099680000179500001795 
  xmm2=0x0000650b0000650b0000b6270000b627 xmm3=0x00005bf500005bf500002baa00002baa 
  xmm4=0x0000a8df0000a8df000028ea000028ea xmm5=0x00001a5a00001a5a00004ff000004ff0 
  xmm6=0x0000abbf0000abbf0000c0720000c072 xmm7=0x0000ef810000ef81000055af000055af 

0x8 : bt si, cx
  rax=0x0000000000000100 rbx=0x0000000000000104 rcx=0x0000000000000000 rdx=0x0000000040002730
  rsi=0xffffffffffffffe7 rdi=0x0000000000001848 flags=0b000000000010
  xmm0=0x00009cce00009cce00008b2000008b20 xmm1=0x00009968000099680000179500001795 
  xmm2=0x0000650b0000650b0000b6270000b627 xmm3=0x00005bf500005bf500002baa00002baa 
  xmm4=0x0000a8df0000a8df000028ea000028ea xmm5=0x00001a5a00001a5a00004ff000004ff0 
  xmm6=0x0000abbf0000abbf0000c0720000c072 xmm7=0x0000ef810000ef81000055af000055af 

0xc : and rbx, 0b1111111111111
  rax=0x0000000000000100 rbx=0x0000000000000104 rcx=0x0000000000000000 rdx=0x0000000040002730
  rsi=0xffffffffffffffe7 rdi=0x0000000000001848 flags=0b000000000011
  xmm0=0x00009cce00009cce00008b2000008b20 xmm1=0x00009968000099680000179500001795 
  xmm2=0x0000650b0000650b0000b6270000b627 xmm3=0x00005bf500005bf500002baa00002baa 
  xmm4=0x0000a8df0000a8df000028ea000028ea xmm5=0x00001a5a00001a5a00004ff000004ff0 
  xmm6=0x0000abbf0000abbf0000c0720000c072 xmm7=0x0000ef810000ef81000055af000055af 

0x13: mov dl, [r14 +rbx]
  rax=0x0000000000000100 rbx=0x0000000000000104 rcx=0x0000000000000000 rdx=0x0000000040002730
  rsi=0xffffffffffffffe7 rdi=0x0000000000001848 flags=0b000000000010
  xmm0=0x00009cce00009cce00008b2000008b20 xmm1=0x00009968000099680000179500001795 
  xmm2=0x0000650b0000650b0000b6270000b627 xmm3=0x00005bf500005bf500002baa00002baa 
  xmm4=0x0000a8df0000a8df000028ea000028ea xmm5=0x00001a5a00001a5a00004ff000004ff0 
  xmm6=0x0000abbf0000abbf0000c0720000c072 xmm7=0x0000ef810000ef81000055af000055af 

    > load from +0x104 value 0xe5
0x17: and rdx, 0b1111111111111
  rax=0x0000000000000100 rbx=0x0000000000000104 rcx=0x0000000000000000 rdx=0x00000000400027e5
  rsi=0xffffffffffffffe7 rdi=0x0000000000001848 flags=0b000000000010
  xmm0=0x00009cce00009cce00008b2000008b20 xmm1=0x00009968000099680000179500001795 
  xmm2=0x0000650b0000650b0000b6270000b627 xmm3=0x00005bf500005bf500002baa00002baa 
  xmm4=0x0000a8df0000a8df000028ea000028ea xmm5=0x00001a5a00001a5a00004ff000004ff0 
  xmm6=0x0000abbf0000abbf0000c0720000c072 xmm7=0x0000ef810000ef81000055af000055af 

0x1e: mul [r14 +rdx]
  rax=0x0000000000000100 rbx=0x0000000000000104 rcx=0x0000000000000000 rdx=0x00000000000007e5
  rsi=0xffffffffffffffe7 rdi=0x0000000000001848 flags=0b000000000010
  xmm0=0x00009cce00009cce00008b2000008b20 xmm1=0x00009968000099680000179500001795 
  xmm2=0x0000650b0000650b0000b6270000b627 xmm3=0x00005bf500005bf500002baa00002baa 
  xmm4=0x0000a8df0000a8df000028ea000028ea xmm5=0x00001a5a00001a5a00004ff000004ff0 
  xmm6=0x0000abbf0000abbf0000c0720000c072 xmm7=0x0000ef810000ef81000055af000055af 

    > load from +0x7e5 value 0xa7
0x23: and rdx, 0b1111111111111
  rax=0x000000000000a700 rbx=0x0000000000000104 rcx=0x0000000000000000 rdx=0x0000000000000000
  rsi=0xffffffffffffffe7 rdi=0x0000000000001848 flags=0b000010000110
  xmm0=0x00009cce00009cce00008b2000008b20 xmm1=0x00009968000099680000179500001795 
  xmm2=0x0000650b0000650b0000b6270000b627 xmm3=0x00005bf500005bf500002baa00002baa 
  xmm4=0x0000a8df0000a8df000028ea000028ea xmm5=0x00001a5a00001a5a00004ff000004ff0 
  xmm6=0x0000abbf0000abbf0000c0720000c072 xmm7=0x0000ef810000ef81000055af000055af 

0x2a: test [r14 +rdx], al
  rax=0x000000000000a700 rbx=0x0000000000000104 rcx=0x0000000000000000 rdx=0x0000000000000000
  rsi=0xffffffffffffffe7 rdi=0x0000000000001848 flags=0b000001000110
  xmm0=0x00009cce00009cce00008b2000008b20 xmm1=0x00009968000099680000179500001795 
  xmm2=0x0000650b0000650b0000b6270000b627 xmm3=0x00005bf500005bf500002baa00002baa 
  xmm4=0x0000a8df0000a8df000028ea000028ea xmm5=0x00001a5a00001a5a00004ff000004ff0 
  xmm6=0x0000abbf0000abbf0000c0720000c072 xmm7=0x0000ef810000ef81000055af000055af 

    > load from +0x0 value 0x10
0x2e: and rsi, 0b1111111111111
  rax=0x000000000000a700 rbx=0x0000000000000104 rcx=0x0000000000000000 rdx=0x0000000000000000
  rsi=0xffffffffffffffe7 rdi=0x0000000000001848 flags=0b000001000110
  xmm0=0x00009cce00009cce00008b2000008b20 xmm1=0x00009968000099680000179500001795 
  xmm2=0x0000650b0000650b0000b6270000b627 xmm3=0x00005bf500005bf500002baa00002baa 
  xmm4=0x0000a8df0000a8df000028ea000028ea xmm5=0x00001a5a00001a5a00004ff000004ff0 
  xmm6=0x0000abbf0000abbf0000c0720000c072 xmm7=0x0000ef810000ef81000055af000055af 

0x35: and rdi, 0b111
  rax=0x000000000000a700 rbx=0x0000000000000104 rcx=0x0000000000000000 rdx=0x0000000000000000
  rsi=0x0000000000001fe7 rdi=0x0000000000001848 flags=0b000000000110
  xmm0=0x00009cce00009cce00008b2000008b20 xmm1=0x00009968000099680000179500001795 
  xmm2=0x0000650b0000650b0000b6270000b627 xmm3=0x00005bf500005bf500002baa00002baa 
  xmm4=0x0000a8df0000a8df000028ea000028ea xmm5=0x00001a5a00001a5a00004ff000004ff0 
  xmm6=0x0000abbf0000abbf0000c0720000c072 xmm7=0x0000ef810000ef81000055af000055af 

0x39: bt [r14 +rsi], rdi
  rax=0x000000000000a700 rbx=0x0000000000000104 rcx=0x0000000000000000 rdx=0x0000000000000000
  rsi=0x0000000000001fe7 rdi=0x0000000000000000 flags=0b000001000110
  xmm0=0x00009cce00009cce00008b2000008b20 xmm1=0x00009968000099680000179500001795 
  xmm2=0x0000650b0000650b0000b6270000b627 xmm3=0x00005bf500005bf500002baa00002baa 
  xmm4=0x0000a8df0000a8df000028ea000028ea xmm5=0x00001a5a00001a5a00004ff000004ff0 
  xmm6=0x0000abbf0000abbf0000c0720000c072 xmm7=0x0000ef810000ef81000055af000055af 

    > load from +0x1fe7 value 0xed700000ed700
0x3e: and rdi, 0b1111111111111
  rax=0x000000000000a700 rbx=0x0000000000000104 rcx=0x0000000000000000 rdx=0x0000000000000000
  rsi=0x0000000000001fe7 rdi=0x0000000000000000 flags=0b000001000110
  xmm0=0x00009cce00009cce00008b2000008b20 xmm1=0x00009968000099680000179500001795 
  xmm2=0x0000650b0000650b0000b6270000b627 xmm3=0x00005bf500005bf500002baa00002baa 
  xmm4=0x0000a8df0000a8df000028ea000028ea xmm5=0x00001a5a00001a5a00004ff000004ff0 
  xmm6=0x0000abbf0000abbf0000c0720000c072 xmm7=0x0000ef810000ef81000055af000055af 

0x45: cmp bl, [r14 +rdi]
  rax=0x000000000000a700 rbx=0x0000000000000104 rcx=0x0000000000000000 rdx=0x0000000000000000
  rsi=0x0000000000001fe7 rdi=0x0000000000000000 flags=0b000001000110
  xmm0=0x00009cce00009cce00008b2000008b20 xmm1=0x00009968000099680000179500001795 
  xmm2=0x0000650b0000650b0000b6270000b627 xmm3=0x00005bf500005bf500002baa00002baa 
  xmm4=0x0000a8df0000a8df000028ea000028ea xmm5=0x00001a5a00001a5a00004ff000004ff0 
  xmm6=0x0000abbf0000abbf0000c0720000c072 xmm7=0x0000ef810000ef81000055af000055af 

    > load from +0x0 value 0x10
0x49: and rdx, 0b1111111111111
  rax=0x000000000000a700 rbx=0x0000000000000104 rcx=0x0000000000000000 rdx=0x0000000000000000
  rsi=0x0000000000001fe7 rdi=0x0000000000000000 flags=0b000010000011
  xmm0=0x00009cce00009cce00008b2000008b20 xmm1=0x00009968000099680000179500001795 
  xmm2=0x0000650b0000650b0000b6270000b627 xmm3=0x00005bf500005bf500002baa00002baa 
  xmm4=0x0000a8df0000a8df000028ea000028ea xmm5=0x00001a5a00001a5a00004ff000004ff0 
  xmm6=0x0000abbf0000abbf0000c0720000c072 xmm7=0x0000ef810000ef81000055af000055af 

0x50: or [r14 +rdx], 1
  rax=0x000000000000a700 rbx=0x0000000000000104 rcx=0x0000000000000000 rdx=0x0000000000000000
  rsi=0x0000000000001fe7 rdi=0x0000000000000000 flags=0b000001000110
  xmm0=0x00009cce00009cce00008b2000008b20 xmm1=0x00009968000099680000179500001795 
  xmm2=0x0000650b0000650b0000b6270000b627 xmm3=0x00005bf500005bf500002baa00002baa 
  xmm4=0x0000a8df0000a8df000028ea000028ea xmm5=0x00001a5a00001a5a00004ff000004ff0 
  xmm6=0x0000abbf0000abbf0000c0720000c072 xmm7=0x0000ef810000ef81000055af000055af 

    > load from +0x0 value 0x2f10
    > store to +0x0 value 0x2f11
0x55: and rsi, 0b1111111111111
  rax=0x000000000000a700 rbx=0x0000000000000104 rcx=0x0000000000000000 rdx=0x0000000000000000
  rsi=0x0000000000001fe7 rdi=0x0000000000000000 flags=0b000000000110
  xmm0=0x00009cce00009cce00008b2000008b20 xmm1=0x00009968000099680000179500001795 
  xmm2=0x0000650b0000650b0000b6270000b627 xmm3=0x00005bf500005bf500002baa00002baa 
  xmm4=0x0000a8df0000a8df000028ea000028ea xmm5=0x00001a5a00001a5a00004ff000004ff0 
  xmm6=0x0000abbf0000abbf0000c0720000c072 xmm7=0x0000ef810000ef81000055af000055af 

0x5c: mov rax, [r14 +rsi]
  rax=0x000000000000a700 rbx=0x0000000000000104 rcx=0x0000000000000000 rdx=0x0000000000000000
  rsi=0x0000000000001fe7 rdi=0x0000000000000000 flags=0b000000000110
  xmm0=0x00009cce00009cce00008b2000008b20 xmm1=0x00009968000099680000179500001795 
  xmm2=0x0000650b0000650b0000b6270000b627 xmm3=0x00005bf500005bf500002baa00002baa 
  xmm4=0x0000a8df0000a8df000028ea000028ea xmm5=0x00001a5a00001a5a00004ff000004ff0 
  xmm6=0x0000abbf0000abbf0000c0720000c072 xmm7=0x0000ef810000ef81000055af000055af 

    > load from +0x1fe7 value 0xed700000ed700
0x60: and rdx, 0b1111111111111
  rax=0x000ed700000ed700 rbx=0x0000000000000104 rcx=0x0000000000000000 rdx=0x0000000000000000
  rsi=0x0000000000001fe7 rdi=0x0000000000000000 flags=0b000000000110
  xmm0=0x00009cce00009cce00008b2000008b20 xmm1=0x00009968000099680000179500001795 
  xmm2=0x0000650b0000650b0000b6270000b627 xmm3=0x00005bf500005bf500002baa00002baa 
  xmm4=0x0000a8df0000a8df000028ea000028ea xmm5=0x00001a5a00001a5a00004ff000004ff0 
  xmm6=0x0000abbf0000abbf0000c0720000c072 xmm7=0x0000ef810000ef81000055af000055af 

0x67: bt [r14 +rdx], 63
  rax=0x000ed700000ed700 rbx=0x0000000000000104 rcx=0x0000000000000000 rdx=0x0000000000000000
  rsi=0x0000000000001fe7 rdi=0x0000000000000000 flags=0b000001000110
  xmm0=0x00009cce00009cce00008b2000008b20 xmm1=0x00009968000099680000179500001795 
  xmm2=0x0000650b0000650b0000b6270000b627 xmm3=0x00005bf500005bf500002baa00002baa 
  xmm4=0x0000a8df0000a8df000028ea000028ea xmm5=0x00001a5a00001a5a00004ff000004ff0 
  xmm6=0x0000abbf0000abbf0000c0720000c072 xmm7=0x0000ef810000ef81000055af000055af 

    > load from +0x0 value 0x2f11
0x6e: and rdx, 0b1111111111111
  rax=0x000ed700000ed700 rbx=0x0000000000000104 rcx=0x0000000000000000 rdx=0x0000000000000000
  rsi=0x0000000000001fe7 rdi=0x0000000000000000 flags=0b000001000110
  xmm0=0x00009cce00009cce00008b2000008b20 xmm1=0x00009968000099680000179500001795 
  xmm2=0x0000650b0000650b0000b6270000b627 xmm3=0x00005bf500005bf500002baa00002baa 
  xmm4=0x0000a8df0000a8df000028ea000028ea xmm5=0x00001a5a00001a5a00004ff000004ff0 
  xmm6=0x0000abbf0000abbf0000c0720000c072 xmm7=0x0000ef810000ef81000055af000055af 

0x75: or bl, [r14 +rdx]
  rax=0x000ed700000ed700 rbx=0x0000000000000104 rcx=0x0000000000000000 rdx=0x0000000000000000
  rsi=0x0000000000001fe7 rdi=0x0000000000000000 flags=0b000001000110
  xmm0=0x00009cce00009cce00008b2000008b20 xmm1=0x00009968000099680000179500001795 
  xmm2=0x0000650b0000650b0000b6270000b627 xmm3=0x00005bf500005bf500002baa00002baa 
  xmm4=0x0000a8df0000a8df000028ea000028ea xmm5=0x00001a5a00001a5a00004ff000004ff0 
  xmm6=0x0000abbf0000abbf0000c0720000c072 xmm7=0x0000ef810000ef81000055af000055af 

    > load from +0x0 value 0x11
0x79: and rdi, 0b1111111111111
  rax=0x000ed700000ed700 rbx=0x0000000000000115 rcx=0x0000000000000000 rdx=0x0000000000000000
  rsi=0x0000000000001fe7 rdi=0x0000000000000000 flags=0b000000000010
  xmm0=0x00009cce00009cce00008b2000008b20 xmm1=0x00009968000099680000179500001795 
  xmm2=0x0000650b0000650b0000b6270000b627 xmm3=0x00005bf500005bf500002baa00002baa 
  xmm4=0x0000a8df0000a8df000028ea000028ea xmm5=0x00001a5a00001a5a00004ff000004ff0 
  xmm6=0x0000abbf0000abbf0000c0720000c072 xmm7=0x0000ef810000ef81000055af000055af 

0x80: and edi, [r14 +rdi]
  rax=0x000ed700000ed700 rbx=0x0000000000000115 rcx=0x0000000000000000 rdx=0x0000000000000000
  rsi=0x0000000000001fe7 rdi=0x0000000000000000 flags=0b000001000110
  xmm0=0x00009cce00009cce00008b2000008b20 xmm1=0x00009968000099680000179500001795 
  xmm2=0x0000650b0000650b0000b6270000b627 xmm3=0x00005bf500005bf500002baa00002baa 
  xmm4=0x0000a8df0000a8df000028ea000028ea xmm5=0x00001a5a00001a5a00004ff000004ff0 
  xmm6=0x0000abbf0000abbf0000c0720000c072 xmm7=0x0000ef810000ef81000055af000055af 

    > load from +0x0 value 0x2f11
0x84: imul dx, dx
  rax=0x000ed700000ed700 rbx=0x0000000000000115 rcx=0x0000000000000000 rdx=0x0000000000000000
  rsi=0x0000000000001fe7 rdi=0x0000000000000000 flags=0b000001000110
  xmm0=0x00009cce00009cce00008b2000008b20 xmm1=0x00009968000099680000179500001795 
  xmm2=0x0000650b0000650b0000b6270000b627 xmm3=0x00005bf500005bf500002baa00002baa 
  xmm4=0x0000a8df0000a8df000028ea000028ea xmm5=0x00001a5a00001a5a00004ff000004ff0 
  xmm6=0x0000abbf0000abbf0000c0720000c072 xmm7=0x0000ef810000ef81000055af000055af 

0x88: mov rdx, -3540594956425315704
  rax=0x000ed700000ed700 rbx=0x0000000000000115 rcx=0x0000000000000000 rdx=0x0000000000000000
  rsi=0x0000000000001fe7 rdi=0x0000000000000000 flags=0b000001000110
  xmm0=0x00009cce00009cce00008b2000008b20 xmm1=0x00009968000099680000179500001795 
  xmm2=0x0000650b0000650b0000b6270000b627 xmm3=0x00005bf500005bf500002baa00002baa 
  xmm4=0x0000a8df0000a8df000028ea000028ea xmm5=0x00001a5a00001a5a00004ff000004ff0 
  xmm6=0x0000abbf0000abbf0000c0720000c072 xmm7=0x0000ef810000ef81000055af000055af 

0x92: and rdx, 0b1111111111111
  rax=0x000ed700000ed700 rbx=0x0000000000000115 rcx=0x0000000000000000 rdx=0xcedd47a560baba88
  rsi=0x0000000000001fe7 rdi=0x0000000000000000 flags=0b000001000110
  xmm0=0x00009cce00009cce00008b2000008b20 xmm1=0x00009968000099680000179500001795 
  xmm2=0x0000650b0000650b0000b6270000b627 xmm3=0x00005bf500005bf500002baa00002baa 
  xmm4=0x0000a8df0000a8df000028ea000028ea xmm5=0x00001a5a00001a5a00004ff000004ff0 
  xmm6=0x0000abbf0000abbf0000c0720000c072 xmm7=0x0000ef810000ef81000055af000055af 

0x99: or [r14 +rdx], 1
  rax=0x000ed700000ed700 rbx=0x0000000000000115 rcx=0x0000000000000000 rdx=0x0000000000001a88
  rsi=0x0000000000001fe7 rdi=0x0000000000000000 flags=0b000000000110
  xmm0=0x00009cce00009cce00008b2000008b20 xmm1=0x00009968000099680000179500001795 
  xmm2=0x0000650b0000650b0000b6270000b627 xmm3=0x00005bf500005bf500002baa00002baa 
  xmm4=0x0000a8df0000a8df000028ea000028ea xmm5=0x00001a5a00001a5a00004ff000004ff0 
  xmm6=0x0000abbf0000abbf0000c0720000c072 xmm7=0x0000ef810000ef81000055af000055af 

    > load from +0x1a88 value 0x8b74
    > store to +0x1a88 value 0x8b75
0x9f: add sil, -39
  rax=0x000ed700000ed700 rbx=0x0000000000000115 rcx=0x0000000000000000 rdx=0x0000000000001a88
  rsi=0x0000000000001fe7 rdi=0x0000000000000000 flags=0b000010000010
  xmm0=0x00009cce00009cce00008b2000008b20 xmm1=0x00009968000099680000179500001795 
  xmm2=0x0000650b0000650b0000b6270000b627 xmm3=0x00005bf500005bf500002baa00002baa 
  xmm4=0x0000a8df0000a8df000028ea000028ea xmm5=0x00001a5a00001a5a00004ff000004ff0 
  xmm6=0x0000abbf0000abbf0000c0720000c072 xmm7=0x0000ef810000ef81000055af000055af 

0xa3: and rcx, 0b1111111111111
  rax=0x000ed700000ed700 rbx=0x0000000000000115 rcx=0x0000000000000000 rdx=0x0000000000001a88
  rsi=0x0000000000001fc0 rdi=0x0000000000000000 flags=0b000010010111
  xmm0=0x00009cce00009cce00008b2000008b20 xmm1=0x00009968000099680000179500001795 
  xmm2=0x0000650b0000650b0000b6270000b627 xmm3=0x00005bf500005bf500002baa00002baa 
  xmm4=0x0000a8df0000a8df000028ea000028ea xmm5=0x00001a5a00001a5a00004ff000004ff0 
  xmm6=0x0000abbf0000abbf0000c0720000c072 xmm7=0x0000ef810000ef81000055af000055af 

0xaa: cmovp ax, [r14 +rcx]
  rax=0x000ed700000ed700 rbx=0x0000000000000115 rcx=0x0000000000000000 rdx=0x0000000000001a88
  rsi=0x0000000000001fc0 rdi=0x0000000000000000 flags=0b000001000110
  xmm0=0x00009cce00009cce00008b2000008b20 xmm1=0x00009968000099680000179500001795 
  xmm2=0x0000650b0000650b0000b6270000b627 xmm3=0x00005bf500005bf500002baa00002baa 
  xmm4=0x0000a8df0000a8df000028ea000028ea xmm5=0x00001a5a00001a5a00004ff000004ff0 
  xmm6=0x0000abbf0000abbf0000c0720000c072 xmm7=0x0000ef810000ef81000055af000055af 

    > load from +0x0 value 0x2f11
0xb0: and rdi, 0b1111111111111
  rax=0x000ed700000e2f11 rbx=0x0000000000000115 rcx=0x0000000000000000 rdx=0x0000000000001a88
  rsi=0x0000000000001fc0 rdi=0x0000000000000000 flags=0b000001000110
  xmm0=0x00009cce00009cce00008b2000008b20 xmm1=0x00009968000099680000179500001795 
  xmm2=0x0000650b0000650b0000b6270000b627 xmm3=0x00005bf500005bf500002baa00002baa 
  xmm4=0x0000a8df0000a8df000028ea000028ea xmm5=0x00001a5a00001a5a00004ff000004ff0 
  xmm6=0x0000abbf0000abbf0000c0720000c072 xmm7=0x0000ef810000ef81000055af000055af 

0xb7: xor al, [r14 +rdi]
  rax=0x000ed700000e2f11 rbx=0x0000000000000115 rcx=0x0000000000000000 rdx=0x0000000000001a88
  rsi=0x0000000000001fc0 rdi=0x0000000000000000 flags=0b000001000110
  xmm0=0x00009cce00009cce00008b2000008b20 xmm1=0x00009968000099680000179500001795 
  xmm2=0x0000650b0000650b0000b6270000b627 xmm3=0x00005bf500005bf500002baa00002baa 
  xmm4=0x0000a8df0000a8df000028ea000028ea xmm5=0x00001a5a00001a5a00004ff000004ff0 
  xmm6=0x0000abbf0000abbf0000c0720000c072 xmm7=0x0000ef810000ef81000055af000055af 

    > load from +0x0 value 0x11
0xbb: xor ax, 27929
  rax=0x000ed700000e2f00 rbx=0x0000000000000115 rcx=0x0000000000000000 rdx=0x0000000000001a88
  rsi=0x0000000000001fc0 rdi=0x0000000000000000 flags=0b000001000110
  xmm0=0x00009cce00009cce00008b2000008b20 xmm1=0x00009968000099680000179500001795 
  xmm2=0x0000650b0000650b0000b6270000b627 xmm3=0x00005bf500005bf500002baa00002baa 
  xmm4=0x0000a8df0000a8df000028ea000028ea xmm5=0x00001a5a00001a5a00004ff000004ff0 
  xmm6=0x0000abbf0000abbf0000c0720000c072 xmm7=0x0000ef810000ef81000055af000055af 

0xbf: and rdx, 0b1111111111111
  rax=0x000ed700000e4219 rbx=0x0000000000000115 rcx=0x0000000000000000 rdx=0x0000000000001a88
  rsi=0x0000000000001fc0 rdi=0x0000000000000000 flags=0b000000000010
  xmm0=0x00009cce00009cce00008b2000008b20 xmm1=0x00009968000099680000179500001795 
  xmm2=0x0000650b0000650b0000b6270000b627 xmm3=0x00005bf500005bf500002baa00002baa 
  xmm4=0x0000a8df0000a8df000028ea000028ea xmm5=0x00001a5a00001a5a00004ff000004ff0 
  xmm6=0x0000abbf0000abbf0000c0720000c072 xmm7=0x0000ef810000ef81000055af000055af 

0xc6: nop [r14 +rdx]
  rax=0x000ed700000e4219 rbx=0x0000000000000115 rcx=0x0000000000000000 rdx=0x0000000000001a88
  rsi=0x0000000000001fc0 rdi=0x0000000000000000 flags=0b000000000110
  xmm0=0x00009cce00009cce00008b2000008b20 xmm1=0x00009968000099680000179500001795 
  xmm2=0x0000650b0000650b0000b6270000b627 xmm3=0x00005bf500005bf500002baa00002baa 
  xmm4=0x0000a8df0000a8df000028ea000028ea xmm5=0x00001a5a00001a5a00004ff000004ff0 
  xmm6=0x0000abbf0000abbf0000c0720000c072 xmm7=0x0000ef810000ef81000055af000055af 

0xcb: xadd al, al
  rax=0x000ed700000e4219 rbx=0x0000000000000115 rcx=0x0000000000000000 rdx=0x0000000000001a88
  rsi=0x0000000000001fc0 rdi=0x0000000000000000 flags=0b000000000110
  xmm0=0x00009cce00009cce00008b2000008b20 xmm1=0x00009968000099680000179500001795 
  xmm2=0x0000650b0000650b0000b6270000b627 xmm3=0x00005bf500005bf500002baa00002baa 
  xmm4=0x0000a8df0000a8df000028ea000028ea xmm5=0x00001a5a00001a5a00004ff000004ff0 
  xmm6=0x0000abbf0000abbf0000c0720000c072 xmm7=0x0000ef810000ef81000055af000055af 

0xce: and rax, 0b1111111111111
  rax=0x000ed700000e4232 rbx=0x0000000000000115 rcx=0x0000000000000000 rdx=0x0000000000001a88
  rsi=0x0000000000001fc0 rdi=0x0000000000000000 flags=0b000000010010
  xmm0=0x00009cce00009cce00008b2000008b20 xmm1=0x00009968000099680000179500001795 
  xmm2=0x0000650b0000650b0000b6270000b627 xmm3=0x00005bf500005bf500002baa00002baa 
  xmm4=0x0000a8df0000a8df000028ea000028ea xmm5=0x00001a5a00001a5a00004ff000004ff0 
  xmm6=0x0000abbf0000abbf0000c0720000c072 xmm7=0x0000ef810000ef81000055af000055af 

0xd4: or sil, [r14 +rax]
  rax=0x0000000000000232 rbx=0x0000000000000115 rcx=0x0000000000000000 rdx=0x0000000000001a88
  rsi=0x0000000000001fc0 rdi=0x0000000000000000 flags=0b000000000010
  xmm0=0x00009cce00009cce00008b2000008b20 xmm1=0x00009968000099680000179500001795 
  xmm2=0x0000650b0000650b0000b6270000b627 xmm3=0x00005bf500005bf500002baa00002baa 
  xmm4=0x0000a8df0000a8df000028ea000028ea xmm5=0x00001a5a00001a5a00004ff000004ff0 
  xmm6=0x0000abbf0000abbf0000c0720000c072 xmm7=0x0000ef810000ef81000055af000055af 

    > load from +0x232 value 0x0
0xd8: and rsi, 0b1111111111111
  rax=0x0000000000000232 rbx=0x0000000000000115 rcx=0x0000000000000000 rdx=0x0000000000001a88
  rsi=0x0000000000001fc0 rdi=0x0000000000000000 flags=0b000010000110
  xmm0=0x00009cce00009cce00008b2000008b20 xmm1=0x00009968000099680000179500001795 
  xmm2=0x0000650b0000650b0000b6270000b627 xmm3=0x00005bf500005bf500002baa00002baa 
  xmm4=0x0000a8df0000a8df000028ea000028ea xmm5=0x00001a5a00001a5a00004ff000004ff0 
  xmm6=0x0000abbf0000abbf0000c0720000c072 xmm7=0x0000ef810000ef81000055af000055af 

0xdf: test [r14 +rsi], edx
  rax=0x0000000000000232 rbx=0x0000000000000115 rcx=0x0000000000000000 rdx=0x0000000000001a88
  rsi=0x0000000000001fc0 rdi=0x0000000000000000 flags=0b000000000110
  xmm0=0x00009cce00009cce00008b2000008b20 xmm1=0x00009968000099680000179500001795 
  xmm2=0x0000650b0000650b0000b6270000b627 xmm3=0x00005bf500005bf500002baa00002baa 
  xmm4=0x0000a8df0000a8df000028ea000028ea xmm5=0x00001a5a00001a5a00004ff000004ff0 
  xmm6=0x0000abbf0000abbf0000c0720000c072 xmm7=0x0000ef810000ef81000055af000055af 

    > load from +0x1fc0 value 0xa5a4
0xe3: and rdi, 0b1111111111111
  rax=0x0000000000000232 rbx=0x0000000000000115 rcx=0x0000000000000000 rdx=0x0000000000001a88
  rsi=0x0000000000001fc0 rdi=0x0000000000000000 flags=0b000000000010
  xmm0=0x00009cce00009cce00008b2000008b20 xmm1=0x00009968000099680000179500001795 
  xmm2=0x0000650b0000650b0000b6270000b627 xmm3=0x00005bf500005bf500002baa00002baa 
  xmm4=0x0000a8df0000a8df000028ea000028ea xmm5=0x00001a5a00001a5a00004ff000004ff0 
  xmm6=0x0000abbf0000abbf0000c0720000c072 xmm7=0x0000ef810000ef81000055af000055af 

0xea: adc bl, [r14 +rdi]
  rax=0x0000000000000232 rbx=0x0000000000000115 rcx=0x0000000000000000 rdx=0x0000000000001a88
  rsi=0x0000000000001fc0 rdi=0x0000000000000000 flags=0b000001000110
  xmm0=0x00009cce00009cce00008b2000008b20 xmm1=0x00009968000099680000179500001795 
  xmm2=0x0000650b0000650b0000b6270000b627 xmm3=0x00005bf500005bf500002baa00002baa 
  xmm4=0x0000a8df0000a8df000028ea000028ea xmm5=0x00001a5a00001a5a00004ff000004ff0 
  xmm6=0x0000abbf0000abbf0000c0720000c072 xmm7=0x0000ef810000ef81000055af000055af 

    > load from +0x0 value 0x11
0xee: and rcx, 0b1111111111111
  rax=0x0000000000000232 rbx=0x0000000000000126 rcx=0x0000000000000000 rdx=0x0000000000001a88
  rsi=0x0000000000001fc0 rdi=0x0000000000000000 flags=0b000000000010
  xmm0=0x00009cce00009cce00008b2000008b20 xmm1=0x00009968000099680000179500001795 
  xmm2=0x0000650b0000650b0000b6270000b627 xmm3=0x00005bf500005bf500002baa00002baa 
  xmm4=0x0000a8df0000a8df000028ea000028ea xmm5=0x00001a5a00001a5a00004ff000004ff0 
  xmm6=0x0000abbf0000abbf0000c0720000c072 xmm7=0x0000ef810000ef81000055af000055af 

0xf5: cmovbe rbx, [r14 +rcx]
  rax=0x0000000000000232 rbx=0x0000000000000126 rcx=0x0000000000000000 rdx=0x0000000000001a88
  rsi=0x0000000000001fc0 rdi=0x0000000000000000 flags=0b000001000110
  xmm0=0x00009cce00009cce00008b2000008b20 xmm1=0x00009968000099680000179500001795 
  xmm2=0x0000650b0000650b0000b6270000b627 xmm3=0x00005bf500005bf500002baa00002baa 
  xmm4=0x0000a8df0000a8df000028ea000028ea xmm5=0x00001a5a00001a5a00004ff000004ff0 
  xmm6=0x0000abbf0000abbf0000c0720000c072 xmm7=0x0000ef810000ef81000055af000055af 

    > load from +0x0 value 0x2f1000002f11
0xfa: and rcx, 0b1111111111111
  rax=0x0000000000000232 rbx=0x00002f1000002f11 rcx=0x0000000000000000 rdx=0x0000000000001a88
  rsi=0x0000000000001fc0 rdi=0x0000000000000000 flags=0b000001000110
  xmm0=0x00009cce00009cce00008b2000008b20 xmm1=0x00009968000099680000179500001795 
  xmm2=0x0000650b0000650b0000b6270000b627 xmm3=0x00005bf500005bf500002baa00002baa 
  xmm4=0x0000a8df0000a8df000028ea000028ea xmm5=0x00001a5a00001a5a00004ff000004ff0 
  xmm6=0x0000abbf0000abbf0000c0720000c072 xmm7=0x0000ef810000ef81000055af000055af 

0x101: cmovnl edx, [r14 +rcx]
  rax=0x0000000000000232 rbx=0x00002f1000002f11 rcx=0x0000000000000000 rdx=0x0000000000001a88
  rsi=0x0000000000001fc0 rdi=0x0000000000000000 flags=0b000001000110
  xmm0=0x00009cce00009cce00008b2000008b20 xmm1=0x00009968000099680000179500001795 
  xmm2=0x0000650b0000650b0000b6270000b627 xmm3=0x00005bf500005bf500002baa00002baa 
  xmm4=0x0000a8df0000a8df000028ea000028ea xmm5=0x00001a5a00001a5a00004ff000004ff0 
  xmm6=0x0000abbf0000abbf0000c0720000c072 xmm7=0x0000ef810000ef81000055af000055af 

    > load from +0x0 value 0x2f11
0x106: and rdx, 0b1111111111111
  rax=0x0000000000000232 rbx=0x00002f1000002f11 rcx=0x0000000000000000 rdx=0x0000000000002f11
  rsi=0x0000000000001fc0 rdi=0x0000000000000000 flags=0b000001000110
  xmm0=0x00009cce00009cce00008b2000008b20 xmm1=0x00009968000099680000179500001795 
  xmm2=0x0000650b0000650b0000b6270000b627 xmm3=0x00005bf500005bf500002baa00002baa 
  xmm4=0x0000a8df0000a8df000028ea000028ea xmm5=0x00001a5a00001a5a00004ff000004ff0 
  xmm6=0x0000abbf0000abbf0000c0720000c072 xmm7=0x0000ef810000ef81000055af000055af 

0x10d: imul si, [r14 +rdx]
  rax=0x0000000000000232 rbx=0x00002f1000002f11 rcx=0x0000000000000000 rdx=0x0000000000000f11
  rsi=0x0000000000001fc0 rdi=0x0000000000000000 flags=0b000000000110
  xmm0=0x00009cce00009cce00008b2000008b20 xmm1=0x00009968000099680000179500001795 
  xmm2=0x0000650b0000650b0000b6270000b627 xmm3=0x00005bf500005bf500002baa00002baa 
  xmm4=0x0000a8df0000a8df000028ea000028ea xmm5=0x00001a5a00001a5a00004ff000004ff0 
  xmm6=0x0000abbf0000abbf0000c0720000c072 xmm7=0x0000ef810000ef81000055af000055af 

    > load from +0xf11 value 0x1
0x113: add dil, -118
  rax=0x0000000000000232 rbx=0x00002f1000002f11 rcx=0x0000000000000000 rdx=0x0000000000000f11
  rsi=0x0000000000001fc0 rdi=0x0000000000000000 flags=0b000000000110
  xmm0=0x00009cce00009cce00008b2000008b20 xmm1=0x00009968000099680000179500001795 
  xmm2=0x0000650b0000650b0000b6270000b627 xmm3=0x00005bf500005bf500002baa00002baa 
  xmm4=0x0000a8df0000a8df000028ea000028ea xmm5=0x00001a5a00001a5a00004ff000004ff0 
  xmm6=0x0000abbf0000abbf0000c0720000c072 xmm7=0x0000ef810000ef81000055af000055af 

0x117: and rdx, 0b1111111111111
  rax=0x0000000000000232 rbx=0x00002f1000002f11 rcx=0x0000000000000000 rdx=0x0000000000000f11
  rsi=0x0000000000001fc0 rdi=0x000000000000008a flags=0b000010000010
  xmm0=0x00009cce00009cce00008b2000008b20 xmm1=0x00009968000099680000179500001795 
  xmm2=0x0000650b0000650b0000b6270000b627 xmm3=0x00005bf500005bf500002baa00002baa 
  xmm4=0x0000a8df0000a8df000028ea000028ea xmm5=0x00001a5a00001a5a00004ff000004ff0 
  xmm6=0x0000abbf0000abbf0000c0720000c072 xmm7=0x0000ef810000ef81000055af000055af 

0x11e: cmovle di, [r14 +rdx]
  rax=0x0000000000000232 rbx=0x00002f1000002f11 rcx=0x0000000000000000 rdx=0x0000000000000f11
  rsi=0x0000000000001fc0 rdi=0x000000000000008a flags=0b000000000110
  xmm0=0x00009cce00009cce00008b2000008b20 xmm1=0x00009968000099680000179500001795 
  xmm2=0x0000650b0000650b0000b6270000b627 xmm3=0x00005bf500005bf500002baa00002baa 
  xmm4=0x0000a8df0000a8df000028ea000028ea xmm5=0x00001a5a00001a5a00004ff000004ff0 
  xmm6=0x0000abbf0000abbf0000c0720000c072 xmm7=0x0000ef810000ef81000055af000055af 

    > load from +0xf11 value 0x1
0x124: and rax, 0b1111111111111
  rax=0x0000000000000232 rbx=0x00002f1000002f11 rcx=0x0000000000000000 rdx=0x0000000000000f11
  rsi=0x0000000000001fc0 rdi=0x000000000000008a flags=0b000000000110
  xmm0=0x00009cce00009cce00008b2000008b20 xmm1=0x00009968000099680000179500001795 
  xmm2=0x0000650b0000650b0000b6270000b627 xmm3=0x00005bf500005bf500002baa00002baa 
  xmm4=0x0000a8df0000a8df000028ea000028ea xmm5=0x00001a5a00001a5a00004ff000004ff0 
  xmm6=0x0000abbf0000abbf0000c0720000c072 xmm7=0x0000ef810000ef81000055af000055af 

0x12a: test [r14 +rax], 114
  rax=0x0000000000000232 rbx=0x00002f1000002f11 rcx=0x0000000000000000 rdx=0x0000000000000f11
  rsi=0x0000000000001fc0 rdi=0x000000000000008a flags=0b000000000010
  xmm0=0x00009cce00009cce00008b2000008b20 xmm1=0x00009968000099680000179500001795 
  xmm2=0x0000650b0000650b0000b6270000b627 xmm3=0x00005bf500005bf500002baa00002baa 
  xmm4=0x0000a8df0000a8df000028ea000028ea xmm5=0x00001a5a00001a5a00004ff000004ff0 
  xmm6=0x0000abbf0000abbf0000c0720000c072 xmm7=0x0000ef810000ef81000055af000055af 

    > load from +0x232 value 0x0
0x12f: and rbx, 0b1111111111111
  rax=0x0000000000000232 rbx=0x00002f1000002f11 rcx=0x0000000000000000 rdx=0x0000000000000f11
  rsi=0x0000000000001fc0 rdi=0x000000000000008a flags=0b000001000110
  xmm0=0x00009cce00009cce00008b2000008b20 xmm1=0x00009968000099680000179500001795 
  xmm2=0x0000650b0000650b0000b6270000b627 xmm3=0x00005bf500005bf500002baa00002baa 
  xmm4=0x0000a8df0000a8df000028ea000028ea xmm5=0x00001a5a00001a5a00004ff000004ff0 
  xmm6=0x0000abbf0000abbf0000c0720000c072 xmm7=0x0000ef810000ef81000055af000055af 

0x136: cmovnp rcx, [r14 +rbx]
  rax=0x0000000000000232 rbx=0x0000000000000f11 rcx=0x0000000000000000 rdx=0x0000000000000f11
  rsi=0x0000000000001fc0 rdi=0x000000000000008a flags=0b000000000110
  xmm0=0x00009cce00009cce00008b2000008b20 xmm1=0x00009968000099680000179500001795 
  xmm2=0x0000650b0000650b0000b6270000b627 xmm3=0x00005bf500005bf500002baa00002baa 
  xmm4=0x0000a8df0000a8df000028ea000028ea xmm5=0x00001a5a00001a5a00004ff000004ff0 
  xmm6=0x0000abbf0000abbf0000c0720000c072 xmm7=0x0000ef810000ef81000055af000055af 

    > load from +0xf11 value 0xd500000120000001
0x13b: and rbx, 0b1111111111111
  rax=0x0000000000000232 rbx=0x0000000000000f11 rcx=0x0000000000000000 rdx=0x0000000000000f11
  rsi=0x0000000000001fc0 rdi=0x000000000000008a flags=0b000000000110
  xmm0=0x00009cce00009cce00008b2000008b20 xmm1=0x00009968000099680000179500001795 
  xmm2=0x0000650b0000650b0000b6270000b627 xmm3=0x00005bf500005bf500002baa00002baa 
  xmm4=0x0000a8df0000a8df000028ea000028ea xmm5=0x00001a5a00001a5a00004ff000004ff0 
  xmm6=0x0000abbf0000abbf0000c0720000c072 xmm7=0x0000ef810000ef81000055af000055af 

0x142: sub eax, [r14 +rbx]
  rax=0x0000000000000232 rbx=0x0000000000000f11 rcx=0x0000000000000000 rdx=0x0000000000000f11
  rsi=0x0000000000001fc0 rdi=0x000000000000008a flags=0b000000000110
  xmm0=0x00009cce00009cce00008b2000008b20 xmm1=0x00009968000099680000179500001795 
  xmm2=0x0000650b0000650b0000b6270000b627 xmm3=0x00005bf500005bf500002baa00002baa 
  xmm4=0x0000a8df0000a8df000028ea000028ea xmm5=0x00001a5a00001a5a00004ff000004ff0 
  xmm6=0x0000abbf0000abbf0000c0720000c072 xmm7=0x0000ef810000ef81000055af000055af 

    > load from +0xf11 value 0x20000001
0x146: and rcx, 0b1111111111111
  rax=0x00000000e0000231 rbx=0x0000000000000f11 rcx=0x0000000000000000 rdx=0x0000000000000f11
  rsi=0x0000000000001fc0 rdi=0x000000000000008a flags=0b000010000011
  xmm0=0x00009cce00009cce00008b2000008b20 xmm1=0x00009968000099680000179500001795 
  xmm2=0x0000650b0000650b0000b6270000b627 xmm3=0x00005bf500005bf500002baa00002baa 
  xmm4=0x0000a8df0000a8df000028ea000028ea xmm5=0x00001a5a00001a5a00004ff000004ff0 
  xmm6=0x0000abbf0000abbf0000c0720000c072 xmm7=0x0000ef810000ef81000055af000055af 

0x14d: cmovl si, [r14 +rcx]
  rax=0x00000000e0000231 rbx=0x0000000000000f11 rcx=0x0000000000000000 rdx=0x0000000000000f11
  rsi=0x0000000000001fc0 rdi=0x000000000000008a flags=0b000001000110
  xmm0=0x00009cce00009cce00008b2000008b20 xmm1=0x00009968000099680000179500001795 
  xmm2=0x0000650b0000650b0000b6270000b627 xmm3=0x00005bf500005bf500002baa00002baa 
  xmm4=0x0000a8df0000a8df000028ea000028ea xmm5=0x00001a5a00001a5a00004ff000004ff0 
  xmm6=0x0000abbf0000abbf0000c0720000c072 xmm7=0x0000ef810000ef81000055af000055af 

    > load from +0x0 value 0x2f11
0x153: and rbx, 0b1111111111111
  rax=0x00000000e0000231 rbx=0x0000000000000f11 rcx=0x0000000000000000 rdx=0x0000000000000f11
  rsi=0x0000000000001fc0 rdi=0x000000000000008a flags=0b000001000110
  xmm0=0x00009cce00009cce00008b2000008b20 xmm1=0x00009968000099680000179500001795 
  xmm2=0x0000650b0000650b0000b6270000b627 xmm3=0x00005bf500005bf500002baa00002baa 
  xmm4=0x0000a8df0000a8df000028ea000028ea xmm5=0x00001a5a00001a5a00004ff000004ff0 
  xmm6=0x0000abbf0000abbf0000c0720000c072 xmm7=0x0000ef810000ef81000055af000055af 

0x15a: cmovnz ax, [r14 +rbx]
  rax=0x00000000e0000231 rbx=0x0000000000000f11 rcx=0x0000000000000000 rdx=0x0000000000000f11
  rsi=0x0000000000001fc0 rdi=0x000000000000008a flags=0b000000000110
  xmm0=0x00009cce00009cce00008b2000008b20 xmm1=0x00009968000099680000179500001795 
  xmm2=0x0000650b0000650b0000b6270000b627 xmm3=0x00005bf500005bf500002baa00002baa 
  xmm4=0x0000a8df0000a8df000028ea000028ea xmm5=0x00001a5a00001a5a00004ff000004ff0 
  xmm6=0x0000abbf0000abbf0000c0720000c072 xmm7=0x0000ef810000ef81000055af000055af 

    > load from +0xf11 value 0x1
0x160: and rax, 0b1111111111111
  rax=0x00000000e0000001 rbx=0x0000000000000f11 rcx=0x0000000000000000 rdx=0x0000000000000f11
  rsi=0x0000000000001fc0 rdi=0x000000000000008a flags=0b000000000110
  xmm0=0x00009cce00009cce00008b2000008b20 xmm1=0x00009968000099680000179500001795 
  xmm2=0x0000650b0000650b0000b6270000b627 xmm3=0x00005bf500005bf500002baa00002baa 
  xmm4=0x0000a8df0000a8df000028ea000028ea xmm5=0x00001a5a00001a5a00004ff000004ff0 
  xmm6=0x0000abbf0000abbf0000c0720000c072 xmm7=0x0000ef810000ef81000055af000055af 

0x166: imul [r14 +rax]
  rax=0x0000000000000001 rbx=0x0000000000000f11 rcx=0x0000000000000000 rdx=0x0000000000000f11
  rsi=0x0000000000001fc0 rdi=0x000000000000008a flags=0b000000000010
  xmm0=0x00009cce00009cce00008b2000008b20 xmm1=0x00009968000099680000179500001795 
  xmm2=0x0000650b0000650b0000b6270000b627 xmm3=0x00005bf500005bf500002baa00002baa 
  xmm4=0x0000a8df0000a8df000028ea000028ea xmm5=0x00001a5a00001a5a00004ff000004ff0 
  xmm6=0x0000abbf0000abbf0000c0720000c072 xmm7=0x0000ef810000ef81000055af000055af 

    > load from +0x1 value 0x2f
0x16b: sub dx, ax
  rax=0x000000000000002f rbx=0x0000000000000f11 rcx=0x0000000000000000 rdx=0x0000000000000000
  rsi=0x0000000000001fc0 rdi=0x000000000000008a flags=0b000000000010
  xmm0=0x00009cce00009cce00008b2000008b20 xmm1=0x00009968000099680000179500001795 
  xmm2=0x0000650b0000650b0000b6270000b627 xmm3=0x00005bf500005bf500002baa00002baa 
  xmm4=0x0000a8df0000a8df000028ea000028ea xmm5=0x00001a5a00001a5a00004ff000004ff0 
  xmm6=0x0000abbf0000abbf0000c0720000c072 xmm7=0x0000ef810000ef81000055af000055af 

0x16e: and rdx, 0b1111111111111
  rax=0x000000000000002f rbx=0x0000000000000f11 rcx=0x0000000000000000 rdx=0x000000000000ffd1
  rsi=0x0000000000001fc0 rdi=0x000000000000008a flags=0b000010010111
  xmm0=0x00009cce00009cce00008b2000008b20 xmm1=0x00009968000099680000179500001795 
  xmm2=0x0000650b0000650b0000b6270000b627 xmm3=0x00005bf500005bf500002baa00002baa 
  xmm4=0x0000a8df0000a8df000028ea000028ea xmm5=0x00001a5a00001a5a00004ff000004ff0 
  xmm6=0x0000abbf0000abbf0000c0720000c072 xmm7=0x0000ef810000ef81000055af000055af 

0x175: cmovo rcx, [r14 +rdx]
  rax=0x000000000000002f rbx=0x0000000000000f11 rcx=0x0000000000000000 rdx=0x0000000000001fd1
  rsi=0x0000000000001fc0 rdi=0x000000000000008a flags=0b000000000110
  xmm0=0x00009cce00009cce00008b2000008b20 xmm1=0x00009968000099680000179500001795 
  xmm2=0x0000650b0000650b0000b6270000b627 xmm3=0x00005bf500005bf500002baa00002baa 
  xmm4=0x0000a8df0000a8df000028ea000028ea xmm5=0x00001a5a00001a5a00004ff000004ff0 
  xmm6=0x0000abbf0000abbf0000c0720000c072 xmm7=0x0000ef810000ef81000055af000055af 

    > load from +0x1fd1 value 0xdf000025c7000025
0x17a: and rdx, 0b1111111111111
  rax=0x000000000000002f rbx=0x0000000000000f11 rcx=0x0000000000000000 rdx=0x0000000000001fd1
  rsi=0x0000000000001fc0 rdi=0x000000000000008a flags=0b000000000110
  xmm0=0x00009cce00009cce00008b2000008b20 xmm1=0x00009968000099680000179500001795 
  xmm2=0x0000650b0000650b0000b6270000b627 xmm3=0x00005bf500005bf500002baa00002baa 
  xmm4=0x0000a8df0000a8df000028ea000028ea xmm5=0x00001a5a00001a5a00004ff000004ff0 
  xmm6=0x0000abbf0000abbf0000c0720000c072 xmm7=0x0000ef810000ef81000055af000055af 

0x181: cmp [r14 +rdx], 28
  rax=0x000000000000002f rbx=0x0000000000000f11 rcx=0x0000000000000000 rdx=0x0000000000001fd1
  rsi=0x0000000000001fc0 rdi=0x000000000000008a flags=0b000000000110
  xmm0=0x00009cce00009cce00008b2000008b20 xmm1=0x00009968000099680000179500001795 
  xmm2=0x0000650b0000650b0000b6270000b627 xmm3=0x00005bf500005bf500002baa00002baa 
  xmm4=0x0000a8df0000a8df000028ea000028ea xmm5=0x00001a5a00001a5a00004ff000004ff0 
  xmm6=0x0000abbf0000abbf0000c0720000c072 xmm7=0x0000ef810000ef81000055af000055af 

    > load from +0x1fd1 value 0xc7000025
0x186: xchg rsi, rax
  rax=0x000000000000002f rbx=0x0000000000000f11 rcx=0x0000000000000000 rdx=0x0000000000001fd1
  rsi=0x0000000000001fc0 rdi=0x000000000000008a flags=0b000010010110
  xmm0=0x00009cce00009cce00008b2000008b20 xmm1=0x00009968000099680000179500001795 
  xmm2=0x0000650b0000650b0000b6270000b627 xmm3=0x00005bf500005bf500002baa00002baa 
  xmm4=0x0000a8df0000a8df000028ea000028ea xmm5=0x00001a5a00001a5a00004ff000004ff0 
  xmm6=0x0000abbf0000abbf0000c0720000c072 xmm7=0x0000ef810000ef81000055af000055af 

0x188: and rax, 0b1111111111111
  rax=0x0000000000001fc0 rbx=0x0000000000000f11 rcx=0x0000000000000000 rdx=0x0000000000001fd1
  rsi=0x000000000000002f rdi=0x000000000000008a flags=0b000010010110
  xmm0=0x00009cce00009cce00008b2000008b20 xmm1=0x00009968000099680000179500001795 
  xmm2=0x0000650b0000650b0000b6270000b627 xmm3=0x00005bf500005bf500002baa00002baa 
  xmm4=0x0000a8df0000a8df000028ea000028ea xmm5=0x00001a5a00001a5a00004ff000004ff0 
  xmm6=0x0000abbf0000abbf0000c0720000c072 xmm7=0x0000ef810000ef81000055af000055af 

0x18e: sub dl, [r14 +rax]
  rax=0x0000000000001fc0 rbx=0x0000000000000f11 rcx=0x0000000000000000 rdx=0x0000000000001fd1
  rsi=0x000000000000002f rdi=0x000000000000008a flags=0b000000000110
  xmm0=0x00009cce00009cce00008b2000008b20 xmm1=0x00009968000099680000179500001795 
  xmm2=0x0000650b0000650b0000b6270000b627 xmm3=0x00005bf500005bf500002baa00002baa 
  xmm4=0x0000a8df0000a8df000028ea000028ea xmm5=0x00001a5a00001a5a00004ff000004ff0 
  xmm6=0x0000abbf0000abbf0000c0720000c072 xmm7=0x0000ef810000ef81000055af000055af 

    > load from +0x1fc0 value 0xa4
0x192: cmovnle rsi, rdi
  rax=0x0000000000001fc0 rbx=0x0000000000000f11 rcx=0x0000000000000000 rdx=0x0000000000001f2d
  rsi=0x000000000000002f rdi=0x000000000000008a flags=0b000000010110
  xmm0=0x00009cce00009cce00008b2000008b20 xmm1=0x00009968000099680000179500001795 
  xmm2=0x0000650b0000650b0000b6270000b627 xmm3=0x00005bf500005bf500002baa00002baa 
  xmm4=0x0000a8df0000a8df000028ea000028ea xmm5=0x00001a5a00001a5a00004ff000004ff0 
  xmm6=0x0000abbf0000abbf0000c0720000c072 xmm7=0x0000ef810000ef81000055af000055af 

0x196: and rbx, 0b1111111111111
  rax=0x0000000000001fc0 rbx=0x0000000000000f11 rcx=0x0000000000000000 rdx=0x0000000000001f2d
  rsi=0x000000000000008a rdi=0x000000000000008a flags=0b000000010110
  xmm0=0x00009cce00009cce00008b2000008b20 xmm1=0x00009968000099680000179500001795 
  xmm2=0x0000650b0000650b0000b6270000b627 xmm3=0x00005bf500005bf500002baa00002baa 
  xmm4=0x0000a8df0000a8df000028ea000028ea xmm5=0x00001a5a00001a5a00004ff000004ff0 
  xmm6=0x0000abbf0000abbf0000c0720000c072 xmm7=0x0000ef810000ef81000055af000055af 

0x19d: or [r14 +rbx], 1
  rax=0x0000000000001fc0 rbx=0x0000000000000f11 rcx=0x0000000000000000 rdx=0x0000000000001f2d
  rsi=0x000000000000008a rdi=0x000000000000008a flags=0b000000000110
  xmm0=0x00009cce00009cce00008b2000008b20 xmm1=0x00009968000099680000179500001795 
  xmm2=0x0000650b0000650b0000b6270000b627 xmm3=0x00005bf500005bf500002baa00002baa 
  xmm4=0x0000a8df0000a8df000028ea000028ea xmm5=0x00001a5a00001a5a00004ff000004ff0 
  xmm6=0x0000abbf0000abbf0000c0720000c072 xmm7=0x0000ef810000ef81000055af000055af 

    > load from +0xf11 value 0x1
    > store to +0xf11 value 0x1
0x1a3: and dx, [r14 +rbx]
  rax=0x0000000000001fc0 rbx=0x0000000000000f11 rcx=0x0000000000000000 rdx=0x0000000000001f2d
  rsi=0x000000000000008a rdi=0x000000000000008a flags=0b000000000010
  xmm0=0x00009cce00009cce00008b2000008b20 xmm1=0x00009968000099680000179500001795 
  xmm2=0x0000650b0000650b0000b6270000b627 xmm3=0x00005bf500005bf500002baa00002baa 
  xmm4=0x0000a8df0000a8df000028ea000028ea xmm5=0x00001a5a00001a5a00004ff000004ff0 
  xmm6=0x0000abbf0000abbf0000c0720000c072 xmm7=0x0000ef810000ef81000055af000055af 

    > load from +0xf11 value 0x1
0x1a8: shr dx, 1
  rax=0x0000000000001fc0 rbx=0x0000000000000f11 rcx=0x0000000000000000 rdx=0x0000000000000001
  rsi=0x000000000000008a rdi=0x000000000000008a flags=0b000000000010
  xmm0=0x00009cce00009cce00008b2000008b20 xmm1=0x00009968000099680000179500001795 
  xmm2=0x0000650b0000650b0000b6270000b627 xmm3=0x00005bf500005bf500002baa00002baa 
  xmm4=0x0000a8df0000a8df000028ea000028ea xmm5=0x00001a5a00001a5a00004ff000004ff0 
  xmm6=0x0000abbf0000abbf0000c0720000c072 xmm7=0x0000ef810000ef81000055af000055af 

0x1ab: div [r14 +rbx]
  rax=0x0000000000001fc0 rbx=0x0000000000000f11 rcx=0x0000000000000000 rdx=0x0000000000000000
  rsi=0x000000000000008a rdi=0x000000000000008a flags=0b000001000111
  xmm0=0x00009cce00009cce00008b2000008b20 xmm1=0x00009968000099680000179500001795 
  xmm2=0x0000650b0000650b0000b6270000b627 xmm3=0x00005bf500005bf500002baa00002baa 
  xmm4=0x0000a8df0000a8df000028ea000028ea xmm5=0x00001a5a00001a5a00004ff000004ff0 
  xmm6=0x0000abbf0000abbf0000c0720000c072 xmm7=0x0000ef810000ef81000055af000055af 

    > load from +0xf11 value 0x1
0x1b0: mul cl
  rax=0x0000000000001fc0 rbx=0x0000000000000f11 rcx=0x0000000000000000 rdx=0x0000000000000000
  rsi=0x000000000000008a rdi=0x000000000000008a flags=0b000001000111
  xmm0=0x00009cce00009cce00008b2000008b20 xmm1=0x00009968000099680000179500001795 
  xmm2=0x0000650b0000650b0000b6270000b627 xmm3=0x00005bf500005bf500002baa00002baa 
  xmm4=0x0000a8df0000a8df000028ea000028ea xmm5=0x00001a5a00001a5a00004ff000004ff0 
  xmm6=0x0000abbf0000abbf0000c0720000c072 xmm7=0x0000ef810000ef81000055af000055af 

0x1b2: dec dx
  rax=0x0000000000000000 rbx=0x0000000000000f11 rcx=0x0000000000000000 rdx=0x0000000000000000
  rsi=0x000000000000008a rdi=0x000000000000008a flags=0b000001000110
  xmm0=0x00009cce00009cce00008b2000008b20 xmm1=0x00009968000099680000179500001795 
  xmm2=0x0000650b0000650b0000b6270000b627 xmm3=0x00005bf500005bf500002baa00002baa 
  xmm4=0x0000a8df0000a8df000028ea000028ea xmm5=0x00001a5a00001a5a00004ff000004ff0 
  xmm6=0x0000abbf0000abbf0000c0720000c072 xmm7=0x0000ef810000ef81000055af000055af 

0x1b5: not cx
  rax=0x0000000000000000 rbx=0x0000000000000f11 rcx=0x0000000000000000 rdx=0x000000000000ffff
  rsi=0x000000000000008a rdi=0x000000000000008a flags=0b000010010110
  xmm0=0x00009cce00009cce00008b2000008b20 xmm1=0x00009968000099680000179500001795 
  xmm2=0x0000650b0000650b0000b6270000b627 xmm3=0x00005bf500005bf500002baa00002baa 
  xmm4=0x0000a8df0000a8df000028ea000028ea xmm5=0x00001a5a00001a5a00004ff000004ff0 
  xmm6=0x0000abbf0000abbf0000c0720000c072 xmm7=0x0000ef810000ef81000055af000055af 

0x1b8: adc dil, -18
  rax=0x0000000000000000 rbx=0x0000000000000f11 rcx=0x000000000000ffff rdx=0x000000000000ffff
  rsi=0x000000000000008a rdi=0x000000000000008a flags=0b000010010110
  xmm0=0x00009cce00009cce00008b2000008b20 xmm1=0x00009968000099680000179500001795 
  xmm2=0x0000650b0000650b0000b6270000b627 xmm3=0x00005bf500005bf500002baa00002baa 
  xmm4=0x0000a8df0000a8df000028ea000028ea xmm5=0x00001a5a00001a5a00004ff000004ff0 
  xmm6=0x0000abbf0000abbf0000c0720000c072 xmm7=0x0000ef810000ef81000055af000055af 

0x1bc: neg cx
  rax=0x0000000000000000 rbx=0x0000000000000f11 rcx=0x000000000000ffff rdx=0x000000000000ffff
  rsi=0x000000000000008a rdi=0x0000000000000078 flags=0b100000010111
  xmm0=0x00009cce00009cce00008b2000008b20 xmm1=0x00009968000099680000179500001795 
  xmm2=0x0000650b0000650b0000b6270000b627 xmm3=0x00005bf500005bf500002baa00002baa 
  xmm4=0x0000a8df0000a8df000028ea000028ea xmm5=0x00001a5a00001a5a00004ff000004ff0 
  xmm6=0x0000abbf0000abbf0000c0720000c072 xmm7=0x0000ef810000ef81000055af000055af 

0x1bf: sahf 
  rax=0x0000000000000000 rbx=0x0000000000000f11 rcx=0x0000000000000001 rdx=0x000000000000ffff
  rsi=0x000000000000008a rdi=0x0000000000000078 flags=0b000000010011
  xmm0=0x00009cce00009cce00008b2000008b20 xmm1=0x00009968000099680000179500001795 
  xmm2=0x0000650b0000650b0000b6270000b627 xmm3=0x00005bf500005bf500002baa00002baa 
  xmm4=0x0000a8df0000a8df000028ea000028ea xmm5=0x00001a5a00001a5a00004ff000004ff0 
  xmm6=0x0000abbf0000abbf0000c0720000c072 xmm7=0x0000ef810000ef81000055af000055af 

0x1c0: and rcx, 0b1111111111111
  rax=0x0000000000000000 rbx=0x0000000000000f11 rcx=0x0000000000000001 rdx=0x000000000000ffff
  rsi=0x000000000000008a rdi=0x0000000000000078 flags=0b000000000010
  xmm0=0x00009cce00009cce00008b2000008b20 xmm1=0x00009968000099680000179500001795 
  xmm2=0x0000650b0000650b0000b6270000b627 xmm3=0x00005bf500005bf500002baa00002baa 
  xmm4=0x0000a8df0000a8df000028ea000028ea xmm5=0x00001a5a00001a5a00004ff000004ff0 
  xmm6=0x0000abbf0000abbf0000c0720000c072 xmm7=0x0000ef810000ef81000055af000055af 

0x1c7: imul edi, [r14 +rcx], -69
  rax=0x0000000000000000 rbx=0x0000000000000f11 rcx=0x0000000000000001 rdx=0x000000000000ffff
  rsi=0x000000000000008a rdi=0x0000000000000078 flags=0b000000000010
  xmm0=0x00009cce00009cce00008b2000008b20 xmm1=0x00009968000099680000179500001795 
  xmm2=0x0000650b0000650b0000b6270000b627 xmm3=0x00005bf500005bf500002baa00002baa 
  xmm4=0x0000a8df0000a8df000028ea000028ea xmm5=0x00001a5a00001a5a00004ff000004ff0 
  xmm6=0x0000abbf0000abbf0000c0720000c072 xmm7=0x0000ef810000ef81000055af000055af 

    > load from +0x1 value 0x1000002f
0x1cc: and rsi, 0b1111111111111
  rax=0x0000000000000000 rbx=0x0000000000000f11 rcx=0x0000000000000001 rdx=0x000000000000ffff
  rsi=0x000000000000008a rdi=0x00000000affff355 flags=0b100010000111
  xmm0=0x00009cce00009cce00008b2000008b20 xmm1=0x00009968000099680000179500001795 
  xmm2=0x0000650b0000650b0000b6270000b627 xmm3=0x00005bf500005bf500002baa00002baa 
  xmm4=0x0000a8df0000a8df000028ea000028ea xmm5=0x00001a5a00001a5a00004ff000004ff0 
  xmm6=0x0000abbf0000abbf0000c0720000c072 xmm7=0x0000ef810000ef81000055af000055af 

0x1d3: and bl, [r14 +rsi]
  rax=0x0000000000000000 rbx=0x0000000000000f11 rcx=0x0000000000000001 rdx=0x000000000000ffff
  rsi=0x000000000000008a rdi=0x00000000affff355 flags=0b000000000010
  xmm0=0x00009cce00009cce00008b2000008b20 xmm1=0x00009968000099680000179500001795 
  xmm2=0x0000650b0000650b0000b6270000b627 xmm3=0x00005bf500005bf500002baa00002baa 
  xmm4=0x0000a8df0000a8df000028ea000028ea xmm5=0x00001a5a00001a5a00004ff000004ff0 
  xmm6=0x0000abbf0000abbf0000c0720000c072 xmm7=0x0000ef810000ef81000055af000055af 

    > load from +0x8a value 0x0
0x1d7: and rcx, 0b1111111111111
  rax=0x0000000000000000 rbx=0x0000000000000f00 rcx=0x0000000000000001 rdx=0x000000000000ffff
  rsi=0x000000000000008a rdi=0x00000000affff355 flags=0b000001000110
  xmm0=0x00009cce00009cce00008b2000008b20 xmm1=0x00009968000099680000179500001795 
  xmm2=0x0000650b0000650b0000b6270000b627 xmm3=0x00005bf500005bf500002baa00002baa 
  xmm4=0x0000a8df0000a8df000028ea000028ea xmm5=0x00001a5a00001a5a00004ff000004ff0 
  xmm6=0x0000abbf0000abbf0000c0720000c072 xmm7=0x0000ef810000ef81000055af000055af 

0x1de: macro .switch, .actor2.function_actor2_1
  rax=0x0000000000000000 rbx=0x0000000000000f00 rcx=0x0000000000000001 rdx=0x000000000000ffff
  rsi=0x000000000000008a rdi=0x00000000affff355 flags=0b000000000010
  xmm0=0x00009cce00009cce00008b2000008b20 xmm1=0x00009968000099680000179500001795 
  xmm2=0x0000650b0000650b0000b6270000b627 xmm3=0x00005bf500005bf500002baa00002baa 
  xmm4=0x0000a8df0000a8df000028ea000028ea xmm5=0x00001a5a00001a5a00004ff000004ff0 
  xmm6=0x0000abbf0000abbf0000c0720000c072 xmm7=0x0000ef810000ef81000055af000055af 

0x3184: pushfq 
  rax=0x0000000000000000 rbx=0x0000000000000f00 rcx=0x0000000000000001 rdx=0x000000000000ffff
  rsi=0x000000000000008a rdi=0x00000000affff355 flags=0b000000000010
  xmm0=0x00009cce00009cce00008b2000008b20 xmm1=0x00009968000099680000179500001795 
  xmm2=0x0000650b0000650b0000b6270000b627 xmm3=0x00005bf500005bf500002baa00002baa 
  xmm4=0x0000a8df0000a8df000028ea000028ea xmm5=0x00001a5a00001a5a00004ff000004ff0 
  xmm6=0x0000abbf0000abbf0000c0720000c072 xmm7=0x0000ef810000ef81000055af000055af 

    > store to +0x4ff0 value 0x2
0x3185: push rax
  rax=0x0000000000000000 rbx=0x0000000000000f00 rcx=0x0000000000000001 rdx=0x000000000000ffff
  rsi=0x000000000000008a rdi=0x00000000affff355 flags=0b000000000010
  xmm0=0x00009cce00009cce00008b2000008b20 xmm1=0x00009968000099680000179500001795 
  xmm2=0x0000650b0000650b0000b6270000b627 xmm3=0x00005bf500005bf500002baa00002baa 
  xmm4=0x0000a8df0000a8df000028ea000028ea xmm5=0x00001a5a00001a5a00004ff000004ff0 
  xmm6=0x0000abbf0000abbf0000c0720000c072 xmm7=0x0000ef810000ef81000055af000055af 

    > store to +0x4fe8 value 0x0
0x3186: push rcx
  rax=0x0000000000000000 rbx=0x0000000000000f00 rcx=0x0000000000000001 rdx=0x000000000000ffff
  rsi=0x000000000000008a rdi=0x00000000affff355 flags=0b000000000010
  xmm0=0x00009cce00009cce00008b2000008b20 xmm1=0x00009968000099680000179500001795 
  xmm2=0x0000650b0000650b0000b6270000b627 xmm3=0x00005bf500005bf500002baa00002baa 
  xmm4=0x0000a8df0000a8df000028ea000028ea xmm5=0x00001a5a00001a5a00004ff000004ff0 
  xmm6=0x0000abbf0000abbf0000c0720000c072 xmm7=0x0000ef810000ef81000055af000055af 

    > store to +0x4fe0 value 0x1
0x3187: push rdx
  rax=0x0000000000000000 rbx=0x0000000000000f00 rcx=0x0000000000000001 rdx=0x000000000000ffff
  rsi=0x000000000000008a rdi=0x00000000affff355 flags=0b000000000010
  xmm0=0x00009cce00009cce00008b2000008b20 xmm1=0x00009968000099680000179500001795 
  xmm2=0x0000650b0000650b0000b6270000b627 xmm3=0x00005bf500005bf500002baa00002baa 
  xmm4=0x0000a8df0000a8df000028ea000028ea xmm5=0x00001a5a00001a5a00004ff000004ff0 
  xmm6=0x0000abbf0000abbf0000c0720000c072 xmm7=0x0000ef810000ef81000055af000055af 

    > store to +0x4fd8 value 0xffff
0x3188: mov ecx, 0x48
  rax=0x0000000000000000 rbx=0x0000000000000f00 rcx=0x0000000000000001 rdx=0x000000000000ffff
  rsi=0x000000000000008a rdi=0x00000000affff355 flags=0b000000000010
  xmm0=0x00009cce00009cce00008b2000008b20 xmm1=0x00009968000099680000179500001795 
  xmm2=0x0000650b0000650b0000b6270000b627 xmm3=0x00005bf500005bf500002baa00002baa 
  xmm4=0x0000a8df0000a8df000028ea000028ea xmm5=0x00001a5a00001a5a00004ff000004ff0 
  xmm6=0x0000abbf0000abbf0000c0720000c072 xmm7=0x0000ef810000ef81000055af000055af 

0x318d: rdmsr 
  rax=0x0000000000000000 rbx=0x0000000000000f00 rcx=0x0000000000000048 rdx=0x000000000000ffff
  rsi=0x000000000000008a rdi=0x00000000affff355 flags=0b000000000010
  xmm0=0x00009cce00009cce00008b2000008b20 xmm1=0x00009968000099680000179500001795 
  xmm2=0x0000650b0000650b0000b6270000b627 xmm3=0x00005bf500005bf500002baa00002baa 
  xmm4=0x0000a8df0000a8df000028ea000028ea xmm5=0x00001a5a00001a5a00004ff000004ff0 
  xmm6=0x0000abbf0000abbf0000c0720000c072 xmm7=0x0000ef810000ef81000055af000055af 

0x318f: and eax, 0xfffffffb
  rax=0x0000000000000000 rbx=0x0000000000000f00 rcx=0x0000000000000048 rdx=0x0000000000000000
  rsi=0x000000000000008a rdi=0x00000000affff355 flags=0b000000000010
  xmm0=0x00009cce00009cce00008b2000008b20 xmm1=0x00009968000099680000179500001795 
  xmm2=0x0000650b0000650b0000b6270000b627 xmm3=0x00005bf500005bf500002baa00002baa 
  xmm4=0x0000a8df0000a8df000028ea000028ea xmm5=0x00001a5a00001a5a00004ff000004ff0 
  xmm6=0x0000abbf0000abbf0000c0720000c072 xmm7=0x0000ef810000ef81000055af000055af 

0x3192: or eax, 0x100
  rax=0x0000000000000000 rbx=0x0000000000000f00 rcx=0x0000000000000048 rdx=0x0000000000000000
  rsi=0x000000000000008a rdi=0x00000000affff355 flags=0b000001000110
  xmm0=0x00009cce00009cce00008b2000008b20 xmm1=0x00009968000099680000179500001795 
  xmm2=0x0000650b0000650b0000b6270000b627 xmm3=0x00005bf500005bf500002baa00002baa 
  xmm4=0x0000a8df0000a8df000028ea000028ea xmm5=0x00001a5a00001a5a00004ff000004ff0 
  xmm6=0x0000abbf0000abbf0000c0720000c072 xmm7=0x0000ef810000ef81000055af000055af 

0x3197: wrmsr 
  rax=0x0000000000000100 rbx=0x0000000000000f00 rcx=0x0000000000000048 rdx=0x0000000000000000
  rsi=0x000000000000008a rdi=0x00000000affff355 flags=0b000000000110
  xmm0=0x00009cce00009cce00008b2000008b20 xmm1=0x00009968000099680000179500001795 
  xmm2=0x0000650b0000650b0000b6270000b627 xmm3=0x00005bf500005bf500002baa00002baa 
  xmm4=0x0000a8df0000a8df000028ea000028ea xmm5=0x00001a5a00001a5a00004ff000004ff0 
  xmm6=0x0000abbf0000abbf0000c0720000c072 xmm7=0x0000ef810000ef81000055af000055af 

0x3199: mfence 
  rax=0x0000000000000100 rbx=0x0000000000000f00 rcx=0x0000000000000048 rdx=0x0000000000000000
  rsi=0x000000000000008a rdi=0x00000000affff355 flags=0b000000000110
  xmm0=0x00009cce00009cce00008b2000008b20 xmm1=0x00009968000099680000179500001795 
  xmm2=0x0000650b0000650b0000b6270000b627 xmm3=0x00005bf500005bf500002baa00002baa 
  xmm4=0x0000a8df0000a8df000028ea000028ea xmm5=0x00001a5a00001a5a00004ff000004ff0 
  xmm6=0x0000abbf0000abbf0000c0720000c072 xmm7=0x0000ef810000ef81000055af000055af 

0x319c: lfence 
  rax=0x0000000000000100 rbx=0x0000000000000f00 rcx=0x0000000000000048 rdx=0x0000000000000000
  rsi=0x000000000000008a rdi=0x00000000affff355 flags=0b000000000110
  xmm0=0x00009cce00009cce00008b2000008b20 xmm1=0x00009968000099680000179500001795 
  xmm2=0x0000650b0000650b0000b6270000b627 xmm3=0x00005bf500005bf500002baa00002baa 
  xmm4=0x0000a8df0000a8df000028ea000028ea xmm5=0x00001a5a00001a5a00004ff000004ff0 
  xmm6=0x0000abbf0000abbf0000c0720000c072 xmm7=0x0000ef810000ef81000055af000055af 

0x319f: macro .measurement_end, .noarg
  rax=0x0000000000000100 rbx=0x0000000000000f00 rcx=0x0000000000000048 rdx=0x0000000000000000
  rsi=0x000000000000008a rdi=0x00000000affff355 flags=0b000000000110
  xmm0=0x00009cce00009cce00008b2000008b20 xmm1=0x00009968000099680000179500001795 
  xmm2=0x0000650b0000650b0000b6270000b627 xmm3=0x00005bf500005bf500002baa00002baa 
  xmm4=0x0000a8df0000a8df000028ea000028ea xmm5=0x00001a5a00001a5a00004ff000004ff0 
  xmm6=0x0000abbf0000abbf0000c0720000c072 xmm7=0x0000ef810000ef81000055af000055af 

0x31a7: mov ecx, 0x48
  rax=0x0000000000000100 rbx=0x0000000000000f00 rcx=0x0000000000000048 rdx=0x0000000000000000
  rsi=0x000000000000008a rdi=0x00000000affff355 flags=0b000000000110
  xmm0=0x00009cce00009cce00008b2000008b20 xmm1=0x00009968000099680000179500001795 
  xmm2=0x0000650b0000650b0000b6270000b627 xmm3=0x00005bf500005bf500002baa00002baa 
  xmm4=0x0000a8df0000a8df000028ea000028ea xmm5=0x00001a5a00001a5a00004ff000004ff0 
  xmm6=0x0000abbf0000abbf0000c0720000c072 xmm7=0x0000ef810000ef81000055af000055af 

0x31ac: rdmsr 
  rax=0x0000000000000100 rbx=0x0000000000000f00 rcx=0x0000000000000048 rdx=0x0000000000000000
  rsi=0x000000000000008a rdi=0x00000000affff355 flags=0b000000000110
  xmm0=0x00009cce00009cce00008b2000008b20 xmm1=0x00009968000099680000179500001795 
  xmm2=0x0000650b0000650b0000b6270000b627 xmm3=0x00005bf500005bf500002baa00002baa 
  xmm4=0x0000a8df0000a8df000028ea000028ea xmm5=0x00001a5a00001a5a00004ff000004ff0 
  xmm6=0x0000abbf0000abbf0000c0720000c072 xmm7=0x0000ef810000ef81000055af000055af 

0x31ae: and eax, 0xfffffffb
  rax=0x0000000000000000 rbx=0x0000000000000f00 rcx=0x0000000000000048 rdx=0x0000000000000000
  rsi=0x000000000000008a rdi=0x00000000affff355 flags=0b000000000110
  xmm0=0x00009cce00009cce00008b2000008b20 xmm1=0x00009968000099680000179500001795 
  xmm2=0x0000650b0000650b0000b6270000b627 xmm3=0x00005bf500005bf500002baa00002baa 
  xmm4=0x0000a8df0000a8df000028ea000028ea xmm5=0x00001a5a00001a5a00004ff000004ff0 
  xmm6=0x0000abbf0000abbf0000c0720000c072 xmm7=0x0000ef810000ef81000055af000055af 

0x31b1: and eax, 0xfffffeff
  rax=0x0000000000000000 rbx=0x0000000000000f00 rcx=0x0000000000000048 rdx=0x0000000000000000
  rsi=0x000000000000008a rdi=0x00000000affff355 flags=0b000001000110
  xmm0=0x00009cce00009cce00008b2000008b20 xmm1=0x00009968000099680000179500001795 
  xmm2=0x0000650b0000650b0000b6270000b627 xmm3=0x00005bf500005bf500002baa00002baa 
  xmm4=0x0000a8df0000a8df000028ea000028ea xmm5=0x00001a5a00001a5a00004ff000004ff0 
  xmm6=0x0000abbf0000abbf0000c0720000c072 xmm7=0x0000ef810000ef81000055af000055af 

0x31b6: wrmsr 
  rax=0x0000000000000000 rbx=0x0000000000000f00 rcx=0x0000000000000048 rdx=0x0000000000000000
  rsi=0x000000000000008a rdi=0x00000000affff355 flags=0b000001000110
  xmm0=0x00009cce00009cce00008b2000008b20 xmm1=0x00009968000099680000179500001795 
  xmm2=0x0000650b0000650b0000b6270000b627 xmm3=0x00005bf500005bf500002baa00002baa 
  xmm4=0x0000a8df0000a8df000028ea000028ea xmm5=0x00001a5a00001a5a00004ff000004ff0 
  xmm6=0x0000abbf0000abbf0000c0720000c072 xmm7=0x0000ef810000ef81000055af000055af 

0x31b8: mfence 
  rax=0x0000000000000000 rbx=0x0000000000000f00 rcx=0x0000000000000048 rdx=0x0000000000000000
  rsi=0x000000000000008a rdi=0x00000000affff355 flags=0b000001000110
  xmm0=0x00009cce00009cce00008b2000008b20 xmm1=0x00009968000099680000179500001795 
  xmm2=0x0000650b0000650b0000b6270000b627 xmm3=0x00005bf500005bf500002baa00002baa 
  xmm4=0x0000a8df0000a8df000028ea000028ea xmm5=0x00001a5a00001a5a00004ff000004ff0 
  xmm6=0x0000abbf0000abbf0000c0720000c072 xmm7=0x0000ef810000ef81000055af000055af 

0x31bb: lfence 
  rax=0x0000000000000000 rbx=0x0000000000000f00 rcx=0x0000000000000048 rdx=0x0000000000000000
  rsi=0x000000000000008a rdi=0x00000000affff355 flags=0b000001000110
  xmm0=0x00009cce00009cce00008b2000008b20 xmm1=0x00009968000099680000179500001795 
  xmm2=0x0000650b0000650b0000b6270000b627 xmm3=0x00005bf500005bf500002baa00002baa 
  xmm4=0x0000a8df0000a8df000028ea000028ea xmm5=0x00001a5a00001a5a00004ff000004ff0 
  xmm6=0x0000abbf0000abbf0000c0720000c072 xmm7=0x0000ef810000ef81000055af000055af 

0x31be: pop rdx
  rax=0x0000000000000000 rbx=0x0000000000000f00 rcx=0x0000000000000048 rdx=0x0000000000000000
  rsi=0x000000000000008a rdi=0x00000000affff355 flags=0b000001000110
  xmm0=0x00009cce00009cce00008b2000008b20 xmm1=0x00009968000099680000179500001795 
  xmm2=0x0000650b0000650b0000b6270000b627 xmm3=0x00005bf500005bf500002baa00002baa 
  xmm4=0x0000a8df0000a8df000028ea000028ea xmm5=0x00001a5a00001a5a00004ff000004ff0 
  xmm6=0x0000abbf0000abbf0000c0720000c072 xmm7=0x0000ef810000ef81000055af000055af 

    > load from +0x4fd8 value 0xffff
0x31bf: pop rcx
  rax=0x0000000000000000 rbx=0x0000000000000f00 rcx=0x0000000000000048 rdx=0x000000000000ffff
  rsi=0x000000000000008a rdi=0x00000000affff355 flags=0b000001000110
  xmm0=0x00009cce00009cce00008b2000008b20 xmm1=0x00009968000099680000179500001795 
  xmm2=0x0000650b0000650b0000b6270000b627 xmm3=0x00005bf500005bf500002baa00002baa 
  xmm4=0x0000a8df0000a8df000028ea000028ea xmm5=0x00001a5a00001a5a00004ff000004ff0 
  xmm6=0x0000abbf0000abbf0000c0720000c072 xmm7=0x0000ef810000ef81000055af000055af 

    > load from +0x4fe0 value 0x1
0x31c0: pop rax
  rax=0x0000000000000000 rbx=0x0000000000000f00 rcx=0x0000000000000001 rdx=0x000000000000ffff
  rsi=0x000000000000008a rdi=0x00000000affff355 flags=0b000001000110
  xmm0=0x00009cce00009cce00008b2000008b20 xmm1=0x00009968000099680000179500001795 
  xmm2=0x0000650b0000650b0000b6270000b627 xmm3=0x00005bf500005bf500002baa00002baa 
  xmm4=0x0000a8df0000a8df000028ea000028ea xmm5=0x00001a5a00001a5a00004ff000004ff0 
  xmm6=0x0000abbf0000abbf0000c0720000c072 xmm7=0x0000ef810000ef81000055af000055af 

    > load from +0x4fe8 value 0x0
0x31c1: popfq 
  rax=0x0000000000000000 rbx=0x0000000000000f00 rcx=0x0000000000000001 rdx=0x000000000000ffff
  rsi=0x000000000000008a rdi=0x00000000affff355 flags=0b000001000110
  xmm0=0x00009cce00009cce00008b2000008b20 xmm1=0x00009968000099680000179500001795 
  xmm2=0x0000650b0000650b0000b6270000b627 xmm3=0x00005bf500005bf500002baa00002baa 
  xmm4=0x0000a8df0000a8df000028ea000028ea xmm5=0x00001a5a00001a5a00004ff000004ff0 
  xmm6=0x0000abbf0000abbf0000c0720000c072 xmm7=0x0000ef810000ef81000055af000055af 

    > load from +0x4ff0 value 0x2
0x31c2: macro .switch, .main.function_main_2
  rax=0x0000000000000000 rbx=0x0000000000000f00 rcx=0x0000000000000001 rdx=0x000000000000ffff
  rsi=0x000000000000008a rdi=0x00000000affff355 flags=0b000000000010
  xmm0=0x00009cce00009cce00008b2000008b20 xmm1=0x00009968000099680000179500001795 
  xmm2=0x0000650b0000650b0000b6270000b627 xmm3=0x00005bf500005bf500002baa00002baa 
  xmm4=0x0000a8df0000a8df000028ea000028ea xmm5=0x00001a5a00001a5a00004ff000004ff0 
  xmm6=0x0000abbf0000abbf0000c0720000c072 xmm7=0x0000ef810000ef81000055af000055af 

0x1e6: nop  [test_case_exit]
  rax=0x0000000000000000 rbx=0x0000000000000f00 rcx=0x0000000000000001 rdx=0x000000000000ffff
  rsi=0x000000000000008a rdi=0x00000000affff355 flags=0b000000000010
  xmm0=0x00009cce00009cce00008b2000008b20 xmm1=0x00009968000099680000179500001795 
  xmm2=0x0000650b0000650b0000b6270000b627 xmm3=0x00005bf500005bf500002baa00002baa 
  xmm4=0x0000a8df0000a8df000028ea000028ea xmm5=0x00001a5a00001a5a00004ff000004ff0 
  xmm6=0x0000abbf0000abbf0000c0720000c072 xmm7=0x0000ef810000ef81000055af000055af 




                      ##### Input 58 #####

                     ##### Input 0 #####
0x0 : macro .switch, .actor2.function_actor2_0
  rax=0x0000650300006503 rbx=0x0000551f0000551f rcx=0x0000294b0000294b rdx=0x0000fa8e0000fa8e
  rsi=0x0000824c0000824c rdi=0x0000840d0000840d flags=0b000001010111
  xmm0=0x000008790000087900009afd00009afd xmm1=0x00000aba00000aba0000665000006650 
  xmm2=0x00006822000068220000bfec0000bfec xmm3=0x0000c0580000c0580000c8720000c872 
  xmm4=0x000075df000075df000035f7000035f7 xmm5=0x0000a0370000a0370000f9b70000f9b7 
  xmm6=0x000095a0000095a00000efd30000efd3 xmm7=0x00000b1800000b180000b3b50000b3b5 

0x3000: pushfq 
  rax=0x0000650300006503 rbx=0x0000551f0000551f rcx=0x0000294b0000294b rdx=0x0000fa8e0000fa8e
  rsi=0x0000824c0000824c rdi=0x0000840d0000840d flags=0b000001010111
  xmm0=0x000008790000087900009afd00009afd xmm1=0x00000aba00000aba0000665000006650 
  xmm2=0x00006822000068220000bfec0000bfec xmm3=0x0000c0580000c0580000c8720000c872 
  xmm4=0x000075df000075df000035f7000035f7 xmm5=0x0000a0370000a0370000f9b70000f9b7 
  xmm6=0x000095a0000095a00000efd30000efd3 xmm7=0x00000b1800000b180000b3b50000b3b5 

    > store to +0x4ff0 value 0x57
0x3001: push rax
  rax=0x0000650300006503 rbx=0x0000551f0000551f rcx=0x0000294b0000294b rdx=0x0000fa8e0000fa8e
  rsi=0x0000824c0000824c rdi=0x0000840d0000840d flags=0b000001010111
  xmm0=0x000008790000087900009afd00009afd xmm1=0x00000aba00000aba0000665000006650 
  xmm2=0x00006822000068220000bfec0000bfec xmm3=0x0000c0580000c0580000c8720000c872 
  xmm4=0x000075df000075df000035f7000035f7 xmm5=0x0000a0370000a0370000f9b70000f9b7 
  xmm6=0x000095a0000095a00000efd30000efd3 xmm7=0x00000b1800000b180000b3b50000b3b5 

    > store to +0x4fe8 value 0x650300006503
0x3002: push rcx
  rax=0x0000650300006503 rbx=0x0000551f0000551f rcx=0x0000294b0000294b rdx=0x0000fa8e0000fa8e
  rsi=0x0000824c0000824c rdi=0x0000840d0000840d flags=0b000001010111
  xmm0=0x000008790000087900009afd00009afd xmm1=0x00000aba00000aba0000665000006650 
  xmm2=0x00006822000068220000bfec0000bfec xmm3=0x0000c0580000c0580000c8720000c872 
  xmm4=0x000075df000075df000035f7000035f7 xmm5=0x0000a0370000a0370000f9b70000f9b7 
  xmm6=0x000095a0000095a00000efd30000efd3 xmm7=0x00000b1800000b180000b3b50000b3b5 

    > store to +0x4fe0 value 0x294b0000294b
0x3003: push rdx
  rax=0x0000650300006503 rbx=0x0000551f0000551f rcx=0x0000294b0000294b rdx=0x0000fa8e0000fa8e
  rsi=0x0000824c0000824c rdi=0x0000840d0000840d flags=0b000001010111
  xmm0=0x000008790000087900009afd00009afd xmm1=0x00000aba00000aba0000665000006650 
  xmm2=0x00006822000068220000bfec0000bfec xmm3=0x0000c0580000c0580000c8720000c872 
  xmm4=0x000075df000075df000035f7000035f7 xmm5=0x0000a0370000a0370000f9b70000f9b7 
  xmm6=0x000095a0000095a00000efd30000efd3 xmm7=0x00000b1800000b180000b3b50000b3b5 

    > store to +0x4fd8 value 0xfa8e0000fa8e
0x3004: mov ecx, 0x48
  rax=0x0000650300006503 rbx=0x0000551f0000551f rcx=0x0000294b0000294b rdx=0x0000fa8e0000fa8e
  rsi=0x0000824c0000824c rdi=0x0000840d0000840d flags=0b000001010111
  xmm0=0x000008790000087900009afd00009afd xmm1=0x00000aba00000aba0000665000006650 
  xmm2=0x00006822000068220000bfec0000bfec xmm3=0x0000c0580000c0580000c8720000c872 
  xmm4=0x000075df000075df000035f7000035f7 xmm5=0x0000a0370000a0370000f9b70000f9b7 
  xmm6=0x000095a0000095a00000efd30000efd3 xmm7=0x00000b1800000b180000b3b50000b3b5 

0x3009: rdmsr 
  rax=0x0000650300006503 rbx=0x0000551f0000551f rcx=0x0000000000000048 rdx=0x0000fa8e0000fa8e
  rsi=0x0000824c0000824c rdi=0x0000840d0000840d flags=0b000001010111
  xmm0=0x000008790000087900009afd00009afd xmm1=0x00000aba00000aba0000665000006650 
  xmm2=0x00006822000068220000bfec0000bfec xmm3=0x0000c0580000c0580000c8720000c872 
  xmm4=0x000075df000075df000035f7000035f7 xmm5=0x0000a0370000a0370000f9b70000f9b7 
  xmm6=0x000095a0000095a00000efd30000efd3 xmm7=0x00000b1800000b180000b3b50000b3b5 

0x300b: and eax, 0xfffffffb
  rax=0x0000000000000000 rbx=0x0000551f0000551f rcx=0x0000000000000048 rdx=0x0000000000000000
  rsi=0x0000824c0000824c rdi=0x0000840d0000840d flags=0b000001010111
  xmm0=0x000008790000087900009afd00009afd xmm1=0x00000aba00000aba0000665000006650 
  xmm2=0x00006822000068220000bfec0000bfec xmm3=0x0000c0580000c0580000c8720000c872 
  xmm4=0x000075df000075df000035f7000035f7 xmm5=0x0000a0370000a0370000f9b70000f9b7 
  xmm6=0x000095a0000095a00000efd30000efd3 xmm7=0x00000b1800000b180000b3b50000b3b5 

0x300e: or eax, 0x100
  rax=0x0000000000000000 rbx=0x0000551f0000551f rcx=0x0000000000000048 rdx=0x0000000000000000
  rsi=0x0000824c0000824c rdi=0x0000840d0000840d flags=0b000001000110
  xmm0=0x000008790000087900009afd00009afd xmm1=0x00000aba00000aba0000665000006650 
  xmm2=0x00006822000068220000bfec0000bfec xmm3=0x0000c0580000c0580000c8720000c872 
  xmm4=0x000075df000075df000035f7000035f7 xmm5=0x0000a0370000a0370000f9b70000f9b7 
  xmm6=0x000095a0000095a00000efd30000efd3 xmm7=0x00000b1800000b180000b3b50000b3b5 

0x3013: wrmsr 
  rax=0x0000000000000100 rbx=0x0000551f0000551f rcx=0x0000000000000048 rdx=0x0000000000000000
  rsi=0x0000824c0000824c rdi=0x0000840d0000840d flags=0b000000000110
  xmm0=0x000008790000087900009afd00009afd xmm1=0x00000aba00000aba0000665000006650 
  xmm2=0x00006822000068220000bfec0000bfec xmm3=0x0000c0580000c0580000c8720000c872 
  xmm4=0x000075df000075df000035f7000035f7 xmm5=0x0000a0370000a0370000f9b70000f9b7 
  xmm6=0x000095a0000095a00000efd30000efd3 xmm7=0x00000b1800000b180000b3b50000b3b5 

0x3015: mfence 
  rax=0x0000000000000100 rbx=0x0000551f0000551f rcx=0x0000000000000048 rdx=0x0000000000000000
  rsi=0x0000824c0000824c rdi=0x0000840d0000840d flags=0b000000000110
  xmm0=0x000008790000087900009afd00009afd xmm1=0x00000aba00000aba0000665000006650 
  xmm2=0x00006822000068220000bfec0000bfec xmm3=0x0000c0580000c0580000c8720000c872 
  xmm4=0x000075df000075df000035f7000035f7 xmm5=0x0000a0370000a0370000f9b70000f9b7 
  xmm6=0x000095a0000095a00000efd30000efd3 xmm7=0x00000b1800000b180000b3b50000b3b5 

0x3018: lfence 
  rax=0x0000000000000100 rbx=0x0000551f0000551f rcx=0x0000000000000048 rdx=0x0000000000000000
  rsi=0x0000824c0000824c rdi=0x0000840d0000840d flags=0b000000000110
  xmm0=0x000008790000087900009afd00009afd xmm1=0x00000aba00000aba0000665000006650 
  xmm2=0x00006822000068220000bfec0000bfec xmm3=0x0000c0580000c0580000c8720000c872 
  xmm4=0x000075df000075df000035f7000035f7 xmm5=0x0000a0370000a0370000f9b70000f9b7 
  xmm6=0x000095a0000095a00000efd30000efd3 xmm7=0x00000b1800000b180000b3b50000b3b5 

0x301b: macro .measurement_start, .noarg
  rax=0x0000000000000100 rbx=0x0000551f0000551f rcx=0x0000000000000048 rdx=0x0000000000000000
  rsi=0x0000824c0000824c rdi=0x0000840d0000840d flags=0b000000000110
  xmm0=0x000008790000087900009afd00009afd xmm1=0x00000aba00000aba0000665000006650 
  xmm2=0x00006822000068220000bfec0000bfec xmm3=0x0000c0580000c0580000c8720000c872 
  xmm4=0x000075df000075df000035f7000035f7 xmm5=0x0000a0370000a0370000f9b70000f9b7 
  xmm6=0x000095a0000095a00000efd30000efd3 xmm7=0x00000b1800000b180000b3b50000b3b5 

0x3023: mov ecx, 0x48
  rax=0x0000000000000100 rbx=0x0000551f0000551f rcx=0x0000000000000048 rdx=0x0000000000000000
  rsi=0x0000824c0000824c rdi=0x0000840d0000840d flags=0b000000000110
  xmm0=0x000008790000087900009afd00009afd xmm1=0x00000aba00000aba0000665000006650 
  xmm2=0x00006822000068220000bfec0000bfec xmm3=0x0000c0580000c0580000c8720000c872 
  xmm4=0x000075df000075df000035f7000035f7 xmm5=0x0000a0370000a0370000f9b70000f9b7 
  xmm6=0x000095a0000095a00000efd30000efd3 xmm7=0x00000b1800000b180000b3b50000b3b5 

0x3028: rdmsr 
  rax=0x0000000000000100 rbx=0x0000551f0000551f rcx=0x0000000000000048 rdx=0x0000000000000000
  rsi=0x0000824c0000824c rdi=0x0000840d0000840d flags=0b000000000110
  xmm0=0x000008790000087900009afd00009afd xmm1=0x00000aba00000aba0000665000006650 
  xmm2=0x00006822000068220000bfec0000bfec xmm3=0x0000c0580000c0580000c8720000c872 
  xmm4=0x000075df000075df000035f7000035f7 xmm5=0x0000a0370000a0370000f9b70000f9b7 
  xmm6=0x000095a0000095a00000efd30000efd3 xmm7=0x00000b1800000b180000b3b50000b3b5 

0x302a: and eax, 0xfffffffb
  rax=0x0000000000000000 rbx=0x0000551f0000551f rcx=0x0000000000000048 rdx=0x0000000000000000
  rsi=0x0000824c0000824c rdi=0x0000840d0000840d flags=0b000000000110
  xmm0=0x000008790000087900009afd00009afd xmm1=0x00000aba00000aba0000665000006650 
  xmm2=0x00006822000068220000bfec0000bfec xmm3=0x0000c0580000c0580000c8720000c872 
  xmm4=0x000075df000075df000035f7000035f7 xmm5=0x0000a0370000a0370000f9b70000f9b7 
  xmm6=0x000095a0000095a00000efd30000efd3 xmm7=0x00000b1800000b180000b3b50000b3b5 

0x302d: and eax, 0xfffffeff
  rax=0x0000000000000000 rbx=0x0000551f0000551f rcx=0x0000000000000048 rdx=0x0000000000000000
  rsi=0x0000824c0000824c rdi=0x0000840d0000840d flags=0b000001000110
  xmm0=0x000008790000087900009afd00009afd xmm1=0x00000aba00000aba0000665000006650 
  xmm2=0x00006822000068220000bfec0000bfec xmm3=0x0000c0580000c0580000c8720000c872 
  xmm4=0x000075df000075df000035f7000035f7 xmm5=0x0000a0370000a0370000f9b70000f9b7 
  xmm6=0x000095a0000095a00000efd30000efd3 xmm7=0x00000b1800000b180000b3b50000b3b5 

0x3032: wrmsr 
  rax=0x0000000000000000 rbx=0x0000551f0000551f rcx=0x0000000000000048 rdx=0x0000000000000000
  rsi=0x0000824c0000824c rdi=0x0000840d0000840d flags=0b000001000110
  xmm0=0x000008790000087900009afd00009afd xmm1=0x00000aba00000aba0000665000006650 
  xmm2=0x00006822000068220000bfec0000bfec xmm3=0x0000c0580000c0580000c8720000c872 
  xmm4=0x000075df000075df000035f7000035f7 xmm5=0x0000a0370000a0370000f9b70000f9b7 
  xmm6=0x000095a0000095a00000efd30000efd3 xmm7=0x00000b1800000b180000b3b50000b3b5 

0x3034: mfence 
  rax=0x0000000000000000 rbx=0x0000551f0000551f rcx=0x0000000000000048 rdx=0x0000000000000000
  rsi=0x0000824c0000824c rdi=0x0000840d0000840d flags=0b000001000110
  xmm0=0x000008790000087900009afd00009afd xmm1=0x00000aba00000aba0000665000006650 
  xmm2=0x00006822000068220000bfec0000bfec xmm3=0x0000c0580000c0580000c8720000c872 
  xmm4=0x000075df000075df000035f7000035f7 xmm5=0x0000a0370000a0370000f9b70000f9b7 
  xmm6=0x000095a0000095a00000efd30000efd3 xmm7=0x00000b1800000b180000b3b50000b3b5 

0x3037: lfence 
  rax=0x0000000000000000 rbx=0x0000551f0000551f rcx=0x0000000000000048 rdx=0x0000000000000000
  rsi=0x0000824c0000824c rdi=0x0000840d0000840d flags=0b000001000110
  xmm0=0x000008790000087900009afd00009afd xmm1=0x00000aba00000aba0000665000006650 
  xmm2=0x00006822000068220000bfec0000bfec xmm3=0x0000c0580000c0580000c8720000c872 
  xmm4=0x000075df000075df000035f7000035f7 xmm5=0x0000a0370000a0370000f9b70000f9b7 
  xmm6=0x000095a0000095a00000efd30000efd3 xmm7=0x00000b1800000b180000b3b50000b3b5 

0x303a: pop rdx
  rax=0x0000000000000000 rbx=0x0000551f0000551f rcx=0x0000000000000048 rdx=0x0000000000000000
  rsi=0x0000824c0000824c rdi=0x0000840d0000840d flags=0b000001000110
  xmm0=0x000008790000087900009afd00009afd xmm1=0x00000aba00000aba0000665000006650 
  xmm2=0x00006822000068220000bfec0000bfec xmm3=0x0000c0580000c0580000c8720000c872 
  xmm4=0x000075df000075df000035f7000035f7 xmm5=0x0000a0370000a0370000f9b70000f9b7 
  xmm6=0x000095a0000095a00000efd30000efd3 xmm7=0x00000b1800000b180000b3b50000b3b5 

    > load from +0x4fd8 value 0xfa8e0000fa8e
0x303b: pop rcx
  rax=0x0000000000000000 rbx=0x0000551f0000551f rcx=0x0000000000000048 rdx=0x0000fa8e0000fa8e
  rsi=0x0000824c0000824c rdi=0x0000840d0000840d flags=0b000001000110
  xmm0=0x000008790000087900009afd00009afd xmm1=0x00000aba00000aba0000665000006650 
  xmm2=0x00006822000068220000bfec0000bfec xmm3=0x0000c0580000c0580000c8720000c872 
  xmm4=0x000075df000075df000035f7000035f7 xmm5=0x0000a0370000a0370000f9b70000f9b7 
  xmm6=0x000095a0000095a00000efd30000efd3 xmm7=0x00000b1800000b180000b3b50000b3b5 

    > load from +0x4fe0 value 0x294b0000294b
0x303c: pop rax
  rax=0x0000000000000000 rbx=0x0000551f0000551f rcx=0x0000294b0000294b rdx=0x0000fa8e0000fa8e
  rsi=0x0000824c0000824c rdi=0x0000840d0000840d flags=0b000001000110
  xmm0=0x000008790000087900009afd00009afd xmm1=0x00000aba00000aba0000665000006650 
  xmm2=0x00006822000068220000bfec0000bfec xmm3=0x0000c0580000c0580000c8720000c872 
  xmm4=0x000075df000075df000035f7000035f7 xmm5=0x0000a0370000a0370000f9b70000f9b7 
  xmm6=0x000095a0000095a00000efd30000efd3 xmm7=0x00000b1800000b180000b3b50000b3b5 

    > load from +0x4fe8 value 0x650300006503
0x303d: popfq 
  rax=0x0000650300006503 rbx=0x0000551f0000551f rcx=0x0000294b0000294b rdx=0x0000fa8e0000fa8e
  rsi=0x0000824c0000824c rdi=0x0000840d0000840d flags=0b000001000110
  xmm0=0x000008790000087900009afd00009afd xmm1=0x00000aba00000aba0000665000006650 
  xmm2=0x00006822000068220000bfec0000bfec xmm3=0x0000c0580000c0580000c8720000c872 
  xmm4=0x000075df000075df000035f7000035f7 xmm5=0x0000a0370000a0370000f9b70000f9b7 
  xmm6=0x000095a0000095a00000efd30000efd3 xmm7=0x00000b1800000b180000b3b50000b3b5 

    > load from +0x4ff0 value 0x57
0x303e: cmpxchg esi, edx
  rax=0x0000650300006503 rbx=0x0000551f0000551f rcx=0x0000294b0000294b rdx=0x0000fa8e0000fa8e
  rsi=0x0000824c0000824c rdi=0x0000840d0000840d flags=0b000001010111
  xmm0=0x000008790000087900009afd00009afd xmm1=0x00000aba00000aba0000665000006650 
  xmm2=0x00006822000068220000bfec0000bfec xmm3=0x0000c0580000c0580000c8720000c872 
  xmm4=0x000075df000075df000035f7000035f7 xmm5=0x0000a0370000a0370000f9b70000f9b7 
  xmm6=0x000095a0000095a00000efd30000efd3 xmm7=0x00000b1800000b180000b3b50000b3b5 

0x3041: and rsi, 0b1111111111111
  rax=0x000000000000824c rbx=0x0000551f0000551f rcx=0x0000294b0000294b rdx=0x0000fa8e0000fa8e
  rsi=0x0000824c0000824c rdi=0x0000840d0000840d flags=0b000010010111
  xmm0=0x000008790000087900009afd00009afd xmm1=0x00000aba00000aba0000665000006650 
  xmm2=0x00006822000068220000bfec0000bfec xmm3=0x0000c0580000c0580000c8720000c872 
  xmm4=0x000075df000075df000035f7000035f7 xmm5=0x0000a0370000a0370000f9b70000f9b7 
  xmm6=0x000095a0000095a00000efd30000efd3 xmm7=0x00000b1800000b180000b3b50000b3b5 

0x3048: movzx rcx, [r14 +rsi]
  rax=0x000000000000824c rbx=0x0000551f0000551f rcx=0x0000294b0000294b rdx=0x0000fa8e0000fa8e
  rsi=0x000000000000024c rdi=0x0000840d0000840d flags=0b000000000010
  xmm0=0x000008790000087900009afd00009afd xmm1=0x00000aba00000aba0000665000006650 
  xmm2=0x00006822000068220000bfec0000bfec xmm3=0x0000c0580000c0580000c8720000c872 
  xmm4=0x000075df000075df000035f7000035f7 xmm5=0x0000a0370000a0370000f9b70000f9b7 
  xmm6=0x000095a0000095a00000efd30000efd3 xmm7=0x00000b1800000b180000b3b50000b3b5 

    > load from +0x424c value 0xca25
0x304d: and rdi, 0b1111111111111
  rax=0x000000000000824c rbx=0x0000551f0000551f rcx=0x000000000000ca25 rdx=0x0000fa8e0000fa8e
  rsi=0x000000000000024c rdi=0x0000840d0000840d flags=0b000000000010
  xmm0=0x000008790000087900009afd00009afd xmm1=0x00000aba00000aba0000665000006650 
  xmm2=0x00006822000068220000bfec0000bfec xmm3=0x0000c0580000c0580000c8720000c872 
  xmm4=0x000075df000075df000035f7000035f7 xmm5=0x0000a0370000a0370000f9b70000f9b7 
  xmm6=0x000095a0000095a00000efd30000efd3 xmm7=0x00000b1800000b180000b3b50000b3b5 

0x3054: cmovz cx, [r14 +rdi]
  rax=0x000000000000824c rbx=0x0000551f0000551f rcx=0x000000000000ca25 rdx=0x0000fa8e0000fa8e
  rsi=0x000000000000024c rdi=0x000000000000040d flags=0b000000000010
  xmm0=0x000008790000087900009afd00009afd xmm1=0x00000aba00000aba0000665000006650 
  xmm2=0x00006822000068220000bfec0000bfec xmm3=0x0000c0580000c0580000c8720000c872 
  xmm4=0x000075df000075df000035f7000035f7 xmm5=0x0000a0370000a0370000f9b70000f9b7 
  xmm6=0x000095a0000095a00000efd30000efd3 xmm7=0x00000b1800000b180000b3b50000b3b5 

    > load from +0x440d value 0x5
0x305a: and rbx, 0b1111111111111
  rax=0x000000000000824c rbx=0x0000551f0000551f rcx=0x000000000000ca25 rdx=0x0000fa8e0000fa8e
  rsi=0x000000000000024c rdi=0x000000000000040d flags=0b000000000010
  xmm0=0x000008790000087900009afd00009afd xmm1=0x00000aba00000aba0000665000006650 
  xmm2=0x00006822000068220000bfec0000bfec xmm3=0x0000c0580000c0580000c8720000c872 
  xmm4=0x000075df000075df000035f7000035f7 xmm5=0x0000a0370000a0370000f9b70000f9b7 
  xmm6=0x000095a0000095a00000efd30000efd3 xmm7=0x00000b1800000b180000b3b50000b3b5 

0x3061: test [r14 +rbx], -38
  rax=0x000000000000824c rbx=0x000000000000151f rcx=0x000000000000ca25 rdx=0x0000fa8e0000fa8e
  rsi=0x000000000000024c rdi=0x000000000000040d flags=0b000000000010
  xmm0=0x000008790000087900009afd00009afd xmm1=0x00000aba00000aba0000665000006650 
  xmm2=0x00006822000068220000bfec0000bfec xmm3=0x0000c0580000c0580000c8720000c872 
  xmm4=0x000075df000075df000035f7000035f7 xmm5=0x0000a0370000a0370000f9b70000f9b7 
  xmm6=0x000095a0000095a00000efd30000efd3 xmm7=0x00000b1800000b180000b3b50000b3b5 

    > load from +0x551f value 0x0
0x3066: sbb al, 104
  rax=0x000000000000824c rbx=0x000000000000151f rcx=0x000000000000ca25 rdx=0x0000fa8e0000fa8e
  rsi=0x000000000000024c rdi=0x000000000000040d flags=0b000001000110
  xmm0=0x000008790000087900009afd00009afd xmm1=0x00000aba00000aba0000665000006650 
  xmm2=0x00006822000068220000bfec0000bfec xmm3=0x0000c0580000c0580000c8720000c872 
  xmm4=0x000075df000075df000035f7000035f7 xmm5=0x0000a0370000a0370000f9b70000f9b7 
  xmm6=0x000095a0000095a00000efd30000efd3 xmm7=0x00000b1800000b180000b3b50000b3b5 

0x3068: lea edx, rdx
  rax=0x00000000000082e4 rbx=0x000000000000151f rcx=0x000000000000ca25 rdx=0x0000fa8e0000fa8e
  rsi=0x000000000000024c rdi=0x000000000000040d flags=0b000010000111
  xmm0=0x000008790000087900009afd00009afd xmm1=0x00000aba00000aba0000665000006650 
  xmm2=0x00006822000068220000bfec0000bfec xmm3=0x0000c0580000c0580000c8720000c872 
  xmm4=0x000075df000075df000035f7000035f7 xmm5=0x0000a0370000a0370000f9b70000f9b7 
  xmm6=0x000095a0000095a00000efd30000efd3 xmm7=0x00000b1800000b180000b3b50000b3b5 

0x306a: and rsi, 0b1111111111111
  rax=0x00000000000082e4 rbx=0x000000000000151f rcx=0x000000000000ca25 rdx=0x000000000000fa8e
  rsi=0x000000000000024c rdi=0x000000000000040d flags=0b000010000111
  xmm0=0x000008790000087900009afd00009afd xmm1=0x00000aba00000aba0000665000006650 
  xmm2=0x00006822000068220000bfec0000bfec xmm3=0x0000c0580000c0580000c8720000c872 
  xmm4=0x000075df000075df000035f7000035f7 xmm5=0x0000a0370000a0370000f9b70000f9b7 
  xmm6=0x000095a0000095a00000efd30000efd3 xmm7=0x00000b1800000b180000b3b50000b3b5 

0x3071: cmovp rdi, [r14 +rsi]
  rax=0x00000000000082e4 rbx=0x000000000000151f rcx=0x000000000000ca25 rdx=0x000000000000fa8e
  rsi=0x000000000000024c rdi=0x000000000000040d flags=0b000000000010
  xmm0=0x000008790000087900009afd00009afd xmm1=0x00000aba00000aba0000665000006650 
  xmm2=0x00006822000068220000bfec0000bfec xmm3=0x0000c0580000c0580000c8720000c872 
  xmm4=0x000075df000075df000035f7000035f7 xmm5=0x0000a0370000a0370000f9b70000f9b7 
  xmm6=0x000095a0000095a00000efd30000efd3 xmm7=0x00000b1800000b180000b3b50000b3b5 

    > load from +0x424c value 0xa7aa0000ca25
0x3076: and rax, 0b1111111111111
  rax=0x00000000000082e4 rbx=0x000000000000151f rcx=0x000000000000ca25 rdx=0x000000000000fa8e
  rsi=0x000000000000024c rdi=0x000000000000040d flags=0b000000000010
  xmm0=0x000008790000087900009afd00009afd xmm1=0x00000aba00000aba0000665000006650 
  xmm2=0x00006822000068220000bfec0000bfec xmm3=0x0000c0580000c0580000c8720000c872 
  xmm4=0x000075df000075df000035f7000035f7 xmm5=0x0000a0370000a0370000f9b70000f9b7 
  xmm6=0x000095a0000095a00000efd30000efd3 xmm7=0x00000b1800000b180000b3b50000b3b5 

0x307c: and si, [r14 +rax]
  rax=0x00000000000002e4 rbx=0x000000000000151f rcx=0x000000000000ca25 rdx=0x000000000000fa8e
  rsi=0x000000000000024c rdi=0x000000000000040d flags=0b000000000110
  xmm0=0x000008790000087900009afd00009afd xmm1=0x00000aba00000aba0000665000006650 
  xmm2=0x00006822000068220000bfec0000bfec xmm3=0x0000c0580000c0580000c8720000c872 
  xmm4=0x000075df000075df000035f7000035f7 xmm5=0x0000a0370000a0370000f9b70000f9b7 
  xmm6=0x000095a0000095a00000efd30000efd3 xmm7=0x00000b1800000b180000b3b50000b3b5 

    > load from +0x42e4 value 0x380e
0x3081: movsx bx, bl
  rax=0x00000000000002e4 rbx=0x000000000000151f rcx=0x000000000000ca25 rdx=0x000000000000fa8e
  rsi=0x000000000000000c rdi=0x000000000000040d flags=0b000000000110
  xmm0=0x000008790000087900009afd00009afd xmm1=0x00000aba00000aba0000665000006650 
  xmm2=0x00006822000068220000bfec0000bfec xmm3=0x0000c0580000c0580000c8720000c872 
  xmm4=0x000075df000075df000035f7000035f7 xmm5=0x0000a0370000a0370000f9b70000f9b7 
  xmm6=0x000095a0000095a00000efd30000efd3 xmm7=0x00000b1800000b180000b3b50000b3b5 

0x3085: cmovbe eax, esi
  rax=0x00000000000002e4 rbx=0x000000000000001f rcx=0x000000000000ca25 rdx=0x000000000000fa8e
  rsi=0x000000000000000c rdi=0x000000000000040d flags=0b000000000110
  xmm0=0x000008790000087900009afd00009afd xmm1=0x00000aba00000aba0000665000006650 
  xmm2=0x00006822000068220000bfec0000bfec xmm3=0x0000c0580000c0580000c8720000c872 
  xmm4=0x000075df000075df000035f7000035f7 xmm5=0x0000a0370000a0370000f9b70000f9b7 
  xmm6=0x000095a0000095a00000efd30000efd3 xmm7=0x00000b1800000b180000b3b50000b3b5 

0x3088: and rcx, 0b1111111111111
  rax=0x00000000000002e4 rbx=0x000000000000001f rcx=0x000000000000ca25 rdx=0x000000000000fa8e
  rsi=0x000000000000000c rdi=0x000000000000040d flags=0b000000000110
  xmm0=0x000008790000087900009afd00009afd xmm1=0x00000aba00000aba0000665000006650 
  xmm2=0x00006822000068220000bfec0000bfec xmm3=0x0000c0580000c0580000c8720000c872 
  xmm4=0x000075df000075df000035f7000035f7 xmm5=0x0000a0370000a0370000f9b70000f9b7 
  xmm6=0x000095a0000095a00000efd30000efd3 xmm7=0x00000b1800000b180000b3b50000b3b5 

0x308f: cmovle ax, [r14 +rcx]
  rax=0x00000000000002e4 rbx=0x000000000000001f rcx=0x0000000000000a25 rdx=0x000000000000fa8e
  rsi=0x000000000000000c rdi=0x000000000000040d flags=0b000000000010
  xmm0=0x000008790000087900009afd00009afd xmm1=0x00000aba00000aba0000665000006650 
  xmm2=0x00006822000068220000bfec0000bfec xmm3=0x0000c0580000c0580000c8720000c872 
  xmm4=0x000075df000075df000035f7000035f7 xmm5=0x0000a0370000a0370000f9b70000f9b7 
  xmm6=0x000095a0000095a00000efd30000efd3 xmm7=0x00000b1800000b180000b3b50000b3b5 

    > load from +0x4a25 value 0x6f
0x3095: and rsi, 0b1111111111111
  rax=0x00000000000002e4 rbx=0x000000000000001f rcx=0x0000000000000a25 rdx=0x000000000000fa8e
  rsi=0x000000000000000c rdi=0x000000000000040d flags=0b000000000010
  xmm0=0x000008790000087900009afd00009afd xmm1=0x00000aba00000aba0000665000006650 
  xmm2=0x00006822000068220000bfec0000bfec xmm3=0x0000c0580000c0580000c8720000c872 
  xmm4=0x000075df000075df000035f7000035f7 xmm5=0x0000a0370000a0370000f9b70000f9b7 
  xmm6=0x000095a0000095a00000efd30000efd3 xmm7=0x00000b1800000b180000b3b50000b3b5 

0x309c: cmovs ecx, [r14 +rsi]
  rax=0x00000000000002e4 rbx=0x000000000000001f rcx=0x0000000000000a25 rdx=0x000000000000fa8e
  rsi=0x000000000000000c rdi=0x000000000000040d flags=0b000000000110
  xmm0=0x000008790000087900009afd00009afd xmm1=0x00000aba00000aba0000665000006650 
  xmm2=0x00006822000068220000bfec0000bfec xmm3=0x0000c0580000c0580000c8720000c872 
  xmm4=0x000075df000075df000035f7000035f7 xmm5=0x0000a0370000a0370000f9b70000f9b7 
  xmm6=0x000095a0000095a00000efd30000efd3 xmm7=0x00000b1800000b180000b3b50000b3b5 

    > load from +0x400c value 0xed21
0x30a1: and rax, 0b1111111111111
  rax=0x00000000000002e4 rbx=0x000000000000001f rcx=0x0000000000000a25 rdx=0x000000000000fa8e
  rsi=0x000000000000000c rdi=0x000000000000040d flags=0b000000000110
  xmm0=0x000008790000087900009afd00009afd xmm1=0x00000aba00000aba0000665000006650 
  xmm2=0x00006822000068220000bfec0000bfec xmm3=0x0000c0580000c0580000c8720000c872 
  xmm4=0x000075df000075df000035f7000035f7 xmm5=0x0000a0370000a0370000f9b70000f9b7 
  xmm6=0x000095a0000095a00000efd30000efd3 xmm7=0x00000b1800000b180000b3b50000b3b5 

0x30a7: cmovnz rdi, [r14 +rax]
  rax=0x00000000000002e4 rbx=0x000000000000001f rcx=0x0000000000000a25 rdx=0x000000000000fa8e
  rsi=0x000000000000000c rdi=0x000000000000040d flags=0b000000000110
  xmm0=0x000008790000087900009afd00009afd xmm1=0x00000aba00000aba0000665000006650 
  xmm2=0x00006822000068220000bfec0000bfec xmm3=0x0000c0580000c0580000c8720000c872 
  xmm4=0x000075df000075df000035f7000035f7 xmm5=0x0000a0370000a0370000f9b70000f9b7 
  xmm6=0x000095a0000095a00000efd30000efd3 xmm7=0x00000b1800000b180000b3b50000b3b5 

    > load from +0x42e4 value 0x59d30000380e
0x30ac: and rsi, 0b1111111111111
  rax=0x00000000000002e4 rbx=0x000000000000001f rcx=0x0000000000000a25 rdx=0x000000000000fa8e
  rsi=0x000000000000000c rdi=0x000059d30000380e flags=0b000000000110
  xmm0=0x000008790000087900009afd00009afd xmm1=0x00000aba00000aba0000665000006650 
  xmm2=0x00006822000068220000bfec0000bfec xmm3=0x0000c0580000c0580000c8720000c872 
  xmm4=0x000075df000075df000035f7000035f7 xmm5=0x0000a0370000a0370000f9b70000f9b7 
  xmm6=0x000095a0000095a00000efd30000efd3 xmm7=0x00000b1800000b180000b3b50000b3b5 

0x30b3: test [r14 +rsi], dl
  rax=0x00000000000002e4 rbx=0x000000000000001f rcx=0x0000000000000a25 rdx=0x000000000000fa8e
  rsi=0x000000000000000c rdi=0x000059d30000380e flags=0b000000000110
  xmm0=0x000008790000087900009afd00009afd xmm1=0x00000aba00000aba0000665000006650 
  xmm2=0x00006822000068220000bfec0000bfec xmm3=0x0000c0580000c0580000c8720000c872 
  xmm4=0x000075df000075df000035f7000035f7 xmm5=0x0000a0370000a0370000f9b70000f9b7 
  xmm6=0x000095a0000095a00000efd30000efd3 xmm7=0x00000b1800000b180000b3b50000b3b5 

    > load from +0x400c value 0x21
0x30b7: test sil, 5
  rax=0x00000000000002e4 rbx=0x000000000000001f rcx=0x0000000000000a25 rdx=0x000000000000fa8e
  rsi=0x000000000000000c rdi=0x000059d30000380e flags=0b000001000110
  xmm0=0x000008790000087900009afd00009afd xmm1=0x00000aba00000aba0000665000006650 
  xmm2=0x00006822000068220000bfec0000bfec xmm3=0x0000c0580000c0580000c8720000c872 
  xmm4=0x000075df000075df000035f7000035f7 xmm5=0x0000a0370000a0370000f9b70000f9b7 
  xmm6=0x000095a0000095a00000efd30000efd3 xmm7=0x00000b1800000b180000b3b50000b3b5 

0x30bb: and rdx, 0b1111111111111
  rax=0x00000000000002e4 rbx=0x000000000000001f rcx=0x0000000000000a25 rdx=0x000000000000fa8e
  rsi=0x000000000000000c rdi=0x000059d30000380e flags=0b000000000010
  xmm0=0x000008790000087900009afd00009afd xmm1=0x00000aba00000aba0000665000006650 
  xmm2=0x00006822000068220000bfec0000bfec xmm3=0x0000c0580000c0580000c8720000c872 
  xmm4=0x000075df000075df000035f7000035f7 xmm5=0x0000a0370000a0370000f9b70000f9b7 
  xmm6=0x000095a0000095a00000efd30000efd3 xmm7=0x00000b1800000b180000b3b50000b3b5 

0x30c2: cmovnl edx, [r14 +rdx]
  rax=0x00000000000002e4 rbx=0x000000000000001f rcx=0x0000000000000a25 rdx=0x0000000000001a8e
  rsi=0x000000000000000c rdi=0x000059d30000380e flags=0b000000000110
  xmm0=0x000008790000087900009afd00009afd xmm1=0x00000aba00000aba0000665000006650 
  xmm2=0x00006822000068220000bfec0000bfec xmm3=0x0000c0580000c0580000c8720000c872 
  xmm4=0x000075df000075df000035f7000035f7 xmm5=0x0000a0370000a0370000f9b70000f9b7 
  xmm6=0x000095a0000095a00000efd30000efd3 xmm7=0x00000b1800000b180000b3b50000b3b5 

    > load from +0x5a8e value 0x8f500000
0x30c7: or cl, 0b1000
  rax=0x00000000000002e4 rbx=0x000000000000001f rcx=0x0000000000000a25 rdx=0x000000008f500000
  rsi=0x000000000000000c rdi=0x000059d30000380e flags=0b000000000110
  xmm0=0x000008790000087900009afd00009afd xmm1=0x00000aba00000aba0000665000006650 
  xmm2=0x00006822000068220000bfec0000bfec xmm3=0x0000c0580000c0580000c8720000c872 
  xmm4=0x000075df000075df000035f7000035f7 xmm5=0x0000a0370000a0370000f9b70000f9b7 
  xmm6=0x000095a0000095a00000efd30000efd3 xmm7=0x00000b1800000b180000b3b50000b3b5 

0x30ca: and cl, 0b11111000
  rax=0x00000000000002e4 rbx=0x000000000000001f rcx=0x0000000000000a2d rdx=0x000000008f500000
  rsi=0x000000000000000c rdi=0x000059d30000380e flags=0b000000000110
  xmm0=0x000008790000087900009afd00009afd xmm1=0x00000aba00000aba0000665000006650 
  xmm2=0x00006822000068220000bfec0000bfec xmm3=0x0000c0580000c0580000c8720000c872 
  xmm4=0x000075df000075df000035f7000035f7 xmm5=0x0000a0370000a0370000f9b70000f9b7 
  xmm6=0x000095a0000095a00000efd30000efd3 xmm7=0x00000b1800000b180000b3b50000b3b5 

0x30cd: mov ax, 1
  rax=0x00000000000002e4 rbx=0x000000000000001f rcx=0x0000000000000a28 rdx=0x000000008f500000
  rsi=0x000000000000000c rdi=0x000059d30000380e flags=0b000000000110
  xmm0=0x000008790000087900009afd00009afd xmm1=0x00000aba00000aba0000665000006650 
  xmm2=0x00006822000068220000bfec0000bfec xmm3=0x0000c0580000c0580000c8720000c872 
  xmm4=0x000075df000075df000035f7000035f7 xmm5=0x0000a0370000a0370000f9b70000f9b7 
  xmm6=0x000095a0000095a00000efd30000efd3 xmm7=0x00000b1800000b180000b3b50000b3b5 

0x30d1: idiv cl
  rax=0x0000000000000001 rbx=0x000000000000001f rcx=0x0000000000000a28 rdx=0x000000008f500000
  rsi=0x000000000000000c rdi=0x000059d30000380e flags=0b000000000110
  xmm0=0x000008790000087900009afd00009afd xmm1=0x00000aba00000aba0000665000006650 
  xmm2=0x00006822000068220000bfec0000bfec xmm3=0x0000c0580000c0580000c8720000c872 
  xmm4=0x000075df000075df000035f7000035f7 xmm5=0x0000a0370000a0370000f9b70000f9b7 
  xmm6=0x000095a0000095a00000efd30000efd3 xmm7=0x00000b1800000b180000b3b50000b3b5 

0x30d3: and rdi, 0b1111111111111
  rax=0x0000000000000100 rbx=0x000000000000001f rcx=0x0000000000000a28 rdx=0x000000008f500000
  rsi=0x000000000000000c rdi=0x000059d30000380e flags=0b000000000110
  xmm0=0x000008790000087900009afd00009afd xmm1=0x00000aba00000aba0000665000006650 
  xmm2=0x00006822000068220000bfec0000bfec xmm3=0x0000c0580000c0580000c8720000c872 
  xmm4=0x000075df000075df000035f7000035f7 xmm5=0x0000a0370000a0370000f9b70000f9b7 
  xmm6=0x000095a0000095a00000efd30000efd3 xmm7=0x00000b1800000b180000b3b50000b3b5 

0x30da: or [r14 +rdi], 0b1000000000000000000000000000000
  rax=0x0000000000000100 rbx=0x000000000000001f rcx=0x0000000000000a28 rdx=0x000000008f500000
  rsi=0x000000000000000c rdi=0x000000000000180e flags=0b000000000010
  xmm0=0x000008790000087900009afd00009afd xmm1=0x00000aba00000aba0000665000006650 
  xmm2=0x00006822000068220000bfec0000bfec xmm3=0x0000c0580000c0580000c8720000c872 
  xmm4=0x000075df000075df000035f7000035f7 xmm5=0x0000a0370000a0370000f9b70000f9b7 
  xmm6=0x000095a0000095a00000efd30000efd3 xmm7=0x00000b1800000b180000b3b50000b3b5 

    > load from +0x580e value 0x55100000
    > store to +0x580e value 0x55100000
0x30e2: bsf ebx, [r14 +rdi]
  rax=0x0000000000000100 rbx=0x000000000000001f rcx=0x0000000000000a28 rdx=0x000000008f500000
  rsi=0x000000000000000c rdi=0x000000000000180e flags=0b000000000110
  xmm0=0x000008790000087900009afd00009afd xmm1=0x00000aba00000aba0000665000006650 
  xmm2=0x00006822000068220000bfec0000bfec xmm3=0x0000c0580000c0580000c8720000c872 
  xmm4=0x000075df000075df000035f7000035f7 xmm5=0x0000a0370000a0370000f9b70000f9b7 
  xmm6=0x000095a0000095a00000efd30000efd3 xmm7=0x00000b1800000b180000b3b50000b3b5 

    > load from +0x580e value 0x55100000
0x30e7: and rbx, 0b1111111111111
  rax=0x0000000000000100 rbx=0x0000000000000014 rcx=0x0000000000000a28 rdx=0x000000008f500000
  rsi=0x000000000000000c rdi=0x000000000000180e flags=0b000000000110
  xmm0=0x000008790000087900009afd00009afd xmm1=0x00000aba00000aba0000665000006650 
  xmm2=0x00006822000068220000bfec0000bfec xmm3=0x0000c0580000c0580000c8720000c872 
  xmm4=0x000075df000075df000035f7000035f7 xmm5=0x0000a0370000a0370000f9b70000f9b7 
  xmm6=0x000095a0000095a00000efd30000efd3 xmm7=0x00000b1800000b180000b3b50000b3b5 

0x30ee: and rbx, [r14 +rbx]
  rax=0x0000000000000100 rbx=0x0000000000000014 rcx=0x0000000000000a28 rdx=0x000000008f500000
  rsi=0x000000000000000c rdi=0x000000000000180e flags=0b000000000110
  xmm0=0x000008790000087900009afd00009afd xmm1=0x00000aba00000aba0000665000006650 
  xmm2=0x00006822000068220000bfec0000bfec xmm3=0x0000c0580000c0580000c8720000c872 
  xmm4=0x000075df000075df000035f7000035f7 xmm5=0x0000a0370000a0370000f9b70000f9b7 
  xmm6=0x000095a0000095a00000efd30000efd3 xmm7=0x00000b1800000b180000b3b50000b3b5 

    > load from +0x4014 value 0x285a000001ea
0x30f2: and rcx, 0b1111111111111
  rax=0x0000000000000100 rbx=0x0000000000000000 rcx=0x0000000000000a28 rdx=0x000000008f500000
  rsi=0x000000000000000c rdi=0x000000000000180e flags=0b000001000110
  xmm0=0x000008790000087900009afd00009afd xmm1=0x00000aba00000aba0000665000006650 
  xmm2=0x00006822000068220000bfec0000bfec xmm3=0x0000c0580000c0580000c8720000c872 
  xmm4=0x000075df000075df000035f7000035f7 xmm5=0x0000a0370000a0370000f9b70000f9b7 
  xmm6=0x000095a0000095a00000efd30000efd3 xmm7=0x00000b1800000b180000b3b50000b3b5 

0x30f9: cmovbe rdx, [r14 +rcx]
  rax=0x0000000000000100 rbx=0x0000000000000000 rcx=0x0000000000000a28 rdx=0x000000008f500000
  rsi=0x000000000000000c rdi=0x000000000000180e flags=0b000000000110
  xmm0=0x000008790000087900009afd00009afd xmm1=0x00000aba00000aba0000665000006650 
  xmm2=0x00006822000068220000bfec0000bfec xmm3=0x0000c0580000c0580000c8720000c872 
  xmm4=0x000075df000075df000035f7000035f7 xmm5=0x0000a0370000a0370000f9b70000f9b7 
  xmm6=0x000095a0000095a00000efd30000efd3 xmm7=0x00000b1800000b180000b3b50000b3b5 

    > load from +0x4a28 value 0x90f3000090f3
0x30fe: or si, -44
  rax=0x0000000000000100 rbx=0x0000000000000000 rcx=0x0000000000000a28 rdx=0x000000008f500000
  rsi=0x000000000000000c rdi=0x000000000000180e flags=0b000000000110
  xmm0=0x000008790000087900009afd00009afd xmm1=0x00000aba00000aba0000665000006650 
  xmm2=0x00006822000068220000bfec0000bfec xmm3=0x0000c0580000c0580000c8720000c872 
  xmm4=0x000075df000075df000035f7000035f7 xmm5=0x0000a0370000a0370000f9b70000f9b7 
  xmm6=0x000095a0000095a00000efd30000efd3 xmm7=0x00000b1800000b180000b3b50000b3b5 

0x3102: and rdi, 0b1111111111111
  rax=0x0000000000000100 rbx=0x0000000000000000 rcx=0x0000000000000a28 rdx=0x000000008f500000
  rsi=0x000000000000ffdc rdi=0x000000000000180e flags=0b000010000010
  xmm0=0x000008790000087900009afd00009afd xmm1=0x00000aba00000aba0000665000006650 
  xmm2=0x00006822000068220000bfec0000bfec xmm3=0x0000c0580000c0580000c8720000c872 
  xmm4=0x000075df000075df000035f7000035f7 xmm5=0x0000a0370000a0370000f9b70000f9b7 
  xmm6=0x000095a0000095a00000efd30000efd3 xmm7=0x00000b1800000b180000b3b50000b3b5 

0x3109: movzx ecx, [r14 +rdi]
  rax=0x0000000000000100 rbx=0x0000000000000000 rcx=0x0000000000000a28 rdx=0x000000008f500000
  rsi=0x000000000000ffdc rdi=0x000000000000180e flags=0b000000000010
  xmm0=0x000008790000087900009afd00009afd xmm1=0x00000aba00000aba0000665000006650 
  xmm2=0x00006822000068220000bfec0000bfec xmm3=0x0000c0580000c0580000c8720000c872 
  xmm4=0x000075df000075df000035f7000035f7 xmm5=0x0000a0370000a0370000f9b70000f9b7 
  xmm6=0x000095a0000095a00000efd30000efd3 xmm7=0x00000b1800000b180000b3b50000b3b5 

    > load from +0x580e value 0x0
0x310e: cmovs rax, rax
  rax=0x0000000000000100 rbx=0x0000000000000000 rcx=0x0000000000000000 rdx=0x000000008f500000
  rsi=0x000000000000ffdc rdi=0x000000000000180e flags=0b000000000010
  xmm0=0x000008790000087900009afd00009afd xmm1=0x00000aba00000aba0000665000006650 
  xmm2=0x00006822000068220000bfec0000bfec xmm3=0x0000c0580000c0580000c8720000c872 
  xmm4=0x000075df000075df000035f7000035f7 xmm5=0x0000a0370000a0370000f9b70000f9b7 
  xmm6=0x000095a0000095a00000efd30000efd3 xmm7=0x00000b1800000b180000b3b50000b3b5 

0x3112: cmpxchg cl, bl
  rax=0x0000000000000100 rbx=0x0000000000000000 rcx=0x0000000000000000 rdx=0x000000008f500000
  rsi=0x000000000000ffdc rdi=0x000000000000180e flags=0b000000000010
  xmm0=0x000008790000087900009afd00009afd xmm1=0x00000aba00000aba0000665000006650 
  xmm2=0x00006822000068220000bfec0000bfec xmm3=0x0000c0580000c0580000c8720000c872 
  xmm4=0x000075df000075df000035f7000035f7 xmm5=0x0000a0370000a0370000f9b70000f9b7 
  xmm6=0x000095a0000095a00000efd30000efd3 xmm7=0x00000b1800000b180000b3b50000b3b5 

0x3115: and ax, -23215
  rax=0x0000000000000100 rbx=0x0000000000000000 rcx=0x0000000000000000 rdx=0x000000008f500000
  rsi=0x000000000000ffdc rdi=0x000000000000180e flags=0b000001000110
  xmm0=0x000008790000087900009afd00009afd xmm1=0x00000aba00000aba0000665000006650 
  xmm2=0x00006822000068220000bfec0000bfec xmm3=0x0000c0580000c0580000c8720000c872 
  xmm4=0x000075df000075df000035f7000035f7 xmm5=0x0000a0370000a0370000f9b70000f9b7 
  xmm6=0x000095a0000095a00000efd30000efd3 xmm7=0x00000b1800000b180000b3b50000b3b5 

0x3119: and rax, 0b1111111111111
  rax=0x0000000000000100 rbx=0x0000000000000000 rcx=0x0000000000000000 rdx=0x000000008f500000
  rsi=0x000000000000ffdc rdi=0x000000000000180e flags=0b000000000110
  xmm0=0x000008790000087900009afd00009afd xmm1=0x00000aba00000aba0000665000006650 
  xmm2=0x00006822000068220000bfec0000bfec xmm3=0x0000c0580000c0580000c8720000c872 
  xmm4=0x000075df000075df000035f7000035f7 xmm5=0x0000a0370000a0370000f9b70000f9b7 
  xmm6=0x000095a0000095a00000efd30000efd3 xmm7=0x00000b1800000b180000b3b50000b3b5 

0x311f: sub dil, [r14 +rax]
  rax=0x0000000000000100 rbx=0x0000000000000000 rcx=0x0000000000000000 rdx=0x000000008f500000
  rsi=0x000000000000ffdc rdi=0x000000000000180e flags=0b000000000110
  xmm0=0x000008790000087900009afd00009afd xmm1=0x00000aba00000aba0000665000006650 
  xmm2=0x00006822000068220000bfec0000bfec xmm3=0x0000c0580000c0580000c8720000c872 
  xmm4=0x000075df000075df000035f7000035f7 xmm5=0x0000a0370000a0370000f9b70000f9b7 
  xmm6=0x000095a0000095a00000efd30000efd3 xmm7=0x00000b1800000b180000b3b50000b3b5 

    > load from +0x4100 value 0x1c
0x3123: and rax, -994298424
  rax=0x0000000000000100 rbx=0x0000000000000000 rcx=0x0000000000000000 rdx=0x000000008f500000
  rsi=0x000000000000ffdc rdi=0x00000000000018f2 flags=0b000010000011
  xmm0=0x000008790000087900009afd00009afd xmm1=0x00000aba00000aba0000665000006650 
  xmm2=0x00006822000068220000bfec0000bfec xmm3=0x0000c0580000c0580000c8720000c872 
  xmm4=0x000075df000075df000035f7000035f7 xmm5=0x0000a0370000a0370000f9b70000f9b7 
  xmm6=0x000095a0000095a00000efd30000efd3 xmm7=0x00000b1800000b180000b3b50000b3b5 

0x3129: sets bl
  rax=0x0000000000000100 rbx=0x0000000000000000 rcx=0x0000000000000000 rdx=0x000000008f500000
  rsi=0x000000000000ffdc rdi=0x00000000000018f2 flags=0b000000000110
  xmm0=0x000008790000087900009afd00009afd xmm1=0x00000aba00000aba0000665000006650 
  xmm2=0x00006822000068220000bfec0000bfec xmm3=0x0000c0580000c0580000c8720000c872 
  xmm4=0x000075df000075df000035f7000035f7 xmm5=0x0000a0370000a0370000f9b70000f9b7 
  xmm6=0x000095a0000095a00000efd30000efd3 xmm7=0x00000b1800000b180000b3b50000b3b5 

0x312c: neg si
  rax=0x0000000000000100 rbx=0x0000000000000000 rcx=0x0000000000000000 rdx=0x000000008f500000
  rsi=0x000000000000ffdc rdi=0x00000000000018f2 flags=0b000000000110
  xmm0=0x000008790000087900009afd00009afd xmm1=0x00000aba00000aba0000665000006650 
  xmm2=0x00006822000068220000bfec0000bfec xmm3=0x0000c0580000c0580000c8720000c872 
  xmm4=0x000075df000075df000035f7000035f7 xmm5=0x0000a0370000a0370000f9b70000f9b7 
  xmm6=0x000095a0000095a00000efd30000efd3 xmm7=0x00000b1800000b180000b3b50000b3b5 

0x312f: cmovnb si, bx
  rax=0x0000000000000100 rbx=0x0000000000000000 rcx=0x0000000000000000 rdx=0x000000008f500000
  rsi=0x0000000000000024 rdi=0x00000000000018f2 flags=0b000000010111
  xmm0=0x000008790000087900009afd00009afd xmm1=0x00000aba00000aba0000665000006650 
  xmm2=0x00006822000068220000bfec0000bfec xmm3=0x0000c0580000c0580000c8720000c872 
  xmm4=0x000075df000075df000035f7000035f7 xmm5=0x0000a0370000a0370000f9b70000f9b7 
  xmm6=0x000095a0000095a00000efd30000efd3 xmm7=0x00000b1800000b180000b3b50000b3b5 

0x3133: and bl, -9
  rax=0x0000000000000100 rbx=0x0000000000000000 rcx=0x0000000000000000 rdx=0x000000008f500000
  rsi=0x0000000000000024 rdi=0x00000000000018f2 flags=0b000000010111
  xmm0=0x000008790000087900009afd00009afd xmm1=0x00000aba00000aba0000665000006650 
  xmm2=0x00006822000068220000bfec0000bfec xmm3=0x0000c0580000c0580000c8720000c872 
  xmm4=0x000075df000075df000035f7000035f7 xmm5=0x0000a0370000a0370000f9b70000f9b7 
  xmm6=0x000095a0000095a00000efd30000efd3 xmm7=0x00000b1800000b180000b3b50000b3b5 

0x3136: setp bl
  rax=0x0000000000000100 rbx=0x0000000000000000 rcx=0x0000000000000000 rdx=0x000000008f500000
  rsi=0x0000000000000024 rdi=0x00000000000018f2 flags=0b000001000110
  xmm0=0x000008790000087900009afd00009afd xmm1=0x00000aba00000aba0000665000006650 
  xmm2=0x00006822000068220000bfec0000bfec xmm3=0x0000c0580000c0580000c8720000c872 
  xmm4=0x000075df000075df000035f7000035f7 xmm5=0x0000a0370000a0370000f9b70000f9b7 
  xmm6=0x000095a0000095a00000efd30000efd3 xmm7=0x00000b1800000b180000b3b50000b3b5 

0x3139: and rsi, 0b1111111111111
  rax=0x0000000000000100 rbx=0x0000000000000001 rcx=0x0000000000000000 rdx=0x000000008f500000
  rsi=0x0000000000000024 rdi=0x00000000000018f2 flags=0b000001000110
  xmm0=0x000008790000087900009afd00009afd xmm1=0x00000aba00000aba0000665000006650 
  xmm2=0x00006822000068220000bfec0000bfec xmm3=0x0000c0580000c0580000c8720000c872 
  xmm4=0x000075df000075df000035f7000035f7 xmm5=0x0000a0370000a0370000f9b70000f9b7 
  xmm6=0x000095a0000095a00000efd30000efd3 xmm7=0x00000b1800000b180000b3b50000b3b5 

0x3140: or [r14 +rsi], 0b1000000000000000000000000000000
  rax=0x0000000000000100 rbx=0x0000000000000001 rcx=0x0000000000000000 rdx=0x000000008f500000
  rsi=0x0000000000000024 rdi=0x00000000000018f2 flags=0b000000000110
  xmm0=0x000008790000087900009afd00009afd xmm1=0x00000aba00000aba0000665000006650 
  xmm2=0x00006822000068220000bfec0000bfec xmm3=0x0000c0580000c0580000c8720000c872 
  xmm4=0x000075df000075df000035f7000035f7 xmm5=0x0000a0370000a0370000f9b70000f9b7 
  xmm6=0x000095a0000095a00000efd30000efd3 xmm7=0x00000b1800000b180000b3b50000b3b5 

    > load from +0x4024 value 0xc4f00002630
    > store to +0x4024 value 0xc4f40002630
0x3148: bsf rbx, [r14 +rsi]
  rax=0x0000000000000100 rbx=0x0000000000000001 rcx=0x0000000000000000 rdx=0x000000008f500000
  rsi=0x0000000000000024 rdi=0x00000000000018f2 flags=0b000000000110
  xmm0=0x000008790000087900009afd00009afd xmm1=0x00000aba00000aba0000665000006650 
  xmm2=0x00006822000068220000bfec0000bfec xmm3=0x0000c0580000c0580000c8720000c872 
  xmm4=0x000075df000075df000035f7000035f7 xmm5=0x0000a0370000a0370000f9b70000f9b7 
  xmm6=0x000095a0000095a00000efd30000efd3 xmm7=0x00000b1800000b180000b3b50000b3b5 

    > load from +0x4024 value 0xc4f40002630
0x314d: add dil, 86
  rax=0x0000000000000100 rbx=0x0000000000000004 rcx=0x0000000000000000 rdx=0x000000008f500000
  rsi=0x0000000000000024 rdi=0x00000000000018f2 flags=0b000000000110
  xmm0=0x000008790000087900009afd00009afd xmm1=0x00000aba00000aba0000665000006650 
  xmm2=0x00006822000068220000bfec0000bfec xmm3=0x0000c0580000c0580000c8720000c872 
  xmm4=0x000075df000075df000035f7000035f7 xmm5=0x0000a0370000a0370000f9b70000f9b7 
  xmm6=0x000095a0000095a00000efd30000efd3 xmm7=0x00000b1800000b180000b3b50000b3b5 

0x3151: and rsi, 0b1111111111111
  rax=0x0000000000000100 rbx=0x0000000000000004 rcx=0x0000000000000000 rdx=0x000000008f500000
  rsi=0x0000000000000024 rdi=0x0000000000001848 flags=0b000000000111
  xmm0=0x000008790000087900009afd00009afd xmm1=0x00000aba00000aba0000665000006650 
  xmm2=0x00006822000068220000bfec0000bfec xmm3=0x0000c0580000c0580000c8720000c872 
  xmm4=0x000075df000075df000035f7000035f7 xmm5=0x0000a0370000a0370000f9b70000f9b7 
  xmm6=0x000095a0000095a00000efd30000efd3 xmm7=0x00000b1800000b180000b3b50000b3b5 

0x3158: cmovnle edx, [r14 +rsi]
  rax=0x0000000000000100 rbx=0x0000000000000004 rcx=0x0000000000000000 rdx=0x000000008f500000
  rsi=0x0000000000000024 rdi=0x0000000000001848 flags=0b000000000110
  xmm0=0x000008790000087900009afd00009afd xmm1=0x00000aba00000aba0000665000006650 
  xmm2=0x00006822000068220000bfec0000bfec xmm3=0x0000c0580000c0580000c8720000c872 
  xmm4=0x000075df000075df000035f7000035f7 xmm5=0x0000a0370000a0370000f9b70000f9b7 
  xmm6=0x000095a0000095a00000efd30000efd3 xmm7=0x00000b1800000b180000b3b50000b3b5 

    > load from +0x4024 value 0x40002630
0x315d: sbb rsi, 61
  rax=0x0000000000000100 rbx=0x0000000000000004 rcx=0x0000000000000000 rdx=0x0000000040002630
  rsi=0x0000000000000024 rdi=0x0000000000001848 flags=0b000000000110
  xmm0=0x000008790000087900009afd00009afd xmm1=0x00000aba00000aba0000665000006650 
  xmm2=0x00006822000068220000bfec0000bfec xmm3=0x0000c0580000c0580000c8720000c872 
  xmm4=0x000075df000075df000035f7000035f7 xmm5=0x0000a0370000a0370000f9b70000f9b7 
  xmm6=0x000095a0000095a00000efd30000efd3 xmm7=0x00000b1800000b180000b3b50000b3b5 

0x3161: or dl, dl
  rax=0x0000000000000100 rbx=0x0000000000000004 rcx=0x0000000000000000 rdx=0x0000000040002630
  rsi=0xffffffffffffffe7 rdi=0x0000000000001848 flags=0b000010010111
  xmm0=0x000008790000087900009afd00009afd xmm1=0x00000aba00000aba0000665000006650 
  xmm2=0x00006822000068220000bfec0000bfec xmm3=0x0000c0580000c0580000c8720000c872 
  xmm4=0x000075df000075df000035f7000035f7 xmm5=0x0000a0370000a0370000f9b70000f9b7 
  xmm6=0x000095a0000095a00000efd30000efd3 xmm7=0x00000b1800000b180000b3b50000b3b5 

0x3163: and rbx, 0b1111111111111
  rax=0x0000000000000100 rbx=0x0000000000000004 rcx=0x0000000000000000 rdx=0x0000000040002630
  rsi=0xffffffffffffffe7 rdi=0x0000000000001848 flags=0b000000000110
  xmm0=0x000008790000087900009afd00009afd xmm1=0x00000aba00000aba0000665000006650 
  xmm2=0x00006822000068220000bfec0000bfec xmm3=0x0000c0580000c0580000c8720000c872 
  xmm4=0x000075df000075df000035f7000035f7 xmm5=0x0000a0370000a0370000f9b70000f9b7 
  xmm6=0x000095a0000095a00000efd30000efd3 xmm7=0x00000b1800000b180000b3b50000b3b5 

0x316a: and rcx, 0b1111111111111
  rax=0x0000000000000100 rbx=0x0000000000000004 rcx=0x0000000000000000 rdx=0x0000000040002630
  rsi=0xffffffffffffffe7 rdi=0x0000000000001848 flags=0b000000000010
  xmm0=0x000008790000087900009afd00009afd xmm1=0x00000aba00000aba0000665000006650 
  xmm2=0x00006822000068220000bfec0000bfec xmm3=0x0000c0580000c0580000c8720000c872 
  xmm4=0x000075df000075df000035f7000035f7 xmm5=0x0000a0370000a0370000f9b70000f9b7 
  xmm6=0x000095a0000095a00000efd30000efd3 xmm7=0x00000b1800000b180000b3b50000b3b5 

0x3171: cmp cx, [r14 +rcx]
  rax=0x0000000000000100 rbx=0x0000000000000004 rcx=0x0000000000000000 rdx=0x0000000040002630
  rsi=0xffffffffffffffe7 rdi=0x0000000000001848 flags=0b000001000110
  xmm0=0x000008790000087900009afd00009afd xmm1=0x00000aba00000aba0000665000006650 
  xmm2=0x00006822000068220000bfec0000bfec xmm3=0x0000c0580000c0580000c8720000c872 
  xmm4=0x000075df000075df000035f7000035f7 xmm5=0x0000a0370000a0370000f9b70000f9b7 
  xmm6=0x000095a0000095a00000efd30000efd3 xmm7=0x00000b1800000b180000b3b50000b3b5 

    > load from +0x4000 value 0xc08b
0x3176: add rbx, rax
  rax=0x0000000000000100 rbx=0x0000000000000004 rcx=0x0000000000000000 rdx=0x0000000040002630
  rsi=0xffffffffffffffe7 rdi=0x0000000000001848 flags=0b000000010011
  xmm0=0x000008790000087900009afd00009afd xmm1=0x00000aba00000aba0000665000006650 
  xmm2=0x00006822000068220000bfec0000bfec xmm3=0x0000c0580000c0580000c8720000c872 
  xmm4=0x000075df000075df000035f7000035f7 xmm5=0x0000a0370000a0370000f9b70000f9b7 
  xmm6=0x000095a0000095a00000efd30000efd3 xmm7=0x00000b1800000b180000b3b50000b3b5 

0x3179: bts edx, edi
  rax=0x0000000000000100 rbx=0x0000000000000104 rcx=0x0000000000000000 rdx=0x0000000040002630
  rsi=0xffffffffffffffe7 rdi=0x0000000000001848 flags=0b000000000010
  xmm0=0x000008790000087900009afd00009afd xmm1=0x00000aba00000aba0000665000006650 
  xmm2=0x00006822000068220000bfec0000bfec xmm3=0x0000c0580000c0580000c8720000c872 
  xmm4=0x000075df000075df000035f7000035f7 xmm5=0x0000a0370000a0370000f9b70000f9b7 
  xmm6=0x000095a0000095a00000efd30000efd3 xmm7=0x00000b1800000b180000b3b50000b3b5 

0x317c: macro .switch, .main.function_main_1
  rax=0x0000000000000100 rbx=0x0000000000000104 rcx=0x0000000000000000 rdx=0x0000000040002730
  rsi=0xffffffffffffffe7 rdi=0x0000000000001848 flags=0b000000000010
  xmm0=0x000008790000087900009afd00009afd xmm1=0x00000aba00000aba0000665000006650 
  xmm2=0x00006822000068220000bfec0000bfec xmm3=0x0000c0580000c0580000c8720000c872 
  xmm4=0x000075df000075df000035f7000035f7 xmm5=0x0000a0370000a0370000f9b70000f9b7 
  xmm6=0x000095a0000095a00000efd30000efd3 xmm7=0x00000b1800000b180000b3b50000b3b5 

0x8 : bt si, cx
  rax=0x0000000000000100 rbx=0x0000000000000104 rcx=0x0000000000000000 rdx=0x0000000040002730
  rsi=0xffffffffffffffe7 rdi=0x0000000000001848 flags=0b000000000010
  xmm0=0x000008790000087900009afd00009afd xmm1=0x00000aba00000aba0000665000006650 
  xmm2=0x00006822000068220000bfec0000bfec xmm3=0x0000c0580000c0580000c8720000c872 
  xmm4=0x000075df000075df000035f7000035f7 xmm5=0x0000a0370000a0370000f9b70000f9b7 
  xmm6=0x000095a0000095a00000efd30000efd3 xmm7=0x00000b1800000b180000b3b50000b3b5 

0xc : and rbx, 0b1111111111111
  rax=0x0000000000000100 rbx=0x0000000000000104 rcx=0x0000000000000000 rdx=0x0000000040002730
  rsi=0xffffffffffffffe7 rdi=0x0000000000001848 flags=0b000000000011
  xmm0=0x000008790000087900009afd00009afd xmm1=0x00000aba00000aba0000665000006650 
  xmm2=0x00006822000068220000bfec0000bfec xmm3=0x0000c0580000c0580000c8720000c872 
  xmm4=0x000075df000075df000035f7000035f7 xmm5=0x0000a0370000a0370000f9b70000f9b7 
  xmm6=0x000095a0000095a00000efd30000efd3 xmm7=0x00000b1800000b180000b3b50000b3b5 

0x13: mov dl, [r14 +rbx]
  rax=0x0000000000000100 rbx=0x0000000000000104 rcx=0x0000000000000000 rdx=0x0000000040002730
  rsi=0xffffffffffffffe7 rdi=0x0000000000001848 flags=0b000000000010
  xmm0=0x000008790000087900009afd00009afd xmm1=0x00000aba00000aba0000665000006650 
  xmm2=0x00006822000068220000bfec0000bfec xmm3=0x0000c0580000c0580000c8720000c872 
  xmm4=0x000075df000075df000035f7000035f7 xmm5=0x0000a0370000a0370000f9b70000f9b7 
  xmm6=0x000095a0000095a00000efd30000efd3 xmm7=0x00000b1800000b180000b3b50000b3b5 

    > load from +0x104 value 0xe5
0x17: and rdx, 0b1111111111111
  rax=0x0000000000000100 rbx=0x0000000000000104 rcx=0x0000000000000000 rdx=0x00000000400027e5
  rsi=0xffffffffffffffe7 rdi=0x0000000000001848 flags=0b000000000010
  xmm0=0x000008790000087900009afd00009afd xmm1=0x00000aba00000aba0000665000006650 
  xmm2=0x00006822000068220000bfec0000bfec xmm3=0x0000c0580000c0580000c8720000c872 
  xmm4=0x000075df000075df000035f7000035f7 xmm5=0x0000a0370000a0370000f9b70000f9b7 
  xmm6=0x000095a0000095a00000efd30000efd3 xmm7=0x00000b1800000b180000b3b50000b3b5 

0x1e: mul [r14 +rdx]
  rax=0x0000000000000100 rbx=0x0000000000000104 rcx=0x0000000000000000 rdx=0x00000000000007e5
  rsi=0xffffffffffffffe7 rdi=0x0000000000001848 flags=0b000000000010
  xmm0=0x000008790000087900009afd00009afd xmm1=0x00000aba00000aba0000665000006650 
  xmm2=0x00006822000068220000bfec0000bfec xmm3=0x0000c0580000c0580000c8720000c872 
  xmm4=0x000075df000075df000035f7000035f7 xmm5=0x0000a0370000a0370000f9b70000f9b7 
  xmm6=0x000095a0000095a00000efd30000efd3 xmm7=0x00000b1800000b180000b3b50000b3b5 

    > load from +0x7e5 value 0xa7
0x23: and rdx, 0b1111111111111
  rax=0x000000000000a700 rbx=0x0000000000000104 rcx=0x0000000000000000 rdx=0x0000000000000000
  rsi=0xffffffffffffffe7 rdi=0x0000000000001848 flags=0b000010000110
  xmm0=0x000008790000087900009afd00009afd xmm1=0x00000aba00000aba0000665000006650 
  xmm2=0x00006822000068220000bfec0000bfec xmm3=0x0000c0580000c0580000c8720000c872 
  xmm4=0x000075df000075df000035f7000035f7 xmm5=0x0000a0370000a0370000f9b70000f9b7 
  xmm6=0x000095a0000095a00000efd30000efd3 xmm7=0x00000b1800000b180000b3b50000b3b5 

0x2a: test [r14 +rdx], al
  rax=0x000000000000a700 rbx=0x0000000000000104 rcx=0x0000000000000000 rdx=0x0000000000000000
  rsi=0xffffffffffffffe7 rdi=0x0000000000001848 flags=0b000001000110
  xmm0=0x000008790000087900009afd00009afd xmm1=0x00000aba00000aba0000665000006650 
  xmm2=0x00006822000068220000bfec0000bfec xmm3=0x0000c0580000c0580000c8720000c872 
  xmm4=0x000075df000075df000035f7000035f7 xmm5=0x0000a0370000a0370000f9b70000f9b7 
  xmm6=0x000095a0000095a00000efd30000efd3 xmm7=0x00000b1800000b180000b3b50000b3b5 

    > load from +0x0 value 0x10
0x2e: and rsi, 0b1111111111111
  rax=0x000000000000a700 rbx=0x0000000000000104 rcx=0x0000000000000000 rdx=0x0000000000000000
  rsi=0xffffffffffffffe7 rdi=0x0000000000001848 flags=0b000001000110
  xmm0=0x000008790000087900009afd00009afd xmm1=0x00000aba00000aba0000665000006650 
  xmm2=0x00006822000068220000bfec0000bfec xmm3=0x0000c0580000c0580000c8720000c872 
  xmm4=0x000075df000075df000035f7000035f7 xmm5=0x0000a0370000a0370000f9b70000f9b7 
  xmm6=0x000095a0000095a00000efd30000efd3 xmm7=0x00000b1800000b180000b3b50000b3b5 

0x35: and rdi, 0b111
  rax=0x000000000000a700 rbx=0x0000000000000104 rcx=0x0000000000000000 rdx=0x0000000000000000
  rsi=0x0000000000001fe7 rdi=0x0000000000001848 flags=0b000000000110
  xmm0=0x000008790000087900009afd00009afd xmm1=0x00000aba00000aba0000665000006650 
  xmm2=0x00006822000068220000bfec0000bfec xmm3=0x0000c0580000c0580000c8720000c872 
  xmm4=0x000075df000075df000035f7000035f7 xmm5=0x0000a0370000a0370000f9b70000f9b7 
  xmm6=0x000095a0000095a00000efd30000efd3 xmm7=0x00000b1800000b180000b3b50000b3b5 

0x39: bt [r14 +rsi], rdi
  rax=0x000000000000a700 rbx=0x0000000000000104 rcx=0x0000000000000000 rdx=0x0000000000000000
  rsi=0x0000000000001fe7 rdi=0x0000000000000000 flags=0b000001000110
  xmm0=0x000008790000087900009afd00009afd xmm1=0x00000aba00000aba0000665000006650 
  xmm2=0x00006822000068220000bfec0000bfec xmm3=0x0000c0580000c0580000c8720000c872 
  xmm4=0x000075df000075df000035f7000035f7 xmm5=0x0000a0370000a0370000f9b70000f9b7 
  xmm6=0x000095a0000095a00000efd30000efd3 xmm7=0x00000b1800000b180000b3b50000b3b5 

    > load from +0x1fe7 value 0xed700000ed700
0x3e: and rdi, 0b1111111111111
  rax=0x000000000000a700 rbx=0x0000000000000104 rcx=0x0000000000000000 rdx=0x0000000000000000
  rsi=0x0000000000001fe7 rdi=0x0000000000000000 flags=0b000001000110
  xmm0=0x000008790000087900009afd00009afd xmm1=0x00000aba00000aba0000665000006650 
  xmm2=0x00006822000068220000bfec0000bfec xmm3=0x0000c0580000c0580000c8720000c872 
  xmm4=0x000075df000075df000035f7000035f7 xmm5=0x0000a0370000a0370000f9b70000f9b7 
  xmm6=0x000095a0000095a00000efd30000efd3 xmm7=0x00000b1800000b180000b3b50000b3b5 

0x45: cmp bl, [r14 +rdi]
  rax=0x000000000000a700 rbx=0x0000000000000104 rcx=0x0000000000000000 rdx=0x0000000000000000
  rsi=0x0000000000001fe7 rdi=0x0000000000000000 flags=0b000001000110
  xmm0=0x000008790000087900009afd00009afd xmm1=0x00000aba00000aba0000665000006650 
  xmm2=0x00006822000068220000bfec0000bfec xmm3=0x0000c0580000c0580000c8720000c872 
  xmm4=0x000075df000075df000035f7000035f7 xmm5=0x0000a0370000a0370000f9b70000f9b7 
  xmm6=0x000095a0000095a00000efd30000efd3 xmm7=0x00000b1800000b180000b3b50000b3b5 

    > load from +0x0 value 0x10
0x49: and rdx, 0b1111111111111
  rax=0x000000000000a700 rbx=0x0000000000000104 rcx=0x0000000000000000 rdx=0x0000000000000000
  rsi=0x0000000000001fe7 rdi=0x0000000000000000 flags=0b000010000011
  xmm0=0x000008790000087900009afd00009afd xmm1=0x00000aba00000aba0000665000006650 
  xmm2=0x00006822000068220000bfec0000bfec xmm3=0x0000c0580000c0580000c8720000c872 
  xmm4=0x000075df000075df000035f7000035f7 xmm5=0x0000a0370000a0370000f9b70000f9b7 
  xmm6=0x000095a0000095a00000efd30000efd3 xmm7=0x00000b1800000b180000b3b50000b3b5 

0x50: or [r14 +rdx], 1
  rax=0x000000000000a700 rbx=0x0000000000000104 rcx=0x0000000000000000 rdx=0x0000000000000000
  rsi=0x0000000000001fe7 rdi=0x0000000000000000 flags=0b000001000110
  xmm0=0x000008790000087900009afd00009afd xmm1=0x00000aba00000aba0000665000006650 
  xmm2=0x00006822000068220000bfec0000bfec xmm3=0x0000c0580000c0580000c8720000c872 
  xmm4=0x000075df000075df000035f7000035f7 xmm5=0x0000a0370000a0370000f9b70000f9b7 
  xmm6=0x000095a0000095a00000efd30000efd3 xmm7=0x00000b1800000b180000b3b50000b3b5 

    > load from +0x0 value 0x2f10
    > store to +0x0 value 0x2f11
0x55: and rsi, 0b1111111111111
  rax=0x000000000000a700 rbx=0x0000000000000104 rcx=0x0000000000000000 rdx=0x0000000000000000
  rsi=0x0000000000001fe7 rdi=0x0000000000000000 flags=0b000000000110
  xmm0=0x000008790000087900009afd00009afd xmm1=0x00000aba00000aba0000665000006650 
  xmm2=0x00006822000068220000bfec0000bfec xmm3=0x0000c0580000c0580000c8720000c872 
  xmm4=0x000075df000075df000035f7000035f7 xmm5=0x0000a0370000a0370000f9b70000f9b7 
  xmm6=0x000095a0000095a00000efd30000efd3 xmm7=0x00000b1800000b180000b3b50000b3b5 

0x5c: mov rax, [r14 +rsi]
  rax=0x000000000000a700 rbx=0x0000000000000104 rcx=0x0000000000000000 rdx=0x0000000000000000
  rsi=0x0000000000001fe7 rdi=0x0000000000000000 flags=0b000000000110
  xmm0=0x000008790000087900009afd00009afd xmm1=0x00000aba00000aba0000665000006650 
  xmm2=0x00006822000068220000bfec0000bfec xmm3=0x0000c0580000c0580000c8720000c872 
  xmm4=0x000075df000075df000035f7000035f7 xmm5=0x0000a0370000a0370000f9b70000f9b7 
  xmm6=0x000095a0000095a00000efd30000efd3 xmm7=0x00000b1800000b180000b3b50000b3b5 

    > load from +0x1fe7 value 0xed700000ed700
0x60: and rdx, 0b1111111111111
  rax=0x000ed700000ed700 rbx=0x0000000000000104 rcx=0x0000000000000000 rdx=0x0000000000000000
  rsi=0x0000000000001fe7 rdi=0x0000000000000000 flags=0b000000000110
  xmm0=0x000008790000087900009afd00009afd xmm1=0x00000aba00000aba0000665000006650 
  xmm2=0x00006822000068220000bfec0000bfec xmm3=0x0000c0580000c0580000c8720000c872 
  xmm4=0x000075df000075df000035f7000035f7 xmm5=0x0000a0370000a0370000f9b70000f9b7 
  xmm6=0x000095a0000095a00000efd30000efd3 xmm7=0x00000b1800000b180000b3b50000b3b5 

0x67: bt [r14 +rdx], 63
  rax=0x000ed700000ed700 rbx=0x0000000000000104 rcx=0x0000000000000000 rdx=0x0000000000000000
  rsi=0x0000000000001fe7 rdi=0x0000000000000000 flags=0b000001000110
  xmm0=0x000008790000087900009afd00009afd xmm1=0x00000aba00000aba0000665000006650 
  xmm2=0x00006822000068220000bfec0000bfec xmm3=0x0000c0580000c0580000c8720000c872 
  xmm4=0x000075df000075df000035f7000035f7 xmm5=0x0000a0370000a0370000f9b70000f9b7 
  xmm6=0x000095a0000095a00000efd30000efd3 xmm7=0x00000b1800000b180000b3b50000b3b5 

    > load from +0x0 value 0x2f11
0x6e: and rdx, 0b1111111111111
  rax=0x000ed700000ed700 rbx=0x0000000000000104 rcx=0x0000000000000000 rdx=0x0000000000000000
  rsi=0x0000000000001fe7 rdi=0x0000000000000000 flags=0b000001000110
  xmm0=0x000008790000087900009afd00009afd xmm1=0x00000aba00000aba0000665000006650 
  xmm2=0x00006822000068220000bfec0000bfec xmm3=0x0000c0580000c0580000c8720000c872 
  xmm4=0x000075df000075df000035f7000035f7 xmm5=0x0000a0370000a0370000f9b70000f9b7 
  xmm6=0x000095a0000095a00000efd30000efd3 xmm7=0x00000b1800000b180000b3b50000b3b5 

0x75: or bl, [r14 +rdx]
  rax=0x000ed700000ed700 rbx=0x0000000000000104 rcx=0x0000000000000000 rdx=0x0000000000000000
  rsi=0x0000000000001fe7 rdi=0x0000000000000000 flags=0b000001000110
  xmm0=0x000008790000087900009afd00009afd xmm1=0x00000aba00000aba0000665000006650 
  xmm2=0x00006822000068220000bfec0000bfec xmm3=0x0000c0580000c0580000c8720000c872 
  xmm4=0x000075df000075df000035f7000035f7 xmm5=0x0000a0370000a0370000f9b70000f9b7 
  xmm6=0x000095a0000095a00000efd30000efd3 xmm7=0x00000b1800000b180000b3b50000b3b5 

    > load from +0x0 value 0x11
0x79: and rdi, 0b1111111111111
  rax=0x000ed700000ed700 rbx=0x0000000000000115 rcx=0x0000000000000000 rdx=0x0000000000000000
  rsi=0x0000000000001fe7 rdi=0x0000000000000000 flags=0b000000000010
  xmm0=0x000008790000087900009afd00009afd xmm1=0x00000aba00000aba0000665000006650 
  xmm2=0x00006822000068220000bfec0000bfec xmm3=0x0000c0580000c0580000c8720000c872 
  xmm4=0x000075df000075df000035f7000035f7 xmm5=0x0000a0370000a0370000f9b70000f9b7 
  xmm6=0x000095a0000095a00000efd30000efd3 xmm7=0x00000b1800000b180000b3b50000b3b5 

0x80: and edi, [r14 +rdi]
  rax=0x000ed700000ed700 rbx=0x0000000000000115 rcx=0x0000000000000000 rdx=0x0000000000000000
  rsi=0x0000000000001fe7 rdi=0x0000000000000000 flags=0b000001000110
  xmm0=0x000008790000087900009afd00009afd xmm1=0x00000aba00000aba0000665000006650 
  xmm2=0x00006822000068220000bfec0000bfec xmm3=0x0000c0580000c0580000c8720000c872 
  xmm4=0x000075df000075df000035f7000035f7 xmm5=0x0000a0370000a0370000f9b70000f9b7 
  xmm6=0x000095a0000095a00000efd30000efd3 xmm7=0x00000b1800000b180000b3b50000b3b5 

    > load from +0x0 value 0x2f11
0x84: imul dx, dx
  rax=0x000ed700000ed700 rbx=0x0000000000000115 rcx=0x0000000000000000 rdx=0x0000000000000000
  rsi=0x0000000000001fe7 rdi=0x0000000000000000 flags=0b000001000110
  xmm0=0x000008790000087900009afd00009afd xmm1=0x00000aba00000aba0000665000006650 
  xmm2=0x00006822000068220000bfec0000bfec xmm3=0x0000c0580000c0580000c8720000c872 
  xmm4=0x000075df000075df000035f7000035f7 xmm5=0x0000a0370000a0370000f9b70000f9b7 
  xmm6=0x000095a0000095a00000efd30000efd3 xmm7=0x00000b1800000b180000b3b50000b3b5 

0x88: mov rdx, -3540594956425315704
  rax=0x000ed700000ed700 rbx=0x0000000000000115 rcx=0x0000000000000000 rdx=0x0000000000000000
  rsi=0x0000000000001fe7 rdi=0x0000000000000000 flags=0b000001000110
  xmm0=0x000008790000087900009afd00009afd xmm1=0x00000aba00000aba0000665000006650 
  xmm2=0x00006822000068220000bfec0000bfec xmm3=0x0000c0580000c0580000c8720000c872 
  xmm4=0x000075df000075df000035f7000035f7 xmm5=0x0000a0370000a0370000f9b70000f9b7 
  xmm6=0x000095a0000095a00000efd30000efd3 xmm7=0x00000b1800000b180000b3b50000b3b5 

0x92: and rdx, 0b1111111111111
  rax=0x000ed700000ed700 rbx=0x0000000000000115 rcx=0x0000000000000000 rdx=0xcedd47a560baba88
  rsi=0x0000000000001fe7 rdi=0x0000000000000000 flags=0b000001000110
  xmm0=0x000008790000087900009afd00009afd xmm1=0x00000aba00000aba0000665000006650 
  xmm2=0x00006822000068220000bfec0000bfec xmm3=0x0000c0580000c0580000c8720000c872 
  xmm4=0x000075df000075df000035f7000035f7 xmm5=0x0000a0370000a0370000f9b70000f9b7 
  xmm6=0x000095a0000095a00000efd30000efd3 xmm7=0x00000b1800000b180000b3b50000b3b5 

0x99: or [r14 +rdx], 1
  rax=0x000ed700000ed700 rbx=0x0000000000000115 rcx=0x0000000000000000 rdx=0x0000000000001a88
  rsi=0x0000000000001fe7 rdi=0x0000000000000000 flags=0b000000000110
  xmm0=0x000008790000087900009afd00009afd xmm1=0x00000aba00000aba0000665000006650 
  xmm2=0x00006822000068220000bfec0000bfec xmm3=0x0000c0580000c0580000c8720000c872 
  xmm4=0x000075df000075df000035f7000035f7 xmm5=0x0000a0370000a0370000f9b70000f9b7 
  xmm6=0x000095a0000095a00000efd30000efd3 xmm7=0x00000b1800000b180000b3b50000b3b5 

    > load from +0x1a88 value 0x9d29
    > store to +0x1a88 value 0x9d29
0x9f: add sil, -39
  rax=0x000ed700000ed700 rbx=0x0000000000000115 rcx=0x0000000000000000 rdx=0x0000000000001a88
  rsi=0x0000000000001fe7 rdi=0x0000000000000000 flags=0b000010000010
  xmm0=0x000008790000087900009afd00009afd xmm1=0x00000aba00000aba0000665000006650 
  xmm2=0x00006822000068220000bfec0000bfec xmm3=0x0000c0580000c0580000c8720000c872 
  xmm4=0x000075df000075df000035f7000035f7 xmm5=0x0000a0370000a0370000f9b70000f9b7 
  xmm6=0x000095a0000095a00000efd30000efd3 xmm7=0x00000b1800000b180000b3b50000b3b5 

0xa3: and rcx, 0b1111111111111
  rax=0x000ed700000ed700 rbx=0x0000000000000115 rcx=0x0000000000000000 rdx=0x0000000000001a88
  rsi=0x0000000000001fc0 rdi=0x0000000000000000 flags=0b000010010111
  xmm0=0x000008790000087900009afd00009afd xmm1=0x00000aba00000aba0000665000006650 
  xmm2=0x00006822000068220000bfec0000bfec xmm3=0x0000c0580000c0580000c8720000c872 
  xmm4=0x000075df000075df000035f7000035f7 xmm5=0x0000a0370000a0370000f9b70000f9b7 
  xmm6=0x000095a0000095a00000efd30000efd3 xmm7=0x00000b1800000b180000b3b50000b3b5 

0xaa: cmovp ax, [r14 +rcx]
  rax=0x000ed700000ed700 rbx=0x0000000000000115 rcx=0x0000000000000000 rdx=0x0000000000001a88
  rsi=0x0000000000001fc0 rdi=0x0000000000000000 flags=0b000001000110
  xmm0=0x000008790000087900009afd00009afd xmm1=0x00000aba00000aba0000665000006650 
  xmm2=0x00006822000068220000bfec0000bfec xmm3=0x0000c0580000c0580000c8720000c872 
  xmm4=0x000075df000075df000035f7000035f7 xmm5=0x0000a0370000a0370000f9b70000f9b7 
  xmm6=0x000095a0000095a00000efd30000efd3 xmm7=0x00000b1800000b180000b3b50000b3b5 

    > load from +0x0 value 0x2f11
0xb0: and rdi, 0b1111111111111
  rax=0x000ed700000e2f11 rbx=0x0000000000000115 rcx=0x0000000000000000 rdx=0x0000000000001a88
  rsi=0x0000000000001fc0 rdi=0x0000000000000000 flags=0b000001000110
  xmm0=0x000008790000087900009afd00009afd xmm1=0x00000aba00000aba0000665000006650 
  xmm2=0x00006822000068220000bfec0000bfec xmm3=0x0000c0580000c0580000c8720000c872 
  xmm4=0x000075df000075df000035f7000035f7 xmm5=0x0000a0370000a0370000f9b70000f9b7 
  xmm6=0x000095a0000095a00000efd30000efd3 xmm7=0x00000b1800000b180000b3b50000b3b5 

0xb7: xor al, [r14 +rdi]
  rax=0x000ed700000e2f11 rbx=0x0000000000000115 rcx=0x0000000000000000 rdx=0x0000000000001a88
  rsi=0x0000000000001fc0 rdi=0x0000000000000000 flags=0b000001000110
  xmm0=0x000008790000087900009afd00009afd xmm1=0x00000aba00000aba0000665000006650 
  xmm2=0x00006822000068220000bfec0000bfec xmm3=0x0000c0580000c0580000c8720000c872 
  xmm4=0x000075df000075df000035f7000035f7 xmm5=0x0000a0370000a0370000f9b70000f9b7 
  xmm6=0x000095a0000095a00000efd30000efd3 xmm7=0x00000b1800000b180000b3b50000b3b5 

    > load from +0x0 value 0x11
0xbb: xor ax, 27929
  rax=0x000ed700000e2f00 rbx=0x0000000000000115 rcx=0x0000000000000000 rdx=0x0000000000001a88
  rsi=0x0000000000001fc0 rdi=0x0000000000000000 flags=0b000001000110
  xmm0=0x000008790000087900009afd00009afd xmm1=0x00000aba00000aba0000665000006650 
  xmm2=0x00006822000068220000bfec0000bfec xmm3=0x0000c0580000c0580000c8720000c872 
  xmm4=0x000075df000075df000035f7000035f7 xmm5=0x0000a0370000a0370000f9b70000f9b7 
  xmm6=0x000095a0000095a00000efd30000efd3 xmm7=0x00000b1800000b180000b3b50000b3b5 

0xbf: and rdx, 0b1111111111111
  rax=0x000ed700000e4219 rbx=0x0000000000000115 rcx=0x0000000000000000 rdx=0x0000000000001a88
  rsi=0x0000000000001fc0 rdi=0x0000000000000000 flags=0b000000000010
  xmm0=0x000008790000087900009afd00009afd xmm1=0x00000aba00000aba0000665000006650 
  xmm2=0x00006822000068220000bfec0000bfec xmm3=0x0000c0580000c0580000c8720000c872 
  xmm4=0x000075df000075df000035f7000035f7 xmm5=0x0000a0370000a0370000f9b70000f9b7 
  xmm6=0x000095a0000095a00000efd30000efd3 xmm7=0x00000b1800000b180000b3b50000b3b5 

0xc6: nop [r14 +rdx]
  rax=0x000ed700000e4219 rbx=0x0000000000000115 rcx=0x0000000000000000 rdx=0x0000000000001a88
  rsi=0x0000000000001fc0 rdi=0x0000000000000000 flags=0b000000000110
  xmm0=0x000008790000087900009afd00009afd xmm1=0x00000aba00000aba0000665000006650 
  xmm2=0x00006822000068220000bfec0000bfec xmm3=0x0000c0580000c0580000c8720000c872 
  xmm4=0x000075df000075df000035f7000035f7 xmm5=0x0000a0370000a0370000f9b70000f9b7 
  xmm6=0x000095a0000095a00000efd30000efd3 xmm7=0x00000b1800000b180000b3b50000b3b5 

0xcb: xadd al, al
  rax=0x000ed700000e4219 rbx=0x0000000000000115 rcx=0x0000000000000000 rdx=0x0000000000001a88
  rsi=0x0000000000001fc0 rdi=0x0000000000000000 flags=0b000000000110
  xmm0=0x000008790000087900009afd00009afd xmm1=0x00000aba00000aba0000665000006650 
  xmm2=0x00006822000068220000bfec0000bfec xmm3=0x0000c0580000c0580000c8720000c872 
  xmm4=0x000075df000075df000035f7000035f7 xmm5=0x0000a0370000a0370000f9b70000f9b7 
  xmm6=0x000095a0000095a00000efd30000efd3 xmm7=0x00000b1800000b180000b3b50000b3b5 

0xce: and rax, 0b1111111111111
  rax=0x000ed700000e4232 rbx=0x0000000000000115 rcx=0x0000000000000000 rdx=0x0000000000001a88
  rsi=0x0000000000001fc0 rdi=0x0000000000000000 flags=0b000000010010
  xmm0=0x000008790000087900009afd00009afd xmm1=0x00000aba00000aba0000665000006650 
  xmm2=0x00006822000068220000bfec0000bfec xmm3=0x0000c0580000c0580000c8720000c872 
  xmm4=0x000075df000075df000035f7000035f7 xmm5=0x0000a0370000a0370000f9b70000f9b7 
  xmm6=0x000095a0000095a00000efd30000efd3 xmm7=0x00000b1800000b180000b3b50000b3b5 

0xd4: or sil, [r14 +rax]
  rax=0x0000000000000232 rbx=0x0000000000000115 rcx=0x0000000000000000 rdx=0x0000000000001a88
  rsi=0x0000000000001fc0 rdi=0x0000000000000000 flags=0b000000000010
  xmm0=0x000008790000087900009afd00009afd xmm1=0x00000aba00000aba0000665000006650 
  xmm2=0x00006822000068220000bfec0000bfec xmm3=0x0000c0580000c0580000c8720000c872 
  xmm4=0x000075df000075df000035f7000035f7 xmm5=0x0000a0370000a0370000f9b70000f9b7 
  xmm6=0x000095a0000095a00000efd30000efd3 xmm7=0x00000b1800000b180000b3b50000b3b5 

    > load from +0x232 value 0x0
0xd8: and rsi, 0b1111111111111
  rax=0x0000000000000232 rbx=0x0000000000000115 rcx=0x0000000000000000 rdx=0x0000000000001a88
  rsi=0x0000000000001fc0 rdi=0x0000000000000000 flags=0b000010000110
  xmm0=0x000008790000087900009afd00009afd xmm1=0x00000aba00000aba0000665000006650 
  xmm2=0x00006822000068220000bfec0000bfec xmm3=0x0000c0580000c0580000c8720000c872 
  xmm4=0x000075df000075df000035f7000035f7 xmm5=0x0000a0370000a0370000f9b70000f9b7 
  xmm6=0x000095a0000095a00000efd30000efd3 xmm7=0x00000b1800000b180000b3b50000b3b5 

0xdf: test [r14 +rsi], edx
  rax=0x0000000000000232 rbx=0x0000000000000115 rcx=0x0000000000000000 rdx=0x0000000000001a88
  rsi=0x0000000000001fc0 rdi=0x0000000000000000 flags=0b000000000110
  xmm0=0x000008790000087900009afd00009afd xmm1=0x00000aba00000aba0000665000006650 
  xmm2=0x00006822000068220000bfec0000bfec xmm3=0x0000c0580000c0580000c8720000c872 
  xmm4=0x000075df000075df000035f7000035f7 xmm5=0x0000a0370000a0370000f9b70000f9b7 
  xmm6=0x000095a0000095a00000efd30000efd3 xmm7=0x00000b1800000b180000b3b50000b3b5 

    > load from +0x1fc0 value 0xa5a4
0xe3: and rdi, 0b1111111111111
  rax=0x0000000000000232 rbx=0x0000000000000115 rcx=0x0000000000000000 rdx=0x0000000000001a88
  rsi=0x0000000000001fc0 rdi=0x0000000000000000 flags=0b000000000010
  xmm0=0x000008790000087900009afd00009afd xmm1=0x00000aba00000aba0000665000006650 
  xmm2=0x00006822000068220000bfec0000bfec xmm3=0x0000c0580000c0580000c8720000c872 
  xmm4=0x000075df000075df000035f7000035f7 xmm5=0x0000a0370000a0370000f9b70000f9b7 
  xmm6=0x000095a0000095a00000efd30000efd3 xmm7=0x00000b1800000b180000b3b50000b3b5 

0xea: adc bl, [r14 +rdi]
  rax=0x0000000000000232 rbx=0x0000000000000115 rcx=0x0000000000000000 rdx=0x0000000000001a88
  rsi=0x0000000000001fc0 rdi=0x0000000000000000 flags=0b000001000110
  xmm0=0x000008790000087900009afd00009afd xmm1=0x00000aba00000aba0000665000006650 
  xmm2=0x00006822000068220000bfec0000bfec xmm3=0x0000c0580000c0580000c8720000c872 
  xmm4=0x000075df000075df000035f7000035f7 xmm5=0x0000a0370000a0370000f9b70000f9b7 
  xmm6=0x000095a0000095a00000efd30000efd3 xmm7=0x00000b1800000b180000b3b50000b3b5 

    > load from +0x0 value 0x11
0xee: and rcx, 0b1111111111111
  rax=0x0000000000000232 rbx=0x0000000000000126 rcx=0x0000000000000000 rdx=0x0000000000001a88
  rsi=0x0000000000001fc0 rdi=0x0000000000000000 flags=0b000000000010
  xmm0=0x000008790000087900009afd00009afd xmm1=0x00000aba00000aba0000665000006650 
  xmm2=0x00006822000068220000bfec0000bfec xmm3=0x0000c0580000c0580000c8720000c872 
  xmm4=0x000075df000075df000035f7000035f7 xmm5=0x0000a0370000a0370000f9b70000f9b7 
  xmm6=0x000095a0000095a00000efd30000efd3 xmm7=0x00000b1800000b180000b3b50000b3b5 

0xf5: cmovbe rbx, [r14 +rcx]
  rax=0x0000000000000232 rbx=0x0000000000000126 rcx=0x0000000000000000 rdx=0x0000000000001a88
  rsi=0x0000000000001fc0 rdi=0x0000000000000000 flags=0b000001000110
  xmm0=0x000008790000087900009afd00009afd xmm1=0x00000aba00000aba0000665000006650 
  xmm2=0x00006822000068220000bfec0000bfec xmm3=0x0000c0580000c0580000c8720000c872 
  xmm4=0x000075df000075df000035f7000035f7 xmm5=0x0000a0370000a0370000f9b70000f9b7 
  xmm6=0x000095a0000095a00000efd30000efd3 xmm7=0x00000b1800000b180000b3b50000b3b5 

    > load from +0x0 value 0x2f1000002f11
0xfa: and rcx, 0b1111111111111
  rax=0x0000000000000232 rbx=0x00002f1000002f11 rcx=0x0000000000000000 rdx=0x0000000000001a88
  rsi=0x0000000000001fc0 rdi=0x0000000000000000 flags=0b000001000110
  xmm0=0x000008790000087900009afd00009afd xmm1=0x00000aba00000aba0000665000006650 
  xmm2=0x00006822000068220000bfec0000bfec xmm3=0x0000c0580000c0580000c8720000c872 
  xmm4=0x000075df000075df000035f7000035f7 xmm5=0x0000a0370000a0370000f9b70000f9b7 
  xmm6=0x000095a0000095a00000efd30000efd3 xmm7=0x00000b1800000b180000b3b50000b3b5 

0x101: cmovnl edx, [r14 +rcx]
  rax=0x0000000000000232 rbx=0x00002f1000002f11 rcx=0x0000000000000000 rdx=0x0000000000001a88
  rsi=0x0000000000001fc0 rdi=0x0000000000000000 flags=0b000001000110
  xmm0=0x000008790000087900009afd00009afd xmm1=0x00000aba00000aba0000665000006650 
  xmm2=0x00006822000068220000bfec0000bfec xmm3=0x0000c0580000c0580000c8720000c872 
  xmm4=0x000075df000075df000035f7000035f7 xmm5=0x0000a0370000a0370000f9b70000f9b7 
  xmm6=0x000095a0000095a00000efd30000efd3 xmm7=0x00000b1800000b180000b3b50000b3b5 

    > load from +0x0 value 0x2f11
0x106: and rdx, 0b1111111111111
  rax=0x0000000000000232 rbx=0x00002f1000002f11 rcx=0x0000000000000000 rdx=0x0000000000002f11
  rsi=0x0000000000001fc0 rdi=0x0000000000000000 flags=0b000001000110
  xmm0=0x000008790000087900009afd00009afd xmm1=0x00000aba00000aba0000665000006650 
  xmm2=0x00006822000068220000bfec0000bfec xmm3=0x0000c0580000c0580000c8720000c872 
  xmm4=0x000075df000075df000035f7000035f7 xmm5=0x0000a0370000a0370000f9b70000f9b7 
  xmm6=0x000095a0000095a00000efd30000efd3 xmm7=0x00000b1800000b180000b3b50000b3b5 

0x10d: imul si, [r14 +rdx]
  rax=0x0000000000000232 rbx=0x00002f1000002f11 rcx=0x0000000000000000 rdx=0x0000000000000f11
  rsi=0x0000000000001fc0 rdi=0x0000000000000000 flags=0b000000000110
  xmm0=0x000008790000087900009afd00009afd xmm1=0x00000aba00000aba0000665000006650 
  xmm2=0x00006822000068220000bfec0000bfec xmm3=0x0000c0580000c0580000c8720000c872 
  xmm4=0x000075df000075df000035f7000035f7 xmm5=0x0000a0370000a0370000f9b70000f9b7 
  xmm6=0x000095a0000095a00000efd30000efd3 xmm7=0x00000b1800000b180000b3b50000b3b5 

    > load from +0xf11 value 0x1
0x113: add dil, -118
  rax=0x0000000000000232 rbx=0x00002f1000002f11 rcx=0x0000000000000000 rdx=0x0000000000000f11
  rsi=0x0000000000001fc0 rdi=0x0000000000000000 flags=0b000000000110
  xmm0=0x000008790000087900009afd00009afd xmm1=0x00000aba00000aba0000665000006650 
  xmm2=0x00006822000068220000bfec0000bfec xmm3=0x0000c0580000c0580000c8720000c872 
  xmm4=0x000075df000075df000035f7000035f7 xmm5=0x0000a0370000a0370000f9b70000f9b7 
  xmm6=0x000095a0000095a00000efd30000efd3 xmm7=0x00000b1800000b180000b3b50000b3b5 

0x117: and rdx, 0b1111111111111
  rax=0x0000000000000232 rbx=0x00002f1000002f11 rcx=0x0000000000000000 rdx=0x0000000000000f11
  rsi=0x0000000000001fc0 rdi=0x000000000000008a flags=0b000010000010
  xmm0=0x000008790000087900009afd00009afd xmm1=0x00000aba00000aba0000665000006650 
  xmm2=0x00006822000068220000bfec0000bfec xmm3=0x0000c0580000c0580000c8720000c872 
  xmm4=0x000075df000075df000035f7000035f7 xmm5=0x0000a0370000a0370000f9b70000f9b7 
  xmm6=0x000095a0000095a00000efd30000efd3 xmm7=0x00000b1800000b180000b3b50000b3b5 

0x11e: cmovle di, [r14 +rdx]
  rax=0x0000000000000232 rbx=0x00002f1000002f11 rcx=0x0000000000000000 rdx=0x0000000000000f11
  rsi=0x0000000000001fc0 rdi=0x000000000000008a flags=0b000000000110
  xmm0=0x000008790000087900009afd00009afd xmm1=0x00000aba00000aba0000665000006650 
  xmm2=0x00006822000068220000bfec0000bfec xmm3=0x0000c0580000c0580000c8720000c872 
  xmm4=0x000075df000075df000035f7000035f7 xmm5=0x0000a0370000a0370000f9b70000f9b7 
  xmm6=0x000095a0000095a00000efd30000efd3 xmm7=0x00000b1800000b180000b3b50000b3b5 

    > load from +0xf11 value 0x1
0x124: and rax, 0b1111111111111
  rax=0x0000000000000232 rbx=0x00002f1000002f11 rcx=0x0000000000000000 rdx=0x0000000000000f11
  rsi=0x0000000000001fc0 rdi=0x000000000000008a flags=0b000000000110
  xmm0=0x000008790000087900009afd00009afd xmm1=0x00000aba00000aba0000665000006650 
  xmm2=0x00006822000068220000bfec0000bfec xmm3=0x0000c0580000c0580000c8720000c872 
  xmm4=0x000075df000075df000035f7000035f7 xmm5=0x0000a0370000a0370000f9b70000f9b7 
  xmm6=0x000095a0000095a00000efd30000efd3 xmm7=0x00000b1800000b180000b3b50000b3b5 

0x12a: test [r14 +rax], 114
  rax=0x0000000000000232 rbx=0x00002f1000002f11 rcx=0x0000000000000000 rdx=0x0000000000000f11
  rsi=0x0000000000001fc0 rdi=0x000000000000008a flags=0b000000000010
  xmm0=0x000008790000087900009afd00009afd xmm1=0x00000aba00000aba0000665000006650 
  xmm2=0x00006822000068220000bfec0000bfec xmm3=0x0000c0580000c0580000c8720000c872 
  xmm4=0x000075df000075df000035f7000035f7 xmm5=0x0000a0370000a0370000f9b70000f9b7 
  xmm6=0x000095a0000095a00000efd30000efd3 xmm7=0x00000b1800000b180000b3b50000b3b5 

    > load from +0x232 value 0x0
0x12f: and rbx, 0b1111111111111
  rax=0x0000000000000232 rbx=0x00002f1000002f11 rcx=0x0000000000000000 rdx=0x0000000000000f11
  rsi=0x0000000000001fc0 rdi=0x000000000000008a flags=0b000001000110
  xmm0=0x000008790000087900009afd00009afd xmm1=0x00000aba00000aba0000665000006650 
  xmm2=0x00006822000068220000bfec0000bfec xmm3=0x0000c0580000c0580000c8720000c872 
  xmm4=0x000075df000075df000035f7000035f7 xmm5=0x0000a0370000a0370000f9b70000f9b7 
  xmm6=0x000095a0000095a00000efd30000efd3 xmm7=0x00000b1800000b180000b3b50000b3b5 

0x136: cmovnp rcx, [r14 +rbx]
  rax=0x0000000000000232 rbx=0x0000000000000f11 rcx=0x0000000000000000 rdx=0x0000000000000f11
  rsi=0x0000000000001fc0 rdi=0x000000000000008a flags=0b000000000110
  xmm0=0x000008790000087900009afd00009afd xmm1=0x00000aba00000aba0000665000006650 
  xmm2=0x00006822000068220000bfec0000bfec xmm3=0x0000c0580000c0580000c8720000c872 
  xmm4=0x000075df000075df000035f7000035f7 xmm5=0x0000a0370000a0370000f9b70000f9b7 
  xmm6=0x000095a0000095a00000efd30000efd3 xmm7=0x00000b1800000b180000b3b50000b3b5 

    > load from +0xf11 value 0xd500000120000001
0x13b: and rbx, 0b1111111111111
  rax=0x0000000000000232 rbx=0x0000000000000f11 rcx=0x0000000000000000 rdx=0x0000000000000f11
  rsi=0x0000000000001fc0 rdi=0x000000000000008a flags=0b000000000110
  xmm0=0x000008790000087900009afd00009afd xmm1=0x00000aba00000aba0000665000006650 
  xmm2=0x00006822000068220000bfec0000bfec xmm3=0x0000c0580000c0580000c8720000c872 
  xmm4=0x000075df000075df000035f7000035f7 xmm5=0x0000a0370000a0370000f9b70000f9b7 
  xmm6=0x000095a0000095a00000efd30000efd3 xmm7=0x00000b1800000b180000b3b50000b3b5 

0x142: sub eax, [r14 +rbx]
  rax=0x0000000000000232 rbx=0x0000000000000f11 rcx=0x0000000000000000 rdx=0x0000000000000f11
  rsi=0x0000000000001fc0 rdi=0x000000000000008a flags=0b000000000110
  xmm0=0x000008790000087900009afd00009afd xmm1=0x00000aba00000aba0000665000006650 
  xmm2=0x00006822000068220000bfec0000bfec xmm3=0x0000c0580000c0580000c8720000c872 
  xmm4=0x000075df000075df000035f7000035f7 xmm5=0x0000a0370000a0370000f9b70000f9b7 
  xmm6=0x000095a0000095a00000efd30000efd3 xmm7=0x00000b1800000b180000b3b50000b3b5 

    > load from +0xf11 value 0x20000001
0x146: and rcx, 0b1111111111111
  rax=0x00000000e0000231 rbx=0x0000000000000f11 rcx=0x0000000000000000 rdx=0x0000000000000f11
  rsi=0x0000000000001fc0 rdi=0x000000000000008a flags=0b000010000011
  xmm0=0x000008790000087900009afd00009afd xmm1=0x00000aba00000aba0000665000006650 
  xmm2=0x00006822000068220000bfec0000bfec xmm3=0x0000c0580000c0580000c8720000c872 
  xmm4=0x000075df000075df000035f7000035f7 xmm5=0x0000a0370000a0370000f9b70000f9b7 
  xmm6=0x000095a0000095a00000efd30000efd3 xmm7=0x00000b1800000b180000b3b50000b3b5 

0x14d: cmovl si, [r14 +rcx]
  rax=0x00000000e0000231 rbx=0x0000000000000f11 rcx=0x0000000000000000 rdx=0x0000000000000f11
  rsi=0x0000000000001fc0 rdi=0x000000000000008a flags=0b000001000110
  xmm0=0x000008790000087900009afd00009afd xmm1=0x00000aba00000aba0000665000006650 
  xmm2=0x00006822000068220000bfec0000bfec xmm3=0x0000c0580000c0580000c8720000c872 
  xmm4=0x000075df000075df000035f7000035f7 xmm5=0x0000a0370000a0370000f9b70000f9b7 
  xmm6=0x000095a0000095a00000efd30000efd3 xmm7=0x00000b1800000b180000b3b50000b3b5 

    > load from +0x0 value 0x2f11
0x153: and rbx, 0b1111111111111
  rax=0x00000000e0000231 rbx=0x0000000000000f11 rcx=0x0000000000000000 rdx=0x0000000000000f11
  rsi=0x0000000000001fc0 rdi=0x000000000000008a flags=0b000001000110
  xmm0=0x000008790000087900009afd00009afd xmm1=0x00000aba00000aba0000665000006650 
  xmm2=0x00006822000068220000bfec0000bfec xmm3=0x0000c0580000c0580000c8720000c872 
  xmm4=0x000075df000075df000035f7000035f7 xmm5=0x0000a0370000a0370000f9b70000f9b7 
  xmm6=0x000095a0000095a00000efd30000efd3 xmm7=0x00000b1800000b180000b3b50000b3b5 

0x15a: cmovnz ax, [r14 +rbx]
  rax=0x00000000e0000231 rbx=0x0000000000000f11 rcx=0x0000000000000000 rdx=0x0000000000000f11
  rsi=0x0000000000001fc0 rdi=0x000000000000008a flags=0b000000000110
  xmm0=0x000008790000087900009afd00009afd xmm1=0x00000aba00000aba0000665000006650 
  xmm2=0x00006822000068220000bfec0000bfec xmm3=0x0000c0580000c0580000c8720000c872 
  xmm4=0x000075df000075df000035f7000035f7 xmm5=0x0000a0370000a0370000f9b70000f9b7 
  xmm6=0x000095a0000095a00000efd30000efd3 xmm7=0x00000b1800000b180000b3b50000b3b5 

    > load from +0xf11 value 0x1
0x160: and rax, 0b1111111111111
  rax=0x00000000e0000001 rbx=0x0000000000000f11 rcx=0x0000000000000000 rdx=0x0000000000000f11
  rsi=0x0000000000001fc0 rdi=0x000000000000008a flags=0b000000000110
  xmm0=0x000008790000087900009afd00009afd xmm1=0x00000aba00000aba0000665000006650 
  xmm2=0x00006822000068220000bfec0000bfec xmm3=0x0000c0580000c0580000c8720000c872 
  xmm4=0x000075df000075df000035f7000035f7 xmm5=0x0000a0370000a0370000f9b70000f9b7 
  xmm6=0x000095a0000095a00000efd30000efd3 xmm7=0x00000b1800000b180000b3b50000b3b5 

0x166: imul [r14 +rax]
  rax=0x0000000000000001 rbx=0x0000000000000f11 rcx=0x0000000000000000 rdx=0x0000000000000f11
  rsi=0x0000000000001fc0 rdi=0x000000000000008a flags=0b000000000010
  xmm0=0x000008790000087900009afd00009afd xmm1=0x00000aba00000aba0000665000006650 
  xmm2=0x00006822000068220000bfec0000bfec xmm3=0x0000c0580000c0580000c8720000c872 
  xmm4=0x000075df000075df000035f7000035f7 xmm5=0x0000a0370000a0370000f9b70000f9b7 
  xmm6=0x000095a0000095a00000efd30000efd3 xmm7=0x00000b1800000b180000b3b50000b3b5 

    > load from +0x1 value 0x2f
0x16b: sub dx, ax
  rax=0x000000000000002f rbx=0x0000000000000f11 rcx=0x0000000000000000 rdx=0x0000000000000000
  rsi=0x0000000000001fc0 rdi=0x000000000000008a flags=0b000000000010
  xmm0=0x000008790000087900009afd00009afd xmm1=0x00000aba00000aba0000665000006650 
  xmm2=0x00006822000068220000bfec0000bfec xmm3=0x0000c0580000c0580000c8720000c872 
  xmm4=0x000075df000075df000035f7000035f7 xmm5=0x0000a0370000a0370000f9b70000f9b7 
  xmm6=0x000095a0000095a00000efd30000efd3 xmm7=0x00000b1800000b180000b3b50000b3b5 

0x16e: and rdx, 0b1111111111111
  rax=0x000000000000002f rbx=0x0000000000000f11 rcx=0x0000000000000000 rdx=0x000000000000ffd1
  rsi=0x0000000000001fc0 rdi=0x000000000000008a flags=0b000010010111
  xmm0=0x000008790000087900009afd00009afd xmm1=0x00000aba00000aba0000665000006650 
  xmm2=0x00006822000068220000bfec0000bfec xmm3=0x0000c0580000c0580000c8720000c872 
  xmm4=0x000075df000075df000035f7000035f7 xmm5=0x0000a0370000a0370000f9b70000f9b7 
  xmm6=0x000095a0000095a00000efd30000efd3 xmm7=0x00000b1800000b180000b3b50000b3b5 

0x175: cmovo rcx, [r14 +rdx]
  rax=0x000000000000002f rbx=0x0000000000000f11 rcx=0x0000000000000000 rdx=0x0000000000001fd1
  rsi=0x0000000000001fc0 rdi=0x000000000000008a flags=0b000000000110
  xmm0=0x000008790000087900009afd00009afd xmm1=0x00000aba00000aba0000665000006650 
  xmm2=0x00006822000068220000bfec0000bfec xmm3=0x0000c0580000c0580000c8720000c872 
  xmm4=0x000075df000075df000035f7000035f7 xmm5=0x0000a0370000a0370000f9b70000f9b7 
  xmm6=0x000095a0000095a00000efd30000efd3 xmm7=0x00000b1800000b180000b3b50000b3b5 

    > load from +0x1fd1 value 0xdf000025c7000025
0x17a: and rdx, 0b1111111111111
  rax=0x000000000000002f rbx=0x0000000000000f11 rcx=0x0000000000000000 rdx=0x0000000000001fd1
  rsi=0x0000000000001fc0 rdi=0x000000000000008a flags=0b000000000110
  xmm0=0x000008790000087900009afd00009afd xmm1=0x00000aba00000aba0000665000006650 
  xmm2=0x00006822000068220000bfec0000bfec xmm3=0x0000c0580000c0580000c8720000c872 
  xmm4=0x000075df000075df000035f7000035f7 xmm5=0x0000a0370000a0370000f9b70000f9b7 
  xmm6=0x000095a0000095a00000efd30000efd3 xmm7=0x00000b1800000b180000b3b50000b3b5 

0x181: cmp [r14 +rdx], 28
  rax=0x000000000000002f rbx=0x0000000000000f11 rcx=0x0000000000000000 rdx=0x0000000000001fd1
  rsi=0x0000000000001fc0 rdi=0x000000000000008a flags=0b000000000110
  xmm0=0x000008790000087900009afd00009afd xmm1=0x00000aba00000aba0000665000006650 
  xmm2=0x00006822000068220000bfec0000bfec xmm3=0x0000c0580000c0580000c8720000c872 
  xmm4=0x000075df000075df000035f7000035f7 xmm5=0x0000a0370000a0370000f9b70000f9b7 
  xmm6=0x000095a0000095a00000efd30000efd3 xmm7=0x00000b1800000b180000b3b50000b3b5 

    > load from +0x1fd1 value 0xc7000025
0x186: xchg rsi, rax
  rax=0x000000000000002f rbx=0x0000000000000f11 rcx=0x0000000000000000 rdx=0x0000000000001fd1
  rsi=0x0000000000001fc0 rdi=0x000000000000008a flags=0b000010010110
  xmm0=0x000008790000087900009afd00009afd xmm1=0x00000aba00000aba0000665000006650 
  xmm2=0x00006822000068220000bfec0000bfec xmm3=0x0000c0580000c0580000c8720000c872 
  xmm4=0x000075df000075df000035f7000035f7 xmm5=0x0000a0370000a0370000f9b70000f9b7 
  xmm6=0x000095a0000095a00000efd30000efd3 xmm7=0x00000b1800000b180000b3b50000b3b5 

0x188: and rax, 0b1111111111111
  rax=0x0000000000001fc0 rbx=0x0000000000000f11 rcx=0x0000000000000000 rdx=0x0000000000001fd1
  rsi=0x000000000000002f rdi=0x000000000000008a flags=0b000010010110
  xmm0=0x000008790000087900009afd00009afd xmm1=0x00000aba00000aba0000665000006650 
  xmm2=0x00006822000068220000bfec0000bfec xmm3=0x0000c0580000c0580000c8720000c872 
  xmm4=0x000075df000075df000035f7000035f7 xmm5=0x0000a0370000a0370000f9b70000f9b7 
  xmm6=0x000095a0000095a00000efd30000efd3 xmm7=0x00000b1800000b180000b3b50000b3b5 

0x18e: sub dl, [r14 +rax]
  rax=0x0000000000001fc0 rbx=0x0000000000000f11 rcx=0x0000000000000000 rdx=0x0000000000001fd1
  rsi=0x000000000000002f rdi=0x000000000000008a flags=0b000000000110
  xmm0=0x000008790000087900009afd00009afd xmm1=0x00000aba00000aba0000665000006650 
  xmm2=0x00006822000068220000bfec0000bfec xmm3=0x0000c0580000c0580000c8720000c872 
  xmm4=0x000075df000075df000035f7000035f7 xmm5=0x0000a0370000a0370000f9b70000f9b7 
  xmm6=0x000095a0000095a00000efd30000efd3 xmm7=0x00000b1800000b180000b3b50000b3b5 

    > load from +0x1fc0 value 0xa4
0x192: cmovnle rsi, rdi
  rax=0x0000000000001fc0 rbx=0x0000000000000f11 rcx=0x0000000000000000 rdx=0x0000000000001f2d
  rsi=0x000000000000002f rdi=0x000000000000008a flags=0b000000010110
  xmm0=0x000008790000087900009afd00009afd xmm1=0x00000aba00000aba0000665000006650 
  xmm2=0x00006822000068220000bfec0000bfec xmm3=0x0000c0580000c0580000c8720000c872 
  xmm4=0x000075df000075df000035f7000035f7 xmm5=0x0000a0370000a0370000f9b70000f9b7 
  xmm6=0x000095a0000095a00000efd30000efd3 xmm7=0x00000b1800000b180000b3b50000b3b5 

0x196: and rbx, 0b1111111111111
  rax=0x0000000000001fc0 rbx=0x0000000000000f11 rcx=0x0000000000000000 rdx=0x0000000000001f2d
  rsi=0x000000000000008a rdi=0x000000000000008a flags=0b000000010110
  xmm0=0x000008790000087900009afd00009afd xmm1=0x00000aba00000aba0000665000006650 
  xmm2=0x00006822000068220000bfec0000bfec xmm3=0x0000c0580000c0580000c8720000c872 
  xmm4=0x000075df000075df000035f7000035f7 xmm5=0x0000a0370000a0370000f9b70000f9b7 
  xmm6=0x000095a0000095a00000efd30000efd3 xmm7=0x00000b1800000b180000b3b50000b3b5 

0x19d: or [r14 +rbx], 1
  rax=0x0000000000001fc0 rbx=0x0000000000000f11 rcx=0x0000000000000000 rdx=0x0000000000001f2d
  rsi=0x000000000000008a rdi=0x000000000000008a flags=0b000000000110
  xmm0=0x000008790000087900009afd00009afd xmm1=0x00000aba00000aba0000665000006650 
  xmm2=0x00006822000068220000bfec0000bfec xmm3=0x0000c0580000c0580000c8720000c872 
  xmm4=0x000075df000075df000035f7000035f7 xmm5=0x0000a0370000a0370000f9b70000f9b7 
  xmm6=0x000095a0000095a00000efd30000efd3 xmm7=0x00000b1800000b180000b3b50000b3b5 

    > load from +0xf11 value 0x1
    > store to +0xf11 value 0x1
0x1a3: and dx, [r14 +rbx]
  rax=0x0000000000001fc0 rbx=0x0000000000000f11 rcx=0x0000000000000000 rdx=0x0000000000001f2d
  rsi=0x000000000000008a rdi=0x000000000000008a flags=0b000000000010
  xmm0=0x000008790000087900009afd00009afd xmm1=0x00000aba00000aba0000665000006650 
  xmm2=0x00006822000068220000bfec0000bfec xmm3=0x0000c0580000c0580000c8720000c872 
  xmm4=0x000075df000075df000035f7000035f7 xmm5=0x0000a0370000a0370000f9b70000f9b7 
  xmm6=0x000095a0000095a00000efd30000efd3 xmm7=0x00000b1800000b180000b3b50000b3b5 

    > load from +0xf11 value 0x1
0x1a8: shr dx, 1
  rax=0x0000000000001fc0 rbx=0x0000000000000f11 rcx=0x0000000000000000 rdx=0x0000000000000001
  rsi=0x000000000000008a rdi=0x000000000000008a flags=0b000000000010
  xmm0=0x000008790000087900009afd00009afd xmm1=0x00000aba00000aba0000665000006650 
  xmm2=0x00006822000068220000bfec0000bfec xmm3=0x0000c0580000c0580000c8720000c872 
  xmm4=0x000075df000075df000035f7000035f7 xmm5=0x0000a0370000a0370000f9b70000f9b7 
  xmm6=0x000095a0000095a00000efd30000efd3 xmm7=0x00000b1800000b180000b3b50000b3b5 

0x1ab: div [r14 +rbx]
  rax=0x0000000000001fc0 rbx=0x0000000000000f11 rcx=0x0000000000000000 rdx=0x0000000000000000
  rsi=0x000000000000008a rdi=0x000000000000008a flags=0b000001000111
  xmm0=0x000008790000087900009afd00009afd xmm1=0x00000aba00000aba0000665000006650 
  xmm2=0x00006822000068220000bfec0000bfec xmm3=0x0000c0580000c0580000c8720000c872 
  xmm4=0x000075df000075df000035f7000035f7 xmm5=0x0000a0370000a0370000f9b70000f9b7 
  xmm6=0x000095a0000095a00000efd30000efd3 xmm7=0x00000b1800000b180000b3b50000b3b5 

    > load from +0xf11 value 0x1
0x1b0: mul cl
  rax=0x0000000000001fc0 rbx=0x0000000000000f11 rcx=0x0000000000000000 rdx=0x0000000000000000
  rsi=0x000000000000008a rdi=0x000000000000008a flags=0b000001000111
  xmm0=0x000008790000087900009afd00009afd xmm1=0x00000aba00000aba0000665000006650 
  xmm2=0x00006822000068220000bfec0000bfec xmm3=0x0000c0580000c0580000c8720000c872 
  xmm4=0x000075df000075df000035f7000035f7 xmm5=0x0000a0370000a0370000f9b70000f9b7 
  xmm6=0x000095a0000095a00000efd30000efd3 xmm7=0x00000b1800000b180000b3b50000b3b5 

0x1b2: dec dx
  rax=0x0000000000000000 rbx=0x0000000000000f11 rcx=0x0000000000000000 rdx=0x0000000000000000
  rsi=0x000000000000008a rdi=0x000000000000008a flags=0b000001000110
  xmm0=0x000008790000087900009afd00009afd xmm1=0x00000aba00000aba0000665000006650 
  xmm2=0x00006822000068220000bfec0000bfec xmm3=0x0000c0580000c0580000c8720000c872 
  xmm4=0x000075df000075df000035f7000035f7 xmm5=0x0000a0370000a0370000f9b70000f9b7 
  xmm6=0x000095a0000095a00000efd30000efd3 xmm7=0x00000b1800000b180000b3b50000b3b5 

0x1b5: not cx
  rax=0x0000000000000000 rbx=0x0000000000000f11 rcx=0x0000000000000000 rdx=0x000000000000ffff
  rsi=0x000000000000008a rdi=0x000000000000008a flags=0b000010010110
  xmm0=0x000008790000087900009afd00009afd xmm1=0x00000aba00000aba0000665000006650 
  xmm2=0x00006822000068220000bfec0000bfec xmm3=0x0000c0580000c0580000c8720000c872 
  xmm4=0x000075df000075df000035f7000035f7 xmm5=0x0000a0370000a0370000f9b70000f9b7 
  xmm6=0x000095a0000095a00000efd30000efd3 xmm7=0x00000b1800000b180000b3b50000b3b5 

0x1b8: adc dil, -18
  rax=0x0000000000000000 rbx=0x0000000000000f11 rcx=0x000000000000ffff rdx=0x000000000000ffff
  rsi=0x000000000000008a rdi=0x000000000000008a flags=0b000010010110
  xmm0=0x000008790000087900009afd00009afd xmm1=0x00000aba00000aba0000665000006650 
  xmm2=0x00006822000068220000bfec0000bfec xmm3=0x0000c0580000c0580000c8720000c872 
  xmm4=0x000075df000075df000035f7000035f7 xmm5=0x0000a0370000a0370000f9b70000f9b7 
  xmm6=0x000095a0000095a00000efd30000efd3 xmm7=0x00000b1800000b180000b3b50000b3b5 

0x1bc: neg cx
  rax=0x0000000000000000 rbx=0x0000000000000f11 rcx=0x000000000000ffff rdx=0x000000000000ffff
  rsi=0x000000000000008a rdi=0x0000000000000078 flags=0b100000010111
  xmm0=0x000008790000087900009afd00009afd xmm1=0x00000aba00000aba0000665000006650 
  xmm2=0x00006822000068220000bfec0000bfec xmm3=0x0000c0580000c0580000c8720000c872 
  xmm4=0x000075df000075df000035f7000035f7 xmm5=0x0000a0370000a0370000f9b70000f9b7 
  xmm6=0x000095a0000095a00000efd30000efd3 xmm7=0x00000b1800000b180000b3b50000b3b5 

0x1bf: sahf 
  rax=0x0000000000000000 rbx=0x0000000000000f11 rcx=0x0000000000000001 rdx=0x000000000000ffff
  rsi=0x000000000000008a rdi=0x0000000000000078 flags=0b000000010011
  xmm0=0x000008790000087900009afd00009afd xmm1=0x00000aba00000aba0000665000006650 
  xmm2=0x00006822000068220000bfec0000bfec xmm3=0x0000c0580000c0580000c8720000c872 
  xmm4=0x000075df000075df000035f7000035f7 xmm5=0x0000a0370000a0370000f9b70000f9b7 
  xmm6=0x000095a0000095a00000efd30000efd3 xmm7=0x00000b1800000b180000b3b50000b3b5 

0x1c0: and rcx, 0b1111111111111
  rax=0x0000000000000000 rbx=0x0000000000000f11 rcx=0x0000000000000001 rdx=0x000000000000ffff
  rsi=0x000000000000008a rdi=0x0000000000000078 flags=0b000000000010
  xmm0=0x000008790000087900009afd00009afd xmm1=0x00000aba00000aba0000665000006650 
  xmm2=0x00006822000068220000bfec0000bfec xmm3=0x0000c0580000c0580000c8720000c872 
  xmm4=0x000075df000075df000035f7000035f7 xmm5=0x0000a0370000a0370000f9b70000f9b7 
  xmm6=0x000095a0000095a00000efd30000efd3 xmm7=0x00000b1800000b180000b3b50000b3b5 

0x1c7: imul edi, [r14 +rcx], -69
  rax=0x0000000000000000 rbx=0x0000000000000f11 rcx=0x0000000000000001 rdx=0x000000000000ffff
  rsi=0x000000000000008a rdi=0x0000000000000078 flags=0b000000000010
  xmm0=0x000008790000087900009afd00009afd xmm1=0x00000aba00000aba0000665000006650 
  xmm2=0x00006822000068220000bfec0000bfec xmm3=0x0000c0580000c0580000c8720000c872 
  xmm4=0x000075df000075df000035f7000035f7 xmm5=0x0000a0370000a0370000f9b70000f9b7 
  xmm6=0x000095a0000095a00000efd30000efd3 xmm7=0x00000b1800000b180000b3b50000b3b5 

    > load from +0x1 value 0x1000002f
0x1cc: and rsi, 0b1111111111111
  rax=0x0000000000000000 rbx=0x0000000000000f11 rcx=0x0000000000000001 rdx=0x000000000000ffff
  rsi=0x000000000000008a rdi=0x00000000affff355 flags=0b100010000111
  xmm0=0x000008790000087900009afd00009afd xmm1=0x00000aba00000aba0000665000006650 
  xmm2=0x00006822000068220000bfec0000bfec xmm3=0x0000c0580000c0580000c8720000c872 
  xmm4=0x000075df000075df000035f7000035f7 xmm5=0x0000a0370000a0370000f9b70000f9b7 
  xmm6=0x000095a0000095a00000efd30000efd3 xmm7=0x00000b1800000b180000b3b50000b3b5 

0x1d3: and bl, [r14 +rsi]
  rax=0x0000000000000000 rbx=0x0000000000000f11 rcx=0x0000000000000001 rdx=0x000000000000ffff
  rsi=0x000000000000008a rdi=0x00000000affff355 flags=0b000000000010
  xmm0=0x000008790000087900009afd00009afd xmm1=0x00000aba00000aba0000665000006650 
  xmm2=0x00006822000068220000bfec0000bfec xmm3=0x0000c0580000c0580000c8720000c872 
  xmm4=0x000075df000075df000035f7000035f7 xmm5=0x0000a0370000a0370000f9b70000f9b7 
  xmm6=0x000095a0000095a00000efd30000efd3 xmm7=0x00000b1800000b180000b3b50000b3b5 

    > load from +0x8a value 0x0
0x1d7: and rcx, 0b1111111111111
  rax=0x0000000000000000 rbx=0x0000000000000f00 rcx=0x0000000000000001 rdx=0x000000000000ffff
  rsi=0x000000000000008a rdi=0x00000000affff355 flags=0b000001000110
  xmm0=0x000008790000087900009afd00009afd xmm1=0x00000aba00000aba0000665000006650 
  xmm2=0x00006822000068220000bfec0000bfec xmm3=0x0000c0580000c0580000c8720000c872 
  xmm4=0x000075df000075df000035f7000035f7 xmm5=0x0000a0370000a0370000f9b70000f9b7 
  xmm6=0x000095a0000095a00000efd30000efd3 xmm7=0x00000b1800000b180000b3b50000b3b5 

0x1de: macro .switch, .actor2.function_actor2_1
  rax=0x0000000000000000 rbx=0x0000000000000f00 rcx=0x0000000000000001 rdx=0x000000000000ffff
  rsi=0x000000000000008a rdi=0x00000000affff355 flags=0b000000000010
  xmm0=0x000008790000087900009afd00009afd xmm1=0x00000aba00000aba0000665000006650 
  xmm2=0x00006822000068220000bfec0000bfec xmm3=0x0000c0580000c0580000c8720000c872 
  xmm4=0x000075df000075df000035f7000035f7 xmm5=0x0000a0370000a0370000f9b70000f9b7 
  xmm6=0x000095a0000095a00000efd30000efd3 xmm7=0x00000b1800000b180000b3b50000b3b5 

0x3184: pushfq 
  rax=0x0000000000000000 rbx=0x0000000000000f00 rcx=0x0000000000000001 rdx=0x000000000000ffff
  rsi=0x000000000000008a rdi=0x00000000affff355 flags=0b000000000010
  xmm0=0x000008790000087900009afd00009afd xmm1=0x00000aba00000aba0000665000006650 
  xmm2=0x00006822000068220000bfec0000bfec xmm3=0x0000c0580000c0580000c8720000c872 
  xmm4=0x000075df000075df000035f7000035f7 xmm5=0x0000a0370000a0370000f9b70000f9b7 
  xmm6=0x000095a0000095a00000efd30000efd3 xmm7=0x00000b1800000b180000b3b50000b3b5 

    > store to +0x4ff0 value 0x2
0x3185: push rax
  rax=0x0000000000000000 rbx=0x0000000000000f00 rcx=0x0000000000000001 rdx=0x000000000000ffff
  rsi=0x000000000000008a rdi=0x00000000affff355 flags=0b000000000010
  xmm0=0x000008790000087900009afd00009afd xmm1=0x00000aba00000aba0000665000006650 
  xmm2=0x00006822000068220000bfec0000bfec xmm3=0x0000c0580000c0580000c8720000c872 
  xmm4=0x000075df000075df000035f7000035f7 xmm5=0x0000a0370000a0370000f9b70000f9b7 
  xmm6=0x000095a0000095a00000efd30000efd3 xmm7=0x00000b1800000b180000b3b50000b3b5 

    > store to +0x4fe8 value 0x0
0x3186: push rcx
  rax=0x0000000000000000 rbx=0x0000000000000f00 rcx=0x0000000000000001 rdx=0x000000000000ffff
  rsi=0x000000000000008a rdi=0x00000000affff355 flags=0b000000000010
  xmm0=0x000008790000087900009afd00009afd xmm1=0x00000aba00000aba0000665000006650 
  xmm2=0x00006822000068220000bfec0000bfec xmm3=0x0000c0580000c0580000c8720000c872 
  xmm4=0x000075df000075df000035f7000035f7 xmm5=0x0000a0370000a0370000f9b70000f9b7 
  xmm6=0x000095a0000095a00000efd30000efd3 xmm7=0x00000b1800000b180000b3b50000b3b5 

    > store to +0x4fe0 value 0x1
0x3187: push rdx
  rax=0x0000000000000000 rbx=0x0000000000000f00 rcx=0x0000000000000001 rdx=0x000000000000ffff
  rsi=0x000000000000008a rdi=0x00000000affff355 flags=0b000000000010
  xmm0=0x000008790000087900009afd00009afd xmm1=0x00000aba00000aba0000665000006650 
  xmm2=0x00006822000068220000bfec0000bfec xmm3=0x0000c0580000c0580000c8720000c872 
  xmm4=0x000075df000075df000035f7000035f7 xmm5=0x0000a0370000a0370000f9b70000f9b7 
  xmm6=0x000095a0000095a00000efd30000efd3 xmm7=0x00000b1800000b180000b3b50000b3b5 

    > store to +0x4fd8 value 0xffff
0x3188: mov ecx, 0x48
  rax=0x0000000000000000 rbx=0x0000000000000f00 rcx=0x0000000000000001 rdx=0x000000000000ffff
  rsi=0x000000000000008a rdi=0x00000000affff355 flags=0b000000000010
  xmm0=0x000008790000087900009afd00009afd xmm1=0x00000aba00000aba0000665000006650 
  xmm2=0x00006822000068220000bfec0000bfec xmm3=0x0000c0580000c0580000c8720000c872 
  xmm4=0x000075df000075df000035f7000035f7 xmm5=0x0000a0370000a0370000f9b70000f9b7 
  xmm6=0x000095a0000095a00000efd30000efd3 xmm7=0x00000b1800000b180000b3b50000b3b5 

0x318d: rdmsr 
  rax=0x0000000000000000 rbx=0x0000000000000f00 rcx=0x0000000000000048 rdx=0x000000000000ffff
  rsi=0x000000000000008a rdi=0x00000000affff355 flags=0b000000000010
  xmm0=0x000008790000087900009afd00009afd xmm1=0x00000aba00000aba0000665000006650 
  xmm2=0x00006822000068220000bfec0000bfec xmm3=0x0000c0580000c0580000c8720000c872 
  xmm4=0x000075df000075df000035f7000035f7 xmm5=0x0000a0370000a0370000f9b70000f9b7 
  xmm6=0x000095a0000095a00000efd30000efd3 xmm7=0x00000b1800000b180000b3b50000b3b5 

0x318f: and eax, 0xfffffffb
  rax=0x0000000000000000 rbx=0x0000000000000f00 rcx=0x0000000000000048 rdx=0x0000000000000000
  rsi=0x000000000000008a rdi=0x00000000affff355 flags=0b000000000010
  xmm0=0x000008790000087900009afd00009afd xmm1=0x00000aba00000aba0000665000006650 
  xmm2=0x00006822000068220000bfec0000bfec xmm3=0x0000c0580000c0580000c8720000c872 
  xmm4=0x000075df000075df000035f7000035f7 xmm5=0x0000a0370000a0370000f9b70000f9b7 
  xmm6=0x000095a0000095a00000efd30000efd3 xmm7=0x00000b1800000b180000b3b50000b3b5 

0x3192: or eax, 0x100
  rax=0x0000000000000000 rbx=0x0000000000000f00 rcx=0x0000000000000048 rdx=0x0000000000000000
  rsi=0x000000000000008a rdi=0x00000000affff355 flags=0b000001000110
  xmm0=0x000008790000087900009afd00009afd xmm1=0x00000aba00000aba0000665000006650 
  xmm2=0x00006822000068220000bfec0000bfec xmm3=0x0000c0580000c0580000c8720000c872 
  xmm4=0x000075df000075df000035f7000035f7 xmm5=0x0000a0370000a0370000f9b70000f9b7 
  xmm6=0x000095a0000095a00000efd30000efd3 xmm7=0x00000b1800000b180000b3b50000b3b5 

0x3197: wrmsr 
  rax=0x0000000000000100 rbx=0x0000000000000f00 rcx=0x0000000000000048 rdx=0x0000000000000000
  rsi=0x000000000000008a rdi=0x00000000affff355 flags=0b000000000110
  xmm0=0x000008790000087900009afd00009afd xmm1=0x00000aba00000aba0000665000006650 
  xmm2=0x00006822000068220000bfec0000bfec xmm3=0x0000c0580000c0580000c8720000c872 
  xmm4=0x000075df000075df000035f7000035f7 xmm5=0x0000a0370000a0370000f9b70000f9b7 
  xmm6=0x000095a0000095a00000efd30000efd3 xmm7=0x00000b1800000b180000b3b50000b3b5 

0x3199: mfence 
  rax=0x0000000000000100 rbx=0x0000000000000f00 rcx=0x0000000000000048 rdx=0x0000000000000000
  rsi=0x000000000000008a rdi=0x00000000affff355 flags=0b000000000110
  xmm0=0x000008790000087900009afd00009afd xmm1=0x00000aba00000aba0000665000006650 
  xmm2=0x00006822000068220000bfec0000bfec xmm3=0x0000c0580000c0580000c8720000c872 
  xmm4=0x000075df000075df000035f7000035f7 xmm5=0x0000a0370000a0370000f9b70000f9b7 
  xmm6=0x000095a0000095a00000efd30000efd3 xmm7=0x00000b1800000b180000b3b50000b3b5 

0x319c: lfence 
  rax=0x0000000000000100 rbx=0x0000000000000f00 rcx=0x0000000000000048 rdx=0x0000000000000000
  rsi=0x000000000000008a rdi=0x00000000affff355 flags=0b000000000110
  xmm0=0x000008790000087900009afd00009afd xmm1=0x00000aba00000aba0000665000006650 
  xmm2=0x00006822000068220000bfec0000bfec xmm3=0x0000c0580000c0580000c8720000c872 
  xmm4=0x000075df000075df000035f7000035f7 xmm5=0x0000a0370000a0370000f9b70000f9b7 
  xmm6=0x000095a0000095a00000efd30000efd3 xmm7=0x00000b1800000b180000b3b50000b3b5 

0x319f: macro .measurement_end, .noarg
  rax=0x0000000000000100 rbx=0x0000000000000f00 rcx=0x0000000000000048 rdx=0x0000000000000000
  rsi=0x000000000000008a rdi=0x00000000affff355 flags=0b000000000110
  xmm0=0x000008790000087900009afd00009afd xmm1=0x00000aba00000aba0000665000006650 
  xmm2=0x00006822000068220000bfec0000bfec xmm3=0x0000c0580000c0580000c8720000c872 
  xmm4=0x000075df000075df000035f7000035f7 xmm5=0x0000a0370000a0370000f9b70000f9b7 
  xmm6=0x000095a0000095a00000efd30000efd3 xmm7=0x00000b1800000b180000b3b50000b3b5 

0x31a7: mov ecx, 0x48
  rax=0x0000000000000100 rbx=0x0000000000000f00 rcx=0x0000000000000048 rdx=0x0000000000000000
  rsi=0x000000000000008a rdi=0x00000000affff355 flags=0b000000000110
  xmm0=0x000008790000087900009afd00009afd xmm1=0x00000aba00000aba0000665000006650 
  xmm2=0x00006822000068220000bfec0000bfec xmm3=0x0000c0580000c0580000c8720000c872 
  xmm4=0x000075df000075df000035f7000035f7 xmm5=0x0000a0370000a0370000f9b70000f9b7 
  xmm6=0x000095a0000095a00000efd30000efd3 xmm7=0x00000b1800000b180000b3b50000b3b5 

0x31ac: rdmsr 
  rax=0x0000000000000100 rbx=0x0000000000000f00 rcx=0x0000000000000048 rdx=0x0000000000000000
  rsi=0x000000000000008a rdi=0x00000000affff355 flags=0b000000000110
  xmm0=0x000008790000087900009afd00009afd xmm1=0x00000aba00000aba0000665000006650 
  xmm2=0x00006822000068220000bfec0000bfec xmm3=0x0000c0580000c0580000c8720000c872 
  xmm4=0x000075df000075df000035f7000035f7 xmm5=0x0000a0370000a0370000f9b70000f9b7 
  xmm6=0x000095a0000095a00000efd30000efd3 xmm7=0x00000b1800000b180000b3b50000b3b5 

0x31ae: and eax, 0xfffffffb
  rax=0x0000000000000000 rbx=0x0000000000000f00 rcx=0x0000000000000048 rdx=0x0000000000000000
  rsi=0x000000000000008a rdi=0x00000000affff355 flags=0b000000000110
  xmm0=0x000008790000087900009afd00009afd xmm1=0x00000aba00000aba0000665000006650 
  xmm2=0x00006822000068220000bfec0000bfec xmm3=0x0000c0580000c0580000c8720000c872 
  xmm4=0x000075df000075df000035f7000035f7 xmm5=0x0000a0370000a0370000f9b70000f9b7 
  xmm6=0x000095a0000095a00000efd30000efd3 xmm7=0x00000b1800000b180000b3b50000b3b5 

0x31b1: and eax, 0xfffffeff
  rax=0x0000000000000000 rbx=0x0000000000000f00 rcx=0x0000000000000048 rdx=0x0000000000000000
  rsi=0x000000000000008a rdi=0x00000000affff355 flags=0b000001000110
  xmm0=0x000008790000087900009afd00009afd xmm1=0x00000aba00000aba0000665000006650 
  xmm2=0x00006822000068220000bfec0000bfec xmm3=0x0000c0580000c0580000c8720000c872 
  xmm4=0x000075df000075df000035f7000035f7 xmm5=0x0000a0370000a0370000f9b70000f9b7 
  xmm6=0x000095a0000095a00000efd30000efd3 xmm7=0x00000b1800000b180000b3b50000b3b5 

0x31b6: wrmsr 
  rax=0x0000000000000000 rbx=0x0000000000000f00 rcx=0x0000000000000048 rdx=0x0000000000000000
  rsi=0x000000000000008a rdi=0x00000000affff355 flags=0b000001000110
  xmm0=0x000008790000087900009afd00009afd xmm1=0x00000aba00000aba0000665000006650 
  xmm2=0x00006822000068220000bfec0000bfec xmm3=0x0000c0580000c0580000c8720000c872 
  xmm4=0x000075df000075df000035f7000035f7 xmm5=0x0000a0370000a0370000f9b70000f9b7 
  xmm6=0x000095a0000095a00000efd30000efd3 xmm7=0x00000b1800000b180000b3b50000b3b5 

0x31b8: mfence 
  rax=0x0000000000000000 rbx=0x0000000000000f00 rcx=0x0000000000000048 rdx=0x0000000000000000
  rsi=0x000000000000008a rdi=0x00000000affff355 flags=0b000001000110
  xmm0=0x000008790000087900009afd00009afd xmm1=0x00000aba00000aba0000665000006650 
  xmm2=0x00006822000068220000bfec0000bfec xmm3=0x0000c0580000c0580000c8720000c872 
  xmm4=0x000075df000075df000035f7000035f7 xmm5=0x0000a0370000a0370000f9b70000f9b7 
  xmm6=0x000095a0000095a00000efd30000efd3 xmm7=0x00000b1800000b180000b3b50000b3b5 

0x31bb: lfence 
  rax=0x0000000000000000 rbx=0x0000000000000f00 rcx=0x0000000000000048 rdx=0x0000000000000000
  rsi=0x000000000000008a rdi=0x00000000affff355 flags=0b000001000110
  xmm0=0x000008790000087900009afd00009afd xmm1=0x00000aba00000aba0000665000006650 
  xmm2=0x00006822000068220000bfec0000bfec xmm3=0x0000c0580000c0580000c8720000c872 
  xmm4=0x000075df000075df000035f7000035f7 xmm5=0x0000a0370000a0370000f9b70000f9b7 
  xmm6=0x000095a0000095a00000efd30000efd3 xmm7=0x00000b1800000b180000b3b50000b3b5 

0x31be: pop rdx
  rax=0x0000000000000000 rbx=0x0000000000000f00 rcx=0x0000000000000048 rdx=0x0000000000000000
  rsi=0x000000000000008a rdi=0x00000000affff355 flags=0b000001000110
  xmm0=0x000008790000087900009afd00009afd xmm1=0x00000aba00000aba0000665000006650 
  xmm2=0x00006822000068220000bfec0000bfec xmm3=0x0000c0580000c0580000c8720000c872 
  xmm4=0x000075df000075df000035f7000035f7 xmm5=0x0000a0370000a0370000f9b70000f9b7 
  xmm6=0x000095a0000095a00000efd30000efd3 xmm7=0x00000b1800000b180000b3b50000b3b5 

    > load from +0x4fd8 value 0xffff
0x31bf: pop rcx
  rax=0x0000000000000000 rbx=0x0000000000000f00 rcx=0x0000000000000048 rdx=0x000000000000ffff
  rsi=0x000000000000008a rdi=0x00000000affff355 flags=0b000001000110
  xmm0=0x000008790000087900009afd00009afd xmm1=0x00000aba00000aba0000665000006650 
  xmm2=0x00006822000068220000bfec0000bfec xmm3=0x0000c0580000c0580000c8720000c872 
  xmm4=0x000075df000075df000035f7000035f7 xmm5=0x0000a0370000a0370000f9b70000f9b7 
  xmm6=0x000095a0000095a00000efd30000efd3 xmm7=0x00000b1800000b180000b3b50000b3b5 

    > load from +0x4fe0 value 0x1
0x31c0: pop rax
  rax=0x0000000000000000 rbx=0x0000000000000f00 rcx=0x0000000000000001 rdx=0x000000000000ffff
  rsi=0x000000000000008a rdi=0x00000000affff355 flags=0b000001000110
  xmm0=0x000008790000087900009afd00009afd xmm1=0x00000aba00000aba0000665000006650 
  xmm2=0x00006822000068220000bfec0000bfec xmm3=0x0000c0580000c0580000c8720000c872 
  xmm4=0x000075df000075df000035f7000035f7 xmm5=0x0000a0370000a0370000f9b70000f9b7 
  xmm6=0x000095a0000095a00000efd30000efd3 xmm7=0x00000b1800000b180000b3b50000b3b5 

    > load from +0x4fe8 value 0x0
0x31c1: popfq 
  rax=0x0000000000000000 rbx=0x0000000000000f00 rcx=0x0000000000000001 rdx=0x000000000000ffff
  rsi=0x000000000000008a rdi=0x00000000affff355 flags=0b000001000110
  xmm0=0x000008790000087900009afd00009afd xmm1=0x00000aba00000aba0000665000006650 
  xmm2=0x00006822000068220000bfec0000bfec xmm3=0x0000c0580000c0580000c8720000c872 
  xmm4=0x000075df000075df000035f7000035f7 xmm5=0x0000a0370000a0370000f9b70000f9b7 
  xmm6=0x000095a0000095a00000efd30000efd3 xmm7=0x00000b1800000b180000b3b50000b3b5 

    > load from +0x4ff0 value 0x2
0x31c2: macro .switch, .main.function_main_2
  rax=0x0000000000000000 rbx=0x0000000000000f00 rcx=0x0000000000000001 rdx=0x000000000000ffff
  rsi=0x000000000000008a rdi=0x00000000affff355 flags=0b000000000010
  xmm0=0x000008790000087900009afd00009afd xmm1=0x00000aba00000aba0000665000006650 
  xmm2=0x00006822000068220000bfec0000bfec xmm3=0x0000c0580000c0580000c8720000c872 
  xmm4=0x000075df000075df000035f7000035f7 xmm5=0x0000a0370000a0370000f9b70000f9b7 
  xmm6=0x000095a0000095a00000efd30000efd3 xmm7=0x00000b1800000b180000b3b50000b3b5 

0x1e6: nop  [test_case_exit]
  rax=0x0000000000000000 rbx=0x0000000000000f00 rcx=0x0000000000000001 rdx=0x000000000000ffff
  rsi=0x000000000000008a rdi=0x00000000affff355 flags=0b000000000010
  xmm0=0x000008790000087900009afd00009afd xmm1=0x00000aba00000aba0000665000006650 
  xmm2=0x00006822000068220000bfec0000bfec xmm3=0x0000c0580000c0580000c8720000c872 
  xmm4=0x000075df000075df000035f7000035f7 xmm5=0x0000a0370000a0370000f9b70000f9b7 
  xmm6=0x000095a0000095a00000efd30000efd3 xmm7=0x00000b1800000b180000b3b50000b3b5 





================================ Statistics ===================================

Test Cases: 1
Inputs per test case: 100.0
Violations: 1
Effectiveness: 
  Total Cls: 50.0
  Effective Cls: 50.0
Discarded Test Cases:
  Speculation Filter: 0
  Observation Filter: 0
  Fast Path: 0
  Max Nesting Check: 0
  Tainting Check: 0
  Early Priming Check: 0
  Large Sample Check: 0
  Priming Check: 0

Duration: 39.1
Finished at 11:05:02
