
INFO: [fuzzer] Starting at 10:59:02
> Entering slow path...> Priming  1              > Increase sample size to 40> Priming  1              > Increase sample size to 160> Priming  1              > Increase sample size to 320> Priming  1             

================================ Violations detected ==========================
Contract trace:
 1456697584412211539 (hash)
Hardware traces:
  Input group 1: [37]
  Input group 2: [87]
  ^..^.........^..^....^..........^.^^^^.^.^^....^...^^...^....^.^ [176    | 0     ]
  ^..^.........^..^...............^.^^^^.^.^^....^...^^...^....^.^ [144    | 320   ]

================================ Violation Traces =============================
                      ##### Input 37 #####

                     ##### Input 0 #####
0x0 : macro .switch, .actor2.function_actor2_0
  rax=0x000067ec000067ec rbx=0x0000512a0000512a rcx=0x0000041400000414 rdx=0x00008a4e00008a4e
  rsi=0x00001bc400001bc4 rdi=0x0000d89d0000d89d flags=0b000010000010
  xmm0=0x0000a33d0000a33d000042ed000042ed xmm1=0x00001379000013790000553300005533 
  xmm2=0x0000867c0000867c0000b9650000b965 xmm3=0x000086c3000086c300001aa900001aa9 
  xmm4=0x00000e6500000e650000566800005668 xmm5=0x0000e09d0000e09d0000504d0000504d 
  xmm6=0x0000a2c80000a2c8000078d5000078d5 xmm7=0x000018d3000018d30000201100002011 

0x3000: add dil, 95
  rax=0x000067ec000067ec rbx=0x0000512a0000512a rcx=0x0000041400000414 rdx=0x00008a4e00008a4e
  rsi=0x00001bc400001bc4 rdi=0x0000d89d0000d89d flags=0b000010000010
  xmm0=0x0000a33d0000a33d000042ed000042ed xmm1=0x00001379000013790000553300005533 
  xmm2=0x0000867c0000867c0000b9650000b965 xmm3=0x000086c3000086c300001aa900001aa9 
  xmm4=0x00000e6500000e650000566800005668 xmm5=0x0000e09d0000e09d0000504d0000504d 
  xmm6=0x0000a2c80000a2c8000078d5000078d5 xmm7=0x000018d3000018d30000201100002011 

0x3004: pushfq 
  rax=0x000067ec000067ec rbx=0x0000512a0000512a rcx=0x0000041400000414 rdx=0x00008a4e00008a4e
  rsi=0x00001bc400001bc4 rdi=0x0000d89d0000d8fc flags=0b000010010110
  xmm0=0x0000a33d0000a33d000042ed000042ed xmm1=0x00001379000013790000553300005533 
  xmm2=0x0000867c0000867c0000b9650000b965 xmm3=0x000086c3000086c300001aa900001aa9 
  xmm4=0x00000e6500000e650000566800005668 xmm5=0x0000e09d0000e09d0000504d0000504d 
  xmm6=0x0000a2c80000a2c8000078d5000078d5 xmm7=0x000018d3000018d30000201100002011 

    > store to +0x4ff0 value 0x96
0x3005: push rax
  rax=0x000067ec000067ec rbx=0x0000512a0000512a rcx=0x0000041400000414 rdx=0x00008a4e00008a4e
  rsi=0x00001bc400001bc4 rdi=0x0000d89d0000d8fc flags=0b000010010110
  xmm0=0x0000a33d0000a33d000042ed000042ed xmm1=0x00001379000013790000553300005533 
  xmm2=0x0000867c0000867c0000b9650000b965 xmm3=0x000086c3000086c300001aa900001aa9 
  xmm4=0x00000e6500000e650000566800005668 xmm5=0x0000e09d0000e09d0000504d0000504d 
  xmm6=0x0000a2c80000a2c8000078d5000078d5 xmm7=0x000018d3000018d30000201100002011 

    > store to +0x4fe8 value 0x67ec000067ec
0x3006: push rcx
  rax=0x000067ec000067ec rbx=0x0000512a0000512a rcx=0x0000041400000414 rdx=0x00008a4e00008a4e
  rsi=0x00001bc400001bc4 rdi=0x0000d89d0000d8fc flags=0b000010010110
  xmm0=0x0000a33d0000a33d000042ed000042ed xmm1=0x00001379000013790000553300005533 
  xmm2=0x0000867c0000867c0000b9650000b965 xmm3=0x000086c3000086c300001aa900001aa9 
  xmm4=0x00000e6500000e650000566800005668 xmm5=0x0000e09d0000e09d0000504d0000504d 
  xmm6=0x0000a2c80000a2c8000078d5000078d5 xmm7=0x000018d3000018d30000201100002011 

    > store to +0x4fe0 value 0x41400000414
0x3007: push rdx
  rax=0x000067ec000067ec rbx=0x0000512a0000512a rcx=0x0000041400000414 rdx=0x00008a4e00008a4e
  rsi=0x00001bc400001bc4 rdi=0x0000d89d0000d8fc flags=0b000010010110
  xmm0=0x0000a33d0000a33d000042ed000042ed xmm1=0x00001379000013790000553300005533 
  xmm2=0x0000867c0000867c0000b9650000b965 xmm3=0x000086c3000086c300001aa900001aa9 
  xmm4=0x00000e6500000e650000566800005668 xmm5=0x0000e09d0000e09d0000504d0000504d 
  xmm6=0x0000a2c80000a2c8000078d5000078d5 xmm7=0x000018d3000018d30000201100002011 

    > store to +0x4fd8 value 0x8a4e00008a4e
0x3008: mov ecx, 0x48
  rax=0x000067ec000067ec rbx=0x0000512a0000512a rcx=0x0000041400000414 rdx=0x00008a4e00008a4e
  rsi=0x00001bc400001bc4 rdi=0x0000d89d0000d8fc flags=0b000010010110
  xmm0=0x0000a33d0000a33d000042ed000042ed xmm1=0x00001379000013790000553300005533 
  xmm2=0x0000867c0000867c0000b9650000b965 xmm3=0x000086c3000086c300001aa900001aa9 
  xmm4=0x00000e6500000e650000566800005668 xmm5=0x0000e09d0000e09d0000504d0000504d 
  xmm6=0x0000a2c80000a2c8000078d5000078d5 xmm7=0x000018d3000018d30000201100002011 

0x300d: rdmsr 
  rax=0x000067ec000067ec rbx=0x0000512a0000512a rcx=0x0000000000000048 rdx=0x00008a4e00008a4e
  rsi=0x00001bc400001bc4 rdi=0x0000d89d0000d8fc flags=0b000010010110
  xmm0=0x0000a33d0000a33d000042ed000042ed xmm1=0x00001379000013790000553300005533 
  xmm2=0x0000867c0000867c0000b9650000b965 xmm3=0x000086c3000086c300001aa900001aa9 
  xmm4=0x00000e6500000e650000566800005668 xmm5=0x0000e09d0000e09d0000504d0000504d 
  xmm6=0x0000a2c80000a2c8000078d5000078d5 xmm7=0x000018d3000018d30000201100002011 

0x300f: and eax, 0xfffffffb
  rax=0x0000000000000000 rbx=0x0000512a0000512a rcx=0x0000000000000048 rdx=0x0000000000000000
  rsi=0x00001bc400001bc4 rdi=0x0000d89d0000d8fc flags=0b000010010110
  xmm0=0x0000a33d0000a33d000042ed000042ed xmm1=0x00001379000013790000553300005533 
  xmm2=0x0000867c0000867c0000b9650000b965 xmm3=0x000086c3000086c300001aa900001aa9 
  xmm4=0x00000e6500000e650000566800005668 xmm5=0x0000e09d0000e09d0000504d0000504d 
  xmm6=0x0000a2c80000a2c8000078d5000078d5 xmm7=0x000018d3000018d30000201100002011 

0x3012: or eax, 0x100
  rax=0x0000000000000000 rbx=0x0000512a0000512a rcx=0x0000000000000048 rdx=0x0000000000000000
  rsi=0x00001bc400001bc4 rdi=0x0000d89d0000d8fc flags=0b000001000110
  xmm0=0x0000a33d0000a33d000042ed000042ed xmm1=0x00001379000013790000553300005533 
  xmm2=0x0000867c0000867c0000b9650000b965 xmm3=0x000086c3000086c300001aa900001aa9 
  xmm4=0x00000e6500000e650000566800005668 xmm5=0x0000e09d0000e09d0000504d0000504d 
  xmm6=0x0000a2c80000a2c8000078d5000078d5 xmm7=0x000018d3000018d30000201100002011 

0x3017: wrmsr 
  rax=0x0000000000000100 rbx=0x0000512a0000512a rcx=0x0000000000000048 rdx=0x0000000000000000
  rsi=0x00001bc400001bc4 rdi=0x0000d89d0000d8fc flags=0b000000000110
  xmm0=0x0000a33d0000a33d000042ed000042ed xmm1=0x00001379000013790000553300005533 
  xmm2=0x0000867c0000867c0000b9650000b965 xmm3=0x000086c3000086c300001aa900001aa9 
  xmm4=0x00000e6500000e650000566800005668 xmm5=0x0000e09d0000e09d0000504d0000504d 
  xmm6=0x0000a2c80000a2c8000078d5000078d5 xmm7=0x000018d3000018d30000201100002011 

0x3019: mfence 
  rax=0x0000000000000100 rbx=0x0000512a0000512a rcx=0x0000000000000048 rdx=0x0000000000000000
  rsi=0x00001bc400001bc4 rdi=0x0000d89d0000d8fc flags=0b000000000110
  xmm0=0x0000a33d0000a33d000042ed000042ed xmm1=0x00001379000013790000553300005533 
  xmm2=0x0000867c0000867c0000b9650000b965 xmm3=0x000086c3000086c300001aa900001aa9 
  xmm4=0x00000e6500000e650000566800005668 xmm5=0x0000e09d0000e09d0000504d0000504d 
  xmm6=0x0000a2c80000a2c8000078d5000078d5 xmm7=0x000018d3000018d30000201100002011 

0x301c: lfence 
  rax=0x0000000000000100 rbx=0x0000512a0000512a rcx=0x0000000000000048 rdx=0x0000000000000000
  rsi=0x00001bc400001bc4 rdi=0x0000d89d0000d8fc flags=0b000000000110
  xmm0=0x0000a33d0000a33d000042ed000042ed xmm1=0x00001379000013790000553300005533 
  xmm2=0x0000867c0000867c0000b9650000b965 xmm3=0x000086c3000086c300001aa900001aa9 
  xmm4=0x00000e6500000e650000566800005668 xmm5=0x0000e09d0000e09d0000504d0000504d 
  xmm6=0x0000a2c80000a2c8000078d5000078d5 xmm7=0x000018d3000018d30000201100002011 

0x301f: macro .measurement_start, .noarg
  rax=0x0000000000000100 rbx=0x0000512a0000512a rcx=0x0000000000000048 rdx=0x0000000000000000
  rsi=0x00001bc400001bc4 rdi=0x0000d89d0000d8fc flags=0b000000000110
  xmm0=0x0000a33d0000a33d000042ed000042ed xmm1=0x00001379000013790000553300005533 
  xmm2=0x0000867c0000867c0000b9650000b965 xmm3=0x000086c3000086c300001aa900001aa9 
  xmm4=0x00000e6500000e650000566800005668 xmm5=0x0000e09d0000e09d0000504d0000504d 
  xmm6=0x0000a2c80000a2c8000078d5000078d5 xmm7=0x000018d3000018d30000201100002011 

0x3027: mov ecx, 0x48
  rax=0x0000000000000100 rbx=0x0000512a0000512a rcx=0x0000000000000048 rdx=0x0000000000000000
  rsi=0x00001bc400001bc4 rdi=0x0000d89d0000d8fc flags=0b000000000110
  xmm0=0x0000a33d0000a33d000042ed000042ed xmm1=0x00001379000013790000553300005533 
  xmm2=0x0000867c0000867c0000b9650000b965 xmm3=0x000086c3000086c300001aa900001aa9 
  xmm4=0x00000e6500000e650000566800005668 xmm5=0x0000e09d0000e09d0000504d0000504d 
  xmm6=0x0000a2c80000a2c8000078d5000078d5 xmm7=0x000018d3000018d30000201100002011 

0x302c: rdmsr 
  rax=0x0000000000000100 rbx=0x0000512a0000512a rcx=0x0000000000000048 rdx=0x0000000000000000
  rsi=0x00001bc400001bc4 rdi=0x0000d89d0000d8fc flags=0b000000000110
  xmm0=0x0000a33d0000a33d000042ed000042ed xmm1=0x00001379000013790000553300005533 
  xmm2=0x0000867c0000867c0000b9650000b965 xmm3=0x000086c3000086c300001aa900001aa9 
  xmm4=0x00000e6500000e650000566800005668 xmm5=0x0000e09d0000e09d0000504d0000504d 
  xmm6=0x0000a2c80000a2c8000078d5000078d5 xmm7=0x000018d3000018d30000201100002011 

0x302e: and eax, 0xfffffffb
  rax=0x0000000000000000 rbx=0x0000512a0000512a rcx=0x0000000000000048 rdx=0x0000000000000000
  rsi=0x00001bc400001bc4 rdi=0x0000d89d0000d8fc flags=0b000000000110
  xmm0=0x0000a33d0000a33d000042ed000042ed xmm1=0x00001379000013790000553300005533 
  xmm2=0x0000867c0000867c0000b9650000b965 xmm3=0x000086c3000086c300001aa900001aa9 
  xmm4=0x00000e6500000e650000566800005668 xmm5=0x0000e09d0000e09d0000504d0000504d 
  xmm6=0x0000a2c80000a2c8000078d5000078d5 xmm7=0x000018d3000018d30000201100002011 

0x3031: and eax, 0xfffffeff
  rax=0x0000000000000000 rbx=0x0000512a0000512a rcx=0x0000000000000048 rdx=0x0000000000000000
  rsi=0x00001bc400001bc4 rdi=0x0000d89d0000d8fc flags=0b000001000110
  xmm0=0x0000a33d0000a33d000042ed000042ed xmm1=0x00001379000013790000553300005533 
  xmm2=0x0000867c0000867c0000b9650000b965 xmm3=0x000086c3000086c300001aa900001aa9 
  xmm4=0x00000e6500000e650000566800005668 xmm5=0x0000e09d0000e09d0000504d0000504d 
  xmm6=0x0000a2c80000a2c8000078d5000078d5 xmm7=0x000018d3000018d30000201100002011 

0x3036: wrmsr 
  rax=0x0000000000000000 rbx=0x0000512a0000512a rcx=0x0000000000000048 rdx=0x0000000000000000
  rsi=0x00001bc400001bc4 rdi=0x0000d89d0000d8fc flags=0b000001000110
  xmm0=0x0000a33d0000a33d000042ed000042ed xmm1=0x00001379000013790000553300005533 
  xmm2=0x0000867c0000867c0000b9650000b965 xmm3=0x000086c3000086c300001aa900001aa9 
  xmm4=0x00000e6500000e650000566800005668 xmm5=0x0000e09d0000e09d0000504d0000504d 
  xmm6=0x0000a2c80000a2c8000078d5000078d5 xmm7=0x000018d3000018d30000201100002011 

0x3038: mfence 
  rax=0x0000000000000000 rbx=0x0000512a0000512a rcx=0x0000000000000048 rdx=0x0000000000000000
  rsi=0x00001bc400001bc4 rdi=0x0000d89d0000d8fc flags=0b000001000110
  xmm0=0x0000a33d0000a33d000042ed000042ed xmm1=0x00001379000013790000553300005533 
  xmm2=0x0000867c0000867c0000b9650000b965 xmm3=0x000086c3000086c300001aa900001aa9 
  xmm4=0x00000e6500000e650000566800005668 xmm5=0x0000e09d0000e09d0000504d0000504d 
  xmm6=0x0000a2c80000a2c8000078d5000078d5 xmm7=0x000018d3000018d30000201100002011 

0x303b: lfence 
  rax=0x0000000000000000 rbx=0x0000512a0000512a rcx=0x0000000000000048 rdx=0x0000000000000000
  rsi=0x00001bc400001bc4 rdi=0x0000d89d0000d8fc flags=0b000001000110
  xmm0=0x0000a33d0000a33d000042ed000042ed xmm1=0x00001379000013790000553300005533 
  xmm2=0x0000867c0000867c0000b9650000b965 xmm3=0x000086c3000086c300001aa900001aa9 
  xmm4=0x00000e6500000e650000566800005668 xmm5=0x0000e09d0000e09d0000504d0000504d 
  xmm6=0x0000a2c80000a2c8000078d5000078d5 xmm7=0x000018d3000018d30000201100002011 

0x303e: pop rdx
  rax=0x0000000000000000 rbx=0x0000512a0000512a rcx=0x0000000000000048 rdx=0x0000000000000000
  rsi=0x00001bc400001bc4 rdi=0x0000d89d0000d8fc flags=0b000001000110
  xmm0=0x0000a33d0000a33d000042ed000042ed xmm1=0x00001379000013790000553300005533 
  xmm2=0x0000867c0000867c0000b9650000b965 xmm3=0x000086c3000086c300001aa900001aa9 
  xmm4=0x00000e6500000e650000566800005668 xmm5=0x0000e09d0000e09d0000504d0000504d 
  xmm6=0x0000a2c80000a2c8000078d5000078d5 xmm7=0x000018d3000018d30000201100002011 

    > load from +0x4fd8 value 0x8a4e00008a4e
0x303f: pop rcx
  rax=0x0000000000000000 rbx=0x0000512a0000512a rcx=0x0000000000000048 rdx=0x00008a4e00008a4e
  rsi=0x00001bc400001bc4 rdi=0x0000d89d0000d8fc flags=0b000001000110
  xmm0=0x0000a33d0000a33d000042ed000042ed xmm1=0x00001379000013790000553300005533 
  xmm2=0x0000867c0000867c0000b9650000b965 xmm3=0x000086c3000086c300001aa900001aa9 
  xmm4=0x00000e6500000e650000566800005668 xmm5=0x0000e09d0000e09d0000504d0000504d 
  xmm6=0x0000a2c80000a2c8000078d5000078d5 xmm7=0x000018d3000018d30000201100002011 

    > load from +0x4fe0 value 0x41400000414
0x3040: pop rax
  rax=0x0000000000000000 rbx=0x0000512a0000512a rcx=0x0000041400000414 rdx=0x00008a4e00008a4e
  rsi=0x00001bc400001bc4 rdi=0x0000d89d0000d8fc flags=0b000001000110
  xmm0=0x0000a33d0000a33d000042ed000042ed xmm1=0x00001379000013790000553300005533 
  xmm2=0x0000867c0000867c0000b9650000b965 xmm3=0x000086c3000086c300001aa900001aa9 
  xmm4=0x00000e6500000e650000566800005668 xmm5=0x0000e09d0000e09d0000504d0000504d 
  xmm6=0x0000a2c80000a2c8000078d5000078d5 xmm7=0x000018d3000018d30000201100002011 

    > load from +0x4fe8 value 0x67ec000067ec
0x3041: popfq 
  rax=0x000067ec000067ec rbx=0x0000512a0000512a rcx=0x0000041400000414 rdx=0x00008a4e00008a4e
  rsi=0x00001bc400001bc4 rdi=0x0000d89d0000d8fc flags=0b000001000110
  xmm0=0x0000a33d0000a33d000042ed000042ed xmm1=0x00001379000013790000553300005533 
  xmm2=0x0000867c0000867c0000b9650000b965 xmm3=0x000086c3000086c300001aa900001aa9 
  xmm4=0x00000e6500000e650000566800005668 xmm5=0x0000e09d0000e09d0000504d0000504d 
  xmm6=0x0000a2c80000a2c8000078d5000078d5 xmm7=0x000018d3000018d30000201100002011 

    > load from +0x4ff0 value 0x96
0x3042: and rdx, 0b1111111111111
  rax=0x000067ec000067ec rbx=0x0000512a0000512a rcx=0x0000041400000414 rdx=0x00008a4e00008a4e
  rsi=0x00001bc400001bc4 rdi=0x0000d89d0000d8fc flags=0b000010010110
  xmm0=0x0000a33d0000a33d000042ed000042ed xmm1=0x00001379000013790000553300005533 
  xmm2=0x0000867c0000867c0000b9650000b965 xmm3=0x000086c3000086c300001aa900001aa9 
  xmm4=0x00000e6500000e650000566800005668 xmm5=0x0000e09d0000e09d0000504d0000504d 
  xmm6=0x0000a2c80000a2c8000078d5000078d5 xmm7=0x000018d3000018d30000201100002011 

0x3049: adc edi, [r14 +rdx]
  rax=0x000067ec000067ec rbx=0x0000512a0000512a rcx=0x0000041400000414 rdx=0x0000000000000a4e
  rsi=0x00001bc400001bc4 rdi=0x0000d89d0000d8fc flags=0b000000000110
  xmm0=0x0000a33d0000a33d000042ed000042ed xmm1=0x00001379000013790000553300005533 
  xmm2=0x0000867c0000867c0000b9650000b965 xmm3=0x000086c3000086c300001aa900001aa9 
  xmm4=0x00000e6500000e650000566800005668 xmm5=0x0000e09d0000e09d0000504d0000504d 
  xmm6=0x0000a2c80000a2c8000078d5000078d5 xmm7=0x000018d3000018d30000201100002011 

    > load from +0x4a4e value 0xebbe0000
0x304d: and rsi, 0b1111111111111
  rax=0x000067ec000067ec rbx=0x0000512a0000512a rcx=0x0000041400000414 rdx=0x0000000000000a4e
  rsi=0x00001bc400001bc4 rdi=0x00000000ebbed8fc flags=0b000010000110
  xmm0=0x0000a33d0000a33d000042ed000042ed xmm1=0x00001379000013790000553300005533 
  xmm2=0x0000867c0000867c0000b9650000b965 xmm3=0x000086c3000086c300001aa900001aa9 
  xmm4=0x00000e6500000e650000566800005668 xmm5=0x0000e09d0000e09d0000504d0000504d 
  xmm6=0x0000a2c80000a2c8000078d5000078d5 xmm7=0x000018d3000018d30000201100002011 

0x3054: mov al, [r14 +rsi]
  rax=0x000067ec000067ec rbx=0x0000512a0000512a rcx=0x0000041400000414 rdx=0x0000000000000a4e
  rsi=0x0000000000001bc4 rdi=0x00000000ebbed8fc flags=0b000000000010
  xmm0=0x0000a33d0000a33d000042ed000042ed xmm1=0x00001379000013790000553300005533 
  xmm2=0x0000867c0000867c0000b9650000b965 xmm3=0x000086c3000086c300001aa900001aa9 
  xmm4=0x00000e6500000e650000566800005668 xmm5=0x0000e09d0000e09d0000504d0000504d 
  xmm6=0x0000a2c80000a2c8000078d5000078d5 xmm7=0x000018d3000018d30000201100002011 

    > load from +0x5bc4 value 0xce
0x3058: sub rdx, 88
  rax=0x000067ec000067ce rbx=0x0000512a0000512a rcx=0x0000041400000414 rdx=0x0000000000000a4e
  rsi=0x0000000000001bc4 rdi=0x00000000ebbed8fc flags=0b000000000010
  xmm0=0x0000a33d0000a33d000042ed000042ed xmm1=0x00001379000013790000553300005533 
  xmm2=0x0000867c0000867c0000b9650000b965 xmm3=0x000086c3000086c300001aa900001aa9 
  xmm4=0x00000e6500000e650000566800005668 xmm5=0x0000e09d0000e09d0000504d0000504d 
  xmm6=0x0000a2c80000a2c8000078d5000078d5 xmm7=0x000018d3000018d30000201100002011 

0x305c: and rdi, 0b1111111111111
  rax=0x000067ec000067ce rbx=0x0000512a0000512a rcx=0x0000041400000414 rdx=0x00000000000009f6
  rsi=0x0000000000001bc4 rdi=0x00000000ebbed8fc flags=0b000000000110
  xmm0=0x0000a33d0000a33d000042ed000042ed xmm1=0x00001379000013790000553300005533 
  xmm2=0x0000867c0000867c0000b9650000b965 xmm3=0x000086c3000086c300001aa900001aa9 
  xmm4=0x00000e6500000e650000566800005668 xmm5=0x0000e09d0000e09d0000504d0000504d 
  xmm6=0x0000a2c80000a2c8000078d5000078d5 xmm7=0x000018d3000018d30000201100002011 

0x3063: imul [r14 +rdi]
  rax=0x000067ec000067ce rbx=0x0000512a0000512a rcx=0x0000041400000414 rdx=0x00000000000009f6
  rsi=0x0000000000001bc4 rdi=0x00000000000018fc flags=0b000000000110
  xmm0=0x0000a33d0000a33d000042ed000042ed xmm1=0x00001379000013790000553300005533 
  xmm2=0x0000867c0000867c0000b9650000b965 xmm3=0x000086c3000086c300001aa900001aa9 
  xmm4=0x00000e6500000e650000566800005668 xmm5=0x0000e09d0000e09d0000504d0000504d 
  xmm6=0x0000a2c80000a2c8000078d5000078d5 xmm7=0x000018d3000018d30000201100002011 

    > load from +0x58fc value 0xd2
0x3067: add dil, 2
  rax=0x000067ec000008fc rbx=0x0000512a0000512a rcx=0x0000041400000414 rdx=0x00000000000009f6
  rsi=0x0000000000001bc4 rdi=0x00000000000018fc flags=0b100010000111
  xmm0=0x0000a33d0000a33d000042ed000042ed xmm1=0x00001379000013790000553300005533 
  xmm2=0x0000867c0000867c0000b9650000b965 xmm3=0x000086c3000086c300001aa900001aa9 
  xmm4=0x00000e6500000e650000566800005668 xmm5=0x0000e09d0000e09d0000504d0000504d 
  xmm6=0x0000a2c80000a2c8000078d5000078d5 xmm7=0x000018d3000018d30000201100002011 

0x306b: std 
  rax=0x000067ec000008fc rbx=0x0000512a0000512a rcx=0x0000041400000414 rdx=0x00000000000009f6
  rsi=0x0000000000001bc4 rdi=0x00000000000018fe flags=0b000010000010
  xmm0=0x0000a33d0000a33d000042ed000042ed xmm1=0x00001379000013790000553300005533 
  xmm2=0x0000867c0000867c0000b9650000b965 xmm3=0x000086c3000086c300001aa900001aa9 
  xmm4=0x00000e6500000e650000566800005668 xmm5=0x0000e09d0000e09d0000504d0000504d 
  xmm6=0x0000a2c80000a2c8000078d5000078d5 xmm7=0x000018d3000018d30000201100002011 

0x306c: and rcx, 0b1111111111111
  rax=0x000067ec000008fc rbx=0x0000512a0000512a rcx=0x0000041400000414 rdx=0x00000000000009f6
  rsi=0x0000000000001bc4 rdi=0x00000000000018fe flags=0b010010000010
  xmm0=0x0000a33d0000a33d000042ed000042ed xmm1=0x00001379000013790000553300005533 
  xmm2=0x0000867c0000867c0000b9650000b965 xmm3=0x000086c3000086c300001aa900001aa9 
  xmm4=0x00000e6500000e650000566800005668 xmm5=0x0000e09d0000e09d0000504d0000504d 
  xmm6=0x0000a2c80000a2c8000078d5000078d5 xmm7=0x000018d3000018d30000201100002011 

0x3073: cmovz ax, [r14 +rcx]
  rax=0x000067ec000008fc rbx=0x0000512a0000512a rcx=0x0000000000000414 rdx=0x00000000000009f6
  rsi=0x0000000000001bc4 rdi=0x00000000000018fe flags=0b010000000110
  xmm0=0x0000a33d0000a33d000042ed000042ed xmm1=0x00001379000013790000553300005533 
  xmm2=0x0000867c0000867c0000b9650000b965 xmm3=0x000086c3000086c300001aa900001aa9 
  xmm4=0x00000e6500000e650000566800005668 xmm5=0x0000e09d0000e09d0000504d0000504d 
  xmm6=0x0000a2c80000a2c8000078d5000078d5 xmm7=0x000018d3000018d30000201100002011 

    > load from +0x4414 value 0x8dfe
0x3079: and rdx, 0b1111111111111
  rax=0x000067ec000008fc rbx=0x0000512a0000512a rcx=0x0000000000000414 rdx=0x00000000000009f6
  rsi=0x0000000000001bc4 rdi=0x00000000000018fe flags=0b010000000110
  xmm0=0x0000a33d0000a33d000042ed000042ed xmm1=0x00001379000013790000553300005533 
  xmm2=0x0000867c0000867c0000b9650000b965 xmm3=0x000086c3000086c300001aa900001aa9 
  xmm4=0x00000e6500000e650000566800005668 xmm5=0x0000e09d0000e09d0000504d0000504d 
  xmm6=0x0000a2c80000a2c8000078d5000078d5 xmm7=0x000018d3000018d30000201100002011 

0x3080: cmp [r14 +rdx], 119
  rax=0x000067ec000008fc rbx=0x0000512a0000512a rcx=0x0000000000000414 rdx=0x00000000000009f6
  rsi=0x0000000000001bc4 rdi=0x00000000000018fe flags=0b010000000110
  xmm0=0x0000a33d0000a33d000042ed000042ed xmm1=0x00001379000013790000553300005533 
  xmm2=0x0000867c0000867c0000b9650000b965 xmm3=0x000086c3000086c300001aa900001aa9 
  xmm4=0x00000e6500000e650000566800005668 xmm5=0x0000e09d0000e09d0000504d0000504d 
  xmm6=0x0000a2c80000a2c8000078d5000078d5 xmm7=0x000018d3000018d30000201100002011 

    > load from +0x49f6 value 0x0
0x3085: and rdx, 0b1111111111111
  rax=0x000067ec000008fc rbx=0x0000512a0000512a rcx=0x0000000000000414 rdx=0x00000000000009f6
  rsi=0x0000000000001bc4 rdi=0x00000000000018fe flags=0b010010010011
  xmm0=0x0000a33d0000a33d000042ed000042ed xmm1=0x00001379000013790000553300005533 
  xmm2=0x0000867c0000867c0000b9650000b965 xmm3=0x000086c3000086c300001aa900001aa9 
  xmm4=0x00000e6500000e650000566800005668 xmm5=0x0000e09d0000e09d0000504d0000504d 
  xmm6=0x0000a2c80000a2c8000078d5000078d5 xmm7=0x000018d3000018d30000201100002011 

0x308c: cmp [r14 +rdx], dl
  rax=0x000067ec000008fc rbx=0x0000512a0000512a rcx=0x0000000000000414 rdx=0x00000000000009f6
  rsi=0x0000000000001bc4 rdi=0x00000000000018fe flags=0b010000000110
  xmm0=0x0000a33d0000a33d000042ed000042ed xmm1=0x00001379000013790000553300005533 
  xmm2=0x0000867c0000867c0000b9650000b965 xmm3=0x000086c3000086c300001aa900001aa9 
  xmm4=0x00000e6500000e650000566800005668 xmm5=0x0000e09d0000e09d0000504d0000504d 
  xmm6=0x0000a2c80000a2c8000078d5000078d5 xmm7=0x000018d3000018d30000201100002011 

    > load from +0x49f6 value 0x0
0x3090: and rax, 0b1111111111111
  rax=0x000067ec000008fc rbx=0x0000512a0000512a rcx=0x0000000000000414 rdx=0x00000000000009f6
  rsi=0x0000000000001bc4 rdi=0x00000000000018fe flags=0b010000010111
  xmm0=0x0000a33d0000a33d000042ed000042ed xmm1=0x00001379000013790000553300005533 
  xmm2=0x0000867c0000867c0000b9650000b965 xmm3=0x000086c3000086c300001aa900001aa9 
  xmm4=0x00000e6500000e650000566800005668 xmm5=0x0000e09d0000e09d0000504d0000504d 
  xmm6=0x0000a2c80000a2c8000078d5000078d5 xmm7=0x000018d3000018d30000201100002011 

0x3096: and edx, [r14 +rax]
  rax=0x00000000000008fc rbx=0x0000512a0000512a rcx=0x0000000000000414 rdx=0x00000000000009f6
  rsi=0x0000000000001bc4 rdi=0x00000000000018fe flags=0b010000000110
  xmm0=0x0000a33d0000a33d000042ed000042ed xmm1=0x00001379000013790000553300005533 
  xmm2=0x0000867c0000867c0000b9650000b965 xmm3=0x000086c3000086c300001aa900001aa9 
  xmm4=0x00000e6500000e650000566800005668 xmm5=0x0000e09d0000e09d0000504d0000504d 
  xmm6=0x0000a2c80000a2c8000078d5000078d5 xmm7=0x000018d3000018d30000201100002011 

    > load from +0x48fc value 0xa434
0x309a: and rax, 0b1111111111111
  rax=0x00000000000008fc rbx=0x0000512a0000512a rcx=0x0000000000000414 rdx=0x0000000000000034
  rsi=0x0000000000001bc4 rdi=0x00000000000018fe flags=0b010000000010
  xmm0=0x0000a33d0000a33d000042ed000042ed xmm1=0x00001379000013790000553300005533 
  xmm2=0x0000867c0000867c0000b9650000b965 xmm3=0x000086c3000086c300001aa900001aa9 
  xmm4=0x00000e6500000e650000566800005668 xmm5=0x0000e09d0000e09d0000504d0000504d 
  xmm6=0x0000a2c80000a2c8000078d5000078d5 xmm7=0x000018d3000018d30000201100002011 

0x30a0: test [r14 +rax], eax
  rax=0x00000000000008fc rbx=0x0000512a0000512a rcx=0x0000000000000414 rdx=0x0000000000000034
  rsi=0x0000000000001bc4 rdi=0x00000000000018fe flags=0b010000000110
  xmm0=0x0000a33d0000a33d000042ed000042ed xmm1=0x00001379000013790000553300005533 
  xmm2=0x0000867c0000867c0000b9650000b965 xmm3=0x000086c3000086c300001aa900001aa9 
  xmm4=0x00000e6500000e650000566800005668 xmm5=0x0000e09d0000e09d0000504d0000504d 
  xmm6=0x0000a2c80000a2c8000078d5000078d5 xmm7=0x000018d3000018d30000201100002011 

    > load from +0x48fc value 0xa434
0x30a4: and rdi, 0b1111111111111
  rax=0x00000000000008fc rbx=0x0000512a0000512a rcx=0x0000000000000414 rdx=0x0000000000000034
  rsi=0x0000000000001bc4 rdi=0x00000000000018fe flags=0b010000000010
  xmm0=0x0000a33d0000a33d000042ed000042ed xmm1=0x00001379000013790000553300005533 
  xmm2=0x0000867c0000867c0000b9650000b965 xmm3=0x000086c3000086c300001aa900001aa9 
  xmm4=0x00000e6500000e650000566800005668 xmm5=0x0000e09d0000e09d0000504d0000504d 
  xmm6=0x0000a2c80000a2c8000078d5000078d5 xmm7=0x000018d3000018d30000201100002011 

0x30ab: movzx rbx, [r14 +rdi]
  rax=0x00000000000008fc rbx=0x0000512a0000512a rcx=0x0000000000000414 rdx=0x0000000000000034
  rsi=0x0000000000001bc4 rdi=0x00000000000018fe flags=0b010000000010
  xmm0=0x0000a33d0000a33d000042ed000042ed xmm1=0x00001379000013790000553300005533 
  xmm2=0x0000867c0000867c0000b9650000b965 xmm3=0x000086c3000086c300001aa900001aa9 
  xmm4=0x00000e6500000e650000566800005668 xmm5=0x0000e09d0000e09d0000504d0000504d 
  xmm6=0x0000a2c80000a2c8000078d5000078d5 xmm7=0x000018d3000018d30000201100002011 

    > load from +0x58fe value 0x0
0x30b0: and rbx, 0b1111111111111
  rax=0x00000000000008fc rbx=0x0000000000000000 rcx=0x0000000000000414 rdx=0x0000000000000034
  rsi=0x0000000000001bc4 rdi=0x00000000000018fe flags=0b010000000010
  xmm0=0x0000a33d0000a33d000042ed000042ed xmm1=0x00001379000013790000553300005533 
  xmm2=0x0000867c0000867c0000b9650000b965 xmm3=0x000086c3000086c300001aa900001aa9 
  xmm4=0x00000e6500000e650000566800005668 xmm5=0x0000e09d0000e09d0000504d0000504d 
  xmm6=0x0000a2c80000a2c8000078d5000078d5 xmm7=0x000018d3000018d30000201100002011 

0x30b7: cmp [r14 +rbx], rbx
  rax=0x00000000000008fc rbx=0x0000000000000000 rcx=0x0000000000000414 rdx=0x0000000000000034
  rsi=0x0000000000001bc4 rdi=0x00000000000018fe flags=0b010001000110
  xmm0=0x0000a33d0000a33d000042ed000042ed xmm1=0x00001379000013790000553300005533 
  xmm2=0x0000867c0000867c0000b9650000b965 xmm3=0x000086c3000086c300001aa900001aa9 
  xmm4=0x00000e6500000e650000566800005668 xmm5=0x0000e09d0000e09d0000504d0000504d 
  xmm6=0x0000a2c80000a2c8000078d5000078d5 xmm7=0x000018d3000018d30000201100002011 

    > load from +0x4000 value 0x258900002589
0x30bb: and rcx, 0b1111111111111
  rax=0x00000000000008fc rbx=0x0000000000000000 rcx=0x0000000000000414 rdx=0x0000000000000034
  rsi=0x0000000000001bc4 rdi=0x00000000000018fe flags=0b010000000010
  xmm0=0x0000a33d0000a33d000042ed000042ed xmm1=0x00001379000013790000553300005533 
  xmm2=0x0000867c0000867c0000b9650000b965 xmm3=0x000086c3000086c300001aa900001aa9 
  xmm4=0x00000e6500000e650000566800005668 xmm5=0x0000e09d0000e09d0000504d0000504d 
  xmm6=0x0000a2c80000a2c8000078d5000078d5 xmm7=0x000018d3000018d30000201100002011 

0x30c2: cmp [r14 +rcx], 84
  rax=0x00000000000008fc rbx=0x0000000000000000 rcx=0x0000000000000414 rdx=0x0000000000000034
  rsi=0x0000000000001bc4 rdi=0x00000000000018fe flags=0b010000000110
  xmm0=0x0000a33d0000a33d000042ed000042ed xmm1=0x00001379000013790000553300005533 
  xmm2=0x0000867c0000867c0000b9650000b965 xmm3=0x000086c3000086c300001aa900001aa9 
  xmm4=0x00000e6500000e650000566800005668 xmm5=0x0000e09d0000e09d0000504d0000504d 
  xmm6=0x0000a2c80000a2c8000078d5000078d5 xmm7=0x000018d3000018d30000201100002011 

    > load from +0x4414 value 0xcbae00008dfe
0x30c7: and rax, 0b1111111111111
  rax=0x00000000000008fc rbx=0x0000000000000000 rcx=0x0000000000000414 rdx=0x0000000000000034
  rsi=0x0000000000001bc4 rdi=0x00000000000018fe flags=0b010000000110
  xmm0=0x0000a33d0000a33d000042ed000042ed xmm1=0x00001379000013790000553300005533 
  xmm2=0x0000867c0000867c0000b9650000b965 xmm3=0x000086c3000086c300001aa900001aa9 
  xmm4=0x00000e6500000e650000566800005668 xmm5=0x0000e09d0000e09d0000504d0000504d 
  xmm6=0x0000a2c80000a2c8000078d5000078d5 xmm7=0x000018d3000018d30000201100002011 

0x30cd: cmovns rdi, [r14 +rax]
  rax=0x00000000000008fc rbx=0x0000000000000000 rcx=0x0000000000000414 rdx=0x0000000000000034
  rsi=0x0000000000001bc4 rdi=0x00000000000018fe flags=0b010000000110
  xmm0=0x0000a33d0000a33d000042ed000042ed xmm1=0x00001379000013790000553300005533 
  xmm2=0x0000867c0000867c0000b9650000b965 xmm3=0x000086c3000086c300001aa900001aa9 
  xmm4=0x00000e6500000e650000566800005668 xmm5=0x0000e09d0000e09d0000504d0000504d 
  xmm6=0x0000a2c80000a2c8000078d5000078d5 xmm7=0x000018d3000018d30000201100002011 

    > load from +0x48fc value 0xa5fe0000a434
0x30d2: cmc 
  rax=0x00000000000008fc rbx=0x0000000000000000 rcx=0x0000000000000414 rdx=0x0000000000000034
  rsi=0x0000000000001bc4 rdi=0x0000a5fe0000a434 flags=0b010000000110
  xmm0=0x0000a33d0000a33d000042ed000042ed xmm1=0x00001379000013790000553300005533 
  xmm2=0x0000867c0000867c0000b9650000b965 xmm3=0x000086c3000086c300001aa900001aa9 
  xmm4=0x00000e6500000e650000566800005668 xmm5=0x0000e09d0000e09d0000504d0000504d 
  xmm6=0x0000a2c80000a2c8000078d5000078d5 xmm7=0x000018d3000018d30000201100002011 

0x30d3: mov rcx, rdx
  rax=0x00000000000008fc rbx=0x0000000000000000 rcx=0x0000000000000414 rdx=0x0000000000000034
  rsi=0x0000000000001bc4 rdi=0x0000a5fe0000a434 flags=0b010000000111
  xmm0=0x0000a33d0000a33d000042ed000042ed xmm1=0x00001379000013790000553300005533 
  xmm2=0x0000867c0000867c0000b9650000b965 xmm3=0x000086c3000086c300001aa900001aa9 
  xmm4=0x00000e6500000e650000566800005668 xmm5=0x0000e09d0000e09d0000504d0000504d 
  xmm6=0x0000a2c80000a2c8000078d5000078d5 xmm7=0x000018d3000018d30000201100002011 

0x30d6: and rax, 0b1111111111111
  rax=0x00000000000008fc rbx=0x0000000000000000 rcx=0x0000000000000034 rdx=0x0000000000000034
  rsi=0x0000000000001bc4 rdi=0x0000a5fe0000a434 flags=0b010000000111
  xmm0=0x0000a33d0000a33d000042ed000042ed xmm1=0x00001379000013790000553300005533 
  xmm2=0x0000867c0000867c0000b9650000b965 xmm3=0x000086c3000086c300001aa900001aa9 
  xmm4=0x00000e6500000e650000566800005668 xmm5=0x0000e09d0000e09d0000504d0000504d 
  xmm6=0x0000a2c80000a2c8000078d5000078d5 xmm7=0x000018d3000018d30000201100002011 

0x30dc: movsx esi, [r14 +rax]
  rax=0x00000000000008fc rbx=0x0000000000000000 rcx=0x0000000000000034 rdx=0x0000000000000034
  rsi=0x0000000000001bc4 rdi=0x0000a5fe0000a434 flags=0b010000000110
  xmm0=0x0000a33d0000a33d000042ed000042ed xmm1=0x00001379000013790000553300005533 
  xmm2=0x0000867c0000867c0000b9650000b965 xmm3=0x000086c3000086c300001aa900001aa9 
  xmm4=0x00000e6500000e650000566800005668 xmm5=0x0000e09d0000e09d0000504d0000504d 
  xmm6=0x0000a2c80000a2c8000078d5000078d5 xmm7=0x000018d3000018d30000201100002011 

    > load from +0x48fc value 0x34
0x30e1: and rbx, 0b1111111111111
  rax=0x00000000000008fc rbx=0x0000000000000000 rcx=0x0000000000000034 rdx=0x0000000000000034
  rsi=0x0000000000000034 rdi=0x0000a5fe0000a434 flags=0b010000000110
  xmm0=0x0000a33d0000a33d000042ed000042ed xmm1=0x00001379000013790000553300005533 
  xmm2=0x0000867c0000867c0000b9650000b965 xmm3=0x000086c3000086c300001aa900001aa9 
  xmm4=0x00000e6500000e650000566800005668 xmm5=0x0000e09d0000e09d0000504d0000504d 
  xmm6=0x0000a2c80000a2c8000078d5000078d5 xmm7=0x000018d3000018d30000201100002011 

0x30e8: sub ecx, [r14 +rbx]
  rax=0x00000000000008fc rbx=0x0000000000000000 rcx=0x0000000000000034 rdx=0x0000000000000034
  rsi=0x0000000000000034 rdi=0x0000a5fe0000a434 flags=0b010001000110
  xmm0=0x0000a33d0000a33d000042ed000042ed xmm1=0x00001379000013790000553300005533 
  xmm2=0x0000867c0000867c0000b9650000b965 xmm3=0x000086c3000086c300001aa900001aa9 
  xmm4=0x00000e6500000e650000566800005668 xmm5=0x0000e09d0000e09d0000504d0000504d 
  xmm6=0x0000a2c80000a2c8000078d5000078d5 xmm7=0x000018d3000018d30000201100002011 

    > load from +0x4000 value 0x2589
0x30ec: and rcx, 0b1111111111111
  rax=0x00000000000008fc rbx=0x0000000000000000 rcx=0x00000000ffffdaab rdx=0x0000000000000034
  rsi=0x0000000000000034 rdi=0x0000a5fe0000a434 flags=0b010010010011
  xmm0=0x0000a33d0000a33d000042ed000042ed xmm1=0x00001379000013790000553300005533 
  xmm2=0x0000867c0000867c0000b9650000b965 xmm3=0x000086c3000086c300001aa900001aa9 
  xmm4=0x00000e6500000e650000566800005668 xmm5=0x0000e09d0000e09d0000504d0000504d 
  xmm6=0x0000a2c80000a2c8000078d5000078d5 xmm7=0x000018d3000018d30000201100002011 

0x30f3: xor edx, [r14 +rcx]
  rax=0x00000000000008fc rbx=0x0000000000000000 rcx=0x0000000000001aab rdx=0x0000000000000034
  rsi=0x0000000000000034 rdi=0x0000a5fe0000a434 flags=0b010000000010
  xmm0=0x0000a33d0000a33d000042ed000042ed xmm1=0x00001379000013790000553300005533 
  xmm2=0x0000867c0000867c0000b9650000b965 xmm3=0x000086c3000086c300001aa900001aa9 
  xmm4=0x00000e6500000e650000566800005668 xmm5=0x0000e09d0000e09d0000504d0000504d 
  xmm6=0x0000a2c80000a2c8000078d5000078d5 xmm7=0x000018d3000018d30000201100002011 

    > load from +0x5aab value 0xd08d00
0x30f7: and rbx, 0b1111111111111
  rax=0x00000000000008fc rbx=0x0000000000000000 rcx=0x0000000000001aab rdx=0x0000000000d08d34
  rsi=0x0000000000000034 rdi=0x0000a5fe0000a434 flags=0b010000000010
  xmm0=0x0000a33d0000a33d000042ed000042ed xmm1=0x00001379000013790000553300005533 
  xmm2=0x0000867c0000867c0000b9650000b965 xmm3=0x000086c3000086c300001aa900001aa9 
  xmm4=0x00000e6500000e650000566800005668 xmm5=0x0000e09d0000e09d0000504d0000504d 
  xmm6=0x0000a2c80000a2c8000078d5000078d5 xmm7=0x000018d3000018d30000201100002011 

0x30fe: adc cl, [r14 +rbx]
  rax=0x00000000000008fc rbx=0x0000000000000000 rcx=0x0000000000001aab rdx=0x0000000000d08d34
  rsi=0x0000000000000034 rdi=0x0000a5fe0000a434 flags=0b010001000110
  xmm0=0x0000a33d0000a33d000042ed000042ed xmm1=0x00001379000013790000553300005533 
  xmm2=0x0000867c0000867c0000b9650000b965 xmm3=0x000086c3000086c300001aa900001aa9 
  xmm4=0x00000e6500000e650000566800005668 xmm5=0x0000e09d0000e09d0000504d0000504d 
  xmm6=0x0000a2c80000a2c8000078d5000078d5 xmm7=0x000018d3000018d30000201100002011 

    > load from +0x4000 value 0x89
0x3102: and rbx, 0b1111111111111
  rax=0x00000000000008fc rbx=0x0000000000000000 rcx=0x0000000000001a34 rdx=0x0000000000d08d34
  rsi=0x0000000000000034 rdi=0x0000a5fe0000a434 flags=0b110000010011
  xmm0=0x0000a33d0000a33d000042ed000042ed xmm1=0x00001379000013790000553300005533 
  xmm2=0x0000867c0000867c0000b9650000b965 xmm3=0x000086c3000086c300001aa900001aa9 
  xmm4=0x00000e6500000e650000566800005668 xmm5=0x0000e09d0000e09d0000504d0000504d 
  xmm6=0x0000a2c80000a2c8000078d5000078d5 xmm7=0x000018d3000018d30000201100002011 

0x3109: or cl, [r14 +rbx]
  rax=0x00000000000008fc rbx=0x0000000000000000 rcx=0x0000000000001a34 rdx=0x0000000000d08d34
  rsi=0x0000000000000034 rdi=0x0000a5fe0000a434 flags=0b010001000110
  xmm0=0x0000a33d0000a33d000042ed000042ed xmm1=0x00001379000013790000553300005533 
  xmm2=0x0000867c0000867c0000b9650000b965 xmm3=0x000086c3000086c300001aa900001aa9 
  xmm4=0x00000e6500000e650000566800005668 xmm5=0x0000e09d0000e09d0000504d0000504d 
  xmm6=0x0000a2c80000a2c8000078d5000078d5 xmm7=0x000018d3000018d30000201100002011 

    > load from +0x4000 value 0x89
0x310d: and rdx, 0b1111111111111
  rax=0x00000000000008fc rbx=0x0000000000000000 rcx=0x0000000000001abd rdx=0x0000000000d08d34
  rsi=0x0000000000000034 rdi=0x0000a5fe0000a434 flags=0b010010000110
  xmm0=0x0000a33d0000a33d000042ed000042ed xmm1=0x00001379000013790000553300005533 
  xmm2=0x0000867c0000867c0000b9650000b965 xmm3=0x000086c3000086c300001aa900001aa9 
  xmm4=0x00000e6500000e650000566800005668 xmm5=0x0000e09d0000e09d0000504d0000504d 
  xmm6=0x0000a2c80000a2c8000078d5000078d5 xmm7=0x000018d3000018d30000201100002011 

0x3114: cmovnle rdi, [r14 +rdx]
  rax=0x00000000000008fc rbx=0x0000000000000000 rcx=0x0000000000001abd rdx=0x0000000000000d34
  rsi=0x0000000000000034 rdi=0x0000a5fe0000a434 flags=0b010000000010
  xmm0=0x0000a33d0000a33d000042ed000042ed xmm1=0x00001379000013790000553300005533 
  xmm2=0x0000867c0000867c0000b9650000b965 xmm3=0x000086c3000086c300001aa900001aa9 
  xmm4=0x00000e6500000e650000566800005668 xmm5=0x0000e09d0000e09d0000504d0000504d 
  xmm6=0x0000a2c80000a2c8000078d5000078d5 xmm7=0x000018d3000018d30000201100002011 

    > load from +0x4d34 value 0x1183000058bb
0x3119: and rdi, 0b1111111111111
  rax=0x00000000000008fc rbx=0x0000000000000000 rcx=0x0000000000001abd rdx=0x0000000000000d34
  rsi=0x0000000000000034 rdi=0x00001183000058bb flags=0b010000000010
  xmm0=0x0000a33d0000a33d000042ed000042ed xmm1=0x00001379000013790000553300005533 
  xmm2=0x0000867c0000867c0000b9650000b965 xmm3=0x000086c3000086c300001aa900001aa9 
  xmm4=0x00000e6500000e650000566800005668 xmm5=0x0000e09d0000e09d0000504d0000504d 
  xmm6=0x0000a2c80000a2c8000078d5000078d5 xmm7=0x000018d3000018d30000201100002011 

0x3120: mov bl, [r14 +rdi]
  rax=0x00000000000008fc rbx=0x0000000000000000 rcx=0x0000000000001abd rdx=0x0000000000000d34
  rsi=0x0000000000000034 rdi=0x00000000000018bb flags=0b010000000110
  xmm0=0x0000a33d0000a33d000042ed000042ed xmm1=0x00001379000013790000553300005533 
  xmm2=0x0000867c0000867c0000b9650000b965 xmm3=0x000086c3000086c300001aa900001aa9 
  xmm4=0x00000e6500000e650000566800005668 xmm5=0x0000e09d0000e09d0000504d0000504d 
  xmm6=0x0000a2c80000a2c8000078d5000078d5 xmm7=0x000018d3000018d30000201100002011 

    > load from +0x58bb value 0x0
0x3124: setnp al
  rax=0x00000000000008fc rbx=0x0000000000000000 rcx=0x0000000000001abd rdx=0x0000000000000d34
  rsi=0x0000000000000034 rdi=0x00000000000018bb flags=0b010000000110
  xmm0=0x0000a33d0000a33d000042ed000042ed xmm1=0x00001379000013790000553300005533 
  xmm2=0x0000867c0000867c0000b9650000b965 xmm3=0x000086c3000086c300001aa900001aa9 
  xmm4=0x00000e6500000e650000566800005668 xmm5=0x0000e09d0000e09d0000504d0000504d 
  xmm6=0x0000a2c80000a2c8000078d5000078d5 xmm7=0x000018d3000018d30000201100002011 

0x3127: add eax, eax
  rax=0x0000000000000800 rbx=0x0000000000000000 rcx=0x0000000000001abd rdx=0x0000000000000d34
  rsi=0x0000000000000034 rdi=0x00000000000018bb flags=0b010000000110
  xmm0=0x0000a33d0000a33d000042ed000042ed xmm1=0x00001379000013790000553300005533 
  xmm2=0x0000867c0000867c0000b9650000b965 xmm3=0x000086c3000086c300001aa900001aa9 
  xmm4=0x00000e6500000e650000566800005668 xmm5=0x0000e09d0000e09d0000504d0000504d 
  xmm6=0x0000a2c80000a2c8000078d5000078d5 xmm7=0x000018d3000018d30000201100002011 

0x3129: and rsi, 0b1111111111111
  rax=0x0000000000001000 rbx=0x0000000000000000 rcx=0x0000000000001abd rdx=0x0000000000000d34
  rsi=0x0000000000000034 rdi=0x00000000000018bb flags=0b010000000110
  xmm0=0x0000a33d0000a33d000042ed000042ed xmm1=0x00001379000013790000553300005533 
  xmm2=0x0000867c0000867c0000b9650000b965 xmm3=0x000086c3000086c300001aa900001aa9 
  xmm4=0x00000e6500000e650000566800005668 xmm5=0x0000e09d0000e09d0000504d0000504d 
  xmm6=0x0000a2c80000a2c8000078d5000078d5 xmm7=0x000018d3000018d30000201100002011 

0x3130: cmovb cx, [r14 +rsi]
  rax=0x0000000000001000 rbx=0x0000000000000000 rcx=0x0000000000001abd rdx=0x0000000000000d34
  rsi=0x0000000000000034 rdi=0x00000000000018bb flags=0b010000000010
  xmm0=0x0000a33d0000a33d000042ed000042ed xmm1=0x00001379000013790000553300005533 
  xmm2=0x0000867c0000867c0000b9650000b965 xmm3=0x000086c3000086c300001aa900001aa9 
  xmm4=0x00000e6500000e650000566800005668 xmm5=0x0000e09d0000e09d0000504d0000504d 
  xmm6=0x0000a2c80000a2c8000078d5000078d5 xmm7=0x000018d3000018d30000201100002011 

    > load from +0x4034 value 0x5052
0x3136: cmovo eax, edi
  rax=0x0000000000001000 rbx=0x0000000000000000 rcx=0x0000000000001abd rdx=0x0000000000000d34
  rsi=0x0000000000000034 rdi=0x00000000000018bb flags=0b010000000010
  xmm0=0x0000a33d0000a33d000042ed000042ed xmm1=0x00001379000013790000553300005533 
  xmm2=0x0000867c0000867c0000b9650000b965 xmm3=0x000086c3000086c300001aa900001aa9 
  xmm4=0x00000e6500000e650000566800005668 xmm5=0x0000e09d0000e09d0000504d0000504d 
  xmm6=0x0000a2c80000a2c8000078d5000078d5 xmm7=0x000018d3000018d30000201100002011 

0x3139: and rbx, 0b1111111111111
  rax=0x0000000000001000 rbx=0x0000000000000000 rcx=0x0000000000001abd rdx=0x0000000000000d34
  rsi=0x0000000000000034 rdi=0x00000000000018bb flags=0b010000000010
  xmm0=0x0000a33d0000a33d000042ed000042ed xmm1=0x00001379000013790000553300005533 
  xmm2=0x0000867c0000867c0000b9650000b965 xmm3=0x000086c3000086c300001aa900001aa9 
  xmm4=0x00000e6500000e650000566800005668 xmm5=0x0000e09d0000e09d0000504d0000504d 
  xmm6=0x0000a2c80000a2c8000078d5000078d5 xmm7=0x000018d3000018d30000201100002011 

0x3140: sub bl, [r14 +rbx]
  rax=0x0000000000001000 rbx=0x0000000000000000 rcx=0x0000000000001abd rdx=0x0000000000000d34
  rsi=0x0000000000000034 rdi=0x00000000000018bb flags=0b010001000110
  xmm0=0x0000a33d0000a33d000042ed000042ed xmm1=0x00001379000013790000553300005533 
  xmm2=0x0000867c0000867c0000b9650000b965 xmm3=0x000086c3000086c300001aa900001aa9 
  xmm4=0x00000e6500000e650000566800005668 xmm5=0x0000e09d0000e09d0000504d0000504d 
  xmm6=0x0000a2c80000a2c8000078d5000078d5 xmm7=0x000018d3000018d30000201100002011 

    > load from +0x4000 value 0x89
0x3144: and rax, 0b1111111111111
  rax=0x0000000000001000 rbx=0x0000000000000077 rcx=0x0000000000001abd rdx=0x0000000000000d34
  rsi=0x0000000000000034 rdi=0x00000000000018bb flags=0b010000010111
  xmm0=0x0000a33d0000a33d000042ed000042ed xmm1=0x00001379000013790000553300005533 
  xmm2=0x0000867c0000867c0000b9650000b965 xmm3=0x000086c3000086c300001aa900001aa9 
  xmm4=0x00000e6500000e650000566800005668 xmm5=0x0000e09d0000e09d0000504d0000504d 
  xmm6=0x0000a2c80000a2c8000078d5000078d5 xmm7=0x000018d3000018d30000201100002011 

0x314a: or rcx, [r14 +rax]
  rax=0x0000000000001000 rbx=0x0000000000000077 rcx=0x0000000000001abd rdx=0x0000000000000d34
  rsi=0x0000000000000034 rdi=0x00000000000018bb flags=0b010000000110
  xmm0=0x0000a33d0000a33d000042ed000042ed xmm1=0x00001379000013790000553300005533 
  xmm2=0x0000867c0000867c0000b9650000b965 xmm3=0x000086c3000086c300001aa900001aa9 
  xmm4=0x00000e6500000e650000566800005668 xmm5=0x0000e09d0000e09d0000504d0000504d 
  xmm6=0x0000a2c80000a2c8000078d5000078d5 xmm7=0x000018d3000018d30000201100002011 

    > load from +0x5000 value 0xd29d0000d29d
0x314e: imul ebx, ebx, 99
  rax=0x0000000000001000 rbx=0x0000000000000077 rcx=0x0000d29d0000dabd rdx=0x0000000000000d34
  rsi=0x0000000000000034 rdi=0x00000000000018bb flags=0b010000000110
  xmm0=0x0000a33d0000a33d000042ed000042ed xmm1=0x00001379000013790000553300005533 
  xmm2=0x0000867c0000867c0000b9650000b965 xmm3=0x000086c3000086c300001aa900001aa9 
  xmm4=0x00000e6500000e650000566800005668 xmm5=0x0000e09d0000e09d0000504d0000504d 
  xmm6=0x0000a2c80000a2c8000078d5000078d5 xmm7=0x000018d3000018d30000201100002011 

0x3151: and rax, 0b1111111111111
  rax=0x0000000000001000 rbx=0x0000000000002e05 rcx=0x0000d29d0000dabd rdx=0x0000000000000d34
  rsi=0x0000000000000034 rdi=0x00000000000018bb flags=0b010000000110
  xmm0=0x0000a33d0000a33d000042ed000042ed xmm1=0x00001379000013790000553300005533 
  xmm2=0x0000867c0000867c0000b9650000b965 xmm3=0x000086c3000086c300001aa900001aa9 
  xmm4=0x00000e6500000e650000566800005668 xmm5=0x0000e09d0000e09d0000504d0000504d 
  xmm6=0x0000a2c80000a2c8000078d5000078d5 xmm7=0x000018d3000018d30000201100002011 

0x3157: and di, 0b111
  rax=0x0000000000001000 rbx=0x0000000000002e05 rcx=0x0000d29d0000dabd rdx=0x0000000000000d34
  rsi=0x0000000000000034 rdi=0x00000000000018bb flags=0b010000000110
  xmm0=0x0000a33d0000a33d000042ed000042ed xmm1=0x00001379000013790000553300005533 
  xmm2=0x0000867c0000867c0000b9650000b965 xmm3=0x000086c3000086c300001aa900001aa9 
  xmm4=0x00000e6500000e650000566800005668 xmm5=0x0000e09d0000e09d0000504d0000504d 
  xmm6=0x0000a2c80000a2c8000078d5000078d5 xmm7=0x000018d3000018d30000201100002011 

0x315b: bt [r14 +rax], di
  rax=0x0000000000001000 rbx=0x0000000000002e05 rcx=0x0000d29d0000dabd rdx=0x0000000000000d34
  rsi=0x0000000000000034 rdi=0x0000000000000003 flags=0b010000000110
  xmm0=0x0000a33d0000a33d000042ed000042ed xmm1=0x00001379000013790000553300005533 
  xmm2=0x0000867c0000867c0000b9650000b965 xmm3=0x000086c3000086c300001aa900001aa9 
  xmm4=0x00000e6500000e650000566800005668 xmm5=0x0000e09d0000e09d0000504d0000504d 
  xmm6=0x0000a2c80000a2c8000078d5000078d5 xmm7=0x000018d3000018d30000201100002011 

    > load from +0x5000 value 0xd29d
0x3161: and rsi, 0b1111111111111
  rax=0x0000000000001000 rbx=0x0000000000002e05 rcx=0x0000d29d0000dabd rdx=0x0000000000000d34
  rsi=0x0000000000000034 rdi=0x0000000000000003 flags=0b010000000111
  xmm0=0x0000a33d0000a33d000042ed000042ed xmm1=0x00001379000013790000553300005533 
  xmm2=0x0000867c0000867c0000b9650000b965 xmm3=0x000086c3000086c300001aa900001aa9 
  xmm4=0x00000e6500000e650000566800005668 xmm5=0x0000e09d0000e09d0000504d0000504d 
  xmm6=0x0000a2c80000a2c8000078d5000078d5 xmm7=0x000018d3000018d30000201100002011 

0x3168: mul [r14 +rsi]
  rax=0x0000000000001000 rbx=0x0000000000002e05 rcx=0x0000d29d0000dabd rdx=0x0000000000000d34
  rsi=0x0000000000000034 rdi=0x0000000000000003 flags=0b010000000010
  xmm0=0x0000a33d0000a33d000042ed000042ed xmm1=0x00001379000013790000553300005533 
  xmm2=0x0000867c0000867c0000b9650000b965 xmm3=0x000086c3000086c300001aa900001aa9 
  xmm4=0x00000e6500000e650000566800005668 xmm5=0x0000e09d0000e09d0000504d0000504d 
  xmm6=0x0000a2c80000a2c8000078d5000078d5 xmm7=0x000018d3000018d30000201100002011 

    > load from +0x4034 value 0x341500005052
0x316c: and rax, 0b1111111111111
  rax=0x0341500005052000 rbx=0x0000000000002e05 rcx=0x0000d29d0000dabd rdx=0x0000000000000000
  rsi=0x0000000000000034 rdi=0x0000000000000003 flags=0b010000000110
  xmm0=0x0000a33d0000a33d000042ed000042ed xmm1=0x00001379000013790000553300005533 
  xmm2=0x0000867c0000867c0000b9650000b965 xmm3=0x000086c3000086c300001aa900001aa9 
  xmm4=0x00000e6500000e650000566800005668 xmm5=0x0000e09d0000e09d0000504d0000504d 
  xmm6=0x0000a2c80000a2c8000078d5000078d5 xmm7=0x000018d3000018d30000201100002011 

0x3172: sub cl, [r14 +rax]
  rax=0x0000000000000000 rbx=0x0000000000002e05 rcx=0x0000d29d0000dabd rdx=0x0000000000000000
  rsi=0x0000000000000034 rdi=0x0000000000000003 flags=0b010001000110
  xmm0=0x0000a33d0000a33d000042ed000042ed xmm1=0x00001379000013790000553300005533 
  xmm2=0x0000867c0000867c0000b9650000b965 xmm3=0x000086c3000086c300001aa900001aa9 
  xmm4=0x00000e6500000e650000566800005668 xmm5=0x0000e09d0000e09d0000504d0000504d 
  xmm6=0x0000a2c80000a2c8000078d5000078d5 xmm7=0x000018d3000018d30000201100002011 

    > load from +0x4000 value 0x89
0x3176: and rbx, 0b1111111111111
  rax=0x0000000000000000 rbx=0x0000000000002e05 rcx=0x0000d29d0000da34 rdx=0x0000000000000000
  rsi=0x0000000000000034 rdi=0x0000000000000003 flags=0b010000000010
  xmm0=0x0000a33d0000a33d000042ed000042ed xmm1=0x00001379000013790000553300005533 
  xmm2=0x0000867c0000867c0000b9650000b965 xmm3=0x000086c3000086c300001aa900001aa9 
  xmm4=0x00000e6500000e650000566800005668 xmm5=0x0000e09d0000e09d0000504d0000504d 
  xmm6=0x0000a2c80000a2c8000078d5000078d5 xmm7=0x000018d3000018d30000201100002011 

0x317d: movsxd rdx, [r14 +rbx]
  rax=0x0000000000000000 rbx=0x0000000000000e05 rcx=0x0000d29d0000da34 rdx=0x0000000000000000
  rsi=0x0000000000000034 rdi=0x0000000000000003 flags=0b010000000110
  xmm0=0x0000a33d0000a33d000042ed000042ed xmm1=0x00001379000013790000553300005533 
  xmm2=0x0000867c0000867c0000b9650000b965 xmm3=0x000086c3000086c300001aa900001aa9 
  xmm4=0x00000e6500000e650000566800005668 xmm5=0x0000e09d0000e09d0000504d0000504d 
  xmm6=0x0000a2c80000a2c8000078d5000078d5 xmm7=0x000018d3000018d30000201100002011 

    > load from +0x4e05 value 0x740000c5
0x3181: and rdi, 0b1111111111111
  rax=0x0000000000000000 rbx=0x0000000000000e05 rcx=0x0000d29d0000da34 rdx=0x00000000740000c5
  rsi=0x0000000000000034 rdi=0x0000000000000003 flags=0b010000000110
  xmm0=0x0000a33d0000a33d000042ed000042ed xmm1=0x00001379000013790000553300005533 
  xmm2=0x0000867c0000867c0000b9650000b965 xmm3=0x000086c3000086c300001aa900001aa9 
  xmm4=0x00000e6500000e650000566800005668 xmm5=0x0000e09d0000e09d0000504d0000504d 
  xmm6=0x0000a2c80000a2c8000078d5000078d5 xmm7=0x000018d3000018d30000201100002011 

0x3188: cmovnbe rcx, [r14 +rdi]
  rax=0x0000000000000000 rbx=0x0000000000000e05 rcx=0x0000d29d0000da34 rdx=0x00000000740000c5
  rsi=0x0000000000000034 rdi=0x0000000000000003 flags=0b010000000110
  xmm0=0x0000a33d0000a33d000042ed000042ed xmm1=0x00001379000013790000553300005533 
  xmm2=0x0000867c0000867c0000b9650000b965 xmm3=0x000086c3000086c300001aa900001aa9 
  xmm4=0x00000e6500000e650000566800005668 xmm5=0x0000e09d0000e09d0000504d0000504d 
  xmm6=0x0000a2c80000a2c8000078d5000078d5 xmm7=0x000018d3000018d30000201100002011 

    > load from +0x4003 value 0xafe20000258900
0x318d: and rbx, 0b1111111111111
  rax=0x0000000000000000 rbx=0x0000000000000e05 rcx=0x00afe20000258900 rdx=0x00000000740000c5
  rsi=0x0000000000000034 rdi=0x0000000000000003 flags=0b010000000110
  xmm0=0x0000a33d0000a33d000042ed000042ed xmm1=0x00001379000013790000553300005533 
  xmm2=0x0000867c0000867c0000b9650000b965 xmm3=0x000086c3000086c300001aa900001aa9 
  xmm4=0x00000e6500000e650000566800005668 xmm5=0x0000e09d0000e09d0000504d0000504d 
  xmm6=0x0000a2c80000a2c8000078d5000078d5 xmm7=0x000018d3000018d30000201100002011 

0x3194: add rax, [r14 +rbx]
  rax=0x0000000000000000 rbx=0x0000000000000e05 rcx=0x00afe20000258900 rdx=0x00000000740000c5
  rsi=0x0000000000000034 rdi=0x0000000000000003 flags=0b010000000110
  xmm0=0x0000a33d0000a33d000042ed000042ed xmm1=0x00001379000013790000553300005533 
  xmm2=0x0000867c0000867c0000b9650000b965 xmm3=0x000086c3000086c300001aa900001aa9 
  xmm4=0x00000e6500000e650000566800005668 xmm5=0x0000e09d0000e09d0000504d0000504d 
  xmm6=0x0000a2c80000a2c8000078d5000078d5 xmm7=0x000018d3000018d30000201100002011 

    > load from +0x4e05 value 0x740000bd740000c5
0x3198: sub al, -15
  rax=0x740000bd740000c5 rbx=0x0000000000000e05 rcx=0x00afe20000258900 rdx=0x00000000740000c5
  rsi=0x0000000000000034 rdi=0x0000000000000003 flags=0b010000000110
  xmm0=0x0000a33d0000a33d000042ed000042ed xmm1=0x00001379000013790000553300005533 
  xmm2=0x0000867c0000867c0000b9650000b965 xmm3=0x000086c3000086c300001aa900001aa9 
  xmm4=0x00000e6500000e650000566800005668 xmm5=0x0000e09d0000e09d0000504d0000504d 
  xmm6=0x0000a2c80000a2c8000078d5000078d5 xmm7=0x000018d3000018d30000201100002011 

0x319a: and rbx, 0b1111111111111
  rax=0x740000bd740000d4 rbx=0x0000000000000e05 rcx=0x00afe20000258900 rdx=0x00000000740000c5
  rsi=0x0000000000000034 rdi=0x0000000000000003 flags=0b010010000111
  xmm0=0x0000a33d0000a33d000042ed000042ed xmm1=0x00001379000013790000553300005533 
  xmm2=0x0000867c0000867c0000b9650000b965 xmm3=0x000086c3000086c300001aa900001aa9 
  xmm4=0x00000e6500000e650000566800005668 xmm5=0x0000e09d0000e09d0000504d0000504d 
  xmm6=0x0000a2c80000a2c8000078d5000078d5 xmm7=0x000018d3000018d30000201100002011 

0x31a1: add si, [r14 +rbx]
  rax=0x740000bd740000d4 rbx=0x0000000000000e05 rcx=0x00afe20000258900 rdx=0x00000000740000c5
  rsi=0x0000000000000034 rdi=0x0000000000000003 flags=0b010000000110
  xmm0=0x0000a33d0000a33d000042ed000042ed xmm1=0x00001379000013790000553300005533 
  xmm2=0x0000867c0000867c0000b9650000b965 xmm3=0x000086c3000086c300001aa900001aa9 
  xmm4=0x00000e6500000e650000566800005668 xmm5=0x0000e09d0000e09d0000504d0000504d 
  xmm6=0x0000a2c80000a2c8000078d5000078d5 xmm7=0x000018d3000018d30000201100002011 

    > load from +0x4e05 value 0xc5
0x31a6: and rsi, 0b1111111111111
  rax=0x740000bd740000d4 rbx=0x0000000000000e05 rcx=0x00afe20000258900 rdx=0x00000000740000c5
  rsi=0x00000000000000f9 rdi=0x0000000000000003 flags=0b010000000110
  xmm0=0x0000a33d0000a33d000042ed000042ed xmm1=0x00001379000013790000553300005533 
  xmm2=0x0000867c0000867c0000b9650000b965 xmm3=0x000086c3000086c300001aa900001aa9 
  xmm4=0x00000e6500000e650000566800005668 xmm5=0x0000e09d0000e09d0000504d0000504d 
  xmm6=0x0000a2c80000a2c8000078d5000078d5 xmm7=0x000018d3000018d30000201100002011 

0x31ad: cmovnp dx, [r14 +rsi]
  rax=0x740000bd740000d4 rbx=0x0000000000000e05 rcx=0x00afe20000258900 rdx=0x00000000740000c5
  rsi=0x00000000000000f9 rdi=0x0000000000000003 flags=0b010000000110
  xmm0=0x0000a33d0000a33d000042ed000042ed xmm1=0x00001379000013790000553300005533 
  xmm2=0x0000867c0000867c0000b9650000b965 xmm3=0x000086c3000086c300001aa900001aa9 
  xmm4=0x00000e6500000e650000566800005668 xmm5=0x0000e09d0000e09d0000504d0000504d 
  xmm6=0x0000a2c80000a2c8000078d5000078d5 xmm7=0x000018d3000018d30000201100002011 

    > load from +0x40f9 value 0x97
0x31b3: setnp dl
  rax=0x740000bd740000d4 rbx=0x0000000000000e05 rcx=0x00afe20000258900 rdx=0x00000000740000c5
  rsi=0x00000000000000f9 rdi=0x0000000000000003 flags=0b010000000110
  xmm0=0x0000a33d0000a33d000042ed000042ed xmm1=0x00001379000013790000553300005533 
  xmm2=0x0000867c0000867c0000b9650000b965 xmm3=0x000086c3000086c300001aa900001aa9 
  xmm4=0x00000e6500000e650000566800005668 xmm5=0x0000e09d0000e09d0000504d0000504d 
  xmm6=0x0000a2c80000a2c8000078d5000078d5 xmm7=0x000018d3000018d30000201100002011 

0x31b6: macro .switch, .main.function_main_1
  rax=0x740000bd740000d4 rbx=0x0000000000000e05 rcx=0x00afe20000258900 rdx=0x0000000074000000
  rsi=0x00000000000000f9 rdi=0x0000000000000003 flags=0b010000000110
  xmm0=0x0000a33d0000a33d000042ed000042ed xmm1=0x00001379000013790000553300005533 
  xmm2=0x0000867c0000867c0000b9650000b965 xmm3=0x000086c3000086c300001aa900001aa9 
  xmm4=0x00000e6500000e650000566800005668 xmm5=0x0000e09d0000e09d0000504d0000504d 
  xmm6=0x0000a2c80000a2c8000078d5000078d5 xmm7=0x000018d3000018d30000201100002011 

0x8 : stc 
  rax=0x740000bd740000d4 rbx=0x0000000000000e05 rcx=0x00afe20000258900 rdx=0x0000000074000000
  rsi=0x00000000000000f9 rdi=0x0000000000000003 flags=0b010000000110
  xmm0=0x0000a33d0000a33d000042ed000042ed xmm1=0x00001379000013790000553300005533 
  xmm2=0x0000867c0000867c0000b9650000b965 xmm3=0x000086c3000086c300001aa900001aa9 
  xmm4=0x00000e6500000e650000566800005668 xmm5=0x0000e09d0000e09d0000504d0000504d 
  xmm6=0x0000a2c80000a2c8000078d5000078d5 xmm7=0x000018d3000018d30000201100002011 

0x9 : xor rax, -1742133043
  rax=0x740000bd740000d4 rbx=0x0000000000000e05 rcx=0x00afe20000258900 rdx=0x0000000074000000
  rsi=0x00000000000000f9 rdi=0x0000000000000003 flags=0b010000000111
  xmm0=0x0000a33d0000a33d000042ed000042ed xmm1=0x00001379000013790000553300005533 
  xmm2=0x0000867c0000867c0000b9650000b965 xmm3=0x000086c3000086c300001aa900001aa9 
  xmm4=0x00000e6500000e650000566800005668 xmm5=0x0000e09d0000e09d0000504d0000504d 
  xmm6=0x0000a2c80000a2c8000078d5000078d5 xmm7=0x000018d3000018d30000201100002011 

0xf : and rax, 0b1111111111111
  rax=0x8bffff42ec292819 rbx=0x0000000000000e05 rcx=0x00afe20000258900 rdx=0x0000000074000000
  rsi=0x00000000000000f9 rdi=0x0000000000000003 flags=0b010010000010
  xmm0=0x0000a33d0000a33d000042ed000042ed xmm1=0x00001379000013790000553300005533 
  xmm2=0x0000867c0000867c0000b9650000b965 xmm3=0x000086c3000086c300001aa900001aa9 
  xmm4=0x00000e6500000e650000566800005668 xmm5=0x0000e09d0000e09d0000504d0000504d 
  xmm6=0x0000a2c80000a2c8000078d5000078d5 xmm7=0x000018d3000018d30000201100002011 

0x15: cmp rbx, [r14 +rax]
  rax=0x0000000000000819 rbx=0x0000000000000e05 rcx=0x00afe20000258900 rdx=0x0000000074000000
  rsi=0x00000000000000f9 rdi=0x0000000000000003 flags=0b010000000010
  xmm0=0x0000a33d0000a33d000042ed000042ed xmm1=0x00001379000013790000553300005533 
  xmm2=0x0000867c0000867c0000b9650000b965 xmm3=0x000086c3000086c300001aa900001aa9 
  xmm4=0x00000e6500000e650000566800005668 xmm5=0x0000e09d0000e09d0000504d0000504d 
  xmm6=0x0000a2c80000a2c8000078d5000078d5 xmm7=0x000018d3000018d30000201100002011 

    > load from +0x819 value 0xe000099fd000099
0x19: cmp rcx, rcx
  rax=0x0000000000000819 rbx=0x0000000000000e05 rcx=0x00afe20000258900 rdx=0x0000000074000000
  rsi=0x00000000000000f9 rdi=0x0000000000000003 flags=0b010010010111
  xmm0=0x0000a33d0000a33d000042ed000042ed xmm1=0x00001379000013790000553300005533 
  xmm2=0x0000867c0000867c0000b9650000b965 xmm3=0x000086c3000086c300001aa900001aa9 
  xmm4=0x00000e6500000e650000566800005668 xmm5=0x0000e09d0000e09d0000504d0000504d 
  xmm6=0x0000a2c80000a2c8000078d5000078d5 xmm7=0x000018d3000018d30000201100002011 

0x1c: cmovbe ebx, edi
  rax=0x0000000000000819 rbx=0x0000000000000e05 rcx=0x00afe20000258900 rdx=0x0000000074000000
  rsi=0x00000000000000f9 rdi=0x0000000000000003 flags=0b010001000110
  xmm0=0x0000a33d0000a33d000042ed000042ed xmm1=0x00001379000013790000553300005533 
  xmm2=0x0000867c0000867c0000b9650000b965 xmm3=0x000086c3000086c300001aa900001aa9 
  xmm4=0x00000e6500000e650000566800005668 xmm5=0x0000e09d0000e09d0000504d0000504d 
  xmm6=0x0000a2c80000a2c8000078d5000078d5 xmm7=0x000018d3000018d30000201100002011 

0x1f: cmovnle edx, edi
  rax=0x0000000000000819 rbx=0x0000000000000003 rcx=0x00afe20000258900 rdx=0x0000000074000000
  rsi=0x00000000000000f9 rdi=0x0000000000000003 flags=0b010001000110
  xmm0=0x0000a33d0000a33d000042ed000042ed xmm1=0x00001379000013790000553300005533 
  xmm2=0x0000867c0000867c0000b9650000b965 xmm3=0x000086c3000086c300001aa900001aa9 
  xmm4=0x00000e6500000e650000566800005668 xmm5=0x0000e09d0000e09d0000504d0000504d 
  xmm6=0x0000a2c80000a2c8000078d5000078d5 xmm7=0x000018d3000018d30000201100002011 

0x22: and rbx, 0b1111111111111
  rax=0x0000000000000819 rbx=0x0000000000000003 rcx=0x00afe20000258900 rdx=0x0000000074000000
  rsi=0x00000000000000f9 rdi=0x0000000000000003 flags=0b010001000110
  xmm0=0x0000a33d0000a33d000042ed000042ed xmm1=0x00001379000013790000553300005533 
  xmm2=0x0000867c0000867c0000b9650000b965 xmm3=0x000086c3000086c300001aa900001aa9 
  xmm4=0x00000e6500000e650000566800005668 xmm5=0x0000e09d0000e09d0000504d0000504d 
  xmm6=0x0000a2c80000a2c8000078d5000078d5 xmm7=0x000018d3000018d30000201100002011 

0x29: cmovz ebx, [r14 +rbx]
  rax=0x0000000000000819 rbx=0x0000000000000003 rcx=0x00afe20000258900 rdx=0x0000000074000000
  rsi=0x00000000000000f9 rdi=0x0000000000000003 flags=0b010000000110
  xmm0=0x0000a33d0000a33d000042ed000042ed xmm1=0x00001379000013790000553300005533 
  xmm2=0x0000867c0000867c0000b9650000b965 xmm3=0x000086c3000086c300001aa900001aa9 
  xmm4=0x00000e6500000e650000566800005668 xmm5=0x0000e09d0000e09d0000504d0000504d 
  xmm6=0x0000a2c80000a2c8000078d5000078d5 xmm7=0x000018d3000018d30000201100002011 

    > load from +0x3 value 0x14c100
0x2e: and rdx, 0b1111111111111
  rax=0x0000000000000819 rbx=0x0000000000000003 rcx=0x00afe20000258900 rdx=0x0000000074000000
  rsi=0x00000000000000f9 rdi=0x0000000000000003 flags=0b010000000110
  xmm0=0x0000a33d0000a33d000042ed000042ed xmm1=0x00001379000013790000553300005533 
  xmm2=0x0000867c0000867c0000b9650000b965 xmm3=0x000086c3000086c300001aa900001aa9 
  xmm4=0x00000e6500000e650000566800005668 xmm5=0x0000e09d0000e09d0000504d0000504d 
  xmm6=0x0000a2c80000a2c8000078d5000078d5 xmm7=0x000018d3000018d30000201100002011 

0x35: or [r14 +rdx], 0b1000
  rax=0x0000000000000819 rbx=0x0000000000000003 rcx=0x00afe20000258900 rdx=0x0000000000000000
  rsi=0x00000000000000f9 rdi=0x0000000000000003 flags=0b010001000110
  xmm0=0x0000a33d0000a33d000042ed000042ed xmm1=0x00001379000013790000553300005533 
  xmm2=0x0000867c0000867c0000b9650000b965 xmm3=0x000086c3000086c300001aa900001aa9 
  xmm4=0x00000e6500000e650000566800005668 xmm5=0x0000e09d0000e09d0000504d0000504d 
  xmm6=0x0000a2c80000a2c8000078d5000078d5 xmm7=0x000018d3000018d30000201100002011 

    > load from +0x0 value 0x14c1
    > store to +0x0 value 0x14c9
0x3b: and [r14 +rdx], 0b11111000
  rax=0x0000000000000819 rbx=0x0000000000000003 rcx=0x00afe20000258900 rdx=0x0000000000000000
  rsi=0x00000000000000f9 rdi=0x0000000000000003 flags=0b010000000110
  xmm0=0x0000a33d0000a33d000042ed000042ed xmm1=0x00001379000013790000553300005533 
  xmm2=0x0000867c0000867c0000b9650000b965 xmm3=0x000086c3000086c300001aa900001aa9 
  xmm4=0x00000e6500000e650000566800005668 xmm5=0x0000e09d0000e09d0000504d0000504d 
  xmm6=0x0000a2c80000a2c8000078d5000078d5 xmm7=0x000018d3000018d30000201100002011 

    > load from +0x0 value 0xc9
    > store to +0x0 value 0xc8
0x40: add sil, 7
  rax=0x0000000000000819 rbx=0x0000000000000003 rcx=0x00afe20000258900 rdx=0x0000000000000000
  rsi=0x00000000000000f9 rdi=0x0000000000000003 flags=0b010010000010
  xmm0=0x0000a33d0000a33d000042ed000042ed xmm1=0x00001379000013790000553300005533 
  xmm2=0x0000867c0000867c0000b9650000b965 xmm3=0x000086c3000086c300001aa900001aa9 
  xmm4=0x00000e6500000e650000566800005668 xmm5=0x0000e09d0000e09d0000504d0000504d 
  xmm6=0x0000a2c80000a2c8000078d5000078d5 xmm7=0x000018d3000018d30000201100002011 

0x44: sbb rdi, -31
  rax=0x0000000000000819 rbx=0x0000000000000003 rcx=0x00afe20000258900 rdx=0x0000000000000000
  rsi=0x0000000000000000 rdi=0x0000000000000003 flags=0b010001010111
  xmm0=0x0000a33d0000a33d000042ed000042ed xmm1=0x00001379000013790000553300005533 
  xmm2=0x0000867c0000867c0000b9650000b965 xmm3=0x000086c3000086c300001aa900001aa9 
  xmm4=0x00000e6500000e650000566800005668 xmm5=0x0000e09d0000e09d0000504d0000504d 
  xmm6=0x0000a2c80000a2c8000078d5000078d5 xmm7=0x000018d3000018d30000201100002011 

0x48: xadd sil, cl
  rax=0x0000000000000819 rbx=0x0000000000000003 rcx=0x00afe20000258900 rdx=0x0000000000000000
  rsi=0x0000000000000000 rdi=0x0000000000000021 flags=0b010000000111
  xmm0=0x0000a33d0000a33d000042ed000042ed xmm1=0x00001379000013790000553300005533 
  xmm2=0x0000867c0000867c0000b9650000b965 xmm3=0x000086c3000086c300001aa900001aa9 
  xmm4=0x00000e6500000e650000566800005668 xmm5=0x0000e09d0000e09d0000504d0000504d 
  xmm6=0x0000a2c80000a2c8000078d5000078d5 xmm7=0x000018d3000018d30000201100002011 

0x4c: cmc 
  rax=0x0000000000000819 rbx=0x0000000000000003 rcx=0x00afe20000258900 rdx=0x0000000000000000
  rsi=0x0000000000000000 rdi=0x0000000000000021 flags=0b010001000110
  xmm0=0x0000a33d0000a33d000042ed000042ed xmm1=0x00001379000013790000553300005533 
  xmm2=0x0000867c0000867c0000b9650000b965 xmm3=0x000086c3000086c300001aa900001aa9 
  xmm4=0x00000e6500000e650000566800005668 xmm5=0x0000e09d0000e09d0000504d0000504d 
  xmm6=0x0000a2c80000a2c8000078d5000078d5 xmm7=0x000018d3000018d30000201100002011 

0x4d: xchg eax, eax
  rax=0x0000000000000819 rbx=0x0000000000000003 rcx=0x00afe20000258900 rdx=0x0000000000000000
  rsi=0x0000000000000000 rdi=0x0000000000000021 flags=0b010001000111
  xmm0=0x0000a33d0000a33d000042ed000042ed xmm1=0x00001379000013790000553300005533 
  xmm2=0x0000867c0000867c0000b9650000b965 xmm3=0x000086c3000086c300001aa900001aa9 
  xmm4=0x00000e6500000e650000566800005668 xmm5=0x0000e09d0000e09d0000504d0000504d 
  xmm6=0x0000a2c80000a2c8000078d5000078d5 xmm7=0x000018d3000018d30000201100002011 

0x4f: setbe bl
  rax=0x0000000000000819 rbx=0x0000000000000003 rcx=0x00afe20000258900 rdx=0x0000000000000000
  rsi=0x0000000000000000 rdi=0x0000000000000021 flags=0b010001000111
  xmm0=0x0000a33d0000a33d000042ed000042ed xmm1=0x00001379000013790000553300005533 
  xmm2=0x0000867c0000867c0000b9650000b965 xmm3=0x000086c3000086c300001aa900001aa9 
  xmm4=0x00000e6500000e650000566800005668 xmm5=0x0000e09d0000e09d0000504d0000504d 
  xmm6=0x0000a2c80000a2c8000078d5000078d5 xmm7=0x000018d3000018d30000201100002011 

0x52: and rax, 0b1111111111111
  rax=0x0000000000000819 rbx=0x0000000000000001 rcx=0x00afe20000258900 rdx=0x0000000000000000
  rsi=0x0000000000000000 rdi=0x0000000000000021 flags=0b010001000111
  xmm0=0x0000a33d0000a33d000042ed000042ed xmm1=0x00001379000013790000553300005533 
  xmm2=0x0000867c0000867c0000b9650000b965 xmm3=0x000086c3000086c300001aa900001aa9 
  xmm4=0x00000e6500000e650000566800005668 xmm5=0x0000e09d0000e09d0000504d0000504d 
  xmm6=0x0000a2c80000a2c8000078d5000078d5 xmm7=0x000018d3000018d30000201100002011 

0x58: movzx di, [r14 +rax]
  rax=0x0000000000000819 rbx=0x0000000000000001 rcx=0x00afe20000258900 rdx=0x0000000000000000
  rsi=0x0000000000000000 rdi=0x0000000000000021 flags=0b010000000010
  xmm0=0x0000a33d0000a33d000042ed000042ed xmm1=0x00001379000013790000553300005533 
  xmm2=0x0000867c0000867c0000b9650000b965 xmm3=0x000086c3000086c300001aa900001aa9 
  xmm4=0x00000e6500000e650000566800005668 xmm5=0x0000e09d0000e09d0000504d0000504d 
  xmm6=0x0000a2c80000a2c8000078d5000078d5 xmm7=0x000018d3000018d30000201100002011 

    > load from +0x819 value 0x99
0x5e: setnle cl
  rax=0x0000000000000819 rbx=0x0000000000000001 rcx=0x00afe20000258900 rdx=0x0000000000000000
  rsi=0x0000000000000000 rdi=0x0000000000000099 flags=0b010000000010
  xmm0=0x0000a33d0000a33d000042ed000042ed xmm1=0x00001379000013790000553300005533 
  xmm2=0x0000867c0000867c0000b9650000b965 xmm3=0x000086c3000086c300001aa900001aa9 
  xmm4=0x00000e6500000e650000566800005668 xmm5=0x0000e09d0000e09d0000504d0000504d 
  xmm6=0x0000a2c80000a2c8000078d5000078d5 xmm7=0x000018d3000018d30000201100002011 

0x61: and rsi, 0b1111111111111
  rax=0x0000000000000819 rbx=0x0000000000000001 rcx=0x00afe20000258901 rdx=0x0000000000000000
  rsi=0x0000000000000000 rdi=0x0000000000000099 flags=0b010000000010
  xmm0=0x0000a33d0000a33d000042ed000042ed xmm1=0x00001379000013790000553300005533 
  xmm2=0x0000867c0000867c0000b9650000b965 xmm3=0x000086c3000086c300001aa900001aa9 
  xmm4=0x00000e6500000e650000566800005668 xmm5=0x0000e09d0000e09d0000504d0000504d 
  xmm6=0x0000a2c80000a2c8000078d5000078d5 xmm7=0x000018d3000018d30000201100002011 

0x68: sub rax, [r14 +rsi]
  rax=0x0000000000000819 rbx=0x0000000000000001 rcx=0x00afe20000258901 rdx=0x0000000000000000
  rsi=0x0000000000000000 rdi=0x0000000000000099 flags=0b010001000110
  xmm0=0x0000a33d0000a33d000042ed000042ed xmm1=0x00001379000013790000553300005533 
  xmm2=0x0000867c0000867c0000b9650000b965 xmm3=0x000086c3000086c300001aa900001aa9 
  xmm4=0x00000e6500000e650000566800005668 xmm5=0x0000e09d0000e09d0000504d0000504d 
  xmm6=0x0000a2c80000a2c8000078d5000078d5 xmm7=0x000018d3000018d30000201100002011 

    > load from +0x0 value 0x14c1000014c8
0x6c: and rdx, 0b1111111111111
  rax=0xffffeb3efffff351 rbx=0x0000000000000001 rcx=0x00afe20000258901 rdx=0x0000000000000000
  rsi=0x0000000000000000 rdi=0x0000000000000099 flags=0b010010000011
  xmm0=0x0000a33d0000a33d000042ed000042ed xmm1=0x00001379000013790000553300005533 
  xmm2=0x0000867c0000867c0000b9650000b965 xmm3=0x000086c3000086c300001aa900001aa9 
  xmm4=0x00000e6500000e650000566800005668 xmm5=0x0000e09d0000e09d0000504d0000504d 
  xmm6=0x0000a2c80000a2c8000078d5000078d5 xmm7=0x000018d3000018d30000201100002011 

0x73: cmovnle di, [r14 +rdx]
  rax=0xffffeb3efffff351 rbx=0x0000000000000001 rcx=0x00afe20000258901 rdx=0x0000000000000000
  rsi=0x0000000000000000 rdi=0x0000000000000099 flags=0b010001000110
  xmm0=0x0000a33d0000a33d000042ed000042ed xmm1=0x00001379000013790000553300005533 
  xmm2=0x0000867c0000867c0000b9650000b965 xmm3=0x000086c3000086c300001aa900001aa9 
  xmm4=0x00000e6500000e650000566800005668 xmm5=0x0000e09d0000e09d0000504d0000504d 
  xmm6=0x0000a2c80000a2c8000078d5000078d5 xmm7=0x000018d3000018d30000201100002011 

    > load from +0x0 value 0x14c8
0x79: setns bl
  rax=0xffffeb3efffff351 rbx=0x0000000000000001 rcx=0x00afe20000258901 rdx=0x0000000000000000
  rsi=0x0000000000000000 rdi=0x0000000000000099 flags=0b010001000110
  xmm0=0x0000a33d0000a33d000042ed000042ed xmm1=0x00001379000013790000553300005533 
  xmm2=0x0000867c0000867c0000b9650000b965 xmm3=0x000086c3000086c300001aa900001aa9 
  xmm4=0x00000e6500000e650000566800005668 xmm5=0x0000e09d0000e09d0000504d0000504d 
  xmm6=0x0000a2c80000a2c8000078d5000078d5 xmm7=0x000018d3000018d30000201100002011 

0x7c: and rcx, 0b1111111111111
  rax=0xffffeb3efffff351 rbx=0x0000000000000001 rcx=0x00afe20000258901 rdx=0x0000000000000000
  rsi=0x0000000000000000 rdi=0x0000000000000099 flags=0b010001000110
  xmm0=0x0000a33d0000a33d000042ed000042ed xmm1=0x00001379000013790000553300005533 
  xmm2=0x0000867c0000867c0000b9650000b965 xmm3=0x000086c3000086c300001aa900001aa9 
  xmm4=0x00000e6500000e650000566800005668 xmm5=0x0000e09d0000e09d0000504d0000504d 
  xmm6=0x0000a2c80000a2c8000078d5000078d5 xmm7=0x000018d3000018d30000201100002011 

0x83: cmovnz di, [r14 +rcx]
  rax=0xffffeb3efffff351 rbx=0x0000000000000001 rcx=0x0000000000000901 rdx=0x0000000000000000
  rsi=0x0000000000000000 rdi=0x0000000000000099 flags=0b010000000010
  xmm0=0x0000a33d0000a33d000042ed000042ed xmm1=0x00001379000013790000553300005533 
  xmm2=0x0000867c0000867c0000b9650000b965 xmm3=0x000086c3000086c300001aa900001aa9 
  xmm4=0x00000e6500000e650000566800005668 xmm5=0x0000e09d0000e09d0000504d0000504d 
  xmm6=0x0000a2c80000a2c8000078d5000078d5 xmm7=0x000018d3000018d30000201100002011 

    > load from +0x901 value 0x7e
0x89: or di, 124
  rax=0xffffeb3efffff351 rbx=0x0000000000000001 rcx=0x0000000000000901 rdx=0x0000000000000000
  rsi=0x0000000000000000 rdi=0x000000000000007e flags=0b010000000010
  xmm0=0x0000a33d0000a33d000042ed000042ed xmm1=0x00001379000013790000553300005533 
  xmm2=0x0000867c0000867c0000b9650000b965 xmm3=0x000086c3000086c300001aa900001aa9 
  xmm4=0x00000e6500000e650000566800005668 xmm5=0x0000e09d0000e09d0000504d0000504d 
  xmm6=0x0000a2c80000a2c8000078d5000078d5 xmm7=0x000018d3000018d30000201100002011 

0x8d: sbb cl, -83
  rax=0xffffeb3efffff351 rbx=0x0000000000000001 rcx=0x0000000000000901 rdx=0x0000000000000000
  rsi=0x0000000000000000 rdi=0x000000000000007e flags=0b010000000110
  xmm0=0x0000a33d0000a33d000042ed000042ed xmm1=0x00001379000013790000553300005533 
  xmm2=0x0000867c0000867c0000b9650000b965 xmm3=0x000086c3000086c300001aa900001aa9 
  xmm4=0x00000e6500000e650000566800005668 xmm5=0x0000e09d0000e09d0000504d0000504d 
  xmm6=0x0000a2c80000a2c8000078d5000078d5 xmm7=0x000018d3000018d30000201100002011 

0x90: and rax, 0b1111111111111
  rax=0xffffeb3efffff351 rbx=0x0000000000000001 rcx=0x0000000000000954 rdx=0x0000000000000000
  rsi=0x0000000000000000 rdi=0x000000000000007e flags=0b010000010011
  xmm0=0x0000a33d0000a33d000042ed000042ed xmm1=0x00001379000013790000553300005533 
  xmm2=0x0000867c0000867c0000b9650000b965 xmm3=0x000086c3000086c300001aa900001aa9 
  xmm4=0x00000e6500000e650000566800005668 xmm5=0x0000e09d0000e09d0000504d0000504d 
  xmm6=0x0000a2c80000a2c8000078d5000078d5 xmm7=0x000018d3000018d30000201100002011 

0x96: sbb si, [r14 +rax]
  rax=0x0000000000001351 rbx=0x0000000000000001 rcx=0x0000000000000954 rdx=0x0000000000000000
  rsi=0x0000000000000000 rdi=0x000000000000007e flags=0b010000000010
  xmm0=0x0000a33d0000a33d000042ed000042ed xmm1=0x00001379000013790000553300005533 
  xmm2=0x0000867c0000867c0000b9650000b965 xmm3=0x000086c3000086c300001aa900001aa9 
  xmm4=0x00000e6500000e650000566800005668 xmm5=0x0000e09d0000e09d0000504d0000504d 
  xmm6=0x0000a2c80000a2c8000078d5000078d5 xmm7=0x000018d3000018d30000201100002011 

    > load from +0x1351 value 0x94
0x9b: and eax, -223234251
  rax=0x0000000000001351 rbx=0x0000000000000001 rcx=0x0000000000000954 rdx=0x0000000000000000
  rsi=0x000000000000ff6c rdi=0x000000000000007e flags=0b010010010111
  xmm0=0x0000a33d0000a33d000042ed000042ed xmm1=0x00001379000013790000553300005533 
  xmm2=0x0000867c0000867c0000b9650000b965 xmm3=0x000086c3000086c300001aa900001aa9 
  xmm4=0x00000e6500000e650000566800005668 xmm5=0x0000e09d0000e09d0000504d0000504d 
  xmm6=0x0000a2c80000a2c8000078d5000078d5 xmm7=0x000018d3000018d30000201100002011 

0xa0: and rdx, 0b1111111111111
  rax=0x0000000000001311 rbx=0x0000000000000001 rcx=0x0000000000000954 rdx=0x0000000000000000
  rsi=0x000000000000ff6c rdi=0x000000000000007e flags=0b010000000110
  xmm0=0x0000a33d0000a33d000042ed000042ed xmm1=0x00001379000013790000553300005533 
  xmm2=0x0000867c0000867c0000b9650000b965 xmm3=0x000086c3000086c300001aa900001aa9 
  xmm4=0x00000e6500000e650000566800005668 xmm5=0x0000e09d0000e09d0000504d0000504d 
  xmm6=0x0000a2c80000a2c8000078d5000078d5 xmm7=0x000018d3000018d30000201100002011 

0xa7: cmovle ax, [r14 +rdx]
  rax=0x0000000000001311 rbx=0x0000000000000001 rcx=0x0000000000000954 rdx=0x0000000000000000
  rsi=0x000000000000ff6c rdi=0x000000000000007e flags=0b010001000110
  xmm0=0x0000a33d0000a33d000042ed000042ed xmm1=0x00001379000013790000553300005533 
  xmm2=0x0000867c0000867c0000b9650000b965 xmm3=0x000086c3000086c300001aa900001aa9 
  xmm4=0x00000e6500000e650000566800005668 xmm5=0x0000e09d0000e09d0000504d0000504d 
  xmm6=0x0000a2c80000a2c8000078d5000078d5 xmm7=0x000018d3000018d30000201100002011 

    > load from +0x0 value 0x14c8
0xad: cmovnle rbx, rax
  rax=0x00000000000014c8 rbx=0x0000000000000001 rcx=0x0000000000000954 rdx=0x0000000000000000
  rsi=0x000000000000ff6c rdi=0x000000000000007e flags=0b010001000110
  xmm0=0x0000a33d0000a33d000042ed000042ed xmm1=0x00001379000013790000553300005533 
  xmm2=0x0000867c0000867c0000b9650000b965 xmm3=0x000086c3000086c300001aa900001aa9 
  xmm4=0x00000e6500000e650000566800005668 xmm5=0x0000e09d0000e09d0000504d0000504d 
  xmm6=0x0000a2c80000a2c8000078d5000078d5 xmm7=0x000018d3000018d30000201100002011 

0xb1: cmp rcx, rcx
  rax=0x00000000000014c8 rbx=0x0000000000000001 rcx=0x0000000000000954 rdx=0x0000000000000000
  rsi=0x000000000000ff6c rdi=0x000000000000007e flags=0b010001000110
  xmm0=0x0000a33d0000a33d000042ed000042ed xmm1=0x00001379000013790000553300005533 
  xmm2=0x0000867c0000867c0000b9650000b965 xmm3=0x000086c3000086c300001aa900001aa9 
  xmm4=0x00000e6500000e650000566800005668 xmm5=0x0000e09d0000e09d0000504d0000504d 
  xmm6=0x0000a2c80000a2c8000078d5000078d5 xmm7=0x000018d3000018d30000201100002011 

0xb4: and rcx, 0b1111111111111
  rax=0x00000000000014c8 rbx=0x0000000000000001 rcx=0x0000000000000954 rdx=0x0000000000000000
  rsi=0x000000000000ff6c rdi=0x000000000000007e flags=0b010001000110
  xmm0=0x0000a33d0000a33d000042ed000042ed xmm1=0x00001379000013790000553300005533 
  xmm2=0x0000867c0000867c0000b9650000b965 xmm3=0x000086c3000086c300001aa900001aa9 
  xmm4=0x00000e6500000e650000566800005668 xmm5=0x0000e09d0000e09d0000504d0000504d 
  xmm6=0x0000a2c80000a2c8000078d5000078d5 xmm7=0x000018d3000018d30000201100002011 

0xbb: movsxd rdi, [r14 +rcx]
  rax=0x00000000000014c8 rbx=0x0000000000000001 rcx=0x0000000000000954 rdx=0x0000000000000000
  rsi=0x000000000000ff6c rdi=0x000000000000007e flags=0b010000000010
  xmm0=0x0000a33d0000a33d000042ed000042ed xmm1=0x00001379000013790000553300005533 
  xmm2=0x0000867c0000867c0000b9650000b965 xmm3=0x000086c3000086c300001aa900001aa9 
  xmm4=0x00000e6500000e650000566800005668 xmm5=0x0000e09d0000e09d0000504d0000504d 
  xmm6=0x0000a2c80000a2c8000078d5000078d5 xmm7=0x000018d3000018d30000201100002011 

    > load from +0x954 value 0x1e15
0xbf: and rsi, 0b1111111111111
  rax=0x00000000000014c8 rbx=0x0000000000000001 rcx=0x0000000000000954 rdx=0x0000000000000000
  rsi=0x000000000000ff6c rdi=0x0000000000001e15 flags=0b010000000010
  xmm0=0x0000a33d0000a33d000042ed000042ed xmm1=0x00001379000013790000553300005533 
  xmm2=0x0000867c0000867c0000b9650000b965 xmm3=0x000086c3000086c300001aa900001aa9 
  xmm4=0x00000e6500000e650000566800005668 xmm5=0x0000e09d0000e09d0000504d0000504d 
  xmm6=0x0000a2c80000a2c8000078d5000078d5 xmm7=0x000018d3000018d30000201100002011 

0xc6: cmovbe ax, [r14 +rsi]
  rax=0x00000000000014c8 rbx=0x0000000000000001 rcx=0x0000000000000954 rdx=0x0000000000000000
  rsi=0x0000000000001f6c rdi=0x0000000000001e15 flags=0b010000000110
  xmm0=0x0000a33d0000a33d000042ed000042ed xmm1=0x00001379000013790000553300005533 
  xmm2=0x0000867c0000867c0000b9650000b965 xmm3=0x000086c3000086c300001aa900001aa9 
  xmm4=0x00000e6500000e650000566800005668 xmm5=0x0000e09d0000e09d0000504d0000504d 
  xmm6=0x0000a2c80000a2c8000078d5000078d5 xmm7=0x000018d3000018d30000201100002011 

    > load from +0x1f6c value 0x9f2c
0xcc: cwd 
  rax=0x00000000000014c8 rbx=0x0000000000000001 rcx=0x0000000000000954 rdx=0x0000000000000000
  rsi=0x0000000000001f6c rdi=0x0000000000001e15 flags=0b010000000110
  xmm0=0x0000a33d0000a33d000042ed000042ed xmm1=0x00001379000013790000553300005533 
  xmm2=0x0000867c0000867c0000b9650000b965 xmm3=0x000086c3000086c300001aa900001aa9 
  xmm4=0x00000e6500000e650000566800005668 xmm5=0x0000e09d0000e09d0000504d0000504d 
  xmm6=0x0000a2c80000a2c8000078d5000078d5 xmm7=0x000018d3000018d30000201100002011 

0xce: and rdi, 0b1111111111111
  rax=0x00000000000014c8 rbx=0x0000000000000001 rcx=0x0000000000000954 rdx=0x0000000000000000
  rsi=0x0000000000001f6c rdi=0x0000000000001e15 flags=0b010000000110
  xmm0=0x0000a33d0000a33d000042ed000042ed xmm1=0x00001379000013790000553300005533 
  xmm2=0x0000867c0000867c0000b9650000b965 xmm3=0x000086c3000086c300001aa900001aa9 
  xmm4=0x00000e6500000e650000566800005668 xmm5=0x0000e09d0000e09d0000504d0000504d 
  xmm6=0x0000a2c80000a2c8000078d5000078d5 xmm7=0x000018d3000018d30000201100002011 

0xd5: cmp [r14 +rdi], bl
  rax=0x00000000000014c8 rbx=0x0000000000000001 rcx=0x0000000000000954 rdx=0x0000000000000000
  rsi=0x0000000000001f6c rdi=0x0000000000001e15 flags=0b010000000010
  xmm0=0x0000a33d0000a33d000042ed000042ed xmm1=0x00001379000013790000553300005533 
  xmm2=0x0000867c0000867c0000b9650000b965 xmm3=0x000086c3000086c300001aa900001aa9 
  xmm4=0x00000e6500000e650000566800005668 xmm5=0x0000e09d0000e09d0000504d0000504d 
  xmm6=0x0000a2c80000a2c8000078d5000078d5 xmm7=0x000018d3000018d30000201100002011 

    > load from +0x1e15 value 0xe2
0xd9: and rbx, 0b1111111111111
  rax=0x00000000000014c8 rbx=0x0000000000000001 rcx=0x0000000000000954 rdx=0x0000000000000000
  rsi=0x0000000000001f6c rdi=0x0000000000001e15 flags=0b010010000110
  xmm0=0x0000a33d0000a33d000042ed000042ed xmm1=0x00001379000013790000553300005533 
  xmm2=0x0000867c0000867c0000b9650000b965 xmm3=0x000086c3000086c300001aa900001aa9 
  xmm4=0x00000e6500000e650000566800005668 xmm5=0x0000e09d0000e09d0000504d0000504d 
  xmm6=0x0000a2c80000a2c8000078d5000078d5 xmm7=0x000018d3000018d30000201100002011 

0xe0: cmovnb ebx, [r14 +rbx]
  rax=0x00000000000014c8 rbx=0x0000000000000001 rcx=0x0000000000000954 rdx=0x0000000000000000
  rsi=0x0000000000001f6c rdi=0x0000000000001e15 flags=0b010000000010
  xmm0=0x0000a33d0000a33d000042ed000042ed xmm1=0x00001379000013790000553300005533 
  xmm2=0x0000867c0000867c0000b9650000b965 xmm3=0x000086c3000086c300001aa900001aa9 
  xmm4=0x00000e6500000e650000566800005668 xmm5=0x0000e09d0000e09d0000504d0000504d 
  xmm6=0x0000a2c80000a2c8000078d5000078d5 xmm7=0x000018d3000018d30000201100002011 

    > load from +0x1 value 0xc1000014
0xe5: bts eax, 46
  rax=0x00000000000014c8 rbx=0x00000000c1000014 rcx=0x0000000000000954 rdx=0x0000000000000000
  rsi=0x0000000000001f6c rdi=0x0000000000001e15 flags=0b010000000010
  xmm0=0x0000a33d0000a33d000042ed000042ed xmm1=0x00001379000013790000553300005533 
  xmm2=0x0000867c0000867c0000b9650000b965 xmm3=0x000086c3000086c300001aa900001aa9 
  xmm4=0x00000e6500000e650000566800005668 xmm5=0x0000e09d0000e09d0000504d0000504d 
  xmm6=0x0000a2c80000a2c8000078d5000078d5 xmm7=0x000018d3000018d30000201100002011 

0xe9: add dil, 16
  rax=0x00000000000054c8 rbx=0x00000000c1000014 rcx=0x0000000000000954 rdx=0x0000000000000000
  rsi=0x0000000000001f6c rdi=0x0000000000001e15 flags=0b010000000010
  xmm0=0x0000a33d0000a33d000042ed000042ed xmm1=0x00001379000013790000553300005533 
  xmm2=0x0000867c0000867c0000b9650000b965 xmm3=0x000086c3000086c300001aa900001aa9 
  xmm4=0x00000e6500000e650000566800005668 xmm5=0x0000e09d0000e09d0000504d0000504d 
  xmm6=0x0000a2c80000a2c8000078d5000078d5 xmm7=0x000018d3000018d30000201100002011 

0xed: cmovs rax, rdx
  rax=0x00000000000054c8 rbx=0x00000000c1000014 rcx=0x0000000000000954 rdx=0x0000000000000000
  rsi=0x0000000000001f6c rdi=0x0000000000001e25 flags=0b010000000010
  xmm0=0x0000a33d0000a33d000042ed000042ed xmm1=0x00001379000013790000553300005533 
  xmm2=0x0000867c0000867c0000b9650000b965 xmm3=0x000086c3000086c300001aa900001aa9 
  xmm4=0x00000e6500000e650000566800005668 xmm5=0x0000e09d0000e09d0000504d0000504d 
  xmm6=0x0000a2c80000a2c8000078d5000078d5 xmm7=0x000018d3000018d30000201100002011 

0xf1: and rdi, 0b1111111111111
  rax=0x00000000000054c8 rbx=0x00000000c1000014 rcx=0x0000000000000954 rdx=0x0000000000000000
  rsi=0x0000000000001f6c rdi=0x0000000000001e25 flags=0b010000000010
  xmm0=0x0000a33d0000a33d000042ed000042ed xmm1=0x00001379000013790000553300005533 
  xmm2=0x0000867c0000867c0000b9650000b965 xmm3=0x000086c3000086c300001aa900001aa9 
  xmm4=0x00000e6500000e650000566800005668 xmm5=0x0000e09d0000e09d0000504d0000504d 
  xmm6=0x0000a2c80000a2c8000078d5000078d5 xmm7=0x000018d3000018d30000201100002011 

0xf8: bt [r14 +rdi], 135
  rax=0x00000000000054c8 rbx=0x00000000c1000014 rcx=0x0000000000000954 rdx=0x0000000000000000
  rsi=0x0000000000001f6c rdi=0x0000000000001e25 flags=0b010000000010
  xmm0=0x0000a33d0000a33d000042ed000042ed xmm1=0x00001379000013790000553300005533 
  xmm2=0x0000867c0000867c0000b9650000b965 xmm3=0x000086c3000086c300001aa900001aa9 
  xmm4=0x00000e6500000e650000566800005668 xmm5=0x0000e09d0000e09d0000504d0000504d 
  xmm6=0x0000a2c80000a2c8000078d5000078d5 xmm7=0x000018d3000018d30000201100002011 

    > load from +0x1e25 value 0xab000079ab00003c
0xfe: mul bl
  rax=0x00000000000054c8 rbx=0x00000000c1000014 rcx=0x0000000000000954 rdx=0x0000000000000000
  rsi=0x0000000000001f6c rdi=0x0000000000001e25 flags=0b010000000010
  xmm0=0x0000a33d0000a33d000042ed000042ed xmm1=0x00001379000013790000553300005533 
  xmm2=0x0000867c0000867c0000b9650000b965 xmm3=0x000086c3000086c300001aa900001aa9 
  xmm4=0x00000e6500000e650000566800005668 xmm5=0x0000e09d0000e09d0000504d0000504d 
  xmm6=0x0000a2c80000a2c8000078d5000078d5 xmm7=0x000018d3000018d30000201100002011 

0x100: and rbx, 0b1111111111111
  rax=0x0000000000000fa0 rbx=0x00000000c1000014 rcx=0x0000000000000954 rdx=0x0000000000000000
  rsi=0x0000000000001f6c rdi=0x0000000000001e25 flags=0b110010000111
  xmm0=0x0000a33d0000a33d000042ed000042ed xmm1=0x00001379000013790000553300005533 
  xmm2=0x0000867c0000867c0000b9650000b965 xmm3=0x000086c3000086c300001aa900001aa9 
  xmm4=0x00000e6500000e650000566800005668 xmm5=0x0000e09d0000e09d0000504d0000504d 
  xmm6=0x0000a2c80000a2c8000078d5000078d5 xmm7=0x000018d3000018d30000201100002011 

0x107: cmp rdx, [r14 +rbx]
  rax=0x0000000000000fa0 rbx=0x0000000000000014 rcx=0x0000000000000954 rdx=0x0000000000000000
  rsi=0x0000000000001f6c rdi=0x0000000000001e25 flags=0b010000000110
  xmm0=0x0000a33d0000a33d000042ed000042ed xmm1=0x00001379000013790000553300005533 
  xmm2=0x0000867c0000867c0000b9650000b965 xmm3=0x000086c3000086c300001aa900001aa9 
  xmm4=0x00000e6500000e650000566800005668 xmm5=0x0000e09d0000e09d0000504d0000504d 
  xmm6=0x0000a2c80000a2c8000078d5000078d5 xmm7=0x000018d3000018d30000201100002011 

    > load from +0x14 value 0xf9c10000ed48
0x10b: and rcx, 0b1111111111111
  rax=0x0000000000000fa0 rbx=0x0000000000000014 rcx=0x0000000000000954 rdx=0x0000000000000000
  rsi=0x0000000000001f6c rdi=0x0000000000001e25 flags=0b010010010111
  xmm0=0x0000a33d0000a33d000042ed000042ed xmm1=0x00001379000013790000553300005533 
  xmm2=0x0000867c0000867c0000b9650000b965 xmm3=0x000086c3000086c300001aa900001aa9 
  xmm4=0x00000e6500000e650000566800005668 xmm5=0x0000e09d0000e09d0000504d0000504d 
  xmm6=0x0000a2c80000a2c8000078d5000078d5 xmm7=0x000018d3000018d30000201100002011 

0x112: cmovno esi, [r14 +rcx]
  rax=0x0000000000000fa0 rbx=0x0000000000000014 rcx=0x0000000000000954 rdx=0x0000000000000000
  rsi=0x0000000000001f6c rdi=0x0000000000001e25 flags=0b010000000010
  xmm0=0x0000a33d0000a33d000042ed000042ed xmm1=0x00001379000013790000553300005533 
  xmm2=0x0000867c0000867c0000b9650000b965 xmm3=0x000086c3000086c300001aa900001aa9 
  xmm4=0x00000e6500000e650000566800005668 xmm5=0x0000e09d0000e09d0000504d0000504d 
  xmm6=0x0000a2c80000a2c8000078d5000078d5 xmm7=0x000018d3000018d30000201100002011 

    > load from +0x954 value 0x1e15
0x117: and rbx, 0b1111111111111
  rax=0x0000000000000fa0 rbx=0x0000000000000014 rcx=0x0000000000000954 rdx=0x0000000000000000
  rsi=0x0000000000001e15 rdi=0x0000000000001e25 flags=0b010000000010
  xmm0=0x0000a33d0000a33d000042ed000042ed xmm1=0x00001379000013790000553300005533 
  xmm2=0x0000867c0000867c0000b9650000b965 xmm3=0x000086c3000086c300001aa900001aa9 
  xmm4=0x00000e6500000e650000566800005668 xmm5=0x0000e09d0000e09d0000504d0000504d 
  xmm6=0x0000a2c80000a2c8000078d5000078d5 xmm7=0x000018d3000018d30000201100002011 

0x11e: or [r14 +rbx], 0b1000
  rax=0x0000000000000fa0 rbx=0x0000000000000014 rcx=0x0000000000000954 rdx=0x0000000000000000
  rsi=0x0000000000001e15 rdi=0x0000000000001e25 flags=0b010000000110
  xmm0=0x0000a33d0000a33d000042ed000042ed xmm1=0x00001379000013790000553300005533 
  xmm2=0x0000867c0000867c0000b9650000b965 xmm3=0x000086c3000086c300001aa900001aa9 
  xmm4=0x00000e6500000e650000566800005668 xmm5=0x0000e09d0000e09d0000504d0000504d 
  xmm6=0x0000a2c80000a2c8000078d5000078d5 xmm7=0x000018d3000018d30000201100002011 

    > load from +0x14 value 0xed48
    > store to +0x14 value 0xed48
0x124: and [r14 +rbx], 0b11111000
  rax=0x0000000000000fa0 rbx=0x0000000000000014 rcx=0x0000000000000954 rdx=0x0000000000000000
  rsi=0x0000000000001e15 rdi=0x0000000000001e25 flags=0b010010000110
  xmm0=0x0000a33d0000a33d000042ed000042ed xmm1=0x00001379000013790000553300005533 
  xmm2=0x0000867c0000867c0000b9650000b965 xmm3=0x000086c3000086c300001aa900001aa9 
  xmm4=0x00000e6500000e650000566800005668 xmm5=0x0000e09d0000e09d0000504d0000504d 
  xmm6=0x0000a2c80000a2c8000078d5000078d5 xmm7=0x000018d3000018d30000201100002011 

    > load from +0x14 value 0x48
    > store to +0x14 value 0x48
0x129: and dx, 0b11
  rax=0x0000000000000fa0 rbx=0x0000000000000014 rcx=0x0000000000000954 rdx=0x0000000000000000
  rsi=0x0000000000001e15 rdi=0x0000000000001e25 flags=0b010000000110
  xmm0=0x0000a33d0000a33d000042ed000042ed xmm1=0x00001379000013790000553300005533 
  xmm2=0x0000867c0000867c0000b9650000b965 xmm3=0x000086c3000086c300001aa900001aa9 
  xmm4=0x00000e6500000e650000566800005668 xmm5=0x0000e09d0000e09d0000504d0000504d 
  xmm6=0x0000a2c80000a2c8000078d5000078d5 xmm7=0x000018d3000018d30000201100002011 

0x12d: idiv [r14 +rbx]
  rax=0x0000000000000fa0 rbx=0x0000000000000014 rcx=0x0000000000000954 rdx=0x0000000000000000
  rsi=0x0000000000001e15 rdi=0x0000000000001e25 flags=0b010001000110
  xmm0=0x0000a33d0000a33d000042ed000042ed xmm1=0x00001379000013790000553300005533 
  xmm2=0x0000867c0000867c0000b9650000b965 xmm3=0x000086c3000086c300001aa900001aa9 
  xmm4=0x00000e6500000e650000566800005668 xmm5=0x0000e09d0000e09d0000504d0000504d 
  xmm6=0x0000a2c80000a2c8000078d5000078d5 xmm7=0x000018d3000018d30000201100002011 

    > load from +0x14 value 0xed48
0x132: cdqe 
  rax=0x0000000000000000 rbx=0x0000000000000014 rcx=0x0000000000000954 rdx=0x0000000000000fa0
  rsi=0x0000000000001e15 rdi=0x0000000000001e25 flags=0b010001000110
  xmm0=0x0000a33d0000a33d000042ed000042ed xmm1=0x00001379000013790000553300005533 
  xmm2=0x0000867c0000867c0000b9650000b965 xmm3=0x000086c3000086c300001aa900001aa9 
  xmm4=0x00000e6500000e650000566800005668 xmm5=0x0000e09d0000e09d0000504d0000504d 
  xmm6=0x0000a2c80000a2c8000078d5000078d5 xmm7=0x000018d3000018d30000201100002011 

0x134: and rbx, 0b1111111111111
  rax=0x0000000000000000 rbx=0x0000000000000014 rcx=0x0000000000000954 rdx=0x0000000000000fa0
  rsi=0x0000000000001e15 rdi=0x0000000000001e25 flags=0b010001000110
  xmm0=0x0000a33d0000a33d000042ed000042ed xmm1=0x00001379000013790000553300005533 
  xmm2=0x0000867c0000867c0000b9650000b965 xmm3=0x000086c3000086c300001aa900001aa9 
  xmm4=0x00000e6500000e650000566800005668 xmm5=0x0000e09d0000e09d0000504d0000504d 
  xmm6=0x0000a2c80000a2c8000078d5000078d5 xmm7=0x000018d3000018d30000201100002011 

0x13b: imul ebx, [r14 +rbx], -93
  rax=0x0000000000000000 rbx=0x0000000000000014 rcx=0x0000000000000954 rdx=0x0000000000000fa0
  rsi=0x0000000000001e15 rdi=0x0000000000001e25 flags=0b010000000110
  xmm0=0x0000a33d0000a33d000042ed000042ed xmm1=0x00001379000013790000553300005533 
  xmm2=0x0000867c0000867c0000b9650000b965 xmm3=0x000086c3000086c300001aa900001aa9 
  xmm4=0x00000e6500000e650000566800005668 xmm5=0x0000e09d0000e09d0000504d0000504d 
  xmm6=0x0000a2c80000a2c8000078d5000078d5 xmm7=0x000018d3000018d30000201100002011 

    > load from +0x14 value 0xed48
0x140: add dil, -37
  rax=0x0000000000000000 rbx=0x00000000ffa9ccd8 rcx=0x0000000000000954 rdx=0x0000000000000fa0
  rsi=0x0000000000001e15 rdi=0x0000000000001e25 flags=0b010010000110
  xmm0=0x0000a33d0000a33d000042ed000042ed xmm1=0x00001379000013790000553300005533 
  xmm2=0x0000867c0000867c0000b9650000b965 xmm3=0x000086c3000086c300001aa900001aa9 
  xmm4=0x00000e6500000e650000566800005668 xmm5=0x0000e09d0000e09d0000504d0000504d 
  xmm6=0x0000a2c80000a2c8000078d5000078d5 xmm7=0x000018d3000018d30000201100002011 

0x144: and rcx, 0b1111111111111
  rax=0x0000000000000000 rbx=0x00000000ffa9ccd8 rcx=0x0000000000000954 rdx=0x0000000000000fa0
  rsi=0x0000000000001e15 rdi=0x0000000000001e00 flags=0b010001010111
  xmm0=0x0000a33d0000a33d000042ed000042ed xmm1=0x00001379000013790000553300005533 
  xmm2=0x0000867c0000867c0000b9650000b965 xmm3=0x000086c3000086c300001aa900001aa9 
  xmm4=0x00000e6500000e650000566800005668 xmm5=0x0000e09d0000e09d0000504d0000504d 
  xmm6=0x0000a2c80000a2c8000078d5000078d5 xmm7=0x000018d3000018d30000201100002011 

0x14b: cmovz rcx, [r14 +rcx]
  rax=0x0000000000000000 rbx=0x00000000ffa9ccd8 rcx=0x0000000000000954 rdx=0x0000000000000fa0
  rsi=0x0000000000001e15 rdi=0x0000000000001e00 flags=0b010000000010
  xmm0=0x0000a33d0000a33d000042ed000042ed xmm1=0x00001379000013790000553300005533 
  xmm2=0x0000867c0000867c0000b9650000b965 xmm3=0x000086c3000086c300001aa900001aa9 
  xmm4=0x00000e6500000e650000566800005668 xmm5=0x0000e09d0000e09d0000504d0000504d 
  xmm6=0x0000a2c80000a2c8000078d5000078d5 xmm7=0x000018d3000018d30000201100002011 

    > load from +0x954 value 0xc98500001e15
0x150: sets cl
  rax=0x0000000000000000 rbx=0x00000000ffa9ccd8 rcx=0x0000000000000954 rdx=0x0000000000000fa0
  rsi=0x0000000000001e15 rdi=0x0000000000001e00 flags=0b010000000010
  xmm0=0x0000a33d0000a33d000042ed000042ed xmm1=0x00001379000013790000553300005533 
  xmm2=0x0000867c0000867c0000b9650000b965 xmm3=0x000086c3000086c300001aa900001aa9 
  xmm4=0x00000e6500000e650000566800005668 xmm5=0x0000e09d0000e09d0000504d0000504d 
  xmm6=0x0000a2c80000a2c8000078d5000078d5 xmm7=0x000018d3000018d30000201100002011 

0x153: and rsi, 0b1111111111111
  rax=0x0000000000000000 rbx=0x00000000ffa9ccd8 rcx=0x0000000000000900 rdx=0x0000000000000fa0
  rsi=0x0000000000001e15 rdi=0x0000000000001e00 flags=0b010000000010
  xmm0=0x0000a33d0000a33d000042ed000042ed xmm1=0x00001379000013790000553300005533 
  xmm2=0x0000867c0000867c0000b9650000b965 xmm3=0x000086c3000086c300001aa900001aa9 
  xmm4=0x00000e6500000e650000566800005668 xmm5=0x0000e09d0000e09d0000504d0000504d 
  xmm6=0x0000a2c80000a2c8000078d5000078d5 xmm7=0x000018d3000018d30000201100002011 

0x15a: cmovnb rsi, [r14 +rsi]
  rax=0x0000000000000000 rbx=0x00000000ffa9ccd8 rcx=0x0000000000000900 rdx=0x0000000000000fa0
  rsi=0x0000000000001e15 rdi=0x0000000000001e00 flags=0b010000000010
  xmm0=0x0000a33d0000a33d000042ed000042ed xmm1=0x00001379000013790000553300005533 
  xmm2=0x0000867c0000867c0000b9650000b965 xmm3=0x000086c3000086c300001aa900001aa9 
  xmm4=0x00000e6500000e650000566800005668 xmm5=0x0000e09d0000e09d0000504d0000504d 
  xmm6=0x0000a2c80000a2c8000078d5000078d5 xmm7=0x000018d3000018d30000201100002011 

    > load from +0x1e15 value 0x170000a0170000e2
0x15f: and rbx, 0b1111111111111
  rax=0x0000000000000000 rbx=0x00000000ffa9ccd8 rcx=0x0000000000000900 rdx=0x0000000000000fa0
  rsi=0x170000a0170000e2 rdi=0x0000000000001e00 flags=0b010000000010
  xmm0=0x0000a33d0000a33d000042ed000042ed xmm1=0x00001379000013790000553300005533 
  xmm2=0x0000867c0000867c0000b9650000b965 xmm3=0x000086c3000086c300001aa900001aa9 
  xmm4=0x00000e6500000e650000566800005668 xmm5=0x0000e09d0000e09d0000504d0000504d 
  xmm6=0x0000a2c80000a2c8000078d5000078d5 xmm7=0x000018d3000018d30000201100002011 

0x166: test [r14 +rbx], cl
  rax=0x0000000000000000 rbx=0x0000000000000cd8 rcx=0x0000000000000900 rdx=0x0000000000000fa0
  rsi=0x170000a0170000e2 rdi=0x0000000000001e00 flags=0b010000000110
  xmm0=0x0000a33d0000a33d000042ed000042ed xmm1=0x00001379000013790000553300005533 
  xmm2=0x0000867c0000867c0000b9650000b965 xmm3=0x000086c3000086c300001aa900001aa9 
  xmm4=0x00000e6500000e650000566800005668 xmm5=0x0000e09d0000e09d0000504d0000504d 
  xmm6=0x0000a2c80000a2c8000078d5000078d5 xmm7=0x000018d3000018d30000201100002011 

    > load from +0xcd8 value 0xbc
0x16a: test dl, 122
  rax=0x0000000000000000 rbx=0x0000000000000cd8 rcx=0x0000000000000900 rdx=0x0000000000000fa0
  rsi=0x170000a0170000e2 rdi=0x0000000000001e00 flags=0b010001000110
  xmm0=0x0000a33d0000a33d000042ed000042ed xmm1=0x00001379000013790000553300005533 
  xmm2=0x0000867c0000867c0000b9650000b965 xmm3=0x000086c3000086c300001aa900001aa9 
  xmm4=0x00000e6500000e650000566800005668 xmm5=0x0000e09d0000e09d0000504d0000504d 
  xmm6=0x0000a2c80000a2c8000078d5000078d5 xmm7=0x000018d3000018d30000201100002011 

0x16d: cmovs di, cx
  rax=0x0000000000000000 rbx=0x0000000000000cd8 rcx=0x0000000000000900 rdx=0x0000000000000fa0
  rsi=0x170000a0170000e2 rdi=0x0000000000001e00 flags=0b010000000010
  xmm0=0x0000a33d0000a33d000042ed000042ed xmm1=0x00001379000013790000553300005533 
  xmm2=0x0000867c0000867c0000b9650000b965 xmm3=0x000086c3000086c300001aa900001aa9 
  xmm4=0x00000e6500000e650000566800005668 xmm5=0x0000e09d0000e09d0000504d0000504d 
  xmm6=0x0000a2c80000a2c8000078d5000078d5 xmm7=0x000018d3000018d30000201100002011 

0x171: and rsi, 0b1111111111111
  rax=0x0000000000000000 rbx=0x0000000000000cd8 rcx=0x0000000000000900 rdx=0x0000000000000fa0
  rsi=0x170000a0170000e2 rdi=0x0000000000001e00 flags=0b010000000010
  xmm0=0x0000a33d0000a33d000042ed000042ed xmm1=0x00001379000013790000553300005533 
  xmm2=0x0000867c0000867c0000b9650000b965 xmm3=0x000086c3000086c300001aa900001aa9 
  xmm4=0x00000e6500000e650000566800005668 xmm5=0x0000e09d0000e09d0000504d0000504d 
  xmm6=0x0000a2c80000a2c8000078d5000078d5 xmm7=0x000018d3000018d30000201100002011 

0x178: nop [r14 +rsi]
  rax=0x0000000000000000 rbx=0x0000000000000cd8 rcx=0x0000000000000900 rdx=0x0000000000000fa0
  rsi=0x00000000000000e2 rdi=0x0000000000001e00 flags=0b010000000110
  xmm0=0x0000a33d0000a33d000042ed000042ed xmm1=0x00001379000013790000553300005533 
  xmm2=0x0000867c0000867c0000b9650000b965 xmm3=0x000086c3000086c300001aa900001aa9 
  xmm4=0x00000e6500000e650000566800005668 xmm5=0x0000e09d0000e09d0000504d0000504d 
  xmm6=0x0000a2c80000a2c8000078d5000078d5 xmm7=0x000018d3000018d30000201100002011 

0x17e: or rbx, rbx
  rax=0x0000000000000000 rbx=0x0000000000000cd8 rcx=0x0000000000000900 rdx=0x0000000000000fa0
  rsi=0x00000000000000e2 rdi=0x0000000000001e00 flags=0b010000000110
  xmm0=0x0000a33d0000a33d000042ed000042ed xmm1=0x00001379000013790000553300005533 
  xmm2=0x0000867c0000867c0000b9650000b965 xmm3=0x000086c3000086c300001aa900001aa9 
  xmm4=0x00000e6500000e650000566800005668 xmm5=0x0000e09d0000e09d0000504d0000504d 
  xmm6=0x0000a2c80000a2c8000078d5000078d5 xmm7=0x000018d3000018d30000201100002011 

0x181: macro .switch, .actor2.function_actor2_1
  rax=0x0000000000000000 rbx=0x0000000000000cd8 rcx=0x0000000000000900 rdx=0x0000000000000fa0
  rsi=0x00000000000000e2 rdi=0x0000000000001e00 flags=0b010000000110
  xmm0=0x0000a33d0000a33d000042ed000042ed xmm1=0x00001379000013790000553300005533 
  xmm2=0x0000867c0000867c0000b9650000b965 xmm3=0x000086c3000086c300001aa900001aa9 
  xmm4=0x00000e6500000e650000566800005668 xmm5=0x0000e09d0000e09d0000504d0000504d 
  xmm6=0x0000a2c80000a2c8000078d5000078d5 xmm7=0x000018d3000018d30000201100002011 

0x31be: pushfq 
  rax=0x0000000000000000 rbx=0x0000000000000cd8 rcx=0x0000000000000900 rdx=0x0000000000000fa0
  rsi=0x00000000000000e2 rdi=0x0000000000001e00 flags=0b010000000110
  xmm0=0x0000a33d0000a33d000042ed000042ed xmm1=0x00001379000013790000553300005533 
  xmm2=0x0000867c0000867c0000b9650000b965 xmm3=0x000086c3000086c300001aa900001aa9 
  xmm4=0x00000e6500000e650000566800005668 xmm5=0x0000e09d0000e09d0000504d0000504d 
  xmm6=0x0000a2c80000a2c8000078d5000078d5 xmm7=0x000018d3000018d30000201100002011 

    > store to +0x4ff0 value 0x406
0x31bf: push rax
  rax=0x0000000000000000 rbx=0x0000000000000cd8 rcx=0x0000000000000900 rdx=0x0000000000000fa0
  rsi=0x00000000000000e2 rdi=0x0000000000001e00 flags=0b010000000110
  xmm0=0x0000a33d0000a33d000042ed000042ed xmm1=0x00001379000013790000553300005533 
  xmm2=0x0000867c0000867c0000b9650000b965 xmm3=0x000086c3000086c300001aa900001aa9 
  xmm4=0x00000e6500000e650000566800005668 xmm5=0x0000e09d0000e09d0000504d0000504d 
  xmm6=0x0000a2c80000a2c8000078d5000078d5 xmm7=0x000018d3000018d30000201100002011 

    > store to +0x4fe8 value 0x0
0x31c0: push rcx
  rax=0x0000000000000000 rbx=0x0000000000000cd8 rcx=0x0000000000000900 rdx=0x0000000000000fa0
  rsi=0x00000000000000e2 rdi=0x0000000000001e00 flags=0b010000000110
  xmm0=0x0000a33d0000a33d000042ed000042ed xmm1=0x00001379000013790000553300005533 
  xmm2=0x0000867c0000867c0000b9650000b965 xmm3=0x000086c3000086c300001aa900001aa9 
  xmm4=0x00000e6500000e650000566800005668 xmm5=0x0000e09d0000e09d0000504d0000504d 
  xmm6=0x0000a2c80000a2c8000078d5000078d5 xmm7=0x000018d3000018d30000201100002011 

    > store to +0x4fe0 value 0x900
0x31c1: push rdx
  rax=0x0000000000000000 rbx=0x0000000000000cd8 rcx=0x0000000000000900 rdx=0x0000000000000fa0
  rsi=0x00000000000000e2 rdi=0x0000000000001e00 flags=0b010000000110
  xmm0=0x0000a33d0000a33d000042ed000042ed xmm1=0x00001379000013790000553300005533 
  xmm2=0x0000867c0000867c0000b9650000b965 xmm3=0x000086c3000086c300001aa900001aa9 
  xmm4=0x00000e6500000e650000566800005668 xmm5=0x0000e09d0000e09d0000504d0000504d 
  xmm6=0x0000a2c80000a2c8000078d5000078d5 xmm7=0x000018d3000018d30000201100002011 

    > store to +0x4fd8 value 0xfa0
0x31c2: mov ecx, 0x48
  rax=0x0000000000000000 rbx=0x0000000000000cd8 rcx=0x0000000000000900 rdx=0x0000000000000fa0
  rsi=0x00000000000000e2 rdi=0x0000000000001e00 flags=0b010000000110
  xmm0=0x0000a33d0000a33d000042ed000042ed xmm1=0x00001379000013790000553300005533 
  xmm2=0x0000867c0000867c0000b9650000b965 xmm3=0x000086c3000086c300001aa900001aa9 
  xmm4=0x00000e6500000e650000566800005668 xmm5=0x0000e09d0000e09d0000504d0000504d 
  xmm6=0x0000a2c80000a2c8000078d5000078d5 xmm7=0x000018d3000018d30000201100002011 

0x31c7: rdmsr 
  rax=0x0000000000000000 rbx=0x0000000000000cd8 rcx=0x0000000000000048 rdx=0x0000000000000fa0
  rsi=0x00000000000000e2 rdi=0x0000000000001e00 flags=0b010000000110
  xmm0=0x0000a33d0000a33d000042ed000042ed xmm1=0x00001379000013790000553300005533 
  xmm2=0x0000867c0000867c0000b9650000b965 xmm3=0x000086c3000086c300001aa900001aa9 
  xmm4=0x00000e6500000e650000566800005668 xmm5=0x0000e09d0000e09d0000504d0000504d 
  xmm6=0x0000a2c80000a2c8000078d5000078d5 xmm7=0x000018d3000018d30000201100002011 

0x31c9: and eax, 0xfffffffb
  rax=0x0000000000000000 rbx=0x0000000000000cd8 rcx=0x0000000000000048 rdx=0x0000000000000000
  rsi=0x00000000000000e2 rdi=0x0000000000001e00 flags=0b010000000110
  xmm0=0x0000a33d0000a33d000042ed000042ed xmm1=0x00001379000013790000553300005533 
  xmm2=0x0000867c0000867c0000b9650000b965 xmm3=0x000086c3000086c300001aa900001aa9 
  xmm4=0x00000e6500000e650000566800005668 xmm5=0x0000e09d0000e09d0000504d0000504d 
  xmm6=0x0000a2c80000a2c8000078d5000078d5 xmm7=0x000018d3000018d30000201100002011 

0x31cc: or eax, 0x100
  rax=0x0000000000000000 rbx=0x0000000000000cd8 rcx=0x0000000000000048 rdx=0x0000000000000000
  rsi=0x00000000000000e2 rdi=0x0000000000001e00 flags=0b010001000110
  xmm0=0x0000a33d0000a33d000042ed000042ed xmm1=0x00001379000013790000553300005533 
  xmm2=0x0000867c0000867c0000b9650000b965 xmm3=0x000086c3000086c300001aa900001aa9 
  xmm4=0x00000e6500000e650000566800005668 xmm5=0x0000e09d0000e09d0000504d0000504d 
  xmm6=0x0000a2c80000a2c8000078d5000078d5 xmm7=0x000018d3000018d30000201100002011 

0x31d1: wrmsr 
  rax=0x0000000000000100 rbx=0x0000000000000cd8 rcx=0x0000000000000048 rdx=0x0000000000000000
  rsi=0x00000000000000e2 rdi=0x0000000000001e00 flags=0b010000000110
  xmm0=0x0000a33d0000a33d000042ed000042ed xmm1=0x00001379000013790000553300005533 
  xmm2=0x0000867c0000867c0000b9650000b965 xmm3=0x000086c3000086c300001aa900001aa9 
  xmm4=0x00000e6500000e650000566800005668 xmm5=0x0000e09d0000e09d0000504d0000504d 
  xmm6=0x0000a2c80000a2c8000078d5000078d5 xmm7=0x000018d3000018d30000201100002011 

0x31d3: mfence 
  rax=0x0000000000000100 rbx=0x0000000000000cd8 rcx=0x0000000000000048 rdx=0x0000000000000000
  rsi=0x00000000000000e2 rdi=0x0000000000001e00 flags=0b010000000110
  xmm0=0x0000a33d0000a33d000042ed000042ed xmm1=0x00001379000013790000553300005533 
  xmm2=0x0000867c0000867c0000b9650000b965 xmm3=0x000086c3000086c300001aa900001aa9 
  xmm4=0x00000e6500000e650000566800005668 xmm5=0x0000e09d0000e09d0000504d0000504d 
  xmm6=0x0000a2c80000a2c8000078d5000078d5 xmm7=0x000018d3000018d30000201100002011 

0x31d6: lfence 
  rax=0x0000000000000100 rbx=0x0000000000000cd8 rcx=0x0000000000000048 rdx=0x0000000000000000
  rsi=0x00000000000000e2 rdi=0x0000000000001e00 flags=0b010000000110
  xmm0=0x0000a33d0000a33d000042ed000042ed xmm1=0x00001379000013790000553300005533 
  xmm2=0x0000867c0000867c0000b9650000b965 xmm3=0x000086c3000086c300001aa900001aa9 
  xmm4=0x00000e6500000e650000566800005668 xmm5=0x0000e09d0000e09d0000504d0000504d 
  xmm6=0x0000a2c80000a2c8000078d5000078d5 xmm7=0x000018d3000018d30000201100002011 

0x31d9: macro .measurement_end, .noarg
  rax=0x0000000000000100 rbx=0x0000000000000cd8 rcx=0x0000000000000048 rdx=0x0000000000000000
  rsi=0x00000000000000e2 rdi=0x0000000000001e00 flags=0b010000000110
  xmm0=0x0000a33d0000a33d000042ed000042ed xmm1=0x00001379000013790000553300005533 
  xmm2=0x0000867c0000867c0000b9650000b965 xmm3=0x000086c3000086c300001aa900001aa9 
  xmm4=0x00000e6500000e650000566800005668 xmm5=0x0000e09d0000e09d0000504d0000504d 
  xmm6=0x0000a2c80000a2c8000078d5000078d5 xmm7=0x000018d3000018d30000201100002011 

0x31e1: mov ecx, 0x48
  rax=0x0000000000000100 rbx=0x0000000000000cd8 rcx=0x0000000000000048 rdx=0x0000000000000000
  rsi=0x00000000000000e2 rdi=0x0000000000001e00 flags=0b010000000110
  xmm0=0x0000a33d0000a33d000042ed000042ed xmm1=0x00001379000013790000553300005533 
  xmm2=0x0000867c0000867c0000b9650000b965 xmm3=0x000086c3000086c300001aa900001aa9 
  xmm4=0x00000e6500000e650000566800005668 xmm5=0x0000e09d0000e09d0000504d0000504d 
  xmm6=0x0000a2c80000a2c8000078d5000078d5 xmm7=0x000018d3000018d30000201100002011 

0x31e6: rdmsr 
  rax=0x0000000000000100 rbx=0x0000000000000cd8 rcx=0x0000000000000048 rdx=0x0000000000000000
  rsi=0x00000000000000e2 rdi=0x0000000000001e00 flags=0b010000000110
  xmm0=0x0000a33d0000a33d000042ed000042ed xmm1=0x00001379000013790000553300005533 
  xmm2=0x0000867c0000867c0000b9650000b965 xmm3=0x000086c3000086c300001aa900001aa9 
  xmm4=0x00000e6500000e650000566800005668 xmm5=0x0000e09d0000e09d0000504d0000504d 
  xmm6=0x0000a2c80000a2c8000078d5000078d5 xmm7=0x000018d3000018d30000201100002011 

0x31e8: and eax, 0xfffffffb
  rax=0x0000000000000000 rbx=0x0000000000000cd8 rcx=0x0000000000000048 rdx=0x0000000000000000
  rsi=0x00000000000000e2 rdi=0x0000000000001e00 flags=0b010000000110
  xmm0=0x0000a33d0000a33d000042ed000042ed xmm1=0x00001379000013790000553300005533 
  xmm2=0x0000867c0000867c0000b9650000b965 xmm3=0x000086c3000086c300001aa900001aa9 
  xmm4=0x00000e6500000e650000566800005668 xmm5=0x0000e09d0000e09d0000504d0000504d 
  xmm6=0x0000a2c80000a2c8000078d5000078d5 xmm7=0x000018d3000018d30000201100002011 

0x31eb: and eax, 0xfffffeff
  rax=0x0000000000000000 rbx=0x0000000000000cd8 rcx=0x0000000000000048 rdx=0x0000000000000000
  rsi=0x00000000000000e2 rdi=0x0000000000001e00 flags=0b010001000110
  xmm0=0x0000a33d0000a33d000042ed000042ed xmm1=0x00001379000013790000553300005533 
  xmm2=0x0000867c0000867c0000b9650000b965 xmm3=0x000086c3000086c300001aa900001aa9 
  xmm4=0x00000e6500000e650000566800005668 xmm5=0x0000e09d0000e09d0000504d0000504d 
  xmm6=0x0000a2c80000a2c8000078d5000078d5 xmm7=0x000018d3000018d30000201100002011 

0x31f0: wrmsr 
  rax=0x0000000000000000 rbx=0x0000000000000cd8 rcx=0x0000000000000048 rdx=0x0000000000000000
  rsi=0x00000000000000e2 rdi=0x0000000000001e00 flags=0b010001000110
  xmm0=0x0000a33d0000a33d000042ed000042ed xmm1=0x00001379000013790000553300005533 
  xmm2=0x0000867c0000867c0000b9650000b965 xmm3=0x000086c3000086c300001aa900001aa9 
  xmm4=0x00000e6500000e650000566800005668 xmm5=0x0000e09d0000e09d0000504d0000504d 
  xmm6=0x0000a2c80000a2c8000078d5000078d5 xmm7=0x000018d3000018d30000201100002011 

0x31f2: mfence 
  rax=0x0000000000000000 rbx=0x0000000000000cd8 rcx=0x0000000000000048 rdx=0x0000000000000000
  rsi=0x00000000000000e2 rdi=0x0000000000001e00 flags=0b010001000110
  xmm0=0x0000a33d0000a33d000042ed000042ed xmm1=0x00001379000013790000553300005533 
  xmm2=0x0000867c0000867c0000b9650000b965 xmm3=0x000086c3000086c300001aa900001aa9 
  xmm4=0x00000e6500000e650000566800005668 xmm5=0x0000e09d0000e09d0000504d0000504d 
  xmm6=0x0000a2c80000a2c8000078d5000078d5 xmm7=0x000018d3000018d30000201100002011 

0x31f5: lfence 
  rax=0x0000000000000000 rbx=0x0000000000000cd8 rcx=0x0000000000000048 rdx=0x0000000000000000
  rsi=0x00000000000000e2 rdi=0x0000000000001e00 flags=0b010001000110
  xmm0=0x0000a33d0000a33d000042ed000042ed xmm1=0x00001379000013790000553300005533 
  xmm2=0x0000867c0000867c0000b9650000b965 xmm3=0x000086c3000086c300001aa900001aa9 
  xmm4=0x00000e6500000e650000566800005668 xmm5=0x0000e09d0000e09d0000504d0000504d 
  xmm6=0x0000a2c80000a2c8000078d5000078d5 xmm7=0x000018d3000018d30000201100002011 

0x31f8: pop rdx
  rax=0x0000000000000000 rbx=0x0000000000000cd8 rcx=0x0000000000000048 rdx=0x0000000000000000
  rsi=0x00000000000000e2 rdi=0x0000000000001e00 flags=0b010001000110
  xmm0=0x0000a33d0000a33d000042ed000042ed xmm1=0x00001379000013790000553300005533 
  xmm2=0x0000867c0000867c0000b9650000b965 xmm3=0x000086c3000086c300001aa900001aa9 
  xmm4=0x00000e6500000e650000566800005668 xmm5=0x0000e09d0000e09d0000504d0000504d 
  xmm6=0x0000a2c80000a2c8000078d5000078d5 xmm7=0x000018d3000018d30000201100002011 

    > load from +0x4fd8 value 0xfa0
0x31f9: pop rcx
  rax=0x0000000000000000 rbx=0x0000000000000cd8 rcx=0x0000000000000048 rdx=0x0000000000000fa0
  rsi=0x00000000000000e2 rdi=0x0000000000001e00 flags=0b010001000110
  xmm0=0x0000a33d0000a33d000042ed000042ed xmm1=0x00001379000013790000553300005533 
  xmm2=0x0000867c0000867c0000b9650000b965 xmm3=0x000086c3000086c300001aa900001aa9 
  xmm4=0x00000e6500000e650000566800005668 xmm5=0x0000e09d0000e09d0000504d0000504d 
  xmm6=0x0000a2c80000a2c8000078d5000078d5 xmm7=0x000018d3000018d30000201100002011 

    > load from +0x4fe0 value 0x900
0x31fa: pop rax
  rax=0x0000000000000000 rbx=0x0000000000000cd8 rcx=0x0000000000000900 rdx=0x0000000000000fa0
  rsi=0x00000000000000e2 rdi=0x0000000000001e00 flags=0b010001000110
  xmm0=0x0000a33d0000a33d000042ed000042ed xmm1=0x00001379000013790000553300005533 
  xmm2=0x0000867c0000867c0000b9650000b965 xmm3=0x000086c3000086c300001aa900001aa9 
  xmm4=0x00000e6500000e650000566800005668 xmm5=0x0000e09d0000e09d0000504d0000504d 
  xmm6=0x0000a2c80000a2c8000078d5000078d5 xmm7=0x000018d3000018d30000201100002011 

    > load from +0x4fe8 value 0x0
0x31fb: popfq 
  rax=0x0000000000000000 rbx=0x0000000000000cd8 rcx=0x0000000000000900 rdx=0x0000000000000fa0
  rsi=0x00000000000000e2 rdi=0x0000000000001e00 flags=0b010001000110
  xmm0=0x0000a33d0000a33d000042ed000042ed xmm1=0x00001379000013790000553300005533 
  xmm2=0x0000867c0000867c0000b9650000b965 xmm3=0x000086c3000086c300001aa900001aa9 
  xmm4=0x00000e6500000e650000566800005668 xmm5=0x0000e09d0000e09d0000504d0000504d 
  xmm6=0x0000a2c80000a2c8000078d5000078d5 xmm7=0x000018d3000018d30000201100002011 

    > load from +0x4ff0 value 0x406
0x31fc: macro .switch, .main.function_main_2
  rax=0x0000000000000000 rbx=0x0000000000000cd8 rcx=0x0000000000000900 rdx=0x0000000000000fa0
  rsi=0x00000000000000e2 rdi=0x0000000000001e00 flags=0b010000000110
  xmm0=0x0000a33d0000a33d000042ed000042ed xmm1=0x00001379000013790000553300005533 
  xmm2=0x0000867c0000867c0000b9650000b965 xmm3=0x000086c3000086c300001aa900001aa9 
  xmm4=0x00000e6500000e650000566800005668 xmm5=0x0000e09d0000e09d0000504d0000504d 
  xmm6=0x0000a2c80000a2c8000078d5000078d5 xmm7=0x000018d3000018d30000201100002011 

0x189: nop  [test_case_exit]
  rax=0x0000000000000000 rbx=0x0000000000000cd8 rcx=0x0000000000000900 rdx=0x0000000000000fa0
  rsi=0x00000000000000e2 rdi=0x0000000000001e00 flags=0b010000000110
  xmm0=0x0000a33d0000a33d000042ed000042ed xmm1=0x00001379000013790000553300005533 
  xmm2=0x0000867c0000867c0000b9650000b965 xmm3=0x000086c3000086c300001aa900001aa9 
  xmm4=0x00000e6500000e650000566800005668 xmm5=0x0000e09d0000e09d0000504d0000504d 
  xmm6=0x0000a2c80000a2c8000078d5000078d5 xmm7=0x000018d3000018d30000201100002011 




                      ##### Input 87 #####

                     ##### Input 0 #####
0x0 : macro .switch, .actor2.function_actor2_0
  rax=0x000067ec000067ec rbx=0x000044ed000044ed rcx=0x0000041400000414 rdx=0x00008a4e00008a4e
  rsi=0x00001bc400001bc4 rdi=0x0000d89d0000d89d flags=0b000010000010
  xmm0=0x0000a8dc0000a8dc0000611b0000611b xmm1=0x00002722000027220000cacf0000cacf 
  xmm2=0x00009752000097520000563c0000563c xmm3=0x00009ebd00009ebd0000d95f0000d95f 
  xmm4=0x0000d5280000d5280000fce40000fce4 xmm5=0x0000bccd0000bccd0000a0840000a084 
  xmm6=0x0000b2f80000b2f800003d6e00003d6e xmm7=0x0000cea40000cea400006e2e00006e2e 

0x3000: add dil, 95
  rax=0x000067ec000067ec rbx=0x000044ed000044ed rcx=0x0000041400000414 rdx=0x00008a4e00008a4e
  rsi=0x00001bc400001bc4 rdi=0x0000d89d0000d89d flags=0b000010000010
  xmm0=0x0000a8dc0000a8dc0000611b0000611b xmm1=0x00002722000027220000cacf0000cacf 
  xmm2=0x00009752000097520000563c0000563c xmm3=0x00009ebd00009ebd0000d95f0000d95f 
  xmm4=0x0000d5280000d5280000fce40000fce4 xmm5=0x0000bccd0000bccd0000a0840000a084 
  xmm6=0x0000b2f80000b2f800003d6e00003d6e xmm7=0x0000cea40000cea400006e2e00006e2e 

0x3004: pushfq 
  rax=0x000067ec000067ec rbx=0x000044ed000044ed rcx=0x0000041400000414 rdx=0x00008a4e00008a4e
  rsi=0x00001bc400001bc4 rdi=0x0000d89d0000d8fc flags=0b000010010110
  xmm0=0x0000a8dc0000a8dc0000611b0000611b xmm1=0x00002722000027220000cacf0000cacf 
  xmm2=0x00009752000097520000563c0000563c xmm3=0x00009ebd00009ebd0000d95f0000d95f 
  xmm4=0x0000d5280000d5280000fce40000fce4 xmm5=0x0000bccd0000bccd0000a0840000a084 
  xmm6=0x0000b2f80000b2f800003d6e00003d6e xmm7=0x0000cea40000cea400006e2e00006e2e 

    > store to +0x4ff0 value 0x96
0x3005: push rax
  rax=0x000067ec000067ec rbx=0x000044ed000044ed rcx=0x0000041400000414 rdx=0x00008a4e00008a4e
  rsi=0x00001bc400001bc4 rdi=0x0000d89d0000d8fc flags=0b000010010110
  xmm0=0x0000a8dc0000a8dc0000611b0000611b xmm1=0x00002722000027220000cacf0000cacf 
  xmm2=0x00009752000097520000563c0000563c xmm3=0x00009ebd00009ebd0000d95f0000d95f 
  xmm4=0x0000d5280000d5280000fce40000fce4 xmm5=0x0000bccd0000bccd0000a0840000a084 
  xmm6=0x0000b2f80000b2f800003d6e00003d6e xmm7=0x0000cea40000cea400006e2e00006e2e 

    > store to +0x4fe8 value 0x67ec000067ec
0x3006: push rcx
  rax=0x000067ec000067ec rbx=0x000044ed000044ed rcx=0x0000041400000414 rdx=0x00008a4e00008a4e
  rsi=0x00001bc400001bc4 rdi=0x0000d89d0000d8fc flags=0b000010010110
  xmm0=0x0000a8dc0000a8dc0000611b0000611b xmm1=0x00002722000027220000cacf0000cacf 
  xmm2=0x00009752000097520000563c0000563c xmm3=0x00009ebd00009ebd0000d95f0000d95f 
  xmm4=0x0000d5280000d5280000fce40000fce4 xmm5=0x0000bccd0000bccd0000a0840000a084 
  xmm6=0x0000b2f80000b2f800003d6e00003d6e xmm7=0x0000cea40000cea400006e2e00006e2e 

    > store to +0x4fe0 value 0x41400000414
0x3007: push rdx
  rax=0x000067ec000067ec rbx=0x000044ed000044ed rcx=0x0000041400000414 rdx=0x00008a4e00008a4e
  rsi=0x00001bc400001bc4 rdi=0x0000d89d0000d8fc flags=0b000010010110
  xmm0=0x0000a8dc0000a8dc0000611b0000611b xmm1=0x00002722000027220000cacf0000cacf 
  xmm2=0x00009752000097520000563c0000563c xmm3=0x00009ebd00009ebd0000d95f0000d95f 
  xmm4=0x0000d5280000d5280000fce40000fce4 xmm5=0x0000bccd0000bccd0000a0840000a084 
  xmm6=0x0000b2f80000b2f800003d6e00003d6e xmm7=0x0000cea40000cea400006e2e00006e2e 

    > store to +0x4fd8 value 0x8a4e00008a4e
0x3008: mov ecx, 0x48
  rax=0x000067ec000067ec rbx=0x000044ed000044ed rcx=0x0000041400000414 rdx=0x00008a4e00008a4e
  rsi=0x00001bc400001bc4 rdi=0x0000d89d0000d8fc flags=0b000010010110
  xmm0=0x0000a8dc0000a8dc0000611b0000611b xmm1=0x00002722000027220000cacf0000cacf 
  xmm2=0x00009752000097520000563c0000563c xmm3=0x00009ebd00009ebd0000d95f0000d95f 
  xmm4=0x0000d5280000d5280000fce40000fce4 xmm5=0x0000bccd0000bccd0000a0840000a084 
  xmm6=0x0000b2f80000b2f800003d6e00003d6e xmm7=0x0000cea40000cea400006e2e00006e2e 

0x300d: rdmsr 
  rax=0x000067ec000067ec rbx=0x000044ed000044ed rcx=0x0000000000000048 rdx=0x00008a4e00008a4e
  rsi=0x00001bc400001bc4 rdi=0x0000d89d0000d8fc flags=0b000010010110
  xmm0=0x0000a8dc0000a8dc0000611b0000611b xmm1=0x00002722000027220000cacf0000cacf 
  xmm2=0x00009752000097520000563c0000563c xmm3=0x00009ebd00009ebd0000d95f0000d95f 
  xmm4=0x0000d5280000d5280000fce40000fce4 xmm5=0x0000bccd0000bccd0000a0840000a084 
  xmm6=0x0000b2f80000b2f800003d6e00003d6e xmm7=0x0000cea40000cea400006e2e00006e2e 

0x300f: and eax, 0xfffffffb
  rax=0x0000000000000000 rbx=0x000044ed000044ed rcx=0x0000000000000048 rdx=0x0000000000000000
  rsi=0x00001bc400001bc4 rdi=0x0000d89d0000d8fc flags=0b000010010110
  xmm0=0x0000a8dc0000a8dc0000611b0000611b xmm1=0x00002722000027220000cacf0000cacf 
  xmm2=0x00009752000097520000563c0000563c xmm3=0x00009ebd00009ebd0000d95f0000d95f 
  xmm4=0x0000d5280000d5280000fce40000fce4 xmm5=0x0000bccd0000bccd0000a0840000a084 
  xmm6=0x0000b2f80000b2f800003d6e00003d6e xmm7=0x0000cea40000cea400006e2e00006e2e 

0x3012: or eax, 0x100
  rax=0x0000000000000000 rbx=0x000044ed000044ed rcx=0x0000000000000048 rdx=0x0000000000000000
  rsi=0x00001bc400001bc4 rdi=0x0000d89d0000d8fc flags=0b000001000110
  xmm0=0x0000a8dc0000a8dc0000611b0000611b xmm1=0x00002722000027220000cacf0000cacf 
  xmm2=0x00009752000097520000563c0000563c xmm3=0x00009ebd00009ebd0000d95f0000d95f 
  xmm4=0x0000d5280000d5280000fce40000fce4 xmm5=0x0000bccd0000bccd0000a0840000a084 
  xmm6=0x0000b2f80000b2f800003d6e00003d6e xmm7=0x0000cea40000cea400006e2e00006e2e 

0x3017: wrmsr 
  rax=0x0000000000000100 rbx=0x000044ed000044ed rcx=0x0000000000000048 rdx=0x0000000000000000
  rsi=0x00001bc400001bc4 rdi=0x0000d89d0000d8fc flags=0b000000000110
  xmm0=0x0000a8dc0000a8dc0000611b0000611b xmm1=0x00002722000027220000cacf0000cacf 
  xmm2=0x00009752000097520000563c0000563c xmm3=0x00009ebd00009ebd0000d95f0000d95f 
  xmm4=0x0000d5280000d5280000fce40000fce4 xmm5=0x0000bccd0000bccd0000a0840000a084 
  xmm6=0x0000b2f80000b2f800003d6e00003d6e xmm7=0x0000cea40000cea400006e2e00006e2e 

0x3019: mfence 
  rax=0x0000000000000100 rbx=0x000044ed000044ed rcx=0x0000000000000048 rdx=0x0000000000000000
  rsi=0x00001bc400001bc4 rdi=0x0000d89d0000d8fc flags=0b000000000110
  xmm0=0x0000a8dc0000a8dc0000611b0000611b xmm1=0x00002722000027220000cacf0000cacf 
  xmm2=0x00009752000097520000563c0000563c xmm3=0x00009ebd00009ebd0000d95f0000d95f 
  xmm4=0x0000d5280000d5280000fce40000fce4 xmm5=0x0000bccd0000bccd0000a0840000a084 
  xmm6=0x0000b2f80000b2f800003d6e00003d6e xmm7=0x0000cea40000cea400006e2e00006e2e 

0x301c: lfence 
  rax=0x0000000000000100 rbx=0x000044ed000044ed rcx=0x0000000000000048 rdx=0x0000000000000000
  rsi=0x00001bc400001bc4 rdi=0x0000d89d0000d8fc flags=0b000000000110
  xmm0=0x0000a8dc0000a8dc0000611b0000611b xmm1=0x00002722000027220000cacf0000cacf 
  xmm2=0x00009752000097520000563c0000563c xmm3=0x00009ebd00009ebd0000d95f0000d95f 
  xmm4=0x0000d5280000d5280000fce40000fce4 xmm5=0x0000bccd0000bccd0000a0840000a084 
  xmm6=0x0000b2f80000b2f800003d6e00003d6e xmm7=0x0000cea40000cea400006e2e00006e2e 

0x301f: macro .measurement_start, .noarg
  rax=0x0000000000000100 rbx=0x000044ed000044ed rcx=0x0000000000000048 rdx=0x0000000000000000
  rsi=0x00001bc400001bc4 rdi=0x0000d89d0000d8fc flags=0b000000000110
  xmm0=0x0000a8dc0000a8dc0000611b0000611b xmm1=0x00002722000027220000cacf0000cacf 
  xmm2=0x00009752000097520000563c0000563c xmm3=0x00009ebd00009ebd0000d95f0000d95f 
  xmm4=0x0000d5280000d5280000fce40000fce4 xmm5=0x0000bccd0000bccd0000a0840000a084 
  xmm6=0x0000b2f80000b2f800003d6e00003d6e xmm7=0x0000cea40000cea400006e2e00006e2e 

0x3027: mov ecx, 0x48
  rax=0x0000000000000100 rbx=0x000044ed000044ed rcx=0x0000000000000048 rdx=0x0000000000000000
  rsi=0x00001bc400001bc4 rdi=0x0000d89d0000d8fc flags=0b000000000110
  xmm0=0x0000a8dc0000a8dc0000611b0000611b xmm1=0x00002722000027220000cacf0000cacf 
  xmm2=0x00009752000097520000563c0000563c xmm3=0x00009ebd00009ebd0000d95f0000d95f 
  xmm4=0x0000d5280000d5280000fce40000fce4 xmm5=0x0000bccd0000bccd0000a0840000a084 
  xmm6=0x0000b2f80000b2f800003d6e00003d6e xmm7=0x0000cea40000cea400006e2e00006e2e 

0x302c: rdmsr 
  rax=0x0000000000000100 rbx=0x000044ed000044ed rcx=0x0000000000000048 rdx=0x0000000000000000
  rsi=0x00001bc400001bc4 rdi=0x0000d89d0000d8fc flags=0b000000000110
  xmm0=0x0000a8dc0000a8dc0000611b0000611b xmm1=0x00002722000027220000cacf0000cacf 
  xmm2=0x00009752000097520000563c0000563c xmm3=0x00009ebd00009ebd0000d95f0000d95f 
  xmm4=0x0000d5280000d5280000fce40000fce4 xmm5=0x0000bccd0000bccd0000a0840000a084 
  xmm6=0x0000b2f80000b2f800003d6e00003d6e xmm7=0x0000cea40000cea400006e2e00006e2e 

0x302e: and eax, 0xfffffffb
  rax=0x0000000000000000 rbx=0x000044ed000044ed rcx=0x0000000000000048 rdx=0x0000000000000000
  rsi=0x00001bc400001bc4 rdi=0x0000d89d0000d8fc flags=0b000000000110
  xmm0=0x0000a8dc0000a8dc0000611b0000611b xmm1=0x00002722000027220000cacf0000cacf 
  xmm2=0x00009752000097520000563c0000563c xmm3=0x00009ebd00009ebd0000d95f0000d95f 
  xmm4=0x0000d5280000d5280000fce40000fce4 xmm5=0x0000bccd0000bccd0000a0840000a084 
  xmm6=0x0000b2f80000b2f800003d6e00003d6e xmm7=0x0000cea40000cea400006e2e00006e2e 

0x3031: and eax, 0xfffffeff
  rax=0x0000000000000000 rbx=0x000044ed000044ed rcx=0x0000000000000048 rdx=0x0000000000000000
  rsi=0x00001bc400001bc4 rdi=0x0000d89d0000d8fc flags=0b000001000110
  xmm0=0x0000a8dc0000a8dc0000611b0000611b xmm1=0x00002722000027220000cacf0000cacf 
  xmm2=0x00009752000097520000563c0000563c xmm3=0x00009ebd00009ebd0000d95f0000d95f 
  xmm4=0x0000d5280000d5280000fce40000fce4 xmm5=0x0000bccd0000bccd0000a0840000a084 
  xmm6=0x0000b2f80000b2f800003d6e00003d6e xmm7=0x0000cea40000cea400006e2e00006e2e 

0x3036: wrmsr 
  rax=0x0000000000000000 rbx=0x000044ed000044ed rcx=0x0000000000000048 rdx=0x0000000000000000
  rsi=0x00001bc400001bc4 rdi=0x0000d89d0000d8fc flags=0b000001000110
  xmm0=0x0000a8dc0000a8dc0000611b0000611b xmm1=0x00002722000027220000cacf0000cacf 
  xmm2=0x00009752000097520000563c0000563c xmm3=0x00009ebd00009ebd0000d95f0000d95f 
  xmm4=0x0000d5280000d5280000fce40000fce4 xmm5=0x0000bccd0000bccd0000a0840000a084 
  xmm6=0x0000b2f80000b2f800003d6e00003d6e xmm7=0x0000cea40000cea400006e2e00006e2e 

0x3038: mfence 
  rax=0x0000000000000000 rbx=0x000044ed000044ed rcx=0x0000000000000048 rdx=0x0000000000000000
  rsi=0x00001bc400001bc4 rdi=0x0000d89d0000d8fc flags=0b000001000110
  xmm0=0x0000a8dc0000a8dc0000611b0000611b xmm1=0x00002722000027220000cacf0000cacf 
  xmm2=0x00009752000097520000563c0000563c xmm3=0x00009ebd00009ebd0000d95f0000d95f 
  xmm4=0x0000d5280000d5280000fce40000fce4 xmm5=0x0000bccd0000bccd0000a0840000a084 
  xmm6=0x0000b2f80000b2f800003d6e00003d6e xmm7=0x0000cea40000cea400006e2e00006e2e 

0x303b: lfence 
  rax=0x0000000000000000 rbx=0x000044ed000044ed rcx=0x0000000000000048 rdx=0x0000000000000000
  rsi=0x00001bc400001bc4 rdi=0x0000d89d0000d8fc flags=0b000001000110
  xmm0=0x0000a8dc0000a8dc0000611b0000611b xmm1=0x00002722000027220000cacf0000cacf 
  xmm2=0x00009752000097520000563c0000563c xmm3=0x00009ebd00009ebd0000d95f0000d95f 
  xmm4=0x0000d5280000d5280000fce40000fce4 xmm5=0x0000bccd0000bccd0000a0840000a084 
  xmm6=0x0000b2f80000b2f800003d6e00003d6e xmm7=0x0000cea40000cea400006e2e00006e2e 

0x303e: pop rdx
  rax=0x0000000000000000 rbx=0x000044ed000044ed rcx=0x0000000000000048 rdx=0x0000000000000000
  rsi=0x00001bc400001bc4 rdi=0x0000d89d0000d8fc flags=0b000001000110
  xmm0=0x0000a8dc0000a8dc0000611b0000611b xmm1=0x00002722000027220000cacf0000cacf 
  xmm2=0x00009752000097520000563c0000563c xmm3=0x00009ebd00009ebd0000d95f0000d95f 
  xmm4=0x0000d5280000d5280000fce40000fce4 xmm5=0x0000bccd0000bccd0000a0840000a084 
  xmm6=0x0000b2f80000b2f800003d6e00003d6e xmm7=0x0000cea40000cea400006e2e00006e2e 

    > load from +0x4fd8 value 0x8a4e00008a4e
0x303f: pop rcx
  rax=0x0000000000000000 rbx=0x000044ed000044ed rcx=0x0000000000000048 rdx=0x00008a4e00008a4e
  rsi=0x00001bc400001bc4 rdi=0x0000d89d0000d8fc flags=0b000001000110
  xmm0=0x0000a8dc0000a8dc0000611b0000611b xmm1=0x00002722000027220000cacf0000cacf 
  xmm2=0x00009752000097520000563c0000563c xmm3=0x00009ebd00009ebd0000d95f0000d95f 
  xmm4=0x0000d5280000d5280000fce40000fce4 xmm5=0x0000bccd0000bccd0000a0840000a084 
  xmm6=0x0000b2f80000b2f800003d6e00003d6e xmm7=0x0000cea40000cea400006e2e00006e2e 

    > load from +0x4fe0 value 0x41400000414
0x3040: pop rax
  rax=0x0000000000000000 rbx=0x000044ed000044ed rcx=0x0000041400000414 rdx=0x00008a4e00008a4e
  rsi=0x00001bc400001bc4 rdi=0x0000d89d0000d8fc flags=0b000001000110
  xmm0=0x0000a8dc0000a8dc0000611b0000611b xmm1=0x00002722000027220000cacf0000cacf 
  xmm2=0x00009752000097520000563c0000563c xmm3=0x00009ebd00009ebd0000d95f0000d95f 
  xmm4=0x0000d5280000d5280000fce40000fce4 xmm5=0x0000bccd0000bccd0000a0840000a084 
  xmm6=0x0000b2f80000b2f800003d6e00003d6e xmm7=0x0000cea40000cea400006e2e00006e2e 

    > load from +0x4fe8 value 0x67ec000067ec
0x3041: popfq 
  rax=0x000067ec000067ec rbx=0x000044ed000044ed rcx=0x0000041400000414 rdx=0x00008a4e00008a4e
  rsi=0x00001bc400001bc4 rdi=0x0000d89d0000d8fc flags=0b000001000110
  xmm0=0x0000a8dc0000a8dc0000611b0000611b xmm1=0x00002722000027220000cacf0000cacf 
  xmm2=0x00009752000097520000563c0000563c xmm3=0x00009ebd00009ebd0000d95f0000d95f 
  xmm4=0x0000d5280000d5280000fce40000fce4 xmm5=0x0000bccd0000bccd0000a0840000a084 
  xmm6=0x0000b2f80000b2f800003d6e00003d6e xmm7=0x0000cea40000cea400006e2e00006e2e 

    > load from +0x4ff0 value 0x96
0x3042: and rdx, 0b1111111111111
  rax=0x000067ec000067ec rbx=0x000044ed000044ed rcx=0x0000041400000414 rdx=0x00008a4e00008a4e
  rsi=0x00001bc400001bc4 rdi=0x0000d89d0000d8fc flags=0b000010010110
  xmm0=0x0000a8dc0000a8dc0000611b0000611b xmm1=0x00002722000027220000cacf0000cacf 
  xmm2=0x00009752000097520000563c0000563c xmm3=0x00009ebd00009ebd0000d95f0000d95f 
  xmm4=0x0000d5280000d5280000fce40000fce4 xmm5=0x0000bccd0000bccd0000a0840000a084 
  xmm6=0x0000b2f80000b2f800003d6e00003d6e xmm7=0x0000cea40000cea400006e2e00006e2e 

0x3049: adc edi, [r14 +rdx]
  rax=0x000067ec000067ec rbx=0x000044ed000044ed rcx=0x0000041400000414 rdx=0x0000000000000a4e
  rsi=0x00001bc400001bc4 rdi=0x0000d89d0000d8fc flags=0b000000000110
  xmm0=0x0000a8dc0000a8dc0000611b0000611b xmm1=0x00002722000027220000cacf0000cacf 
  xmm2=0x00009752000097520000563c0000563c xmm3=0x00009ebd00009ebd0000d95f0000d95f 
  xmm4=0x0000d5280000d5280000fce40000fce4 xmm5=0x0000bccd0000bccd0000a0840000a084 
  xmm6=0x0000b2f80000b2f800003d6e00003d6e xmm7=0x0000cea40000cea400006e2e00006e2e 

    > load from +0x4a4e value 0xebbe0000
0x304d: and rsi, 0b1111111111111
  rax=0x000067ec000067ec rbx=0x000044ed000044ed rcx=0x0000041400000414 rdx=0x0000000000000a4e
  rsi=0x00001bc400001bc4 rdi=0x00000000ebbed8fc flags=0b000010000110
  xmm0=0x0000a8dc0000a8dc0000611b0000611b xmm1=0x00002722000027220000cacf0000cacf 
  xmm2=0x00009752000097520000563c0000563c xmm3=0x00009ebd00009ebd0000d95f0000d95f 
  xmm4=0x0000d5280000d5280000fce40000fce4 xmm5=0x0000bccd0000bccd0000a0840000a084 
  xmm6=0x0000b2f80000b2f800003d6e00003d6e xmm7=0x0000cea40000cea400006e2e00006e2e 

0x3054: mov al, [r14 +rsi]
  rax=0x000067ec000067ec rbx=0x000044ed000044ed rcx=0x0000041400000414 rdx=0x0000000000000a4e
  rsi=0x0000000000001bc4 rdi=0x00000000ebbed8fc flags=0b000000000010
  xmm0=0x0000a8dc0000a8dc0000611b0000611b xmm1=0x00002722000027220000cacf0000cacf 
  xmm2=0x00009752000097520000563c0000563c xmm3=0x00009ebd00009ebd0000d95f0000d95f 
  xmm4=0x0000d5280000d5280000fce40000fce4 xmm5=0x0000bccd0000bccd0000a0840000a084 
  xmm6=0x0000b2f80000b2f800003d6e00003d6e xmm7=0x0000cea40000cea400006e2e00006e2e 

    > load from +0x5bc4 value 0xce
0x3058: sub rdx, 88
  rax=0x000067ec000067ce rbx=0x000044ed000044ed rcx=0x0000041400000414 rdx=0x0000000000000a4e
  rsi=0x0000000000001bc4 rdi=0x00000000ebbed8fc flags=0b000000000010
  xmm0=0x0000a8dc0000a8dc0000611b0000611b xmm1=0x00002722000027220000cacf0000cacf 
  xmm2=0x00009752000097520000563c0000563c xmm3=0x00009ebd00009ebd0000d95f0000d95f 
  xmm4=0x0000d5280000d5280000fce40000fce4 xmm5=0x0000bccd0000bccd0000a0840000a084 
  xmm6=0x0000b2f80000b2f800003d6e00003d6e xmm7=0x0000cea40000cea400006e2e00006e2e 

0x305c: and rdi, 0b1111111111111
  rax=0x000067ec000067ce rbx=0x000044ed000044ed rcx=0x0000041400000414 rdx=0x00000000000009f6
  rsi=0x0000000000001bc4 rdi=0x00000000ebbed8fc flags=0b000000000110
  xmm0=0x0000a8dc0000a8dc0000611b0000611b xmm1=0x00002722000027220000cacf0000cacf 
  xmm2=0x00009752000097520000563c0000563c xmm3=0x00009ebd00009ebd0000d95f0000d95f 
  xmm4=0x0000d5280000d5280000fce40000fce4 xmm5=0x0000bccd0000bccd0000a0840000a084 
  xmm6=0x0000b2f80000b2f800003d6e00003d6e xmm7=0x0000cea40000cea400006e2e00006e2e 

0x3063: imul [r14 +rdi]
  rax=0x000067ec000067ce rbx=0x000044ed000044ed rcx=0x0000041400000414 rdx=0x00000000000009f6
  rsi=0x0000000000001bc4 rdi=0x00000000000018fc flags=0b000000000110
  xmm0=0x0000a8dc0000a8dc0000611b0000611b xmm1=0x00002722000027220000cacf0000cacf 
  xmm2=0x00009752000097520000563c0000563c xmm3=0x00009ebd00009ebd0000d95f0000d95f 
  xmm4=0x0000d5280000d5280000fce40000fce4 xmm5=0x0000bccd0000bccd0000a0840000a084 
  xmm6=0x0000b2f80000b2f800003d6e00003d6e xmm7=0x0000cea40000cea400006e2e00006e2e 

    > load from +0x58fc value 0xd2
0x3067: add dil, 2
  rax=0x000067ec000008fc rbx=0x000044ed000044ed rcx=0x0000041400000414 rdx=0x00000000000009f6
  rsi=0x0000000000001bc4 rdi=0x00000000000018fc flags=0b100010000111
  xmm0=0x0000a8dc0000a8dc0000611b0000611b xmm1=0x00002722000027220000cacf0000cacf 
  xmm2=0x00009752000097520000563c0000563c xmm3=0x00009ebd00009ebd0000d95f0000d95f 
  xmm4=0x0000d5280000d5280000fce40000fce4 xmm5=0x0000bccd0000bccd0000a0840000a084 
  xmm6=0x0000b2f80000b2f800003d6e00003d6e xmm7=0x0000cea40000cea400006e2e00006e2e 

0x306b: std 
  rax=0x000067ec000008fc rbx=0x000044ed000044ed rcx=0x0000041400000414 rdx=0x00000000000009f6
  rsi=0x0000000000001bc4 rdi=0x00000000000018fe flags=0b000010000010
  xmm0=0x0000a8dc0000a8dc0000611b0000611b xmm1=0x00002722000027220000cacf0000cacf 
  xmm2=0x00009752000097520000563c0000563c xmm3=0x00009ebd00009ebd0000d95f0000d95f 
  xmm4=0x0000d5280000d5280000fce40000fce4 xmm5=0x0000bccd0000bccd0000a0840000a084 
  xmm6=0x0000b2f80000b2f800003d6e00003d6e xmm7=0x0000cea40000cea400006e2e00006e2e 

0x306c: and rcx, 0b1111111111111
  rax=0x000067ec000008fc rbx=0x000044ed000044ed rcx=0x0000041400000414 rdx=0x00000000000009f6
  rsi=0x0000000000001bc4 rdi=0x00000000000018fe flags=0b010010000010
  xmm0=0x0000a8dc0000a8dc0000611b0000611b xmm1=0x00002722000027220000cacf0000cacf 
  xmm2=0x00009752000097520000563c0000563c xmm3=0x00009ebd00009ebd0000d95f0000d95f 
  xmm4=0x0000d5280000d5280000fce40000fce4 xmm5=0x0000bccd0000bccd0000a0840000a084 
  xmm6=0x0000b2f80000b2f800003d6e00003d6e xmm7=0x0000cea40000cea400006e2e00006e2e 

0x3073: cmovz ax, [r14 +rcx]
  rax=0x000067ec000008fc rbx=0x000044ed000044ed rcx=0x0000000000000414 rdx=0x00000000000009f6
  rsi=0x0000000000001bc4 rdi=0x00000000000018fe flags=0b010000000110
  xmm0=0x0000a8dc0000a8dc0000611b0000611b xmm1=0x00002722000027220000cacf0000cacf 
  xmm2=0x00009752000097520000563c0000563c xmm3=0x00009ebd00009ebd0000d95f0000d95f 
  xmm4=0x0000d5280000d5280000fce40000fce4 xmm5=0x0000bccd0000bccd0000a0840000a084 
  xmm6=0x0000b2f80000b2f800003d6e00003d6e xmm7=0x0000cea40000cea400006e2e00006e2e 

    > load from +0x4414 value 0x8dfe
0x3079: and rdx, 0b1111111111111
  rax=0x000067ec000008fc rbx=0x000044ed000044ed rcx=0x0000000000000414 rdx=0x00000000000009f6
  rsi=0x0000000000001bc4 rdi=0x00000000000018fe flags=0b010000000110
  xmm0=0x0000a8dc0000a8dc0000611b0000611b xmm1=0x00002722000027220000cacf0000cacf 
  xmm2=0x00009752000097520000563c0000563c xmm3=0x00009ebd00009ebd0000d95f0000d95f 
  xmm4=0x0000d5280000d5280000fce40000fce4 xmm5=0x0000bccd0000bccd0000a0840000a084 
  xmm6=0x0000b2f80000b2f800003d6e00003d6e xmm7=0x0000cea40000cea400006e2e00006e2e 

0x3080: cmp [r14 +rdx], 119
  rax=0x000067ec000008fc rbx=0x000044ed000044ed rcx=0x0000000000000414 rdx=0x00000000000009f6
  rsi=0x0000000000001bc4 rdi=0x00000000000018fe flags=0b010000000110
  xmm0=0x0000a8dc0000a8dc0000611b0000611b xmm1=0x00002722000027220000cacf0000cacf 
  xmm2=0x00009752000097520000563c0000563c xmm3=0x00009ebd00009ebd0000d95f0000d95f 
  xmm4=0x0000d5280000d5280000fce40000fce4 xmm5=0x0000bccd0000bccd0000a0840000a084 
  xmm6=0x0000b2f80000b2f800003d6e00003d6e xmm7=0x0000cea40000cea400006e2e00006e2e 

    > load from +0x49f6 value 0x0
0x3085: and rdx, 0b1111111111111
  rax=0x000067ec000008fc rbx=0x000044ed000044ed rcx=0x0000000000000414 rdx=0x00000000000009f6
  rsi=0x0000000000001bc4 rdi=0x00000000000018fe flags=0b010010010011
  xmm0=0x0000a8dc0000a8dc0000611b0000611b xmm1=0x00002722000027220000cacf0000cacf 
  xmm2=0x00009752000097520000563c0000563c xmm3=0x00009ebd00009ebd0000d95f0000d95f 
  xmm4=0x0000d5280000d5280000fce40000fce4 xmm5=0x0000bccd0000bccd0000a0840000a084 
  xmm6=0x0000b2f80000b2f800003d6e00003d6e xmm7=0x0000cea40000cea400006e2e00006e2e 

0x308c: cmp [r14 +rdx], dl
  rax=0x000067ec000008fc rbx=0x000044ed000044ed rcx=0x0000000000000414 rdx=0x00000000000009f6
  rsi=0x0000000000001bc4 rdi=0x00000000000018fe flags=0b010000000110
  xmm0=0x0000a8dc0000a8dc0000611b0000611b xmm1=0x00002722000027220000cacf0000cacf 
  xmm2=0x00009752000097520000563c0000563c xmm3=0x00009ebd00009ebd0000d95f0000d95f 
  xmm4=0x0000d5280000d5280000fce40000fce4 xmm5=0x0000bccd0000bccd0000a0840000a084 
  xmm6=0x0000b2f80000b2f800003d6e00003d6e xmm7=0x0000cea40000cea400006e2e00006e2e 

    > load from +0x49f6 value 0x0
0x3090: and rax, 0b1111111111111
  rax=0x000067ec000008fc rbx=0x000044ed000044ed rcx=0x0000000000000414 rdx=0x00000000000009f6
  rsi=0x0000000000001bc4 rdi=0x00000000000018fe flags=0b010000010111
  xmm0=0x0000a8dc0000a8dc0000611b0000611b xmm1=0x00002722000027220000cacf0000cacf 
  xmm2=0x00009752000097520000563c0000563c xmm3=0x00009ebd00009ebd0000d95f0000d95f 
  xmm4=0x0000d5280000d5280000fce40000fce4 xmm5=0x0000bccd0000bccd0000a0840000a084 
  xmm6=0x0000b2f80000b2f800003d6e00003d6e xmm7=0x0000cea40000cea400006e2e00006e2e 

0x3096: and edx, [r14 +rax]
  rax=0x00000000000008fc rbx=0x000044ed000044ed rcx=0x0000000000000414 rdx=0x00000000000009f6
  rsi=0x0000000000001bc4 rdi=0x00000000000018fe flags=0b010000000110
  xmm0=0x0000a8dc0000a8dc0000611b0000611b xmm1=0x00002722000027220000cacf0000cacf 
  xmm2=0x00009752000097520000563c0000563c xmm3=0x00009ebd00009ebd0000d95f0000d95f 
  xmm4=0x0000d5280000d5280000fce40000fce4 xmm5=0x0000bccd0000bccd0000a0840000a084 
  xmm6=0x0000b2f80000b2f800003d6e00003d6e xmm7=0x0000cea40000cea400006e2e00006e2e 

    > load from +0x48fc value 0xa434
0x309a: and rax, 0b1111111111111
  rax=0x00000000000008fc rbx=0x000044ed000044ed rcx=0x0000000000000414 rdx=0x0000000000000034
  rsi=0x0000000000001bc4 rdi=0x00000000000018fe flags=0b010000000010
  xmm0=0x0000a8dc0000a8dc0000611b0000611b xmm1=0x00002722000027220000cacf0000cacf 
  xmm2=0x00009752000097520000563c0000563c xmm3=0x00009ebd00009ebd0000d95f0000d95f 
  xmm4=0x0000d5280000d5280000fce40000fce4 xmm5=0x0000bccd0000bccd0000a0840000a084 
  xmm6=0x0000b2f80000b2f800003d6e00003d6e xmm7=0x0000cea40000cea400006e2e00006e2e 

0x30a0: test [r14 +rax], eax
  rax=0x00000000000008fc rbx=0x000044ed000044ed rcx=0x0000000000000414 rdx=0x0000000000000034
  rsi=0x0000000000001bc4 rdi=0x00000000000018fe flags=0b010000000110
  xmm0=0x0000a8dc0000a8dc0000611b0000611b xmm1=0x00002722000027220000cacf0000cacf 
  xmm2=0x00009752000097520000563c0000563c xmm3=0x00009ebd00009ebd0000d95f0000d95f 
  xmm4=0x0000d5280000d5280000fce40000fce4 xmm5=0x0000bccd0000bccd0000a0840000a084 
  xmm6=0x0000b2f80000b2f800003d6e00003d6e xmm7=0x0000cea40000cea400006e2e00006e2e 

    > load from +0x48fc value 0xa434
0x30a4: and rdi, 0b1111111111111
  rax=0x00000000000008fc rbx=0x000044ed000044ed rcx=0x0000000000000414 rdx=0x0000000000000034
  rsi=0x0000000000001bc4 rdi=0x00000000000018fe flags=0b010000000010
  xmm0=0x0000a8dc0000a8dc0000611b0000611b xmm1=0x00002722000027220000cacf0000cacf 
  xmm2=0x00009752000097520000563c0000563c xmm3=0x00009ebd00009ebd0000d95f0000d95f 
  xmm4=0x0000d5280000d5280000fce40000fce4 xmm5=0x0000bccd0000bccd0000a0840000a084 
  xmm6=0x0000b2f80000b2f800003d6e00003d6e xmm7=0x0000cea40000cea400006e2e00006e2e 

0x30ab: movzx rbx, [r14 +rdi]
  rax=0x00000000000008fc rbx=0x000044ed000044ed rcx=0x0000000000000414 rdx=0x0000000000000034
  rsi=0x0000000000001bc4 rdi=0x00000000000018fe flags=0b010000000010
  xmm0=0x0000a8dc0000a8dc0000611b0000611b xmm1=0x00002722000027220000cacf0000cacf 
  xmm2=0x00009752000097520000563c0000563c xmm3=0x00009ebd00009ebd0000d95f0000d95f 
  xmm4=0x0000d5280000d5280000fce40000fce4 xmm5=0x0000bccd0000bccd0000a0840000a084 
  xmm6=0x0000b2f80000b2f800003d6e00003d6e xmm7=0x0000cea40000cea400006e2e00006e2e 

    > load from +0x58fe value 0x0
0x30b0: and rbx, 0b1111111111111
  rax=0x00000000000008fc rbx=0x0000000000000000 rcx=0x0000000000000414 rdx=0x0000000000000034
  rsi=0x0000000000001bc4 rdi=0x00000000000018fe flags=0b010000000010
  xmm0=0x0000a8dc0000a8dc0000611b0000611b xmm1=0x00002722000027220000cacf0000cacf 
  xmm2=0x00009752000097520000563c0000563c xmm3=0x00009ebd00009ebd0000d95f0000d95f 
  xmm4=0x0000d5280000d5280000fce40000fce4 xmm5=0x0000bccd0000bccd0000a0840000a084 
  xmm6=0x0000b2f80000b2f800003d6e00003d6e xmm7=0x0000cea40000cea400006e2e00006e2e 

0x30b7: cmp [r14 +rbx], rbx
  rax=0x00000000000008fc rbx=0x0000000000000000 rcx=0x0000000000000414 rdx=0x0000000000000034
  rsi=0x0000000000001bc4 rdi=0x00000000000018fe flags=0b010001000110
  xmm0=0x0000a8dc0000a8dc0000611b0000611b xmm1=0x00002722000027220000cacf0000cacf 
  xmm2=0x00009752000097520000563c0000563c xmm3=0x00009ebd00009ebd0000d95f0000d95f 
  xmm4=0x0000d5280000d5280000fce40000fce4 xmm5=0x0000bccd0000bccd0000a0840000a084 
  xmm6=0x0000b2f80000b2f800003d6e00003d6e xmm7=0x0000cea40000cea400006e2e00006e2e 

    > load from +0x4000 value 0x258900002589
0x30bb: and rcx, 0b1111111111111
  rax=0x00000000000008fc rbx=0x0000000000000000 rcx=0x0000000000000414 rdx=0x0000000000000034
  rsi=0x0000000000001bc4 rdi=0x00000000000018fe flags=0b010000000010
  xmm0=0x0000a8dc0000a8dc0000611b0000611b xmm1=0x00002722000027220000cacf0000cacf 
  xmm2=0x00009752000097520000563c0000563c xmm3=0x00009ebd00009ebd0000d95f0000d95f 
  xmm4=0x0000d5280000d5280000fce40000fce4 xmm5=0x0000bccd0000bccd0000a0840000a084 
  xmm6=0x0000b2f80000b2f800003d6e00003d6e xmm7=0x0000cea40000cea400006e2e00006e2e 

0x30c2: cmp [r14 +rcx], 84
  rax=0x00000000000008fc rbx=0x0000000000000000 rcx=0x0000000000000414 rdx=0x0000000000000034
  rsi=0x0000000000001bc4 rdi=0x00000000000018fe flags=0b010000000110
  xmm0=0x0000a8dc0000a8dc0000611b0000611b xmm1=0x00002722000027220000cacf0000cacf 
  xmm2=0x00009752000097520000563c0000563c xmm3=0x00009ebd00009ebd0000d95f0000d95f 
  xmm4=0x0000d5280000d5280000fce40000fce4 xmm5=0x0000bccd0000bccd0000a0840000a084 
  xmm6=0x0000b2f80000b2f800003d6e00003d6e xmm7=0x0000cea40000cea400006e2e00006e2e 

    > load from +0x4414 value 0xcbae00008dfe
0x30c7: and rax, 0b1111111111111
  rax=0x00000000000008fc rbx=0x0000000000000000 rcx=0x0000000000000414 rdx=0x0000000000000034
  rsi=0x0000000000001bc4 rdi=0x00000000000018fe flags=0b010000000110
  xmm0=0x0000a8dc0000a8dc0000611b0000611b xmm1=0x00002722000027220000cacf0000cacf 
  xmm2=0x00009752000097520000563c0000563c xmm3=0x00009ebd00009ebd0000d95f0000d95f 
  xmm4=0x0000d5280000d5280000fce40000fce4 xmm5=0x0000bccd0000bccd0000a0840000a084 
  xmm6=0x0000b2f80000b2f800003d6e00003d6e xmm7=0x0000cea40000cea400006e2e00006e2e 

0x30cd: cmovns rdi, [r14 +rax]
  rax=0x00000000000008fc rbx=0x0000000000000000 rcx=0x0000000000000414 rdx=0x0000000000000034
  rsi=0x0000000000001bc4 rdi=0x00000000000018fe flags=0b010000000110
  xmm0=0x0000a8dc0000a8dc0000611b0000611b xmm1=0x00002722000027220000cacf0000cacf 
  xmm2=0x00009752000097520000563c0000563c xmm3=0x00009ebd00009ebd0000d95f0000d95f 
  xmm4=0x0000d5280000d5280000fce40000fce4 xmm5=0x0000bccd0000bccd0000a0840000a084 
  xmm6=0x0000b2f80000b2f800003d6e00003d6e xmm7=0x0000cea40000cea400006e2e00006e2e 

    > load from +0x48fc value 0xa5fe0000a434
0x30d2: cmc 
  rax=0x00000000000008fc rbx=0x0000000000000000 rcx=0x0000000000000414 rdx=0x0000000000000034
  rsi=0x0000000000001bc4 rdi=0x0000a5fe0000a434 flags=0b010000000110
  xmm0=0x0000a8dc0000a8dc0000611b0000611b xmm1=0x00002722000027220000cacf0000cacf 
  xmm2=0x00009752000097520000563c0000563c xmm3=0x00009ebd00009ebd0000d95f0000d95f 
  xmm4=0x0000d5280000d5280000fce40000fce4 xmm5=0x0000bccd0000bccd0000a0840000a084 
  xmm6=0x0000b2f80000b2f800003d6e00003d6e xmm7=0x0000cea40000cea400006e2e00006e2e 

0x30d3: mov rcx, rdx
  rax=0x00000000000008fc rbx=0x0000000000000000 rcx=0x0000000000000414 rdx=0x0000000000000034
  rsi=0x0000000000001bc4 rdi=0x0000a5fe0000a434 flags=0b010000000111
  xmm0=0x0000a8dc0000a8dc0000611b0000611b xmm1=0x00002722000027220000cacf0000cacf 
  xmm2=0x00009752000097520000563c0000563c xmm3=0x00009ebd00009ebd0000d95f0000d95f 
  xmm4=0x0000d5280000d5280000fce40000fce4 xmm5=0x0000bccd0000bccd0000a0840000a084 
  xmm6=0x0000b2f80000b2f800003d6e00003d6e xmm7=0x0000cea40000cea400006e2e00006e2e 

0x30d6: and rax, 0b1111111111111
  rax=0x00000000000008fc rbx=0x0000000000000000 rcx=0x0000000000000034 rdx=0x0000000000000034
  rsi=0x0000000000001bc4 rdi=0x0000a5fe0000a434 flags=0b010000000111
  xmm0=0x0000a8dc0000a8dc0000611b0000611b xmm1=0x00002722000027220000cacf0000cacf 
  xmm2=0x00009752000097520000563c0000563c xmm3=0x00009ebd00009ebd0000d95f0000d95f 
  xmm4=0x0000d5280000d5280000fce40000fce4 xmm5=0x0000bccd0000bccd0000a0840000a084 
  xmm6=0x0000b2f80000b2f800003d6e00003d6e xmm7=0x0000cea40000cea400006e2e00006e2e 

0x30dc: movsx esi, [r14 +rax]
  rax=0x00000000000008fc rbx=0x0000000000000000 rcx=0x0000000000000034 rdx=0x0000000000000034
  rsi=0x0000000000001bc4 rdi=0x0000a5fe0000a434 flags=0b010000000110
  xmm0=0x0000a8dc0000a8dc0000611b0000611b xmm1=0x00002722000027220000cacf0000cacf 
  xmm2=0x00009752000097520000563c0000563c xmm3=0x00009ebd00009ebd0000d95f0000d95f 
  xmm4=0x0000d5280000d5280000fce40000fce4 xmm5=0x0000bccd0000bccd0000a0840000a084 
  xmm6=0x0000b2f80000b2f800003d6e00003d6e xmm7=0x0000cea40000cea400006e2e00006e2e 

    > load from +0x48fc value 0x34
0x30e1: and rbx, 0b1111111111111
  rax=0x00000000000008fc rbx=0x0000000000000000 rcx=0x0000000000000034 rdx=0x0000000000000034
  rsi=0x0000000000000034 rdi=0x0000a5fe0000a434 flags=0b010000000110
  xmm0=0x0000a8dc0000a8dc0000611b0000611b xmm1=0x00002722000027220000cacf0000cacf 
  xmm2=0x00009752000097520000563c0000563c xmm3=0x00009ebd00009ebd0000d95f0000d95f 
  xmm4=0x0000d5280000d5280000fce40000fce4 xmm5=0x0000bccd0000bccd0000a0840000a084 
  xmm6=0x0000b2f80000b2f800003d6e00003d6e xmm7=0x0000cea40000cea400006e2e00006e2e 

0x30e8: sub ecx, [r14 +rbx]
  rax=0x00000000000008fc rbx=0x0000000000000000 rcx=0x0000000000000034 rdx=0x0000000000000034
  rsi=0x0000000000000034 rdi=0x0000a5fe0000a434 flags=0b010001000110
  xmm0=0x0000a8dc0000a8dc0000611b0000611b xmm1=0x00002722000027220000cacf0000cacf 
  xmm2=0x00009752000097520000563c0000563c xmm3=0x00009ebd00009ebd0000d95f0000d95f 
  xmm4=0x0000d5280000d5280000fce40000fce4 xmm5=0x0000bccd0000bccd0000a0840000a084 
  xmm6=0x0000b2f80000b2f800003d6e00003d6e xmm7=0x0000cea40000cea400006e2e00006e2e 

    > load from +0x4000 value 0x2589
0x30ec: and rcx, 0b1111111111111
  rax=0x00000000000008fc rbx=0x0000000000000000 rcx=0x00000000ffffdaab rdx=0x0000000000000034
  rsi=0x0000000000000034 rdi=0x0000a5fe0000a434 flags=0b010010010011
  xmm0=0x0000a8dc0000a8dc0000611b0000611b xmm1=0x00002722000027220000cacf0000cacf 
  xmm2=0x00009752000097520000563c0000563c xmm3=0x00009ebd00009ebd0000d95f0000d95f 
  xmm4=0x0000d5280000d5280000fce40000fce4 xmm5=0x0000bccd0000bccd0000a0840000a084 
  xmm6=0x0000b2f80000b2f800003d6e00003d6e xmm7=0x0000cea40000cea400006e2e00006e2e 

0x30f3: xor edx, [r14 +rcx]
  rax=0x00000000000008fc rbx=0x0000000000000000 rcx=0x0000000000001aab rdx=0x0000000000000034
  rsi=0x0000000000000034 rdi=0x0000a5fe0000a434 flags=0b010000000010
  xmm0=0x0000a8dc0000a8dc0000611b0000611b xmm1=0x00002722000027220000cacf0000cacf 
  xmm2=0x00009752000097520000563c0000563c xmm3=0x00009ebd00009ebd0000d95f0000d95f 
  xmm4=0x0000d5280000d5280000fce40000fce4 xmm5=0x0000bccd0000bccd0000a0840000a084 
  xmm6=0x0000b2f80000b2f800003d6e00003d6e xmm7=0x0000cea40000cea400006e2e00006e2e 

    > load from +0x5aab value 0xd08d00
0x30f7: and rbx, 0b1111111111111
  rax=0x00000000000008fc rbx=0x0000000000000000 rcx=0x0000000000001aab rdx=0x0000000000d08d34
  rsi=0x0000000000000034 rdi=0x0000a5fe0000a434 flags=0b010000000010
  xmm0=0x0000a8dc0000a8dc0000611b0000611b xmm1=0x00002722000027220000cacf0000cacf 
  xmm2=0x00009752000097520000563c0000563c xmm3=0x00009ebd00009ebd0000d95f0000d95f 
  xmm4=0x0000d5280000d5280000fce40000fce4 xmm5=0x0000bccd0000bccd0000a0840000a084 
  xmm6=0x0000b2f80000b2f800003d6e00003d6e xmm7=0x0000cea40000cea400006e2e00006e2e 

0x30fe: adc cl, [r14 +rbx]
  rax=0x00000000000008fc rbx=0x0000000000000000 rcx=0x0000000000001aab rdx=0x0000000000d08d34
  rsi=0x0000000000000034 rdi=0x0000a5fe0000a434 flags=0b010001000110
  xmm0=0x0000a8dc0000a8dc0000611b0000611b xmm1=0x00002722000027220000cacf0000cacf 
  xmm2=0x00009752000097520000563c0000563c xmm3=0x00009ebd00009ebd0000d95f0000d95f 
  xmm4=0x0000d5280000d5280000fce40000fce4 xmm5=0x0000bccd0000bccd0000a0840000a084 
  xmm6=0x0000b2f80000b2f800003d6e00003d6e xmm7=0x0000cea40000cea400006e2e00006e2e 

    > load from +0x4000 value 0x89
0x3102: and rbx, 0b1111111111111
  rax=0x00000000000008fc rbx=0x0000000000000000 rcx=0x0000000000001a34 rdx=0x0000000000d08d34
  rsi=0x0000000000000034 rdi=0x0000a5fe0000a434 flags=0b110000010011
  xmm0=0x0000a8dc0000a8dc0000611b0000611b xmm1=0x00002722000027220000cacf0000cacf 
  xmm2=0x00009752000097520000563c0000563c xmm3=0x00009ebd00009ebd0000d95f0000d95f 
  xmm4=0x0000d5280000d5280000fce40000fce4 xmm5=0x0000bccd0000bccd0000a0840000a084 
  xmm6=0x0000b2f80000b2f800003d6e00003d6e xmm7=0x0000cea40000cea400006e2e00006e2e 

0x3109: or cl, [r14 +rbx]
  rax=0x00000000000008fc rbx=0x0000000000000000 rcx=0x0000000000001a34 rdx=0x0000000000d08d34
  rsi=0x0000000000000034 rdi=0x0000a5fe0000a434 flags=0b010001000110
  xmm0=0x0000a8dc0000a8dc0000611b0000611b xmm1=0x00002722000027220000cacf0000cacf 
  xmm2=0x00009752000097520000563c0000563c xmm3=0x00009ebd00009ebd0000d95f0000d95f 
  xmm4=0x0000d5280000d5280000fce40000fce4 xmm5=0x0000bccd0000bccd0000a0840000a084 
  xmm6=0x0000b2f80000b2f800003d6e00003d6e xmm7=0x0000cea40000cea400006e2e00006e2e 

    > load from +0x4000 value 0x89
0x310d: and rdx, 0b1111111111111
  rax=0x00000000000008fc rbx=0x0000000000000000 rcx=0x0000000000001abd rdx=0x0000000000d08d34
  rsi=0x0000000000000034 rdi=0x0000a5fe0000a434 flags=0b010010000110
  xmm0=0x0000a8dc0000a8dc0000611b0000611b xmm1=0x00002722000027220000cacf0000cacf 
  xmm2=0x00009752000097520000563c0000563c xmm3=0x00009ebd00009ebd0000d95f0000d95f 
  xmm4=0x0000d5280000d5280000fce40000fce4 xmm5=0x0000bccd0000bccd0000a0840000a084 
  xmm6=0x0000b2f80000b2f800003d6e00003d6e xmm7=0x0000cea40000cea400006e2e00006e2e 

0x3114: cmovnle rdi, [r14 +rdx]
  rax=0x00000000000008fc rbx=0x0000000000000000 rcx=0x0000000000001abd rdx=0x0000000000000d34
  rsi=0x0000000000000034 rdi=0x0000a5fe0000a434 flags=0b010000000010
  xmm0=0x0000a8dc0000a8dc0000611b0000611b xmm1=0x00002722000027220000cacf0000cacf 
  xmm2=0x00009752000097520000563c0000563c xmm3=0x00009ebd00009ebd0000d95f0000d95f 
  xmm4=0x0000d5280000d5280000fce40000fce4 xmm5=0x0000bccd0000bccd0000a0840000a084 
  xmm6=0x0000b2f80000b2f800003d6e00003d6e xmm7=0x0000cea40000cea400006e2e00006e2e 

    > load from +0x4d34 value 0x1183000058bb
0x3119: and rdi, 0b1111111111111
  rax=0x00000000000008fc rbx=0x0000000000000000 rcx=0x0000000000001abd rdx=0x0000000000000d34
  rsi=0x0000000000000034 rdi=0x00001183000058bb flags=0b010000000010
  xmm0=0x0000a8dc0000a8dc0000611b0000611b xmm1=0x00002722000027220000cacf0000cacf 
  xmm2=0x00009752000097520000563c0000563c xmm3=0x00009ebd00009ebd0000d95f0000d95f 
  xmm4=0x0000d5280000d5280000fce40000fce4 xmm5=0x0000bccd0000bccd0000a0840000a084 
  xmm6=0x0000b2f80000b2f800003d6e00003d6e xmm7=0x0000cea40000cea400006e2e00006e2e 

0x3120: mov bl, [r14 +rdi]
  rax=0x00000000000008fc rbx=0x0000000000000000 rcx=0x0000000000001abd rdx=0x0000000000000d34
  rsi=0x0000000000000034 rdi=0x00000000000018bb flags=0b010000000110
  xmm0=0x0000a8dc0000a8dc0000611b0000611b xmm1=0x00002722000027220000cacf0000cacf 
  xmm2=0x00009752000097520000563c0000563c xmm3=0x00009ebd00009ebd0000d95f0000d95f 
  xmm4=0x0000d5280000d5280000fce40000fce4 xmm5=0x0000bccd0000bccd0000a0840000a084 
  xmm6=0x0000b2f80000b2f800003d6e00003d6e xmm7=0x0000cea40000cea400006e2e00006e2e 

    > load from +0x58bb value 0x0
0x3124: setnp al
  rax=0x00000000000008fc rbx=0x0000000000000000 rcx=0x0000000000001abd rdx=0x0000000000000d34
  rsi=0x0000000000000034 rdi=0x00000000000018bb flags=0b010000000110
  xmm0=0x0000a8dc0000a8dc0000611b0000611b xmm1=0x00002722000027220000cacf0000cacf 
  xmm2=0x00009752000097520000563c0000563c xmm3=0x00009ebd00009ebd0000d95f0000d95f 
  xmm4=0x0000d5280000d5280000fce40000fce4 xmm5=0x0000bccd0000bccd0000a0840000a084 
  xmm6=0x0000b2f80000b2f800003d6e00003d6e xmm7=0x0000cea40000cea400006e2e00006e2e 

0x3127: add eax, eax
  rax=0x0000000000000800 rbx=0x0000000000000000 rcx=0x0000000000001abd rdx=0x0000000000000d34
  rsi=0x0000000000000034 rdi=0x00000000000018bb flags=0b010000000110
  xmm0=0x0000a8dc0000a8dc0000611b0000611b xmm1=0x00002722000027220000cacf0000cacf 
  xmm2=0x00009752000097520000563c0000563c xmm3=0x00009ebd00009ebd0000d95f0000d95f 
  xmm4=0x0000d5280000d5280000fce40000fce4 xmm5=0x0000bccd0000bccd0000a0840000a084 
  xmm6=0x0000b2f80000b2f800003d6e00003d6e xmm7=0x0000cea40000cea400006e2e00006e2e 

0x3129: and rsi, 0b1111111111111
  rax=0x0000000000001000 rbx=0x0000000000000000 rcx=0x0000000000001abd rdx=0x0000000000000d34
  rsi=0x0000000000000034 rdi=0x00000000000018bb flags=0b010000000110
  xmm0=0x0000a8dc0000a8dc0000611b0000611b xmm1=0x00002722000027220000cacf0000cacf 
  xmm2=0x00009752000097520000563c0000563c xmm3=0x00009ebd00009ebd0000d95f0000d95f 
  xmm4=0x0000d5280000d5280000fce40000fce4 xmm5=0x0000bccd0000bccd0000a0840000a084 
  xmm6=0x0000b2f80000b2f800003d6e00003d6e xmm7=0x0000cea40000cea400006e2e00006e2e 

0x3130: cmovb cx, [r14 +rsi]
  rax=0x0000000000001000 rbx=0x0000000000000000 rcx=0x0000000000001abd rdx=0x0000000000000d34
  rsi=0x0000000000000034 rdi=0x00000000000018bb flags=0b010000000010
  xmm0=0x0000a8dc0000a8dc0000611b0000611b xmm1=0x00002722000027220000cacf0000cacf 
  xmm2=0x00009752000097520000563c0000563c xmm3=0x00009ebd00009ebd0000d95f0000d95f 
  xmm4=0x0000d5280000d5280000fce40000fce4 xmm5=0x0000bccd0000bccd0000a0840000a084 
  xmm6=0x0000b2f80000b2f800003d6e00003d6e xmm7=0x0000cea40000cea400006e2e00006e2e 

    > load from +0x4034 value 0x5052
0x3136: cmovo eax, edi
  rax=0x0000000000001000 rbx=0x0000000000000000 rcx=0x0000000000001abd rdx=0x0000000000000d34
  rsi=0x0000000000000034 rdi=0x00000000000018bb flags=0b010000000010
  xmm0=0x0000a8dc0000a8dc0000611b0000611b xmm1=0x00002722000027220000cacf0000cacf 
  xmm2=0x00009752000097520000563c0000563c xmm3=0x00009ebd00009ebd0000d95f0000d95f 
  xmm4=0x0000d5280000d5280000fce40000fce4 xmm5=0x0000bccd0000bccd0000a0840000a084 
  xmm6=0x0000b2f80000b2f800003d6e00003d6e xmm7=0x0000cea40000cea400006e2e00006e2e 

0x3139: and rbx, 0b1111111111111
  rax=0x0000000000001000 rbx=0x0000000000000000 rcx=0x0000000000001abd rdx=0x0000000000000d34
  rsi=0x0000000000000034 rdi=0x00000000000018bb flags=0b010000000010
  xmm0=0x0000a8dc0000a8dc0000611b0000611b xmm1=0x00002722000027220000cacf0000cacf 
  xmm2=0x00009752000097520000563c0000563c xmm3=0x00009ebd00009ebd0000d95f0000d95f 
  xmm4=0x0000d5280000d5280000fce40000fce4 xmm5=0x0000bccd0000bccd0000a0840000a084 
  xmm6=0x0000b2f80000b2f800003d6e00003d6e xmm7=0x0000cea40000cea400006e2e00006e2e 

0x3140: sub bl, [r14 +rbx]
  rax=0x0000000000001000 rbx=0x0000000000000000 rcx=0x0000000000001abd rdx=0x0000000000000d34
  rsi=0x0000000000000034 rdi=0x00000000000018bb flags=0b010001000110
  xmm0=0x0000a8dc0000a8dc0000611b0000611b xmm1=0x00002722000027220000cacf0000cacf 
  xmm2=0x00009752000097520000563c0000563c xmm3=0x00009ebd00009ebd0000d95f0000d95f 
  xmm4=0x0000d5280000d5280000fce40000fce4 xmm5=0x0000bccd0000bccd0000a0840000a084 
  xmm6=0x0000b2f80000b2f800003d6e00003d6e xmm7=0x0000cea40000cea400006e2e00006e2e 

    > load from +0x4000 value 0x89
0x3144: and rax, 0b1111111111111
  rax=0x0000000000001000 rbx=0x0000000000000077 rcx=0x0000000000001abd rdx=0x0000000000000d34
  rsi=0x0000000000000034 rdi=0x00000000000018bb flags=0b010000010111
  xmm0=0x0000a8dc0000a8dc0000611b0000611b xmm1=0x00002722000027220000cacf0000cacf 
  xmm2=0x00009752000097520000563c0000563c xmm3=0x00009ebd00009ebd0000d95f0000d95f 
  xmm4=0x0000d5280000d5280000fce40000fce4 xmm5=0x0000bccd0000bccd0000a0840000a084 
  xmm6=0x0000b2f80000b2f800003d6e00003d6e xmm7=0x0000cea40000cea400006e2e00006e2e 

0x314a: or rcx, [r14 +rax]
  rax=0x0000000000001000 rbx=0x0000000000000077 rcx=0x0000000000001abd rdx=0x0000000000000d34
  rsi=0x0000000000000034 rdi=0x00000000000018bb flags=0b010000000110
  xmm0=0x0000a8dc0000a8dc0000611b0000611b xmm1=0x00002722000027220000cacf0000cacf 
  xmm2=0x00009752000097520000563c0000563c xmm3=0x00009ebd00009ebd0000d95f0000d95f 
  xmm4=0x0000d5280000d5280000fce40000fce4 xmm5=0x0000bccd0000bccd0000a0840000a084 
  xmm6=0x0000b2f80000b2f800003d6e00003d6e xmm7=0x0000cea40000cea400006e2e00006e2e 

    > load from +0x5000 value 0xd29d0000d29d
0x314e: imul ebx, ebx, 99
  rax=0x0000000000001000 rbx=0x0000000000000077 rcx=0x0000d29d0000dabd rdx=0x0000000000000d34
  rsi=0x0000000000000034 rdi=0x00000000000018bb flags=0b010000000110
  xmm0=0x0000a8dc0000a8dc0000611b0000611b xmm1=0x00002722000027220000cacf0000cacf 
  xmm2=0x00009752000097520000563c0000563c xmm3=0x00009ebd00009ebd0000d95f0000d95f 
  xmm4=0x0000d5280000d5280000fce40000fce4 xmm5=0x0000bccd0000bccd0000a0840000a084 
  xmm6=0x0000b2f80000b2f800003d6e00003d6e xmm7=0x0000cea40000cea400006e2e00006e2e 

0x3151: and rax, 0b1111111111111
  rax=0x0000000000001000 rbx=0x0000000000002e05 rcx=0x0000d29d0000dabd rdx=0x0000000000000d34
  rsi=0x0000000000000034 rdi=0x00000000000018bb flags=0b010000000110
  xmm0=0x0000a8dc0000a8dc0000611b0000611b xmm1=0x00002722000027220000cacf0000cacf 
  xmm2=0x00009752000097520000563c0000563c xmm3=0x00009ebd00009ebd0000d95f0000d95f 
  xmm4=0x0000d5280000d5280000fce40000fce4 xmm5=0x0000bccd0000bccd0000a0840000a084 
  xmm6=0x0000b2f80000b2f800003d6e00003d6e xmm7=0x0000cea40000cea400006e2e00006e2e 

0x3157: and di, 0b111
  rax=0x0000000000001000 rbx=0x0000000000002e05 rcx=0x0000d29d0000dabd rdx=0x0000000000000d34
  rsi=0x0000000000000034 rdi=0x00000000000018bb flags=0b010000000110
  xmm0=0x0000a8dc0000a8dc0000611b0000611b xmm1=0x00002722000027220000cacf0000cacf 
  xmm2=0x00009752000097520000563c0000563c xmm3=0x00009ebd00009ebd0000d95f0000d95f 
  xmm4=0x0000d5280000d5280000fce40000fce4 xmm5=0x0000bccd0000bccd0000a0840000a084 
  xmm6=0x0000b2f80000b2f800003d6e00003d6e xmm7=0x0000cea40000cea400006e2e00006e2e 

0x315b: bt [r14 +rax], di
  rax=0x0000000000001000 rbx=0x0000000000002e05 rcx=0x0000d29d0000dabd rdx=0x0000000000000d34
  rsi=0x0000000000000034 rdi=0x0000000000000003 flags=0b010000000110
  xmm0=0x0000a8dc0000a8dc0000611b0000611b xmm1=0x00002722000027220000cacf0000cacf 
  xmm2=0x00009752000097520000563c0000563c xmm3=0x00009ebd00009ebd0000d95f0000d95f 
  xmm4=0x0000d5280000d5280000fce40000fce4 xmm5=0x0000bccd0000bccd0000a0840000a084 
  xmm6=0x0000b2f80000b2f800003d6e00003d6e xmm7=0x0000cea40000cea400006e2e00006e2e 

    > load from +0x5000 value 0xd29d
0x3161: and rsi, 0b1111111111111
  rax=0x0000000000001000 rbx=0x0000000000002e05 rcx=0x0000d29d0000dabd rdx=0x0000000000000d34
  rsi=0x0000000000000034 rdi=0x0000000000000003 flags=0b010000000111
  xmm0=0x0000a8dc0000a8dc0000611b0000611b xmm1=0x00002722000027220000cacf0000cacf 
  xmm2=0x00009752000097520000563c0000563c xmm3=0x00009ebd00009ebd0000d95f0000d95f 
  xmm4=0x0000d5280000d5280000fce40000fce4 xmm5=0x0000bccd0000bccd0000a0840000a084 
  xmm6=0x0000b2f80000b2f800003d6e00003d6e xmm7=0x0000cea40000cea400006e2e00006e2e 

0x3168: mul [r14 +rsi]
  rax=0x0000000000001000 rbx=0x0000000000002e05 rcx=0x0000d29d0000dabd rdx=0x0000000000000d34
  rsi=0x0000000000000034 rdi=0x0000000000000003 flags=0b010000000010
  xmm0=0x0000a8dc0000a8dc0000611b0000611b xmm1=0x00002722000027220000cacf0000cacf 
  xmm2=0x00009752000097520000563c0000563c xmm3=0x00009ebd00009ebd0000d95f0000d95f 
  xmm4=0x0000d5280000d5280000fce40000fce4 xmm5=0x0000bccd0000bccd0000a0840000a084 
  xmm6=0x0000b2f80000b2f800003d6e00003d6e xmm7=0x0000cea40000cea400006e2e00006e2e 

    > load from +0x4034 value 0x341500005052
0x316c: and rax, 0b1111111111111
  rax=0x0341500005052000 rbx=0x0000000000002e05 rcx=0x0000d29d0000dabd rdx=0x0000000000000000
  rsi=0x0000000000000034 rdi=0x0000000000000003 flags=0b010000000110
  xmm0=0x0000a8dc0000a8dc0000611b0000611b xmm1=0x00002722000027220000cacf0000cacf 
  xmm2=0x00009752000097520000563c0000563c xmm3=0x00009ebd00009ebd0000d95f0000d95f 
  xmm4=0x0000d5280000d5280000fce40000fce4 xmm5=0x0000bccd0000bccd0000a0840000a084 
  xmm6=0x0000b2f80000b2f800003d6e00003d6e xmm7=0x0000cea40000cea400006e2e00006e2e 

0x3172: sub cl, [r14 +rax]
  rax=0x0000000000000000 rbx=0x0000000000002e05 rcx=0x0000d29d0000dabd rdx=0x0000000000000000
  rsi=0x0000000000000034 rdi=0x0000000000000003 flags=0b010001000110
  xmm0=0x0000a8dc0000a8dc0000611b0000611b xmm1=0x00002722000027220000cacf0000cacf 
  xmm2=0x00009752000097520000563c0000563c xmm3=0x00009ebd00009ebd0000d95f0000d95f 
  xmm4=0x0000d5280000d5280000fce40000fce4 xmm5=0x0000bccd0000bccd0000a0840000a084 
  xmm6=0x0000b2f80000b2f800003d6e00003d6e xmm7=0x0000cea40000cea400006e2e00006e2e 

    > load from +0x4000 value 0x89
0x3176: and rbx, 0b1111111111111
  rax=0x0000000000000000 rbx=0x0000000000002e05 rcx=0x0000d29d0000da34 rdx=0x0000000000000000
  rsi=0x0000000000000034 rdi=0x0000000000000003 flags=0b010000000010
  xmm0=0x0000a8dc0000a8dc0000611b0000611b xmm1=0x00002722000027220000cacf0000cacf 
  xmm2=0x00009752000097520000563c0000563c xmm3=0x00009ebd00009ebd0000d95f0000d95f 
  xmm4=0x0000d5280000d5280000fce40000fce4 xmm5=0x0000bccd0000bccd0000a0840000a084 
  xmm6=0x0000b2f80000b2f800003d6e00003d6e xmm7=0x0000cea40000cea400006e2e00006e2e 

0x317d: movsxd rdx, [r14 +rbx]
  rax=0x0000000000000000 rbx=0x0000000000000e05 rcx=0x0000d29d0000da34 rdx=0x0000000000000000
  rsi=0x0000000000000034 rdi=0x0000000000000003 flags=0b010000000110
  xmm0=0x0000a8dc0000a8dc0000611b0000611b xmm1=0x00002722000027220000cacf0000cacf 
  xmm2=0x00009752000097520000563c0000563c xmm3=0x00009ebd00009ebd0000d95f0000d95f 
  xmm4=0x0000d5280000d5280000fce40000fce4 xmm5=0x0000bccd0000bccd0000a0840000a084 
  xmm6=0x0000b2f80000b2f800003d6e00003d6e xmm7=0x0000cea40000cea400006e2e00006e2e 

    > load from +0x4e05 value 0x740000c5
0x3181: and rdi, 0b1111111111111
  rax=0x0000000000000000 rbx=0x0000000000000e05 rcx=0x0000d29d0000da34 rdx=0x00000000740000c5
  rsi=0x0000000000000034 rdi=0x0000000000000003 flags=0b010000000110
  xmm0=0x0000a8dc0000a8dc0000611b0000611b xmm1=0x00002722000027220000cacf0000cacf 
  xmm2=0x00009752000097520000563c0000563c xmm3=0x00009ebd00009ebd0000d95f0000d95f 
  xmm4=0x0000d5280000d5280000fce40000fce4 xmm5=0x0000bccd0000bccd0000a0840000a084 
  xmm6=0x0000b2f80000b2f800003d6e00003d6e xmm7=0x0000cea40000cea400006e2e00006e2e 

0x3188: cmovnbe rcx, [r14 +rdi]
  rax=0x0000000000000000 rbx=0x0000000000000e05 rcx=0x0000d29d0000da34 rdx=0x00000000740000c5
  rsi=0x0000000000000034 rdi=0x0000000000000003 flags=0b010000000110
  xmm0=0x0000a8dc0000a8dc0000611b0000611b xmm1=0x00002722000027220000cacf0000cacf 
  xmm2=0x00009752000097520000563c0000563c xmm3=0x00009ebd00009ebd0000d95f0000d95f 
  xmm4=0x0000d5280000d5280000fce40000fce4 xmm5=0x0000bccd0000bccd0000a0840000a084 
  xmm6=0x0000b2f80000b2f800003d6e00003d6e xmm7=0x0000cea40000cea400006e2e00006e2e 

    > load from +0x4003 value 0xafe20000258900
0x318d: and rbx, 0b1111111111111
  rax=0x0000000000000000 rbx=0x0000000000000e05 rcx=0x00afe20000258900 rdx=0x00000000740000c5
  rsi=0x0000000000000034 rdi=0x0000000000000003 flags=0b010000000110
  xmm0=0x0000a8dc0000a8dc0000611b0000611b xmm1=0x00002722000027220000cacf0000cacf 
  xmm2=0x00009752000097520000563c0000563c xmm3=0x00009ebd00009ebd0000d95f0000d95f 
  xmm4=0x0000d5280000d5280000fce40000fce4 xmm5=0x0000bccd0000bccd0000a0840000a084 
  xmm6=0x0000b2f80000b2f800003d6e00003d6e xmm7=0x0000cea40000cea400006e2e00006e2e 

0x3194: add rax, [r14 +rbx]
  rax=0x0000000000000000 rbx=0x0000000000000e05 rcx=0x00afe20000258900 rdx=0x00000000740000c5
  rsi=0x0000000000000034 rdi=0x0000000000000003 flags=0b010000000110
  xmm0=0x0000a8dc0000a8dc0000611b0000611b xmm1=0x00002722000027220000cacf0000cacf 
  xmm2=0x00009752000097520000563c0000563c xmm3=0x00009ebd00009ebd0000d95f0000d95f 
  xmm4=0x0000d5280000d5280000fce40000fce4 xmm5=0x0000bccd0000bccd0000a0840000a084 
  xmm6=0x0000b2f80000b2f800003d6e00003d6e xmm7=0x0000cea40000cea400006e2e00006e2e 

    > load from +0x4e05 value 0x740000bd740000c5
0x3198: sub al, -15
  rax=0x740000bd740000c5 rbx=0x0000000000000e05 rcx=0x00afe20000258900 rdx=0x00000000740000c5
  rsi=0x0000000000000034 rdi=0x0000000000000003 flags=0b010000000110
  xmm0=0x0000a8dc0000a8dc0000611b0000611b xmm1=0x00002722000027220000cacf0000cacf 
  xmm2=0x00009752000097520000563c0000563c xmm3=0x00009ebd00009ebd0000d95f0000d95f 
  xmm4=0x0000d5280000d5280000fce40000fce4 xmm5=0x0000bccd0000bccd0000a0840000a084 
  xmm6=0x0000b2f80000b2f800003d6e00003d6e xmm7=0x0000cea40000cea400006e2e00006e2e 

0x319a: and rbx, 0b1111111111111
  rax=0x740000bd740000d4 rbx=0x0000000000000e05 rcx=0x00afe20000258900 rdx=0x00000000740000c5
  rsi=0x0000000000000034 rdi=0x0000000000000003 flags=0b010010000111
  xmm0=0x0000a8dc0000a8dc0000611b0000611b xmm1=0x00002722000027220000cacf0000cacf 
  xmm2=0x00009752000097520000563c0000563c xmm3=0x00009ebd00009ebd0000d95f0000d95f 
  xmm4=0x0000d5280000d5280000fce40000fce4 xmm5=0x0000bccd0000bccd0000a0840000a084 
  xmm6=0x0000b2f80000b2f800003d6e00003d6e xmm7=0x0000cea40000cea400006e2e00006e2e 

0x31a1: add si, [r14 +rbx]
  rax=0x740000bd740000d4 rbx=0x0000000000000e05 rcx=0x00afe20000258900 rdx=0x00000000740000c5
  rsi=0x0000000000000034 rdi=0x0000000000000003 flags=0b010000000110
  xmm0=0x0000a8dc0000a8dc0000611b0000611b xmm1=0x00002722000027220000cacf0000cacf 
  xmm2=0x00009752000097520000563c0000563c xmm3=0x00009ebd00009ebd0000d95f0000d95f 
  xmm4=0x0000d5280000d5280000fce40000fce4 xmm5=0x0000bccd0000bccd0000a0840000a084 
  xmm6=0x0000b2f80000b2f800003d6e00003d6e xmm7=0x0000cea40000cea400006e2e00006e2e 

    > load from +0x4e05 value 0xc5
0x31a6: and rsi, 0b1111111111111
  rax=0x740000bd740000d4 rbx=0x0000000000000e05 rcx=0x00afe20000258900 rdx=0x00000000740000c5
  rsi=0x00000000000000f9 rdi=0x0000000000000003 flags=0b010000000110
  xmm0=0x0000a8dc0000a8dc0000611b0000611b xmm1=0x00002722000027220000cacf0000cacf 
  xmm2=0x00009752000097520000563c0000563c xmm3=0x00009ebd00009ebd0000d95f0000d95f 
  xmm4=0x0000d5280000d5280000fce40000fce4 xmm5=0x0000bccd0000bccd0000a0840000a084 
  xmm6=0x0000b2f80000b2f800003d6e00003d6e xmm7=0x0000cea40000cea400006e2e00006e2e 

0x31ad: cmovnp dx, [r14 +rsi]
  rax=0x740000bd740000d4 rbx=0x0000000000000e05 rcx=0x00afe20000258900 rdx=0x00000000740000c5
  rsi=0x00000000000000f9 rdi=0x0000000000000003 flags=0b010000000110
  xmm0=0x0000a8dc0000a8dc0000611b0000611b xmm1=0x00002722000027220000cacf0000cacf 
  xmm2=0x00009752000097520000563c0000563c xmm3=0x00009ebd00009ebd0000d95f0000d95f 
  xmm4=0x0000d5280000d5280000fce40000fce4 xmm5=0x0000bccd0000bccd0000a0840000a084 
  xmm6=0x0000b2f80000b2f800003d6e00003d6e xmm7=0x0000cea40000cea400006e2e00006e2e 

    > load from +0x40f9 value 0x97
0x31b3: setnp dl
  rax=0x740000bd740000d4 rbx=0x0000000000000e05 rcx=0x00afe20000258900 rdx=0x00000000740000c5
  rsi=0x00000000000000f9 rdi=0x0000000000000003 flags=0b010000000110
  xmm0=0x0000a8dc0000a8dc0000611b0000611b xmm1=0x00002722000027220000cacf0000cacf 
  xmm2=0x00009752000097520000563c0000563c xmm3=0x00009ebd00009ebd0000d95f0000d95f 
  xmm4=0x0000d5280000d5280000fce40000fce4 xmm5=0x0000bccd0000bccd0000a0840000a084 
  xmm6=0x0000b2f80000b2f800003d6e00003d6e xmm7=0x0000cea40000cea400006e2e00006e2e 

0x31b6: macro .switch, .main.function_main_1
  rax=0x740000bd740000d4 rbx=0x0000000000000e05 rcx=0x00afe20000258900 rdx=0x0000000074000000
  rsi=0x00000000000000f9 rdi=0x0000000000000003 flags=0b010000000110
  xmm0=0x0000a8dc0000a8dc0000611b0000611b xmm1=0x00002722000027220000cacf0000cacf 
  xmm2=0x00009752000097520000563c0000563c xmm3=0x00009ebd00009ebd0000d95f0000d95f 
  xmm4=0x0000d5280000d5280000fce40000fce4 xmm5=0x0000bccd0000bccd0000a0840000a084 
  xmm6=0x0000b2f80000b2f800003d6e00003d6e xmm7=0x0000cea40000cea400006e2e00006e2e 

0x8 : stc 
  rax=0x740000bd740000d4 rbx=0x0000000000000e05 rcx=0x00afe20000258900 rdx=0x0000000074000000
  rsi=0x00000000000000f9 rdi=0x0000000000000003 flags=0b010000000110
  xmm0=0x0000a8dc0000a8dc0000611b0000611b xmm1=0x00002722000027220000cacf0000cacf 
  xmm2=0x00009752000097520000563c0000563c xmm3=0x00009ebd00009ebd0000d95f0000d95f 
  xmm4=0x0000d5280000d5280000fce40000fce4 xmm5=0x0000bccd0000bccd0000a0840000a084 
  xmm6=0x0000b2f80000b2f800003d6e00003d6e xmm7=0x0000cea40000cea400006e2e00006e2e 

0x9 : xor rax, -1742133043
  rax=0x740000bd740000d4 rbx=0x0000000000000e05 rcx=0x00afe20000258900 rdx=0x0000000074000000
  rsi=0x00000000000000f9 rdi=0x0000000000000003 flags=0b010000000111
  xmm0=0x0000a8dc0000a8dc0000611b0000611b xmm1=0x00002722000027220000cacf0000cacf 
  xmm2=0x00009752000097520000563c0000563c xmm3=0x00009ebd00009ebd0000d95f0000d95f 
  xmm4=0x0000d5280000d5280000fce40000fce4 xmm5=0x0000bccd0000bccd0000a0840000a084 
  xmm6=0x0000b2f80000b2f800003d6e00003d6e xmm7=0x0000cea40000cea400006e2e00006e2e 

0xf : and rax, 0b1111111111111
  rax=0x8bffff42ec292819 rbx=0x0000000000000e05 rcx=0x00afe20000258900 rdx=0x0000000074000000
  rsi=0x00000000000000f9 rdi=0x0000000000000003 flags=0b010010000010
  xmm0=0x0000a8dc0000a8dc0000611b0000611b xmm1=0x00002722000027220000cacf0000cacf 
  xmm2=0x00009752000097520000563c0000563c xmm3=0x00009ebd00009ebd0000d95f0000d95f 
  xmm4=0x0000d5280000d5280000fce40000fce4 xmm5=0x0000bccd0000bccd0000a0840000a084 
  xmm6=0x0000b2f80000b2f800003d6e00003d6e xmm7=0x0000cea40000cea400006e2e00006e2e 

0x15: cmp rbx, [r14 +rax]
  rax=0x0000000000000819 rbx=0x0000000000000e05 rcx=0x00afe20000258900 rdx=0x0000000074000000
  rsi=0x00000000000000f9 rdi=0x0000000000000003 flags=0b010000000010
  xmm0=0x0000a8dc0000a8dc0000611b0000611b xmm1=0x00002722000027220000cacf0000cacf 
  xmm2=0x00009752000097520000563c0000563c xmm3=0x00009ebd00009ebd0000d95f0000d95f 
  xmm4=0x0000d5280000d5280000fce40000fce4 xmm5=0x0000bccd0000bccd0000a0840000a084 
  xmm6=0x0000b2f80000b2f800003d6e00003d6e xmm7=0x0000cea40000cea400006e2e00006e2e 

    > load from +0x819 value 0x66000099fd000099
0x19: cmp rcx, rcx
  rax=0x0000000000000819 rbx=0x0000000000000e05 rcx=0x00afe20000258900 rdx=0x0000000074000000
  rsi=0x00000000000000f9 rdi=0x0000000000000003 flags=0b010010010111
  xmm0=0x0000a8dc0000a8dc0000611b0000611b xmm1=0x00002722000027220000cacf0000cacf 
  xmm2=0x00009752000097520000563c0000563c xmm3=0x00009ebd00009ebd0000d95f0000d95f 
  xmm4=0x0000d5280000d5280000fce40000fce4 xmm5=0x0000bccd0000bccd0000a0840000a084 
  xmm6=0x0000b2f80000b2f800003d6e00003d6e xmm7=0x0000cea40000cea400006e2e00006e2e 

0x1c: cmovbe ebx, edi
  rax=0x0000000000000819 rbx=0x0000000000000e05 rcx=0x00afe20000258900 rdx=0x0000000074000000
  rsi=0x00000000000000f9 rdi=0x0000000000000003 flags=0b010001000110
  xmm0=0x0000a8dc0000a8dc0000611b0000611b xmm1=0x00002722000027220000cacf0000cacf 
  xmm2=0x00009752000097520000563c0000563c xmm3=0x00009ebd00009ebd0000d95f0000d95f 
  xmm4=0x0000d5280000d5280000fce40000fce4 xmm5=0x0000bccd0000bccd0000a0840000a084 
  xmm6=0x0000b2f80000b2f800003d6e00003d6e xmm7=0x0000cea40000cea400006e2e00006e2e 

0x1f: cmovnle edx, edi
  rax=0x0000000000000819 rbx=0x0000000000000003 rcx=0x00afe20000258900 rdx=0x0000000074000000
  rsi=0x00000000000000f9 rdi=0x0000000000000003 flags=0b010001000110
  xmm0=0x0000a8dc0000a8dc0000611b0000611b xmm1=0x00002722000027220000cacf0000cacf 
  xmm2=0x00009752000097520000563c0000563c xmm3=0x00009ebd00009ebd0000d95f0000d95f 
  xmm4=0x0000d5280000d5280000fce40000fce4 xmm5=0x0000bccd0000bccd0000a0840000a084 
  xmm6=0x0000b2f80000b2f800003d6e00003d6e xmm7=0x0000cea40000cea400006e2e00006e2e 

0x22: and rbx, 0b1111111111111
  rax=0x0000000000000819 rbx=0x0000000000000003 rcx=0x00afe20000258900 rdx=0x0000000074000000
  rsi=0x00000000000000f9 rdi=0x0000000000000003 flags=0b010001000110
  xmm0=0x0000a8dc0000a8dc0000611b0000611b xmm1=0x00002722000027220000cacf0000cacf 
  xmm2=0x00009752000097520000563c0000563c xmm3=0x00009ebd00009ebd0000d95f0000d95f 
  xmm4=0x0000d5280000d5280000fce40000fce4 xmm5=0x0000bccd0000bccd0000a0840000a084 
  xmm6=0x0000b2f80000b2f800003d6e00003d6e xmm7=0x0000cea40000cea400006e2e00006e2e 

0x29: cmovz ebx, [r14 +rbx]
  rax=0x0000000000000819 rbx=0x0000000000000003 rcx=0x00afe20000258900 rdx=0x0000000074000000
  rsi=0x00000000000000f9 rdi=0x0000000000000003 flags=0b010000000110
  xmm0=0x0000a8dc0000a8dc0000611b0000611b xmm1=0x00002722000027220000cacf0000cacf 
  xmm2=0x00009752000097520000563c0000563c xmm3=0x00009ebd00009ebd0000d95f0000d95f 
  xmm4=0x0000d5280000d5280000fce40000fce4 xmm5=0x0000bccd0000bccd0000a0840000a084 
  xmm6=0x0000b2f80000b2f800003d6e00003d6e xmm7=0x0000cea40000cea400006e2e00006e2e 

    > load from +0x3 value 0x14c100
0x2e: and rdx, 0b1111111111111
  rax=0x0000000000000819 rbx=0x0000000000000003 rcx=0x00afe20000258900 rdx=0x0000000074000000
  rsi=0x00000000000000f9 rdi=0x0000000000000003 flags=0b010000000110
  xmm0=0x0000a8dc0000a8dc0000611b0000611b xmm1=0x00002722000027220000cacf0000cacf 
  xmm2=0x00009752000097520000563c0000563c xmm3=0x00009ebd00009ebd0000d95f0000d95f 
  xmm4=0x0000d5280000d5280000fce40000fce4 xmm5=0x0000bccd0000bccd0000a0840000a084 
  xmm6=0x0000b2f80000b2f800003d6e00003d6e xmm7=0x0000cea40000cea400006e2e00006e2e 

0x35: or [r14 +rdx], 0b1000
  rax=0x0000000000000819 rbx=0x0000000000000003 rcx=0x00afe20000258900 rdx=0x0000000000000000
  rsi=0x00000000000000f9 rdi=0x0000000000000003 flags=0b010001000110
  xmm0=0x0000a8dc0000a8dc0000611b0000611b xmm1=0x00002722000027220000cacf0000cacf 
  xmm2=0x00009752000097520000563c0000563c xmm3=0x00009ebd00009ebd0000d95f0000d95f 
  xmm4=0x0000d5280000d5280000fce40000fce4 xmm5=0x0000bccd0000bccd0000a0840000a084 
  xmm6=0x0000b2f80000b2f800003d6e00003d6e xmm7=0x0000cea40000cea400006e2e00006e2e 

    > load from +0x0 value 0x14c1
    > store to +0x0 value 0x14c9
0x3b: and [r14 +rdx], 0b11111000
  rax=0x0000000000000819 rbx=0x0000000000000003 rcx=0x00afe20000258900 rdx=0x0000000000000000
  rsi=0x00000000000000f9 rdi=0x0000000000000003 flags=0b010000000110
  xmm0=0x0000a8dc0000a8dc0000611b0000611b xmm1=0x00002722000027220000cacf0000cacf 
  xmm2=0x00009752000097520000563c0000563c xmm3=0x00009ebd00009ebd0000d95f0000d95f 
  xmm4=0x0000d5280000d5280000fce40000fce4 xmm5=0x0000bccd0000bccd0000a0840000a084 
  xmm6=0x0000b2f80000b2f800003d6e00003d6e xmm7=0x0000cea40000cea400006e2e00006e2e 

    > load from +0x0 value 0xc9
    > store to +0x0 value 0xc8
0x40: add sil, 7
  rax=0x0000000000000819 rbx=0x0000000000000003 rcx=0x00afe20000258900 rdx=0x0000000000000000
  rsi=0x00000000000000f9 rdi=0x0000000000000003 flags=0b010010000010
  xmm0=0x0000a8dc0000a8dc0000611b0000611b xmm1=0x00002722000027220000cacf0000cacf 
  xmm2=0x00009752000097520000563c0000563c xmm3=0x00009ebd00009ebd0000d95f0000d95f 
  xmm4=0x0000d5280000d5280000fce40000fce4 xmm5=0x0000bccd0000bccd0000a0840000a084 
  xmm6=0x0000b2f80000b2f800003d6e00003d6e xmm7=0x0000cea40000cea400006e2e00006e2e 

0x44: sbb rdi, -31
  rax=0x0000000000000819 rbx=0x0000000000000003 rcx=0x00afe20000258900 rdx=0x0000000000000000
  rsi=0x0000000000000000 rdi=0x0000000000000003 flags=0b010001010111
  xmm0=0x0000a8dc0000a8dc0000611b0000611b xmm1=0x00002722000027220000cacf0000cacf 
  xmm2=0x00009752000097520000563c0000563c xmm3=0x00009ebd00009ebd0000d95f0000d95f 
  xmm4=0x0000d5280000d5280000fce40000fce4 xmm5=0x0000bccd0000bccd0000a0840000a084 
  xmm6=0x0000b2f80000b2f800003d6e00003d6e xmm7=0x0000cea40000cea400006e2e00006e2e 

0x48: xadd sil, cl
  rax=0x0000000000000819 rbx=0x0000000000000003 rcx=0x00afe20000258900 rdx=0x0000000000000000
  rsi=0x0000000000000000 rdi=0x0000000000000021 flags=0b010000000111
  xmm0=0x0000a8dc0000a8dc0000611b0000611b xmm1=0x00002722000027220000cacf0000cacf 
  xmm2=0x00009752000097520000563c0000563c xmm3=0x00009ebd00009ebd0000d95f0000d95f 
  xmm4=0x0000d5280000d5280000fce40000fce4 xmm5=0x0000bccd0000bccd0000a0840000a084 
  xmm6=0x0000b2f80000b2f800003d6e00003d6e xmm7=0x0000cea40000cea400006e2e00006e2e 

0x4c: cmc 
  rax=0x0000000000000819 rbx=0x0000000000000003 rcx=0x00afe20000258900 rdx=0x0000000000000000
  rsi=0x0000000000000000 rdi=0x0000000000000021 flags=0b010001000110
  xmm0=0x0000a8dc0000a8dc0000611b0000611b xmm1=0x00002722000027220000cacf0000cacf 
  xmm2=0x00009752000097520000563c0000563c xmm3=0x00009ebd00009ebd0000d95f0000d95f 
  xmm4=0x0000d5280000d5280000fce40000fce4 xmm5=0x0000bccd0000bccd0000a0840000a084 
  xmm6=0x0000b2f80000b2f800003d6e00003d6e xmm7=0x0000cea40000cea400006e2e00006e2e 

0x4d: xchg eax, eax
  rax=0x0000000000000819 rbx=0x0000000000000003 rcx=0x00afe20000258900 rdx=0x0000000000000000
  rsi=0x0000000000000000 rdi=0x0000000000000021 flags=0b010001000111
  xmm0=0x0000a8dc0000a8dc0000611b0000611b xmm1=0x00002722000027220000cacf0000cacf 
  xmm2=0x00009752000097520000563c0000563c xmm3=0x00009ebd00009ebd0000d95f0000d95f 
  xmm4=0x0000d5280000d5280000fce40000fce4 xmm5=0x0000bccd0000bccd0000a0840000a084 
  xmm6=0x0000b2f80000b2f800003d6e00003d6e xmm7=0x0000cea40000cea400006e2e00006e2e 

0x4f: setbe bl
  rax=0x0000000000000819 rbx=0x0000000000000003 rcx=0x00afe20000258900 rdx=0x0000000000000000
  rsi=0x0000000000000000 rdi=0x0000000000000021 flags=0b010001000111
  xmm0=0x0000a8dc0000a8dc0000611b0000611b xmm1=0x00002722000027220000cacf0000cacf 
  xmm2=0x00009752000097520000563c0000563c xmm3=0x00009ebd00009ebd0000d95f0000d95f 
  xmm4=0x0000d5280000d5280000fce40000fce4 xmm5=0x0000bccd0000bccd0000a0840000a084 
  xmm6=0x0000b2f80000b2f800003d6e00003d6e xmm7=0x0000cea40000cea400006e2e00006e2e 

0x52: and rax, 0b1111111111111
  rax=0x0000000000000819 rbx=0x0000000000000001 rcx=0x00afe20000258900 rdx=0x0000000000000000
  rsi=0x0000000000000000 rdi=0x0000000000000021 flags=0b010001000111
  xmm0=0x0000a8dc0000a8dc0000611b0000611b xmm1=0x00002722000027220000cacf0000cacf 
  xmm2=0x00009752000097520000563c0000563c xmm3=0x00009ebd00009ebd0000d95f0000d95f 
  xmm4=0x0000d5280000d5280000fce40000fce4 xmm5=0x0000bccd0000bccd0000a0840000a084 
  xmm6=0x0000b2f80000b2f800003d6e00003d6e xmm7=0x0000cea40000cea400006e2e00006e2e 

0x58: movzx di, [r14 +rax]
  rax=0x0000000000000819 rbx=0x0000000000000001 rcx=0x00afe20000258900 rdx=0x0000000000000000
  rsi=0x0000000000000000 rdi=0x0000000000000021 flags=0b010000000010
  xmm0=0x0000a8dc0000a8dc0000611b0000611b xmm1=0x00002722000027220000cacf0000cacf 
  xmm2=0x00009752000097520000563c0000563c xmm3=0x00009ebd00009ebd0000d95f0000d95f 
  xmm4=0x0000d5280000d5280000fce40000fce4 xmm5=0x0000bccd0000bccd0000a0840000a084 
  xmm6=0x0000b2f80000b2f800003d6e00003d6e xmm7=0x0000cea40000cea400006e2e00006e2e 

    > load from +0x819 value 0x99
0x5e: setnle cl
  rax=0x0000000000000819 rbx=0x0000000000000001 rcx=0x00afe20000258900 rdx=0x0000000000000000
  rsi=0x0000000000000000 rdi=0x0000000000000099 flags=0b010000000010
  xmm0=0x0000a8dc0000a8dc0000611b0000611b xmm1=0x00002722000027220000cacf0000cacf 
  xmm2=0x00009752000097520000563c0000563c xmm3=0x00009ebd00009ebd0000d95f0000d95f 
  xmm4=0x0000d5280000d5280000fce40000fce4 xmm5=0x0000bccd0000bccd0000a0840000a084 
  xmm6=0x0000b2f80000b2f800003d6e00003d6e xmm7=0x0000cea40000cea400006e2e00006e2e 

0x61: and rsi, 0b1111111111111
  rax=0x0000000000000819 rbx=0x0000000000000001 rcx=0x00afe20000258901 rdx=0x0000000000000000
  rsi=0x0000000000000000 rdi=0x0000000000000099 flags=0b010000000010
  xmm0=0x0000a8dc0000a8dc0000611b0000611b xmm1=0x00002722000027220000cacf0000cacf 
  xmm2=0x00009752000097520000563c0000563c xmm3=0x00009ebd00009ebd0000d95f0000d95f 
  xmm4=0x0000d5280000d5280000fce40000fce4 xmm5=0x0000bccd0000bccd0000a0840000a084 
  xmm6=0x0000b2f80000b2f800003d6e00003d6e xmm7=0x0000cea40000cea400006e2e00006e2e 

0x68: sub rax, [r14 +rsi]
  rax=0x0000000000000819 rbx=0x0000000000000001 rcx=0x00afe20000258901 rdx=0x0000000000000000
  rsi=0x0000000000000000 rdi=0x0000000000000099 flags=0b010001000110
  xmm0=0x0000a8dc0000a8dc0000611b0000611b xmm1=0x00002722000027220000cacf0000cacf 
  xmm2=0x00009752000097520000563c0000563c xmm3=0x00009ebd00009ebd0000d95f0000d95f 
  xmm4=0x0000d5280000d5280000fce40000fce4 xmm5=0x0000bccd0000bccd0000a0840000a084 
  xmm6=0x0000b2f80000b2f800003d6e00003d6e xmm7=0x0000cea40000cea400006e2e00006e2e 

    > load from +0x0 value 0x14c1000014c8
0x6c: and rdx, 0b1111111111111
  rax=0xffffeb3efffff351 rbx=0x0000000000000001 rcx=0x00afe20000258901 rdx=0x0000000000000000
  rsi=0x0000000000000000 rdi=0x0000000000000099 flags=0b010010000011
  xmm0=0x0000a8dc0000a8dc0000611b0000611b xmm1=0x00002722000027220000cacf0000cacf 
  xmm2=0x00009752000097520000563c0000563c xmm3=0x00009ebd00009ebd0000d95f0000d95f 
  xmm4=0x0000d5280000d5280000fce40000fce4 xmm5=0x0000bccd0000bccd0000a0840000a084 
  xmm6=0x0000b2f80000b2f800003d6e00003d6e xmm7=0x0000cea40000cea400006e2e00006e2e 

0x73: cmovnle di, [r14 +rdx]
  rax=0xffffeb3efffff351 rbx=0x0000000000000001 rcx=0x00afe20000258901 rdx=0x0000000000000000
  rsi=0x0000000000000000 rdi=0x0000000000000099 flags=0b010001000110
  xmm0=0x0000a8dc0000a8dc0000611b0000611b xmm1=0x00002722000027220000cacf0000cacf 
  xmm2=0x00009752000097520000563c0000563c xmm3=0x00009ebd00009ebd0000d95f0000d95f 
  xmm4=0x0000d5280000d5280000fce40000fce4 xmm5=0x0000bccd0000bccd0000a0840000a084 
  xmm6=0x0000b2f80000b2f800003d6e00003d6e xmm7=0x0000cea40000cea400006e2e00006e2e 

    > load from +0x0 value 0x14c8
0x79: setns bl
  rax=0xffffeb3efffff351 rbx=0x0000000000000001 rcx=0x00afe20000258901 rdx=0x0000000000000000
  rsi=0x0000000000000000 rdi=0x0000000000000099 flags=0b010001000110
  xmm0=0x0000a8dc0000a8dc0000611b0000611b xmm1=0x00002722000027220000cacf0000cacf 
  xmm2=0x00009752000097520000563c0000563c xmm3=0x00009ebd00009ebd0000d95f0000d95f 
  xmm4=0x0000d5280000d5280000fce40000fce4 xmm5=0x0000bccd0000bccd0000a0840000a084 
  xmm6=0x0000b2f80000b2f800003d6e00003d6e xmm7=0x0000cea40000cea400006e2e00006e2e 

0x7c: and rcx, 0b1111111111111
  rax=0xffffeb3efffff351 rbx=0x0000000000000001 rcx=0x00afe20000258901 rdx=0x0000000000000000
  rsi=0x0000000000000000 rdi=0x0000000000000099 flags=0b010001000110
  xmm0=0x0000a8dc0000a8dc0000611b0000611b xmm1=0x00002722000027220000cacf0000cacf 
  xmm2=0x00009752000097520000563c0000563c xmm3=0x00009ebd00009ebd0000d95f0000d95f 
  xmm4=0x0000d5280000d5280000fce40000fce4 xmm5=0x0000bccd0000bccd0000a0840000a084 
  xmm6=0x0000b2f80000b2f800003d6e00003d6e xmm7=0x0000cea40000cea400006e2e00006e2e 

0x83: cmovnz di, [r14 +rcx]
  rax=0xffffeb3efffff351 rbx=0x0000000000000001 rcx=0x0000000000000901 rdx=0x0000000000000000
  rsi=0x0000000000000000 rdi=0x0000000000000099 flags=0b010000000010
  xmm0=0x0000a8dc0000a8dc0000611b0000611b xmm1=0x00002722000027220000cacf0000cacf 
  xmm2=0x00009752000097520000563c0000563c xmm3=0x00009ebd00009ebd0000d95f0000d95f 
  xmm4=0x0000d5280000d5280000fce40000fce4 xmm5=0x0000bccd0000bccd0000a0840000a084 
  xmm6=0x0000b2f80000b2f800003d6e00003d6e xmm7=0x0000cea40000cea400006e2e00006e2e 

    > load from +0x901 value 0x7e
0x89: or di, 124
  rax=0xffffeb3efffff351 rbx=0x0000000000000001 rcx=0x0000000000000901 rdx=0x0000000000000000
  rsi=0x0000000000000000 rdi=0x000000000000007e flags=0b010000000010
  xmm0=0x0000a8dc0000a8dc0000611b0000611b xmm1=0x00002722000027220000cacf0000cacf 
  xmm2=0x00009752000097520000563c0000563c xmm3=0x00009ebd00009ebd0000d95f0000d95f 
  xmm4=0x0000d5280000d5280000fce40000fce4 xmm5=0x0000bccd0000bccd0000a0840000a084 
  xmm6=0x0000b2f80000b2f800003d6e00003d6e xmm7=0x0000cea40000cea400006e2e00006e2e 

0x8d: sbb cl, -83
  rax=0xffffeb3efffff351 rbx=0x0000000000000001 rcx=0x0000000000000901 rdx=0x0000000000000000
  rsi=0x0000000000000000 rdi=0x000000000000007e flags=0b010000000110
  xmm0=0x0000a8dc0000a8dc0000611b0000611b xmm1=0x00002722000027220000cacf0000cacf 
  xmm2=0x00009752000097520000563c0000563c xmm3=0x00009ebd00009ebd0000d95f0000d95f 
  xmm4=0x0000d5280000d5280000fce40000fce4 xmm5=0x0000bccd0000bccd0000a0840000a084 
  xmm6=0x0000b2f80000b2f800003d6e00003d6e xmm7=0x0000cea40000cea400006e2e00006e2e 

0x90: and rax, 0b1111111111111
  rax=0xffffeb3efffff351 rbx=0x0000000000000001 rcx=0x0000000000000954 rdx=0x0000000000000000
  rsi=0x0000000000000000 rdi=0x000000000000007e flags=0b010000010011
  xmm0=0x0000a8dc0000a8dc0000611b0000611b xmm1=0x00002722000027220000cacf0000cacf 
  xmm2=0x00009752000097520000563c0000563c xmm3=0x00009ebd00009ebd0000d95f0000d95f 
  xmm4=0x0000d5280000d5280000fce40000fce4 xmm5=0x0000bccd0000bccd0000a0840000a084 
  xmm6=0x0000b2f80000b2f800003d6e00003d6e xmm7=0x0000cea40000cea400006e2e00006e2e 

0x96: sbb si, [r14 +rax]
  rax=0x0000000000001351 rbx=0x0000000000000001 rcx=0x0000000000000954 rdx=0x0000000000000000
  rsi=0x0000000000000000 rdi=0x000000000000007e flags=0b010000000010
  xmm0=0x0000a8dc0000a8dc0000611b0000611b xmm1=0x00002722000027220000cacf0000cacf 
  xmm2=0x00009752000097520000563c0000563c xmm3=0x00009ebd00009ebd0000d95f0000d95f 
  xmm4=0x0000d5280000d5280000fce40000fce4 xmm5=0x0000bccd0000bccd0000a0840000a084 
  xmm6=0x0000b2f80000b2f800003d6e00003d6e xmm7=0x0000cea40000cea400006e2e00006e2e 

    > load from +0x1351 value 0x94
0x9b: and eax, -223234251
  rax=0x0000000000001351 rbx=0x0000000000000001 rcx=0x0000000000000954 rdx=0x0000000000000000
  rsi=0x000000000000ff6c rdi=0x000000000000007e flags=0b010010010111
  xmm0=0x0000a8dc0000a8dc0000611b0000611b xmm1=0x00002722000027220000cacf0000cacf 
  xmm2=0x00009752000097520000563c0000563c xmm3=0x00009ebd00009ebd0000d95f0000d95f 
  xmm4=0x0000d5280000d5280000fce40000fce4 xmm5=0x0000bccd0000bccd0000a0840000a084 
  xmm6=0x0000b2f80000b2f800003d6e00003d6e xmm7=0x0000cea40000cea400006e2e00006e2e 

0xa0: and rdx, 0b1111111111111
  rax=0x0000000000001311 rbx=0x0000000000000001 rcx=0x0000000000000954 rdx=0x0000000000000000
  rsi=0x000000000000ff6c rdi=0x000000000000007e flags=0b010000000110
  xmm0=0x0000a8dc0000a8dc0000611b0000611b xmm1=0x00002722000027220000cacf0000cacf 
  xmm2=0x00009752000097520000563c0000563c xmm3=0x00009ebd00009ebd0000d95f0000d95f 
  xmm4=0x0000d5280000d5280000fce40000fce4 xmm5=0x0000bccd0000bccd0000a0840000a084 
  xmm6=0x0000b2f80000b2f800003d6e00003d6e xmm7=0x0000cea40000cea400006e2e00006e2e 

0xa7: cmovle ax, [r14 +rdx]
  rax=0x0000000000001311 rbx=0x0000000000000001 rcx=0x0000000000000954 rdx=0x0000000000000000
  rsi=0x000000000000ff6c rdi=0x000000000000007e flags=0b010001000110
  xmm0=0x0000a8dc0000a8dc0000611b0000611b xmm1=0x00002722000027220000cacf0000cacf 
  xmm2=0x00009752000097520000563c0000563c xmm3=0x00009ebd00009ebd0000d95f0000d95f 
  xmm4=0x0000d5280000d5280000fce40000fce4 xmm5=0x0000bccd0000bccd0000a0840000a084 
  xmm6=0x0000b2f80000b2f800003d6e00003d6e xmm7=0x0000cea40000cea400006e2e00006e2e 

    > load from +0x0 value 0x14c8
0xad: cmovnle rbx, rax
  rax=0x00000000000014c8 rbx=0x0000000000000001 rcx=0x0000000000000954 rdx=0x0000000000000000
  rsi=0x000000000000ff6c rdi=0x000000000000007e flags=0b010001000110
  xmm0=0x0000a8dc0000a8dc0000611b0000611b xmm1=0x00002722000027220000cacf0000cacf 
  xmm2=0x00009752000097520000563c0000563c xmm3=0x00009ebd00009ebd0000d95f0000d95f 
  xmm4=0x0000d5280000d5280000fce40000fce4 xmm5=0x0000bccd0000bccd0000a0840000a084 
  xmm6=0x0000b2f80000b2f800003d6e00003d6e xmm7=0x0000cea40000cea400006e2e00006e2e 

0xb1: cmp rcx, rcx
  rax=0x00000000000014c8 rbx=0x0000000000000001 rcx=0x0000000000000954 rdx=0x0000000000000000
  rsi=0x000000000000ff6c rdi=0x000000000000007e flags=0b010001000110
  xmm0=0x0000a8dc0000a8dc0000611b0000611b xmm1=0x00002722000027220000cacf0000cacf 
  xmm2=0x00009752000097520000563c0000563c xmm3=0x00009ebd00009ebd0000d95f0000d95f 
  xmm4=0x0000d5280000d5280000fce40000fce4 xmm5=0x0000bccd0000bccd0000a0840000a084 
  xmm6=0x0000b2f80000b2f800003d6e00003d6e xmm7=0x0000cea40000cea400006e2e00006e2e 

0xb4: and rcx, 0b1111111111111
  rax=0x00000000000014c8 rbx=0x0000000000000001 rcx=0x0000000000000954 rdx=0x0000000000000000
  rsi=0x000000000000ff6c rdi=0x000000000000007e flags=0b010001000110
  xmm0=0x0000a8dc0000a8dc0000611b0000611b xmm1=0x00002722000027220000cacf0000cacf 
  xmm2=0x00009752000097520000563c0000563c xmm3=0x00009ebd00009ebd0000d95f0000d95f 
  xmm4=0x0000d5280000d5280000fce40000fce4 xmm5=0x0000bccd0000bccd0000a0840000a084 
  xmm6=0x0000b2f80000b2f800003d6e00003d6e xmm7=0x0000cea40000cea400006e2e00006e2e 

0xbb: movsxd rdi, [r14 +rcx]
  rax=0x00000000000014c8 rbx=0x0000000000000001 rcx=0x0000000000000954 rdx=0x0000000000000000
  rsi=0x000000000000ff6c rdi=0x000000000000007e flags=0b010000000010
  xmm0=0x0000a8dc0000a8dc0000611b0000611b xmm1=0x00002722000027220000cacf0000cacf 
  xmm2=0x00009752000097520000563c0000563c xmm3=0x00009ebd00009ebd0000d95f0000d95f 
  xmm4=0x0000d5280000d5280000fce40000fce4 xmm5=0x0000bccd0000bccd0000a0840000a084 
  xmm6=0x0000b2f80000b2f800003d6e00003d6e xmm7=0x0000cea40000cea400006e2e00006e2e 

    > load from +0x954 value 0x1e15
0xbf: and rsi, 0b1111111111111
  rax=0x00000000000014c8 rbx=0x0000000000000001 rcx=0x0000000000000954 rdx=0x0000000000000000
  rsi=0x000000000000ff6c rdi=0x0000000000001e15 flags=0b010000000010
  xmm0=0x0000a8dc0000a8dc0000611b0000611b xmm1=0x00002722000027220000cacf0000cacf 
  xmm2=0x00009752000097520000563c0000563c xmm3=0x00009ebd00009ebd0000d95f0000d95f 
  xmm4=0x0000d5280000d5280000fce40000fce4 xmm5=0x0000bccd0000bccd0000a0840000a084 
  xmm6=0x0000b2f80000b2f800003d6e00003d6e xmm7=0x0000cea40000cea400006e2e00006e2e 

0xc6: cmovbe ax, [r14 +rsi]
  rax=0x00000000000014c8 rbx=0x0000000000000001 rcx=0x0000000000000954 rdx=0x0000000000000000
  rsi=0x0000000000001f6c rdi=0x0000000000001e15 flags=0b010000000110
  xmm0=0x0000a8dc0000a8dc0000611b0000611b xmm1=0x00002722000027220000cacf0000cacf 
  xmm2=0x00009752000097520000563c0000563c xmm3=0x00009ebd00009ebd0000d95f0000d95f 
  xmm4=0x0000d5280000d5280000fce40000fce4 xmm5=0x0000bccd0000bccd0000a0840000a084 
  xmm6=0x0000b2f80000b2f800003d6e00003d6e xmm7=0x0000cea40000cea400006e2e00006e2e 

    > load from +0x1f6c value 0x9f2c
0xcc: cwd 
  rax=0x00000000000014c8 rbx=0x0000000000000001 rcx=0x0000000000000954 rdx=0x0000000000000000
  rsi=0x0000000000001f6c rdi=0x0000000000001e15 flags=0b010000000110
  xmm0=0x0000a8dc0000a8dc0000611b0000611b xmm1=0x00002722000027220000cacf0000cacf 
  xmm2=0x00009752000097520000563c0000563c xmm3=0x00009ebd00009ebd0000d95f0000d95f 
  xmm4=0x0000d5280000d5280000fce40000fce4 xmm5=0x0000bccd0000bccd0000a0840000a084 
  xmm6=0x0000b2f80000b2f800003d6e00003d6e xmm7=0x0000cea40000cea400006e2e00006e2e 

0xce: and rdi, 0b1111111111111
  rax=0x00000000000014c8 rbx=0x0000000000000001 rcx=0x0000000000000954 rdx=0x0000000000000000
  rsi=0x0000000000001f6c rdi=0x0000000000001e15 flags=0b010000000110
  xmm0=0x0000a8dc0000a8dc0000611b0000611b xmm1=0x00002722000027220000cacf0000cacf 
  xmm2=0x00009752000097520000563c0000563c xmm3=0x00009ebd00009ebd0000d95f0000d95f 
  xmm4=0x0000d5280000d5280000fce40000fce4 xmm5=0x0000bccd0000bccd0000a0840000a084 
  xmm6=0x0000b2f80000b2f800003d6e00003d6e xmm7=0x0000cea40000cea400006e2e00006e2e 

0xd5: cmp [r14 +rdi], bl
  rax=0x00000000000014c8 rbx=0x0000000000000001 rcx=0x0000000000000954 rdx=0x0000000000000000
  rsi=0x0000000000001f6c rdi=0x0000000000001e15 flags=0b010000000010
  xmm0=0x0000a8dc0000a8dc0000611b0000611b xmm1=0x00002722000027220000cacf0000cacf 
  xmm2=0x00009752000097520000563c0000563c xmm3=0x00009ebd00009ebd0000d95f0000d95f 
  xmm4=0x0000d5280000d5280000fce40000fce4 xmm5=0x0000bccd0000bccd0000a0840000a084 
  xmm6=0x0000b2f80000b2f800003d6e00003d6e xmm7=0x0000cea40000cea400006e2e00006e2e 

    > load from +0x1e15 value 0xe2
0xd9: and rbx, 0b1111111111111
  rax=0x00000000000014c8 rbx=0x0000000000000001 rcx=0x0000000000000954 rdx=0x0000000000000000
  rsi=0x0000000000001f6c rdi=0x0000000000001e15 flags=0b010010000110
  xmm0=0x0000a8dc0000a8dc0000611b0000611b xmm1=0x00002722000027220000cacf0000cacf 
  xmm2=0x00009752000097520000563c0000563c xmm3=0x00009ebd00009ebd0000d95f0000d95f 
  xmm4=0x0000d5280000d5280000fce40000fce4 xmm5=0x0000bccd0000bccd0000a0840000a084 
  xmm6=0x0000b2f80000b2f800003d6e00003d6e xmm7=0x0000cea40000cea400006e2e00006e2e 

0xe0: cmovnb ebx, [r14 +rbx]
  rax=0x00000000000014c8 rbx=0x0000000000000001 rcx=0x0000000000000954 rdx=0x0000000000000000
  rsi=0x0000000000001f6c rdi=0x0000000000001e15 flags=0b010000000010
  xmm0=0x0000a8dc0000a8dc0000611b0000611b xmm1=0x00002722000027220000cacf0000cacf 
  xmm2=0x00009752000097520000563c0000563c xmm3=0x00009ebd00009ebd0000d95f0000d95f 
  xmm4=0x0000d5280000d5280000fce40000fce4 xmm5=0x0000bccd0000bccd0000a0840000a084 
  xmm6=0x0000b2f80000b2f800003d6e00003d6e xmm7=0x0000cea40000cea400006e2e00006e2e 

    > load from +0x1 value 0xc1000014
0xe5: bts eax, 46
  rax=0x00000000000014c8 rbx=0x00000000c1000014 rcx=0x0000000000000954 rdx=0x0000000000000000
  rsi=0x0000000000001f6c rdi=0x0000000000001e15 flags=0b010000000010
  xmm0=0x0000a8dc0000a8dc0000611b0000611b xmm1=0x00002722000027220000cacf0000cacf 
  xmm2=0x00009752000097520000563c0000563c xmm3=0x00009ebd00009ebd0000d95f0000d95f 
  xmm4=0x0000d5280000d5280000fce40000fce4 xmm5=0x0000bccd0000bccd0000a0840000a084 
  xmm6=0x0000b2f80000b2f800003d6e00003d6e xmm7=0x0000cea40000cea400006e2e00006e2e 

0xe9: add dil, 16
  rax=0x00000000000054c8 rbx=0x00000000c1000014 rcx=0x0000000000000954 rdx=0x0000000000000000
  rsi=0x0000000000001f6c rdi=0x0000000000001e15 flags=0b010000000010
  xmm0=0x0000a8dc0000a8dc0000611b0000611b xmm1=0x00002722000027220000cacf0000cacf 
  xmm2=0x00009752000097520000563c0000563c xmm3=0x00009ebd00009ebd0000d95f0000d95f 
  xmm4=0x0000d5280000d5280000fce40000fce4 xmm5=0x0000bccd0000bccd0000a0840000a084 
  xmm6=0x0000b2f80000b2f800003d6e00003d6e xmm7=0x0000cea40000cea400006e2e00006e2e 

0xed: cmovs rax, rdx
  rax=0x00000000000054c8 rbx=0x00000000c1000014 rcx=0x0000000000000954 rdx=0x0000000000000000
  rsi=0x0000000000001f6c rdi=0x0000000000001e25 flags=0b010000000010
  xmm0=0x0000a8dc0000a8dc0000611b0000611b xmm1=0x00002722000027220000cacf0000cacf 
  xmm2=0x00009752000097520000563c0000563c xmm3=0x00009ebd00009ebd0000d95f0000d95f 
  xmm4=0x0000d5280000d5280000fce40000fce4 xmm5=0x0000bccd0000bccd0000a0840000a084 
  xmm6=0x0000b2f80000b2f800003d6e00003d6e xmm7=0x0000cea40000cea400006e2e00006e2e 

0xf1: and rdi, 0b1111111111111
  rax=0x00000000000054c8 rbx=0x00000000c1000014 rcx=0x0000000000000954 rdx=0x0000000000000000
  rsi=0x0000000000001f6c rdi=0x0000000000001e25 flags=0b010000000010
  xmm0=0x0000a8dc0000a8dc0000611b0000611b xmm1=0x00002722000027220000cacf0000cacf 
  xmm2=0x00009752000097520000563c0000563c xmm3=0x00009ebd00009ebd0000d95f0000d95f 
  xmm4=0x0000d5280000d5280000fce40000fce4 xmm5=0x0000bccd0000bccd0000a0840000a084 
  xmm6=0x0000b2f80000b2f800003d6e00003d6e xmm7=0x0000cea40000cea400006e2e00006e2e 

0xf8: bt [r14 +rdi], 135
  rax=0x00000000000054c8 rbx=0x00000000c1000014 rcx=0x0000000000000954 rdx=0x0000000000000000
  rsi=0x0000000000001f6c rdi=0x0000000000001e25 flags=0b010000000010
  xmm0=0x0000a8dc0000a8dc0000611b0000611b xmm1=0x00002722000027220000cacf0000cacf 
  xmm2=0x00009752000097520000563c0000563c xmm3=0x00009ebd00009ebd0000d95f0000d95f 
  xmm4=0x0000d5280000d5280000fce40000fce4 xmm5=0x0000bccd0000bccd0000a0840000a084 
  xmm6=0x0000b2f80000b2f800003d6e00003d6e xmm7=0x0000cea40000cea400006e2e00006e2e 

    > load from +0x1e25 value 0x430000e643000068
0xfe: mul bl
  rax=0x00000000000054c8 rbx=0x00000000c1000014 rcx=0x0000000000000954 rdx=0x0000000000000000
  rsi=0x0000000000001f6c rdi=0x0000000000001e25 flags=0b010000000010
  xmm0=0x0000a8dc0000a8dc0000611b0000611b xmm1=0x00002722000027220000cacf0000cacf 
  xmm2=0x00009752000097520000563c0000563c xmm3=0x00009ebd00009ebd0000d95f0000d95f 
  xmm4=0x0000d5280000d5280000fce40000fce4 xmm5=0x0000bccd0000bccd0000a0840000a084 
  xmm6=0x0000b2f80000b2f800003d6e00003d6e xmm7=0x0000cea40000cea400006e2e00006e2e 

0x100: and rbx, 0b1111111111111
  rax=0x0000000000000fa0 rbx=0x00000000c1000014 rcx=0x0000000000000954 rdx=0x0000000000000000
  rsi=0x0000000000001f6c rdi=0x0000000000001e25 flags=0b110010000111
  xmm0=0x0000a8dc0000a8dc0000611b0000611b xmm1=0x00002722000027220000cacf0000cacf 
  xmm2=0x00009752000097520000563c0000563c xmm3=0x00009ebd00009ebd0000d95f0000d95f 
  xmm4=0x0000d5280000d5280000fce40000fce4 xmm5=0x0000bccd0000bccd0000a0840000a084 
  xmm6=0x0000b2f80000b2f800003d6e00003d6e xmm7=0x0000cea40000cea400006e2e00006e2e 

0x107: cmp rdx, [r14 +rbx]
  rax=0x0000000000000fa0 rbx=0x0000000000000014 rcx=0x0000000000000954 rdx=0x0000000000000000
  rsi=0x0000000000001f6c rdi=0x0000000000001e25 flags=0b010000000110
  xmm0=0x0000a8dc0000a8dc0000611b0000611b xmm1=0x00002722000027220000cacf0000cacf 
  xmm2=0x00009752000097520000563c0000563c xmm3=0x00009ebd00009ebd0000d95f0000d95f 
  xmm4=0x0000d5280000d5280000fce40000fce4 xmm5=0x0000bccd0000bccd0000a0840000a084 
  xmm6=0x0000b2f80000b2f800003d6e00003d6e xmm7=0x0000cea40000cea400006e2e00006e2e 

    > load from +0x14 value 0xf9c10000ed48
0x10b: and rcx, 0b1111111111111
  rax=0x0000000000000fa0 rbx=0x0000000000000014 rcx=0x0000000000000954 rdx=0x0000000000000000
  rsi=0x0000000000001f6c rdi=0x0000000000001e25 flags=0b010010010111
  xmm0=0x0000a8dc0000a8dc0000611b0000611b xmm1=0x00002722000027220000cacf0000cacf 
  xmm2=0x00009752000097520000563c0000563c xmm3=0x00009ebd00009ebd0000d95f0000d95f 
  xmm4=0x0000d5280000d5280000fce40000fce4 xmm5=0x0000bccd0000bccd0000a0840000a084 
  xmm6=0x0000b2f80000b2f800003d6e00003d6e xmm7=0x0000cea40000cea400006e2e00006e2e 

0x112: cmovno esi, [r14 +rcx]
  rax=0x0000000000000fa0 rbx=0x0000000000000014 rcx=0x0000000000000954 rdx=0x0000000000000000
  rsi=0x0000000000001f6c rdi=0x0000000000001e25 flags=0b010000000010
  xmm0=0x0000a8dc0000a8dc0000611b0000611b xmm1=0x00002722000027220000cacf0000cacf 
  xmm2=0x00009752000097520000563c0000563c xmm3=0x00009ebd00009ebd0000d95f0000d95f 
  xmm4=0x0000d5280000d5280000fce40000fce4 xmm5=0x0000bccd0000bccd0000a0840000a084 
  xmm6=0x0000b2f80000b2f800003d6e00003d6e xmm7=0x0000cea40000cea400006e2e00006e2e 

    > load from +0x954 value 0x1e15
0x117: and rbx, 0b1111111111111
  rax=0x0000000000000fa0 rbx=0x0000000000000014 rcx=0x0000000000000954 rdx=0x0000000000000000
  rsi=0x0000000000001e15 rdi=0x0000000000001e25 flags=0b010000000010
  xmm0=0x0000a8dc0000a8dc0000611b0000611b xmm1=0x00002722000027220000cacf0000cacf 
  xmm2=0x00009752000097520000563c0000563c xmm3=0x00009ebd00009ebd0000d95f0000d95f 
  xmm4=0x0000d5280000d5280000fce40000fce4 xmm5=0x0000bccd0000bccd0000a0840000a084 
  xmm6=0x0000b2f80000b2f800003d6e00003d6e xmm7=0x0000cea40000cea400006e2e00006e2e 

0x11e: or [r14 +rbx], 0b1000
  rax=0x0000000000000fa0 rbx=0x0000000000000014 rcx=0x0000000000000954 rdx=0x0000000000000000
  rsi=0x0000000000001e15 rdi=0x0000000000001e25 flags=0b010000000110
  xmm0=0x0000a8dc0000a8dc0000611b0000611b xmm1=0x00002722000027220000cacf0000cacf 
  xmm2=0x00009752000097520000563c0000563c xmm3=0x00009ebd00009ebd0000d95f0000d95f 
  xmm4=0x0000d5280000d5280000fce40000fce4 xmm5=0x0000bccd0000bccd0000a0840000a084 
  xmm6=0x0000b2f80000b2f800003d6e00003d6e xmm7=0x0000cea40000cea400006e2e00006e2e 

    > load from +0x14 value 0xed48
    > store to +0x14 value 0xed48
0x124: and [r14 +rbx], 0b11111000
  rax=0x0000000000000fa0 rbx=0x0000000000000014 rcx=0x0000000000000954 rdx=0x0000000000000000
  rsi=0x0000000000001e15 rdi=0x0000000000001e25 flags=0b010010000110
  xmm0=0x0000a8dc0000a8dc0000611b0000611b xmm1=0x00002722000027220000cacf0000cacf 
  xmm2=0x00009752000097520000563c0000563c xmm3=0x00009ebd00009ebd0000d95f0000d95f 
  xmm4=0x0000d5280000d5280000fce40000fce4 xmm5=0x0000bccd0000bccd0000a0840000a084 
  xmm6=0x0000b2f80000b2f800003d6e00003d6e xmm7=0x0000cea40000cea400006e2e00006e2e 

    > load from +0x14 value 0x48
    > store to +0x14 value 0x48
0x129: and dx, 0b11
  rax=0x0000000000000fa0 rbx=0x0000000000000014 rcx=0x0000000000000954 rdx=0x0000000000000000
  rsi=0x0000000000001e15 rdi=0x0000000000001e25 flags=0b010000000110
  xmm0=0x0000a8dc0000a8dc0000611b0000611b xmm1=0x00002722000027220000cacf0000cacf 
  xmm2=0x00009752000097520000563c0000563c xmm3=0x00009ebd00009ebd0000d95f0000d95f 
  xmm4=0x0000d5280000d5280000fce40000fce4 xmm5=0x0000bccd0000bccd0000a0840000a084 
  xmm6=0x0000b2f80000b2f800003d6e00003d6e xmm7=0x0000cea40000cea400006e2e00006e2e 

0x12d: idiv [r14 +rbx]
  rax=0x0000000000000fa0 rbx=0x0000000000000014 rcx=0x0000000000000954 rdx=0x0000000000000000
  rsi=0x0000000000001e15 rdi=0x0000000000001e25 flags=0b010001000110
  xmm0=0x0000a8dc0000a8dc0000611b0000611b xmm1=0x00002722000027220000cacf0000cacf 
  xmm2=0x00009752000097520000563c0000563c xmm3=0x00009ebd00009ebd0000d95f0000d95f 
  xmm4=0x0000d5280000d5280000fce40000fce4 xmm5=0x0000bccd0000bccd0000a0840000a084 
  xmm6=0x0000b2f80000b2f800003d6e00003d6e xmm7=0x0000cea40000cea400006e2e00006e2e 

    > load from +0x14 value 0xed48
0x132: cdqe 
  rax=0x0000000000000000 rbx=0x0000000000000014 rcx=0x0000000000000954 rdx=0x0000000000000fa0
  rsi=0x0000000000001e15 rdi=0x0000000000001e25 flags=0b010001000110
  xmm0=0x0000a8dc0000a8dc0000611b0000611b xmm1=0x00002722000027220000cacf0000cacf 
  xmm2=0x00009752000097520000563c0000563c xmm3=0x00009ebd00009ebd0000d95f0000d95f 
  xmm4=0x0000d5280000d5280000fce40000fce4 xmm5=0x0000bccd0000bccd0000a0840000a084 
  xmm6=0x0000b2f80000b2f800003d6e00003d6e xmm7=0x0000cea40000cea400006e2e00006e2e 

0x134: and rbx, 0b1111111111111
  rax=0x0000000000000000 rbx=0x0000000000000014 rcx=0x0000000000000954 rdx=0x0000000000000fa0
  rsi=0x0000000000001e15 rdi=0x0000000000001e25 flags=0b010001000110
  xmm0=0x0000a8dc0000a8dc0000611b0000611b xmm1=0x00002722000027220000cacf0000cacf 
  xmm2=0x00009752000097520000563c0000563c xmm3=0x00009ebd00009ebd0000d95f0000d95f 
  xmm4=0x0000d5280000d5280000fce40000fce4 xmm5=0x0000bccd0000bccd0000a0840000a084 
  xmm6=0x0000b2f80000b2f800003d6e00003d6e xmm7=0x0000cea40000cea400006e2e00006e2e 

0x13b: imul ebx, [r14 +rbx], -93
  rax=0x0000000000000000 rbx=0x0000000000000014 rcx=0x0000000000000954 rdx=0x0000000000000fa0
  rsi=0x0000000000001e15 rdi=0x0000000000001e25 flags=0b010000000110
  xmm0=0x0000a8dc0000a8dc0000611b0000611b xmm1=0x00002722000027220000cacf0000cacf 
  xmm2=0x00009752000097520000563c0000563c xmm3=0x00009ebd00009ebd0000d95f0000d95f 
  xmm4=0x0000d5280000d5280000fce40000fce4 xmm5=0x0000bccd0000bccd0000a0840000a084 
  xmm6=0x0000b2f80000b2f800003d6e00003d6e xmm7=0x0000cea40000cea400006e2e00006e2e 

    > load from +0x14 value 0xed48
0x140: add dil, -37
  rax=0x0000000000000000 rbx=0x00000000ffa9ccd8 rcx=0x0000000000000954 rdx=0x0000000000000fa0
  rsi=0x0000000000001e15 rdi=0x0000000000001e25 flags=0b010010000110
  xmm0=0x0000a8dc0000a8dc0000611b0000611b xmm1=0x00002722000027220000cacf0000cacf 
  xmm2=0x00009752000097520000563c0000563c xmm3=0x00009ebd00009ebd0000d95f0000d95f 
  xmm4=0x0000d5280000d5280000fce40000fce4 xmm5=0x0000bccd0000bccd0000a0840000a084 
  xmm6=0x0000b2f80000b2f800003d6e00003d6e xmm7=0x0000cea40000cea400006e2e00006e2e 

0x144: and rcx, 0b1111111111111
  rax=0x0000000000000000 rbx=0x00000000ffa9ccd8 rcx=0x0000000000000954 rdx=0x0000000000000fa0
  rsi=0x0000000000001e15 rdi=0x0000000000001e00 flags=0b010001010111
  xmm0=0x0000a8dc0000a8dc0000611b0000611b xmm1=0x00002722000027220000cacf0000cacf 
  xmm2=0x00009752000097520000563c0000563c xmm3=0x00009ebd00009ebd0000d95f0000d95f 
  xmm4=0x0000d5280000d5280000fce40000fce4 xmm5=0x0000bccd0000bccd0000a0840000a084 
  xmm6=0x0000b2f80000b2f800003d6e00003d6e xmm7=0x0000cea40000cea400006e2e00006e2e 

0x14b: cmovz rcx, [r14 +rcx]
  rax=0x0000000000000000 rbx=0x00000000ffa9ccd8 rcx=0x0000000000000954 rdx=0x0000000000000fa0
  rsi=0x0000000000001e15 rdi=0x0000000000001e00 flags=0b010000000010
  xmm0=0x0000a8dc0000a8dc0000611b0000611b xmm1=0x00002722000027220000cacf0000cacf 
  xmm2=0x00009752000097520000563c0000563c xmm3=0x00009ebd00009ebd0000d95f0000d95f 
  xmm4=0x0000d5280000d5280000fce40000fce4 xmm5=0x0000bccd0000bccd0000a0840000a084 
  xmm6=0x0000b2f80000b2f800003d6e00003d6e xmm7=0x0000cea40000cea400006e2e00006e2e 

    > load from +0x954 value 0xc98500001e15
0x150: sets cl
  rax=0x0000000000000000 rbx=0x00000000ffa9ccd8 rcx=0x0000000000000954 rdx=0x0000000000000fa0
  rsi=0x0000000000001e15 rdi=0x0000000000001e00 flags=0b010000000010
  xmm0=0x0000a8dc0000a8dc0000611b0000611b xmm1=0x00002722000027220000cacf0000cacf 
  xmm2=0x00009752000097520000563c0000563c xmm3=0x00009ebd00009ebd0000d95f0000d95f 
  xmm4=0x0000d5280000d5280000fce40000fce4 xmm5=0x0000bccd0000bccd0000a0840000a084 
  xmm6=0x0000b2f80000b2f800003d6e00003d6e xmm7=0x0000cea40000cea400006e2e00006e2e 

0x153: and rsi, 0b1111111111111
  rax=0x0000000000000000 rbx=0x00000000ffa9ccd8 rcx=0x0000000000000900 rdx=0x0000000000000fa0
  rsi=0x0000000000001e15 rdi=0x0000000000001e00 flags=0b010000000010
  xmm0=0x0000a8dc0000a8dc0000611b0000611b xmm1=0x00002722000027220000cacf0000cacf 
  xmm2=0x00009752000097520000563c0000563c xmm3=0x00009ebd00009ebd0000d95f0000d95f 
  xmm4=0x0000d5280000d5280000fce40000fce4 xmm5=0x0000bccd0000bccd0000a0840000a084 
  xmm6=0x0000b2f80000b2f800003d6e00003d6e xmm7=0x0000cea40000cea400006e2e00006e2e 

0x15a: cmovnb rsi, [r14 +rsi]
  rax=0x0000000000000000 rbx=0x00000000ffa9ccd8 rcx=0x0000000000000900 rdx=0x0000000000000fa0
  rsi=0x0000000000001e15 rdi=0x0000000000001e00 flags=0b010000000010
  xmm0=0x0000a8dc0000a8dc0000611b0000611b xmm1=0x00002722000027220000cacf0000cacf 
  xmm2=0x00009752000097520000563c0000563c xmm3=0x00009ebd00009ebd0000d95f0000d95f 
  xmm4=0x0000d5280000d5280000fce40000fce4 xmm5=0x0000bccd0000bccd0000a0840000a084 
  xmm6=0x0000b2f80000b2f800003d6e00003d6e xmm7=0x0000cea40000cea400006e2e00006e2e 

    > load from +0x1e15 value 0x170000a0170000e2
0x15f: and rbx, 0b1111111111111
  rax=0x0000000000000000 rbx=0x00000000ffa9ccd8 rcx=0x0000000000000900 rdx=0x0000000000000fa0
  rsi=0x170000a0170000e2 rdi=0x0000000000001e00 flags=0b010000000010
  xmm0=0x0000a8dc0000a8dc0000611b0000611b xmm1=0x00002722000027220000cacf0000cacf 
  xmm2=0x00009752000097520000563c0000563c xmm3=0x00009ebd00009ebd0000d95f0000d95f 
  xmm4=0x0000d5280000d5280000fce40000fce4 xmm5=0x0000bccd0000bccd0000a0840000a084 
  xmm6=0x0000b2f80000b2f800003d6e00003d6e xmm7=0x0000cea40000cea400006e2e00006e2e 

0x166: test [r14 +rbx], cl
  rax=0x0000000000000000 rbx=0x0000000000000cd8 rcx=0x0000000000000900 rdx=0x0000000000000fa0
  rsi=0x170000a0170000e2 rdi=0x0000000000001e00 flags=0b010000000110
  xmm0=0x0000a8dc0000a8dc0000611b0000611b xmm1=0x00002722000027220000cacf0000cacf 
  xmm2=0x00009752000097520000563c0000563c xmm3=0x00009ebd00009ebd0000d95f0000d95f 
  xmm4=0x0000d5280000d5280000fce40000fce4 xmm5=0x0000bccd0000bccd0000a0840000a084 
  xmm6=0x0000b2f80000b2f800003d6e00003d6e xmm7=0x0000cea40000cea400006e2e00006e2e 

    > load from +0xcd8 value 0x18
0x16a: test dl, 122
  rax=0x0000000000000000 rbx=0x0000000000000cd8 rcx=0x0000000000000900 rdx=0x0000000000000fa0
  rsi=0x170000a0170000e2 rdi=0x0000000000001e00 flags=0b010001000110
  xmm0=0x0000a8dc0000a8dc0000611b0000611b xmm1=0x00002722000027220000cacf0000cacf 
  xmm2=0x00009752000097520000563c0000563c xmm3=0x00009ebd00009ebd0000d95f0000d95f 
  xmm4=0x0000d5280000d5280000fce40000fce4 xmm5=0x0000bccd0000bccd0000a0840000a084 
  xmm6=0x0000b2f80000b2f800003d6e00003d6e xmm7=0x0000cea40000cea400006e2e00006e2e 

0x16d: cmovs di, cx
  rax=0x0000000000000000 rbx=0x0000000000000cd8 rcx=0x0000000000000900 rdx=0x0000000000000fa0
  rsi=0x170000a0170000e2 rdi=0x0000000000001e00 flags=0b010000000010
  xmm0=0x0000a8dc0000a8dc0000611b0000611b xmm1=0x00002722000027220000cacf0000cacf 
  xmm2=0x00009752000097520000563c0000563c xmm3=0x00009ebd00009ebd0000d95f0000d95f 
  xmm4=0x0000d5280000d5280000fce40000fce4 xmm5=0x0000bccd0000bccd0000a0840000a084 
  xmm6=0x0000b2f80000b2f800003d6e00003d6e xmm7=0x0000cea40000cea400006e2e00006e2e 

0x171: and rsi, 0b1111111111111
  rax=0x0000000000000000 rbx=0x0000000000000cd8 rcx=0x0000000000000900 rdx=0x0000000000000fa0
  rsi=0x170000a0170000e2 rdi=0x0000000000001e00 flags=0b010000000010
  xmm0=0x0000a8dc0000a8dc0000611b0000611b xmm1=0x00002722000027220000cacf0000cacf 
  xmm2=0x00009752000097520000563c0000563c xmm3=0x00009ebd00009ebd0000d95f0000d95f 
  xmm4=0x0000d5280000d5280000fce40000fce4 xmm5=0x0000bccd0000bccd0000a0840000a084 
  xmm6=0x0000b2f80000b2f800003d6e00003d6e xmm7=0x0000cea40000cea400006e2e00006e2e 

0x178: nop [r14 +rsi]
  rax=0x0000000000000000 rbx=0x0000000000000cd8 rcx=0x0000000000000900 rdx=0x0000000000000fa0
  rsi=0x00000000000000e2 rdi=0x0000000000001e00 flags=0b010000000110
  xmm0=0x0000a8dc0000a8dc0000611b0000611b xmm1=0x00002722000027220000cacf0000cacf 
  xmm2=0x00009752000097520000563c0000563c xmm3=0x00009ebd00009ebd0000d95f0000d95f 
  xmm4=0x0000d5280000d5280000fce40000fce4 xmm5=0x0000bccd0000bccd0000a0840000a084 
  xmm6=0x0000b2f80000b2f800003d6e00003d6e xmm7=0x0000cea40000cea400006e2e00006e2e 

0x17e: or rbx, rbx
  rax=0x0000000000000000 rbx=0x0000000000000cd8 rcx=0x0000000000000900 rdx=0x0000000000000fa0
  rsi=0x00000000000000e2 rdi=0x0000000000001e00 flags=0b010000000110
  xmm0=0x0000a8dc0000a8dc0000611b0000611b xmm1=0x00002722000027220000cacf0000cacf 
  xmm2=0x00009752000097520000563c0000563c xmm3=0x00009ebd00009ebd0000d95f0000d95f 
  xmm4=0x0000d5280000d5280000fce40000fce4 xmm5=0x0000bccd0000bccd0000a0840000a084 
  xmm6=0x0000b2f80000b2f800003d6e00003d6e xmm7=0x0000cea40000cea400006e2e00006e2e 

0x181: macro .switch, .actor2.function_actor2_1
  rax=0x0000000000000000 rbx=0x0000000000000cd8 rcx=0x0000000000000900 rdx=0x0000000000000fa0
  rsi=0x00000000000000e2 rdi=0x0000000000001e00 flags=0b010000000110
  xmm0=0x0000a8dc0000a8dc0000611b0000611b xmm1=0x00002722000027220000cacf0000cacf 
  xmm2=0x00009752000097520000563c0000563c xmm3=0x00009ebd00009ebd0000d95f0000d95f 
  xmm4=0x0000d5280000d5280000fce40000fce4 xmm5=0x0000bccd0000bccd0000a0840000a084 
  xmm6=0x0000b2f80000b2f800003d6e00003d6e xmm7=0x0000cea40000cea400006e2e00006e2e 

0x31be: pushfq 
  rax=0x0000000000000000 rbx=0x0000000000000cd8 rcx=0x0000000000000900 rdx=0x0000000000000fa0
  rsi=0x00000000000000e2 rdi=0x0000000000001e00 flags=0b010000000110
  xmm0=0x0000a8dc0000a8dc0000611b0000611b xmm1=0x00002722000027220000cacf0000cacf 
  xmm2=0x00009752000097520000563c0000563c xmm3=0x00009ebd00009ebd0000d95f0000d95f 
  xmm4=0x0000d5280000d5280000fce40000fce4 xmm5=0x0000bccd0000bccd0000a0840000a084 
  xmm6=0x0000b2f80000b2f800003d6e00003d6e xmm7=0x0000cea40000cea400006e2e00006e2e 

    > store to +0x4ff0 value 0x406
0x31bf: push rax
  rax=0x0000000000000000 rbx=0x0000000000000cd8 rcx=0x0000000000000900 rdx=0x0000000000000fa0
  rsi=0x00000000000000e2 rdi=0x0000000000001e00 flags=0b010000000110
  xmm0=0x0000a8dc0000a8dc0000611b0000611b xmm1=0x00002722000027220000cacf0000cacf 
  xmm2=0x00009752000097520000563c0000563c xmm3=0x00009ebd00009ebd0000d95f0000d95f 
  xmm4=0x0000d5280000d5280000fce40000fce4 xmm5=0x0000bccd0000bccd0000a0840000a084 
  xmm6=0x0000b2f80000b2f800003d6e00003d6e xmm7=0x0000cea40000cea400006e2e00006e2e 

    > store to +0x4fe8 value 0x0
0x31c0: push rcx
  rax=0x0000000000000000 rbx=0x0000000000000cd8 rcx=0x0000000000000900 rdx=0x0000000000000fa0
  rsi=0x00000000000000e2 rdi=0x0000000000001e00 flags=0b010000000110
  xmm0=0x0000a8dc0000a8dc0000611b0000611b xmm1=0x00002722000027220000cacf0000cacf 
  xmm2=0x00009752000097520000563c0000563c xmm3=0x00009ebd00009ebd0000d95f0000d95f 
  xmm4=0x0000d5280000d5280000fce40000fce4 xmm5=0x0000bccd0000bccd0000a0840000a084 
  xmm6=0x0000b2f80000b2f800003d6e00003d6e xmm7=0x0000cea40000cea400006e2e00006e2e 

    > store to +0x4fe0 value 0x900
0x31c1: push rdx
  rax=0x0000000000000000 rbx=0x0000000000000cd8 rcx=0x0000000000000900 rdx=0x0000000000000fa0
  rsi=0x00000000000000e2 rdi=0x0000000000001e00 flags=0b010000000110
  xmm0=0x0000a8dc0000a8dc0000611b0000611b xmm1=0x00002722000027220000cacf0000cacf 
  xmm2=0x00009752000097520000563c0000563c xmm3=0x00009ebd00009ebd0000d95f0000d95f 
  xmm4=0x0000d5280000d5280000fce40000fce4 xmm5=0x0000bccd0000bccd0000a0840000a084 
  xmm6=0x0000b2f80000b2f800003d6e00003d6e xmm7=0x0000cea40000cea400006e2e00006e2e 

    > store to +0x4fd8 value 0xfa0
0x31c2: mov ecx, 0x48
  rax=0x0000000000000000 rbx=0x0000000000000cd8 rcx=0x0000000000000900 rdx=0x0000000000000fa0
  rsi=0x00000000000000e2 rdi=0x0000000000001e00 flags=0b010000000110
  xmm0=0x0000a8dc0000a8dc0000611b0000611b xmm1=0x00002722000027220000cacf0000cacf 
  xmm2=0x00009752000097520000563c0000563c xmm3=0x00009ebd00009ebd0000d95f0000d95f 
  xmm4=0x0000d5280000d5280000fce40000fce4 xmm5=0x0000bccd0000bccd0000a0840000a084 
  xmm6=0x0000b2f80000b2f800003d6e00003d6e xmm7=0x0000cea40000cea400006e2e00006e2e 

0x31c7: rdmsr 
  rax=0x0000000000000000 rbx=0x0000000000000cd8 rcx=0x0000000000000048 rdx=0x0000000000000fa0
  rsi=0x00000000000000e2 rdi=0x0000000000001e00 flags=0b010000000110
  xmm0=0x0000a8dc0000a8dc0000611b0000611b xmm1=0x00002722000027220000cacf0000cacf 
  xmm2=0x00009752000097520000563c0000563c xmm3=0x00009ebd00009ebd0000d95f0000d95f 
  xmm4=0x0000d5280000d5280000fce40000fce4 xmm5=0x0000bccd0000bccd0000a0840000a084 
  xmm6=0x0000b2f80000b2f800003d6e00003d6e xmm7=0x0000cea40000cea400006e2e00006e2e 

0x31c9: and eax, 0xfffffffb
  rax=0x0000000000000000 rbx=0x0000000000000cd8 rcx=0x0000000000000048 rdx=0x0000000000000000
  rsi=0x00000000000000e2 rdi=0x0000000000001e00 flags=0b010000000110
  xmm0=0x0000a8dc0000a8dc0000611b0000611b xmm1=0x00002722000027220000cacf0000cacf 
  xmm2=0x00009752000097520000563c0000563c xmm3=0x00009ebd00009ebd0000d95f0000d95f 
  xmm4=0x0000d5280000d5280000fce40000fce4 xmm5=0x0000bccd0000bccd0000a0840000a084 
  xmm6=0x0000b2f80000b2f800003d6e00003d6e xmm7=0x0000cea40000cea400006e2e00006e2e 

0x31cc: or eax, 0x100
  rax=0x0000000000000000 rbx=0x0000000000000cd8 rcx=0x0000000000000048 rdx=0x0000000000000000
  rsi=0x00000000000000e2 rdi=0x0000000000001e00 flags=0b010001000110
  xmm0=0x0000a8dc0000a8dc0000611b0000611b xmm1=0x00002722000027220000cacf0000cacf 
  xmm2=0x00009752000097520000563c0000563c xmm3=0x00009ebd00009ebd0000d95f0000d95f 
  xmm4=0x0000d5280000d5280000fce40000fce4 xmm5=0x0000bccd0000bccd0000a0840000a084 
  xmm6=0x0000b2f80000b2f800003d6e00003d6e xmm7=0x0000cea40000cea400006e2e00006e2e 

0x31d1: wrmsr 
  rax=0x0000000000000100 rbx=0x0000000000000cd8 rcx=0x0000000000000048 rdx=0x0000000000000000
  rsi=0x00000000000000e2 rdi=0x0000000000001e00 flags=0b010000000110
  xmm0=0x0000a8dc0000a8dc0000611b0000611b xmm1=0x00002722000027220000cacf0000cacf 
  xmm2=0x00009752000097520000563c0000563c xmm3=0x00009ebd00009ebd0000d95f0000d95f 
  xmm4=0x0000d5280000d5280000fce40000fce4 xmm5=0x0000bccd0000bccd0000a0840000a084 
  xmm6=0x0000b2f80000b2f800003d6e00003d6e xmm7=0x0000cea40000cea400006e2e00006e2e 

0x31d3: mfence 
  rax=0x0000000000000100 rbx=0x0000000000000cd8 rcx=0x0000000000000048 rdx=0x0000000000000000
  rsi=0x00000000000000e2 rdi=0x0000000000001e00 flags=0b010000000110
  xmm0=0x0000a8dc0000a8dc0000611b0000611b xmm1=0x00002722000027220000cacf0000cacf 
  xmm2=0x00009752000097520000563c0000563c xmm3=0x00009ebd00009ebd0000d95f0000d95f 
  xmm4=0x0000d5280000d5280000fce40000fce4 xmm5=0x0000bccd0000bccd0000a0840000a084 
  xmm6=0x0000b2f80000b2f800003d6e00003d6e xmm7=0x0000cea40000cea400006e2e00006e2e 

0x31d6: lfence 
  rax=0x0000000000000100 rbx=0x0000000000000cd8 rcx=0x0000000000000048 rdx=0x0000000000000000
  rsi=0x00000000000000e2 rdi=0x0000000000001e00 flags=0b010000000110
  xmm0=0x0000a8dc0000a8dc0000611b0000611b xmm1=0x00002722000027220000cacf0000cacf 
  xmm2=0x00009752000097520000563c0000563c xmm3=0x00009ebd00009ebd0000d95f0000d95f 
  xmm4=0x0000d5280000d5280000fce40000fce4 xmm5=0x0000bccd0000bccd0000a0840000a084 
  xmm6=0x0000b2f80000b2f800003d6e00003d6e xmm7=0x0000cea40000cea400006e2e00006e2e 

0x31d9: macro .measurement_end, .noarg
  rax=0x0000000000000100 rbx=0x0000000000000cd8 rcx=0x0000000000000048 rdx=0x0000000000000000
  rsi=0x00000000000000e2 rdi=0x0000000000001e00 flags=0b010000000110
  xmm0=0x0000a8dc0000a8dc0000611b0000611b xmm1=0x00002722000027220000cacf0000cacf 
  xmm2=0x00009752000097520000563c0000563c xmm3=0x00009ebd00009ebd0000d95f0000d95f 
  xmm4=0x0000d5280000d5280000fce40000fce4 xmm5=0x0000bccd0000bccd0000a0840000a084 
  xmm6=0x0000b2f80000b2f800003d6e00003d6e xmm7=0x0000cea40000cea400006e2e00006e2e 

0x31e1: mov ecx, 0x48
  rax=0x0000000000000100 rbx=0x0000000000000cd8 rcx=0x0000000000000048 rdx=0x0000000000000000
  rsi=0x00000000000000e2 rdi=0x0000000000001e00 flags=0b010000000110
  xmm0=0x0000a8dc0000a8dc0000611b0000611b xmm1=0x00002722000027220000cacf0000cacf 
  xmm2=0x00009752000097520000563c0000563c xmm3=0x00009ebd00009ebd0000d95f0000d95f 
  xmm4=0x0000d5280000d5280000fce40000fce4 xmm5=0x0000bccd0000bccd0000a0840000a084 
  xmm6=0x0000b2f80000b2f800003d6e00003d6e xmm7=0x0000cea40000cea400006e2e00006e2e 

0x31e6: rdmsr 
  rax=0x0000000000000100 rbx=0x0000000000000cd8 rcx=0x0000000000000048 rdx=0x0000000000000000
  rsi=0x00000000000000e2 rdi=0x0000000000001e00 flags=0b010000000110
  xmm0=0x0000a8dc0000a8dc0000611b0000611b xmm1=0x00002722000027220000cacf0000cacf 
  xmm2=0x00009752000097520000563c0000563c xmm3=0x00009ebd00009ebd0000d95f0000d95f 
  xmm4=0x0000d5280000d5280000fce40000fce4 xmm5=0x0000bccd0000bccd0000a0840000a084 
  xmm6=0x0000b2f80000b2f800003d6e00003d6e xmm7=0x0000cea40000cea400006e2e00006e2e 

0x31e8: and eax, 0xfffffffb
  rax=0x0000000000000000 rbx=0x0000000000000cd8 rcx=0x0000000000000048 rdx=0x0000000000000000
  rsi=0x00000000000000e2 rdi=0x0000000000001e00 flags=0b010000000110
  xmm0=0x0000a8dc0000a8dc0000611b0000611b xmm1=0x00002722000027220000cacf0000cacf 
  xmm2=0x00009752000097520000563c0000563c xmm3=0x00009ebd00009ebd0000d95f0000d95f 
  xmm4=0x0000d5280000d5280000fce40000fce4 xmm5=0x0000bccd0000bccd0000a0840000a084 
  xmm6=0x0000b2f80000b2f800003d6e00003d6e xmm7=0x0000cea40000cea400006e2e00006e2e 

0x31eb: and eax, 0xfffffeff
  rax=0x0000000000000000 rbx=0x0000000000000cd8 rcx=0x0000000000000048 rdx=0x0000000000000000
  rsi=0x00000000000000e2 rdi=0x0000000000001e00 flags=0b010001000110
  xmm0=0x0000a8dc0000a8dc0000611b0000611b xmm1=0x00002722000027220000cacf0000cacf 
  xmm2=0x00009752000097520000563c0000563c xmm3=0x00009ebd00009ebd0000d95f0000d95f 
  xmm4=0x0000d5280000d5280000fce40000fce4 xmm5=0x0000bccd0000bccd0000a0840000a084 
  xmm6=0x0000b2f80000b2f800003d6e00003d6e xmm7=0x0000cea40000cea400006e2e00006e2e 

0x31f0: wrmsr 
  rax=0x0000000000000000 rbx=0x0000000000000cd8 rcx=0x0000000000000048 rdx=0x0000000000000000
  rsi=0x00000000000000e2 rdi=0x0000000000001e00 flags=0b010001000110
  xmm0=0x0000a8dc0000a8dc0000611b0000611b xmm1=0x00002722000027220000cacf0000cacf 
  xmm2=0x00009752000097520000563c0000563c xmm3=0x00009ebd00009ebd0000d95f0000d95f 
  xmm4=0x0000d5280000d5280000fce40000fce4 xmm5=0x0000bccd0000bccd0000a0840000a084 
  xmm6=0x0000b2f80000b2f800003d6e00003d6e xmm7=0x0000cea40000cea400006e2e00006e2e 

0x31f2: mfence 
  rax=0x0000000000000000 rbx=0x0000000000000cd8 rcx=0x0000000000000048 rdx=0x0000000000000000
  rsi=0x00000000000000e2 rdi=0x0000000000001e00 flags=0b010001000110
  xmm0=0x0000a8dc0000a8dc0000611b0000611b xmm1=0x00002722000027220000cacf0000cacf 
  xmm2=0x00009752000097520000563c0000563c xmm3=0x00009ebd00009ebd0000d95f0000d95f 
  xmm4=0x0000d5280000d5280000fce40000fce4 xmm5=0x0000bccd0000bccd0000a0840000a084 
  xmm6=0x0000b2f80000b2f800003d6e00003d6e xmm7=0x0000cea40000cea400006e2e00006e2e 

0x31f5: lfence 
  rax=0x0000000000000000 rbx=0x0000000000000cd8 rcx=0x0000000000000048 rdx=0x0000000000000000
  rsi=0x00000000000000e2 rdi=0x0000000000001e00 flags=0b010001000110
  xmm0=0x0000a8dc0000a8dc0000611b0000611b xmm1=0x00002722000027220000cacf0000cacf 
  xmm2=0x00009752000097520000563c0000563c xmm3=0x00009ebd00009ebd0000d95f0000d95f 
  xmm4=0x0000d5280000d5280000fce40000fce4 xmm5=0x0000bccd0000bccd0000a0840000a084 
  xmm6=0x0000b2f80000b2f800003d6e00003d6e xmm7=0x0000cea40000cea400006e2e00006e2e 

0x31f8: pop rdx
  rax=0x0000000000000000 rbx=0x0000000000000cd8 rcx=0x0000000000000048 rdx=0x0000000000000000
  rsi=0x00000000000000e2 rdi=0x0000000000001e00 flags=0b010001000110
  xmm0=0x0000a8dc0000a8dc0000611b0000611b xmm1=0x00002722000027220000cacf0000cacf 
  xmm2=0x00009752000097520000563c0000563c xmm3=0x00009ebd00009ebd0000d95f0000d95f 
  xmm4=0x0000d5280000d5280000fce40000fce4 xmm5=0x0000bccd0000bccd0000a0840000a084 
  xmm6=0x0000b2f80000b2f800003d6e00003d6e xmm7=0x0000cea40000cea400006e2e00006e2e 

    > load from +0x4fd8 value 0xfa0
0x31f9: pop rcx
  rax=0x0000000000000000 rbx=0x0000000000000cd8 rcx=0x0000000000000048 rdx=0x0000000000000fa0
  rsi=0x00000000000000e2 rdi=0x0000000000001e00 flags=0b010001000110
  xmm0=0x0000a8dc0000a8dc0000611b0000611b xmm1=0x00002722000027220000cacf0000cacf 
  xmm2=0x00009752000097520000563c0000563c xmm3=0x00009ebd00009ebd0000d95f0000d95f 
  xmm4=0x0000d5280000d5280000fce40000fce4 xmm5=0x0000bccd0000bccd0000a0840000a084 
  xmm6=0x0000b2f80000b2f800003d6e00003d6e xmm7=0x0000cea40000cea400006e2e00006e2e 

    > load from +0x4fe0 value 0x900
0x31fa: pop rax
  rax=0x0000000000000000 rbx=0x0000000000000cd8 rcx=0x0000000000000900 rdx=0x0000000000000fa0
  rsi=0x00000000000000e2 rdi=0x0000000000001e00 flags=0b010001000110
  xmm0=0x0000a8dc0000a8dc0000611b0000611b xmm1=0x00002722000027220000cacf0000cacf 
  xmm2=0x00009752000097520000563c0000563c xmm3=0x00009ebd00009ebd0000d95f0000d95f 
  xmm4=0x0000d5280000d5280000fce40000fce4 xmm5=0x0000bccd0000bccd0000a0840000a084 
  xmm6=0x0000b2f80000b2f800003d6e00003d6e xmm7=0x0000cea40000cea400006e2e00006e2e 

    > load from +0x4fe8 value 0x0
0x31fb: popfq 
  rax=0x0000000000000000 rbx=0x0000000000000cd8 rcx=0x0000000000000900 rdx=0x0000000000000fa0
  rsi=0x00000000000000e2 rdi=0x0000000000001e00 flags=0b010001000110
  xmm0=0x0000a8dc0000a8dc0000611b0000611b xmm1=0x00002722000027220000cacf0000cacf 
  xmm2=0x00009752000097520000563c0000563c xmm3=0x00009ebd00009ebd0000d95f0000d95f 
  xmm4=0x0000d5280000d5280000fce40000fce4 xmm5=0x0000bccd0000bccd0000a0840000a084 
  xmm6=0x0000b2f80000b2f800003d6e00003d6e xmm7=0x0000cea40000cea400006e2e00006e2e 

    > load from +0x4ff0 value 0x406
0x31fc: macro .switch, .main.function_main_2
  rax=0x0000000000000000 rbx=0x0000000000000cd8 rcx=0x0000000000000900 rdx=0x0000000000000fa0
  rsi=0x00000000000000e2 rdi=0x0000000000001e00 flags=0b010000000110
  xmm0=0x0000a8dc0000a8dc0000611b0000611b xmm1=0x00002722000027220000cacf0000cacf 
  xmm2=0x00009752000097520000563c0000563c xmm3=0x00009ebd00009ebd0000d95f0000d95f 
  xmm4=0x0000d5280000d5280000fce40000fce4 xmm5=0x0000bccd0000bccd0000a0840000a084 
  xmm6=0x0000b2f80000b2f800003d6e00003d6e xmm7=0x0000cea40000cea400006e2e00006e2e 

0x189: nop  [test_case_exit]
  rax=0x0000000000000000 rbx=0x0000000000000cd8 rcx=0x0000000000000900 rdx=0x0000000000000fa0
  rsi=0x00000000000000e2 rdi=0x0000000000001e00 flags=0b010000000110
  xmm0=0x0000a8dc0000a8dc0000611b0000611b xmm1=0x00002722000027220000cacf0000cacf 
  xmm2=0x00009752000097520000563c0000563c xmm3=0x00009ebd00009ebd0000d95f0000d95f 
  xmm4=0x0000d5280000d5280000fce40000fce4 xmm5=0x0000bccd0000bccd0000a0840000a084 
  xmm6=0x0000b2f80000b2f800003d6e00003d6e xmm7=0x0000cea40000cea400006e2e00006e2e 





================================ Statistics ===================================

Test Cases: 1
Inputs per test case: 100.0
Violations: 1
Effectiveness: 
  Total Cls: 50.0
  Effective Cls: 50.0
Discarded Test Cases:
  Speculation Filter: 0
  Observation Filter: 0
  Fast Path: 0
  Max Nesting Check: 0
  Tainting Check: 0
  Early Priming Check: 0
  Large Sample Check: 0
  Priming Check: 0

Duration: 39.0
Finished at 10:59:41
