
INFO: [fuzzer] Starting at 11:05:03
> Entering slow path...> Priming  1              > Increase sample size to 40> Priming  1              > Increase sample size to 160> Priming  1              > Increase sample size to 320> Priming  1             

================================ Violations detected ==========================
Contract trace:
 15331325137171392156 (hash)
Hardware traces:
  Input group 1: [11]
  Input group 2: [61]
  ^^^^^..^..............^^....^.......^....^.......^...^^.......^^ [287    | 0     ]
  ^^^^^..^..............^^............^....^.......^...^^.......^^ [33     | 19    ]
  ^^^^^..^..............^^^...........^....^.......^...^^.......^^ [0      | 301   ]

================================ Violation Traces =============================
                      ##### Input 11 #####

                     ##### Input 0 #####
0x0 : macro .switch, .actor2.function_actor2_0
  rax=0x00002cc000002cc0 rbx=0x0000d0ad0000d0ad rcx=0x0000cd690000cd69 rdx=0x0000160500001605
  rsi=0x0000474e0000474e rdi=0x000025c0000025c0 flags=0b100001010011
  xmm0=0x00001c4500001c450000913f0000913f xmm1=0x00002de300002de30000dfa50000dfa5 
  xmm2=0x0000cd120000cd120000950f0000950f xmm3=0x00006de100006de1000017eb000017eb 
  xmm4=0x00008d0f00008d0f0000df9b0000df9b xmm5=0x000077f9000077f9000043d1000043d1 
  xmm6=0x0000dedd0000dedd0000e3360000e336 xmm7=0x00005ea200005ea200009e8000009e80 

0x3000: add sil, 7
  rax=0x00002cc000002cc0 rbx=0x0000d0ad0000d0ad rcx=0x0000cd690000cd69 rdx=0x0000160500001605
  rsi=0x0000474e0000474e rdi=0x000025c0000025c0 flags=0b100001010011
  xmm0=0x00001c4500001c450000913f0000913f xmm1=0x00002de300002de30000dfa50000dfa5 
  xmm2=0x0000cd120000cd120000950f0000950f xmm3=0x00006de100006de1000017eb000017eb 
  xmm4=0x00008d0f00008d0f0000df9b0000df9b xmm5=0x000077f9000077f9000043d1000043d1 
  xmm6=0x0000dedd0000dedd0000e3360000e336 xmm7=0x00005ea200005ea200009e8000009e80 

0x3004: pushfq 
  rax=0x00002cc000002cc0 rbx=0x0000d0ad0000d0ad rcx=0x0000cd690000cd69 rdx=0x0000160500001605
  rsi=0x0000474e00004755 rdi=0x000025c0000025c0 flags=0b000000010110
  xmm0=0x00001c4500001c450000913f0000913f xmm1=0x00002de300002de30000dfa50000dfa5 
  xmm2=0x0000cd120000cd120000950f0000950f xmm3=0x00006de100006de1000017eb000017eb 
  xmm4=0x00008d0f00008d0f0000df9b0000df9b xmm5=0x000077f9000077f9000043d1000043d1 
  xmm6=0x0000dedd0000dedd0000e3360000e336 xmm7=0x00005ea200005ea200009e8000009e80 

    > store to +0x4ff0 value 0x16
0x3005: push rax
  rax=0x00002cc000002cc0 rbx=0x0000d0ad0000d0ad rcx=0x0000cd690000cd69 rdx=0x0000160500001605
  rsi=0x0000474e00004755 rdi=0x000025c0000025c0 flags=0b000000010110
  xmm0=0x00001c4500001c450000913f0000913f xmm1=0x00002de300002de30000dfa50000dfa5 
  xmm2=0x0000cd120000cd120000950f0000950f xmm3=0x00006de100006de1000017eb000017eb 
  xmm4=0x00008d0f00008d0f0000df9b0000df9b xmm5=0x000077f9000077f9000043d1000043d1 
  xmm6=0x0000dedd0000dedd0000e3360000e336 xmm7=0x00005ea200005ea200009e8000009e80 

    > store to +0x4fe8 value 0x2cc000002cc0
0x3006: push rcx
  rax=0x00002cc000002cc0 rbx=0x0000d0ad0000d0ad rcx=0x0000cd690000cd69 rdx=0x0000160500001605
  rsi=0x0000474e00004755 rdi=0x000025c0000025c0 flags=0b000000010110
  xmm0=0x00001c4500001c450000913f0000913f xmm1=0x00002de300002de30000dfa50000dfa5 
  xmm2=0x0000cd120000cd120000950f0000950f xmm3=0x00006de100006de1000017eb000017eb 
  xmm4=0x00008d0f00008d0f0000df9b0000df9b xmm5=0x000077f9000077f9000043d1000043d1 
  xmm6=0x0000dedd0000dedd0000e3360000e336 xmm7=0x00005ea200005ea200009e8000009e80 

    > store to +0x4fe0 value 0xcd690000cd69
0x3007: push rdx
  rax=0x00002cc000002cc0 rbx=0x0000d0ad0000d0ad rcx=0x0000cd690000cd69 rdx=0x0000160500001605
  rsi=0x0000474e00004755 rdi=0x000025c0000025c0 flags=0b000000010110
  xmm0=0x00001c4500001c450000913f0000913f xmm1=0x00002de300002de30000dfa50000dfa5 
  xmm2=0x0000cd120000cd120000950f0000950f xmm3=0x00006de100006de1000017eb000017eb 
  xmm4=0x00008d0f00008d0f0000df9b0000df9b xmm5=0x000077f9000077f9000043d1000043d1 
  xmm6=0x0000dedd0000dedd0000e3360000e336 xmm7=0x00005ea200005ea200009e8000009e80 

    > store to +0x4fd8 value 0x160500001605
0x3008: mov ecx, 0x48
  rax=0x00002cc000002cc0 rbx=0x0000d0ad0000d0ad rcx=0x0000cd690000cd69 rdx=0x0000160500001605
  rsi=0x0000474e00004755 rdi=0x000025c0000025c0 flags=0b000000010110
  xmm0=0x00001c4500001c450000913f0000913f xmm1=0x00002de300002de30000dfa50000dfa5 
  xmm2=0x0000cd120000cd120000950f0000950f xmm3=0x00006de100006de1000017eb000017eb 
  xmm4=0x00008d0f00008d0f0000df9b0000df9b xmm5=0x000077f9000077f9000043d1000043d1 
  xmm6=0x0000dedd0000dedd0000e3360000e336 xmm7=0x00005ea200005ea200009e8000009e80 

0x300d: rdmsr 
  rax=0x00002cc000002cc0 rbx=0x0000d0ad0000d0ad rcx=0x0000000000000048 rdx=0x0000160500001605
  rsi=0x0000474e00004755 rdi=0x000025c0000025c0 flags=0b000000010110
  xmm0=0x00001c4500001c450000913f0000913f xmm1=0x00002de300002de30000dfa50000dfa5 
  xmm2=0x0000cd120000cd120000950f0000950f xmm3=0x00006de100006de1000017eb000017eb 
  xmm4=0x00008d0f00008d0f0000df9b0000df9b xmm5=0x000077f9000077f9000043d1000043d1 
  xmm6=0x0000dedd0000dedd0000e3360000e336 xmm7=0x00005ea200005ea200009e8000009e80 

0x300f: and eax, 0xfffffffb
  rax=0x0000000000000000 rbx=0x0000d0ad0000d0ad rcx=0x0000000000000048 rdx=0x0000000000000000
  rsi=0x0000474e00004755 rdi=0x000025c0000025c0 flags=0b000000010110
  xmm0=0x00001c4500001c450000913f0000913f xmm1=0x00002de300002de30000dfa50000dfa5 
  xmm2=0x0000cd120000cd120000950f0000950f xmm3=0x00006de100006de1000017eb000017eb 
  xmm4=0x00008d0f00008d0f0000df9b0000df9b xmm5=0x000077f9000077f9000043d1000043d1 
  xmm6=0x0000dedd0000dedd0000e3360000e336 xmm7=0x00005ea200005ea200009e8000009e80 

0x3012: or eax, 0x100
  rax=0x0000000000000000 rbx=0x0000d0ad0000d0ad rcx=0x0000000000000048 rdx=0x0000000000000000
  rsi=0x0000474e00004755 rdi=0x000025c0000025c0 flags=0b000001000110
  xmm0=0x00001c4500001c450000913f0000913f xmm1=0x00002de300002de30000dfa50000dfa5 
  xmm2=0x0000cd120000cd120000950f0000950f xmm3=0x00006de100006de1000017eb000017eb 
  xmm4=0x00008d0f00008d0f0000df9b0000df9b xmm5=0x000077f9000077f9000043d1000043d1 
  xmm6=0x0000dedd0000dedd0000e3360000e336 xmm7=0x00005ea200005ea200009e8000009e80 

0x3017: wrmsr 
  rax=0x0000000000000100 rbx=0x0000d0ad0000d0ad rcx=0x0000000000000048 rdx=0x0000000000000000
  rsi=0x0000474e00004755 rdi=0x000025c0000025c0 flags=0b000000000110
  xmm0=0x00001c4500001c450000913f0000913f xmm1=0x00002de300002de30000dfa50000dfa5 
  xmm2=0x0000cd120000cd120000950f0000950f xmm3=0x00006de100006de1000017eb000017eb 
  xmm4=0x00008d0f00008d0f0000df9b0000df9b xmm5=0x000077f9000077f9000043d1000043d1 
  xmm6=0x0000dedd0000dedd0000e3360000e336 xmm7=0x00005ea200005ea200009e8000009e80 

0x3019: mfence 
  rax=0x0000000000000100 rbx=0x0000d0ad0000d0ad rcx=0x0000000000000048 rdx=0x0000000000000000
  rsi=0x0000474e00004755 rdi=0x000025c0000025c0 flags=0b000000000110
  xmm0=0x00001c4500001c450000913f0000913f xmm1=0x00002de300002de30000dfa50000dfa5 
  xmm2=0x0000cd120000cd120000950f0000950f xmm3=0x00006de100006de1000017eb000017eb 
  xmm4=0x00008d0f00008d0f0000df9b0000df9b xmm5=0x000077f9000077f9000043d1000043d1 
  xmm6=0x0000dedd0000dedd0000e3360000e336 xmm7=0x00005ea200005ea200009e8000009e80 

0x301c: lfence 
  rax=0x0000000000000100 rbx=0x0000d0ad0000d0ad rcx=0x0000000000000048 rdx=0x0000000000000000
  rsi=0x0000474e00004755 rdi=0x000025c0000025c0 flags=0b000000000110
  xmm0=0x00001c4500001c450000913f0000913f xmm1=0x00002de300002de30000dfa50000dfa5 
  xmm2=0x0000cd120000cd120000950f0000950f xmm3=0x00006de100006de1000017eb000017eb 
  xmm4=0x00008d0f00008d0f0000df9b0000df9b xmm5=0x000077f9000077f9000043d1000043d1 
  xmm6=0x0000dedd0000dedd0000e3360000e336 xmm7=0x00005ea200005ea200009e8000009e80 

0x301f: macro .measurement_start, .noarg
  rax=0x0000000000000100 rbx=0x0000d0ad0000d0ad rcx=0x0000000000000048 rdx=0x0000000000000000
  rsi=0x0000474e00004755 rdi=0x000025c0000025c0 flags=0b000000000110
  xmm0=0x00001c4500001c450000913f0000913f xmm1=0x00002de300002de30000dfa50000dfa5 
  xmm2=0x0000cd120000cd120000950f0000950f xmm3=0x00006de100006de1000017eb000017eb 
  xmm4=0x00008d0f00008d0f0000df9b0000df9b xmm5=0x000077f9000077f9000043d1000043d1 
  xmm6=0x0000dedd0000dedd0000e3360000e336 xmm7=0x00005ea200005ea200009e8000009e80 

0x3027: mov ecx, 0x48
  rax=0x0000000000000100 rbx=0x0000d0ad0000d0ad rcx=0x0000000000000048 rdx=0x0000000000000000
  rsi=0x0000474e00004755 rdi=0x000025c0000025c0 flags=0b000000000110
  xmm0=0x00001c4500001c450000913f0000913f xmm1=0x00002de300002de30000dfa50000dfa5 
  xmm2=0x0000cd120000cd120000950f0000950f xmm3=0x00006de100006de1000017eb000017eb 
  xmm4=0x00008d0f00008d0f0000df9b0000df9b xmm5=0x000077f9000077f9000043d1000043d1 
  xmm6=0x0000dedd0000dedd0000e3360000e336 xmm7=0x00005ea200005ea200009e8000009e80 

0x302c: rdmsr 
  rax=0x0000000000000100 rbx=0x0000d0ad0000d0ad rcx=0x0000000000000048 rdx=0x0000000000000000
  rsi=0x0000474e00004755 rdi=0x000025c0000025c0 flags=0b000000000110
  xmm0=0x00001c4500001c450000913f0000913f xmm1=0x00002de300002de30000dfa50000dfa5 
  xmm2=0x0000cd120000cd120000950f0000950f xmm3=0x00006de100006de1000017eb000017eb 
  xmm4=0x00008d0f00008d0f0000df9b0000df9b xmm5=0x000077f9000077f9000043d1000043d1 
  xmm6=0x0000dedd0000dedd0000e3360000e336 xmm7=0x00005ea200005ea200009e8000009e80 

0x302e: and eax, 0xfffffffb
  rax=0x0000000000000000 rbx=0x0000d0ad0000d0ad rcx=0x0000000000000048 rdx=0x0000000000000000
  rsi=0x0000474e00004755 rdi=0x000025c0000025c0 flags=0b000000000110
  xmm0=0x00001c4500001c450000913f0000913f xmm1=0x00002de300002de30000dfa50000dfa5 
  xmm2=0x0000cd120000cd120000950f0000950f xmm3=0x00006de100006de1000017eb000017eb 
  xmm4=0x00008d0f00008d0f0000df9b0000df9b xmm5=0x000077f9000077f9000043d1000043d1 
  xmm6=0x0000dedd0000dedd0000e3360000e336 xmm7=0x00005ea200005ea200009e8000009e80 

0x3031: and eax, 0xfffffeff
  rax=0x0000000000000000 rbx=0x0000d0ad0000d0ad rcx=0x0000000000000048 rdx=0x0000000000000000
  rsi=0x0000474e00004755 rdi=0x000025c0000025c0 flags=0b000001000110
  xmm0=0x00001c4500001c450000913f0000913f xmm1=0x00002de300002de30000dfa50000dfa5 
  xmm2=0x0000cd120000cd120000950f0000950f xmm3=0x00006de100006de1000017eb000017eb 
  xmm4=0x00008d0f00008d0f0000df9b0000df9b xmm5=0x000077f9000077f9000043d1000043d1 
  xmm6=0x0000dedd0000dedd0000e3360000e336 xmm7=0x00005ea200005ea200009e8000009e80 

0x3036: wrmsr 
  rax=0x0000000000000000 rbx=0x0000d0ad0000d0ad rcx=0x0000000000000048 rdx=0x0000000000000000
  rsi=0x0000474e00004755 rdi=0x000025c0000025c0 flags=0b000001000110
  xmm0=0x00001c4500001c450000913f0000913f xmm1=0x00002de300002de30000dfa50000dfa5 
  xmm2=0x0000cd120000cd120000950f0000950f xmm3=0x00006de100006de1000017eb000017eb 
  xmm4=0x00008d0f00008d0f0000df9b0000df9b xmm5=0x000077f9000077f9000043d1000043d1 
  xmm6=0x0000dedd0000dedd0000e3360000e336 xmm7=0x00005ea200005ea200009e8000009e80 

0x3038: mfence 
  rax=0x0000000000000000 rbx=0x0000d0ad0000d0ad rcx=0x0000000000000048 rdx=0x0000000000000000
  rsi=0x0000474e00004755 rdi=0x000025c0000025c0 flags=0b000001000110
  xmm0=0x00001c4500001c450000913f0000913f xmm1=0x00002de300002de30000dfa50000dfa5 
  xmm2=0x0000cd120000cd120000950f0000950f xmm3=0x00006de100006de1000017eb000017eb 
  xmm4=0x00008d0f00008d0f0000df9b0000df9b xmm5=0x000077f9000077f9000043d1000043d1 
  xmm6=0x0000dedd0000dedd0000e3360000e336 xmm7=0x00005ea200005ea200009e8000009e80 

0x303b: lfence 
  rax=0x0000000000000000 rbx=0x0000d0ad0000d0ad rcx=0x0000000000000048 rdx=0x0000000000000000
  rsi=0x0000474e00004755 rdi=0x000025c0000025c0 flags=0b000001000110
  xmm0=0x00001c4500001c450000913f0000913f xmm1=0x00002de300002de30000dfa50000dfa5 
  xmm2=0x0000cd120000cd120000950f0000950f xmm3=0x00006de100006de1000017eb000017eb 
  xmm4=0x00008d0f00008d0f0000df9b0000df9b xmm5=0x000077f9000077f9000043d1000043d1 
  xmm6=0x0000dedd0000dedd0000e3360000e336 xmm7=0x00005ea200005ea200009e8000009e80 

0x303e: pop rdx
  rax=0x0000000000000000 rbx=0x0000d0ad0000d0ad rcx=0x0000000000000048 rdx=0x0000000000000000
  rsi=0x0000474e00004755 rdi=0x000025c0000025c0 flags=0b000001000110
  xmm0=0x00001c4500001c450000913f0000913f xmm1=0x00002de300002de30000dfa50000dfa5 
  xmm2=0x0000cd120000cd120000950f0000950f xmm3=0x00006de100006de1000017eb000017eb 
  xmm4=0x00008d0f00008d0f0000df9b0000df9b xmm5=0x000077f9000077f9000043d1000043d1 
  xmm6=0x0000dedd0000dedd0000e3360000e336 xmm7=0x00005ea200005ea200009e8000009e80 

    > load from +0x4fd8 value 0x160500001605
0x303f: pop rcx
  rax=0x0000000000000000 rbx=0x0000d0ad0000d0ad rcx=0x0000000000000048 rdx=0x0000160500001605
  rsi=0x0000474e00004755 rdi=0x000025c0000025c0 flags=0b000001000110
  xmm0=0x00001c4500001c450000913f0000913f xmm1=0x00002de300002de30000dfa50000dfa5 
  xmm2=0x0000cd120000cd120000950f0000950f xmm3=0x00006de100006de1000017eb000017eb 
  xmm4=0x00008d0f00008d0f0000df9b0000df9b xmm5=0x000077f9000077f9000043d1000043d1 
  xmm6=0x0000dedd0000dedd0000e3360000e336 xmm7=0x00005ea200005ea200009e8000009e80 

    > load from +0x4fe0 value 0xcd690000cd69
0x3040: pop rax
  rax=0x0000000000000000 rbx=0x0000d0ad0000d0ad rcx=0x0000cd690000cd69 rdx=0x0000160500001605
  rsi=0x0000474e00004755 rdi=0x000025c0000025c0 flags=0b000001000110
  xmm0=0x00001c4500001c450000913f0000913f xmm1=0x00002de300002de30000dfa50000dfa5 
  xmm2=0x0000cd120000cd120000950f0000950f xmm3=0x00006de100006de1000017eb000017eb 
  xmm4=0x00008d0f00008d0f0000df9b0000df9b xmm5=0x000077f9000077f9000043d1000043d1 
  xmm6=0x0000dedd0000dedd0000e3360000e336 xmm7=0x00005ea200005ea200009e8000009e80 

    > load from +0x4fe8 value 0x2cc000002cc0
0x3041: popfq 
  rax=0x00002cc000002cc0 rbx=0x0000d0ad0000d0ad rcx=0x0000cd690000cd69 rdx=0x0000160500001605
  rsi=0x0000474e00004755 rdi=0x000025c0000025c0 flags=0b000001000110
  xmm0=0x00001c4500001c450000913f0000913f xmm1=0x00002de300002de30000dfa50000dfa5 
  xmm2=0x0000cd120000cd120000950f0000950f xmm3=0x00006de100006de1000017eb000017eb 
  xmm4=0x00008d0f00008d0f0000df9b0000df9b xmm5=0x000077f9000077f9000043d1000043d1 
  xmm6=0x0000dedd0000dedd0000e3360000e336 xmm7=0x00005ea200005ea200009e8000009e80 

    > load from +0x4ff0 value 0x16
0x3042: and rdi, 0b1111111111111
  rax=0x00002cc000002cc0 rbx=0x0000d0ad0000d0ad rcx=0x0000cd690000cd69 rdx=0x0000160500001605
  rsi=0x0000474e00004755 rdi=0x000025c0000025c0 flags=0b000000010110
  xmm0=0x00001c4500001c450000913f0000913f xmm1=0x00002de300002de30000dfa50000dfa5 
  xmm2=0x0000cd120000cd120000950f0000950f xmm3=0x00006de100006de1000017eb000017eb 
  xmm4=0x00008d0f00008d0f0000df9b0000df9b xmm5=0x000077f9000077f9000043d1000043d1 
  xmm6=0x0000dedd0000dedd0000e3360000e336 xmm7=0x00005ea200005ea200009e8000009e80 

0x3049: cmovz bx, [r14 +rdi]
  rax=0x00002cc000002cc0 rbx=0x0000d0ad0000d0ad rcx=0x0000cd690000cd69 rdx=0x0000160500001605
  rsi=0x0000474e00004755 rdi=0x00000000000005c0 flags=0b000000000110
  xmm0=0x00001c4500001c450000913f0000913f xmm1=0x00002de300002de30000dfa50000dfa5 
  xmm2=0x0000cd120000cd120000950f0000950f xmm3=0x00006de100006de1000017eb000017eb 
  xmm4=0x00008d0f00008d0f0000df9b0000df9b xmm5=0x000077f9000077f9000043d1000043d1 
  xmm6=0x0000dedd0000dedd0000e3360000e336 xmm7=0x00005ea200005ea200009e8000009e80 

    > load from +0x45c0 value 0x460e
0x304f: and rbx, 0b1111111111111
  rax=0x00002cc000002cc0 rbx=0x0000d0ad0000d0ad rcx=0x0000cd690000cd69 rdx=0x0000160500001605
  rsi=0x0000474e00004755 rdi=0x00000000000005c0 flags=0b000000000110
  xmm0=0x00001c4500001c450000913f0000913f xmm1=0x00002de300002de30000dfa50000dfa5 
  xmm2=0x0000cd120000cd120000950f0000950f xmm3=0x00006de100006de1000017eb000017eb 
  xmm4=0x00008d0f00008d0f0000df9b0000df9b xmm5=0x000077f9000077f9000043d1000043d1 
  xmm6=0x0000dedd0000dedd0000e3360000e336 xmm7=0x00005ea200005ea200009e8000009e80 

0x3056: cmovns esi, [r14 +rbx]
  rax=0x00002cc000002cc0 rbx=0x00000000000010ad rcx=0x0000cd690000cd69 rdx=0x0000160500001605
  rsi=0x0000474e00004755 rdi=0x00000000000005c0 flags=0b000000000010
  xmm0=0x00001c4500001c450000913f0000913f xmm1=0x00002de300002de30000dfa50000dfa5 
  xmm2=0x0000cd120000cd120000950f0000950f xmm3=0x00006de100006de1000017eb000017eb 
  xmm4=0x00008d0f00008d0f0000df9b0000df9b xmm5=0x000077f9000077f9000043d1000043d1 
  xmm6=0x0000dedd0000dedd0000e3360000e336 xmm7=0x00005ea200005ea200009e8000009e80 

    > load from +0x50ad value 0xe5000006
0x305b: sets al
  rax=0x00002cc000002cc0 rbx=0x00000000000010ad rcx=0x0000cd690000cd69 rdx=0x0000160500001605
  rsi=0x00000000e5000006 rdi=0x00000000000005c0 flags=0b000000000010
  xmm0=0x00001c4500001c450000913f0000913f xmm1=0x00002de300002de30000dfa50000dfa5 
  xmm2=0x0000cd120000cd120000950f0000950f xmm3=0x00006de100006de1000017eb000017eb 
  xmm4=0x00008d0f00008d0f0000df9b0000df9b xmm5=0x000077f9000077f9000043d1000043d1 
  xmm6=0x0000dedd0000dedd0000e3360000e336 xmm7=0x00005ea200005ea200009e8000009e80 

0x305e: sbb al, bl
  rax=0x00002cc000002c00 rbx=0x00000000000010ad rcx=0x0000cd690000cd69 rdx=0x0000160500001605
  rsi=0x00000000e5000006 rdi=0x00000000000005c0 flags=0b000000000010
  xmm0=0x00001c4500001c450000913f0000913f xmm1=0x00002de300002de30000dfa50000dfa5 
  xmm2=0x0000cd120000cd120000950f0000950f xmm3=0x00006de100006de1000017eb000017eb 
  xmm4=0x00008d0f00008d0f0000df9b0000df9b xmm5=0x000077f9000077f9000043d1000043d1 
  xmm6=0x0000dedd0000dedd0000e3360000e336 xmm7=0x00005ea200005ea200009e8000009e80 

0x3060: or edi, 0b1000000000000000000000000000000
  rax=0x00002cc000002c53 rbx=0x00000000000010ad rcx=0x0000cd690000cd69 rdx=0x0000160500001605
  rsi=0x00000000e5000006 rdi=0x00000000000005c0 flags=0b000000010111
  xmm0=0x00001c4500001c450000913f0000913f xmm1=0x00002de300002de30000dfa50000dfa5 
  xmm2=0x0000cd120000cd120000950f0000950f xmm3=0x00006de100006de1000017eb000017eb 
  xmm4=0x00008d0f00008d0f0000df9b0000df9b xmm5=0x000077f9000077f9000043d1000043d1 
  xmm6=0x0000dedd0000dedd0000e3360000e336 xmm7=0x00005ea200005ea200009e8000009e80 

0x3066: bsr edx, edi
  rax=0x00002cc000002c53 rbx=0x00000000000010ad rcx=0x0000cd690000cd69 rdx=0x0000160500001605
  rsi=0x00000000e5000006 rdi=0x00000000400005c0 flags=0b000000000110
  xmm0=0x00001c4500001c450000913f0000913f xmm1=0x00002de300002de30000dfa50000dfa5 
  xmm2=0x0000cd120000cd120000950f0000950f xmm3=0x00006de100006de1000017eb000017eb 
  xmm4=0x00008d0f00008d0f0000df9b0000df9b xmm5=0x000077f9000077f9000043d1000043d1 
  xmm6=0x0000dedd0000dedd0000e3360000e336 xmm7=0x00005ea200005ea200009e8000009e80 

0x3069: and rdi, 0b1111111111111
  rax=0x00002cc000002c53 rbx=0x00000000000010ad rcx=0x0000cd690000cd69 rdx=0x000000000000001e
  rsi=0x00000000e5000006 rdi=0x00000000400005c0 flags=0b000000000110
  xmm0=0x00001c4500001c450000913f0000913f xmm1=0x00002de300002de30000dfa50000dfa5 
  xmm2=0x0000cd120000cd120000950f0000950f xmm3=0x00006de100006de1000017eb000017eb 
  xmm4=0x00008d0f00008d0f0000df9b0000df9b xmm5=0x000077f9000077f9000043d1000043d1 
  xmm6=0x0000dedd0000dedd0000e3360000e336 xmm7=0x00005ea200005ea200009e8000009e80 

0x3070: cmp [r14 +rdi], -73
  rax=0x00002cc000002c53 rbx=0x00000000000010ad rcx=0x0000cd690000cd69 rdx=0x000000000000001e
  rsi=0x00000000e5000006 rdi=0x00000000000005c0 flags=0b000000000110
  xmm0=0x00001c4500001c450000913f0000913f xmm1=0x00002de300002de30000dfa50000dfa5 
  xmm2=0x0000cd120000cd120000950f0000950f xmm3=0x00006de100006de1000017eb000017eb 
  xmm4=0x00008d0f00008d0f0000df9b0000df9b xmm5=0x000077f9000077f9000043d1000043d1 
  xmm6=0x0000dedd0000dedd0000e3360000e336 xmm7=0x00005ea200005ea200009e8000009e80 

    > load from +0x45c0 value 0x460e
0x3075: or rdi, 3
  rax=0x00002cc000002c53 rbx=0x00000000000010ad rcx=0x0000cd690000cd69 rdx=0x000000000000001e
  rsi=0x00000000e5000006 rdi=0x00000000000005c0 flags=0b000000000011
  xmm0=0x00001c4500001c450000913f0000913f xmm1=0x00002de300002de30000dfa50000dfa5 
  xmm2=0x0000cd120000cd120000950f0000950f xmm3=0x00006de100006de1000017eb000017eb 
  xmm4=0x00008d0f00008d0f0000df9b0000df9b xmm5=0x000077f9000077f9000043d1000043d1 
  xmm6=0x0000dedd0000dedd0000e3360000e336 xmm7=0x00005ea200005ea200009e8000009e80 

0x3079: bt edi, ecx
  rax=0x00002cc000002c53 rbx=0x00000000000010ad rcx=0x0000cd690000cd69 rdx=0x000000000000001e
  rsi=0x00000000e5000006 rdi=0x00000000000005c3 flags=0b000000000110
  xmm0=0x00001c4500001c450000913f0000913f xmm1=0x00002de300002de30000dfa50000dfa5 
  xmm2=0x0000cd120000cd120000950f0000950f xmm3=0x00006de100006de1000017eb000017eb 
  xmm4=0x00008d0f00008d0f0000df9b0000df9b xmm5=0x000077f9000077f9000043d1000043d1 
  xmm6=0x0000dedd0000dedd0000e3360000e336 xmm7=0x00005ea200005ea200009e8000009e80 

0x307c: and rax, 0b1111111111111
  rax=0x00002cc000002c53 rbx=0x00000000000010ad rcx=0x0000cd690000cd69 rdx=0x000000000000001e
  rsi=0x00000000e5000006 rdi=0x00000000000005c3 flags=0b000000000110
  xmm0=0x00001c4500001c450000913f0000913f xmm1=0x00002de300002de30000dfa50000dfa5 
  xmm2=0x0000cd120000cd120000950f0000950f xmm3=0x00006de100006de1000017eb000017eb 
  xmm4=0x00008d0f00008d0f0000df9b0000df9b xmm5=0x000077f9000077f9000043d1000043d1 
  xmm6=0x0000dedd0000dedd0000e3360000e336 xmm7=0x00005ea200005ea200009e8000009e80 

0x3082: or esi, [r14 +rax]
  rax=0x0000000000000c53 rbx=0x00000000000010ad rcx=0x0000cd690000cd69 rdx=0x000000000000001e
  rsi=0x00000000e5000006 rdi=0x00000000000005c3 flags=0b000000000110
  xmm0=0x00001c4500001c450000913f0000913f xmm1=0x00002de300002de30000dfa50000dfa5 
  xmm2=0x0000cd120000cd120000950f0000950f xmm3=0x00006de100006de1000017eb000017eb 
  xmm4=0x00008d0f00008d0f0000df9b0000df9b xmm5=0x000077f9000077f9000043d1000043d1 
  xmm6=0x0000dedd0000dedd0000e3360000e336 xmm7=0x00005ea200005ea200009e8000009e80 

    > load from +0x4c53 value 0x71aa00
0x3086: and rdi, 0b1111111111111
  rax=0x0000000000000c53 rbx=0x00000000000010ad rcx=0x0000cd690000cd69 rdx=0x000000000000001e
  rsi=0x00000000e571aa06 rdi=0x00000000000005c3 flags=0b000010000110
  xmm0=0x00001c4500001c450000913f0000913f xmm1=0x00002de300002de30000dfa50000dfa5 
  xmm2=0x0000cd120000cd120000950f0000950f xmm3=0x00006de100006de1000017eb000017eb 
  xmm4=0x00008d0f00008d0f0000df9b0000df9b xmm5=0x000077f9000077f9000043d1000043d1 
  xmm6=0x0000dedd0000dedd0000e3360000e336 xmm7=0x00005ea200005ea200009e8000009e80 

0x308d: and si, [r14 +rdi]
  rax=0x0000000000000c53 rbx=0x00000000000010ad rcx=0x0000cd690000cd69 rdx=0x000000000000001e
  rsi=0x00000000e571aa06 rdi=0x00000000000005c3 flags=0b000000000110
  xmm0=0x00001c4500001c450000913f0000913f xmm1=0x00002de300002de30000dfa50000dfa5 
  xmm2=0x0000cd120000cd120000950f0000950f xmm3=0x00006de100006de1000017eb000017eb 
  xmm4=0x00008d0f00008d0f0000df9b0000df9b xmm5=0x000077f9000077f9000043d1000043d1 
  xmm6=0x0000dedd0000dedd0000e3360000e336 xmm7=0x00005ea200005ea200009e8000009e80 

    > load from +0x45c3 value 0xe00
0x3092: and rax, 0b1111111111111
  rax=0x0000000000000c53 rbx=0x00000000000010ad rcx=0x0000cd690000cd69 rdx=0x000000000000001e
  rsi=0x00000000e5710a00 rdi=0x00000000000005c3 flags=0b000000000110
  xmm0=0x00001c4500001c450000913f0000913f xmm1=0x00002de300002de30000dfa50000dfa5 
  xmm2=0x0000cd120000cd120000950f0000950f xmm3=0x00006de100006de1000017eb000017eb 
  xmm4=0x00008d0f00008d0f0000df9b0000df9b xmm5=0x000077f9000077f9000043d1000043d1 
  xmm6=0x0000dedd0000dedd0000e3360000e336 xmm7=0x00005ea200005ea200009e8000009e80 

0x3098: mov ax, [r14 +rax]
  rax=0x0000000000000c53 rbx=0x00000000000010ad rcx=0x0000cd690000cd69 rdx=0x000000000000001e
  rsi=0x00000000e5710a00 rdi=0x00000000000005c3 flags=0b000000000110
  xmm0=0x00001c4500001c450000913f0000913f xmm1=0x00002de300002de30000dfa50000dfa5 
  xmm2=0x0000cd120000cd120000950f0000950f xmm3=0x00006de100006de1000017eb000017eb 
  xmm4=0x00008d0f00008d0f0000df9b0000df9b xmm5=0x000077f9000077f9000043d1000043d1 
  xmm6=0x0000dedd0000dedd0000e3360000e336 xmm7=0x00005ea200005ea200009e8000009e80 

    > load from +0x4c53 value 0xaa00
0x309d: and rcx, 0b1111111111111
  rax=0x000000000000aa00 rbx=0x00000000000010ad rcx=0x0000cd690000cd69 rdx=0x000000000000001e
  rsi=0x00000000e5710a00 rdi=0x00000000000005c3 flags=0b000000000110
  xmm0=0x00001c4500001c450000913f0000913f xmm1=0x00002de300002de30000dfa50000dfa5 
  xmm2=0x0000cd120000cd120000950f0000950f xmm3=0x00006de100006de1000017eb000017eb 
  xmm4=0x00008d0f00008d0f0000df9b0000df9b xmm5=0x000077f9000077f9000043d1000043d1 
  xmm6=0x0000dedd0000dedd0000e3360000e336 xmm7=0x00005ea200005ea200009e8000009e80 

0x30a4: or rcx, [r14 +rcx]
  rax=0x000000000000aa00 rbx=0x00000000000010ad rcx=0x0000000000000d69 rdx=0x000000000000001e
  rsi=0x00000000e5710a00 rdi=0x00000000000005c3 flags=0b000000000110
  xmm0=0x00001c4500001c450000913f0000913f xmm1=0x00002de300002de30000dfa50000dfa5 
  xmm2=0x0000cd120000cd120000950f0000950f xmm3=0x00006de100006de1000017eb000017eb 
  xmm4=0x00008d0f00008d0f0000df9b0000df9b xmm5=0x000077f9000077f9000043d1000043d1 
  xmm6=0x0000dedd0000dedd0000e3360000e336 xmm7=0x00005ea200005ea200009e8000009e80 

    > load from +0x4d69 value 0x2c00005c1300005c
0x30a8: and rdi, 0b1111111111111
  rax=0x000000000000aa00 rbx=0x00000000000010ad rcx=0x2c00005c13000d7d rdx=0x000000000000001e
  rsi=0x00000000e5710a00 rdi=0x00000000000005c3 flags=0b000000000110
  xmm0=0x00001c4500001c450000913f0000913f xmm1=0x00002de300002de30000dfa50000dfa5 
  xmm2=0x0000cd120000cd120000950f0000950f xmm3=0x00006de100006de1000017eb000017eb 
  xmm4=0x00008d0f00008d0f0000df9b0000df9b xmm5=0x000077f9000077f9000043d1000043d1 
  xmm6=0x0000dedd0000dedd0000e3360000e336 xmm7=0x00005ea200005ea200009e8000009e80 

0x30af: imul rsi, [r14 +rdi], 8
  rax=0x000000000000aa00 rbx=0x00000000000010ad rcx=0x2c00005c13000d7d rdx=0x000000000000001e
  rsi=0x00000000e5710a00 rdi=0x00000000000005c3 flags=0b000000000110
  xmm0=0x00001c4500001c450000913f0000913f xmm1=0x00002de300002de30000dfa50000dfa5 
  xmm2=0x0000cd120000cd120000950f0000950f xmm3=0x00006de100006de1000017eb000017eb 
  xmm4=0x00008d0f00008d0f0000df9b0000df9b xmm5=0x000077f9000077f9000043d1000043d1 
  xmm6=0x0000dedd0000dedd0000e3360000e336 xmm7=0x00005ea200005ea200009e8000009e80 

    > load from +0x45c3 value 0x212a0000460e00
0x30b4: add sil, 3
  rax=0x000000000000aa00 rbx=0x00000000000010ad rcx=0x2c00005c13000d7d rdx=0x000000000000001e
  rsi=0x0109500002307000 rdi=0x00000000000005c3 flags=0b000000000110
  xmm0=0x00001c4500001c450000913f0000913f xmm1=0x00002de300002de30000dfa50000dfa5 
  xmm2=0x0000cd120000cd120000950f0000950f xmm3=0x00006de100006de1000017eb000017eb 
  xmm4=0x00008d0f00008d0f0000df9b0000df9b xmm5=0x000077f9000077f9000043d1000043d1 
  xmm6=0x0000dedd0000dedd0000e3360000e336 xmm7=0x00005ea200005ea200009e8000009e80 

0x30b8: setnbe dl
  rax=0x000000000000aa00 rbx=0x00000000000010ad rcx=0x2c00005c13000d7d rdx=0x000000000000001e
  rsi=0x0109500002307003 rdi=0x00000000000005c3 flags=0b000000000110
  xmm0=0x00001c4500001c450000913f0000913f xmm1=0x00002de300002de30000dfa50000dfa5 
  xmm2=0x0000cd120000cd120000950f0000950f xmm3=0x00006de100006de1000017eb000017eb 
  xmm4=0x00008d0f00008d0f0000df9b0000df9b xmm5=0x000077f9000077f9000043d1000043d1 
  xmm6=0x0000dedd0000dedd0000e3360000e336 xmm7=0x00005ea200005ea200009e8000009e80 

0x30bb: and rcx, 0b1111111111111
  rax=0x000000000000aa00 rbx=0x00000000000010ad rcx=0x2c00005c13000d7d rdx=0x0000000000000001
  rsi=0x0109500002307003 rdi=0x00000000000005c3 flags=0b000000000110
  xmm0=0x00001c4500001c450000913f0000913f xmm1=0x00002de300002de30000dfa50000dfa5 
  xmm2=0x0000cd120000cd120000950f0000950f xmm3=0x00006de100006de1000017eb000017eb 
  xmm4=0x00008d0f00008d0f0000df9b0000df9b xmm5=0x000077f9000077f9000043d1000043d1 
  xmm6=0x0000dedd0000dedd0000e3360000e336 xmm7=0x00005ea200005ea200009e8000009e80 

0x30c2: cmovz rsi, [r14 +rcx]
  rax=0x000000000000aa00 rbx=0x00000000000010ad rcx=0x0000000000000d7d rdx=0x0000000000000001
  rsi=0x0109500002307003 rdi=0x00000000000005c3 flags=0b000000000110
  xmm0=0x00001c4500001c450000913f0000913f xmm1=0x00002de300002de30000dfa50000dfa5 
  xmm2=0x0000cd120000cd120000950f0000950f xmm3=0x00006de100006de1000017eb000017eb 
  xmm4=0x00008d0f00008d0f0000df9b0000df9b xmm5=0x000077f9000077f9000043d1000043d1 
  xmm6=0x0000dedd0000dedd0000e3360000e336 xmm7=0x00005ea200005ea200009e8000009e80 

    > load from +0x4d7d value 0x480000bd48000014
0x30c7: cmp rax, -743244958
  rax=0x000000000000aa00 rbx=0x00000000000010ad rcx=0x0000000000000d7d rdx=0x0000000000000001
  rsi=0x0109500002307003 rdi=0x00000000000005c3 flags=0b000000000110
  xmm0=0x00001c4500001c450000913f0000913f xmm1=0x00002de300002de30000dfa50000dfa5 
  xmm2=0x0000cd120000cd120000950f0000950f xmm3=0x00006de100006de1000017eb000017eb 
  xmm4=0x00008d0f00008d0f0000df9b0000df9b xmm5=0x000077f9000077f9000043d1000043d1 
  xmm6=0x0000dedd0000dedd0000e3360000e336 xmm7=0x00005ea200005ea200009e8000009e80 

0x30cd: sbb rax, 1813832364
  rax=0x000000000000aa00 rbx=0x00000000000010ad rcx=0x0000000000000d7d rdx=0x0000000000000001
  rsi=0x0109500002307003 rdi=0x00000000000005c3 flags=0b000000010011
  xmm0=0x00001c4500001c450000913f0000913f xmm1=0x00002de300002de30000dfa50000dfa5 
  xmm2=0x0000cd120000cd120000950f0000950f xmm3=0x00006de100006de1000017eb000017eb 
  xmm4=0x00008d0f00008d0f0000df9b0000df9b xmm5=0x000077f9000077f9000043d1000043d1 
  xmm6=0x0000dedd0000dedd0000e3360000e336 xmm7=0x00005ea200005ea200009e8000009e80 

0x30d3: or ebx, 0b1000000000000000000000000000000
  rax=0xffffffff93e3c753 rbx=0x00000000000010ad rcx=0x0000000000000d7d rdx=0x0000000000000001
  rsi=0x0109500002307003 rdi=0x00000000000005c3 flags=0b000010010111
  xmm0=0x00001c4500001c450000913f0000913f xmm1=0x00002de300002de30000dfa50000dfa5 
  xmm2=0x0000cd120000cd120000950f0000950f xmm3=0x00006de100006de1000017eb000017eb 
  xmm4=0x00008d0f00008d0f0000df9b0000df9b xmm5=0x000077f9000077f9000043d1000043d1 
  xmm6=0x0000dedd0000dedd0000e3360000e336 xmm7=0x00005ea200005ea200009e8000009e80 

0x30d9: bsr eax, ebx
  rax=0xffffffff93e3c753 rbx=0x00000000400010ad rcx=0x0000000000000d7d rdx=0x0000000000000001
  rsi=0x0109500002307003 rdi=0x00000000000005c3 flags=0b000000000010
  xmm0=0x00001c4500001c450000913f0000913f xmm1=0x00002de300002de30000dfa50000dfa5 
  xmm2=0x0000cd120000cd120000950f0000950f xmm3=0x00006de100006de1000017eb000017eb 
  xmm4=0x00008d0f00008d0f0000df9b0000df9b xmm5=0x000077f9000077f9000043d1000043d1 
  xmm6=0x0000dedd0000dedd0000e3360000e336 xmm7=0x00005ea200005ea200009e8000009e80 

0x30dc: test esi, -2089923347
  rax=0x000000000000001e rbx=0x00000000400010ad rcx=0x0000000000000d7d rdx=0x0000000000000001
  rsi=0x0109500002307003 rdi=0x00000000000005c3 flags=0b000000000010
  xmm0=0x00001c4500001c450000913f0000913f xmm1=0x00002de300002de30000dfa50000dfa5 
  xmm2=0x0000cd120000cd120000950f0000950f xmm3=0x00006de100006de1000017eb000017eb 
  xmm4=0x00008d0f00008d0f0000df9b0000df9b xmm5=0x000077f9000077f9000043d1000043d1 
  xmm6=0x0000dedd0000dedd0000e3360000e336 xmm7=0x00005ea200005ea200009e8000009e80 

0x30e2: and rcx, 0b1111111111111
  rax=0x000000000000001e rbx=0x00000000400010ad rcx=0x0000000000000d7d rdx=0x0000000000000001
  rsi=0x0109500002307003 rdi=0x00000000000005c3 flags=0b000000000010
  xmm0=0x00001c4500001c450000913f0000913f xmm1=0x00002de300002de30000dfa50000dfa5 
  xmm2=0x0000cd120000cd120000950f0000950f xmm3=0x00006de100006de1000017eb000017eb 
  xmm4=0x00008d0f00008d0f0000df9b0000df9b xmm5=0x000077f9000077f9000043d1000043d1 
  xmm6=0x0000dedd0000dedd0000e3360000e336 xmm7=0x00005ea200005ea200009e8000009e80 

0x30e9: or [r14 +rcx], 0b1000000000000000000000000000000
  rax=0x000000000000001e rbx=0x00000000400010ad rcx=0x0000000000000d7d rdx=0x0000000000000001
  rsi=0x0109500002307003 rdi=0x00000000000005c3 flags=0b000000000110
  xmm0=0x00001c4500001c450000913f0000913f xmm1=0x00002de300002de30000dfa50000dfa5 
  xmm2=0x0000cd120000cd120000950f0000950f xmm3=0x00006de100006de1000017eb000017eb 
  xmm4=0x00008d0f00008d0f0000df9b0000df9b xmm5=0x000077f9000077f9000043d1000043d1 
  xmm6=0x0000dedd0000dedd0000e3360000e336 xmm7=0x00005ea200005ea200009e8000009e80 

    > load from +0x4d7d value 0x480000bd48000014
    > store to +0x4d7d value 0x480000bd48000014
0x30f1: bsr rcx, [r14 +rcx]
  rax=0x000000000000001e rbx=0x00000000400010ad rcx=0x0000000000000d7d rdx=0x0000000000000001
  rsi=0x0109500002307003 rdi=0x00000000000005c3 flags=0b000000000110
  xmm0=0x00001c4500001c450000913f0000913f xmm1=0x00002de300002de30000dfa50000dfa5 
  xmm2=0x0000cd120000cd120000950f0000950f xmm3=0x00006de100006de1000017eb000017eb 
  xmm4=0x00008d0f00008d0f0000df9b0000df9b xmm5=0x000077f9000077f9000043d1000043d1 
  xmm6=0x0000dedd0000dedd0000e3360000e336 xmm7=0x00005ea200005ea200009e8000009e80 

    > load from +0x4d7d value 0x480000bd48000014
0x30f6: and rcx, 0b1111111111111
  rax=0x000000000000001e rbx=0x00000000400010ad rcx=0x000000000000003e rdx=0x0000000000000001
  rsi=0x0109500002307003 rdi=0x00000000000005c3 flags=0b000000000110
  xmm0=0x00001c4500001c450000913f0000913f xmm1=0x00002de300002de30000dfa50000dfa5 
  xmm2=0x0000cd120000cd120000950f0000950f xmm3=0x00006de100006de1000017eb000017eb 
  xmm4=0x00008d0f00008d0f0000df9b0000df9b xmm5=0x000077f9000077f9000043d1000043d1 
  xmm6=0x0000dedd0000dedd0000e3360000e336 xmm7=0x00005ea200005ea200009e8000009e80 

0x30fd: cmovnz rsi, [r14 +rcx]
  rax=0x000000000000001e rbx=0x00000000400010ad rcx=0x000000000000003e rdx=0x0000000000000001
  rsi=0x0109500002307003 rdi=0x00000000000005c3 flags=0b000000000010
  xmm0=0x00001c4500001c450000913f0000913f xmm1=0x00002de300002de30000dfa50000dfa5 
  xmm2=0x0000cd120000cd120000950f0000950f xmm3=0x00006de100006de1000017eb000017eb 
  xmm4=0x00008d0f00008d0f0000df9b0000df9b xmm5=0x000077f9000077f9000043d1000043d1 
  xmm6=0x0000dedd0000dedd0000e3360000e336 xmm7=0x00005ea200005ea200009e8000009e80 

    > load from +0x403e value 0x6e7000006e700000
0x3102: or ax, 5829
  rax=0x000000000000001e rbx=0x00000000400010ad rcx=0x000000000000003e rdx=0x0000000000000001
  rsi=0x6e7000006e700000 rdi=0x00000000000005c3 flags=0b000000000010
  xmm0=0x00001c4500001c450000913f0000913f xmm1=0x00002de300002de30000dfa50000dfa5 
  xmm2=0x0000cd120000cd120000950f0000950f xmm3=0x00006de100006de1000017eb000017eb 
  xmm4=0x00008d0f00008d0f0000df9b0000df9b xmm5=0x000077f9000077f9000043d1000043d1 
  xmm6=0x0000dedd0000dedd0000e3360000e336 xmm7=0x00005ea200005ea200009e8000009e80 

0x3106: and rbx, 0b1111111111111
  rax=0x00000000000016df rbx=0x00000000400010ad rcx=0x000000000000003e rdx=0x0000000000000001
  rsi=0x6e7000006e700000 rdi=0x00000000000005c3 flags=0b000000000010
  xmm0=0x00001c4500001c450000913f0000913f xmm1=0x00002de300002de30000dfa50000dfa5 
  xmm2=0x0000cd120000cd120000950f0000950f xmm3=0x00006de100006de1000017eb000017eb 
  xmm4=0x00008d0f00008d0f0000df9b0000df9b xmm5=0x000077f9000077f9000043d1000043d1 
  xmm6=0x0000dedd0000dedd0000e3360000e336 xmm7=0x00005ea200005ea200009e8000009e80 

0x310d: cmovz rbx, [r14 +rbx]
  rax=0x00000000000016df rbx=0x00000000000010ad rcx=0x000000000000003e rdx=0x0000000000000001
  rsi=0x6e7000006e700000 rdi=0x00000000000005c3 flags=0b000000000010
  xmm0=0x00001c4500001c450000913f0000913f xmm1=0x00002de300002de30000dfa50000dfa5 
  xmm2=0x0000cd120000cd120000950f0000950f xmm3=0x00006de100006de1000017eb000017eb 
  xmm4=0x00008d0f00008d0f0000df9b0000df9b xmm5=0x000077f9000077f9000043d1000043d1 
  xmm6=0x0000dedd0000dedd0000e3360000e336 xmm7=0x00005ea200005ea200009e8000009e80 

    > load from +0x50ad value 0xe500003ae5000006
0x3112: cmovnl ax, bx
  rax=0x00000000000016df rbx=0x00000000000010ad rcx=0x000000000000003e rdx=0x0000000000000001
  rsi=0x6e7000006e700000 rdi=0x00000000000005c3 flags=0b000000000010
  xmm0=0x00001c4500001c450000913f0000913f xmm1=0x00002de300002de30000dfa50000dfa5 
  xmm2=0x0000cd120000cd120000950f0000950f xmm3=0x00006de100006de1000017eb000017eb 
  xmm4=0x00008d0f00008d0f0000df9b0000df9b xmm5=0x000077f9000077f9000043d1000043d1 
  xmm6=0x0000dedd0000dedd0000e3360000e336 xmm7=0x00005ea200005ea200009e8000009e80 

0x3116: cmovb esi, ecx
  rax=0x00000000000010ad rbx=0x00000000000010ad rcx=0x000000000000003e rdx=0x0000000000000001
  rsi=0x6e7000006e700000 rdi=0x00000000000005c3 flags=0b000000000010
  xmm0=0x00001c4500001c450000913f0000913f xmm1=0x00002de300002de30000dfa50000dfa5 
  xmm2=0x0000cd120000cd120000950f0000950f xmm3=0x00006de100006de1000017eb000017eb 
  xmm4=0x00008d0f00008d0f0000df9b0000df9b xmm5=0x000077f9000077f9000043d1000043d1 
  xmm6=0x0000dedd0000dedd0000e3360000e336 xmm7=0x00005ea200005ea200009e8000009e80 

0x3119: and rsi, 0b1111111111111
  rax=0x00000000000010ad rbx=0x00000000000010ad rcx=0x000000000000003e rdx=0x0000000000000001
  rsi=0x000000006e700000 rdi=0x00000000000005c3 flags=0b000000000010
  xmm0=0x00001c4500001c450000913f0000913f xmm1=0x00002de300002de30000dfa50000dfa5 
  xmm2=0x0000cd120000cd120000950f0000950f xmm3=0x00006de100006de1000017eb000017eb 
  xmm4=0x00008d0f00008d0f0000df9b0000df9b xmm5=0x000077f9000077f9000043d1000043d1 
  xmm6=0x0000dedd0000dedd0000e3360000e336 xmm7=0x00005ea200005ea200009e8000009e80 

0x3120: nop [r14 +rsi]
  rax=0x00000000000010ad rbx=0x00000000000010ad rcx=0x000000000000003e rdx=0x0000000000000001
  rsi=0x0000000000000000 rdi=0x00000000000005c3 flags=0b000001000110
  xmm0=0x00001c4500001c450000913f0000913f xmm1=0x00002de300002de30000dfa50000dfa5 
  xmm2=0x0000cd120000cd120000950f0000950f xmm3=0x00006de100006de1000017eb000017eb 
  xmm4=0x00008d0f00008d0f0000df9b0000df9b xmm5=0x000077f9000077f9000043d1000043d1 
  xmm6=0x0000dedd0000dedd0000e3360000e336 xmm7=0x00005ea200005ea200009e8000009e80 

0x3125: and rcx, 0b1111111111111
  rax=0x00000000000010ad rbx=0x00000000000010ad rcx=0x000000000000003e rdx=0x0000000000000001
  rsi=0x0000000000000000 rdi=0x00000000000005c3 flags=0b000001000110
  xmm0=0x00001c4500001c450000913f0000913f xmm1=0x00002de300002de30000dfa50000dfa5 
  xmm2=0x0000cd120000cd120000950f0000950f xmm3=0x00006de100006de1000017eb000017eb 
  xmm4=0x00008d0f00008d0f0000df9b0000df9b xmm5=0x000077f9000077f9000043d1000043d1 
  xmm6=0x0000dedd0000dedd0000e3360000e336 xmm7=0x00005ea200005ea200009e8000009e80 

0x312c: movsx eax, [r14 +rcx]
  rax=0x00000000000010ad rbx=0x00000000000010ad rcx=0x000000000000003e rdx=0x0000000000000001
  rsi=0x0000000000000000 rdi=0x00000000000005c3 flags=0b000000000010
  xmm0=0x00001c4500001c450000913f0000913f xmm1=0x00002de300002de30000dfa50000dfa5 
  xmm2=0x0000cd120000cd120000950f0000950f xmm3=0x00006de100006de1000017eb000017eb 
  xmm4=0x00008d0f00008d0f0000df9b0000df9b xmm5=0x000077f9000077f9000043d1000043d1 
  xmm6=0x0000dedd0000dedd0000e3360000e336 xmm7=0x00005ea200005ea200009e8000009e80 

    > load from +0x403e value 0x0
0x3131: seto dil
  rax=0x0000000000000000 rbx=0x00000000000010ad rcx=0x000000000000003e rdx=0x0000000000000001
  rsi=0x0000000000000000 rdi=0x00000000000005c3 flags=0b000000000010
  xmm0=0x00001c4500001c450000913f0000913f xmm1=0x00002de300002de30000dfa50000dfa5 
  xmm2=0x0000cd120000cd120000950f0000950f xmm3=0x00006de100006de1000017eb000017eb 
  xmm4=0x00008d0f00008d0f0000df9b0000df9b xmm5=0x000077f9000077f9000043d1000043d1 
  xmm6=0x0000dedd0000dedd0000e3360000e336 xmm7=0x00005ea200005ea200009e8000009e80 

0x3135: cld 
  rax=0x0000000000000000 rbx=0x00000000000010ad rcx=0x000000000000003e rdx=0x0000000000000001
  rsi=0x0000000000000000 rdi=0x0000000000000500 flags=0b000000000010
  xmm0=0x00001c4500001c450000913f0000913f xmm1=0x00002de300002de30000dfa50000dfa5 
  xmm2=0x0000cd120000cd120000950f0000950f xmm3=0x00006de100006de1000017eb000017eb 
  xmm4=0x00008d0f00008d0f0000df9b0000df9b xmm5=0x000077f9000077f9000043d1000043d1 
  xmm6=0x0000dedd0000dedd0000e3360000e336 xmm7=0x00005ea200005ea200009e8000009e80 

0x3136: and rax, 0b1111111111111
  rax=0x0000000000000000 rbx=0x00000000000010ad rcx=0x000000000000003e rdx=0x0000000000000001
  rsi=0x0000000000000000 rdi=0x0000000000000500 flags=0b000000000010
  xmm0=0x00001c4500001c450000913f0000913f xmm1=0x00002de300002de30000dfa50000dfa5 
  xmm2=0x0000cd120000cd120000950f0000950f xmm3=0x00006de100006de1000017eb000017eb 
  xmm4=0x00008d0f00008d0f0000df9b0000df9b xmm5=0x000077f9000077f9000043d1000043d1 
  xmm6=0x0000dedd0000dedd0000e3360000e336 xmm7=0x00005ea200005ea200009e8000009e80 

0x313c: sub rdi, [r14 +rax]
  rax=0x0000000000000000 rbx=0x00000000000010ad rcx=0x000000000000003e rdx=0x0000000000000001
  rsi=0x0000000000000000 rdi=0x0000000000000500 flags=0b000001000110
  xmm0=0x00001c4500001c450000913f0000913f xmm1=0x00002de300002de30000dfa50000dfa5 
  xmm2=0x0000cd120000cd120000950f0000950f xmm3=0x00006de100006de1000017eb000017eb 
  xmm4=0x00008d0f00008d0f0000df9b0000df9b xmm5=0x000077f9000077f9000043d1000043d1 
  xmm6=0x0000dedd0000dedd0000e3360000e336 xmm7=0x00005ea200005ea200009e8000009e80 

    > load from +0x4000 value 0xf3450000f345
0x3140: movzx esi, dx
  rax=0x0000000000000000 rbx=0x00000000000010ad rcx=0x000000000000003e rdx=0x0000000000000001
  rsi=0x0000000000000000 rdi=0xffff0cbaffff11bb flags=0b000010010111
  xmm0=0x00001c4500001c450000913f0000913f xmm1=0x00002de300002de30000dfa50000dfa5 
  xmm2=0x0000cd120000cd120000950f0000950f xmm3=0x00006de100006de1000017eb000017eb 
  xmm4=0x00008d0f00008d0f0000df9b0000df9b xmm5=0x000077f9000077f9000043d1000043d1 
  xmm6=0x0000dedd0000dedd0000e3360000e336 xmm7=0x00005ea200005ea200009e8000009e80 

0x3143: or bx, -103
  rax=0x0000000000000000 rbx=0x00000000000010ad rcx=0x000000000000003e rdx=0x0000000000000001
  rsi=0x0000000000000001 rdi=0xffff0cbaffff11bb flags=0b000010010111
  xmm0=0x00001c4500001c450000913f0000913f xmm1=0x00002de300002de30000dfa50000dfa5 
  xmm2=0x0000cd120000cd120000950f0000950f xmm3=0x00006de100006de1000017eb000017eb 
  xmm4=0x00008d0f00008d0f0000df9b0000df9b xmm5=0x000077f9000077f9000043d1000043d1 
  xmm6=0x0000dedd0000dedd0000e3360000e336 xmm7=0x00005ea200005ea200009e8000009e80 

0x3147: and rax, 0b1111111111111
  rax=0x0000000000000000 rbx=0x000000000000ffbd rcx=0x000000000000003e rdx=0x0000000000000001
  rsi=0x0000000000000001 rdi=0xffff0cbaffff11bb flags=0b000010000110
  xmm0=0x00001c4500001c450000913f0000913f xmm1=0x00002de300002de30000dfa50000dfa5 
  xmm2=0x0000cd120000cd120000950f0000950f xmm3=0x00006de100006de1000017eb000017eb 
  xmm4=0x00008d0f00008d0f0000df9b0000df9b xmm5=0x000077f9000077f9000043d1000043d1 
  xmm6=0x0000dedd0000dedd0000e3360000e336 xmm7=0x00005ea200005ea200009e8000009e80 

0x314d: bt [r14 +rax], 85
  rax=0x0000000000000000 rbx=0x000000000000ffbd rcx=0x000000000000003e rdx=0x0000000000000001
  rsi=0x0000000000000001 rdi=0xffff0cbaffff11bb flags=0b000001000110
  xmm0=0x00001c4500001c450000913f0000913f xmm1=0x00002de300002de30000dfa50000dfa5 
  xmm2=0x0000cd120000cd120000950f0000950f xmm3=0x00006de100006de1000017eb000017eb 
  xmm4=0x00008d0f00008d0f0000df9b0000df9b xmm5=0x000077f9000077f9000043d1000043d1 
  xmm6=0x0000dedd0000dedd0000e3360000e336 xmm7=0x00005ea200005ea200009e8000009e80 

    > load from +0x4000 value 0xf345
0x3154: and rsi, 0b1111111111111
  rax=0x0000000000000000 rbx=0x000000000000ffbd rcx=0x000000000000003e rdx=0x0000000000000001
  rsi=0x0000000000000001 rdi=0xffff0cbaffff11bb flags=0b000001000110
  xmm0=0x00001c4500001c450000913f0000913f xmm1=0x00002de300002de30000dfa50000dfa5 
  xmm2=0x0000cd120000cd120000950f0000950f xmm3=0x00006de100006de1000017eb000017eb 
  xmm4=0x00008d0f00008d0f0000df9b0000df9b xmm5=0x000077f9000077f9000043d1000043d1 
  xmm6=0x0000dedd0000dedd0000e3360000e336 xmm7=0x00005ea200005ea200009e8000009e80 

0x315b: add sil, 102
  rax=0x0000000000000000 rbx=0x000000000000ffbd rcx=0x000000000000003e rdx=0x0000000000000001
  rsi=0x0000000000000001 rdi=0xffff0cbaffff11bb flags=0b000000000010
  xmm0=0x00001c4500001c450000913f0000913f xmm1=0x00002de300002de30000dfa50000dfa5 
  xmm2=0x0000cd120000cd120000950f0000950f xmm3=0x00006de100006de1000017eb000017eb 
  xmm4=0x00008d0f00008d0f0000df9b0000df9b xmm5=0x000077f9000077f9000043d1000043d1 
  xmm6=0x0000dedd0000dedd0000e3360000e336 xmm7=0x00005ea200005ea200009e8000009e80 

0x315f: setnz dil
  rax=0x0000000000000000 rbx=0x000000000000ffbd rcx=0x000000000000003e rdx=0x0000000000000001
  rsi=0x0000000000000067 rdi=0xffff0cbaffff11bb flags=0b000000000010
  xmm0=0x00001c4500001c450000913f0000913f xmm1=0x00002de300002de30000dfa50000dfa5 
  xmm2=0x0000cd120000cd120000950f0000950f xmm3=0x00006de100006de1000017eb000017eb 
  xmm4=0x00008d0f00008d0f0000df9b0000df9b xmm5=0x000077f9000077f9000043d1000043d1 
  xmm6=0x0000dedd0000dedd0000e3360000e336 xmm7=0x00005ea200005ea200009e8000009e80 

0x3163: and rbx, 0b1111111111111
  rax=0x0000000000000000 rbx=0x000000000000ffbd rcx=0x000000000000003e rdx=0x0000000000000001
  rsi=0x0000000000000067 rdi=0xffff0cbaffff1101 flags=0b000000000010
  xmm0=0x00001c4500001c450000913f0000913f xmm1=0x00002de300002de30000dfa50000dfa5 
  xmm2=0x0000cd120000cd120000950f0000950f xmm3=0x00006de100006de1000017eb000017eb 
  xmm4=0x00008d0f00008d0f0000df9b0000df9b xmm5=0x000077f9000077f9000043d1000043d1 
  xmm6=0x0000dedd0000dedd0000e3360000e336 xmm7=0x00005ea200005ea200009e8000009e80 

0x316a: cmp [r14 +rbx], -31
  rax=0x0000000000000000 rbx=0x0000000000001fbd rcx=0x000000000000003e rdx=0x0000000000000001
  rsi=0x0000000000000067 rdi=0xffff0cbaffff1101 flags=0b000000000110
  xmm0=0x00001c4500001c450000913f0000913f xmm1=0x00002de300002de30000dfa50000dfa5 
  xmm2=0x0000cd120000cd120000950f0000950f xmm3=0x00006de100006de1000017eb000017eb 
  xmm4=0x00008d0f00008d0f0000df9b0000df9b xmm5=0x000077f9000077f9000043d1000043d1 
  xmm6=0x0000dedd0000dedd0000e3360000e336 xmm7=0x00005ea200005ea200009e8000009e80 

    > load from +0x5fbd value 0xa70000b6a70000ef
0x316f: and rdx, 0b1111111111111
  rax=0x0000000000000000 rbx=0x0000000000001fbd rcx=0x000000000000003e rdx=0x0000000000000001
  rsi=0x0000000000000067 rdi=0xffff0cbaffff1101 flags=0b000010000011
  xmm0=0x00001c4500001c450000913f0000913f xmm1=0x00002de300002de30000dfa50000dfa5 
  xmm2=0x0000cd120000cd120000950f0000950f xmm3=0x00006de100006de1000017eb000017eb 
  xmm4=0x00008d0f00008d0f0000df9b0000df9b xmm5=0x000077f9000077f9000043d1000043d1 
  xmm6=0x0000dedd0000dedd0000e3360000e336 xmm7=0x00005ea200005ea200009e8000009e80 

0x3176: cmovnz rcx, [r14 +rdx]
  rax=0x0000000000000000 rbx=0x0000000000001fbd rcx=0x000000000000003e rdx=0x0000000000000001
  rsi=0x0000000000000067 rdi=0xffff0cbaffff1101 flags=0b000000000010
  xmm0=0x00001c4500001c450000913f0000913f xmm1=0x00002de300002de30000dfa50000dfa5 
  xmm2=0x0000cd120000cd120000950f0000950f xmm3=0x00006de100006de1000017eb000017eb 
  xmm4=0x00008d0f00008d0f0000df9b0000df9b xmm5=0x000077f9000077f9000043d1000043d1 
  xmm6=0x0000dedd0000dedd0000e3360000e336 xmm7=0x00005ea200005ea200009e8000009e80 

    > load from +0x4001 value 0x5c0000f3450000f3
0x317b: cmovnle rcx, rcx
  rax=0x0000000000000000 rbx=0x0000000000001fbd rcx=0x5c0000f3450000f3 rdx=0x0000000000000001
  rsi=0x0000000000000067 rdi=0xffff0cbaffff1101 flags=0b000000000010
  xmm0=0x00001c4500001c450000913f0000913f xmm1=0x00002de300002de30000dfa50000dfa5 
  xmm2=0x0000cd120000cd120000950f0000950f xmm3=0x00006de100006de1000017eb000017eb 
  xmm4=0x00008d0f00008d0f0000df9b0000df9b xmm5=0x000077f9000077f9000043d1000043d1 
  xmm6=0x0000dedd0000dedd0000e3360000e336 xmm7=0x00005ea200005ea200009e8000009e80 

0x317f: and rdi, 0b1111111111111
  rax=0x0000000000000000 rbx=0x0000000000001fbd rcx=0x5c0000f3450000f3 rdx=0x0000000000000001
  rsi=0x0000000000000067 rdi=0xffff0cbaffff1101 flags=0b000000000010
  xmm0=0x00001c4500001c450000913f0000913f xmm1=0x00002de300002de30000dfa50000dfa5 
  xmm2=0x0000cd120000cd120000950f0000950f xmm3=0x00006de100006de1000017eb000017eb 
  xmm4=0x00008d0f00008d0f0000df9b0000df9b xmm5=0x000077f9000077f9000043d1000043d1 
  xmm6=0x0000dedd0000dedd0000e3360000e336 xmm7=0x00005ea200005ea200009e8000009e80 

0x3186: cmovo esi, [r14 +rdi]
  rax=0x0000000000000000 rbx=0x0000000000001fbd rcx=0x5c0000f3450000f3 rdx=0x0000000000000001
  rsi=0x0000000000000067 rdi=0x0000000000001101 flags=0b000000000010
  xmm0=0x00001c4500001c450000913f0000913f xmm1=0x00002de300002de30000dfa50000dfa5 
  xmm2=0x0000cd120000cd120000950f0000950f xmm3=0x00006de100006de1000017eb000017eb 
  xmm4=0x00008d0f00008d0f0000df9b0000df9b xmm5=0x000077f9000077f9000043d1000043d1 
  xmm6=0x0000dedd0000dedd0000e3360000e336 xmm7=0x00005ea200005ea200009e8000009e80 

    > load from +0x5101 value 0xaa00005f
0x318b: sub al, -30
  rax=0x0000000000000000 rbx=0x0000000000001fbd rcx=0x5c0000f3450000f3 rdx=0x0000000000000001
  rsi=0x0000000000000067 rdi=0x0000000000001101 flags=0b000000000010
  xmm0=0x00001c4500001c450000913f0000913f xmm1=0x00002de300002de30000dfa50000dfa5 
  xmm2=0x0000cd120000cd120000950f0000950f xmm3=0x00006de100006de1000017eb000017eb 
  xmm4=0x00008d0f00008d0f0000df9b0000df9b xmm5=0x000077f9000077f9000043d1000043d1 
  xmm6=0x0000dedd0000dedd0000e3360000e336 xmm7=0x00005ea200005ea200009e8000009e80 

0x318d: macro .switch, .main.function_main_1
  rax=0x000000000000001e rbx=0x0000000000001fbd rcx=0x5c0000f3450000f3 rdx=0x0000000000000001
  rsi=0x0000000000000067 rdi=0x0000000000001101 flags=0b000000010111
  xmm0=0x00001c4500001c450000913f0000913f xmm1=0x00002de300002de30000dfa50000dfa5 
  xmm2=0x0000cd120000cd120000950f0000950f xmm3=0x00006de100006de1000017eb000017eb 
  xmm4=0x00008d0f00008d0f0000df9b0000df9b xmm5=0x000077f9000077f9000043d1000043d1 
  xmm6=0x0000dedd0000dedd0000e3360000e336 xmm7=0x00005ea200005ea200009e8000009e80 

0x8 : or eax, 0b1000
  rax=0x000000000000001e rbx=0x0000000000001fbd rcx=0x5c0000f3450000f3 rdx=0x0000000000000001
  rsi=0x0000000000000067 rdi=0x0000000000001101 flags=0b000000010111
  xmm0=0x00001c4500001c450000913f0000913f xmm1=0x00002de300002de30000dfa50000dfa5 
  xmm2=0x0000cd120000cd120000950f0000950f xmm3=0x00006de100006de1000017eb000017eb 
  xmm4=0x00008d0f00008d0f0000df9b0000df9b xmm5=0x000077f9000077f9000043d1000043d1 
  xmm6=0x0000dedd0000dedd0000e3360000e336 xmm7=0x00005ea200005ea200009e8000009e80 

0xb : and al, 0b11111000
  rax=0x000000000000001e rbx=0x0000000000001fbd rcx=0x5c0000f3450000f3 rdx=0x0000000000000001
  rsi=0x0000000000000067 rdi=0x0000000000001101 flags=0b000000000110
  xmm0=0x00001c4500001c450000913f0000913f xmm1=0x00002de300002de30000dfa50000dfa5 
  xmm2=0x0000cd120000cd120000950f0000950f xmm3=0x00006de100006de1000017eb000017eb 
  xmm4=0x00008d0f00008d0f0000df9b0000df9b xmm5=0x000077f9000077f9000043d1000043d1 
  xmm6=0x0000dedd0000dedd0000e3360000e336 xmm7=0x00005ea200005ea200009e8000009e80 

0xd : and edx, 0b11
  rax=0x0000000000000018 rbx=0x0000000000001fbd rcx=0x5c0000f3450000f3 rdx=0x0000000000000001
  rsi=0x0000000000000067 rdi=0x0000000000001101 flags=0b000000000110
  xmm0=0x00001c4500001c450000913f0000913f xmm1=0x00002de300002de30000dfa50000dfa5 
  xmm2=0x0000cd120000cd120000950f0000950f xmm3=0x00006de100006de1000017eb000017eb 
  xmm4=0x00008d0f00008d0f0000df9b0000df9b xmm5=0x000077f9000077f9000043d1000043d1 
  xmm6=0x0000dedd0000dedd0000e3360000e336 xmm7=0x00005ea200005ea200009e8000009e80 

0x10: idiv eax
  rax=0x0000000000000018 rbx=0x0000000000001fbd rcx=0x5c0000f3450000f3 rdx=0x0000000000000001
  rsi=0x0000000000000067 rdi=0x0000000000001101 flags=0b000000000010
  xmm0=0x00001c4500001c450000913f0000913f xmm1=0x00002de300002de30000dfa50000dfa5 
  xmm2=0x0000cd120000cd120000950f0000950f xmm3=0x00006de100006de1000017eb000017eb 
  xmm4=0x00008d0f00008d0f0000df9b0000df9b xmm5=0x000077f9000077f9000043d1000043d1 
  xmm6=0x0000dedd0000dedd0000e3360000e336 xmm7=0x00005ea200005ea200009e8000009e80 

0x12: nop ecx
  rax=0x000000000aaaaaab rbx=0x0000000000001fbd rcx=0x5c0000f3450000f3 rdx=0x0000000000000010
  rsi=0x0000000000000067 rdi=0x0000000000001101 flags=0b000000000010
  xmm0=0x00001c4500001c450000913f0000913f xmm1=0x00002de300002de30000dfa50000dfa5 
  xmm2=0x0000cd120000cd120000950f0000950f xmm3=0x00006de100006de1000017eb000017eb 
  xmm4=0x00008d0f00008d0f0000df9b0000df9b xmm5=0x000077f9000077f9000043d1000043d1 
  xmm6=0x0000dedd0000dedd0000e3360000e336 xmm7=0x00005ea200005ea200009e8000009e80 

0x15: and rcx, 0b1111111111111
  rax=0x000000000aaaaaab rbx=0x0000000000001fbd rcx=0x5c0000f3450000f3 rdx=0x0000000000000010
  rsi=0x0000000000000067 rdi=0x0000000000001101 flags=0b000000000010
  xmm0=0x00001c4500001c450000913f0000913f xmm1=0x00002de300002de30000dfa50000dfa5 
  xmm2=0x0000cd120000cd120000950f0000950f xmm3=0x00006de100006de1000017eb000017eb 
  xmm4=0x00008d0f00008d0f0000df9b0000df9b xmm5=0x000077f9000077f9000043d1000043d1 
  xmm6=0x0000dedd0000dedd0000e3360000e336 xmm7=0x00005ea200005ea200009e8000009e80 

0x1c: cmp rdi, [r14 +rcx]
  rax=0x000000000aaaaaab rbx=0x0000000000001fbd rcx=0x00000000000000f3 rdx=0x0000000000000010
  rsi=0x0000000000000067 rdi=0x0000000000001101 flags=0b000000000110
  xmm0=0x00001c4500001c450000913f0000913f xmm1=0x00002de300002de30000dfa50000dfa5 
  xmm2=0x0000cd120000cd120000950f0000950f xmm3=0x00006de100006de1000017eb000017eb 
  xmm4=0x00008d0f00008d0f0000df9b0000df9b xmm5=0x000077f9000077f9000043d1000043d1 
  xmm6=0x0000dedd0000dedd0000e3360000e336 xmm7=0x00005ea200005ea200009e8000009e80 

    > load from +0xf3 value 0xe7770000c69c00
0x20: sub al, cl
  rax=0x000000000aaaaaab rbx=0x0000000000001fbd rcx=0x00000000000000f3 rdx=0x0000000000000010
  rsi=0x0000000000000067 rdi=0x0000000000001101 flags=0b000010000011
  xmm0=0x00001c4500001c450000913f0000913f xmm1=0x00002de300002de30000dfa50000dfa5 
  xmm2=0x0000cd120000cd120000950f0000950f xmm3=0x00006de100006de1000017eb000017eb 
  xmm4=0x00008d0f00008d0f0000df9b0000df9b xmm5=0x000077f9000077f9000043d1000043d1 
  xmm6=0x0000dedd0000dedd0000e3360000e336 xmm7=0x00005ea200005ea200009e8000009e80 

0x22: cmovs rbx, rdx
  rax=0x000000000aaaaab8 rbx=0x0000000000001fbd rcx=0x00000000000000f3 rdx=0x0000000000000010
  rsi=0x0000000000000067 rdi=0x0000000000001101 flags=0b000010000111
  xmm0=0x00001c4500001c450000913f0000913f xmm1=0x00002de300002de30000dfa50000dfa5 
  xmm2=0x0000cd120000cd120000950f0000950f xmm3=0x00006de100006de1000017eb000017eb 
  xmm4=0x00008d0f00008d0f0000df9b0000df9b xmm5=0x000077f9000077f9000043d1000043d1 
  xmm6=0x0000dedd0000dedd0000e3360000e336 xmm7=0x00005ea200005ea200009e8000009e80 

0x26: xor al, dil
  rax=0x000000000aaaaab8 rbx=0x0000000000000010 rcx=0x00000000000000f3 rdx=0x0000000000000010
  rsi=0x0000000000000067 rdi=0x0000000000001101 flags=0b000010000111
  xmm0=0x00001c4500001c450000913f0000913f xmm1=0x00002de300002de30000dfa50000dfa5 
  xmm2=0x0000cd120000cd120000950f0000950f xmm3=0x00006de100006de1000017eb000017eb 
  xmm4=0x00008d0f00008d0f0000df9b0000df9b xmm5=0x000077f9000077f9000043d1000043d1 
  xmm6=0x0000dedd0000dedd0000e3360000e336 xmm7=0x00005ea200005ea200009e8000009e80 

0x29: sbb dl, -51
  rax=0x000000000aaaaab9 rbx=0x0000000000000010 rcx=0x00000000000000f3 rdx=0x0000000000000010
  rsi=0x0000000000000067 rdi=0x0000000000001101 flags=0b000010000010
  xmm0=0x00001c4500001c450000913f0000913f xmm1=0x00002de300002de30000dfa50000dfa5 
  xmm2=0x0000cd120000cd120000950f0000950f xmm3=0x00006de100006de1000017eb000017eb 
  xmm4=0x00008d0f00008d0f0000df9b0000df9b xmm5=0x000077f9000077f9000043d1000043d1 
  xmm6=0x0000dedd0000dedd0000e3360000e336 xmm7=0x00005ea200005ea200009e8000009e80 

0x2c: and rdi, 0b1111111111111
  rax=0x000000000aaaaab9 rbx=0x0000000000000010 rcx=0x00000000000000f3 rdx=0x0000000000000043
  rsi=0x0000000000000067 rdi=0x0000000000001101 flags=0b000000010011
  xmm0=0x00001c4500001c450000913f0000913f xmm1=0x00002de300002de30000dfa50000dfa5 
  xmm2=0x0000cd120000cd120000950f0000950f xmm3=0x00006de100006de1000017eb000017eb 
  xmm4=0x00008d0f00008d0f0000df9b0000df9b xmm5=0x000077f9000077f9000043d1000043d1 
  xmm6=0x0000dedd0000dedd0000e3360000e336 xmm7=0x00005ea200005ea200009e8000009e80 

0x33: mul [r14 +rdi]
  rax=0x000000000aaaaab9 rbx=0x0000000000000010 rcx=0x00000000000000f3 rdx=0x0000000000000043
  rsi=0x0000000000000067 rdi=0x0000000000001101 flags=0b000000000010
  xmm0=0x00001c4500001c450000913f0000913f xmm1=0x00002de300002de30000dfa50000dfa5 
  xmm2=0x0000cd120000cd120000950f0000950f xmm3=0x00006de100006de1000017eb000017eb 
  xmm4=0x00008d0f00008d0f0000df9b0000df9b xmm5=0x000077f9000077f9000043d1000043d1 
  xmm6=0x0000dedd0000dedd0000e3360000e336 xmm7=0x00005ea200005ea200009e8000009e80 

    > load from +0x1101 value 0x69000005
0x37: bt ax, dx
  rax=0x000000001655559d rbx=0x0000000000000010 rcx=0x00000000000000f3 rdx=0x0000000004600006
  rsi=0x0000000000000067 rdi=0x0000000000001101 flags=0b100000000011
  xmm0=0x00001c4500001c450000913f0000913f xmm1=0x00002de300002de30000dfa50000dfa5 
  xmm2=0x0000cd120000cd120000950f0000950f xmm3=0x00006de100006de1000017eb000017eb 
  xmm4=0x00008d0f00008d0f0000df9b0000df9b xmm5=0x000077f9000077f9000043d1000043d1 
  xmm6=0x0000dedd0000dedd0000e3360000e336 xmm7=0x00005ea200005ea200009e8000009e80 

0x3b: and rax, 0b1111111111111
  rax=0x000000001655559d rbx=0x0000000000000010 rcx=0x00000000000000f3 rdx=0x0000000004600006
  rsi=0x0000000000000067 rdi=0x0000000000001101 flags=0b000000000010
  xmm0=0x00001c4500001c450000913f0000913f xmm1=0x00002de300002de30000dfa50000dfa5 
  xmm2=0x0000cd120000cd120000950f0000950f xmm3=0x00006de100006de1000017eb000017eb 
  xmm4=0x00008d0f00008d0f0000df9b0000df9b xmm5=0x000077f9000077f9000043d1000043d1 
  xmm6=0x0000dedd0000dedd0000e3360000e336 xmm7=0x00005ea200005ea200009e8000009e80 

0x41: or cl, [r14 +rax]
  rax=0x000000000000159d rbx=0x0000000000000010 rcx=0x00000000000000f3 rdx=0x0000000004600006
  rsi=0x0000000000000067 rdi=0x0000000000001101 flags=0b000000000010
  xmm0=0x00001c4500001c450000913f0000913f xmm1=0x00002de300002de30000dfa50000dfa5 
  xmm2=0x0000cd120000cd120000950f0000950f xmm3=0x00006de100006de1000017eb000017eb 
  xmm4=0x00008d0f00008d0f0000df9b0000df9b xmm5=0x000077f9000077f9000043d1000043d1 
  xmm6=0x0000dedd0000dedd0000e3360000e336 xmm7=0x00005ea200005ea200009e8000009e80 

    > load from +0x159d value 0xb1
0x45: and rdx, 0b1111111111111
  rax=0x000000000000159d rbx=0x0000000000000010 rcx=0x00000000000000f3 rdx=0x0000000004600006
  rsi=0x0000000000000067 rdi=0x0000000000001101 flags=0b000010000110
  xmm0=0x00001c4500001c450000913f0000913f xmm1=0x00002de300002de30000dfa50000dfa5 
  xmm2=0x0000cd120000cd120000950f0000950f xmm3=0x00006de100006de1000017eb000017eb 
  xmm4=0x00008d0f00008d0f0000df9b0000df9b xmm5=0x000077f9000077f9000043d1000043d1 
  xmm6=0x0000dedd0000dedd0000e3360000e336 xmm7=0x00005ea200005ea200009e8000009e80 

0x4c: or [r14 +rdx], 1
  rax=0x000000000000159d rbx=0x0000000000000010 rcx=0x00000000000000f3 rdx=0x0000000000000006
  rsi=0x0000000000000067 rdi=0x0000000000001101 flags=0b000000000110
  xmm0=0x00001c4500001c450000913f0000913f xmm1=0x00002de300002de30000dfa50000dfa5 
  xmm2=0x0000cd120000cd120000950f0000950f xmm3=0x00006de100006de1000017eb000017eb 
  xmm4=0x00008d0f00008d0f0000df9b0000df9b xmm5=0x000077f9000077f9000043d1000043d1 
  xmm6=0x0000dedd0000dedd0000e3360000e336 xmm7=0x00005ea200005ea200009e8000009e80 

    > load from +0x6 value 0x0
    > store to +0x6 value 0x1
0x52: add sil, 69
  rax=0x000000000000159d rbx=0x0000000000000010 rcx=0x00000000000000f3 rdx=0x0000000000000006
  rsi=0x0000000000000067 rdi=0x0000000000001101 flags=0b000000000010
  xmm0=0x00001c4500001c450000913f0000913f xmm1=0x00002de300002de30000dfa50000dfa5 
  xmm2=0x0000cd120000cd120000950f0000950f xmm3=0x00006de100006de1000017eb000017eb 
  xmm4=0x00008d0f00008d0f0000df9b0000df9b xmm5=0x000077f9000077f9000043d1000043d1 
  xmm6=0x0000dedd0000dedd0000e3360000e336 xmm7=0x00005ea200005ea200009e8000009e80 

0x56: cmovns si, di
  rax=0x000000000000159d rbx=0x0000000000000010 rcx=0x00000000000000f3 rdx=0x0000000000000006
  rsi=0x00000000000000ac rdi=0x0000000000001101 flags=0b100010000110
  xmm0=0x00001c4500001c450000913f0000913f xmm1=0x00002de300002de30000dfa50000dfa5 
  xmm2=0x0000cd120000cd120000950f0000950f xmm3=0x00006de100006de1000017eb000017eb 
  xmm4=0x00008d0f00008d0f0000df9b0000df9b xmm5=0x000077f9000077f9000043d1000043d1 
  xmm6=0x0000dedd0000dedd0000e3360000e336 xmm7=0x00005ea200005ea200009e8000009e80 

0x5a: cmovbe ebx, edi
  rax=0x000000000000159d rbx=0x0000000000000010 rcx=0x00000000000000f3 rdx=0x0000000000000006
  rsi=0x00000000000000ac rdi=0x0000000000001101 flags=0b100010000110
  xmm0=0x00001c4500001c450000913f0000913f xmm1=0x00002de300002de30000dfa50000dfa5 
  xmm2=0x0000cd120000cd120000950f0000950f xmm3=0x00006de100006de1000017eb000017eb 
  xmm4=0x00008d0f00008d0f0000df9b0000df9b xmm5=0x000077f9000077f9000043d1000043d1 
  xmm6=0x0000dedd0000dedd0000e3360000e336 xmm7=0x00005ea200005ea200009e8000009e80 

0x5d: and rcx, 0b1111111111111
  rax=0x000000000000159d rbx=0x0000000000000010 rcx=0x00000000000000f3 rdx=0x0000000000000006
  rsi=0x00000000000000ac rdi=0x0000000000001101 flags=0b100010000110
  xmm0=0x00001c4500001c450000913f0000913f xmm1=0x00002de300002de30000dfa50000dfa5 
  xmm2=0x0000cd120000cd120000950f0000950f xmm3=0x00006de100006de1000017eb000017eb 
  xmm4=0x00008d0f00008d0f0000df9b0000df9b xmm5=0x000077f9000077f9000043d1000043d1 
  xmm6=0x0000dedd0000dedd0000e3360000e336 xmm7=0x00005ea200005ea200009e8000009e80 

0x64: sub al, [r14 +rcx]
  rax=0x000000000000159d rbx=0x0000000000000010 rcx=0x00000000000000f3 rdx=0x0000000000000006
  rsi=0x00000000000000ac rdi=0x0000000000001101 flags=0b000000000110
  xmm0=0x00001c4500001c450000913f0000913f xmm1=0x00002de300002de30000dfa50000dfa5 
  xmm2=0x0000cd120000cd120000950f0000950f xmm3=0x00006de100006de1000017eb000017eb 
  xmm4=0x00008d0f00008d0f0000df9b0000df9b xmm5=0x000077f9000077f9000043d1000043d1 
  xmm6=0x0000dedd0000dedd0000e3360000e336 xmm7=0x00005ea200005ea200009e8000009e80 

    > load from +0xf3 value 0x0
0x68: and rdx, 0b1111111111111
  rax=0x000000000000159d rbx=0x0000000000000010 rcx=0x00000000000000f3 rdx=0x0000000000000006
  rsi=0x00000000000000ac rdi=0x0000000000001101 flags=0b000010000010
  xmm0=0x00001c4500001c450000913f0000913f xmm1=0x00002de300002de30000dfa50000dfa5 
  xmm2=0x0000cd120000cd120000950f0000950f xmm3=0x00006de100006de1000017eb000017eb 
  xmm4=0x00008d0f00008d0f0000df9b0000df9b xmm5=0x000077f9000077f9000043d1000043d1 
  xmm6=0x0000dedd0000dedd0000e3360000e336 xmm7=0x00005ea200005ea200009e8000009e80 

0x6f: or al, [r14 +rdx]
  rax=0x000000000000159d rbx=0x0000000000000010 rcx=0x00000000000000f3 rdx=0x0000000000000006
  rsi=0x00000000000000ac rdi=0x0000000000001101 flags=0b000000000110
  xmm0=0x00001c4500001c450000913f0000913f xmm1=0x00002de300002de30000dfa50000dfa5 
  xmm2=0x0000cd120000cd120000950f0000950f xmm3=0x00006de100006de1000017eb000017eb 
  xmm4=0x00008d0f00008d0f0000df9b0000df9b xmm5=0x000077f9000077f9000043d1000043d1 
  xmm6=0x0000dedd0000dedd0000e3360000e336 xmm7=0x00005ea200005ea200009e8000009e80 

    > load from +0x6 value 0x1
0x73: and rdx, 0b1111111111111
  rax=0x000000000000159d rbx=0x0000000000000010 rcx=0x00000000000000f3 rdx=0x0000000000000006
  rsi=0x00000000000000ac rdi=0x0000000000001101 flags=0b000010000010
  xmm0=0x00001c4500001c450000913f0000913f xmm1=0x00002de300002de30000dfa50000dfa5 
  xmm2=0x0000cd120000cd120000950f0000950f xmm3=0x00006de100006de1000017eb000017eb 
  xmm4=0x00008d0f00008d0f0000df9b0000df9b xmm5=0x000077f9000077f9000043d1000043d1 
  xmm6=0x0000dedd0000dedd0000e3360000e336 xmm7=0x00005ea200005ea200009e8000009e80 

0x7a: sub al, [r14 +rdx]
  rax=0x000000000000159d rbx=0x0000000000000010 rcx=0x00000000000000f3 rdx=0x0000000000000006
  rsi=0x00000000000000ac rdi=0x0000000000001101 flags=0b000000000110
  xmm0=0x00001c4500001c450000913f0000913f xmm1=0x00002de300002de30000dfa50000dfa5 
  xmm2=0x0000cd120000cd120000950f0000950f xmm3=0x00006de100006de1000017eb000017eb 
  xmm4=0x00008d0f00008d0f0000df9b0000df9b xmm5=0x000077f9000077f9000043d1000043d1 
  xmm6=0x0000dedd0000dedd0000e3360000e336 xmm7=0x00005ea200005ea200009e8000009e80 

    > load from +0x6 value 0x1
0x7e: cld 
  rax=0x000000000000159c rbx=0x0000000000000010 rcx=0x00000000000000f3 rdx=0x0000000000000006
  rsi=0x00000000000000ac rdi=0x0000000000001101 flags=0b000010000110
  xmm0=0x00001c4500001c450000913f0000913f xmm1=0x00002de300002de30000dfa50000dfa5 
  xmm2=0x0000cd120000cd120000950f0000950f xmm3=0x00006de100006de1000017eb000017eb 
  xmm4=0x00008d0f00008d0f0000df9b0000df9b xmm5=0x000077f9000077f9000043d1000043d1 
  xmm6=0x0000dedd0000dedd0000e3360000e336 xmm7=0x00005ea200005ea200009e8000009e80 

0x7f: cmpxchg bl, cl
  rax=0x000000000000159c rbx=0x0000000000000010 rcx=0x00000000000000f3 rdx=0x0000000000000006
  rsi=0x00000000000000ac rdi=0x0000000000001101 flags=0b000010000110
  xmm0=0x00001c4500001c450000913f0000913f xmm1=0x00002de300002de30000dfa50000dfa5 
  xmm2=0x0000cd120000cd120000950f0000950f xmm3=0x00006de100006de1000017eb000017eb 
  xmm4=0x00008d0f00008d0f0000df9b0000df9b xmm5=0x000077f9000077f9000043d1000043d1 
  xmm6=0x0000dedd0000dedd0000e3360000e336 xmm7=0x00005ea200005ea200009e8000009e80 

0x82: not dx
  rax=0x0000000000001510 rbx=0x0000000000000010 rcx=0x00000000000000f3 rdx=0x0000000000000006
  rsi=0x00000000000000ac rdi=0x0000000000001101 flags=0b000010000010
  xmm0=0x00001c4500001c450000913f0000913f xmm1=0x00002de300002de30000dfa50000dfa5 
  xmm2=0x0000cd120000cd120000950f0000950f xmm3=0x00006de100006de1000017eb000017eb 
  xmm4=0x00008d0f00008d0f0000df9b0000df9b xmm5=0x000077f9000077f9000043d1000043d1 
  xmm6=0x0000dedd0000dedd0000e3360000e336 xmm7=0x00005ea200005ea200009e8000009e80 

0x85: and rcx, 0b1111111111111
  rax=0x0000000000001510 rbx=0x0000000000000010 rcx=0x00000000000000f3 rdx=0x000000000000fff9
  rsi=0x00000000000000ac rdi=0x0000000000001101 flags=0b000010000010
  xmm0=0x00001c4500001c450000913f0000913f xmm1=0x00002de300002de30000dfa50000dfa5 
  xmm2=0x0000cd120000cd120000950f0000950f xmm3=0x00006de100006de1000017eb000017eb 
  xmm4=0x00008d0f00008d0f0000df9b0000df9b xmm5=0x000077f9000077f9000043d1000043d1 
  xmm6=0x0000dedd0000dedd0000e3360000e336 xmm7=0x00005ea200005ea200009e8000009e80 

0x8c: mul [r14 +rcx]
  rax=0x0000000000001510 rbx=0x0000000000000010 rcx=0x00000000000000f3 rdx=0x000000000000fff9
  rsi=0x00000000000000ac rdi=0x0000000000001101 flags=0b000000000110
  xmm0=0x00001c4500001c450000913f0000913f xmm1=0x00002de300002de30000dfa50000dfa5 
  xmm2=0x0000cd120000cd120000950f0000950f xmm3=0x00006de100006de1000017eb000017eb 
  xmm4=0x00008d0f00008d0f0000df9b0000df9b xmm5=0x000077f9000077f9000043d1000043d1 
  xmm6=0x0000dedd0000dedd0000e3360000e336 xmm7=0x00005ea200005ea200009e8000009e80 

    > load from +0xf3 value 0xc69c00
0x90: and rbx, 0b1111111111111
  rax=0x000000005735c000 rbx=0x0000000000000010 rcx=0x00000000000000f3 rdx=0x0000000000000010
  rsi=0x00000000000000ac rdi=0x0000000000001101 flags=0b100000000111
  xmm0=0x00001c4500001c450000913f0000913f xmm1=0x00002de300002de30000dfa50000dfa5 
  xmm2=0x0000cd120000cd120000950f0000950f xmm3=0x00006de100006de1000017eb000017eb 
  xmm4=0x00008d0f00008d0f0000df9b0000df9b xmm5=0x000077f9000077f9000043d1000043d1 
  xmm6=0x0000dedd0000dedd0000e3360000e336 xmm7=0x00005ea200005ea200009e8000009e80 

0x97: bt [r14 +rbx], 167
  rax=0x000000005735c000 rbx=0x0000000000000010 rcx=0x00000000000000f3 rdx=0x0000000000000010
  rsi=0x00000000000000ac rdi=0x0000000000001101 flags=0b000000000010
  xmm0=0x00001c4500001c450000913f0000913f xmm1=0x00002de300002de30000dfa50000dfa5 
  xmm2=0x0000cd120000cd120000950f0000950f xmm3=0x00006de100006de1000017eb000017eb 
  xmm4=0x00008d0f00008d0f0000df9b0000df9b xmm5=0x000077f9000077f9000043d1000043d1 
  xmm6=0x0000dedd0000dedd0000e3360000e336 xmm7=0x00005ea200005ea200009e8000009e80 

    > load from +0x10 value 0x38f0000038f0
0x9d: and rdx, 0b1111111111111
  rax=0x000000005735c000 rbx=0x0000000000000010 rcx=0x00000000000000f3 rdx=0x0000000000000010
  rsi=0x00000000000000ac rdi=0x0000000000001101 flags=0b000000000011
  xmm0=0x00001c4500001c450000913f0000913f xmm1=0x00002de300002de30000dfa50000dfa5 
  xmm2=0x0000cd120000cd120000950f0000950f xmm3=0x00006de100006de1000017eb000017eb 
  xmm4=0x00008d0f00008d0f0000df9b0000df9b xmm5=0x000077f9000077f9000043d1000043d1 
  xmm6=0x0000dedd0000dedd0000e3360000e336 xmm7=0x00005ea200005ea200009e8000009e80 

0xa4: sub sil, [r14 +rdx]
  rax=0x000000005735c000 rbx=0x0000000000000010 rcx=0x00000000000000f3 rdx=0x0000000000000010
  rsi=0x00000000000000ac rdi=0x0000000000001101 flags=0b000000000010
  xmm0=0x00001c4500001c450000913f0000913f xmm1=0x00002de300002de30000dfa50000dfa5 
  xmm2=0x0000cd120000cd120000950f0000950f xmm3=0x00006de100006de1000017eb000017eb 
  xmm4=0x00008d0f00008d0f0000df9b0000df9b xmm5=0x000077f9000077f9000043d1000043d1 
  xmm6=0x0000dedd0000dedd0000e3360000e336 xmm7=0x00005ea200005ea200009e8000009e80 

    > load from +0x10 value 0xf0
0xa8: sbb edx, 23
  rax=0x000000005735c000 rbx=0x0000000000000010 rcx=0x00000000000000f3 rdx=0x0000000000000010
  rsi=0x00000000000000bc rdi=0x0000000000001101 flags=0b000010000011
  xmm0=0x00001c4500001c450000913f0000913f xmm1=0x00002de300002de30000dfa50000dfa5 
  xmm2=0x0000cd120000cd120000950f0000950f xmm3=0x00006de100006de1000017eb000017eb 
  xmm4=0x00008d0f00008d0f0000df9b0000df9b xmm5=0x000077f9000077f9000043d1000043d1 
  xmm6=0x0000dedd0000dedd0000e3360000e336 xmm7=0x00005ea200005ea200009e8000009e80 

0xab: and rsi, 0b1111111111111
  rax=0x000000005735c000 rbx=0x0000000000000010 rcx=0x00000000000000f3 rdx=0x00000000fffffff8
  rsi=0x00000000000000bc rdi=0x0000000000001101 flags=0b000010010011
  xmm0=0x00001c4500001c450000913f0000913f xmm1=0x00002de300002de30000dfa50000dfa5 
  xmm2=0x0000cd120000cd120000950f0000950f xmm3=0x00006de100006de1000017eb000017eb 
  xmm4=0x00008d0f00008d0f0000df9b0000df9b xmm5=0x000077f9000077f9000043d1000043d1 
  xmm6=0x0000dedd0000dedd0000e3360000e336 xmm7=0x00005ea200005ea200009e8000009e80 

0xb2: imul rax, [r14 +rsi], 39
  rax=0x000000005735c000 rbx=0x0000000000000010 rcx=0x00000000000000f3 rdx=0x00000000fffffff8
  rsi=0x00000000000000bc rdi=0x0000000000001101 flags=0b000000000010
  xmm0=0x00001c4500001c450000913f0000913f xmm1=0x00002de300002de30000dfa50000dfa5 
  xmm2=0x0000cd120000cd120000950f0000950f xmm3=0x00006de100006de1000017eb000017eb 
  xmm4=0x00008d0f00008d0f0000df9b0000df9b xmm5=0x000077f9000077f9000043d1000043d1 
  xmm6=0x0000dedd0000dedd0000e3360000e336 xmm7=0x00005ea200005ea200009e8000009e80 

    > load from +0xbc value 0xa19200009338
0xb7: and rdx, 0b1111111111111
  rax=0x00189d3e00166d88 rbx=0x0000000000000010 rcx=0x00000000000000f3 rdx=0x00000000fffffff8
  rsi=0x00000000000000bc rdi=0x0000000000001101 flags=0b000000000110
  xmm0=0x00001c4500001c450000913f0000913f xmm1=0x00002de300002de30000dfa50000dfa5 
  xmm2=0x0000cd120000cd120000950f0000950f xmm3=0x00006de100006de1000017eb000017eb 
  xmm4=0x00008d0f00008d0f0000df9b0000df9b xmm5=0x000077f9000077f9000043d1000043d1 
  xmm6=0x0000dedd0000dedd0000e3360000e336 xmm7=0x00005ea200005ea200009e8000009e80 

0xbe: adc cx, [r14 +rdx]
  rax=0x00189d3e00166d88 rbx=0x0000000000000010 rcx=0x00000000000000f3 rdx=0x0000000000001ff8
  rsi=0x00000000000000bc rdi=0x0000000000001101 flags=0b000000000010
  xmm0=0x00001c4500001c450000913f0000913f xmm1=0x00002de300002de30000dfa50000dfa5 
  xmm2=0x0000cd120000cd120000950f0000950f xmm3=0x00006de100006de1000017eb000017eb 
  xmm4=0x00008d0f00008d0f0000df9b0000df9b xmm5=0x000077f9000077f9000043d1000043d1 
  xmm6=0x0000dedd0000dedd0000e3360000e336 xmm7=0x00005ea200005ea200009e8000009e80 

    > load from +0x1ff8 value 0xb976
0xc3: cmovnp rcx, rbx
  rax=0x00189d3e00166d88 rbx=0x0000000000000010 rcx=0x000000000000ba69 rdx=0x0000000000001ff8
  rsi=0x00000000000000bc rdi=0x0000000000001101 flags=0b000010000110
  xmm0=0x00001c4500001c450000913f0000913f xmm1=0x00002de300002de30000dfa50000dfa5 
  xmm2=0x0000cd120000cd120000950f0000950f xmm3=0x00006de100006de1000017eb000017eb 
  xmm4=0x00008d0f00008d0f0000df9b0000df9b xmm5=0x000077f9000077f9000043d1000043d1 
  xmm6=0x0000dedd0000dedd0000e3360000e336 xmm7=0x00005ea200005ea200009e8000009e80 

0xc7: and rsi, 0b1111111111111
  rax=0x00189d3e00166d88 rbx=0x0000000000000010 rcx=0x000000000000ba69 rdx=0x0000000000001ff8
  rsi=0x00000000000000bc rdi=0x0000000000001101 flags=0b000010000110
  xmm0=0x00001c4500001c450000913f0000913f xmm1=0x00002de300002de30000dfa50000dfa5 
  xmm2=0x0000cd120000cd120000950f0000950f xmm3=0x00006de100006de1000017eb000017eb 
  xmm4=0x00008d0f00008d0f0000df9b0000df9b xmm5=0x000077f9000077f9000043d1000043d1 
  xmm6=0x0000dedd0000dedd0000e3360000e336 xmm7=0x00005ea200005ea200009e8000009e80 

0xce: adc rax, [r14 +rsi]
  rax=0x00189d3e00166d88 rbx=0x0000000000000010 rcx=0x000000000000ba69 rdx=0x0000000000001ff8
  rsi=0x00000000000000bc rdi=0x0000000000001101 flags=0b000000000010
  xmm0=0x00001c4500001c450000913f0000913f xmm1=0x00002de300002de30000dfa50000dfa5 
  xmm2=0x0000cd120000cd120000950f0000950f xmm3=0x00006de100006de1000017eb000017eb 
  xmm4=0x00008d0f00008d0f0000df9b0000df9b xmm5=0x000077f9000077f9000043d1000043d1 
  xmm6=0x0000dedd0000dedd0000e3360000e336 xmm7=0x00005ea200005ea200009e8000009e80 

    > load from +0xbc value 0xa19200009338
0xd2: and rsi, 0b1111111111111
  rax=0x00193ed0001700c0 rbx=0x0000000000000010 rcx=0x000000000000ba69 rdx=0x0000000000001ff8
  rsi=0x00000000000000bc rdi=0x0000000000001101 flags=0b000000010110
  xmm0=0x00001c4500001c450000913f0000913f xmm1=0x00002de300002de30000dfa50000dfa5 
  xmm2=0x0000cd120000cd120000950f0000950f xmm3=0x00006de100006de1000017eb000017eb 
  xmm4=0x00008d0f00008d0f0000df9b0000df9b xmm5=0x000077f9000077f9000043d1000043d1 
  xmm6=0x0000dedd0000dedd0000e3360000e336 xmm7=0x00005ea200005ea200009e8000009e80 

0xd9: mov rdx, [r14 +rsi]
  rax=0x00193ed0001700c0 rbx=0x0000000000000010 rcx=0x000000000000ba69 rdx=0x0000000000001ff8
  rsi=0x00000000000000bc rdi=0x0000000000001101 flags=0b000000000010
  xmm0=0x00001c4500001c450000913f0000913f xmm1=0x00002de300002de30000dfa50000dfa5 
  xmm2=0x0000cd120000cd120000950f0000950f xmm3=0x00006de100006de1000017eb000017eb 
  xmm4=0x00008d0f00008d0f0000df9b0000df9b xmm5=0x000077f9000077f9000043d1000043d1 
  xmm6=0x0000dedd0000dedd0000e3360000e336 xmm7=0x00005ea200005ea200009e8000009e80 

    > load from +0xbc value 0xa19200009338
0xdd: and rdi, 0b1111111111111
  rax=0x00193ed0001700c0 rbx=0x0000000000000010 rcx=0x000000000000ba69 rdx=0x0000a19200009338
  rsi=0x00000000000000bc rdi=0x0000000000001101 flags=0b000000000010
  xmm0=0x00001c4500001c450000913f0000913f xmm1=0x00002de300002de30000dfa50000dfa5 
  xmm2=0x0000cd120000cd120000950f0000950f xmm3=0x00006de100006de1000017eb000017eb 
  xmm4=0x00008d0f00008d0f0000df9b0000df9b xmm5=0x000077f9000077f9000043d1000043d1 
  xmm6=0x0000dedd0000dedd0000e3360000e336 xmm7=0x00005ea200005ea200009e8000009e80 

0xe4: movzx rsi, [r14 +rdi]
  rax=0x00193ed0001700c0 rbx=0x0000000000000010 rcx=0x000000000000ba69 rdx=0x0000a19200009338
  rsi=0x00000000000000bc rdi=0x0000000000001101 flags=0b000000000010
  xmm0=0x00001c4500001c450000913f0000913f xmm1=0x00002de300002de30000dfa50000dfa5 
  xmm2=0x0000cd120000cd120000950f0000950f xmm3=0x00006de100006de1000017eb000017eb 
  xmm4=0x00008d0f00008d0f0000df9b0000df9b xmm5=0x000077f9000077f9000043d1000043d1 
  xmm6=0x0000dedd0000dedd0000e3360000e336 xmm7=0x00005ea200005ea200009e8000009e80 

    > load from +0x1101 value 0x5
0xe9: and ax, 28108
  rax=0x00193ed0001700c0 rbx=0x0000000000000010 rcx=0x000000000000ba69 rdx=0x0000a19200009338
  rsi=0x0000000000000005 rdi=0x0000000000001101 flags=0b000000000010
  xmm0=0x00001c4500001c450000913f0000913f xmm1=0x00002de300002de30000dfa50000dfa5 
  xmm2=0x0000cd120000cd120000950f0000950f xmm3=0x00006de100006de1000017eb000017eb 
  xmm4=0x00008d0f00008d0f0000df9b0000df9b xmm5=0x000077f9000077f9000043d1000043d1 
  xmm6=0x0000dedd0000dedd0000e3360000e336 xmm7=0x00005ea200005ea200009e8000009e80 

0xed: or di, 0b1000000000000000
  rax=0x00193ed0001700c0 rbx=0x0000000000000010 rcx=0x000000000000ba69 rdx=0x0000a19200009338
  rsi=0x0000000000000005 rdi=0x0000000000001101 flags=0b000000000110
  xmm0=0x00001c4500001c450000913f0000913f xmm1=0x00002de300002de30000dfa50000dfa5 
  xmm2=0x0000cd120000cd120000950f0000950f xmm3=0x00006de100006de1000017eb000017eb 
  xmm4=0x00008d0f00008d0f0000df9b0000df9b xmm5=0x000077f9000077f9000043d1000043d1 
  xmm6=0x0000dedd0000dedd0000e3360000e336 xmm7=0x00005ea200005ea200009e8000009e80 

0xf2: bsr bx, di
  rax=0x00193ed0001700c0 rbx=0x0000000000000010 rcx=0x000000000000ba69 rdx=0x0000a19200009338
  rsi=0x0000000000000005 rdi=0x0000000000009101 flags=0b000010000010
  xmm0=0x00001c4500001c450000913f0000913f xmm1=0x00002de300002de30000dfa50000dfa5 
  xmm2=0x0000cd120000cd120000950f0000950f xmm3=0x00006de100006de1000017eb000017eb 
  xmm4=0x00008d0f00008d0f0000df9b0000df9b xmm5=0x000077f9000077f9000043d1000043d1 
  xmm6=0x0000dedd0000dedd0000e3360000e336 xmm7=0x00005ea200005ea200009e8000009e80 

0xf6: and rsi, 0b1111111111111
  rax=0x00193ed0001700c0 rbx=0x000000000000000f rcx=0x000000000000ba69 rdx=0x0000a19200009338
  rsi=0x0000000000000005 rdi=0x0000000000009101 flags=0b000010000010
  xmm0=0x00001c4500001c450000913f0000913f xmm1=0x00002de300002de30000dfa50000dfa5 
  xmm2=0x0000cd120000cd120000950f0000950f xmm3=0x00006de100006de1000017eb000017eb 
  xmm4=0x00008d0f00008d0f0000df9b0000df9b xmm5=0x000077f9000077f9000043d1000043d1 
  xmm6=0x0000dedd0000dedd0000e3360000e336 xmm7=0x00005ea200005ea200009e8000009e80 

0xfd: mov edi, [r14 +rsi]
  rax=0x00193ed0001700c0 rbx=0x000000000000000f rcx=0x000000000000ba69 rdx=0x0000a19200009338
  rsi=0x0000000000000005 rdi=0x0000000000009101 flags=0b000000000110
  xmm0=0x00001c4500001c450000913f0000913f xmm1=0x00002de300002de30000dfa50000dfa5 
  xmm2=0x0000cd120000cd120000950f0000950f xmm3=0x00006de100006de1000017eb000017eb 
  xmm4=0x00008d0f00008d0f0000df9b0000df9b xmm5=0x000077f9000077f9000043d1000043d1 
  xmm6=0x0000dedd0000dedd0000e3360000e336 xmm7=0x00005ea200005ea200009e8000009e80 

    > load from +0x5 value 0x530001fb
0x101: and rdi, 0b1111111111111
  rax=0x00193ed0001700c0 rbx=0x000000000000000f rcx=0x000000000000ba69 rdx=0x0000a19200009338
  rsi=0x0000000000000005 rdi=0x00000000530001fb flags=0b000000000110
  xmm0=0x00001c4500001c450000913f0000913f xmm1=0x00002de300002de30000dfa50000dfa5 
  xmm2=0x0000cd120000cd120000950f0000950f xmm3=0x00006de100006de1000017eb000017eb 
  xmm4=0x00008d0f00008d0f0000df9b0000df9b xmm5=0x000077f9000077f9000043d1000043d1 
  xmm6=0x0000dedd0000dedd0000e3360000e336 xmm7=0x00005ea200005ea200009e8000009e80 

0x108: imul eax, [r14 +rdi], -31
  rax=0x00193ed0001700c0 rbx=0x000000000000000f rcx=0x000000000000ba69 rdx=0x0000a19200009338
  rsi=0x0000000000000005 rdi=0x00000000000001fb flags=0b000000000010
  xmm0=0x00001c4500001c450000913f0000913f xmm1=0x00002de300002de30000dfa50000dfa5 
  xmm2=0x0000cd120000cd120000950f0000950f xmm3=0x00006de100006de1000017eb000017eb 
  xmm4=0x00008d0f00008d0f0000df9b0000df9b xmm5=0x000077f9000077f9000043d1000043d1 
  xmm6=0x0000dedd0000dedd0000e3360000e336 xmm7=0x00005ea200005ea200009e8000009e80 

    > load from +0x1fb value 0xcab900
0x10d: and rsi, 0b1111111111111
  rax=0x00000000e7739900 rbx=0x000000000000000f rcx=0x000000000000ba69 rdx=0x0000a19200009338
  rsi=0x0000000000000005 rdi=0x00000000000001fb flags=0b000010000110
  xmm0=0x00001c4500001c450000913f0000913f xmm1=0x00002de300002de30000dfa50000dfa5 
  xmm2=0x0000cd120000cd120000950f0000950f xmm3=0x00006de100006de1000017eb000017eb 
  xmm4=0x00008d0f00008d0f0000df9b0000df9b xmm5=0x000077f9000077f9000043d1000043d1 
  xmm6=0x0000dedd0000dedd0000e3360000e336 xmm7=0x00005ea200005ea200009e8000009e80 

0x114: adc bl, [r14 +rsi]
  rax=0x00000000e7739900 rbx=0x000000000000000f rcx=0x000000000000ba69 rdx=0x0000a19200009338
  rsi=0x0000000000000005 rdi=0x00000000000001fb flags=0b000000000110
  xmm0=0x00001c4500001c450000913f0000913f xmm1=0x00002de300002de30000dfa50000dfa5 
  xmm2=0x0000cd120000cd120000950f0000950f xmm3=0x00006de100006de1000017eb000017eb 
  xmm4=0x00008d0f00008d0f0000df9b0000df9b xmm5=0x000077f9000077f9000043d1000043d1 
  xmm6=0x0000dedd0000dedd0000e3360000e336 xmm7=0x00005ea200005ea200009e8000009e80 

    > load from +0x5 value 0xfb
0x118: and rsi, 0b1111111111111
  rax=0x00000000e7739900 rbx=0x000000000000000a rcx=0x000000000000ba69 rdx=0x0000a19200009338
  rsi=0x0000000000000005 rdi=0x00000000000001fb flags=0b000000010111
  xmm0=0x00001c4500001c450000913f0000913f xmm1=0x00002de300002de30000dfa50000dfa5 
  xmm2=0x0000cd120000cd120000950f0000950f xmm3=0x00006de100006de1000017eb000017eb 
  xmm4=0x00008d0f00008d0f0000df9b0000df9b xmm5=0x000077f9000077f9000043d1000043d1 
  xmm6=0x0000dedd0000dedd0000e3360000e336 xmm7=0x00005ea200005ea200009e8000009e80 

0x11f: cmp ecx, [r14 +rsi]
  rax=0x00000000e7739900 rbx=0x000000000000000a rcx=0x000000000000ba69 rdx=0x0000a19200009338
  rsi=0x0000000000000005 rdi=0x00000000000001fb flags=0b000000000110
  xmm0=0x00001c4500001c450000913f0000913f xmm1=0x00002de300002de30000dfa50000dfa5 
  xmm2=0x0000cd120000cd120000950f0000950f xmm3=0x00006de100006de1000017eb000017eb 
  xmm4=0x00008d0f00008d0f0000df9b0000df9b xmm5=0x000077f9000077f9000043d1000043d1 
  xmm6=0x0000dedd0000dedd0000e3360000e336 xmm7=0x00005ea200005ea200009e8000009e80 

    > load from +0x5 value 0x530001fb
0x123: and rax, 0b1111111111111
  rax=0x00000000e7739900 rbx=0x000000000000000a rcx=0x000000000000ba69 rdx=0x0000a19200009338
  rsi=0x0000000000000005 rdi=0x00000000000001fb flags=0b000010010011
  xmm0=0x00001c4500001c450000913f0000913f xmm1=0x00002de300002de30000dfa50000dfa5 
  xmm2=0x0000cd120000cd120000950f0000950f xmm3=0x00006de100006de1000017eb000017eb 
  xmm4=0x00008d0f00008d0f0000df9b0000df9b xmm5=0x000077f9000077f9000043d1000043d1 
  xmm6=0x0000dedd0000dedd0000e3360000e336 xmm7=0x00005ea200005ea200009e8000009e80 

0x129: cmovbe cx, [r14 +rax]
  rax=0x0000000000001900 rbx=0x000000000000000a rcx=0x000000000000ba69 rdx=0x0000a19200009338
  rsi=0x0000000000000005 rdi=0x00000000000001fb flags=0b000000000110
  xmm0=0x00001c4500001c450000913f0000913f xmm1=0x00002de300002de30000dfa50000dfa5 
  xmm2=0x0000cd120000cd120000950f0000950f xmm3=0x00006de100006de1000017eb000017eb 
  xmm4=0x00008d0f00008d0f0000df9b0000df9b xmm5=0x000077f9000077f9000043d1000043d1 
  xmm6=0x0000dedd0000dedd0000e3360000e336 xmm7=0x00005ea200005ea200009e8000009e80 

    > load from +0x1900 value 0x422b
0x12f: cmovnl edi, esi
  rax=0x0000000000001900 rbx=0x000000000000000a rcx=0x000000000000ba69 rdx=0x0000a19200009338
  rsi=0x0000000000000005 rdi=0x00000000000001fb flags=0b000000000110
  xmm0=0x00001c4500001c450000913f0000913f xmm1=0x00002de300002de30000dfa50000dfa5 
  xmm2=0x0000cd120000cd120000950f0000950f xmm3=0x00006de100006de1000017eb000017eb 
  xmm4=0x00008d0f00008d0f0000df9b0000df9b xmm5=0x000077f9000077f9000043d1000043d1 
  xmm6=0x0000dedd0000dedd0000e3360000e336 xmm7=0x00005ea200005ea200009e8000009e80 

0x132: test ebx, -746246322
  rax=0x0000000000001900 rbx=0x000000000000000a rcx=0x000000000000ba69 rdx=0x0000a19200009338
  rsi=0x0000000000000005 rdi=0x0000000000000005 flags=0b000000000110
  xmm0=0x00001c4500001c450000913f0000913f xmm1=0x00002de300002de30000dfa50000dfa5 
  xmm2=0x0000cd120000cd120000950f0000950f xmm3=0x00006de100006de1000017eb000017eb 
  xmm4=0x00008d0f00008d0f0000df9b0000df9b xmm5=0x000077f9000077f9000043d1000043d1 
  xmm6=0x0000dedd0000dedd0000e3360000e336 xmm7=0x00005ea200005ea200009e8000009e80 

0x138: adc bl, cl
  rax=0x0000000000001900 rbx=0x000000000000000a rcx=0x000000000000ba69 rdx=0x0000a19200009338
  rsi=0x0000000000000005 rdi=0x0000000000000005 flags=0b000000000110
  xmm0=0x00001c4500001c450000913f0000913f xmm1=0x00002de300002de30000dfa50000dfa5 
  xmm2=0x0000cd120000cd120000950f0000950f xmm3=0x00006de100006de1000017eb000017eb 
  xmm4=0x00008d0f00008d0f0000df9b0000df9b xmm5=0x000077f9000077f9000043d1000043d1 
  xmm6=0x0000dedd0000dedd0000e3360000e336 xmm7=0x00005ea200005ea200009e8000009e80 

0x13a: and rcx, 0b1111111111111
  rax=0x0000000000001900 rbx=0x0000000000000073 rcx=0x000000000000ba69 rdx=0x0000a19200009338
  rsi=0x0000000000000005 rdi=0x0000000000000005 flags=0b000000010010
  xmm0=0x00001c4500001c450000913f0000913f xmm1=0x00002de300002de30000dfa50000dfa5 
  xmm2=0x0000cd120000cd120000950f0000950f xmm3=0x00006de100006de1000017eb000017eb 
  xmm4=0x00008d0f00008d0f0000df9b0000df9b xmm5=0x000077f9000077f9000043d1000043d1 
  xmm6=0x0000dedd0000dedd0000e3360000e336 xmm7=0x00005ea200005ea200009e8000009e80 

0x141: or [r14 +rcx], 1
  rax=0x0000000000001900 rbx=0x0000000000000073 rcx=0x0000000000001a69 rdx=0x0000a19200009338
  rsi=0x0000000000000005 rdi=0x0000000000000005 flags=0b000000000110
  xmm0=0x00001c4500001c450000913f0000913f xmm1=0x00002de300002de30000dfa50000dfa5 
  xmm2=0x0000cd120000cd120000950f0000950f xmm3=0x00006de100006de1000017eb000017eb 
  xmm4=0x00008d0f00008d0f0000df9b0000df9b xmm5=0x000077f9000077f9000043d1000043d1 
  xmm6=0x0000dedd0000dedd0000e3360000e336 xmm7=0x00005ea200005ea200009e8000009e80 

    > load from +0x1a69 value 0x950000d9
    > store to +0x1a69 value 0x950000d9
0x146: and edx, [r14 +rcx]
  rax=0x0000000000001900 rbx=0x0000000000000073 rcx=0x0000000000001a69 rdx=0x0000a19200009338
  rsi=0x0000000000000005 rdi=0x0000000000000005 flags=0b000010000010
  xmm0=0x00001c4500001c450000913f0000913f xmm1=0x00002de300002de30000dfa50000dfa5 
  xmm2=0x0000cd120000cd120000950f0000950f xmm3=0x00006de100006de1000017eb000017eb 
  xmm4=0x00008d0f00008d0f0000df9b0000df9b xmm5=0x000077f9000077f9000043d1000043d1 
  xmm6=0x0000dedd0000dedd0000e3360000e336 xmm7=0x00005ea200005ea200009e8000009e80 

    > load from +0x1a69 value 0x950000d9
0x14a: shr edx, 1
  rax=0x0000000000001900 rbx=0x0000000000000073 rcx=0x0000000000001a69 rdx=0x0000000000000018
  rsi=0x0000000000000005 rdi=0x0000000000000005 flags=0b000000000110
  xmm0=0x00001c4500001c450000913f0000913f xmm1=0x00002de300002de30000dfa50000dfa5 
  xmm2=0x0000cd120000cd120000950f0000950f xmm3=0x00006de100006de1000017eb000017eb 
  xmm4=0x00008d0f00008d0f0000df9b0000df9b xmm5=0x000077f9000077f9000043d1000043d1 
  xmm6=0x0000dedd0000dedd0000e3360000e336 xmm7=0x00005ea200005ea200009e8000009e80 

0x14c: div [r14 +rcx]
  rax=0x0000000000001900 rbx=0x0000000000000073 rcx=0x0000000000001a69 rdx=0x000000000000000c
  rsi=0x0000000000000005 rdi=0x0000000000000005 flags=0b000000000110
  xmm0=0x00001c4500001c450000913f0000913f xmm1=0x00002de300002de30000dfa50000dfa5 
  xmm2=0x0000cd120000cd120000950f0000950f xmm3=0x00006de100006de1000017eb000017eb 
  xmm4=0x00008d0f00008d0f0000df9b0000df9b xmm5=0x000077f9000077f9000043d1000043d1 
  xmm6=0x0000dedd0000dedd0000e3360000e336 xmm7=0x00005ea200005ea200009e8000009e80 

    > load from +0x1a69 value 0x950000d9
0x150: and rsi, 0b1111111111111
  rax=0x0000000000000014 rbx=0x0000000000000073 rcx=0x0000000000001a69 rdx=0x000000005c00080c
  rsi=0x0000000000000005 rdi=0x0000000000000005 flags=0b000000000110
  xmm0=0x00001c4500001c450000913f0000913f xmm1=0x00002de300002de30000dfa50000dfa5 
  xmm2=0x0000cd120000cd120000950f0000950f xmm3=0x00006de100006de1000017eb000017eb 
  xmm4=0x00008d0f00008d0f0000df9b0000df9b xmm5=0x000077f9000077f9000043d1000043d1 
  xmm6=0x0000dedd0000dedd0000e3360000e336 xmm7=0x00005ea200005ea200009e8000009e80 

0x157: add cl, [r14 +rsi]
  rax=0x0000000000000014 rbx=0x0000000000000073 rcx=0x0000000000001a69 rdx=0x000000005c00080c
  rsi=0x0000000000000005 rdi=0x0000000000000005 flags=0b000000000110
  xmm0=0x00001c4500001c450000913f0000913f xmm1=0x00002de300002de30000dfa50000dfa5 
  xmm2=0x0000cd120000cd120000950f0000950f xmm3=0x00006de100006de1000017eb000017eb 
  xmm4=0x00008d0f00008d0f0000df9b0000df9b xmm5=0x000077f9000077f9000043d1000043d1 
  xmm6=0x0000dedd0000dedd0000e3360000e336 xmm7=0x00005ea200005ea200009e8000009e80 

    > load from +0x5 value 0xfb
0x15b: test dl, al
  rax=0x0000000000000014 rbx=0x0000000000000073 rcx=0x0000000000001a64 rdx=0x000000005c00080c
  rsi=0x0000000000000005 rdi=0x0000000000000005 flags=0b000000010011
  xmm0=0x00001c4500001c450000913f0000913f xmm1=0x00002de300002de30000dfa50000dfa5 
  xmm2=0x0000cd120000cd120000950f0000950f xmm3=0x00006de100006de1000017eb000017eb 
  xmm4=0x00008d0f00008d0f0000df9b0000df9b xmm5=0x000077f9000077f9000043d1000043d1 
  xmm6=0x0000dedd0000dedd0000e3360000e336 xmm7=0x00005ea200005ea200009e8000009e80 

0x15d: and rdi, 0b1111111111111
  rax=0x0000000000000014 rbx=0x0000000000000073 rcx=0x0000000000001a64 rdx=0x000000005c00080c
  rsi=0x0000000000000005 rdi=0x0000000000000005 flags=0b000000000010
  xmm0=0x00001c4500001c450000913f0000913f xmm1=0x00002de300002de30000dfa50000dfa5 
  xmm2=0x0000cd120000cd120000950f0000950f xmm3=0x00006de100006de1000017eb000017eb 
  xmm4=0x00008d0f00008d0f0000df9b0000df9b xmm5=0x000077f9000077f9000043d1000043d1 
  xmm6=0x0000dedd0000dedd0000e3360000e336 xmm7=0x00005ea200005ea200009e8000009e80 

0x164: movzx edx, [r14 +rdi]
  rax=0x0000000000000014 rbx=0x0000000000000073 rcx=0x0000000000001a64 rdx=0x000000005c00080c
  rsi=0x0000000000000005 rdi=0x0000000000000005 flags=0b000000000110
  xmm0=0x00001c4500001c450000913f0000913f xmm1=0x00002de300002de30000dfa50000dfa5 
  xmm2=0x0000cd120000cd120000950f0000950f xmm3=0x00006de100006de1000017eb000017eb 
  xmm4=0x00008d0f00008d0f0000df9b0000df9b xmm5=0x000077f9000077f9000043d1000043d1 
  xmm6=0x0000dedd0000dedd0000e3360000e336 xmm7=0x00005ea200005ea200009e8000009e80 

    > load from +0x5 value 0xfb
0x169: lea edx, rdi
  rax=0x0000000000000014 rbx=0x0000000000000073 rcx=0x0000000000001a64 rdx=0x00000000000000fb
  rsi=0x0000000000000005 rdi=0x0000000000000005 flags=0b000000000110
  xmm0=0x00001c4500001c450000913f0000913f xmm1=0x00002de300002de30000dfa50000dfa5 
  xmm2=0x0000cd120000cd120000950f0000950f xmm3=0x00006de100006de1000017eb000017eb 
  xmm4=0x00008d0f00008d0f0000df9b0000df9b xmm5=0x000077f9000077f9000043d1000043d1 
  xmm6=0x0000dedd0000dedd0000e3360000e336 xmm7=0x00005ea200005ea200009e8000009e80 

0x16b: cmovo rdx, rbx
  rax=0x0000000000000014 rbx=0x0000000000000073 rcx=0x0000000000001a64 rdx=0x0000000000000005
  rsi=0x0000000000000005 rdi=0x0000000000000005 flags=0b000000000110
  xmm0=0x00001c4500001c450000913f0000913f xmm1=0x00002de300002de30000dfa50000dfa5 
  xmm2=0x0000cd120000cd120000950f0000950f xmm3=0x00006de100006de1000017eb000017eb 
  xmm4=0x00008d0f00008d0f0000df9b0000df9b xmm5=0x000077f9000077f9000043d1000043d1 
  xmm6=0x0000dedd0000dedd0000e3360000e336 xmm7=0x00005ea200005ea200009e8000009e80 

0x16f: test rdx, 100159637
  rax=0x0000000000000014 rbx=0x0000000000000073 rcx=0x0000000000001a64 rdx=0x0000000000000005
  rsi=0x0000000000000005 rdi=0x0000000000000005 flags=0b000000000110
  xmm0=0x00001c4500001c450000913f0000913f xmm1=0x00002de300002de30000dfa50000dfa5 
  xmm2=0x0000cd120000cd120000950f0000950f xmm3=0x00006de100006de1000017eb000017eb 
  xmm4=0x00008d0f00008d0f0000df9b0000df9b xmm5=0x000077f9000077f9000043d1000043d1 
  xmm6=0x0000dedd0000dedd0000e3360000e336 xmm7=0x00005ea200005ea200009e8000009e80 

0x176: and rsi, 0b1111111111111
  rax=0x0000000000000014 rbx=0x0000000000000073 rcx=0x0000000000001a64 rdx=0x0000000000000005
  rsi=0x0000000000000005 rdi=0x0000000000000005 flags=0b000000000110
  xmm0=0x00001c4500001c450000913f0000913f xmm1=0x00002de300002de30000dfa50000dfa5 
  xmm2=0x0000cd120000cd120000950f0000950f xmm3=0x00006de100006de1000017eb000017eb 
  xmm4=0x00008d0f00008d0f0000df9b0000df9b xmm5=0x000077f9000077f9000043d1000043d1 
  xmm6=0x0000dedd0000dedd0000e3360000e336 xmm7=0x00005ea200005ea200009e8000009e80 

0x17d: add si, [r14 +rsi]
  rax=0x0000000000000014 rbx=0x0000000000000073 rcx=0x0000000000001a64 rdx=0x0000000000000005
  rsi=0x0000000000000005 rdi=0x0000000000000005 flags=0b000000000110
  xmm0=0x00001c4500001c450000913f0000913f xmm1=0x00002de300002de30000dfa50000dfa5 
  xmm2=0x0000cd120000cd120000950f0000950f xmm3=0x00006de100006de1000017eb000017eb 
  xmm4=0x00008d0f00008d0f0000df9b0000df9b xmm5=0x000077f9000077f9000043d1000043d1 
  xmm6=0x0000dedd0000dedd0000e3360000e336 xmm7=0x00005ea200005ea200009e8000009e80 

    > load from +0x5 value 0x1fb
0x182: macro .switch, .actor2.function_actor2_1
  rax=0x0000000000000014 rbx=0x0000000000000073 rcx=0x0000000000001a64 rdx=0x0000000000000005
  rsi=0x0000000000000200 rdi=0x0000000000000005 flags=0b000000010110
  xmm0=0x00001c4500001c450000913f0000913f xmm1=0x00002de300002de30000dfa50000dfa5 
  xmm2=0x0000cd120000cd120000950f0000950f xmm3=0x00006de100006de1000017eb000017eb 
  xmm4=0x00008d0f00008d0f0000df9b0000df9b xmm5=0x000077f9000077f9000043d1000043d1 
  xmm6=0x0000dedd0000dedd0000e3360000e336 xmm7=0x00005ea200005ea200009e8000009e80 

0x3195: pushfq 
  rax=0x0000000000000014 rbx=0x0000000000000073 rcx=0x0000000000001a64 rdx=0x0000000000000005
  rsi=0x0000000000000200 rdi=0x0000000000000005 flags=0b000000010110
  xmm0=0x00001c4500001c450000913f0000913f xmm1=0x00002de300002de30000dfa50000dfa5 
  xmm2=0x0000cd120000cd120000950f0000950f xmm3=0x00006de100006de1000017eb000017eb 
  xmm4=0x00008d0f00008d0f0000df9b0000df9b xmm5=0x000077f9000077f9000043d1000043d1 
  xmm6=0x0000dedd0000dedd0000e3360000e336 xmm7=0x00005ea200005ea200009e8000009e80 

    > store to +0x4ff0 value 0x16
0x3196: push rax
  rax=0x0000000000000014 rbx=0x0000000000000073 rcx=0x0000000000001a64 rdx=0x0000000000000005
  rsi=0x0000000000000200 rdi=0x0000000000000005 flags=0b000000010110
  xmm0=0x00001c4500001c450000913f0000913f xmm1=0x00002de300002de30000dfa50000dfa5 
  xmm2=0x0000cd120000cd120000950f0000950f xmm3=0x00006de100006de1000017eb000017eb 
  xmm4=0x00008d0f00008d0f0000df9b0000df9b xmm5=0x000077f9000077f9000043d1000043d1 
  xmm6=0x0000dedd0000dedd0000e3360000e336 xmm7=0x00005ea200005ea200009e8000009e80 

    > store to +0x4fe8 value 0x14
0x3197: push rcx
  rax=0x0000000000000014 rbx=0x0000000000000073 rcx=0x0000000000001a64 rdx=0x0000000000000005
  rsi=0x0000000000000200 rdi=0x0000000000000005 flags=0b000000010110
  xmm0=0x00001c4500001c450000913f0000913f xmm1=0x00002de300002de30000dfa50000dfa5 
  xmm2=0x0000cd120000cd120000950f0000950f xmm3=0x00006de100006de1000017eb000017eb 
  xmm4=0x00008d0f00008d0f0000df9b0000df9b xmm5=0x000077f9000077f9000043d1000043d1 
  xmm6=0x0000dedd0000dedd0000e3360000e336 xmm7=0x00005ea200005ea200009e8000009e80 

    > store to +0x4fe0 value 0x1a64
0x3198: push rdx
  rax=0x0000000000000014 rbx=0x0000000000000073 rcx=0x0000000000001a64 rdx=0x0000000000000005
  rsi=0x0000000000000200 rdi=0x0000000000000005 flags=0b000000010110
  xmm0=0x00001c4500001c450000913f0000913f xmm1=0x00002de300002de30000dfa50000dfa5 
  xmm2=0x0000cd120000cd120000950f0000950f xmm3=0x00006de100006de1000017eb000017eb 
  xmm4=0x00008d0f00008d0f0000df9b0000df9b xmm5=0x000077f9000077f9000043d1000043d1 
  xmm6=0x0000dedd0000dedd0000e3360000e336 xmm7=0x00005ea200005ea200009e8000009e80 

    > store to +0x4fd8 value 0x5
0x3199: mov ecx, 0x48
  rax=0x0000000000000014 rbx=0x0000000000000073 rcx=0x0000000000001a64 rdx=0x0000000000000005
  rsi=0x0000000000000200 rdi=0x0000000000000005 flags=0b000000010110
  xmm0=0x00001c4500001c450000913f0000913f xmm1=0x00002de300002de30000dfa50000dfa5 
  xmm2=0x0000cd120000cd120000950f0000950f xmm3=0x00006de100006de1000017eb000017eb 
  xmm4=0x00008d0f00008d0f0000df9b0000df9b xmm5=0x000077f9000077f9000043d1000043d1 
  xmm6=0x0000dedd0000dedd0000e3360000e336 xmm7=0x00005ea200005ea200009e8000009e80 

0x319e: rdmsr 
  rax=0x0000000000000014 rbx=0x0000000000000073 rcx=0x0000000000000048 rdx=0x0000000000000005
  rsi=0x0000000000000200 rdi=0x0000000000000005 flags=0b000000010110
  xmm0=0x00001c4500001c450000913f0000913f xmm1=0x00002de300002de30000dfa50000dfa5 
  xmm2=0x0000cd120000cd120000950f0000950f xmm3=0x00006de100006de1000017eb000017eb 
  xmm4=0x00008d0f00008d0f0000df9b0000df9b xmm5=0x000077f9000077f9000043d1000043d1 
  xmm6=0x0000dedd0000dedd0000e3360000e336 xmm7=0x00005ea200005ea200009e8000009e80 

0x31a0: and eax, 0xfffffffb
  rax=0x0000000000000000 rbx=0x0000000000000073 rcx=0x0000000000000048 rdx=0x0000000000000000
  rsi=0x0000000000000200 rdi=0x0000000000000005 flags=0b000000010110
  xmm0=0x00001c4500001c450000913f0000913f xmm1=0x00002de300002de30000dfa50000dfa5 
  xmm2=0x0000cd120000cd120000950f0000950f xmm3=0x00006de100006de1000017eb000017eb 
  xmm4=0x00008d0f00008d0f0000df9b0000df9b xmm5=0x000077f9000077f9000043d1000043d1 
  xmm6=0x0000dedd0000dedd0000e3360000e336 xmm7=0x00005ea200005ea200009e8000009e80 

0x31a3: or eax, 0x100
  rax=0x0000000000000000 rbx=0x0000000000000073 rcx=0x0000000000000048 rdx=0x0000000000000000
  rsi=0x0000000000000200 rdi=0x0000000000000005 flags=0b000001000110
  xmm0=0x00001c4500001c450000913f0000913f xmm1=0x00002de300002de30000dfa50000dfa5 
  xmm2=0x0000cd120000cd120000950f0000950f xmm3=0x00006de100006de1000017eb000017eb 
  xmm4=0x00008d0f00008d0f0000df9b0000df9b xmm5=0x000077f9000077f9000043d1000043d1 
  xmm6=0x0000dedd0000dedd0000e3360000e336 xmm7=0x00005ea200005ea200009e8000009e80 

0x31a8: wrmsr 
  rax=0x0000000000000100 rbx=0x0000000000000073 rcx=0x0000000000000048 rdx=0x0000000000000000
  rsi=0x0000000000000200 rdi=0x0000000000000005 flags=0b000000000110
  xmm0=0x00001c4500001c450000913f0000913f xmm1=0x00002de300002de30000dfa50000dfa5 
  xmm2=0x0000cd120000cd120000950f0000950f xmm3=0x00006de100006de1000017eb000017eb 
  xmm4=0x00008d0f00008d0f0000df9b0000df9b xmm5=0x000077f9000077f9000043d1000043d1 
  xmm6=0x0000dedd0000dedd0000e3360000e336 xmm7=0x00005ea200005ea200009e8000009e80 

0x31aa: mfence 
  rax=0x0000000000000100 rbx=0x0000000000000073 rcx=0x0000000000000048 rdx=0x0000000000000000
  rsi=0x0000000000000200 rdi=0x0000000000000005 flags=0b000000000110
  xmm0=0x00001c4500001c450000913f0000913f xmm1=0x00002de300002de30000dfa50000dfa5 
  xmm2=0x0000cd120000cd120000950f0000950f xmm3=0x00006de100006de1000017eb000017eb 
  xmm4=0x00008d0f00008d0f0000df9b0000df9b xmm5=0x000077f9000077f9000043d1000043d1 
  xmm6=0x0000dedd0000dedd0000e3360000e336 xmm7=0x00005ea200005ea200009e8000009e80 

0x31ad: lfence 
  rax=0x0000000000000100 rbx=0x0000000000000073 rcx=0x0000000000000048 rdx=0x0000000000000000
  rsi=0x0000000000000200 rdi=0x0000000000000005 flags=0b000000000110
  xmm0=0x00001c4500001c450000913f0000913f xmm1=0x00002de300002de30000dfa50000dfa5 
  xmm2=0x0000cd120000cd120000950f0000950f xmm3=0x00006de100006de1000017eb000017eb 
  xmm4=0x00008d0f00008d0f0000df9b0000df9b xmm5=0x000077f9000077f9000043d1000043d1 
  xmm6=0x0000dedd0000dedd0000e3360000e336 xmm7=0x00005ea200005ea200009e8000009e80 

0x31b0: macro .measurement_end, .noarg
  rax=0x0000000000000100 rbx=0x0000000000000073 rcx=0x0000000000000048 rdx=0x0000000000000000
  rsi=0x0000000000000200 rdi=0x0000000000000005 flags=0b000000000110
  xmm0=0x00001c4500001c450000913f0000913f xmm1=0x00002de300002de30000dfa50000dfa5 
  xmm2=0x0000cd120000cd120000950f0000950f xmm3=0x00006de100006de1000017eb000017eb 
  xmm4=0x00008d0f00008d0f0000df9b0000df9b xmm5=0x000077f9000077f9000043d1000043d1 
  xmm6=0x0000dedd0000dedd0000e3360000e336 xmm7=0x00005ea200005ea200009e8000009e80 

0x31b8: mov ecx, 0x48
  rax=0x0000000000000100 rbx=0x0000000000000073 rcx=0x0000000000000048 rdx=0x0000000000000000
  rsi=0x0000000000000200 rdi=0x0000000000000005 flags=0b000000000110
  xmm0=0x00001c4500001c450000913f0000913f xmm1=0x00002de300002de30000dfa50000dfa5 
  xmm2=0x0000cd120000cd120000950f0000950f xmm3=0x00006de100006de1000017eb000017eb 
  xmm4=0x00008d0f00008d0f0000df9b0000df9b xmm5=0x000077f9000077f9000043d1000043d1 
  xmm6=0x0000dedd0000dedd0000e3360000e336 xmm7=0x00005ea200005ea200009e8000009e80 

0x31bd: rdmsr 
  rax=0x0000000000000100 rbx=0x0000000000000073 rcx=0x0000000000000048 rdx=0x0000000000000000
  rsi=0x0000000000000200 rdi=0x0000000000000005 flags=0b000000000110
  xmm0=0x00001c4500001c450000913f0000913f xmm1=0x00002de300002de30000dfa50000dfa5 
  xmm2=0x0000cd120000cd120000950f0000950f xmm3=0x00006de100006de1000017eb000017eb 
  xmm4=0x00008d0f00008d0f0000df9b0000df9b xmm5=0x000077f9000077f9000043d1000043d1 
  xmm6=0x0000dedd0000dedd0000e3360000e336 xmm7=0x00005ea200005ea200009e8000009e80 

0x31bf: and eax, 0xfffffffb
  rax=0x0000000000000000 rbx=0x0000000000000073 rcx=0x0000000000000048 rdx=0x0000000000000000
  rsi=0x0000000000000200 rdi=0x0000000000000005 flags=0b000000000110
  xmm0=0x00001c4500001c450000913f0000913f xmm1=0x00002de300002de30000dfa50000dfa5 
  xmm2=0x0000cd120000cd120000950f0000950f xmm3=0x00006de100006de1000017eb000017eb 
  xmm4=0x00008d0f00008d0f0000df9b0000df9b xmm5=0x000077f9000077f9000043d1000043d1 
  xmm6=0x0000dedd0000dedd0000e3360000e336 xmm7=0x00005ea200005ea200009e8000009e80 

0x31c2: and eax, 0xfffffeff
  rax=0x0000000000000000 rbx=0x0000000000000073 rcx=0x0000000000000048 rdx=0x0000000000000000
  rsi=0x0000000000000200 rdi=0x0000000000000005 flags=0b000001000110
  xmm0=0x00001c4500001c450000913f0000913f xmm1=0x00002de300002de30000dfa50000dfa5 
  xmm2=0x0000cd120000cd120000950f0000950f xmm3=0x00006de100006de1000017eb000017eb 
  xmm4=0x00008d0f00008d0f0000df9b0000df9b xmm5=0x000077f9000077f9000043d1000043d1 
  xmm6=0x0000dedd0000dedd0000e3360000e336 xmm7=0x00005ea200005ea200009e8000009e80 

0x31c7: wrmsr 
  rax=0x0000000000000000 rbx=0x0000000000000073 rcx=0x0000000000000048 rdx=0x0000000000000000
  rsi=0x0000000000000200 rdi=0x0000000000000005 flags=0b000001000110
  xmm0=0x00001c4500001c450000913f0000913f xmm1=0x00002de300002de30000dfa50000dfa5 
  xmm2=0x0000cd120000cd120000950f0000950f xmm3=0x00006de100006de1000017eb000017eb 
  xmm4=0x00008d0f00008d0f0000df9b0000df9b xmm5=0x000077f9000077f9000043d1000043d1 
  xmm6=0x0000dedd0000dedd0000e3360000e336 xmm7=0x00005ea200005ea200009e8000009e80 

0x31c9: mfence 
  rax=0x0000000000000000 rbx=0x0000000000000073 rcx=0x0000000000000048 rdx=0x0000000000000000
  rsi=0x0000000000000200 rdi=0x0000000000000005 flags=0b000001000110
  xmm0=0x00001c4500001c450000913f0000913f xmm1=0x00002de300002de30000dfa50000dfa5 
  xmm2=0x0000cd120000cd120000950f0000950f xmm3=0x00006de100006de1000017eb000017eb 
  xmm4=0x00008d0f00008d0f0000df9b0000df9b xmm5=0x000077f9000077f9000043d1000043d1 
  xmm6=0x0000dedd0000dedd0000e3360000e336 xmm7=0x00005ea200005ea200009e8000009e80 

0x31cc: lfence 
  rax=0x0000000000000000 rbx=0x0000000000000073 rcx=0x0000000000000048 rdx=0x0000000000000000
  rsi=0x0000000000000200 rdi=0x0000000000000005 flags=0b000001000110
  xmm0=0x00001c4500001c450000913f0000913f xmm1=0x00002de300002de30000dfa50000dfa5 
  xmm2=0x0000cd120000cd120000950f0000950f xmm3=0x00006de100006de1000017eb000017eb 
  xmm4=0x00008d0f00008d0f0000df9b0000df9b xmm5=0x000077f9000077f9000043d1000043d1 
  xmm6=0x0000dedd0000dedd0000e3360000e336 xmm7=0x00005ea200005ea200009e8000009e80 

0x31cf: pop rdx
  rax=0x0000000000000000 rbx=0x0000000000000073 rcx=0x0000000000000048 rdx=0x0000000000000000
  rsi=0x0000000000000200 rdi=0x0000000000000005 flags=0b000001000110
  xmm0=0x00001c4500001c450000913f0000913f xmm1=0x00002de300002de30000dfa50000dfa5 
  xmm2=0x0000cd120000cd120000950f0000950f xmm3=0x00006de100006de1000017eb000017eb 
  xmm4=0x00008d0f00008d0f0000df9b0000df9b xmm5=0x000077f9000077f9000043d1000043d1 
  xmm6=0x0000dedd0000dedd0000e3360000e336 xmm7=0x00005ea200005ea200009e8000009e80 

    > load from +0x4fd8 value 0x5
0x31d0: pop rcx
  rax=0x0000000000000000 rbx=0x0000000000000073 rcx=0x0000000000000048 rdx=0x0000000000000005
  rsi=0x0000000000000200 rdi=0x0000000000000005 flags=0b000001000110
  xmm0=0x00001c4500001c450000913f0000913f xmm1=0x00002de300002de30000dfa50000dfa5 
  xmm2=0x0000cd120000cd120000950f0000950f xmm3=0x00006de100006de1000017eb000017eb 
  xmm4=0x00008d0f00008d0f0000df9b0000df9b xmm5=0x000077f9000077f9000043d1000043d1 
  xmm6=0x0000dedd0000dedd0000e3360000e336 xmm7=0x00005ea200005ea200009e8000009e80 

    > load from +0x4fe0 value 0x1a64
0x31d1: pop rax
  rax=0x0000000000000000 rbx=0x0000000000000073 rcx=0x0000000000001a64 rdx=0x0000000000000005
  rsi=0x0000000000000200 rdi=0x0000000000000005 flags=0b000001000110
  xmm0=0x00001c4500001c450000913f0000913f xmm1=0x00002de300002de30000dfa50000dfa5 
  xmm2=0x0000cd120000cd120000950f0000950f xmm3=0x00006de100006de1000017eb000017eb 
  xmm4=0x00008d0f00008d0f0000df9b0000df9b xmm5=0x000077f9000077f9000043d1000043d1 
  xmm6=0x0000dedd0000dedd0000e3360000e336 xmm7=0x00005ea200005ea200009e8000009e80 

    > load from +0x4fe8 value 0x14
0x31d2: popfq 
  rax=0x0000000000000014 rbx=0x0000000000000073 rcx=0x0000000000001a64 rdx=0x0000000000000005
  rsi=0x0000000000000200 rdi=0x0000000000000005 flags=0b000001000110
  xmm0=0x00001c4500001c450000913f0000913f xmm1=0x00002de300002de30000dfa50000dfa5 
  xmm2=0x0000cd120000cd120000950f0000950f xmm3=0x00006de100006de1000017eb000017eb 
  xmm4=0x00008d0f00008d0f0000df9b0000df9b xmm5=0x000077f9000077f9000043d1000043d1 
  xmm6=0x0000dedd0000dedd0000e3360000e336 xmm7=0x00005ea200005ea200009e8000009e80 

    > load from +0x4ff0 value 0x16
0x31d3: macro .switch, .main.function_main_2
  rax=0x0000000000000014 rbx=0x0000000000000073 rcx=0x0000000000001a64 rdx=0x0000000000000005
  rsi=0x0000000000000200 rdi=0x0000000000000005 flags=0b000000010110
  xmm0=0x00001c4500001c450000913f0000913f xmm1=0x00002de300002de30000dfa50000dfa5 
  xmm2=0x0000cd120000cd120000950f0000950f xmm3=0x00006de100006de1000017eb000017eb 
  xmm4=0x00008d0f00008d0f0000df9b0000df9b xmm5=0x000077f9000077f9000043d1000043d1 
  xmm6=0x0000dedd0000dedd0000e3360000e336 xmm7=0x00005ea200005ea200009e8000009e80 

0x18a: nop  [test_case_exit]
  rax=0x0000000000000014 rbx=0x0000000000000073 rcx=0x0000000000001a64 rdx=0x0000000000000005
  rsi=0x0000000000000200 rdi=0x0000000000000005 flags=0b000000010110
  xmm0=0x00001c4500001c450000913f0000913f xmm1=0x00002de300002de30000dfa50000dfa5 
  xmm2=0x0000cd120000cd120000950f0000950f xmm3=0x00006de100006de1000017eb000017eb 
  xmm4=0x00008d0f00008d0f0000df9b0000df9b xmm5=0x000077f9000077f9000043d1000043d1 
  xmm6=0x0000dedd0000dedd0000e3360000e336 xmm7=0x00005ea200005ea200009e8000009e80 




                      ##### Input 61 #####

                     ##### Input 0 #####
0x0 : macro .switch, .actor2.function_actor2_0
  rax=0x00002cc000002cc0 rbx=0x0000d0ad0000d0ad rcx=0x0000cd690000cd69 rdx=0x0000160500001605
  rsi=0x0000474e0000474e rdi=0x000025c0000025c0 flags=0b100001010011
  xmm0=0x00009b7600009b760000815800008158 xmm1=0x0000f5590000f5590000bbec0000bbec 
  xmm2=0x0000029c0000029c0000991200009912 xmm3=0x00009a3300009a330000313f0000313f 
  xmm4=0x0000aa3e0000aa3e00005de800005de8 xmm5=0x00001037000010370000444d0000444d 
  xmm6=0x00002a8000002a800000461100004611 xmm7=0x0000c1610000c1610000f7b50000f7b5 

0x3000: add sil, 7
  rax=0x00002cc000002cc0 rbx=0x0000d0ad0000d0ad rcx=0x0000cd690000cd69 rdx=0x0000160500001605
  rsi=0x0000474e0000474e rdi=0x000025c0000025c0 flags=0b100001010011
  xmm0=0x00009b7600009b760000815800008158 xmm1=0x0000f5590000f5590000bbec0000bbec 
  xmm2=0x0000029c0000029c0000991200009912 xmm3=0x00009a3300009a330000313f0000313f 
  xmm4=0x0000aa3e0000aa3e00005de800005de8 xmm5=0x00001037000010370000444d0000444d 
  xmm6=0x00002a8000002a800000461100004611 xmm7=0x0000c1610000c1610000f7b50000f7b5 

0x3004: pushfq 
  rax=0x00002cc000002cc0 rbx=0x0000d0ad0000d0ad rcx=0x0000cd690000cd69 rdx=0x0000160500001605
  rsi=0x0000474e00004755 rdi=0x000025c0000025c0 flags=0b000000010110
  xmm0=0x00009b7600009b760000815800008158 xmm1=0x0000f5590000f5590000bbec0000bbec 
  xmm2=0x0000029c0000029c0000991200009912 xmm3=0x00009a3300009a330000313f0000313f 
  xmm4=0x0000aa3e0000aa3e00005de800005de8 xmm5=0x00001037000010370000444d0000444d 
  xmm6=0x00002a8000002a800000461100004611 xmm7=0x0000c1610000c1610000f7b50000f7b5 

    > store to +0x4ff0 value 0x16
0x3005: push rax
  rax=0x00002cc000002cc0 rbx=0x0000d0ad0000d0ad rcx=0x0000cd690000cd69 rdx=0x0000160500001605
  rsi=0x0000474e00004755 rdi=0x000025c0000025c0 flags=0b000000010110
  xmm0=0x00009b7600009b760000815800008158 xmm1=0x0000f5590000f5590000bbec0000bbec 
  xmm2=0x0000029c0000029c0000991200009912 xmm3=0x00009a3300009a330000313f0000313f 
  xmm4=0x0000aa3e0000aa3e00005de800005de8 xmm5=0x00001037000010370000444d0000444d 
  xmm6=0x00002a8000002a800000461100004611 xmm7=0x0000c1610000c1610000f7b50000f7b5 

    > store to +0x4fe8 value 0x2cc000002cc0
0x3006: push rcx
  rax=0x00002cc000002cc0 rbx=0x0000d0ad0000d0ad rcx=0x0000cd690000cd69 rdx=0x0000160500001605
  rsi=0x0000474e00004755 rdi=0x000025c0000025c0 flags=0b000000010110
  xmm0=0x00009b7600009b760000815800008158 xmm1=0x0000f5590000f5590000bbec0000bbec 
  xmm2=0x0000029c0000029c0000991200009912 xmm3=0x00009a3300009a330000313f0000313f 
  xmm4=0x0000aa3e0000aa3e00005de800005de8 xmm5=0x00001037000010370000444d0000444d 
  xmm6=0x00002a8000002a800000461100004611 xmm7=0x0000c1610000c1610000f7b50000f7b5 

    > store to +0x4fe0 value 0xcd690000cd69
0x3007: push rdx
  rax=0x00002cc000002cc0 rbx=0x0000d0ad0000d0ad rcx=0x0000cd690000cd69 rdx=0x0000160500001605
  rsi=0x0000474e00004755 rdi=0x000025c0000025c0 flags=0b000000010110
  xmm0=0x00009b7600009b760000815800008158 xmm1=0x0000f5590000f5590000bbec0000bbec 
  xmm2=0x0000029c0000029c0000991200009912 xmm3=0x00009a3300009a330000313f0000313f 
  xmm4=0x0000aa3e0000aa3e00005de800005de8 xmm5=0x00001037000010370000444d0000444d 
  xmm6=0x00002a8000002a800000461100004611 xmm7=0x0000c1610000c1610000f7b50000f7b5 

    > store to +0x4fd8 value 0x160500001605
0x3008: mov ecx, 0x48
  rax=0x00002cc000002cc0 rbx=0x0000d0ad0000d0ad rcx=0x0000cd690000cd69 rdx=0x0000160500001605
  rsi=0x0000474e00004755 rdi=0x000025c0000025c0 flags=0b000000010110
  xmm0=0x00009b7600009b760000815800008158 xmm1=0x0000f5590000f5590000bbec0000bbec 
  xmm2=0x0000029c0000029c0000991200009912 xmm3=0x00009a3300009a330000313f0000313f 
  xmm4=0x0000aa3e0000aa3e00005de800005de8 xmm5=0x00001037000010370000444d0000444d 
  xmm6=0x00002a8000002a800000461100004611 xmm7=0x0000c1610000c1610000f7b50000f7b5 

0x300d: rdmsr 
  rax=0x00002cc000002cc0 rbx=0x0000d0ad0000d0ad rcx=0x0000000000000048 rdx=0x0000160500001605
  rsi=0x0000474e00004755 rdi=0x000025c0000025c0 flags=0b000000010110
  xmm0=0x00009b7600009b760000815800008158 xmm1=0x0000f5590000f5590000bbec0000bbec 
  xmm2=0x0000029c0000029c0000991200009912 xmm3=0x00009a3300009a330000313f0000313f 
  xmm4=0x0000aa3e0000aa3e00005de800005de8 xmm5=0x00001037000010370000444d0000444d 
  xmm6=0x00002a8000002a800000461100004611 xmm7=0x0000c1610000c1610000f7b50000f7b5 

0x300f: and eax, 0xfffffffb
  rax=0x0000000000000000 rbx=0x0000d0ad0000d0ad rcx=0x0000000000000048 rdx=0x0000000000000000
  rsi=0x0000474e00004755 rdi=0x000025c0000025c0 flags=0b000000010110
  xmm0=0x00009b7600009b760000815800008158 xmm1=0x0000f5590000f5590000bbec0000bbec 
  xmm2=0x0000029c0000029c0000991200009912 xmm3=0x00009a3300009a330000313f0000313f 
  xmm4=0x0000aa3e0000aa3e00005de800005de8 xmm5=0x00001037000010370000444d0000444d 
  xmm6=0x00002a8000002a800000461100004611 xmm7=0x0000c1610000c1610000f7b50000f7b5 

0x3012: or eax, 0x100
  rax=0x0000000000000000 rbx=0x0000d0ad0000d0ad rcx=0x0000000000000048 rdx=0x0000000000000000
  rsi=0x0000474e00004755 rdi=0x000025c0000025c0 flags=0b000001000110
  xmm0=0x00009b7600009b760000815800008158 xmm1=0x0000f5590000f5590000bbec0000bbec 
  xmm2=0x0000029c0000029c0000991200009912 xmm3=0x00009a3300009a330000313f0000313f 
  xmm4=0x0000aa3e0000aa3e00005de800005de8 xmm5=0x00001037000010370000444d0000444d 
  xmm6=0x00002a8000002a800000461100004611 xmm7=0x0000c1610000c1610000f7b50000f7b5 

0x3017: wrmsr 
  rax=0x0000000000000100 rbx=0x0000d0ad0000d0ad rcx=0x0000000000000048 rdx=0x0000000000000000
  rsi=0x0000474e00004755 rdi=0x000025c0000025c0 flags=0b000000000110
  xmm0=0x00009b7600009b760000815800008158 xmm1=0x0000f5590000f5590000bbec0000bbec 
  xmm2=0x0000029c0000029c0000991200009912 xmm3=0x00009a3300009a330000313f0000313f 
  xmm4=0x0000aa3e0000aa3e00005de800005de8 xmm5=0x00001037000010370000444d0000444d 
  xmm6=0x00002a8000002a800000461100004611 xmm7=0x0000c1610000c1610000f7b50000f7b5 

0x3019: mfence 
  rax=0x0000000000000100 rbx=0x0000d0ad0000d0ad rcx=0x0000000000000048 rdx=0x0000000000000000
  rsi=0x0000474e00004755 rdi=0x000025c0000025c0 flags=0b000000000110
  xmm0=0x00009b7600009b760000815800008158 xmm1=0x0000f5590000f5590000bbec0000bbec 
  xmm2=0x0000029c0000029c0000991200009912 xmm3=0x00009a3300009a330000313f0000313f 
  xmm4=0x0000aa3e0000aa3e00005de800005de8 xmm5=0x00001037000010370000444d0000444d 
  xmm6=0x00002a8000002a800000461100004611 xmm7=0x0000c1610000c1610000f7b50000f7b5 

0x301c: lfence 
  rax=0x0000000000000100 rbx=0x0000d0ad0000d0ad rcx=0x0000000000000048 rdx=0x0000000000000000
  rsi=0x0000474e00004755 rdi=0x000025c0000025c0 flags=0b000000000110
  xmm0=0x00009b7600009b760000815800008158 xmm1=0x0000f5590000f5590000bbec0000bbec 
  xmm2=0x0000029c0000029c0000991200009912 xmm3=0x00009a3300009a330000313f0000313f 
  xmm4=0x0000aa3e0000aa3e00005de800005de8 xmm5=0x00001037000010370000444d0000444d 
  xmm6=0x00002a8000002a800000461100004611 xmm7=0x0000c1610000c1610000f7b50000f7b5 

0x301f: macro .measurement_start, .noarg
  rax=0x0000000000000100 rbx=0x0000d0ad0000d0ad rcx=0x0000000000000048 rdx=0x0000000000000000
  rsi=0x0000474e00004755 rdi=0x000025c0000025c0 flags=0b000000000110
  xmm0=0x00009b7600009b760000815800008158 xmm1=0x0000f5590000f5590000bbec0000bbec 
  xmm2=0x0000029c0000029c0000991200009912 xmm3=0x00009a3300009a330000313f0000313f 
  xmm4=0x0000aa3e0000aa3e00005de800005de8 xmm5=0x00001037000010370000444d0000444d 
  xmm6=0x00002a8000002a800000461100004611 xmm7=0x0000c1610000c1610000f7b50000f7b5 

0x3027: mov ecx, 0x48
  rax=0x0000000000000100 rbx=0x0000d0ad0000d0ad rcx=0x0000000000000048 rdx=0x0000000000000000
  rsi=0x0000474e00004755 rdi=0x000025c0000025c0 flags=0b000000000110
  xmm0=0x00009b7600009b760000815800008158 xmm1=0x0000f5590000f5590000bbec0000bbec 
  xmm2=0x0000029c0000029c0000991200009912 xmm3=0x00009a3300009a330000313f0000313f 
  xmm4=0x0000aa3e0000aa3e00005de800005de8 xmm5=0x00001037000010370000444d0000444d 
  xmm6=0x00002a8000002a800000461100004611 xmm7=0x0000c1610000c1610000f7b50000f7b5 

0x302c: rdmsr 
  rax=0x0000000000000100 rbx=0x0000d0ad0000d0ad rcx=0x0000000000000048 rdx=0x0000000000000000
  rsi=0x0000474e00004755 rdi=0x000025c0000025c0 flags=0b000000000110
  xmm0=0x00009b7600009b760000815800008158 xmm1=0x0000f5590000f5590000bbec0000bbec 
  xmm2=0x0000029c0000029c0000991200009912 xmm3=0x00009a3300009a330000313f0000313f 
  xmm4=0x0000aa3e0000aa3e00005de800005de8 xmm5=0x00001037000010370000444d0000444d 
  xmm6=0x00002a8000002a800000461100004611 xmm7=0x0000c1610000c1610000f7b50000f7b5 

0x302e: and eax, 0xfffffffb
  rax=0x0000000000000000 rbx=0x0000d0ad0000d0ad rcx=0x0000000000000048 rdx=0x0000000000000000
  rsi=0x0000474e00004755 rdi=0x000025c0000025c0 flags=0b000000000110
  xmm0=0x00009b7600009b760000815800008158 xmm1=0x0000f5590000f5590000bbec0000bbec 
  xmm2=0x0000029c0000029c0000991200009912 xmm3=0x00009a3300009a330000313f0000313f 
  xmm4=0x0000aa3e0000aa3e00005de800005de8 xmm5=0x00001037000010370000444d0000444d 
  xmm6=0x00002a8000002a800000461100004611 xmm7=0x0000c1610000c1610000f7b50000f7b5 

0x3031: and eax, 0xfffffeff
  rax=0x0000000000000000 rbx=0x0000d0ad0000d0ad rcx=0x0000000000000048 rdx=0x0000000000000000
  rsi=0x0000474e00004755 rdi=0x000025c0000025c0 flags=0b000001000110
  xmm0=0x00009b7600009b760000815800008158 xmm1=0x0000f5590000f5590000bbec0000bbec 
  xmm2=0x0000029c0000029c0000991200009912 xmm3=0x00009a3300009a330000313f0000313f 
  xmm4=0x0000aa3e0000aa3e00005de800005de8 xmm5=0x00001037000010370000444d0000444d 
  xmm6=0x00002a8000002a800000461100004611 xmm7=0x0000c1610000c1610000f7b50000f7b5 

0x3036: wrmsr 
  rax=0x0000000000000000 rbx=0x0000d0ad0000d0ad rcx=0x0000000000000048 rdx=0x0000000000000000
  rsi=0x0000474e00004755 rdi=0x000025c0000025c0 flags=0b000001000110
  xmm0=0x00009b7600009b760000815800008158 xmm1=0x0000f5590000f5590000bbec0000bbec 
  xmm2=0x0000029c0000029c0000991200009912 xmm3=0x00009a3300009a330000313f0000313f 
  xmm4=0x0000aa3e0000aa3e00005de800005de8 xmm5=0x00001037000010370000444d0000444d 
  xmm6=0x00002a8000002a800000461100004611 xmm7=0x0000c1610000c1610000f7b50000f7b5 

0x3038: mfence 
  rax=0x0000000000000000 rbx=0x0000d0ad0000d0ad rcx=0x0000000000000048 rdx=0x0000000000000000
  rsi=0x0000474e00004755 rdi=0x000025c0000025c0 flags=0b000001000110
  xmm0=0x00009b7600009b760000815800008158 xmm1=0x0000f5590000f5590000bbec0000bbec 
  xmm2=0x0000029c0000029c0000991200009912 xmm3=0x00009a3300009a330000313f0000313f 
  xmm4=0x0000aa3e0000aa3e00005de800005de8 xmm5=0x00001037000010370000444d0000444d 
  xmm6=0x00002a8000002a800000461100004611 xmm7=0x0000c1610000c1610000f7b50000f7b5 

0x303b: lfence 
  rax=0x0000000000000000 rbx=0x0000d0ad0000d0ad rcx=0x0000000000000048 rdx=0x0000000000000000
  rsi=0x0000474e00004755 rdi=0x000025c0000025c0 flags=0b000001000110
  xmm0=0x00009b7600009b760000815800008158 xmm1=0x0000f5590000f5590000bbec0000bbec 
  xmm2=0x0000029c0000029c0000991200009912 xmm3=0x00009a3300009a330000313f0000313f 
  xmm4=0x0000aa3e0000aa3e00005de800005de8 xmm5=0x00001037000010370000444d0000444d 
  xmm6=0x00002a8000002a800000461100004611 xmm7=0x0000c1610000c1610000f7b50000f7b5 

0x303e: pop rdx
  rax=0x0000000000000000 rbx=0x0000d0ad0000d0ad rcx=0x0000000000000048 rdx=0x0000000000000000
  rsi=0x0000474e00004755 rdi=0x000025c0000025c0 flags=0b000001000110
  xmm0=0x00009b7600009b760000815800008158 xmm1=0x0000f5590000f5590000bbec0000bbec 
  xmm2=0x0000029c0000029c0000991200009912 xmm3=0x00009a3300009a330000313f0000313f 
  xmm4=0x0000aa3e0000aa3e00005de800005de8 xmm5=0x00001037000010370000444d0000444d 
  xmm6=0x00002a8000002a800000461100004611 xmm7=0x0000c1610000c1610000f7b50000f7b5 

    > load from +0x4fd8 value 0x160500001605
0x303f: pop rcx
  rax=0x0000000000000000 rbx=0x0000d0ad0000d0ad rcx=0x0000000000000048 rdx=0x0000160500001605
  rsi=0x0000474e00004755 rdi=0x000025c0000025c0 flags=0b000001000110
  xmm0=0x00009b7600009b760000815800008158 xmm1=0x0000f5590000f5590000bbec0000bbec 
  xmm2=0x0000029c0000029c0000991200009912 xmm3=0x00009a3300009a330000313f0000313f 
  xmm4=0x0000aa3e0000aa3e00005de800005de8 xmm5=0x00001037000010370000444d0000444d 
  xmm6=0x00002a8000002a800000461100004611 xmm7=0x0000c1610000c1610000f7b50000f7b5 

    > load from +0x4fe0 value 0xcd690000cd69
0x3040: pop rax
  rax=0x0000000000000000 rbx=0x0000d0ad0000d0ad rcx=0x0000cd690000cd69 rdx=0x0000160500001605
  rsi=0x0000474e00004755 rdi=0x000025c0000025c0 flags=0b000001000110
  xmm0=0x00009b7600009b760000815800008158 xmm1=0x0000f5590000f5590000bbec0000bbec 
  xmm2=0x0000029c0000029c0000991200009912 xmm3=0x00009a3300009a330000313f0000313f 
  xmm4=0x0000aa3e0000aa3e00005de800005de8 xmm5=0x00001037000010370000444d0000444d 
  xmm6=0x00002a8000002a800000461100004611 xmm7=0x0000c1610000c1610000f7b50000f7b5 

    > load from +0x4fe8 value 0x2cc000002cc0
0x3041: popfq 
  rax=0x00002cc000002cc0 rbx=0x0000d0ad0000d0ad rcx=0x0000cd690000cd69 rdx=0x0000160500001605
  rsi=0x0000474e00004755 rdi=0x000025c0000025c0 flags=0b000001000110
  xmm0=0x00009b7600009b760000815800008158 xmm1=0x0000f5590000f5590000bbec0000bbec 
  xmm2=0x0000029c0000029c0000991200009912 xmm3=0x00009a3300009a330000313f0000313f 
  xmm4=0x0000aa3e0000aa3e00005de800005de8 xmm5=0x00001037000010370000444d0000444d 
  xmm6=0x00002a8000002a800000461100004611 xmm7=0x0000c1610000c1610000f7b50000f7b5 

    > load from +0x4ff0 value 0x16
0x3042: and rdi, 0b1111111111111
  rax=0x00002cc000002cc0 rbx=0x0000d0ad0000d0ad rcx=0x0000cd690000cd69 rdx=0x0000160500001605
  rsi=0x0000474e00004755 rdi=0x000025c0000025c0 flags=0b000000010110
  xmm0=0x00009b7600009b760000815800008158 xmm1=0x0000f5590000f5590000bbec0000bbec 
  xmm2=0x0000029c0000029c0000991200009912 xmm3=0x00009a3300009a330000313f0000313f 
  xmm4=0x0000aa3e0000aa3e00005de800005de8 xmm5=0x00001037000010370000444d0000444d 
  xmm6=0x00002a8000002a800000461100004611 xmm7=0x0000c1610000c1610000f7b50000f7b5 

0x3049: cmovz bx, [r14 +rdi]
  rax=0x00002cc000002cc0 rbx=0x0000d0ad0000d0ad rcx=0x0000cd690000cd69 rdx=0x0000160500001605
  rsi=0x0000474e00004755 rdi=0x00000000000005c0 flags=0b000000000110
  xmm0=0x00009b7600009b760000815800008158 xmm1=0x0000f5590000f5590000bbec0000bbec 
  xmm2=0x0000029c0000029c0000991200009912 xmm3=0x00009a3300009a330000313f0000313f 
  xmm4=0x0000aa3e0000aa3e00005de800005de8 xmm5=0x00001037000010370000444d0000444d 
  xmm6=0x00002a8000002a800000461100004611 xmm7=0x0000c1610000c1610000f7b50000f7b5 

    > load from +0x45c0 value 0x460e
0x304f: and rbx, 0b1111111111111
  rax=0x00002cc000002cc0 rbx=0x0000d0ad0000d0ad rcx=0x0000cd690000cd69 rdx=0x0000160500001605
  rsi=0x0000474e00004755 rdi=0x00000000000005c0 flags=0b000000000110
  xmm0=0x00009b7600009b760000815800008158 xmm1=0x0000f5590000f5590000bbec0000bbec 
  xmm2=0x0000029c0000029c0000991200009912 xmm3=0x00009a3300009a330000313f0000313f 
  xmm4=0x0000aa3e0000aa3e00005de800005de8 xmm5=0x00001037000010370000444d0000444d 
  xmm6=0x00002a8000002a800000461100004611 xmm7=0x0000c1610000c1610000f7b50000f7b5 

0x3056: cmovns esi, [r14 +rbx]
  rax=0x00002cc000002cc0 rbx=0x00000000000010ad rcx=0x0000cd690000cd69 rdx=0x0000160500001605
  rsi=0x0000474e00004755 rdi=0x00000000000005c0 flags=0b000000000010
  xmm0=0x00009b7600009b760000815800008158 xmm1=0x0000f5590000f5590000bbec0000bbec 
  xmm2=0x0000029c0000029c0000991200009912 xmm3=0x00009a3300009a330000313f0000313f 
  xmm4=0x0000aa3e0000aa3e00005de800005de8 xmm5=0x00001037000010370000444d0000444d 
  xmm6=0x00002a8000002a800000461100004611 xmm7=0x0000c1610000c1610000f7b50000f7b5 

    > load from +0x50ad value 0xe5000006
0x305b: sets al
  rax=0x00002cc000002cc0 rbx=0x00000000000010ad rcx=0x0000cd690000cd69 rdx=0x0000160500001605
  rsi=0x00000000e5000006 rdi=0x00000000000005c0 flags=0b000000000010
  xmm0=0x00009b7600009b760000815800008158 xmm1=0x0000f5590000f5590000bbec0000bbec 
  xmm2=0x0000029c0000029c0000991200009912 xmm3=0x00009a3300009a330000313f0000313f 
  xmm4=0x0000aa3e0000aa3e00005de800005de8 xmm5=0x00001037000010370000444d0000444d 
  xmm6=0x00002a8000002a800000461100004611 xmm7=0x0000c1610000c1610000f7b50000f7b5 

0x305e: sbb al, bl
  rax=0x00002cc000002c00 rbx=0x00000000000010ad rcx=0x0000cd690000cd69 rdx=0x0000160500001605
  rsi=0x00000000e5000006 rdi=0x00000000000005c0 flags=0b000000000010
  xmm0=0x00009b7600009b760000815800008158 xmm1=0x0000f5590000f5590000bbec0000bbec 
  xmm2=0x0000029c0000029c0000991200009912 xmm3=0x00009a3300009a330000313f0000313f 
  xmm4=0x0000aa3e0000aa3e00005de800005de8 xmm5=0x00001037000010370000444d0000444d 
  xmm6=0x00002a8000002a800000461100004611 xmm7=0x0000c1610000c1610000f7b50000f7b5 

0x3060: or edi, 0b1000000000000000000000000000000
  rax=0x00002cc000002c53 rbx=0x00000000000010ad rcx=0x0000cd690000cd69 rdx=0x0000160500001605
  rsi=0x00000000e5000006 rdi=0x00000000000005c0 flags=0b000000010111
  xmm0=0x00009b7600009b760000815800008158 xmm1=0x0000f5590000f5590000bbec0000bbec 
  xmm2=0x0000029c0000029c0000991200009912 xmm3=0x00009a3300009a330000313f0000313f 
  xmm4=0x0000aa3e0000aa3e00005de800005de8 xmm5=0x00001037000010370000444d0000444d 
  xmm6=0x00002a8000002a800000461100004611 xmm7=0x0000c1610000c1610000f7b50000f7b5 

0x3066: bsr edx, edi
  rax=0x00002cc000002c53 rbx=0x00000000000010ad rcx=0x0000cd690000cd69 rdx=0x0000160500001605
  rsi=0x00000000e5000006 rdi=0x00000000400005c0 flags=0b000000000110
  xmm0=0x00009b7600009b760000815800008158 xmm1=0x0000f5590000f5590000bbec0000bbec 
  xmm2=0x0000029c0000029c0000991200009912 xmm3=0x00009a3300009a330000313f0000313f 
  xmm4=0x0000aa3e0000aa3e00005de800005de8 xmm5=0x00001037000010370000444d0000444d 
  xmm6=0x00002a8000002a800000461100004611 xmm7=0x0000c1610000c1610000f7b50000f7b5 

0x3069: and rdi, 0b1111111111111
  rax=0x00002cc000002c53 rbx=0x00000000000010ad rcx=0x0000cd690000cd69 rdx=0x000000000000001e
  rsi=0x00000000e5000006 rdi=0x00000000400005c0 flags=0b000000000110
  xmm0=0x00009b7600009b760000815800008158 xmm1=0x0000f5590000f5590000bbec0000bbec 
  xmm2=0x0000029c0000029c0000991200009912 xmm3=0x00009a3300009a330000313f0000313f 
  xmm4=0x0000aa3e0000aa3e00005de800005de8 xmm5=0x00001037000010370000444d0000444d 
  xmm6=0x00002a8000002a800000461100004611 xmm7=0x0000c1610000c1610000f7b50000f7b5 

0x3070: cmp [r14 +rdi], -73
  rax=0x00002cc000002c53 rbx=0x00000000000010ad rcx=0x0000cd690000cd69 rdx=0x000000000000001e
  rsi=0x00000000e5000006 rdi=0x00000000000005c0 flags=0b000000000110
  xmm0=0x00009b7600009b760000815800008158 xmm1=0x0000f5590000f5590000bbec0000bbec 
  xmm2=0x0000029c0000029c0000991200009912 xmm3=0x00009a3300009a330000313f0000313f 
  xmm4=0x0000aa3e0000aa3e00005de800005de8 xmm5=0x00001037000010370000444d0000444d 
  xmm6=0x00002a8000002a800000461100004611 xmm7=0x0000c1610000c1610000f7b50000f7b5 

    > load from +0x45c0 value 0x460e
0x3075: or rdi, 3
  rax=0x00002cc000002c53 rbx=0x00000000000010ad rcx=0x0000cd690000cd69 rdx=0x000000000000001e
  rsi=0x00000000e5000006 rdi=0x00000000000005c0 flags=0b000000000011
  xmm0=0x00009b7600009b760000815800008158 xmm1=0x0000f5590000f5590000bbec0000bbec 
  xmm2=0x0000029c0000029c0000991200009912 xmm3=0x00009a3300009a330000313f0000313f 
  xmm4=0x0000aa3e0000aa3e00005de800005de8 xmm5=0x00001037000010370000444d0000444d 
  xmm6=0x00002a8000002a800000461100004611 xmm7=0x0000c1610000c1610000f7b50000f7b5 

0x3079: bt edi, ecx
  rax=0x00002cc000002c53 rbx=0x00000000000010ad rcx=0x0000cd690000cd69 rdx=0x000000000000001e
  rsi=0x00000000e5000006 rdi=0x00000000000005c3 flags=0b000000000110
  xmm0=0x00009b7600009b760000815800008158 xmm1=0x0000f5590000f5590000bbec0000bbec 
  xmm2=0x0000029c0000029c0000991200009912 xmm3=0x00009a3300009a330000313f0000313f 
  xmm4=0x0000aa3e0000aa3e00005de800005de8 xmm5=0x00001037000010370000444d0000444d 
  xmm6=0x00002a8000002a800000461100004611 xmm7=0x0000c1610000c1610000f7b50000f7b5 

0x307c: and rax, 0b1111111111111
  rax=0x00002cc000002c53 rbx=0x00000000000010ad rcx=0x0000cd690000cd69 rdx=0x000000000000001e
  rsi=0x00000000e5000006 rdi=0x00000000000005c3 flags=0b000000000110
  xmm0=0x00009b7600009b760000815800008158 xmm1=0x0000f5590000f5590000bbec0000bbec 
  xmm2=0x0000029c0000029c0000991200009912 xmm3=0x00009a3300009a330000313f0000313f 
  xmm4=0x0000aa3e0000aa3e00005de800005de8 xmm5=0x00001037000010370000444d0000444d 
  xmm6=0x00002a8000002a800000461100004611 xmm7=0x0000c1610000c1610000f7b50000f7b5 

0x3082: or esi, [r14 +rax]
  rax=0x0000000000000c53 rbx=0x00000000000010ad rcx=0x0000cd690000cd69 rdx=0x000000000000001e
  rsi=0x00000000e5000006 rdi=0x00000000000005c3 flags=0b000000000110
  xmm0=0x00009b7600009b760000815800008158 xmm1=0x0000f5590000f5590000bbec0000bbec 
  xmm2=0x0000029c0000029c0000991200009912 xmm3=0x00009a3300009a330000313f0000313f 
  xmm4=0x0000aa3e0000aa3e00005de800005de8 xmm5=0x00001037000010370000444d0000444d 
  xmm6=0x00002a8000002a800000461100004611 xmm7=0x0000c1610000c1610000f7b50000f7b5 

    > load from +0x4c53 value 0x71aa00
0x3086: and rdi, 0b1111111111111
  rax=0x0000000000000c53 rbx=0x00000000000010ad rcx=0x0000cd690000cd69 rdx=0x000000000000001e
  rsi=0x00000000e571aa06 rdi=0x00000000000005c3 flags=0b000010000110
  xmm0=0x00009b7600009b760000815800008158 xmm1=0x0000f5590000f5590000bbec0000bbec 
  xmm2=0x0000029c0000029c0000991200009912 xmm3=0x00009a3300009a330000313f0000313f 
  xmm4=0x0000aa3e0000aa3e00005de800005de8 xmm5=0x00001037000010370000444d0000444d 
  xmm6=0x00002a8000002a800000461100004611 xmm7=0x0000c1610000c1610000f7b50000f7b5 

0x308d: and si, [r14 +rdi]
  rax=0x0000000000000c53 rbx=0x00000000000010ad rcx=0x0000cd690000cd69 rdx=0x000000000000001e
  rsi=0x00000000e571aa06 rdi=0x00000000000005c3 flags=0b000000000110
  xmm0=0x00009b7600009b760000815800008158 xmm1=0x0000f5590000f5590000bbec0000bbec 
  xmm2=0x0000029c0000029c0000991200009912 xmm3=0x00009a3300009a330000313f0000313f 
  xmm4=0x0000aa3e0000aa3e00005de800005de8 xmm5=0x00001037000010370000444d0000444d 
  xmm6=0x00002a8000002a800000461100004611 xmm7=0x0000c1610000c1610000f7b50000f7b5 

    > load from +0x45c3 value 0xe00
0x3092: and rax, 0b1111111111111
  rax=0x0000000000000c53 rbx=0x00000000000010ad rcx=0x0000cd690000cd69 rdx=0x000000000000001e
  rsi=0x00000000e5710a00 rdi=0x00000000000005c3 flags=0b000000000110
  xmm0=0x00009b7600009b760000815800008158 xmm1=0x0000f5590000f5590000bbec0000bbec 
  xmm2=0x0000029c0000029c0000991200009912 xmm3=0x00009a3300009a330000313f0000313f 
  xmm4=0x0000aa3e0000aa3e00005de800005de8 xmm5=0x00001037000010370000444d0000444d 
  xmm6=0x00002a8000002a800000461100004611 xmm7=0x0000c1610000c1610000f7b50000f7b5 

0x3098: mov ax, [r14 +rax]
  rax=0x0000000000000c53 rbx=0x00000000000010ad rcx=0x0000cd690000cd69 rdx=0x000000000000001e
  rsi=0x00000000e5710a00 rdi=0x00000000000005c3 flags=0b000000000110
  xmm0=0x00009b7600009b760000815800008158 xmm1=0x0000f5590000f5590000bbec0000bbec 
  xmm2=0x0000029c0000029c0000991200009912 xmm3=0x00009a3300009a330000313f0000313f 
  xmm4=0x0000aa3e0000aa3e00005de800005de8 xmm5=0x00001037000010370000444d0000444d 
  xmm6=0x00002a8000002a800000461100004611 xmm7=0x0000c1610000c1610000f7b50000f7b5 

    > load from +0x4c53 value 0xaa00
0x309d: and rcx, 0b1111111111111
  rax=0x000000000000aa00 rbx=0x00000000000010ad rcx=0x0000cd690000cd69 rdx=0x000000000000001e
  rsi=0x00000000e5710a00 rdi=0x00000000000005c3 flags=0b000000000110
  xmm0=0x00009b7600009b760000815800008158 xmm1=0x0000f5590000f5590000bbec0000bbec 
  xmm2=0x0000029c0000029c0000991200009912 xmm3=0x00009a3300009a330000313f0000313f 
  xmm4=0x0000aa3e0000aa3e00005de800005de8 xmm5=0x00001037000010370000444d0000444d 
  xmm6=0x00002a8000002a800000461100004611 xmm7=0x0000c1610000c1610000f7b50000f7b5 

0x30a4: or rcx, [r14 +rcx]
  rax=0x000000000000aa00 rbx=0x00000000000010ad rcx=0x0000000000000d69 rdx=0x000000000000001e
  rsi=0x00000000e5710a00 rdi=0x00000000000005c3 flags=0b000000000110
  xmm0=0x00009b7600009b760000815800008158 xmm1=0x0000f5590000f5590000bbec0000bbec 
  xmm2=0x0000029c0000029c0000991200009912 xmm3=0x00009a3300009a330000313f0000313f 
  xmm4=0x0000aa3e0000aa3e00005de800005de8 xmm5=0x00001037000010370000444d0000444d 
  xmm6=0x00002a8000002a800000461100004611 xmm7=0x0000c1610000c1610000f7b50000f7b5 

    > load from +0x4d69 value 0x2c00005c1300005c
0x30a8: and rdi, 0b1111111111111
  rax=0x000000000000aa00 rbx=0x00000000000010ad rcx=0x2c00005c13000d7d rdx=0x000000000000001e
  rsi=0x00000000e5710a00 rdi=0x00000000000005c3 flags=0b000000000110
  xmm0=0x00009b7600009b760000815800008158 xmm1=0x0000f5590000f5590000bbec0000bbec 
  xmm2=0x0000029c0000029c0000991200009912 xmm3=0x00009a3300009a330000313f0000313f 
  xmm4=0x0000aa3e0000aa3e00005de800005de8 xmm5=0x00001037000010370000444d0000444d 
  xmm6=0x00002a8000002a800000461100004611 xmm7=0x0000c1610000c1610000f7b50000f7b5 

0x30af: imul rsi, [r14 +rdi], 8
  rax=0x000000000000aa00 rbx=0x00000000000010ad rcx=0x2c00005c13000d7d rdx=0x000000000000001e
  rsi=0x00000000e5710a00 rdi=0x00000000000005c3 flags=0b000000000110
  xmm0=0x00009b7600009b760000815800008158 xmm1=0x0000f5590000f5590000bbec0000bbec 
  xmm2=0x0000029c0000029c0000991200009912 xmm3=0x00009a3300009a330000313f0000313f 
  xmm4=0x0000aa3e0000aa3e00005de800005de8 xmm5=0x00001037000010370000444d0000444d 
  xmm6=0x00002a8000002a800000461100004611 xmm7=0x0000c1610000c1610000f7b50000f7b5 

    > load from +0x45c3 value 0x212a0000460e00
0x30b4: add sil, 3
  rax=0x000000000000aa00 rbx=0x00000000000010ad rcx=0x2c00005c13000d7d rdx=0x000000000000001e
  rsi=0x0109500002307000 rdi=0x00000000000005c3 flags=0b000000000110
  xmm0=0x00009b7600009b760000815800008158 xmm1=0x0000f5590000f5590000bbec0000bbec 
  xmm2=0x0000029c0000029c0000991200009912 xmm3=0x00009a3300009a330000313f0000313f 
  xmm4=0x0000aa3e0000aa3e00005de800005de8 xmm5=0x00001037000010370000444d0000444d 
  xmm6=0x00002a8000002a800000461100004611 xmm7=0x0000c1610000c1610000f7b50000f7b5 

0x30b8: setnbe dl
  rax=0x000000000000aa00 rbx=0x00000000000010ad rcx=0x2c00005c13000d7d rdx=0x000000000000001e
  rsi=0x0109500002307003 rdi=0x00000000000005c3 flags=0b000000000110
  xmm0=0x00009b7600009b760000815800008158 xmm1=0x0000f5590000f5590000bbec0000bbec 
  xmm2=0x0000029c0000029c0000991200009912 xmm3=0x00009a3300009a330000313f0000313f 
  xmm4=0x0000aa3e0000aa3e00005de800005de8 xmm5=0x00001037000010370000444d0000444d 
  xmm6=0x00002a8000002a800000461100004611 xmm7=0x0000c1610000c1610000f7b50000f7b5 

0x30bb: and rcx, 0b1111111111111
  rax=0x000000000000aa00 rbx=0x00000000000010ad rcx=0x2c00005c13000d7d rdx=0x0000000000000001
  rsi=0x0109500002307003 rdi=0x00000000000005c3 flags=0b000000000110
  xmm0=0x00009b7600009b760000815800008158 xmm1=0x0000f5590000f5590000bbec0000bbec 
  xmm2=0x0000029c0000029c0000991200009912 xmm3=0x00009a3300009a330000313f0000313f 
  xmm4=0x0000aa3e0000aa3e00005de800005de8 xmm5=0x00001037000010370000444d0000444d 
  xmm6=0x00002a8000002a800000461100004611 xmm7=0x0000c1610000c1610000f7b50000f7b5 

0x30c2: cmovz rsi, [r14 +rcx]
  rax=0x000000000000aa00 rbx=0x00000000000010ad rcx=0x0000000000000d7d rdx=0x0000000000000001
  rsi=0x0109500002307003 rdi=0x00000000000005c3 flags=0b000000000110
  xmm0=0x00009b7600009b760000815800008158 xmm1=0x0000f5590000f5590000bbec0000bbec 
  xmm2=0x0000029c0000029c0000991200009912 xmm3=0x00009a3300009a330000313f0000313f 
  xmm4=0x0000aa3e0000aa3e00005de800005de8 xmm5=0x00001037000010370000444d0000444d 
  xmm6=0x00002a8000002a800000461100004611 xmm7=0x0000c1610000c1610000f7b50000f7b5 

    > load from +0x4d7d value 0x480000bd48000014
0x30c7: cmp rax, -743244958
  rax=0x000000000000aa00 rbx=0x00000000000010ad rcx=0x0000000000000d7d rdx=0x0000000000000001
  rsi=0x0109500002307003 rdi=0x00000000000005c3 flags=0b000000000110
  xmm0=0x00009b7600009b760000815800008158 xmm1=0x0000f5590000f5590000bbec0000bbec 
  xmm2=0x0000029c0000029c0000991200009912 xmm3=0x00009a3300009a330000313f0000313f 
  xmm4=0x0000aa3e0000aa3e00005de800005de8 xmm5=0x00001037000010370000444d0000444d 
  xmm6=0x00002a8000002a800000461100004611 xmm7=0x0000c1610000c1610000f7b50000f7b5 

0x30cd: sbb rax, 1813832364
  rax=0x000000000000aa00 rbx=0x00000000000010ad rcx=0x0000000000000d7d rdx=0x0000000000000001
  rsi=0x0109500002307003 rdi=0x00000000000005c3 flags=0b000000010011
  xmm0=0x00009b7600009b760000815800008158 xmm1=0x0000f5590000f5590000bbec0000bbec 
  xmm2=0x0000029c0000029c0000991200009912 xmm3=0x00009a3300009a330000313f0000313f 
  xmm4=0x0000aa3e0000aa3e00005de800005de8 xmm5=0x00001037000010370000444d0000444d 
  xmm6=0x00002a8000002a800000461100004611 xmm7=0x0000c1610000c1610000f7b50000f7b5 

0x30d3: or ebx, 0b1000000000000000000000000000000
  rax=0xffffffff93e3c753 rbx=0x00000000000010ad rcx=0x0000000000000d7d rdx=0x0000000000000001
  rsi=0x0109500002307003 rdi=0x00000000000005c3 flags=0b000010010111
  xmm0=0x00009b7600009b760000815800008158 xmm1=0x0000f5590000f5590000bbec0000bbec 
  xmm2=0x0000029c0000029c0000991200009912 xmm3=0x00009a3300009a330000313f0000313f 
  xmm4=0x0000aa3e0000aa3e00005de800005de8 xmm5=0x00001037000010370000444d0000444d 
  xmm6=0x00002a8000002a800000461100004611 xmm7=0x0000c1610000c1610000f7b50000f7b5 

0x30d9: bsr eax, ebx
  rax=0xffffffff93e3c753 rbx=0x00000000400010ad rcx=0x0000000000000d7d rdx=0x0000000000000001
  rsi=0x0109500002307003 rdi=0x00000000000005c3 flags=0b000000000010
  xmm0=0x00009b7600009b760000815800008158 xmm1=0x0000f5590000f5590000bbec0000bbec 
  xmm2=0x0000029c0000029c0000991200009912 xmm3=0x00009a3300009a330000313f0000313f 
  xmm4=0x0000aa3e0000aa3e00005de800005de8 xmm5=0x00001037000010370000444d0000444d 
  xmm6=0x00002a8000002a800000461100004611 xmm7=0x0000c1610000c1610000f7b50000f7b5 

0x30dc: test esi, -2089923347
  rax=0x000000000000001e rbx=0x00000000400010ad rcx=0x0000000000000d7d rdx=0x0000000000000001
  rsi=0x0109500002307003 rdi=0x00000000000005c3 flags=0b000000000010
  xmm0=0x00009b7600009b760000815800008158 xmm1=0x0000f5590000f5590000bbec0000bbec 
  xmm2=0x0000029c0000029c0000991200009912 xmm3=0x00009a3300009a330000313f0000313f 
  xmm4=0x0000aa3e0000aa3e00005de800005de8 xmm5=0x00001037000010370000444d0000444d 
  xmm6=0x00002a8000002a800000461100004611 xmm7=0x0000c1610000c1610000f7b50000f7b5 

0x30e2: and rcx, 0b1111111111111
  rax=0x000000000000001e rbx=0x00000000400010ad rcx=0x0000000000000d7d rdx=0x0000000000000001
  rsi=0x0109500002307003 rdi=0x00000000000005c3 flags=0b000000000010
  xmm0=0x00009b7600009b760000815800008158 xmm1=0x0000f5590000f5590000bbec0000bbec 
  xmm2=0x0000029c0000029c0000991200009912 xmm3=0x00009a3300009a330000313f0000313f 
  xmm4=0x0000aa3e0000aa3e00005de800005de8 xmm5=0x00001037000010370000444d0000444d 
  xmm6=0x00002a8000002a800000461100004611 xmm7=0x0000c1610000c1610000f7b50000f7b5 

0x30e9: or [r14 +rcx], 0b1000000000000000000000000000000
  rax=0x000000000000001e rbx=0x00000000400010ad rcx=0x0000000000000d7d rdx=0x0000000000000001
  rsi=0x0109500002307003 rdi=0x00000000000005c3 flags=0b000000000110
  xmm0=0x00009b7600009b760000815800008158 xmm1=0x0000f5590000f5590000bbec0000bbec 
  xmm2=0x0000029c0000029c0000991200009912 xmm3=0x00009a3300009a330000313f0000313f 
  xmm4=0x0000aa3e0000aa3e00005de800005de8 xmm5=0x00001037000010370000444d0000444d 
  xmm6=0x00002a8000002a800000461100004611 xmm7=0x0000c1610000c1610000f7b50000f7b5 

    > load from +0x4d7d value 0x480000bd48000014
    > store to +0x4d7d value 0x480000bd48000014
0x30f1: bsr rcx, [r14 +rcx]
  rax=0x000000000000001e rbx=0x00000000400010ad rcx=0x0000000000000d7d rdx=0x0000000000000001
  rsi=0x0109500002307003 rdi=0x00000000000005c3 flags=0b000000000110
  xmm0=0x00009b7600009b760000815800008158 xmm1=0x0000f5590000f5590000bbec0000bbec 
  xmm2=0x0000029c0000029c0000991200009912 xmm3=0x00009a3300009a330000313f0000313f 
  xmm4=0x0000aa3e0000aa3e00005de800005de8 xmm5=0x00001037000010370000444d0000444d 
  xmm6=0x00002a8000002a800000461100004611 xmm7=0x0000c1610000c1610000f7b50000f7b5 

    > load from +0x4d7d value 0x480000bd48000014
0x30f6: and rcx, 0b1111111111111
  rax=0x000000000000001e rbx=0x00000000400010ad rcx=0x000000000000003e rdx=0x0000000000000001
  rsi=0x0109500002307003 rdi=0x00000000000005c3 flags=0b000000000110
  xmm0=0x00009b7600009b760000815800008158 xmm1=0x0000f5590000f5590000bbec0000bbec 
  xmm2=0x0000029c0000029c0000991200009912 xmm3=0x00009a3300009a330000313f0000313f 
  xmm4=0x0000aa3e0000aa3e00005de800005de8 xmm5=0x00001037000010370000444d0000444d 
  xmm6=0x00002a8000002a800000461100004611 xmm7=0x0000c1610000c1610000f7b50000f7b5 

0x30fd: cmovnz rsi, [r14 +rcx]
  rax=0x000000000000001e rbx=0x00000000400010ad rcx=0x000000000000003e rdx=0x0000000000000001
  rsi=0x0109500002307003 rdi=0x00000000000005c3 flags=0b000000000010
  xmm0=0x00009b7600009b760000815800008158 xmm1=0x0000f5590000f5590000bbec0000bbec 
  xmm2=0x0000029c0000029c0000991200009912 xmm3=0x00009a3300009a330000313f0000313f 
  xmm4=0x0000aa3e0000aa3e00005de800005de8 xmm5=0x00001037000010370000444d0000444d 
  xmm6=0x00002a8000002a800000461100004611 xmm7=0x0000c1610000c1610000f7b50000f7b5 

    > load from +0x403e value 0x6e7000006e700000
0x3102: or ax, 5829
  rax=0x000000000000001e rbx=0x00000000400010ad rcx=0x000000000000003e rdx=0x0000000000000001
  rsi=0x6e7000006e700000 rdi=0x00000000000005c3 flags=0b000000000010
  xmm0=0x00009b7600009b760000815800008158 xmm1=0x0000f5590000f5590000bbec0000bbec 
  xmm2=0x0000029c0000029c0000991200009912 xmm3=0x00009a3300009a330000313f0000313f 
  xmm4=0x0000aa3e0000aa3e00005de800005de8 xmm5=0x00001037000010370000444d0000444d 
  xmm6=0x00002a8000002a800000461100004611 xmm7=0x0000c1610000c1610000f7b50000f7b5 

0x3106: and rbx, 0b1111111111111
  rax=0x00000000000016df rbx=0x00000000400010ad rcx=0x000000000000003e rdx=0x0000000000000001
  rsi=0x6e7000006e700000 rdi=0x00000000000005c3 flags=0b000000000010
  xmm0=0x00009b7600009b760000815800008158 xmm1=0x0000f5590000f5590000bbec0000bbec 
  xmm2=0x0000029c0000029c0000991200009912 xmm3=0x00009a3300009a330000313f0000313f 
  xmm4=0x0000aa3e0000aa3e00005de800005de8 xmm5=0x00001037000010370000444d0000444d 
  xmm6=0x00002a8000002a800000461100004611 xmm7=0x0000c1610000c1610000f7b50000f7b5 

0x310d: cmovz rbx, [r14 +rbx]
  rax=0x00000000000016df rbx=0x00000000000010ad rcx=0x000000000000003e rdx=0x0000000000000001
  rsi=0x6e7000006e700000 rdi=0x00000000000005c3 flags=0b000000000010
  xmm0=0x00009b7600009b760000815800008158 xmm1=0x0000f5590000f5590000bbec0000bbec 
  xmm2=0x0000029c0000029c0000991200009912 xmm3=0x00009a3300009a330000313f0000313f 
  xmm4=0x0000aa3e0000aa3e00005de800005de8 xmm5=0x00001037000010370000444d0000444d 
  xmm6=0x00002a8000002a800000461100004611 xmm7=0x0000c1610000c1610000f7b50000f7b5 

    > load from +0x50ad value 0xe500003ae5000006
0x3112: cmovnl ax, bx
  rax=0x00000000000016df rbx=0x00000000000010ad rcx=0x000000000000003e rdx=0x0000000000000001
  rsi=0x6e7000006e700000 rdi=0x00000000000005c3 flags=0b000000000010
  xmm0=0x00009b7600009b760000815800008158 xmm1=0x0000f5590000f5590000bbec0000bbec 
  xmm2=0x0000029c0000029c0000991200009912 xmm3=0x00009a3300009a330000313f0000313f 
  xmm4=0x0000aa3e0000aa3e00005de800005de8 xmm5=0x00001037000010370000444d0000444d 
  xmm6=0x00002a8000002a800000461100004611 xmm7=0x0000c1610000c1610000f7b50000f7b5 

0x3116: cmovb esi, ecx
  rax=0x00000000000010ad rbx=0x00000000000010ad rcx=0x000000000000003e rdx=0x0000000000000001
  rsi=0x6e7000006e700000 rdi=0x00000000000005c3 flags=0b000000000010
  xmm0=0x00009b7600009b760000815800008158 xmm1=0x0000f5590000f5590000bbec0000bbec 
  xmm2=0x0000029c0000029c0000991200009912 xmm3=0x00009a3300009a330000313f0000313f 
  xmm4=0x0000aa3e0000aa3e00005de800005de8 xmm5=0x00001037000010370000444d0000444d 
  xmm6=0x00002a8000002a800000461100004611 xmm7=0x0000c1610000c1610000f7b50000f7b5 

0x3119: and rsi, 0b1111111111111
  rax=0x00000000000010ad rbx=0x00000000000010ad rcx=0x000000000000003e rdx=0x0000000000000001
  rsi=0x000000006e700000 rdi=0x00000000000005c3 flags=0b000000000010
  xmm0=0x00009b7600009b760000815800008158 xmm1=0x0000f5590000f5590000bbec0000bbec 
  xmm2=0x0000029c0000029c0000991200009912 xmm3=0x00009a3300009a330000313f0000313f 
  xmm4=0x0000aa3e0000aa3e00005de800005de8 xmm5=0x00001037000010370000444d0000444d 
  xmm6=0x00002a8000002a800000461100004611 xmm7=0x0000c1610000c1610000f7b50000f7b5 

0x3120: nop [r14 +rsi]
  rax=0x00000000000010ad rbx=0x00000000000010ad rcx=0x000000000000003e rdx=0x0000000000000001
  rsi=0x0000000000000000 rdi=0x00000000000005c3 flags=0b000001000110
  xmm0=0x00009b7600009b760000815800008158 xmm1=0x0000f5590000f5590000bbec0000bbec 
  xmm2=0x0000029c0000029c0000991200009912 xmm3=0x00009a3300009a330000313f0000313f 
  xmm4=0x0000aa3e0000aa3e00005de800005de8 xmm5=0x00001037000010370000444d0000444d 
  xmm6=0x00002a8000002a800000461100004611 xmm7=0x0000c1610000c1610000f7b50000f7b5 

0x3125: and rcx, 0b1111111111111
  rax=0x00000000000010ad rbx=0x00000000000010ad rcx=0x000000000000003e rdx=0x0000000000000001
  rsi=0x0000000000000000 rdi=0x00000000000005c3 flags=0b000001000110
  xmm0=0x00009b7600009b760000815800008158 xmm1=0x0000f5590000f5590000bbec0000bbec 
  xmm2=0x0000029c0000029c0000991200009912 xmm3=0x00009a3300009a330000313f0000313f 
  xmm4=0x0000aa3e0000aa3e00005de800005de8 xmm5=0x00001037000010370000444d0000444d 
  xmm6=0x00002a8000002a800000461100004611 xmm7=0x0000c1610000c1610000f7b50000f7b5 

0x312c: movsx eax, [r14 +rcx]
  rax=0x00000000000010ad rbx=0x00000000000010ad rcx=0x000000000000003e rdx=0x0000000000000001
  rsi=0x0000000000000000 rdi=0x00000000000005c3 flags=0b000000000010
  xmm0=0x00009b7600009b760000815800008158 xmm1=0x0000f5590000f5590000bbec0000bbec 
  xmm2=0x0000029c0000029c0000991200009912 xmm3=0x00009a3300009a330000313f0000313f 
  xmm4=0x0000aa3e0000aa3e00005de800005de8 xmm5=0x00001037000010370000444d0000444d 
  xmm6=0x00002a8000002a800000461100004611 xmm7=0x0000c1610000c1610000f7b50000f7b5 

    > load from +0x403e value 0x0
0x3131: seto dil
  rax=0x0000000000000000 rbx=0x00000000000010ad rcx=0x000000000000003e rdx=0x0000000000000001
  rsi=0x0000000000000000 rdi=0x00000000000005c3 flags=0b000000000010
  xmm0=0x00009b7600009b760000815800008158 xmm1=0x0000f5590000f5590000bbec0000bbec 
  xmm2=0x0000029c0000029c0000991200009912 xmm3=0x00009a3300009a330000313f0000313f 
  xmm4=0x0000aa3e0000aa3e00005de800005de8 xmm5=0x00001037000010370000444d0000444d 
  xmm6=0x00002a8000002a800000461100004611 xmm7=0x0000c1610000c1610000f7b50000f7b5 

0x3135: cld 
  rax=0x0000000000000000 rbx=0x00000000000010ad rcx=0x000000000000003e rdx=0x0000000000000001
  rsi=0x0000000000000000 rdi=0x0000000000000500 flags=0b000000000010
  xmm0=0x00009b7600009b760000815800008158 xmm1=0x0000f5590000f5590000bbec0000bbec 
  xmm2=0x0000029c0000029c0000991200009912 xmm3=0x00009a3300009a330000313f0000313f 
  xmm4=0x0000aa3e0000aa3e00005de800005de8 xmm5=0x00001037000010370000444d0000444d 
  xmm6=0x00002a8000002a800000461100004611 xmm7=0x0000c1610000c1610000f7b50000f7b5 

0x3136: and rax, 0b1111111111111
  rax=0x0000000000000000 rbx=0x00000000000010ad rcx=0x000000000000003e rdx=0x0000000000000001
  rsi=0x0000000000000000 rdi=0x0000000000000500 flags=0b000000000010
  xmm0=0x00009b7600009b760000815800008158 xmm1=0x0000f5590000f5590000bbec0000bbec 
  xmm2=0x0000029c0000029c0000991200009912 xmm3=0x00009a3300009a330000313f0000313f 
  xmm4=0x0000aa3e0000aa3e00005de800005de8 xmm5=0x00001037000010370000444d0000444d 
  xmm6=0x00002a8000002a800000461100004611 xmm7=0x0000c1610000c1610000f7b50000f7b5 

0x313c: sub rdi, [r14 +rax]
  rax=0x0000000000000000 rbx=0x00000000000010ad rcx=0x000000000000003e rdx=0x0000000000000001
  rsi=0x0000000000000000 rdi=0x0000000000000500 flags=0b000001000110
  xmm0=0x00009b7600009b760000815800008158 xmm1=0x0000f5590000f5590000bbec0000bbec 
  xmm2=0x0000029c0000029c0000991200009912 xmm3=0x00009a3300009a330000313f0000313f 
  xmm4=0x0000aa3e0000aa3e00005de800005de8 xmm5=0x00001037000010370000444d0000444d 
  xmm6=0x00002a8000002a800000461100004611 xmm7=0x0000c1610000c1610000f7b50000f7b5 

    > load from +0x4000 value 0xf3450000f345
0x3140: movzx esi, dx
  rax=0x0000000000000000 rbx=0x00000000000010ad rcx=0x000000000000003e rdx=0x0000000000000001
  rsi=0x0000000000000000 rdi=0xffff0cbaffff11bb flags=0b000010010111
  xmm0=0x00009b7600009b760000815800008158 xmm1=0x0000f5590000f5590000bbec0000bbec 
  xmm2=0x0000029c0000029c0000991200009912 xmm3=0x00009a3300009a330000313f0000313f 
  xmm4=0x0000aa3e0000aa3e00005de800005de8 xmm5=0x00001037000010370000444d0000444d 
  xmm6=0x00002a8000002a800000461100004611 xmm7=0x0000c1610000c1610000f7b50000f7b5 

0x3143: or bx, -103
  rax=0x0000000000000000 rbx=0x00000000000010ad rcx=0x000000000000003e rdx=0x0000000000000001
  rsi=0x0000000000000001 rdi=0xffff0cbaffff11bb flags=0b000010010111
  xmm0=0x00009b7600009b760000815800008158 xmm1=0x0000f5590000f5590000bbec0000bbec 
  xmm2=0x0000029c0000029c0000991200009912 xmm3=0x00009a3300009a330000313f0000313f 
  xmm4=0x0000aa3e0000aa3e00005de800005de8 xmm5=0x00001037000010370000444d0000444d 
  xmm6=0x00002a8000002a800000461100004611 xmm7=0x0000c1610000c1610000f7b50000f7b5 

0x3147: and rax, 0b1111111111111
  rax=0x0000000000000000 rbx=0x000000000000ffbd rcx=0x000000000000003e rdx=0x0000000000000001
  rsi=0x0000000000000001 rdi=0xffff0cbaffff11bb flags=0b000010000110
  xmm0=0x00009b7600009b760000815800008158 xmm1=0x0000f5590000f5590000bbec0000bbec 
  xmm2=0x0000029c0000029c0000991200009912 xmm3=0x00009a3300009a330000313f0000313f 
  xmm4=0x0000aa3e0000aa3e00005de800005de8 xmm5=0x00001037000010370000444d0000444d 
  xmm6=0x00002a8000002a800000461100004611 xmm7=0x0000c1610000c1610000f7b50000f7b5 

0x314d: bt [r14 +rax], 85
  rax=0x0000000000000000 rbx=0x000000000000ffbd rcx=0x000000000000003e rdx=0x0000000000000001
  rsi=0x0000000000000001 rdi=0xffff0cbaffff11bb flags=0b000001000110
  xmm0=0x00009b7600009b760000815800008158 xmm1=0x0000f5590000f5590000bbec0000bbec 
  xmm2=0x0000029c0000029c0000991200009912 xmm3=0x00009a3300009a330000313f0000313f 
  xmm4=0x0000aa3e0000aa3e00005de800005de8 xmm5=0x00001037000010370000444d0000444d 
  xmm6=0x00002a8000002a800000461100004611 xmm7=0x0000c1610000c1610000f7b50000f7b5 

    > load from +0x4000 value 0xf345
0x3154: and rsi, 0b1111111111111
  rax=0x0000000000000000 rbx=0x000000000000ffbd rcx=0x000000000000003e rdx=0x0000000000000001
  rsi=0x0000000000000001 rdi=0xffff0cbaffff11bb flags=0b000001000110
  xmm0=0x00009b7600009b760000815800008158 xmm1=0x0000f5590000f5590000bbec0000bbec 
  xmm2=0x0000029c0000029c0000991200009912 xmm3=0x00009a3300009a330000313f0000313f 
  xmm4=0x0000aa3e0000aa3e00005de800005de8 xmm5=0x00001037000010370000444d0000444d 
  xmm6=0x00002a8000002a800000461100004611 xmm7=0x0000c1610000c1610000f7b50000f7b5 

0x315b: add sil, 102
  rax=0x0000000000000000 rbx=0x000000000000ffbd rcx=0x000000000000003e rdx=0x0000000000000001
  rsi=0x0000000000000001 rdi=0xffff0cbaffff11bb flags=0b000000000010
  xmm0=0x00009b7600009b760000815800008158 xmm1=0x0000f5590000f5590000bbec0000bbec 
  xmm2=0x0000029c0000029c0000991200009912 xmm3=0x00009a3300009a330000313f0000313f 
  xmm4=0x0000aa3e0000aa3e00005de800005de8 xmm5=0x00001037000010370000444d0000444d 
  xmm6=0x00002a8000002a800000461100004611 xmm7=0x0000c1610000c1610000f7b50000f7b5 

0x315f: setnz dil
  rax=0x0000000000000000 rbx=0x000000000000ffbd rcx=0x000000000000003e rdx=0x0000000000000001
  rsi=0x0000000000000067 rdi=0xffff0cbaffff11bb flags=0b000000000010
  xmm0=0x00009b7600009b760000815800008158 xmm1=0x0000f5590000f5590000bbec0000bbec 
  xmm2=0x0000029c0000029c0000991200009912 xmm3=0x00009a3300009a330000313f0000313f 
  xmm4=0x0000aa3e0000aa3e00005de800005de8 xmm5=0x00001037000010370000444d0000444d 
  xmm6=0x00002a8000002a800000461100004611 xmm7=0x0000c1610000c1610000f7b50000f7b5 

0x3163: and rbx, 0b1111111111111
  rax=0x0000000000000000 rbx=0x000000000000ffbd rcx=0x000000000000003e rdx=0x0000000000000001
  rsi=0x0000000000000067 rdi=0xffff0cbaffff1101 flags=0b000000000010
  xmm0=0x00009b7600009b760000815800008158 xmm1=0x0000f5590000f5590000bbec0000bbec 
  xmm2=0x0000029c0000029c0000991200009912 xmm3=0x00009a3300009a330000313f0000313f 
  xmm4=0x0000aa3e0000aa3e00005de800005de8 xmm5=0x00001037000010370000444d0000444d 
  xmm6=0x00002a8000002a800000461100004611 xmm7=0x0000c1610000c1610000f7b50000f7b5 

0x316a: cmp [r14 +rbx], -31
  rax=0x0000000000000000 rbx=0x0000000000001fbd rcx=0x000000000000003e rdx=0x0000000000000001
  rsi=0x0000000000000067 rdi=0xffff0cbaffff1101 flags=0b000000000110
  xmm0=0x00009b7600009b760000815800008158 xmm1=0x0000f5590000f5590000bbec0000bbec 
  xmm2=0x0000029c0000029c0000991200009912 xmm3=0x00009a3300009a330000313f0000313f 
  xmm4=0x0000aa3e0000aa3e00005de800005de8 xmm5=0x00001037000010370000444d0000444d 
  xmm6=0x00002a8000002a800000461100004611 xmm7=0x0000c1610000c1610000f7b50000f7b5 

    > load from +0x5fbd value 0xa70000b6a70000ef
0x316f: and rdx, 0b1111111111111
  rax=0x0000000000000000 rbx=0x0000000000001fbd rcx=0x000000000000003e rdx=0x0000000000000001
  rsi=0x0000000000000067 rdi=0xffff0cbaffff1101 flags=0b000010000011
  xmm0=0x00009b7600009b760000815800008158 xmm1=0x0000f5590000f5590000bbec0000bbec 
  xmm2=0x0000029c0000029c0000991200009912 xmm3=0x00009a3300009a330000313f0000313f 
  xmm4=0x0000aa3e0000aa3e00005de800005de8 xmm5=0x00001037000010370000444d0000444d 
  xmm6=0x00002a8000002a800000461100004611 xmm7=0x0000c1610000c1610000f7b50000f7b5 

0x3176: cmovnz rcx, [r14 +rdx]
  rax=0x0000000000000000 rbx=0x0000000000001fbd rcx=0x000000000000003e rdx=0x0000000000000001
  rsi=0x0000000000000067 rdi=0xffff0cbaffff1101 flags=0b000000000010
  xmm0=0x00009b7600009b760000815800008158 xmm1=0x0000f5590000f5590000bbec0000bbec 
  xmm2=0x0000029c0000029c0000991200009912 xmm3=0x00009a3300009a330000313f0000313f 
  xmm4=0x0000aa3e0000aa3e00005de800005de8 xmm5=0x00001037000010370000444d0000444d 
  xmm6=0x00002a8000002a800000461100004611 xmm7=0x0000c1610000c1610000f7b50000f7b5 

    > load from +0x4001 value 0x5c0000f3450000f3
0x317b: cmovnle rcx, rcx
  rax=0x0000000000000000 rbx=0x0000000000001fbd rcx=0x5c0000f3450000f3 rdx=0x0000000000000001
  rsi=0x0000000000000067 rdi=0xffff0cbaffff1101 flags=0b000000000010
  xmm0=0x00009b7600009b760000815800008158 xmm1=0x0000f5590000f5590000bbec0000bbec 
  xmm2=0x0000029c0000029c0000991200009912 xmm3=0x00009a3300009a330000313f0000313f 
  xmm4=0x0000aa3e0000aa3e00005de800005de8 xmm5=0x00001037000010370000444d0000444d 
  xmm6=0x00002a8000002a800000461100004611 xmm7=0x0000c1610000c1610000f7b50000f7b5 

0x317f: and rdi, 0b1111111111111
  rax=0x0000000000000000 rbx=0x0000000000001fbd rcx=0x5c0000f3450000f3 rdx=0x0000000000000001
  rsi=0x0000000000000067 rdi=0xffff0cbaffff1101 flags=0b000000000010
  xmm0=0x00009b7600009b760000815800008158 xmm1=0x0000f5590000f5590000bbec0000bbec 
  xmm2=0x0000029c0000029c0000991200009912 xmm3=0x00009a3300009a330000313f0000313f 
  xmm4=0x0000aa3e0000aa3e00005de800005de8 xmm5=0x00001037000010370000444d0000444d 
  xmm6=0x00002a8000002a800000461100004611 xmm7=0x0000c1610000c1610000f7b50000f7b5 

0x3186: cmovo esi, [r14 +rdi]
  rax=0x0000000000000000 rbx=0x0000000000001fbd rcx=0x5c0000f3450000f3 rdx=0x0000000000000001
  rsi=0x0000000000000067 rdi=0x0000000000001101 flags=0b000000000010
  xmm0=0x00009b7600009b760000815800008158 xmm1=0x0000f5590000f5590000bbec0000bbec 
  xmm2=0x0000029c0000029c0000991200009912 xmm3=0x00009a3300009a330000313f0000313f 
  xmm4=0x0000aa3e0000aa3e00005de800005de8 xmm5=0x00001037000010370000444d0000444d 
  xmm6=0x00002a8000002a800000461100004611 xmm7=0x0000c1610000c1610000f7b50000f7b5 

    > load from +0x5101 value 0xaa00005f
0x318b: sub al, -30
  rax=0x0000000000000000 rbx=0x0000000000001fbd rcx=0x5c0000f3450000f3 rdx=0x0000000000000001
  rsi=0x0000000000000067 rdi=0x0000000000001101 flags=0b000000000010
  xmm0=0x00009b7600009b760000815800008158 xmm1=0x0000f5590000f5590000bbec0000bbec 
  xmm2=0x0000029c0000029c0000991200009912 xmm3=0x00009a3300009a330000313f0000313f 
  xmm4=0x0000aa3e0000aa3e00005de800005de8 xmm5=0x00001037000010370000444d0000444d 
  xmm6=0x00002a8000002a800000461100004611 xmm7=0x0000c1610000c1610000f7b50000f7b5 

0x318d: macro .switch, .main.function_main_1
  rax=0x000000000000001e rbx=0x0000000000001fbd rcx=0x5c0000f3450000f3 rdx=0x0000000000000001
  rsi=0x0000000000000067 rdi=0x0000000000001101 flags=0b000000010111
  xmm0=0x00009b7600009b760000815800008158 xmm1=0x0000f5590000f5590000bbec0000bbec 
  xmm2=0x0000029c0000029c0000991200009912 xmm3=0x00009a3300009a330000313f0000313f 
  xmm4=0x0000aa3e0000aa3e00005de800005de8 xmm5=0x00001037000010370000444d0000444d 
  xmm6=0x00002a8000002a800000461100004611 xmm7=0x0000c1610000c1610000f7b50000f7b5 

0x8 : or eax, 0b1000
  rax=0x000000000000001e rbx=0x0000000000001fbd rcx=0x5c0000f3450000f3 rdx=0x0000000000000001
  rsi=0x0000000000000067 rdi=0x0000000000001101 flags=0b000000010111
  xmm0=0x00009b7600009b760000815800008158 xmm1=0x0000f5590000f5590000bbec0000bbec 
  xmm2=0x0000029c0000029c0000991200009912 xmm3=0x00009a3300009a330000313f0000313f 
  xmm4=0x0000aa3e0000aa3e00005de800005de8 xmm5=0x00001037000010370000444d0000444d 
  xmm6=0x00002a8000002a800000461100004611 xmm7=0x0000c1610000c1610000f7b50000f7b5 

0xb : and al, 0b11111000
  rax=0x000000000000001e rbx=0x0000000000001fbd rcx=0x5c0000f3450000f3 rdx=0x0000000000000001
  rsi=0x0000000000000067 rdi=0x0000000000001101 flags=0b000000000110
  xmm0=0x00009b7600009b760000815800008158 xmm1=0x0000f5590000f5590000bbec0000bbec 
  xmm2=0x0000029c0000029c0000991200009912 xmm3=0x00009a3300009a330000313f0000313f 
  xmm4=0x0000aa3e0000aa3e00005de800005de8 xmm5=0x00001037000010370000444d0000444d 
  xmm6=0x00002a8000002a800000461100004611 xmm7=0x0000c1610000c1610000f7b50000f7b5 

0xd : and edx, 0b11
  rax=0x0000000000000018 rbx=0x0000000000001fbd rcx=0x5c0000f3450000f3 rdx=0x0000000000000001
  rsi=0x0000000000000067 rdi=0x0000000000001101 flags=0b000000000110
  xmm0=0x00009b7600009b760000815800008158 xmm1=0x0000f5590000f5590000bbec0000bbec 
  xmm2=0x0000029c0000029c0000991200009912 xmm3=0x00009a3300009a330000313f0000313f 
  xmm4=0x0000aa3e0000aa3e00005de800005de8 xmm5=0x00001037000010370000444d0000444d 
  xmm6=0x00002a8000002a800000461100004611 xmm7=0x0000c1610000c1610000f7b50000f7b5 

0x10: idiv eax
  rax=0x0000000000000018 rbx=0x0000000000001fbd rcx=0x5c0000f3450000f3 rdx=0x0000000000000001
  rsi=0x0000000000000067 rdi=0x0000000000001101 flags=0b000000000010
  xmm0=0x00009b7600009b760000815800008158 xmm1=0x0000f5590000f5590000bbec0000bbec 
  xmm2=0x0000029c0000029c0000991200009912 xmm3=0x00009a3300009a330000313f0000313f 
  xmm4=0x0000aa3e0000aa3e00005de800005de8 xmm5=0x00001037000010370000444d0000444d 
  xmm6=0x00002a8000002a800000461100004611 xmm7=0x0000c1610000c1610000f7b50000f7b5 

0x12: nop ecx
  rax=0x000000000aaaaaab rbx=0x0000000000001fbd rcx=0x5c0000f3450000f3 rdx=0x0000000000000010
  rsi=0x0000000000000067 rdi=0x0000000000001101 flags=0b000000000010
  xmm0=0x00009b7600009b760000815800008158 xmm1=0x0000f5590000f5590000bbec0000bbec 
  xmm2=0x0000029c0000029c0000991200009912 xmm3=0x00009a3300009a330000313f0000313f 
  xmm4=0x0000aa3e0000aa3e00005de800005de8 xmm5=0x00001037000010370000444d0000444d 
  xmm6=0x00002a8000002a800000461100004611 xmm7=0x0000c1610000c1610000f7b50000f7b5 

0x15: and rcx, 0b1111111111111
  rax=0x000000000aaaaaab rbx=0x0000000000001fbd rcx=0x5c0000f3450000f3 rdx=0x0000000000000010
  rsi=0x0000000000000067 rdi=0x0000000000001101 flags=0b000000000010
  xmm0=0x00009b7600009b760000815800008158 xmm1=0x0000f5590000f5590000bbec0000bbec 
  xmm2=0x0000029c0000029c0000991200009912 xmm3=0x00009a3300009a330000313f0000313f 
  xmm4=0x0000aa3e0000aa3e00005de800005de8 xmm5=0x00001037000010370000444d0000444d 
  xmm6=0x00002a8000002a800000461100004611 xmm7=0x0000c1610000c1610000f7b50000f7b5 

0x1c: cmp rdi, [r14 +rcx]
  rax=0x000000000aaaaaab rbx=0x0000000000001fbd rcx=0x00000000000000f3 rdx=0x0000000000000010
  rsi=0x0000000000000067 rdi=0x0000000000001101 flags=0b000000000110
  xmm0=0x00009b7600009b760000815800008158 xmm1=0x0000f5590000f5590000bbec0000bbec 
  xmm2=0x0000029c0000029c0000991200009912 xmm3=0x00009a3300009a330000313f0000313f 
  xmm4=0x0000aa3e0000aa3e00005de800005de8 xmm5=0x00001037000010370000444d0000444d 
  xmm6=0x00002a8000002a800000461100004611 xmm7=0x0000c1610000c1610000f7b50000f7b5 

    > load from +0xf3 value 0x2e460000c69c00
0x20: sub al, cl
  rax=0x000000000aaaaaab rbx=0x0000000000001fbd rcx=0x00000000000000f3 rdx=0x0000000000000010
  rsi=0x0000000000000067 rdi=0x0000000000001101 flags=0b000010000011
  xmm0=0x00009b7600009b760000815800008158 xmm1=0x0000f5590000f5590000bbec0000bbec 
  xmm2=0x0000029c0000029c0000991200009912 xmm3=0x00009a3300009a330000313f0000313f 
  xmm4=0x0000aa3e0000aa3e00005de800005de8 xmm5=0x00001037000010370000444d0000444d 
  xmm6=0x00002a8000002a800000461100004611 xmm7=0x0000c1610000c1610000f7b50000f7b5 

0x22: cmovs rbx, rdx
  rax=0x000000000aaaaab8 rbx=0x0000000000001fbd rcx=0x00000000000000f3 rdx=0x0000000000000010
  rsi=0x0000000000000067 rdi=0x0000000000001101 flags=0b000010000111
  xmm0=0x00009b7600009b760000815800008158 xmm1=0x0000f5590000f5590000bbec0000bbec 
  xmm2=0x0000029c0000029c0000991200009912 xmm3=0x00009a3300009a330000313f0000313f 
  xmm4=0x0000aa3e0000aa3e00005de800005de8 xmm5=0x00001037000010370000444d0000444d 
  xmm6=0x00002a8000002a800000461100004611 xmm7=0x0000c1610000c1610000f7b50000f7b5 

0x26: xor al, dil
  rax=0x000000000aaaaab8 rbx=0x0000000000000010 rcx=0x00000000000000f3 rdx=0x0000000000000010
  rsi=0x0000000000000067 rdi=0x0000000000001101 flags=0b000010000111
  xmm0=0x00009b7600009b760000815800008158 xmm1=0x0000f5590000f5590000bbec0000bbec 
  xmm2=0x0000029c0000029c0000991200009912 xmm3=0x00009a3300009a330000313f0000313f 
  xmm4=0x0000aa3e0000aa3e00005de800005de8 xmm5=0x00001037000010370000444d0000444d 
  xmm6=0x00002a8000002a800000461100004611 xmm7=0x0000c1610000c1610000f7b50000f7b5 

0x29: sbb dl, -51
  rax=0x000000000aaaaab9 rbx=0x0000000000000010 rcx=0x00000000000000f3 rdx=0x0000000000000010
  rsi=0x0000000000000067 rdi=0x0000000000001101 flags=0b000010000010
  xmm0=0x00009b7600009b760000815800008158 xmm1=0x0000f5590000f5590000bbec0000bbec 
  xmm2=0x0000029c0000029c0000991200009912 xmm3=0x00009a3300009a330000313f0000313f 
  xmm4=0x0000aa3e0000aa3e00005de800005de8 xmm5=0x00001037000010370000444d0000444d 
  xmm6=0x00002a8000002a800000461100004611 xmm7=0x0000c1610000c1610000f7b50000f7b5 

0x2c: and rdi, 0b1111111111111
  rax=0x000000000aaaaab9 rbx=0x0000000000000010 rcx=0x00000000000000f3 rdx=0x0000000000000043
  rsi=0x0000000000000067 rdi=0x0000000000001101 flags=0b000000010011
  xmm0=0x00009b7600009b760000815800008158 xmm1=0x0000f5590000f5590000bbec0000bbec 
  xmm2=0x0000029c0000029c0000991200009912 xmm3=0x00009a3300009a330000313f0000313f 
  xmm4=0x0000aa3e0000aa3e00005de800005de8 xmm5=0x00001037000010370000444d0000444d 
  xmm6=0x00002a8000002a800000461100004611 xmm7=0x0000c1610000c1610000f7b50000f7b5 

0x33: mul [r14 +rdi]
  rax=0x000000000aaaaab9 rbx=0x0000000000000010 rcx=0x00000000000000f3 rdx=0x0000000000000043
  rsi=0x0000000000000067 rdi=0x0000000000001101 flags=0b000000000010
  xmm0=0x00009b7600009b760000815800008158 xmm1=0x0000f5590000f5590000bbec0000bbec 
  xmm2=0x0000029c0000029c0000991200009912 xmm3=0x00009a3300009a330000313f0000313f 
  xmm4=0x0000aa3e0000aa3e00005de800005de8 xmm5=0x00001037000010370000444d0000444d 
  xmm6=0x00002a8000002a800000461100004611 xmm7=0x0000c1610000c1610000f7b50000f7b5 

    > load from +0x1101 value 0x69000005
0x37: bt ax, dx
  rax=0x000000001655559d rbx=0x0000000000000010 rcx=0x00000000000000f3 rdx=0x0000000004600006
  rsi=0x0000000000000067 rdi=0x0000000000001101 flags=0b100000000011
  xmm0=0x00009b7600009b760000815800008158 xmm1=0x0000f5590000f5590000bbec0000bbec 
  xmm2=0x0000029c0000029c0000991200009912 xmm3=0x00009a3300009a330000313f0000313f 
  xmm4=0x0000aa3e0000aa3e00005de800005de8 xmm5=0x00001037000010370000444d0000444d 
  xmm6=0x00002a8000002a800000461100004611 xmm7=0x0000c1610000c1610000f7b50000f7b5 

0x3b: and rax, 0b1111111111111
  rax=0x000000001655559d rbx=0x0000000000000010 rcx=0x00000000000000f3 rdx=0x0000000004600006
  rsi=0x0000000000000067 rdi=0x0000000000001101 flags=0b000000000010
  xmm0=0x00009b7600009b760000815800008158 xmm1=0x0000f5590000f5590000bbec0000bbec 
  xmm2=0x0000029c0000029c0000991200009912 xmm3=0x00009a3300009a330000313f0000313f 
  xmm4=0x0000aa3e0000aa3e00005de800005de8 xmm5=0x00001037000010370000444d0000444d 
  xmm6=0x00002a8000002a800000461100004611 xmm7=0x0000c1610000c1610000f7b50000f7b5 

0x41: or cl, [r14 +rax]
  rax=0x000000000000159d rbx=0x0000000000000010 rcx=0x00000000000000f3 rdx=0x0000000004600006
  rsi=0x0000000000000067 rdi=0x0000000000001101 flags=0b000000000010
  xmm0=0x00009b7600009b760000815800008158 xmm1=0x0000f5590000f5590000bbec0000bbec 
  xmm2=0x0000029c0000029c0000991200009912 xmm3=0x00009a3300009a330000313f0000313f 
  xmm4=0x0000aa3e0000aa3e00005de800005de8 xmm5=0x00001037000010370000444d0000444d 
  xmm6=0x00002a8000002a800000461100004611 xmm7=0x0000c1610000c1610000f7b50000f7b5 

    > load from +0x159d value 0xb1
0x45: and rdx, 0b1111111111111
  rax=0x000000000000159d rbx=0x0000000000000010 rcx=0x00000000000000f3 rdx=0x0000000004600006
  rsi=0x0000000000000067 rdi=0x0000000000001101 flags=0b000010000110
  xmm0=0x00009b7600009b760000815800008158 xmm1=0x0000f5590000f5590000bbec0000bbec 
  xmm2=0x0000029c0000029c0000991200009912 xmm3=0x00009a3300009a330000313f0000313f 
  xmm4=0x0000aa3e0000aa3e00005de800005de8 xmm5=0x00001037000010370000444d0000444d 
  xmm6=0x00002a8000002a800000461100004611 xmm7=0x0000c1610000c1610000f7b50000f7b5 

0x4c: or [r14 +rdx], 1
  rax=0x000000000000159d rbx=0x0000000000000010 rcx=0x00000000000000f3 rdx=0x0000000000000006
  rsi=0x0000000000000067 rdi=0x0000000000001101 flags=0b000000000110
  xmm0=0x00009b7600009b760000815800008158 xmm1=0x0000f5590000f5590000bbec0000bbec 
  xmm2=0x0000029c0000029c0000991200009912 xmm3=0x00009a3300009a330000313f0000313f 
  xmm4=0x0000aa3e0000aa3e00005de800005de8 xmm5=0x00001037000010370000444d0000444d 
  xmm6=0x00002a8000002a800000461100004611 xmm7=0x0000c1610000c1610000f7b50000f7b5 

    > load from +0x6 value 0x0
    > store to +0x6 value 0x1
0x52: add sil, 69
  rax=0x000000000000159d rbx=0x0000000000000010 rcx=0x00000000000000f3 rdx=0x0000000000000006
  rsi=0x0000000000000067 rdi=0x0000000000001101 flags=0b000000000010
  xmm0=0x00009b7600009b760000815800008158 xmm1=0x0000f5590000f5590000bbec0000bbec 
  xmm2=0x0000029c0000029c0000991200009912 xmm3=0x00009a3300009a330000313f0000313f 
  xmm4=0x0000aa3e0000aa3e00005de800005de8 xmm5=0x00001037000010370000444d0000444d 
  xmm6=0x00002a8000002a800000461100004611 xmm7=0x0000c1610000c1610000f7b50000f7b5 

0x56: cmovns si, di
  rax=0x000000000000159d rbx=0x0000000000000010 rcx=0x00000000000000f3 rdx=0x0000000000000006
  rsi=0x00000000000000ac rdi=0x0000000000001101 flags=0b100010000110
  xmm0=0x00009b7600009b760000815800008158 xmm1=0x0000f5590000f5590000bbec0000bbec 
  xmm2=0x0000029c0000029c0000991200009912 xmm3=0x00009a3300009a330000313f0000313f 
  xmm4=0x0000aa3e0000aa3e00005de800005de8 xmm5=0x00001037000010370000444d0000444d 
  xmm6=0x00002a8000002a800000461100004611 xmm7=0x0000c1610000c1610000f7b50000f7b5 

0x5a: cmovbe ebx, edi
  rax=0x000000000000159d rbx=0x0000000000000010 rcx=0x00000000000000f3 rdx=0x0000000000000006
  rsi=0x00000000000000ac rdi=0x0000000000001101 flags=0b100010000110
  xmm0=0x00009b7600009b760000815800008158 xmm1=0x0000f5590000f5590000bbec0000bbec 
  xmm2=0x0000029c0000029c0000991200009912 xmm3=0x00009a3300009a330000313f0000313f 
  xmm4=0x0000aa3e0000aa3e00005de800005de8 xmm5=0x00001037000010370000444d0000444d 
  xmm6=0x00002a8000002a800000461100004611 xmm7=0x0000c1610000c1610000f7b50000f7b5 

0x5d: and rcx, 0b1111111111111
  rax=0x000000000000159d rbx=0x0000000000000010 rcx=0x00000000000000f3 rdx=0x0000000000000006
  rsi=0x00000000000000ac rdi=0x0000000000001101 flags=0b100010000110
  xmm0=0x00009b7600009b760000815800008158 xmm1=0x0000f5590000f5590000bbec0000bbec 
  xmm2=0x0000029c0000029c0000991200009912 xmm3=0x00009a3300009a330000313f0000313f 
  xmm4=0x0000aa3e0000aa3e00005de800005de8 xmm5=0x00001037000010370000444d0000444d 
  xmm6=0x00002a8000002a800000461100004611 xmm7=0x0000c1610000c1610000f7b50000f7b5 

0x64: sub al, [r14 +rcx]
  rax=0x000000000000159d rbx=0x0000000000000010 rcx=0x00000000000000f3 rdx=0x0000000000000006
  rsi=0x00000000000000ac rdi=0x0000000000001101 flags=0b000000000110
  xmm0=0x00009b7600009b760000815800008158 xmm1=0x0000f5590000f5590000bbec0000bbec 
  xmm2=0x0000029c0000029c0000991200009912 xmm3=0x00009a3300009a330000313f0000313f 
  xmm4=0x0000aa3e0000aa3e00005de800005de8 xmm5=0x00001037000010370000444d0000444d 
  xmm6=0x00002a8000002a800000461100004611 xmm7=0x0000c1610000c1610000f7b50000f7b5 

    > load from +0xf3 value 0x0
0x68: and rdx, 0b1111111111111
  rax=0x000000000000159d rbx=0x0000000000000010 rcx=0x00000000000000f3 rdx=0x0000000000000006
  rsi=0x00000000000000ac rdi=0x0000000000001101 flags=0b000010000010
  xmm0=0x00009b7600009b760000815800008158 xmm1=0x0000f5590000f5590000bbec0000bbec 
  xmm2=0x0000029c0000029c0000991200009912 xmm3=0x00009a3300009a330000313f0000313f 
  xmm4=0x0000aa3e0000aa3e00005de800005de8 xmm5=0x00001037000010370000444d0000444d 
  xmm6=0x00002a8000002a800000461100004611 xmm7=0x0000c1610000c1610000f7b50000f7b5 

0x6f: or al, [r14 +rdx]
  rax=0x000000000000159d rbx=0x0000000000000010 rcx=0x00000000000000f3 rdx=0x0000000000000006
  rsi=0x00000000000000ac rdi=0x0000000000001101 flags=0b000000000110
  xmm0=0x00009b7600009b760000815800008158 xmm1=0x0000f5590000f5590000bbec0000bbec 
  xmm2=0x0000029c0000029c0000991200009912 xmm3=0x00009a3300009a330000313f0000313f 
  xmm4=0x0000aa3e0000aa3e00005de800005de8 xmm5=0x00001037000010370000444d0000444d 
  xmm6=0x00002a8000002a800000461100004611 xmm7=0x0000c1610000c1610000f7b50000f7b5 

    > load from +0x6 value 0x1
0x73: and rdx, 0b1111111111111
  rax=0x000000000000159d rbx=0x0000000000000010 rcx=0x00000000000000f3 rdx=0x0000000000000006
  rsi=0x00000000000000ac rdi=0x0000000000001101 flags=0b000010000010
  xmm0=0x00009b7600009b760000815800008158 xmm1=0x0000f5590000f5590000bbec0000bbec 
  xmm2=0x0000029c0000029c0000991200009912 xmm3=0x00009a3300009a330000313f0000313f 
  xmm4=0x0000aa3e0000aa3e00005de800005de8 xmm5=0x00001037000010370000444d0000444d 
  xmm6=0x00002a8000002a800000461100004611 xmm7=0x0000c1610000c1610000f7b50000f7b5 

0x7a: sub al, [r14 +rdx]
  rax=0x000000000000159d rbx=0x0000000000000010 rcx=0x00000000000000f3 rdx=0x0000000000000006
  rsi=0x00000000000000ac rdi=0x0000000000001101 flags=0b000000000110
  xmm0=0x00009b7600009b760000815800008158 xmm1=0x0000f5590000f5590000bbec0000bbec 
  xmm2=0x0000029c0000029c0000991200009912 xmm3=0x00009a3300009a330000313f0000313f 
  xmm4=0x0000aa3e0000aa3e00005de800005de8 xmm5=0x00001037000010370000444d0000444d 
  xmm6=0x00002a8000002a800000461100004611 xmm7=0x0000c1610000c1610000f7b50000f7b5 

    > load from +0x6 value 0x1
0x7e: cld 
  rax=0x000000000000159c rbx=0x0000000000000010 rcx=0x00000000000000f3 rdx=0x0000000000000006
  rsi=0x00000000000000ac rdi=0x0000000000001101 flags=0b000010000110
  xmm0=0x00009b7600009b760000815800008158 xmm1=0x0000f5590000f5590000bbec0000bbec 
  xmm2=0x0000029c0000029c0000991200009912 xmm3=0x00009a3300009a330000313f0000313f 
  xmm4=0x0000aa3e0000aa3e00005de800005de8 xmm5=0x00001037000010370000444d0000444d 
  xmm6=0x00002a8000002a800000461100004611 xmm7=0x0000c1610000c1610000f7b50000f7b5 

0x7f: cmpxchg bl, cl
  rax=0x000000000000159c rbx=0x0000000000000010 rcx=0x00000000000000f3 rdx=0x0000000000000006
  rsi=0x00000000000000ac rdi=0x0000000000001101 flags=0b000010000110
  xmm0=0x00009b7600009b760000815800008158 xmm1=0x0000f5590000f5590000bbec0000bbec 
  xmm2=0x0000029c0000029c0000991200009912 xmm3=0x00009a3300009a330000313f0000313f 
  xmm4=0x0000aa3e0000aa3e00005de800005de8 xmm5=0x00001037000010370000444d0000444d 
  xmm6=0x00002a8000002a800000461100004611 xmm7=0x0000c1610000c1610000f7b50000f7b5 

0x82: not dx
  rax=0x0000000000001510 rbx=0x0000000000000010 rcx=0x00000000000000f3 rdx=0x0000000000000006
  rsi=0x00000000000000ac rdi=0x0000000000001101 flags=0b000010000010
  xmm0=0x00009b7600009b760000815800008158 xmm1=0x0000f5590000f5590000bbec0000bbec 
  xmm2=0x0000029c0000029c0000991200009912 xmm3=0x00009a3300009a330000313f0000313f 
  xmm4=0x0000aa3e0000aa3e00005de800005de8 xmm5=0x00001037000010370000444d0000444d 
  xmm6=0x00002a8000002a800000461100004611 xmm7=0x0000c1610000c1610000f7b50000f7b5 

0x85: and rcx, 0b1111111111111
  rax=0x0000000000001510 rbx=0x0000000000000010 rcx=0x00000000000000f3 rdx=0x000000000000fff9
  rsi=0x00000000000000ac rdi=0x0000000000001101 flags=0b000010000010
  xmm0=0x00009b7600009b760000815800008158 xmm1=0x0000f5590000f5590000bbec0000bbec 
  xmm2=0x0000029c0000029c0000991200009912 xmm3=0x00009a3300009a330000313f0000313f 
  xmm4=0x0000aa3e0000aa3e00005de800005de8 xmm5=0x00001037000010370000444d0000444d 
  xmm6=0x00002a8000002a800000461100004611 xmm7=0x0000c1610000c1610000f7b50000f7b5 

0x8c: mul [r14 +rcx]
  rax=0x0000000000001510 rbx=0x0000000000000010 rcx=0x00000000000000f3 rdx=0x000000000000fff9
  rsi=0x00000000000000ac rdi=0x0000000000001101 flags=0b000000000110
  xmm0=0x00009b7600009b760000815800008158 xmm1=0x0000f5590000f5590000bbec0000bbec 
  xmm2=0x0000029c0000029c0000991200009912 xmm3=0x00009a3300009a330000313f0000313f 
  xmm4=0x0000aa3e0000aa3e00005de800005de8 xmm5=0x00001037000010370000444d0000444d 
  xmm6=0x00002a8000002a800000461100004611 xmm7=0x0000c1610000c1610000f7b50000f7b5 

    > load from +0xf3 value 0xc69c00
0x90: and rbx, 0b1111111111111
  rax=0x000000005735c000 rbx=0x0000000000000010 rcx=0x00000000000000f3 rdx=0x0000000000000010
  rsi=0x00000000000000ac rdi=0x0000000000001101 flags=0b100000000111
  xmm0=0x00009b7600009b760000815800008158 xmm1=0x0000f5590000f5590000bbec0000bbec 
  xmm2=0x0000029c0000029c0000991200009912 xmm3=0x00009a3300009a330000313f0000313f 
  xmm4=0x0000aa3e0000aa3e00005de800005de8 xmm5=0x00001037000010370000444d0000444d 
  xmm6=0x00002a8000002a800000461100004611 xmm7=0x0000c1610000c1610000f7b50000f7b5 

0x97: bt [r14 +rbx], 167
  rax=0x000000005735c000 rbx=0x0000000000000010 rcx=0x00000000000000f3 rdx=0x0000000000000010
  rsi=0x00000000000000ac rdi=0x0000000000001101 flags=0b000000000010
  xmm0=0x00009b7600009b760000815800008158 xmm1=0x0000f5590000f5590000bbec0000bbec 
  xmm2=0x0000029c0000029c0000991200009912 xmm3=0x00009a3300009a330000313f0000313f 
  xmm4=0x0000aa3e0000aa3e00005de800005de8 xmm5=0x00001037000010370000444d0000444d 
  xmm6=0x00002a8000002a800000461100004611 xmm7=0x0000c1610000c1610000f7b50000f7b5 

    > load from +0x10 value 0x38f0000038f0
0x9d: and rdx, 0b1111111111111
  rax=0x000000005735c000 rbx=0x0000000000000010 rcx=0x00000000000000f3 rdx=0x0000000000000010
  rsi=0x00000000000000ac rdi=0x0000000000001101 flags=0b000000000011
  xmm0=0x00009b7600009b760000815800008158 xmm1=0x0000f5590000f5590000bbec0000bbec 
  xmm2=0x0000029c0000029c0000991200009912 xmm3=0x00009a3300009a330000313f0000313f 
  xmm4=0x0000aa3e0000aa3e00005de800005de8 xmm5=0x00001037000010370000444d0000444d 
  xmm6=0x00002a8000002a800000461100004611 xmm7=0x0000c1610000c1610000f7b50000f7b5 

0xa4: sub sil, [r14 +rdx]
  rax=0x000000005735c000 rbx=0x0000000000000010 rcx=0x00000000000000f3 rdx=0x0000000000000010
  rsi=0x00000000000000ac rdi=0x0000000000001101 flags=0b000000000010
  xmm0=0x00009b7600009b760000815800008158 xmm1=0x0000f5590000f5590000bbec0000bbec 
  xmm2=0x0000029c0000029c0000991200009912 xmm3=0x00009a3300009a330000313f0000313f 
  xmm4=0x0000aa3e0000aa3e00005de800005de8 xmm5=0x00001037000010370000444d0000444d 
  xmm6=0x00002a8000002a800000461100004611 xmm7=0x0000c1610000c1610000f7b50000f7b5 

    > load from +0x10 value 0xf0
0xa8: sbb edx, 23
  rax=0x000000005735c000 rbx=0x0000000000000010 rcx=0x00000000000000f3 rdx=0x0000000000000010
  rsi=0x00000000000000bc rdi=0x0000000000001101 flags=0b000010000011
  xmm0=0x00009b7600009b760000815800008158 xmm1=0x0000f5590000f5590000bbec0000bbec 
  xmm2=0x0000029c0000029c0000991200009912 xmm3=0x00009a3300009a330000313f0000313f 
  xmm4=0x0000aa3e0000aa3e00005de800005de8 xmm5=0x00001037000010370000444d0000444d 
  xmm6=0x00002a8000002a800000461100004611 xmm7=0x0000c1610000c1610000f7b50000f7b5 

0xab: and rsi, 0b1111111111111
  rax=0x000000005735c000 rbx=0x0000000000000010 rcx=0x00000000000000f3 rdx=0x00000000fffffff8
  rsi=0x00000000000000bc rdi=0x0000000000001101 flags=0b000010010011
  xmm0=0x00009b7600009b760000815800008158 xmm1=0x0000f5590000f5590000bbec0000bbec 
  xmm2=0x0000029c0000029c0000991200009912 xmm3=0x00009a3300009a330000313f0000313f 
  xmm4=0x0000aa3e0000aa3e00005de800005de8 xmm5=0x00001037000010370000444d0000444d 
  xmm6=0x00002a8000002a800000461100004611 xmm7=0x0000c1610000c1610000f7b50000f7b5 

0xb2: imul rax, [r14 +rsi], 39
  rax=0x000000005735c000 rbx=0x0000000000000010 rcx=0x00000000000000f3 rdx=0x00000000fffffff8
  rsi=0x00000000000000bc rdi=0x0000000000001101 flags=0b000000000010
  xmm0=0x00009b7600009b760000815800008158 xmm1=0x0000f5590000f5590000bbec0000bbec 
  xmm2=0x0000029c0000029c0000991200009912 xmm3=0x00009a3300009a330000313f0000313f 
  xmm4=0x0000aa3e0000aa3e00005de800005de8 xmm5=0x00001037000010370000444d0000444d 
  xmm6=0x00002a8000002a800000461100004611 xmm7=0x0000c1610000c1610000f7b50000f7b5 

    > load from +0xbc value 0xa19200009338
0xb7: and rdx, 0b1111111111111
  rax=0x00189d3e00166d88 rbx=0x0000000000000010 rcx=0x00000000000000f3 rdx=0x00000000fffffff8
  rsi=0x00000000000000bc rdi=0x0000000000001101 flags=0b000000000110
  xmm0=0x00009b7600009b760000815800008158 xmm1=0x0000f5590000f5590000bbec0000bbec 
  xmm2=0x0000029c0000029c0000991200009912 xmm3=0x00009a3300009a330000313f0000313f 
  xmm4=0x0000aa3e0000aa3e00005de800005de8 xmm5=0x00001037000010370000444d0000444d 
  xmm6=0x00002a8000002a800000461100004611 xmm7=0x0000c1610000c1610000f7b50000f7b5 

0xbe: adc cx, [r14 +rdx]
  rax=0x00189d3e00166d88 rbx=0x0000000000000010 rcx=0x00000000000000f3 rdx=0x0000000000001ff8
  rsi=0x00000000000000bc rdi=0x0000000000001101 flags=0b000000000010
  xmm0=0x00009b7600009b760000815800008158 xmm1=0x0000f5590000f5590000bbec0000bbec 
  xmm2=0x0000029c0000029c0000991200009912 xmm3=0x00009a3300009a330000313f0000313f 
  xmm4=0x0000aa3e0000aa3e00005de800005de8 xmm5=0x00001037000010370000444d0000444d 
  xmm6=0x00002a8000002a800000461100004611 xmm7=0x0000c1610000c1610000f7b50000f7b5 

    > load from +0x1ff8 value 0xb976
0xc3: cmovnp rcx, rbx
  rax=0x00189d3e00166d88 rbx=0x0000000000000010 rcx=0x000000000000ba69 rdx=0x0000000000001ff8
  rsi=0x00000000000000bc rdi=0x0000000000001101 flags=0b000010000110
  xmm0=0x00009b7600009b760000815800008158 xmm1=0x0000f5590000f5590000bbec0000bbec 
  xmm2=0x0000029c0000029c0000991200009912 xmm3=0x00009a3300009a330000313f0000313f 
  xmm4=0x0000aa3e0000aa3e00005de800005de8 xmm5=0x00001037000010370000444d0000444d 
  xmm6=0x00002a8000002a800000461100004611 xmm7=0x0000c1610000c1610000f7b50000f7b5 

0xc7: and rsi, 0b1111111111111
  rax=0x00189d3e00166d88 rbx=0x0000000000000010 rcx=0x000000000000ba69 rdx=0x0000000000001ff8
  rsi=0x00000000000000bc rdi=0x0000000000001101 flags=0b000010000110
  xmm0=0x00009b7600009b760000815800008158 xmm1=0x0000f5590000f5590000bbec0000bbec 
  xmm2=0x0000029c0000029c0000991200009912 xmm3=0x00009a3300009a330000313f0000313f 
  xmm4=0x0000aa3e0000aa3e00005de800005de8 xmm5=0x00001037000010370000444d0000444d 
  xmm6=0x00002a8000002a800000461100004611 xmm7=0x0000c1610000c1610000f7b50000f7b5 

0xce: adc rax, [r14 +rsi]
  rax=0x00189d3e00166d88 rbx=0x0000000000000010 rcx=0x000000000000ba69 rdx=0x0000000000001ff8
  rsi=0x00000000000000bc rdi=0x0000000000001101 flags=0b000000000010
  xmm0=0x00009b7600009b760000815800008158 xmm1=0x0000f5590000f5590000bbec0000bbec 
  xmm2=0x0000029c0000029c0000991200009912 xmm3=0x00009a3300009a330000313f0000313f 
  xmm4=0x0000aa3e0000aa3e00005de800005de8 xmm5=0x00001037000010370000444d0000444d 
  xmm6=0x00002a8000002a800000461100004611 xmm7=0x0000c1610000c1610000f7b50000f7b5 

    > load from +0xbc value 0xa19200009338
0xd2: and rsi, 0b1111111111111
  rax=0x00193ed0001700c0 rbx=0x0000000000000010 rcx=0x000000000000ba69 rdx=0x0000000000001ff8
  rsi=0x00000000000000bc rdi=0x0000000000001101 flags=0b000000010110
  xmm0=0x00009b7600009b760000815800008158 xmm1=0x0000f5590000f5590000bbec0000bbec 
  xmm2=0x0000029c0000029c0000991200009912 xmm3=0x00009a3300009a330000313f0000313f 
  xmm4=0x0000aa3e0000aa3e00005de800005de8 xmm5=0x00001037000010370000444d0000444d 
  xmm6=0x00002a8000002a800000461100004611 xmm7=0x0000c1610000c1610000f7b50000f7b5 

0xd9: mov rdx, [r14 +rsi]
  rax=0x00193ed0001700c0 rbx=0x0000000000000010 rcx=0x000000000000ba69 rdx=0x0000000000001ff8
  rsi=0x00000000000000bc rdi=0x0000000000001101 flags=0b000000000010
  xmm0=0x00009b7600009b760000815800008158 xmm1=0x0000f5590000f5590000bbec0000bbec 
  xmm2=0x0000029c0000029c0000991200009912 xmm3=0x00009a3300009a330000313f0000313f 
  xmm4=0x0000aa3e0000aa3e00005de800005de8 xmm5=0x00001037000010370000444d0000444d 
  xmm6=0x00002a8000002a800000461100004611 xmm7=0x0000c1610000c1610000f7b50000f7b5 

    > load from +0xbc value 0xa19200009338
0xdd: and rdi, 0b1111111111111
  rax=0x00193ed0001700c0 rbx=0x0000000000000010 rcx=0x000000000000ba69 rdx=0x0000a19200009338
  rsi=0x00000000000000bc rdi=0x0000000000001101 flags=0b000000000010
  xmm0=0x00009b7600009b760000815800008158 xmm1=0x0000f5590000f5590000bbec0000bbec 
  xmm2=0x0000029c0000029c0000991200009912 xmm3=0x00009a3300009a330000313f0000313f 
  xmm4=0x0000aa3e0000aa3e00005de800005de8 xmm5=0x00001037000010370000444d0000444d 
  xmm6=0x00002a8000002a800000461100004611 xmm7=0x0000c1610000c1610000f7b50000f7b5 

0xe4: movzx rsi, [r14 +rdi]
  rax=0x00193ed0001700c0 rbx=0x0000000000000010 rcx=0x000000000000ba69 rdx=0x0000a19200009338
  rsi=0x00000000000000bc rdi=0x0000000000001101 flags=0b000000000010
  xmm0=0x00009b7600009b760000815800008158 xmm1=0x0000f5590000f5590000bbec0000bbec 
  xmm2=0x0000029c0000029c0000991200009912 xmm3=0x00009a3300009a330000313f0000313f 
  xmm4=0x0000aa3e0000aa3e00005de800005de8 xmm5=0x00001037000010370000444d0000444d 
  xmm6=0x00002a8000002a800000461100004611 xmm7=0x0000c1610000c1610000f7b50000f7b5 

    > load from +0x1101 value 0x5
0xe9: and ax, 28108
  rax=0x00193ed0001700c0 rbx=0x0000000000000010 rcx=0x000000000000ba69 rdx=0x0000a19200009338
  rsi=0x0000000000000005 rdi=0x0000000000001101 flags=0b000000000010
  xmm0=0x00009b7600009b760000815800008158 xmm1=0x0000f5590000f5590000bbec0000bbec 
  xmm2=0x0000029c0000029c0000991200009912 xmm3=0x00009a3300009a330000313f0000313f 
  xmm4=0x0000aa3e0000aa3e00005de800005de8 xmm5=0x00001037000010370000444d0000444d 
  xmm6=0x00002a8000002a800000461100004611 xmm7=0x0000c1610000c1610000f7b50000f7b5 

0xed: or di, 0b1000000000000000
  rax=0x00193ed0001700c0 rbx=0x0000000000000010 rcx=0x000000000000ba69 rdx=0x0000a19200009338
  rsi=0x0000000000000005 rdi=0x0000000000001101 flags=0b000000000110
  xmm0=0x00009b7600009b760000815800008158 xmm1=0x0000f5590000f5590000bbec0000bbec 
  xmm2=0x0000029c0000029c0000991200009912 xmm3=0x00009a3300009a330000313f0000313f 
  xmm4=0x0000aa3e0000aa3e00005de800005de8 xmm5=0x00001037000010370000444d0000444d 
  xmm6=0x00002a8000002a800000461100004611 xmm7=0x0000c1610000c1610000f7b50000f7b5 

0xf2: bsr bx, di
  rax=0x00193ed0001700c0 rbx=0x0000000000000010 rcx=0x000000000000ba69 rdx=0x0000a19200009338
  rsi=0x0000000000000005 rdi=0x0000000000009101 flags=0b000010000010
  xmm0=0x00009b7600009b760000815800008158 xmm1=0x0000f5590000f5590000bbec0000bbec 
  xmm2=0x0000029c0000029c0000991200009912 xmm3=0x00009a3300009a330000313f0000313f 
  xmm4=0x0000aa3e0000aa3e00005de800005de8 xmm5=0x00001037000010370000444d0000444d 
  xmm6=0x00002a8000002a800000461100004611 xmm7=0x0000c1610000c1610000f7b50000f7b5 

0xf6: and rsi, 0b1111111111111
  rax=0x00193ed0001700c0 rbx=0x000000000000000f rcx=0x000000000000ba69 rdx=0x0000a19200009338
  rsi=0x0000000000000005 rdi=0x0000000000009101 flags=0b000010000010
  xmm0=0x00009b7600009b760000815800008158 xmm1=0x0000f5590000f5590000bbec0000bbec 
  xmm2=0x0000029c0000029c0000991200009912 xmm3=0x00009a3300009a330000313f0000313f 
  xmm4=0x0000aa3e0000aa3e00005de800005de8 xmm5=0x00001037000010370000444d0000444d 
  xmm6=0x00002a8000002a800000461100004611 xmm7=0x0000c1610000c1610000f7b50000f7b5 

0xfd: mov edi, [r14 +rsi]
  rax=0x00193ed0001700c0 rbx=0x000000000000000f rcx=0x000000000000ba69 rdx=0x0000a19200009338
  rsi=0x0000000000000005 rdi=0x0000000000009101 flags=0b000000000110
  xmm0=0x00009b7600009b760000815800008158 xmm1=0x0000f5590000f5590000bbec0000bbec 
  xmm2=0x0000029c0000029c0000991200009912 xmm3=0x00009a3300009a330000313f0000313f 
  xmm4=0x0000aa3e0000aa3e00005de800005de8 xmm5=0x00001037000010370000444d0000444d 
  xmm6=0x00002a8000002a800000461100004611 xmm7=0x0000c1610000c1610000f7b50000f7b5 

    > load from +0x5 value 0x530001fb
0x101: and rdi, 0b1111111111111
  rax=0x00193ed0001700c0 rbx=0x000000000000000f rcx=0x000000000000ba69 rdx=0x0000a19200009338
  rsi=0x0000000000000005 rdi=0x00000000530001fb flags=0b000000000110
  xmm0=0x00009b7600009b760000815800008158 xmm1=0x0000f5590000f5590000bbec0000bbec 
  xmm2=0x0000029c0000029c0000991200009912 xmm3=0x00009a3300009a330000313f0000313f 
  xmm4=0x0000aa3e0000aa3e00005de800005de8 xmm5=0x00001037000010370000444d0000444d 
  xmm6=0x00002a8000002a800000461100004611 xmm7=0x0000c1610000c1610000f7b50000f7b5 

0x108: imul eax, [r14 +rdi], -31
  rax=0x00193ed0001700c0 rbx=0x000000000000000f rcx=0x000000000000ba69 rdx=0x0000a19200009338
  rsi=0x0000000000000005 rdi=0x00000000000001fb flags=0b000000000010
  xmm0=0x00009b7600009b760000815800008158 xmm1=0x0000f5590000f5590000bbec0000bbec 
  xmm2=0x0000029c0000029c0000991200009912 xmm3=0x00009a3300009a330000313f0000313f 
  xmm4=0x0000aa3e0000aa3e00005de800005de8 xmm5=0x00001037000010370000444d0000444d 
  xmm6=0x00002a8000002a800000461100004611 xmm7=0x0000c1610000c1610000f7b50000f7b5 

    > load from +0x1fb value 0xcab900
0x10d: and rsi, 0b1111111111111
  rax=0x00000000e7739900 rbx=0x000000000000000f rcx=0x000000000000ba69 rdx=0x0000a19200009338
  rsi=0x0000000000000005 rdi=0x00000000000001fb flags=0b000010000110
  xmm0=0x00009b7600009b760000815800008158 xmm1=0x0000f5590000f5590000bbec0000bbec 
  xmm2=0x0000029c0000029c0000991200009912 xmm3=0x00009a3300009a330000313f0000313f 
  xmm4=0x0000aa3e0000aa3e00005de800005de8 xmm5=0x00001037000010370000444d0000444d 
  xmm6=0x00002a8000002a800000461100004611 xmm7=0x0000c1610000c1610000f7b50000f7b5 

0x114: adc bl, [r14 +rsi]
  rax=0x00000000e7739900 rbx=0x000000000000000f rcx=0x000000000000ba69 rdx=0x0000a19200009338
  rsi=0x0000000000000005 rdi=0x00000000000001fb flags=0b000000000110
  xmm0=0x00009b7600009b760000815800008158 xmm1=0x0000f5590000f5590000bbec0000bbec 
  xmm2=0x0000029c0000029c0000991200009912 xmm3=0x00009a3300009a330000313f0000313f 
  xmm4=0x0000aa3e0000aa3e00005de800005de8 xmm5=0x00001037000010370000444d0000444d 
  xmm6=0x00002a8000002a800000461100004611 xmm7=0x0000c1610000c1610000f7b50000f7b5 

    > load from +0x5 value 0xfb
0x118: and rsi, 0b1111111111111
  rax=0x00000000e7739900 rbx=0x000000000000000a rcx=0x000000000000ba69 rdx=0x0000a19200009338
  rsi=0x0000000000000005 rdi=0x00000000000001fb flags=0b000000010111
  xmm0=0x00009b7600009b760000815800008158 xmm1=0x0000f5590000f5590000bbec0000bbec 
  xmm2=0x0000029c0000029c0000991200009912 xmm3=0x00009a3300009a330000313f0000313f 
  xmm4=0x0000aa3e0000aa3e00005de800005de8 xmm5=0x00001037000010370000444d0000444d 
  xmm6=0x00002a8000002a800000461100004611 xmm7=0x0000c1610000c1610000f7b50000f7b5 

0x11f: cmp ecx, [r14 +rsi]
  rax=0x00000000e7739900 rbx=0x000000000000000a rcx=0x000000000000ba69 rdx=0x0000a19200009338
  rsi=0x0000000000000005 rdi=0x00000000000001fb flags=0b000000000110
  xmm0=0x00009b7600009b760000815800008158 xmm1=0x0000f5590000f5590000bbec0000bbec 
  xmm2=0x0000029c0000029c0000991200009912 xmm3=0x00009a3300009a330000313f0000313f 
  xmm4=0x0000aa3e0000aa3e00005de800005de8 xmm5=0x00001037000010370000444d0000444d 
  xmm6=0x00002a8000002a800000461100004611 xmm7=0x0000c1610000c1610000f7b50000f7b5 

    > load from +0x5 value 0x530001fb
0x123: and rax, 0b1111111111111
  rax=0x00000000e7739900 rbx=0x000000000000000a rcx=0x000000000000ba69 rdx=0x0000a19200009338
  rsi=0x0000000000000005 rdi=0x00000000000001fb flags=0b000010010011
  xmm0=0x00009b7600009b760000815800008158 xmm1=0x0000f5590000f5590000bbec0000bbec 
  xmm2=0x0000029c0000029c0000991200009912 xmm3=0x00009a3300009a330000313f0000313f 
  xmm4=0x0000aa3e0000aa3e00005de800005de8 xmm5=0x00001037000010370000444d0000444d 
  xmm6=0x00002a8000002a800000461100004611 xmm7=0x0000c1610000c1610000f7b50000f7b5 

0x129: cmovbe cx, [r14 +rax]
  rax=0x0000000000001900 rbx=0x000000000000000a rcx=0x000000000000ba69 rdx=0x0000a19200009338
  rsi=0x0000000000000005 rdi=0x00000000000001fb flags=0b000000000110
  xmm0=0x00009b7600009b760000815800008158 xmm1=0x0000f5590000f5590000bbec0000bbec 
  xmm2=0x0000029c0000029c0000991200009912 xmm3=0x00009a3300009a330000313f0000313f 
  xmm4=0x0000aa3e0000aa3e00005de800005de8 xmm5=0x00001037000010370000444d0000444d 
  xmm6=0x00002a8000002a800000461100004611 xmm7=0x0000c1610000c1610000f7b50000f7b5 

    > load from +0x1900 value 0x422b
0x12f: cmovnl edi, esi
  rax=0x0000000000001900 rbx=0x000000000000000a rcx=0x000000000000ba69 rdx=0x0000a19200009338
  rsi=0x0000000000000005 rdi=0x00000000000001fb flags=0b000000000110
  xmm0=0x00009b7600009b760000815800008158 xmm1=0x0000f5590000f5590000bbec0000bbec 
  xmm2=0x0000029c0000029c0000991200009912 xmm3=0x00009a3300009a330000313f0000313f 
  xmm4=0x0000aa3e0000aa3e00005de800005de8 xmm5=0x00001037000010370000444d0000444d 
  xmm6=0x00002a8000002a800000461100004611 xmm7=0x0000c1610000c1610000f7b50000f7b5 

0x132: test ebx, -746246322
  rax=0x0000000000001900 rbx=0x000000000000000a rcx=0x000000000000ba69 rdx=0x0000a19200009338
  rsi=0x0000000000000005 rdi=0x0000000000000005 flags=0b000000000110
  xmm0=0x00009b7600009b760000815800008158 xmm1=0x0000f5590000f5590000bbec0000bbec 
  xmm2=0x0000029c0000029c0000991200009912 xmm3=0x00009a3300009a330000313f0000313f 
  xmm4=0x0000aa3e0000aa3e00005de800005de8 xmm5=0x00001037000010370000444d0000444d 
  xmm6=0x00002a8000002a800000461100004611 xmm7=0x0000c1610000c1610000f7b50000f7b5 

0x138: adc bl, cl
  rax=0x0000000000001900 rbx=0x000000000000000a rcx=0x000000000000ba69 rdx=0x0000a19200009338
  rsi=0x0000000000000005 rdi=0x0000000000000005 flags=0b000000000110
  xmm0=0x00009b7600009b760000815800008158 xmm1=0x0000f5590000f5590000bbec0000bbec 
  xmm2=0x0000029c0000029c0000991200009912 xmm3=0x00009a3300009a330000313f0000313f 
  xmm4=0x0000aa3e0000aa3e00005de800005de8 xmm5=0x00001037000010370000444d0000444d 
  xmm6=0x00002a8000002a800000461100004611 xmm7=0x0000c1610000c1610000f7b50000f7b5 

0x13a: and rcx, 0b1111111111111
  rax=0x0000000000001900 rbx=0x0000000000000073 rcx=0x000000000000ba69 rdx=0x0000a19200009338
  rsi=0x0000000000000005 rdi=0x0000000000000005 flags=0b000000010010
  xmm0=0x00009b7600009b760000815800008158 xmm1=0x0000f5590000f5590000bbec0000bbec 
  xmm2=0x0000029c0000029c0000991200009912 xmm3=0x00009a3300009a330000313f0000313f 
  xmm4=0x0000aa3e0000aa3e00005de800005de8 xmm5=0x00001037000010370000444d0000444d 
  xmm6=0x00002a8000002a800000461100004611 xmm7=0x0000c1610000c1610000f7b50000f7b5 

0x141: or [r14 +rcx], 1
  rax=0x0000000000001900 rbx=0x0000000000000073 rcx=0x0000000000001a69 rdx=0x0000a19200009338
  rsi=0x0000000000000005 rdi=0x0000000000000005 flags=0b000000000110
  xmm0=0x00009b7600009b760000815800008158 xmm1=0x0000f5590000f5590000bbec0000bbec 
  xmm2=0x0000029c0000029c0000991200009912 xmm3=0x00009a3300009a330000313f0000313f 
  xmm4=0x0000aa3e0000aa3e00005de800005de8 xmm5=0x00001037000010370000444d0000444d 
  xmm6=0x00002a8000002a800000461100004611 xmm7=0x0000c1610000c1610000f7b50000f7b5 

    > load from +0x1a69 value 0x950000d9
    > store to +0x1a69 value 0x950000d9
0x146: and edx, [r14 +rcx]
  rax=0x0000000000001900 rbx=0x0000000000000073 rcx=0x0000000000001a69 rdx=0x0000a19200009338
  rsi=0x0000000000000005 rdi=0x0000000000000005 flags=0b000010000010
  xmm0=0x00009b7600009b760000815800008158 xmm1=0x0000f5590000f5590000bbec0000bbec 
  xmm2=0x0000029c0000029c0000991200009912 xmm3=0x00009a3300009a330000313f0000313f 
  xmm4=0x0000aa3e0000aa3e00005de800005de8 xmm5=0x00001037000010370000444d0000444d 
  xmm6=0x00002a8000002a800000461100004611 xmm7=0x0000c1610000c1610000f7b50000f7b5 

    > load from +0x1a69 value 0x950000d9
0x14a: shr edx, 1
  rax=0x0000000000001900 rbx=0x0000000000000073 rcx=0x0000000000001a69 rdx=0x0000000000000018
  rsi=0x0000000000000005 rdi=0x0000000000000005 flags=0b000000000110
  xmm0=0x00009b7600009b760000815800008158 xmm1=0x0000f5590000f5590000bbec0000bbec 
  xmm2=0x0000029c0000029c0000991200009912 xmm3=0x00009a3300009a330000313f0000313f 
  xmm4=0x0000aa3e0000aa3e00005de800005de8 xmm5=0x00001037000010370000444d0000444d 
  xmm6=0x00002a8000002a800000461100004611 xmm7=0x0000c1610000c1610000f7b50000f7b5 

0x14c: div [r14 +rcx]
  rax=0x0000000000001900 rbx=0x0000000000000073 rcx=0x0000000000001a69 rdx=0x000000000000000c
  rsi=0x0000000000000005 rdi=0x0000000000000005 flags=0b000000000110
  xmm0=0x00009b7600009b760000815800008158 xmm1=0x0000f5590000f5590000bbec0000bbec 
  xmm2=0x0000029c0000029c0000991200009912 xmm3=0x00009a3300009a330000313f0000313f 
  xmm4=0x0000aa3e0000aa3e00005de800005de8 xmm5=0x00001037000010370000444d0000444d 
  xmm6=0x00002a8000002a800000461100004611 xmm7=0x0000c1610000c1610000f7b50000f7b5 

    > load from +0x1a69 value 0x950000d9
0x150: and rsi, 0b1111111111111
  rax=0x0000000000000014 rbx=0x0000000000000073 rcx=0x0000000000001a69 rdx=0x000000005c00080c
  rsi=0x0000000000000005 rdi=0x0000000000000005 flags=0b000000000110
  xmm0=0x00009b7600009b760000815800008158 xmm1=0x0000f5590000f5590000bbec0000bbec 
  xmm2=0x0000029c0000029c0000991200009912 xmm3=0x00009a3300009a330000313f0000313f 
  xmm4=0x0000aa3e0000aa3e00005de800005de8 xmm5=0x00001037000010370000444d0000444d 
  xmm6=0x00002a8000002a800000461100004611 xmm7=0x0000c1610000c1610000f7b50000f7b5 

0x157: add cl, [r14 +rsi]
  rax=0x0000000000000014 rbx=0x0000000000000073 rcx=0x0000000000001a69 rdx=0x000000005c00080c
  rsi=0x0000000000000005 rdi=0x0000000000000005 flags=0b000000000110
  xmm0=0x00009b7600009b760000815800008158 xmm1=0x0000f5590000f5590000bbec0000bbec 
  xmm2=0x0000029c0000029c0000991200009912 xmm3=0x00009a3300009a330000313f0000313f 
  xmm4=0x0000aa3e0000aa3e00005de800005de8 xmm5=0x00001037000010370000444d0000444d 
  xmm6=0x00002a8000002a800000461100004611 xmm7=0x0000c1610000c1610000f7b50000f7b5 

    > load from +0x5 value 0xfb
0x15b: test dl, al
  rax=0x0000000000000014 rbx=0x0000000000000073 rcx=0x0000000000001a64 rdx=0x000000005c00080c
  rsi=0x0000000000000005 rdi=0x0000000000000005 flags=0b000000010011
  xmm0=0x00009b7600009b760000815800008158 xmm1=0x0000f5590000f5590000bbec0000bbec 
  xmm2=0x0000029c0000029c0000991200009912 xmm3=0x00009a3300009a330000313f0000313f 
  xmm4=0x0000aa3e0000aa3e00005de800005de8 xmm5=0x00001037000010370000444d0000444d 
  xmm6=0x00002a8000002a800000461100004611 xmm7=0x0000c1610000c1610000f7b50000f7b5 

0x15d: and rdi, 0b1111111111111
  rax=0x0000000000000014 rbx=0x0000000000000073 rcx=0x0000000000001a64 rdx=0x000000005c00080c
  rsi=0x0000000000000005 rdi=0x0000000000000005 flags=0b000000000010
  xmm0=0x00009b7600009b760000815800008158 xmm1=0x0000f5590000f5590000bbec0000bbec 
  xmm2=0x0000029c0000029c0000991200009912 xmm3=0x00009a3300009a330000313f0000313f 
  xmm4=0x0000aa3e0000aa3e00005de800005de8 xmm5=0x00001037000010370000444d0000444d 
  xmm6=0x00002a8000002a800000461100004611 xmm7=0x0000c1610000c1610000f7b50000f7b5 

0x164: movzx edx, [r14 +rdi]
  rax=0x0000000000000014 rbx=0x0000000000000073 rcx=0x0000000000001a64 rdx=0x000000005c00080c
  rsi=0x0000000000000005 rdi=0x0000000000000005 flags=0b000000000110
  xmm0=0x00009b7600009b760000815800008158 xmm1=0x0000f5590000f5590000bbec0000bbec 
  xmm2=0x0000029c0000029c0000991200009912 xmm3=0x00009a3300009a330000313f0000313f 
  xmm4=0x0000aa3e0000aa3e00005de800005de8 xmm5=0x00001037000010370000444d0000444d 
  xmm6=0x00002a8000002a800000461100004611 xmm7=0x0000c1610000c1610000f7b50000f7b5 

    > load from +0x5 value 0xfb
0x169: lea edx, rdi
  rax=0x0000000000000014 rbx=0x0000000000000073 rcx=0x0000000000001a64 rdx=0x00000000000000fb
  rsi=0x0000000000000005 rdi=0x0000000000000005 flags=0b000000000110
  xmm0=0x00009b7600009b760000815800008158 xmm1=0x0000f5590000f5590000bbec0000bbec 
  xmm2=0x0000029c0000029c0000991200009912 xmm3=0x00009a3300009a330000313f0000313f 
  xmm4=0x0000aa3e0000aa3e00005de800005de8 xmm5=0x00001037000010370000444d0000444d 
  xmm6=0x00002a8000002a800000461100004611 xmm7=0x0000c1610000c1610000f7b50000f7b5 

0x16b: cmovo rdx, rbx
  rax=0x0000000000000014 rbx=0x0000000000000073 rcx=0x0000000000001a64 rdx=0x0000000000000005
  rsi=0x0000000000000005 rdi=0x0000000000000005 flags=0b000000000110
  xmm0=0x00009b7600009b760000815800008158 xmm1=0x0000f5590000f5590000bbec0000bbec 
  xmm2=0x0000029c0000029c0000991200009912 xmm3=0x00009a3300009a330000313f0000313f 
  xmm4=0x0000aa3e0000aa3e00005de800005de8 xmm5=0x00001037000010370000444d0000444d 
  xmm6=0x00002a8000002a800000461100004611 xmm7=0x0000c1610000c1610000f7b50000f7b5 

0x16f: test rdx, 100159637
  rax=0x0000000000000014 rbx=0x0000000000000073 rcx=0x0000000000001a64 rdx=0x0000000000000005
  rsi=0x0000000000000005 rdi=0x0000000000000005 flags=0b000000000110
  xmm0=0x00009b7600009b760000815800008158 xmm1=0x0000f5590000f5590000bbec0000bbec 
  xmm2=0x0000029c0000029c0000991200009912 xmm3=0x00009a3300009a330000313f0000313f 
  xmm4=0x0000aa3e0000aa3e00005de800005de8 xmm5=0x00001037000010370000444d0000444d 
  xmm6=0x00002a8000002a800000461100004611 xmm7=0x0000c1610000c1610000f7b50000f7b5 

0x176: and rsi, 0b1111111111111
  rax=0x0000000000000014 rbx=0x0000000000000073 rcx=0x0000000000001a64 rdx=0x0000000000000005
  rsi=0x0000000000000005 rdi=0x0000000000000005 flags=0b000000000110
  xmm0=0x00009b7600009b760000815800008158 xmm1=0x0000f5590000f5590000bbec0000bbec 
  xmm2=0x0000029c0000029c0000991200009912 xmm3=0x00009a3300009a330000313f0000313f 
  xmm4=0x0000aa3e0000aa3e00005de800005de8 xmm5=0x00001037000010370000444d0000444d 
  xmm6=0x00002a8000002a800000461100004611 xmm7=0x0000c1610000c1610000f7b50000f7b5 

0x17d: add si, [r14 +rsi]
  rax=0x0000000000000014 rbx=0x0000000000000073 rcx=0x0000000000001a64 rdx=0x0000000000000005
  rsi=0x0000000000000005 rdi=0x0000000000000005 flags=0b000000000110
  xmm0=0x00009b7600009b760000815800008158 xmm1=0x0000f5590000f5590000bbec0000bbec 
  xmm2=0x0000029c0000029c0000991200009912 xmm3=0x00009a3300009a330000313f0000313f 
  xmm4=0x0000aa3e0000aa3e00005de800005de8 xmm5=0x00001037000010370000444d0000444d 
  xmm6=0x00002a8000002a800000461100004611 xmm7=0x0000c1610000c1610000f7b50000f7b5 

    > load from +0x5 value 0x1fb
0x182: macro .switch, .actor2.function_actor2_1
  rax=0x0000000000000014 rbx=0x0000000000000073 rcx=0x0000000000001a64 rdx=0x0000000000000005
  rsi=0x0000000000000200 rdi=0x0000000000000005 flags=0b000000010110
  xmm0=0x00009b7600009b760000815800008158 xmm1=0x0000f5590000f5590000bbec0000bbec 
  xmm2=0x0000029c0000029c0000991200009912 xmm3=0x00009a3300009a330000313f0000313f 
  xmm4=0x0000aa3e0000aa3e00005de800005de8 xmm5=0x00001037000010370000444d0000444d 
  xmm6=0x00002a8000002a800000461100004611 xmm7=0x0000c1610000c1610000f7b50000f7b5 

0x3195: pushfq 
  rax=0x0000000000000014 rbx=0x0000000000000073 rcx=0x0000000000001a64 rdx=0x0000000000000005
  rsi=0x0000000000000200 rdi=0x0000000000000005 flags=0b000000010110
  xmm0=0x00009b7600009b760000815800008158 xmm1=0x0000f5590000f5590000bbec0000bbec 
  xmm2=0x0000029c0000029c0000991200009912 xmm3=0x00009a3300009a330000313f0000313f 
  xmm4=0x0000aa3e0000aa3e00005de800005de8 xmm5=0x00001037000010370000444d0000444d 
  xmm6=0x00002a8000002a800000461100004611 xmm7=0x0000c1610000c1610000f7b50000f7b5 

    > store to +0x4ff0 value 0x16
0x3196: push rax
  rax=0x0000000000000014 rbx=0x0000000000000073 rcx=0x0000000000001a64 rdx=0x0000000000000005
  rsi=0x0000000000000200 rdi=0x0000000000000005 flags=0b000000010110
  xmm0=0x00009b7600009b760000815800008158 xmm1=0x0000f5590000f5590000bbec0000bbec 
  xmm2=0x0000029c0000029c0000991200009912 xmm3=0x00009a3300009a330000313f0000313f 
  xmm4=0x0000aa3e0000aa3e00005de800005de8 xmm5=0x00001037000010370000444d0000444d 
  xmm6=0x00002a8000002a800000461100004611 xmm7=0x0000c1610000c1610000f7b50000f7b5 

    > store to +0x4fe8 value 0x14
0x3197: push rcx
  rax=0x0000000000000014 rbx=0x0000000000000073 rcx=0x0000000000001a64 rdx=0x0000000000000005
  rsi=0x0000000000000200 rdi=0x0000000000000005 flags=0b000000010110
  xmm0=0x00009b7600009b760000815800008158 xmm1=0x0000f5590000f5590000bbec0000bbec 
  xmm2=0x0000029c0000029c0000991200009912 xmm3=0x00009a3300009a330000313f0000313f 
  xmm4=0x0000aa3e0000aa3e00005de800005de8 xmm5=0x00001037000010370000444d0000444d 
  xmm6=0x00002a8000002a800000461100004611 xmm7=0x0000c1610000c1610000f7b50000f7b5 

    > store to +0x4fe0 value 0x1a64
0x3198: push rdx
  rax=0x0000000000000014 rbx=0x0000000000000073 rcx=0x0000000000001a64 rdx=0x0000000000000005
  rsi=0x0000000000000200 rdi=0x0000000000000005 flags=0b000000010110
  xmm0=0x00009b7600009b760000815800008158 xmm1=0x0000f5590000f5590000bbec0000bbec 
  xmm2=0x0000029c0000029c0000991200009912 xmm3=0x00009a3300009a330000313f0000313f 
  xmm4=0x0000aa3e0000aa3e00005de800005de8 xmm5=0x00001037000010370000444d0000444d 
  xmm6=0x00002a8000002a800000461100004611 xmm7=0x0000c1610000c1610000f7b50000f7b5 

    > store to +0x4fd8 value 0x5
0x3199: mov ecx, 0x48
  rax=0x0000000000000014 rbx=0x0000000000000073 rcx=0x0000000000001a64 rdx=0x0000000000000005
  rsi=0x0000000000000200 rdi=0x0000000000000005 flags=0b000000010110
  xmm0=0x00009b7600009b760000815800008158 xmm1=0x0000f5590000f5590000bbec0000bbec 
  xmm2=0x0000029c0000029c0000991200009912 xmm3=0x00009a3300009a330000313f0000313f 
  xmm4=0x0000aa3e0000aa3e00005de800005de8 xmm5=0x00001037000010370000444d0000444d 
  xmm6=0x00002a8000002a800000461100004611 xmm7=0x0000c1610000c1610000f7b50000f7b5 

0x319e: rdmsr 
  rax=0x0000000000000014 rbx=0x0000000000000073 rcx=0x0000000000000048 rdx=0x0000000000000005
  rsi=0x0000000000000200 rdi=0x0000000000000005 flags=0b000000010110
  xmm0=0x00009b7600009b760000815800008158 xmm1=0x0000f5590000f5590000bbec0000bbec 
  xmm2=0x0000029c0000029c0000991200009912 xmm3=0x00009a3300009a330000313f0000313f 
  xmm4=0x0000aa3e0000aa3e00005de800005de8 xmm5=0x00001037000010370000444d0000444d 
  xmm6=0x00002a8000002a800000461100004611 xmm7=0x0000c1610000c1610000f7b50000f7b5 

0x31a0: and eax, 0xfffffffb
  rax=0x0000000000000000 rbx=0x0000000000000073 rcx=0x0000000000000048 rdx=0x0000000000000000
  rsi=0x0000000000000200 rdi=0x0000000000000005 flags=0b000000010110
  xmm0=0x00009b7600009b760000815800008158 xmm1=0x0000f5590000f5590000bbec0000bbec 
  xmm2=0x0000029c0000029c0000991200009912 xmm3=0x00009a3300009a330000313f0000313f 
  xmm4=0x0000aa3e0000aa3e00005de800005de8 xmm5=0x00001037000010370000444d0000444d 
  xmm6=0x00002a8000002a800000461100004611 xmm7=0x0000c1610000c1610000f7b50000f7b5 

0x31a3: or eax, 0x100
  rax=0x0000000000000000 rbx=0x0000000000000073 rcx=0x0000000000000048 rdx=0x0000000000000000
  rsi=0x0000000000000200 rdi=0x0000000000000005 flags=0b000001000110
  xmm0=0x00009b7600009b760000815800008158 xmm1=0x0000f5590000f5590000bbec0000bbec 
  xmm2=0x0000029c0000029c0000991200009912 xmm3=0x00009a3300009a330000313f0000313f 
  xmm4=0x0000aa3e0000aa3e00005de800005de8 xmm5=0x00001037000010370000444d0000444d 
  xmm6=0x00002a8000002a800000461100004611 xmm7=0x0000c1610000c1610000f7b50000f7b5 

0x31a8: wrmsr 
  rax=0x0000000000000100 rbx=0x0000000000000073 rcx=0x0000000000000048 rdx=0x0000000000000000
  rsi=0x0000000000000200 rdi=0x0000000000000005 flags=0b000000000110
  xmm0=0x00009b7600009b760000815800008158 xmm1=0x0000f5590000f5590000bbec0000bbec 
  xmm2=0x0000029c0000029c0000991200009912 xmm3=0x00009a3300009a330000313f0000313f 
  xmm4=0x0000aa3e0000aa3e00005de800005de8 xmm5=0x00001037000010370000444d0000444d 
  xmm6=0x00002a8000002a800000461100004611 xmm7=0x0000c1610000c1610000f7b50000f7b5 

0x31aa: mfence 
  rax=0x0000000000000100 rbx=0x0000000000000073 rcx=0x0000000000000048 rdx=0x0000000000000000
  rsi=0x0000000000000200 rdi=0x0000000000000005 flags=0b000000000110
  xmm0=0x00009b7600009b760000815800008158 xmm1=0x0000f5590000f5590000bbec0000bbec 
  xmm2=0x0000029c0000029c0000991200009912 xmm3=0x00009a3300009a330000313f0000313f 
  xmm4=0x0000aa3e0000aa3e00005de800005de8 xmm5=0x00001037000010370000444d0000444d 
  xmm6=0x00002a8000002a800000461100004611 xmm7=0x0000c1610000c1610000f7b50000f7b5 

0x31ad: lfence 
  rax=0x0000000000000100 rbx=0x0000000000000073 rcx=0x0000000000000048 rdx=0x0000000000000000
  rsi=0x0000000000000200 rdi=0x0000000000000005 flags=0b000000000110
  xmm0=0x00009b7600009b760000815800008158 xmm1=0x0000f5590000f5590000bbec0000bbec 
  xmm2=0x0000029c0000029c0000991200009912 xmm3=0x00009a3300009a330000313f0000313f 
  xmm4=0x0000aa3e0000aa3e00005de800005de8 xmm5=0x00001037000010370000444d0000444d 
  xmm6=0x00002a8000002a800000461100004611 xmm7=0x0000c1610000c1610000f7b50000f7b5 

0x31b0: macro .measurement_end, .noarg
  rax=0x0000000000000100 rbx=0x0000000000000073 rcx=0x0000000000000048 rdx=0x0000000000000000
  rsi=0x0000000000000200 rdi=0x0000000000000005 flags=0b000000000110
  xmm0=0x00009b7600009b760000815800008158 xmm1=0x0000f5590000f5590000bbec0000bbec 
  xmm2=0x0000029c0000029c0000991200009912 xmm3=0x00009a3300009a330000313f0000313f 
  xmm4=0x0000aa3e0000aa3e00005de800005de8 xmm5=0x00001037000010370000444d0000444d 
  xmm6=0x00002a8000002a800000461100004611 xmm7=0x0000c1610000c1610000f7b50000f7b5 

0x31b8: mov ecx, 0x48
  rax=0x0000000000000100 rbx=0x0000000000000073 rcx=0x0000000000000048 rdx=0x0000000000000000
  rsi=0x0000000000000200 rdi=0x0000000000000005 flags=0b000000000110
  xmm0=0x00009b7600009b760000815800008158 xmm1=0x0000f5590000f5590000bbec0000bbec 
  xmm2=0x0000029c0000029c0000991200009912 xmm3=0x00009a3300009a330000313f0000313f 
  xmm4=0x0000aa3e0000aa3e00005de800005de8 xmm5=0x00001037000010370000444d0000444d 
  xmm6=0x00002a8000002a800000461100004611 xmm7=0x0000c1610000c1610000f7b50000f7b5 

0x31bd: rdmsr 
  rax=0x0000000000000100 rbx=0x0000000000000073 rcx=0x0000000000000048 rdx=0x0000000000000000
  rsi=0x0000000000000200 rdi=0x0000000000000005 flags=0b000000000110
  xmm0=0x00009b7600009b760000815800008158 xmm1=0x0000f5590000f5590000bbec0000bbec 
  xmm2=0x0000029c0000029c0000991200009912 xmm3=0x00009a3300009a330000313f0000313f 
  xmm4=0x0000aa3e0000aa3e00005de800005de8 xmm5=0x00001037000010370000444d0000444d 
  xmm6=0x00002a8000002a800000461100004611 xmm7=0x0000c1610000c1610000f7b50000f7b5 

0x31bf: and eax, 0xfffffffb
  rax=0x0000000000000000 rbx=0x0000000000000073 rcx=0x0000000000000048 rdx=0x0000000000000000
  rsi=0x0000000000000200 rdi=0x0000000000000005 flags=0b000000000110
  xmm0=0x00009b7600009b760000815800008158 xmm1=0x0000f5590000f5590000bbec0000bbec 
  xmm2=0x0000029c0000029c0000991200009912 xmm3=0x00009a3300009a330000313f0000313f 
  xmm4=0x0000aa3e0000aa3e00005de800005de8 xmm5=0x00001037000010370000444d0000444d 
  xmm6=0x00002a8000002a800000461100004611 xmm7=0x0000c1610000c1610000f7b50000f7b5 

0x31c2: and eax, 0xfffffeff
  rax=0x0000000000000000 rbx=0x0000000000000073 rcx=0x0000000000000048 rdx=0x0000000000000000
  rsi=0x0000000000000200 rdi=0x0000000000000005 flags=0b000001000110
  xmm0=0x00009b7600009b760000815800008158 xmm1=0x0000f5590000f5590000bbec0000bbec 
  xmm2=0x0000029c0000029c0000991200009912 xmm3=0x00009a3300009a330000313f0000313f 
  xmm4=0x0000aa3e0000aa3e00005de800005de8 xmm5=0x00001037000010370000444d0000444d 
  xmm6=0x00002a8000002a800000461100004611 xmm7=0x0000c1610000c1610000f7b50000f7b5 

0x31c7: wrmsr 
  rax=0x0000000000000000 rbx=0x0000000000000073 rcx=0x0000000000000048 rdx=0x0000000000000000
  rsi=0x0000000000000200 rdi=0x0000000000000005 flags=0b000001000110
  xmm0=0x00009b7600009b760000815800008158 xmm1=0x0000f5590000f5590000bbec0000bbec 
  xmm2=0x0000029c0000029c0000991200009912 xmm3=0x00009a3300009a330000313f0000313f 
  xmm4=0x0000aa3e0000aa3e00005de800005de8 xmm5=0x00001037000010370000444d0000444d 
  xmm6=0x00002a8000002a800000461100004611 xmm7=0x0000c1610000c1610000f7b50000f7b5 

0x31c9: mfence 
  rax=0x0000000000000000 rbx=0x0000000000000073 rcx=0x0000000000000048 rdx=0x0000000000000000
  rsi=0x0000000000000200 rdi=0x0000000000000005 flags=0b000001000110
  xmm0=0x00009b7600009b760000815800008158 xmm1=0x0000f5590000f5590000bbec0000bbec 
  xmm2=0x0000029c0000029c0000991200009912 xmm3=0x00009a3300009a330000313f0000313f 
  xmm4=0x0000aa3e0000aa3e00005de800005de8 xmm5=0x00001037000010370000444d0000444d 
  xmm6=0x00002a8000002a800000461100004611 xmm7=0x0000c1610000c1610000f7b50000f7b5 

0x31cc: lfence 
  rax=0x0000000000000000 rbx=0x0000000000000073 rcx=0x0000000000000048 rdx=0x0000000000000000
  rsi=0x0000000000000200 rdi=0x0000000000000005 flags=0b000001000110
  xmm0=0x00009b7600009b760000815800008158 xmm1=0x0000f5590000f5590000bbec0000bbec 
  xmm2=0x0000029c0000029c0000991200009912 xmm3=0x00009a3300009a330000313f0000313f 
  xmm4=0x0000aa3e0000aa3e00005de800005de8 xmm5=0x00001037000010370000444d0000444d 
  xmm6=0x00002a8000002a800000461100004611 xmm7=0x0000c1610000c1610000f7b50000f7b5 

0x31cf: pop rdx
  rax=0x0000000000000000 rbx=0x0000000000000073 rcx=0x0000000000000048 rdx=0x0000000000000000
  rsi=0x0000000000000200 rdi=0x0000000000000005 flags=0b000001000110
  xmm0=0x00009b7600009b760000815800008158 xmm1=0x0000f5590000f5590000bbec0000bbec 
  xmm2=0x0000029c0000029c0000991200009912 xmm3=0x00009a3300009a330000313f0000313f 
  xmm4=0x0000aa3e0000aa3e00005de800005de8 xmm5=0x00001037000010370000444d0000444d 
  xmm6=0x00002a8000002a800000461100004611 xmm7=0x0000c1610000c1610000f7b50000f7b5 

    > load from +0x4fd8 value 0x5
0x31d0: pop rcx
  rax=0x0000000000000000 rbx=0x0000000000000073 rcx=0x0000000000000048 rdx=0x0000000000000005
  rsi=0x0000000000000200 rdi=0x0000000000000005 flags=0b000001000110
  xmm0=0x00009b7600009b760000815800008158 xmm1=0x0000f5590000f5590000bbec0000bbec 
  xmm2=0x0000029c0000029c0000991200009912 xmm3=0x00009a3300009a330000313f0000313f 
  xmm4=0x0000aa3e0000aa3e00005de800005de8 xmm5=0x00001037000010370000444d0000444d 
  xmm6=0x00002a8000002a800000461100004611 xmm7=0x0000c1610000c1610000f7b50000f7b5 

    > load from +0x4fe0 value 0x1a64
0x31d1: pop rax
  rax=0x0000000000000000 rbx=0x0000000000000073 rcx=0x0000000000001a64 rdx=0x0000000000000005
  rsi=0x0000000000000200 rdi=0x0000000000000005 flags=0b000001000110
  xmm0=0x00009b7600009b760000815800008158 xmm1=0x0000f5590000f5590000bbec0000bbec 
  xmm2=0x0000029c0000029c0000991200009912 xmm3=0x00009a3300009a330000313f0000313f 
  xmm4=0x0000aa3e0000aa3e00005de800005de8 xmm5=0x00001037000010370000444d0000444d 
  xmm6=0x00002a8000002a800000461100004611 xmm7=0x0000c1610000c1610000f7b50000f7b5 

    > load from +0x4fe8 value 0x14
0x31d2: popfq 
  rax=0x0000000000000014 rbx=0x0000000000000073 rcx=0x0000000000001a64 rdx=0x0000000000000005
  rsi=0x0000000000000200 rdi=0x0000000000000005 flags=0b000001000110
  xmm0=0x00009b7600009b760000815800008158 xmm1=0x0000f5590000f5590000bbec0000bbec 
  xmm2=0x0000029c0000029c0000991200009912 xmm3=0x00009a3300009a330000313f0000313f 
  xmm4=0x0000aa3e0000aa3e00005de800005de8 xmm5=0x00001037000010370000444d0000444d 
  xmm6=0x00002a8000002a800000461100004611 xmm7=0x0000c1610000c1610000f7b50000f7b5 

    > load from +0x4ff0 value 0x16
0x31d3: macro .switch, .main.function_main_2
  rax=0x0000000000000014 rbx=0x0000000000000073 rcx=0x0000000000001a64 rdx=0x0000000000000005
  rsi=0x0000000000000200 rdi=0x0000000000000005 flags=0b000000010110
  xmm0=0x00009b7600009b760000815800008158 xmm1=0x0000f5590000f5590000bbec0000bbec 
  xmm2=0x0000029c0000029c0000991200009912 xmm3=0x00009a3300009a330000313f0000313f 
  xmm4=0x0000aa3e0000aa3e00005de800005de8 xmm5=0x00001037000010370000444d0000444d 
  xmm6=0x00002a8000002a800000461100004611 xmm7=0x0000c1610000c1610000f7b50000f7b5 

0x18a: nop  [test_case_exit]
  rax=0x0000000000000014 rbx=0x0000000000000073 rcx=0x0000000000001a64 rdx=0x0000000000000005
  rsi=0x0000000000000200 rdi=0x0000000000000005 flags=0b000000010110
  xmm0=0x00009b7600009b760000815800008158 xmm1=0x0000f5590000f5590000bbec0000bbec 
  xmm2=0x0000029c0000029c0000991200009912 xmm3=0x00009a3300009a330000313f0000313f 
  xmm4=0x0000aa3e0000aa3e00005de800005de8 xmm5=0x00001037000010370000444d0000444d 
  xmm6=0x00002a8000002a800000461100004611 xmm7=0x0000c1610000c1610000f7b50000f7b5 





================================ Statistics ===================================

Test Cases: 1
Inputs per test case: 100.0
Violations: 1
Effectiveness: 
  Total Cls: 50.0
  Effective Cls: 50.0
Discarded Test Cases:
  Speculation Filter: 0
  Observation Filter: 0
  Fast Path: 0
  Max Nesting Check: 0
  Tainting Check: 0
  Early Priming Check: 0
  Large Sample Check: 0
  Priming Check: 0

Duration: 39.0
Finished at 11:05:42
