
INFO: [fuzzer] Starting at 10:57:42
> Entering slow path...> Priming  1              > Increase sample size to 40> Priming  1              > Increase sample size to 160> Priming  1              > Increase sample size to 320> Priming  1             

================================ Violations detected ==========================
Contract trace:
 12961979358451054915 (hash)
Hardware traces:
  Input group 1: [2]
  Input group 2: [52]
  ^^^^^^..^^^.....^^^^.^^.....^.....................^.^.......^^.^ [224    | 4     ]
  ^^^^^^..^^^......^^..^^.....^.....................^.^.......^^.^ [96     | 50    ]
  ^^^^^^..^^^.....^^^^.^^.....^............^........^.^.......^^.^ [0      | 266   ]

================================ Violation Traces =============================
                      ##### Input 2 #####

                     ##### Input 0 #####
0x0 : macro .switch, .actor2.function_actor2_0
  rax=0x00007d0a00007d0a rbx=0x0000245f0000245f rcx=0x0000571a0000571a rdx=0x0000505100005051
  rsi=0x000023f4000023f4 rdi=0x0000548800005488 flags=0b100010000110
  xmm0=0x0000ef6e0000ef6e0000c9c10000c9c1 xmm1=0x0000cf2a0000cf2a0000f2a70000f2a7 
  xmm2=0x00004903000049030000512700005127 xmm3=0x0000be850000be8500001bf100001bf1 
  xmm4=0x000041110000411100009ef600009ef6 xmm5=0x00002c7700002c770000641200006412 
  xmm6=0x0000efef0000efef00006e8000006e80 xmm7=0x0000738900007389000048d1000048d1 

0x3000: add dil, 46
  rax=0x00007d0a00007d0a rbx=0x0000245f0000245f rcx=0x0000571a0000571a rdx=0x0000505100005051
  rsi=0x000023f4000023f4 rdi=0x0000548800005488 flags=0b100010000110
  xmm0=0x0000ef6e0000ef6e0000c9c10000c9c1 xmm1=0x0000cf2a0000cf2a0000f2a70000f2a7 
  xmm2=0x00004903000049030000512700005127 xmm3=0x0000be850000be8500001bf100001bf1 
  xmm4=0x000041110000411100009ef600009ef6 xmm5=0x00002c7700002c770000641200006412 
  xmm6=0x0000efef0000efef00006e8000006e80 xmm7=0x0000738900007389000048d1000048d1 

0x3004: pushfq 
  rax=0x00007d0a00007d0a rbx=0x0000245f0000245f rcx=0x0000571a0000571a rdx=0x0000505100005051
  rsi=0x000023f4000023f4 rdi=0x00005488000054b6 flags=0b000010010010
  xmm0=0x0000ef6e0000ef6e0000c9c10000c9c1 xmm1=0x0000cf2a0000cf2a0000f2a70000f2a7 
  xmm2=0x00004903000049030000512700005127 xmm3=0x0000be850000be8500001bf100001bf1 
  xmm4=0x000041110000411100009ef600009ef6 xmm5=0x00002c7700002c770000641200006412 
  xmm6=0x0000efef0000efef00006e8000006e80 xmm7=0x0000738900007389000048d1000048d1 

    > store to +0x4ff0 value 0x92
0x3005: push rax
  rax=0x00007d0a00007d0a rbx=0x0000245f0000245f rcx=0x0000571a0000571a rdx=0x0000505100005051
  rsi=0x000023f4000023f4 rdi=0x00005488000054b6 flags=0b000010010010
  xmm0=0x0000ef6e0000ef6e0000c9c10000c9c1 xmm1=0x0000cf2a0000cf2a0000f2a70000f2a7 
  xmm2=0x00004903000049030000512700005127 xmm3=0x0000be850000be8500001bf100001bf1 
  xmm4=0x000041110000411100009ef600009ef6 xmm5=0x00002c7700002c770000641200006412 
  xmm6=0x0000efef0000efef00006e8000006e80 xmm7=0x0000738900007389000048d1000048d1 

    > store to +0x4fe8 value 0x7d0a00007d0a
0x3006: push rcx
  rax=0x00007d0a00007d0a rbx=0x0000245f0000245f rcx=0x0000571a0000571a rdx=0x0000505100005051
  rsi=0x000023f4000023f4 rdi=0x00005488000054b6 flags=0b000010010010
  xmm0=0x0000ef6e0000ef6e0000c9c10000c9c1 xmm1=0x0000cf2a0000cf2a0000f2a70000f2a7 
  xmm2=0x00004903000049030000512700005127 xmm3=0x0000be850000be8500001bf100001bf1 
  xmm4=0x000041110000411100009ef600009ef6 xmm5=0x00002c7700002c770000641200006412 
  xmm6=0x0000efef0000efef00006e8000006e80 xmm7=0x0000738900007389000048d1000048d1 

    > store to +0x4fe0 value 0x571a0000571a
0x3007: push rdx
  rax=0x00007d0a00007d0a rbx=0x0000245f0000245f rcx=0x0000571a0000571a rdx=0x0000505100005051
  rsi=0x000023f4000023f4 rdi=0x00005488000054b6 flags=0b000010010010
  xmm0=0x0000ef6e0000ef6e0000c9c10000c9c1 xmm1=0x0000cf2a0000cf2a0000f2a70000f2a7 
  xmm2=0x00004903000049030000512700005127 xmm3=0x0000be850000be8500001bf100001bf1 
  xmm4=0x000041110000411100009ef600009ef6 xmm5=0x00002c7700002c770000641200006412 
  xmm6=0x0000efef0000efef00006e8000006e80 xmm7=0x0000738900007389000048d1000048d1 

    > store to +0x4fd8 value 0x505100005051
0x3008: mov ecx, 0x48
  rax=0x00007d0a00007d0a rbx=0x0000245f0000245f rcx=0x0000571a0000571a rdx=0x0000505100005051
  rsi=0x000023f4000023f4 rdi=0x00005488000054b6 flags=0b000010010010
  xmm0=0x0000ef6e0000ef6e0000c9c10000c9c1 xmm1=0x0000cf2a0000cf2a0000f2a70000f2a7 
  xmm2=0x00004903000049030000512700005127 xmm3=0x0000be850000be8500001bf100001bf1 
  xmm4=0x000041110000411100009ef600009ef6 xmm5=0x00002c7700002c770000641200006412 
  xmm6=0x0000efef0000efef00006e8000006e80 xmm7=0x0000738900007389000048d1000048d1 

0x300d: rdmsr 
  rax=0x00007d0a00007d0a rbx=0x0000245f0000245f rcx=0x0000000000000048 rdx=0x0000505100005051
  rsi=0x000023f4000023f4 rdi=0x00005488000054b6 flags=0b000010010010
  xmm0=0x0000ef6e0000ef6e0000c9c10000c9c1 xmm1=0x0000cf2a0000cf2a0000f2a70000f2a7 
  xmm2=0x00004903000049030000512700005127 xmm3=0x0000be850000be8500001bf100001bf1 
  xmm4=0x000041110000411100009ef600009ef6 xmm5=0x00002c7700002c770000641200006412 
  xmm6=0x0000efef0000efef00006e8000006e80 xmm7=0x0000738900007389000048d1000048d1 

0x300f: and eax, 0xfffffffb
  rax=0x0000000000000000 rbx=0x0000245f0000245f rcx=0x0000000000000048 rdx=0x0000000000000000
  rsi=0x000023f4000023f4 rdi=0x00005488000054b6 flags=0b000010010010
  xmm0=0x0000ef6e0000ef6e0000c9c10000c9c1 xmm1=0x0000cf2a0000cf2a0000f2a70000f2a7 
  xmm2=0x00004903000049030000512700005127 xmm3=0x0000be850000be8500001bf100001bf1 
  xmm4=0x000041110000411100009ef600009ef6 xmm5=0x00002c7700002c770000641200006412 
  xmm6=0x0000efef0000efef00006e8000006e80 xmm7=0x0000738900007389000048d1000048d1 

0x3012: or eax, 0x100
  rax=0x0000000000000000 rbx=0x0000245f0000245f rcx=0x0000000000000048 rdx=0x0000000000000000
  rsi=0x000023f4000023f4 rdi=0x00005488000054b6 flags=0b000001000110
  xmm0=0x0000ef6e0000ef6e0000c9c10000c9c1 xmm1=0x0000cf2a0000cf2a0000f2a70000f2a7 
  xmm2=0x00004903000049030000512700005127 xmm3=0x0000be850000be8500001bf100001bf1 
  xmm4=0x000041110000411100009ef600009ef6 xmm5=0x00002c7700002c770000641200006412 
  xmm6=0x0000efef0000efef00006e8000006e80 xmm7=0x0000738900007389000048d1000048d1 

0x3017: wrmsr 
  rax=0x0000000000000100 rbx=0x0000245f0000245f rcx=0x0000000000000048 rdx=0x0000000000000000
  rsi=0x000023f4000023f4 rdi=0x00005488000054b6 flags=0b000000000110
  xmm0=0x0000ef6e0000ef6e0000c9c10000c9c1 xmm1=0x0000cf2a0000cf2a0000f2a70000f2a7 
  xmm2=0x00004903000049030000512700005127 xmm3=0x0000be850000be8500001bf100001bf1 
  xmm4=0x000041110000411100009ef600009ef6 xmm5=0x00002c7700002c770000641200006412 
  xmm6=0x0000efef0000efef00006e8000006e80 xmm7=0x0000738900007389000048d1000048d1 

0x3019: mfence 
  rax=0x0000000000000100 rbx=0x0000245f0000245f rcx=0x0000000000000048 rdx=0x0000000000000000
  rsi=0x000023f4000023f4 rdi=0x00005488000054b6 flags=0b000000000110
  xmm0=0x0000ef6e0000ef6e0000c9c10000c9c1 xmm1=0x0000cf2a0000cf2a0000f2a70000f2a7 
  xmm2=0x00004903000049030000512700005127 xmm3=0x0000be850000be8500001bf100001bf1 
  xmm4=0x000041110000411100009ef600009ef6 xmm5=0x00002c7700002c770000641200006412 
  xmm6=0x0000efef0000efef00006e8000006e80 xmm7=0x0000738900007389000048d1000048d1 

0x301c: lfence 
  rax=0x0000000000000100 rbx=0x0000245f0000245f rcx=0x0000000000000048 rdx=0x0000000000000000
  rsi=0x000023f4000023f4 rdi=0x00005488000054b6 flags=0b000000000110
  xmm0=0x0000ef6e0000ef6e0000c9c10000c9c1 xmm1=0x0000cf2a0000cf2a0000f2a70000f2a7 
  xmm2=0x00004903000049030000512700005127 xmm3=0x0000be850000be8500001bf100001bf1 
  xmm4=0x000041110000411100009ef600009ef6 xmm5=0x00002c7700002c770000641200006412 
  xmm6=0x0000efef0000efef00006e8000006e80 xmm7=0x0000738900007389000048d1000048d1 

0x301f: macro .measurement_start, .noarg
  rax=0x0000000000000100 rbx=0x0000245f0000245f rcx=0x0000000000000048 rdx=0x0000000000000000
  rsi=0x000023f4000023f4 rdi=0x00005488000054b6 flags=0b000000000110
  xmm0=0x0000ef6e0000ef6e0000c9c10000c9c1 xmm1=0x0000cf2a0000cf2a0000f2a70000f2a7 
  xmm2=0x00004903000049030000512700005127 xmm3=0x0000be850000be8500001bf100001bf1 
  xmm4=0x000041110000411100009ef600009ef6 xmm5=0x00002c7700002c770000641200006412 
  xmm6=0x0000efef0000efef00006e8000006e80 xmm7=0x0000738900007389000048d1000048d1 

0x3027: mov ecx, 0x48
  rax=0x0000000000000100 rbx=0x0000245f0000245f rcx=0x0000000000000048 rdx=0x0000000000000000
  rsi=0x000023f4000023f4 rdi=0x00005488000054b6 flags=0b000000000110
  xmm0=0x0000ef6e0000ef6e0000c9c10000c9c1 xmm1=0x0000cf2a0000cf2a0000f2a70000f2a7 
  xmm2=0x00004903000049030000512700005127 xmm3=0x0000be850000be8500001bf100001bf1 
  xmm4=0x000041110000411100009ef600009ef6 xmm5=0x00002c7700002c770000641200006412 
  xmm6=0x0000efef0000efef00006e8000006e80 xmm7=0x0000738900007389000048d1000048d1 

0x302c: rdmsr 
  rax=0x0000000000000100 rbx=0x0000245f0000245f rcx=0x0000000000000048 rdx=0x0000000000000000
  rsi=0x000023f4000023f4 rdi=0x00005488000054b6 flags=0b000000000110
  xmm0=0x0000ef6e0000ef6e0000c9c10000c9c1 xmm1=0x0000cf2a0000cf2a0000f2a70000f2a7 
  xmm2=0x00004903000049030000512700005127 xmm3=0x0000be850000be8500001bf100001bf1 
  xmm4=0x000041110000411100009ef600009ef6 xmm5=0x00002c7700002c770000641200006412 
  xmm6=0x0000efef0000efef00006e8000006e80 xmm7=0x0000738900007389000048d1000048d1 

0x302e: and eax, 0xfffffffb
  rax=0x0000000000000000 rbx=0x0000245f0000245f rcx=0x0000000000000048 rdx=0x0000000000000000
  rsi=0x000023f4000023f4 rdi=0x00005488000054b6 flags=0b000000000110
  xmm0=0x0000ef6e0000ef6e0000c9c10000c9c1 xmm1=0x0000cf2a0000cf2a0000f2a70000f2a7 
  xmm2=0x00004903000049030000512700005127 xmm3=0x0000be850000be8500001bf100001bf1 
  xmm4=0x000041110000411100009ef600009ef6 xmm5=0x00002c7700002c770000641200006412 
  xmm6=0x0000efef0000efef00006e8000006e80 xmm7=0x0000738900007389000048d1000048d1 

0x3031: and eax, 0xfffffeff
  rax=0x0000000000000000 rbx=0x0000245f0000245f rcx=0x0000000000000048 rdx=0x0000000000000000
  rsi=0x000023f4000023f4 rdi=0x00005488000054b6 flags=0b000001000110
  xmm0=0x0000ef6e0000ef6e0000c9c10000c9c1 xmm1=0x0000cf2a0000cf2a0000f2a70000f2a7 
  xmm2=0x00004903000049030000512700005127 xmm3=0x0000be850000be8500001bf100001bf1 
  xmm4=0x000041110000411100009ef600009ef6 xmm5=0x00002c7700002c770000641200006412 
  xmm6=0x0000efef0000efef00006e8000006e80 xmm7=0x0000738900007389000048d1000048d1 

0x3036: wrmsr 
  rax=0x0000000000000000 rbx=0x0000245f0000245f rcx=0x0000000000000048 rdx=0x0000000000000000
  rsi=0x000023f4000023f4 rdi=0x00005488000054b6 flags=0b000001000110
  xmm0=0x0000ef6e0000ef6e0000c9c10000c9c1 xmm1=0x0000cf2a0000cf2a0000f2a70000f2a7 
  xmm2=0x00004903000049030000512700005127 xmm3=0x0000be850000be8500001bf100001bf1 
  xmm4=0x000041110000411100009ef600009ef6 xmm5=0x00002c7700002c770000641200006412 
  xmm6=0x0000efef0000efef00006e8000006e80 xmm7=0x0000738900007389000048d1000048d1 

0x3038: mfence 
  rax=0x0000000000000000 rbx=0x0000245f0000245f rcx=0x0000000000000048 rdx=0x0000000000000000
  rsi=0x000023f4000023f4 rdi=0x00005488000054b6 flags=0b000001000110
  xmm0=0x0000ef6e0000ef6e0000c9c10000c9c1 xmm1=0x0000cf2a0000cf2a0000f2a70000f2a7 
  xmm2=0x00004903000049030000512700005127 xmm3=0x0000be850000be8500001bf100001bf1 
  xmm4=0x000041110000411100009ef600009ef6 xmm5=0x00002c7700002c770000641200006412 
  xmm6=0x0000efef0000efef00006e8000006e80 xmm7=0x0000738900007389000048d1000048d1 

0x303b: lfence 
  rax=0x0000000000000000 rbx=0x0000245f0000245f rcx=0x0000000000000048 rdx=0x0000000000000000
  rsi=0x000023f4000023f4 rdi=0x00005488000054b6 flags=0b000001000110
  xmm0=0x0000ef6e0000ef6e0000c9c10000c9c1 xmm1=0x0000cf2a0000cf2a0000f2a70000f2a7 
  xmm2=0x00004903000049030000512700005127 xmm3=0x0000be850000be8500001bf100001bf1 
  xmm4=0x000041110000411100009ef600009ef6 xmm5=0x00002c7700002c770000641200006412 
  xmm6=0x0000efef0000efef00006e8000006e80 xmm7=0x0000738900007389000048d1000048d1 

0x303e: pop rdx
  rax=0x0000000000000000 rbx=0x0000245f0000245f rcx=0x0000000000000048 rdx=0x0000000000000000
  rsi=0x000023f4000023f4 rdi=0x00005488000054b6 flags=0b000001000110
  xmm0=0x0000ef6e0000ef6e0000c9c10000c9c1 xmm1=0x0000cf2a0000cf2a0000f2a70000f2a7 
  xmm2=0x00004903000049030000512700005127 xmm3=0x0000be850000be8500001bf100001bf1 
  xmm4=0x000041110000411100009ef600009ef6 xmm5=0x00002c7700002c770000641200006412 
  xmm6=0x0000efef0000efef00006e8000006e80 xmm7=0x0000738900007389000048d1000048d1 

    > load from +0x4fd8 value 0x505100005051
0x303f: pop rcx
  rax=0x0000000000000000 rbx=0x0000245f0000245f rcx=0x0000000000000048 rdx=0x0000505100005051
  rsi=0x000023f4000023f4 rdi=0x00005488000054b6 flags=0b000001000110
  xmm0=0x0000ef6e0000ef6e0000c9c10000c9c1 xmm1=0x0000cf2a0000cf2a0000f2a70000f2a7 
  xmm2=0x00004903000049030000512700005127 xmm3=0x0000be850000be8500001bf100001bf1 
  xmm4=0x000041110000411100009ef600009ef6 xmm5=0x00002c7700002c770000641200006412 
  xmm6=0x0000efef0000efef00006e8000006e80 xmm7=0x0000738900007389000048d1000048d1 

    > load from +0x4fe0 value 0x571a0000571a
0x3040: pop rax
  rax=0x0000000000000000 rbx=0x0000245f0000245f rcx=0x0000571a0000571a rdx=0x0000505100005051
  rsi=0x000023f4000023f4 rdi=0x00005488000054b6 flags=0b000001000110
  xmm0=0x0000ef6e0000ef6e0000c9c10000c9c1 xmm1=0x0000cf2a0000cf2a0000f2a70000f2a7 
  xmm2=0x00004903000049030000512700005127 xmm3=0x0000be850000be8500001bf100001bf1 
  xmm4=0x000041110000411100009ef600009ef6 xmm5=0x00002c7700002c770000641200006412 
  xmm6=0x0000efef0000efef00006e8000006e80 xmm7=0x0000738900007389000048d1000048d1 

    > load from +0x4fe8 value 0x7d0a00007d0a
0x3041: popfq 
  rax=0x00007d0a00007d0a rbx=0x0000245f0000245f rcx=0x0000571a0000571a rdx=0x0000505100005051
  rsi=0x000023f4000023f4 rdi=0x00005488000054b6 flags=0b000001000110
  xmm0=0x0000ef6e0000ef6e0000c9c10000c9c1 xmm1=0x0000cf2a0000cf2a0000f2a70000f2a7 
  xmm2=0x00004903000049030000512700005127 xmm3=0x0000be850000be8500001bf100001bf1 
  xmm4=0x000041110000411100009ef600009ef6 xmm5=0x00002c7700002c770000641200006412 
  xmm6=0x0000efef0000efef00006e8000006e80 xmm7=0x0000738900007389000048d1000048d1 

    > load from +0x4ff0 value 0x92
0x3042: and rdi, 0b1111111111111
  rax=0x00007d0a00007d0a rbx=0x0000245f0000245f rcx=0x0000571a0000571a rdx=0x0000505100005051
  rsi=0x000023f4000023f4 rdi=0x00005488000054b6 flags=0b000010010010
  xmm0=0x0000ef6e0000ef6e0000c9c10000c9c1 xmm1=0x0000cf2a0000cf2a0000f2a70000f2a7 
  xmm2=0x00004903000049030000512700005127 xmm3=0x0000be850000be8500001bf100001bf1 
  xmm4=0x000041110000411100009ef600009ef6 xmm5=0x00002c7700002c770000641200006412 
  xmm6=0x0000efef0000efef00006e8000006e80 xmm7=0x0000738900007389000048d1000048d1 

0x3049: cmovb si, [r14 +rdi]
  rax=0x00007d0a00007d0a rbx=0x0000245f0000245f rcx=0x0000571a0000571a rdx=0x0000505100005051
  rsi=0x000023f4000023f4 rdi=0x00000000000014b6 flags=0b000000000010
  xmm0=0x0000ef6e0000ef6e0000c9c10000c9c1 xmm1=0x0000cf2a0000cf2a0000f2a70000f2a7 
  xmm2=0x00004903000049030000512700005127 xmm3=0x0000be850000be8500001bf100001bf1 
  xmm4=0x000041110000411100009ef600009ef6 xmm5=0x00002c7700002c770000641200006412 
  xmm6=0x0000efef0000efef00006e8000006e80 xmm7=0x0000738900007389000048d1000048d1 

    > load from +0x54b6 value 0x0
0x304f: and rdx, 0b1111111111111
  rax=0x00007d0a00007d0a rbx=0x0000245f0000245f rcx=0x0000571a0000571a rdx=0x0000505100005051
  rsi=0x000023f4000023f4 rdi=0x00000000000014b6 flags=0b000000000010
  xmm0=0x0000ef6e0000ef6e0000c9c10000c9c1 xmm1=0x0000cf2a0000cf2a0000f2a70000f2a7 
  xmm2=0x00004903000049030000512700005127 xmm3=0x0000be850000be8500001bf100001bf1 
  xmm4=0x000041110000411100009ef600009ef6 xmm5=0x00002c7700002c770000641200006412 
  xmm6=0x0000efef0000efef00006e8000006e80 xmm7=0x0000738900007389000048d1000048d1 

0x3056: mov rax, [r14 +rdx]
  rax=0x00007d0a00007d0a rbx=0x0000245f0000245f rcx=0x0000571a0000571a rdx=0x0000000000001051
  rsi=0x000023f4000023f4 rdi=0x00000000000014b6 flags=0b000000000010
  xmm0=0x0000ef6e0000ef6e0000c9c10000c9c1 xmm1=0x0000cf2a0000cf2a0000f2a70000f2a7 
  xmm2=0x00004903000049030000512700005127 xmm3=0x0000be850000be8500001bf100001bf1 
  xmm4=0x000041110000411100009ef600009ef6 xmm5=0x00002c7700002c770000641200006412 
  xmm6=0x0000efef0000efef00006e8000006e80 xmm7=0x0000738900007389000048d1000048d1 

    > load from +0x5051 value 0x2000008aec00008a
0x305a: adc rax, rdi
  rax=0x2000008aec00008a rbx=0x0000245f0000245f rcx=0x0000571a0000571a rdx=0x0000000000001051
  rsi=0x000023f4000023f4 rdi=0x00000000000014b6 flags=0b000000000010
  xmm0=0x0000ef6e0000ef6e0000c9c10000c9c1 xmm1=0x0000cf2a0000cf2a0000f2a70000f2a7 
  xmm2=0x00004903000049030000512700005127 xmm3=0x0000be850000be8500001bf100001bf1 
  xmm4=0x000041110000411100009ef600009ef6 xmm5=0x00002c7700002c770000641200006412 
  xmm6=0x0000efef0000efef00006e8000006e80 xmm7=0x0000738900007389000048d1000048d1 

0x305d: and rbx, 0b1111111111111
  rax=0x2000008aec001540 rbx=0x0000245f0000245f rcx=0x0000571a0000571a rdx=0x0000000000001051
  rsi=0x000023f4000023f4 rdi=0x00000000000014b6 flags=0b000000010010
  xmm0=0x0000ef6e0000ef6e0000c9c10000c9c1 xmm1=0x0000cf2a0000cf2a0000f2a70000f2a7 
  xmm2=0x00004903000049030000512700005127 xmm3=0x0000be850000be8500001bf100001bf1 
  xmm4=0x000041110000411100009ef600009ef6 xmm5=0x00002c7700002c770000641200006412 
  xmm6=0x0000efef0000efef00006e8000006e80 xmm7=0x0000738900007389000048d1000048d1 

0x3064: movsxd rbx, [r14 +rbx]
  rax=0x2000008aec001540 rbx=0x000000000000045f rcx=0x0000571a0000571a rdx=0x0000000000001051
  rsi=0x000023f4000023f4 rdi=0x00000000000014b6 flags=0b000000000110
  xmm0=0x0000ef6e0000ef6e0000c9c10000c9c1 xmm1=0x0000cf2a0000cf2a0000f2a70000f2a7 
  xmm2=0x00004903000049030000512700005127 xmm3=0x0000be850000be8500001bf100001bf1 
  xmm4=0x000041110000411100009ef600009ef6 xmm5=0x00002c7700002c770000641200006412 
  xmm6=0x0000efef0000efef00006e8000006e80 xmm7=0x0000738900007389000048d1000048d1 

    > load from +0x445f value 0x2e7d00
0x3068: std 
  rax=0x2000008aec001540 rbx=0x00000000002e7d00 rcx=0x0000571a0000571a rdx=0x0000000000001051
  rsi=0x000023f4000023f4 rdi=0x00000000000014b6 flags=0b000000000110
  xmm0=0x0000ef6e0000ef6e0000c9c10000c9c1 xmm1=0x0000cf2a0000cf2a0000f2a70000f2a7 
  xmm2=0x00004903000049030000512700005127 xmm3=0x0000be850000be8500001bf100001bf1 
  xmm4=0x000041110000411100009ef600009ef6 xmm5=0x00002c7700002c770000641200006412 
  xmm6=0x0000efef0000efef00006e8000006e80 xmm7=0x0000738900007389000048d1000048d1 

0x3069: and rdx, 0b1111111111111
  rax=0x2000008aec001540 rbx=0x00000000002e7d00 rcx=0x0000571a0000571a rdx=0x0000000000001051
  rsi=0x000023f4000023f4 rdi=0x00000000000014b6 flags=0b010000000110
  xmm0=0x0000ef6e0000ef6e0000c9c10000c9c1 xmm1=0x0000cf2a0000cf2a0000f2a70000f2a7 
  xmm2=0x00004903000049030000512700005127 xmm3=0x0000be850000be8500001bf100001bf1 
  xmm4=0x000041110000411100009ef600009ef6 xmm5=0x00002c7700002c770000641200006412 
  xmm6=0x0000efef0000efef00006e8000006e80 xmm7=0x0000738900007389000048d1000048d1 

0x3070: mov al, [r14 +rdx]
  rax=0x2000008aec001540 rbx=0x00000000002e7d00 rcx=0x0000571a0000571a rdx=0x0000000000001051
  rsi=0x000023f4000023f4 rdi=0x00000000000014b6 flags=0b010000000010
  xmm0=0x0000ef6e0000ef6e0000c9c10000c9c1 xmm1=0x0000cf2a0000cf2a0000f2a70000f2a7 
  xmm2=0x00004903000049030000512700005127 xmm3=0x0000be850000be8500001bf100001bf1 
  xmm4=0x000041110000411100009ef600009ef6 xmm5=0x00002c7700002c770000641200006412 
  xmm6=0x0000efef0000efef00006e8000006e80 xmm7=0x0000738900007389000048d1000048d1 

    > load from +0x5051 value 0x8a
0x3074: add eax, esi
  rax=0x2000008aec00158a rbx=0x00000000002e7d00 rcx=0x0000571a0000571a rdx=0x0000000000001051
  rsi=0x000023f4000023f4 rdi=0x00000000000014b6 flags=0b010000000010
  xmm0=0x0000ef6e0000ef6e0000c9c10000c9c1 xmm1=0x0000cf2a0000cf2a0000f2a70000f2a7 
  xmm2=0x00004903000049030000512700005127 xmm3=0x0000be850000be8500001bf100001bf1 
  xmm4=0x000041110000411100009ef600009ef6 xmm5=0x00002c7700002c770000641200006412 
  xmm6=0x0000efef0000efef00006e8000006e80 xmm7=0x0000738900007389000048d1000048d1 

0x3076: and rbx, 0b1111111111111
  rax=0x00000000ec00397e rbx=0x00000000002e7d00 rcx=0x0000571a0000571a rdx=0x0000000000001051
  rsi=0x000023f4000023f4 rdi=0x00000000000014b6 flags=0b010010000110
  xmm0=0x0000ef6e0000ef6e0000c9c10000c9c1 xmm1=0x0000cf2a0000cf2a0000f2a70000f2a7 
  xmm2=0x00004903000049030000512700005127 xmm3=0x0000be850000be8500001bf100001bf1 
  xmm4=0x000041110000411100009ef600009ef6 xmm5=0x00002c7700002c770000641200006412 
  xmm6=0x0000efef0000efef00006e8000006e80 xmm7=0x0000738900007389000048d1000048d1 

0x307d: imul [r14 +rbx]
  rax=0x00000000ec00397e rbx=0x0000000000001d00 rcx=0x0000571a0000571a rdx=0x0000000000001051
  rsi=0x000023f4000023f4 rdi=0x00000000000014b6 flags=0b010000000110
  xmm0=0x0000ef6e0000ef6e0000c9c10000c9c1 xmm1=0x0000cf2a0000cf2a0000f2a70000f2a7 
  xmm2=0x00004903000049030000512700005127 xmm3=0x0000be850000be8500001bf100001bf1 
  xmm4=0x000041110000411100009ef600009ef6 xmm5=0x00002c7700002c770000641200006412 
  xmm6=0x0000efef0000efef00006e8000006e80 xmm7=0x0000738900007389000048d1000048d1 

    > load from +0x5d00 value 0x93f
0x3082: add sil, 27
  rax=0x00000000ec009402 rbx=0x0000000000001d00 rcx=0x0000571a0000571a rdx=0x0000000000000213
  rsi=0x000023f4000023f4 rdi=0x00000000000014b6 flags=0b110010000011
  xmm0=0x0000ef6e0000ef6e0000c9c10000c9c1 xmm1=0x0000cf2a0000cf2a0000f2a70000f2a7 
  xmm2=0x00004903000049030000512700005127 xmm3=0x0000be850000be8500001bf100001bf1 
  xmm4=0x000041110000411100009ef600009ef6 xmm5=0x00002c7700002c770000641200006412 
  xmm6=0x0000efef0000efef00006e8000006e80 xmm7=0x0000738900007389000048d1000048d1 

0x3086: and rcx, 0b1111111111111
  rax=0x00000000ec009402 rbx=0x0000000000001d00 rcx=0x0000571a0000571a rdx=0x0000000000000213
  rsi=0x000023f40000230f rdi=0x00000000000014b6 flags=0b010000000111
  xmm0=0x0000ef6e0000ef6e0000c9c10000c9c1 xmm1=0x0000cf2a0000cf2a0000f2a70000f2a7 
  xmm2=0x00004903000049030000512700005127 xmm3=0x0000be850000be8500001bf100001bf1 
  xmm4=0x000041110000411100009ef600009ef6 xmm5=0x00002c7700002c770000641200006412 
  xmm6=0x0000efef0000efef00006e8000006e80 xmm7=0x0000738900007389000048d1000048d1 

0x308d: cmovnp ecx, [r14 +rcx]
  rax=0x00000000ec009402 rbx=0x0000000000001d00 rcx=0x000000000000171a rdx=0x0000000000000213
  rsi=0x000023f40000230f rdi=0x00000000000014b6 flags=0b010000000010
  xmm0=0x0000ef6e0000ef6e0000c9c10000c9c1 xmm1=0x0000cf2a0000cf2a0000f2a70000f2a7 
  xmm2=0x00004903000049030000512700005127 xmm3=0x0000be850000be8500001bf100001bf1 
  xmm4=0x000041110000411100009ef600009ef6 xmm5=0x00002c7700002c770000641200006412 
  xmm6=0x0000efef0000efef00006e8000006e80 xmm7=0x0000738900007389000048d1000048d1 

    > load from +0x571a value 0xc0570000
0x3092: or rbx, 0b1000000000000000000000000000000
  rax=0x00000000ec009402 rbx=0x0000000000001d00 rcx=0x00000000c0570000 rdx=0x0000000000000213
  rsi=0x000023f40000230f rdi=0x00000000000014b6 flags=0b010000000010
  xmm0=0x0000ef6e0000ef6e0000c9c10000c9c1 xmm1=0x0000cf2a0000cf2a0000f2a70000f2a7 
  xmm2=0x00004903000049030000512700005127 xmm3=0x0000be850000be8500001bf100001bf1 
  xmm4=0x000041110000411100009ef600009ef6 xmm5=0x00002c7700002c770000641200006412 
  xmm6=0x0000efef0000efef00006e8000006e80 xmm7=0x0000738900007389000048d1000048d1 

0x3099: bsr rbx, rbx
  rax=0x00000000ec009402 rbx=0x0000000040001d00 rcx=0x00000000c0570000 rdx=0x0000000000000213
  rsi=0x000023f40000230f rdi=0x00000000000014b6 flags=0b010000000110
  xmm0=0x0000ef6e0000ef6e0000c9c10000c9c1 xmm1=0x0000cf2a0000cf2a0000f2a70000f2a7 
  xmm2=0x00004903000049030000512700005127 xmm3=0x0000be850000be8500001bf100001bf1 
  xmm4=0x000041110000411100009ef600009ef6 xmm5=0x00002c7700002c770000641200006412 
  xmm6=0x0000efef0000efef00006e8000006e80 xmm7=0x0000738900007389000048d1000048d1 

0x309d: btc ax, 151
  rax=0x00000000ec009402 rbx=0x000000000000001e rcx=0x00000000c0570000 rdx=0x0000000000000213
  rsi=0x000023f40000230f rdi=0x00000000000014b6 flags=0b010000000110
  xmm0=0x0000ef6e0000ef6e0000c9c10000c9c1 xmm1=0x0000cf2a0000cf2a0000f2a70000f2a7 
  xmm2=0x00004903000049030000512700005127 xmm3=0x0000be850000be8500001bf100001bf1 
  xmm4=0x000041110000411100009ef600009ef6 xmm5=0x00002c7700002c770000641200006412 
  xmm6=0x0000efef0000efef00006e8000006e80 xmm7=0x0000738900007389000048d1000048d1 

0x30a2: and rdx, 0b1111111111111
  rax=0x00000000ec009482 rbx=0x000000000000001e rcx=0x00000000c0570000 rdx=0x0000000000000213
  rsi=0x000023f40000230f rdi=0x00000000000014b6 flags=0b010000000110
  xmm0=0x0000ef6e0000ef6e0000c9c10000c9c1 xmm1=0x0000cf2a0000cf2a0000f2a70000f2a7 
  xmm2=0x00004903000049030000512700005127 xmm3=0x0000be850000be8500001bf100001bf1 
  xmm4=0x000041110000411100009ef600009ef6 xmm5=0x00002c7700002c770000641200006412 
  xmm6=0x0000efef0000efef00006e8000006e80 xmm7=0x0000738900007389000048d1000048d1 

0x30a9: and rax, [r14 +rdx]
  rax=0x00000000ec009482 rbx=0x000000000000001e rcx=0x00000000c0570000 rdx=0x0000000000000213
  rsi=0x000023f40000230f rdi=0x00000000000014b6 flags=0b010000000010
  xmm0=0x0000ef6e0000ef6e0000c9c10000c9c1 xmm1=0x0000cf2a0000cf2a0000f2a70000f2a7 
  xmm2=0x00004903000049030000512700005127 xmm3=0x0000be850000be8500001bf100001bf1 
  xmm4=0x000041110000411100009ef600009ef6 xmm5=0x00002c7700002c770000641200006412 
  xmm6=0x0000efef0000efef00006e8000006e80 xmm7=0x0000738900007389000048d1000048d1 

    > load from +0x4213 value 0x5c2a0000be5200
0x30ad: and rax, 0b1111111111111
  rax=0x0000000000001000 rbx=0x000000000000001e rcx=0x00000000c0570000 rdx=0x0000000000000213
  rsi=0x000023f40000230f rdi=0x00000000000014b6 flags=0b010000000110
  xmm0=0x0000ef6e0000ef6e0000c9c10000c9c1 xmm1=0x0000cf2a0000cf2a0000f2a70000f2a7 
  xmm2=0x00004903000049030000512700005127 xmm3=0x0000be850000be8500001bf100001bf1 
  xmm4=0x000041110000411100009ef600009ef6 xmm5=0x00002c7700002c770000641200006412 
  xmm6=0x0000efef0000efef00006e8000006e80 xmm7=0x0000738900007389000048d1000048d1 

0x30b3: or [r14 +rax], 0b1000000000000000000000000000000
  rax=0x0000000000001000 rbx=0x000000000000001e rcx=0x00000000c0570000 rdx=0x0000000000000213
  rsi=0x000023f40000230f rdi=0x00000000000014b6 flags=0b010000000110
  xmm0=0x0000ef6e0000ef6e0000c9c10000c9c1 xmm1=0x0000cf2a0000cf2a0000f2a70000f2a7 
  xmm2=0x00004903000049030000512700005127 xmm3=0x0000be850000be8500001bf100001bf1 
  xmm4=0x000041110000411100009ef600009ef6 xmm5=0x00002c7700002c770000641200006412 
  xmm6=0x0000efef0000efef00006e8000006e80 xmm7=0x0000738900007389000048d1000048d1 

    > load from +0x5000 value 0x828400008284
    > store to +0x5000 value 0x828440008284
0x30bb: bsf rdi, [r14 +rax]
  rax=0x0000000000001000 rbx=0x000000000000001e rcx=0x00000000c0570000 rdx=0x0000000000000213
  rsi=0x000023f40000230f rdi=0x00000000000014b6 flags=0b010000000110
  xmm0=0x0000ef6e0000ef6e0000c9c10000c9c1 xmm1=0x0000cf2a0000cf2a0000f2a70000f2a7 
  xmm2=0x00004903000049030000512700005127 xmm3=0x0000be850000be8500001bf100001bf1 
  xmm4=0x000041110000411100009ef600009ef6 xmm5=0x00002c7700002c770000641200006412 
  xmm6=0x0000efef0000efef00006e8000006e80 xmm7=0x0000738900007389000048d1000048d1 

    > load from +0x5000 value 0x828440008284
0x30c0: and rbx, 0b1111111111111
  rax=0x0000000000001000 rbx=0x000000000000001e rcx=0x00000000c0570000 rdx=0x0000000000000213
  rsi=0x000023f40000230f rdi=0x0000000000000002 flags=0b010000000110
  xmm0=0x0000ef6e0000ef6e0000c9c10000c9c1 xmm1=0x0000cf2a0000cf2a0000f2a70000f2a7 
  xmm2=0x00004903000049030000512700005127 xmm3=0x0000be850000be8500001bf100001bf1 
  xmm4=0x000041110000411100009ef600009ef6 xmm5=0x00002c7700002c770000641200006412 
  xmm6=0x0000efef0000efef00006e8000006e80 xmm7=0x0000738900007389000048d1000048d1 

0x30c7: mov rdx, [r14 +rbx]
  rax=0x0000000000001000 rbx=0x000000000000001e rcx=0x00000000c0570000 rdx=0x0000000000000213
  rsi=0x000023f40000230f rdi=0x0000000000000002 flags=0b010000000110
  xmm0=0x0000ef6e0000ef6e0000c9c10000c9c1 xmm1=0x0000cf2a0000cf2a0000f2a70000f2a7 
  xmm2=0x00004903000049030000512700005127 xmm3=0x0000be850000be8500001bf100001bf1 
  xmm4=0x000041110000411100009ef600009ef6 xmm5=0x00002c7700002c770000641200006412 
  xmm6=0x0000efef0000efef00006e8000006e80 xmm7=0x0000738900007389000048d1000048d1 

    > load from +0x401e value 0x91e1000091e10000
0x30cb: and rdi, 0b1111111111111
  rax=0x0000000000001000 rbx=0x000000000000001e rcx=0x00000000c0570000 rdx=0x91e1000091e10000
  rsi=0x000023f40000230f rdi=0x0000000000000002 flags=0b010000000110
  xmm0=0x0000ef6e0000ef6e0000c9c10000c9c1 xmm1=0x0000cf2a0000cf2a0000f2a70000f2a7 
  xmm2=0x00004903000049030000512700005127 xmm3=0x0000be850000be8500001bf100001bf1 
  xmm4=0x000041110000411100009ef600009ef6 xmm5=0x00002c7700002c770000641200006412 
  xmm6=0x0000efef0000efef00006e8000006e80 xmm7=0x0000738900007389000048d1000048d1 

0x30d2: or [r14 +rdi], 1
  rax=0x0000000000001000 rbx=0x000000000000001e rcx=0x00000000c0570000 rdx=0x91e1000091e10000
  rsi=0x000023f40000230f rdi=0x0000000000000002 flags=0b010000000010
  xmm0=0x0000ef6e0000ef6e0000c9c10000c9c1 xmm1=0x0000cf2a0000cf2a0000f2a70000f2a7 
  xmm2=0x00004903000049030000512700005127 xmm3=0x0000be850000be8500001bf100001bf1 
  xmm4=0x000041110000411100009ef600009ef6 xmm5=0x00002c7700002c770000641200006412 
  xmm6=0x0000efef0000efef00006e8000006e80 xmm7=0x0000738900007389000048d1000048d1 

    > load from +0x4002 value 0x755b0000
    > store to +0x4002 value 0x755b0001
0x30d7: and edx, [r14 +rdi]
  rax=0x0000000000001000 rbx=0x000000000000001e rcx=0x00000000c0570000 rdx=0x91e1000091e10000
  rsi=0x000023f40000230f rdi=0x0000000000000002 flags=0b010000000010
  xmm0=0x0000ef6e0000ef6e0000c9c10000c9c1 xmm1=0x0000cf2a0000cf2a0000f2a70000f2a7 
  xmm2=0x00004903000049030000512700005127 xmm3=0x0000be850000be8500001bf100001bf1 
  xmm4=0x000041110000411100009ef600009ef6 xmm5=0x00002c7700002c770000641200006412 
  xmm6=0x0000efef0000efef00006e8000006e80 xmm7=0x0000738900007389000048d1000048d1 

    > load from +0x4002 value 0x755b0001
0x30db: shr edx, 1
  rax=0x0000000000001000 rbx=0x000000000000001e rcx=0x00000000c0570000 rdx=0x0000000011410000
  rsi=0x000023f40000230f rdi=0x0000000000000002 flags=0b010000000110
  xmm0=0x0000ef6e0000ef6e0000c9c10000c9c1 xmm1=0x0000cf2a0000cf2a0000f2a70000f2a7 
  xmm2=0x00004903000049030000512700005127 xmm3=0x0000be850000be8500001bf100001bf1 
  xmm4=0x000041110000411100009ef600009ef6 xmm5=0x00002c7700002c770000641200006412 
  xmm6=0x0000efef0000efef00006e8000006e80 xmm7=0x0000738900007389000048d1000048d1 

0x30dd: div [r14 +rdi]
  rax=0x0000000000001000 rbx=0x000000000000001e rcx=0x00000000c0570000 rdx=0x0000000008a08000
  rsi=0x000023f40000230f rdi=0x0000000000000002 flags=0b010000000110
  xmm0=0x0000ef6e0000ef6e0000c9c10000c9c1 xmm1=0x0000cf2a0000cf2a0000f2a70000f2a7 
  xmm2=0x00004903000049030000512700005127 xmm3=0x0000be850000be8500001bf100001bf1 
  xmm4=0x000041110000411100009ef600009ef6 xmm5=0x00002c7700002c770000641200006412 
  xmm6=0x0000efef0000efef00006e8000006e80 xmm7=0x0000738900007389000048d1000048d1 

    > load from +0x4002 value 0x755b0001
0x30e1: test rax, -2026387253
  rax=0x0000000012d1a2f7 rbx=0x000000000000001e rcx=0x00000000c0570000 rdx=0x000000001c616d09
  rsi=0x000023f40000230f rdi=0x0000000000000002 flags=0b010000000110
  xmm0=0x0000ef6e0000ef6e0000c9c10000c9c1 xmm1=0x0000cf2a0000cf2a0000f2a70000f2a7 
  xmm2=0x00004903000049030000512700005127 xmm3=0x0000be850000be8500001bf100001bf1 
  xmm4=0x000041110000411100009ef600009ef6 xmm5=0x00002c7700002c770000641200006412 
  xmm6=0x0000efef0000efef00006e8000006e80 xmm7=0x0000738900007389000048d1000048d1 

0x30e7: and rbx, 0b1111111111111
  rax=0x0000000012d1a2f7 rbx=0x000000000000001e rcx=0x00000000c0570000 rdx=0x000000001c616d09
  rsi=0x000023f40000230f rdi=0x0000000000000002 flags=0b010000000110
  xmm0=0x0000ef6e0000ef6e0000c9c10000c9c1 xmm1=0x0000cf2a0000cf2a0000f2a70000f2a7 
  xmm2=0x00004903000049030000512700005127 xmm3=0x0000be850000be8500001bf100001bf1 
  xmm4=0x000041110000411100009ef600009ef6 xmm5=0x00002c7700002c770000641200006412 
  xmm6=0x0000efef0000efef00006e8000006e80 xmm7=0x0000738900007389000048d1000048d1 

0x30ee: cmovp edx, [r14 +rbx]
  rax=0x0000000012d1a2f7 rbx=0x000000000000001e rcx=0x00000000c0570000 rdx=0x000000001c616d09
  rsi=0x000023f40000230f rdi=0x0000000000000002 flags=0b010000000110
  xmm0=0x0000ef6e0000ef6e0000c9c10000c9c1 xmm1=0x0000cf2a0000cf2a0000f2a70000f2a7 
  xmm2=0x00004903000049030000512700005127 xmm3=0x0000be850000be8500001bf100001bf1 
  xmm4=0x000041110000411100009ef600009ef6 xmm5=0x00002c7700002c770000641200006412 
  xmm6=0x0000efef0000efef00006e8000006e80 xmm7=0x0000738900007389000048d1000048d1 

    > load from +0x401e value 0x91e10000
0x30f3: and rcx, 0b1111111111111
  rax=0x0000000012d1a2f7 rbx=0x000000000000001e rcx=0x00000000c0570000 rdx=0x0000000091e10000
  rsi=0x000023f40000230f rdi=0x0000000000000002 flags=0b010000000110
  xmm0=0x0000ef6e0000ef6e0000c9c10000c9c1 xmm1=0x0000cf2a0000cf2a0000f2a70000f2a7 
  xmm2=0x00004903000049030000512700005127 xmm3=0x0000be850000be8500001bf100001bf1 
  xmm4=0x000041110000411100009ef600009ef6 xmm5=0x00002c7700002c770000641200006412 
  xmm6=0x0000efef0000efef00006e8000006e80 xmm7=0x0000738900007389000048d1000048d1 

0x30fa: or [r14 +rcx], 0b1000000000000000
  rax=0x0000000012d1a2f7 rbx=0x000000000000001e rcx=0x0000000000000000 rdx=0x0000000091e10000
  rsi=0x000023f40000230f rdi=0x0000000000000002 flags=0b010001000110
  xmm0=0x0000ef6e0000ef6e0000c9c10000c9c1 xmm1=0x0000cf2a0000cf2a0000f2a70000f2a7 
  xmm2=0x00004903000049030000512700005127 xmm3=0x0000be850000be8500001bf100001bf1 
  xmm4=0x000041110000411100009ef600009ef6 xmm5=0x00002c7700002c770000641200006412 
  xmm6=0x0000efef0000efef00006e8000006e80 xmm7=0x0000738900007389000048d1000048d1 

    > load from +0x4000 value 0x755b
    > store to +0x4000 value 0xf55b
0x3101: bsf dx, [r14 +rcx]
  rax=0x0000000012d1a2f7 rbx=0x000000000000001e rcx=0x0000000000000000 rdx=0x0000000091e10000
  rsi=0x000023f40000230f rdi=0x0000000000000002 flags=0b010010000010
  xmm0=0x0000ef6e0000ef6e0000c9c10000c9c1 xmm1=0x0000cf2a0000cf2a0000f2a70000f2a7 
  xmm2=0x00004903000049030000512700005127 xmm3=0x0000be850000be8500001bf100001bf1 
  xmm4=0x000041110000411100009ef600009ef6 xmm5=0x00002c7700002c770000641200006412 
  xmm6=0x0000efef0000efef00006e8000006e80 xmm7=0x0000738900007389000048d1000048d1 

    > load from +0x4000 value 0xf55b
0x3107: imul si, bx
  rax=0x0000000012d1a2f7 rbx=0x000000000000001e rcx=0x0000000000000000 rdx=0x0000000091e10000
  rsi=0x000023f40000230f rdi=0x0000000000000002 flags=0b010010000010
  xmm0=0x0000ef6e0000ef6e0000c9c10000c9c1 xmm1=0x0000cf2a0000cf2a0000f2a70000f2a7 
  xmm2=0x00004903000049030000512700005127 xmm3=0x0000be850000be8500001bf100001bf1 
  xmm4=0x000041110000411100009ef600009ef6 xmm5=0x00002c7700002c770000641200006412 
  xmm6=0x0000efef0000efef00006e8000006e80 xmm7=0x0000738900007389000048d1000048d1 

0x310b: add dil, 60
  rax=0x0000000012d1a2f7 rbx=0x000000000000001e rcx=0x0000000000000000 rdx=0x0000000091e10000
  rsi=0x000023f400001bc2 rdi=0x0000000000000002 flags=0b110000000011
  xmm0=0x0000ef6e0000ef6e0000c9c10000c9c1 xmm1=0x0000cf2a0000cf2a0000f2a70000f2a7 
  xmm2=0x00004903000049030000512700005127 xmm3=0x0000be850000be8500001bf100001bf1 
  xmm4=0x000041110000411100009ef600009ef6 xmm5=0x00002c7700002c770000641200006412 
  xmm6=0x0000efef0000efef00006e8000006e80 xmm7=0x0000738900007389000048d1000048d1 

0x310f: and rdi, 0b1111111111111
  rax=0x0000000012d1a2f7 rbx=0x000000000000001e rcx=0x0000000000000000 rdx=0x0000000091e10000
  rsi=0x000023f400001bc2 rdi=0x000000000000003e flags=0b010000000010
  xmm0=0x0000ef6e0000ef6e0000c9c10000c9c1 xmm1=0x0000cf2a0000cf2a0000f2a70000f2a7 
  xmm2=0x00004903000049030000512700005127 xmm3=0x0000be850000be8500001bf100001bf1 
  xmm4=0x000041110000411100009ef600009ef6 xmm5=0x00002c7700002c770000641200006412 
  xmm6=0x0000efef0000efef00006e8000006e80 xmm7=0x0000738900007389000048d1000048d1 

0x3116: cmovl ecx, [r14 +rdi]
  rax=0x0000000012d1a2f7 rbx=0x000000000000001e rcx=0x0000000000000000 rdx=0x0000000091e10000
  rsi=0x000023f400001bc2 rdi=0x000000000000003e flags=0b010000000010
  xmm0=0x0000ef6e0000ef6e0000c9c10000c9c1 xmm1=0x0000cf2a0000cf2a0000f2a70000f2a7 
  xmm2=0x00004903000049030000512700005127 xmm3=0x0000be850000be8500001bf100001bf1 
  xmm4=0x000041110000411100009ef600009ef6 xmm5=0x00002c7700002c770000641200006412 
  xmm6=0x0000efef0000efef00006e8000006e80 xmm7=0x0000738900007389000048d1000048d1 

    > load from +0x403e value 0xe3af0000
0x311b: and rcx, 0b1111111111111
  rax=0x0000000012d1a2f7 rbx=0x000000000000001e rcx=0x0000000000000000 rdx=0x0000000091e10000
  rsi=0x000023f400001bc2 rdi=0x000000000000003e flags=0b010000000010
  xmm0=0x0000ef6e0000ef6e0000c9c10000c9c1 xmm1=0x0000cf2a0000cf2a0000f2a70000f2a7 
  xmm2=0x00004903000049030000512700005127 xmm3=0x0000be850000be8500001bf100001bf1 
  xmm4=0x000041110000411100009ef600009ef6 xmm5=0x00002c7700002c770000641200006412 
  xmm6=0x0000efef0000efef00006e8000006e80 xmm7=0x0000738900007389000048d1000048d1 

0x3122: cmp [r14 +rcx], 107
  rax=0x0000000012d1a2f7 rbx=0x000000000000001e rcx=0x0000000000000000 rdx=0x0000000091e10000
  rsi=0x000023f400001bc2 rdi=0x000000000000003e flags=0b010001000110
  xmm0=0x0000ef6e0000ef6e0000c9c10000c9c1 xmm1=0x0000cf2a0000cf2a0000f2a70000f2a7 
  xmm2=0x00004903000049030000512700005127 xmm3=0x0000be850000be8500001bf100001bf1 
  xmm4=0x000041110000411100009ef600009ef6 xmm5=0x00002c7700002c770000641200006412 
  xmm6=0x0000efef0000efef00006e8000006e80 xmm7=0x0000738900007389000048d1000048d1 

    > load from +0x4000 value 0x755b0001f55b
0x3127: and rdx, 0b1111111111111
  rax=0x0000000012d1a2f7 rbx=0x000000000000001e rcx=0x0000000000000000 rdx=0x0000000091e10000
  rsi=0x000023f400001bc2 rdi=0x000000000000003e flags=0b010000000110
  xmm0=0x0000ef6e0000ef6e0000c9c10000c9c1 xmm1=0x0000cf2a0000cf2a0000f2a70000f2a7 
  xmm2=0x00004903000049030000512700005127 xmm3=0x0000be850000be8500001bf100001bf1 
  xmm4=0x000041110000411100009ef600009ef6 xmm5=0x00002c7700002c770000641200006412 
  xmm6=0x0000efef0000efef00006e8000006e80 xmm7=0x0000738900007389000048d1000048d1 

0x312e: or [r14 +rdx], 0b1000000000000000
  rax=0x0000000012d1a2f7 rbx=0x000000000000001e rcx=0x0000000000000000 rdx=0x0000000000000000
  rsi=0x000023f400001bc2 rdi=0x000000000000003e flags=0b010001000110
  xmm0=0x0000ef6e0000ef6e0000c9c10000c9c1 xmm1=0x0000cf2a0000cf2a0000f2a70000f2a7 
  xmm2=0x00004903000049030000512700005127 xmm3=0x0000be850000be8500001bf100001bf1 
  xmm4=0x000041110000411100009ef600009ef6 xmm5=0x00002c7700002c770000641200006412 
  xmm6=0x0000efef0000efef00006e8000006e80 xmm7=0x0000738900007389000048d1000048d1 

    > load from +0x4000 value 0xf55b
    > store to +0x4000 value 0xf55b
0x3135: bsr si, [r14 +rdx]
  rax=0x0000000012d1a2f7 rbx=0x000000000000001e rcx=0x0000000000000000 rdx=0x0000000000000000
  rsi=0x000023f400001bc2 rdi=0x000000000000003e flags=0b010010000010
  xmm0=0x0000ef6e0000ef6e0000c9c10000c9c1 xmm1=0x0000cf2a0000cf2a0000f2a70000f2a7 
  xmm2=0x00004903000049030000512700005127 xmm3=0x0000be850000be8500001bf100001bf1 
  xmm4=0x000041110000411100009ef600009ef6 xmm5=0x00002c7700002c770000641200006412 
  xmm6=0x0000efef0000efef00006e8000006e80 xmm7=0x0000738900007389000048d1000048d1 

    > load from +0x4000 value 0xf55b
0x313b: add dil, 8
  rax=0x0000000012d1a2f7 rbx=0x000000000000001e rcx=0x0000000000000000 rdx=0x0000000000000000
  rsi=0x000023f40000000f rdi=0x000000000000003e flags=0b010010000010
  xmm0=0x0000ef6e0000ef6e0000c9c10000c9c1 xmm1=0x0000cf2a0000cf2a0000f2a70000f2a7 
  xmm2=0x00004903000049030000512700005127 xmm3=0x0000be850000be8500001bf100001bf1 
  xmm4=0x000041110000411100009ef600009ef6 xmm5=0x00002c7700002c770000641200006412 
  xmm6=0x0000efef0000efef00006e8000006e80 xmm7=0x0000738900007389000048d1000048d1 

0x313f: cmovno esi, ecx
  rax=0x0000000012d1a2f7 rbx=0x000000000000001e rcx=0x0000000000000000 rdx=0x0000000000000000
  rsi=0x000023f40000000f rdi=0x0000000000000046 flags=0b010000010010
  xmm0=0x0000ef6e0000ef6e0000c9c10000c9c1 xmm1=0x0000cf2a0000cf2a0000f2a70000f2a7 
  xmm2=0x00004903000049030000512700005127 xmm3=0x0000be850000be8500001bf100001bf1 
  xmm4=0x000041110000411100009ef600009ef6 xmm5=0x00002c7700002c770000641200006412 
  xmm6=0x0000efef0000efef00006e8000006e80 xmm7=0x0000738900007389000048d1000048d1 

0x3142: cwd 
  rax=0x0000000012d1a2f7 rbx=0x000000000000001e rcx=0x0000000000000000 rdx=0x0000000000000000
  rsi=0x0000000000000000 rdi=0x0000000000000046 flags=0b010000010010
  xmm0=0x0000ef6e0000ef6e0000c9c10000c9c1 xmm1=0x0000cf2a0000cf2a0000f2a70000f2a7 
  xmm2=0x00004903000049030000512700005127 xmm3=0x0000be850000be8500001bf100001bf1 
  xmm4=0x000041110000411100009ef600009ef6 xmm5=0x00002c7700002c770000641200006412 
  xmm6=0x0000efef0000efef00006e8000006e80 xmm7=0x0000738900007389000048d1000048d1 

0x3144: and rbx, 0b1111111111111
  rax=0x0000000012d1a2f7 rbx=0x000000000000001e rcx=0x0000000000000000 rdx=0x000000000000ffff
  rsi=0x0000000000000000 rdi=0x0000000000000046 flags=0b010000010010
  xmm0=0x0000ef6e0000ef6e0000c9c10000c9c1 xmm1=0x0000cf2a0000cf2a0000f2a70000f2a7 
  xmm2=0x00004903000049030000512700005127 xmm3=0x0000be850000be8500001bf100001bf1 
  xmm4=0x000041110000411100009ef600009ef6 xmm5=0x00002c7700002c770000641200006412 
  xmm6=0x0000efef0000efef00006e8000006e80 xmm7=0x0000738900007389000048d1000048d1 

0x314b: test [r14 +rbx], -878561607
  rax=0x0000000012d1a2f7 rbx=0x000000000000001e rcx=0x0000000000000000 rdx=0x000000000000ffff
  rsi=0x0000000000000000 rdi=0x0000000000000046 flags=0b010000000110
  xmm0=0x0000ef6e0000ef6e0000c9c10000c9c1 xmm1=0x0000cf2a0000cf2a0000f2a70000f2a7 
  xmm2=0x00004903000049030000512700005127 xmm3=0x0000be850000be8500001bf100001bf1 
  xmm4=0x000041110000411100009ef600009ef6 xmm5=0x00002c7700002c770000641200006412 
  xmm6=0x0000efef0000efef00006e8000006e80 xmm7=0x0000738900007389000048d1000048d1 

    > load from +0x401e value 0x91e1000091e10000
0x3153: and rdi, 0b1111111111111
  rax=0x0000000012d1a2f7 rbx=0x000000000000001e rcx=0x0000000000000000 rdx=0x000000000000ffff
  rsi=0x0000000000000000 rdi=0x0000000000000046 flags=0b010010000110
  xmm0=0x0000ef6e0000ef6e0000c9c10000c9c1 xmm1=0x0000cf2a0000cf2a0000f2a70000f2a7 
  xmm2=0x00004903000049030000512700005127 xmm3=0x0000be850000be8500001bf100001bf1 
  xmm4=0x000041110000411100009ef600009ef6 xmm5=0x00002c7700002c770000641200006412 
  xmm6=0x0000efef0000efef00006e8000006e80 xmm7=0x0000738900007389000048d1000048d1 

0x315a: and esi, [r14 +rdi]
  rax=0x0000000012d1a2f7 rbx=0x000000000000001e rcx=0x0000000000000000 rdx=0x000000000000ffff
  rsi=0x0000000000000000 rdi=0x0000000000000046 flags=0b010000000010
  xmm0=0x0000ef6e0000ef6e0000c9c10000c9c1 xmm1=0x0000cf2a0000cf2a0000f2a70000f2a7 
  xmm2=0x00004903000049030000512700005127 xmm3=0x0000be850000be8500001bf100001bf1 
  xmm4=0x000041110000411100009ef600009ef6 xmm5=0x00002c7700002c770000641200006412 
  xmm6=0x0000efef0000efef00006e8000006e80 xmm7=0x0000738900007389000048d1000048d1 

    > load from +0x4046 value 0x1a410000
0x315e: sbb cl, bl
  rax=0x0000000012d1a2f7 rbx=0x000000000000001e rcx=0x0000000000000000 rdx=0x000000000000ffff
  rsi=0x0000000000000000 rdi=0x0000000000000046 flags=0b010001000110
  xmm0=0x0000ef6e0000ef6e0000c9c10000c9c1 xmm1=0x0000cf2a0000cf2a0000f2a70000f2a7 
  xmm2=0x00004903000049030000512700005127 xmm3=0x0000be850000be8500001bf100001bf1 
  xmm4=0x000041110000411100009ef600009ef6 xmm5=0x00002c7700002c770000641200006412 
  xmm6=0x0000efef0000efef00006e8000006e80 xmm7=0x0000738900007389000048d1000048d1 

0x3160: sbb cx, bx
  rax=0x0000000012d1a2f7 rbx=0x000000000000001e rcx=0x00000000000000e2 rdx=0x000000000000ffff
  rsi=0x0000000000000000 rdi=0x0000000000000046 flags=0b010010010111
  xmm0=0x0000ef6e0000ef6e0000c9c10000c9c1 xmm1=0x0000cf2a0000cf2a0000f2a70000f2a7 
  xmm2=0x00004903000049030000512700005127 xmm3=0x0000be850000be8500001bf100001bf1 
  xmm4=0x000041110000411100009ef600009ef6 xmm5=0x00002c7700002c770000641200006412 
  xmm6=0x0000efef0000efef00006e8000006e80 xmm7=0x0000738900007389000048d1000048d1 

0x3163: setno bl
  rax=0x0000000012d1a2f7 rbx=0x000000000000001e rcx=0x00000000000000c3 rdx=0x000000000000ffff
  rsi=0x0000000000000000 rdi=0x0000000000000046 flags=0b010000010110
  xmm0=0x0000ef6e0000ef6e0000c9c10000c9c1 xmm1=0x0000cf2a0000cf2a0000f2a70000f2a7 
  xmm2=0x00004903000049030000512700005127 xmm3=0x0000be850000be8500001bf100001bf1 
  xmm4=0x000041110000411100009ef600009ef6 xmm5=0x00002c7700002c770000641200006412 
  xmm6=0x0000efef0000efef00006e8000006e80 xmm7=0x0000738900007389000048d1000048d1 

0x3166: and rdx, 0b1111111111111
  rax=0x0000000012d1a2f7 rbx=0x0000000000000001 rcx=0x00000000000000c3 rdx=0x000000000000ffff
  rsi=0x0000000000000000 rdi=0x0000000000000046 flags=0b010000010110
  xmm0=0x0000ef6e0000ef6e0000c9c10000c9c1 xmm1=0x0000cf2a0000cf2a0000f2a70000f2a7 
  xmm2=0x00004903000049030000512700005127 xmm3=0x0000be850000be8500001bf100001bf1 
  xmm4=0x000041110000411100009ef600009ef6 xmm5=0x00002c7700002c770000641200006412 
  xmm6=0x0000efef0000efef00006e8000006e80 xmm7=0x0000738900007389000048d1000048d1 

0x316d: cmovno rdx, [r14 +rdx]
  rax=0x0000000012d1a2f7 rbx=0x0000000000000001 rcx=0x00000000000000c3 rdx=0x0000000000001fff
  rsi=0x0000000000000000 rdi=0x0000000000000046 flags=0b010000000110
  xmm0=0x0000ef6e0000ef6e0000c9c10000c9c1 xmm1=0x0000cf2a0000cf2a0000f2a70000f2a7 
  xmm2=0x00004903000049030000512700005127 xmm3=0x0000be850000be8500001bf100001bf1 
  xmm4=0x000041110000411100009ef600009ef6 xmm5=0x00002c7700002c770000641200006412 
  xmm6=0x0000efef0000efef00006e8000006e80 xmm7=0x0000738900007389000048d1000048d1 

    > load from +0x5fff value 0xfd400000fd4000
0x3172: and rbx, 0b1111111111111
  rax=0x0000000012d1a2f7 rbx=0x0000000000000001 rcx=0x00000000000000c3 rdx=0x00fd400000fd4000
  rsi=0x0000000000000000 rdi=0x0000000000000046 flags=0b010000000110
  xmm0=0x0000ef6e0000ef6e0000c9c10000c9c1 xmm1=0x0000cf2a0000cf2a0000f2a70000f2a7 
  xmm2=0x00004903000049030000512700005127 xmm3=0x0000be850000be8500001bf100001bf1 
  xmm4=0x000041110000411100009ef600009ef6 xmm5=0x00002c7700002c770000641200006412 
  xmm6=0x0000efef0000efef00006e8000006e80 xmm7=0x0000738900007389000048d1000048d1 

0x3179: cmovle dx, [r14 +rbx]
  rax=0x0000000012d1a2f7 rbx=0x0000000000000001 rcx=0x00000000000000c3 rdx=0x00fd400000fd4000
  rsi=0x0000000000000000 rdi=0x0000000000000046 flags=0b010000000010
  xmm0=0x0000ef6e0000ef6e0000c9c10000c9c1 xmm1=0x0000cf2a0000cf2a0000f2a70000f2a7 
  xmm2=0x00004903000049030000512700005127 xmm3=0x0000be850000be8500001bf100001bf1 
  xmm4=0x000041110000411100009ef600009ef6 xmm5=0x00002c7700002c770000641200006412 
  xmm6=0x0000efef0000efef00006e8000006e80 xmm7=0x0000738900007389000048d1000048d1 

    > load from +0x4001 value 0x1f5
0x317f: xor bl, -14
  rax=0x0000000012d1a2f7 rbx=0x0000000000000001 rcx=0x00000000000000c3 rdx=0x00fd400000fd4000
  rsi=0x0000000000000000 rdi=0x0000000000000046 flags=0b010000000010
  xmm0=0x0000ef6e0000ef6e0000c9c10000c9c1 xmm1=0x0000cf2a0000cf2a0000f2a70000f2a7 
  xmm2=0x00004903000049030000512700005127 xmm3=0x0000be850000be8500001bf100001bf1 
  xmm4=0x000041110000411100009ef600009ef6 xmm5=0x00002c7700002c770000641200006412 
  xmm6=0x0000efef0000efef00006e8000006e80 xmm7=0x0000738900007389000048d1000048d1 

0x3182: and rdx, 0b1111111111111
  rax=0x0000000012d1a2f7 rbx=0x00000000000000f3 rcx=0x00000000000000c3 rdx=0x00fd400000fd4000
  rsi=0x0000000000000000 rdi=0x0000000000000046 flags=0b010010000110
  xmm0=0x0000ef6e0000ef6e0000c9c10000c9c1 xmm1=0x0000cf2a0000cf2a0000f2a70000f2a7 
  xmm2=0x00004903000049030000512700005127 xmm3=0x0000be850000be8500001bf100001bf1 
  xmm4=0x000041110000411100009ef600009ef6 xmm5=0x00002c7700002c770000641200006412 
  xmm6=0x0000efef0000efef00006e8000006e80 xmm7=0x0000738900007389000048d1000048d1 

0x3189: mov eax, [r14 +rdx]
  rax=0x0000000012d1a2f7 rbx=0x00000000000000f3 rcx=0x00000000000000c3 rdx=0x0000000000000000
  rsi=0x0000000000000000 rdi=0x0000000000000046 flags=0b010001000110
  xmm0=0x0000ef6e0000ef6e0000c9c10000c9c1 xmm1=0x0000cf2a0000cf2a0000f2a70000f2a7 
  xmm2=0x00004903000049030000512700005127 xmm3=0x0000be850000be8500001bf100001bf1 
  xmm4=0x000041110000411100009ef600009ef6 xmm5=0x00002c7700002c770000641200006412 
  xmm6=0x0000efef0000efef00006e8000006e80 xmm7=0x0000738900007389000048d1000048d1 

    > load from +0x4000 value 0x1f55b
0x318d: and rdx, 0b1111111111111
  rax=0x000000000001f55b rbx=0x00000000000000f3 rcx=0x00000000000000c3 rdx=0x0000000000000000
  rsi=0x0000000000000000 rdi=0x0000000000000046 flags=0b010001000110
  xmm0=0x0000ef6e0000ef6e0000c9c10000c9c1 xmm1=0x0000cf2a0000cf2a0000f2a70000f2a7 
  xmm2=0x00004903000049030000512700005127 xmm3=0x0000be850000be8500001bf100001bf1 
  xmm4=0x000041110000411100009ef600009ef6 xmm5=0x00002c7700002c770000641200006412 
  xmm6=0x0000efef0000efef00006e8000006e80 xmm7=0x0000738900007389000048d1000048d1 

0x3194: or [r14 +rdx], 0b1000
  rax=0x000000000001f55b rbx=0x00000000000000f3 rcx=0x00000000000000c3 rdx=0x0000000000000000
  rsi=0x0000000000000000 rdi=0x0000000000000046 flags=0b010001000110
  xmm0=0x0000ef6e0000ef6e0000c9c10000c9c1 xmm1=0x0000cf2a0000cf2a0000f2a70000f2a7 
  xmm2=0x00004903000049030000512700005127 xmm3=0x0000be850000be8500001bf100001bf1 
  xmm4=0x000041110000411100009ef600009ef6 xmm5=0x00002c7700002c770000641200006412 
  xmm6=0x0000efef0000efef00006e8000006e80 xmm7=0x0000738900007389000048d1000048d1 

    > load from +0x4000 value 0x1f55b
    > store to +0x4000 value 0x1f55b
0x3199: and [r14 +rdx], 0b11111000
  rax=0x000000000001f55b rbx=0x00000000000000f3 rcx=0x00000000000000c3 rdx=0x0000000000000000
  rsi=0x0000000000000000 rdi=0x0000000000000046 flags=0b010000000010
  xmm0=0x0000ef6e0000ef6e0000c9c10000c9c1 xmm1=0x0000cf2a0000cf2a0000f2a70000f2a7 
  xmm2=0x00004903000049030000512700005127 xmm3=0x0000be850000be8500001bf100001bf1 
  xmm4=0x000041110000411100009ef600009ef6 xmm5=0x00002c7700002c770000641200006412 
  xmm6=0x0000efef0000efef00006e8000006e80 xmm7=0x0000738900007389000048d1000048d1 

    > load from +0x4000 value 0x5b
    > store to +0x4000 value 0x58
0x319e: add sil, -101
  rax=0x000000000001f55b rbx=0x00000000000000f3 rcx=0x00000000000000c3 rdx=0x0000000000000000
  rsi=0x0000000000000000 rdi=0x0000000000000046 flags=0b010000000010
  xmm0=0x0000ef6e0000ef6e0000c9c10000c9c1 xmm1=0x0000cf2a0000cf2a0000f2a70000f2a7 
  xmm2=0x00004903000049030000512700005127 xmm3=0x0000be850000be8500001bf100001bf1 
  xmm4=0x000041110000411100009ef600009ef6 xmm5=0x00002c7700002c770000641200006412 
  xmm6=0x0000efef0000efef00006e8000006e80 xmm7=0x0000738900007389000048d1000048d1 

0x31a2: and rbx, 0b1111111111111
  rax=0x000000000001f55b rbx=0x00000000000000f3 rcx=0x00000000000000c3 rdx=0x0000000000000000
  rsi=0x000000000000009b rdi=0x0000000000000046 flags=0b010010000010
  xmm0=0x0000ef6e0000ef6e0000c9c10000c9c1 xmm1=0x0000cf2a0000cf2a0000f2a70000f2a7 
  xmm2=0x00004903000049030000512700005127 xmm3=0x0000be850000be8500001bf100001bf1 
  xmm4=0x000041110000411100009ef600009ef6 xmm5=0x00002c7700002c770000641200006412 
  xmm6=0x0000efef0000efef00006e8000006e80 xmm7=0x0000738900007389000048d1000048d1 

0x31a9: movzx dx, [r14 +rbx]
  rax=0x000000000001f55b rbx=0x00000000000000f3 rcx=0x00000000000000c3 rdx=0x0000000000000000
  rsi=0x000000000000009b rdi=0x0000000000000046 flags=0b010000000110
  xmm0=0x0000ef6e0000ef6e0000c9c10000c9c1 xmm1=0x0000cf2a0000cf2a0000f2a70000f2a7 
  xmm2=0x00004903000049030000512700005127 xmm3=0x0000be850000be8500001bf100001bf1 
  xmm4=0x000041110000411100009ef600009ef6 xmm5=0x00002c7700002c770000641200006412 
  xmm6=0x0000efef0000efef00006e8000006e80 xmm7=0x0000738900007389000048d1000048d1 

    > load from +0x40f3 value 0x0
0x31af: setle cl
  rax=0x000000000001f55b rbx=0x00000000000000f3 rcx=0x00000000000000c3 rdx=0x0000000000000000
  rsi=0x000000000000009b rdi=0x0000000000000046 flags=0b010000000110
  xmm0=0x0000ef6e0000ef6e0000c9c10000c9c1 xmm1=0x0000cf2a0000cf2a0000f2a70000f2a7 
  xmm2=0x00004903000049030000512700005127 xmm3=0x0000be850000be8500001bf100001bf1 
  xmm4=0x000041110000411100009ef600009ef6 xmm5=0x00002c7700002c770000641200006412 
  xmm6=0x0000efef0000efef00006e8000006e80 xmm7=0x0000738900007389000048d1000048d1 

0x31b2: btc di, 216
  rax=0x000000000001f55b rbx=0x00000000000000f3 rcx=0x0000000000000000 rdx=0x0000000000000000
  rsi=0x000000000000009b rdi=0x0000000000000046 flags=0b010000000110
  xmm0=0x0000ef6e0000ef6e0000c9c10000c9c1 xmm1=0x0000cf2a0000cf2a0000f2a70000f2a7 
  xmm2=0x00004903000049030000512700005127 xmm3=0x0000be850000be8500001bf100001bf1 
  xmm4=0x000041110000411100009ef600009ef6 xmm5=0x00002c7700002c770000641200006412 
  xmm6=0x0000efef0000efef00006e8000006e80 xmm7=0x0000738900007389000048d1000048d1 

0x31b7: add dil, 43
  rax=0x000000000001f55b rbx=0x00000000000000f3 rcx=0x0000000000000000 rdx=0x0000000000000000
  rsi=0x000000000000009b rdi=0x0000000000000146 flags=0b010000000110
  xmm0=0x0000ef6e0000ef6e0000c9c10000c9c1 xmm1=0x0000cf2a0000cf2a0000f2a70000f2a7 
  xmm2=0x00004903000049030000512700005127 xmm3=0x0000be850000be8500001bf100001bf1 
  xmm4=0x000041110000411100009ef600009ef6 xmm5=0x00002c7700002c770000641200006412 
  xmm6=0x0000efef0000efef00006e8000006e80 xmm7=0x0000738900007389000048d1000048d1 

0x31bb: and rcx, 0b1111111111111
  rax=0x000000000001f55b rbx=0x00000000000000f3 rcx=0x0000000000000000 rdx=0x0000000000000000
  rsi=0x000000000000009b rdi=0x0000000000000171 flags=0b010000010110
  xmm0=0x0000ef6e0000ef6e0000c9c10000c9c1 xmm1=0x0000cf2a0000cf2a0000f2a70000f2a7 
  xmm2=0x00004903000049030000512700005127 xmm3=0x0000be850000be8500001bf100001bf1 
  xmm4=0x000041110000411100009ef600009ef6 xmm5=0x00002c7700002c770000641200006412 
  xmm6=0x0000efef0000efef00006e8000006e80 xmm7=0x0000738900007389000048d1000048d1 

0x31c2: cmovle esi, [r14 +rcx]
  rax=0x000000000001f55b rbx=0x00000000000000f3 rcx=0x0000000000000000 rdx=0x0000000000000000
  rsi=0x000000000000009b rdi=0x0000000000000171 flags=0b010001000110
  xmm0=0x0000ef6e0000ef6e0000c9c10000c9c1 xmm1=0x0000cf2a0000cf2a0000f2a70000f2a7 
  xmm2=0x00004903000049030000512700005127 xmm3=0x0000be850000be8500001bf100001bf1 
  xmm4=0x000041110000411100009ef600009ef6 xmm5=0x00002c7700002c770000641200006412 
  xmm6=0x0000efef0000efef00006e8000006e80 xmm7=0x0000738900007389000048d1000048d1 

    > load from +0x4000 value 0x1f558
0x31c7: add cl, al
  rax=0x000000000001f55b rbx=0x00000000000000f3 rcx=0x0000000000000000 rdx=0x0000000000000000
  rsi=0x000000000001f558 rdi=0x0000000000000171 flags=0b010001000110
  xmm0=0x0000ef6e0000ef6e0000c9c10000c9c1 xmm1=0x0000cf2a0000cf2a0000f2a70000f2a7 
  xmm2=0x00004903000049030000512700005127 xmm3=0x0000be850000be8500001bf100001bf1 
  xmm4=0x000041110000411100009ef600009ef6 xmm5=0x00002c7700002c770000641200006412 
  xmm6=0x0000efef0000efef00006e8000006e80 xmm7=0x0000738900007389000048d1000048d1 

0x31c9: cmovns rax, rdi
  rax=0x000000000001f55b rbx=0x00000000000000f3 rcx=0x000000000000005b rdx=0x0000000000000000
  rsi=0x000000000001f558 rdi=0x0000000000000171 flags=0b010000000010
  xmm0=0x0000ef6e0000ef6e0000c9c10000c9c1 xmm1=0x0000cf2a0000cf2a0000f2a70000f2a7 
  xmm2=0x00004903000049030000512700005127 xmm3=0x0000be850000be8500001bf100001bf1 
  xmm4=0x000041110000411100009ef600009ef6 xmm5=0x00002c7700002c770000641200006412 
  xmm6=0x0000efef0000efef00006e8000006e80 xmm7=0x0000738900007389000048d1000048d1 

0x31cd: macro .switch, .main.function_main_1
  rax=0x0000000000000171 rbx=0x00000000000000f3 rcx=0x000000000000005b rdx=0x0000000000000000
  rsi=0x000000000001f558 rdi=0x0000000000000171 flags=0b010000000010
  xmm0=0x0000ef6e0000ef6e0000c9c10000c9c1 xmm1=0x0000cf2a0000cf2a0000f2a70000f2a7 
  xmm2=0x00004903000049030000512700005127 xmm3=0x0000be850000be8500001bf100001bf1 
  xmm4=0x000041110000411100009ef600009ef6 xmm5=0x00002c7700002c770000641200006412 
  xmm6=0x0000efef0000efef00006e8000006e80 xmm7=0x0000738900007389000048d1000048d1 

0x8 : add dil, -79
  rax=0x0000000000000171 rbx=0x00000000000000f3 rcx=0x000000000000005b rdx=0x0000000000000000
  rsi=0x000000000001f558 rdi=0x0000000000000171 flags=0b010000000010
  xmm0=0x0000ef6e0000ef6e0000c9c10000c9c1 xmm1=0x0000cf2a0000cf2a0000f2a70000f2a7 
  xmm2=0x00004903000049030000512700005127 xmm3=0x0000be850000be8500001bf100001bf1 
  xmm4=0x000041110000411100009ef600009ef6 xmm5=0x00002c7700002c770000641200006412 
  xmm6=0x0000efef0000efef00006e8000006e80 xmm7=0x0000738900007389000048d1000048d1 

0xc : cmovs rax, rdi
  rax=0x0000000000000171 rbx=0x00000000000000f3 rcx=0x000000000000005b rdx=0x0000000000000000
  rsi=0x000000000001f558 rdi=0x0000000000000122 flags=0b010000000111
  xmm0=0x0000ef6e0000ef6e0000c9c10000c9c1 xmm1=0x0000cf2a0000cf2a0000f2a70000f2a7 
  xmm2=0x00004903000049030000512700005127 xmm3=0x0000be850000be8500001bf100001bf1 
  xmm4=0x000041110000411100009ef600009ef6 xmm5=0x00002c7700002c770000641200006412 
  xmm6=0x0000efef0000efef00006e8000006e80 xmm7=0x0000738900007389000048d1000048d1 

0x10: setno cl
  rax=0x0000000000000171 rbx=0x00000000000000f3 rcx=0x000000000000005b rdx=0x0000000000000000
  rsi=0x000000000001f558 rdi=0x0000000000000122 flags=0b010000000111
  xmm0=0x0000ef6e0000ef6e0000c9c10000c9c1 xmm1=0x0000cf2a0000cf2a0000f2a70000f2a7 
  xmm2=0x00004903000049030000512700005127 xmm3=0x0000be850000be8500001bf100001bf1 
  xmm4=0x000041110000411100009ef600009ef6 xmm5=0x00002c7700002c770000641200006412 
  xmm6=0x0000efef0000efef00006e8000006e80 xmm7=0x0000738900007389000048d1000048d1 

0x13: and rdx, 0b1111111111111
  rax=0x0000000000000171 rbx=0x00000000000000f3 rcx=0x0000000000000001 rdx=0x0000000000000000
  rsi=0x000000000001f558 rdi=0x0000000000000122 flags=0b010000000111
  xmm0=0x0000ef6e0000ef6e0000c9c10000c9c1 xmm1=0x0000cf2a0000cf2a0000f2a70000f2a7 
  xmm2=0x00004903000049030000512700005127 xmm3=0x0000be850000be8500001bf100001bf1 
  xmm4=0x000041110000411100009ef600009ef6 xmm5=0x00002c7700002c770000641200006412 
  xmm6=0x0000efef0000efef00006e8000006e80 xmm7=0x0000738900007389000048d1000048d1 

0x1a: cmp [r14 +rdx], edi
  rax=0x0000000000000171 rbx=0x00000000000000f3 rcx=0x0000000000000001 rdx=0x0000000000000000
  rsi=0x000000000001f558 rdi=0x0000000000000122 flags=0b010001000110
  xmm0=0x0000ef6e0000ef6e0000c9c10000c9c1 xmm1=0x0000cf2a0000cf2a0000f2a70000f2a7 
  xmm2=0x00004903000049030000512700005127 xmm3=0x0000be850000be8500001bf100001bf1 
  xmm4=0x000041110000411100009ef600009ef6 xmm5=0x00002c7700002c770000641200006412 
  xmm6=0x0000efef0000efef00006e8000006e80 xmm7=0x0000738900007389000048d1000048d1 

    > load from +0x0 value 0xb1a9
0x1e: and rax, 0b1111111111111
  rax=0x0000000000000171 rbx=0x00000000000000f3 rcx=0x0000000000000001 rdx=0x0000000000000000
  rsi=0x000000000001f558 rdi=0x0000000000000122 flags=0b010000000110
  xmm0=0x0000ef6e0000ef6e0000c9c10000c9c1 xmm1=0x0000cf2a0000cf2a0000f2a70000f2a7 
  xmm2=0x00004903000049030000512700005127 xmm3=0x0000be850000be8500001bf100001bf1 
  xmm4=0x000041110000411100009ef600009ef6 xmm5=0x00002c7700002c770000641200006412 
  xmm6=0x0000efef0000efef00006e8000006e80 xmm7=0x0000738900007389000048d1000048d1 

0x24: cmovs rdi, [r14 +rax]
  rax=0x0000000000000171 rbx=0x00000000000000f3 rcx=0x0000000000000001 rdx=0x0000000000000000
  rsi=0x000000000001f558 rdi=0x0000000000000122 flags=0b010000000110
  xmm0=0x0000ef6e0000ef6e0000c9c10000c9c1 xmm1=0x0000cf2a0000cf2a0000f2a70000f2a7 
  xmm2=0x00004903000049030000512700005127 xmm3=0x0000be850000be8500001bf100001bf1 
  xmm4=0x000041110000411100009ef600009ef6 xmm5=0x00002c7700002c770000641200006412 
  xmm6=0x0000efef0000efef00006e8000006e80 xmm7=0x0000738900007389000048d1000048d1 

    > load from +0x171 value 0x5000082b5000082
0x29: and rsi, 0b1111111111111
  rax=0x0000000000000171 rbx=0x00000000000000f3 rcx=0x0000000000000001 rdx=0x0000000000000000
  rsi=0x000000000001f558 rdi=0x0000000000000122 flags=0b010000000110
  xmm0=0x0000ef6e0000ef6e0000c9c10000c9c1 xmm1=0x0000cf2a0000cf2a0000f2a70000f2a7 
  xmm2=0x00004903000049030000512700005127 xmm3=0x0000be850000be8500001bf100001bf1 
  xmm4=0x000041110000411100009ef600009ef6 xmm5=0x00002c7700002c770000641200006412 
  xmm6=0x0000efef0000efef00006e8000006e80 xmm7=0x0000738900007389000048d1000048d1 

0x30: cmovnl rsi, [r14 +rsi]
  rax=0x0000000000000171 rbx=0x00000000000000f3 rcx=0x0000000000000001 rdx=0x0000000000000000
  rsi=0x0000000000001558 rdi=0x0000000000000122 flags=0b010000000010
  xmm0=0x0000ef6e0000ef6e0000c9c10000c9c1 xmm1=0x0000cf2a0000cf2a0000f2a70000f2a7 
  xmm2=0x00004903000049030000512700005127 xmm3=0x0000be850000be8500001bf100001bf1 
  xmm4=0x000041110000411100009ef600009ef6 xmm5=0x00002c7700002c770000641200006412 
  xmm6=0x0000efef0000efef00006e8000006e80 xmm7=0x0000738900007389000048d1000048d1 

    > load from +0x1558 value 0x72b4000072b4
0x35: and rsi, 0b1111111111111
  rax=0x0000000000000171 rbx=0x00000000000000f3 rcx=0x0000000000000001 rdx=0x0000000000000000
  rsi=0x000072b4000072b4 rdi=0x0000000000000122 flags=0b010000000010
  xmm0=0x0000ef6e0000ef6e0000c9c10000c9c1 xmm1=0x0000cf2a0000cf2a0000f2a70000f2a7 
  xmm2=0x00004903000049030000512700005127 xmm3=0x0000be850000be8500001bf100001bf1 
  xmm4=0x000041110000411100009ef600009ef6 xmm5=0x00002c7700002c770000641200006412 
  xmm6=0x0000efef0000efef00006e8000006e80 xmm7=0x0000738900007389000048d1000048d1 

0x3c: mov eax, [r14 +rsi]
  rax=0x0000000000000171 rbx=0x00000000000000f3 rcx=0x0000000000000001 rdx=0x0000000000000000
  rsi=0x00000000000012b4 rdi=0x0000000000000122 flags=0b010000000110
  xmm0=0x0000ef6e0000ef6e0000c9c10000c9c1 xmm1=0x0000cf2a0000cf2a0000f2a70000f2a7 
  xmm2=0x00004903000049030000512700005127 xmm3=0x0000be850000be8500001bf100001bf1 
  xmm4=0x000041110000411100009ef600009ef6 xmm5=0x00002c7700002c770000641200006412 
  xmm6=0x0000efef0000efef00006e8000006e80 xmm7=0x0000738900007389000048d1000048d1 

    > load from +0x12b4 value 0xffa1
0x40: xor ax, bx
  rax=0x000000000000ffa1 rbx=0x00000000000000f3 rcx=0x0000000000000001 rdx=0x0000000000000000
  rsi=0x00000000000012b4 rdi=0x0000000000000122 flags=0b010000000110
  xmm0=0x0000ef6e0000ef6e0000c9c10000c9c1 xmm1=0x0000cf2a0000cf2a0000f2a70000f2a7 
  xmm2=0x00004903000049030000512700005127 xmm3=0x0000be850000be8500001bf100001bf1 
  xmm4=0x000041110000411100009ef600009ef6 xmm5=0x00002c7700002c770000641200006412 
  xmm6=0x0000efef0000efef00006e8000006e80 xmm7=0x0000738900007389000048d1000048d1 

0x43: btc rsi, rbx
  rax=0x000000000000ff52 rbx=0x00000000000000f3 rcx=0x0000000000000001 rdx=0x0000000000000000
  rsi=0x00000000000012b4 rdi=0x0000000000000122 flags=0b010010000010
  xmm0=0x0000ef6e0000ef6e0000c9c10000c9c1 xmm1=0x0000cf2a0000cf2a0000f2a70000f2a7 
  xmm2=0x00004903000049030000512700005127 xmm3=0x0000be850000be8500001bf100001bf1 
  xmm4=0x000041110000411100009ef600009ef6 xmm5=0x00002c7700002c770000641200006412 
  xmm6=0x0000efef0000efef00006e8000006e80 xmm7=0x0000738900007389000048d1000048d1 

0x47: add sil, -105
  rax=0x000000000000ff52 rbx=0x00000000000000f3 rcx=0x0000000000000001 rdx=0x0000000000000000
  rsi=0x00080000000012b4 rdi=0x0000000000000122 flags=0b110010000010
  xmm0=0x0000ef6e0000ef6e0000c9c10000c9c1 xmm1=0x0000cf2a0000cf2a0000f2a70000f2a7 
  xmm2=0x00004903000049030000512700005127 xmm3=0x0000be850000be8500001bf100001bf1 
  xmm4=0x000041110000411100009ef600009ef6 xmm5=0x00002c7700002c770000641200006412 
  xmm6=0x0000efef0000efef00006e8000006e80 xmm7=0x0000738900007389000048d1000048d1 

0x4b: cmovnp ax, ax
  rax=0x000000000000ff52 rbx=0x00000000000000f3 rcx=0x0000000000000001 rdx=0x0000000000000000
  rsi=0x000800000000124b rdi=0x0000000000000122 flags=0b110000000111
  xmm0=0x0000ef6e0000ef6e0000c9c10000c9c1 xmm1=0x0000cf2a0000cf2a0000f2a70000f2a7 
  xmm2=0x00004903000049030000512700005127 xmm3=0x0000be850000be8500001bf100001bf1 
  xmm4=0x000041110000411100009ef600009ef6 xmm5=0x00002c7700002c770000641200006412 
  xmm6=0x0000efef0000efef00006e8000006e80 xmm7=0x0000738900007389000048d1000048d1 

0x4f: cdqe 
  rax=0x000000000000ff52 rbx=0x00000000000000f3 rcx=0x0000000000000001 rdx=0x0000000000000000
  rsi=0x000800000000124b rdi=0x0000000000000122 flags=0b110000000111
  xmm0=0x0000ef6e0000ef6e0000c9c10000c9c1 xmm1=0x0000cf2a0000cf2a0000f2a70000f2a7 
  xmm2=0x00004903000049030000512700005127 xmm3=0x0000be850000be8500001bf100001bf1 
  xmm4=0x000041110000411100009ef600009ef6 xmm5=0x00002c7700002c770000641200006412 
  xmm6=0x0000efef0000efef00006e8000006e80 xmm7=0x0000738900007389000048d1000048d1 

0x51: adc cx, -119
  rax=0x000000000000ff52 rbx=0x00000000000000f3 rcx=0x0000000000000001 rdx=0x0000000000000000
  rsi=0x000800000000124b rdi=0x0000000000000122 flags=0b110000000111
  xmm0=0x0000ef6e0000ef6e0000c9c10000c9c1 xmm1=0x0000cf2a0000cf2a0000f2a70000f2a7 
  xmm2=0x00004903000049030000512700005127 xmm3=0x0000be850000be8500001bf100001bf1 
  xmm4=0x000041110000411100009ef600009ef6 xmm5=0x00002c7700002c770000641200006412 
  xmm6=0x0000efef0000efef00006e8000006e80 xmm7=0x0000738900007389000048d1000048d1 

0x55: bt rcx, rcx
  rax=0x000000000000ff52 rbx=0x00000000000000f3 rcx=0x000000000000ff8b rdx=0x0000000000000000
  rsi=0x000800000000124b rdi=0x0000000000000122 flags=0b010010000110
  xmm0=0x0000ef6e0000ef6e0000c9c10000c9c1 xmm1=0x0000cf2a0000cf2a0000f2a70000f2a7 
  xmm2=0x00004903000049030000512700005127 xmm3=0x0000be850000be8500001bf100001bf1 
  xmm4=0x000041110000411100009ef600009ef6 xmm5=0x00002c7700002c770000641200006412 
  xmm6=0x0000efef0000efef00006e8000006e80 xmm7=0x0000738900007389000048d1000048d1 

0x59: and rbx, 0b1111111111111
  rax=0x000000000000ff52 rbx=0x00000000000000f3 rcx=0x000000000000ff8b rdx=0x0000000000000000
  rsi=0x000800000000124b rdi=0x0000000000000122 flags=0b110010000111
  xmm0=0x0000ef6e0000ef6e0000c9c10000c9c1 xmm1=0x0000cf2a0000cf2a0000f2a70000f2a7 
  xmm2=0x00004903000049030000512700005127 xmm3=0x0000be850000be8500001bf100001bf1 
  xmm4=0x000041110000411100009ef600009ef6 xmm5=0x00002c7700002c770000641200006412 
  xmm6=0x0000efef0000efef00006e8000006e80 xmm7=0x0000738900007389000048d1000048d1 

0x60: imul edx, [r14 +rbx]
  rax=0x000000000000ff52 rbx=0x00000000000000f3 rcx=0x000000000000ff8b rdx=0x0000000000000000
  rsi=0x000800000000124b rdi=0x0000000000000122 flags=0b010000000110
  xmm0=0x0000ef6e0000ef6e0000c9c10000c9c1 xmm1=0x0000cf2a0000cf2a0000f2a70000f2a7 
  xmm2=0x00004903000049030000512700005127 xmm3=0x0000be850000be8500001bf100001bf1 
  xmm4=0x000041110000411100009ef600009ef6 xmm5=0x00002c7700002c770000641200006412 
  xmm6=0x0000efef0000efef00006e8000006e80 xmm7=0x0000738900007389000048d1000048d1 

    > load from +0xf3 value 0x3b0700
0x65: and rax, 0b1111111111111
  rax=0x000000000000ff52 rbx=0x00000000000000f3 rcx=0x000000000000ff8b rdx=0x0000000000000000
  rsi=0x000800000000124b rdi=0x0000000000000122 flags=0b010001000110
  xmm0=0x0000ef6e0000ef6e0000c9c10000c9c1 xmm1=0x0000cf2a0000cf2a0000f2a70000f2a7 
  xmm2=0x00004903000049030000512700005127 xmm3=0x0000be850000be8500001bf100001bf1 
  xmm4=0x000041110000411100009ef600009ef6 xmm5=0x00002c7700002c770000641200006412 
  xmm6=0x0000efef0000efef00006e8000006e80 xmm7=0x0000738900007389000048d1000048d1 

0x6b: cmp bx, [r14 +rax]
  rax=0x0000000000001f52 rbx=0x00000000000000f3 rcx=0x000000000000ff8b rdx=0x0000000000000000
  rsi=0x000800000000124b rdi=0x0000000000000122 flags=0b010000000010
  xmm0=0x0000ef6e0000ef6e0000c9c10000c9c1 xmm1=0x0000cf2a0000cf2a0000f2a70000f2a7 
  xmm2=0x00004903000049030000512700005127 xmm3=0x0000be850000be8500001bf100001bf1 
  xmm4=0x000041110000411100009ef600009ef6 xmm5=0x00002c7700002c770000641200006412 
  xmm6=0x0000efef0000efef00006e8000006e80 xmm7=0x0000738900007389000048d1000048d1 

    > load from +0x1f52 value 0x0
0x70: cqo 
  rax=0x0000000000001f52 rbx=0x00000000000000f3 rcx=0x000000000000ff8b rdx=0x0000000000000000
  rsi=0x000800000000124b rdi=0x0000000000000122 flags=0b010000000110
  xmm0=0x0000ef6e0000ef6e0000c9c10000c9c1 xmm1=0x0000cf2a0000cf2a0000f2a70000f2a7 
  xmm2=0x00004903000049030000512700005127 xmm3=0x0000be850000be8500001bf100001bf1 
  xmm4=0x000041110000411100009ef600009ef6 xmm5=0x00002c7700002c770000641200006412 
  xmm6=0x0000efef0000efef00006e8000006e80 xmm7=0x0000738900007389000048d1000048d1 

0x72: and rsi, 0b1111111111111
  rax=0x0000000000001f52 rbx=0x00000000000000f3 rcx=0x000000000000ff8b rdx=0x0000000000000000
  rsi=0x000800000000124b rdi=0x0000000000000122 flags=0b010000000110
  xmm0=0x0000ef6e0000ef6e0000c9c10000c9c1 xmm1=0x0000cf2a0000cf2a0000f2a70000f2a7 
  xmm2=0x00004903000049030000512700005127 xmm3=0x0000be850000be8500001bf100001bf1 
  xmm4=0x000041110000411100009ef600009ef6 xmm5=0x00002c7700002c770000641200006412 
  xmm6=0x0000efef0000efef00006e8000006e80 xmm7=0x0000738900007389000048d1000048d1 

0x79: or cl, [r14 +rsi]
  rax=0x0000000000001f52 rbx=0x00000000000000f3 rcx=0x000000000000ff8b rdx=0x0000000000000000
  rsi=0x000000000000124b rdi=0x0000000000000122 flags=0b010000000110
  xmm0=0x0000ef6e0000ef6e0000c9c10000c9c1 xmm1=0x0000cf2a0000cf2a0000f2a70000f2a7 
  xmm2=0x00004903000049030000512700005127 xmm3=0x0000be850000be8500001bf100001bf1 
  xmm4=0x000041110000411100009ef600009ef6 xmm5=0x00002c7700002c770000641200006412 
  xmm6=0x0000efef0000efef00006e8000006e80 xmm7=0x0000738900007389000048d1000048d1 

    > load from +0x124b value 0x0
0x7d: and rcx, 0b1111111111111
  rax=0x0000000000001f52 rbx=0x00000000000000f3 rcx=0x000000000000ff8b rdx=0x0000000000000000
  rsi=0x000000000000124b rdi=0x0000000000000122 flags=0b010010000110
  xmm0=0x0000ef6e0000ef6e0000c9c10000c9c1 xmm1=0x0000cf2a0000cf2a0000f2a70000f2a7 
  xmm2=0x00004903000049030000512700005127 xmm3=0x0000be850000be8500001bf100001bf1 
  xmm4=0x000041110000411100009ef600009ef6 xmm5=0x00002c7700002c770000641200006412 
  xmm6=0x0000efef0000efef00006e8000006e80 xmm7=0x0000738900007389000048d1000048d1 

0x84: add sil, 94
  rax=0x0000000000001f52 rbx=0x00000000000000f3 rcx=0x0000000000001f8b rdx=0x0000000000000000
  rsi=0x000000000000124b rdi=0x0000000000000122 flags=0b010000000110
  xmm0=0x0000ef6e0000ef6e0000c9c10000c9c1 xmm1=0x0000cf2a0000cf2a0000f2a70000f2a7 
  xmm2=0x00004903000049030000512700005127 xmm3=0x0000be850000be8500001bf100001bf1 
  xmm4=0x000041110000411100009ef600009ef6 xmm5=0x00002c7700002c770000641200006412 
  xmm6=0x0000efef0000efef00006e8000006e80 xmm7=0x0000738900007389000048d1000048d1 

0x88: setnle bl
  rax=0x0000000000001f52 rbx=0x00000000000000f3 rcx=0x0000000000001f8b rdx=0x0000000000000000
  rsi=0x00000000000012a9 rdi=0x0000000000000122 flags=0b110010010110
  xmm0=0x0000ef6e0000ef6e0000c9c10000c9c1 xmm1=0x0000cf2a0000cf2a0000f2a70000f2a7 
  xmm2=0x00004903000049030000512700005127 xmm3=0x0000be850000be8500001bf100001bf1 
  xmm4=0x000041110000411100009ef600009ef6 xmm5=0x00002c7700002c770000641200006412 
  xmm6=0x0000efef0000efef00006e8000006e80 xmm7=0x0000738900007389000048d1000048d1 

0x8b: and al, 65
  rax=0x0000000000001f52 rbx=0x0000000000000001 rcx=0x0000000000001f8b rdx=0x0000000000000000
  rsi=0x00000000000012a9 rdi=0x0000000000000122 flags=0b110010010110
  xmm0=0x0000ef6e0000ef6e0000c9c10000c9c1 xmm1=0x0000cf2a0000cf2a0000f2a70000f2a7 
  xmm2=0x00004903000049030000512700005127 xmm3=0x0000be850000be8500001bf100001bf1 
  xmm4=0x000041110000411100009ef600009ef6 xmm5=0x00002c7700002c770000641200006412 
  xmm6=0x0000efef0000efef00006e8000006e80 xmm7=0x0000738900007389000048d1000048d1 

0x8d: and rdx, 0b1111111111111
  rax=0x0000000000001f40 rbx=0x0000000000000001 rcx=0x0000000000001f8b rdx=0x0000000000000000
  rsi=0x00000000000012a9 rdi=0x0000000000000122 flags=0b010000000010
  xmm0=0x0000ef6e0000ef6e0000c9c10000c9c1 xmm1=0x0000cf2a0000cf2a0000f2a70000f2a7 
  xmm2=0x00004903000049030000512700005127 xmm3=0x0000be850000be8500001bf100001bf1 
  xmm4=0x000041110000411100009ef600009ef6 xmm5=0x00002c7700002c770000641200006412 
  xmm6=0x0000efef0000efef00006e8000006e80 xmm7=0x0000738900007389000048d1000048d1 

0x94: cmovs eax, [r14 +rdx]
  rax=0x0000000000001f40 rbx=0x0000000000000001 rcx=0x0000000000001f8b rdx=0x0000000000000000
  rsi=0x00000000000012a9 rdi=0x0000000000000122 flags=0b010001000110
  xmm0=0x0000ef6e0000ef6e0000c9c10000c9c1 xmm1=0x0000cf2a0000cf2a0000f2a70000f2a7 
  xmm2=0x00004903000049030000512700005127 xmm3=0x0000be850000be8500001bf100001bf1 
  xmm4=0x000041110000411100009ef600009ef6 xmm5=0x00002c7700002c770000641200006412 
  xmm6=0x0000efef0000efef00006e8000006e80 xmm7=0x0000738900007389000048d1000048d1 

    > load from +0x0 value 0xb1a9
0x99: cwd 
  rax=0x0000000000001f40 rbx=0x0000000000000001 rcx=0x0000000000001f8b rdx=0x0000000000000000
  rsi=0x00000000000012a9 rdi=0x0000000000000122 flags=0b010001000110
  xmm0=0x0000ef6e0000ef6e0000c9c10000c9c1 xmm1=0x0000cf2a0000cf2a0000f2a70000f2a7 
  xmm2=0x00004903000049030000512700005127 xmm3=0x0000be850000be8500001bf100001bf1 
  xmm4=0x000041110000411100009ef600009ef6 xmm5=0x00002c7700002c770000641200006412 
  xmm6=0x0000efef0000efef00006e8000006e80 xmm7=0x0000738900007389000048d1000048d1 

0x9b: or dl, cl
  rax=0x0000000000001f40 rbx=0x0000000000000001 rcx=0x0000000000001f8b rdx=0x0000000000000000
  rsi=0x00000000000012a9 rdi=0x0000000000000122 flags=0b010001000110
  xmm0=0x0000ef6e0000ef6e0000c9c10000c9c1 xmm1=0x0000cf2a0000cf2a0000f2a70000f2a7 
  xmm2=0x00004903000049030000512700005127 xmm3=0x0000be850000be8500001bf100001bf1 
  xmm4=0x000041110000411100009ef600009ef6 xmm5=0x00002c7700002c770000641200006412 
  xmm6=0x0000efef0000efef00006e8000006e80 xmm7=0x0000738900007389000048d1000048d1 

0x9d: add bx, di
  rax=0x0000000000001f40 rbx=0x0000000000000001 rcx=0x0000000000001f8b rdx=0x000000000000008b
  rsi=0x00000000000012a9 rdi=0x0000000000000122 flags=0b010010000110
  xmm0=0x0000ef6e0000ef6e0000c9c10000c9c1 xmm1=0x0000cf2a0000cf2a0000f2a70000f2a7 
  xmm2=0x00004903000049030000512700005127 xmm3=0x0000be850000be8500001bf100001bf1 
  xmm4=0x000041110000411100009ef600009ef6 xmm5=0x00002c7700002c770000641200006412 
  xmm6=0x0000efef0000efef00006e8000006e80 xmm7=0x0000738900007389000048d1000048d1 

0xa0: sbb dil, sil
  rax=0x0000000000001f40 rbx=0x0000000000000123 rcx=0x0000000000001f8b rdx=0x000000000000008b
  rsi=0x00000000000012a9 rdi=0x0000000000000122 flags=0b010000000010
  xmm0=0x0000ef6e0000ef6e0000c9c10000c9c1 xmm1=0x0000cf2a0000cf2a0000f2a70000f2a7 
  xmm2=0x00004903000049030000512700005127 xmm3=0x0000be850000be8500001bf100001bf1 
  xmm4=0x000041110000411100009ef600009ef6 xmm5=0x00002c7700002c770000641200006412 
  xmm6=0x0000efef0000efef00006e8000006e80 xmm7=0x0000738900007389000048d1000048d1 

0xa3: and rbx, 0b1111111111111
  rax=0x0000000000001f40 rbx=0x0000000000000123 rcx=0x0000000000001f8b rdx=0x000000000000008b
  rsi=0x00000000000012a9 rdi=0x0000000000000179 flags=0b010000010011
  xmm0=0x0000ef6e0000ef6e0000c9c10000c9c1 xmm1=0x0000cf2a0000cf2a0000f2a70000f2a7 
  xmm2=0x00004903000049030000512700005127 xmm3=0x0000be850000be8500001bf100001bf1 
  xmm4=0x000041110000411100009ef600009ef6 xmm5=0x00002c7700002c770000641200006412 
  xmm6=0x0000efef0000efef00006e8000006e80 xmm7=0x0000738900007389000048d1000048d1 

0xaa: cmovnb bx, [r14 +rbx]
  rax=0x0000000000001f40 rbx=0x0000000000000123 rcx=0x0000000000001f8b rdx=0x000000000000008b
  rsi=0x00000000000012a9 rdi=0x0000000000000179 flags=0b010000000010
  xmm0=0x0000ef6e0000ef6e0000c9c10000c9c1 xmm1=0x0000cf2a0000cf2a0000f2a70000f2a7 
  xmm2=0x00004903000049030000512700005127 xmm3=0x0000be850000be8500001bf100001bf1 
  xmm4=0x000041110000411100009ef600009ef6 xmm5=0x00002c7700002c770000641200006412 
  xmm6=0x0000efef0000efef00006e8000006e80 xmm7=0x0000738900007389000048d1000048d1 

    > load from +0x123 value 0xd000
0xb0: and rsi, 0b1111111111111
  rax=0x0000000000001f40 rbx=0x000000000000d000 rcx=0x0000000000001f8b rdx=0x000000000000008b
  rsi=0x00000000000012a9 rdi=0x0000000000000179 flags=0b010000000010
  xmm0=0x0000ef6e0000ef6e0000c9c10000c9c1 xmm1=0x0000cf2a0000cf2a0000f2a70000f2a7 
  xmm2=0x00004903000049030000512700005127 xmm3=0x0000be850000be8500001bf100001bf1 
  xmm4=0x000041110000411100009ef600009ef6 xmm5=0x00002c7700002c770000641200006412 
  xmm6=0x0000efef0000efef00006e8000006e80 xmm7=0x0000738900007389000048d1000048d1 

0xb7: cmp [r14 +rsi], -40
  rax=0x0000000000001f40 rbx=0x000000000000d000 rcx=0x0000000000001f8b rdx=0x000000000000008b
  rsi=0x00000000000012a9 rdi=0x0000000000000179 flags=0b010000000110
  xmm0=0x0000ef6e0000ef6e0000c9c10000c9c1 xmm1=0x0000cf2a0000cf2a0000f2a70000f2a7 
  xmm2=0x00004903000049030000512700005127 xmm3=0x0000be850000be8500001bf100001bf1 
  xmm4=0x000041110000411100009ef600009ef6 xmm5=0x00002c7700002c770000641200006412 
  xmm6=0x0000efef0000efef00006e8000006e80 xmm7=0x0000738900007389000048d1000048d1 

    > load from +0x12a9 value 0x92
0xbd: setnb cl
  rax=0x0000000000001f40 rbx=0x000000000000d000 rcx=0x0000000000001f8b rdx=0x000000000000008b
  rsi=0x00000000000012a9 rdi=0x0000000000000179 flags=0b010000010011
  xmm0=0x0000ef6e0000ef6e0000c9c10000c9c1 xmm1=0x0000cf2a0000cf2a0000f2a70000f2a7 
  xmm2=0x00004903000049030000512700005127 xmm3=0x0000be850000be8500001bf100001bf1 
  xmm4=0x000041110000411100009ef600009ef6 xmm5=0x00002c7700002c770000641200006412 
  xmm6=0x0000efef0000efef00006e8000006e80 xmm7=0x0000738900007389000048d1000048d1 

0xc0: setns cl
  rax=0x0000000000001f40 rbx=0x000000000000d000 rcx=0x0000000000001f00 rdx=0x000000000000008b
  rsi=0x00000000000012a9 rdi=0x0000000000000179 flags=0b010000010011
  xmm0=0x0000ef6e0000ef6e0000c9c10000c9c1 xmm1=0x0000cf2a0000cf2a0000f2a70000f2a7 
  xmm2=0x00004903000049030000512700005127 xmm3=0x0000be850000be8500001bf100001bf1 
  xmm4=0x000041110000411100009ef600009ef6 xmm5=0x00002c7700002c770000641200006412 
  xmm6=0x0000efef0000efef00006e8000006e80 xmm7=0x0000738900007389000048d1000048d1 

0xc3: and rbx, 0b1111111111111
  rax=0x0000000000001f40 rbx=0x000000000000d000 rcx=0x0000000000001f01 rdx=0x000000000000008b
  rsi=0x00000000000012a9 rdi=0x0000000000000179 flags=0b010000010011
  xmm0=0x0000ef6e0000ef6e0000c9c10000c9c1 xmm1=0x0000cf2a0000cf2a0000f2a70000f2a7 
  xmm2=0x00004903000049030000512700005127 xmm3=0x0000be850000be8500001bf100001bf1 
  xmm4=0x000041110000411100009ef600009ef6 xmm5=0x00002c7700002c770000641200006412 
  xmm6=0x0000efef0000efef00006e8000006e80 xmm7=0x0000738900007389000048d1000048d1 

0xca: imul esi, [r14 +rbx], 33
  rax=0x0000000000001f40 rbx=0x0000000000001000 rcx=0x0000000000001f01 rdx=0x000000000000008b
  rsi=0x00000000000012a9 rdi=0x0000000000000179 flags=0b010000000110
  xmm0=0x0000ef6e0000ef6e0000c9c10000c9c1 xmm1=0x0000cf2a0000cf2a0000f2a70000f2a7 
  xmm2=0x00004903000049030000512700005127 xmm3=0x0000be850000be8500001bf100001bf1 
  xmm4=0x000041110000411100009ef600009ef6 xmm5=0x00002c7700002c770000641200006412 
  xmm6=0x0000efef0000efef00006e8000006e80 xmm7=0x0000738900007389000048d1000048d1 

    > load from +0x1000 value 0x634
0xcf: and rdi, 0b1111111111111
  rax=0x0000000000001f40 rbx=0x0000000000001000 rcx=0x0000000000001f01 rdx=0x000000000000008b
  rsi=0x000000000000ccb4 rdi=0x0000000000000179 flags=0b010000000110
  xmm0=0x0000ef6e0000ef6e0000c9c10000c9c1 xmm1=0x0000cf2a0000cf2a0000f2a70000f2a7 
  xmm2=0x00004903000049030000512700005127 xmm3=0x0000be850000be8500001bf100001bf1 
  xmm4=0x000041110000411100009ef600009ef6 xmm5=0x00002c7700002c770000641200006412 
  xmm6=0x0000efef0000efef00006e8000006e80 xmm7=0x0000738900007389000048d1000048d1 

0xd6: movsx rax, [r14 +rdi]
  rax=0x0000000000001f40 rbx=0x0000000000001000 rcx=0x0000000000001f01 rdx=0x000000000000008b
  rsi=0x000000000000ccb4 rdi=0x0000000000000179 flags=0b010000000010
  xmm0=0x0000ef6e0000ef6e0000c9c10000c9c1 xmm1=0x0000cf2a0000cf2a0000f2a70000f2a7 
  xmm2=0x00004903000049030000512700005127 xmm3=0x0000be850000be8500001bf100001bf1 
  xmm4=0x000041110000411100009ef600009ef6 xmm5=0x00002c7700002c770000641200006412 
  xmm6=0x0000efef0000efef00006e8000006e80 xmm7=0x0000738900007389000048d1000048d1 

    > load from +0x179 value 0x7
0xdb: seto dl
  rax=0x0000000000000007 rbx=0x0000000000001000 rcx=0x0000000000001f01 rdx=0x000000000000008b
  rsi=0x000000000000ccb4 rdi=0x0000000000000179 flags=0b010000000010
  xmm0=0x0000ef6e0000ef6e0000c9c10000c9c1 xmm1=0x0000cf2a0000cf2a0000f2a70000f2a7 
  xmm2=0x00004903000049030000512700005127 xmm3=0x0000be850000be8500001bf100001bf1 
  xmm4=0x000041110000411100009ef600009ef6 xmm5=0x00002c7700002c770000641200006412 
  xmm6=0x0000efef0000efef00006e8000006e80 xmm7=0x0000738900007389000048d1000048d1 

0xde: and rbx, 0b1111111111111
  rax=0x0000000000000007 rbx=0x0000000000001000 rcx=0x0000000000001f01 rdx=0x0000000000000000
  rsi=0x000000000000ccb4 rdi=0x0000000000000179 flags=0b010000000010
  xmm0=0x0000ef6e0000ef6e0000c9c10000c9c1 xmm1=0x0000cf2a0000cf2a0000f2a70000f2a7 
  xmm2=0x00004903000049030000512700005127 xmm3=0x0000be850000be8500001bf100001bf1 
  xmm4=0x000041110000411100009ef600009ef6 xmm5=0x00002c7700002c770000641200006412 
  xmm6=0x0000efef0000efef00006e8000006e80 xmm7=0x0000738900007389000048d1000048d1 

0xe5: cmovnb ax, [r14 +rbx]
  rax=0x0000000000000007 rbx=0x0000000000001000 rcx=0x0000000000001f01 rdx=0x0000000000000000
  rsi=0x000000000000ccb4 rdi=0x0000000000000179 flags=0b010000000110
  xmm0=0x0000ef6e0000ef6e0000c9c10000c9c1 xmm1=0x0000cf2a0000cf2a0000f2a70000f2a7 
  xmm2=0x00004903000049030000512700005127 xmm3=0x0000be850000be8500001bf100001bf1 
  xmm4=0x000041110000411100009ef600009ef6 xmm5=0x00002c7700002c770000641200006412 
  xmm6=0x0000efef0000efef00006e8000006e80 xmm7=0x0000738900007389000048d1000048d1 

    > load from +0x1000 value 0x634
0xeb: and rbx, 0b1111111111111
  rax=0x0000000000000634 rbx=0x0000000000001000 rcx=0x0000000000001f01 rdx=0x0000000000000000
  rsi=0x000000000000ccb4 rdi=0x0000000000000179 flags=0b010000000110
  xmm0=0x0000ef6e0000ef6e0000c9c10000c9c1 xmm1=0x0000cf2a0000cf2a0000f2a70000f2a7 
  xmm2=0x00004903000049030000512700005127 xmm3=0x0000be850000be8500001bf100001bf1 
  xmm4=0x000041110000411100009ef600009ef6 xmm5=0x00002c7700002c770000641200006412 
  xmm6=0x0000efef0000efef00006e8000006e80 xmm7=0x0000738900007389000048d1000048d1 

0xf2: mov rax, [r14 +rbx]
  rax=0x0000000000000634 rbx=0x0000000000001000 rcx=0x0000000000001f01 rdx=0x0000000000000000
  rsi=0x000000000000ccb4 rdi=0x0000000000000179 flags=0b010000000110
  xmm0=0x0000ef6e0000ef6e0000c9c10000c9c1 xmm1=0x0000cf2a0000cf2a0000f2a70000f2a7 
  xmm2=0x00004903000049030000512700005127 xmm3=0x0000be850000be8500001bf100001bf1 
  xmm4=0x000041110000411100009ef600009ef6 xmm5=0x00002c7700002c770000641200006412 
  xmm6=0x0000efef0000efef00006e8000006e80 xmm7=0x0000738900007389000048d1000048d1 

    > load from +0x1000 value 0x63400000634
0xf6: and rcx, 0b1111111111111
  rax=0x0000063400000634 rbx=0x0000000000001000 rcx=0x0000000000001f01 rdx=0x0000000000000000
  rsi=0x000000000000ccb4 rdi=0x0000000000000179 flags=0b010000000110
  xmm0=0x0000ef6e0000ef6e0000c9c10000c9c1 xmm1=0x0000cf2a0000cf2a0000f2a70000f2a7 
  xmm2=0x00004903000049030000512700005127 xmm3=0x0000be850000be8500001bf100001bf1 
  xmm4=0x000041110000411100009ef600009ef6 xmm5=0x00002c7700002c770000641200006412 
  xmm6=0x0000efef0000efef00006e8000006e80 xmm7=0x0000738900007389000048d1000048d1 

0xfd: sub di, [r14 +rcx]
  rax=0x0000063400000634 rbx=0x0000000000001000 rcx=0x0000000000001f01 rdx=0x0000000000000000
  rsi=0x000000000000ccb4 rdi=0x0000000000000179 flags=0b010000000010
  xmm0=0x0000ef6e0000ef6e0000c9c10000c9c1 xmm1=0x0000cf2a0000cf2a0000f2a70000f2a7 
  xmm2=0x00004903000049030000512700005127 xmm3=0x0000be850000be8500001bf100001bf1 
  xmm4=0x000041110000411100009ef600009ef6 xmm5=0x00002c7700002c770000641200006412 
  xmm6=0x0000efef0000efef00006e8000006e80 xmm7=0x0000738900007389000048d1000048d1 

    > load from +0x1f01 value 0xec
0x102: and rdi, 0b1111111111111
  rax=0x0000063400000634 rbx=0x0000000000001000 rcx=0x0000000000001f01 rdx=0x0000000000000000
  rsi=0x000000000000ccb4 rdi=0x000000000000008d flags=0b010000010110
  xmm0=0x0000ef6e0000ef6e0000c9c10000c9c1 xmm1=0x0000cf2a0000cf2a0000f2a70000f2a7 
  xmm2=0x00004903000049030000512700005127 xmm3=0x0000be850000be8500001bf100001bf1 
  xmm4=0x000041110000411100009ef600009ef6 xmm5=0x00002c7700002c770000641200006412 
  xmm6=0x0000efef0000efef00006e8000006e80 xmm7=0x0000738900007389000048d1000048d1 

0x109: test [r14 +rdi], dl
  rax=0x0000063400000634 rbx=0x0000000000001000 rcx=0x0000000000001f01 rdx=0x0000000000000000
  rsi=0x000000000000ccb4 rdi=0x000000000000008d flags=0b010000000110
  xmm0=0x0000ef6e0000ef6e0000c9c10000c9c1 xmm1=0x0000cf2a0000cf2a0000f2a70000f2a7 
  xmm2=0x00004903000049030000512700005127 xmm3=0x0000be850000be8500001bf100001bf1 
  xmm4=0x000041110000411100009ef600009ef6 xmm5=0x00002c7700002c770000641200006412 
  xmm6=0x0000efef0000efef00006e8000006e80 xmm7=0x0000738900007389000048d1000048d1 

    > load from +0x8d value 0xb9
0x10d: setl cl
  rax=0x0000063400000634 rbx=0x0000000000001000 rcx=0x0000000000001f01 rdx=0x0000000000000000
  rsi=0x000000000000ccb4 rdi=0x000000000000008d flags=0b010001000110
  xmm0=0x0000ef6e0000ef6e0000c9c10000c9c1 xmm1=0x0000cf2a0000cf2a0000f2a70000f2a7 
  xmm2=0x00004903000049030000512700005127 xmm3=0x0000be850000be8500001bf100001bf1 
  xmm4=0x000041110000411100009ef600009ef6 xmm5=0x00002c7700002c770000641200006412 
  xmm6=0x0000efef0000efef00006e8000006e80 xmm7=0x0000738900007389000048d1000048d1 

0x110: and rdx, 0b1111111111111
  rax=0x0000063400000634 rbx=0x0000000000001000 rcx=0x0000000000001f00 rdx=0x0000000000000000
  rsi=0x000000000000ccb4 rdi=0x000000000000008d flags=0b010001000110
  xmm0=0x0000ef6e0000ef6e0000c9c10000c9c1 xmm1=0x0000cf2a0000cf2a0000f2a70000f2a7 
  xmm2=0x00004903000049030000512700005127 xmm3=0x0000be850000be8500001bf100001bf1 
  xmm4=0x000041110000411100009ef600009ef6 xmm5=0x00002c7700002c770000641200006412 
  xmm6=0x0000efef0000efef00006e8000006e80 xmm7=0x0000738900007389000048d1000048d1 

0x117: and eax, [r14 +rdx]
  rax=0x0000063400000634 rbx=0x0000000000001000 rcx=0x0000000000001f00 rdx=0x0000000000000000
  rsi=0x000000000000ccb4 rdi=0x000000000000008d flags=0b010001000110
  xmm0=0x0000ef6e0000ef6e0000c9c10000c9c1 xmm1=0x0000cf2a0000cf2a0000f2a70000f2a7 
  xmm2=0x00004903000049030000512700005127 xmm3=0x0000be850000be8500001bf100001bf1 
  xmm4=0x000041110000411100009ef600009ef6 xmm5=0x00002c7700002c770000641200006412 
  xmm6=0x0000efef0000efef00006e8000006e80 xmm7=0x0000738900007389000048d1000048d1 

    > load from +0x0 value 0xb1a9
0x11b: and rdx, 0b1111111111111
  rax=0x0000000000000020 rbx=0x0000000000001000 rcx=0x0000000000001f00 rdx=0x0000000000000000
  rsi=0x000000000000ccb4 rdi=0x000000000000008d flags=0b010000000010
  xmm0=0x0000ef6e0000ef6e0000c9c10000c9c1 xmm1=0x0000cf2a0000cf2a0000f2a70000f2a7 
  xmm2=0x00004903000049030000512700005127 xmm3=0x0000be850000be8500001bf100001bf1 
  xmm4=0x000041110000411100009ef600009ef6 xmm5=0x00002c7700002c770000641200006412 
  xmm6=0x0000efef0000efef00006e8000006e80 xmm7=0x0000738900007389000048d1000048d1 

0x122: and dl, [r14 +rdx]
  rax=0x0000000000000020 rbx=0x0000000000001000 rcx=0x0000000000001f00 rdx=0x0000000000000000
  rsi=0x000000000000ccb4 rdi=0x000000000000008d flags=0b010001000110
  xmm0=0x0000ef6e0000ef6e0000c9c10000c9c1 xmm1=0x0000cf2a0000cf2a0000f2a70000f2a7 
  xmm2=0x00004903000049030000512700005127 xmm3=0x0000be850000be8500001bf100001bf1 
  xmm4=0x000041110000411100009ef600009ef6 xmm5=0x00002c7700002c770000641200006412 
  xmm6=0x0000efef0000efef00006e8000006e80 xmm7=0x0000738900007389000048d1000048d1 

    > load from +0x0 value 0xa9
0x126: and rax, 0b1111111111111
  rax=0x0000000000000020 rbx=0x0000000000001000 rcx=0x0000000000001f00 rdx=0x0000000000000000
  rsi=0x000000000000ccb4 rdi=0x000000000000008d flags=0b010001000110
  xmm0=0x0000ef6e0000ef6e0000c9c10000c9c1 xmm1=0x0000cf2a0000cf2a0000f2a70000f2a7 
  xmm2=0x00004903000049030000512700005127 xmm3=0x0000be850000be8500001bf100001bf1 
  xmm4=0x000041110000411100009ef600009ef6 xmm5=0x00002c7700002c770000641200006412 
  xmm6=0x0000efef0000efef00006e8000006e80 xmm7=0x0000738900007389000048d1000048d1 

0x12c: and sil, [r14 +rax]
  rax=0x0000000000000020 rbx=0x0000000000001000 rcx=0x0000000000001f00 rdx=0x0000000000000000
  rsi=0x000000000000ccb4 rdi=0x000000000000008d flags=0b010000000010
  xmm0=0x0000ef6e0000ef6e0000c9c10000c9c1 xmm1=0x0000cf2a0000cf2a0000f2a70000f2a7 
  xmm2=0x00004903000049030000512700005127 xmm3=0x0000be850000be8500001bf100001bf1 
  xmm4=0x000041110000411100009ef600009ef6 xmm5=0x00002c7700002c770000641200006412 
  xmm6=0x0000efef0000efef00006e8000006e80 xmm7=0x0000738900007389000048d1000048d1 

    > load from +0x20 value 0x91
0x130: and rcx, 0b1111111111111
  rax=0x0000000000000020 rbx=0x0000000000001000 rcx=0x0000000000001f00 rdx=0x0000000000000000
  rsi=0x000000000000cc90 rdi=0x000000000000008d flags=0b010010000110
  xmm0=0x0000ef6e0000ef6e0000c9c10000c9c1 xmm1=0x0000cf2a0000cf2a0000f2a70000f2a7 
  xmm2=0x00004903000049030000512700005127 xmm3=0x0000be850000be8500001bf100001bf1 
  xmm4=0x000041110000411100009ef600009ef6 xmm5=0x00002c7700002c770000641200006412 
  xmm6=0x0000efef0000efef00006e8000006e80 xmm7=0x0000738900007389000048d1000048d1 

0x137: imul rdx, [r14 +rcx]
  rax=0x0000000000000020 rbx=0x0000000000001000 rcx=0x0000000000001f00 rdx=0x0000000000000000
  rsi=0x000000000000cc90 rdi=0x000000000000008d flags=0b010000000110
  xmm0=0x0000ef6e0000ef6e0000c9c10000c9c1 xmm1=0x0000cf2a0000cf2a0000f2a70000f2a7 
  xmm2=0x00004903000049030000512700005127 xmm3=0x0000be850000be8500001bf100001bf1 
  xmm4=0x000041110000411100009ef600009ef6 xmm5=0x00002c7700002c770000641200006412 
  xmm6=0x0000efef0000efef00006e8000006e80 xmm7=0x0000738900007389000048d1000048d1 

    > load from +0x1f00 value 0xeca20000eca2
0x13c: add dil, -80
  rax=0x0000000000000020 rbx=0x0000000000001000 rcx=0x0000000000001f00 rdx=0x0000000000000000
  rsi=0x000000000000cc90 rdi=0x000000000000008d flags=0b010001000110
  xmm0=0x0000ef6e0000ef6e0000c9c10000c9c1 xmm1=0x0000cf2a0000cf2a0000f2a70000f2a7 
  xmm2=0x00004903000049030000512700005127 xmm3=0x0000be850000be8500001bf100001bf1 
  xmm4=0x000041110000411100009ef600009ef6 xmm5=0x00002c7700002c770000641200006412 
  xmm6=0x0000efef0000efef00006e8000006e80 xmm7=0x0000738900007389000048d1000048d1 

0x140: and rsi, 0b1111111111111
  rax=0x0000000000000020 rbx=0x0000000000001000 rcx=0x0000000000001f00 rdx=0x0000000000000000
  rsi=0x000000000000cc90 rdi=0x000000000000003d flags=0b110000000011
  xmm0=0x0000ef6e0000ef6e0000c9c10000c9c1 xmm1=0x0000cf2a0000cf2a0000f2a70000f2a7 
  xmm2=0x00004903000049030000512700005127 xmm3=0x0000be850000be8500001bf100001bf1 
  xmm4=0x000041110000411100009ef600009ef6 xmm5=0x00002c7700002c770000641200006412 
  xmm6=0x0000efef0000efef00006e8000006e80 xmm7=0x0000738900007389000048d1000048d1 

0x147: movsx rcx, [r14 +rsi]
  rax=0x0000000000000020 rbx=0x0000000000001000 rcx=0x0000000000001f00 rdx=0x0000000000000000
  rsi=0x0000000000000c90 rdi=0x000000000000003d flags=0b010000000110
  xmm0=0x0000ef6e0000ef6e0000c9c10000c9c1 xmm1=0x0000cf2a0000cf2a0000f2a70000f2a7 
  xmm2=0x00004903000049030000512700005127 xmm3=0x0000be850000be8500001bf100001bf1 
  xmm4=0x000041110000411100009ef600009ef6 xmm5=0x00002c7700002c770000641200006412 
  xmm6=0x0000efef0000efef00006e8000006e80 xmm7=0x0000738900007389000048d1000048d1 

    > load from +0xc90 value 0x6de6
0x14c: cmovp bx, ax
  rax=0x0000000000000020 rbx=0x0000000000001000 rcx=0x0000000000006de6 rdx=0x0000000000000000
  rsi=0x0000000000000c90 rdi=0x000000000000003d flags=0b010000000110
  xmm0=0x0000ef6e0000ef6e0000c9c10000c9c1 xmm1=0x0000cf2a0000cf2a0000f2a70000f2a7 
  xmm2=0x00004903000049030000512700005127 xmm3=0x0000be850000be8500001bf100001bf1 
  xmm4=0x000041110000411100009ef600009ef6 xmm5=0x00002c7700002c770000641200006412 
  xmm6=0x0000efef0000efef00006e8000006e80 xmm7=0x0000738900007389000048d1000048d1 

0x150: and rsi, 0b1111111111111
  rax=0x0000000000000020 rbx=0x0000000000000020 rcx=0x0000000000006de6 rdx=0x0000000000000000
  rsi=0x0000000000000c90 rdi=0x000000000000003d flags=0b010000000110
  xmm0=0x0000ef6e0000ef6e0000c9c10000c9c1 xmm1=0x0000cf2a0000cf2a0000f2a70000f2a7 
  xmm2=0x00004903000049030000512700005127 xmm3=0x0000be850000be8500001bf100001bf1 
  xmm4=0x000041110000411100009ef600009ef6 xmm5=0x00002c7700002c770000641200006412 
  xmm6=0x0000efef0000efef00006e8000006e80 xmm7=0x0000738900007389000048d1000048d1 

0x157: imul ecx, [r14 +rsi], -56
  rax=0x0000000000000020 rbx=0x0000000000000020 rcx=0x0000000000006de6 rdx=0x0000000000000000
  rsi=0x0000000000000c90 rdi=0x000000000000003d flags=0b010000000110
  xmm0=0x0000ef6e0000ef6e0000c9c10000c9c1 xmm1=0x0000cf2a0000cf2a0000f2a70000f2a7 
  xmm2=0x00004903000049030000512700005127 xmm3=0x0000be850000be8500001bf100001bf1 
  xmm4=0x000041110000411100009ef600009ef6 xmm5=0x00002c7700002c770000641200006412 
  xmm6=0x0000efef0000efef00006e8000006e80 xmm7=0x0000738900007389000048d1000048d1 

    > load from +0xc90 value 0x6de6
0x15c: add dil, 126
  rax=0x0000000000000020 rbx=0x0000000000000020 rcx=0x00000000ffe7f5b0 rdx=0x0000000000000000
  rsi=0x0000000000000c90 rdi=0x000000000000003d flags=0b010010000010
  xmm0=0x0000ef6e0000ef6e0000c9c10000c9c1 xmm1=0x0000cf2a0000cf2a0000f2a70000f2a7 
  xmm2=0x00004903000049030000512700005127 xmm3=0x0000be850000be8500001bf100001bf1 
  xmm4=0x000041110000411100009ef600009ef6 xmm5=0x00002c7700002c770000641200006412 
  xmm6=0x0000efef0000efef00006e8000006e80 xmm7=0x0000738900007389000048d1000048d1 

0x160: and rcx, 0b1111111111111
  rax=0x0000000000000020 rbx=0x0000000000000020 rcx=0x00000000ffe7f5b0 rdx=0x0000000000000000
  rsi=0x0000000000000c90 rdi=0x00000000000000bb flags=0b110010010110
  xmm0=0x0000ef6e0000ef6e0000c9c10000c9c1 xmm1=0x0000cf2a0000cf2a0000f2a70000f2a7 
  xmm2=0x00004903000049030000512700005127 xmm3=0x0000be850000be8500001bf100001bf1 
  xmm4=0x000041110000411100009ef600009ef6 xmm5=0x00002c7700002c770000641200006412 
  xmm6=0x0000efef0000efef00006e8000006e80 xmm7=0x0000738900007389000048d1000048d1 

0x167: cmovnz rbx, [r14 +rcx]
  rax=0x0000000000000020 rbx=0x0000000000000020 rcx=0x00000000000015b0 rdx=0x0000000000000000
  rsi=0x0000000000000c90 rdi=0x00000000000000bb flags=0b010000000010
  xmm0=0x0000ef6e0000ef6e0000c9c10000c9c1 xmm1=0x0000cf2a0000cf2a0000f2a70000f2a7 
  xmm2=0x00004903000049030000512700005127 xmm3=0x0000be850000be8500001bf100001bf1 
  xmm4=0x000041110000411100009ef600009ef6 xmm5=0x00002c7700002c770000641200006412 
  xmm6=0x0000efef0000efef00006e8000006e80 xmm7=0x0000738900007389000048d1000048d1 

    > load from +0x15b0 value 0xe3eb0000e3eb
0x16c: neg edx
  rax=0x0000000000000020 rbx=0x0000e3eb0000e3eb rcx=0x00000000000015b0 rdx=0x0000000000000000
  rsi=0x0000000000000c90 rdi=0x00000000000000bb flags=0b010000000010
  xmm0=0x0000ef6e0000ef6e0000c9c10000c9c1 xmm1=0x0000cf2a0000cf2a0000f2a70000f2a7 
  xmm2=0x00004903000049030000512700005127 xmm3=0x0000be850000be8500001bf100001bf1 
  xmm4=0x000041110000411100009ef600009ef6 xmm5=0x00002c7700002c770000641200006412 
  xmm6=0x0000efef0000efef00006e8000006e80 xmm7=0x0000738900007389000048d1000048d1 

0x16e: and rax, 0b1111111111111
  rax=0x0000000000000020 rbx=0x0000e3eb0000e3eb rcx=0x00000000000015b0 rdx=0x0000000000000000
  rsi=0x0000000000000c90 rdi=0x00000000000000bb flags=0b010001000110
  xmm0=0x0000ef6e0000ef6e0000c9c10000c9c1 xmm1=0x0000cf2a0000cf2a0000f2a70000f2a7 
  xmm2=0x00004903000049030000512700005127 xmm3=0x0000be850000be8500001bf100001bf1 
  xmm4=0x000041110000411100009ef600009ef6 xmm5=0x00002c7700002c770000641200006412 
  xmm6=0x0000efef0000efef00006e8000006e80 xmm7=0x0000738900007389000048d1000048d1 

0x174: movsx rsi, [r14 +rax]
  rax=0x0000000000000020 rbx=0x0000e3eb0000e3eb rcx=0x00000000000015b0 rdx=0x0000000000000000
  rsi=0x0000000000000c90 rdi=0x00000000000000bb flags=0b010000000010
  xmm0=0x0000ef6e0000ef6e0000c9c10000c9c1 xmm1=0x0000cf2a0000cf2a0000f2a70000f2a7 
  xmm2=0x00004903000049030000512700005127 xmm3=0x0000be850000be8500001bf100001bf1 
  xmm4=0x000041110000411100009ef600009ef6 xmm5=0x00002c7700002c770000641200006412 
  xmm6=0x0000efef0000efef00006e8000006e80 xmm7=0x0000738900007389000048d1000048d1 

    > load from +0x20 value 0x5291
0x179: neg ax
  rax=0x0000000000000020 rbx=0x0000e3eb0000e3eb rcx=0x00000000000015b0 rdx=0x0000000000000000
  rsi=0x0000000000005291 rdi=0x00000000000000bb flags=0b010000000010
  xmm0=0x0000ef6e0000ef6e0000c9c10000c9c1 xmm1=0x0000cf2a0000cf2a0000f2a70000f2a7 
  xmm2=0x00004903000049030000512700005127 xmm3=0x0000be850000be8500001bf100001bf1 
  xmm4=0x000041110000411100009ef600009ef6 xmm5=0x00002c7700002c770000641200006412 
  xmm6=0x0000efef0000efef00006e8000006e80 xmm7=0x0000738900007389000048d1000048d1 

0x17c: and rdi, 0b1111111111111
  rax=0x000000000000ffe0 rbx=0x0000e3eb0000e3eb rcx=0x00000000000015b0 rdx=0x0000000000000000
  rsi=0x0000000000005291 rdi=0x00000000000000bb flags=0b010010000011
  xmm0=0x0000ef6e0000ef6e0000c9c10000c9c1 xmm1=0x0000cf2a0000cf2a0000f2a70000f2a7 
  xmm2=0x00004903000049030000512700005127 xmm3=0x0000be850000be8500001bf100001bf1 
  xmm4=0x000041110000411100009ef600009ef6 xmm5=0x00002c7700002c770000641200006412 
  xmm6=0x0000efef0000efef00006e8000006e80 xmm7=0x0000738900007389000048d1000048d1 

0x183: cmovbe dx, [r14 +rdi]
  rax=0x000000000000ffe0 rbx=0x0000e3eb0000e3eb rcx=0x00000000000015b0 rdx=0x0000000000000000
  rsi=0x0000000000005291 rdi=0x00000000000000bb flags=0b010000000110
  xmm0=0x0000ef6e0000ef6e0000c9c10000c9c1 xmm1=0x0000cf2a0000cf2a0000f2a70000f2a7 
  xmm2=0x00004903000049030000512700005127 xmm3=0x0000be850000be8500001bf100001bf1 
  xmm4=0x000041110000411100009ef600009ef6 xmm5=0x00002c7700002c770000641200006412 
  xmm6=0x0000efef0000efef00006e8000006e80 xmm7=0x0000738900007389000048d1000048d1 

    > load from +0xbb value 0xbe00
0x189: macro .switch, .actor2.function_actor2_1
  rax=0x000000000000ffe0 rbx=0x0000e3eb0000e3eb rcx=0x00000000000015b0 rdx=0x0000000000000000
  rsi=0x0000000000005291 rdi=0x00000000000000bb flags=0b010000000110
  xmm0=0x0000ef6e0000ef6e0000c9c10000c9c1 xmm1=0x0000cf2a0000cf2a0000f2a70000f2a7 
  xmm2=0x00004903000049030000512700005127 xmm3=0x0000be850000be8500001bf100001bf1 
  xmm4=0x000041110000411100009ef600009ef6 xmm5=0x00002c7700002c770000641200006412 
  xmm6=0x0000efef0000efef00006e8000006e80 xmm7=0x0000738900007389000048d1000048d1 

0x31d5: pushfq 
  rax=0x000000000000ffe0 rbx=0x0000e3eb0000e3eb rcx=0x00000000000015b0 rdx=0x0000000000000000
  rsi=0x0000000000005291 rdi=0x00000000000000bb flags=0b010000000110
  xmm0=0x0000ef6e0000ef6e0000c9c10000c9c1 xmm1=0x0000cf2a0000cf2a0000f2a70000f2a7 
  xmm2=0x00004903000049030000512700005127 xmm3=0x0000be850000be8500001bf100001bf1 
  xmm4=0x000041110000411100009ef600009ef6 xmm5=0x00002c7700002c770000641200006412 
  xmm6=0x0000efef0000efef00006e8000006e80 xmm7=0x0000738900007389000048d1000048d1 

    > store to +0x4ff0 value 0x406
0x31d6: push rax
  rax=0x000000000000ffe0 rbx=0x0000e3eb0000e3eb rcx=0x00000000000015b0 rdx=0x0000000000000000
  rsi=0x0000000000005291 rdi=0x00000000000000bb flags=0b010000000110
  xmm0=0x0000ef6e0000ef6e0000c9c10000c9c1 xmm1=0x0000cf2a0000cf2a0000f2a70000f2a7 
  xmm2=0x00004903000049030000512700005127 xmm3=0x0000be850000be8500001bf100001bf1 
  xmm4=0x000041110000411100009ef600009ef6 xmm5=0x00002c7700002c770000641200006412 
  xmm6=0x0000efef0000efef00006e8000006e80 xmm7=0x0000738900007389000048d1000048d1 

    > store to +0x4fe8 value 0xffe0
0x31d7: push rcx
  rax=0x000000000000ffe0 rbx=0x0000e3eb0000e3eb rcx=0x00000000000015b0 rdx=0x0000000000000000
  rsi=0x0000000000005291 rdi=0x00000000000000bb flags=0b010000000110
  xmm0=0x0000ef6e0000ef6e0000c9c10000c9c1 xmm1=0x0000cf2a0000cf2a0000f2a70000f2a7 
  xmm2=0x00004903000049030000512700005127 xmm3=0x0000be850000be8500001bf100001bf1 
  xmm4=0x000041110000411100009ef600009ef6 xmm5=0x00002c7700002c770000641200006412 
  xmm6=0x0000efef0000efef00006e8000006e80 xmm7=0x0000738900007389000048d1000048d1 

    > store to +0x4fe0 value 0x15b0
0x31d8: push rdx
  rax=0x000000000000ffe0 rbx=0x0000e3eb0000e3eb rcx=0x00000000000015b0 rdx=0x0000000000000000
  rsi=0x0000000000005291 rdi=0x00000000000000bb flags=0b010000000110
  xmm0=0x0000ef6e0000ef6e0000c9c10000c9c1 xmm1=0x0000cf2a0000cf2a0000f2a70000f2a7 
  xmm2=0x00004903000049030000512700005127 xmm3=0x0000be850000be8500001bf100001bf1 
  xmm4=0x000041110000411100009ef600009ef6 xmm5=0x00002c7700002c770000641200006412 
  xmm6=0x0000efef0000efef00006e8000006e80 xmm7=0x0000738900007389000048d1000048d1 

    > store to +0x4fd8 value 0x0
0x31d9: mov ecx, 0x48
  rax=0x000000000000ffe0 rbx=0x0000e3eb0000e3eb rcx=0x00000000000015b0 rdx=0x0000000000000000
  rsi=0x0000000000005291 rdi=0x00000000000000bb flags=0b010000000110
  xmm0=0x0000ef6e0000ef6e0000c9c10000c9c1 xmm1=0x0000cf2a0000cf2a0000f2a70000f2a7 
  xmm2=0x00004903000049030000512700005127 xmm3=0x0000be850000be8500001bf100001bf1 
  xmm4=0x000041110000411100009ef600009ef6 xmm5=0x00002c7700002c770000641200006412 
  xmm6=0x0000efef0000efef00006e8000006e80 xmm7=0x0000738900007389000048d1000048d1 

0x31de: rdmsr 
  rax=0x000000000000ffe0 rbx=0x0000e3eb0000e3eb rcx=0x0000000000000048 rdx=0x0000000000000000
  rsi=0x0000000000005291 rdi=0x00000000000000bb flags=0b010000000110
  xmm0=0x0000ef6e0000ef6e0000c9c10000c9c1 xmm1=0x0000cf2a0000cf2a0000f2a70000f2a7 
  xmm2=0x00004903000049030000512700005127 xmm3=0x0000be850000be8500001bf100001bf1 
  xmm4=0x000041110000411100009ef600009ef6 xmm5=0x00002c7700002c770000641200006412 
  xmm6=0x0000efef0000efef00006e8000006e80 xmm7=0x0000738900007389000048d1000048d1 

0x31e0: and eax, 0xfffffffb
  rax=0x0000000000000000 rbx=0x0000e3eb0000e3eb rcx=0x0000000000000048 rdx=0x0000000000000000
  rsi=0x0000000000005291 rdi=0x00000000000000bb flags=0b010000000110
  xmm0=0x0000ef6e0000ef6e0000c9c10000c9c1 xmm1=0x0000cf2a0000cf2a0000f2a70000f2a7 
  xmm2=0x00004903000049030000512700005127 xmm3=0x0000be850000be8500001bf100001bf1 
  xmm4=0x000041110000411100009ef600009ef6 xmm5=0x00002c7700002c770000641200006412 
  xmm6=0x0000efef0000efef00006e8000006e80 xmm7=0x0000738900007389000048d1000048d1 

0x31e3: or eax, 0x100
  rax=0x0000000000000000 rbx=0x0000e3eb0000e3eb rcx=0x0000000000000048 rdx=0x0000000000000000
  rsi=0x0000000000005291 rdi=0x00000000000000bb flags=0b010001000110
  xmm0=0x0000ef6e0000ef6e0000c9c10000c9c1 xmm1=0x0000cf2a0000cf2a0000f2a70000f2a7 
  xmm2=0x00004903000049030000512700005127 xmm3=0x0000be850000be8500001bf100001bf1 
  xmm4=0x000041110000411100009ef600009ef6 xmm5=0x00002c7700002c770000641200006412 
  xmm6=0x0000efef0000efef00006e8000006e80 xmm7=0x0000738900007389000048d1000048d1 

0x31e8: wrmsr 
  rax=0x0000000000000100 rbx=0x0000e3eb0000e3eb rcx=0x0000000000000048 rdx=0x0000000000000000
  rsi=0x0000000000005291 rdi=0x00000000000000bb flags=0b010000000110
  xmm0=0x0000ef6e0000ef6e0000c9c10000c9c1 xmm1=0x0000cf2a0000cf2a0000f2a70000f2a7 
  xmm2=0x00004903000049030000512700005127 xmm3=0x0000be850000be8500001bf100001bf1 
  xmm4=0x000041110000411100009ef600009ef6 xmm5=0x00002c7700002c770000641200006412 
  xmm6=0x0000efef0000efef00006e8000006e80 xmm7=0x0000738900007389000048d1000048d1 

0x31ea: mfence 
  rax=0x0000000000000100 rbx=0x0000e3eb0000e3eb rcx=0x0000000000000048 rdx=0x0000000000000000
  rsi=0x0000000000005291 rdi=0x00000000000000bb flags=0b010000000110
  xmm0=0x0000ef6e0000ef6e0000c9c10000c9c1 xmm1=0x0000cf2a0000cf2a0000f2a70000f2a7 
  xmm2=0x00004903000049030000512700005127 xmm3=0x0000be850000be8500001bf100001bf1 
  xmm4=0x000041110000411100009ef600009ef6 xmm5=0x00002c7700002c770000641200006412 
  xmm6=0x0000efef0000efef00006e8000006e80 xmm7=0x0000738900007389000048d1000048d1 

0x31ed: lfence 
  rax=0x0000000000000100 rbx=0x0000e3eb0000e3eb rcx=0x0000000000000048 rdx=0x0000000000000000
  rsi=0x0000000000005291 rdi=0x00000000000000bb flags=0b010000000110
  xmm0=0x0000ef6e0000ef6e0000c9c10000c9c1 xmm1=0x0000cf2a0000cf2a0000f2a70000f2a7 
  xmm2=0x00004903000049030000512700005127 xmm3=0x0000be850000be8500001bf100001bf1 
  xmm4=0x000041110000411100009ef600009ef6 xmm5=0x00002c7700002c770000641200006412 
  xmm6=0x0000efef0000efef00006e8000006e80 xmm7=0x0000738900007389000048d1000048d1 

0x31f0: macro .measurement_end, .noarg
  rax=0x0000000000000100 rbx=0x0000e3eb0000e3eb rcx=0x0000000000000048 rdx=0x0000000000000000
  rsi=0x0000000000005291 rdi=0x00000000000000bb flags=0b010000000110
  xmm0=0x0000ef6e0000ef6e0000c9c10000c9c1 xmm1=0x0000cf2a0000cf2a0000f2a70000f2a7 
  xmm2=0x00004903000049030000512700005127 xmm3=0x0000be850000be8500001bf100001bf1 
  xmm4=0x000041110000411100009ef600009ef6 xmm5=0x00002c7700002c770000641200006412 
  xmm6=0x0000efef0000efef00006e8000006e80 xmm7=0x0000738900007389000048d1000048d1 

0x31f8: mov ecx, 0x48
  rax=0x0000000000000100 rbx=0x0000e3eb0000e3eb rcx=0x0000000000000048 rdx=0x0000000000000000
  rsi=0x0000000000005291 rdi=0x00000000000000bb flags=0b010000000110
  xmm0=0x0000ef6e0000ef6e0000c9c10000c9c1 xmm1=0x0000cf2a0000cf2a0000f2a70000f2a7 
  xmm2=0x00004903000049030000512700005127 xmm3=0x0000be850000be8500001bf100001bf1 
  xmm4=0x000041110000411100009ef600009ef6 xmm5=0x00002c7700002c770000641200006412 
  xmm6=0x0000efef0000efef00006e8000006e80 xmm7=0x0000738900007389000048d1000048d1 

0x31fd: rdmsr 
  rax=0x0000000000000100 rbx=0x0000e3eb0000e3eb rcx=0x0000000000000048 rdx=0x0000000000000000
  rsi=0x0000000000005291 rdi=0x00000000000000bb flags=0b010000000110
  xmm0=0x0000ef6e0000ef6e0000c9c10000c9c1 xmm1=0x0000cf2a0000cf2a0000f2a70000f2a7 
  xmm2=0x00004903000049030000512700005127 xmm3=0x0000be850000be8500001bf100001bf1 
  xmm4=0x000041110000411100009ef600009ef6 xmm5=0x00002c7700002c770000641200006412 
  xmm6=0x0000efef0000efef00006e8000006e80 xmm7=0x0000738900007389000048d1000048d1 

0x31ff: and eax, 0xfffffffb
  rax=0x0000000000000000 rbx=0x0000e3eb0000e3eb rcx=0x0000000000000048 rdx=0x0000000000000000
  rsi=0x0000000000005291 rdi=0x00000000000000bb flags=0b010000000110
  xmm0=0x0000ef6e0000ef6e0000c9c10000c9c1 xmm1=0x0000cf2a0000cf2a0000f2a70000f2a7 
  xmm2=0x00004903000049030000512700005127 xmm3=0x0000be850000be8500001bf100001bf1 
  xmm4=0x000041110000411100009ef600009ef6 xmm5=0x00002c7700002c770000641200006412 
  xmm6=0x0000efef0000efef00006e8000006e80 xmm7=0x0000738900007389000048d1000048d1 

0x3202: and eax, 0xfffffeff
  rax=0x0000000000000000 rbx=0x0000e3eb0000e3eb rcx=0x0000000000000048 rdx=0x0000000000000000
  rsi=0x0000000000005291 rdi=0x00000000000000bb flags=0b010001000110
  xmm0=0x0000ef6e0000ef6e0000c9c10000c9c1 xmm1=0x0000cf2a0000cf2a0000f2a70000f2a7 
  xmm2=0x00004903000049030000512700005127 xmm3=0x0000be850000be8500001bf100001bf1 
  xmm4=0x000041110000411100009ef600009ef6 xmm5=0x00002c7700002c770000641200006412 
  xmm6=0x0000efef0000efef00006e8000006e80 xmm7=0x0000738900007389000048d1000048d1 

0x3207: wrmsr 
  rax=0x0000000000000000 rbx=0x0000e3eb0000e3eb rcx=0x0000000000000048 rdx=0x0000000000000000
  rsi=0x0000000000005291 rdi=0x00000000000000bb flags=0b010001000110
  xmm0=0x0000ef6e0000ef6e0000c9c10000c9c1 xmm1=0x0000cf2a0000cf2a0000f2a70000f2a7 
  xmm2=0x00004903000049030000512700005127 xmm3=0x0000be850000be8500001bf100001bf1 
  xmm4=0x000041110000411100009ef600009ef6 xmm5=0x00002c7700002c770000641200006412 
  xmm6=0x0000efef0000efef00006e8000006e80 xmm7=0x0000738900007389000048d1000048d1 

0x3209: mfence 
  rax=0x0000000000000000 rbx=0x0000e3eb0000e3eb rcx=0x0000000000000048 rdx=0x0000000000000000
  rsi=0x0000000000005291 rdi=0x00000000000000bb flags=0b010001000110
  xmm0=0x0000ef6e0000ef6e0000c9c10000c9c1 xmm1=0x0000cf2a0000cf2a0000f2a70000f2a7 
  xmm2=0x00004903000049030000512700005127 xmm3=0x0000be850000be8500001bf100001bf1 
  xmm4=0x000041110000411100009ef600009ef6 xmm5=0x00002c7700002c770000641200006412 
  xmm6=0x0000efef0000efef00006e8000006e80 xmm7=0x0000738900007389000048d1000048d1 

0x320c: lfence 
  rax=0x0000000000000000 rbx=0x0000e3eb0000e3eb rcx=0x0000000000000048 rdx=0x0000000000000000
  rsi=0x0000000000005291 rdi=0x00000000000000bb flags=0b010001000110
  xmm0=0x0000ef6e0000ef6e0000c9c10000c9c1 xmm1=0x0000cf2a0000cf2a0000f2a70000f2a7 
  xmm2=0x00004903000049030000512700005127 xmm3=0x0000be850000be8500001bf100001bf1 
  xmm4=0x000041110000411100009ef600009ef6 xmm5=0x00002c7700002c770000641200006412 
  xmm6=0x0000efef0000efef00006e8000006e80 xmm7=0x0000738900007389000048d1000048d1 

0x320f: pop rdx
  rax=0x0000000000000000 rbx=0x0000e3eb0000e3eb rcx=0x0000000000000048 rdx=0x0000000000000000
  rsi=0x0000000000005291 rdi=0x00000000000000bb flags=0b010001000110
  xmm0=0x0000ef6e0000ef6e0000c9c10000c9c1 xmm1=0x0000cf2a0000cf2a0000f2a70000f2a7 
  xmm2=0x00004903000049030000512700005127 xmm3=0x0000be850000be8500001bf100001bf1 
  xmm4=0x000041110000411100009ef600009ef6 xmm5=0x00002c7700002c770000641200006412 
  xmm6=0x0000efef0000efef00006e8000006e80 xmm7=0x0000738900007389000048d1000048d1 

    > load from +0x4fd8 value 0x0
0x3210: pop rcx
  rax=0x0000000000000000 rbx=0x0000e3eb0000e3eb rcx=0x0000000000000048 rdx=0x0000000000000000
  rsi=0x0000000000005291 rdi=0x00000000000000bb flags=0b010001000110
  xmm0=0x0000ef6e0000ef6e0000c9c10000c9c1 xmm1=0x0000cf2a0000cf2a0000f2a70000f2a7 
  xmm2=0x00004903000049030000512700005127 xmm3=0x0000be850000be8500001bf100001bf1 
  xmm4=0x000041110000411100009ef600009ef6 xmm5=0x00002c7700002c770000641200006412 
  xmm6=0x0000efef0000efef00006e8000006e80 xmm7=0x0000738900007389000048d1000048d1 

    > load from +0x4fe0 value 0x15b0
0x3211: pop rax
  rax=0x0000000000000000 rbx=0x0000e3eb0000e3eb rcx=0x00000000000015b0 rdx=0x0000000000000000
  rsi=0x0000000000005291 rdi=0x00000000000000bb flags=0b010001000110
  xmm0=0x0000ef6e0000ef6e0000c9c10000c9c1 xmm1=0x0000cf2a0000cf2a0000f2a70000f2a7 
  xmm2=0x00004903000049030000512700005127 xmm3=0x0000be850000be8500001bf100001bf1 
  xmm4=0x000041110000411100009ef600009ef6 xmm5=0x00002c7700002c770000641200006412 
  xmm6=0x0000efef0000efef00006e8000006e80 xmm7=0x0000738900007389000048d1000048d1 

    > load from +0x4fe8 value 0xffe0
0x3212: popfq 
  rax=0x000000000000ffe0 rbx=0x0000e3eb0000e3eb rcx=0x00000000000015b0 rdx=0x0000000000000000
  rsi=0x0000000000005291 rdi=0x00000000000000bb flags=0b010001000110
  xmm0=0x0000ef6e0000ef6e0000c9c10000c9c1 xmm1=0x0000cf2a0000cf2a0000f2a70000f2a7 
  xmm2=0x00004903000049030000512700005127 xmm3=0x0000be850000be8500001bf100001bf1 
  xmm4=0x000041110000411100009ef600009ef6 xmm5=0x00002c7700002c770000641200006412 
  xmm6=0x0000efef0000efef00006e8000006e80 xmm7=0x0000738900007389000048d1000048d1 

    > load from +0x4ff0 value 0x406
0x3213: macro .switch, .main.function_main_2
  rax=0x000000000000ffe0 rbx=0x0000e3eb0000e3eb rcx=0x00000000000015b0 rdx=0x0000000000000000
  rsi=0x0000000000005291 rdi=0x00000000000000bb flags=0b010000000110
  xmm0=0x0000ef6e0000ef6e0000c9c10000c9c1 xmm1=0x0000cf2a0000cf2a0000f2a70000f2a7 
  xmm2=0x00004903000049030000512700005127 xmm3=0x0000be850000be8500001bf100001bf1 
  xmm4=0x000041110000411100009ef600009ef6 xmm5=0x00002c7700002c770000641200006412 
  xmm6=0x0000efef0000efef00006e8000006e80 xmm7=0x0000738900007389000048d1000048d1 

0x191: nop  [test_case_exit]
  rax=0x000000000000ffe0 rbx=0x0000e3eb0000e3eb rcx=0x00000000000015b0 rdx=0x0000000000000000
  rsi=0x0000000000005291 rdi=0x00000000000000bb flags=0b010000000110
  xmm0=0x0000ef6e0000ef6e0000c9c10000c9c1 xmm1=0x0000cf2a0000cf2a0000f2a70000f2a7 
  xmm2=0x00004903000049030000512700005127 xmm3=0x0000be850000be8500001bf100001bf1 
  xmm4=0x000041110000411100009ef600009ef6 xmm5=0x00002c7700002c770000641200006412 
  xmm6=0x0000efef0000efef00006e8000006e80 xmm7=0x0000738900007389000048d1000048d1 




                      ##### Input 52 #####

                     ##### Input 0 #####
0x0 : macro .switch, .actor2.function_actor2_0
  rax=0x00007d0a00007d0a rbx=0x0000245f0000245f rcx=0x0000571a0000571a rdx=0x0000505100005051
  rsi=0x000023f4000023f4 rdi=0x0000548800005488 flags=0b100010000110
  xmm0=0x00006f1700006f170000a6c50000a6c5 xmm1=0x0000ad500000ad5000002d7a00002d7a 
  xmm2=0x000066ce000066ce0000391100003911 xmm3=0x00004e7a00004e7a000051d9000051d9 
  xmm4=0x0000454e0000454e0000c0cd0000c0cd xmm5=0x00003bf700003bf70000cdd60000cdd6 
  xmm6=0x00001789000017890000b4af0000b4af xmm7=0x00004aff00004aff0000b6110000b611 

0x3000: add dil, 46
  rax=0x00007d0a00007d0a rbx=0x0000245f0000245f rcx=0x0000571a0000571a rdx=0x0000505100005051
  rsi=0x000023f4000023f4 rdi=0x0000548800005488 flags=0b100010000110
  xmm0=0x00006f1700006f170000a6c50000a6c5 xmm1=0x0000ad500000ad5000002d7a00002d7a 
  xmm2=0x000066ce000066ce0000391100003911 xmm3=0x00004e7a00004e7a000051d9000051d9 
  xmm4=0x0000454e0000454e0000c0cd0000c0cd xmm5=0x00003bf700003bf70000cdd60000cdd6 
  xmm6=0x00001789000017890000b4af0000b4af xmm7=0x00004aff00004aff0000b6110000b611 

0x3004: pushfq 
  rax=0x00007d0a00007d0a rbx=0x0000245f0000245f rcx=0x0000571a0000571a rdx=0x0000505100005051
  rsi=0x000023f4000023f4 rdi=0x00005488000054b6 flags=0b000010010010
  xmm0=0x00006f1700006f170000a6c50000a6c5 xmm1=0x0000ad500000ad5000002d7a00002d7a 
  xmm2=0x000066ce000066ce0000391100003911 xmm3=0x00004e7a00004e7a000051d9000051d9 
  xmm4=0x0000454e0000454e0000c0cd0000c0cd xmm5=0x00003bf700003bf70000cdd60000cdd6 
  xmm6=0x00001789000017890000b4af0000b4af xmm7=0x00004aff00004aff0000b6110000b611 

    > store to +0x4ff0 value 0x92
0x3005: push rax
  rax=0x00007d0a00007d0a rbx=0x0000245f0000245f rcx=0x0000571a0000571a rdx=0x0000505100005051
  rsi=0x000023f4000023f4 rdi=0x00005488000054b6 flags=0b000010010010
  xmm0=0x00006f1700006f170000a6c50000a6c5 xmm1=0x0000ad500000ad5000002d7a00002d7a 
  xmm2=0x000066ce000066ce0000391100003911 xmm3=0x00004e7a00004e7a000051d9000051d9 
  xmm4=0x0000454e0000454e0000c0cd0000c0cd xmm5=0x00003bf700003bf70000cdd60000cdd6 
  xmm6=0x00001789000017890000b4af0000b4af xmm7=0x00004aff00004aff0000b6110000b611 

    > store to +0x4fe8 value 0x7d0a00007d0a
0x3006: push rcx
  rax=0x00007d0a00007d0a rbx=0x0000245f0000245f rcx=0x0000571a0000571a rdx=0x0000505100005051
  rsi=0x000023f4000023f4 rdi=0x00005488000054b6 flags=0b000010010010
  xmm0=0x00006f1700006f170000a6c50000a6c5 xmm1=0x0000ad500000ad5000002d7a00002d7a 
  xmm2=0x000066ce000066ce0000391100003911 xmm3=0x00004e7a00004e7a000051d9000051d9 
  xmm4=0x0000454e0000454e0000c0cd0000c0cd xmm5=0x00003bf700003bf70000cdd60000cdd6 
  xmm6=0x00001789000017890000b4af0000b4af xmm7=0x00004aff00004aff0000b6110000b611 

    > store to +0x4fe0 value 0x571a0000571a
0x3007: push rdx
  rax=0x00007d0a00007d0a rbx=0x0000245f0000245f rcx=0x0000571a0000571a rdx=0x0000505100005051
  rsi=0x000023f4000023f4 rdi=0x00005488000054b6 flags=0b000010010010
  xmm0=0x00006f1700006f170000a6c50000a6c5 xmm1=0x0000ad500000ad5000002d7a00002d7a 
  xmm2=0x000066ce000066ce0000391100003911 xmm3=0x00004e7a00004e7a000051d9000051d9 
  xmm4=0x0000454e0000454e0000c0cd0000c0cd xmm5=0x00003bf700003bf70000cdd60000cdd6 
  xmm6=0x00001789000017890000b4af0000b4af xmm7=0x00004aff00004aff0000b6110000b611 

    > store to +0x4fd8 value 0x505100005051
0x3008: mov ecx, 0x48
  rax=0x00007d0a00007d0a rbx=0x0000245f0000245f rcx=0x0000571a0000571a rdx=0x0000505100005051
  rsi=0x000023f4000023f4 rdi=0x00005488000054b6 flags=0b000010010010
  xmm0=0x00006f1700006f170000a6c50000a6c5 xmm1=0x0000ad500000ad5000002d7a00002d7a 
  xmm2=0x000066ce000066ce0000391100003911 xmm3=0x00004e7a00004e7a000051d9000051d9 
  xmm4=0x0000454e0000454e0000c0cd0000c0cd xmm5=0x00003bf700003bf70000cdd60000cdd6 
  xmm6=0x00001789000017890000b4af0000b4af xmm7=0x00004aff00004aff0000b6110000b611 

0x300d: rdmsr 
  rax=0x00007d0a00007d0a rbx=0x0000245f0000245f rcx=0x0000000000000048 rdx=0x0000505100005051
  rsi=0x000023f4000023f4 rdi=0x00005488000054b6 flags=0b000010010010
  xmm0=0x00006f1700006f170000a6c50000a6c5 xmm1=0x0000ad500000ad5000002d7a00002d7a 
  xmm2=0x000066ce000066ce0000391100003911 xmm3=0x00004e7a00004e7a000051d9000051d9 
  xmm4=0x0000454e0000454e0000c0cd0000c0cd xmm5=0x00003bf700003bf70000cdd60000cdd6 
  xmm6=0x00001789000017890000b4af0000b4af xmm7=0x00004aff00004aff0000b6110000b611 

0x300f: and eax, 0xfffffffb
  rax=0x0000000000000000 rbx=0x0000245f0000245f rcx=0x0000000000000048 rdx=0x0000000000000000
  rsi=0x000023f4000023f4 rdi=0x00005488000054b6 flags=0b000010010010
  xmm0=0x00006f1700006f170000a6c50000a6c5 xmm1=0x0000ad500000ad5000002d7a00002d7a 
  xmm2=0x000066ce000066ce0000391100003911 xmm3=0x00004e7a00004e7a000051d9000051d9 
  xmm4=0x0000454e0000454e0000c0cd0000c0cd xmm5=0x00003bf700003bf70000cdd60000cdd6 
  xmm6=0x00001789000017890000b4af0000b4af xmm7=0x00004aff00004aff0000b6110000b611 

0x3012: or eax, 0x100
  rax=0x0000000000000000 rbx=0x0000245f0000245f rcx=0x0000000000000048 rdx=0x0000000000000000
  rsi=0x000023f4000023f4 rdi=0x00005488000054b6 flags=0b000001000110
  xmm0=0x00006f1700006f170000a6c50000a6c5 xmm1=0x0000ad500000ad5000002d7a00002d7a 
  xmm2=0x000066ce000066ce0000391100003911 xmm3=0x00004e7a00004e7a000051d9000051d9 
  xmm4=0x0000454e0000454e0000c0cd0000c0cd xmm5=0x00003bf700003bf70000cdd60000cdd6 
  xmm6=0x00001789000017890000b4af0000b4af xmm7=0x00004aff00004aff0000b6110000b611 

0x3017: wrmsr 
  rax=0x0000000000000100 rbx=0x0000245f0000245f rcx=0x0000000000000048 rdx=0x0000000000000000
  rsi=0x000023f4000023f4 rdi=0x00005488000054b6 flags=0b000000000110
  xmm0=0x00006f1700006f170000a6c50000a6c5 xmm1=0x0000ad500000ad5000002d7a00002d7a 
  xmm2=0x000066ce000066ce0000391100003911 xmm3=0x00004e7a00004e7a000051d9000051d9 
  xmm4=0x0000454e0000454e0000c0cd0000c0cd xmm5=0x00003bf700003bf70000cdd60000cdd6 
  xmm6=0x00001789000017890000b4af0000b4af xmm7=0x00004aff00004aff0000b6110000b611 

0x3019: mfence 
  rax=0x0000000000000100 rbx=0x0000245f0000245f rcx=0x0000000000000048 rdx=0x0000000000000000
  rsi=0x000023f4000023f4 rdi=0x00005488000054b6 flags=0b000000000110
  xmm0=0x00006f1700006f170000a6c50000a6c5 xmm1=0x0000ad500000ad5000002d7a00002d7a 
  xmm2=0x000066ce000066ce0000391100003911 xmm3=0x00004e7a00004e7a000051d9000051d9 
  xmm4=0x0000454e0000454e0000c0cd0000c0cd xmm5=0x00003bf700003bf70000cdd60000cdd6 
  xmm6=0x00001789000017890000b4af0000b4af xmm7=0x00004aff00004aff0000b6110000b611 

0x301c: lfence 
  rax=0x0000000000000100 rbx=0x0000245f0000245f rcx=0x0000000000000048 rdx=0x0000000000000000
  rsi=0x000023f4000023f4 rdi=0x00005488000054b6 flags=0b000000000110
  xmm0=0x00006f1700006f170000a6c50000a6c5 xmm1=0x0000ad500000ad5000002d7a00002d7a 
  xmm2=0x000066ce000066ce0000391100003911 xmm3=0x00004e7a00004e7a000051d9000051d9 
  xmm4=0x0000454e0000454e0000c0cd0000c0cd xmm5=0x00003bf700003bf70000cdd60000cdd6 
  xmm6=0x00001789000017890000b4af0000b4af xmm7=0x00004aff00004aff0000b6110000b611 

0x301f: macro .measurement_start, .noarg
  rax=0x0000000000000100 rbx=0x0000245f0000245f rcx=0x0000000000000048 rdx=0x0000000000000000
  rsi=0x000023f4000023f4 rdi=0x00005488000054b6 flags=0b000000000110
  xmm0=0x00006f1700006f170000a6c50000a6c5 xmm1=0x0000ad500000ad5000002d7a00002d7a 
  xmm2=0x000066ce000066ce0000391100003911 xmm3=0x00004e7a00004e7a000051d9000051d9 
  xmm4=0x0000454e0000454e0000c0cd0000c0cd xmm5=0x00003bf700003bf70000cdd60000cdd6 
  xmm6=0x00001789000017890000b4af0000b4af xmm7=0x00004aff00004aff0000b6110000b611 

0x3027: mov ecx, 0x48
  rax=0x0000000000000100 rbx=0x0000245f0000245f rcx=0x0000000000000048 rdx=0x0000000000000000
  rsi=0x000023f4000023f4 rdi=0x00005488000054b6 flags=0b000000000110
  xmm0=0x00006f1700006f170000a6c50000a6c5 xmm1=0x0000ad500000ad5000002d7a00002d7a 
  xmm2=0x000066ce000066ce0000391100003911 xmm3=0x00004e7a00004e7a000051d9000051d9 
  xmm4=0x0000454e0000454e0000c0cd0000c0cd xmm5=0x00003bf700003bf70000cdd60000cdd6 
  xmm6=0x00001789000017890000b4af0000b4af xmm7=0x00004aff00004aff0000b6110000b611 

0x302c: rdmsr 
  rax=0x0000000000000100 rbx=0x0000245f0000245f rcx=0x0000000000000048 rdx=0x0000000000000000
  rsi=0x000023f4000023f4 rdi=0x00005488000054b6 flags=0b000000000110
  xmm0=0x00006f1700006f170000a6c50000a6c5 xmm1=0x0000ad500000ad5000002d7a00002d7a 
  xmm2=0x000066ce000066ce0000391100003911 xmm3=0x00004e7a00004e7a000051d9000051d9 
  xmm4=0x0000454e0000454e0000c0cd0000c0cd xmm5=0x00003bf700003bf70000cdd60000cdd6 
  xmm6=0x00001789000017890000b4af0000b4af xmm7=0x00004aff00004aff0000b6110000b611 

0x302e: and eax, 0xfffffffb
  rax=0x0000000000000000 rbx=0x0000245f0000245f rcx=0x0000000000000048 rdx=0x0000000000000000
  rsi=0x000023f4000023f4 rdi=0x00005488000054b6 flags=0b000000000110
  xmm0=0x00006f1700006f170000a6c50000a6c5 xmm1=0x0000ad500000ad5000002d7a00002d7a 
  xmm2=0x000066ce000066ce0000391100003911 xmm3=0x00004e7a00004e7a000051d9000051d9 
  xmm4=0x0000454e0000454e0000c0cd0000c0cd xmm5=0x00003bf700003bf70000cdd60000cdd6 
  xmm6=0x00001789000017890000b4af0000b4af xmm7=0x00004aff00004aff0000b6110000b611 

0x3031: and eax, 0xfffffeff
  rax=0x0000000000000000 rbx=0x0000245f0000245f rcx=0x0000000000000048 rdx=0x0000000000000000
  rsi=0x000023f4000023f4 rdi=0x00005488000054b6 flags=0b000001000110
  xmm0=0x00006f1700006f170000a6c50000a6c5 xmm1=0x0000ad500000ad5000002d7a00002d7a 
  xmm2=0x000066ce000066ce0000391100003911 xmm3=0x00004e7a00004e7a000051d9000051d9 
  xmm4=0x0000454e0000454e0000c0cd0000c0cd xmm5=0x00003bf700003bf70000cdd60000cdd6 
  xmm6=0x00001789000017890000b4af0000b4af xmm7=0x00004aff00004aff0000b6110000b611 

0x3036: wrmsr 
  rax=0x0000000000000000 rbx=0x0000245f0000245f rcx=0x0000000000000048 rdx=0x0000000000000000
  rsi=0x000023f4000023f4 rdi=0x00005488000054b6 flags=0b000001000110
  xmm0=0x00006f1700006f170000a6c50000a6c5 xmm1=0x0000ad500000ad5000002d7a00002d7a 
  xmm2=0x000066ce000066ce0000391100003911 xmm3=0x00004e7a00004e7a000051d9000051d9 
  xmm4=0x0000454e0000454e0000c0cd0000c0cd xmm5=0x00003bf700003bf70000cdd60000cdd6 
  xmm6=0x00001789000017890000b4af0000b4af xmm7=0x00004aff00004aff0000b6110000b611 

0x3038: mfence 
  rax=0x0000000000000000 rbx=0x0000245f0000245f rcx=0x0000000000000048 rdx=0x0000000000000000
  rsi=0x000023f4000023f4 rdi=0x00005488000054b6 flags=0b000001000110
  xmm0=0x00006f1700006f170000a6c50000a6c5 xmm1=0x0000ad500000ad5000002d7a00002d7a 
  xmm2=0x000066ce000066ce0000391100003911 xmm3=0x00004e7a00004e7a000051d9000051d9 
  xmm4=0x0000454e0000454e0000c0cd0000c0cd xmm5=0x00003bf700003bf70000cdd60000cdd6 
  xmm6=0x00001789000017890000b4af0000b4af xmm7=0x00004aff00004aff0000b6110000b611 

0x303b: lfence 
  rax=0x0000000000000000 rbx=0x0000245f0000245f rcx=0x0000000000000048 rdx=0x0000000000000000
  rsi=0x000023f4000023f4 rdi=0x00005488000054b6 flags=0b000001000110
  xmm0=0x00006f1700006f170000a6c50000a6c5 xmm1=0x0000ad500000ad5000002d7a00002d7a 
  xmm2=0x000066ce000066ce0000391100003911 xmm3=0x00004e7a00004e7a000051d9000051d9 
  xmm4=0x0000454e0000454e0000c0cd0000c0cd xmm5=0x00003bf700003bf70000cdd60000cdd6 
  xmm6=0x00001789000017890000b4af0000b4af xmm7=0x00004aff00004aff0000b6110000b611 

0x303e: pop rdx
  rax=0x0000000000000000 rbx=0x0000245f0000245f rcx=0x0000000000000048 rdx=0x0000000000000000
  rsi=0x000023f4000023f4 rdi=0x00005488000054b6 flags=0b000001000110
  xmm0=0x00006f1700006f170000a6c50000a6c5 xmm1=0x0000ad500000ad5000002d7a00002d7a 
  xmm2=0x000066ce000066ce0000391100003911 xmm3=0x00004e7a00004e7a000051d9000051d9 
  xmm4=0x0000454e0000454e0000c0cd0000c0cd xmm5=0x00003bf700003bf70000cdd60000cdd6 
  xmm6=0x00001789000017890000b4af0000b4af xmm7=0x00004aff00004aff0000b6110000b611 

    > load from +0x4fd8 value 0x505100005051
0x303f: pop rcx
  rax=0x0000000000000000 rbx=0x0000245f0000245f rcx=0x0000000000000048 rdx=0x0000505100005051
  rsi=0x000023f4000023f4 rdi=0x00005488000054b6 flags=0b000001000110
  xmm0=0x00006f1700006f170000a6c50000a6c5 xmm1=0x0000ad500000ad5000002d7a00002d7a 
  xmm2=0x000066ce000066ce0000391100003911 xmm3=0x00004e7a00004e7a000051d9000051d9 
  xmm4=0x0000454e0000454e0000c0cd0000c0cd xmm5=0x00003bf700003bf70000cdd60000cdd6 
  xmm6=0x00001789000017890000b4af0000b4af xmm7=0x00004aff00004aff0000b6110000b611 

    > load from +0x4fe0 value 0x571a0000571a
0x3040: pop rax
  rax=0x0000000000000000 rbx=0x0000245f0000245f rcx=0x0000571a0000571a rdx=0x0000505100005051
  rsi=0x000023f4000023f4 rdi=0x00005488000054b6 flags=0b000001000110
  xmm0=0x00006f1700006f170000a6c50000a6c5 xmm1=0x0000ad500000ad5000002d7a00002d7a 
  xmm2=0x000066ce000066ce0000391100003911 xmm3=0x00004e7a00004e7a000051d9000051d9 
  xmm4=0x0000454e0000454e0000c0cd0000c0cd xmm5=0x00003bf700003bf70000cdd60000cdd6 
  xmm6=0x00001789000017890000b4af0000b4af xmm7=0x00004aff00004aff0000b6110000b611 

    > load from +0x4fe8 value 0x7d0a00007d0a
0x3041: popfq 
  rax=0x00007d0a00007d0a rbx=0x0000245f0000245f rcx=0x0000571a0000571a rdx=0x0000505100005051
  rsi=0x000023f4000023f4 rdi=0x00005488000054b6 flags=0b000001000110
  xmm0=0x00006f1700006f170000a6c50000a6c5 xmm1=0x0000ad500000ad5000002d7a00002d7a 
  xmm2=0x000066ce000066ce0000391100003911 xmm3=0x00004e7a00004e7a000051d9000051d9 
  xmm4=0x0000454e0000454e0000c0cd0000c0cd xmm5=0x00003bf700003bf70000cdd60000cdd6 
  xmm6=0x00001789000017890000b4af0000b4af xmm7=0x00004aff00004aff0000b6110000b611 

    > load from +0x4ff0 value 0x92
0x3042: and rdi, 0b1111111111111
  rax=0x00007d0a00007d0a rbx=0x0000245f0000245f rcx=0x0000571a0000571a rdx=0x0000505100005051
  rsi=0x000023f4000023f4 rdi=0x00005488000054b6 flags=0b000010010010
  xmm0=0x00006f1700006f170000a6c50000a6c5 xmm1=0x0000ad500000ad5000002d7a00002d7a 
  xmm2=0x000066ce000066ce0000391100003911 xmm3=0x00004e7a00004e7a000051d9000051d9 
  xmm4=0x0000454e0000454e0000c0cd0000c0cd xmm5=0x00003bf700003bf70000cdd60000cdd6 
  xmm6=0x00001789000017890000b4af0000b4af xmm7=0x00004aff00004aff0000b6110000b611 

0x3049: cmovb si, [r14 +rdi]
  rax=0x00007d0a00007d0a rbx=0x0000245f0000245f rcx=0x0000571a0000571a rdx=0x0000505100005051
  rsi=0x000023f4000023f4 rdi=0x00000000000014b6 flags=0b000000000010
  xmm0=0x00006f1700006f170000a6c50000a6c5 xmm1=0x0000ad500000ad5000002d7a00002d7a 
  xmm2=0x000066ce000066ce0000391100003911 xmm3=0x00004e7a00004e7a000051d9000051d9 
  xmm4=0x0000454e0000454e0000c0cd0000c0cd xmm5=0x00003bf700003bf70000cdd60000cdd6 
  xmm6=0x00001789000017890000b4af0000b4af xmm7=0x00004aff00004aff0000b6110000b611 

    > load from +0x54b6 value 0x0
0x304f: and rdx, 0b1111111111111
  rax=0x00007d0a00007d0a rbx=0x0000245f0000245f rcx=0x0000571a0000571a rdx=0x0000505100005051
  rsi=0x000023f4000023f4 rdi=0x00000000000014b6 flags=0b000000000010
  xmm0=0x00006f1700006f170000a6c50000a6c5 xmm1=0x0000ad500000ad5000002d7a00002d7a 
  xmm2=0x000066ce000066ce0000391100003911 xmm3=0x00004e7a00004e7a000051d9000051d9 
  xmm4=0x0000454e0000454e0000c0cd0000c0cd xmm5=0x00003bf700003bf70000cdd60000cdd6 
  xmm6=0x00001789000017890000b4af0000b4af xmm7=0x00004aff00004aff0000b6110000b611 

0x3056: mov rax, [r14 +rdx]
  rax=0x00007d0a00007d0a rbx=0x0000245f0000245f rcx=0x0000571a0000571a rdx=0x0000000000001051
  rsi=0x000023f4000023f4 rdi=0x00000000000014b6 flags=0b000000000010
  xmm0=0x00006f1700006f170000a6c50000a6c5 xmm1=0x0000ad500000ad5000002d7a00002d7a 
  xmm2=0x000066ce000066ce0000391100003911 xmm3=0x00004e7a00004e7a000051d9000051d9 
  xmm4=0x0000454e0000454e0000c0cd0000c0cd xmm5=0x00003bf700003bf70000cdd60000cdd6 
  xmm6=0x00001789000017890000b4af0000b4af xmm7=0x00004aff00004aff0000b6110000b611 

    > load from +0x5051 value 0x2000008aec00008a
0x305a: adc rax, rdi
  rax=0x2000008aec00008a rbx=0x0000245f0000245f rcx=0x0000571a0000571a rdx=0x0000000000001051
  rsi=0x000023f4000023f4 rdi=0x00000000000014b6 flags=0b000000000010
  xmm0=0x00006f1700006f170000a6c50000a6c5 xmm1=0x0000ad500000ad5000002d7a00002d7a 
  xmm2=0x000066ce000066ce0000391100003911 xmm3=0x00004e7a00004e7a000051d9000051d9 
  xmm4=0x0000454e0000454e0000c0cd0000c0cd xmm5=0x00003bf700003bf70000cdd60000cdd6 
  xmm6=0x00001789000017890000b4af0000b4af xmm7=0x00004aff00004aff0000b6110000b611 

0x305d: and rbx, 0b1111111111111
  rax=0x2000008aec001540 rbx=0x0000245f0000245f rcx=0x0000571a0000571a rdx=0x0000000000001051
  rsi=0x000023f4000023f4 rdi=0x00000000000014b6 flags=0b000000010010
  xmm0=0x00006f1700006f170000a6c50000a6c5 xmm1=0x0000ad500000ad5000002d7a00002d7a 
  xmm2=0x000066ce000066ce0000391100003911 xmm3=0x00004e7a00004e7a000051d9000051d9 
  xmm4=0x0000454e0000454e0000c0cd0000c0cd xmm5=0x00003bf700003bf70000cdd60000cdd6 
  xmm6=0x00001789000017890000b4af0000b4af xmm7=0x00004aff00004aff0000b6110000b611 

0x3064: movsxd rbx, [r14 +rbx]
  rax=0x2000008aec001540 rbx=0x000000000000045f rcx=0x0000571a0000571a rdx=0x0000000000001051
  rsi=0x000023f4000023f4 rdi=0x00000000000014b6 flags=0b000000000110
  xmm0=0x00006f1700006f170000a6c50000a6c5 xmm1=0x0000ad500000ad5000002d7a00002d7a 
  xmm2=0x000066ce000066ce0000391100003911 xmm3=0x00004e7a00004e7a000051d9000051d9 
  xmm4=0x0000454e0000454e0000c0cd0000c0cd xmm5=0x00003bf700003bf70000cdd60000cdd6 
  xmm6=0x00001789000017890000b4af0000b4af xmm7=0x00004aff00004aff0000b6110000b611 

    > load from +0x445f value 0x2e7d00
0x3068: std 
  rax=0x2000008aec001540 rbx=0x00000000002e7d00 rcx=0x0000571a0000571a rdx=0x0000000000001051
  rsi=0x000023f4000023f4 rdi=0x00000000000014b6 flags=0b000000000110
  xmm0=0x00006f1700006f170000a6c50000a6c5 xmm1=0x0000ad500000ad5000002d7a00002d7a 
  xmm2=0x000066ce000066ce0000391100003911 xmm3=0x00004e7a00004e7a000051d9000051d9 
  xmm4=0x0000454e0000454e0000c0cd0000c0cd xmm5=0x00003bf700003bf70000cdd60000cdd6 
  xmm6=0x00001789000017890000b4af0000b4af xmm7=0x00004aff00004aff0000b6110000b611 

0x3069: and rdx, 0b1111111111111
  rax=0x2000008aec001540 rbx=0x00000000002e7d00 rcx=0x0000571a0000571a rdx=0x0000000000001051
  rsi=0x000023f4000023f4 rdi=0x00000000000014b6 flags=0b010000000110
  xmm0=0x00006f1700006f170000a6c50000a6c5 xmm1=0x0000ad500000ad5000002d7a00002d7a 
  xmm2=0x000066ce000066ce0000391100003911 xmm3=0x00004e7a00004e7a000051d9000051d9 
  xmm4=0x0000454e0000454e0000c0cd0000c0cd xmm5=0x00003bf700003bf70000cdd60000cdd6 
  xmm6=0x00001789000017890000b4af0000b4af xmm7=0x00004aff00004aff0000b6110000b611 

0x3070: mov al, [r14 +rdx]
  rax=0x2000008aec001540 rbx=0x00000000002e7d00 rcx=0x0000571a0000571a rdx=0x0000000000001051
  rsi=0x000023f4000023f4 rdi=0x00000000000014b6 flags=0b010000000010
  xmm0=0x00006f1700006f170000a6c50000a6c5 xmm1=0x0000ad500000ad5000002d7a00002d7a 
  xmm2=0x000066ce000066ce0000391100003911 xmm3=0x00004e7a00004e7a000051d9000051d9 
  xmm4=0x0000454e0000454e0000c0cd0000c0cd xmm5=0x00003bf700003bf70000cdd60000cdd6 
  xmm6=0x00001789000017890000b4af0000b4af xmm7=0x00004aff00004aff0000b6110000b611 

    > load from +0x5051 value 0x8a
0x3074: add eax, esi
  rax=0x2000008aec00158a rbx=0x00000000002e7d00 rcx=0x0000571a0000571a rdx=0x0000000000001051
  rsi=0x000023f4000023f4 rdi=0x00000000000014b6 flags=0b010000000010
  xmm0=0x00006f1700006f170000a6c50000a6c5 xmm1=0x0000ad500000ad5000002d7a00002d7a 
  xmm2=0x000066ce000066ce0000391100003911 xmm3=0x00004e7a00004e7a000051d9000051d9 
  xmm4=0x0000454e0000454e0000c0cd0000c0cd xmm5=0x00003bf700003bf70000cdd60000cdd6 
  xmm6=0x00001789000017890000b4af0000b4af xmm7=0x00004aff00004aff0000b6110000b611 

0x3076: and rbx, 0b1111111111111
  rax=0x00000000ec00397e rbx=0x00000000002e7d00 rcx=0x0000571a0000571a rdx=0x0000000000001051
  rsi=0x000023f4000023f4 rdi=0x00000000000014b6 flags=0b010010000110
  xmm0=0x00006f1700006f170000a6c50000a6c5 xmm1=0x0000ad500000ad5000002d7a00002d7a 
  xmm2=0x000066ce000066ce0000391100003911 xmm3=0x00004e7a00004e7a000051d9000051d9 
  xmm4=0x0000454e0000454e0000c0cd0000c0cd xmm5=0x00003bf700003bf70000cdd60000cdd6 
  xmm6=0x00001789000017890000b4af0000b4af xmm7=0x00004aff00004aff0000b6110000b611 

0x307d: imul [r14 +rbx]
  rax=0x00000000ec00397e rbx=0x0000000000001d00 rcx=0x0000571a0000571a rdx=0x0000000000001051
  rsi=0x000023f4000023f4 rdi=0x00000000000014b6 flags=0b010000000110
  xmm0=0x00006f1700006f170000a6c50000a6c5 xmm1=0x0000ad500000ad5000002d7a00002d7a 
  xmm2=0x000066ce000066ce0000391100003911 xmm3=0x00004e7a00004e7a000051d9000051d9 
  xmm4=0x0000454e0000454e0000c0cd0000c0cd xmm5=0x00003bf700003bf70000cdd60000cdd6 
  xmm6=0x00001789000017890000b4af0000b4af xmm7=0x00004aff00004aff0000b6110000b611 

    > load from +0x5d00 value 0x93f
0x3082: add sil, 27
  rax=0x00000000ec009402 rbx=0x0000000000001d00 rcx=0x0000571a0000571a rdx=0x0000000000000213
  rsi=0x000023f4000023f4 rdi=0x00000000000014b6 flags=0b110010000011
  xmm0=0x00006f1700006f170000a6c50000a6c5 xmm1=0x0000ad500000ad5000002d7a00002d7a 
  xmm2=0x000066ce000066ce0000391100003911 xmm3=0x00004e7a00004e7a000051d9000051d9 
  xmm4=0x0000454e0000454e0000c0cd0000c0cd xmm5=0x00003bf700003bf70000cdd60000cdd6 
  xmm6=0x00001789000017890000b4af0000b4af xmm7=0x00004aff00004aff0000b6110000b611 

0x3086: and rcx, 0b1111111111111
  rax=0x00000000ec009402 rbx=0x0000000000001d00 rcx=0x0000571a0000571a rdx=0x0000000000000213
  rsi=0x000023f40000230f rdi=0x00000000000014b6 flags=0b010000000111
  xmm0=0x00006f1700006f170000a6c50000a6c5 xmm1=0x0000ad500000ad5000002d7a00002d7a 
  xmm2=0x000066ce000066ce0000391100003911 xmm3=0x00004e7a00004e7a000051d9000051d9 
  xmm4=0x0000454e0000454e0000c0cd0000c0cd xmm5=0x00003bf700003bf70000cdd60000cdd6 
  xmm6=0x00001789000017890000b4af0000b4af xmm7=0x00004aff00004aff0000b6110000b611 

0x308d: cmovnp ecx, [r14 +rcx]
  rax=0x00000000ec009402 rbx=0x0000000000001d00 rcx=0x000000000000171a rdx=0x0000000000000213
  rsi=0x000023f40000230f rdi=0x00000000000014b6 flags=0b010000000010
  xmm0=0x00006f1700006f170000a6c50000a6c5 xmm1=0x0000ad500000ad5000002d7a00002d7a 
  xmm2=0x000066ce000066ce0000391100003911 xmm3=0x00004e7a00004e7a000051d9000051d9 
  xmm4=0x0000454e0000454e0000c0cd0000c0cd xmm5=0x00003bf700003bf70000cdd60000cdd6 
  xmm6=0x00001789000017890000b4af0000b4af xmm7=0x00004aff00004aff0000b6110000b611 

    > load from +0x571a value 0xc0570000
0x3092: or rbx, 0b1000000000000000000000000000000
  rax=0x00000000ec009402 rbx=0x0000000000001d00 rcx=0x00000000c0570000 rdx=0x0000000000000213
  rsi=0x000023f40000230f rdi=0x00000000000014b6 flags=0b010000000010
  xmm0=0x00006f1700006f170000a6c50000a6c5 xmm1=0x0000ad500000ad5000002d7a00002d7a 
  xmm2=0x000066ce000066ce0000391100003911 xmm3=0x00004e7a00004e7a000051d9000051d9 
  xmm4=0x0000454e0000454e0000c0cd0000c0cd xmm5=0x00003bf700003bf70000cdd60000cdd6 
  xmm6=0x00001789000017890000b4af0000b4af xmm7=0x00004aff00004aff0000b6110000b611 

0x3099: bsr rbx, rbx
  rax=0x00000000ec009402 rbx=0x0000000040001d00 rcx=0x00000000c0570000 rdx=0x0000000000000213
  rsi=0x000023f40000230f rdi=0x00000000000014b6 flags=0b010000000110
  xmm0=0x00006f1700006f170000a6c50000a6c5 xmm1=0x0000ad500000ad5000002d7a00002d7a 
  xmm2=0x000066ce000066ce0000391100003911 xmm3=0x00004e7a00004e7a000051d9000051d9 
  xmm4=0x0000454e0000454e0000c0cd0000c0cd xmm5=0x00003bf700003bf70000cdd60000cdd6 
  xmm6=0x00001789000017890000b4af0000b4af xmm7=0x00004aff00004aff0000b6110000b611 

0x309d: btc ax, 151
  rax=0x00000000ec009402 rbx=0x000000000000001e rcx=0x00000000c0570000 rdx=0x0000000000000213
  rsi=0x000023f40000230f rdi=0x00000000000014b6 flags=0b010000000110
  xmm0=0x00006f1700006f170000a6c50000a6c5 xmm1=0x0000ad500000ad5000002d7a00002d7a 
  xmm2=0x000066ce000066ce0000391100003911 xmm3=0x00004e7a00004e7a000051d9000051d9 
  xmm4=0x0000454e0000454e0000c0cd0000c0cd xmm5=0x00003bf700003bf70000cdd60000cdd6 
  xmm6=0x00001789000017890000b4af0000b4af xmm7=0x00004aff00004aff0000b6110000b611 

0x30a2: and rdx, 0b1111111111111
  rax=0x00000000ec009482 rbx=0x000000000000001e rcx=0x00000000c0570000 rdx=0x0000000000000213
  rsi=0x000023f40000230f rdi=0x00000000000014b6 flags=0b010000000110
  xmm0=0x00006f1700006f170000a6c50000a6c5 xmm1=0x0000ad500000ad5000002d7a00002d7a 
  xmm2=0x000066ce000066ce0000391100003911 xmm3=0x00004e7a00004e7a000051d9000051d9 
  xmm4=0x0000454e0000454e0000c0cd0000c0cd xmm5=0x00003bf700003bf70000cdd60000cdd6 
  xmm6=0x00001789000017890000b4af0000b4af xmm7=0x00004aff00004aff0000b6110000b611 

0x30a9: and rax, [r14 +rdx]
  rax=0x00000000ec009482 rbx=0x000000000000001e rcx=0x00000000c0570000 rdx=0x0000000000000213
  rsi=0x000023f40000230f rdi=0x00000000000014b6 flags=0b010000000010
  xmm0=0x00006f1700006f170000a6c50000a6c5 xmm1=0x0000ad500000ad5000002d7a00002d7a 
  xmm2=0x000066ce000066ce0000391100003911 xmm3=0x00004e7a00004e7a000051d9000051d9 
  xmm4=0x0000454e0000454e0000c0cd0000c0cd xmm5=0x00003bf700003bf70000cdd60000cdd6 
  xmm6=0x00001789000017890000b4af0000b4af xmm7=0x00004aff00004aff0000b6110000b611 

    > load from +0x4213 value 0x5c2a0000be5200
0x30ad: and rax, 0b1111111111111
  rax=0x0000000000001000 rbx=0x000000000000001e rcx=0x00000000c0570000 rdx=0x0000000000000213
  rsi=0x000023f40000230f rdi=0x00000000000014b6 flags=0b010000000110
  xmm0=0x00006f1700006f170000a6c50000a6c5 xmm1=0x0000ad500000ad5000002d7a00002d7a 
  xmm2=0x000066ce000066ce0000391100003911 xmm3=0x00004e7a00004e7a000051d9000051d9 
  xmm4=0x0000454e0000454e0000c0cd0000c0cd xmm5=0x00003bf700003bf70000cdd60000cdd6 
  xmm6=0x00001789000017890000b4af0000b4af xmm7=0x00004aff00004aff0000b6110000b611 

0x30b3: or [r14 +rax], 0b1000000000000000000000000000000
  rax=0x0000000000001000 rbx=0x000000000000001e rcx=0x00000000c0570000 rdx=0x0000000000000213
  rsi=0x000023f40000230f rdi=0x00000000000014b6 flags=0b010000000110
  xmm0=0x00006f1700006f170000a6c50000a6c5 xmm1=0x0000ad500000ad5000002d7a00002d7a 
  xmm2=0x000066ce000066ce0000391100003911 xmm3=0x00004e7a00004e7a000051d9000051d9 
  xmm4=0x0000454e0000454e0000c0cd0000c0cd xmm5=0x00003bf700003bf70000cdd60000cdd6 
  xmm6=0x00001789000017890000b4af0000b4af xmm7=0x00004aff00004aff0000b6110000b611 

    > load from +0x5000 value 0x828400008284
    > store to +0x5000 value 0x828440008284
0x30bb: bsf rdi, [r14 +rax]
  rax=0x0000000000001000 rbx=0x000000000000001e rcx=0x00000000c0570000 rdx=0x0000000000000213
  rsi=0x000023f40000230f rdi=0x00000000000014b6 flags=0b010000000110
  xmm0=0x00006f1700006f170000a6c50000a6c5 xmm1=0x0000ad500000ad5000002d7a00002d7a 
  xmm2=0x000066ce000066ce0000391100003911 xmm3=0x00004e7a00004e7a000051d9000051d9 
  xmm4=0x0000454e0000454e0000c0cd0000c0cd xmm5=0x00003bf700003bf70000cdd60000cdd6 
  xmm6=0x00001789000017890000b4af0000b4af xmm7=0x00004aff00004aff0000b6110000b611 

    > load from +0x5000 value 0x828440008284
0x30c0: and rbx, 0b1111111111111
  rax=0x0000000000001000 rbx=0x000000000000001e rcx=0x00000000c0570000 rdx=0x0000000000000213
  rsi=0x000023f40000230f rdi=0x0000000000000002 flags=0b010000000110
  xmm0=0x00006f1700006f170000a6c50000a6c5 xmm1=0x0000ad500000ad5000002d7a00002d7a 
  xmm2=0x000066ce000066ce0000391100003911 xmm3=0x00004e7a00004e7a000051d9000051d9 
  xmm4=0x0000454e0000454e0000c0cd0000c0cd xmm5=0x00003bf700003bf70000cdd60000cdd6 
  xmm6=0x00001789000017890000b4af0000b4af xmm7=0x00004aff00004aff0000b6110000b611 

0x30c7: mov rdx, [r14 +rbx]
  rax=0x0000000000001000 rbx=0x000000000000001e rcx=0x00000000c0570000 rdx=0x0000000000000213
  rsi=0x000023f40000230f rdi=0x0000000000000002 flags=0b010000000110
  xmm0=0x00006f1700006f170000a6c50000a6c5 xmm1=0x0000ad500000ad5000002d7a00002d7a 
  xmm2=0x000066ce000066ce0000391100003911 xmm3=0x00004e7a00004e7a000051d9000051d9 
  xmm4=0x0000454e0000454e0000c0cd0000c0cd xmm5=0x00003bf700003bf70000cdd60000cdd6 
  xmm6=0x00001789000017890000b4af0000b4af xmm7=0x00004aff00004aff0000b6110000b611 

    > load from +0x401e value 0x91e1000091e10000
0x30cb: and rdi, 0b1111111111111
  rax=0x0000000000001000 rbx=0x000000000000001e rcx=0x00000000c0570000 rdx=0x91e1000091e10000
  rsi=0x000023f40000230f rdi=0x0000000000000002 flags=0b010000000110
  xmm0=0x00006f1700006f170000a6c50000a6c5 xmm1=0x0000ad500000ad5000002d7a00002d7a 
  xmm2=0x000066ce000066ce0000391100003911 xmm3=0x00004e7a00004e7a000051d9000051d9 
  xmm4=0x0000454e0000454e0000c0cd0000c0cd xmm5=0x00003bf700003bf70000cdd60000cdd6 
  xmm6=0x00001789000017890000b4af0000b4af xmm7=0x00004aff00004aff0000b6110000b611 

0x30d2: or [r14 +rdi], 1
  rax=0x0000000000001000 rbx=0x000000000000001e rcx=0x00000000c0570000 rdx=0x91e1000091e10000
  rsi=0x000023f40000230f rdi=0x0000000000000002 flags=0b010000000010
  xmm0=0x00006f1700006f170000a6c50000a6c5 xmm1=0x0000ad500000ad5000002d7a00002d7a 
  xmm2=0x000066ce000066ce0000391100003911 xmm3=0x00004e7a00004e7a000051d9000051d9 
  xmm4=0x0000454e0000454e0000c0cd0000c0cd xmm5=0x00003bf700003bf70000cdd60000cdd6 
  xmm6=0x00001789000017890000b4af0000b4af xmm7=0x00004aff00004aff0000b6110000b611 

    > load from +0x4002 value 0x755b0000
    > store to +0x4002 value 0x755b0001
0x30d7: and edx, [r14 +rdi]
  rax=0x0000000000001000 rbx=0x000000000000001e rcx=0x00000000c0570000 rdx=0x91e1000091e10000
  rsi=0x000023f40000230f rdi=0x0000000000000002 flags=0b010000000010
  xmm0=0x00006f1700006f170000a6c50000a6c5 xmm1=0x0000ad500000ad5000002d7a00002d7a 
  xmm2=0x000066ce000066ce0000391100003911 xmm3=0x00004e7a00004e7a000051d9000051d9 
  xmm4=0x0000454e0000454e0000c0cd0000c0cd xmm5=0x00003bf700003bf70000cdd60000cdd6 
  xmm6=0x00001789000017890000b4af0000b4af xmm7=0x00004aff00004aff0000b6110000b611 

    > load from +0x4002 value 0x755b0001
0x30db: shr edx, 1
  rax=0x0000000000001000 rbx=0x000000000000001e rcx=0x00000000c0570000 rdx=0x0000000011410000
  rsi=0x000023f40000230f rdi=0x0000000000000002 flags=0b010000000110
  xmm0=0x00006f1700006f170000a6c50000a6c5 xmm1=0x0000ad500000ad5000002d7a00002d7a 
  xmm2=0x000066ce000066ce0000391100003911 xmm3=0x00004e7a00004e7a000051d9000051d9 
  xmm4=0x0000454e0000454e0000c0cd0000c0cd xmm5=0x00003bf700003bf70000cdd60000cdd6 
  xmm6=0x00001789000017890000b4af0000b4af xmm7=0x00004aff00004aff0000b6110000b611 

0x30dd: div [r14 +rdi]
  rax=0x0000000000001000 rbx=0x000000000000001e rcx=0x00000000c0570000 rdx=0x0000000008a08000
  rsi=0x000023f40000230f rdi=0x0000000000000002 flags=0b010000000110
  xmm0=0x00006f1700006f170000a6c50000a6c5 xmm1=0x0000ad500000ad5000002d7a00002d7a 
  xmm2=0x000066ce000066ce0000391100003911 xmm3=0x00004e7a00004e7a000051d9000051d9 
  xmm4=0x0000454e0000454e0000c0cd0000c0cd xmm5=0x00003bf700003bf70000cdd60000cdd6 
  xmm6=0x00001789000017890000b4af0000b4af xmm7=0x00004aff00004aff0000b6110000b611 

    > load from +0x4002 value 0x755b0001
0x30e1: test rax, -2026387253
  rax=0x0000000012d1a2f7 rbx=0x000000000000001e rcx=0x00000000c0570000 rdx=0x000000001c616d09
  rsi=0x000023f40000230f rdi=0x0000000000000002 flags=0b010000000110
  xmm0=0x00006f1700006f170000a6c50000a6c5 xmm1=0x0000ad500000ad5000002d7a00002d7a 
  xmm2=0x000066ce000066ce0000391100003911 xmm3=0x00004e7a00004e7a000051d9000051d9 
  xmm4=0x0000454e0000454e0000c0cd0000c0cd xmm5=0x00003bf700003bf70000cdd60000cdd6 
  xmm6=0x00001789000017890000b4af0000b4af xmm7=0x00004aff00004aff0000b6110000b611 

0x30e7: and rbx, 0b1111111111111
  rax=0x0000000012d1a2f7 rbx=0x000000000000001e rcx=0x00000000c0570000 rdx=0x000000001c616d09
  rsi=0x000023f40000230f rdi=0x0000000000000002 flags=0b010000000110
  xmm0=0x00006f1700006f170000a6c50000a6c5 xmm1=0x0000ad500000ad5000002d7a00002d7a 
  xmm2=0x000066ce000066ce0000391100003911 xmm3=0x00004e7a00004e7a000051d9000051d9 
  xmm4=0x0000454e0000454e0000c0cd0000c0cd xmm5=0x00003bf700003bf70000cdd60000cdd6 
  xmm6=0x00001789000017890000b4af0000b4af xmm7=0x00004aff00004aff0000b6110000b611 

0x30ee: cmovp edx, [r14 +rbx]
  rax=0x0000000012d1a2f7 rbx=0x000000000000001e rcx=0x00000000c0570000 rdx=0x000000001c616d09
  rsi=0x000023f40000230f rdi=0x0000000000000002 flags=0b010000000110
  xmm0=0x00006f1700006f170000a6c50000a6c5 xmm1=0x0000ad500000ad5000002d7a00002d7a 
  xmm2=0x000066ce000066ce0000391100003911 xmm3=0x00004e7a00004e7a000051d9000051d9 
  xmm4=0x0000454e0000454e0000c0cd0000c0cd xmm5=0x00003bf700003bf70000cdd60000cdd6 
  xmm6=0x00001789000017890000b4af0000b4af xmm7=0x00004aff00004aff0000b6110000b611 

    > load from +0x401e value 0x91e10000
0x30f3: and rcx, 0b1111111111111
  rax=0x0000000012d1a2f7 rbx=0x000000000000001e rcx=0x00000000c0570000 rdx=0x0000000091e10000
  rsi=0x000023f40000230f rdi=0x0000000000000002 flags=0b010000000110
  xmm0=0x00006f1700006f170000a6c50000a6c5 xmm1=0x0000ad500000ad5000002d7a00002d7a 
  xmm2=0x000066ce000066ce0000391100003911 xmm3=0x00004e7a00004e7a000051d9000051d9 
  xmm4=0x0000454e0000454e0000c0cd0000c0cd xmm5=0x00003bf700003bf70000cdd60000cdd6 
  xmm6=0x00001789000017890000b4af0000b4af xmm7=0x00004aff00004aff0000b6110000b611 

0x30fa: or [r14 +rcx], 0b1000000000000000
  rax=0x0000000012d1a2f7 rbx=0x000000000000001e rcx=0x0000000000000000 rdx=0x0000000091e10000
  rsi=0x000023f40000230f rdi=0x0000000000000002 flags=0b010001000110
  xmm0=0x00006f1700006f170000a6c50000a6c5 xmm1=0x0000ad500000ad5000002d7a00002d7a 
  xmm2=0x000066ce000066ce0000391100003911 xmm3=0x00004e7a00004e7a000051d9000051d9 
  xmm4=0x0000454e0000454e0000c0cd0000c0cd xmm5=0x00003bf700003bf70000cdd60000cdd6 
  xmm6=0x00001789000017890000b4af0000b4af xmm7=0x00004aff00004aff0000b6110000b611 

    > load from +0x4000 value 0x755b
    > store to +0x4000 value 0xf55b
0x3101: bsf dx, [r14 +rcx]
  rax=0x0000000012d1a2f7 rbx=0x000000000000001e rcx=0x0000000000000000 rdx=0x0000000091e10000
  rsi=0x000023f40000230f rdi=0x0000000000000002 flags=0b010010000010
  xmm0=0x00006f1700006f170000a6c50000a6c5 xmm1=0x0000ad500000ad5000002d7a00002d7a 
  xmm2=0x000066ce000066ce0000391100003911 xmm3=0x00004e7a00004e7a000051d9000051d9 
  xmm4=0x0000454e0000454e0000c0cd0000c0cd xmm5=0x00003bf700003bf70000cdd60000cdd6 
  xmm6=0x00001789000017890000b4af0000b4af xmm7=0x00004aff00004aff0000b6110000b611 

    > load from +0x4000 value 0xf55b
0x3107: imul si, bx
  rax=0x0000000012d1a2f7 rbx=0x000000000000001e rcx=0x0000000000000000 rdx=0x0000000091e10000
  rsi=0x000023f40000230f rdi=0x0000000000000002 flags=0b010010000010
  xmm0=0x00006f1700006f170000a6c50000a6c5 xmm1=0x0000ad500000ad5000002d7a00002d7a 
  xmm2=0x000066ce000066ce0000391100003911 xmm3=0x00004e7a00004e7a000051d9000051d9 
  xmm4=0x0000454e0000454e0000c0cd0000c0cd xmm5=0x00003bf700003bf70000cdd60000cdd6 
  xmm6=0x00001789000017890000b4af0000b4af xmm7=0x00004aff00004aff0000b6110000b611 

0x310b: add dil, 60
  rax=0x0000000012d1a2f7 rbx=0x000000000000001e rcx=0x0000000000000000 rdx=0x0000000091e10000
  rsi=0x000023f400001bc2 rdi=0x0000000000000002 flags=0b110000000011
  xmm0=0x00006f1700006f170000a6c50000a6c5 xmm1=0x0000ad500000ad5000002d7a00002d7a 
  xmm2=0x000066ce000066ce0000391100003911 xmm3=0x00004e7a00004e7a000051d9000051d9 
  xmm4=0x0000454e0000454e0000c0cd0000c0cd xmm5=0x00003bf700003bf70000cdd60000cdd6 
  xmm6=0x00001789000017890000b4af0000b4af xmm7=0x00004aff00004aff0000b6110000b611 

0x310f: and rdi, 0b1111111111111
  rax=0x0000000012d1a2f7 rbx=0x000000000000001e rcx=0x0000000000000000 rdx=0x0000000091e10000
  rsi=0x000023f400001bc2 rdi=0x000000000000003e flags=0b010000000010
  xmm0=0x00006f1700006f170000a6c50000a6c5 xmm1=0x0000ad500000ad5000002d7a00002d7a 
  xmm2=0x000066ce000066ce0000391100003911 xmm3=0x00004e7a00004e7a000051d9000051d9 
  xmm4=0x0000454e0000454e0000c0cd0000c0cd xmm5=0x00003bf700003bf70000cdd60000cdd6 
  xmm6=0x00001789000017890000b4af0000b4af xmm7=0x00004aff00004aff0000b6110000b611 

0x3116: cmovl ecx, [r14 +rdi]
  rax=0x0000000012d1a2f7 rbx=0x000000000000001e rcx=0x0000000000000000 rdx=0x0000000091e10000
  rsi=0x000023f400001bc2 rdi=0x000000000000003e flags=0b010000000010
  xmm0=0x00006f1700006f170000a6c50000a6c5 xmm1=0x0000ad500000ad5000002d7a00002d7a 
  xmm2=0x000066ce000066ce0000391100003911 xmm3=0x00004e7a00004e7a000051d9000051d9 
  xmm4=0x0000454e0000454e0000c0cd0000c0cd xmm5=0x00003bf700003bf70000cdd60000cdd6 
  xmm6=0x00001789000017890000b4af0000b4af xmm7=0x00004aff00004aff0000b6110000b611 

    > load from +0x403e value 0xe3af0000
0x311b: and rcx, 0b1111111111111
  rax=0x0000000012d1a2f7 rbx=0x000000000000001e rcx=0x0000000000000000 rdx=0x0000000091e10000
  rsi=0x000023f400001bc2 rdi=0x000000000000003e flags=0b010000000010
  xmm0=0x00006f1700006f170000a6c50000a6c5 xmm1=0x0000ad500000ad5000002d7a00002d7a 
  xmm2=0x000066ce000066ce0000391100003911 xmm3=0x00004e7a00004e7a000051d9000051d9 
  xmm4=0x0000454e0000454e0000c0cd0000c0cd xmm5=0x00003bf700003bf70000cdd60000cdd6 
  xmm6=0x00001789000017890000b4af0000b4af xmm7=0x00004aff00004aff0000b6110000b611 

0x3122: cmp [r14 +rcx], 107
  rax=0x0000000012d1a2f7 rbx=0x000000000000001e rcx=0x0000000000000000 rdx=0x0000000091e10000
  rsi=0x000023f400001bc2 rdi=0x000000000000003e flags=0b010001000110
  xmm0=0x00006f1700006f170000a6c50000a6c5 xmm1=0x0000ad500000ad5000002d7a00002d7a 
  xmm2=0x000066ce000066ce0000391100003911 xmm3=0x00004e7a00004e7a000051d9000051d9 
  xmm4=0x0000454e0000454e0000c0cd0000c0cd xmm5=0x00003bf700003bf70000cdd60000cdd6 
  xmm6=0x00001789000017890000b4af0000b4af xmm7=0x00004aff00004aff0000b6110000b611 

    > load from +0x4000 value 0x755b0001f55b
0x3127: and rdx, 0b1111111111111
  rax=0x0000000012d1a2f7 rbx=0x000000000000001e rcx=0x0000000000000000 rdx=0x0000000091e10000
  rsi=0x000023f400001bc2 rdi=0x000000000000003e flags=0b010000000110
  xmm0=0x00006f1700006f170000a6c50000a6c5 xmm1=0x0000ad500000ad5000002d7a00002d7a 
  xmm2=0x000066ce000066ce0000391100003911 xmm3=0x00004e7a00004e7a000051d9000051d9 
  xmm4=0x0000454e0000454e0000c0cd0000c0cd xmm5=0x00003bf700003bf70000cdd60000cdd6 
  xmm6=0x00001789000017890000b4af0000b4af xmm7=0x00004aff00004aff0000b6110000b611 

0x312e: or [r14 +rdx], 0b1000000000000000
  rax=0x0000000012d1a2f7 rbx=0x000000000000001e rcx=0x0000000000000000 rdx=0x0000000000000000
  rsi=0x000023f400001bc2 rdi=0x000000000000003e flags=0b010001000110
  xmm0=0x00006f1700006f170000a6c50000a6c5 xmm1=0x0000ad500000ad5000002d7a00002d7a 
  xmm2=0x000066ce000066ce0000391100003911 xmm3=0x00004e7a00004e7a000051d9000051d9 
  xmm4=0x0000454e0000454e0000c0cd0000c0cd xmm5=0x00003bf700003bf70000cdd60000cdd6 
  xmm6=0x00001789000017890000b4af0000b4af xmm7=0x00004aff00004aff0000b6110000b611 

    > load from +0x4000 value 0xf55b
    > store to +0x4000 value 0xf55b
0x3135: bsr si, [r14 +rdx]
  rax=0x0000000012d1a2f7 rbx=0x000000000000001e rcx=0x0000000000000000 rdx=0x0000000000000000
  rsi=0x000023f400001bc2 rdi=0x000000000000003e flags=0b010010000010
  xmm0=0x00006f1700006f170000a6c50000a6c5 xmm1=0x0000ad500000ad5000002d7a00002d7a 
  xmm2=0x000066ce000066ce0000391100003911 xmm3=0x00004e7a00004e7a000051d9000051d9 
  xmm4=0x0000454e0000454e0000c0cd0000c0cd xmm5=0x00003bf700003bf70000cdd60000cdd6 
  xmm6=0x00001789000017890000b4af0000b4af xmm7=0x00004aff00004aff0000b6110000b611 

    > load from +0x4000 value 0xf55b
0x313b: add dil, 8
  rax=0x0000000012d1a2f7 rbx=0x000000000000001e rcx=0x0000000000000000 rdx=0x0000000000000000
  rsi=0x000023f40000000f rdi=0x000000000000003e flags=0b010010000010
  xmm0=0x00006f1700006f170000a6c50000a6c5 xmm1=0x0000ad500000ad5000002d7a00002d7a 
  xmm2=0x000066ce000066ce0000391100003911 xmm3=0x00004e7a00004e7a000051d9000051d9 
  xmm4=0x0000454e0000454e0000c0cd0000c0cd xmm5=0x00003bf700003bf70000cdd60000cdd6 
  xmm6=0x00001789000017890000b4af0000b4af xmm7=0x00004aff00004aff0000b6110000b611 

0x313f: cmovno esi, ecx
  rax=0x0000000012d1a2f7 rbx=0x000000000000001e rcx=0x0000000000000000 rdx=0x0000000000000000
  rsi=0x000023f40000000f rdi=0x0000000000000046 flags=0b010000010010
  xmm0=0x00006f1700006f170000a6c50000a6c5 xmm1=0x0000ad500000ad5000002d7a00002d7a 
  xmm2=0x000066ce000066ce0000391100003911 xmm3=0x00004e7a00004e7a000051d9000051d9 
  xmm4=0x0000454e0000454e0000c0cd0000c0cd xmm5=0x00003bf700003bf70000cdd60000cdd6 
  xmm6=0x00001789000017890000b4af0000b4af xmm7=0x00004aff00004aff0000b6110000b611 

0x3142: cwd 
  rax=0x0000000012d1a2f7 rbx=0x000000000000001e rcx=0x0000000000000000 rdx=0x0000000000000000
  rsi=0x0000000000000000 rdi=0x0000000000000046 flags=0b010000010010
  xmm0=0x00006f1700006f170000a6c50000a6c5 xmm1=0x0000ad500000ad5000002d7a00002d7a 
  xmm2=0x000066ce000066ce0000391100003911 xmm3=0x00004e7a00004e7a000051d9000051d9 
  xmm4=0x0000454e0000454e0000c0cd0000c0cd xmm5=0x00003bf700003bf70000cdd60000cdd6 
  xmm6=0x00001789000017890000b4af0000b4af xmm7=0x00004aff00004aff0000b6110000b611 

0x3144: and rbx, 0b1111111111111
  rax=0x0000000012d1a2f7 rbx=0x000000000000001e rcx=0x0000000000000000 rdx=0x000000000000ffff
  rsi=0x0000000000000000 rdi=0x0000000000000046 flags=0b010000010010
  xmm0=0x00006f1700006f170000a6c50000a6c5 xmm1=0x0000ad500000ad5000002d7a00002d7a 
  xmm2=0x000066ce000066ce0000391100003911 xmm3=0x00004e7a00004e7a000051d9000051d9 
  xmm4=0x0000454e0000454e0000c0cd0000c0cd xmm5=0x00003bf700003bf70000cdd60000cdd6 
  xmm6=0x00001789000017890000b4af0000b4af xmm7=0x00004aff00004aff0000b6110000b611 

0x314b: test [r14 +rbx], -878561607
  rax=0x0000000012d1a2f7 rbx=0x000000000000001e rcx=0x0000000000000000 rdx=0x000000000000ffff
  rsi=0x0000000000000000 rdi=0x0000000000000046 flags=0b010000000110
  xmm0=0x00006f1700006f170000a6c50000a6c5 xmm1=0x0000ad500000ad5000002d7a00002d7a 
  xmm2=0x000066ce000066ce0000391100003911 xmm3=0x00004e7a00004e7a000051d9000051d9 
  xmm4=0x0000454e0000454e0000c0cd0000c0cd xmm5=0x00003bf700003bf70000cdd60000cdd6 
  xmm6=0x00001789000017890000b4af0000b4af xmm7=0x00004aff00004aff0000b6110000b611 

    > load from +0x401e value 0x91e1000091e10000
0x3153: and rdi, 0b1111111111111
  rax=0x0000000012d1a2f7 rbx=0x000000000000001e rcx=0x0000000000000000 rdx=0x000000000000ffff
  rsi=0x0000000000000000 rdi=0x0000000000000046 flags=0b010010000110
  xmm0=0x00006f1700006f170000a6c50000a6c5 xmm1=0x0000ad500000ad5000002d7a00002d7a 
  xmm2=0x000066ce000066ce0000391100003911 xmm3=0x00004e7a00004e7a000051d9000051d9 
  xmm4=0x0000454e0000454e0000c0cd0000c0cd xmm5=0x00003bf700003bf70000cdd60000cdd6 
  xmm6=0x00001789000017890000b4af0000b4af xmm7=0x00004aff00004aff0000b6110000b611 

0x315a: and esi, [r14 +rdi]
  rax=0x0000000012d1a2f7 rbx=0x000000000000001e rcx=0x0000000000000000 rdx=0x000000000000ffff
  rsi=0x0000000000000000 rdi=0x0000000000000046 flags=0b010000000010
  xmm0=0x00006f1700006f170000a6c50000a6c5 xmm1=0x0000ad500000ad5000002d7a00002d7a 
  xmm2=0x000066ce000066ce0000391100003911 xmm3=0x00004e7a00004e7a000051d9000051d9 
  xmm4=0x0000454e0000454e0000c0cd0000c0cd xmm5=0x00003bf700003bf70000cdd60000cdd6 
  xmm6=0x00001789000017890000b4af0000b4af xmm7=0x00004aff00004aff0000b6110000b611 

    > load from +0x4046 value 0x1a410000
0x315e: sbb cl, bl
  rax=0x0000000012d1a2f7 rbx=0x000000000000001e rcx=0x0000000000000000 rdx=0x000000000000ffff
  rsi=0x0000000000000000 rdi=0x0000000000000046 flags=0b010001000110
  xmm0=0x00006f1700006f170000a6c50000a6c5 xmm1=0x0000ad500000ad5000002d7a00002d7a 
  xmm2=0x000066ce000066ce0000391100003911 xmm3=0x00004e7a00004e7a000051d9000051d9 
  xmm4=0x0000454e0000454e0000c0cd0000c0cd xmm5=0x00003bf700003bf70000cdd60000cdd6 
  xmm6=0x00001789000017890000b4af0000b4af xmm7=0x00004aff00004aff0000b6110000b611 

0x3160: sbb cx, bx
  rax=0x0000000012d1a2f7 rbx=0x000000000000001e rcx=0x00000000000000e2 rdx=0x000000000000ffff
  rsi=0x0000000000000000 rdi=0x0000000000000046 flags=0b010010010111
  xmm0=0x00006f1700006f170000a6c50000a6c5 xmm1=0x0000ad500000ad5000002d7a00002d7a 
  xmm2=0x000066ce000066ce0000391100003911 xmm3=0x00004e7a00004e7a000051d9000051d9 
  xmm4=0x0000454e0000454e0000c0cd0000c0cd xmm5=0x00003bf700003bf70000cdd60000cdd6 
  xmm6=0x00001789000017890000b4af0000b4af xmm7=0x00004aff00004aff0000b6110000b611 

0x3163: setno bl
  rax=0x0000000012d1a2f7 rbx=0x000000000000001e rcx=0x00000000000000c3 rdx=0x000000000000ffff
  rsi=0x0000000000000000 rdi=0x0000000000000046 flags=0b010000010110
  xmm0=0x00006f1700006f170000a6c50000a6c5 xmm1=0x0000ad500000ad5000002d7a00002d7a 
  xmm2=0x000066ce000066ce0000391100003911 xmm3=0x00004e7a00004e7a000051d9000051d9 
  xmm4=0x0000454e0000454e0000c0cd0000c0cd xmm5=0x00003bf700003bf70000cdd60000cdd6 
  xmm6=0x00001789000017890000b4af0000b4af xmm7=0x00004aff00004aff0000b6110000b611 

0x3166: and rdx, 0b1111111111111
  rax=0x0000000012d1a2f7 rbx=0x0000000000000001 rcx=0x00000000000000c3 rdx=0x000000000000ffff
  rsi=0x0000000000000000 rdi=0x0000000000000046 flags=0b010000010110
  xmm0=0x00006f1700006f170000a6c50000a6c5 xmm1=0x0000ad500000ad5000002d7a00002d7a 
  xmm2=0x000066ce000066ce0000391100003911 xmm3=0x00004e7a00004e7a000051d9000051d9 
  xmm4=0x0000454e0000454e0000c0cd0000c0cd xmm5=0x00003bf700003bf70000cdd60000cdd6 
  xmm6=0x00001789000017890000b4af0000b4af xmm7=0x00004aff00004aff0000b6110000b611 

0x316d: cmovno rdx, [r14 +rdx]
  rax=0x0000000012d1a2f7 rbx=0x0000000000000001 rcx=0x00000000000000c3 rdx=0x0000000000001fff
  rsi=0x0000000000000000 rdi=0x0000000000000046 flags=0b010000000110
  xmm0=0x00006f1700006f170000a6c50000a6c5 xmm1=0x0000ad500000ad5000002d7a00002d7a 
  xmm2=0x000066ce000066ce0000391100003911 xmm3=0x00004e7a00004e7a000051d9000051d9 
  xmm4=0x0000454e0000454e0000c0cd0000c0cd xmm5=0x00003bf700003bf70000cdd60000cdd6 
  xmm6=0x00001789000017890000b4af0000b4af xmm7=0x00004aff00004aff0000b6110000b611 

    > load from +0x5fff value 0xfd400000fd4000
0x3172: and rbx, 0b1111111111111
  rax=0x0000000012d1a2f7 rbx=0x0000000000000001 rcx=0x00000000000000c3 rdx=0x00fd400000fd4000
  rsi=0x0000000000000000 rdi=0x0000000000000046 flags=0b010000000110
  xmm0=0x00006f1700006f170000a6c50000a6c5 xmm1=0x0000ad500000ad5000002d7a00002d7a 
  xmm2=0x000066ce000066ce0000391100003911 xmm3=0x00004e7a00004e7a000051d9000051d9 
  xmm4=0x0000454e0000454e0000c0cd0000c0cd xmm5=0x00003bf700003bf70000cdd60000cdd6 
  xmm6=0x00001789000017890000b4af0000b4af xmm7=0x00004aff00004aff0000b6110000b611 

0x3179: cmovle dx, [r14 +rbx]
  rax=0x0000000012d1a2f7 rbx=0x0000000000000001 rcx=0x00000000000000c3 rdx=0x00fd400000fd4000
  rsi=0x0000000000000000 rdi=0x0000000000000046 flags=0b010000000010
  xmm0=0x00006f1700006f170000a6c50000a6c5 xmm1=0x0000ad500000ad5000002d7a00002d7a 
  xmm2=0x000066ce000066ce0000391100003911 xmm3=0x00004e7a00004e7a000051d9000051d9 
  xmm4=0x0000454e0000454e0000c0cd0000c0cd xmm5=0x00003bf700003bf70000cdd60000cdd6 
  xmm6=0x00001789000017890000b4af0000b4af xmm7=0x00004aff00004aff0000b6110000b611 

    > load from +0x4001 value 0x1f5
0x317f: xor bl, -14
  rax=0x0000000012d1a2f7 rbx=0x0000000000000001 rcx=0x00000000000000c3 rdx=0x00fd400000fd4000
  rsi=0x0000000000000000 rdi=0x0000000000000046 flags=0b010000000010
  xmm0=0x00006f1700006f170000a6c50000a6c5 xmm1=0x0000ad500000ad5000002d7a00002d7a 
  xmm2=0x000066ce000066ce0000391100003911 xmm3=0x00004e7a00004e7a000051d9000051d9 
  xmm4=0x0000454e0000454e0000c0cd0000c0cd xmm5=0x00003bf700003bf70000cdd60000cdd6 
  xmm6=0x00001789000017890000b4af0000b4af xmm7=0x00004aff00004aff0000b6110000b611 

0x3182: and rdx, 0b1111111111111
  rax=0x0000000012d1a2f7 rbx=0x00000000000000f3 rcx=0x00000000000000c3 rdx=0x00fd400000fd4000
  rsi=0x0000000000000000 rdi=0x0000000000000046 flags=0b010010000110
  xmm0=0x00006f1700006f170000a6c50000a6c5 xmm1=0x0000ad500000ad5000002d7a00002d7a 
  xmm2=0x000066ce000066ce0000391100003911 xmm3=0x00004e7a00004e7a000051d9000051d9 
  xmm4=0x0000454e0000454e0000c0cd0000c0cd xmm5=0x00003bf700003bf70000cdd60000cdd6 
  xmm6=0x00001789000017890000b4af0000b4af xmm7=0x00004aff00004aff0000b6110000b611 

0x3189: mov eax, [r14 +rdx]
  rax=0x0000000012d1a2f7 rbx=0x00000000000000f3 rcx=0x00000000000000c3 rdx=0x0000000000000000
  rsi=0x0000000000000000 rdi=0x0000000000000046 flags=0b010001000110
  xmm0=0x00006f1700006f170000a6c50000a6c5 xmm1=0x0000ad500000ad5000002d7a00002d7a 
  xmm2=0x000066ce000066ce0000391100003911 xmm3=0x00004e7a00004e7a000051d9000051d9 
  xmm4=0x0000454e0000454e0000c0cd0000c0cd xmm5=0x00003bf700003bf70000cdd60000cdd6 
  xmm6=0x00001789000017890000b4af0000b4af xmm7=0x00004aff00004aff0000b6110000b611 

    > load from +0x4000 value 0x1f55b
0x318d: and rdx, 0b1111111111111
  rax=0x000000000001f55b rbx=0x00000000000000f3 rcx=0x00000000000000c3 rdx=0x0000000000000000
  rsi=0x0000000000000000 rdi=0x0000000000000046 flags=0b010001000110
  xmm0=0x00006f1700006f170000a6c50000a6c5 xmm1=0x0000ad500000ad5000002d7a00002d7a 
  xmm2=0x000066ce000066ce0000391100003911 xmm3=0x00004e7a00004e7a000051d9000051d9 
  xmm4=0x0000454e0000454e0000c0cd0000c0cd xmm5=0x00003bf700003bf70000cdd60000cdd6 
  xmm6=0x00001789000017890000b4af0000b4af xmm7=0x00004aff00004aff0000b6110000b611 

0x3194: or [r14 +rdx], 0b1000
  rax=0x000000000001f55b rbx=0x00000000000000f3 rcx=0x00000000000000c3 rdx=0x0000000000000000
  rsi=0x0000000000000000 rdi=0x0000000000000046 flags=0b010001000110
  xmm0=0x00006f1700006f170000a6c50000a6c5 xmm1=0x0000ad500000ad5000002d7a00002d7a 
  xmm2=0x000066ce000066ce0000391100003911 xmm3=0x00004e7a00004e7a000051d9000051d9 
  xmm4=0x0000454e0000454e0000c0cd0000c0cd xmm5=0x00003bf700003bf70000cdd60000cdd6 
  xmm6=0x00001789000017890000b4af0000b4af xmm7=0x00004aff00004aff0000b6110000b611 

    > load from +0x4000 value 0x1f55b
    > store to +0x4000 value 0x1f55b
0x3199: and [r14 +rdx], 0b11111000
  rax=0x000000000001f55b rbx=0x00000000000000f3 rcx=0x00000000000000c3 rdx=0x0000000000000000
  rsi=0x0000000000000000 rdi=0x0000000000000046 flags=0b010000000010
  xmm0=0x00006f1700006f170000a6c50000a6c5 xmm1=0x0000ad500000ad5000002d7a00002d7a 
  xmm2=0x000066ce000066ce0000391100003911 xmm3=0x00004e7a00004e7a000051d9000051d9 
  xmm4=0x0000454e0000454e0000c0cd0000c0cd xmm5=0x00003bf700003bf70000cdd60000cdd6 
  xmm6=0x00001789000017890000b4af0000b4af xmm7=0x00004aff00004aff0000b6110000b611 

    > load from +0x4000 value 0x5b
    > store to +0x4000 value 0x58
0x319e: add sil, -101
  rax=0x000000000001f55b rbx=0x00000000000000f3 rcx=0x00000000000000c3 rdx=0x0000000000000000
  rsi=0x0000000000000000 rdi=0x0000000000000046 flags=0b010000000010
  xmm0=0x00006f1700006f170000a6c50000a6c5 xmm1=0x0000ad500000ad5000002d7a00002d7a 
  xmm2=0x000066ce000066ce0000391100003911 xmm3=0x00004e7a00004e7a000051d9000051d9 
  xmm4=0x0000454e0000454e0000c0cd0000c0cd xmm5=0x00003bf700003bf70000cdd60000cdd6 
  xmm6=0x00001789000017890000b4af0000b4af xmm7=0x00004aff00004aff0000b6110000b611 

0x31a2: and rbx, 0b1111111111111
  rax=0x000000000001f55b rbx=0x00000000000000f3 rcx=0x00000000000000c3 rdx=0x0000000000000000
  rsi=0x000000000000009b rdi=0x0000000000000046 flags=0b010010000010
  xmm0=0x00006f1700006f170000a6c50000a6c5 xmm1=0x0000ad500000ad5000002d7a00002d7a 
  xmm2=0x000066ce000066ce0000391100003911 xmm3=0x00004e7a00004e7a000051d9000051d9 
  xmm4=0x0000454e0000454e0000c0cd0000c0cd xmm5=0x00003bf700003bf70000cdd60000cdd6 
  xmm6=0x00001789000017890000b4af0000b4af xmm7=0x00004aff00004aff0000b6110000b611 

0x31a9: movzx dx, [r14 +rbx]
  rax=0x000000000001f55b rbx=0x00000000000000f3 rcx=0x00000000000000c3 rdx=0x0000000000000000
  rsi=0x000000000000009b rdi=0x0000000000000046 flags=0b010000000110
  xmm0=0x00006f1700006f170000a6c50000a6c5 xmm1=0x0000ad500000ad5000002d7a00002d7a 
  xmm2=0x000066ce000066ce0000391100003911 xmm3=0x00004e7a00004e7a000051d9000051d9 
  xmm4=0x0000454e0000454e0000c0cd0000c0cd xmm5=0x00003bf700003bf70000cdd60000cdd6 
  xmm6=0x00001789000017890000b4af0000b4af xmm7=0x00004aff00004aff0000b6110000b611 

    > load from +0x40f3 value 0x0
0x31af: setle cl
  rax=0x000000000001f55b rbx=0x00000000000000f3 rcx=0x00000000000000c3 rdx=0x0000000000000000
  rsi=0x000000000000009b rdi=0x0000000000000046 flags=0b010000000110
  xmm0=0x00006f1700006f170000a6c50000a6c5 xmm1=0x0000ad500000ad5000002d7a00002d7a 
  xmm2=0x000066ce000066ce0000391100003911 xmm3=0x00004e7a00004e7a000051d9000051d9 
  xmm4=0x0000454e0000454e0000c0cd0000c0cd xmm5=0x00003bf700003bf70000cdd60000cdd6 
  xmm6=0x00001789000017890000b4af0000b4af xmm7=0x00004aff00004aff0000b6110000b611 

0x31b2: btc di, 216
  rax=0x000000000001f55b rbx=0x00000000000000f3 rcx=0x0000000000000000 rdx=0x0000000000000000
  rsi=0x000000000000009b rdi=0x0000000000000046 flags=0b010000000110
  xmm0=0x00006f1700006f170000a6c50000a6c5 xmm1=0x0000ad500000ad5000002d7a00002d7a 
  xmm2=0x000066ce000066ce0000391100003911 xmm3=0x00004e7a00004e7a000051d9000051d9 
  xmm4=0x0000454e0000454e0000c0cd0000c0cd xmm5=0x00003bf700003bf70000cdd60000cdd6 
  xmm6=0x00001789000017890000b4af0000b4af xmm7=0x00004aff00004aff0000b6110000b611 

0x31b7: add dil, 43
  rax=0x000000000001f55b rbx=0x00000000000000f3 rcx=0x0000000000000000 rdx=0x0000000000000000
  rsi=0x000000000000009b rdi=0x0000000000000146 flags=0b010000000110
  xmm0=0x00006f1700006f170000a6c50000a6c5 xmm1=0x0000ad500000ad5000002d7a00002d7a 
  xmm2=0x000066ce000066ce0000391100003911 xmm3=0x00004e7a00004e7a000051d9000051d9 
  xmm4=0x0000454e0000454e0000c0cd0000c0cd xmm5=0x00003bf700003bf70000cdd60000cdd6 
  xmm6=0x00001789000017890000b4af0000b4af xmm7=0x00004aff00004aff0000b6110000b611 

0x31bb: and rcx, 0b1111111111111
  rax=0x000000000001f55b rbx=0x00000000000000f3 rcx=0x0000000000000000 rdx=0x0000000000000000
  rsi=0x000000000000009b rdi=0x0000000000000171 flags=0b010000010110
  xmm0=0x00006f1700006f170000a6c50000a6c5 xmm1=0x0000ad500000ad5000002d7a00002d7a 
  xmm2=0x000066ce000066ce0000391100003911 xmm3=0x00004e7a00004e7a000051d9000051d9 
  xmm4=0x0000454e0000454e0000c0cd0000c0cd xmm5=0x00003bf700003bf70000cdd60000cdd6 
  xmm6=0x00001789000017890000b4af0000b4af xmm7=0x00004aff00004aff0000b6110000b611 

0x31c2: cmovle esi, [r14 +rcx]
  rax=0x000000000001f55b rbx=0x00000000000000f3 rcx=0x0000000000000000 rdx=0x0000000000000000
  rsi=0x000000000000009b rdi=0x0000000000000171 flags=0b010001000110
  xmm0=0x00006f1700006f170000a6c50000a6c5 xmm1=0x0000ad500000ad5000002d7a00002d7a 
  xmm2=0x000066ce000066ce0000391100003911 xmm3=0x00004e7a00004e7a000051d9000051d9 
  xmm4=0x0000454e0000454e0000c0cd0000c0cd xmm5=0x00003bf700003bf70000cdd60000cdd6 
  xmm6=0x00001789000017890000b4af0000b4af xmm7=0x00004aff00004aff0000b6110000b611 

    > load from +0x4000 value 0x1f558
0x31c7: add cl, al
  rax=0x000000000001f55b rbx=0x00000000000000f3 rcx=0x0000000000000000 rdx=0x0000000000000000
  rsi=0x000000000001f558 rdi=0x0000000000000171 flags=0b010001000110
  xmm0=0x00006f1700006f170000a6c50000a6c5 xmm1=0x0000ad500000ad5000002d7a00002d7a 
  xmm2=0x000066ce000066ce0000391100003911 xmm3=0x00004e7a00004e7a000051d9000051d9 
  xmm4=0x0000454e0000454e0000c0cd0000c0cd xmm5=0x00003bf700003bf70000cdd60000cdd6 
  xmm6=0x00001789000017890000b4af0000b4af xmm7=0x00004aff00004aff0000b6110000b611 

0x31c9: cmovns rax, rdi
  rax=0x000000000001f55b rbx=0x00000000000000f3 rcx=0x000000000000005b rdx=0x0000000000000000
  rsi=0x000000000001f558 rdi=0x0000000000000171 flags=0b010000000010
  xmm0=0x00006f1700006f170000a6c50000a6c5 xmm1=0x0000ad500000ad5000002d7a00002d7a 
  xmm2=0x000066ce000066ce0000391100003911 xmm3=0x00004e7a00004e7a000051d9000051d9 
  xmm4=0x0000454e0000454e0000c0cd0000c0cd xmm5=0x00003bf700003bf70000cdd60000cdd6 
  xmm6=0x00001789000017890000b4af0000b4af xmm7=0x00004aff00004aff0000b6110000b611 

0x31cd: macro .switch, .main.function_main_1
  rax=0x0000000000000171 rbx=0x00000000000000f3 rcx=0x000000000000005b rdx=0x0000000000000000
  rsi=0x000000000001f558 rdi=0x0000000000000171 flags=0b010000000010
  xmm0=0x00006f1700006f170000a6c50000a6c5 xmm1=0x0000ad500000ad5000002d7a00002d7a 
  xmm2=0x000066ce000066ce0000391100003911 xmm3=0x00004e7a00004e7a000051d9000051d9 
  xmm4=0x0000454e0000454e0000c0cd0000c0cd xmm5=0x00003bf700003bf70000cdd60000cdd6 
  xmm6=0x00001789000017890000b4af0000b4af xmm7=0x00004aff00004aff0000b6110000b611 

0x8 : add dil, -79
  rax=0x0000000000000171 rbx=0x00000000000000f3 rcx=0x000000000000005b rdx=0x0000000000000000
  rsi=0x000000000001f558 rdi=0x0000000000000171 flags=0b010000000010
  xmm0=0x00006f1700006f170000a6c50000a6c5 xmm1=0x0000ad500000ad5000002d7a00002d7a 
  xmm2=0x000066ce000066ce0000391100003911 xmm3=0x00004e7a00004e7a000051d9000051d9 
  xmm4=0x0000454e0000454e0000c0cd0000c0cd xmm5=0x00003bf700003bf70000cdd60000cdd6 
  xmm6=0x00001789000017890000b4af0000b4af xmm7=0x00004aff00004aff0000b6110000b611 

0xc : cmovs rax, rdi
  rax=0x0000000000000171 rbx=0x00000000000000f3 rcx=0x000000000000005b rdx=0x0000000000000000
  rsi=0x000000000001f558 rdi=0x0000000000000122 flags=0b010000000111
  xmm0=0x00006f1700006f170000a6c50000a6c5 xmm1=0x0000ad500000ad5000002d7a00002d7a 
  xmm2=0x000066ce000066ce0000391100003911 xmm3=0x00004e7a00004e7a000051d9000051d9 
  xmm4=0x0000454e0000454e0000c0cd0000c0cd xmm5=0x00003bf700003bf70000cdd60000cdd6 
  xmm6=0x00001789000017890000b4af0000b4af xmm7=0x00004aff00004aff0000b6110000b611 

0x10: setno cl
  rax=0x0000000000000171 rbx=0x00000000000000f3 rcx=0x000000000000005b rdx=0x0000000000000000
  rsi=0x000000000001f558 rdi=0x0000000000000122 flags=0b010000000111
  xmm0=0x00006f1700006f170000a6c50000a6c5 xmm1=0x0000ad500000ad5000002d7a00002d7a 
  xmm2=0x000066ce000066ce0000391100003911 xmm3=0x00004e7a00004e7a000051d9000051d9 
  xmm4=0x0000454e0000454e0000c0cd0000c0cd xmm5=0x00003bf700003bf70000cdd60000cdd6 
  xmm6=0x00001789000017890000b4af0000b4af xmm7=0x00004aff00004aff0000b6110000b611 

0x13: and rdx, 0b1111111111111
  rax=0x0000000000000171 rbx=0x00000000000000f3 rcx=0x0000000000000001 rdx=0x0000000000000000
  rsi=0x000000000001f558 rdi=0x0000000000000122 flags=0b010000000111
  xmm0=0x00006f1700006f170000a6c50000a6c5 xmm1=0x0000ad500000ad5000002d7a00002d7a 
  xmm2=0x000066ce000066ce0000391100003911 xmm3=0x00004e7a00004e7a000051d9000051d9 
  xmm4=0x0000454e0000454e0000c0cd0000c0cd xmm5=0x00003bf700003bf70000cdd60000cdd6 
  xmm6=0x00001789000017890000b4af0000b4af xmm7=0x00004aff00004aff0000b6110000b611 

0x1a: cmp [r14 +rdx], edi
  rax=0x0000000000000171 rbx=0x00000000000000f3 rcx=0x0000000000000001 rdx=0x0000000000000000
  rsi=0x000000000001f558 rdi=0x0000000000000122 flags=0b010001000110
  xmm0=0x00006f1700006f170000a6c50000a6c5 xmm1=0x0000ad500000ad5000002d7a00002d7a 
  xmm2=0x000066ce000066ce0000391100003911 xmm3=0x00004e7a00004e7a000051d9000051d9 
  xmm4=0x0000454e0000454e0000c0cd0000c0cd xmm5=0x00003bf700003bf70000cdd60000cdd6 
  xmm6=0x00001789000017890000b4af0000b4af xmm7=0x00004aff00004aff0000b6110000b611 

    > load from +0x0 value 0xb1a9
0x1e: and rax, 0b1111111111111
  rax=0x0000000000000171 rbx=0x00000000000000f3 rcx=0x0000000000000001 rdx=0x0000000000000000
  rsi=0x000000000001f558 rdi=0x0000000000000122 flags=0b010000000110
  xmm0=0x00006f1700006f170000a6c50000a6c5 xmm1=0x0000ad500000ad5000002d7a00002d7a 
  xmm2=0x000066ce000066ce0000391100003911 xmm3=0x00004e7a00004e7a000051d9000051d9 
  xmm4=0x0000454e0000454e0000c0cd0000c0cd xmm5=0x00003bf700003bf70000cdd60000cdd6 
  xmm6=0x00001789000017890000b4af0000b4af xmm7=0x00004aff00004aff0000b6110000b611 

0x24: cmovs rdi, [r14 +rax]
  rax=0x0000000000000171 rbx=0x00000000000000f3 rcx=0x0000000000000001 rdx=0x0000000000000000
  rsi=0x000000000001f558 rdi=0x0000000000000122 flags=0b010000000110
  xmm0=0x00006f1700006f170000a6c50000a6c5 xmm1=0x0000ad500000ad5000002d7a00002d7a 
  xmm2=0x000066ce000066ce0000391100003911 xmm3=0x00004e7a00004e7a000051d9000051d9 
  xmm4=0x0000454e0000454e0000c0cd0000c0cd xmm5=0x00003bf700003bf70000cdd60000cdd6 
  xmm6=0x00001789000017890000b4af0000b4af xmm7=0x00004aff00004aff0000b6110000b611 

    > load from +0x171 value 0x5000082b5000082
0x29: and rsi, 0b1111111111111
  rax=0x0000000000000171 rbx=0x00000000000000f3 rcx=0x0000000000000001 rdx=0x0000000000000000
  rsi=0x000000000001f558 rdi=0x0000000000000122 flags=0b010000000110
  xmm0=0x00006f1700006f170000a6c50000a6c5 xmm1=0x0000ad500000ad5000002d7a00002d7a 
  xmm2=0x000066ce000066ce0000391100003911 xmm3=0x00004e7a00004e7a000051d9000051d9 
  xmm4=0x0000454e0000454e0000c0cd0000c0cd xmm5=0x00003bf700003bf70000cdd60000cdd6 
  xmm6=0x00001789000017890000b4af0000b4af xmm7=0x00004aff00004aff0000b6110000b611 

0x30: cmovnl rsi, [r14 +rsi]
  rax=0x0000000000000171 rbx=0x00000000000000f3 rcx=0x0000000000000001 rdx=0x0000000000000000
  rsi=0x0000000000001558 rdi=0x0000000000000122 flags=0b010000000010
  xmm0=0x00006f1700006f170000a6c50000a6c5 xmm1=0x0000ad500000ad5000002d7a00002d7a 
  xmm2=0x000066ce000066ce0000391100003911 xmm3=0x00004e7a00004e7a000051d9000051d9 
  xmm4=0x0000454e0000454e0000c0cd0000c0cd xmm5=0x00003bf700003bf70000cdd60000cdd6 
  xmm6=0x00001789000017890000b4af0000b4af xmm7=0x00004aff00004aff0000b6110000b611 

    > load from +0x1558 value 0x72b4000072b4
0x35: and rsi, 0b1111111111111
  rax=0x0000000000000171 rbx=0x00000000000000f3 rcx=0x0000000000000001 rdx=0x0000000000000000
  rsi=0x000072b4000072b4 rdi=0x0000000000000122 flags=0b010000000010
  xmm0=0x00006f1700006f170000a6c50000a6c5 xmm1=0x0000ad500000ad5000002d7a00002d7a 
  xmm2=0x000066ce000066ce0000391100003911 xmm3=0x00004e7a00004e7a000051d9000051d9 
  xmm4=0x0000454e0000454e0000c0cd0000c0cd xmm5=0x00003bf700003bf70000cdd60000cdd6 
  xmm6=0x00001789000017890000b4af0000b4af xmm7=0x00004aff00004aff0000b6110000b611 

0x3c: mov eax, [r14 +rsi]
  rax=0x0000000000000171 rbx=0x00000000000000f3 rcx=0x0000000000000001 rdx=0x0000000000000000
  rsi=0x00000000000012b4 rdi=0x0000000000000122 flags=0b010000000110
  xmm0=0x00006f1700006f170000a6c50000a6c5 xmm1=0x0000ad500000ad5000002d7a00002d7a 
  xmm2=0x000066ce000066ce0000391100003911 xmm3=0x00004e7a00004e7a000051d9000051d9 
  xmm4=0x0000454e0000454e0000c0cd0000c0cd xmm5=0x00003bf700003bf70000cdd60000cdd6 
  xmm6=0x00001789000017890000b4af0000b4af xmm7=0x00004aff00004aff0000b6110000b611 

    > load from +0x12b4 value 0xffa1
0x40: xor ax, bx
  rax=0x000000000000ffa1 rbx=0x00000000000000f3 rcx=0x0000000000000001 rdx=0x0000000000000000
  rsi=0x00000000000012b4 rdi=0x0000000000000122 flags=0b010000000110
  xmm0=0x00006f1700006f170000a6c50000a6c5 xmm1=0x0000ad500000ad5000002d7a00002d7a 
  xmm2=0x000066ce000066ce0000391100003911 xmm3=0x00004e7a00004e7a000051d9000051d9 
  xmm4=0x0000454e0000454e0000c0cd0000c0cd xmm5=0x00003bf700003bf70000cdd60000cdd6 
  xmm6=0x00001789000017890000b4af0000b4af xmm7=0x00004aff00004aff0000b6110000b611 

0x43: btc rsi, rbx
  rax=0x000000000000ff52 rbx=0x00000000000000f3 rcx=0x0000000000000001 rdx=0x0000000000000000
  rsi=0x00000000000012b4 rdi=0x0000000000000122 flags=0b010010000010
  xmm0=0x00006f1700006f170000a6c50000a6c5 xmm1=0x0000ad500000ad5000002d7a00002d7a 
  xmm2=0x000066ce000066ce0000391100003911 xmm3=0x00004e7a00004e7a000051d9000051d9 
  xmm4=0x0000454e0000454e0000c0cd0000c0cd xmm5=0x00003bf700003bf70000cdd60000cdd6 
  xmm6=0x00001789000017890000b4af0000b4af xmm7=0x00004aff00004aff0000b6110000b611 

0x47: add sil, -105
  rax=0x000000000000ff52 rbx=0x00000000000000f3 rcx=0x0000000000000001 rdx=0x0000000000000000
  rsi=0x00080000000012b4 rdi=0x0000000000000122 flags=0b110010000010
  xmm0=0x00006f1700006f170000a6c50000a6c5 xmm1=0x0000ad500000ad5000002d7a00002d7a 
  xmm2=0x000066ce000066ce0000391100003911 xmm3=0x00004e7a00004e7a000051d9000051d9 
  xmm4=0x0000454e0000454e0000c0cd0000c0cd xmm5=0x00003bf700003bf70000cdd60000cdd6 
  xmm6=0x00001789000017890000b4af0000b4af xmm7=0x00004aff00004aff0000b6110000b611 

0x4b: cmovnp ax, ax
  rax=0x000000000000ff52 rbx=0x00000000000000f3 rcx=0x0000000000000001 rdx=0x0000000000000000
  rsi=0x000800000000124b rdi=0x0000000000000122 flags=0b110000000111
  xmm0=0x00006f1700006f170000a6c50000a6c5 xmm1=0x0000ad500000ad5000002d7a00002d7a 
  xmm2=0x000066ce000066ce0000391100003911 xmm3=0x00004e7a00004e7a000051d9000051d9 
  xmm4=0x0000454e0000454e0000c0cd0000c0cd xmm5=0x00003bf700003bf70000cdd60000cdd6 
  xmm6=0x00001789000017890000b4af0000b4af xmm7=0x00004aff00004aff0000b6110000b611 

0x4f: cdqe 
  rax=0x000000000000ff52 rbx=0x00000000000000f3 rcx=0x0000000000000001 rdx=0x0000000000000000
  rsi=0x000800000000124b rdi=0x0000000000000122 flags=0b110000000111
  xmm0=0x00006f1700006f170000a6c50000a6c5 xmm1=0x0000ad500000ad5000002d7a00002d7a 
  xmm2=0x000066ce000066ce0000391100003911 xmm3=0x00004e7a00004e7a000051d9000051d9 
  xmm4=0x0000454e0000454e0000c0cd0000c0cd xmm5=0x00003bf700003bf70000cdd60000cdd6 
  xmm6=0x00001789000017890000b4af0000b4af xmm7=0x00004aff00004aff0000b6110000b611 

0x51: adc cx, -119
  rax=0x000000000000ff52 rbx=0x00000000000000f3 rcx=0x0000000000000001 rdx=0x0000000000000000
  rsi=0x000800000000124b rdi=0x0000000000000122 flags=0b110000000111
  xmm0=0x00006f1700006f170000a6c50000a6c5 xmm1=0x0000ad500000ad5000002d7a00002d7a 
  xmm2=0x000066ce000066ce0000391100003911 xmm3=0x00004e7a00004e7a000051d9000051d9 
  xmm4=0x0000454e0000454e0000c0cd0000c0cd xmm5=0x00003bf700003bf70000cdd60000cdd6 
  xmm6=0x00001789000017890000b4af0000b4af xmm7=0x00004aff00004aff0000b6110000b611 

0x55: bt rcx, rcx
  rax=0x000000000000ff52 rbx=0x00000000000000f3 rcx=0x000000000000ff8b rdx=0x0000000000000000
  rsi=0x000800000000124b rdi=0x0000000000000122 flags=0b010010000110
  xmm0=0x00006f1700006f170000a6c50000a6c5 xmm1=0x0000ad500000ad5000002d7a00002d7a 
  xmm2=0x000066ce000066ce0000391100003911 xmm3=0x00004e7a00004e7a000051d9000051d9 
  xmm4=0x0000454e0000454e0000c0cd0000c0cd xmm5=0x00003bf700003bf70000cdd60000cdd6 
  xmm6=0x00001789000017890000b4af0000b4af xmm7=0x00004aff00004aff0000b6110000b611 

0x59: and rbx, 0b1111111111111
  rax=0x000000000000ff52 rbx=0x00000000000000f3 rcx=0x000000000000ff8b rdx=0x0000000000000000
  rsi=0x000800000000124b rdi=0x0000000000000122 flags=0b110010000111
  xmm0=0x00006f1700006f170000a6c50000a6c5 xmm1=0x0000ad500000ad5000002d7a00002d7a 
  xmm2=0x000066ce000066ce0000391100003911 xmm3=0x00004e7a00004e7a000051d9000051d9 
  xmm4=0x0000454e0000454e0000c0cd0000c0cd xmm5=0x00003bf700003bf70000cdd60000cdd6 
  xmm6=0x00001789000017890000b4af0000b4af xmm7=0x00004aff00004aff0000b6110000b611 

0x60: imul edx, [r14 +rbx]
  rax=0x000000000000ff52 rbx=0x00000000000000f3 rcx=0x000000000000ff8b rdx=0x0000000000000000
  rsi=0x000800000000124b rdi=0x0000000000000122 flags=0b010000000110
  xmm0=0x00006f1700006f170000a6c50000a6c5 xmm1=0x0000ad500000ad5000002d7a00002d7a 
  xmm2=0x000066ce000066ce0000391100003911 xmm3=0x00004e7a00004e7a000051d9000051d9 
  xmm4=0x0000454e0000454e0000c0cd0000c0cd xmm5=0x00003bf700003bf70000cdd60000cdd6 
  xmm6=0x00001789000017890000b4af0000b4af xmm7=0x00004aff00004aff0000b6110000b611 

    > load from +0xf3 value 0x3b0700
0x65: and rax, 0b1111111111111
  rax=0x000000000000ff52 rbx=0x00000000000000f3 rcx=0x000000000000ff8b rdx=0x0000000000000000
  rsi=0x000800000000124b rdi=0x0000000000000122 flags=0b010001000110
  xmm0=0x00006f1700006f170000a6c50000a6c5 xmm1=0x0000ad500000ad5000002d7a00002d7a 
  xmm2=0x000066ce000066ce0000391100003911 xmm3=0x00004e7a00004e7a000051d9000051d9 
  xmm4=0x0000454e0000454e0000c0cd0000c0cd xmm5=0x00003bf700003bf70000cdd60000cdd6 
  xmm6=0x00001789000017890000b4af0000b4af xmm7=0x00004aff00004aff0000b6110000b611 

0x6b: cmp bx, [r14 +rax]
  rax=0x0000000000001f52 rbx=0x00000000000000f3 rcx=0x000000000000ff8b rdx=0x0000000000000000
  rsi=0x000800000000124b rdi=0x0000000000000122 flags=0b010000000010
  xmm0=0x00006f1700006f170000a6c50000a6c5 xmm1=0x0000ad500000ad5000002d7a00002d7a 
  xmm2=0x000066ce000066ce0000391100003911 xmm3=0x00004e7a00004e7a000051d9000051d9 
  xmm4=0x0000454e0000454e0000c0cd0000c0cd xmm5=0x00003bf700003bf70000cdd60000cdd6 
  xmm6=0x00001789000017890000b4af0000b4af xmm7=0x00004aff00004aff0000b6110000b611 

    > load from +0x1f52 value 0x0
0x70: cqo 
  rax=0x0000000000001f52 rbx=0x00000000000000f3 rcx=0x000000000000ff8b rdx=0x0000000000000000
  rsi=0x000800000000124b rdi=0x0000000000000122 flags=0b010000000110
  xmm0=0x00006f1700006f170000a6c50000a6c5 xmm1=0x0000ad500000ad5000002d7a00002d7a 
  xmm2=0x000066ce000066ce0000391100003911 xmm3=0x00004e7a00004e7a000051d9000051d9 
  xmm4=0x0000454e0000454e0000c0cd0000c0cd xmm5=0x00003bf700003bf70000cdd60000cdd6 
  xmm6=0x00001789000017890000b4af0000b4af xmm7=0x00004aff00004aff0000b6110000b611 

0x72: and rsi, 0b1111111111111
  rax=0x0000000000001f52 rbx=0x00000000000000f3 rcx=0x000000000000ff8b rdx=0x0000000000000000
  rsi=0x000800000000124b rdi=0x0000000000000122 flags=0b010000000110
  xmm0=0x00006f1700006f170000a6c50000a6c5 xmm1=0x0000ad500000ad5000002d7a00002d7a 
  xmm2=0x000066ce000066ce0000391100003911 xmm3=0x00004e7a00004e7a000051d9000051d9 
  xmm4=0x0000454e0000454e0000c0cd0000c0cd xmm5=0x00003bf700003bf70000cdd60000cdd6 
  xmm6=0x00001789000017890000b4af0000b4af xmm7=0x00004aff00004aff0000b6110000b611 

0x79: or cl, [r14 +rsi]
  rax=0x0000000000001f52 rbx=0x00000000000000f3 rcx=0x000000000000ff8b rdx=0x0000000000000000
  rsi=0x000000000000124b rdi=0x0000000000000122 flags=0b010000000110
  xmm0=0x00006f1700006f170000a6c50000a6c5 xmm1=0x0000ad500000ad5000002d7a00002d7a 
  xmm2=0x000066ce000066ce0000391100003911 xmm3=0x00004e7a00004e7a000051d9000051d9 
  xmm4=0x0000454e0000454e0000c0cd0000c0cd xmm5=0x00003bf700003bf70000cdd60000cdd6 
  xmm6=0x00001789000017890000b4af0000b4af xmm7=0x00004aff00004aff0000b6110000b611 

    > load from +0x124b value 0x0
0x7d: and rcx, 0b1111111111111
  rax=0x0000000000001f52 rbx=0x00000000000000f3 rcx=0x000000000000ff8b rdx=0x0000000000000000
  rsi=0x000000000000124b rdi=0x0000000000000122 flags=0b010010000110
  xmm0=0x00006f1700006f170000a6c50000a6c5 xmm1=0x0000ad500000ad5000002d7a00002d7a 
  xmm2=0x000066ce000066ce0000391100003911 xmm3=0x00004e7a00004e7a000051d9000051d9 
  xmm4=0x0000454e0000454e0000c0cd0000c0cd xmm5=0x00003bf700003bf70000cdd60000cdd6 
  xmm6=0x00001789000017890000b4af0000b4af xmm7=0x00004aff00004aff0000b6110000b611 

0x84: add sil, 94
  rax=0x0000000000001f52 rbx=0x00000000000000f3 rcx=0x0000000000001f8b rdx=0x0000000000000000
  rsi=0x000000000000124b rdi=0x0000000000000122 flags=0b010000000110
  xmm0=0x00006f1700006f170000a6c50000a6c5 xmm1=0x0000ad500000ad5000002d7a00002d7a 
  xmm2=0x000066ce000066ce0000391100003911 xmm3=0x00004e7a00004e7a000051d9000051d9 
  xmm4=0x0000454e0000454e0000c0cd0000c0cd xmm5=0x00003bf700003bf70000cdd60000cdd6 
  xmm6=0x00001789000017890000b4af0000b4af xmm7=0x00004aff00004aff0000b6110000b611 

0x88: setnle bl
  rax=0x0000000000001f52 rbx=0x00000000000000f3 rcx=0x0000000000001f8b rdx=0x0000000000000000
  rsi=0x00000000000012a9 rdi=0x0000000000000122 flags=0b110010010110
  xmm0=0x00006f1700006f170000a6c50000a6c5 xmm1=0x0000ad500000ad5000002d7a00002d7a 
  xmm2=0x000066ce000066ce0000391100003911 xmm3=0x00004e7a00004e7a000051d9000051d9 
  xmm4=0x0000454e0000454e0000c0cd0000c0cd xmm5=0x00003bf700003bf70000cdd60000cdd6 
  xmm6=0x00001789000017890000b4af0000b4af xmm7=0x00004aff00004aff0000b6110000b611 

0x8b: and al, 65
  rax=0x0000000000001f52 rbx=0x0000000000000001 rcx=0x0000000000001f8b rdx=0x0000000000000000
  rsi=0x00000000000012a9 rdi=0x0000000000000122 flags=0b110010010110
  xmm0=0x00006f1700006f170000a6c50000a6c5 xmm1=0x0000ad500000ad5000002d7a00002d7a 
  xmm2=0x000066ce000066ce0000391100003911 xmm3=0x00004e7a00004e7a000051d9000051d9 
  xmm4=0x0000454e0000454e0000c0cd0000c0cd xmm5=0x00003bf700003bf70000cdd60000cdd6 
  xmm6=0x00001789000017890000b4af0000b4af xmm7=0x00004aff00004aff0000b6110000b611 

0x8d: and rdx, 0b1111111111111
  rax=0x0000000000001f40 rbx=0x0000000000000001 rcx=0x0000000000001f8b rdx=0x0000000000000000
  rsi=0x00000000000012a9 rdi=0x0000000000000122 flags=0b010000000010
  xmm0=0x00006f1700006f170000a6c50000a6c5 xmm1=0x0000ad500000ad5000002d7a00002d7a 
  xmm2=0x000066ce000066ce0000391100003911 xmm3=0x00004e7a00004e7a000051d9000051d9 
  xmm4=0x0000454e0000454e0000c0cd0000c0cd xmm5=0x00003bf700003bf70000cdd60000cdd6 
  xmm6=0x00001789000017890000b4af0000b4af xmm7=0x00004aff00004aff0000b6110000b611 

0x94: cmovs eax, [r14 +rdx]
  rax=0x0000000000001f40 rbx=0x0000000000000001 rcx=0x0000000000001f8b rdx=0x0000000000000000
  rsi=0x00000000000012a9 rdi=0x0000000000000122 flags=0b010001000110
  xmm0=0x00006f1700006f170000a6c50000a6c5 xmm1=0x0000ad500000ad5000002d7a00002d7a 
  xmm2=0x000066ce000066ce0000391100003911 xmm3=0x00004e7a00004e7a000051d9000051d9 
  xmm4=0x0000454e0000454e0000c0cd0000c0cd xmm5=0x00003bf700003bf70000cdd60000cdd6 
  xmm6=0x00001789000017890000b4af0000b4af xmm7=0x00004aff00004aff0000b6110000b611 

    > load from +0x0 value 0xb1a9
0x99: cwd 
  rax=0x0000000000001f40 rbx=0x0000000000000001 rcx=0x0000000000001f8b rdx=0x0000000000000000
  rsi=0x00000000000012a9 rdi=0x0000000000000122 flags=0b010001000110
  xmm0=0x00006f1700006f170000a6c50000a6c5 xmm1=0x0000ad500000ad5000002d7a00002d7a 
  xmm2=0x000066ce000066ce0000391100003911 xmm3=0x00004e7a00004e7a000051d9000051d9 
  xmm4=0x0000454e0000454e0000c0cd0000c0cd xmm5=0x00003bf700003bf70000cdd60000cdd6 
  xmm6=0x00001789000017890000b4af0000b4af xmm7=0x00004aff00004aff0000b6110000b611 

0x9b: or dl, cl
  rax=0x0000000000001f40 rbx=0x0000000000000001 rcx=0x0000000000001f8b rdx=0x0000000000000000
  rsi=0x00000000000012a9 rdi=0x0000000000000122 flags=0b010001000110
  xmm0=0x00006f1700006f170000a6c50000a6c5 xmm1=0x0000ad500000ad5000002d7a00002d7a 
  xmm2=0x000066ce000066ce0000391100003911 xmm3=0x00004e7a00004e7a000051d9000051d9 
  xmm4=0x0000454e0000454e0000c0cd0000c0cd xmm5=0x00003bf700003bf70000cdd60000cdd6 
  xmm6=0x00001789000017890000b4af0000b4af xmm7=0x00004aff00004aff0000b6110000b611 

0x9d: add bx, di
  rax=0x0000000000001f40 rbx=0x0000000000000001 rcx=0x0000000000001f8b rdx=0x000000000000008b
  rsi=0x00000000000012a9 rdi=0x0000000000000122 flags=0b010010000110
  xmm0=0x00006f1700006f170000a6c50000a6c5 xmm1=0x0000ad500000ad5000002d7a00002d7a 
  xmm2=0x000066ce000066ce0000391100003911 xmm3=0x00004e7a00004e7a000051d9000051d9 
  xmm4=0x0000454e0000454e0000c0cd0000c0cd xmm5=0x00003bf700003bf70000cdd60000cdd6 
  xmm6=0x00001789000017890000b4af0000b4af xmm7=0x00004aff00004aff0000b6110000b611 

0xa0: sbb dil, sil
  rax=0x0000000000001f40 rbx=0x0000000000000123 rcx=0x0000000000001f8b rdx=0x000000000000008b
  rsi=0x00000000000012a9 rdi=0x0000000000000122 flags=0b010000000010
  xmm0=0x00006f1700006f170000a6c50000a6c5 xmm1=0x0000ad500000ad5000002d7a00002d7a 
  xmm2=0x000066ce000066ce0000391100003911 xmm3=0x00004e7a00004e7a000051d9000051d9 
  xmm4=0x0000454e0000454e0000c0cd0000c0cd xmm5=0x00003bf700003bf70000cdd60000cdd6 
  xmm6=0x00001789000017890000b4af0000b4af xmm7=0x00004aff00004aff0000b6110000b611 

0xa3: and rbx, 0b1111111111111
  rax=0x0000000000001f40 rbx=0x0000000000000123 rcx=0x0000000000001f8b rdx=0x000000000000008b
  rsi=0x00000000000012a9 rdi=0x0000000000000179 flags=0b010000010011
  xmm0=0x00006f1700006f170000a6c50000a6c5 xmm1=0x0000ad500000ad5000002d7a00002d7a 
  xmm2=0x000066ce000066ce0000391100003911 xmm3=0x00004e7a00004e7a000051d9000051d9 
  xmm4=0x0000454e0000454e0000c0cd0000c0cd xmm5=0x00003bf700003bf70000cdd60000cdd6 
  xmm6=0x00001789000017890000b4af0000b4af xmm7=0x00004aff00004aff0000b6110000b611 

0xaa: cmovnb bx, [r14 +rbx]
  rax=0x0000000000001f40 rbx=0x0000000000000123 rcx=0x0000000000001f8b rdx=0x000000000000008b
  rsi=0x00000000000012a9 rdi=0x0000000000000179 flags=0b010000000010
  xmm0=0x00006f1700006f170000a6c50000a6c5 xmm1=0x0000ad500000ad5000002d7a00002d7a 
  xmm2=0x000066ce000066ce0000391100003911 xmm3=0x00004e7a00004e7a000051d9000051d9 
  xmm4=0x0000454e0000454e0000c0cd0000c0cd xmm5=0x00003bf700003bf70000cdd60000cdd6 
  xmm6=0x00001789000017890000b4af0000b4af xmm7=0x00004aff00004aff0000b6110000b611 

    > load from +0x123 value 0xd000
0xb0: and rsi, 0b1111111111111
  rax=0x0000000000001f40 rbx=0x000000000000d000 rcx=0x0000000000001f8b rdx=0x000000000000008b
  rsi=0x00000000000012a9 rdi=0x0000000000000179 flags=0b010000000010
  xmm0=0x00006f1700006f170000a6c50000a6c5 xmm1=0x0000ad500000ad5000002d7a00002d7a 
  xmm2=0x000066ce000066ce0000391100003911 xmm3=0x00004e7a00004e7a000051d9000051d9 
  xmm4=0x0000454e0000454e0000c0cd0000c0cd xmm5=0x00003bf700003bf70000cdd60000cdd6 
  xmm6=0x00001789000017890000b4af0000b4af xmm7=0x00004aff00004aff0000b6110000b611 

0xb7: cmp [r14 +rsi], -40
  rax=0x0000000000001f40 rbx=0x000000000000d000 rcx=0x0000000000001f8b rdx=0x000000000000008b
  rsi=0x00000000000012a9 rdi=0x0000000000000179 flags=0b010000000110
  xmm0=0x00006f1700006f170000a6c50000a6c5 xmm1=0x0000ad500000ad5000002d7a00002d7a 
  xmm2=0x000066ce000066ce0000391100003911 xmm3=0x00004e7a00004e7a000051d9000051d9 
  xmm4=0x0000454e0000454e0000c0cd0000c0cd xmm5=0x00003bf700003bf70000cdd60000cdd6 
  xmm6=0x00001789000017890000b4af0000b4af xmm7=0x00004aff00004aff0000b6110000b611 

    > load from +0x12a9 value 0x92
0xbd: setnb cl
  rax=0x0000000000001f40 rbx=0x000000000000d000 rcx=0x0000000000001f8b rdx=0x000000000000008b
  rsi=0x00000000000012a9 rdi=0x0000000000000179 flags=0b010000010011
  xmm0=0x00006f1700006f170000a6c50000a6c5 xmm1=0x0000ad500000ad5000002d7a00002d7a 
  xmm2=0x000066ce000066ce0000391100003911 xmm3=0x00004e7a00004e7a000051d9000051d9 
  xmm4=0x0000454e0000454e0000c0cd0000c0cd xmm5=0x00003bf700003bf70000cdd60000cdd6 
  xmm6=0x00001789000017890000b4af0000b4af xmm7=0x00004aff00004aff0000b6110000b611 

0xc0: setns cl
  rax=0x0000000000001f40 rbx=0x000000000000d000 rcx=0x0000000000001f00 rdx=0x000000000000008b
  rsi=0x00000000000012a9 rdi=0x0000000000000179 flags=0b010000010011
  xmm0=0x00006f1700006f170000a6c50000a6c5 xmm1=0x0000ad500000ad5000002d7a00002d7a 
  xmm2=0x000066ce000066ce0000391100003911 xmm3=0x00004e7a00004e7a000051d9000051d9 
  xmm4=0x0000454e0000454e0000c0cd0000c0cd xmm5=0x00003bf700003bf70000cdd60000cdd6 
  xmm6=0x00001789000017890000b4af0000b4af xmm7=0x00004aff00004aff0000b6110000b611 

0xc3: and rbx, 0b1111111111111
  rax=0x0000000000001f40 rbx=0x000000000000d000 rcx=0x0000000000001f01 rdx=0x000000000000008b
  rsi=0x00000000000012a9 rdi=0x0000000000000179 flags=0b010000010011
  xmm0=0x00006f1700006f170000a6c50000a6c5 xmm1=0x0000ad500000ad5000002d7a00002d7a 
  xmm2=0x000066ce000066ce0000391100003911 xmm3=0x00004e7a00004e7a000051d9000051d9 
  xmm4=0x0000454e0000454e0000c0cd0000c0cd xmm5=0x00003bf700003bf70000cdd60000cdd6 
  xmm6=0x00001789000017890000b4af0000b4af xmm7=0x00004aff00004aff0000b6110000b611 

0xca: imul esi, [r14 +rbx], 33
  rax=0x0000000000001f40 rbx=0x0000000000001000 rcx=0x0000000000001f01 rdx=0x000000000000008b
  rsi=0x00000000000012a9 rdi=0x0000000000000179 flags=0b010000000110
  xmm0=0x00006f1700006f170000a6c50000a6c5 xmm1=0x0000ad500000ad5000002d7a00002d7a 
  xmm2=0x000066ce000066ce0000391100003911 xmm3=0x00004e7a00004e7a000051d9000051d9 
  xmm4=0x0000454e0000454e0000c0cd0000c0cd xmm5=0x00003bf700003bf70000cdd60000cdd6 
  xmm6=0x00001789000017890000b4af0000b4af xmm7=0x00004aff00004aff0000b6110000b611 

    > load from +0x1000 value 0x634
0xcf: and rdi, 0b1111111111111
  rax=0x0000000000001f40 rbx=0x0000000000001000 rcx=0x0000000000001f01 rdx=0x000000000000008b
  rsi=0x000000000000ccb4 rdi=0x0000000000000179 flags=0b010000000110
  xmm0=0x00006f1700006f170000a6c50000a6c5 xmm1=0x0000ad500000ad5000002d7a00002d7a 
  xmm2=0x000066ce000066ce0000391100003911 xmm3=0x00004e7a00004e7a000051d9000051d9 
  xmm4=0x0000454e0000454e0000c0cd0000c0cd xmm5=0x00003bf700003bf70000cdd60000cdd6 
  xmm6=0x00001789000017890000b4af0000b4af xmm7=0x00004aff00004aff0000b6110000b611 

0xd6: movsx rax, [r14 +rdi]
  rax=0x0000000000001f40 rbx=0x0000000000001000 rcx=0x0000000000001f01 rdx=0x000000000000008b
  rsi=0x000000000000ccb4 rdi=0x0000000000000179 flags=0b010000000010
  xmm0=0x00006f1700006f170000a6c50000a6c5 xmm1=0x0000ad500000ad5000002d7a00002d7a 
  xmm2=0x000066ce000066ce0000391100003911 xmm3=0x00004e7a00004e7a000051d9000051d9 
  xmm4=0x0000454e0000454e0000c0cd0000c0cd xmm5=0x00003bf700003bf70000cdd60000cdd6 
  xmm6=0x00001789000017890000b4af0000b4af xmm7=0x00004aff00004aff0000b6110000b611 

    > load from +0x179 value 0x7
0xdb: seto dl
  rax=0x0000000000000007 rbx=0x0000000000001000 rcx=0x0000000000001f01 rdx=0x000000000000008b
  rsi=0x000000000000ccb4 rdi=0x0000000000000179 flags=0b010000000010
  xmm0=0x00006f1700006f170000a6c50000a6c5 xmm1=0x0000ad500000ad5000002d7a00002d7a 
  xmm2=0x000066ce000066ce0000391100003911 xmm3=0x00004e7a00004e7a000051d9000051d9 
  xmm4=0x0000454e0000454e0000c0cd0000c0cd xmm5=0x00003bf700003bf70000cdd60000cdd6 
  xmm6=0x00001789000017890000b4af0000b4af xmm7=0x00004aff00004aff0000b6110000b611 

0xde: and rbx, 0b1111111111111
  rax=0x0000000000000007 rbx=0x0000000000001000 rcx=0x0000000000001f01 rdx=0x0000000000000000
  rsi=0x000000000000ccb4 rdi=0x0000000000000179 flags=0b010000000010
  xmm0=0x00006f1700006f170000a6c50000a6c5 xmm1=0x0000ad500000ad5000002d7a00002d7a 
  xmm2=0x000066ce000066ce0000391100003911 xmm3=0x00004e7a00004e7a000051d9000051d9 
  xmm4=0x0000454e0000454e0000c0cd0000c0cd xmm5=0x00003bf700003bf70000cdd60000cdd6 
  xmm6=0x00001789000017890000b4af0000b4af xmm7=0x00004aff00004aff0000b6110000b611 

0xe5: cmovnb ax, [r14 +rbx]
  rax=0x0000000000000007 rbx=0x0000000000001000 rcx=0x0000000000001f01 rdx=0x0000000000000000
  rsi=0x000000000000ccb4 rdi=0x0000000000000179 flags=0b010000000110
  xmm0=0x00006f1700006f170000a6c50000a6c5 xmm1=0x0000ad500000ad5000002d7a00002d7a 
  xmm2=0x000066ce000066ce0000391100003911 xmm3=0x00004e7a00004e7a000051d9000051d9 
  xmm4=0x0000454e0000454e0000c0cd0000c0cd xmm5=0x00003bf700003bf70000cdd60000cdd6 
  xmm6=0x00001789000017890000b4af0000b4af xmm7=0x00004aff00004aff0000b6110000b611 

    > load from +0x1000 value 0x634
0xeb: and rbx, 0b1111111111111
  rax=0x0000000000000634 rbx=0x0000000000001000 rcx=0x0000000000001f01 rdx=0x0000000000000000
  rsi=0x000000000000ccb4 rdi=0x0000000000000179 flags=0b010000000110
  xmm0=0x00006f1700006f170000a6c50000a6c5 xmm1=0x0000ad500000ad5000002d7a00002d7a 
  xmm2=0x000066ce000066ce0000391100003911 xmm3=0x00004e7a00004e7a000051d9000051d9 
  xmm4=0x0000454e0000454e0000c0cd0000c0cd xmm5=0x00003bf700003bf70000cdd60000cdd6 
  xmm6=0x00001789000017890000b4af0000b4af xmm7=0x00004aff00004aff0000b6110000b611 

0xf2: mov rax, [r14 +rbx]
  rax=0x0000000000000634 rbx=0x0000000000001000 rcx=0x0000000000001f01 rdx=0x0000000000000000
  rsi=0x000000000000ccb4 rdi=0x0000000000000179 flags=0b010000000110
  xmm0=0x00006f1700006f170000a6c50000a6c5 xmm1=0x0000ad500000ad5000002d7a00002d7a 
  xmm2=0x000066ce000066ce0000391100003911 xmm3=0x00004e7a00004e7a000051d9000051d9 
  xmm4=0x0000454e0000454e0000c0cd0000c0cd xmm5=0x00003bf700003bf70000cdd60000cdd6 
  xmm6=0x00001789000017890000b4af0000b4af xmm7=0x00004aff00004aff0000b6110000b611 

    > load from +0x1000 value 0x63400000634
0xf6: and rcx, 0b1111111111111
  rax=0x0000063400000634 rbx=0x0000000000001000 rcx=0x0000000000001f01 rdx=0x0000000000000000
  rsi=0x000000000000ccb4 rdi=0x0000000000000179 flags=0b010000000110
  xmm0=0x00006f1700006f170000a6c50000a6c5 xmm1=0x0000ad500000ad5000002d7a00002d7a 
  xmm2=0x000066ce000066ce0000391100003911 xmm3=0x00004e7a00004e7a000051d9000051d9 
  xmm4=0x0000454e0000454e0000c0cd0000c0cd xmm5=0x00003bf700003bf70000cdd60000cdd6 
  xmm6=0x00001789000017890000b4af0000b4af xmm7=0x00004aff00004aff0000b6110000b611 

0xfd: sub di, [r14 +rcx]
  rax=0x0000063400000634 rbx=0x0000000000001000 rcx=0x0000000000001f01 rdx=0x0000000000000000
  rsi=0x000000000000ccb4 rdi=0x0000000000000179 flags=0b010000000010
  xmm0=0x00006f1700006f170000a6c50000a6c5 xmm1=0x0000ad500000ad5000002d7a00002d7a 
  xmm2=0x000066ce000066ce0000391100003911 xmm3=0x00004e7a00004e7a000051d9000051d9 
  xmm4=0x0000454e0000454e0000c0cd0000c0cd xmm5=0x00003bf700003bf70000cdd60000cdd6 
  xmm6=0x00001789000017890000b4af0000b4af xmm7=0x00004aff00004aff0000b6110000b611 

    > load from +0x1f01 value 0xec
0x102: and rdi, 0b1111111111111
  rax=0x0000063400000634 rbx=0x0000000000001000 rcx=0x0000000000001f01 rdx=0x0000000000000000
  rsi=0x000000000000ccb4 rdi=0x000000000000008d flags=0b010000010110
  xmm0=0x00006f1700006f170000a6c50000a6c5 xmm1=0x0000ad500000ad5000002d7a00002d7a 
  xmm2=0x000066ce000066ce0000391100003911 xmm3=0x00004e7a00004e7a000051d9000051d9 
  xmm4=0x0000454e0000454e0000c0cd0000c0cd xmm5=0x00003bf700003bf70000cdd60000cdd6 
  xmm6=0x00001789000017890000b4af0000b4af xmm7=0x00004aff00004aff0000b6110000b611 

0x109: test [r14 +rdi], dl
  rax=0x0000063400000634 rbx=0x0000000000001000 rcx=0x0000000000001f01 rdx=0x0000000000000000
  rsi=0x000000000000ccb4 rdi=0x000000000000008d flags=0b010000000110
  xmm0=0x00006f1700006f170000a6c50000a6c5 xmm1=0x0000ad500000ad5000002d7a00002d7a 
  xmm2=0x000066ce000066ce0000391100003911 xmm3=0x00004e7a00004e7a000051d9000051d9 
  xmm4=0x0000454e0000454e0000c0cd0000c0cd xmm5=0x00003bf700003bf70000cdd60000cdd6 
  xmm6=0x00001789000017890000b4af0000b4af xmm7=0x00004aff00004aff0000b6110000b611 

    > load from +0x8d value 0xb9
0x10d: setl cl
  rax=0x0000063400000634 rbx=0x0000000000001000 rcx=0x0000000000001f01 rdx=0x0000000000000000
  rsi=0x000000000000ccb4 rdi=0x000000000000008d flags=0b010001000110
  xmm0=0x00006f1700006f170000a6c50000a6c5 xmm1=0x0000ad500000ad5000002d7a00002d7a 
  xmm2=0x000066ce000066ce0000391100003911 xmm3=0x00004e7a00004e7a000051d9000051d9 
  xmm4=0x0000454e0000454e0000c0cd0000c0cd xmm5=0x00003bf700003bf70000cdd60000cdd6 
  xmm6=0x00001789000017890000b4af0000b4af xmm7=0x00004aff00004aff0000b6110000b611 

0x110: and rdx, 0b1111111111111
  rax=0x0000063400000634 rbx=0x0000000000001000 rcx=0x0000000000001f00 rdx=0x0000000000000000
  rsi=0x000000000000ccb4 rdi=0x000000000000008d flags=0b010001000110
  xmm0=0x00006f1700006f170000a6c50000a6c5 xmm1=0x0000ad500000ad5000002d7a00002d7a 
  xmm2=0x000066ce000066ce0000391100003911 xmm3=0x00004e7a00004e7a000051d9000051d9 
  xmm4=0x0000454e0000454e0000c0cd0000c0cd xmm5=0x00003bf700003bf70000cdd60000cdd6 
  xmm6=0x00001789000017890000b4af0000b4af xmm7=0x00004aff00004aff0000b6110000b611 

0x117: and eax, [r14 +rdx]
  rax=0x0000063400000634 rbx=0x0000000000001000 rcx=0x0000000000001f00 rdx=0x0000000000000000
  rsi=0x000000000000ccb4 rdi=0x000000000000008d flags=0b010001000110
  xmm0=0x00006f1700006f170000a6c50000a6c5 xmm1=0x0000ad500000ad5000002d7a00002d7a 
  xmm2=0x000066ce000066ce0000391100003911 xmm3=0x00004e7a00004e7a000051d9000051d9 
  xmm4=0x0000454e0000454e0000c0cd0000c0cd xmm5=0x00003bf700003bf70000cdd60000cdd6 
  xmm6=0x00001789000017890000b4af0000b4af xmm7=0x00004aff00004aff0000b6110000b611 

    > load from +0x0 value 0xb1a9
0x11b: and rdx, 0b1111111111111
  rax=0x0000000000000020 rbx=0x0000000000001000 rcx=0x0000000000001f00 rdx=0x0000000000000000
  rsi=0x000000000000ccb4 rdi=0x000000000000008d flags=0b010000000010
  xmm0=0x00006f1700006f170000a6c50000a6c5 xmm1=0x0000ad500000ad5000002d7a00002d7a 
  xmm2=0x000066ce000066ce0000391100003911 xmm3=0x00004e7a00004e7a000051d9000051d9 
  xmm4=0x0000454e0000454e0000c0cd0000c0cd xmm5=0x00003bf700003bf70000cdd60000cdd6 
  xmm6=0x00001789000017890000b4af0000b4af xmm7=0x00004aff00004aff0000b6110000b611 

0x122: and dl, [r14 +rdx]
  rax=0x0000000000000020 rbx=0x0000000000001000 rcx=0x0000000000001f00 rdx=0x0000000000000000
  rsi=0x000000000000ccb4 rdi=0x000000000000008d flags=0b010001000110
  xmm0=0x00006f1700006f170000a6c50000a6c5 xmm1=0x0000ad500000ad5000002d7a00002d7a 
  xmm2=0x000066ce000066ce0000391100003911 xmm3=0x00004e7a00004e7a000051d9000051d9 
  xmm4=0x0000454e0000454e0000c0cd0000c0cd xmm5=0x00003bf700003bf70000cdd60000cdd6 
  xmm6=0x00001789000017890000b4af0000b4af xmm7=0x00004aff00004aff0000b6110000b611 

    > load from +0x0 value 0xa9
0x126: and rax, 0b1111111111111
  rax=0x0000000000000020 rbx=0x0000000000001000 rcx=0x0000000000001f00 rdx=0x0000000000000000
  rsi=0x000000000000ccb4 rdi=0x000000000000008d flags=0b010001000110
  xmm0=0x00006f1700006f170000a6c50000a6c5 xmm1=0x0000ad500000ad5000002d7a00002d7a 
  xmm2=0x000066ce000066ce0000391100003911 xmm3=0x00004e7a00004e7a000051d9000051d9 
  xmm4=0x0000454e0000454e0000c0cd0000c0cd xmm5=0x00003bf700003bf70000cdd60000cdd6 
  xmm6=0x00001789000017890000b4af0000b4af xmm7=0x00004aff00004aff0000b6110000b611 

0x12c: and sil, [r14 +rax]
  rax=0x0000000000000020 rbx=0x0000000000001000 rcx=0x0000000000001f00 rdx=0x0000000000000000
  rsi=0x000000000000ccb4 rdi=0x000000000000008d flags=0b010000000010
  xmm0=0x00006f1700006f170000a6c50000a6c5 xmm1=0x0000ad500000ad5000002d7a00002d7a 
  xmm2=0x000066ce000066ce0000391100003911 xmm3=0x00004e7a00004e7a000051d9000051d9 
  xmm4=0x0000454e0000454e0000c0cd0000c0cd xmm5=0x00003bf700003bf70000cdd60000cdd6 
  xmm6=0x00001789000017890000b4af0000b4af xmm7=0x00004aff00004aff0000b6110000b611 

    > load from +0x20 value 0x91
0x130: and rcx, 0b1111111111111
  rax=0x0000000000000020 rbx=0x0000000000001000 rcx=0x0000000000001f00 rdx=0x0000000000000000
  rsi=0x000000000000cc90 rdi=0x000000000000008d flags=0b010010000110
  xmm0=0x00006f1700006f170000a6c50000a6c5 xmm1=0x0000ad500000ad5000002d7a00002d7a 
  xmm2=0x000066ce000066ce0000391100003911 xmm3=0x00004e7a00004e7a000051d9000051d9 
  xmm4=0x0000454e0000454e0000c0cd0000c0cd xmm5=0x00003bf700003bf70000cdd60000cdd6 
  xmm6=0x00001789000017890000b4af0000b4af xmm7=0x00004aff00004aff0000b6110000b611 

0x137: imul rdx, [r14 +rcx]
  rax=0x0000000000000020 rbx=0x0000000000001000 rcx=0x0000000000001f00 rdx=0x0000000000000000
  rsi=0x000000000000cc90 rdi=0x000000000000008d flags=0b010000000110
  xmm0=0x00006f1700006f170000a6c50000a6c5 xmm1=0x0000ad500000ad5000002d7a00002d7a 
  xmm2=0x000066ce000066ce0000391100003911 xmm3=0x00004e7a00004e7a000051d9000051d9 
  xmm4=0x0000454e0000454e0000c0cd0000c0cd xmm5=0x00003bf700003bf70000cdd60000cdd6 
  xmm6=0x00001789000017890000b4af0000b4af xmm7=0x00004aff00004aff0000b6110000b611 

    > load from +0x1f00 value 0xeca20000eca2
0x13c: add dil, -80
  rax=0x0000000000000020 rbx=0x0000000000001000 rcx=0x0000000000001f00 rdx=0x0000000000000000
  rsi=0x000000000000cc90 rdi=0x000000000000008d flags=0b010001000110
  xmm0=0x00006f1700006f170000a6c50000a6c5 xmm1=0x0000ad500000ad5000002d7a00002d7a 
  xmm2=0x000066ce000066ce0000391100003911 xmm3=0x00004e7a00004e7a000051d9000051d9 
  xmm4=0x0000454e0000454e0000c0cd0000c0cd xmm5=0x00003bf700003bf70000cdd60000cdd6 
  xmm6=0x00001789000017890000b4af0000b4af xmm7=0x00004aff00004aff0000b6110000b611 

0x140: and rsi, 0b1111111111111
  rax=0x0000000000000020 rbx=0x0000000000001000 rcx=0x0000000000001f00 rdx=0x0000000000000000
  rsi=0x000000000000cc90 rdi=0x000000000000003d flags=0b110000000011
  xmm0=0x00006f1700006f170000a6c50000a6c5 xmm1=0x0000ad500000ad5000002d7a00002d7a 
  xmm2=0x000066ce000066ce0000391100003911 xmm3=0x00004e7a00004e7a000051d9000051d9 
  xmm4=0x0000454e0000454e0000c0cd0000c0cd xmm5=0x00003bf700003bf70000cdd60000cdd6 
  xmm6=0x00001789000017890000b4af0000b4af xmm7=0x00004aff00004aff0000b6110000b611 

0x147: movsx rcx, [r14 +rsi]
  rax=0x0000000000000020 rbx=0x0000000000001000 rcx=0x0000000000001f00 rdx=0x0000000000000000
  rsi=0x0000000000000c90 rdi=0x000000000000003d flags=0b010000000110
  xmm0=0x00006f1700006f170000a6c50000a6c5 xmm1=0x0000ad500000ad5000002d7a00002d7a 
  xmm2=0x000066ce000066ce0000391100003911 xmm3=0x00004e7a00004e7a000051d9000051d9 
  xmm4=0x0000454e0000454e0000c0cd0000c0cd xmm5=0x00003bf700003bf70000cdd60000cdd6 
  xmm6=0x00001789000017890000b4af0000b4af xmm7=0x00004aff00004aff0000b6110000b611 

    > load from +0xc90 value 0x6de6
0x14c: cmovp bx, ax
  rax=0x0000000000000020 rbx=0x0000000000001000 rcx=0x0000000000006de6 rdx=0x0000000000000000
  rsi=0x0000000000000c90 rdi=0x000000000000003d flags=0b010000000110
  xmm0=0x00006f1700006f170000a6c50000a6c5 xmm1=0x0000ad500000ad5000002d7a00002d7a 
  xmm2=0x000066ce000066ce0000391100003911 xmm3=0x00004e7a00004e7a000051d9000051d9 
  xmm4=0x0000454e0000454e0000c0cd0000c0cd xmm5=0x00003bf700003bf70000cdd60000cdd6 
  xmm6=0x00001789000017890000b4af0000b4af xmm7=0x00004aff00004aff0000b6110000b611 

0x150: and rsi, 0b1111111111111
  rax=0x0000000000000020 rbx=0x0000000000000020 rcx=0x0000000000006de6 rdx=0x0000000000000000
  rsi=0x0000000000000c90 rdi=0x000000000000003d flags=0b010000000110
  xmm0=0x00006f1700006f170000a6c50000a6c5 xmm1=0x0000ad500000ad5000002d7a00002d7a 
  xmm2=0x000066ce000066ce0000391100003911 xmm3=0x00004e7a00004e7a000051d9000051d9 
  xmm4=0x0000454e0000454e0000c0cd0000c0cd xmm5=0x00003bf700003bf70000cdd60000cdd6 
  xmm6=0x00001789000017890000b4af0000b4af xmm7=0x00004aff00004aff0000b6110000b611 

0x157: imul ecx, [r14 +rsi], -56
  rax=0x0000000000000020 rbx=0x0000000000000020 rcx=0x0000000000006de6 rdx=0x0000000000000000
  rsi=0x0000000000000c90 rdi=0x000000000000003d flags=0b010000000110
  xmm0=0x00006f1700006f170000a6c50000a6c5 xmm1=0x0000ad500000ad5000002d7a00002d7a 
  xmm2=0x000066ce000066ce0000391100003911 xmm3=0x00004e7a00004e7a000051d9000051d9 
  xmm4=0x0000454e0000454e0000c0cd0000c0cd xmm5=0x00003bf700003bf70000cdd60000cdd6 
  xmm6=0x00001789000017890000b4af0000b4af xmm7=0x00004aff00004aff0000b6110000b611 

    > load from +0xc90 value 0x6de6
0x15c: add dil, 126
  rax=0x0000000000000020 rbx=0x0000000000000020 rcx=0x00000000ffe7f5b0 rdx=0x0000000000000000
  rsi=0x0000000000000c90 rdi=0x000000000000003d flags=0b010010000010
  xmm0=0x00006f1700006f170000a6c50000a6c5 xmm1=0x0000ad500000ad5000002d7a00002d7a 
  xmm2=0x000066ce000066ce0000391100003911 xmm3=0x00004e7a00004e7a000051d9000051d9 
  xmm4=0x0000454e0000454e0000c0cd0000c0cd xmm5=0x00003bf700003bf70000cdd60000cdd6 
  xmm6=0x00001789000017890000b4af0000b4af xmm7=0x00004aff00004aff0000b6110000b611 

0x160: and rcx, 0b1111111111111
  rax=0x0000000000000020 rbx=0x0000000000000020 rcx=0x00000000ffe7f5b0 rdx=0x0000000000000000
  rsi=0x0000000000000c90 rdi=0x00000000000000bb flags=0b110010010110
  xmm0=0x00006f1700006f170000a6c50000a6c5 xmm1=0x0000ad500000ad5000002d7a00002d7a 
  xmm2=0x000066ce000066ce0000391100003911 xmm3=0x00004e7a00004e7a000051d9000051d9 
  xmm4=0x0000454e0000454e0000c0cd0000c0cd xmm5=0x00003bf700003bf70000cdd60000cdd6 
  xmm6=0x00001789000017890000b4af0000b4af xmm7=0x00004aff00004aff0000b6110000b611 

0x167: cmovnz rbx, [r14 +rcx]
  rax=0x0000000000000020 rbx=0x0000000000000020 rcx=0x00000000000015b0 rdx=0x0000000000000000
  rsi=0x0000000000000c90 rdi=0x00000000000000bb flags=0b010000000010
  xmm0=0x00006f1700006f170000a6c50000a6c5 xmm1=0x0000ad500000ad5000002d7a00002d7a 
  xmm2=0x000066ce000066ce0000391100003911 xmm3=0x00004e7a00004e7a000051d9000051d9 
  xmm4=0x0000454e0000454e0000c0cd0000c0cd xmm5=0x00003bf700003bf70000cdd60000cdd6 
  xmm6=0x00001789000017890000b4af0000b4af xmm7=0x00004aff00004aff0000b6110000b611 

    > load from +0x15b0 value 0x97ed000097ed
0x16c: neg edx
  rax=0x0000000000000020 rbx=0x000097ed000097ed rcx=0x00000000000015b0 rdx=0x0000000000000000
  rsi=0x0000000000000c90 rdi=0x00000000000000bb flags=0b010000000010
  xmm0=0x00006f1700006f170000a6c50000a6c5 xmm1=0x0000ad500000ad5000002d7a00002d7a 
  xmm2=0x000066ce000066ce0000391100003911 xmm3=0x00004e7a00004e7a000051d9000051d9 
  xmm4=0x0000454e0000454e0000c0cd0000c0cd xmm5=0x00003bf700003bf70000cdd60000cdd6 
  xmm6=0x00001789000017890000b4af0000b4af xmm7=0x00004aff00004aff0000b6110000b611 

0x16e: and rax, 0b1111111111111
  rax=0x0000000000000020 rbx=0x000097ed000097ed rcx=0x00000000000015b0 rdx=0x0000000000000000
  rsi=0x0000000000000c90 rdi=0x00000000000000bb flags=0b010001000110
  xmm0=0x00006f1700006f170000a6c50000a6c5 xmm1=0x0000ad500000ad5000002d7a00002d7a 
  xmm2=0x000066ce000066ce0000391100003911 xmm3=0x00004e7a00004e7a000051d9000051d9 
  xmm4=0x0000454e0000454e0000c0cd0000c0cd xmm5=0x00003bf700003bf70000cdd60000cdd6 
  xmm6=0x00001789000017890000b4af0000b4af xmm7=0x00004aff00004aff0000b6110000b611 

0x174: movsx rsi, [r14 +rax]
  rax=0x0000000000000020 rbx=0x000097ed000097ed rcx=0x00000000000015b0 rdx=0x0000000000000000
  rsi=0x0000000000000c90 rdi=0x00000000000000bb flags=0b010000000010
  xmm0=0x00006f1700006f170000a6c50000a6c5 xmm1=0x0000ad500000ad5000002d7a00002d7a 
  xmm2=0x000066ce000066ce0000391100003911 xmm3=0x00004e7a00004e7a000051d9000051d9 
  xmm4=0x0000454e0000454e0000c0cd0000c0cd xmm5=0x00003bf700003bf70000cdd60000cdd6 
  xmm6=0x00001789000017890000b4af0000b4af xmm7=0x00004aff00004aff0000b6110000b611 

    > load from +0x20 value 0x5291
0x179: neg ax
  rax=0x0000000000000020 rbx=0x000097ed000097ed rcx=0x00000000000015b0 rdx=0x0000000000000000
  rsi=0x0000000000005291 rdi=0x00000000000000bb flags=0b010000000010
  xmm0=0x00006f1700006f170000a6c50000a6c5 xmm1=0x0000ad500000ad5000002d7a00002d7a 
  xmm2=0x000066ce000066ce0000391100003911 xmm3=0x00004e7a00004e7a000051d9000051d9 
  xmm4=0x0000454e0000454e0000c0cd0000c0cd xmm5=0x00003bf700003bf70000cdd60000cdd6 
  xmm6=0x00001789000017890000b4af0000b4af xmm7=0x00004aff00004aff0000b6110000b611 

0x17c: and rdi, 0b1111111111111
  rax=0x000000000000ffe0 rbx=0x000097ed000097ed rcx=0x00000000000015b0 rdx=0x0000000000000000
  rsi=0x0000000000005291 rdi=0x00000000000000bb flags=0b010010000011
  xmm0=0x00006f1700006f170000a6c50000a6c5 xmm1=0x0000ad500000ad5000002d7a00002d7a 
  xmm2=0x000066ce000066ce0000391100003911 xmm3=0x00004e7a00004e7a000051d9000051d9 
  xmm4=0x0000454e0000454e0000c0cd0000c0cd xmm5=0x00003bf700003bf70000cdd60000cdd6 
  xmm6=0x00001789000017890000b4af0000b4af xmm7=0x00004aff00004aff0000b6110000b611 

0x183: cmovbe dx, [r14 +rdi]
  rax=0x000000000000ffe0 rbx=0x000097ed000097ed rcx=0x00000000000015b0 rdx=0x0000000000000000
  rsi=0x0000000000005291 rdi=0x00000000000000bb flags=0b010000000110
  xmm0=0x00006f1700006f170000a6c50000a6c5 xmm1=0x0000ad500000ad5000002d7a00002d7a 
  xmm2=0x000066ce000066ce0000391100003911 xmm3=0x00004e7a00004e7a000051d9000051d9 
  xmm4=0x0000454e0000454e0000c0cd0000c0cd xmm5=0x00003bf700003bf70000cdd60000cdd6 
  xmm6=0x00001789000017890000b4af0000b4af xmm7=0x00004aff00004aff0000b6110000b611 

    > load from +0xbb value 0xbe00
0x189: macro .switch, .actor2.function_actor2_1
  rax=0x000000000000ffe0 rbx=0x000097ed000097ed rcx=0x00000000000015b0 rdx=0x0000000000000000
  rsi=0x0000000000005291 rdi=0x00000000000000bb flags=0b010000000110
  xmm0=0x00006f1700006f170000a6c50000a6c5 xmm1=0x0000ad500000ad5000002d7a00002d7a 
  xmm2=0x000066ce000066ce0000391100003911 xmm3=0x00004e7a00004e7a000051d9000051d9 
  xmm4=0x0000454e0000454e0000c0cd0000c0cd xmm5=0x00003bf700003bf70000cdd60000cdd6 
  xmm6=0x00001789000017890000b4af0000b4af xmm7=0x00004aff00004aff0000b6110000b611 

0x31d5: pushfq 
  rax=0x000000000000ffe0 rbx=0x000097ed000097ed rcx=0x00000000000015b0 rdx=0x0000000000000000
  rsi=0x0000000000005291 rdi=0x00000000000000bb flags=0b010000000110
  xmm0=0x00006f1700006f170000a6c50000a6c5 xmm1=0x0000ad500000ad5000002d7a00002d7a 
  xmm2=0x000066ce000066ce0000391100003911 xmm3=0x00004e7a00004e7a000051d9000051d9 
  xmm4=0x0000454e0000454e0000c0cd0000c0cd xmm5=0x00003bf700003bf70000cdd60000cdd6 
  xmm6=0x00001789000017890000b4af0000b4af xmm7=0x00004aff00004aff0000b6110000b611 

    > store to +0x4ff0 value 0x406
0x31d6: push rax
  rax=0x000000000000ffe0 rbx=0x000097ed000097ed rcx=0x00000000000015b0 rdx=0x0000000000000000
  rsi=0x0000000000005291 rdi=0x00000000000000bb flags=0b010000000110
  xmm0=0x00006f1700006f170000a6c50000a6c5 xmm1=0x0000ad500000ad5000002d7a00002d7a 
  xmm2=0x000066ce000066ce0000391100003911 xmm3=0x00004e7a00004e7a000051d9000051d9 
  xmm4=0x0000454e0000454e0000c0cd0000c0cd xmm5=0x00003bf700003bf70000cdd60000cdd6 
  xmm6=0x00001789000017890000b4af0000b4af xmm7=0x00004aff00004aff0000b6110000b611 

    > store to +0x4fe8 value 0xffe0
0x31d7: push rcx
  rax=0x000000000000ffe0 rbx=0x000097ed000097ed rcx=0x00000000000015b0 rdx=0x0000000000000000
  rsi=0x0000000000005291 rdi=0x00000000000000bb flags=0b010000000110
  xmm0=0x00006f1700006f170000a6c50000a6c5 xmm1=0x0000ad500000ad5000002d7a00002d7a 
  xmm2=0x000066ce000066ce0000391100003911 xmm3=0x00004e7a00004e7a000051d9000051d9 
  xmm4=0x0000454e0000454e0000c0cd0000c0cd xmm5=0x00003bf700003bf70000cdd60000cdd6 
  xmm6=0x00001789000017890000b4af0000b4af xmm7=0x00004aff00004aff0000b6110000b611 

    > store to +0x4fe0 value 0x15b0
0x31d8: push rdx
  rax=0x000000000000ffe0 rbx=0x000097ed000097ed rcx=0x00000000000015b0 rdx=0x0000000000000000
  rsi=0x0000000000005291 rdi=0x00000000000000bb flags=0b010000000110
  xmm0=0x00006f1700006f170000a6c50000a6c5 xmm1=0x0000ad500000ad5000002d7a00002d7a 
  xmm2=0x000066ce000066ce0000391100003911 xmm3=0x00004e7a00004e7a000051d9000051d9 
  xmm4=0x0000454e0000454e0000c0cd0000c0cd xmm5=0x00003bf700003bf70000cdd60000cdd6 
  xmm6=0x00001789000017890000b4af0000b4af xmm7=0x00004aff00004aff0000b6110000b611 

    > store to +0x4fd8 value 0x0
0x31d9: mov ecx, 0x48
  rax=0x000000000000ffe0 rbx=0x000097ed000097ed rcx=0x00000000000015b0 rdx=0x0000000000000000
  rsi=0x0000000000005291 rdi=0x00000000000000bb flags=0b010000000110
  xmm0=0x00006f1700006f170000a6c50000a6c5 xmm1=0x0000ad500000ad5000002d7a00002d7a 
  xmm2=0x000066ce000066ce0000391100003911 xmm3=0x00004e7a00004e7a000051d9000051d9 
  xmm4=0x0000454e0000454e0000c0cd0000c0cd xmm5=0x00003bf700003bf70000cdd60000cdd6 
  xmm6=0x00001789000017890000b4af0000b4af xmm7=0x00004aff00004aff0000b6110000b611 

0x31de: rdmsr 
  rax=0x000000000000ffe0 rbx=0x000097ed000097ed rcx=0x0000000000000048 rdx=0x0000000000000000
  rsi=0x0000000000005291 rdi=0x00000000000000bb flags=0b010000000110
  xmm0=0x00006f1700006f170000a6c50000a6c5 xmm1=0x0000ad500000ad5000002d7a00002d7a 
  xmm2=0x000066ce000066ce0000391100003911 xmm3=0x00004e7a00004e7a000051d9000051d9 
  xmm4=0x0000454e0000454e0000c0cd0000c0cd xmm5=0x00003bf700003bf70000cdd60000cdd6 
  xmm6=0x00001789000017890000b4af0000b4af xmm7=0x00004aff00004aff0000b6110000b611 

0x31e0: and eax, 0xfffffffb
  rax=0x0000000000000000 rbx=0x000097ed000097ed rcx=0x0000000000000048 rdx=0x0000000000000000
  rsi=0x0000000000005291 rdi=0x00000000000000bb flags=0b010000000110
  xmm0=0x00006f1700006f170000a6c50000a6c5 xmm1=0x0000ad500000ad5000002d7a00002d7a 
  xmm2=0x000066ce000066ce0000391100003911 xmm3=0x00004e7a00004e7a000051d9000051d9 
  xmm4=0x0000454e0000454e0000c0cd0000c0cd xmm5=0x00003bf700003bf70000cdd60000cdd6 
  xmm6=0x00001789000017890000b4af0000b4af xmm7=0x00004aff00004aff0000b6110000b611 

0x31e3: or eax, 0x100
  rax=0x0000000000000000 rbx=0x000097ed000097ed rcx=0x0000000000000048 rdx=0x0000000000000000
  rsi=0x0000000000005291 rdi=0x00000000000000bb flags=0b010001000110
  xmm0=0x00006f1700006f170000a6c50000a6c5 xmm1=0x0000ad500000ad5000002d7a00002d7a 
  xmm2=0x000066ce000066ce0000391100003911 xmm3=0x00004e7a00004e7a000051d9000051d9 
  xmm4=0x0000454e0000454e0000c0cd0000c0cd xmm5=0x00003bf700003bf70000cdd60000cdd6 
  xmm6=0x00001789000017890000b4af0000b4af xmm7=0x00004aff00004aff0000b6110000b611 

0x31e8: wrmsr 
  rax=0x0000000000000100 rbx=0x000097ed000097ed rcx=0x0000000000000048 rdx=0x0000000000000000
  rsi=0x0000000000005291 rdi=0x00000000000000bb flags=0b010000000110
  xmm0=0x00006f1700006f170000a6c50000a6c5 xmm1=0x0000ad500000ad5000002d7a00002d7a 
  xmm2=0x000066ce000066ce0000391100003911 xmm3=0x00004e7a00004e7a000051d9000051d9 
  xmm4=0x0000454e0000454e0000c0cd0000c0cd xmm5=0x00003bf700003bf70000cdd60000cdd6 
  xmm6=0x00001789000017890000b4af0000b4af xmm7=0x00004aff00004aff0000b6110000b611 

0x31ea: mfence 
  rax=0x0000000000000100 rbx=0x000097ed000097ed rcx=0x0000000000000048 rdx=0x0000000000000000
  rsi=0x0000000000005291 rdi=0x00000000000000bb flags=0b010000000110
  xmm0=0x00006f1700006f170000a6c50000a6c5 xmm1=0x0000ad500000ad5000002d7a00002d7a 
  xmm2=0x000066ce000066ce0000391100003911 xmm3=0x00004e7a00004e7a000051d9000051d9 
  xmm4=0x0000454e0000454e0000c0cd0000c0cd xmm5=0x00003bf700003bf70000cdd60000cdd6 
  xmm6=0x00001789000017890000b4af0000b4af xmm7=0x00004aff00004aff0000b6110000b611 

0x31ed: lfence 
  rax=0x0000000000000100 rbx=0x000097ed000097ed rcx=0x0000000000000048 rdx=0x0000000000000000
  rsi=0x0000000000005291 rdi=0x00000000000000bb flags=0b010000000110
  xmm0=0x00006f1700006f170000a6c50000a6c5 xmm1=0x0000ad500000ad5000002d7a00002d7a 
  xmm2=0x000066ce000066ce0000391100003911 xmm3=0x00004e7a00004e7a000051d9000051d9 
  xmm4=0x0000454e0000454e0000c0cd0000c0cd xmm5=0x00003bf700003bf70000cdd60000cdd6 
  xmm6=0x00001789000017890000b4af0000b4af xmm7=0x00004aff00004aff0000b6110000b611 

0x31f0: macro .measurement_end, .noarg
  rax=0x0000000000000100 rbx=0x000097ed000097ed rcx=0x0000000000000048 rdx=0x0000000000000000
  rsi=0x0000000000005291 rdi=0x00000000000000bb flags=0b010000000110
  xmm0=0x00006f1700006f170000a6c50000a6c5 xmm1=0x0000ad500000ad5000002d7a00002d7a 
  xmm2=0x000066ce000066ce0000391100003911 xmm3=0x00004e7a00004e7a000051d9000051d9 
  xmm4=0x0000454e0000454e0000c0cd0000c0cd xmm5=0x00003bf700003bf70000cdd60000cdd6 
  xmm6=0x00001789000017890000b4af0000b4af xmm7=0x00004aff00004aff0000b6110000b611 

0x31f8: mov ecx, 0x48
  rax=0x0000000000000100 rbx=0x000097ed000097ed rcx=0x0000000000000048 rdx=0x0000000000000000
  rsi=0x0000000000005291 rdi=0x00000000000000bb flags=0b010000000110
  xmm0=0x00006f1700006f170000a6c50000a6c5 xmm1=0x0000ad500000ad5000002d7a00002d7a 
  xmm2=0x000066ce000066ce0000391100003911 xmm3=0x00004e7a00004e7a000051d9000051d9 
  xmm4=0x0000454e0000454e0000c0cd0000c0cd xmm5=0x00003bf700003bf70000cdd60000cdd6 
  xmm6=0x00001789000017890000b4af0000b4af xmm7=0x00004aff00004aff0000b6110000b611 

0x31fd: rdmsr 
  rax=0x0000000000000100 rbx=0x000097ed000097ed rcx=0x0000000000000048 rdx=0x0000000000000000
  rsi=0x0000000000005291 rdi=0x00000000000000bb flags=0b010000000110
  xmm0=0x00006f1700006f170000a6c50000a6c5 xmm1=0x0000ad500000ad5000002d7a00002d7a 
  xmm2=0x000066ce000066ce0000391100003911 xmm3=0x00004e7a00004e7a000051d9000051d9 
  xmm4=0x0000454e0000454e0000c0cd0000c0cd xmm5=0x00003bf700003bf70000cdd60000cdd6 
  xmm6=0x00001789000017890000b4af0000b4af xmm7=0x00004aff00004aff0000b6110000b611 

0x31ff: and eax, 0xfffffffb
  rax=0x0000000000000000 rbx=0x000097ed000097ed rcx=0x0000000000000048 rdx=0x0000000000000000
  rsi=0x0000000000005291 rdi=0x00000000000000bb flags=0b010000000110
  xmm0=0x00006f1700006f170000a6c50000a6c5 xmm1=0x0000ad500000ad5000002d7a00002d7a 
  xmm2=0x000066ce000066ce0000391100003911 xmm3=0x00004e7a00004e7a000051d9000051d9 
  xmm4=0x0000454e0000454e0000c0cd0000c0cd xmm5=0x00003bf700003bf70000cdd60000cdd6 
  xmm6=0x00001789000017890000b4af0000b4af xmm7=0x00004aff00004aff0000b6110000b611 

0x3202: and eax, 0xfffffeff
  rax=0x0000000000000000 rbx=0x000097ed000097ed rcx=0x0000000000000048 rdx=0x0000000000000000
  rsi=0x0000000000005291 rdi=0x00000000000000bb flags=0b010001000110
  xmm0=0x00006f1700006f170000a6c50000a6c5 xmm1=0x0000ad500000ad5000002d7a00002d7a 
  xmm2=0x000066ce000066ce0000391100003911 xmm3=0x00004e7a00004e7a000051d9000051d9 
  xmm4=0x0000454e0000454e0000c0cd0000c0cd xmm5=0x00003bf700003bf70000cdd60000cdd6 
  xmm6=0x00001789000017890000b4af0000b4af xmm7=0x00004aff00004aff0000b6110000b611 

0x3207: wrmsr 
  rax=0x0000000000000000 rbx=0x000097ed000097ed rcx=0x0000000000000048 rdx=0x0000000000000000
  rsi=0x0000000000005291 rdi=0x00000000000000bb flags=0b010001000110
  xmm0=0x00006f1700006f170000a6c50000a6c5 xmm1=0x0000ad500000ad5000002d7a00002d7a 
  xmm2=0x000066ce000066ce0000391100003911 xmm3=0x00004e7a00004e7a000051d9000051d9 
  xmm4=0x0000454e0000454e0000c0cd0000c0cd xmm5=0x00003bf700003bf70000cdd60000cdd6 
  xmm6=0x00001789000017890000b4af0000b4af xmm7=0x00004aff00004aff0000b6110000b611 

0x3209: mfence 
  rax=0x0000000000000000 rbx=0x000097ed000097ed rcx=0x0000000000000048 rdx=0x0000000000000000
  rsi=0x0000000000005291 rdi=0x00000000000000bb flags=0b010001000110
  xmm0=0x00006f1700006f170000a6c50000a6c5 xmm1=0x0000ad500000ad5000002d7a00002d7a 
  xmm2=0x000066ce000066ce0000391100003911 xmm3=0x00004e7a00004e7a000051d9000051d9 
  xmm4=0x0000454e0000454e0000c0cd0000c0cd xmm5=0x00003bf700003bf70000cdd60000cdd6 
  xmm6=0x00001789000017890000b4af0000b4af xmm7=0x00004aff00004aff0000b6110000b611 

0x320c: lfence 
  rax=0x0000000000000000 rbx=0x000097ed000097ed rcx=0x0000000000000048 rdx=0x0000000000000000
  rsi=0x0000000000005291 rdi=0x00000000000000bb flags=0b010001000110
  xmm0=0x00006f1700006f170000a6c50000a6c5 xmm1=0x0000ad500000ad5000002d7a00002d7a 
  xmm2=0x000066ce000066ce0000391100003911 xmm3=0x00004e7a00004e7a000051d9000051d9 
  xmm4=0x0000454e0000454e0000c0cd0000c0cd xmm5=0x00003bf700003bf70000cdd60000cdd6 
  xmm6=0x00001789000017890000b4af0000b4af xmm7=0x00004aff00004aff0000b6110000b611 

0x320f: pop rdx
  rax=0x0000000000000000 rbx=0x000097ed000097ed rcx=0x0000000000000048 rdx=0x0000000000000000
  rsi=0x0000000000005291 rdi=0x00000000000000bb flags=0b010001000110
  xmm0=0x00006f1700006f170000a6c50000a6c5 xmm1=0x0000ad500000ad5000002d7a00002d7a 
  xmm2=0x000066ce000066ce0000391100003911 xmm3=0x00004e7a00004e7a000051d9000051d9 
  xmm4=0x0000454e0000454e0000c0cd0000c0cd xmm5=0x00003bf700003bf70000cdd60000cdd6 
  xmm6=0x00001789000017890000b4af0000b4af xmm7=0x00004aff00004aff0000b6110000b611 

    > load from +0x4fd8 value 0x0
0x3210: pop rcx
  rax=0x0000000000000000 rbx=0x000097ed000097ed rcx=0x0000000000000048 rdx=0x0000000000000000
  rsi=0x0000000000005291 rdi=0x00000000000000bb flags=0b010001000110
  xmm0=0x00006f1700006f170000a6c50000a6c5 xmm1=0x0000ad500000ad5000002d7a00002d7a 
  xmm2=0x000066ce000066ce0000391100003911 xmm3=0x00004e7a00004e7a000051d9000051d9 
  xmm4=0x0000454e0000454e0000c0cd0000c0cd xmm5=0x00003bf700003bf70000cdd60000cdd6 
  xmm6=0x00001789000017890000b4af0000b4af xmm7=0x00004aff00004aff0000b6110000b611 

    > load from +0x4fe0 value 0x15b0
0x3211: pop rax
  rax=0x0000000000000000 rbx=0x000097ed000097ed rcx=0x00000000000015b0 rdx=0x0000000000000000
  rsi=0x0000000000005291 rdi=0x00000000000000bb flags=0b010001000110
  xmm0=0x00006f1700006f170000a6c50000a6c5 xmm1=0x0000ad500000ad5000002d7a00002d7a 
  xmm2=0x000066ce000066ce0000391100003911 xmm3=0x00004e7a00004e7a000051d9000051d9 
  xmm4=0x0000454e0000454e0000c0cd0000c0cd xmm5=0x00003bf700003bf70000cdd60000cdd6 
  xmm6=0x00001789000017890000b4af0000b4af xmm7=0x00004aff00004aff0000b6110000b611 

    > load from +0x4fe8 value 0xffe0
0x3212: popfq 
  rax=0x000000000000ffe0 rbx=0x000097ed000097ed rcx=0x00000000000015b0 rdx=0x0000000000000000
  rsi=0x0000000000005291 rdi=0x00000000000000bb flags=0b010001000110
  xmm0=0x00006f1700006f170000a6c50000a6c5 xmm1=0x0000ad500000ad5000002d7a00002d7a 
  xmm2=0x000066ce000066ce0000391100003911 xmm3=0x00004e7a00004e7a000051d9000051d9 
  xmm4=0x0000454e0000454e0000c0cd0000c0cd xmm5=0x00003bf700003bf70000cdd60000cdd6 
  xmm6=0x00001789000017890000b4af0000b4af xmm7=0x00004aff00004aff0000b6110000b611 

    > load from +0x4ff0 value 0x406
0x3213: macro .switch, .main.function_main_2
  rax=0x000000000000ffe0 rbx=0x000097ed000097ed rcx=0x00000000000015b0 rdx=0x0000000000000000
  rsi=0x0000000000005291 rdi=0x00000000000000bb flags=0b010000000110
  xmm0=0x00006f1700006f170000a6c50000a6c5 xmm1=0x0000ad500000ad5000002d7a00002d7a 
  xmm2=0x000066ce000066ce0000391100003911 xmm3=0x00004e7a00004e7a000051d9000051d9 
  xmm4=0x0000454e0000454e0000c0cd0000c0cd xmm5=0x00003bf700003bf70000cdd60000cdd6 
  xmm6=0x00001789000017890000b4af0000b4af xmm7=0x00004aff00004aff0000b6110000b611 

0x191: nop  [test_case_exit]
  rax=0x000000000000ffe0 rbx=0x000097ed000097ed rcx=0x00000000000015b0 rdx=0x0000000000000000
  rsi=0x0000000000005291 rdi=0x00000000000000bb flags=0b010000000110
  xmm0=0x00006f1700006f170000a6c50000a6c5 xmm1=0x0000ad500000ad5000002d7a00002d7a 
  xmm2=0x000066ce000066ce0000391100003911 xmm3=0x00004e7a00004e7a000051d9000051d9 
  xmm4=0x0000454e0000454e0000c0cd0000c0cd xmm5=0x00003bf700003bf70000cdd60000cdd6 
  xmm6=0x00001789000017890000b4af0000b4af xmm7=0x00004aff00004aff0000b6110000b611 





================================ Statistics ===================================

Test Cases: 1
Inputs per test case: 100.0
Violations: 1
Effectiveness: 
  Total Cls: 50.0
  Effective Cls: 50.0
Discarded Test Cases:
  Speculation Filter: 0
  Observation Filter: 0
  Fast Path: 0
  Max Nesting Check: 0
  Tainting Check: 0
  Early Priming Check: 0
  Large Sample Check: 0
  Priming Check: 0

Duration: 39.0
Finished at 10:58:21
