
INFO: [fuzzer] Starting at 23:27:55
> Entering slow path...> Priming  6             > Priming  5             > Priming  4             > Priming  3             > Priming  2             > Priming  1             

================================ Violations detected ==========================
Contract trace:
 4097348181483963957 (hash)
Hardware traces:
  Input group 1: [5]
  Input group 2: [55]
  ^^^^..^..^......^..............................^................ [169    | 0     ]
  ^^^^..^.^^......^..............................^................ [127    | 320   ]
  ^^^...^..^......^..............................^................ [16     | 0     ]
  ^^^...^.^^......^..............................^................ [8      | 0     ]

================================ Violation Traces =============================
                      ##### Input 5 #####

                     ##### Input 0 #####
0x0 : and rdi, 0b1111111111000
  rax=0x00004d9a00004d9a rbx=0x0000981400009814 rcx=0x0000c9bc0000c9bc rdx=0x000084a8000084a8
  rsi=0x0000b8990000b899 rdi=0x0000261400002614 flags=0b000010010110
  xmm0=0x3a0400003a040000df780000df78 xmm1=0x51130000511300009cd000009cd0 
  xmm2=0xe8a90000e8a900006d1200006d12 xmm3=0xabf50000abf5000045dd000045dd 
  xmm4=0x5a5800005a580000290c0000290c xmm5=0x3538000035380000739e0000739e 
  xmm6=0xdeb30000deb30000248000002480 xmm7=0x14cb000014cb0000328400003284 

0x7 : lock xadd [r14 +rdi], dl
  rax=0x00004d9a00004d9a rbx=0x0000981400009814 rcx=0x0000c9bc0000c9bc rdx=0x000084a8000084a8
  rsi=0x0000b8990000b899 rdi=0x0000000000000610 flags=0b000000000010
  xmm0=0x3a0400003a040000df780000df78 xmm1=0x51130000511300009cd000009cd0 
  xmm2=0xe8a90000e8a900006d1200006d12 xmm3=0xabf50000abf5000045dd000045dd 
  xmm4=0x5a5800005a580000290c0000290c xmm5=0x3538000035380000739e0000739e 
  xmm6=0xdeb30000deb30000248000002480 xmm7=0x14cb000014cb0000328400003284 

    > load from +0x610 value 0x7d
    > store to +0x610 value 0x25
0xd : and rdx, 0b1111111111000
  rax=0x00004d9a00004d9a rbx=0x0000981400009814 rcx=0x0000c9bc0000c9bc rdx=0x000084a80000847d
  rsi=0x0000b8990000b899 rdi=0x0000000000000610 flags=0b000000010011
  xmm0=0x3a0400003a040000df780000df78 xmm1=0x51130000511300009cd000009cd0 
  xmm2=0xe8a90000e8a900006d1200006d12 xmm3=0xabf50000abf5000045dd000045dd 
  xmm4=0x5a5800005a580000290c0000290c xmm5=0x3538000035380000739e0000739e 
  xmm6=0xdeb30000deb30000248000002480 xmm7=0x14cb000014cb0000328400003284 

0x14: lock sub [r14 +rdx], dl
  rax=0x00004d9a00004d9a rbx=0x0000981400009814 rcx=0x0000c9bc0000c9bc rdx=0x0000000000000478
  rsi=0x0000b8990000b899 rdi=0x0000000000000610 flags=0b000000000110
  xmm0=0x3a0400003a040000df780000df78 xmm1=0x51130000511300009cd000009cd0 
  xmm2=0xe8a90000e8a900006d1200006d12 xmm3=0xabf50000abf5000045dd000045dd 
  xmm4=0x5a5800005a580000290c0000290c xmm5=0x3538000035380000739e0000739e 
  xmm6=0xdeb30000deb30000248000002480 xmm7=0x14cb000014cb0000328400003284 

    > load from +0x478 value 0x1f
    > store to +0x478 value 0xa7
0x19: dec bl
  rax=0x00004d9a00004d9a rbx=0x0000981400009814 rcx=0x0000c9bc0000c9bc rdx=0x0000000000000478
  rsi=0x0000b8990000b899 rdi=0x0000000000000610 flags=0b000010000011
  xmm0=0x3a0400003a040000df780000df78 xmm1=0x51130000511300009cd000009cd0 
  xmm2=0xe8a90000e8a900006d1200006d12 xmm3=0xabf50000abf5000045dd000045dd 
  xmm4=0x5a5800005a580000290c0000290c xmm5=0x3538000035380000739e0000739e 
  xmm6=0xdeb30000deb30000248000002480 xmm7=0x14cb000014cb0000328400003284 

0x1b: setnle cl
  rax=0x00004d9a00004d9a rbx=0x0000981400009813 rcx=0x0000c9bc0000c9bc rdx=0x0000000000000478
  rsi=0x0000b8990000b899 rdi=0x0000000000000610 flags=0b000000000011
  xmm0=0x3a0400003a040000df780000df78 xmm1=0x51130000511300009cd000009cd0 
  xmm2=0xe8a90000e8a900006d1200006d12 xmm3=0xabf50000abf5000045dd000045dd 
  xmm4=0x5a5800005a580000290c0000290c xmm5=0x3538000035380000739e0000739e 
  xmm6=0xdeb30000deb30000248000002480 xmm7=0x14cb000014cb0000328400003284 

0x1e: and rsi, 0b1111111111111
  rax=0x00004d9a00004d9a rbx=0x0000981400009813 rcx=0x0000c9bc0000c901 rdx=0x0000000000000478
  rsi=0x0000b8990000b899 rdi=0x0000000000000610 flags=0b000000000011
  xmm0=0x3a0400003a040000df780000df78 xmm1=0x51130000511300009cd000009cd0 
  xmm2=0xe8a90000e8a900006d1200006d12 xmm3=0xabf50000abf5000045dd000045dd 
  xmm4=0x5a5800005a580000290c0000290c xmm5=0x3538000035380000739e0000739e 
  xmm6=0xdeb30000deb30000248000002480 xmm7=0x14cb000014cb0000328400003284 

0x25: movzx rsi, [r14 +rsi]
  rax=0x00004d9a00004d9a rbx=0x0000981400009813 rcx=0x0000c9bc0000c901 rdx=0x0000000000000478
  rsi=0x0000000000001899 rdi=0x0000000000000610 flags=0b000000000110
  xmm0=0x3a0400003a040000df780000df78 xmm1=0x51130000511300009cd000009cd0 
  xmm2=0xe8a90000e8a900006d1200006d12 xmm3=0xabf50000abf5000045dd000045dd 
  xmm4=0x5a5800005a580000290c0000290c xmm5=0x3538000035380000739e0000739e 
  xmm6=0xdeb30000deb30000248000002480 xmm7=0x14cb000014cb0000328400003284 

    > load from +0x1899 value 0x8f
0x2a: mov bl, -35
  rax=0x00004d9a00004d9a rbx=0x0000981400009813 rcx=0x0000c9bc0000c901 rdx=0x0000000000000478
  rsi=0x000000000000008f rdi=0x0000000000000610 flags=0b000000000110
  xmm0=0x3a0400003a040000df780000df78 xmm1=0x51130000511300009cd000009cd0 
  xmm2=0xe8a90000e8a900006d1200006d12 xmm3=0xabf50000abf5000045dd000045dd 
  xmm4=0x5a5800005a580000290c0000290c xmm5=0x3538000035380000739e0000739e 
  xmm6=0xdeb30000deb30000248000002480 xmm7=0x14cb000014cb0000328400003284 

0x2c: and rdi, 0b1111111111111
  rax=0x00004d9a00004d9a rbx=0x00009814000098dd rcx=0x0000c9bc0000c901 rdx=0x0000000000000478
  rsi=0x000000000000008f rdi=0x0000000000000610 flags=0b000000000110
  xmm0=0x3a0400003a040000df780000df78 xmm1=0x51130000511300009cd000009cd0 
  xmm2=0xe8a90000e8a900006d1200006d12 xmm3=0xabf50000abf5000045dd000045dd 
  xmm4=0x5a5800005a580000290c0000290c xmm5=0x3538000035380000739e0000739e 
  xmm6=0xdeb30000deb30000248000002480 xmm7=0x14cb000014cb0000328400003284 

0x33: sets [r14 +rdi]
  rax=0x00004d9a00004d9a rbx=0x00009814000098dd rcx=0x0000c9bc0000c901 rdx=0x0000000000000478
  rsi=0x000000000000008f rdi=0x0000000000000610 flags=0b000000000010
  xmm0=0x3a0400003a040000df780000df78 xmm1=0x51130000511300009cd000009cd0 
  xmm2=0xe8a90000e8a900006d1200006d12 xmm3=0xabf50000abf5000045dd000045dd 
  xmm4=0x5a5800005a580000290c0000290c xmm5=0x3538000035380000739e0000739e 
  xmm6=0xdeb30000deb30000248000002480 xmm7=0x14cb000014cb0000328400003284 

    > store to +0x610 value 0x0
0x38: and rdx, 0b1111111111000
  rax=0x00004d9a00004d9a rbx=0x00009814000098dd rcx=0x0000c9bc0000c901 rdx=0x0000000000000478
  rsi=0x000000000000008f rdi=0x0000000000000610 flags=0b000000000010
  xmm0=0x3a0400003a040000df780000df78 xmm1=0x51130000511300009cd000009cd0 
  xmm2=0xe8a90000e8a900006d1200006d12 xmm3=0xabf50000abf5000045dd000045dd 
  xmm4=0x5a5800005a580000290c0000290c xmm5=0x3538000035380000739e0000739e 
  xmm6=0xdeb30000deb30000248000002480 xmm7=0x14cb000014cb0000328400003284 

0x3f: lock dec [r14 +rdx]
  rax=0x00004d9a00004d9a rbx=0x00009814000098dd rcx=0x0000c9bc0000c901 rdx=0x0000000000000478
  rsi=0x000000000000008f rdi=0x0000000000000610 flags=0b000000000110
  xmm0=0x3a0400003a040000df780000df78 xmm1=0x51130000511300009cd000009cd0 
  xmm2=0xe8a90000e8a900006d1200006d12 xmm3=0xabf50000abf5000045dd000045dd 
  xmm4=0x5a5800005a580000290c0000290c xmm5=0x3538000035380000739e0000739e 
  xmm6=0xdeb30000deb30000248000002480 xmm7=0x14cb000014cb0000328400003284 

    > load from +0x478 value 0xea1f0000eaa7
    > store to +0x478 value 0xea1f0000eaa6
0x44: movsx rax, dx
  rax=0x00004d9a00004d9a rbx=0x00009814000098dd rcx=0x0000c9bc0000c901 rdx=0x0000000000000478
  rsi=0x000000000000008f rdi=0x0000000000000610 flags=0b000000000110
  xmm0=0x3a0400003a040000df780000df78 xmm1=0x51130000511300009cd000009cd0 
  xmm2=0xe8a90000e8a900006d1200006d12 xmm3=0xabf50000abf5000045dd000045dd 
  xmm4=0x5a5800005a580000290c0000290c xmm5=0x3538000035380000739e0000739e 
  xmm6=0xdeb30000deb30000248000002480 xmm7=0x14cb000014cb0000328400003284 

0x48: and rdx, 0b1111111111111
  rax=0x0000000000000478 rbx=0x00009814000098dd rcx=0x0000c9bc0000c901 rdx=0x0000000000000478
  rsi=0x000000000000008f rdi=0x0000000000000610 flags=0b000000000110
  xmm0=0x3a0400003a040000df780000df78 xmm1=0x51130000511300009cd000009cd0 
  xmm2=0xe8a90000e8a900006d1200006d12 xmm3=0xabf50000abf5000045dd000045dd 
  xmm4=0x5a5800005a580000290c0000290c xmm5=0x3538000035380000739e0000739e 
  xmm6=0xdeb30000deb30000248000002480 xmm7=0x14cb000014cb0000328400003284 

0x4f: or [r14 +rdx], sil
  rax=0x0000000000000478 rbx=0x00009814000098dd rcx=0x0000c9bc0000c901 rdx=0x0000000000000478
  rsi=0x000000000000008f rdi=0x0000000000000610 flags=0b000000000110
  xmm0=0x3a0400003a040000df780000df78 xmm1=0x51130000511300009cd000009cd0 
  xmm2=0xe8a90000e8a900006d1200006d12 xmm3=0xabf50000abf5000045dd000045dd 
  xmm4=0x5a5800005a580000290c0000290c xmm5=0x3538000035380000739e0000739e 
  xmm6=0xdeb30000deb30000248000002480 xmm7=0x14cb000014cb0000328400003284 

    > load from +0x478 value 0xa6
    > store to +0x478 value 0xaf
0x53: and rsi, 0b1111111111111
  rax=0x0000000000000478 rbx=0x00009814000098dd rcx=0x0000c9bc0000c901 rdx=0x0000000000000478
  rsi=0x000000000000008f rdi=0x0000000000000610 flags=0b000010000110
  xmm0=0x3a0400003a040000df780000df78 xmm1=0x51130000511300009cd000009cd0 
  xmm2=0xe8a90000e8a900006d1200006d12 xmm3=0xabf50000abf5000045dd000045dd 
  xmm4=0x5a5800005a580000290c0000290c xmm5=0x3538000035380000739e0000739e 
  xmm6=0xdeb30000deb30000248000002480 xmm7=0x14cb000014cb0000328400003284 

0x5a: sub [r14 +rsi], rdx
  rax=0x0000000000000478 rbx=0x00009814000098dd rcx=0x0000c9bc0000c901 rdx=0x0000000000000478
  rsi=0x000000000000008f rdi=0x0000000000000610 flags=0b000000000010
  xmm0=0x3a0400003a040000df780000df78 xmm1=0x51130000511300009cd000009cd0 
  xmm2=0xe8a90000e8a900006d1200006d12 xmm3=0xabf50000abf5000045dd000045dd 
  xmm4=0x5a5800005a580000290c0000290c xmm5=0x3538000035380000739e0000739e 
  xmm6=0xdeb30000deb30000248000002480 xmm7=0x14cb000014cb0000328400003284 

    > load from +0x8f value 0x578a0000578a00
    > store to +0x8f value 0x578a0000578588
0x5e: and rdx, 0b1111111111000
  rax=0x0000000000000478 rbx=0x00009814000098dd rcx=0x0000c9bc0000c901 rdx=0x0000000000000478
  rsi=0x000000000000008f rdi=0x0000000000000610 flags=0b000000010110
  xmm0=0x3a0400003a040000df780000df78 xmm1=0x51130000511300009cd000009cd0 
  xmm2=0xe8a90000e8a900006d1200006d12 xmm3=0xabf50000abf5000045dd000045dd 
  xmm4=0x5a5800005a580000290c0000290c xmm5=0x3538000035380000739e0000739e 
  xmm6=0xdeb30000deb30000248000002480 xmm7=0x14cb000014cb0000328400003284 

0x65: lock add [r14 +rdx], rdx
  rax=0x0000000000000478 rbx=0x00009814000098dd rcx=0x0000c9bc0000c901 rdx=0x0000000000000478
  rsi=0x000000000000008f rdi=0x0000000000000610 flags=0b000000000110
  xmm0=0x3a0400003a040000df780000df78 xmm1=0x51130000511300009cd000009cd0 
  xmm2=0xe8a90000e8a900006d1200006d12 xmm3=0xabf50000abf5000045dd000045dd 
  xmm4=0x5a5800005a580000290c0000290c xmm5=0x3538000035380000739e0000739e 
  xmm6=0xdeb30000deb30000248000002480 xmm7=0x14cb000014cb0000328400003284 

    > load from +0x478 value 0xea1f0000eaaf
    > store to +0x478 value 0xea1f0000ef27
0x6a: and rsi, 0b1111111111111
  rax=0x0000000000000478 rbx=0x00009814000098dd rcx=0x0000c9bc0000c901 rdx=0x0000000000000478
  rsi=0x000000000000008f rdi=0x0000000000000610 flags=0b000000010110
  xmm0=0x3a0400003a040000df780000df78 xmm1=0x51130000511300009cd000009cd0 
  xmm2=0xe8a90000e8a900006d1200006d12 xmm3=0xabf50000abf5000045dd000045dd 
  xmm4=0x5a5800005a580000290c0000290c xmm5=0x3538000035380000739e0000739e 
  xmm6=0xdeb30000deb30000248000002480 xmm7=0x14cb000014cb0000328400003284 

0x71: cmp [r14 +rsi], -38
  rax=0x0000000000000478 rbx=0x00009814000098dd rcx=0x0000c9bc0000c901 rdx=0x0000000000000478
  rsi=0x000000000000008f rdi=0x0000000000000610 flags=0b000000000010
  xmm0=0x3a0400003a040000df780000df78 xmm1=0x51130000511300009cd000009cd0 
  xmm2=0xe8a90000e8a900006d1200006d12 xmm3=0xabf50000abf5000045dd000045dd 
  xmm4=0x5a5800005a580000290c0000290c xmm5=0x3538000035380000739e0000739e 
  xmm6=0xdeb30000deb30000248000002480 xmm7=0x14cb000014cb0000328400003284 

    > load from +0x8f value 0x88
0x76: and rbx, 0b1111111111111
  rax=0x0000000000000478 rbx=0x00009814000098dd rcx=0x0000c9bc0000c901 rdx=0x0000000000000478
  rsi=0x000000000000008f rdi=0x0000000000000610 flags=0b000010010011
  xmm0=0x3a0400003a040000df780000df78 xmm1=0x51130000511300009cd000009cd0 
  xmm2=0xe8a90000e8a900006d1200006d12 xmm3=0xabf50000abf5000045dd000045dd 
  xmm4=0x5a5800005a580000290c0000290c xmm5=0x3538000035380000739e0000739e 
  xmm6=0xdeb30000deb30000248000002480 xmm7=0x14cb000014cb0000328400003284 

0x7d: add [r14 +rbx], rax
  rax=0x0000000000000478 rbx=0x00000000000018dd rcx=0x0000c9bc0000c901 rdx=0x0000000000000478
  rsi=0x000000000000008f rdi=0x0000000000000610 flags=0b000000000110
  xmm0=0x3a0400003a040000df780000df78 xmm1=0x51130000511300009cd000009cd0 
  xmm2=0xe8a90000e8a900006d1200006d12 xmm3=0xabf50000abf5000045dd000045dd 
  xmm4=0x5a5800005a580000290c0000290c xmm5=0x3538000035380000739e0000739e 
  xmm6=0xdeb30000deb30000248000002480 xmm7=0x14cb000014cb0000328400003284 

    > load from +0x18dd value 0x7c0000a87c0000e2
    > store to +0x18dd value 0x7c0000a87c00055a
0x81: imul rsi
  rax=0x0000000000000478 rbx=0x00000000000018dd rcx=0x0000c9bc0000c901 rdx=0x0000000000000478
  rsi=0x000000000000008f rdi=0x0000000000000610 flags=0b000000000110
  xmm0=0x3a0400003a040000df780000df78 xmm1=0x51130000511300009cd000009cd0 
  xmm2=0xe8a90000e8a900006d1200006d12 xmm3=0xabf50000abf5000045dd000045dd 
  xmm4=0x5a5800005a580000290c0000290c xmm5=0x3538000035380000739e0000739e 
  xmm6=0xdeb30000deb30000248000002480 xmm7=0x14cb000014cb0000328400003284 

0x84: and rdi, 0b1111111111111
  rax=0x0000000000027f08 rbx=0x00000000000018dd rcx=0x0000c9bc0000c901 rdx=0x0000000000000000
  rsi=0x000000000000008f rdi=0x0000000000000610 flags=0b000000000010
  xmm0=0x3a0400003a040000df780000df78 xmm1=0x51130000511300009cd000009cd0 
  xmm2=0xe8a90000e8a900006d1200006d12 xmm3=0xabf50000abf5000045dd000045dd 
  xmm4=0x5a5800005a580000290c0000290c xmm5=0x3538000035380000739e0000739e 
  xmm6=0xdeb30000deb30000248000002480 xmm7=0x14cb000014cb0000328400003284 

0x8b: and [r14 +rdi], rdi
  rax=0x0000000000027f08 rbx=0x00000000000018dd rcx=0x0000c9bc0000c901 rdx=0x0000000000000000
  rsi=0x000000000000008f rdi=0x0000000000000610 flags=0b000000000010
  xmm0=0x3a0400003a040000df780000df78 xmm1=0x51130000511300009cd000009cd0 
  xmm2=0xe8a90000e8a900006d1200006d12 xmm3=0xabf50000abf5000045dd000045dd 
  xmm4=0x5a5800005a580000290c0000290c xmm5=0x3538000035380000739e0000739e 
  xmm6=0xdeb30000deb30000248000002480 xmm7=0x14cb000014cb0000328400003284 

    > load from +0x610 value 0x987d00009800
    > store to +0x610 value 0x0
0x8f: xchg rax, rax
  rax=0x0000000000027f08 rbx=0x00000000000018dd rcx=0x0000c9bc0000c901 rdx=0x0000000000000000
  rsi=0x000000000000008f rdi=0x0000000000000610 flags=0b000001000110
  xmm0=0x3a0400003a040000df780000df78 xmm1=0x51130000511300009cd000009cd0 
  xmm2=0xe8a90000e8a900006d1200006d12 xmm3=0xabf50000abf5000045dd000045dd 
  xmm4=0x5a5800005a580000290c0000290c xmm5=0x3538000035380000739e0000739e 
  xmm6=0xdeb30000deb30000248000002480 xmm7=0x14cb000014cb0000328400003284 

0x90: cmp sil, 68
  rax=0x0000000000027f08 rbx=0x00000000000018dd rcx=0x0000c9bc0000c901 rdx=0x0000000000000000
  rsi=0x000000000000008f rdi=0x0000000000000610 flags=0b000001000110
  xmm0=0x3a0400003a040000df780000df78 xmm1=0x51130000511300009cd000009cd0 
  xmm2=0xe8a90000e8a900006d1200006d12 xmm3=0xabf50000abf5000045dd000045dd 
  xmm4=0x5a5800005a580000290c0000290c xmm5=0x3538000035380000739e0000739e 
  xmm6=0xdeb30000deb30000248000002480 xmm7=0x14cb000014cb0000328400003284 

0x94: and rbx, 0b1111111111111
  rax=0x0000000000027f08 rbx=0x00000000000018dd rcx=0x0000c9bc0000c901 rdx=0x0000000000000000
  rsi=0x000000000000008f rdi=0x0000000000000610 flags=0b100000000110
  xmm0=0x3a0400003a040000df780000df78 xmm1=0x51130000511300009cd000009cd0 
  xmm2=0xe8a90000e8a900006d1200006d12 xmm3=0xabf50000abf5000045dd000045dd 
  xmm4=0x5a5800005a580000290c0000290c xmm5=0x3538000035380000739e0000739e 
  xmm6=0xdeb30000deb30000248000002480 xmm7=0x14cb000014cb0000328400003284 

0x9b: bt [r14 +rbx], -97
  rax=0x0000000000027f08 rbx=0x00000000000018dd rcx=0x0000c9bc0000c901 rdx=0x0000000000000000
  rsi=0x000000000000008f rdi=0x0000000000000610 flags=0b000000000110
  xmm0=0x3a0400003a040000df780000df78 xmm1=0x51130000511300009cd000009cd0 
  xmm2=0xe8a90000e8a900006d1200006d12 xmm3=0xabf50000abf5000045dd000045dd 
  xmm4=0x5a5800005a580000290c0000290c xmm5=0x3538000035380000739e0000739e 
  xmm6=0xdeb30000deb30000248000002480 xmm7=0x14cb000014cb0000328400003284 

    > load from +0x18dd value 0x7c00055a
0xa1: xadd edi, edx
  rax=0x0000000000027f08 rbx=0x00000000000018dd rcx=0x0000c9bc0000c901 rdx=0x0000000000000000
  rsi=0x000000000000008f rdi=0x0000000000000610 flags=0b000000000110
  xmm0=0x3a0400003a040000df780000df78 xmm1=0x51130000511300009cd000009cd0 
  xmm2=0xe8a90000e8a900006d1200006d12 xmm3=0xabf50000abf5000045dd000045dd 
  xmm4=0x5a5800005a580000290c0000290c xmm5=0x3538000035380000739e0000739e 
  xmm6=0xdeb30000deb30000248000002480 xmm7=0x14cb000014cb0000328400003284 

0xa4: and rax, 0b1111111111000
  rax=0x0000000000027f08 rbx=0x00000000000018dd rcx=0x0000c9bc0000c901 rdx=0x0000000000000610
  rsi=0x000000000000008f rdi=0x0000000000000610 flags=0b000000000010
  xmm0=0x3a0400003a040000df780000df78 xmm1=0x51130000511300009cd000009cd0 
  xmm2=0xe8a90000e8a900006d1200006d12 xmm3=0xabf50000abf5000045dd000045dd 
  xmm4=0x5a5800005a580000290c0000290c xmm5=0x3538000035380000739e0000739e 
  xmm6=0xdeb30000deb30000248000002480 xmm7=0x14cb000014cb0000328400003284 

0xaa: lock adc [r14 +rax], -93
  rax=0x0000000000001f08 rbx=0x00000000000018dd rcx=0x0000c9bc0000c901 rdx=0x0000000000000610
  rsi=0x000000000000008f rdi=0x0000000000000610 flags=0b000000000010
  xmm0=0x3a0400003a040000df780000df78 xmm1=0x51130000511300009cd000009cd0 
  xmm2=0xe8a90000e8a900006d1200006d12 xmm3=0xabf50000abf5000045dd000045dd 
  xmm4=0x5a5800005a580000290c0000290c xmm5=0x3538000035380000739e0000739e 
  xmm6=0xdeb30000deb30000248000002480 xmm7=0x14cb000014cb0000328400003284 

    > load from +0x1f08 value 0x251b0000251b
    > store to +0x1f08 value 0x251b000024be
0xb0: or al, 1
  rax=0x0000000000001f08 rbx=0x00000000000018dd rcx=0x0000c9bc0000c901 rdx=0x0000000000000610
  rsi=0x000000000000008f rdi=0x0000000000000610 flags=0b000000000111
  xmm0=0x3a0400003a040000df780000df78 xmm1=0x51130000511300009cd000009cd0 
  xmm2=0xe8a90000e8a900006d1200006d12 xmm3=0xabf50000abf5000045dd000045dd 
  xmm4=0x5a5800005a580000290c0000290c xmm5=0x3538000035380000739e0000739e 
  xmm6=0xdeb30000deb30000248000002480 xmm7=0x14cb000014cb0000328400003284 

0xb2: mov ax, 1
  rax=0x0000000000001f09 rbx=0x00000000000018dd rcx=0x0000c9bc0000c901 rdx=0x0000000000000610
  rsi=0x000000000000008f rdi=0x0000000000000610 flags=0b000000000110
  xmm0=0x3a0400003a040000df780000df78 xmm1=0x51130000511300009cd000009cd0 
  xmm2=0xe8a90000e8a900006d1200006d12 xmm3=0xabf50000abf5000045dd000045dd 
  xmm4=0x5a5800005a580000290c0000290c xmm5=0x3538000035380000739e0000739e 
  xmm6=0xdeb30000deb30000248000002480 xmm7=0x14cb000014cb0000328400003284 

0xb6: div al
  rax=0x0000000000000001 rbx=0x00000000000018dd rcx=0x0000c9bc0000c901 rdx=0x0000000000000610
  rsi=0x000000000000008f rdi=0x0000000000000610 flags=0b000000000110
  xmm0=0x3a0400003a040000df780000df78 xmm1=0x51130000511300009cd000009cd0 
  xmm2=0xe8a90000e8a900006d1200006d12 xmm3=0xabf50000abf5000045dd000045dd 
  xmm4=0x5a5800005a580000290c0000290c xmm5=0x3538000035380000739e0000739e 
  xmm6=0xdeb30000deb30000248000002480 xmm7=0x14cb000014cb0000328400003284 

0xb8: add sil, -82
  rax=0x0000000000000001 rbx=0x00000000000018dd rcx=0x0000c9bc0000c901 rdx=0x0000000000000610
  rsi=0x000000000000008f rdi=0x0000000000000610 flags=0b000000000110
  xmm0=0x3a0400003a040000df780000df78 xmm1=0x51130000511300009cd000009cd0 
  xmm2=0xe8a90000e8a900006d1200006d12 xmm3=0xabf50000abf5000045dd000045dd 
  xmm4=0x5a5800005a580000290c0000290c xmm5=0x3538000035380000739e0000739e 
  xmm6=0xdeb30000deb30000248000002480 xmm7=0x14cb000014cb0000328400003284 

0xbc: setl cl
  rax=0x0000000000000001 rbx=0x00000000000018dd rcx=0x0000c9bc0000c901 rdx=0x0000000000000610
  rsi=0x000000000000003d rdi=0x0000000000000610 flags=0b100000010011
  xmm0=0x3a0400003a040000df780000df78 xmm1=0x51130000511300009cd000009cd0 
  xmm2=0xe8a90000e8a900006d1200006d12 xmm3=0xabf50000abf5000045dd000045dd 
  xmm4=0x5a5800005a580000290c0000290c xmm5=0x3538000035380000739e0000739e 
  xmm6=0xdeb30000deb30000248000002480 xmm7=0x14cb000014cb0000328400003284 

0xbf: bts ebx, ebx
  rax=0x0000000000000001 rbx=0x00000000000018dd rcx=0x0000c9bc0000c901 rdx=0x0000000000000610
  rsi=0x000000000000003d rdi=0x0000000000000610 flags=0b100000010011
  xmm0=0x3a0400003a040000df780000df78 xmm1=0x51130000511300009cd000009cd0 
  xmm2=0xe8a90000e8a900006d1200006d12 xmm3=0xabf50000abf5000045dd000045dd 
  xmm4=0x5a5800005a580000290c0000290c xmm5=0x3538000035380000739e0000739e 
  xmm6=0xdeb30000deb30000248000002480 xmm7=0x14cb000014cb0000328400003284 

0xc2: add sil, 106
  rax=0x0000000000000001 rbx=0x00000000200018dd rcx=0x0000c9bc0000c901 rdx=0x0000000000000610
  rsi=0x000000000000003d rdi=0x0000000000000610 flags=0b100000010010
  xmm0=0x3a0400003a040000df780000df78 xmm1=0x51130000511300009cd000009cd0 
  xmm2=0xe8a90000e8a900006d1200006d12 xmm3=0xabf50000abf5000045dd000045dd 
  xmm4=0x5a5800005a580000290c0000290c xmm5=0x3538000035380000739e0000739e 
  xmm6=0xdeb30000deb30000248000002480 xmm7=0x14cb000014cb0000328400003284 

0xc6: cmovbe edx, ecx
  rax=0x0000000000000001 rbx=0x00000000200018dd rcx=0x0000c9bc0000c901 rdx=0x0000000000000610
  rsi=0x00000000000000a7 rdi=0x0000000000000610 flags=0b100010010010
  xmm0=0x3a0400003a040000df780000df78 xmm1=0x51130000511300009cd000009cd0 
  xmm2=0xe8a90000e8a900006d1200006d12 xmm3=0xabf50000abf5000045dd000045dd 
  xmm4=0x5a5800005a580000290c0000290c xmm5=0x3538000035380000739e0000739e 
  xmm6=0xdeb30000deb30000248000002480 xmm7=0x14cb000014cb0000328400003284 

0xc9: setp bl
  rax=0x0000000000000001 rbx=0x00000000200018dd rcx=0x0000c9bc0000c901 rdx=0x0000000000000610
  rsi=0x00000000000000a7 rdi=0x0000000000000610 flags=0b100010010010
  xmm0=0x3a0400003a040000df780000df78 xmm1=0x51130000511300009cd000009cd0 
  xmm2=0xe8a90000e8a900006d1200006d12 xmm3=0xabf50000abf5000045dd000045dd 
  xmm4=0x5a5800005a580000290c0000290c xmm5=0x3538000035380000739e0000739e 
  xmm6=0xdeb30000deb30000248000002480 xmm7=0x14cb000014cb0000328400003284 

0xcc: and rdx, 0b1111111111000
  rax=0x0000000000000001 rbx=0x0000000020001800 rcx=0x0000c9bc0000c901 rdx=0x0000000000000610
  rsi=0x00000000000000a7 rdi=0x0000000000000610 flags=0b100010010010
  xmm0=0x3a0400003a040000df780000df78 xmm1=0x51130000511300009cd000009cd0 
  xmm2=0xe8a90000e8a900006d1200006d12 xmm3=0xabf50000abf5000045dd000045dd 
  xmm4=0x5a5800005a580000290c0000290c xmm5=0x3538000035380000739e0000739e 
  xmm6=0xdeb30000deb30000248000002480 xmm7=0x14cb000014cb0000328400003284 

0xd3: lock adc [r14 +rdx], edi
  rax=0x0000000000000001 rbx=0x0000000020001800 rcx=0x0000c9bc0000c901 rdx=0x0000000000000610
  rsi=0x00000000000000a7 rdi=0x0000000000000610 flags=0b000000000010
  xmm0=0x3a0400003a040000df780000df78 xmm1=0x51130000511300009cd000009cd0 
  xmm2=0xe8a90000e8a900006d1200006d12 xmm3=0xabf50000abf5000045dd000045dd 
  xmm4=0x5a5800005a580000290c0000290c xmm5=0x3538000035380000739e0000739e 
  xmm6=0xdeb30000deb30000248000002480 xmm7=0x14cb000014cb0000328400003284 

    > load from +0x610 value 0x0
    > store to +0x610 value 0x610
0xd8: xchg rsi, rax
  rax=0x0000000000000001 rbx=0x0000000020001800 rcx=0x0000c9bc0000c901 rdx=0x0000000000000610
  rsi=0x00000000000000a7 rdi=0x0000000000000610 flags=0b000000000010
  xmm0=0x3a0400003a040000df780000df78 xmm1=0x51130000511300009cd000009cd0 
  xmm2=0xe8a90000e8a900006d1200006d12 xmm3=0xabf50000abf5000045dd000045dd 
  xmm4=0x5a5800005a580000290c0000290c xmm5=0x3538000035380000739e0000739e 
  xmm6=0xdeb30000deb30000248000002480 xmm7=0x14cb000014cb0000328400003284 

0xda: and al, -86
  rax=0x00000000000000a7 rbx=0x0000000020001800 rcx=0x0000c9bc0000c901 rdx=0x0000000000000610
  rsi=0x0000000000000001 rdi=0x0000000000000610 flags=0b000000000010
  xmm0=0x3a0400003a040000df780000df78 xmm1=0x51130000511300009cd000009cd0 
  xmm2=0xe8a90000e8a900006d1200006d12 xmm3=0xabf50000abf5000045dd000045dd 
  xmm4=0x5a5800005a580000290c0000290c xmm5=0x3538000035380000739e0000739e 
  xmm6=0xdeb30000deb30000248000002480 xmm7=0x14cb000014cb0000328400003284 

0xdc: cdq 
  rax=0x00000000000000a2 rbx=0x0000000020001800 rcx=0x0000c9bc0000c901 rdx=0x0000000000000610
  rsi=0x0000000000000001 rdi=0x0000000000000610 flags=0b000010000010
  xmm0=0x3a0400003a040000df780000df78 xmm1=0x51130000511300009cd000009cd0 
  xmm2=0xe8a90000e8a900006d1200006d12 xmm3=0xabf50000abf5000045dd000045dd 
  xmm4=0x5a5800005a580000290c0000290c xmm5=0x3538000035380000739e0000739e 
  xmm6=0xdeb30000deb30000248000002480 xmm7=0x14cb000014cb0000328400003284 

0xdd: imul ebx
  rax=0x00000000000000a2 rbx=0x0000000020001800 rcx=0x0000c9bc0000c901 rdx=0x0000000000000000
  rsi=0x0000000000000001 rdi=0x0000000000000610 flags=0b000010000010
  xmm0=0x3a0400003a040000df780000df78 xmm1=0x51130000511300009cd000009cd0 
  xmm2=0xe8a90000e8a900006d1200006d12 xmm3=0xabf50000abf5000045dd000045dd 
  xmm4=0x5a5800005a580000290c0000290c xmm5=0x3538000035380000739e0000739e 
  xmm6=0xdeb30000deb30000248000002480 xmm7=0x14cb000014cb0000328400003284 

0xdf: add dil, 16
  rax=0x00000000400f3000 rbx=0x0000000020001800 rcx=0x0000c9bc0000c901 rdx=0x0000000000000014
  rsi=0x0000000000000001 rdi=0x0000000000000610 flags=0b100000000111
  xmm0=0x3a0400003a040000df780000df78 xmm1=0x51130000511300009cd000009cd0 
  xmm2=0xe8a90000e8a900006d1200006d12 xmm3=0xabf50000abf5000045dd000045dd 
  xmm4=0x5a5800005a580000290c0000290c xmm5=0x3538000035380000739e0000739e 
  xmm6=0xdeb30000deb30000248000002480 xmm7=0x14cb000014cb0000328400003284 

0xe3: and rdi, 0b1111111111111
  rax=0x00000000400f3000 rbx=0x0000000020001800 rcx=0x0000c9bc0000c901 rdx=0x0000000000000014
  rsi=0x0000000000000001 rdi=0x0000000000000620 flags=0b000000000010
  xmm0=0x3a0400003a040000df780000df78 xmm1=0x51130000511300009cd000009cd0 
  xmm2=0xe8a90000e8a900006d1200006d12 xmm3=0xabf50000abf5000045dd000045dd 
  xmm4=0x5a5800005a580000290c0000290c xmm5=0x3538000035380000739e0000739e 
  xmm6=0xdeb30000deb30000248000002480 xmm7=0x14cb000014cb0000328400003284 

0xea: cmovs rsi, [r14 +rdi]
  rax=0x00000000400f3000 rbx=0x0000000020001800 rcx=0x0000c9bc0000c901 rdx=0x0000000000000014
  rsi=0x0000000000000001 rdi=0x0000000000000620 flags=0b000000000010
  xmm0=0x3a0400003a040000df780000df78 xmm1=0x51130000511300009cd000009cd0 
  xmm2=0xe8a90000e8a900006d1200006d12 xmm3=0xabf50000abf5000045dd000045dd 
  xmm4=0x5a5800005a580000290c0000290c xmm5=0x3538000035380000739e0000739e 
  xmm6=0xdeb30000deb30000248000002480 xmm7=0x14cb000014cb0000328400003284 

    > load from +0x620 value 0xbb3a0000bb3a
0xef: setnp cl
  rax=0x00000000400f3000 rbx=0x0000000020001800 rcx=0x0000c9bc0000c901 rdx=0x0000000000000014
  rsi=0x0000000000000001 rdi=0x0000000000000620 flags=0b000000000010
  xmm0=0x3a0400003a040000df780000df78 xmm1=0x51130000511300009cd000009cd0 
  xmm2=0xe8a90000e8a900006d1200006d12 xmm3=0xabf50000abf5000045dd000045dd 
  xmm4=0x5a5800005a580000290c0000290c xmm5=0x3538000035380000739e0000739e 
  xmm6=0xdeb30000deb30000248000002480 xmm7=0x14cb000014cb0000328400003284 

0xf2: and rax, 0b1111111111000
  rax=0x00000000400f3000 rbx=0x0000000020001800 rcx=0x0000c9bc0000c901 rdx=0x0000000000000014
  rsi=0x0000000000000001 rdi=0x0000000000000620 flags=0b000000000010
  xmm0=0x3a0400003a040000df780000df78 xmm1=0x51130000511300009cd000009cd0 
  xmm2=0xe8a90000e8a900006d1200006d12 xmm3=0xabf50000abf5000045dd000045dd 
  xmm4=0x5a5800005a580000290c0000290c xmm5=0x3538000035380000739e0000739e 
  xmm6=0xdeb30000deb30000248000002480 xmm7=0x14cb000014cb0000328400003284 

0xf8: lock xor [r14 +rax], 107
  rax=0x0000000000001000 rbx=0x0000000020001800 rcx=0x0000c9bc0000c901 rdx=0x0000000000000014
  rsi=0x0000000000000001 rdi=0x0000000000000620 flags=0b000000000110
  xmm0=0x3a0400003a040000df780000df78 xmm1=0x51130000511300009cd000009cd0 
  xmm2=0xe8a90000e8a900006d1200006d12 xmm3=0xabf50000abf5000045dd000045dd 
  xmm4=0x5a5800005a580000290c0000290c xmm5=0x3538000035380000739e0000739e 
  xmm6=0xdeb30000deb30000248000002480 xmm7=0x14cb000014cb0000328400003284 

    > load from +0x1000 value 0xf0
    > store to +0x1000 value 0x9b
0xfe: and rdi, 0b1111111111000
  rax=0x0000000000001000 rbx=0x0000000020001800 rcx=0x0000c9bc0000c901 rdx=0x0000000000000014
  rsi=0x0000000000000001 rdi=0x0000000000000620 flags=0b000010000010
  xmm0=0x3a0400003a040000df780000df78 xmm1=0x51130000511300009cd000009cd0 
  xmm2=0xe8a90000e8a900006d1200006d12 xmm3=0xabf50000abf5000045dd000045dd 
  xmm4=0x5a5800005a580000290c0000290c xmm5=0x3538000035380000739e0000739e 
  xmm6=0xdeb30000deb30000248000002480 xmm7=0x14cb000014cb0000328400003284 

0x105: lock add [r14 +rdi], dl
  rax=0x0000000000001000 rbx=0x0000000020001800 rcx=0x0000c9bc0000c901 rdx=0x0000000000000014
  rsi=0x0000000000000001 rdi=0x0000000000000620 flags=0b000000000010
  xmm0=0x3a0400003a040000df780000df78 xmm1=0x51130000511300009cd000009cd0 
  xmm2=0xe8a90000e8a900006d1200006d12 xmm3=0xabf50000abf5000045dd000045dd 
  xmm4=0x5a5800005a580000290c0000290c xmm5=0x3538000035380000739e0000739e 
  xmm6=0xdeb30000deb30000248000002480 xmm7=0x14cb000014cb0000328400003284 

    > load from +0x620 value 0x3a
    > store to +0x620 value 0x4e
0x10a: and rax, 0b1111111111111
  rax=0x0000000000001000 rbx=0x0000000020001800 rcx=0x0000c9bc0000c901 rdx=0x0000000000000014
  rsi=0x0000000000000001 rdi=0x0000000000000620 flags=0b000000000110
  xmm0=0x3a0400003a040000df780000df78 xmm1=0x51130000511300009cd000009cd0 
  xmm2=0xe8a90000e8a900006d1200006d12 xmm3=0xabf50000abf5000045dd000045dd 
  xmm4=0x5a5800005a580000290c0000290c xmm5=0x3538000035380000739e0000739e 
  xmm6=0xdeb30000deb30000248000002480 xmm7=0x14cb000014cb0000328400003284 

0x110: cmovno cx, [r14 +rax]
  rax=0x0000000000001000 rbx=0x0000000020001800 rcx=0x0000c9bc0000c901 rdx=0x0000000000000014
  rsi=0x0000000000000001 rdi=0x0000000000000620 flags=0b000000000110
  xmm0=0x3a0400003a040000df780000df78 xmm1=0x51130000511300009cd000009cd0 
  xmm2=0xe8a90000e8a900006d1200006d12 xmm3=0xabf50000abf5000045dd000045dd 
  xmm4=0x5a5800005a580000290c0000290c xmm5=0x3538000035380000739e0000739e 
  xmm6=0xdeb30000deb30000248000002480 xmm7=0x14cb000014cb0000328400003284 

    > load from +0x1000 value 0xfb9b
0x116: sub edi, -95
  rax=0x0000000000001000 rbx=0x0000000020001800 rcx=0x0000c9bc0000fb9b rdx=0x0000000000000014
  rsi=0x0000000000000001 rdi=0x0000000000000620 flags=0b000000000110
  xmm0=0x3a0400003a040000df780000df78 xmm1=0x51130000511300009cd000009cd0 
  xmm2=0xe8a90000e8a900006d1200006d12 xmm3=0xabf50000abf5000045dd000045dd 
  xmm4=0x5a5800005a580000290c0000290c xmm5=0x3538000035380000739e0000739e 
  xmm6=0xdeb30000deb30000248000002480 xmm7=0x14cb000014cb0000328400003284 

0x119: cmp dl, -91
  rax=0x0000000000001000 rbx=0x0000000020001800 rcx=0x0000c9bc0000fb9b rdx=0x0000000000000014
  rsi=0x0000000000000001 rdi=0x000000000000067f flags=0b000000010011
  xmm0=0x3a0400003a040000df780000df78 xmm1=0x51130000511300009cd000009cd0 
  xmm2=0xe8a90000e8a900006d1200006d12 xmm3=0xabf50000abf5000045dd000045dd 
  xmm4=0x5a5800005a580000290c0000290c xmm5=0x3538000035380000739e0000739e 
  xmm6=0xdeb30000deb30000248000002480 xmm7=0x14cb000014cb0000328400003284 

0x11c: and rdi, 0b1111111111111
  rax=0x0000000000001000 rbx=0x0000000020001800 rcx=0x0000c9bc0000fb9b rdx=0x0000000000000014
  rsi=0x0000000000000001 rdi=0x000000000000067f flags=0b000000010111
  xmm0=0x3a0400003a040000df780000df78 xmm1=0x51130000511300009cd000009cd0 
  xmm2=0xe8a90000e8a900006d1200006d12 xmm3=0xabf50000abf5000045dd000045dd 
  xmm4=0x5a5800005a580000290c0000290c xmm5=0x3538000035380000739e0000739e 
  xmm6=0xdeb30000deb30000248000002480 xmm7=0x14cb000014cb0000328400003284 

0x123: add [r14 +rdi], bl
  rax=0x0000000000001000 rbx=0x0000000020001800 rcx=0x0000c9bc0000fb9b rdx=0x0000000000000014
  rsi=0x0000000000000001 rdi=0x000000000000067f flags=0b000000000010
  xmm0=0x3a0400003a040000df780000df78 xmm1=0x51130000511300009cd000009cd0 
  xmm2=0xe8a90000e8a900006d1200006d12 xmm3=0xabf50000abf5000045dd000045dd 
  xmm4=0x5a5800005a580000290c0000290c xmm5=0x3538000035380000739e0000739e 
  xmm6=0xdeb30000deb30000248000002480 xmm7=0x14cb000014cb0000328400003284 

    > load from +0x67f value 0x0
    > store to +0x67f value 0x0
0x127: and rdi, 0b1111111111111
  rax=0x0000000000001000 rbx=0x0000000020001800 rcx=0x0000c9bc0000fb9b rdx=0x0000000000000014
  rsi=0x0000000000000001 rdi=0x000000000000067f flags=0b000001000110
  xmm0=0x3a0400003a040000df780000df78 xmm1=0x51130000511300009cd000009cd0 
  xmm2=0xe8a90000e8a900006d1200006d12 xmm3=0xabf50000abf5000045dd000045dd 
  xmm4=0x5a5800005a580000290c0000290c xmm5=0x3538000035380000739e0000739e 
  xmm6=0xdeb30000deb30000248000002480 xmm7=0x14cb000014cb0000328400003284 

0x12e: cmp dl, [r14 +rdi]
  rax=0x0000000000001000 rbx=0x0000000020001800 rcx=0x0000c9bc0000fb9b rdx=0x0000000000000014
  rsi=0x0000000000000001 rdi=0x000000000000067f flags=0b000000000010
  xmm0=0x3a0400003a040000df780000df78 xmm1=0x51130000511300009cd000009cd0 
  xmm2=0xe8a90000e8a900006d1200006d12 xmm3=0xabf50000abf5000045dd000045dd 
  xmm4=0x5a5800005a580000290c0000290c xmm5=0x3538000035380000739e0000739e 
  xmm6=0xdeb30000deb30000248000002480 xmm7=0x14cb000014cb0000328400003284 

    > load from +0x67f value 0x0
0x132: mov bx, -20818
  rax=0x0000000000001000 rbx=0x0000000020001800 rcx=0x0000c9bc0000fb9b rdx=0x0000000000000014
  rsi=0x0000000000000001 rdi=0x000000000000067f flags=0b000000000110
  xmm0=0x3a0400003a040000df780000df78 xmm1=0x51130000511300009cd000009cd0 
  xmm2=0xe8a90000e8a900006d1200006d12 xmm3=0xabf50000abf5000045dd000045dd 
  xmm4=0x5a5800005a580000290c0000290c xmm5=0x3538000035380000739e0000739e 
  xmm6=0xdeb30000deb30000248000002480 xmm7=0x14cb000014cb0000328400003284 

0x136: stc 
  rax=0x0000000000001000 rbx=0x000000002000aeae rcx=0x0000c9bc0000fb9b rdx=0x0000000000000014
  rsi=0x0000000000000001 rdi=0x000000000000067f flags=0b000000000110
  xmm0=0x3a0400003a040000df780000df78 xmm1=0x51130000511300009cd000009cd0 
  xmm2=0xe8a90000e8a900006d1200006d12 xmm3=0xabf50000abf5000045dd000045dd 
  xmm4=0x5a5800005a580000290c0000290c xmm5=0x3538000035380000739e0000739e 
  xmm6=0xdeb30000deb30000248000002480 xmm7=0x14cb000014cb0000328400003284 

0x137: and rdx, 0b1111111111111
  rax=0x0000000000001000 rbx=0x000000002000aeae rcx=0x0000c9bc0000fb9b rdx=0x0000000000000014
  rsi=0x0000000000000001 rdi=0x000000000000067f flags=0b000000000111
  xmm0=0x3a0400003a040000df780000df78 xmm1=0x51130000511300009cd000009cd0 
  xmm2=0xe8a90000e8a900006d1200006d12 xmm3=0xabf50000abf5000045dd000045dd 
  xmm4=0x5a5800005a580000290c0000290c xmm5=0x3538000035380000739e0000739e 
  xmm6=0xdeb30000deb30000248000002480 xmm7=0x14cb000014cb0000328400003284 

0x13e: cmovo di, [r14 +rdx]
  rax=0x0000000000001000 rbx=0x000000002000aeae rcx=0x0000c9bc0000fb9b rdx=0x0000000000000014
  rsi=0x0000000000000001 rdi=0x000000000000067f flags=0b000000000110
  xmm0=0x3a0400003a040000df780000df78 xmm1=0x51130000511300009cd000009cd0 
  xmm2=0xe8a90000e8a900006d1200006d12 xmm3=0xabf50000abf5000045dd000045dd 
  xmm4=0x5a5800005a580000290c0000290c xmm5=0x3538000035380000739e0000739e 
  xmm6=0xdeb30000deb30000248000002480 xmm7=0x14cb000014cb0000328400003284 

    > load from +0x14 value 0xccbd
0x144: and rsi, 0b1111111111111
  rax=0x0000000000001000 rbx=0x000000002000aeae rcx=0x0000c9bc0000fb9b rdx=0x0000000000000014
  rsi=0x0000000000000001 rdi=0x000000000000067f flags=0b000000000110
  xmm0=0x3a0400003a040000df780000df78 xmm1=0x51130000511300009cd000009cd0 
  xmm2=0xe8a90000e8a900006d1200006d12 xmm3=0xabf50000abf5000045dd000045dd 
  xmm4=0x5a5800005a580000290c0000290c xmm5=0x3538000035380000739e0000739e 
  xmm6=0xdeb30000deb30000248000002480 xmm7=0x14cb000014cb0000328400003284 

0x14b: test [r14 +rsi], di
  rax=0x0000000000001000 rbx=0x000000002000aeae rcx=0x0000c9bc0000fb9b rdx=0x0000000000000014
  rsi=0x0000000000000001 rdi=0x000000000000067f flags=0b000000000010
  xmm0=0x3a0400003a040000df780000df78 xmm1=0x51130000511300009cd000009cd0 
  xmm2=0xe8a90000e8a900006d1200006d12 xmm3=0xabf50000abf5000045dd000045dd 
  xmm4=0x5a5800005a580000290c0000290c xmm5=0x3538000035380000739e0000739e 
  xmm6=0xdeb30000deb30000248000002480 xmm7=0x14cb000014cb0000328400003284 

    > load from +0x1 value 0xa6
0x150: and rdi, 0b1111111111111
  rax=0x0000000000001000 rbx=0x000000002000aeae rcx=0x0000c9bc0000fb9b rdx=0x0000000000000014
  rsi=0x0000000000000001 rdi=0x000000000000067f flags=0b000000000010
  xmm0=0x3a0400003a040000df780000df78 xmm1=0x51130000511300009cd000009cd0 
  xmm2=0xe8a90000e8a900006d1200006d12 xmm3=0xabf50000abf5000045dd000045dd 
  xmm4=0x5a5800005a580000290c0000290c xmm5=0x3538000035380000739e0000739e 
  xmm6=0xdeb30000deb30000248000002480 xmm7=0x14cb000014cb0000328400003284 

0x157: or rbx, [r14 +rdi]
  rax=0x0000000000001000 rbx=0x000000002000aeae rcx=0x0000c9bc0000fb9b rdx=0x0000000000000014
  rsi=0x0000000000000001 rdi=0x000000000000067f flags=0b000000000010
  xmm0=0x3a0400003a040000df780000df78 xmm1=0x51130000511300009cd000009cd0 
  xmm2=0xe8a90000e8a900006d1200006d12 xmm3=0xabf50000abf5000045dd000045dd 
  xmm4=0x5a5800005a580000290c0000290c xmm5=0x3538000035380000739e0000739e 
  xmm6=0xdeb30000deb30000248000002480 xmm7=0x14cb000014cb0000328400003284 

    > load from +0x67f value 0x250000002500
0x15b: cmovo rbx, rcx
  rax=0x0000000000001000 rbx=0x000025002000afae rcx=0x0000c9bc0000fb9b rdx=0x0000000000000014
  rsi=0x0000000000000001 rdi=0x000000000000067f flags=0b000000000010
  xmm0=0x3a0400003a040000df780000df78 xmm1=0x51130000511300009cd000009cd0 
  xmm2=0xe8a90000e8a900006d1200006d12 xmm3=0xabf50000abf5000045dd000045dd 
  xmm4=0x5a5800005a580000290c0000290c xmm5=0x3538000035380000739e0000739e 
  xmm6=0xdeb30000deb30000248000002480 xmm7=0x14cb000014cb0000328400003284 

0x15f: and rbx, 0b1111111111111
  rax=0x0000000000001000 rbx=0x000025002000afae rcx=0x0000c9bc0000fb9b rdx=0x0000000000000014
  rsi=0x0000000000000001 rdi=0x000000000000067f flags=0b000000000010
  xmm0=0x3a0400003a040000df780000df78 xmm1=0x51130000511300009cd000009cd0 
  xmm2=0xe8a90000e8a900006d1200006d12 xmm3=0xabf50000abf5000045dd000045dd 
  xmm4=0x5a5800005a580000290c0000290c xmm5=0x3538000035380000739e0000739e 
  xmm6=0xdeb30000deb30000248000002480 xmm7=0x14cb000014cb0000328400003284 

0x166: movsx cx, [r14 +rbx]
  rax=0x0000000000001000 rbx=0x0000000000000fae rcx=0x0000c9bc0000fb9b rdx=0x0000000000000014
  rsi=0x0000000000000001 rdi=0x000000000000067f flags=0b000000000010
  xmm0=0x3a0400003a040000df780000df78 xmm1=0x51130000511300009cd000009cd0 
  xmm2=0xe8a90000e8a900006d1200006d12 xmm3=0xabf50000abf5000045dd000045dd 
  xmm4=0x5a5800005a580000290c0000290c xmm5=0x3538000035380000739e0000739e 
  xmm6=0xdeb30000deb30000248000002480 xmm7=0x14cb000014cb0000328400003284 

    > load from +0xfae value 0x0
0x16c: and rdi, 0b1111111111111
  rax=0x0000000000001000 rbx=0x0000000000000fae rcx=0x0000c9bc00000000 rdx=0x0000000000000014
  rsi=0x0000000000000001 rdi=0x000000000000067f flags=0b000000000010
  xmm0=0x3a0400003a040000df780000df78 xmm1=0x51130000511300009cd000009cd0 
  xmm2=0xe8a90000e8a900006d1200006d12 xmm3=0xabf50000abf5000045dd000045dd 
  xmm4=0x5a5800005a580000290c0000290c xmm5=0x3538000035380000739e0000739e 
  xmm6=0xdeb30000deb30000248000002480 xmm7=0x14cb000014cb0000328400003284 

0x173: cmpxchg [r14 +rdi], rsi
  rax=0x0000000000001000 rbx=0x0000000000000fae rcx=0x0000c9bc00000000 rdx=0x0000000000000014
  rsi=0x0000000000000001 rdi=0x000000000000067f flags=0b000000000010
  xmm0=0x3a0400003a040000df780000df78 xmm1=0x51130000511300009cd000009cd0 
  xmm2=0xe8a90000e8a900006d1200006d12 xmm3=0xabf50000abf5000045dd000045dd 
  xmm4=0x5a5800005a580000290c0000290c xmm5=0x3538000035380000739e0000739e 
  xmm6=0xdeb30000deb30000248000002480 xmm7=0x14cb000014cb0000328400003284 

    > load from +0x67f value 0x250000002500
    > store to +0x67f value 0x250000002500
0x178: and esi, esi
  rax=0x0000250000002500 rbx=0x0000000000000fae rcx=0x0000c9bc00000000 rdx=0x0000000000000014
  rsi=0x0000000000000001 rdi=0x000000000000067f flags=0b000010000111
  xmm0=0x3a0400003a040000df780000df78 xmm1=0x51130000511300009cd000009cd0 
  xmm2=0xe8a90000e8a900006d1200006d12 xmm3=0xabf50000abf5000045dd000045dd 
  xmm4=0x5a5800005a580000290c0000290c xmm5=0x3538000035380000739e0000739e 
  xmm6=0xdeb30000deb30000248000002480 xmm7=0x14cb000014cb0000328400003284 

0x17a: cmovb esi, eax
  rax=0x0000250000002500 rbx=0x0000000000000fae rcx=0x0000c9bc00000000 rdx=0x0000000000000014
  rsi=0x0000000000000001 rdi=0x000000000000067f flags=0b000000000010
  xmm0=0x3a0400003a040000df780000df78 xmm1=0x51130000511300009cd000009cd0 
  xmm2=0xe8a90000e8a900006d1200006d12 xmm3=0xabf50000abf5000045dd000045dd 
  xmm4=0x5a5800005a580000290c0000290c xmm5=0x3538000035380000739e0000739e 
  xmm6=0xdeb30000deb30000248000002480 xmm7=0x14cb000014cb0000328400003284 

0x17d: setl cl
  rax=0x0000250000002500 rbx=0x0000000000000fae rcx=0x0000c9bc00000000 rdx=0x0000000000000014
  rsi=0x0000000000000001 rdi=0x000000000000067f flags=0b000000000010
  xmm0=0x3a0400003a040000df780000df78 xmm1=0x51130000511300009cd000009cd0 
  xmm2=0xe8a90000e8a900006d1200006d12 xmm3=0xabf50000abf5000045dd000045dd 
  xmm4=0x5a5800005a580000290c0000290c xmm5=0x3538000035380000739e0000739e 
  xmm6=0xdeb30000deb30000248000002480 xmm7=0x14cb000014cb0000328400003284 

0x180: and rax, 0b1111111111000
  rax=0x0000250000002500 rbx=0x0000000000000fae rcx=0x0000c9bc00000000 rdx=0x0000000000000014
  rsi=0x0000000000000001 rdi=0x000000000000067f flags=0b000000000010
  xmm0=0x3a0400003a040000df780000df78 xmm1=0x51130000511300009cd000009cd0 
  xmm2=0xe8a90000e8a900006d1200006d12 xmm3=0xabf50000abf5000045dd000045dd 
  xmm4=0x5a5800005a580000290c0000290c xmm5=0x3538000035380000739e0000739e 
  xmm6=0xdeb30000deb30000248000002480 xmm7=0x14cb000014cb0000328400003284 

0x186: lock or [r14 +rax], -86
  rax=0x0000000000000500 rbx=0x0000000000000fae rcx=0x0000c9bc00000000 rdx=0x0000000000000014
  rsi=0x0000000000000001 rdi=0x000000000000067f flags=0b000000000110
  xmm0=0x3a0400003a040000df780000df78 xmm1=0x51130000511300009cd000009cd0 
  xmm2=0xe8a90000e8a900006d1200006d12 xmm3=0xabf50000abf5000045dd000045dd 
  xmm4=0x5a5800005a580000290c0000290c xmm5=0x3538000035380000739e0000739e 
  xmm6=0xdeb30000deb30000248000002480 xmm7=0x14cb000014cb0000328400003284 

    > load from +0x500 value 0xa8
    > store to +0x500 value 0xaa
0x18c: and rbx, 0b1111111111111
  rax=0x0000000000000500 rbx=0x0000000000000fae rcx=0x0000c9bc00000000 rdx=0x0000000000000014
  rsi=0x0000000000000001 rdi=0x000000000000067f flags=0b000010000110
  xmm0=0x3a0400003a040000df780000df78 xmm1=0x51130000511300009cd000009cd0 
  xmm2=0xe8a90000e8a900006d1200006d12 xmm3=0xabf50000abf5000045dd000045dd 
  xmm4=0x5a5800005a580000290c0000290c xmm5=0x3538000035380000739e0000739e 
  xmm6=0xdeb30000deb30000248000002480 xmm7=0x14cb000014cb0000328400003284 

0x193: mul [r14 +rbx]
  rax=0x0000000000000500 rbx=0x0000000000000fae rcx=0x0000c9bc00000000 rdx=0x0000000000000014
  rsi=0x0000000000000001 rdi=0x000000000000067f flags=0b000000000010
  xmm0=0x3a0400003a040000df780000df78 xmm1=0x51130000511300009cd000009cd0 
  xmm2=0xe8a90000e8a900006d1200006d12 xmm3=0xabf50000abf5000045dd000045dd 
  xmm4=0x5a5800005a580000290c0000290c xmm5=0x3538000035380000739e0000739e 
  xmm6=0xdeb30000deb30000248000002480 xmm7=0x14cb000014cb0000328400003284 

    > load from +0xfae value 0x3e5f00003e5f0000
0x197: add dil, 67
  rax=0xdb000137db000000 rbx=0x0000000000000fae rcx=0x0000c9bc00000000 rdx=0x0000000000000137
  rsi=0x0000000000000001 rdi=0x000000000000067f flags=0b100010000111
  xmm0=0x3a0400003a040000df780000df78 xmm1=0x51130000511300009cd000009cd0 
  xmm2=0xe8a90000e8a900006d1200006d12 xmm3=0xabf50000abf5000045dd000045dd 
  xmm4=0x5a5800005a580000290c0000290c xmm5=0x3538000035380000739e0000739e 
  xmm6=0xdeb30000deb30000248000002480 xmm7=0x14cb000014cb0000328400003284 

0x19b: and rdi, 0b1111111111111
  rax=0xdb000137db000000 rbx=0x0000000000000fae rcx=0x0000c9bc00000000 rdx=0x0000000000000137
  rsi=0x0000000000000001 rdi=0x00000000000006c2 flags=0b100010010010
  xmm0=0x3a0400003a040000df780000df78 xmm1=0x51130000511300009cd000009cd0 
  xmm2=0xe8a90000e8a900006d1200006d12 xmm3=0xabf50000abf5000045dd000045dd 
  xmm4=0x5a5800005a580000290c0000290c xmm5=0x3538000035380000739e0000739e 
  xmm6=0xdeb30000deb30000248000002480 xmm7=0x14cb000014cb0000328400003284 

0x1a2: cmovns rdi, [r14 +rdi]
  rax=0xdb000137db000000 rbx=0x0000000000000fae rcx=0x0000c9bc00000000 rdx=0x0000000000000137
  rsi=0x0000000000000001 rdi=0x00000000000006c2 flags=0b000000000010
  xmm0=0x3a0400003a040000df780000df78 xmm1=0x51130000511300009cd000009cd0 
  xmm2=0xe8a90000e8a900006d1200006d12 xmm3=0xabf50000abf5000045dd000045dd 
  xmm4=0x5a5800005a580000290c0000290c xmm5=0x3538000035380000739e0000739e 
  xmm6=0xdeb30000deb30000248000002480 xmm7=0x14cb000014cb0000328400003284 

    > load from +0x6c2 value 0x3a6000004adc0000
0x1a7: sahf 
  rax=0xdb000137db000000 rbx=0x0000000000000fae rcx=0x0000c9bc00000000 rdx=0x0000000000000137
  rsi=0x0000000000000001 rdi=0x3a6000004adc0000 flags=0b000000000010
  xmm0=0x3a0400003a040000df780000df78 xmm1=0x51130000511300009cd000009cd0 
  xmm2=0xe8a90000e8a900006d1200006d12 xmm3=0xabf50000abf5000045dd000045dd 
  xmm4=0x5a5800005a580000290c0000290c xmm5=0x3538000035380000739e0000739e 
  xmm6=0xdeb30000deb30000248000002480 xmm7=0x14cb000014cb0000328400003284 

0x1a8: and rax, 0b1111111111111
  rax=0xdb000137db000000 rbx=0x0000000000000fae rcx=0x0000c9bc00000000 rdx=0x0000000000000137
  rsi=0x0000000000000001 rdi=0x3a6000004adc0000 flags=0b000000000010
  xmm0=0x3a0400003a040000df780000df78 xmm1=0x51130000511300009cd000009cd0 
  xmm2=0xe8a90000e8a900006d1200006d12 xmm3=0xabf50000abf5000045dd000045dd 
  xmm4=0x5a5800005a580000290c0000290c xmm5=0x3538000035380000739e0000739e 
  xmm6=0xdeb30000deb30000248000002480 xmm7=0x14cb000014cb0000328400003284 

0x1ae: cmovnbe esi, [r14 +rax]
  rax=0x0000000000000000 rbx=0x0000000000000fae rcx=0x0000c9bc00000000 rdx=0x0000000000000137
  rsi=0x0000000000000001 rdi=0x3a6000004adc0000 flags=0b000001000110
  xmm0=0x3a0400003a040000df780000df78 xmm1=0x51130000511300009cd000009cd0 
  xmm2=0xe8a90000e8a900006d1200006d12 xmm3=0xabf50000abf5000045dd000045dd 
  xmm4=0x5a5800005a580000290c0000290c xmm5=0x3538000035380000739e0000739e 
  xmm6=0xdeb30000deb30000248000002480 xmm7=0x14cb000014cb0000328400003284 

    > load from +0x0 value 0xa697
0x1b3: seto cl
  rax=0x0000000000000000 rbx=0x0000000000000fae rcx=0x0000c9bc00000000 rdx=0x0000000000000137
  rsi=0x0000000000000001 rdi=0x3a6000004adc0000 flags=0b000001000110
  xmm0=0x3a0400003a040000df780000df78 xmm1=0x51130000511300009cd000009cd0 
  xmm2=0xe8a90000e8a900006d1200006d12 xmm3=0xabf50000abf5000045dd000045dd 
  xmm4=0x5a5800005a580000290c0000290c xmm5=0x3538000035380000739e0000739e 
  xmm6=0xdeb30000deb30000248000002480 xmm7=0x14cb000014cb0000328400003284 

0x1b6: sub eax, 1123368254
  rax=0x0000000000000000 rbx=0x0000000000000fae rcx=0x0000c9bc00000000 rdx=0x0000000000000137
  rsi=0x0000000000000001 rdi=0x3a6000004adc0000 flags=0b000001000110
  xmm0=0x3a0400003a040000df780000df78 xmm1=0x51130000511300009cd000009cd0 
  xmm2=0xe8a90000e8a900006d1200006d12 xmm3=0xabf50000abf5000045dd000045dd 
  xmm4=0x5a5800005a580000290c0000290c xmm5=0x3538000035380000739e0000739e 
  xmm6=0xdeb30000deb30000248000002480 xmm7=0x14cb000014cb0000328400003284 

0x1bb: and rdx, 0b1111111111111
  rax=0x00000000bd0ac2c2 rbx=0x0000000000000fae rcx=0x0000c9bc00000000 rdx=0x0000000000000137
  rsi=0x0000000000000001 rdi=0x3a6000004adc0000 flags=0b000010010011
  xmm0=0x3a0400003a040000df780000df78 xmm1=0x51130000511300009cd000009cd0 
  xmm2=0xe8a90000e8a900006d1200006d12 xmm3=0xabf50000abf5000045dd000045dd 
  xmm4=0x5a5800005a580000290c0000290c xmm5=0x3538000035380000739e0000739e 
  xmm6=0xdeb30000deb30000248000002480 xmm7=0x14cb000014cb0000328400003284 

0x1c2: cmovo si, [r14 +rdx]
  rax=0x00000000bd0ac2c2 rbx=0x0000000000000fae rcx=0x0000c9bc00000000 rdx=0x0000000000000137
  rsi=0x0000000000000001 rdi=0x3a6000004adc0000 flags=0b000000000010
  xmm0=0x3a0400003a040000df780000df78 xmm1=0x51130000511300009cd000009cd0 
  xmm2=0xe8a90000e8a900006d1200006d12 xmm3=0xabf50000abf5000045dd000045dd 
  xmm4=0x5a5800005a580000290c0000290c xmm5=0x3538000035380000739e0000739e 
  xmm6=0xdeb30000deb30000248000002480 xmm7=0x14cb000014cb0000328400003284 

    > load from +0x137 value 0x4000
0x1c8: btr rdi, 119
  rax=0x00000000bd0ac2c2 rbx=0x0000000000000fae rcx=0x0000c9bc00000000 rdx=0x0000000000000137
  rsi=0x0000000000000001 rdi=0x3a6000004adc0000 flags=0b000000000010
  xmm0=0x3a0400003a040000df780000df78 xmm1=0x51130000511300009cd000009cd0 
  xmm2=0xe8a90000e8a900006d1200006d12 xmm3=0xabf50000abf5000045dd000045dd 
  xmm4=0x5a5800005a580000290c0000290c xmm5=0x3538000035380000739e0000739e 
  xmm6=0xdeb30000deb30000248000002480 xmm7=0x14cb000014cb0000328400003284 

0x1cd: add dil, 124
  rax=0x00000000bd0ac2c2 rbx=0x0000000000000fae rcx=0x0000c9bc00000000 rdx=0x0000000000000137
  rsi=0x0000000000000001 rdi=0x3a6000004adc0000 flags=0b000000000010
  xmm0=0x3a0400003a040000df780000df78 xmm1=0x51130000511300009cd000009cd0 
  xmm2=0xe8a90000e8a900006d1200006d12 xmm3=0xabf50000abf5000045dd000045dd 
  xmm4=0x5a5800005a580000290c0000290c xmm5=0x3538000035380000739e0000739e 
  xmm6=0xdeb30000deb30000248000002480 xmm7=0x14cb000014cb0000328400003284 

0x1d1: cmovo dx, cx
  rax=0x00000000bd0ac2c2 rbx=0x0000000000000fae rcx=0x0000c9bc00000000 rdx=0x0000000000000137
  rsi=0x0000000000000001 rdi=0x3a6000004adc007c flags=0b000000000010
  xmm0=0x3a0400003a040000df780000df78 xmm1=0x51130000511300009cd000009cd0 
  xmm2=0xe8a90000e8a900006d1200006d12 xmm3=0xabf50000abf5000045dd000045dd 
  xmm4=0x5a5800005a580000290c0000290c xmm5=0x3538000035380000739e0000739e 
  xmm6=0xdeb30000deb30000248000002480 xmm7=0x14cb000014cb0000328400003284 

0x1d5: xor ax, 18351
  rax=0x00000000bd0ac2c2 rbx=0x0000000000000fae rcx=0x0000c9bc00000000 rdx=0x0000000000000137
  rsi=0x0000000000000001 rdi=0x3a6000004adc007c flags=0b000000000010
  xmm0=0x3a0400003a040000df780000df78 xmm1=0x51130000511300009cd000009cd0 
  xmm2=0xe8a90000e8a900006d1200006d12 xmm3=0xabf50000abf5000045dd000045dd 
  xmm4=0x5a5800005a580000290c0000290c xmm5=0x3538000035380000739e0000739e 
  xmm6=0xdeb30000deb30000248000002480 xmm7=0x14cb000014cb0000328400003284 

0x1d9: and rsi, 0b1111111111000
  rax=0x00000000bd0a856d rbx=0x0000000000000fae rcx=0x0000c9bc00000000 rdx=0x0000000000000137
  rsi=0x0000000000000001 rdi=0x3a6000004adc007c flags=0b000010000010
  xmm0=0x3a0400003a040000df780000df78 xmm1=0x51130000511300009cd000009cd0 
  xmm2=0xe8a90000e8a900006d1200006d12 xmm3=0xabf50000abf5000045dd000045dd 
  xmm4=0x5a5800005a580000290c0000290c xmm5=0x3538000035380000739e0000739e 
  xmm6=0xdeb30000deb30000248000002480 xmm7=0x14cb000014cb0000328400003284 

0x1e0: lock inc [r14 +rsi]
  rax=0x00000000bd0a856d rbx=0x0000000000000fae rcx=0x0000c9bc00000000 rdx=0x0000000000000137
  rsi=0x0000000000000000 rdi=0x3a6000004adc007c flags=0b000001000110
  xmm0=0x3a0400003a040000df780000df78 xmm1=0x51130000511300009cd000009cd0 
  xmm2=0xe8a90000e8a900006d1200006d12 xmm3=0xabf50000abf5000045dd000045dd 
  xmm4=0x5a5800005a580000290c0000290c xmm5=0x3538000035380000739e0000739e 
  xmm6=0xdeb30000deb30000248000002480 xmm7=0x14cb000014cb0000328400003284 

    > load from +0x0 value 0xa697
    > store to +0x0 value 0xa698
0x1e5: and ax, -91
  rax=0x00000000bd0a856d rbx=0x0000000000000fae rcx=0x0000c9bc00000000 rdx=0x0000000000000137
  rsi=0x0000000000000000 rdi=0x3a6000004adc007c flags=0b000000000010
  xmm0=0x3a0400003a040000df780000df78 xmm1=0x51130000511300009cd000009cd0 
  xmm2=0xe8a90000e8a900006d1200006d12 xmm3=0xabf50000abf5000045dd000045dd 
  xmm4=0x5a5800005a580000290c0000290c xmm5=0x3538000035380000739e0000739e 
  xmm6=0xdeb30000deb30000248000002480 xmm7=0x14cb000014cb0000328400003284 

0x1e9: macro .switch, .actor2.function_actor2_0
  rax=0x00000000bd0a8525 rbx=0x0000000000000fae rcx=0x0000c9bc00000000 rdx=0x0000000000000137
  rsi=0x0000000000000000 rdi=0x3a6000004adc007c flags=0b000010000010
  xmm0=0x3a0400003a040000df780000df78 xmm1=0x51130000511300009cd000009cd0 
  xmm2=0xe8a90000e8a900006d1200006d12 xmm3=0xabf50000abf5000045dd000045dd 
  xmm4=0x5a5800005a580000290c0000290c xmm5=0x3538000035380000739e0000739e 
  xmm6=0xdeb30000deb30000248000002480 xmm7=0x14cb000014cb0000328400003284 

0x3000: add sil, 29
  rax=0x00000000bd0a8525 rbx=0x0000000000000fae rcx=0x0000c9bc00000000 rdx=0x0000000000000137
  rsi=0x0000000000000000 rdi=0x3a6000004adc007c flags=0b000010000010
  xmm0=0x3a0400003a040000df780000df78 xmm1=0x51130000511300009cd000009cd0 
  xmm2=0xe8a90000e8a900006d1200006d12 xmm3=0xabf50000abf5000045dd000045dd 
  xmm4=0x5a5800005a580000290c0000290c xmm5=0x3538000035380000739e0000739e 
  xmm6=0xdeb30000deb30000248000002480 xmm7=0x14cb000014cb0000328400003284 

0x3004: mov ecx, 0x1a4
  rax=0x00000000bd0a8525 rbx=0x0000000000000fae rcx=0x0000c9bc00000000 rdx=0x0000000000000137
  rsi=0x000000000000001d rdi=0x3a6000004adc007c flags=0b000000000110
  xmm0=0x3a0400003a040000df780000df78 xmm1=0x51130000511300009cd000009cd0 
  xmm2=0xe8a90000e8a900006d1200006d12 xmm3=0xabf50000abf5000045dd000045dd 
  xmm4=0x5a5800005a580000290c0000290c xmm5=0x3538000035380000739e0000739e 
  xmm6=0xdeb30000deb30000248000002480 xmm7=0x14cb000014cb0000328400003284 

0x3009: mov edx, 0
  rax=0x00000000bd0a8525 rbx=0x0000000000000fae rcx=0x00000000000001a4 rdx=0x0000000000000137
  rsi=0x000000000000001d rdi=0x3a6000004adc007c flags=0b000000000110
  xmm0=0x3a0400003a040000df780000df78 xmm1=0x51130000511300009cd000009cd0 
  xmm2=0xe8a90000e8a900006d1200006d12 xmm3=0xabf50000abf5000045dd000045dd 
  xmm4=0x5a5800005a580000290c0000290c xmm5=0x3538000035380000739e0000739e 
  xmm6=0xdeb30000deb30000248000002480 xmm7=0x14cb000014cb0000328400003284 

0x300e: mov eax, 0b1111
  rax=0x00000000bd0a8525 rbx=0x0000000000000fae rcx=0x00000000000001a4 rdx=0x0000000000000000
  rsi=0x000000000000001d rdi=0x3a6000004adc007c flags=0b000000000110
  xmm0=0x3a0400003a040000df780000df78 xmm1=0x51130000511300009cd000009cd0 
  xmm2=0xe8a90000e8a900006d1200006d12 xmm3=0xabf50000abf5000045dd000045dd 
  xmm4=0x5a5800005a580000290c0000290c xmm5=0x3538000035380000739e0000739e 
  xmm6=0xdeb30000deb30000248000002480 xmm7=0x14cb000014cb0000328400003284 

0x3013: wrmsr 
  rax=0x000000000000000f rbx=0x0000000000000fae rcx=0x00000000000001a4 rdx=0x0000000000000000
  rsi=0x000000000000001d rdi=0x3a6000004adc007c flags=0b000000000110
  xmm0=0x3a0400003a040000df780000df78 xmm1=0x51130000511300009cd000009cd0 
  xmm2=0xe8a90000e8a900006d1200006d12 xmm3=0xabf50000abf5000045dd000045dd 
  xmm4=0x5a5800005a580000290c0000290c xmm5=0x3538000035380000739e0000739e 
  xmm6=0xdeb30000deb30000248000002480 xmm7=0x14cb000014cb0000328400003284 

0x3015: mfence 
  rax=0x000000000000000f rbx=0x0000000000000fae rcx=0x00000000000001a4 rdx=0x0000000000000000
  rsi=0x000000000000001d rdi=0x3a6000004adc007c flags=0b000000000110
  xmm0=0x3a0400003a040000df780000df78 xmm1=0x51130000511300009cd000009cd0 
  xmm2=0xe8a90000e8a900006d1200006d12 xmm3=0xabf50000abf5000045dd000045dd 
  xmm4=0x5a5800005a580000290c0000290c xmm5=0x3538000035380000739e0000739e 
  xmm6=0xdeb30000deb30000248000002480 xmm7=0x14cb000014cb0000328400003284 

0x3018: lfence 
  rax=0x000000000000000f rbx=0x0000000000000fae rcx=0x00000000000001a4 rdx=0x0000000000000000
  rsi=0x000000000000001d rdi=0x3a6000004adc007c flags=0b000000000110
  xmm0=0x3a0400003a040000df780000df78 xmm1=0x51130000511300009cd000009cd0 
  xmm2=0xe8a90000e8a900006d1200006d12 xmm3=0xabf50000abf5000045dd000045dd 
  xmm4=0x5a5800005a580000290c0000290c xmm5=0x3538000035380000739e0000739e 
  xmm6=0xdeb30000deb30000248000002480 xmm7=0x14cb000014cb0000328400003284 

0x301b: macro .measurement_start, .noarg
  rax=0x000000000000000f rbx=0x0000000000000fae rcx=0x00000000000001a4 rdx=0x0000000000000000
  rsi=0x000000000000001d rdi=0x3a6000004adc007c flags=0b000000000110
  xmm0=0x3a0400003a040000df780000df78 xmm1=0x51130000511300009cd000009cd0 
  xmm2=0xe8a90000e8a900006d1200006d12 xmm3=0xabf50000abf5000045dd000045dd 
  xmm4=0x5a5800005a580000290c0000290c xmm5=0x3538000035380000739e0000739e 
  xmm6=0xdeb30000deb30000248000002480 xmm7=0x14cb000014cb0000328400003284 

0x3023: mov ecx, 0x1a4
  rax=0x000000000000000f rbx=0x0000000000000fae rcx=0x00000000000001a4 rdx=0x0000000000000000
  rsi=0x000000000000001d rdi=0x3a6000004adc007c flags=0b000000000110
  xmm0=0x3a0400003a040000df780000df78 xmm1=0x51130000511300009cd000009cd0 
  xmm2=0xe8a90000e8a900006d1200006d12 xmm3=0xabf50000abf5000045dd000045dd 
  xmm4=0x5a5800005a580000290c0000290c xmm5=0x3538000035380000739e0000739e 
  xmm6=0xdeb30000deb30000248000002480 xmm7=0x14cb000014cb0000328400003284 

0x3028: mov edx, 0
  rax=0x000000000000000f rbx=0x0000000000000fae rcx=0x00000000000001a4 rdx=0x0000000000000000
  rsi=0x000000000000001d rdi=0x3a6000004adc007c flags=0b000000000110
  xmm0=0x3a0400003a040000df780000df78 xmm1=0x51130000511300009cd000009cd0 
  xmm2=0xe8a90000e8a900006d1200006d12 xmm3=0xabf50000abf5000045dd000045dd 
  xmm4=0x5a5800005a580000290c0000290c xmm5=0x3538000035380000739e0000739e 
  xmm6=0xdeb30000deb30000248000002480 xmm7=0x14cb000014cb0000328400003284 

0x302d: mov eax, 0b0000
  rax=0x000000000000000f rbx=0x0000000000000fae rcx=0x00000000000001a4 rdx=0x0000000000000000
  rsi=0x000000000000001d rdi=0x3a6000004adc007c flags=0b000000000110
  xmm0=0x3a0400003a040000df780000df78 xmm1=0x51130000511300009cd000009cd0 
  xmm2=0xe8a90000e8a900006d1200006d12 xmm3=0xabf50000abf5000045dd000045dd 
  xmm4=0x5a5800005a580000290c0000290c xmm5=0x3538000035380000739e0000739e 
  xmm6=0xdeb30000deb30000248000002480 xmm7=0x14cb000014cb0000328400003284 

0x3032: wrmsr 
  rax=0x0000000000000000 rbx=0x0000000000000fae rcx=0x00000000000001a4 rdx=0x0000000000000000
  rsi=0x000000000000001d rdi=0x3a6000004adc007c flags=0b000000000110
  xmm0=0x3a0400003a040000df780000df78 xmm1=0x51130000511300009cd000009cd0 
  xmm2=0xe8a90000e8a900006d1200006d12 xmm3=0xabf50000abf5000045dd000045dd 
  xmm4=0x5a5800005a580000290c0000290c xmm5=0x3538000035380000739e0000739e 
  xmm6=0xdeb30000deb30000248000002480 xmm7=0x14cb000014cb0000328400003284 

0x3034: mfence 
  rax=0x0000000000000000 rbx=0x0000000000000fae rcx=0x00000000000001a4 rdx=0x0000000000000000
  rsi=0x000000000000001d rdi=0x3a6000004adc007c flags=0b000000000110
  xmm0=0x3a0400003a040000df780000df78 xmm1=0x51130000511300009cd000009cd0 
  xmm2=0xe8a90000e8a900006d1200006d12 xmm3=0xabf50000abf5000045dd000045dd 
  xmm4=0x5a5800005a580000290c0000290c xmm5=0x3538000035380000739e0000739e 
  xmm6=0xdeb30000deb30000248000002480 xmm7=0x14cb000014cb0000328400003284 

0x3037: lfence 
  rax=0x0000000000000000 rbx=0x0000000000000fae rcx=0x00000000000001a4 rdx=0x0000000000000000
  rsi=0x000000000000001d rdi=0x3a6000004adc007c flags=0b000000000110
  xmm0=0x3a0400003a040000df780000df78 xmm1=0x51130000511300009cd000009cd0 
  xmm2=0xe8a90000e8a900006d1200006d12 xmm3=0xabf50000abf5000045dd000045dd 
  xmm4=0x5a5800005a580000290c0000290c xmm5=0x3538000035380000739e0000739e 
  xmm6=0xdeb30000deb30000248000002480 xmm7=0x14cb000014cb0000328400003284 

0x303a: adc eax, 535687386
  rax=0x0000000000000000 rbx=0x0000000000000fae rcx=0x00000000000001a4 rdx=0x0000000000000000
  rsi=0x000000000000001d rdi=0x3a6000004adc007c flags=0b000000000110
  xmm0=0x3a0400003a040000df780000df78 xmm1=0x51130000511300009cd000009cd0 
  xmm2=0xe8a90000e8a900006d1200006d12 xmm3=0xabf50000abf5000045dd000045dd 
  xmm4=0x5a5800005a580000290c0000290c xmm5=0x3538000035380000739e0000739e 
  xmm6=0xdeb30000deb30000248000002480 xmm7=0x14cb000014cb0000328400003284 

0x303f: and rcx, 0b1111111111111
  rax=0x000000001fedf0da rbx=0x0000000000000fae rcx=0x00000000000001a4 rdx=0x0000000000000000
  rsi=0x000000000000001d rdi=0x3a6000004adc007c flags=0b000000000010
  xmm0=0x3a0400003a040000df780000df78 xmm1=0x51130000511300009cd000009cd0 
  xmm2=0xe8a90000e8a900006d1200006d12 xmm3=0xabf50000abf5000045dd000045dd 
  xmm4=0x5a5800005a580000290c0000290c xmm5=0x3538000035380000739e0000739e 
  xmm6=0xdeb30000deb30000248000002480 xmm7=0x14cb000014cb0000328400003284 

0x3046: setnbe [r14 +rcx]
  rax=0x000000001fedf0da rbx=0x0000000000000fae rcx=0x00000000000001a4 rdx=0x0000000000000000
  rsi=0x000000000000001d rdi=0x3a6000004adc007c flags=0b000000000010
  xmm0=0x3a0400003a040000df780000df78 xmm1=0x51130000511300009cd000009cd0 
  xmm2=0xe8a90000e8a900006d1200006d12 xmm3=0xabf50000abf5000045dd000045dd 
  xmm4=0x5a5800005a580000290c0000290c xmm5=0x3538000035380000739e0000739e 
  xmm6=0xdeb30000deb30000248000002480 xmm7=0x14cb000014cb0000328400003284 

    > store to +0x41a4 value 0x1
0x304b: and rdi, 0b1111111111111
  rax=0x000000001fedf0da rbx=0x0000000000000fae rcx=0x00000000000001a4 rdx=0x0000000000000000
  rsi=0x000000000000001d rdi=0x3a6000004adc007c flags=0b000000000010
  xmm0=0x3a0400003a040000df780000df78 xmm1=0x51130000511300009cd000009cd0 
  xmm2=0xe8a90000e8a900006d1200006d12 xmm3=0xabf50000abf5000045dd000045dd 
  xmm4=0x5a5800005a580000290c0000290c xmm5=0x3538000035380000739e0000739e 
  xmm6=0xdeb30000deb30000248000002480 xmm7=0x14cb000014cb0000328400003284 

0x3052: movsx rbx, [r14 +rdi]
  rax=0x000000001fedf0da rbx=0x0000000000000fae rcx=0x00000000000001a4 rdx=0x0000000000000000
  rsi=0x000000000000001d rdi=0x000000000000007c flags=0b000000000010
  xmm0=0x3a0400003a040000df780000df78 xmm1=0x51130000511300009cd000009cd0 
  xmm2=0xe8a90000e8a900006d1200006d12 xmm3=0xabf50000abf5000045dd000045dd 
  xmm4=0x5a5800005a580000290c0000290c xmm5=0x3538000035380000739e0000739e 
  xmm6=0xdeb30000deb30000248000002480 xmm7=0x14cb000014cb0000328400003284 

    > load from +0x407c value 0xb843
0x3057: adc rsi, -41
  rax=0x000000001fedf0da rbx=0xffffffffffffb843 rcx=0x00000000000001a4 rdx=0x0000000000000000
  rsi=0x000000000000001d rdi=0x000000000000007c flags=0b000000000010
  xmm0=0x3a0400003a040000df780000df78 xmm1=0x51130000511300009cd000009cd0 
  xmm2=0xe8a90000e8a900006d1200006d12 xmm3=0xabf50000abf5000045dd000045dd 
  xmm4=0x5a5800005a580000290c0000290c xmm5=0x3538000035380000739e0000739e 
  xmm6=0xdeb30000deb30000248000002480 xmm7=0x14cb000014cb0000328400003284 

0x305b: and rcx, 0b1111111111111
  rax=0x000000001fedf0da rbx=0xffffffffffffb843 rcx=0x00000000000001a4 rdx=0x0000000000000000
  rsi=0xfffffffffffffff4 rdi=0x000000000000007c flags=0b000010010010
  xmm0=0x3a0400003a040000df780000df78 xmm1=0x51130000511300009cd000009cd0 
  xmm2=0xe8a90000e8a900006d1200006d12 xmm3=0xabf50000abf5000045dd000045dd 
  xmm4=0x5a5800005a580000290c0000290c xmm5=0x3538000035380000739e0000739e 
  xmm6=0xdeb30000deb30000248000002480 xmm7=0x14cb000014cb0000328400003284 

0x3062: add ebx, [r14 +rcx]
  rax=0x000000001fedf0da rbx=0xffffffffffffb843 rcx=0x00000000000001a4 rdx=0x0000000000000000
  rsi=0xfffffffffffffff4 rdi=0x000000000000007c flags=0b000000000010
  xmm0=0x3a0400003a040000df780000df78 xmm1=0x51130000511300009cd000009cd0 
  xmm2=0xe8a90000e8a900006d1200006d12 xmm3=0xabf50000abf5000045dd000045dd 
  xmm4=0x5a5800005a580000290c0000290c xmm5=0x3538000035380000739e0000739e 
  xmm6=0xdeb30000deb30000248000002480 xmm7=0x14cb000014cb0000328400003284 

    > load from +0x41a4 value 0x3e01
0x3066: sub rax, 2054399225
  rax=0x000000001fedf0da rbx=0x00000000fffff644 rcx=0x00000000000001a4 rdx=0x0000000000000000
  rsi=0xfffffffffffffff4 rdi=0x000000000000007c flags=0b000010000110
  xmm0=0x3a0400003a040000df780000df78 xmm1=0x51130000511300009cd000009cd0 
  xmm2=0xe8a90000e8a900006d1200006d12 xmm3=0xabf50000abf5000045dd000045dd 
  xmm4=0x5a5800005a580000290c0000290c xmm5=0x3538000035380000739e0000739e 
  xmm6=0xdeb30000deb30000248000002480 xmm7=0x14cb000014cb0000328400003284 

0x306c: setno bl
  rax=0xffffffffa57a4be1 rbx=0x00000000fffff644 rcx=0x00000000000001a4 rdx=0x0000000000000000
  rsi=0xfffffffffffffff4 rdi=0x000000000000007c flags=0b000010000111
  xmm0=0x3a0400003a040000df780000df78 xmm1=0x51130000511300009cd000009cd0 
  xmm2=0xe8a90000e8a900006d1200006d12 xmm3=0xabf50000abf5000045dd000045dd 
  xmm4=0x5a5800005a580000290c0000290c xmm5=0x3538000035380000739e0000739e 
  xmm6=0xdeb30000deb30000248000002480 xmm7=0x14cb000014cb0000328400003284 

0x306f: and rbx, 0b1111111111111
  rax=0xffffffffa57a4be1 rbx=0x00000000fffff601 rcx=0x00000000000001a4 rdx=0x0000000000000000
  rsi=0xfffffffffffffff4 rdi=0x000000000000007c flags=0b000010000111
  xmm0=0x3a0400003a040000df780000df78 xmm1=0x51130000511300009cd000009cd0 
  xmm2=0xe8a90000e8a900006d1200006d12 xmm3=0xabf50000abf5000045dd000045dd 
  xmm4=0x5a5800005a580000290c0000290c xmm5=0x3538000035380000739e0000739e 
  xmm6=0xdeb30000deb30000248000002480 xmm7=0x14cb000014cb0000328400003284 

0x3076: xadd [r14 +rbx], ecx
  rax=0xffffffffa57a4be1 rbx=0x0000000000001601 rcx=0x00000000000001a4 rdx=0x0000000000000000
  rsi=0xfffffffffffffff4 rdi=0x000000000000007c flags=0b000000000010
  xmm0=0x3a0400003a040000df780000df78 xmm1=0x51130000511300009cd000009cd0 
  xmm2=0xe8a90000e8a900006d1200006d12 xmm3=0xabf50000abf5000045dd000045dd 
  xmm4=0x5a5800005a580000290c0000290c xmm5=0x3538000035380000739e0000739e 
  xmm6=0xdeb30000deb30000248000002480 xmm7=0x14cb000014cb0000328400003284 

    > load from +0x5601 value 0xa60000af
    > store to +0x5601 value 0xa6000253
0x307b: and rax, 0b1111111111111
  rax=0xffffffffa57a4be1 rbx=0x0000000000001601 rcx=0x00000000a60000af rdx=0x0000000000000000
  rsi=0xfffffffffffffff4 rdi=0x000000000000007c flags=0b000010010110
  xmm0=0x3a0400003a040000df780000df78 xmm1=0x51130000511300009cd000009cd0 
  xmm2=0xe8a90000e8a900006d1200006d12 xmm3=0xabf50000abf5000045dd000045dd 
  xmm4=0x5a5800005a580000290c0000290c xmm5=0x3538000035380000739e0000739e 
  xmm6=0xdeb30000deb30000248000002480 xmm7=0x14cb000014cb0000328400003284 

0x3081: adc cl, [r14 +rax]
  rax=0x0000000000000be1 rbx=0x0000000000001601 rcx=0x00000000a60000af rdx=0x0000000000000000
  rsi=0xfffffffffffffff4 rdi=0x000000000000007c flags=0b000000000110
  xmm0=0x3a0400003a040000df780000df78 xmm1=0x51130000511300009cd000009cd0 
  xmm2=0xe8a90000e8a900006d1200006d12 xmm3=0xabf50000abf5000045dd000045dd 
  xmm4=0x5a5800005a580000290c0000290c xmm5=0x3538000035380000739e0000739e 
  xmm6=0xdeb30000deb30000248000002480 xmm7=0x14cb000014cb0000328400003284 

    > load from +0x4be1 value 0xf9
0x3085: mov dl, -28
  rax=0x0000000000000be1 rbx=0x0000000000001601 rcx=0x00000000a60000a8 rdx=0x0000000000000000
  rsi=0xfffffffffffffff4 rdi=0x000000000000007c flags=0b000010010011
  xmm0=0x3a0400003a040000df780000df78 xmm1=0x51130000511300009cd000009cd0 
  xmm2=0xe8a90000e8a900006d1200006d12 xmm3=0xabf50000abf5000045dd000045dd 
  xmm4=0x5a5800005a580000290c0000290c xmm5=0x3538000035380000739e0000739e 
  xmm6=0xdeb30000deb30000248000002480 xmm7=0x14cb000014cb0000328400003284 

0x3087: and rbx, 0b1111111111111
  rax=0x0000000000000be1 rbx=0x0000000000001601 rcx=0x00000000a60000a8 rdx=0x00000000000000e4
  rsi=0xfffffffffffffff4 rdi=0x000000000000007c flags=0b000010010011
  xmm0=0x3a0400003a040000df780000df78 xmm1=0x51130000511300009cd000009cd0 
  xmm2=0xe8a90000e8a900006d1200006d12 xmm3=0xabf50000abf5000045dd000045dd 
  xmm4=0x5a5800005a580000290c0000290c xmm5=0x3538000035380000739e0000739e 
  xmm6=0xdeb30000deb30000248000002480 xmm7=0x14cb000014cb0000328400003284 

0x308e: mov ax, [r14 +rbx]
  rax=0x0000000000000be1 rbx=0x0000000000001601 rcx=0x00000000a60000a8 rdx=0x00000000000000e4
  rsi=0xfffffffffffffff4 rdi=0x000000000000007c flags=0b000000000010
  xmm0=0x3a0400003a040000df780000df78 xmm1=0x51130000511300009cd000009cd0 
  xmm2=0xe8a90000e8a900006d1200006d12 xmm3=0xabf50000abf5000045dd000045dd 
  xmm4=0x5a5800005a580000290c0000290c xmm5=0x3538000035380000739e0000739e 
  xmm6=0xdeb30000deb30000248000002480 xmm7=0x14cb000014cb0000328400003284 

    > load from +0x5601 value 0x253
0x3093: and rcx, 0b1111111111000
  rax=0x0000000000000253 rbx=0x0000000000001601 rcx=0x00000000a60000a8 rdx=0x00000000000000e4
  rsi=0xfffffffffffffff4 rdi=0x000000000000007c flags=0b000000000010
  xmm0=0x3a0400003a040000df780000df78 xmm1=0x51130000511300009cd000009cd0 
  xmm2=0xe8a90000e8a900006d1200006d12 xmm3=0xabf50000abf5000045dd000045dd 
  xmm4=0x5a5800005a580000290c0000290c xmm5=0x3538000035380000739e0000739e 
  xmm6=0xdeb30000deb30000248000002480 xmm7=0x14cb000014cb0000328400003284 

0x309a: lock btc [r14 +rcx], -90
  rax=0x0000000000000253 rbx=0x0000000000001601 rcx=0x00000000000000a8 rdx=0x00000000000000e4
  rsi=0xfffffffffffffff4 rdi=0x000000000000007c flags=0b000000000010
  xmm0=0x3a0400003a040000df780000df78 xmm1=0x51130000511300009cd000009cd0 
  xmm2=0xe8a90000e8a900006d1200006d12 xmm3=0xabf50000abf5000045dd000045dd 
  xmm4=0x5a5800005a580000290c0000290c xmm5=0x3538000035380000739e0000739e 
  xmm6=0xdeb30000deb30000248000002480 xmm7=0x14cb000014cb0000328400003284 

    > load from +0x40a8 value 0xf425
    > store to +0x40a8 value 0xf465
0x30a1: neg edx
  rax=0x0000000000000253 rbx=0x0000000000001601 rcx=0x00000000000000a8 rdx=0x00000000000000e4
  rsi=0xfffffffffffffff4 rdi=0x000000000000007c flags=0b000000000010
  xmm0=0x3a0400003a040000df780000df78 xmm1=0x51130000511300009cd000009cd0 
  xmm2=0xe8a90000e8a900006d1200006d12 xmm3=0xabf50000abf5000045dd000045dd 
  xmm4=0x5a5800005a580000290c0000290c xmm5=0x3538000035380000739e0000739e 
  xmm6=0xdeb30000deb30000248000002480 xmm7=0x14cb000014cb0000328400003284 

0x30a3: and rbx, 0b1111111111000
  rax=0x0000000000000253 rbx=0x0000000000001601 rcx=0x00000000000000a8 rdx=0x00000000ffffff1c
  rsi=0xfffffffffffffff4 rdi=0x000000000000007c flags=0b000010010011
  xmm0=0x3a0400003a040000df780000df78 xmm1=0x51130000511300009cd000009cd0 
  xmm2=0xe8a90000e8a900006d1200006d12 xmm3=0xabf50000abf5000045dd000045dd 
  xmm4=0x5a5800005a580000290c0000290c xmm5=0x3538000035380000739e0000739e 
  xmm6=0xdeb30000deb30000248000002480 xmm7=0x14cb000014cb0000328400003284 

0x30aa: and rcx, 0b111
  rax=0x0000000000000253 rbx=0x0000000000001600 rcx=0x00000000000000a8 rdx=0x00000000ffffff1c
  rsi=0xfffffffffffffff4 rdi=0x000000000000007c flags=0b000000000110
  xmm0=0x3a0400003a040000df780000df78 xmm1=0x51130000511300009cd000009cd0 
  xmm2=0xe8a90000e8a900006d1200006d12 xmm3=0xabf50000abf5000045dd000045dd 
  xmm4=0x5a5800005a580000290c0000290c xmm5=0x3538000035380000739e0000739e 
  xmm6=0xdeb30000deb30000248000002480 xmm7=0x14cb000014cb0000328400003284 

0x30ae: lock btr [r14 +rbx], rcx
  rax=0x0000000000000253 rbx=0x0000000000001600 rcx=0x0000000000000000 rdx=0x00000000ffffff1c
  rsi=0xfffffffffffffff4 rdi=0x000000000000007c flags=0b000001000110
  xmm0=0x3a0400003a040000df780000df78 xmm1=0x51130000511300009cd000009cd0 
  xmm2=0xe8a90000e8a900006d1200006d12 xmm3=0xabf50000abf5000045dd000045dd 
  xmm4=0x5a5800005a580000290c0000290c xmm5=0x3538000035380000739e0000739e 
  xmm6=0xdeb30000deb30000248000002480 xmm7=0x14cb000014cb0000328400003284 

    > load from +0x5600 value 0xafa6000253a6
    > store to +0x5600 value 0xafa6000253a6
0x30b4: and rcx, 0b1111111111111
  rax=0x0000000000000253 rbx=0x0000000000001600 rcx=0x0000000000000000 rdx=0x00000000ffffff1c
  rsi=0xfffffffffffffff4 rdi=0x000000000000007c flags=0b000001000110
  xmm0=0x3a0400003a040000df780000df78 xmm1=0x51130000511300009cd000009cd0 
  xmm2=0xe8a90000e8a900006d1200006d12 xmm3=0xabf50000abf5000045dd000045dd 
  xmm4=0x5a5800005a580000290c0000290c xmm5=0x3538000035380000739e0000739e 
  xmm6=0xdeb30000deb30000248000002480 xmm7=0x14cb000014cb0000328400003284 

0x30bb: movzx esi, [r14 +rcx]
  rax=0x0000000000000253 rbx=0x0000000000001600 rcx=0x0000000000000000 rdx=0x00000000ffffff1c
  rsi=0xfffffffffffffff4 rdi=0x000000000000007c flags=0b000001000110
  xmm0=0x3a0400003a040000df780000df78 xmm1=0x51130000511300009cd000009cd0 
  xmm2=0xe8a90000e8a900006d1200006d12 xmm3=0xabf50000abf5000045dd000045dd 
  xmm4=0x5a5800005a580000290c0000290c xmm5=0x3538000035380000739e0000739e 
  xmm6=0xdeb30000deb30000248000002480 xmm7=0x14cb000014cb0000328400003284 

    > load from +0x4000 value 0x31
0x30c0: and rax, 0b1111111111000
  rax=0x0000000000000253 rbx=0x0000000000001600 rcx=0x0000000000000000 rdx=0x00000000ffffff1c
  rsi=0x0000000000000031 rdi=0x000000000000007c flags=0b000001000110
  xmm0=0x3a0400003a040000df780000df78 xmm1=0x51130000511300009cd000009cd0 
  xmm2=0xe8a90000e8a900006d1200006d12 xmm3=0xabf50000abf5000045dd000045dd 
  xmm4=0x5a5800005a580000290c0000290c xmm5=0x3538000035380000739e0000739e 
  xmm6=0xdeb30000deb30000248000002480 xmm7=0x14cb000014cb0000328400003284 

0x30c6: lock add [r14 +rax], bl
  rax=0x0000000000000250 rbx=0x0000000000001600 rcx=0x0000000000000000 rdx=0x00000000ffffff1c
  rsi=0x0000000000000031 rdi=0x000000000000007c flags=0b000000000110
  xmm0=0x3a0400003a040000df780000df78 xmm1=0x51130000511300009cd000009cd0 
  xmm2=0xe8a90000e8a900006d1200006d12 xmm3=0xabf50000abf5000045dd000045dd 
  xmm4=0x5a5800005a580000290c0000290c xmm5=0x3538000035380000739e0000739e 
  xmm6=0xdeb30000deb30000248000002480 xmm7=0x14cb000014cb0000328400003284 

    > load from +0x4250 value 0xe9
    > store to +0x4250 value 0xe9
0x30cb: and rsi, 0b1111111111111
  rax=0x0000000000000250 rbx=0x0000000000001600 rcx=0x0000000000000000 rdx=0x00000000ffffff1c
  rsi=0x0000000000000031 rdi=0x000000000000007c flags=0b000010000010
  xmm0=0x3a0400003a040000df780000df78 xmm1=0x51130000511300009cd000009cd0 
  xmm2=0xe8a90000e8a900006d1200006d12 xmm3=0xabf50000abf5000045dd000045dd 
  xmm4=0x5a5800005a580000290c0000290c xmm5=0x3538000035380000739e0000739e 
  xmm6=0xdeb30000deb30000248000002480 xmm7=0x14cb000014cb0000328400003284 

0x30d2: and rdx, 0b111
  rax=0x0000000000000250 rbx=0x0000000000001600 rcx=0x0000000000000000 rdx=0x00000000ffffff1c
  rsi=0x0000000000000031 rdi=0x000000000000007c flags=0b000000000010
  xmm0=0x3a0400003a040000df780000df78 xmm1=0x51130000511300009cd000009cd0 
  xmm2=0xe8a90000e8a900006d1200006d12 xmm3=0xabf50000abf5000045dd000045dd 
  xmm4=0x5a5800005a580000290c0000290c xmm5=0x3538000035380000739e0000739e 
  xmm6=0xdeb30000deb30000248000002480 xmm7=0x14cb000014cb0000328400003284 

0x30d6: bt [r14 +rsi], rdx
  rax=0x0000000000000250 rbx=0x0000000000001600 rcx=0x0000000000000000 rdx=0x0000000000000004
  rsi=0x0000000000000031 rdi=0x000000000000007c flags=0b000000000010
  xmm0=0x3a0400003a040000df780000df78 xmm1=0x51130000511300009cd000009cd0 
  xmm2=0xe8a90000e8a900006d1200006d12 xmm3=0xabf50000abf5000045dd000045dd 
  xmm4=0x5a5800005a580000290c0000290c xmm5=0x3538000035380000739e0000739e 
  xmm6=0xdeb30000deb30000248000002480 xmm7=0x14cb000014cb0000328400003284 

    > load from +0x4031 value 0xb000023a7000023
0x30db: and rdx, 0b1111111111111
  rax=0x0000000000000250 rbx=0x0000000000001600 rcx=0x0000000000000000 rdx=0x0000000000000004
  rsi=0x0000000000000031 rdi=0x000000000000007c flags=0b000000000010
  xmm0=0x3a0400003a040000df780000df78 xmm1=0x51130000511300009cd000009cd0 
  xmm2=0xe8a90000e8a900006d1200006d12 xmm3=0xabf50000abf5000045dd000045dd 
  xmm4=0x5a5800005a580000290c0000290c xmm5=0x3538000035380000739e0000739e 
  xmm6=0xdeb30000deb30000248000002480 xmm7=0x14cb000014cb0000328400003284 

0x30e2: or cl, [r14 +rdx]
  rax=0x0000000000000250 rbx=0x0000000000001600 rcx=0x0000000000000000 rdx=0x0000000000000004
  rsi=0x0000000000000031 rdi=0x000000000000007c flags=0b000000000010
  xmm0=0x3a0400003a040000df780000df78 xmm1=0x51130000511300009cd000009cd0 
  xmm2=0xe8a90000e8a900006d1200006d12 xmm3=0xabf50000abf5000045dd000045dd 
  xmm4=0x5a5800005a580000290c0000290c xmm5=0x3538000035380000739e0000739e 
  xmm6=0xdeb30000deb30000248000002480 xmm7=0x14cb000014cb0000328400003284 

    > load from +0x4004 value 0x31
0x30e6: and rax, 0b1111111111111
  rax=0x0000000000000250 rbx=0x0000000000001600 rcx=0x0000000000000031 rdx=0x0000000000000004
  rsi=0x0000000000000031 rdi=0x000000000000007c flags=0b000000000010
  xmm0=0x3a0400003a040000df780000df78 xmm1=0x51130000511300009cd000009cd0 
  xmm2=0xe8a90000e8a900006d1200006d12 xmm3=0xabf50000abf5000045dd000045dd 
  xmm4=0x5a5800005a580000290c0000290c xmm5=0x3538000035380000739e0000739e 
  xmm6=0xdeb30000deb30000248000002480 xmm7=0x14cb000014cb0000328400003284 

0x30ec: and edx, 0b111
  rax=0x0000000000000250 rbx=0x0000000000001600 rcx=0x0000000000000031 rdx=0x0000000000000004
  rsi=0x0000000000000031 rdi=0x000000000000007c flags=0b000000000110
  xmm0=0x3a0400003a040000df780000df78 xmm1=0x51130000511300009cd000009cd0 
  xmm2=0xe8a90000e8a900006d1200006d12 xmm3=0xabf50000abf5000045dd000045dd 
  xmm4=0x5a5800005a580000290c0000290c xmm5=0x3538000035380000739e0000739e 
  xmm6=0xdeb30000deb30000248000002480 xmm7=0x14cb000014cb0000328400003284 

0x30ef: btc [r14 +rax], edx
  rax=0x0000000000000250 rbx=0x0000000000001600 rcx=0x0000000000000031 rdx=0x0000000000000004
  rsi=0x0000000000000031 rdi=0x000000000000007c flags=0b000000000010
  xmm0=0x3a0400003a040000df780000df78 xmm1=0x51130000511300009cd000009cd0 
  xmm2=0xe8a90000e8a900006d1200006d12 xmm3=0xabf50000abf5000045dd000045dd 
  xmm4=0x5a5800005a580000290c0000290c xmm5=0x3538000035380000739e0000739e 
  xmm6=0xdeb30000deb30000248000002480 xmm7=0x14cb000014cb0000328400003284 

    > load from +0x4250 value 0xfde9
    > store to +0x4250 value 0xfdf9
0x30f4: or cl, 0b1000
  rax=0x0000000000000250 rbx=0x0000000000001600 rcx=0x0000000000000031 rdx=0x0000000000000004
  rsi=0x0000000000000031 rdi=0x000000000000007c flags=0b000000000010
  xmm0=0x3a0400003a040000df780000df78 xmm1=0x51130000511300009cd000009cd0 
  xmm2=0xe8a90000e8a900006d1200006d12 xmm3=0xabf50000abf5000045dd000045dd 
  xmm4=0x5a5800005a580000290c0000290c xmm5=0x3538000035380000739e0000739e 
  xmm6=0xdeb30000deb30000248000002480 xmm7=0x14cb000014cb0000328400003284 

0x30f7: and cl, 0b11111000
  rax=0x0000000000000250 rbx=0x0000000000001600 rcx=0x0000000000000039 rdx=0x0000000000000004
  rsi=0x0000000000000031 rdi=0x000000000000007c flags=0b000000000110
  xmm0=0x3a0400003a040000df780000df78 xmm1=0x51130000511300009cd000009cd0 
  xmm2=0xe8a90000e8a900006d1200006d12 xmm3=0xabf50000abf5000045dd000045dd 
  xmm4=0x5a5800005a580000290c0000290c xmm5=0x3538000035380000739e0000739e 
  xmm6=0xdeb30000deb30000248000002480 xmm7=0x14cb000014cb0000328400003284 

0x30fa: mov ax, 1
  rax=0x0000000000000250 rbx=0x0000000000001600 rcx=0x0000000000000038 rdx=0x0000000000000004
  rsi=0x0000000000000031 rdi=0x000000000000007c flags=0b000000000010
  xmm0=0x3a0400003a040000df780000df78 xmm1=0x51130000511300009cd000009cd0 
  xmm2=0xe8a90000e8a900006d1200006d12 xmm3=0xabf50000abf5000045dd000045dd 
  xmm4=0x5a5800005a580000290c0000290c xmm5=0x3538000035380000739e0000739e 
  xmm6=0xdeb30000deb30000248000002480 xmm7=0x14cb000014cb0000328400003284 

0x30fe: idiv cl
  rax=0x0000000000000001 rbx=0x0000000000001600 rcx=0x0000000000000038 rdx=0x0000000000000004
  rsi=0x0000000000000031 rdi=0x000000000000007c flags=0b000000000010
  xmm0=0x3a0400003a040000df780000df78 xmm1=0x51130000511300009cd000009cd0 
  xmm2=0xe8a90000e8a900006d1200006d12 xmm3=0xabf50000abf5000045dd000045dd 
  xmm4=0x5a5800005a580000290c0000290c xmm5=0x3538000035380000739e0000739e 
  xmm6=0xdeb30000deb30000248000002480 xmm7=0x14cb000014cb0000328400003284 

0x3100: and rbx, 0b1111111111000
  rax=0x0000000000000100 rbx=0x0000000000001600 rcx=0x0000000000000038 rdx=0x0000000000000004
  rsi=0x0000000000000031 rdi=0x000000000000007c flags=0b000000000010
  xmm0=0x3a0400003a040000df780000df78 xmm1=0x51130000511300009cd000009cd0 
  xmm2=0xe8a90000e8a900006d1200006d12 xmm3=0xabf50000abf5000045dd000045dd 
  xmm4=0x5a5800005a580000290c0000290c xmm5=0x3538000035380000739e0000739e 
  xmm6=0xdeb30000deb30000248000002480 xmm7=0x14cb000014cb0000328400003284 

0x3107: lock and [r14 +rbx], -123
  rax=0x0000000000000100 rbx=0x0000000000001600 rcx=0x0000000000000038 rdx=0x0000000000000004
  rsi=0x0000000000000031 rdi=0x000000000000007c flags=0b000000000110
  xmm0=0x3a0400003a040000df780000df78 xmm1=0x51130000511300009cd000009cd0 
  xmm2=0xe8a90000e8a900006d1200006d12 xmm3=0xabf50000abf5000045dd000045dd 
  xmm4=0x5a5800005a580000290c0000290c xmm5=0x3538000035380000739e0000739e 
  xmm6=0xdeb30000deb30000248000002480 xmm7=0x14cb000014cb0000328400003284 

    > load from +0x5600 value 0x253a6
    > store to +0x5600 value 0x25384
0x310d: and rdx, 0b1111111111111
  rax=0x0000000000000100 rbx=0x0000000000001600 rcx=0x0000000000000038 rdx=0x0000000000000004
  rsi=0x0000000000000031 rdi=0x000000000000007c flags=0b000000000110
  xmm0=0x3a0400003a040000df780000df78 xmm1=0x51130000511300009cd000009cd0 
  xmm2=0xe8a90000e8a900006d1200006d12 xmm3=0xabf50000abf5000045dd000045dd 
  xmm4=0x5a5800005a580000290c0000290c xmm5=0x3538000035380000739e0000739e 
  xmm6=0xdeb30000deb30000248000002480 xmm7=0x14cb000014cb0000328400003284 

0x3114: and rbx, 0b1111111111111
  rax=0x0000000000000100 rbx=0x0000000000001600 rcx=0x0000000000000038 rdx=0x0000000000000004
  rsi=0x0000000000000031 rdi=0x000000000000007c flags=0b000000000010
  xmm0=0x3a0400003a040000df780000df78 xmm1=0x51130000511300009cd000009cd0 
  xmm2=0xe8a90000e8a900006d1200006d12 xmm3=0xabf50000abf5000045dd000045dd 
  xmm4=0x5a5800005a580000290c0000290c xmm5=0x3538000035380000739e0000739e 
  xmm6=0xdeb30000deb30000248000002480 xmm7=0x14cb000014cb0000328400003284 

0x311b: or [r14 +rbx], 1
  rax=0x0000000000000100 rbx=0x0000000000001600 rcx=0x0000000000000038 rdx=0x0000000000000004
  rsi=0x0000000000000031 rdi=0x000000000000007c flags=0b000000000110
  xmm0=0x3a0400003a040000df780000df78 xmm1=0x51130000511300009cd000009cd0 
  xmm2=0xe8a90000e8a900006d1200006d12 xmm3=0xabf50000abf5000045dd000045dd 
  xmm4=0x5a5800005a580000290c0000290c xmm5=0x3538000035380000739e0000739e 
  xmm6=0xdeb30000deb30000248000002480 xmm7=0x14cb000014cb0000328400003284 

    > load from +0x5600 value 0x84
    > store to +0x5600 value 0x85
0x3120: mov ax, 1
  rax=0x0000000000000100 rbx=0x0000000000001600 rcx=0x0000000000000038 rdx=0x0000000000000004
  rsi=0x0000000000000031 rdi=0x000000000000007c flags=0b000010000010
  xmm0=0x3a0400003a040000df780000df78 xmm1=0x51130000511300009cd000009cd0 
  xmm2=0xe8a90000e8a900006d1200006d12 xmm3=0xabf50000abf5000045dd000045dd 
  xmm4=0x5a5800005a580000290c0000290c xmm5=0x3538000035380000739e0000739e 
  xmm6=0xdeb30000deb30000248000002480 xmm7=0x14cb000014cb0000328400003284 

0x3124: div [r14 +rbx]
  rax=0x0000000000000001 rbx=0x0000000000001600 rcx=0x0000000000000038 rdx=0x0000000000000004
  rsi=0x0000000000000031 rdi=0x000000000000007c flags=0b000010000010
  xmm0=0x3a0400003a040000df780000df78 xmm1=0x51130000511300009cd000009cd0 
  xmm2=0xe8a90000e8a900006d1200006d12 xmm3=0xabf50000abf5000045dd000045dd 
  xmm4=0x5a5800005a580000290c0000290c xmm5=0x3538000035380000739e0000739e 
  xmm6=0xdeb30000deb30000248000002480 xmm7=0x14cb000014cb0000328400003284 

    > load from +0x5600 value 0x85
0x3128: and rdx, 0b1111111111111
  rax=0x0000000000000100 rbx=0x0000000000001600 rcx=0x0000000000000038 rdx=0x0000000000000004
  rsi=0x0000000000000031 rdi=0x000000000000007c flags=0b000010000010
  xmm0=0x3a0400003a040000df780000df78 xmm1=0x51130000511300009cd000009cd0 
  xmm2=0xe8a90000e8a900006d1200006d12 xmm3=0xabf50000abf5000045dd000045dd 
  xmm4=0x5a5800005a580000290c0000290c xmm5=0x3538000035380000739e0000739e 
  xmm6=0xdeb30000deb30000248000002480 xmm7=0x14cb000014cb0000328400003284 

0x312f: movsx rax, [r14 +rdx]
  rax=0x0000000000000100 rbx=0x0000000000001600 rcx=0x0000000000000038 rdx=0x0000000000000004
  rsi=0x0000000000000031 rdi=0x000000000000007c flags=0b000000000010
  xmm0=0x3a0400003a040000df780000df78 xmm1=0x51130000511300009cd000009cd0 
  xmm2=0xe8a90000e8a900006d1200006d12 xmm3=0xabf50000abf5000045dd000045dd 
  xmm4=0x5a5800005a580000290c0000290c xmm5=0x3538000035380000739e0000739e 
  xmm6=0xdeb30000deb30000248000002480 xmm7=0x14cb000014cb0000328400003284 

    > load from +0x4004 value 0x5f31
0x3134: and rsi, 0b1111111111111
  rax=0x0000000000005f31 rbx=0x0000000000001600 rcx=0x0000000000000038 rdx=0x0000000000000004
  rsi=0x0000000000000031 rdi=0x000000000000007c flags=0b000000000010
  xmm0=0x3a0400003a040000df780000df78 xmm1=0x51130000511300009cd000009cd0 
  xmm2=0xe8a90000e8a900006d1200006d12 xmm3=0xabf50000abf5000045dd000045dd 
  xmm4=0x5a5800005a580000290c0000290c xmm5=0x3538000035380000739e0000739e 
  xmm6=0xdeb30000deb30000248000002480 xmm7=0x14cb000014cb0000328400003284 

0x313b: sub eax, [r14 +rsi]
  rax=0x0000000000005f31 rbx=0x0000000000001600 rcx=0x0000000000000038 rdx=0x0000000000000004
  rsi=0x0000000000000031 rdi=0x000000000000007c flags=0b000000000010
  xmm0=0x3a0400003a040000df780000df78 xmm1=0x51130000511300009cd000009cd0 
  xmm2=0xe8a90000e8a900006d1200006d12 xmm3=0xabf50000abf5000045dd000045dd 
  xmm4=0x5a5800005a580000290c0000290c xmm5=0x3538000035380000739e0000739e 
  xmm6=0xdeb30000deb30000248000002480 xmm7=0x14cb000014cb0000328400003284 

    > load from +0x4031 value 0xa7000023
0x313f: sbb rax, -613000450
  rax=0x0000000059005f0e rbx=0x0000000000001600 rcx=0x0000000000000038 rdx=0x0000000000000004
  rsi=0x0000000000000031 rdi=0x000000000000007c flags=0b000000010011
  xmm0=0x3a0400003a040000df780000df78 xmm1=0x51130000511300009cd000009cd0 
  xmm2=0xe8a90000e8a900006d1200006d12 xmm3=0xabf50000abf5000045dd000045dd 
  xmm4=0x5a5800005a580000290c0000290c xmm5=0x3538000035380000739e0000739e 
  xmm6=0xdeb30000deb30000248000002480 xmm7=0x14cb000014cb0000328400003284 

0x3145: mov dx, di
  rax=0x000000007d8a040f rbx=0x0000000000001600 rcx=0x0000000000000038 rdx=0x0000000000000004
  rsi=0x0000000000000031 rdi=0x000000000000007c flags=0b000000010111
  xmm0=0x3a0400003a040000df780000df78 xmm1=0x51130000511300009cd000009cd0 
  xmm2=0xe8a90000e8a900006d1200006d12 xmm3=0xabf50000abf5000045dd000045dd 
  xmm4=0x5a5800005a580000290c0000290c xmm5=0x3538000035380000739e0000739e 
  xmm6=0xdeb30000deb30000248000002480 xmm7=0x14cb000014cb0000328400003284 

0x3148: or cx, 4
  rax=0x000000007d8a040f rbx=0x0000000000001600 rcx=0x0000000000000038 rdx=0x000000000000007c
  rsi=0x0000000000000031 rdi=0x000000000000007c flags=0b000000010111
  xmm0=0x3a0400003a040000df780000df78 xmm1=0x51130000511300009cd000009cd0 
  xmm2=0xe8a90000e8a900006d1200006d12 xmm3=0xabf50000abf5000045dd000045dd 
  xmm4=0x5a5800005a580000290c0000290c xmm5=0x3538000035380000739e0000739e 
  xmm6=0xdeb30000deb30000248000002480 xmm7=0x14cb000014cb0000328400003284 

0x314c: and rdx, 0b1111111111000
  rax=0x000000007d8a040f rbx=0x0000000000001600 rcx=0x000000000000003c rdx=0x000000000000007c
  rsi=0x0000000000000031 rdi=0x000000000000007c flags=0b000000000110
  xmm0=0x3a0400003a040000df780000df78 xmm1=0x51130000511300009cd000009cd0 
  xmm2=0xe8a90000e8a900006d1200006d12 xmm3=0xabf50000abf5000045dd000045dd 
  xmm4=0x5a5800005a580000290c0000290c xmm5=0x3538000035380000739e0000739e 
  xmm6=0xdeb30000deb30000248000002480 xmm7=0x14cb000014cb0000328400003284 

0x3153: lock not [r14 +rdx]
  rax=0x000000007d8a040f rbx=0x0000000000001600 rcx=0x000000000000003c rdx=0x0000000000000078
  rsi=0x0000000000000031 rdi=0x000000000000007c flags=0b000000000110
  xmm0=0x3a0400003a040000df780000df78 xmm1=0x51130000511300009cd000009cd0 
  xmm2=0xe8a90000e8a900006d1200006d12 xmm3=0xabf50000abf5000045dd000045dd 
  xmm4=0x5a5800005a580000290c0000290c xmm5=0x3538000035380000739e0000739e 
  xmm6=0xdeb30000deb30000248000002480 xmm7=0x14cb000014cb0000328400003284 

    > load from +0x4078 value 0xb843
    > store to +0x4078 value 0xffff47bc
0x3158: and rcx, 0b1111111111111
  rax=0x000000007d8a040f rbx=0x0000000000001600 rcx=0x000000000000003c rdx=0x0000000000000078
  rsi=0x0000000000000031 rdi=0x000000000000007c flags=0b000000000110
  xmm0=0x3a0400003a040000df780000df78 xmm1=0x51130000511300009cd000009cd0 
  xmm2=0xe8a90000e8a900006d1200006d12 xmm3=0xabf50000abf5000045dd000045dd 
  xmm4=0x5a5800005a580000290c0000290c xmm5=0x3538000035380000739e0000739e 
  xmm6=0xdeb30000deb30000248000002480 xmm7=0x14cb000014cb0000328400003284 

0x315f: add [r14 +rcx], ax
  rax=0x000000007d8a040f rbx=0x0000000000001600 rcx=0x000000000000003c rdx=0x0000000000000078
  rsi=0x0000000000000031 rdi=0x000000000000007c flags=0b000000000110
  xmm0=0x3a0400003a040000df780000df78 xmm1=0x51130000511300009cd000009cd0 
  xmm2=0xe8a90000e8a900006d1200006d12 xmm3=0xabf50000abf5000045dd000045dd 
  xmm4=0x5a5800005a580000290c0000290c xmm5=0x3538000035380000739e0000739e 
  xmm6=0xdeb30000deb30000248000002480 xmm7=0x14cb000014cb0000328400003284 

    > load from +0x403c value 0xa80b
    > store to +0x403c value 0xac1a
0x3164: and rdi, 0b1111111111000
  rax=0x000000007d8a040f rbx=0x0000000000001600 rcx=0x000000000000003c rdx=0x0000000000000078
  rsi=0x0000000000000031 rdi=0x000000000000007c flags=0b000010010010
  xmm0=0x3a0400003a040000df780000df78 xmm1=0x51130000511300009cd000009cd0 
  xmm2=0xe8a90000e8a900006d1200006d12 xmm3=0xabf50000abf5000045dd000045dd 
  xmm4=0x5a5800005a580000290c0000290c xmm5=0x3538000035380000739e0000739e 
  xmm6=0xdeb30000deb30000248000002480 xmm7=0x14cb000014cb0000328400003284 

0x316b: and rcx, 0b111
  rax=0x000000007d8a040f rbx=0x0000000000001600 rcx=0x000000000000003c rdx=0x0000000000000078
  rsi=0x0000000000000031 rdi=0x0000000000000078 flags=0b000000000110
  xmm0=0x3a0400003a040000df780000df78 xmm1=0x51130000511300009cd000009cd0 
  xmm2=0xe8a90000e8a900006d1200006d12 xmm3=0xabf50000abf5000045dd000045dd 
  xmm4=0x5a5800005a580000290c0000290c xmm5=0x3538000035380000739e0000739e 
  xmm6=0xdeb30000deb30000248000002480 xmm7=0x14cb000014cb0000328400003284 

0x316f: lock btr [r14 +rdi], rcx
  rax=0x000000007d8a040f rbx=0x0000000000001600 rcx=0x0000000000000004 rdx=0x0000000000000078
  rsi=0x0000000000000031 rdi=0x0000000000000078 flags=0b000000000010
  xmm0=0x3a0400003a040000df780000df78 xmm1=0x51130000511300009cd000009cd0 
  xmm2=0xe8a90000e8a900006d1200006d12 xmm3=0xabf50000abf5000045dd000045dd 
  xmm4=0x5a5800005a580000290c0000290c xmm5=0x3538000035380000739e0000739e 
  xmm6=0xdeb30000deb30000248000002480 xmm7=0x14cb000014cb0000328400003284 

    > load from +0x4078 value 0xb843ffff47bc
    > store to +0x4078 value 0xb843ffff47ac
0x3175: and rax, 0b1111111111111
  rax=0x000000007d8a040f rbx=0x0000000000001600 rcx=0x0000000000000004 rdx=0x0000000000000078
  rsi=0x0000000000000031 rdi=0x0000000000000078 flags=0b000000000011
  xmm0=0x3a0400003a040000df780000df78 xmm1=0x51130000511300009cd000009cd0 
  xmm2=0xe8a90000e8a900006d1200006d12 xmm3=0xabf50000abf5000045dd000045dd 
  xmm4=0x5a5800005a580000290c0000290c xmm5=0x3538000035380000739e0000739e 
  xmm6=0xdeb30000deb30000248000002480 xmm7=0x14cb000014cb0000328400003284 

0x317b: nop [r14 +rax]
  rax=0x000000000000040f rbx=0x0000000000001600 rcx=0x0000000000000004 rdx=0x0000000000000078
  rsi=0x0000000000000031 rdi=0x0000000000000078 flags=0b000000000110
  xmm0=0x3a0400003a040000df780000df78 xmm1=0x51130000511300009cd000009cd0 
  xmm2=0xe8a90000e8a900006d1200006d12 xmm3=0xabf50000abf5000045dd000045dd 
  xmm4=0x5a5800005a580000290c0000290c xmm5=0x3538000035380000739e0000739e 
  xmm6=0xdeb30000deb30000248000002480 xmm7=0x14cb000014cb0000328400003284 

0x3180: and rcx, 0b1111111111111
  rax=0x000000000000040f rbx=0x0000000000001600 rcx=0x0000000000000004 rdx=0x0000000000000078
  rsi=0x0000000000000031 rdi=0x0000000000000078 flags=0b000000000110
  xmm0=0x3a0400003a040000df780000df78 xmm1=0x51130000511300009cd000009cd0 
  xmm2=0xe8a90000e8a900006d1200006d12 xmm3=0xabf50000abf5000045dd000045dd 
  xmm4=0x5a5800005a580000290c0000290c xmm5=0x3538000035380000739e0000739e 
  xmm6=0xdeb30000deb30000248000002480 xmm7=0x14cb000014cb0000328400003284 

0x3187: or [r14 +rcx], 122
  rax=0x000000000000040f rbx=0x0000000000001600 rcx=0x0000000000000004 rdx=0x0000000000000078
  rsi=0x0000000000000031 rdi=0x0000000000000078 flags=0b000000000010
  xmm0=0x3a0400003a040000df780000df78 xmm1=0x51130000511300009cd000009cd0 
  xmm2=0xe8a90000e8a900006d1200006d12 xmm3=0xabf50000abf5000045dd000045dd 
  xmm4=0x5a5800005a580000290c0000290c xmm5=0x3538000035380000739e0000739e 
  xmm6=0xdeb30000deb30000248000002480 xmm7=0x14cb000014cb0000328400003284 

    > load from +0x4004 value 0x5f31
    > store to +0x4004 value 0x5f7b
0x318c: lea edi, qword ptr [rbx]
  rax=0x000000000000040f rbx=0x0000000000001600 rcx=0x0000000000000004 rdx=0x0000000000000078
  rsi=0x0000000000000031 rdi=0x0000000000000078 flags=0b000000000110
  xmm0=0x3a0400003a040000df780000df78 xmm1=0x51130000511300009cd000009cd0 
  xmm2=0xe8a90000e8a900006d1200006d12 xmm3=0xabf50000abf5000045dd000045dd 
  xmm4=0x5a5800005a580000290c0000290c xmm5=0x3538000035380000739e0000739e 
  xmm6=0xdeb30000deb30000248000002480 xmm7=0x14cb000014cb0000328400003284 

0x318e: cmovl edx, esi
  rax=0x000000000000040f rbx=0x0000000000001600 rcx=0x0000000000000004 rdx=0x0000000000000078
  rsi=0x0000000000000031 rdi=0x0000000000001600 flags=0b000000000110
  xmm0=0x3a0400003a040000df780000df78 xmm1=0x51130000511300009cd000009cd0 
  xmm2=0xe8a90000e8a900006d1200006d12 xmm3=0xabf50000abf5000045dd000045dd 
  xmm4=0x5a5800005a580000290c0000290c xmm5=0x3538000035380000739e0000739e 
  xmm6=0xdeb30000deb30000248000002480 xmm7=0x14cb000014cb0000328400003284 

0x3191: and rbx, 0b1111111111000
  rax=0x000000000000040f rbx=0x0000000000001600 rcx=0x0000000000000004 rdx=0x0000000000000078
  rsi=0x0000000000000031 rdi=0x0000000000001600 flags=0b000000000110
  xmm0=0x3a0400003a040000df780000df78 xmm1=0x51130000511300009cd000009cd0 
  xmm2=0xe8a90000e8a900006d1200006d12 xmm3=0xabf50000abf5000045dd000045dd 
  xmm4=0x5a5800005a580000290c0000290c xmm5=0x3538000035380000739e0000739e 
  xmm6=0xdeb30000deb30000248000002480 xmm7=0x14cb000014cb0000328400003284 

0x3198: and cx, 0b111
  rax=0x000000000000040f rbx=0x0000000000001600 rcx=0x0000000000000004 rdx=0x0000000000000078
  rsi=0x0000000000000031 rdi=0x0000000000001600 flags=0b000000000110
  xmm0=0x3a0400003a040000df780000df78 xmm1=0x51130000511300009cd000009cd0 
  xmm2=0xe8a90000e8a900006d1200006d12 xmm3=0xabf50000abf5000045dd000045dd 
  xmm4=0x5a5800005a580000290c0000290c xmm5=0x3538000035380000739e0000739e 
  xmm6=0xdeb30000deb30000248000002480 xmm7=0x14cb000014cb0000328400003284 

0x319c: lock bts [r14 +rbx], cx
  rax=0x000000000000040f rbx=0x0000000000001600 rcx=0x0000000000000004 rdx=0x0000000000000078
  rsi=0x0000000000000031 rdi=0x0000000000001600 flags=0b000000000010
  xmm0=0x3a0400003a040000df780000df78 xmm1=0x51130000511300009cd000009cd0 
  xmm2=0xe8a90000e8a900006d1200006d12 xmm3=0xabf50000abf5000045dd000045dd 
  xmm4=0x5a5800005a580000290c0000290c xmm5=0x3538000035380000739e0000739e 
  xmm6=0xdeb30000deb30000248000002480 xmm7=0x14cb000014cb0000328400003284 

    > load from +0x5600 value 0x5385
    > store to +0x5600 value 0x5395
0x31a3: and rcx, 0b1111111111111
  rax=0x000000000000040f rbx=0x0000000000001600 rcx=0x0000000000000004 rdx=0x0000000000000078
  rsi=0x0000000000000031 rdi=0x0000000000001600 flags=0b000000000010
  xmm0=0x3a0400003a040000df780000df78 xmm1=0x51130000511300009cd000009cd0 
  xmm2=0xe8a90000e8a900006d1200006d12 xmm3=0xabf50000abf5000045dd000045dd 
  xmm4=0x5a5800005a580000290c0000290c xmm5=0x3538000035380000739e0000739e 
  xmm6=0xdeb30000deb30000248000002480 xmm7=0x14cb000014cb0000328400003284 

0x31aa: cmovz rsi, [r14 +rcx]
  rax=0x000000000000040f rbx=0x0000000000001600 rcx=0x0000000000000004 rdx=0x0000000000000078
  rsi=0x0000000000000031 rdi=0x0000000000001600 flags=0b000000000010
  xmm0=0x3a0400003a040000df780000df78 xmm1=0x51130000511300009cd000009cd0 
  xmm2=0xe8a90000e8a900006d1200006d12 xmm3=0xabf50000abf5000045dd000045dd 
  xmm4=0x5a5800005a580000290c0000290c xmm5=0x3538000035380000739e0000739e 
  xmm6=0xdeb30000deb30000248000002480 xmm7=0x14cb000014cb0000328400003284 

    > load from +0x4004 value 0xde0c00005f7b
0x31af: and rdi, 0b1111111111000
  rax=0x000000000000040f rbx=0x0000000000001600 rcx=0x0000000000000004 rdx=0x0000000000000078
  rsi=0x0000000000000031 rdi=0x0000000000001600 flags=0b000000000010
  xmm0=0x3a0400003a040000df780000df78 xmm1=0x51130000511300009cd000009cd0 
  xmm2=0xe8a90000e8a900006d1200006d12 xmm3=0xabf50000abf5000045dd000045dd 
  xmm4=0x5a5800005a580000290c0000290c xmm5=0x3538000035380000739e0000739e 
  xmm6=0xdeb30000deb30000248000002480 xmm7=0x14cb000014cb0000328400003284 

0x31b6: lock inc [r14 +rdi]
  rax=0x000000000000040f rbx=0x0000000000001600 rcx=0x0000000000000004 rdx=0x0000000000000078
  rsi=0x0000000000000031 rdi=0x0000000000001600 flags=0b000000000110
  xmm0=0x3a0400003a040000df780000df78 xmm1=0x51130000511300009cd000009cd0 
  xmm2=0xe8a90000e8a900006d1200006d12 xmm3=0xabf50000abf5000045dd000045dd 
  xmm4=0x5a5800005a580000290c0000290c xmm5=0x3538000035380000739e0000739e 
  xmm6=0xdeb30000deb30000248000002480 xmm7=0x14cb000014cb0000328400003284 

    > load from +0x5600 value 0xafa600025395
    > store to +0x5600 value 0xafa600025396
0x31bb: and rsi, 0b1111111111111
  rax=0x000000000000040f rbx=0x0000000000001600 rcx=0x0000000000000004 rdx=0x0000000000000078
  rsi=0x0000000000000031 rdi=0x0000000000001600 flags=0b000000000110
  xmm0=0x3a0400003a040000df780000df78 xmm1=0x51130000511300009cd000009cd0 
  xmm2=0xe8a90000e8a900006d1200006d12 xmm3=0xabf50000abf5000045dd000045dd 
  xmm4=0x5a5800005a580000290c0000290c xmm5=0x3538000035380000739e0000739e 
  xmm6=0xdeb30000deb30000248000002480 xmm7=0x14cb000014cb0000328400003284 

0x31c2: sbb [r14 +rsi], ebx
  rax=0x000000000000040f rbx=0x0000000000001600 rcx=0x0000000000000004 rdx=0x0000000000000078
  rsi=0x0000000000000031 rdi=0x0000000000001600 flags=0b000000000010
  xmm0=0x3a0400003a040000df780000df78 xmm1=0x51130000511300009cd000009cd0 
  xmm2=0xe8a90000e8a900006d1200006d12 xmm3=0xabf50000abf5000045dd000045dd 
  xmm4=0x5a5800005a580000290c0000290c xmm5=0x3538000035380000739e0000739e 
  xmm6=0xdeb30000deb30000248000002480 xmm7=0x14cb000014cb0000328400003284 

    > load from +0x4031 value 0xa7000023
    > store to +0x4031 value 0xa6ffea23
0x31c6: cmovno esi, edi
  rax=0x000000000000040f rbx=0x0000000000001600 rcx=0x0000000000000004 rdx=0x0000000000000078
  rsi=0x0000000000000031 rdi=0x0000000000001600 flags=0b000010000010
  xmm0=0x3a0400003a040000df780000df78 xmm1=0x51130000511300009cd000009cd0 
  xmm2=0xe8a90000e8a900006d1200006d12 xmm3=0xabf50000abf5000045dd000045dd 
  xmm4=0x5a5800005a580000290c0000290c xmm5=0x3538000035380000739e0000739e 
  xmm6=0xdeb30000deb30000248000002480 xmm7=0x14cb000014cb0000328400003284 

0x31c9: and rcx, 0b1111111111000
  rax=0x000000000000040f rbx=0x0000000000001600 rcx=0x0000000000000004 rdx=0x0000000000000078
  rsi=0x0000000000001600 rdi=0x0000000000001600 flags=0b000010000010
  xmm0=0x3a0400003a040000df780000df78 xmm1=0x51130000511300009cd000009cd0 
  xmm2=0xe8a90000e8a900006d1200006d12 xmm3=0xabf50000abf5000045dd000045dd 
  xmm4=0x5a5800005a580000290c0000290c xmm5=0x3538000035380000739e0000739e 
  xmm6=0xdeb30000deb30000248000002480 xmm7=0x14cb000014cb0000328400003284 

0x31d0: xchg [r14 +rcx], cl
  rax=0x000000000000040f rbx=0x0000000000001600 rcx=0x0000000000000000 rdx=0x0000000000000078
  rsi=0x0000000000001600 rdi=0x0000000000001600 flags=0b000001000110
  xmm0=0x3a0400003a040000df780000df78 xmm1=0x51130000511300009cd000009cd0 
  xmm2=0xe8a90000e8a900006d1200006d12 xmm3=0xabf50000abf5000045dd000045dd 
  xmm4=0x5a5800005a580000290c0000290c xmm5=0x3538000035380000739e0000739e 
  xmm6=0xdeb30000deb30000248000002480 xmm7=0x14cb000014cb0000328400003284 

    > load from +0x4000 value 0x31
    > store to +0x4000 value 0x0
0x31d4: and rax, 0b1111111111111
  rax=0x000000000000040f rbx=0x0000000000001600 rcx=0x0000000000000031 rdx=0x0000000000000078
  rsi=0x0000000000001600 rdi=0x0000000000001600 flags=0b000001000110
  xmm0=0x3a0400003a040000df780000df78 xmm1=0x51130000511300009cd000009cd0 
  xmm2=0xe8a90000e8a900006d1200006d12 xmm3=0xabf50000abf5000045dd000045dd 
  xmm4=0x5a5800005a580000290c0000290c xmm5=0x3538000035380000739e0000739e 
  xmm6=0xdeb30000deb30000248000002480 xmm7=0x14cb000014cb0000328400003284 

0x31da: mov [r14 +rax], al
  rax=0x000000000000040f rbx=0x0000000000001600 rcx=0x0000000000000031 rdx=0x0000000000000078
  rsi=0x0000000000001600 rdi=0x0000000000001600 flags=0b000000000110
  xmm0=0x3a0400003a040000df780000df78 xmm1=0x51130000511300009cd000009cd0 
  xmm2=0xe8a90000e8a900006d1200006d12 xmm3=0xabf50000abf5000045dd000045dd 
  xmm4=0x5a5800005a580000290c0000290c xmm5=0x3538000035380000739e0000739e 
  xmm6=0xdeb30000deb30000248000002480 xmm7=0x14cb000014cb0000328400003284 

    > store to +0x440f value 0xf
0x31de: and rsi, 0b1111111111111
  rax=0x000000000000040f rbx=0x0000000000001600 rcx=0x0000000000000031 rdx=0x0000000000000078
  rsi=0x0000000000001600 rdi=0x0000000000001600 flags=0b000000000110
  xmm0=0x3a0400003a040000df780000df78 xmm1=0x51130000511300009cd000009cd0 
  xmm2=0xe8a90000e8a900006d1200006d12 xmm3=0xabf50000abf5000045dd000045dd 
  xmm4=0x5a5800005a580000290c0000290c xmm5=0x3538000035380000739e0000739e 
  xmm6=0xdeb30000deb30000248000002480 xmm7=0x14cb000014cb0000328400003284 

0x31e5: cmovp edx, [r14 +rsi]
  rax=0x000000000000040f rbx=0x0000000000001600 rcx=0x0000000000000031 rdx=0x0000000000000078
  rsi=0x0000000000001600 rdi=0x0000000000001600 flags=0b000000000110
  xmm0=0x3a0400003a040000df780000df78 xmm1=0x51130000511300009cd000009cd0 
  xmm2=0xe8a90000e8a900006d1200006d12 xmm3=0xabf50000abf5000045dd000045dd 
  xmm4=0x5a5800005a580000290c0000290c xmm5=0x3538000035380000739e0000739e 
  xmm6=0xdeb30000deb30000248000002480 xmm7=0x14cb000014cb0000328400003284 

    > load from +0x5600 value 0x25396
0x31ea: setz dil
  rax=0x000000000000040f rbx=0x0000000000001600 rcx=0x0000000000000031 rdx=0x0000000000025396
  rsi=0x0000000000001600 rdi=0x0000000000001600 flags=0b000000000110
  xmm0=0x3a0400003a040000df780000df78 xmm1=0x51130000511300009cd000009cd0 
  xmm2=0xe8a90000e8a900006d1200006d12 xmm3=0xabf50000abf5000045dd000045dd 
  xmm4=0x5a5800005a580000290c0000290c xmm5=0x3538000035380000739e0000739e 
  xmm6=0xdeb30000deb30000248000002480 xmm7=0x14cb000014cb0000328400003284 

0x31ee: and rbx, 0b1111111111111
  rax=0x000000000000040f rbx=0x0000000000001600 rcx=0x0000000000000031 rdx=0x0000000000025396
  rsi=0x0000000000001600 rdi=0x0000000000001600 flags=0b000000000110
  xmm0=0x3a0400003a040000df780000df78 xmm1=0x51130000511300009cd000009cd0 
  xmm2=0xe8a90000e8a900006d1200006d12 xmm3=0xabf50000abf5000045dd000045dd 
  xmm4=0x5a5800005a580000290c0000290c xmm5=0x3538000035380000739e0000739e 
  xmm6=0xdeb30000deb30000248000002480 xmm7=0x14cb000014cb0000328400003284 

0x31f5: or [r14 +rbx], 0b1000000000000000000000000000000
  rax=0x000000000000040f rbx=0x0000000000001600 rcx=0x0000000000000031 rdx=0x0000000000025396
  rsi=0x0000000000001600 rdi=0x0000000000001600 flags=0b000000000110
  xmm0=0x3a0400003a040000df780000df78 xmm1=0x51130000511300009cd000009cd0 
  xmm2=0xe8a90000e8a900006d1200006d12 xmm3=0xabf50000abf5000045dd000045dd 
  xmm4=0x5a5800005a580000290c0000290c xmm5=0x3538000035380000739e0000739e 
  xmm6=0xdeb30000deb30000248000002480 xmm7=0x14cb000014cb0000328400003284 

    > load from +0x5600 value 0xafa600025396
    > store to +0x5600 value 0xafa640025396
0x31fd: bsr rsi, [r14 +rbx]
  rax=0x000000000000040f rbx=0x0000000000001600 rcx=0x0000000000000031 rdx=0x0000000000025396
  rsi=0x0000000000001600 rdi=0x0000000000001600 flags=0b000000000110
  xmm0=0x3a0400003a040000df780000df78 xmm1=0x51130000511300009cd000009cd0 
  xmm2=0xe8a90000e8a900006d1200006d12 xmm3=0xabf50000abf5000045dd000045dd 
  xmm4=0x5a5800005a580000290c0000290c xmm5=0x3538000035380000739e0000739e 
  xmm6=0xdeb30000deb30000248000002480 xmm7=0x14cb000014cb0000328400003284 

    > load from +0x5600 value 0xafa640025396
0x3202: add dil, -35
  rax=0x000000000000040f rbx=0x0000000000001600 rcx=0x0000000000000031 rdx=0x0000000000025396
  rsi=0x000000000000002f rdi=0x0000000000001600 flags=0b000000000110
  xmm0=0x3a0400003a040000df780000df78 xmm1=0x51130000511300009cd000009cd0 
  xmm2=0xe8a90000e8a900006d1200006d12 xmm3=0xabf50000abf5000045dd000045dd 
  xmm4=0x5a5800005a580000290c0000290c xmm5=0x3538000035380000739e0000739e 
  xmm6=0xdeb30000deb30000248000002480 xmm7=0x14cb000014cb0000328400003284 

0x3206: and rdi, 0b1111111111111
  rax=0x000000000000040f rbx=0x0000000000001600 rcx=0x0000000000000031 rdx=0x0000000000025396
  rsi=0x000000000000002f rdi=0x00000000000016dd flags=0b000010000110
  xmm0=0x3a0400003a040000df780000df78 xmm1=0x51130000511300009cd000009cd0 
  xmm2=0xe8a90000e8a900006d1200006d12 xmm3=0xabf50000abf5000045dd000045dd 
  xmm4=0x5a5800005a580000290c0000290c xmm5=0x3538000035380000739e0000739e 
  xmm6=0xdeb30000deb30000248000002480 xmm7=0x14cb000014cb0000328400003284 

0x320d: cmovnl rsi, [r14 +rdi]
  rax=0x000000000000040f rbx=0x0000000000001600 rcx=0x0000000000000031 rdx=0x0000000000025396
  rsi=0x000000000000002f rdi=0x00000000000016dd flags=0b000000000110
  xmm0=0x3a0400003a040000df780000df78 xmm1=0x51130000511300009cd000009cd0 
  xmm2=0xe8a90000e8a900006d1200006d12 xmm3=0xabf50000abf5000045dd000045dd 
  xmm4=0x5a5800005a580000290c0000290c xmm5=0x3538000035380000739e0000739e 
  xmm6=0xdeb30000deb30000248000002480 xmm7=0x14cb000014cb0000328400003284 

    > load from +0x56dd value 0x1e0000031e0000d8
0x3212: test ax, 26055
  rax=0x000000000000040f rbx=0x0000000000001600 rcx=0x0000000000000031 rdx=0x0000000000025396
  rsi=0x1e0000031e0000d8 rdi=0x00000000000016dd flags=0b000000000110
  xmm0=0x3a0400003a040000df780000df78 xmm1=0x51130000511300009cd000009cd0 
  xmm2=0xe8a90000e8a900006d1200006d12 xmm3=0xabf50000abf5000045dd000045dd 
  xmm4=0x5a5800005a580000290c0000290c xmm5=0x3538000035380000739e0000739e 
  xmm6=0xdeb30000deb30000248000002480 xmm7=0x14cb000014cb0000328400003284 

0x3216: and rdx, 0b1111111111111
  rax=0x000000000000040f rbx=0x0000000000001600 rcx=0x0000000000000031 rdx=0x0000000000025396
  rsi=0x1e0000031e0000d8 rdi=0x00000000000016dd flags=0b000000000010
  xmm0=0x3a0400003a040000df780000df78 xmm1=0x51130000511300009cd000009cd0 
  xmm2=0xe8a90000e8a900006d1200006d12 xmm3=0xabf50000abf5000045dd000045dd 
  xmm4=0x5a5800005a580000290c0000290c xmm5=0x3538000035380000739e0000739e 
  xmm6=0xdeb30000deb30000248000002480 xmm7=0x14cb000014cb0000328400003284 

0x321d: cmovp dx, [r14 +rdx]
  rax=0x000000000000040f rbx=0x0000000000001600 rcx=0x0000000000000031 rdx=0x0000000000001396
  rsi=0x1e0000031e0000d8 rdi=0x00000000000016dd flags=0b000000000110
  xmm0=0x3a0400003a040000df780000df78 xmm1=0x51130000511300009cd000009cd0 
  xmm2=0xe8a90000e8a900006d1200006d12 xmm3=0xabf50000abf5000045dd000045dd 
  xmm4=0x5a5800005a580000290c0000290c xmm5=0x3538000035380000739e0000739e 
  xmm6=0xdeb30000deb30000248000002480 xmm7=0x14cb000014cb0000328400003284 

    > load from +0x5396 value 0x0
0x3223: mov ecx, 0x1a4
  rax=0x000000000000040f rbx=0x0000000000001600 rcx=0x0000000000000031 rdx=0x0000000000000000
  rsi=0x1e0000031e0000d8 rdi=0x00000000000016dd flags=0b000000000110
  xmm0=0x3a0400003a040000df780000df78 xmm1=0x51130000511300009cd000009cd0 
  xmm2=0xe8a90000e8a900006d1200006d12 xmm3=0xabf50000abf5000045dd000045dd 
  xmm4=0x5a5800005a580000290c0000290c xmm5=0x3538000035380000739e0000739e 
  xmm6=0xdeb30000deb30000248000002480 xmm7=0x14cb000014cb0000328400003284 

0x3228: mov edx, 0
  rax=0x000000000000040f rbx=0x0000000000001600 rcx=0x00000000000001a4 rdx=0x0000000000000000
  rsi=0x1e0000031e0000d8 rdi=0x00000000000016dd flags=0b000000000110
  xmm0=0x3a0400003a040000df780000df78 xmm1=0x51130000511300009cd000009cd0 
  xmm2=0xe8a90000e8a900006d1200006d12 xmm3=0xabf50000abf5000045dd000045dd 
  xmm4=0x5a5800005a580000290c0000290c xmm5=0x3538000035380000739e0000739e 
  xmm6=0xdeb30000deb30000248000002480 xmm7=0x14cb000014cb0000328400003284 

0x322d: mov eax, 0b1111
  rax=0x000000000000040f rbx=0x0000000000001600 rcx=0x00000000000001a4 rdx=0x0000000000000000
  rsi=0x1e0000031e0000d8 rdi=0x00000000000016dd flags=0b000000000110
  xmm0=0x3a0400003a040000df780000df78 xmm1=0x51130000511300009cd000009cd0 
  xmm2=0xe8a90000e8a900006d1200006d12 xmm3=0xabf50000abf5000045dd000045dd 
  xmm4=0x5a5800005a580000290c0000290c xmm5=0x3538000035380000739e0000739e 
  xmm6=0xdeb30000deb30000248000002480 xmm7=0x14cb000014cb0000328400003284 

0x3232: wrmsr 
  rax=0x000000000000000f rbx=0x0000000000001600 rcx=0x00000000000001a4 rdx=0x0000000000000000
  rsi=0x1e0000031e0000d8 rdi=0x00000000000016dd flags=0b000000000110
  xmm0=0x3a0400003a040000df780000df78 xmm1=0x51130000511300009cd000009cd0 
  xmm2=0xe8a90000e8a900006d1200006d12 xmm3=0xabf50000abf5000045dd000045dd 
  xmm4=0x5a5800005a580000290c0000290c xmm5=0x3538000035380000739e0000739e 
  xmm6=0xdeb30000deb30000248000002480 xmm7=0x14cb000014cb0000328400003284 

0x3234: mfence 
  rax=0x000000000000000f rbx=0x0000000000001600 rcx=0x00000000000001a4 rdx=0x0000000000000000
  rsi=0x1e0000031e0000d8 rdi=0x00000000000016dd flags=0b000000000110
  xmm0=0x3a0400003a040000df780000df78 xmm1=0x51130000511300009cd000009cd0 
  xmm2=0xe8a90000e8a900006d1200006d12 xmm3=0xabf50000abf5000045dd000045dd 
  xmm4=0x5a5800005a580000290c0000290c xmm5=0x3538000035380000739e0000739e 
  xmm6=0xdeb30000deb30000248000002480 xmm7=0x14cb000014cb0000328400003284 

0x3237: lfence 
  rax=0x000000000000000f rbx=0x0000000000001600 rcx=0x00000000000001a4 rdx=0x0000000000000000
  rsi=0x1e0000031e0000d8 rdi=0x00000000000016dd flags=0b000000000110
  xmm0=0x3a0400003a040000df780000df78 xmm1=0x51130000511300009cd000009cd0 
  xmm2=0xe8a90000e8a900006d1200006d12 xmm3=0xabf50000abf5000045dd000045dd 
  xmm4=0x5a5800005a580000290c0000290c xmm5=0x3538000035380000739e0000739e 
  xmm6=0xdeb30000deb30000248000002480 xmm7=0x14cb000014cb0000328400003284 

0x323a: macro .measurement_end, .noarg
  rax=0x000000000000000f rbx=0x0000000000001600 rcx=0x00000000000001a4 rdx=0x0000000000000000
  rsi=0x1e0000031e0000d8 rdi=0x00000000000016dd flags=0b000000000110
  xmm0=0x3a0400003a040000df780000df78 xmm1=0x51130000511300009cd000009cd0 
  xmm2=0xe8a90000e8a900006d1200006d12 xmm3=0xabf50000abf5000045dd000045dd 
  xmm4=0x5a5800005a580000290c0000290c xmm5=0x3538000035380000739e0000739e 
  xmm6=0xdeb30000deb30000248000002480 xmm7=0x14cb000014cb0000328400003284 

0x3242: mov ecx, 0x1a4
  rax=0x000000000000000f rbx=0x0000000000001600 rcx=0x00000000000001a4 rdx=0x0000000000000000
  rsi=0x1e0000031e0000d8 rdi=0x00000000000016dd flags=0b000000000110
  xmm0=0x3a0400003a040000df780000df78 xmm1=0x51130000511300009cd000009cd0 
  xmm2=0xe8a90000e8a900006d1200006d12 xmm3=0xabf50000abf5000045dd000045dd 
  xmm4=0x5a5800005a580000290c0000290c xmm5=0x3538000035380000739e0000739e 
  xmm6=0xdeb30000deb30000248000002480 xmm7=0x14cb000014cb0000328400003284 

0x3247: mov edx, 0
  rax=0x000000000000000f rbx=0x0000000000001600 rcx=0x00000000000001a4 rdx=0x0000000000000000
  rsi=0x1e0000031e0000d8 rdi=0x00000000000016dd flags=0b000000000110
  xmm0=0x3a0400003a040000df780000df78 xmm1=0x51130000511300009cd000009cd0 
  xmm2=0xe8a90000e8a900006d1200006d12 xmm3=0xabf50000abf5000045dd000045dd 
  xmm4=0x5a5800005a580000290c0000290c xmm5=0x3538000035380000739e0000739e 
  xmm6=0xdeb30000deb30000248000002480 xmm7=0x14cb000014cb0000328400003284 

0x324c: mov eax, 0b0000
  rax=0x000000000000000f rbx=0x0000000000001600 rcx=0x00000000000001a4 rdx=0x0000000000000000
  rsi=0x1e0000031e0000d8 rdi=0x00000000000016dd flags=0b000000000110
  xmm0=0x3a0400003a040000df780000df78 xmm1=0x51130000511300009cd000009cd0 
  xmm2=0xe8a90000e8a900006d1200006d12 xmm3=0xabf50000abf5000045dd000045dd 
  xmm4=0x5a5800005a580000290c0000290c xmm5=0x3538000035380000739e0000739e 
  xmm6=0xdeb30000deb30000248000002480 xmm7=0x14cb000014cb0000328400003284 

0x3251: wrmsr 
  rax=0x0000000000000000 rbx=0x0000000000001600 rcx=0x00000000000001a4 rdx=0x0000000000000000
  rsi=0x1e0000031e0000d8 rdi=0x00000000000016dd flags=0b000000000110
  xmm0=0x3a0400003a040000df780000df78 xmm1=0x51130000511300009cd000009cd0 
  xmm2=0xe8a90000e8a900006d1200006d12 xmm3=0xabf50000abf5000045dd000045dd 
  xmm4=0x5a5800005a580000290c0000290c xmm5=0x3538000035380000739e0000739e 
  xmm6=0xdeb30000deb30000248000002480 xmm7=0x14cb000014cb0000328400003284 

0x3253: mfence 
  rax=0x0000000000000000 rbx=0x0000000000001600 rcx=0x00000000000001a4 rdx=0x0000000000000000
  rsi=0x1e0000031e0000d8 rdi=0x00000000000016dd flags=0b000000000110
  xmm0=0x3a0400003a040000df780000df78 xmm1=0x51130000511300009cd000009cd0 
  xmm2=0xe8a90000e8a900006d1200006d12 xmm3=0xabf50000abf5000045dd000045dd 
  xmm4=0x5a5800005a580000290c0000290c xmm5=0x3538000035380000739e0000739e 
  xmm6=0xdeb30000deb30000248000002480 xmm7=0x14cb000014cb0000328400003284 

0x3256: lfence 
  rax=0x0000000000000000 rbx=0x0000000000001600 rcx=0x00000000000001a4 rdx=0x0000000000000000
  rsi=0x1e0000031e0000d8 rdi=0x00000000000016dd flags=0b000000000110
  xmm0=0x3a0400003a040000df780000df78 xmm1=0x51130000511300009cd000009cd0 
  xmm2=0xe8a90000e8a900006d1200006d12 xmm3=0xabf50000abf5000045dd000045dd 
  xmm4=0x5a5800005a580000290c0000290c xmm5=0x3538000035380000739e0000739e 
  xmm6=0xdeb30000deb30000248000002480 xmm7=0x14cb000014cb0000328400003284 

0x3259: macro .switch, .main.function_main_1
  rax=0x0000000000000000 rbx=0x0000000000001600 rcx=0x00000000000001a4 rdx=0x0000000000000000
  rsi=0x1e0000031e0000d8 rdi=0x00000000000016dd flags=0b000000000110
  xmm0=0x3a0400003a040000df780000df78 xmm1=0x51130000511300009cd000009cd0 
  xmm2=0xe8a90000e8a900006d1200006d12 xmm3=0xabf50000abf5000045dd000045dd 
  xmm4=0x5a5800005a580000290c0000290c xmm5=0x3538000035380000739e0000739e 
  xmm6=0xdeb30000deb30000248000002480 xmm7=0x14cb000014cb0000328400003284 

0x1f1: nop  [test_case_exit]
  rax=0x0000000000000000 rbx=0x0000000000001600 rcx=0x00000000000001a4 rdx=0x0000000000000000
  rsi=0x1e0000031e0000d8 rdi=0x00000000000016dd flags=0b000000000110
  xmm0=0x3a0400003a040000df780000df78 xmm1=0x51130000511300009cd000009cd0 
  xmm2=0xe8a90000e8a900006d1200006d12 xmm3=0xabf50000abf5000045dd000045dd 
  xmm4=0x5a5800005a580000290c0000290c xmm5=0x3538000035380000739e0000739e 
  xmm6=0xdeb30000deb30000248000002480 xmm7=0x14cb000014cb0000328400003284 




                      ##### Input 55 #####

                     ##### Input 0 #####
0x0 : and rdi, 0b1111111111000
  rax=0x0000800100008001 rbx=0x0000981400009814 rcx=0x0000c9bc0000c9bc rdx=0x000084a8000084a8
  rsi=0x0000114700001147 rdi=0x0000261400002614 flags=0b000010010110
  xmm0=0xc07c0000c07c0000b0530000b053 xmm1=0xb2900000b290000fdf40000fdf4 
  xmm2=0xb7450000b7450000180f0000180f xmm3=0xb2100000b2100008e0b00008e0b 
  xmm4=0x115b0000115b0000097300000973 xmm5=0x674a0000674a000016b1000016b1 
  xmm6=0xe2920000e2920000788700007887 xmm7=0xb9b60000b9b60000edc30000edc3 

0x7 : lock xadd [r14 +rdi], dl
  rax=0x0000800100008001 rbx=0x0000981400009814 rcx=0x0000c9bc0000c9bc rdx=0x000084a8000084a8
  rsi=0x0000114700001147 rdi=0x0000000000000610 flags=0b000000000010
  xmm0=0xc07c0000c07c0000b0530000b053 xmm1=0xb2900000b290000fdf40000fdf4 
  xmm2=0xb7450000b7450000180f0000180f xmm3=0xb2100000b2100008e0b00008e0b 
  xmm4=0x115b0000115b0000097300000973 xmm5=0x674a0000674a000016b1000016b1 
  xmm6=0xe2920000e2920000788700007887 xmm7=0xb9b60000b9b60000edc30000edc3 

    > load from +0x610 value 0x7d
    > store to +0x610 value 0x25
0xd : and rdx, 0b1111111111000
  rax=0x0000800100008001 rbx=0x0000981400009814 rcx=0x0000c9bc0000c9bc rdx=0x000084a80000847d
  rsi=0x0000114700001147 rdi=0x0000000000000610 flags=0b000000010011
  xmm0=0xc07c0000c07c0000b0530000b053 xmm1=0xb2900000b290000fdf40000fdf4 
  xmm2=0xb7450000b7450000180f0000180f xmm3=0xb2100000b2100008e0b00008e0b 
  xmm4=0x115b0000115b0000097300000973 xmm5=0x674a0000674a000016b1000016b1 
  xmm6=0xe2920000e2920000788700007887 xmm7=0xb9b60000b9b60000edc30000edc3 

0x14: lock sub [r14 +rdx], dl
  rax=0x0000800100008001 rbx=0x0000981400009814 rcx=0x0000c9bc0000c9bc rdx=0x0000000000000478
  rsi=0x0000114700001147 rdi=0x0000000000000610 flags=0b000000000110
  xmm0=0xc07c0000c07c0000b0530000b053 xmm1=0xb2900000b290000fdf40000fdf4 
  xmm2=0xb7450000b7450000180f0000180f xmm3=0xb2100000b2100008e0b00008e0b 
  xmm4=0x115b0000115b0000097300000973 xmm5=0x674a0000674a000016b1000016b1 
  xmm6=0xe2920000e2920000788700007887 xmm7=0xb9b60000b9b60000edc30000edc3 

    > load from +0x478 value 0x1f
    > store to +0x478 value 0xa7
0x19: dec bl
  rax=0x0000800100008001 rbx=0x0000981400009814 rcx=0x0000c9bc0000c9bc rdx=0x0000000000000478
  rsi=0x0000114700001147 rdi=0x0000000000000610 flags=0b000010000011
  xmm0=0xc07c0000c07c0000b0530000b053 xmm1=0xb2900000b290000fdf40000fdf4 
  xmm2=0xb7450000b7450000180f0000180f xmm3=0xb2100000b2100008e0b00008e0b 
  xmm4=0x115b0000115b0000097300000973 xmm5=0x674a0000674a000016b1000016b1 
  xmm6=0xe2920000e2920000788700007887 xmm7=0xb9b60000b9b60000edc30000edc3 

0x1b: setnle cl
  rax=0x0000800100008001 rbx=0x0000981400009813 rcx=0x0000c9bc0000c9bc rdx=0x0000000000000478
  rsi=0x0000114700001147 rdi=0x0000000000000610 flags=0b000000000011
  xmm0=0xc07c0000c07c0000b0530000b053 xmm1=0xb2900000b290000fdf40000fdf4 
  xmm2=0xb7450000b7450000180f0000180f xmm3=0xb2100000b2100008e0b00008e0b 
  xmm4=0x115b0000115b0000097300000973 xmm5=0x674a0000674a000016b1000016b1 
  xmm6=0xe2920000e2920000788700007887 xmm7=0xb9b60000b9b60000edc30000edc3 

0x1e: and rsi, 0b1111111111111
  rax=0x0000800100008001 rbx=0x0000981400009813 rcx=0x0000c9bc0000c901 rdx=0x0000000000000478
  rsi=0x0000114700001147 rdi=0x0000000000000610 flags=0b000000000011
  xmm0=0xc07c0000c07c0000b0530000b053 xmm1=0xb2900000b290000fdf40000fdf4 
  xmm2=0xb7450000b7450000180f0000180f xmm3=0xb2100000b2100008e0b00008e0b 
  xmm4=0x115b0000115b0000097300000973 xmm5=0x674a0000674a000016b1000016b1 
  xmm6=0xe2920000e2920000788700007887 xmm7=0xb9b60000b9b60000edc30000edc3 

0x25: movzx rsi, [r14 +rsi]
  rax=0x0000800100008001 rbx=0x0000981400009813 rcx=0x0000c9bc0000c901 rdx=0x0000000000000478
  rsi=0x0000000000001147 rdi=0x0000000000000610 flags=0b000000000110
  xmm0=0xc07c0000c07c0000b0530000b053 xmm1=0xb2900000b290000fdf40000fdf4 
  xmm2=0xb7450000b7450000180f0000180f xmm3=0xb2100000b2100008e0b00008e0b 
  xmm4=0x115b0000115b0000097300000973 xmm5=0x674a0000674a000016b1000016b1 
  xmm6=0xe2920000e2920000788700007887 xmm7=0xb9b60000b9b60000edc30000edc3 

    > load from +0x1147 value 0x3e00
0x2a: mov bl, -35
  rax=0x0000800100008001 rbx=0x0000981400009813 rcx=0x0000c9bc0000c901 rdx=0x0000000000000478
  rsi=0x0000000000003e00 rdi=0x0000000000000610 flags=0b000000000110
  xmm0=0xc07c0000c07c0000b0530000b053 xmm1=0xb2900000b290000fdf40000fdf4 
  xmm2=0xb7450000b7450000180f0000180f xmm3=0xb2100000b2100008e0b00008e0b 
  xmm4=0x115b0000115b0000097300000973 xmm5=0x674a0000674a000016b1000016b1 
  xmm6=0xe2920000e2920000788700007887 xmm7=0xb9b60000b9b60000edc30000edc3 

0x2c: and rdi, 0b1111111111111
  rax=0x0000800100008001 rbx=0x00009814000098dd rcx=0x0000c9bc0000c901 rdx=0x0000000000000478
  rsi=0x0000000000003e00 rdi=0x0000000000000610 flags=0b000000000110
  xmm0=0xc07c0000c07c0000b0530000b053 xmm1=0xb2900000b290000fdf40000fdf4 
  xmm2=0xb7450000b7450000180f0000180f xmm3=0xb2100000b2100008e0b00008e0b 
  xmm4=0x115b0000115b0000097300000973 xmm5=0x674a0000674a000016b1000016b1 
  xmm6=0xe2920000e2920000788700007887 xmm7=0xb9b60000b9b60000edc30000edc3 

0x33: sets [r14 +rdi]
  rax=0x0000800100008001 rbx=0x00009814000098dd rcx=0x0000c9bc0000c901 rdx=0x0000000000000478
  rsi=0x0000000000003e00 rdi=0x0000000000000610 flags=0b000000000010
  xmm0=0xc07c0000c07c0000b0530000b053 xmm1=0xb2900000b290000fdf40000fdf4 
  xmm2=0xb7450000b7450000180f0000180f xmm3=0xb2100000b2100008e0b00008e0b 
  xmm4=0x115b0000115b0000097300000973 xmm5=0x674a0000674a000016b1000016b1 
  xmm6=0xe2920000e2920000788700007887 xmm7=0xb9b60000b9b60000edc30000edc3 

    > store to +0x610 value 0x0
0x38: and rdx, 0b1111111111000
  rax=0x0000800100008001 rbx=0x00009814000098dd rcx=0x0000c9bc0000c901 rdx=0x0000000000000478
  rsi=0x0000000000003e00 rdi=0x0000000000000610 flags=0b000000000010
  xmm0=0xc07c0000c07c0000b0530000b053 xmm1=0xb2900000b290000fdf40000fdf4 
  xmm2=0xb7450000b7450000180f0000180f xmm3=0xb2100000b2100008e0b00008e0b 
  xmm4=0x115b0000115b0000097300000973 xmm5=0x674a0000674a000016b1000016b1 
  xmm6=0xe2920000e2920000788700007887 xmm7=0xb9b60000b9b60000edc30000edc3 

0x3f: lock dec [r14 +rdx]
  rax=0x0000800100008001 rbx=0x00009814000098dd rcx=0x0000c9bc0000c901 rdx=0x0000000000000478
  rsi=0x0000000000003e00 rdi=0x0000000000000610 flags=0b000000000110
  xmm0=0xc07c0000c07c0000b0530000b053 xmm1=0xb2900000b290000fdf40000fdf4 
  xmm2=0xb7450000b7450000180f0000180f xmm3=0xb2100000b2100008e0b00008e0b 
  xmm4=0x115b0000115b0000097300000973 xmm5=0x674a0000674a000016b1000016b1 
  xmm6=0xe2920000e2920000788700007887 xmm7=0xb9b60000b9b60000edc30000edc3 

    > load from +0x478 value 0xea1f0000eaa7
    > store to +0x478 value 0xea1f0000eaa6
0x44: movsx rax, dx
  rax=0x0000800100008001 rbx=0x00009814000098dd rcx=0x0000c9bc0000c901 rdx=0x0000000000000478
  rsi=0x0000000000003e00 rdi=0x0000000000000610 flags=0b000000000110
  xmm0=0xc07c0000c07c0000b0530000b053 xmm1=0xb2900000b290000fdf40000fdf4 
  xmm2=0xb7450000b7450000180f0000180f xmm3=0xb2100000b2100008e0b00008e0b 
  xmm4=0x115b0000115b0000097300000973 xmm5=0x674a0000674a000016b1000016b1 
  xmm6=0xe2920000e2920000788700007887 xmm7=0xb9b60000b9b60000edc30000edc3 

0x48: and rdx, 0b1111111111111
  rax=0x0000000000000478 rbx=0x00009814000098dd rcx=0x0000c9bc0000c901 rdx=0x0000000000000478
  rsi=0x0000000000003e00 rdi=0x0000000000000610 flags=0b000000000110
  xmm0=0xc07c0000c07c0000b0530000b053 xmm1=0xb2900000b290000fdf40000fdf4 
  xmm2=0xb7450000b7450000180f0000180f xmm3=0xb2100000b2100008e0b00008e0b 
  xmm4=0x115b0000115b0000097300000973 xmm5=0x674a0000674a000016b1000016b1 
  xmm6=0xe2920000e2920000788700007887 xmm7=0xb9b60000b9b60000edc30000edc3 

0x4f: or [r14 +rdx], sil
  rax=0x0000000000000478 rbx=0x00009814000098dd rcx=0x0000c9bc0000c901 rdx=0x0000000000000478
  rsi=0x0000000000003e00 rdi=0x0000000000000610 flags=0b000000000110
  xmm0=0xc07c0000c07c0000b0530000b053 xmm1=0xb2900000b290000fdf40000fdf4 
  xmm2=0xb7450000b7450000180f0000180f xmm3=0xb2100000b2100008e0b00008e0b 
  xmm4=0x115b0000115b0000097300000973 xmm5=0x674a0000674a000016b1000016b1 
  xmm6=0xe2920000e2920000788700007887 xmm7=0xb9b60000b9b60000edc30000edc3 

    > load from +0x478 value 0xa6
    > store to +0x478 value 0xa6
0x53: and rsi, 0b1111111111111
  rax=0x0000000000000478 rbx=0x00009814000098dd rcx=0x0000c9bc0000c901 rdx=0x0000000000000478
  rsi=0x0000000000003e00 rdi=0x0000000000000610 flags=0b000010000110
  xmm0=0xc07c0000c07c0000b0530000b053 xmm1=0xb2900000b290000fdf40000fdf4 
  xmm2=0xb7450000b7450000180f0000180f xmm3=0xb2100000b2100008e0b00008e0b 
  xmm4=0x115b0000115b0000097300000973 xmm5=0x674a0000674a000016b1000016b1 
  xmm6=0xe2920000e2920000788700007887 xmm7=0xb9b60000b9b60000edc30000edc3 

0x5a: sub [r14 +rsi], rdx
  rax=0x0000000000000478 rbx=0x00009814000098dd rcx=0x0000c9bc0000c901 rdx=0x0000000000000478
  rsi=0x0000000000001e00 rdi=0x0000000000000610 flags=0b000000000110
  xmm0=0xc07c0000c07c0000b0530000b053 xmm1=0xb2900000b290000fdf40000fdf4 
  xmm2=0xb7450000b7450000180f0000180f xmm3=0xb2100000b2100008e0b00008e0b 
  xmm4=0x115b0000115b0000097300000973 xmm5=0x674a0000674a000016b1000016b1 
  xmm6=0xe2920000e2920000788700007887 xmm7=0xb9b60000b9b60000edc30000edc3 

    > load from +0x1e00 value 0xe8cc0000e8cc
    > store to +0x1e00 value 0xe8cc0000e454
0x5e: and rdx, 0b1111111111000
  rax=0x0000000000000478 rbx=0x00009814000098dd rcx=0x0000c9bc0000c901 rdx=0x0000000000000478
  rsi=0x0000000000001e00 rdi=0x0000000000000610 flags=0b000000000010
  xmm0=0xc07c0000c07c0000b0530000b053 xmm1=0xb2900000b290000fdf40000fdf4 
  xmm2=0xb7450000b7450000180f0000180f xmm3=0xb2100000b2100008e0b00008e0b 
  xmm4=0x115b0000115b0000097300000973 xmm5=0x674a0000674a000016b1000016b1 
  xmm6=0xe2920000e2920000788700007887 xmm7=0xb9b60000b9b60000edc30000edc3 

0x65: lock add [r14 +rdx], rdx
  rax=0x0000000000000478 rbx=0x00009814000098dd rcx=0x0000c9bc0000c901 rdx=0x0000000000000478
  rsi=0x0000000000001e00 rdi=0x0000000000000610 flags=0b000000000110
  xmm0=0xc07c0000c07c0000b0530000b053 xmm1=0xb2900000b290000fdf40000fdf4 
  xmm2=0xb7450000b7450000180f0000180f xmm3=0xb2100000b2100008e0b00008e0b 
  xmm4=0x115b0000115b0000097300000973 xmm5=0x674a0000674a000016b1000016b1 
  xmm6=0xe2920000e2920000788700007887 xmm7=0xb9b60000b9b60000edc30000edc3 

    > load from +0x478 value 0xea1f0000eaa6
    > store to +0x478 value 0xea1f0000ef1e
0x6a: and rsi, 0b1111111111111
  rax=0x0000000000000478 rbx=0x00009814000098dd rcx=0x0000c9bc0000c901 rdx=0x0000000000000478
  rsi=0x0000000000001e00 rdi=0x0000000000000610 flags=0b000000000110
  xmm0=0xc07c0000c07c0000b0530000b053 xmm1=0xb2900000b290000fdf40000fdf4 
  xmm2=0xb7450000b7450000180f0000180f xmm3=0xb2100000b2100008e0b00008e0b 
  xmm4=0x115b0000115b0000097300000973 xmm5=0x674a0000674a000016b1000016b1 
  xmm6=0xe2920000e2920000788700007887 xmm7=0xb9b60000b9b60000edc30000edc3 

0x71: cmp [r14 +rsi], -38
  rax=0x0000000000000478 rbx=0x00009814000098dd rcx=0x0000c9bc0000c901 rdx=0x0000000000000478
  rsi=0x0000000000001e00 rdi=0x0000000000000610 flags=0b000000000110
  xmm0=0xc07c0000c07c0000b0530000b053 xmm1=0xb2900000b290000fdf40000fdf4 
  xmm2=0xb7450000b7450000180f0000180f xmm3=0xb2100000b2100008e0b00008e0b 
  xmm4=0x115b0000115b0000097300000973 xmm5=0x674a0000674a000016b1000016b1 
  xmm6=0xe2920000e2920000788700007887 xmm7=0xb9b60000b9b60000edc30000edc3 

    > load from +0x1e00 value 0x54
0x76: and rbx, 0b1111111111111
  rax=0x0000000000000478 rbx=0x00009814000098dd rcx=0x0000c9bc0000c901 rdx=0x0000000000000478
  rsi=0x0000000000001e00 rdi=0x0000000000000610 flags=0b000000010011
  xmm0=0xc07c0000c07c0000b0530000b053 xmm1=0xb2900000b290000fdf40000fdf4 
  xmm2=0xb7450000b7450000180f0000180f xmm3=0xb2100000b2100008e0b00008e0b 
  xmm4=0x115b0000115b0000097300000973 xmm5=0x674a0000674a000016b1000016b1 
  xmm6=0xe2920000e2920000788700007887 xmm7=0xb9b60000b9b60000edc30000edc3 

0x7d: add [r14 +rbx], rax
  rax=0x0000000000000478 rbx=0x00000000000018dd rcx=0x0000c9bc0000c901 rdx=0x0000000000000478
  rsi=0x0000000000001e00 rdi=0x0000000000000610 flags=0b000000000110
  xmm0=0xc07c0000c07c0000b0530000b053 xmm1=0xb2900000b290000fdf40000fdf4 
  xmm2=0xb7450000b7450000180f0000180f xmm3=0xb2100000b2100008e0b00008e0b 
  xmm4=0x115b0000115b0000097300000973 xmm5=0x674a0000674a000016b1000016b1 
  xmm6=0xe2920000e2920000788700007887 xmm7=0xb9b60000b9b60000edc30000edc3 

    > load from +0x18dd value 0x7c0000a87c0000e2
    > store to +0x18dd value 0x7c0000a87c00055a
0x81: imul rsi
  rax=0x0000000000000478 rbx=0x00000000000018dd rcx=0x0000c9bc0000c901 rdx=0x0000000000000478
  rsi=0x0000000000001e00 rdi=0x0000000000000610 flags=0b000000000110
  xmm0=0xc07c0000c07c0000b0530000b053 xmm1=0xb2900000b290000fdf40000fdf4 
  xmm2=0xb7450000b7450000180f0000180f xmm3=0xb2100000b2100008e0b00008e0b 
  xmm4=0x115b0000115b0000097300000973 xmm5=0x674a0000674a000016b1000016b1 
  xmm6=0xe2920000e2920000788700007887 xmm7=0xb9b60000b9b60000edc30000edc3 

0x84: and rdi, 0b1111111111111
  rax=0x0000000000861000 rbx=0x00000000000018dd rcx=0x0000c9bc0000c901 rdx=0x0000000000000000
  rsi=0x0000000000001e00 rdi=0x0000000000000610 flags=0b000000000110
  xmm0=0xc07c0000c07c0000b0530000b053 xmm1=0xb2900000b290000fdf40000fdf4 
  xmm2=0xb7450000b7450000180f0000180f xmm3=0xb2100000b2100008e0b00008e0b 
  xmm4=0x115b0000115b0000097300000973 xmm5=0x674a0000674a000016b1000016b1 
  xmm6=0xe2920000e2920000788700007887 xmm7=0xb9b60000b9b60000edc30000edc3 

0x8b: and [r14 +rdi], rdi
  rax=0x0000000000861000 rbx=0x00000000000018dd rcx=0x0000c9bc0000c901 rdx=0x0000000000000000
  rsi=0x0000000000001e00 rdi=0x0000000000000610 flags=0b000000000010
  xmm0=0xc07c0000c07c0000b0530000b053 xmm1=0xb2900000b290000fdf40000fdf4 
  xmm2=0xb7450000b7450000180f0000180f xmm3=0xb2100000b2100008e0b00008e0b 
  xmm4=0x115b0000115b0000097300000973 xmm5=0x674a0000674a000016b1000016b1 
  xmm6=0xe2920000e2920000788700007887 xmm7=0xb9b60000b9b60000edc30000edc3 

    > load from +0x610 value 0x987d00009800
    > store to +0x610 value 0x0
0x8f: xchg rax, rax
  rax=0x0000000000861000 rbx=0x00000000000018dd rcx=0x0000c9bc0000c901 rdx=0x0000000000000000
  rsi=0x0000000000001e00 rdi=0x0000000000000610 flags=0b000001000110
  xmm0=0xc07c0000c07c0000b0530000b053 xmm1=0xb2900000b290000fdf40000fdf4 
  xmm2=0xb7450000b7450000180f0000180f xmm3=0xb2100000b2100008e0b00008e0b 
  xmm4=0x115b0000115b0000097300000973 xmm5=0x674a0000674a000016b1000016b1 
  xmm6=0xe2920000e2920000788700007887 xmm7=0xb9b60000b9b60000edc30000edc3 

0x90: cmp sil, 68
  rax=0x0000000000861000 rbx=0x00000000000018dd rcx=0x0000c9bc0000c901 rdx=0x0000000000000000
  rsi=0x0000000000001e00 rdi=0x0000000000000610 flags=0b000001000110
  xmm0=0xc07c0000c07c0000b0530000b053 xmm1=0xb2900000b290000fdf40000fdf4 
  xmm2=0xb7450000b7450000180f0000180f xmm3=0xb2100000b2100008e0b00008e0b 
  xmm4=0x115b0000115b0000097300000973 xmm5=0x674a0000674a000016b1000016b1 
  xmm6=0xe2920000e2920000788700007887 xmm7=0xb9b60000b9b60000edc30000edc3 

0x94: and rbx, 0b1111111111111
  rax=0x0000000000861000 rbx=0x00000000000018dd rcx=0x0000c9bc0000c901 rdx=0x0000000000000000
  rsi=0x0000000000001e00 rdi=0x0000000000000610 flags=0b000010010011
  xmm0=0xc07c0000c07c0000b0530000b053 xmm1=0xb2900000b290000fdf40000fdf4 
  xmm2=0xb7450000b7450000180f0000180f xmm3=0xb2100000b2100008e0b00008e0b 
  xmm4=0x115b0000115b0000097300000973 xmm5=0x674a0000674a000016b1000016b1 
  xmm6=0xe2920000e2920000788700007887 xmm7=0xb9b60000b9b60000edc30000edc3 

0x9b: bt [r14 +rbx], -97
  rax=0x0000000000861000 rbx=0x00000000000018dd rcx=0x0000c9bc0000c901 rdx=0x0000000000000000
  rsi=0x0000000000001e00 rdi=0x0000000000000610 flags=0b000000000110
  xmm0=0xc07c0000c07c0000b0530000b053 xmm1=0xb2900000b290000fdf40000fdf4 
  xmm2=0xb7450000b7450000180f0000180f xmm3=0xb2100000b2100008e0b00008e0b 
  xmm4=0x115b0000115b0000097300000973 xmm5=0x674a0000674a000016b1000016b1 
  xmm6=0xe2920000e2920000788700007887 xmm7=0xb9b60000b9b60000edc30000edc3 

    > load from +0x18dd value 0x7c00055a
0xa1: xadd edi, edx
  rax=0x0000000000861000 rbx=0x00000000000018dd rcx=0x0000c9bc0000c901 rdx=0x0000000000000000
  rsi=0x0000000000001e00 rdi=0x0000000000000610 flags=0b000000000110
  xmm0=0xc07c0000c07c0000b0530000b053 xmm1=0xb2900000b290000fdf40000fdf4 
  xmm2=0xb7450000b7450000180f0000180f xmm3=0xb2100000b2100008e0b00008e0b 
  xmm4=0x115b0000115b0000097300000973 xmm5=0x674a0000674a000016b1000016b1 
  xmm6=0xe2920000e2920000788700007887 xmm7=0xb9b60000b9b60000edc30000edc3 

0xa4: and rax, 0b1111111111000
  rax=0x0000000000861000 rbx=0x00000000000018dd rcx=0x0000c9bc0000c901 rdx=0x0000000000000610
  rsi=0x0000000000001e00 rdi=0x0000000000000610 flags=0b000000000010
  xmm0=0xc07c0000c07c0000b0530000b053 xmm1=0xb2900000b290000fdf40000fdf4 
  xmm2=0xb7450000b7450000180f0000180f xmm3=0xb2100000b2100008e0b00008e0b 
  xmm4=0x115b0000115b0000097300000973 xmm5=0x674a0000674a000016b1000016b1 
  xmm6=0xe2920000e2920000788700007887 xmm7=0xb9b60000b9b60000edc30000edc3 

0xaa: lock adc [r14 +rax], -93
  rax=0x0000000000001000 rbx=0x00000000000018dd rcx=0x0000c9bc0000c901 rdx=0x0000000000000610
  rsi=0x0000000000001e00 rdi=0x0000000000000610 flags=0b000000000110
  xmm0=0xc07c0000c07c0000b0530000b053 xmm1=0xb2900000b290000fdf40000fdf4 
  xmm2=0xb7450000b7450000180f0000180f xmm3=0xb2100000b2100008e0b00008e0b 
  xmm4=0x115b0000115b0000097300000973 xmm5=0x674a0000674a000016b1000016b1 
  xmm6=0xe2920000e2920000788700007887 xmm7=0xb9b60000b9b60000edc30000edc3 

    > load from +0x1000 value 0xfbf00000fbf0
    > store to +0x1000 value 0xfbf00000fb93
0xb0: or al, 1
  rax=0x0000000000001000 rbx=0x00000000000018dd rcx=0x0000c9bc0000c901 rdx=0x0000000000000610
  rsi=0x0000000000001e00 rdi=0x0000000000000610 flags=0b000000000111
  xmm0=0xc07c0000c07c0000b0530000b053 xmm1=0xb2900000b290000fdf40000fdf4 
  xmm2=0xb7450000b7450000180f0000180f xmm3=0xb2100000b2100008e0b00008e0b 
  xmm4=0x115b0000115b0000097300000973 xmm5=0x674a0000674a000016b1000016b1 
  xmm6=0xe2920000e2920000788700007887 xmm7=0xb9b60000b9b60000edc30000edc3 

0xb2: mov ax, 1
  rax=0x0000000000001001 rbx=0x00000000000018dd rcx=0x0000c9bc0000c901 rdx=0x0000000000000610
  rsi=0x0000000000001e00 rdi=0x0000000000000610 flags=0b000000000010
  xmm0=0xc07c0000c07c0000b0530000b053 xmm1=0xb2900000b290000fdf40000fdf4 
  xmm2=0xb7450000b7450000180f0000180f xmm3=0xb2100000b2100008e0b00008e0b 
  xmm4=0x115b0000115b0000097300000973 xmm5=0x674a0000674a000016b1000016b1 
  xmm6=0xe2920000e2920000788700007887 xmm7=0xb9b60000b9b60000edc30000edc3 

0xb6: div al
  rax=0x0000000000000001 rbx=0x00000000000018dd rcx=0x0000c9bc0000c901 rdx=0x0000000000000610
  rsi=0x0000000000001e00 rdi=0x0000000000000610 flags=0b000000000010
  xmm0=0xc07c0000c07c0000b0530000b053 xmm1=0xb2900000b290000fdf40000fdf4 
  xmm2=0xb7450000b7450000180f0000180f xmm3=0xb2100000b2100008e0b00008e0b 
  xmm4=0x115b0000115b0000097300000973 xmm5=0x674a0000674a000016b1000016b1 
  xmm6=0xe2920000e2920000788700007887 xmm7=0xb9b60000b9b60000edc30000edc3 

0xb8: add sil, -82
  rax=0x0000000000000001 rbx=0x00000000000018dd rcx=0x0000c9bc0000c901 rdx=0x0000000000000610
  rsi=0x0000000000001e00 rdi=0x0000000000000610 flags=0b000000000010
  xmm0=0xc07c0000c07c0000b0530000b053 xmm1=0xb2900000b290000fdf40000fdf4 
  xmm2=0xb7450000b7450000180f0000180f xmm3=0xb2100000b2100008e0b00008e0b 
  xmm4=0x115b0000115b0000097300000973 xmm5=0x674a0000674a000016b1000016b1 
  xmm6=0xe2920000e2920000788700007887 xmm7=0xb9b60000b9b60000edc30000edc3 

0xbc: setl cl
  rax=0x0000000000000001 rbx=0x00000000000018dd rcx=0x0000c9bc0000c901 rdx=0x0000000000000610
  rsi=0x0000000000001eae rdi=0x0000000000000610 flags=0b000010000010
  xmm0=0xc07c0000c07c0000b0530000b053 xmm1=0xb2900000b290000fdf40000fdf4 
  xmm2=0xb7450000b7450000180f0000180f xmm3=0xb2100000b2100008e0b00008e0b 
  xmm4=0x115b0000115b0000097300000973 xmm5=0x674a0000674a000016b1000016b1 
  xmm6=0xe2920000e2920000788700007887 xmm7=0xb9b60000b9b60000edc30000edc3 

0xbf: bts ebx, ebx
  rax=0x0000000000000001 rbx=0x00000000000018dd rcx=0x0000c9bc0000c901 rdx=0x0000000000000610
  rsi=0x0000000000001eae rdi=0x0000000000000610 flags=0b000010000010
  xmm0=0xc07c0000c07c0000b0530000b053 xmm1=0xb2900000b290000fdf40000fdf4 
  xmm2=0xb7450000b7450000180f0000180f xmm3=0xb2100000b2100008e0b00008e0b 
  xmm4=0x115b0000115b0000097300000973 xmm5=0x674a0000674a000016b1000016b1 
  xmm6=0xe2920000e2920000788700007887 xmm7=0xb9b60000b9b60000edc30000edc3 

0xc2: add sil, 106
  rax=0x0000000000000001 rbx=0x00000000200018dd rcx=0x0000c9bc0000c901 rdx=0x0000000000000610
  rsi=0x0000000000001eae rdi=0x0000000000000610 flags=0b000010000010
  xmm0=0xc07c0000c07c0000b0530000b053 xmm1=0xb2900000b290000fdf40000fdf4 
  xmm2=0xb7450000b7450000180f0000180f xmm3=0xb2100000b2100008e0b00008e0b 
  xmm4=0x115b0000115b0000097300000973 xmm5=0x674a0000674a000016b1000016b1 
  xmm6=0xe2920000e2920000788700007887 xmm7=0xb9b60000b9b60000edc30000edc3 

0xc6: cmovbe edx, ecx
  rax=0x0000000000000001 rbx=0x00000000200018dd rcx=0x0000c9bc0000c901 rdx=0x0000000000000610
  rsi=0x0000000000001e18 rdi=0x0000000000000610 flags=0b000000010111
  xmm0=0xc07c0000c07c0000b0530000b053 xmm1=0xb2900000b290000fdf40000fdf4 
  xmm2=0xb7450000b7450000180f0000180f xmm3=0xb2100000b2100008e0b00008e0b 
  xmm4=0x115b0000115b0000097300000973 xmm5=0x674a0000674a000016b1000016b1 
  xmm6=0xe2920000e2920000788700007887 xmm7=0xb9b60000b9b60000edc30000edc3 

0xc9: setp bl
  rax=0x0000000000000001 rbx=0x00000000200018dd rcx=0x0000c9bc0000c901 rdx=0x000000000000c901
  rsi=0x0000000000001e18 rdi=0x0000000000000610 flags=0b000000010111
  xmm0=0xc07c0000c07c0000b0530000b053 xmm1=0xb2900000b290000fdf40000fdf4 
  xmm2=0xb7450000b7450000180f0000180f xmm3=0xb2100000b2100008e0b00008e0b 
  xmm4=0x115b0000115b0000097300000973 xmm5=0x674a0000674a000016b1000016b1 
  xmm6=0xe2920000e2920000788700007887 xmm7=0xb9b60000b9b60000edc30000edc3 

0xcc: and rdx, 0b1111111111000
  rax=0x0000000000000001 rbx=0x0000000020001801 rcx=0x0000c9bc0000c901 rdx=0x000000000000c901
  rsi=0x0000000000001e18 rdi=0x0000000000000610 flags=0b000000010111
  xmm0=0xc07c0000c07c0000b0530000b053 xmm1=0xb2900000b290000fdf40000fdf4 
  xmm2=0xb7450000b7450000180f0000180f xmm3=0xb2100000b2100008e0b00008e0b 
  xmm4=0x115b0000115b0000097300000973 xmm5=0x674a0000674a000016b1000016b1 
  xmm6=0xe2920000e2920000788700007887 xmm7=0xb9b60000b9b60000edc30000edc3 

0xd3: lock adc [r14 +rdx], edi
  rax=0x0000000000000001 rbx=0x0000000020001801 rcx=0x0000c9bc0000c901 rdx=0x0000000000000900
  rsi=0x0000000000001e18 rdi=0x0000000000000610 flags=0b000000000110
  xmm0=0xc07c0000c07c0000b0530000b053 xmm1=0xb2900000b290000fdf40000fdf4 
  xmm2=0xb7450000b7450000180f0000180f xmm3=0xb2100000b2100008e0b00008e0b 
  xmm4=0x115b0000115b0000097300000973 xmm5=0x674a0000674a000016b1000016b1 
  xmm6=0xe2920000e2920000788700007887 xmm7=0xb9b60000b9b60000edc30000edc3 

    > load from +0x900 value 0xf611
    > store to +0x900 value 0xfc21
0xd8: xchg rsi, rax
  rax=0x0000000000000001 rbx=0x0000000020001801 rcx=0x0000c9bc0000c901 rdx=0x0000000000000900
  rsi=0x0000000000001e18 rdi=0x0000000000000610 flags=0b000000000110
  xmm0=0xc07c0000c07c0000b0530000b053 xmm1=0xb2900000b290000fdf40000fdf4 
  xmm2=0xb7450000b7450000180f0000180f xmm3=0xb2100000b2100008e0b00008e0b 
  xmm4=0x115b0000115b0000097300000973 xmm5=0x674a0000674a000016b1000016b1 
  xmm6=0xe2920000e2920000788700007887 xmm7=0xb9b60000b9b60000edc30000edc3 

0xda: and al, -86
  rax=0x0000000000001e18 rbx=0x0000000020001801 rcx=0x0000c9bc0000c901 rdx=0x0000000000000900
  rsi=0x0000000000000001 rdi=0x0000000000000610 flags=0b000000000110
  xmm0=0xc07c0000c07c0000b0530000b053 xmm1=0xb2900000b290000fdf40000fdf4 
  xmm2=0xb7450000b7450000180f0000180f xmm3=0xb2100000b2100008e0b00008e0b 
  xmm4=0x115b0000115b0000097300000973 xmm5=0x674a0000674a000016b1000016b1 
  xmm6=0xe2920000e2920000788700007887 xmm7=0xb9b60000b9b60000edc30000edc3 

0xdc: cdq 
  rax=0x0000000000001e08 rbx=0x0000000020001801 rcx=0x0000c9bc0000c901 rdx=0x0000000000000900
  rsi=0x0000000000000001 rdi=0x0000000000000610 flags=0b000000000010
  xmm0=0xc07c0000c07c0000b0530000b053 xmm1=0xb2900000b290000fdf40000fdf4 
  xmm2=0xb7450000b7450000180f0000180f xmm3=0xb2100000b2100008e0b00008e0b 
  xmm4=0x115b0000115b0000097300000973 xmm5=0x674a0000674a000016b1000016b1 
  xmm6=0xe2920000e2920000788700007887 xmm7=0xb9b60000b9b60000edc30000edc3 

0xdd: imul ebx
  rax=0x0000000000001e08 rbx=0x0000000020001801 rcx=0x0000c9bc0000c901 rdx=0x0000000000000000
  rsi=0x0000000000000001 rdi=0x0000000000000610 flags=0b000000000010
  xmm0=0xc07c0000c07c0000b0530000b053 xmm1=0xb2900000b290000fdf40000fdf4 
  xmm2=0xb7450000b7450000180f0000180f xmm3=0xb2100000b2100008e0b00008e0b 
  xmm4=0x115b0000115b0000097300000973 xmm5=0x674a0000674a000016b1000016b1 
  xmm6=0xe2920000e2920000788700007887 xmm7=0xb9b60000b9b60000edc30000edc3 

0xdf: add dil, 16
  rax=0x0000000002d0de08 rbx=0x0000000020001801 rcx=0x0000c9bc0000c901 rdx=0x00000000000003c1
  rsi=0x0000000000000001 rdi=0x0000000000000610 flags=0b100000000011
  xmm0=0xc07c0000c07c0000b0530000b053 xmm1=0xb2900000b290000fdf40000fdf4 
  xmm2=0xb7450000b7450000180f0000180f xmm3=0xb2100000b2100008e0b00008e0b 
  xmm4=0x115b0000115b0000097300000973 xmm5=0x674a0000674a000016b1000016b1 
  xmm6=0xe2920000e2920000788700007887 xmm7=0xb9b60000b9b60000edc30000edc3 

0xe3: and rdi, 0b1111111111111
  rax=0x0000000002d0de08 rbx=0x0000000020001801 rcx=0x0000c9bc0000c901 rdx=0x00000000000003c1
  rsi=0x0000000000000001 rdi=0x0000000000000620 flags=0b000000000010
  xmm0=0xc07c0000c07c0000b0530000b053 xmm1=0xb2900000b290000fdf40000fdf4 
  xmm2=0xb7450000b7450000180f0000180f xmm3=0xb2100000b2100008e0b00008e0b 
  xmm4=0x115b0000115b0000097300000973 xmm5=0x674a0000674a000016b1000016b1 
  xmm6=0xe2920000e2920000788700007887 xmm7=0xb9b60000b9b60000edc30000edc3 

0xea: cmovs rsi, [r14 +rdi]
  rax=0x0000000002d0de08 rbx=0x0000000020001801 rcx=0x0000c9bc0000c901 rdx=0x00000000000003c1
  rsi=0x0000000000000001 rdi=0x0000000000000620 flags=0b000000000010
  xmm0=0xc07c0000c07c0000b0530000b053 xmm1=0xb2900000b290000fdf40000fdf4 
  xmm2=0xb7450000b7450000180f0000180f xmm3=0xb2100000b2100008e0b00008e0b 
  xmm4=0x115b0000115b0000097300000973 xmm5=0x674a0000674a000016b1000016b1 
  xmm6=0xe2920000e2920000788700007887 xmm7=0xb9b60000b9b60000edc30000edc3 

    > load from +0x620 value 0xbb3a0000bb3a
0xef: setnp cl
  rax=0x0000000002d0de08 rbx=0x0000000020001801 rcx=0x0000c9bc0000c901 rdx=0x00000000000003c1
  rsi=0x0000000000000001 rdi=0x0000000000000620 flags=0b000000000010
  xmm0=0xc07c0000c07c0000b0530000b053 xmm1=0xb2900000b290000fdf40000fdf4 
  xmm2=0xb7450000b7450000180f0000180f xmm3=0xb2100000b2100008e0b00008e0b 
  xmm4=0x115b0000115b0000097300000973 xmm5=0x674a0000674a000016b1000016b1 
  xmm6=0xe2920000e2920000788700007887 xmm7=0xb9b60000b9b60000edc30000edc3 

0xf2: and rax, 0b1111111111000
  rax=0x0000000002d0de08 rbx=0x0000000020001801 rcx=0x0000c9bc0000c901 rdx=0x00000000000003c1
  rsi=0x0000000000000001 rdi=0x0000000000000620 flags=0b000000000010
  xmm0=0xc07c0000c07c0000b0530000b053 xmm1=0xb2900000b290000fdf40000fdf4 
  xmm2=0xb7450000b7450000180f0000180f xmm3=0xb2100000b2100008e0b00008e0b 
  xmm4=0x115b0000115b0000097300000973 xmm5=0x674a0000674a000016b1000016b1 
  xmm6=0xe2920000e2920000788700007887 xmm7=0xb9b60000b9b60000edc30000edc3 

0xf8: lock xor [r14 +rax], 107
  rax=0x0000000000001e08 rbx=0x0000000020001801 rcx=0x0000c9bc0000c901 rdx=0x00000000000003c1
  rsi=0x0000000000000001 rdi=0x0000000000000620 flags=0b000000000010
  xmm0=0xc07c0000c07c0000b0530000b053 xmm1=0xb2900000b290000fdf40000fdf4 
  xmm2=0xb7450000b7450000180f0000180f xmm3=0xb2100000b2100008e0b00008e0b 
  xmm4=0x115b0000115b0000097300000973 xmm5=0x674a0000674a000016b1000016b1 
  xmm6=0xe2920000e2920000788700007887 xmm7=0xb9b60000b9b60000edc30000edc3 

    > load from +0x1e08 value 0x70
    > store to +0x1e08 value 0x1b
0xfe: and rdi, 0b1111111111000
  rax=0x0000000000001e08 rbx=0x0000000020001801 rcx=0x0000c9bc0000c901 rdx=0x00000000000003c1
  rsi=0x0000000000000001 rdi=0x0000000000000620 flags=0b000000000110
  xmm0=0xc07c0000c07c0000b0530000b053 xmm1=0xb2900000b290000fdf40000fdf4 
  xmm2=0xb7450000b7450000180f0000180f xmm3=0xb2100000b2100008e0b00008e0b 
  xmm4=0x115b0000115b0000097300000973 xmm5=0x674a0000674a000016b1000016b1 
  xmm6=0xe2920000e2920000788700007887 xmm7=0xb9b60000b9b60000edc30000edc3 

0x105: lock add [r14 +rdi], dl
  rax=0x0000000000001e08 rbx=0x0000000020001801 rcx=0x0000c9bc0000c901 rdx=0x00000000000003c1
  rsi=0x0000000000000001 rdi=0x0000000000000620 flags=0b000000000010
  xmm0=0xc07c0000c07c0000b0530000b053 xmm1=0xb2900000b290000fdf40000fdf4 
  xmm2=0xb7450000b7450000180f0000180f xmm3=0xb2100000b2100008e0b00008e0b 
  xmm4=0x115b0000115b0000097300000973 xmm5=0x674a0000674a000016b1000016b1 
  xmm6=0xe2920000e2920000788700007887 xmm7=0xb9b60000b9b60000edc30000edc3 

    > load from +0x620 value 0x3a
    > store to +0x620 value 0xfb
0x10a: and rax, 0b1111111111111
  rax=0x0000000000001e08 rbx=0x0000000020001801 rcx=0x0000c9bc0000c901 rdx=0x00000000000003c1
  rsi=0x0000000000000001 rdi=0x0000000000000620 flags=0b000010000010
  xmm0=0xc07c0000c07c0000b0530000b053 xmm1=0xb2900000b290000fdf40000fdf4 
  xmm2=0xb7450000b7450000180f0000180f xmm3=0xb2100000b2100008e0b00008e0b 
  xmm4=0x115b0000115b0000097300000973 xmm5=0x674a0000674a000016b1000016b1 
  xmm6=0xe2920000e2920000788700007887 xmm7=0xb9b60000b9b60000edc30000edc3 

0x110: cmovno cx, [r14 +rax]
  rax=0x0000000000001e08 rbx=0x0000000020001801 rcx=0x0000c9bc0000c901 rdx=0x00000000000003c1
  rsi=0x0000000000000001 rdi=0x0000000000000620 flags=0b000000000010
  xmm0=0xc07c0000c07c0000b0530000b053 xmm1=0xb2900000b290000fdf40000fdf4 
  xmm2=0xb7450000b7450000180f0000180f xmm3=0xb2100000b2100008e0b00008e0b 
  xmm4=0x115b0000115b0000097300000973 xmm5=0x674a0000674a000016b1000016b1 
  xmm6=0xe2920000e2920000788700007887 xmm7=0xb9b60000b9b60000edc30000edc3 

    > load from +0x1e08 value 0xdc1b
0x116: sub edi, -95
  rax=0x0000000000001e08 rbx=0x0000000020001801 rcx=0x0000c9bc0000dc1b rdx=0x00000000000003c1
  rsi=0x0000000000000001 rdi=0x0000000000000620 flags=0b000000000010
  xmm0=0xc07c0000c07c0000b0530000b053 xmm1=0xb2900000b290000fdf40000fdf4 
  xmm2=0xb7450000b7450000180f0000180f xmm3=0xb2100000b2100008e0b00008e0b 
  xmm4=0x115b0000115b0000097300000973 xmm5=0x674a0000674a000016b1000016b1 
  xmm6=0xe2920000e2920000788700007887 xmm7=0xb9b60000b9b60000edc30000edc3 

0x119: cmp dl, -91
  rax=0x0000000000001e08 rbx=0x0000000020001801 rcx=0x0000c9bc0000dc1b rdx=0x00000000000003c1
  rsi=0x0000000000000001 rdi=0x000000000000067f flags=0b000000010011
  xmm0=0xc07c0000c07c0000b0530000b053 xmm1=0xb2900000b290000fdf40000fdf4 
  xmm2=0xb7450000b7450000180f0000180f xmm3=0xb2100000b2100008e0b00008e0b 
  xmm4=0x115b0000115b0000097300000973 xmm5=0x674a0000674a000016b1000016b1 
  xmm6=0xe2920000e2920000788700007887 xmm7=0xb9b60000b9b60000edc30000edc3 

0x11c: and rdi, 0b1111111111111
  rax=0x0000000000001e08 rbx=0x0000000020001801 rcx=0x0000c9bc0000dc1b rdx=0x00000000000003c1
  rsi=0x0000000000000001 rdi=0x000000000000067f flags=0b000000010010
  xmm0=0xc07c0000c07c0000b0530000b053 xmm1=0xb2900000b290000fdf40000fdf4 
  xmm2=0xb7450000b7450000180f0000180f xmm3=0xb2100000b2100008e0b00008e0b 
  xmm4=0x115b0000115b0000097300000973 xmm5=0x674a0000674a000016b1000016b1 
  xmm6=0xe2920000e2920000788700007887 xmm7=0xb9b60000b9b60000edc30000edc3 

0x123: add [r14 +rdi], bl
  rax=0x0000000000001e08 rbx=0x0000000020001801 rcx=0x0000c9bc0000dc1b rdx=0x00000000000003c1
  rsi=0x0000000000000001 rdi=0x000000000000067f flags=0b000000000010
  xmm0=0xc07c0000c07c0000b0530000b053 xmm1=0xb2900000b290000fdf40000fdf4 
  xmm2=0xb7450000b7450000180f0000180f xmm3=0xb2100000b2100008e0b00008e0b 
  xmm4=0x115b0000115b0000097300000973 xmm5=0x674a0000674a000016b1000016b1 
  xmm6=0xe2920000e2920000788700007887 xmm7=0xb9b60000b9b60000edc30000edc3 

    > load from +0x67f value 0x0
    > store to +0x67f value 0x1
0x127: and rdi, 0b1111111111111
  rax=0x0000000000001e08 rbx=0x0000000020001801 rcx=0x0000c9bc0000dc1b rdx=0x00000000000003c1
  rsi=0x0000000000000001 rdi=0x000000000000067f flags=0b000000000010
  xmm0=0xc07c0000c07c0000b0530000b053 xmm1=0xb2900000b290000fdf40000fdf4 
  xmm2=0xb7450000b7450000180f0000180f xmm3=0xb2100000b2100008e0b00008e0b 
  xmm4=0x115b0000115b0000097300000973 xmm5=0x674a0000674a000016b1000016b1 
  xmm6=0xe2920000e2920000788700007887 xmm7=0xb9b60000b9b60000edc30000edc3 

0x12e: cmp dl, [r14 +rdi]
  rax=0x0000000000001e08 rbx=0x0000000020001801 rcx=0x0000c9bc0000dc1b rdx=0x00000000000003c1
  rsi=0x0000000000000001 rdi=0x000000000000067f flags=0b000000000010
  xmm0=0xc07c0000c07c0000b0530000b053 xmm1=0xb2900000b290000fdf40000fdf4 
  xmm2=0xb7450000b7450000180f0000180f xmm3=0xb2100000b2100008e0b00008e0b 
  xmm4=0x115b0000115b0000097300000973 xmm5=0x674a0000674a000016b1000016b1 
  xmm6=0xe2920000e2920000788700007887 xmm7=0xb9b60000b9b60000edc30000edc3 

    > load from +0x67f value 0x1
0x132: mov bx, -20818
  rax=0x0000000000001e08 rbx=0x0000000020001801 rcx=0x0000c9bc0000dc1b rdx=0x00000000000003c1
  rsi=0x0000000000000001 rdi=0x000000000000067f flags=0b000010000110
  xmm0=0xc07c0000c07c0000b0530000b053 xmm1=0xb2900000b290000fdf40000fdf4 
  xmm2=0xb7450000b7450000180f0000180f xmm3=0xb2100000b2100008e0b00008e0b 
  xmm4=0x115b0000115b0000097300000973 xmm5=0x674a0000674a000016b1000016b1 
  xmm6=0xe2920000e2920000788700007887 xmm7=0xb9b60000b9b60000edc30000edc3 

0x136: stc 
  rax=0x0000000000001e08 rbx=0x000000002000aeae rcx=0x0000c9bc0000dc1b rdx=0x00000000000003c1
  rsi=0x0000000000000001 rdi=0x000000000000067f flags=0b000010000110
  xmm0=0xc07c0000c07c0000b0530000b053 xmm1=0xb2900000b290000fdf40000fdf4 
  xmm2=0xb7450000b7450000180f0000180f xmm3=0xb2100000b2100008e0b00008e0b 
  xmm4=0x115b0000115b0000097300000973 xmm5=0x674a0000674a000016b1000016b1 
  xmm6=0xe2920000e2920000788700007887 xmm7=0xb9b60000b9b60000edc30000edc3 

0x137: and rdx, 0b1111111111111
  rax=0x0000000000001e08 rbx=0x000000002000aeae rcx=0x0000c9bc0000dc1b rdx=0x00000000000003c1
  rsi=0x0000000000000001 rdi=0x000000000000067f flags=0b000010000111
  xmm0=0xc07c0000c07c0000b0530000b053 xmm1=0xb2900000b290000fdf40000fdf4 
  xmm2=0xb7450000b7450000180f0000180f xmm3=0xb2100000b2100008e0b00008e0b 
  xmm4=0x115b0000115b0000097300000973 xmm5=0x674a0000674a000016b1000016b1 
  xmm6=0xe2920000e2920000788700007887 xmm7=0xb9b60000b9b60000edc30000edc3 

0x13e: cmovo di, [r14 +rdx]
  rax=0x0000000000001e08 rbx=0x000000002000aeae rcx=0x0000c9bc0000dc1b rdx=0x00000000000003c1
  rsi=0x0000000000000001 rdi=0x000000000000067f flags=0b000000000010
  xmm0=0xc07c0000c07c0000b0530000b053 xmm1=0xb2900000b290000fdf40000fdf4 
  xmm2=0xb7450000b7450000180f0000180f xmm3=0xb2100000b2100008e0b00008e0b 
  xmm4=0x115b0000115b0000097300000973 xmm5=0x674a0000674a000016b1000016b1 
  xmm6=0xe2920000e2920000788700007887 xmm7=0xb9b60000b9b60000edc30000edc3 

    > load from +0x3c1 value 0xac
0x144: and rsi, 0b1111111111111
  rax=0x0000000000001e08 rbx=0x000000002000aeae rcx=0x0000c9bc0000dc1b rdx=0x00000000000003c1
  rsi=0x0000000000000001 rdi=0x000000000000067f flags=0b000000000010
  xmm0=0xc07c0000c07c0000b0530000b053 xmm1=0xb2900000b290000fdf40000fdf4 
  xmm2=0xb7450000b7450000180f0000180f xmm3=0xb2100000b2100008e0b00008e0b 
  xmm4=0x115b0000115b0000097300000973 xmm5=0x674a0000674a000016b1000016b1 
  xmm6=0xe2920000e2920000788700007887 xmm7=0xb9b60000b9b60000edc30000edc3 

0x14b: test [r14 +rsi], di
  rax=0x0000000000001e08 rbx=0x000000002000aeae rcx=0x0000c9bc0000dc1b rdx=0x00000000000003c1
  rsi=0x0000000000000001 rdi=0x000000000000067f flags=0b000000000010
  xmm0=0xc07c0000c07c0000b0530000b053 xmm1=0xb2900000b290000fdf40000fdf4 
  xmm2=0xb7450000b7450000180f0000180f xmm3=0xb2100000b2100008e0b00008e0b 
  xmm4=0x115b0000115b0000097300000973 xmm5=0x674a0000674a000016b1000016b1 
  xmm6=0xe2920000e2920000788700007887 xmm7=0xb9b60000b9b60000edc30000edc3 

    > load from +0x1 value 0xa6
0x150: and rdi, 0b1111111111111
  rax=0x0000000000001e08 rbx=0x000000002000aeae rcx=0x0000c9bc0000dc1b rdx=0x00000000000003c1
  rsi=0x0000000000000001 rdi=0x000000000000067f flags=0b000000000010
  xmm0=0xc07c0000c07c0000b0530000b053 xmm1=0xb2900000b290000fdf40000fdf4 
  xmm2=0xb7450000b7450000180f0000180f xmm3=0xb2100000b2100008e0b00008e0b 
  xmm4=0x115b0000115b0000097300000973 xmm5=0x674a0000674a000016b1000016b1 
  xmm6=0xe2920000e2920000788700007887 xmm7=0xb9b60000b9b60000edc30000edc3 

0x157: or rbx, [r14 +rdi]
  rax=0x0000000000001e08 rbx=0x000000002000aeae rcx=0x0000c9bc0000dc1b rdx=0x00000000000003c1
  rsi=0x0000000000000001 rdi=0x000000000000067f flags=0b000000000010
  xmm0=0xc07c0000c07c0000b0530000b053 xmm1=0xb2900000b290000fdf40000fdf4 
  xmm2=0xb7450000b7450000180f0000180f xmm3=0xb2100000b2100008e0b00008e0b 
  xmm4=0x115b0000115b0000097300000973 xmm5=0x674a0000674a000016b1000016b1 
  xmm6=0xe2920000e2920000788700007887 xmm7=0xb9b60000b9b60000edc30000edc3 

    > load from +0x67f value 0x250000002501
0x15b: cmovo rbx, rcx
  rax=0x0000000000001e08 rbx=0x000025002000afaf rcx=0x0000c9bc0000dc1b rdx=0x00000000000003c1
  rsi=0x0000000000000001 rdi=0x000000000000067f flags=0b000000000110
  xmm0=0xc07c0000c07c0000b0530000b053 xmm1=0xb2900000b290000fdf40000fdf4 
  xmm2=0xb7450000b7450000180f0000180f xmm3=0xb2100000b2100008e0b00008e0b 
  xmm4=0x115b0000115b0000097300000973 xmm5=0x674a0000674a000016b1000016b1 
  xmm6=0xe2920000e2920000788700007887 xmm7=0xb9b60000b9b60000edc30000edc3 

0x15f: and rbx, 0b1111111111111
  rax=0x0000000000001e08 rbx=0x000025002000afaf rcx=0x0000c9bc0000dc1b rdx=0x00000000000003c1
  rsi=0x0000000000000001 rdi=0x000000000000067f flags=0b000000000110
  xmm0=0xc07c0000c07c0000b0530000b053 xmm1=0xb2900000b290000fdf40000fdf4 
  xmm2=0xb7450000b7450000180f0000180f xmm3=0xb2100000b2100008e0b00008e0b 
  xmm4=0x115b0000115b0000097300000973 xmm5=0x674a0000674a000016b1000016b1 
  xmm6=0xe2920000e2920000788700007887 xmm7=0xb9b60000b9b60000edc30000edc3 

0x166: movsx cx, [r14 +rbx]
  rax=0x0000000000001e08 rbx=0x0000000000000faf rcx=0x0000c9bc0000dc1b rdx=0x00000000000003c1
  rsi=0x0000000000000001 rdi=0x000000000000067f flags=0b000000000110
  xmm0=0xc07c0000c07c0000b0530000b053 xmm1=0xb2900000b290000fdf40000fdf4 
  xmm2=0xb7450000b7450000180f0000180f xmm3=0xb2100000b2100008e0b00008e0b 
  xmm4=0x115b0000115b0000097300000973 xmm5=0x674a0000674a000016b1000016b1 
  xmm6=0xe2920000e2920000788700007887 xmm7=0xb9b60000b9b60000edc30000edc3 

    > load from +0xfaf value 0x0
0x16c: and rdi, 0b1111111111111
  rax=0x0000000000001e08 rbx=0x0000000000000faf rcx=0x0000c9bc00000000 rdx=0x00000000000003c1
  rsi=0x0000000000000001 rdi=0x000000000000067f flags=0b000000000110
  xmm0=0xc07c0000c07c0000b0530000b053 xmm1=0xb2900000b290000fdf40000fdf4 
  xmm2=0xb7450000b7450000180f0000180f xmm3=0xb2100000b2100008e0b00008e0b 
  xmm4=0x115b0000115b0000097300000973 xmm5=0x674a0000674a000016b1000016b1 
  xmm6=0xe2920000e2920000788700007887 xmm7=0xb9b60000b9b60000edc30000edc3 

0x173: cmpxchg [r14 +rdi], rsi
  rax=0x0000000000001e08 rbx=0x0000000000000faf rcx=0x0000c9bc00000000 rdx=0x00000000000003c1
  rsi=0x0000000000000001 rdi=0x000000000000067f flags=0b000000000010
  xmm0=0xc07c0000c07c0000b0530000b053 xmm1=0xb2900000b290000fdf40000fdf4 
  xmm2=0xb7450000b7450000180f0000180f xmm3=0xb2100000b2100008e0b00008e0b 
  xmm4=0x115b0000115b0000097300000973 xmm5=0x674a0000674a000016b1000016b1 
  xmm6=0xe2920000e2920000788700007887 xmm7=0xb9b60000b9b60000edc30000edc3 

    > load from +0x67f value 0x250000002501
    > store to +0x67f value 0x250000002501
0x178: and esi, esi
  rax=0x0000250000002501 rbx=0x0000000000000faf rcx=0x0000c9bc00000000 rdx=0x00000000000003c1
  rsi=0x0000000000000001 rdi=0x000000000000067f flags=0b000010000011
  xmm0=0xc07c0000c07c0000b0530000b053 xmm1=0xb2900000b290000fdf40000fdf4 
  xmm2=0xb7450000b7450000180f0000180f xmm3=0xb2100000b2100008e0b00008e0b 
  xmm4=0x115b0000115b0000097300000973 xmm5=0x674a0000674a000016b1000016b1 
  xmm6=0xe2920000e2920000788700007887 xmm7=0xb9b60000b9b60000edc30000edc3 

0x17a: cmovb esi, eax
  rax=0x0000250000002501 rbx=0x0000000000000faf rcx=0x0000c9bc00000000 rdx=0x00000000000003c1
  rsi=0x0000000000000001 rdi=0x000000000000067f flags=0b000000000010
  xmm0=0xc07c0000c07c0000b0530000b053 xmm1=0xb2900000b290000fdf40000fdf4 
  xmm2=0xb7450000b7450000180f0000180f xmm3=0xb2100000b2100008e0b00008e0b 
  xmm4=0x115b0000115b0000097300000973 xmm5=0x674a0000674a000016b1000016b1 
  xmm6=0xe2920000e2920000788700007887 xmm7=0xb9b60000b9b60000edc30000edc3 

0x17d: setl cl
  rax=0x0000250000002501 rbx=0x0000000000000faf rcx=0x0000c9bc00000000 rdx=0x00000000000003c1
  rsi=0x0000000000000001 rdi=0x000000000000067f flags=0b000000000010
  xmm0=0xc07c0000c07c0000b0530000b053 xmm1=0xb2900000b290000fdf40000fdf4 
  xmm2=0xb7450000b7450000180f0000180f xmm3=0xb2100000b2100008e0b00008e0b 
  xmm4=0x115b0000115b0000097300000973 xmm5=0x674a0000674a000016b1000016b1 
  xmm6=0xe2920000e2920000788700007887 xmm7=0xb9b60000b9b60000edc30000edc3 

0x180: and rax, 0b1111111111000
  rax=0x0000250000002501 rbx=0x0000000000000faf rcx=0x0000c9bc00000000 rdx=0x00000000000003c1
  rsi=0x0000000000000001 rdi=0x000000000000067f flags=0b000000000010
  xmm0=0xc07c0000c07c0000b0530000b053 xmm1=0xb2900000b290000fdf40000fdf4 
  xmm2=0xb7450000b7450000180f0000180f xmm3=0xb2100000b2100008e0b00008e0b 
  xmm4=0x115b0000115b0000097300000973 xmm5=0x674a0000674a000016b1000016b1 
  xmm6=0xe2920000e2920000788700007887 xmm7=0xb9b60000b9b60000edc30000edc3 

0x186: lock or [r14 +rax], -86
  rax=0x0000000000000500 rbx=0x0000000000000faf rcx=0x0000c9bc00000000 rdx=0x00000000000003c1
  rsi=0x0000000000000001 rdi=0x000000000000067f flags=0b000000000110
  xmm0=0xc07c0000c07c0000b0530000b053 xmm1=0xb2900000b290000fdf40000fdf4 
  xmm2=0xb7450000b7450000180f0000180f xmm3=0xb2100000b2100008e0b00008e0b 
  xmm4=0x115b0000115b0000097300000973 xmm5=0x674a0000674a000016b1000016b1 
  xmm6=0xe2920000e2920000788700007887 xmm7=0xb9b60000b9b60000edc30000edc3 

    > load from +0x500 value 0x78
    > store to +0x500 value 0xfa
0x18c: and rbx, 0b1111111111111
  rax=0x0000000000000500 rbx=0x0000000000000faf rcx=0x0000c9bc00000000 rdx=0x00000000000003c1
  rsi=0x0000000000000001 rdi=0x000000000000067f flags=0b000010000110
  xmm0=0xc07c0000c07c0000b0530000b053 xmm1=0xb2900000b290000fdf40000fdf4 
  xmm2=0xb7450000b7450000180f0000180f xmm3=0xb2100000b2100008e0b00008e0b 
  xmm4=0x115b0000115b0000097300000973 xmm5=0x674a0000674a000016b1000016b1 
  xmm6=0xe2920000e2920000788700007887 xmm7=0xb9b60000b9b60000edc30000edc3 

0x193: mul [r14 +rbx]
  rax=0x0000000000000500 rbx=0x0000000000000faf rcx=0x0000c9bc00000000 rdx=0x00000000000003c1
  rsi=0x0000000000000001 rdi=0x000000000000067f flags=0b000000000110
  xmm0=0xc07c0000c07c0000b0530000b053 xmm1=0xb2900000b290000fdf40000fdf4 
  xmm2=0xb7450000b7450000180f0000180f xmm3=0xb2100000b2100008e0b00008e0b 
  xmm4=0x115b0000115b0000097300000973 xmm5=0x674a0000674a000016b1000016b1 
  xmm6=0xe2920000e2920000788700007887 xmm7=0xb9b60000b9b60000edc30000edc3 

    > load from +0xfaf value 0x3e5f00003e5f00
0x197: add dil, 67
  rax=0x37db000137db0000 rbx=0x0000000000000faf rcx=0x0000c9bc00000000 rdx=0x0000000000000001
  rsi=0x0000000000000001 rdi=0x000000000000067f flags=0b100000000111
  xmm0=0xc07c0000c07c0000b0530000b053 xmm1=0xb2900000b290000fdf40000fdf4 
  xmm2=0xb7450000b7450000180f0000180f xmm3=0xb2100000b2100008e0b00008e0b 
  xmm4=0x115b0000115b0000097300000973 xmm5=0x674a0000674a000016b1000016b1 
  xmm6=0xe2920000e2920000788700007887 xmm7=0xb9b60000b9b60000edc30000edc3 

0x19b: and rdi, 0b1111111111111
  rax=0x37db000137db0000 rbx=0x0000000000000faf rcx=0x0000c9bc00000000 rdx=0x0000000000000001
  rsi=0x0000000000000001 rdi=0x00000000000006c2 flags=0b100010010010
  xmm0=0xc07c0000c07c0000b0530000b053 xmm1=0xb2900000b290000fdf40000fdf4 
  xmm2=0xb7450000b7450000180f0000180f xmm3=0xb2100000b2100008e0b00008e0b 
  xmm4=0x115b0000115b0000097300000973 xmm5=0x674a0000674a000016b1000016b1 
  xmm6=0xe2920000e2920000788700007887 xmm7=0xb9b60000b9b60000edc30000edc3 

0x1a2: cmovns rdi, [r14 +rdi]
  rax=0x37db000137db0000 rbx=0x0000000000000faf rcx=0x0000c9bc00000000 rdx=0x0000000000000001
  rsi=0x0000000000000001 rdi=0x00000000000006c2 flags=0b000000000010
  xmm0=0xc07c0000c07c0000b0530000b053 xmm1=0xb2900000b290000fdf40000fdf4 
  xmm2=0xb7450000b7450000180f0000180f xmm3=0xb2100000b2100008e0b00008e0b 
  xmm4=0x115b0000115b0000097300000973 xmm5=0x674a0000674a000016b1000016b1 
  xmm6=0xe2920000e2920000788700007887 xmm7=0xb9b60000b9b60000edc30000edc3 

    > load from +0x6c2 value 0x3a6000004adc0000
0x1a7: sahf 
  rax=0x37db000137db0000 rbx=0x0000000000000faf rcx=0x0000c9bc00000000 rdx=0x0000000000000001
  rsi=0x0000000000000001 rdi=0x3a6000004adc0000 flags=0b000000000010
  xmm0=0xc07c0000c07c0000b0530000b053 xmm1=0xb2900000b290000fdf40000fdf4 
  xmm2=0xb7450000b7450000180f0000180f xmm3=0xb2100000b2100008e0b00008e0b 
  xmm4=0x115b0000115b0000097300000973 xmm5=0x674a0000674a000016b1000016b1 
  xmm6=0xe2920000e2920000788700007887 xmm7=0xb9b60000b9b60000edc30000edc3 

0x1a8: and rax, 0b1111111111111
  rax=0x37db000137db0000 rbx=0x0000000000000faf rcx=0x0000c9bc00000000 rdx=0x0000000000000001
  rsi=0x0000000000000001 rdi=0x3a6000004adc0000 flags=0b000000000010
  xmm0=0xc07c0000c07c0000b0530000b053 xmm1=0xb2900000b290000fdf40000fdf4 
  xmm2=0xb7450000b7450000180f0000180f xmm3=0xb2100000b2100008e0b00008e0b 
  xmm4=0x115b0000115b0000097300000973 xmm5=0x674a0000674a000016b1000016b1 
  xmm6=0xe2920000e2920000788700007887 xmm7=0xb9b60000b9b60000edc30000edc3 

0x1ae: cmovnbe esi, [r14 +rax]
  rax=0x0000000000000000 rbx=0x0000000000000faf rcx=0x0000c9bc00000000 rdx=0x0000000000000001
  rsi=0x0000000000000001 rdi=0x3a6000004adc0000 flags=0b000001000110
  xmm0=0xc07c0000c07c0000b0530000b053 xmm1=0xb2900000b290000fdf40000fdf4 
  xmm2=0xb7450000b7450000180f0000180f xmm3=0xb2100000b2100008e0b00008e0b 
  xmm4=0x115b0000115b0000097300000973 xmm5=0x674a0000674a000016b1000016b1 
  xmm6=0xe2920000e2920000788700007887 xmm7=0xb9b60000b9b60000edc30000edc3 

    > load from +0x0 value 0xa697
0x1b3: seto cl
  rax=0x0000000000000000 rbx=0x0000000000000faf rcx=0x0000c9bc00000000 rdx=0x0000000000000001
  rsi=0x0000000000000001 rdi=0x3a6000004adc0000 flags=0b000001000110
  xmm0=0xc07c0000c07c0000b0530000b053 xmm1=0xb2900000b290000fdf40000fdf4 
  xmm2=0xb7450000b7450000180f0000180f xmm3=0xb2100000b2100008e0b00008e0b 
  xmm4=0x115b0000115b0000097300000973 xmm5=0x674a0000674a000016b1000016b1 
  xmm6=0xe2920000e2920000788700007887 xmm7=0xb9b60000b9b60000edc30000edc3 

0x1b6: sub eax, 1123368254
  rax=0x0000000000000000 rbx=0x0000000000000faf rcx=0x0000c9bc00000000 rdx=0x0000000000000001
  rsi=0x0000000000000001 rdi=0x3a6000004adc0000 flags=0b000001000110
  xmm0=0xc07c0000c07c0000b0530000b053 xmm1=0xb2900000b290000fdf40000fdf4 
  xmm2=0xb7450000b7450000180f0000180f xmm3=0xb2100000b2100008e0b00008e0b 
  xmm4=0x115b0000115b0000097300000973 xmm5=0x674a0000674a000016b1000016b1 
  xmm6=0xe2920000e2920000788700007887 xmm7=0xb9b60000b9b60000edc30000edc3 

0x1bb: and rdx, 0b1111111111111
  rax=0x00000000bd0ac2c2 rbx=0x0000000000000faf rcx=0x0000c9bc00000000 rdx=0x0000000000000001
  rsi=0x0000000000000001 rdi=0x3a6000004adc0000 flags=0b000010010011
  xmm0=0xc07c0000c07c0000b0530000b053 xmm1=0xb2900000b290000fdf40000fdf4 
  xmm2=0xb7450000b7450000180f0000180f xmm3=0xb2100000b2100008e0b00008e0b 
  xmm4=0x115b0000115b0000097300000973 xmm5=0x674a0000674a000016b1000016b1 
  xmm6=0xe2920000e2920000788700007887 xmm7=0xb9b60000b9b60000edc30000edc3 

0x1c2: cmovo si, [r14 +rdx]
  rax=0x00000000bd0ac2c2 rbx=0x0000000000000faf rcx=0x0000c9bc00000000 rdx=0x0000000000000001
  rsi=0x0000000000000001 rdi=0x3a6000004adc0000 flags=0b000000000010
  xmm0=0xc07c0000c07c0000b0530000b053 xmm1=0xb2900000b290000fdf40000fdf4 
  xmm2=0xb7450000b7450000180f0000180f xmm3=0xb2100000b2100008e0b00008e0b 
  xmm4=0x115b0000115b0000097300000973 xmm5=0x674a0000674a000016b1000016b1 
  xmm6=0xe2920000e2920000788700007887 xmm7=0xb9b60000b9b60000edc30000edc3 

    > load from +0x1 value 0xa6
0x1c8: btr rdi, 119
  rax=0x00000000bd0ac2c2 rbx=0x0000000000000faf rcx=0x0000c9bc00000000 rdx=0x0000000000000001
  rsi=0x0000000000000001 rdi=0x3a6000004adc0000 flags=0b000000000010
  xmm0=0xc07c0000c07c0000b0530000b053 xmm1=0xb2900000b290000fdf40000fdf4 
  xmm2=0xb7450000b7450000180f0000180f xmm3=0xb2100000b2100008e0b00008e0b 
  xmm4=0x115b0000115b0000097300000973 xmm5=0x674a0000674a000016b1000016b1 
  xmm6=0xe2920000e2920000788700007887 xmm7=0xb9b60000b9b60000edc30000edc3 

0x1cd: add dil, 124
  rax=0x00000000bd0ac2c2 rbx=0x0000000000000faf rcx=0x0000c9bc00000000 rdx=0x0000000000000001
  rsi=0x0000000000000001 rdi=0x3a6000004adc0000 flags=0b000000000010
  xmm0=0xc07c0000c07c0000b0530000b053 xmm1=0xb2900000b290000fdf40000fdf4 
  xmm2=0xb7450000b7450000180f0000180f xmm3=0xb2100000b2100008e0b00008e0b 
  xmm4=0x115b0000115b0000097300000973 xmm5=0x674a0000674a000016b1000016b1 
  xmm6=0xe2920000e2920000788700007887 xmm7=0xb9b60000b9b60000edc30000edc3 

0x1d1: cmovo dx, cx
  rax=0x00000000bd0ac2c2 rbx=0x0000000000000faf rcx=0x0000c9bc00000000 rdx=0x0000000000000001
  rsi=0x0000000000000001 rdi=0x3a6000004adc007c flags=0b000000000010
  xmm0=0xc07c0000c07c0000b0530000b053 xmm1=0xb2900000b290000fdf40000fdf4 
  xmm2=0xb7450000b7450000180f0000180f xmm3=0xb2100000b2100008e0b00008e0b 
  xmm4=0x115b0000115b0000097300000973 xmm5=0x674a0000674a000016b1000016b1 
  xmm6=0xe2920000e2920000788700007887 xmm7=0xb9b60000b9b60000edc30000edc3 

0x1d5: xor ax, 18351
  rax=0x00000000bd0ac2c2 rbx=0x0000000000000faf rcx=0x0000c9bc00000000 rdx=0x0000000000000001
  rsi=0x0000000000000001 rdi=0x3a6000004adc007c flags=0b000000000010
  xmm0=0xc07c0000c07c0000b0530000b053 xmm1=0xb2900000b290000fdf40000fdf4 
  xmm2=0xb7450000b7450000180f0000180f xmm3=0xb2100000b2100008e0b00008e0b 
  xmm4=0x115b0000115b0000097300000973 xmm5=0x674a0000674a000016b1000016b1 
  xmm6=0xe2920000e2920000788700007887 xmm7=0xb9b60000b9b60000edc30000edc3 

0x1d9: and rsi, 0b1111111111000
  rax=0x00000000bd0a856d rbx=0x0000000000000faf rcx=0x0000c9bc00000000 rdx=0x0000000000000001
  rsi=0x0000000000000001 rdi=0x3a6000004adc007c flags=0b000010000010
  xmm0=0xc07c0000c07c0000b0530000b053 xmm1=0xb2900000b290000fdf40000fdf4 
  xmm2=0xb7450000b7450000180f0000180f xmm3=0xb2100000b2100008e0b00008e0b 
  xmm4=0x115b0000115b0000097300000973 xmm5=0x674a0000674a000016b1000016b1 
  xmm6=0xe2920000e2920000788700007887 xmm7=0xb9b60000b9b60000edc30000edc3 

0x1e0: lock inc [r14 +rsi]
  rax=0x00000000bd0a856d rbx=0x0000000000000faf rcx=0x0000c9bc00000000 rdx=0x0000000000000001
  rsi=0x0000000000000000 rdi=0x3a6000004adc007c flags=0b000001000110
  xmm0=0xc07c0000c07c0000b0530000b053 xmm1=0xb2900000b290000fdf40000fdf4 
  xmm2=0xb7450000b7450000180f0000180f xmm3=0xb2100000b2100008e0b00008e0b 
  xmm4=0x115b0000115b0000097300000973 xmm5=0x674a0000674a000016b1000016b1 
  xmm6=0xe2920000e2920000788700007887 xmm7=0xb9b60000b9b60000edc30000edc3 

    > load from +0x0 value 0xa697
    > store to +0x0 value 0xa698
0x1e5: and ax, -91
  rax=0x00000000bd0a856d rbx=0x0000000000000faf rcx=0x0000c9bc00000000 rdx=0x0000000000000001
  rsi=0x0000000000000000 rdi=0x3a6000004adc007c flags=0b000000000010
  xmm0=0xc07c0000c07c0000b0530000b053 xmm1=0xb2900000b290000fdf40000fdf4 
  xmm2=0xb7450000b7450000180f0000180f xmm3=0xb2100000b2100008e0b00008e0b 
  xmm4=0x115b0000115b0000097300000973 xmm5=0x674a0000674a000016b1000016b1 
  xmm6=0xe2920000e2920000788700007887 xmm7=0xb9b60000b9b60000edc30000edc3 

0x1e9: macro .switch, .actor2.function_actor2_0
  rax=0x00000000bd0a8525 rbx=0x0000000000000faf rcx=0x0000c9bc00000000 rdx=0x0000000000000001
  rsi=0x0000000000000000 rdi=0x3a6000004adc007c flags=0b000010000010
  xmm0=0xc07c0000c07c0000b0530000b053 xmm1=0xb2900000b290000fdf40000fdf4 
  xmm2=0xb7450000b7450000180f0000180f xmm3=0xb2100000b2100008e0b00008e0b 
  xmm4=0x115b0000115b0000097300000973 xmm5=0x674a0000674a000016b1000016b1 
  xmm6=0xe2920000e2920000788700007887 xmm7=0xb9b60000b9b60000edc30000edc3 

0x3000: add sil, 29
  rax=0x00000000bd0a8525 rbx=0x0000000000000faf rcx=0x0000c9bc00000000 rdx=0x0000000000000001
  rsi=0x0000000000000000 rdi=0x3a6000004adc007c flags=0b000010000010
  xmm0=0xc07c0000c07c0000b0530000b053 xmm1=0xb2900000b290000fdf40000fdf4 
  xmm2=0xb7450000b7450000180f0000180f xmm3=0xb2100000b2100008e0b00008e0b 
  xmm4=0x115b0000115b0000097300000973 xmm5=0x674a0000674a000016b1000016b1 
  xmm6=0xe2920000e2920000788700007887 xmm7=0xb9b60000b9b60000edc30000edc3 

0x3004: mov ecx, 0x1a4
  rax=0x00000000bd0a8525 rbx=0x0000000000000faf rcx=0x0000c9bc00000000 rdx=0x0000000000000001
  rsi=0x000000000000001d rdi=0x3a6000004adc007c flags=0b000000000110
  xmm0=0xc07c0000c07c0000b0530000b053 xmm1=0xb2900000b290000fdf40000fdf4 
  xmm2=0xb7450000b7450000180f0000180f xmm3=0xb2100000b2100008e0b00008e0b 
  xmm4=0x115b0000115b0000097300000973 xmm5=0x674a0000674a000016b1000016b1 
  xmm6=0xe2920000e2920000788700007887 xmm7=0xb9b60000b9b60000edc30000edc3 

0x3009: mov edx, 0
  rax=0x00000000bd0a8525 rbx=0x0000000000000faf rcx=0x00000000000001a4 rdx=0x0000000000000001
  rsi=0x000000000000001d rdi=0x3a6000004adc007c flags=0b000000000110
  xmm0=0xc07c0000c07c0000b0530000b053 xmm1=0xb2900000b290000fdf40000fdf4 
  xmm2=0xb7450000b7450000180f0000180f xmm3=0xb2100000b2100008e0b00008e0b 
  xmm4=0x115b0000115b0000097300000973 xmm5=0x674a0000674a000016b1000016b1 
  xmm6=0xe2920000e2920000788700007887 xmm7=0xb9b60000b9b60000edc30000edc3 

0x300e: mov eax, 0b1111
  rax=0x00000000bd0a8525 rbx=0x0000000000000faf rcx=0x00000000000001a4 rdx=0x0000000000000000
  rsi=0x000000000000001d rdi=0x3a6000004adc007c flags=0b000000000110
  xmm0=0xc07c0000c07c0000b0530000b053 xmm1=0xb2900000b290000fdf40000fdf4 
  xmm2=0xb7450000b7450000180f0000180f xmm3=0xb2100000b2100008e0b00008e0b 
  xmm4=0x115b0000115b0000097300000973 xmm5=0x674a0000674a000016b1000016b1 
  xmm6=0xe2920000e2920000788700007887 xmm7=0xb9b60000b9b60000edc30000edc3 

0x3013: wrmsr 
  rax=0x000000000000000f rbx=0x0000000000000faf rcx=0x00000000000001a4 rdx=0x0000000000000000
  rsi=0x000000000000001d rdi=0x3a6000004adc007c flags=0b000000000110
  xmm0=0xc07c0000c07c0000b0530000b053 xmm1=0xb2900000b290000fdf40000fdf4 
  xmm2=0xb7450000b7450000180f0000180f xmm3=0xb2100000b2100008e0b00008e0b 
  xmm4=0x115b0000115b0000097300000973 xmm5=0x674a0000674a000016b1000016b1 
  xmm6=0xe2920000e2920000788700007887 xmm7=0xb9b60000b9b60000edc30000edc3 

0x3015: mfence 
  rax=0x000000000000000f rbx=0x0000000000000faf rcx=0x00000000000001a4 rdx=0x0000000000000000
  rsi=0x000000000000001d rdi=0x3a6000004adc007c flags=0b000000000110
  xmm0=0xc07c0000c07c0000b0530000b053 xmm1=0xb2900000b290000fdf40000fdf4 
  xmm2=0xb7450000b7450000180f0000180f xmm3=0xb2100000b2100008e0b00008e0b 
  xmm4=0x115b0000115b0000097300000973 xmm5=0x674a0000674a000016b1000016b1 
  xmm6=0xe2920000e2920000788700007887 xmm7=0xb9b60000b9b60000edc30000edc3 

0x3018: lfence 
  rax=0x000000000000000f rbx=0x0000000000000faf rcx=0x00000000000001a4 rdx=0x0000000000000000
  rsi=0x000000000000001d rdi=0x3a6000004adc007c flags=0b000000000110
  xmm0=0xc07c0000c07c0000b0530000b053 xmm1=0xb2900000b290000fdf40000fdf4 
  xmm2=0xb7450000b7450000180f0000180f xmm3=0xb2100000b2100008e0b00008e0b 
  xmm4=0x115b0000115b0000097300000973 xmm5=0x674a0000674a000016b1000016b1 
  xmm6=0xe2920000e2920000788700007887 xmm7=0xb9b60000b9b60000edc30000edc3 

0x301b: macro .measurement_start, .noarg
  rax=0x000000000000000f rbx=0x0000000000000faf rcx=0x00000000000001a4 rdx=0x0000000000000000
  rsi=0x000000000000001d rdi=0x3a6000004adc007c flags=0b000000000110
  xmm0=0xc07c0000c07c0000b0530000b053 xmm1=0xb2900000b290000fdf40000fdf4 
  xmm2=0xb7450000b7450000180f0000180f xmm3=0xb2100000b2100008e0b00008e0b 
  xmm4=0x115b0000115b0000097300000973 xmm5=0x674a0000674a000016b1000016b1 
  xmm6=0xe2920000e2920000788700007887 xmm7=0xb9b60000b9b60000edc30000edc3 

0x3023: mov ecx, 0x1a4
  rax=0x000000000000000f rbx=0x0000000000000faf rcx=0x00000000000001a4 rdx=0x0000000000000000
  rsi=0x000000000000001d rdi=0x3a6000004adc007c flags=0b000000000110
  xmm0=0xc07c0000c07c0000b0530000b053 xmm1=0xb2900000b290000fdf40000fdf4 
  xmm2=0xb7450000b7450000180f0000180f xmm3=0xb2100000b2100008e0b00008e0b 
  xmm4=0x115b0000115b0000097300000973 xmm5=0x674a0000674a000016b1000016b1 
  xmm6=0xe2920000e2920000788700007887 xmm7=0xb9b60000b9b60000edc30000edc3 

0x3028: mov edx, 0
  rax=0x000000000000000f rbx=0x0000000000000faf rcx=0x00000000000001a4 rdx=0x0000000000000000
  rsi=0x000000000000001d rdi=0x3a6000004adc007c flags=0b000000000110
  xmm0=0xc07c0000c07c0000b0530000b053 xmm1=0xb2900000b290000fdf40000fdf4 
  xmm2=0xb7450000b7450000180f0000180f xmm3=0xb2100000b2100008e0b00008e0b 
  xmm4=0x115b0000115b0000097300000973 xmm5=0x674a0000674a000016b1000016b1 
  xmm6=0xe2920000e2920000788700007887 xmm7=0xb9b60000b9b60000edc30000edc3 

0x302d: mov eax, 0b0000
  rax=0x000000000000000f rbx=0x0000000000000faf rcx=0x00000000000001a4 rdx=0x0000000000000000
  rsi=0x000000000000001d rdi=0x3a6000004adc007c flags=0b000000000110
  xmm0=0xc07c0000c07c0000b0530000b053 xmm1=0xb2900000b290000fdf40000fdf4 
  xmm2=0xb7450000b7450000180f0000180f xmm3=0xb2100000b2100008e0b00008e0b 
  xmm4=0x115b0000115b0000097300000973 xmm5=0x674a0000674a000016b1000016b1 
  xmm6=0xe2920000e2920000788700007887 xmm7=0xb9b60000b9b60000edc30000edc3 

0x3032: wrmsr 
  rax=0x0000000000000000 rbx=0x0000000000000faf rcx=0x00000000000001a4 rdx=0x0000000000000000
  rsi=0x000000000000001d rdi=0x3a6000004adc007c flags=0b000000000110
  xmm0=0xc07c0000c07c0000b0530000b053 xmm1=0xb2900000b290000fdf40000fdf4 
  xmm2=0xb7450000b7450000180f0000180f xmm3=0xb2100000b2100008e0b00008e0b 
  xmm4=0x115b0000115b0000097300000973 xmm5=0x674a0000674a000016b1000016b1 
  xmm6=0xe2920000e2920000788700007887 xmm7=0xb9b60000b9b60000edc30000edc3 

0x3034: mfence 
  rax=0x0000000000000000 rbx=0x0000000000000faf rcx=0x00000000000001a4 rdx=0x0000000000000000
  rsi=0x000000000000001d rdi=0x3a6000004adc007c flags=0b000000000110
  xmm0=0xc07c0000c07c0000b0530000b053 xmm1=0xb2900000b290000fdf40000fdf4 
  xmm2=0xb7450000b7450000180f0000180f xmm3=0xb2100000b2100008e0b00008e0b 
  xmm4=0x115b0000115b0000097300000973 xmm5=0x674a0000674a000016b1000016b1 
  xmm6=0xe2920000e2920000788700007887 xmm7=0xb9b60000b9b60000edc30000edc3 

0x3037: lfence 
  rax=0x0000000000000000 rbx=0x0000000000000faf rcx=0x00000000000001a4 rdx=0x0000000000000000
  rsi=0x000000000000001d rdi=0x3a6000004adc007c flags=0b000000000110
  xmm0=0xc07c0000c07c0000b0530000b053 xmm1=0xb2900000b290000fdf40000fdf4 
  xmm2=0xb7450000b7450000180f0000180f xmm3=0xb2100000b2100008e0b00008e0b 
  xmm4=0x115b0000115b0000097300000973 xmm5=0x674a0000674a000016b1000016b1 
  xmm6=0xe2920000e2920000788700007887 xmm7=0xb9b60000b9b60000edc30000edc3 

0x303a: adc eax, 535687386
  rax=0x0000000000000000 rbx=0x0000000000000faf rcx=0x00000000000001a4 rdx=0x0000000000000000
  rsi=0x000000000000001d rdi=0x3a6000004adc007c flags=0b000000000110
  xmm0=0xc07c0000c07c0000b0530000b053 xmm1=0xb2900000b290000fdf40000fdf4 
  xmm2=0xb7450000b7450000180f0000180f xmm3=0xb2100000b2100008e0b00008e0b 
  xmm4=0x115b0000115b0000097300000973 xmm5=0x674a0000674a000016b1000016b1 
  xmm6=0xe2920000e2920000788700007887 xmm7=0xb9b60000b9b60000edc30000edc3 

0x303f: and rcx, 0b1111111111111
  rax=0x000000001fedf0da rbx=0x0000000000000faf rcx=0x00000000000001a4 rdx=0x0000000000000000
  rsi=0x000000000000001d rdi=0x3a6000004adc007c flags=0b000000000010
  xmm0=0xc07c0000c07c0000b0530000b053 xmm1=0xb2900000b290000fdf40000fdf4 
  xmm2=0xb7450000b7450000180f0000180f xmm3=0xb2100000b2100008e0b00008e0b 
  xmm4=0x115b0000115b0000097300000973 xmm5=0x674a0000674a000016b1000016b1 
  xmm6=0xe2920000e2920000788700007887 xmm7=0xb9b60000b9b60000edc30000edc3 

0x3046: setnbe [r14 +rcx]
  rax=0x000000001fedf0da rbx=0x0000000000000faf rcx=0x00000000000001a4 rdx=0x0000000000000000
  rsi=0x000000000000001d rdi=0x3a6000004adc007c flags=0b000000000010
  xmm0=0xc07c0000c07c0000b0530000b053 xmm1=0xb2900000b290000fdf40000fdf4 
  xmm2=0xb7450000b7450000180f0000180f xmm3=0xb2100000b2100008e0b00008e0b 
  xmm4=0x115b0000115b0000097300000973 xmm5=0x674a0000674a000016b1000016b1 
  xmm6=0xe2920000e2920000788700007887 xmm7=0xb9b60000b9b60000edc30000edc3 

    > store to +0x41a4 value 0x1
0x304b: and rdi, 0b1111111111111
  rax=0x000000001fedf0da rbx=0x0000000000000faf rcx=0x00000000000001a4 rdx=0x0000000000000000
  rsi=0x000000000000001d rdi=0x3a6000004adc007c flags=0b000000000010
  xmm0=0xc07c0000c07c0000b0530000b053 xmm1=0xb2900000b290000fdf40000fdf4 
  xmm2=0xb7450000b7450000180f0000180f xmm3=0xb2100000b2100008e0b00008e0b 
  xmm4=0x115b0000115b0000097300000973 xmm5=0x674a0000674a000016b1000016b1 
  xmm6=0xe2920000e2920000788700007887 xmm7=0xb9b60000b9b60000edc30000edc3 

0x3052: movsx rbx, [r14 +rdi]
  rax=0x000000001fedf0da rbx=0x0000000000000faf rcx=0x00000000000001a4 rdx=0x0000000000000000
  rsi=0x000000000000001d rdi=0x000000000000007c flags=0b000000000010
  xmm0=0xc07c0000c07c0000b0530000b053 xmm1=0xb2900000b290000fdf40000fdf4 
  xmm2=0xb7450000b7450000180f0000180f xmm3=0xb2100000b2100008e0b00008e0b 
  xmm4=0x115b0000115b0000097300000973 xmm5=0x674a0000674a000016b1000016b1 
  xmm6=0xe2920000e2920000788700007887 xmm7=0xb9b60000b9b60000edc30000edc3 

    > load from +0x407c value 0xb843
0x3057: adc rsi, -41
  rax=0x000000001fedf0da rbx=0xffffffffffffb843 rcx=0x00000000000001a4 rdx=0x0000000000000000
  rsi=0x000000000000001d rdi=0x000000000000007c flags=0b000000000010
  xmm0=0xc07c0000c07c0000b0530000b053 xmm1=0xb2900000b290000fdf40000fdf4 
  xmm2=0xb7450000b7450000180f0000180f xmm3=0xb2100000b2100008e0b00008e0b 
  xmm4=0x115b0000115b0000097300000973 xmm5=0x674a0000674a000016b1000016b1 
  xmm6=0xe2920000e2920000788700007887 xmm7=0xb9b60000b9b60000edc30000edc3 

0x305b: and rcx, 0b1111111111111
  rax=0x000000001fedf0da rbx=0xffffffffffffb843 rcx=0x00000000000001a4 rdx=0x0000000000000000
  rsi=0xfffffffffffffff4 rdi=0x000000000000007c flags=0b000010010010
  xmm0=0xc07c0000c07c0000b0530000b053 xmm1=0xb2900000b290000fdf40000fdf4 
  xmm2=0xb7450000b7450000180f0000180f xmm3=0xb2100000b2100008e0b00008e0b 
  xmm4=0x115b0000115b0000097300000973 xmm5=0x674a0000674a000016b1000016b1 
  xmm6=0xe2920000e2920000788700007887 xmm7=0xb9b60000b9b60000edc30000edc3 

0x3062: add ebx, [r14 +rcx]
  rax=0x000000001fedf0da rbx=0xffffffffffffb843 rcx=0x00000000000001a4 rdx=0x0000000000000000
  rsi=0xfffffffffffffff4 rdi=0x000000000000007c flags=0b000000000010
  xmm0=0xc07c0000c07c0000b0530000b053 xmm1=0xb2900000b290000fdf40000fdf4 
  xmm2=0xb7450000b7450000180f0000180f xmm3=0xb2100000b2100008e0b00008e0b 
  xmm4=0x115b0000115b0000097300000973 xmm5=0x674a0000674a000016b1000016b1 
  xmm6=0xe2920000e2920000788700007887 xmm7=0xb9b60000b9b60000edc30000edc3 

    > load from +0x41a4 value 0x3e01
0x3066: sub rax, 2054399225
  rax=0x000000001fedf0da rbx=0x00000000fffff644 rcx=0x00000000000001a4 rdx=0x0000000000000000
  rsi=0xfffffffffffffff4 rdi=0x000000000000007c flags=0b000010000110
  xmm0=0xc07c0000c07c0000b0530000b053 xmm1=0xb2900000b290000fdf40000fdf4 
  xmm2=0xb7450000b7450000180f0000180f xmm3=0xb2100000b2100008e0b00008e0b 
  xmm4=0x115b0000115b0000097300000973 xmm5=0x674a0000674a000016b1000016b1 
  xmm6=0xe2920000e2920000788700007887 xmm7=0xb9b60000b9b60000edc30000edc3 

0x306c: setno bl
  rax=0xffffffffa57a4be1 rbx=0x00000000fffff644 rcx=0x00000000000001a4 rdx=0x0000000000000000
  rsi=0xfffffffffffffff4 rdi=0x000000000000007c flags=0b000010000111
  xmm0=0xc07c0000c07c0000b0530000b053 xmm1=0xb2900000b290000fdf40000fdf4 
  xmm2=0xb7450000b7450000180f0000180f xmm3=0xb2100000b2100008e0b00008e0b 
  xmm4=0x115b0000115b0000097300000973 xmm5=0x674a0000674a000016b1000016b1 
  xmm6=0xe2920000e2920000788700007887 xmm7=0xb9b60000b9b60000edc30000edc3 

0x306f: and rbx, 0b1111111111111
  rax=0xffffffffa57a4be1 rbx=0x00000000fffff601 rcx=0x00000000000001a4 rdx=0x0000000000000000
  rsi=0xfffffffffffffff4 rdi=0x000000000000007c flags=0b000010000111
  xmm0=0xc07c0000c07c0000b0530000b053 xmm1=0xb2900000b290000fdf40000fdf4 
  xmm2=0xb7450000b7450000180f0000180f xmm3=0xb2100000b2100008e0b00008e0b 
  xmm4=0x115b0000115b0000097300000973 xmm5=0x674a0000674a000016b1000016b1 
  xmm6=0xe2920000e2920000788700007887 xmm7=0xb9b60000b9b60000edc30000edc3 

0x3076: xadd [r14 +rbx], ecx
  rax=0xffffffffa57a4be1 rbx=0x0000000000001601 rcx=0x00000000000001a4 rdx=0x0000000000000000
  rsi=0xfffffffffffffff4 rdi=0x000000000000007c flags=0b000000000010
  xmm0=0xc07c0000c07c0000b0530000b053 xmm1=0xb2900000b290000fdf40000fdf4 
  xmm2=0xb7450000b7450000180f0000180f xmm3=0xb2100000b2100008e0b00008e0b 
  xmm4=0x115b0000115b0000097300000973 xmm5=0x674a0000674a000016b1000016b1 
  xmm6=0xe2920000e2920000788700007887 xmm7=0xb9b60000b9b60000edc30000edc3 

    > load from +0x5601 value 0xa60000af
    > store to +0x5601 value 0xa6000253
0x307b: and rax, 0b1111111111111
  rax=0xffffffffa57a4be1 rbx=0x0000000000001601 rcx=0x00000000a60000af rdx=0x0000000000000000
  rsi=0xfffffffffffffff4 rdi=0x000000000000007c flags=0b000010010110
  xmm0=0xc07c0000c07c0000b0530000b053 xmm1=0xb2900000b290000fdf40000fdf4 
  xmm2=0xb7450000b7450000180f0000180f xmm3=0xb2100000b2100008e0b00008e0b 
  xmm4=0x115b0000115b0000097300000973 xmm5=0x674a0000674a000016b1000016b1 
  xmm6=0xe2920000e2920000788700007887 xmm7=0xb9b60000b9b60000edc30000edc3 

0x3081: adc cl, [r14 +rax]
  rax=0x0000000000000be1 rbx=0x0000000000001601 rcx=0x00000000a60000af rdx=0x0000000000000000
  rsi=0xfffffffffffffff4 rdi=0x000000000000007c flags=0b000000000110
  xmm0=0xc07c0000c07c0000b0530000b053 xmm1=0xb2900000b290000fdf40000fdf4 
  xmm2=0xb7450000b7450000180f0000180f xmm3=0xb2100000b2100008e0b00008e0b 
  xmm4=0x115b0000115b0000097300000973 xmm5=0x674a0000674a000016b1000016b1 
  xmm6=0xe2920000e2920000788700007887 xmm7=0xb9b60000b9b60000edc30000edc3 

    > load from +0x4be1 value 0xf9
0x3085: mov dl, -28
  rax=0x0000000000000be1 rbx=0x0000000000001601 rcx=0x00000000a60000a8 rdx=0x0000000000000000
  rsi=0xfffffffffffffff4 rdi=0x000000000000007c flags=0b000010010011
  xmm0=0xc07c0000c07c0000b0530000b053 xmm1=0xb2900000b290000fdf40000fdf4 
  xmm2=0xb7450000b7450000180f0000180f xmm3=0xb2100000b2100008e0b00008e0b 
  xmm4=0x115b0000115b0000097300000973 xmm5=0x674a0000674a000016b1000016b1 
  xmm6=0xe2920000e2920000788700007887 xmm7=0xb9b60000b9b60000edc30000edc3 

0x3087: and rbx, 0b1111111111111
  rax=0x0000000000000be1 rbx=0x0000000000001601 rcx=0x00000000a60000a8 rdx=0x00000000000000e4
  rsi=0xfffffffffffffff4 rdi=0x000000000000007c flags=0b000010010011
  xmm0=0xc07c0000c07c0000b0530000b053 xmm1=0xb2900000b290000fdf40000fdf4 
  xmm2=0xb7450000b7450000180f0000180f xmm3=0xb2100000b2100008e0b00008e0b 
  xmm4=0x115b0000115b0000097300000973 xmm5=0x674a0000674a000016b1000016b1 
  xmm6=0xe2920000e2920000788700007887 xmm7=0xb9b60000b9b60000edc30000edc3 

0x308e: mov ax, [r14 +rbx]
  rax=0x0000000000000be1 rbx=0x0000000000001601 rcx=0x00000000a60000a8 rdx=0x00000000000000e4
  rsi=0xfffffffffffffff4 rdi=0x000000000000007c flags=0b000000000010
  xmm0=0xc07c0000c07c0000b0530000b053 xmm1=0xb2900000b290000fdf40000fdf4 
  xmm2=0xb7450000b7450000180f0000180f xmm3=0xb2100000b2100008e0b00008e0b 
  xmm4=0x115b0000115b0000097300000973 xmm5=0x674a0000674a000016b1000016b1 
  xmm6=0xe2920000e2920000788700007887 xmm7=0xb9b60000b9b60000edc30000edc3 

    > load from +0x5601 value 0x253
0x3093: and rcx, 0b1111111111000
  rax=0x0000000000000253 rbx=0x0000000000001601 rcx=0x00000000a60000a8 rdx=0x00000000000000e4
  rsi=0xfffffffffffffff4 rdi=0x000000000000007c flags=0b000000000010
  xmm0=0xc07c0000c07c0000b0530000b053 xmm1=0xb2900000b290000fdf40000fdf4 
  xmm2=0xb7450000b7450000180f0000180f xmm3=0xb2100000b2100008e0b00008e0b 
  xmm4=0x115b0000115b0000097300000973 xmm5=0x674a0000674a000016b1000016b1 
  xmm6=0xe2920000e2920000788700007887 xmm7=0xb9b60000b9b60000edc30000edc3 

0x309a: lock btc [r14 +rcx], -90
  rax=0x0000000000000253 rbx=0x0000000000001601 rcx=0x00000000000000a8 rdx=0x00000000000000e4
  rsi=0xfffffffffffffff4 rdi=0x000000000000007c flags=0b000000000010
  xmm0=0xc07c0000c07c0000b0530000b053 xmm1=0xb2900000b290000fdf40000fdf4 
  xmm2=0xb7450000b7450000180f0000180f xmm3=0xb2100000b2100008e0b00008e0b 
  xmm4=0x115b0000115b0000097300000973 xmm5=0x674a0000674a000016b1000016b1 
  xmm6=0xe2920000e2920000788700007887 xmm7=0xb9b60000b9b60000edc30000edc3 

    > load from +0x40a8 value 0xf425
    > store to +0x40a8 value 0xf465
0x30a1: neg edx
  rax=0x0000000000000253 rbx=0x0000000000001601 rcx=0x00000000000000a8 rdx=0x00000000000000e4
  rsi=0xfffffffffffffff4 rdi=0x000000000000007c flags=0b000000000010
  xmm0=0xc07c0000c07c0000b0530000b053 xmm1=0xb2900000b290000fdf40000fdf4 
  xmm2=0xb7450000b7450000180f0000180f xmm3=0xb2100000b2100008e0b00008e0b 
  xmm4=0x115b0000115b0000097300000973 xmm5=0x674a0000674a000016b1000016b1 
  xmm6=0xe2920000e2920000788700007887 xmm7=0xb9b60000b9b60000edc30000edc3 

0x30a3: and rbx, 0b1111111111000
  rax=0x0000000000000253 rbx=0x0000000000001601 rcx=0x00000000000000a8 rdx=0x00000000ffffff1c
  rsi=0xfffffffffffffff4 rdi=0x000000000000007c flags=0b000010010011
  xmm0=0xc07c0000c07c0000b0530000b053 xmm1=0xb2900000b290000fdf40000fdf4 
  xmm2=0xb7450000b7450000180f0000180f xmm3=0xb2100000b2100008e0b00008e0b 
  xmm4=0x115b0000115b0000097300000973 xmm5=0x674a0000674a000016b1000016b1 
  xmm6=0xe2920000e2920000788700007887 xmm7=0xb9b60000b9b60000edc30000edc3 

0x30aa: and rcx, 0b111
  rax=0x0000000000000253 rbx=0x0000000000001600 rcx=0x00000000000000a8 rdx=0x00000000ffffff1c
  rsi=0xfffffffffffffff4 rdi=0x000000000000007c flags=0b000000000110
  xmm0=0xc07c0000c07c0000b0530000b053 xmm1=0xb2900000b290000fdf40000fdf4 
  xmm2=0xb7450000b7450000180f0000180f xmm3=0xb2100000b2100008e0b00008e0b 
  xmm4=0x115b0000115b0000097300000973 xmm5=0x674a0000674a000016b1000016b1 
  xmm6=0xe2920000e2920000788700007887 xmm7=0xb9b60000b9b60000edc30000edc3 

0x30ae: lock btr [r14 +rbx], rcx
  rax=0x0000000000000253 rbx=0x0000000000001600 rcx=0x0000000000000000 rdx=0x00000000ffffff1c
  rsi=0xfffffffffffffff4 rdi=0x000000000000007c flags=0b000001000110
  xmm0=0xc07c0000c07c0000b0530000b053 xmm1=0xb2900000b290000fdf40000fdf4 
  xmm2=0xb7450000b7450000180f0000180f xmm3=0xb2100000b2100008e0b00008e0b 
  xmm4=0x115b0000115b0000097300000973 xmm5=0x674a0000674a000016b1000016b1 
  xmm6=0xe2920000e2920000788700007887 xmm7=0xb9b60000b9b60000edc30000edc3 

    > load from +0x5600 value 0xafa6000253a6
    > store to +0x5600 value 0xafa6000253a6
0x30b4: and rcx, 0b1111111111111
  rax=0x0000000000000253 rbx=0x0000000000001600 rcx=0x0000000000000000 rdx=0x00000000ffffff1c
  rsi=0xfffffffffffffff4 rdi=0x000000000000007c flags=0b000001000110
  xmm0=0xc07c0000c07c0000b0530000b053 xmm1=0xb2900000b290000fdf40000fdf4 
  xmm2=0xb7450000b7450000180f0000180f xmm3=0xb2100000b2100008e0b00008e0b 
  xmm4=0x115b0000115b0000097300000973 xmm5=0x674a0000674a000016b1000016b1 
  xmm6=0xe2920000e2920000788700007887 xmm7=0xb9b60000b9b60000edc30000edc3 

0x30bb: movzx esi, [r14 +rcx]
  rax=0x0000000000000253 rbx=0x0000000000001600 rcx=0x0000000000000000 rdx=0x00000000ffffff1c
  rsi=0xfffffffffffffff4 rdi=0x000000000000007c flags=0b000001000110
  xmm0=0xc07c0000c07c0000b0530000b053 xmm1=0xb2900000b290000fdf40000fdf4 
  xmm2=0xb7450000b7450000180f0000180f xmm3=0xb2100000b2100008e0b00008e0b 
  xmm4=0x115b0000115b0000097300000973 xmm5=0x674a0000674a000016b1000016b1 
  xmm6=0xe2920000e2920000788700007887 xmm7=0xb9b60000b9b60000edc30000edc3 

    > load from +0x4000 value 0x31
0x30c0: and rax, 0b1111111111000
  rax=0x0000000000000253 rbx=0x0000000000001600 rcx=0x0000000000000000 rdx=0x00000000ffffff1c
  rsi=0x0000000000000031 rdi=0x000000000000007c flags=0b000001000110
  xmm0=0xc07c0000c07c0000b0530000b053 xmm1=0xb2900000b290000fdf40000fdf4 
  xmm2=0xb7450000b7450000180f0000180f xmm3=0xb2100000b2100008e0b00008e0b 
  xmm4=0x115b0000115b0000097300000973 xmm5=0x674a0000674a000016b1000016b1 
  xmm6=0xe2920000e2920000788700007887 xmm7=0xb9b60000b9b60000edc30000edc3 

0x30c6: lock add [r14 +rax], bl
  rax=0x0000000000000250 rbx=0x0000000000001600 rcx=0x0000000000000000 rdx=0x00000000ffffff1c
  rsi=0x0000000000000031 rdi=0x000000000000007c flags=0b000000000110
  xmm0=0xc07c0000c07c0000b0530000b053 xmm1=0xb2900000b290000fdf40000fdf4 
  xmm2=0xb7450000b7450000180f0000180f xmm3=0xb2100000b2100008e0b00008e0b 
  xmm4=0x115b0000115b0000097300000973 xmm5=0x674a0000674a000016b1000016b1 
  xmm6=0xe2920000e2920000788700007887 xmm7=0xb9b60000b9b60000edc30000edc3 

    > load from +0x4250 value 0xe9
    > store to +0x4250 value 0xe9
0x30cb: and rsi, 0b1111111111111
  rax=0x0000000000000250 rbx=0x0000000000001600 rcx=0x0000000000000000 rdx=0x00000000ffffff1c
  rsi=0x0000000000000031 rdi=0x000000000000007c flags=0b000010000010
  xmm0=0xc07c0000c07c0000b0530000b053 xmm1=0xb2900000b290000fdf40000fdf4 
  xmm2=0xb7450000b7450000180f0000180f xmm3=0xb2100000b2100008e0b00008e0b 
  xmm4=0x115b0000115b0000097300000973 xmm5=0x674a0000674a000016b1000016b1 
  xmm6=0xe2920000e2920000788700007887 xmm7=0xb9b60000b9b60000edc30000edc3 

0x30d2: and rdx, 0b111
  rax=0x0000000000000250 rbx=0x0000000000001600 rcx=0x0000000000000000 rdx=0x00000000ffffff1c
  rsi=0x0000000000000031 rdi=0x000000000000007c flags=0b000000000010
  xmm0=0xc07c0000c07c0000b0530000b053 xmm1=0xb2900000b290000fdf40000fdf4 
  xmm2=0xb7450000b7450000180f0000180f xmm3=0xb2100000b2100008e0b00008e0b 
  xmm4=0x115b0000115b0000097300000973 xmm5=0x674a0000674a000016b1000016b1 
  xmm6=0xe2920000e2920000788700007887 xmm7=0xb9b60000b9b60000edc30000edc3 

0x30d6: bt [r14 +rsi], rdx
  rax=0x0000000000000250 rbx=0x0000000000001600 rcx=0x0000000000000000 rdx=0x0000000000000004
  rsi=0x0000000000000031 rdi=0x000000000000007c flags=0b000000000010
  xmm0=0xc07c0000c07c0000b0530000b053 xmm1=0xb2900000b290000fdf40000fdf4 
  xmm2=0xb7450000b7450000180f0000180f xmm3=0xb2100000b2100008e0b00008e0b 
  xmm4=0x115b0000115b0000097300000973 xmm5=0x674a0000674a000016b1000016b1 
  xmm6=0xe2920000e2920000788700007887 xmm7=0xb9b60000b9b60000edc30000edc3 

    > load from +0x4031 value 0xb000023a7000023
0x30db: and rdx, 0b1111111111111
  rax=0x0000000000000250 rbx=0x0000000000001600 rcx=0x0000000000000000 rdx=0x0000000000000004
  rsi=0x0000000000000031 rdi=0x000000000000007c flags=0b000000000010
  xmm0=0xc07c0000c07c0000b0530000b053 xmm1=0xb2900000b290000fdf40000fdf4 
  xmm2=0xb7450000b7450000180f0000180f xmm3=0xb2100000b2100008e0b00008e0b 
  xmm4=0x115b0000115b0000097300000973 xmm5=0x674a0000674a000016b1000016b1 
  xmm6=0xe2920000e2920000788700007887 xmm7=0xb9b60000b9b60000edc30000edc3 

0x30e2: or cl, [r14 +rdx]
  rax=0x0000000000000250 rbx=0x0000000000001600 rcx=0x0000000000000000 rdx=0x0000000000000004
  rsi=0x0000000000000031 rdi=0x000000000000007c flags=0b000000000010
  xmm0=0xc07c0000c07c0000b0530000b053 xmm1=0xb2900000b290000fdf40000fdf4 
  xmm2=0xb7450000b7450000180f0000180f xmm3=0xb2100000b2100008e0b00008e0b 
  xmm4=0x115b0000115b0000097300000973 xmm5=0x674a0000674a000016b1000016b1 
  xmm6=0xe2920000e2920000788700007887 xmm7=0xb9b60000b9b60000edc30000edc3 

    > load from +0x4004 value 0x31
0x30e6: and rax, 0b1111111111111
  rax=0x0000000000000250 rbx=0x0000000000001600 rcx=0x0000000000000031 rdx=0x0000000000000004
  rsi=0x0000000000000031 rdi=0x000000000000007c flags=0b000000000010
  xmm0=0xc07c0000c07c0000b0530000b053 xmm1=0xb2900000b290000fdf40000fdf4 
  xmm2=0xb7450000b7450000180f0000180f xmm3=0xb2100000b2100008e0b00008e0b 
  xmm4=0x115b0000115b0000097300000973 xmm5=0x674a0000674a000016b1000016b1 
  xmm6=0xe2920000e2920000788700007887 xmm7=0xb9b60000b9b60000edc30000edc3 

0x30ec: and edx, 0b111
  rax=0x0000000000000250 rbx=0x0000000000001600 rcx=0x0000000000000031 rdx=0x0000000000000004
  rsi=0x0000000000000031 rdi=0x000000000000007c flags=0b000000000110
  xmm0=0xc07c0000c07c0000b0530000b053 xmm1=0xb2900000b290000fdf40000fdf4 
  xmm2=0xb7450000b7450000180f0000180f xmm3=0xb2100000b2100008e0b00008e0b 
  xmm4=0x115b0000115b0000097300000973 xmm5=0x674a0000674a000016b1000016b1 
  xmm6=0xe2920000e2920000788700007887 xmm7=0xb9b60000b9b60000edc30000edc3 

0x30ef: btc [r14 +rax], edx
  rax=0x0000000000000250 rbx=0x0000000000001600 rcx=0x0000000000000031 rdx=0x0000000000000004
  rsi=0x0000000000000031 rdi=0x000000000000007c flags=0b000000000010
  xmm0=0xc07c0000c07c0000b0530000b053 xmm1=0xb2900000b290000fdf40000fdf4 
  xmm2=0xb7450000b7450000180f0000180f xmm3=0xb2100000b2100008e0b00008e0b 
  xmm4=0x115b0000115b0000097300000973 xmm5=0x674a0000674a000016b1000016b1 
  xmm6=0xe2920000e2920000788700007887 xmm7=0xb9b60000b9b60000edc30000edc3 

    > load from +0x4250 value 0xfde9
    > store to +0x4250 value 0xfdf9
0x30f4: or cl, 0b1000
  rax=0x0000000000000250 rbx=0x0000000000001600 rcx=0x0000000000000031 rdx=0x0000000000000004
  rsi=0x0000000000000031 rdi=0x000000000000007c flags=0b000000000010
  xmm0=0xc07c0000c07c0000b0530000b053 xmm1=0xb2900000b290000fdf40000fdf4 
  xmm2=0xb7450000b7450000180f0000180f xmm3=0xb2100000b2100008e0b00008e0b 
  xmm4=0x115b0000115b0000097300000973 xmm5=0x674a0000674a000016b1000016b1 
  xmm6=0xe2920000e2920000788700007887 xmm7=0xb9b60000b9b60000edc30000edc3 

0x30f7: and cl, 0b11111000
  rax=0x0000000000000250 rbx=0x0000000000001600 rcx=0x0000000000000039 rdx=0x0000000000000004
  rsi=0x0000000000000031 rdi=0x000000000000007c flags=0b000000000110
  xmm0=0xc07c0000c07c0000b0530000b053 xmm1=0xb2900000b290000fdf40000fdf4 
  xmm2=0xb7450000b7450000180f0000180f xmm3=0xb2100000b2100008e0b00008e0b 
  xmm4=0x115b0000115b0000097300000973 xmm5=0x674a0000674a000016b1000016b1 
  xmm6=0xe2920000e2920000788700007887 xmm7=0xb9b60000b9b60000edc30000edc3 

0x30fa: mov ax, 1
  rax=0x0000000000000250 rbx=0x0000000000001600 rcx=0x0000000000000038 rdx=0x0000000000000004
  rsi=0x0000000000000031 rdi=0x000000000000007c flags=0b000000000010
  xmm0=0xc07c0000c07c0000b0530000b053 xmm1=0xb2900000b290000fdf40000fdf4 
  xmm2=0xb7450000b7450000180f0000180f xmm3=0xb2100000b2100008e0b00008e0b 
  xmm4=0x115b0000115b0000097300000973 xmm5=0x674a0000674a000016b1000016b1 
  xmm6=0xe2920000e2920000788700007887 xmm7=0xb9b60000b9b60000edc30000edc3 

0x30fe: idiv cl
  rax=0x0000000000000001 rbx=0x0000000000001600 rcx=0x0000000000000038 rdx=0x0000000000000004
  rsi=0x0000000000000031 rdi=0x000000000000007c flags=0b000000000010
  xmm0=0xc07c0000c07c0000b0530000b053 xmm1=0xb2900000b290000fdf40000fdf4 
  xmm2=0xb7450000b7450000180f0000180f xmm3=0xb2100000b2100008e0b00008e0b 
  xmm4=0x115b0000115b0000097300000973 xmm5=0x674a0000674a000016b1000016b1 
  xmm6=0xe2920000e2920000788700007887 xmm7=0xb9b60000b9b60000edc30000edc3 

0x3100: and rbx, 0b1111111111000
  rax=0x0000000000000100 rbx=0x0000000000001600 rcx=0x0000000000000038 rdx=0x0000000000000004
  rsi=0x0000000000000031 rdi=0x000000000000007c flags=0b000000000010
  xmm0=0xc07c0000c07c0000b0530000b053 xmm1=0xb2900000b290000fdf40000fdf4 
  xmm2=0xb7450000b7450000180f0000180f xmm3=0xb2100000b2100008e0b00008e0b 
  xmm4=0x115b0000115b0000097300000973 xmm5=0x674a0000674a000016b1000016b1 
  xmm6=0xe2920000e2920000788700007887 xmm7=0xb9b60000b9b60000edc30000edc3 

0x3107: lock and [r14 +rbx], -123
  rax=0x0000000000000100 rbx=0x0000000000001600 rcx=0x0000000000000038 rdx=0x0000000000000004
  rsi=0x0000000000000031 rdi=0x000000000000007c flags=0b000000000110
  xmm0=0xc07c0000c07c0000b0530000b053 xmm1=0xb2900000b290000fdf40000fdf4 
  xmm2=0xb7450000b7450000180f0000180f xmm3=0xb2100000b2100008e0b00008e0b 
  xmm4=0x115b0000115b0000097300000973 xmm5=0x674a0000674a000016b1000016b1 
  xmm6=0xe2920000e2920000788700007887 xmm7=0xb9b60000b9b60000edc30000edc3 

    > load from +0x5600 value 0x253a6
    > store to +0x5600 value 0x25384
0x310d: and rdx, 0b1111111111111
  rax=0x0000000000000100 rbx=0x0000000000001600 rcx=0x0000000000000038 rdx=0x0000000000000004
  rsi=0x0000000000000031 rdi=0x000000000000007c flags=0b000000000110
  xmm0=0xc07c0000c07c0000b0530000b053 xmm1=0xb2900000b290000fdf40000fdf4 
  xmm2=0xb7450000b7450000180f0000180f xmm3=0xb2100000b2100008e0b00008e0b 
  xmm4=0x115b0000115b0000097300000973 xmm5=0x674a0000674a000016b1000016b1 
  xmm6=0xe2920000e2920000788700007887 xmm7=0xb9b60000b9b60000edc30000edc3 

0x3114: and rbx, 0b1111111111111
  rax=0x0000000000000100 rbx=0x0000000000001600 rcx=0x0000000000000038 rdx=0x0000000000000004
  rsi=0x0000000000000031 rdi=0x000000000000007c flags=0b000000000010
  xmm0=0xc07c0000c07c0000b0530000b053 xmm1=0xb2900000b290000fdf40000fdf4 
  xmm2=0xb7450000b7450000180f0000180f xmm3=0xb2100000b2100008e0b00008e0b 
  xmm4=0x115b0000115b0000097300000973 xmm5=0x674a0000674a000016b1000016b1 
  xmm6=0xe2920000e2920000788700007887 xmm7=0xb9b60000b9b60000edc30000edc3 

0x311b: or [r14 +rbx], 1
  rax=0x0000000000000100 rbx=0x0000000000001600 rcx=0x0000000000000038 rdx=0x0000000000000004
  rsi=0x0000000000000031 rdi=0x000000000000007c flags=0b000000000110
  xmm0=0xc07c0000c07c0000b0530000b053 xmm1=0xb2900000b290000fdf40000fdf4 
  xmm2=0xb7450000b7450000180f0000180f xmm3=0xb2100000b2100008e0b00008e0b 
  xmm4=0x115b0000115b0000097300000973 xmm5=0x674a0000674a000016b1000016b1 
  xmm6=0xe2920000e2920000788700007887 xmm7=0xb9b60000b9b60000edc30000edc3 

    > load from +0x5600 value 0x84
    > store to +0x5600 value 0x85
0x3120: mov ax, 1
  rax=0x0000000000000100 rbx=0x0000000000001600 rcx=0x0000000000000038 rdx=0x0000000000000004
  rsi=0x0000000000000031 rdi=0x000000000000007c flags=0b000010000010
  xmm0=0xc07c0000c07c0000b0530000b053 xmm1=0xb2900000b290000fdf40000fdf4 
  xmm2=0xb7450000b7450000180f0000180f xmm3=0xb2100000b2100008e0b00008e0b 
  xmm4=0x115b0000115b0000097300000973 xmm5=0x674a0000674a000016b1000016b1 
  xmm6=0xe2920000e2920000788700007887 xmm7=0xb9b60000b9b60000edc30000edc3 

0x3124: div [r14 +rbx]
  rax=0x0000000000000001 rbx=0x0000000000001600 rcx=0x0000000000000038 rdx=0x0000000000000004
  rsi=0x0000000000000031 rdi=0x000000000000007c flags=0b000010000010
  xmm0=0xc07c0000c07c0000b0530000b053 xmm1=0xb2900000b290000fdf40000fdf4 
  xmm2=0xb7450000b7450000180f0000180f xmm3=0xb2100000b2100008e0b00008e0b 
  xmm4=0x115b0000115b0000097300000973 xmm5=0x674a0000674a000016b1000016b1 
  xmm6=0xe2920000e2920000788700007887 xmm7=0xb9b60000b9b60000edc30000edc3 

    > load from +0x5600 value 0x85
0x3128: and rdx, 0b1111111111111
  rax=0x0000000000000100 rbx=0x0000000000001600 rcx=0x0000000000000038 rdx=0x0000000000000004
  rsi=0x0000000000000031 rdi=0x000000000000007c flags=0b000010000010
  xmm0=0xc07c0000c07c0000b0530000b053 xmm1=0xb2900000b290000fdf40000fdf4 
  xmm2=0xb7450000b7450000180f0000180f xmm3=0xb2100000b2100008e0b00008e0b 
  xmm4=0x115b0000115b0000097300000973 xmm5=0x674a0000674a000016b1000016b1 
  xmm6=0xe2920000e2920000788700007887 xmm7=0xb9b60000b9b60000edc30000edc3 

0x312f: movsx rax, [r14 +rdx]
  rax=0x0000000000000100 rbx=0x0000000000001600 rcx=0x0000000000000038 rdx=0x0000000000000004
  rsi=0x0000000000000031 rdi=0x000000000000007c flags=0b000000000010
  xmm0=0xc07c0000c07c0000b0530000b053 xmm1=0xb2900000b290000fdf40000fdf4 
  xmm2=0xb7450000b7450000180f0000180f xmm3=0xb2100000b2100008e0b00008e0b 
  xmm4=0x115b0000115b0000097300000973 xmm5=0x674a0000674a000016b1000016b1 
  xmm6=0xe2920000e2920000788700007887 xmm7=0xb9b60000b9b60000edc30000edc3 

    > load from +0x4004 value 0x5f31
0x3134: and rsi, 0b1111111111111
  rax=0x0000000000005f31 rbx=0x0000000000001600 rcx=0x0000000000000038 rdx=0x0000000000000004
  rsi=0x0000000000000031 rdi=0x000000000000007c flags=0b000000000010
  xmm0=0xc07c0000c07c0000b0530000b053 xmm1=0xb2900000b290000fdf40000fdf4 
  xmm2=0xb7450000b7450000180f0000180f xmm3=0xb2100000b2100008e0b00008e0b 
  xmm4=0x115b0000115b0000097300000973 xmm5=0x674a0000674a000016b1000016b1 
  xmm6=0xe2920000e2920000788700007887 xmm7=0xb9b60000b9b60000edc30000edc3 

0x313b: sub eax, [r14 +rsi]
  rax=0x0000000000005f31 rbx=0x0000000000001600 rcx=0x0000000000000038 rdx=0x0000000000000004
  rsi=0x0000000000000031 rdi=0x000000000000007c flags=0b000000000010
  xmm0=0xc07c0000c07c0000b0530000b053 xmm1=0xb2900000b290000fdf40000fdf4 
  xmm2=0xb7450000b7450000180f0000180f xmm3=0xb2100000b2100008e0b00008e0b 
  xmm4=0x115b0000115b0000097300000973 xmm5=0x674a0000674a000016b1000016b1 
  xmm6=0xe2920000e2920000788700007887 xmm7=0xb9b60000b9b60000edc30000edc3 

    > load from +0x4031 value 0xa7000023
0x313f: sbb rax, -613000450
  rax=0x0000000059005f0e rbx=0x0000000000001600 rcx=0x0000000000000038 rdx=0x0000000000000004
  rsi=0x0000000000000031 rdi=0x000000000000007c flags=0b000000010011
  xmm0=0xc07c0000c07c0000b0530000b053 xmm1=0xb2900000b290000fdf40000fdf4 
  xmm2=0xb7450000b7450000180f0000180f xmm3=0xb2100000b2100008e0b00008e0b 
  xmm4=0x115b0000115b0000097300000973 xmm5=0x674a0000674a000016b1000016b1 
  xmm6=0xe2920000e2920000788700007887 xmm7=0xb9b60000b9b60000edc30000edc3 

0x3145: mov dx, di
  rax=0x000000007d8a040f rbx=0x0000000000001600 rcx=0x0000000000000038 rdx=0x0000000000000004
  rsi=0x0000000000000031 rdi=0x000000000000007c flags=0b000000010111
  xmm0=0xc07c0000c07c0000b0530000b053 xmm1=0xb2900000b290000fdf40000fdf4 
  xmm2=0xb7450000b7450000180f0000180f xmm3=0xb2100000b2100008e0b00008e0b 
  xmm4=0x115b0000115b0000097300000973 xmm5=0x674a0000674a000016b1000016b1 
  xmm6=0xe2920000e2920000788700007887 xmm7=0xb9b60000b9b60000edc30000edc3 

0x3148: or cx, 4
  rax=0x000000007d8a040f rbx=0x0000000000001600 rcx=0x0000000000000038 rdx=0x000000000000007c
  rsi=0x0000000000000031 rdi=0x000000000000007c flags=0b000000010111
  xmm0=0xc07c0000c07c0000b0530000b053 xmm1=0xb2900000b290000fdf40000fdf4 
  xmm2=0xb7450000b7450000180f0000180f xmm3=0xb2100000b2100008e0b00008e0b 
  xmm4=0x115b0000115b0000097300000973 xmm5=0x674a0000674a000016b1000016b1 
  xmm6=0xe2920000e2920000788700007887 xmm7=0xb9b60000b9b60000edc30000edc3 

0x314c: and rdx, 0b1111111111000
  rax=0x000000007d8a040f rbx=0x0000000000001600 rcx=0x000000000000003c rdx=0x000000000000007c
  rsi=0x0000000000000031 rdi=0x000000000000007c flags=0b000000000110
  xmm0=0xc07c0000c07c0000b0530000b053 xmm1=0xb2900000b290000fdf40000fdf4 
  xmm2=0xb7450000b7450000180f0000180f xmm3=0xb2100000b2100008e0b00008e0b 
  xmm4=0x115b0000115b0000097300000973 xmm5=0x674a0000674a000016b1000016b1 
  xmm6=0xe2920000e2920000788700007887 xmm7=0xb9b60000b9b60000edc30000edc3 

0x3153: lock not [r14 +rdx]
  rax=0x000000007d8a040f rbx=0x0000000000001600 rcx=0x000000000000003c rdx=0x0000000000000078
  rsi=0x0000000000000031 rdi=0x000000000000007c flags=0b000000000110
  xmm0=0xc07c0000c07c0000b0530000b053 xmm1=0xb2900000b290000fdf40000fdf4 
  xmm2=0xb7450000b7450000180f0000180f xmm3=0xb2100000b2100008e0b00008e0b 
  xmm4=0x115b0000115b0000097300000973 xmm5=0x674a0000674a000016b1000016b1 
  xmm6=0xe2920000e2920000788700007887 xmm7=0xb9b60000b9b60000edc30000edc3 

    > load from +0x4078 value 0xb843
    > store to +0x4078 value 0xffff47bc
0x3158: and rcx, 0b1111111111111
  rax=0x000000007d8a040f rbx=0x0000000000001600 rcx=0x000000000000003c rdx=0x0000000000000078
  rsi=0x0000000000000031 rdi=0x000000000000007c flags=0b000000000110
  xmm0=0xc07c0000c07c0000b0530000b053 xmm1=0xb2900000b290000fdf40000fdf4 
  xmm2=0xb7450000b7450000180f0000180f xmm3=0xb2100000b2100008e0b00008e0b 
  xmm4=0x115b0000115b0000097300000973 xmm5=0x674a0000674a000016b1000016b1 
  xmm6=0xe2920000e2920000788700007887 xmm7=0xb9b60000b9b60000edc30000edc3 

0x315f: add [r14 +rcx], ax
  rax=0x000000007d8a040f rbx=0x0000000000001600 rcx=0x000000000000003c rdx=0x0000000000000078
  rsi=0x0000000000000031 rdi=0x000000000000007c flags=0b000000000110
  xmm0=0xc07c0000c07c0000b0530000b053 xmm1=0xb2900000b290000fdf40000fdf4 
  xmm2=0xb7450000b7450000180f0000180f xmm3=0xb2100000b2100008e0b00008e0b 
  xmm4=0x115b0000115b0000097300000973 xmm5=0x674a0000674a000016b1000016b1 
  xmm6=0xe2920000e2920000788700007887 xmm7=0xb9b60000b9b60000edc30000edc3 

    > load from +0x403c value 0xa80b
    > store to +0x403c value 0xac1a
0x3164: and rdi, 0b1111111111000
  rax=0x000000007d8a040f rbx=0x0000000000001600 rcx=0x000000000000003c rdx=0x0000000000000078
  rsi=0x0000000000000031 rdi=0x000000000000007c flags=0b000010010010
  xmm0=0xc07c0000c07c0000b0530000b053 xmm1=0xb2900000b290000fdf40000fdf4 
  xmm2=0xb7450000b7450000180f0000180f xmm3=0xb2100000b2100008e0b00008e0b 
  xmm4=0x115b0000115b0000097300000973 xmm5=0x674a0000674a000016b1000016b1 
  xmm6=0xe2920000e2920000788700007887 xmm7=0xb9b60000b9b60000edc30000edc3 

0x316b: and rcx, 0b111
  rax=0x000000007d8a040f rbx=0x0000000000001600 rcx=0x000000000000003c rdx=0x0000000000000078
  rsi=0x0000000000000031 rdi=0x0000000000000078 flags=0b000000000110
  xmm0=0xc07c0000c07c0000b0530000b053 xmm1=0xb2900000b290000fdf40000fdf4 
  xmm2=0xb7450000b7450000180f0000180f xmm3=0xb2100000b2100008e0b00008e0b 
  xmm4=0x115b0000115b0000097300000973 xmm5=0x674a0000674a000016b1000016b1 
  xmm6=0xe2920000e2920000788700007887 xmm7=0xb9b60000b9b60000edc30000edc3 

0x316f: lock btr [r14 +rdi], rcx
  rax=0x000000007d8a040f rbx=0x0000000000001600 rcx=0x0000000000000004 rdx=0x0000000000000078
  rsi=0x0000000000000031 rdi=0x0000000000000078 flags=0b000000000010
  xmm0=0xc07c0000c07c0000b0530000b053 xmm1=0xb2900000b290000fdf40000fdf4 
  xmm2=0xb7450000b7450000180f0000180f xmm3=0xb2100000b2100008e0b00008e0b 
  xmm4=0x115b0000115b0000097300000973 xmm5=0x674a0000674a000016b1000016b1 
  xmm6=0xe2920000e2920000788700007887 xmm7=0xb9b60000b9b60000edc30000edc3 

    > load from +0x4078 value 0xb843ffff47bc
    > store to +0x4078 value 0xb843ffff47ac
0x3175: and rax, 0b1111111111111
  rax=0x000000007d8a040f rbx=0x0000000000001600 rcx=0x0000000000000004 rdx=0x0000000000000078
  rsi=0x0000000000000031 rdi=0x0000000000000078 flags=0b000000000011
  xmm0=0xc07c0000c07c0000b0530000b053 xmm1=0xb2900000b290000fdf40000fdf4 
  xmm2=0xb7450000b7450000180f0000180f xmm3=0xb2100000b2100008e0b00008e0b 
  xmm4=0x115b0000115b0000097300000973 xmm5=0x674a0000674a000016b1000016b1 
  xmm6=0xe2920000e2920000788700007887 xmm7=0xb9b60000b9b60000edc30000edc3 

0x317b: nop [r14 +rax]
  rax=0x000000000000040f rbx=0x0000000000001600 rcx=0x0000000000000004 rdx=0x0000000000000078
  rsi=0x0000000000000031 rdi=0x0000000000000078 flags=0b000000000110
  xmm0=0xc07c0000c07c0000b0530000b053 xmm1=0xb2900000b290000fdf40000fdf4 
  xmm2=0xb7450000b7450000180f0000180f xmm3=0xb2100000b2100008e0b00008e0b 
  xmm4=0x115b0000115b0000097300000973 xmm5=0x674a0000674a000016b1000016b1 
  xmm6=0xe2920000e2920000788700007887 xmm7=0xb9b60000b9b60000edc30000edc3 

0x3180: and rcx, 0b1111111111111
  rax=0x000000000000040f rbx=0x0000000000001600 rcx=0x0000000000000004 rdx=0x0000000000000078
  rsi=0x0000000000000031 rdi=0x0000000000000078 flags=0b000000000110
  xmm0=0xc07c0000c07c0000b0530000b053 xmm1=0xb2900000b290000fdf40000fdf4 
  xmm2=0xb7450000b7450000180f0000180f xmm3=0xb2100000b2100008e0b00008e0b 
  xmm4=0x115b0000115b0000097300000973 xmm5=0x674a0000674a000016b1000016b1 
  xmm6=0xe2920000e2920000788700007887 xmm7=0xb9b60000b9b60000edc30000edc3 

0x3187: or [r14 +rcx], 122
  rax=0x000000000000040f rbx=0x0000000000001600 rcx=0x0000000000000004 rdx=0x0000000000000078
  rsi=0x0000000000000031 rdi=0x0000000000000078 flags=0b000000000010
  xmm0=0xc07c0000c07c0000b0530000b053 xmm1=0xb2900000b290000fdf40000fdf4 
  xmm2=0xb7450000b7450000180f0000180f xmm3=0xb2100000b2100008e0b00008e0b 
  xmm4=0x115b0000115b0000097300000973 xmm5=0x674a0000674a000016b1000016b1 
  xmm6=0xe2920000e2920000788700007887 xmm7=0xb9b60000b9b60000edc30000edc3 

    > load from +0x4004 value 0x5f31
    > store to +0x4004 value 0x5f7b
0x318c: lea edi, qword ptr [rbx]
  rax=0x000000000000040f rbx=0x0000000000001600 rcx=0x0000000000000004 rdx=0x0000000000000078
  rsi=0x0000000000000031 rdi=0x0000000000000078 flags=0b000000000110
  xmm0=0xc07c0000c07c0000b0530000b053 xmm1=0xb2900000b290000fdf40000fdf4 
  xmm2=0xb7450000b7450000180f0000180f xmm3=0xb2100000b2100008e0b00008e0b 
  xmm4=0x115b0000115b0000097300000973 xmm5=0x674a0000674a000016b1000016b1 
  xmm6=0xe2920000e2920000788700007887 xmm7=0xb9b60000b9b60000edc30000edc3 

0x318e: cmovl edx, esi
  rax=0x000000000000040f rbx=0x0000000000001600 rcx=0x0000000000000004 rdx=0x0000000000000078
  rsi=0x0000000000000031 rdi=0x0000000000001600 flags=0b000000000110
  xmm0=0xc07c0000c07c0000b0530000b053 xmm1=0xb2900000b290000fdf40000fdf4 
  xmm2=0xb7450000b7450000180f0000180f xmm3=0xb2100000b2100008e0b00008e0b 
  xmm4=0x115b0000115b0000097300000973 xmm5=0x674a0000674a000016b1000016b1 
  xmm6=0xe2920000e2920000788700007887 xmm7=0xb9b60000b9b60000edc30000edc3 

0x3191: and rbx, 0b1111111111000
  rax=0x000000000000040f rbx=0x0000000000001600 rcx=0x0000000000000004 rdx=0x0000000000000078
  rsi=0x0000000000000031 rdi=0x0000000000001600 flags=0b000000000110
  xmm0=0xc07c0000c07c0000b0530000b053 xmm1=0xb2900000b290000fdf40000fdf4 
  xmm2=0xb7450000b7450000180f0000180f xmm3=0xb2100000b2100008e0b00008e0b 
  xmm4=0x115b0000115b0000097300000973 xmm5=0x674a0000674a000016b1000016b1 
  xmm6=0xe2920000e2920000788700007887 xmm7=0xb9b60000b9b60000edc30000edc3 

0x3198: and cx, 0b111
  rax=0x000000000000040f rbx=0x0000000000001600 rcx=0x0000000000000004 rdx=0x0000000000000078
  rsi=0x0000000000000031 rdi=0x0000000000001600 flags=0b000000000110
  xmm0=0xc07c0000c07c0000b0530000b053 xmm1=0xb2900000b290000fdf40000fdf4 
  xmm2=0xb7450000b7450000180f0000180f xmm3=0xb2100000b2100008e0b00008e0b 
  xmm4=0x115b0000115b0000097300000973 xmm5=0x674a0000674a000016b1000016b1 
  xmm6=0xe2920000e2920000788700007887 xmm7=0xb9b60000b9b60000edc30000edc3 

0x319c: lock bts [r14 +rbx], cx
  rax=0x000000000000040f rbx=0x0000000000001600 rcx=0x0000000000000004 rdx=0x0000000000000078
  rsi=0x0000000000000031 rdi=0x0000000000001600 flags=0b000000000010
  xmm0=0xc07c0000c07c0000b0530000b053 xmm1=0xb2900000b290000fdf40000fdf4 
  xmm2=0xb7450000b7450000180f0000180f xmm3=0xb2100000b2100008e0b00008e0b 
  xmm4=0x115b0000115b0000097300000973 xmm5=0x674a0000674a000016b1000016b1 
  xmm6=0xe2920000e2920000788700007887 xmm7=0xb9b60000b9b60000edc30000edc3 

    > load from +0x5600 value 0x5385
    > store to +0x5600 value 0x5395
0x31a3: and rcx, 0b1111111111111
  rax=0x000000000000040f rbx=0x0000000000001600 rcx=0x0000000000000004 rdx=0x0000000000000078
  rsi=0x0000000000000031 rdi=0x0000000000001600 flags=0b000000000010
  xmm0=0xc07c0000c07c0000b0530000b053 xmm1=0xb2900000b290000fdf40000fdf4 
  xmm2=0xb7450000b7450000180f0000180f xmm3=0xb2100000b2100008e0b00008e0b 
  xmm4=0x115b0000115b0000097300000973 xmm5=0x674a0000674a000016b1000016b1 
  xmm6=0xe2920000e2920000788700007887 xmm7=0xb9b60000b9b60000edc30000edc3 

0x31aa: cmovz rsi, [r14 +rcx]
  rax=0x000000000000040f rbx=0x0000000000001600 rcx=0x0000000000000004 rdx=0x0000000000000078
  rsi=0x0000000000000031 rdi=0x0000000000001600 flags=0b000000000010
  xmm0=0xc07c0000c07c0000b0530000b053 xmm1=0xb2900000b290000fdf40000fdf4 
  xmm2=0xb7450000b7450000180f0000180f xmm3=0xb2100000b2100008e0b00008e0b 
  xmm4=0x115b0000115b0000097300000973 xmm5=0x674a0000674a000016b1000016b1 
  xmm6=0xe2920000e2920000788700007887 xmm7=0xb9b60000b9b60000edc30000edc3 

    > load from +0x4004 value 0xde0c00005f7b
0x31af: and rdi, 0b1111111111000
  rax=0x000000000000040f rbx=0x0000000000001600 rcx=0x0000000000000004 rdx=0x0000000000000078
  rsi=0x0000000000000031 rdi=0x0000000000001600 flags=0b000000000010
  xmm0=0xc07c0000c07c0000b0530000b053 xmm1=0xb2900000b290000fdf40000fdf4 
  xmm2=0xb7450000b7450000180f0000180f xmm3=0xb2100000b2100008e0b00008e0b 
  xmm4=0x115b0000115b0000097300000973 xmm5=0x674a0000674a000016b1000016b1 
  xmm6=0xe2920000e2920000788700007887 xmm7=0xb9b60000b9b60000edc30000edc3 

0x31b6: lock inc [r14 +rdi]
  rax=0x000000000000040f rbx=0x0000000000001600 rcx=0x0000000000000004 rdx=0x0000000000000078
  rsi=0x0000000000000031 rdi=0x0000000000001600 flags=0b000000000110
  xmm0=0xc07c0000c07c0000b0530000b053 xmm1=0xb2900000b290000fdf40000fdf4 
  xmm2=0xb7450000b7450000180f0000180f xmm3=0xb2100000b2100008e0b00008e0b 
  xmm4=0x115b0000115b0000097300000973 xmm5=0x674a0000674a000016b1000016b1 
  xmm6=0xe2920000e2920000788700007887 xmm7=0xb9b60000b9b60000edc30000edc3 

    > load from +0x5600 value 0xafa600025395
    > store to +0x5600 value 0xafa600025396
0x31bb: and rsi, 0b1111111111111
  rax=0x000000000000040f rbx=0x0000000000001600 rcx=0x0000000000000004 rdx=0x0000000000000078
  rsi=0x0000000000000031 rdi=0x0000000000001600 flags=0b000000000110
  xmm0=0xc07c0000c07c0000b0530000b053 xmm1=0xb2900000b290000fdf40000fdf4 
  xmm2=0xb7450000b7450000180f0000180f xmm3=0xb2100000b2100008e0b00008e0b 
  xmm4=0x115b0000115b0000097300000973 xmm5=0x674a0000674a000016b1000016b1 
  xmm6=0xe2920000e2920000788700007887 xmm7=0xb9b60000b9b60000edc30000edc3 

0x31c2: sbb [r14 +rsi], ebx
  rax=0x000000000000040f rbx=0x0000000000001600 rcx=0x0000000000000004 rdx=0x0000000000000078
  rsi=0x0000000000000031 rdi=0x0000000000001600 flags=0b000000000010
  xmm0=0xc07c0000c07c0000b0530000b053 xmm1=0xb2900000b290000fdf40000fdf4 
  xmm2=0xb7450000b7450000180f0000180f xmm3=0xb2100000b2100008e0b00008e0b 
  xmm4=0x115b0000115b0000097300000973 xmm5=0x674a0000674a000016b1000016b1 
  xmm6=0xe2920000e2920000788700007887 xmm7=0xb9b60000b9b60000edc30000edc3 

    > load from +0x4031 value 0xa7000023
    > store to +0x4031 value 0xa6ffea23
0x31c6: cmovno esi, edi
  rax=0x000000000000040f rbx=0x0000000000001600 rcx=0x0000000000000004 rdx=0x0000000000000078
  rsi=0x0000000000000031 rdi=0x0000000000001600 flags=0b000010000010
  xmm0=0xc07c0000c07c0000b0530000b053 xmm1=0xb2900000b290000fdf40000fdf4 
  xmm2=0xb7450000b7450000180f0000180f xmm3=0xb2100000b2100008e0b00008e0b 
  xmm4=0x115b0000115b0000097300000973 xmm5=0x674a0000674a000016b1000016b1 
  xmm6=0xe2920000e2920000788700007887 xmm7=0xb9b60000b9b60000edc30000edc3 

0x31c9: and rcx, 0b1111111111000
  rax=0x000000000000040f rbx=0x0000000000001600 rcx=0x0000000000000004 rdx=0x0000000000000078
  rsi=0x0000000000001600 rdi=0x0000000000001600 flags=0b000010000010
  xmm0=0xc07c0000c07c0000b0530000b053 xmm1=0xb2900000b290000fdf40000fdf4 
  xmm2=0xb7450000b7450000180f0000180f xmm3=0xb2100000b2100008e0b00008e0b 
  xmm4=0x115b0000115b0000097300000973 xmm5=0x674a0000674a000016b1000016b1 
  xmm6=0xe2920000e2920000788700007887 xmm7=0xb9b60000b9b60000edc30000edc3 

0x31d0: xchg [r14 +rcx], cl
  rax=0x000000000000040f rbx=0x0000000000001600 rcx=0x0000000000000000 rdx=0x0000000000000078
  rsi=0x0000000000001600 rdi=0x0000000000001600 flags=0b000001000110
  xmm0=0xc07c0000c07c0000b0530000b053 xmm1=0xb2900000b290000fdf40000fdf4 
  xmm2=0xb7450000b7450000180f0000180f xmm3=0xb2100000b2100008e0b00008e0b 
  xmm4=0x115b0000115b0000097300000973 xmm5=0x674a0000674a000016b1000016b1 
  xmm6=0xe2920000e2920000788700007887 xmm7=0xb9b60000b9b60000edc30000edc3 

    > load from +0x4000 value 0x31
    > store to +0x4000 value 0x0
0x31d4: and rax, 0b1111111111111
  rax=0x000000000000040f rbx=0x0000000000001600 rcx=0x0000000000000031 rdx=0x0000000000000078
  rsi=0x0000000000001600 rdi=0x0000000000001600 flags=0b000001000110
  xmm0=0xc07c0000c07c0000b0530000b053 xmm1=0xb2900000b290000fdf40000fdf4 
  xmm2=0xb7450000b7450000180f0000180f xmm3=0xb2100000b2100008e0b00008e0b 
  xmm4=0x115b0000115b0000097300000973 xmm5=0x674a0000674a000016b1000016b1 
  xmm6=0xe2920000e2920000788700007887 xmm7=0xb9b60000b9b60000edc30000edc3 

0x31da: mov [r14 +rax], al
  rax=0x000000000000040f rbx=0x0000000000001600 rcx=0x0000000000000031 rdx=0x0000000000000078
  rsi=0x0000000000001600 rdi=0x0000000000001600 flags=0b000000000110
  xmm0=0xc07c0000c07c0000b0530000b053 xmm1=0xb2900000b290000fdf40000fdf4 
  xmm2=0xb7450000b7450000180f0000180f xmm3=0xb2100000b2100008e0b00008e0b 
  xmm4=0x115b0000115b0000097300000973 xmm5=0x674a0000674a000016b1000016b1 
  xmm6=0xe2920000e2920000788700007887 xmm7=0xb9b60000b9b60000edc30000edc3 

    > store to +0x440f value 0xf
0x31de: and rsi, 0b1111111111111
  rax=0x000000000000040f rbx=0x0000000000001600 rcx=0x0000000000000031 rdx=0x0000000000000078
  rsi=0x0000000000001600 rdi=0x0000000000001600 flags=0b000000000110
  xmm0=0xc07c0000c07c0000b0530000b053 xmm1=0xb2900000b290000fdf40000fdf4 
  xmm2=0xb7450000b7450000180f0000180f xmm3=0xb2100000b2100008e0b00008e0b 
  xmm4=0x115b0000115b0000097300000973 xmm5=0x674a0000674a000016b1000016b1 
  xmm6=0xe2920000e2920000788700007887 xmm7=0xb9b60000b9b60000edc30000edc3 

0x31e5: cmovp edx, [r14 +rsi]
  rax=0x000000000000040f rbx=0x0000000000001600 rcx=0x0000000000000031 rdx=0x0000000000000078
  rsi=0x0000000000001600 rdi=0x0000000000001600 flags=0b000000000110
  xmm0=0xc07c0000c07c0000b0530000b053 xmm1=0xb2900000b290000fdf40000fdf4 
  xmm2=0xb7450000b7450000180f0000180f xmm3=0xb2100000b2100008e0b00008e0b 
  xmm4=0x115b0000115b0000097300000973 xmm5=0x674a0000674a000016b1000016b1 
  xmm6=0xe2920000e2920000788700007887 xmm7=0xb9b60000b9b60000edc30000edc3 

    > load from +0x5600 value 0x25396
0x31ea: setz dil
  rax=0x000000000000040f rbx=0x0000000000001600 rcx=0x0000000000000031 rdx=0x0000000000025396
  rsi=0x0000000000001600 rdi=0x0000000000001600 flags=0b000000000110
  xmm0=0xc07c0000c07c0000b0530000b053 xmm1=0xb2900000b290000fdf40000fdf4 
  xmm2=0xb7450000b7450000180f0000180f xmm3=0xb2100000b2100008e0b00008e0b 
  xmm4=0x115b0000115b0000097300000973 xmm5=0x674a0000674a000016b1000016b1 
  xmm6=0xe2920000e2920000788700007887 xmm7=0xb9b60000b9b60000edc30000edc3 

0x31ee: and rbx, 0b1111111111111
  rax=0x000000000000040f rbx=0x0000000000001600 rcx=0x0000000000000031 rdx=0x0000000000025396
  rsi=0x0000000000001600 rdi=0x0000000000001600 flags=0b000000000110
  xmm0=0xc07c0000c07c0000b0530000b053 xmm1=0xb2900000b290000fdf40000fdf4 
  xmm2=0xb7450000b7450000180f0000180f xmm3=0xb2100000b2100008e0b00008e0b 
  xmm4=0x115b0000115b0000097300000973 xmm5=0x674a0000674a000016b1000016b1 
  xmm6=0xe2920000e2920000788700007887 xmm7=0xb9b60000b9b60000edc30000edc3 

0x31f5: or [r14 +rbx], 0b1000000000000000000000000000000
  rax=0x000000000000040f rbx=0x0000000000001600 rcx=0x0000000000000031 rdx=0x0000000000025396
  rsi=0x0000000000001600 rdi=0x0000000000001600 flags=0b000000000110
  xmm0=0xc07c0000c07c0000b0530000b053 xmm1=0xb2900000b290000fdf40000fdf4 
  xmm2=0xb7450000b7450000180f0000180f xmm3=0xb2100000b2100008e0b00008e0b 
  xmm4=0x115b0000115b0000097300000973 xmm5=0x674a0000674a000016b1000016b1 
  xmm6=0xe2920000e2920000788700007887 xmm7=0xb9b60000b9b60000edc30000edc3 

    > load from +0x5600 value 0xafa600025396
    > store to +0x5600 value 0xafa640025396
0x31fd: bsr rsi, [r14 +rbx]
  rax=0x000000000000040f rbx=0x0000000000001600 rcx=0x0000000000000031 rdx=0x0000000000025396
  rsi=0x0000000000001600 rdi=0x0000000000001600 flags=0b000000000110
  xmm0=0xc07c0000c07c0000b0530000b053 xmm1=0xb2900000b290000fdf40000fdf4 
  xmm2=0xb7450000b7450000180f0000180f xmm3=0xb2100000b2100008e0b00008e0b 
  xmm4=0x115b0000115b0000097300000973 xmm5=0x674a0000674a000016b1000016b1 
  xmm6=0xe2920000e2920000788700007887 xmm7=0xb9b60000b9b60000edc30000edc3 

    > load from +0x5600 value 0xafa640025396
0x3202: add dil, -35
  rax=0x000000000000040f rbx=0x0000000000001600 rcx=0x0000000000000031 rdx=0x0000000000025396
  rsi=0x000000000000002f rdi=0x0000000000001600 flags=0b000000000110
  xmm0=0xc07c0000c07c0000b0530000b053 xmm1=0xb2900000b290000fdf40000fdf4 
  xmm2=0xb7450000b7450000180f0000180f xmm3=0xb2100000b2100008e0b00008e0b 
  xmm4=0x115b0000115b0000097300000973 xmm5=0x674a0000674a000016b1000016b1 
  xmm6=0xe2920000e2920000788700007887 xmm7=0xb9b60000b9b60000edc30000edc3 

0x3206: and rdi, 0b1111111111111
  rax=0x000000000000040f rbx=0x0000000000001600 rcx=0x0000000000000031 rdx=0x0000000000025396
  rsi=0x000000000000002f rdi=0x00000000000016dd flags=0b000010000110
  xmm0=0xc07c0000c07c0000b0530000b053 xmm1=0xb2900000b290000fdf40000fdf4 
  xmm2=0xb7450000b7450000180f0000180f xmm3=0xb2100000b2100008e0b00008e0b 
  xmm4=0x115b0000115b0000097300000973 xmm5=0x674a0000674a000016b1000016b1 
  xmm6=0xe2920000e2920000788700007887 xmm7=0xb9b60000b9b60000edc30000edc3 

0x320d: cmovnl rsi, [r14 +rdi]
  rax=0x000000000000040f rbx=0x0000000000001600 rcx=0x0000000000000031 rdx=0x0000000000025396
  rsi=0x000000000000002f rdi=0x00000000000016dd flags=0b000000000110
  xmm0=0xc07c0000c07c0000b0530000b053 xmm1=0xb2900000b290000fdf40000fdf4 
  xmm2=0xb7450000b7450000180f0000180f xmm3=0xb2100000b2100008e0b00008e0b 
  xmm4=0x115b0000115b0000097300000973 xmm5=0x674a0000674a000016b1000016b1 
  xmm6=0xe2920000e2920000788700007887 xmm7=0xb9b60000b9b60000edc30000edc3 

    > load from +0x56dd value 0x1e0000031e0000d8
0x3212: test ax, 26055
  rax=0x000000000000040f rbx=0x0000000000001600 rcx=0x0000000000000031 rdx=0x0000000000025396
  rsi=0x1e0000031e0000d8 rdi=0x00000000000016dd flags=0b000000000110
  xmm0=0xc07c0000c07c0000b0530000b053 xmm1=0xb2900000b290000fdf40000fdf4 
  xmm2=0xb7450000b7450000180f0000180f xmm3=0xb2100000b2100008e0b00008e0b 
  xmm4=0x115b0000115b0000097300000973 xmm5=0x674a0000674a000016b1000016b1 
  xmm6=0xe2920000e2920000788700007887 xmm7=0xb9b60000b9b60000edc30000edc3 

0x3216: and rdx, 0b1111111111111
  rax=0x000000000000040f rbx=0x0000000000001600 rcx=0x0000000000000031 rdx=0x0000000000025396
  rsi=0x1e0000031e0000d8 rdi=0x00000000000016dd flags=0b000000000010
  xmm0=0xc07c0000c07c0000b0530000b053 xmm1=0xb2900000b290000fdf40000fdf4 
  xmm2=0xb7450000b7450000180f0000180f xmm3=0xb2100000b2100008e0b00008e0b 
  xmm4=0x115b0000115b0000097300000973 xmm5=0x674a0000674a000016b1000016b1 
  xmm6=0xe2920000e2920000788700007887 xmm7=0xb9b60000b9b60000edc30000edc3 

0x321d: cmovp dx, [r14 +rdx]
  rax=0x000000000000040f rbx=0x0000000000001600 rcx=0x0000000000000031 rdx=0x0000000000001396
  rsi=0x1e0000031e0000d8 rdi=0x00000000000016dd flags=0b000000000110
  xmm0=0xc07c0000c07c0000b0530000b053 xmm1=0xb2900000b290000fdf40000fdf4 
  xmm2=0xb7450000b7450000180f0000180f xmm3=0xb2100000b2100008e0b00008e0b 
  xmm4=0x115b0000115b0000097300000973 xmm5=0x674a0000674a000016b1000016b1 
  xmm6=0xe2920000e2920000788700007887 xmm7=0xb9b60000b9b60000edc30000edc3 

    > load from +0x5396 value 0x0
0x3223: mov ecx, 0x1a4
  rax=0x000000000000040f rbx=0x0000000000001600 rcx=0x0000000000000031 rdx=0x0000000000000000
  rsi=0x1e0000031e0000d8 rdi=0x00000000000016dd flags=0b000000000110
  xmm0=0xc07c0000c07c0000b0530000b053 xmm1=0xb2900000b290000fdf40000fdf4 
  xmm2=0xb7450000b7450000180f0000180f xmm3=0xb2100000b2100008e0b00008e0b 
  xmm4=0x115b0000115b0000097300000973 xmm5=0x674a0000674a000016b1000016b1 
  xmm6=0xe2920000e2920000788700007887 xmm7=0xb9b60000b9b60000edc30000edc3 

0x3228: mov edx, 0
  rax=0x000000000000040f rbx=0x0000000000001600 rcx=0x00000000000001a4 rdx=0x0000000000000000
  rsi=0x1e0000031e0000d8 rdi=0x00000000000016dd flags=0b000000000110
  xmm0=0xc07c0000c07c0000b0530000b053 xmm1=0xb2900000b290000fdf40000fdf4 
  xmm2=0xb7450000b7450000180f0000180f xmm3=0xb2100000b2100008e0b00008e0b 
  xmm4=0x115b0000115b0000097300000973 xmm5=0x674a0000674a000016b1000016b1 
  xmm6=0xe2920000e2920000788700007887 xmm7=0xb9b60000b9b60000edc30000edc3 

0x322d: mov eax, 0b1111
  rax=0x000000000000040f rbx=0x0000000000001600 rcx=0x00000000000001a4 rdx=0x0000000000000000
  rsi=0x1e0000031e0000d8 rdi=0x00000000000016dd flags=0b000000000110
  xmm0=0xc07c0000c07c0000b0530000b053 xmm1=0xb2900000b290000fdf40000fdf4 
  xmm2=0xb7450000b7450000180f0000180f xmm3=0xb2100000b2100008e0b00008e0b 
  xmm4=0x115b0000115b0000097300000973 xmm5=0x674a0000674a000016b1000016b1 
  xmm6=0xe2920000e2920000788700007887 xmm7=0xb9b60000b9b60000edc30000edc3 

0x3232: wrmsr 
  rax=0x000000000000000f rbx=0x0000000000001600 rcx=0x00000000000001a4 rdx=0x0000000000000000
  rsi=0x1e0000031e0000d8 rdi=0x00000000000016dd flags=0b000000000110
  xmm0=0xc07c0000c07c0000b0530000b053 xmm1=0xb2900000b290000fdf40000fdf4 
  xmm2=0xb7450000b7450000180f0000180f xmm3=0xb2100000b2100008e0b00008e0b 
  xmm4=0x115b0000115b0000097300000973 xmm5=0x674a0000674a000016b1000016b1 
  xmm6=0xe2920000e2920000788700007887 xmm7=0xb9b60000b9b60000edc30000edc3 

0x3234: mfence 
  rax=0x000000000000000f rbx=0x0000000000001600 rcx=0x00000000000001a4 rdx=0x0000000000000000
  rsi=0x1e0000031e0000d8 rdi=0x00000000000016dd flags=0b000000000110
  xmm0=0xc07c0000c07c0000b0530000b053 xmm1=0xb2900000b290000fdf40000fdf4 
  xmm2=0xb7450000b7450000180f0000180f xmm3=0xb2100000b2100008e0b00008e0b 
  xmm4=0x115b0000115b0000097300000973 xmm5=0x674a0000674a000016b1000016b1 
  xmm6=0xe2920000e2920000788700007887 xmm7=0xb9b60000b9b60000edc30000edc3 

0x3237: lfence 
  rax=0x000000000000000f rbx=0x0000000000001600 rcx=0x00000000000001a4 rdx=0x0000000000000000
  rsi=0x1e0000031e0000d8 rdi=0x00000000000016dd flags=0b000000000110
  xmm0=0xc07c0000c07c0000b0530000b053 xmm1=0xb2900000b290000fdf40000fdf4 
  xmm2=0xb7450000b7450000180f0000180f xmm3=0xb2100000b2100008e0b00008e0b 
  xmm4=0x115b0000115b0000097300000973 xmm5=0x674a0000674a000016b1000016b1 
  xmm6=0xe2920000e2920000788700007887 xmm7=0xb9b60000b9b60000edc30000edc3 

0x323a: macro .measurement_end, .noarg
  rax=0x000000000000000f rbx=0x0000000000001600 rcx=0x00000000000001a4 rdx=0x0000000000000000
  rsi=0x1e0000031e0000d8 rdi=0x00000000000016dd flags=0b000000000110
  xmm0=0xc07c0000c07c0000b0530000b053 xmm1=0xb2900000b290000fdf40000fdf4 
  xmm2=0xb7450000b7450000180f0000180f xmm3=0xb2100000b2100008e0b00008e0b 
  xmm4=0x115b0000115b0000097300000973 xmm5=0x674a0000674a000016b1000016b1 
  xmm6=0xe2920000e2920000788700007887 xmm7=0xb9b60000b9b60000edc30000edc3 

0x3242: mov ecx, 0x1a4
  rax=0x000000000000000f rbx=0x0000000000001600 rcx=0x00000000000001a4 rdx=0x0000000000000000
  rsi=0x1e0000031e0000d8 rdi=0x00000000000016dd flags=0b000000000110
  xmm0=0xc07c0000c07c0000b0530000b053 xmm1=0xb2900000b290000fdf40000fdf4 
  xmm2=0xb7450000b7450000180f0000180f xmm3=0xb2100000b2100008e0b00008e0b 
  xmm4=0x115b0000115b0000097300000973 xmm5=0x674a0000674a000016b1000016b1 
  xmm6=0xe2920000e2920000788700007887 xmm7=0xb9b60000b9b60000edc30000edc3 

0x3247: mov edx, 0
  rax=0x000000000000000f rbx=0x0000000000001600 rcx=0x00000000000001a4 rdx=0x0000000000000000
  rsi=0x1e0000031e0000d8 rdi=0x00000000000016dd flags=0b000000000110
  xmm0=0xc07c0000c07c0000b0530000b053 xmm1=0xb2900000b290000fdf40000fdf4 
  xmm2=0xb7450000b7450000180f0000180f xmm3=0xb2100000b2100008e0b00008e0b 
  xmm4=0x115b0000115b0000097300000973 xmm5=0x674a0000674a000016b1000016b1 
  xmm6=0xe2920000e2920000788700007887 xmm7=0xb9b60000b9b60000edc30000edc3 

0x324c: mov eax, 0b0000
  rax=0x000000000000000f rbx=0x0000000000001600 rcx=0x00000000000001a4 rdx=0x0000000000000000
  rsi=0x1e0000031e0000d8 rdi=0x00000000000016dd flags=0b000000000110
  xmm0=0xc07c0000c07c0000b0530000b053 xmm1=0xb2900000b290000fdf40000fdf4 
  xmm2=0xb7450000b7450000180f0000180f xmm3=0xb2100000b2100008e0b00008e0b 
  xmm4=0x115b0000115b0000097300000973 xmm5=0x674a0000674a000016b1000016b1 
  xmm6=0xe2920000e2920000788700007887 xmm7=0xb9b60000b9b60000edc30000edc3 

0x3251: wrmsr 
  rax=0x0000000000000000 rbx=0x0000000000001600 rcx=0x00000000000001a4 rdx=0x0000000000000000
  rsi=0x1e0000031e0000d8 rdi=0x00000000000016dd flags=0b000000000110
  xmm0=0xc07c0000c07c0000b0530000b053 xmm1=0xb2900000b290000fdf40000fdf4 
  xmm2=0xb7450000b7450000180f0000180f xmm3=0xb2100000b2100008e0b00008e0b 
  xmm4=0x115b0000115b0000097300000973 xmm5=0x674a0000674a000016b1000016b1 
  xmm6=0xe2920000e2920000788700007887 xmm7=0xb9b60000b9b60000edc30000edc3 

0x3253: mfence 
  rax=0x0000000000000000 rbx=0x0000000000001600 rcx=0x00000000000001a4 rdx=0x0000000000000000
  rsi=0x1e0000031e0000d8 rdi=0x00000000000016dd flags=0b000000000110
  xmm0=0xc07c0000c07c0000b0530000b053 xmm1=0xb2900000b290000fdf40000fdf4 
  xmm2=0xb7450000b7450000180f0000180f xmm3=0xb2100000b2100008e0b00008e0b 
  xmm4=0x115b0000115b0000097300000973 xmm5=0x674a0000674a000016b1000016b1 
  xmm6=0xe2920000e2920000788700007887 xmm7=0xb9b60000b9b60000edc30000edc3 

0x3256: lfence 
  rax=0x0000000000000000 rbx=0x0000000000001600 rcx=0x00000000000001a4 rdx=0x0000000000000000
  rsi=0x1e0000031e0000d8 rdi=0x00000000000016dd flags=0b000000000110
  xmm0=0xc07c0000c07c0000b0530000b053 xmm1=0xb2900000b290000fdf40000fdf4 
  xmm2=0xb7450000b7450000180f0000180f xmm3=0xb2100000b2100008e0b00008e0b 
  xmm4=0x115b0000115b0000097300000973 xmm5=0x674a0000674a000016b1000016b1 
  xmm6=0xe2920000e2920000788700007887 xmm7=0xb9b60000b9b60000edc30000edc3 

0x3259: macro .switch, .main.function_main_1
  rax=0x0000000000000000 rbx=0x0000000000001600 rcx=0x00000000000001a4 rdx=0x0000000000000000
  rsi=0x1e0000031e0000d8 rdi=0x00000000000016dd flags=0b000000000110
  xmm0=0xc07c0000c07c0000b0530000b053 xmm1=0xb2900000b290000fdf40000fdf4 
  xmm2=0xb7450000b7450000180f0000180f xmm3=0xb2100000b2100008e0b00008e0b 
  xmm4=0x115b0000115b0000097300000973 xmm5=0x674a0000674a000016b1000016b1 
  xmm6=0xe2920000e2920000788700007887 xmm7=0xb9b60000b9b60000edc30000edc3 

0x1f1: nop  [test_case_exit]
  rax=0x0000000000000000 rbx=0x0000000000001600 rcx=0x00000000000001a4 rdx=0x0000000000000000
  rsi=0x1e0000031e0000d8 rdi=0x00000000000016dd flags=0b000000000110
  xmm0=0xc07c0000c07c0000b0530000b053 xmm1=0xb2900000b290000fdf40000fdf4 
  xmm2=0xb7450000b7450000180f0000180f xmm3=0xb2100000b2100008e0b00008e0b 
  xmm4=0x115b0000115b0000097300000973 xmm5=0x674a0000674a000016b1000016b1 
  xmm6=0xe2920000e2920000788700007887 xmm7=0xb9b60000b9b60000edc30000edc3 





================================ Statistics ===================================

Test Cases: 1
Inputs per test case: 100.0
Violations: 1
Effectiveness: 
  Total Cls: 50.0
  Effective Cls: 50.0
Discarded Test Cases:
  Speculation Filter: 0
  Observation Filter: 0
  Fast Path: 0
  Max Nesting Check: 0
  Tainting Check: 0
  Early Priming Check: 0
  Large Sample Check: 0
  Priming Check: 0

Duration: 10.9
Finished at 23:28:06
