
INFO: [fuzzer] Starting at 23:35:17
> Entering slow path...> Priming  10             > Priming  9             > Priming  8             > Priming  7             > Priming  6             > Priming  5             > Priming  4             > Priming  3             > Priming  2              > Increase sample size to 320> Priming  10             > Priming  9             > Priming  8             > Priming  7             > Priming  6             > Priming  5             > Priming  4             > Priming  3             > Priming  2             

================================ Violations detected ==========================
Contract trace:
 5465555898202642935 (hash)
Hardware traces:
  Input group 1: [43]
  Input group 2: [93]
  ^^^^..^.^^^....................................^................ [204    | 320   ]
  ^^^^..^..^^....................................^................ [116    | 0     ]

================================ Violation Traces =============================
                      ##### Input 43 #####

                     ##### Input 0 #####
0x0 : and rdi, 0b1111111111000
  rax=0x0000310f0000310f rbx=0x0000445f0000445f rcx=0x000088a7000088a7 rdx=0x0000e05e0000e05e
  rsi=0x0000d8e50000d8e5 rdi=0x0000c11e0000c11e flags=0b000000000111
  xmm0=0xc4ed0000c4ed000006ea000006ea xmm1=0xfbf00000fbf0000198600001986 
  xmm2=0xe10b0000e10b0000978900009789 xmm3=0x4d5700004d570000116000001160 
  xmm4=0x4d5b00004d5b00006cfe00006cfe xmm5=0x7518000075180000e3230000e323 
  xmm6=0xd0ce0000d0ce0000a4e30000a4e3 xmm7=0xf9220000f9220000b0c80000b0c8 

0x7 : lock xadd [r14 +rdi], dl
  rax=0x0000310f0000310f rbx=0x0000445f0000445f rcx=0x000088a7000088a7 rdx=0x0000e05e0000e05e
  rsi=0x0000d8e50000d8e5 rdi=0x0000000000000118 flags=0b000000000110
  xmm0=0xc4ed0000c4ed000006ea000006ea xmm1=0xfbf00000fbf0000198600001986 
  xmm2=0xe10b0000e10b0000978900009789 xmm3=0x4d5700004d570000116000001160 
  xmm4=0x4d5b00004d5b00006cfe00006cfe xmm5=0x7518000075180000e3230000e323 
  xmm6=0xd0ce0000d0ce0000a4e30000a4e3 xmm7=0xf9220000f9220000b0c80000b0c8 

    > load from +0x118 value 0xd5
    > store to +0x118 value 0x33
0xd : and rdx, 0b1111111111000
  rax=0x0000310f0000310f rbx=0x0000445f0000445f rcx=0x000088a7000088a7 rdx=0x0000e05e0000e0d5
  rsi=0x0000d8e50000d8e5 rdi=0x0000000000000118 flags=0b000000010111
  xmm0=0xc4ed0000c4ed000006ea000006ea xmm1=0xfbf00000fbf0000198600001986 
  xmm2=0xe10b0000e10b0000978900009789 xmm3=0x4d5700004d570000116000001160 
  xmm4=0x4d5b00004d5b00006cfe00006cfe xmm5=0x7518000075180000e3230000e323 
  xmm6=0xd0ce0000d0ce0000a4e30000a4e3 xmm7=0xf9220000f9220000b0c80000b0c8 

0x14: lock sub [r14 +rdx], dl
  rax=0x0000310f0000310f rbx=0x0000445f0000445f rcx=0x000088a7000088a7 rdx=0x00000000000000d0
  rsi=0x0000d8e50000d8e5 rdi=0x0000000000000118 flags=0b000000000010
  xmm0=0xc4ed0000c4ed000006ea000006ea xmm1=0xfbf00000fbf0000198600001986 
  xmm2=0xe10b0000e10b0000978900009789 xmm3=0x4d5700004d570000116000001160 
  xmm4=0x4d5b00004d5b00006cfe00006cfe xmm5=0x7518000075180000e3230000e323 
  xmm6=0xd0ce0000d0ce0000a4e30000a4e3 xmm7=0xf9220000f9220000b0c80000b0c8 

    > load from +0xd0 value 0xd0
    > store to +0xd0 value 0x0
0x19: dec bl
  rax=0x0000310f0000310f rbx=0x0000445f0000445f rcx=0x000088a7000088a7 rdx=0x00000000000000d0
  rsi=0x0000d8e50000d8e5 rdi=0x0000000000000118 flags=0b000001000110
  xmm0=0xc4ed0000c4ed000006ea000006ea xmm1=0xfbf00000fbf0000198600001986 
  xmm2=0xe10b0000e10b0000978900009789 xmm3=0x4d5700004d570000116000001160 
  xmm4=0x4d5b00004d5b00006cfe00006cfe xmm5=0x7518000075180000e3230000e323 
  xmm6=0xd0ce0000d0ce0000a4e30000a4e3 xmm7=0xf9220000f9220000b0c80000b0c8 

0x1b: setnle cl
  rax=0x0000310f0000310f rbx=0x0000445f0000445e rcx=0x000088a7000088a7 rdx=0x00000000000000d0
  rsi=0x0000d8e50000d8e5 rdi=0x0000000000000118 flags=0b000000000010
  xmm0=0xc4ed0000c4ed000006ea000006ea xmm1=0xfbf00000fbf0000198600001986 
  xmm2=0xe10b0000e10b0000978900009789 xmm3=0x4d5700004d570000116000001160 
  xmm4=0x4d5b00004d5b00006cfe00006cfe xmm5=0x7518000075180000e3230000e323 
  xmm6=0xd0ce0000d0ce0000a4e30000a4e3 xmm7=0xf9220000f9220000b0c80000b0c8 

0x1e: and rsi, 0b1111111111111
  rax=0x0000310f0000310f rbx=0x0000445f0000445e rcx=0x000088a700008801 rdx=0x00000000000000d0
  rsi=0x0000d8e50000d8e5 rdi=0x0000000000000118 flags=0b000000000010
  xmm0=0xc4ed0000c4ed000006ea000006ea xmm1=0xfbf00000fbf0000198600001986 
  xmm2=0xe10b0000e10b0000978900009789 xmm3=0x4d5700004d570000116000001160 
  xmm4=0x4d5b00004d5b00006cfe00006cfe xmm5=0x7518000075180000e3230000e323 
  xmm6=0xd0ce0000d0ce0000a4e30000a4e3 xmm7=0xf9220000f9220000b0c80000b0c8 

0x25: movzx rsi, [r14 +rsi]
  rax=0x0000310f0000310f rbx=0x0000445f0000445e rcx=0x000088a700008801 rdx=0x00000000000000d0
  rsi=0x00000000000018e5 rdi=0x0000000000000118 flags=0b000000000010
  xmm0=0xc4ed0000c4ed000006ea000006ea xmm1=0xfbf00000fbf0000198600001986 
  xmm2=0xe10b0000e10b0000978900009789 xmm3=0x4d5700004d570000116000001160 
  xmm4=0x4d5b00004d5b00006cfe00006cfe xmm5=0x7518000075180000e3230000e323 
  xmm6=0xd0ce0000d0ce0000a4e30000a4e3 xmm7=0xf9220000f9220000b0c80000b0c8 

    > load from +0x18e5 value 0x93
0x2a: mov bl, -35
  rax=0x0000310f0000310f rbx=0x0000445f0000445e rcx=0x000088a700008801 rdx=0x00000000000000d0
  rsi=0x0000000000000093 rdi=0x0000000000000118 flags=0b000000000010
  xmm0=0xc4ed0000c4ed000006ea000006ea xmm1=0xfbf00000fbf0000198600001986 
  xmm2=0xe10b0000e10b0000978900009789 xmm3=0x4d5700004d570000116000001160 
  xmm4=0x4d5b00004d5b00006cfe00006cfe xmm5=0x7518000075180000e3230000e323 
  xmm6=0xd0ce0000d0ce0000a4e30000a4e3 xmm7=0xf9220000f9220000b0c80000b0c8 

0x2c: and rdi, 0b1111111111111
  rax=0x0000310f0000310f rbx=0x0000445f000044dd rcx=0x000088a700008801 rdx=0x00000000000000d0
  rsi=0x0000000000000093 rdi=0x0000000000000118 flags=0b000000000010
  xmm0=0xc4ed0000c4ed000006ea000006ea xmm1=0xfbf00000fbf0000198600001986 
  xmm2=0xe10b0000e10b0000978900009789 xmm3=0x4d5700004d570000116000001160 
  xmm4=0x4d5b00004d5b00006cfe00006cfe xmm5=0x7518000075180000e3230000e323 
  xmm6=0xd0ce0000d0ce0000a4e30000a4e3 xmm7=0xf9220000f9220000b0c80000b0c8 

0x33: sets [r14 +rdi]
  rax=0x0000310f0000310f rbx=0x0000445f000044dd rcx=0x000088a700008801 rdx=0x00000000000000d0
  rsi=0x0000000000000093 rdi=0x0000000000000118 flags=0b000000000110
  xmm0=0xc4ed0000c4ed000006ea000006ea xmm1=0xfbf00000fbf0000198600001986 
  xmm2=0xe10b0000e10b0000978900009789 xmm3=0x4d5700004d570000116000001160 
  xmm4=0x4d5b00004d5b00006cfe00006cfe xmm5=0x7518000075180000e3230000e323 
  xmm6=0xd0ce0000d0ce0000a4e30000a4e3 xmm7=0xf9220000f9220000b0c80000b0c8 

    > store to +0x118 value 0x0
0x38: and rdx, 0b1111111111000
  rax=0x0000310f0000310f rbx=0x0000445f000044dd rcx=0x000088a700008801 rdx=0x00000000000000d0
  rsi=0x0000000000000093 rdi=0x0000000000000118 flags=0b000000000110
  xmm0=0xc4ed0000c4ed000006ea000006ea xmm1=0xfbf00000fbf0000198600001986 
  xmm2=0xe10b0000e10b0000978900009789 xmm3=0x4d5700004d570000116000001160 
  xmm4=0x4d5b00004d5b00006cfe00006cfe xmm5=0x7518000075180000e3230000e323 
  xmm6=0xd0ce0000d0ce0000a4e30000a4e3 xmm7=0xf9220000f9220000b0c80000b0c8 

0x3f: lock dec [r14 +rdx]
  rax=0x0000310f0000310f rbx=0x0000445f000044dd rcx=0x000088a700008801 rdx=0x00000000000000d0
  rsi=0x0000000000000093 rdi=0x0000000000000118 flags=0b000000000010
  xmm0=0xc4ed0000c4ed000006ea000006ea xmm1=0xfbf00000fbf0000198600001986 
  xmm2=0xe10b0000e10b0000978900009789 xmm3=0x4d5700004d570000116000001160 
  xmm4=0x4d5b00004d5b00006cfe00006cfe xmm5=0x7518000075180000e3230000e323 
  xmm6=0xd0ce0000d0ce0000a4e30000a4e3 xmm7=0xf9220000f9220000b0c80000b0c8 

    > load from +0xd0 value 0xad000000a00
    > store to +0xd0 value 0xad0000009ff
0x44: movsx rax, dx
  rax=0x0000310f0000310f rbx=0x0000445f000044dd rcx=0x000088a700008801 rdx=0x00000000000000d0
  rsi=0x0000000000000093 rdi=0x0000000000000118 flags=0b000000010110
  xmm0=0xc4ed0000c4ed000006ea000006ea xmm1=0xfbf00000fbf0000198600001986 
  xmm2=0xe10b0000e10b0000978900009789 xmm3=0x4d5700004d570000116000001160 
  xmm4=0x4d5b00004d5b00006cfe00006cfe xmm5=0x7518000075180000e3230000e323 
  xmm6=0xd0ce0000d0ce0000a4e30000a4e3 xmm7=0xf9220000f9220000b0c80000b0c8 

0x48: and rdx, 0b1111111111111
  rax=0x00000000000000d0 rbx=0x0000445f000044dd rcx=0x000088a700008801 rdx=0x00000000000000d0
  rsi=0x0000000000000093 rdi=0x0000000000000118 flags=0b000000010110
  xmm0=0xc4ed0000c4ed000006ea000006ea xmm1=0xfbf00000fbf0000198600001986 
  xmm2=0xe10b0000e10b0000978900009789 xmm3=0x4d5700004d570000116000001160 
  xmm4=0x4d5b00004d5b00006cfe00006cfe xmm5=0x7518000075180000e3230000e323 
  xmm6=0xd0ce0000d0ce0000a4e30000a4e3 xmm7=0xf9220000f9220000b0c80000b0c8 

0x4f: or [r14 +rdx], sil
  rax=0x00000000000000d0 rbx=0x0000445f000044dd rcx=0x000088a700008801 rdx=0x00000000000000d0
  rsi=0x0000000000000093 rdi=0x0000000000000118 flags=0b000000000010
  xmm0=0xc4ed0000c4ed000006ea000006ea xmm1=0xfbf00000fbf0000198600001986 
  xmm2=0xe10b0000e10b0000978900009789 xmm3=0x4d5700004d570000116000001160 
  xmm4=0x4d5b00004d5b00006cfe00006cfe xmm5=0x7518000075180000e3230000e323 
  xmm6=0xd0ce0000d0ce0000a4e30000a4e3 xmm7=0xf9220000f9220000b0c80000b0c8 

    > load from +0xd0 value 0xff
    > store to +0xd0 value 0xff
0x53: and rsi, 0b1111111111111
  rax=0x00000000000000d0 rbx=0x0000445f000044dd rcx=0x000088a700008801 rdx=0x00000000000000d0
  rsi=0x0000000000000093 rdi=0x0000000000000118 flags=0b000010000110
  xmm0=0xc4ed0000c4ed000006ea000006ea xmm1=0xfbf00000fbf0000198600001986 
  xmm2=0xe10b0000e10b0000978900009789 xmm3=0x4d5700004d570000116000001160 
  xmm4=0x4d5b00004d5b00006cfe00006cfe xmm5=0x7518000075180000e3230000e323 
  xmm6=0xd0ce0000d0ce0000a4e30000a4e3 xmm7=0xf9220000f9220000b0c80000b0c8 

0x5a: sub [r14 +rsi], rdx
  rax=0x00000000000000d0 rbx=0x0000445f000044dd rcx=0x000088a700008801 rdx=0x00000000000000d0
  rsi=0x0000000000000093 rdi=0x0000000000000118 flags=0b000000000110
  xmm0=0xc4ed0000c4ed000006ea000006ea xmm1=0xfbf00000fbf0000198600001986 
  xmm2=0xe10b0000e10b0000978900009789 xmm3=0x4d5700004d570000116000001160 
  xmm4=0x4d5b00004d5b00006cfe00006cfe xmm5=0x7518000075180000e3230000e323 
  xmm6=0xd0ce0000d0ce0000a4e30000a4e3 xmm7=0xf9220000f9220000b0c80000b0c8 

    > load from +0x93 value 0xfff70000318700
    > store to +0x93 value 0xfff70000318630
0x5e: and rdx, 0b1111111111000
  rax=0x00000000000000d0 rbx=0x0000445f000044dd rcx=0x000088a700008801 rdx=0x00000000000000d0
  rsi=0x0000000000000093 rdi=0x0000000000000118 flags=0b000000000110
  xmm0=0xc4ed0000c4ed000006ea000006ea xmm1=0xfbf00000fbf0000198600001986 
  xmm2=0xe10b0000e10b0000978900009789 xmm3=0x4d5700004d570000116000001160 
  xmm4=0x4d5b00004d5b00006cfe00006cfe xmm5=0x7518000075180000e3230000e323 
  xmm6=0xd0ce0000d0ce0000a4e30000a4e3 xmm7=0xf9220000f9220000b0c80000b0c8 

0x65: lock add [r14 +rdx], rdx
  rax=0x00000000000000d0 rbx=0x0000445f000044dd rcx=0x000088a700008801 rdx=0x00000000000000d0
  rsi=0x0000000000000093 rdi=0x0000000000000118 flags=0b000000000010
  xmm0=0xc4ed0000c4ed000006ea000006ea xmm1=0xfbf00000fbf0000198600001986 
  xmm2=0xe10b0000e10b0000978900009789 xmm3=0x4d5700004d570000116000001160 
  xmm4=0x4d5b00004d5b00006cfe00006cfe xmm5=0x7518000075180000e3230000e323 
  xmm6=0xd0ce0000d0ce0000a4e30000a4e3 xmm7=0xf9220000f9220000b0c80000b0c8 

    > load from +0xd0 value 0xad0000009ff
    > store to +0xd0 value 0xad000000acf
0x6a: and rsi, 0b1111111111111
  rax=0x00000000000000d0 rbx=0x0000445f000044dd rcx=0x000088a700008801 rdx=0x00000000000000d0
  rsi=0x0000000000000093 rdi=0x0000000000000118 flags=0b000000000110
  xmm0=0xc4ed0000c4ed000006ea000006ea xmm1=0xfbf00000fbf0000198600001986 
  xmm2=0xe10b0000e10b0000978900009789 xmm3=0x4d5700004d570000116000001160 
  xmm4=0x4d5b00004d5b00006cfe00006cfe xmm5=0x7518000075180000e3230000e323 
  xmm6=0xd0ce0000d0ce0000a4e30000a4e3 xmm7=0xf9220000f9220000b0c80000b0c8 

0x71: cmp [r14 +rsi], -38
  rax=0x00000000000000d0 rbx=0x0000445f000044dd rcx=0x000088a700008801 rdx=0x00000000000000d0
  rsi=0x0000000000000093 rdi=0x0000000000000118 flags=0b000000000110
  xmm0=0xc4ed0000c4ed000006ea000006ea xmm1=0xfbf00000fbf0000198600001986 
  xmm2=0xe10b0000e10b0000978900009789 xmm3=0x4d5700004d570000116000001160 
  xmm4=0x4d5b00004d5b00006cfe00006cfe xmm5=0x7518000075180000e3230000e323 
  xmm6=0xd0ce0000d0ce0000a4e30000a4e3 xmm7=0xf9220000f9220000b0c80000b0c8 

    > load from +0x93 value 0x30
0x76: and rbx, 0b1111111111111
  rax=0x00000000000000d0 rbx=0x0000445f000044dd rcx=0x000088a700008801 rdx=0x00000000000000d0
  rsi=0x0000000000000093 rdi=0x0000000000000118 flags=0b000000010111
  xmm0=0xc4ed0000c4ed000006ea000006ea xmm1=0xfbf00000fbf0000198600001986 
  xmm2=0xe10b0000e10b0000978900009789 xmm3=0x4d5700004d570000116000001160 
  xmm4=0x4d5b00004d5b00006cfe00006cfe xmm5=0x7518000075180000e3230000e323 
  xmm6=0xd0ce0000d0ce0000a4e30000a4e3 xmm7=0xf9220000f9220000b0c80000b0c8 

0x7d: add [r14 +rbx], rax
  rax=0x00000000000000d0 rbx=0x00000000000004dd rcx=0x000088a700008801 rdx=0x00000000000000d0
  rsi=0x0000000000000093 rdi=0x0000000000000118 flags=0b000000000110
  xmm0=0xc4ed0000c4ed000006ea000006ea xmm1=0xfbf00000fbf0000198600001986 
  xmm2=0xe10b0000e10b0000978900009789 xmm3=0x4d5700004d570000116000001160 
  xmm4=0x4d5b00004d5b00006cfe00006cfe xmm5=0x7518000075180000e3230000e323 
  xmm6=0xd0ce0000d0ce0000a4e30000a4e3 xmm7=0xf9220000f9220000b0c80000b0c8 

    > load from +0x4dd value 0xdc00001cdc000051
    > store to +0x4dd value 0x-23ffffe323fffedf
0x81: imul rsi
  rax=0x00000000000000d0 rbx=0x00000000000004dd rcx=0x000088a700008801 rdx=0x00000000000000d0
  rsi=0x0000000000000093 rdi=0x0000000000000118 flags=0b000010000110
  xmm0=0xc4ed0000c4ed000006ea000006ea xmm1=0xfbf00000fbf0000198600001986 
  xmm2=0xe10b0000e10b0000978900009789 xmm3=0x4d5700004d570000116000001160 
  xmm4=0x4d5b00004d5b00006cfe00006cfe xmm5=0x7518000075180000e3230000e323 
  xmm6=0xd0ce0000d0ce0000a4e30000a4e3 xmm7=0xf9220000f9220000b0c80000b0c8 

0x84: and rdi, 0b1111111111111
  rax=0x0000000000007770 rbx=0x00000000000004dd rcx=0x000088a700008801 rdx=0x0000000000000000
  rsi=0x0000000000000093 rdi=0x0000000000000118 flags=0b000000000010
  xmm0=0xc4ed0000c4ed000006ea000006ea xmm1=0xfbf00000fbf0000198600001986 
  xmm2=0xe10b0000e10b0000978900009789 xmm3=0x4d5700004d570000116000001160 
  xmm4=0x4d5b00004d5b00006cfe00006cfe xmm5=0x7518000075180000e3230000e323 
  xmm6=0xd0ce0000d0ce0000a4e30000a4e3 xmm7=0xf9220000f9220000b0c80000b0c8 

0x8b: and [r14 +rdi], rdi
  rax=0x0000000000007770 rbx=0x00000000000004dd rcx=0x000088a700008801 rdx=0x0000000000000000
  rsi=0x0000000000000093 rdi=0x0000000000000118 flags=0b000000000110
  xmm0=0xc4ed0000c4ed000006ea000006ea xmm1=0xfbf00000fbf0000198600001986 
  xmm2=0xe10b0000e10b0000978900009789 xmm3=0x4d5700004d570000116000001160 
  xmm4=0x4d5b00004d5b00006cfe00006cfe xmm5=0x7518000075180000e3230000e323 
  xmm6=0xd0ce0000d0ce0000a4e30000a4e3 xmm7=0xf9220000f9220000b0c80000b0c8 

    > load from +0x118 value 0xb6d50000b600
    > store to +0x118 value 0x0
0x8f: xchg rax, rax
  rax=0x0000000000007770 rbx=0x00000000000004dd rcx=0x000088a700008801 rdx=0x0000000000000000
  rsi=0x0000000000000093 rdi=0x0000000000000118 flags=0b000001000110
  xmm0=0xc4ed0000c4ed000006ea000006ea xmm1=0xfbf00000fbf0000198600001986 
  xmm2=0xe10b0000e10b0000978900009789 xmm3=0x4d5700004d570000116000001160 
  xmm4=0x4d5b00004d5b00006cfe00006cfe xmm5=0x7518000075180000e3230000e323 
  xmm6=0xd0ce0000d0ce0000a4e30000a4e3 xmm7=0xf9220000f9220000b0c80000b0c8 

0x90: cmp sil, 68
  rax=0x0000000000007770 rbx=0x00000000000004dd rcx=0x000088a700008801 rdx=0x0000000000000000
  rsi=0x0000000000000093 rdi=0x0000000000000118 flags=0b000001000110
  xmm0=0xc4ed0000c4ed000006ea000006ea xmm1=0xfbf00000fbf0000198600001986 
  xmm2=0xe10b0000e10b0000978900009789 xmm3=0x4d5700004d570000116000001160 
  xmm4=0x4d5b00004d5b00006cfe00006cfe xmm5=0x7518000075180000e3230000e323 
  xmm6=0xd0ce0000d0ce0000a4e30000a4e3 xmm7=0xf9220000f9220000b0c80000b0c8 

0x94: and rbx, 0b1111111111111
  rax=0x0000000000007770 rbx=0x00000000000004dd rcx=0x000088a700008801 rdx=0x0000000000000000
  rsi=0x0000000000000093 rdi=0x0000000000000118 flags=0b100000010010
  xmm0=0xc4ed0000c4ed000006ea000006ea xmm1=0xfbf00000fbf0000198600001986 
  xmm2=0xe10b0000e10b0000978900009789 xmm3=0x4d5700004d570000116000001160 
  xmm4=0x4d5b00004d5b00006cfe00006cfe xmm5=0x7518000075180000e3230000e323 
  xmm6=0xd0ce0000d0ce0000a4e30000a4e3 xmm7=0xf9220000f9220000b0c80000b0c8 

0x9b: bt [r14 +rbx], -97
  rax=0x0000000000007770 rbx=0x00000000000004dd rcx=0x000088a700008801 rdx=0x0000000000000000
  rsi=0x0000000000000093 rdi=0x0000000000000118 flags=0b000000000110
  xmm0=0xc4ed0000c4ed000006ea000006ea xmm1=0xfbf00000fbf0000198600001986 
  xmm2=0xe10b0000e10b0000978900009789 xmm3=0x4d5700004d570000116000001160 
  xmm4=0x4d5b00004d5b00006cfe00006cfe xmm5=0x7518000075180000e3230000e323 
  xmm6=0xd0ce0000d0ce0000a4e30000a4e3 xmm7=0xf9220000f9220000b0c80000b0c8 

    > load from +0x4dd value 0xdc000121
0xa1: xadd edi, edx
  rax=0x0000000000007770 rbx=0x00000000000004dd rcx=0x000088a700008801 rdx=0x0000000000000000
  rsi=0x0000000000000093 rdi=0x0000000000000118 flags=0b000000000111
  xmm0=0xc4ed0000c4ed000006ea000006ea xmm1=0xfbf00000fbf0000198600001986 
  xmm2=0xe10b0000e10b0000978900009789 xmm3=0x4d5700004d570000116000001160 
  xmm4=0x4d5b00004d5b00006cfe00006cfe xmm5=0x7518000075180000e3230000e323 
  xmm6=0xd0ce0000d0ce0000a4e30000a4e3 xmm7=0xf9220000f9220000b0c80000b0c8 

0xa4: and rax, 0b1111111111000
  rax=0x0000000000007770 rbx=0x00000000000004dd rcx=0x000088a700008801 rdx=0x0000000000000118
  rsi=0x0000000000000093 rdi=0x0000000000000118 flags=0b000000000110
  xmm0=0xc4ed0000c4ed000006ea000006ea xmm1=0xfbf00000fbf0000198600001986 
  xmm2=0xe10b0000e10b0000978900009789 xmm3=0x4d5700004d570000116000001160 
  xmm4=0x4d5b00004d5b00006cfe00006cfe xmm5=0x7518000075180000e3230000e323 
  xmm6=0xd0ce0000d0ce0000a4e30000a4e3 xmm7=0xf9220000f9220000b0c80000b0c8 

0xaa: lock adc [r14 +rax], -93
  rax=0x0000000000001770 rbx=0x00000000000004dd rcx=0x000088a700008801 rdx=0x0000000000000118
  rsi=0x0000000000000093 rdi=0x0000000000000118 flags=0b000000000010
  xmm0=0xc4ed0000c4ed000006ea000006ea xmm1=0xfbf00000fbf0000198600001986 
  xmm2=0xe10b0000e10b0000978900009789 xmm3=0x4d5700004d570000116000001160 
  xmm4=0x4d5b00004d5b00006cfe00006cfe xmm5=0x7518000075180000e3230000e323 
  xmm6=0xd0ce0000d0ce0000a4e30000a4e3 xmm7=0xf9220000f9220000b0c80000b0c8 

    > load from +0x1770 value 0x3ce200003ce2
    > store to +0x1770 value 0x3ce200003c85
0xb0: or al, 1
  rax=0x0000000000001770 rbx=0x00000000000004dd rcx=0x000088a700008801 rdx=0x0000000000000118
  rsi=0x0000000000000093 rdi=0x0000000000000118 flags=0b000000000011
  xmm0=0xc4ed0000c4ed000006ea000006ea xmm1=0xfbf00000fbf0000198600001986 
  xmm2=0xe10b0000e10b0000978900009789 xmm3=0x4d5700004d570000116000001160 
  xmm4=0x4d5b00004d5b00006cfe00006cfe xmm5=0x7518000075180000e3230000e323 
  xmm6=0xd0ce0000d0ce0000a4e30000a4e3 xmm7=0xf9220000f9220000b0c80000b0c8 

0xb2: mov ax, 1
  rax=0x0000000000001771 rbx=0x00000000000004dd rcx=0x000088a700008801 rdx=0x0000000000000118
  rsi=0x0000000000000093 rdi=0x0000000000000118 flags=0b000000000110
  xmm0=0xc4ed0000c4ed000006ea000006ea xmm1=0xfbf00000fbf0000198600001986 
  xmm2=0xe10b0000e10b0000978900009789 xmm3=0x4d5700004d570000116000001160 
  xmm4=0x4d5b00004d5b00006cfe00006cfe xmm5=0x7518000075180000e3230000e323 
  xmm6=0xd0ce0000d0ce0000a4e30000a4e3 xmm7=0xf9220000f9220000b0c80000b0c8 

0xb6: div al
  rax=0x0000000000000001 rbx=0x00000000000004dd rcx=0x000088a700008801 rdx=0x0000000000000118
  rsi=0x0000000000000093 rdi=0x0000000000000118 flags=0b000000000110
  xmm0=0xc4ed0000c4ed000006ea000006ea xmm1=0xfbf00000fbf0000198600001986 
  xmm2=0xe10b0000e10b0000978900009789 xmm3=0x4d5700004d570000116000001160 
  xmm4=0x4d5b00004d5b00006cfe00006cfe xmm5=0x7518000075180000e3230000e323 
  xmm6=0xd0ce0000d0ce0000a4e30000a4e3 xmm7=0xf9220000f9220000b0c80000b0c8 

0xb8: add sil, -82
  rax=0x0000000000000001 rbx=0x00000000000004dd rcx=0x000088a700008801 rdx=0x0000000000000118
  rsi=0x0000000000000093 rdi=0x0000000000000118 flags=0b000000000110
  xmm0=0xc4ed0000c4ed000006ea000006ea xmm1=0xfbf00000fbf0000198600001986 
  xmm2=0xe10b0000e10b0000978900009789 xmm3=0x4d5700004d570000116000001160 
  xmm4=0x4d5b00004d5b00006cfe00006cfe xmm5=0x7518000075180000e3230000e323 
  xmm6=0xd0ce0000d0ce0000a4e30000a4e3 xmm7=0xf9220000f9220000b0c80000b0c8 

0xbc: setl cl
  rax=0x0000000000000001 rbx=0x00000000000004dd rcx=0x000088a700008801 rdx=0x0000000000000118
  rsi=0x0000000000000041 rdi=0x0000000000000118 flags=0b100000010111
  xmm0=0xc4ed0000c4ed000006ea000006ea xmm1=0xfbf00000fbf0000198600001986 
  xmm2=0xe10b0000e10b0000978900009789 xmm3=0x4d5700004d570000116000001160 
  xmm4=0x4d5b00004d5b00006cfe00006cfe xmm5=0x7518000075180000e3230000e323 
  xmm6=0xd0ce0000d0ce0000a4e30000a4e3 xmm7=0xf9220000f9220000b0c80000b0c8 

0xbf: bts ebx, ebx
  rax=0x0000000000000001 rbx=0x00000000000004dd rcx=0x000088a700008801 rdx=0x0000000000000118
  rsi=0x0000000000000041 rdi=0x0000000000000118 flags=0b100000010111
  xmm0=0xc4ed0000c4ed000006ea000006ea xmm1=0xfbf00000fbf0000198600001986 
  xmm2=0xe10b0000e10b0000978900009789 xmm3=0x4d5700004d570000116000001160 
  xmm4=0x4d5b00004d5b00006cfe00006cfe xmm5=0x7518000075180000e3230000e323 
  xmm6=0xd0ce0000d0ce0000a4e30000a4e3 xmm7=0xf9220000f9220000b0c80000b0c8 

0xc2: add sil, 106
  rax=0x0000000000000001 rbx=0x00000000200004dd rcx=0x000088a700008801 rdx=0x0000000000000118
  rsi=0x0000000000000041 rdi=0x0000000000000118 flags=0b100000010110
  xmm0=0xc4ed0000c4ed000006ea000006ea xmm1=0xfbf00000fbf0000198600001986 
  xmm2=0xe10b0000e10b0000978900009789 xmm3=0x4d5700004d570000116000001160 
  xmm4=0x4d5b00004d5b00006cfe00006cfe xmm5=0x7518000075180000e3230000e323 
  xmm6=0xd0ce0000d0ce0000a4e30000a4e3 xmm7=0xf9220000f9220000b0c80000b0c8 

0xc6: cmovbe edx, ecx
  rax=0x0000000000000001 rbx=0x00000000200004dd rcx=0x000088a700008801 rdx=0x0000000000000118
  rsi=0x00000000000000ab rdi=0x0000000000000118 flags=0b100010000010
  xmm0=0xc4ed0000c4ed000006ea000006ea xmm1=0xfbf00000fbf0000198600001986 
  xmm2=0xe10b0000e10b0000978900009789 xmm3=0x4d5700004d570000116000001160 
  xmm4=0x4d5b00004d5b00006cfe00006cfe xmm5=0x7518000075180000e3230000e323 
  xmm6=0xd0ce0000d0ce0000a4e30000a4e3 xmm7=0xf9220000f9220000b0c80000b0c8 

0xc9: setp bl
  rax=0x0000000000000001 rbx=0x00000000200004dd rcx=0x000088a700008801 rdx=0x0000000000000118
  rsi=0x00000000000000ab rdi=0x0000000000000118 flags=0b100010000010
  xmm0=0xc4ed0000c4ed000006ea000006ea xmm1=0xfbf00000fbf0000198600001986 
  xmm2=0xe10b0000e10b0000978900009789 xmm3=0x4d5700004d570000116000001160 
  xmm4=0x4d5b00004d5b00006cfe00006cfe xmm5=0x7518000075180000e3230000e323 
  xmm6=0xd0ce0000d0ce0000a4e30000a4e3 xmm7=0xf9220000f9220000b0c80000b0c8 

0xcc: and rdx, 0b1111111111000
  rax=0x0000000000000001 rbx=0x0000000020000400 rcx=0x000088a700008801 rdx=0x0000000000000118
  rsi=0x00000000000000ab rdi=0x0000000000000118 flags=0b100010000010
  xmm0=0xc4ed0000c4ed000006ea000006ea xmm1=0xfbf00000fbf0000198600001986 
  xmm2=0xe10b0000e10b0000978900009789 xmm3=0x4d5700004d570000116000001160 
  xmm4=0x4d5b00004d5b00006cfe00006cfe xmm5=0x7518000075180000e3230000e323 
  xmm6=0xd0ce0000d0ce0000a4e30000a4e3 xmm7=0xf9220000f9220000b0c80000b0c8 

0xd3: lock adc [r14 +rdx], edi
  rax=0x0000000000000001 rbx=0x0000000020000400 rcx=0x000088a700008801 rdx=0x0000000000000118
  rsi=0x00000000000000ab rdi=0x0000000000000118 flags=0b000000000110
  xmm0=0xc4ed0000c4ed000006ea000006ea xmm1=0xfbf00000fbf0000198600001986 
  xmm2=0xe10b0000e10b0000978900009789 xmm3=0x4d5700004d570000116000001160 
  xmm4=0x4d5b00004d5b00006cfe00006cfe xmm5=0x7518000075180000e3230000e323 
  xmm6=0xd0ce0000d0ce0000a4e30000a4e3 xmm7=0xf9220000f9220000b0c80000b0c8 

    > load from +0x118 value 0x0
    > store to +0x118 value 0x118
0xd8: xchg rsi, rax
  rax=0x0000000000000001 rbx=0x0000000020000400 rcx=0x000088a700008801 rdx=0x0000000000000118
  rsi=0x00000000000000ab rdi=0x0000000000000118 flags=0b000000000110
  xmm0=0xc4ed0000c4ed000006ea000006ea xmm1=0xfbf00000fbf0000198600001986 
  xmm2=0xe10b0000e10b0000978900009789 xmm3=0x4d5700004d570000116000001160 
  xmm4=0x4d5b00004d5b00006cfe00006cfe xmm5=0x7518000075180000e3230000e323 
  xmm6=0xd0ce0000d0ce0000a4e30000a4e3 xmm7=0xf9220000f9220000b0c80000b0c8 

0xda: and al, -86
  rax=0x00000000000000ab rbx=0x0000000020000400 rcx=0x000088a700008801 rdx=0x0000000000000118
  rsi=0x0000000000000001 rdi=0x0000000000000118 flags=0b000000000110
  xmm0=0xc4ed0000c4ed000006ea000006ea xmm1=0xfbf00000fbf0000198600001986 
  xmm2=0xe10b0000e10b0000978900009789 xmm3=0x4d5700004d570000116000001160 
  xmm4=0x4d5b00004d5b00006cfe00006cfe xmm5=0x7518000075180000e3230000e323 
  xmm6=0xd0ce0000d0ce0000a4e30000a4e3 xmm7=0xf9220000f9220000b0c80000b0c8 

0xdc: cdq 
  rax=0x00000000000000aa rbx=0x0000000020000400 rcx=0x000088a700008801 rdx=0x0000000000000118
  rsi=0x0000000000000001 rdi=0x0000000000000118 flags=0b000010000110
  xmm0=0xc4ed0000c4ed000006ea000006ea xmm1=0xfbf00000fbf0000198600001986 
  xmm2=0xe10b0000e10b0000978900009789 xmm3=0x4d5700004d570000116000001160 
  xmm4=0x4d5b00004d5b00006cfe00006cfe xmm5=0x7518000075180000e3230000e323 
  xmm6=0xd0ce0000d0ce0000a4e30000a4e3 xmm7=0xf9220000f9220000b0c80000b0c8 

0xdd: imul ebx
  rax=0x00000000000000aa rbx=0x0000000020000400 rcx=0x000088a700008801 rdx=0x0000000000000000
  rsi=0x0000000000000001 rdi=0x0000000000000118 flags=0b000010000110
  xmm0=0xc4ed0000c4ed000006ea000006ea xmm1=0xfbf00000fbf0000198600001986 
  xmm2=0xe10b0000e10b0000978900009789 xmm3=0x4d5700004d570000116000001160 
  xmm4=0x4d5b00004d5b00006cfe00006cfe xmm5=0x7518000075180000e3230000e323 
  xmm6=0xd0ce0000d0ce0000a4e30000a4e3 xmm7=0xf9220000f9220000b0c80000b0c8 

0xdf: add dil, 16
  rax=0x000000004002a800 rbx=0x0000000020000400 rcx=0x000088a700008801 rdx=0x0000000000000015
  rsi=0x0000000000000001 rdi=0x0000000000000118 flags=0b100000000111
  xmm0=0xc4ed0000c4ed000006ea000006ea xmm1=0xfbf00000fbf0000198600001986 
  xmm2=0xe10b0000e10b0000978900009789 xmm3=0x4d5700004d570000116000001160 
  xmm4=0x4d5b00004d5b00006cfe00006cfe xmm5=0x7518000075180000e3230000e323 
  xmm6=0xd0ce0000d0ce0000a4e30000a4e3 xmm7=0xf9220000f9220000b0c80000b0c8 

0xe3: and rdi, 0b1111111111111
  rax=0x000000004002a800 rbx=0x0000000020000400 rcx=0x000088a700008801 rdx=0x0000000000000015
  rsi=0x0000000000000001 rdi=0x0000000000000128 flags=0b000000000110
  xmm0=0xc4ed0000c4ed000006ea000006ea xmm1=0xfbf00000fbf0000198600001986 
  xmm2=0xe10b0000e10b0000978900009789 xmm3=0x4d5700004d570000116000001160 
  xmm4=0x4d5b00004d5b00006cfe00006cfe xmm5=0x7518000075180000e3230000e323 
  xmm6=0xd0ce0000d0ce0000a4e30000a4e3 xmm7=0xf9220000f9220000b0c80000b0c8 

0xea: cmovs rsi, [r14 +rdi]
  rax=0x000000004002a800 rbx=0x0000000020000400 rcx=0x000088a700008801 rdx=0x0000000000000015
  rsi=0x0000000000000001 rdi=0x0000000000000128 flags=0b000000000110
  xmm0=0xc4ed0000c4ed000006ea000006ea xmm1=0xfbf00000fbf0000198600001986 
  xmm2=0xe10b0000e10b0000978900009789 xmm3=0x4d5700004d570000116000001160 
  xmm4=0x4d5b00004d5b00006cfe00006cfe xmm5=0x7518000075180000e3230000e323 
  xmm6=0xd0ce0000d0ce0000a4e30000a4e3 xmm7=0xf9220000f9220000b0c80000b0c8 

    > load from +0x128 value 0x39d3000039d3
0xef: setnp cl
  rax=0x000000004002a800 rbx=0x0000000020000400 rcx=0x000088a700008801 rdx=0x0000000000000015
  rsi=0x0000000000000001 rdi=0x0000000000000128 flags=0b000000000110
  xmm0=0xc4ed0000c4ed000006ea000006ea xmm1=0xfbf00000fbf0000198600001986 
  xmm2=0xe10b0000e10b0000978900009789 xmm3=0x4d5700004d570000116000001160 
  xmm4=0x4d5b00004d5b00006cfe00006cfe xmm5=0x7518000075180000e3230000e323 
  xmm6=0xd0ce0000d0ce0000a4e30000a4e3 xmm7=0xf9220000f9220000b0c80000b0c8 

0xf2: and rax, 0b1111111111000
  rax=0x000000004002a800 rbx=0x0000000020000400 rcx=0x000088a700008800 rdx=0x0000000000000015
  rsi=0x0000000000000001 rdi=0x0000000000000128 flags=0b000000000110
  xmm0=0xc4ed0000c4ed000006ea000006ea xmm1=0xfbf00000fbf0000198600001986 
  xmm2=0xe10b0000e10b0000978900009789 xmm3=0x4d5700004d570000116000001160 
  xmm4=0x4d5b00004d5b00006cfe00006cfe xmm5=0x7518000075180000e3230000e323 
  xmm6=0xd0ce0000d0ce0000a4e30000a4e3 xmm7=0xf9220000f9220000b0c80000b0c8 

0xf8: lock xor [r14 +rax], 107
  rax=0x0000000000000800 rbx=0x0000000020000400 rcx=0x000088a700008800 rdx=0x0000000000000015
  rsi=0x0000000000000001 rdi=0x0000000000000128 flags=0b000000000110
  xmm0=0xc4ed0000c4ed000006ea000006ea xmm1=0xfbf00000fbf0000198600001986 
  xmm2=0xe10b0000e10b0000978900009789 xmm3=0x4d5700004d570000116000001160 
  xmm4=0x4d5b00004d5b00006cfe00006cfe xmm5=0x7518000075180000e3230000e323 
  xmm6=0xd0ce0000d0ce0000a4e30000a4e3 xmm7=0xf9220000f9220000b0c80000b0c8 

    > load from +0x800 value 0x91
    > store to +0x800 value 0xfa
0xfe: and rdi, 0b1111111111000
  rax=0x0000000000000800 rbx=0x0000000020000400 rcx=0x000088a700008800 rdx=0x0000000000000015
  rsi=0x0000000000000001 rdi=0x0000000000000128 flags=0b000010000110
  xmm0=0xc4ed0000c4ed000006ea000006ea xmm1=0xfbf00000fbf0000198600001986 
  xmm2=0xe10b0000e10b0000978900009789 xmm3=0x4d5700004d570000116000001160 
  xmm4=0x4d5b00004d5b00006cfe00006cfe xmm5=0x7518000075180000e3230000e323 
  xmm6=0xd0ce0000d0ce0000a4e30000a4e3 xmm7=0xf9220000f9220000b0c80000b0c8 

0x105: lock add [r14 +rdi], dl
  rax=0x0000000000000800 rbx=0x0000000020000400 rcx=0x000088a700008800 rdx=0x0000000000000015
  rsi=0x0000000000000001 rdi=0x0000000000000128 flags=0b000000000110
  xmm0=0xc4ed0000c4ed000006ea000006ea xmm1=0xfbf00000fbf0000198600001986 
  xmm2=0xe10b0000e10b0000978900009789 xmm3=0x4d5700004d570000116000001160 
  xmm4=0x4d5b00004d5b00006cfe00006cfe xmm5=0x7518000075180000e3230000e323 
  xmm6=0xd0ce0000d0ce0000a4e30000a4e3 xmm7=0xf9220000f9220000b0c80000b0c8 

    > load from +0x128 value 0xd3
    > store to +0x128 value 0xe8
0x10a: and rax, 0b1111111111111
  rax=0x0000000000000800 rbx=0x0000000020000400 rcx=0x000088a700008800 rdx=0x0000000000000015
  rsi=0x0000000000000001 rdi=0x0000000000000128 flags=0b000010000110
  xmm0=0xc4ed0000c4ed000006ea000006ea xmm1=0xfbf00000fbf0000198600001986 
  xmm2=0xe10b0000e10b0000978900009789 xmm3=0x4d5700004d570000116000001160 
  xmm4=0x4d5b00004d5b00006cfe00006cfe xmm5=0x7518000075180000e3230000e323 
  xmm6=0xd0ce0000d0ce0000a4e30000a4e3 xmm7=0xf9220000f9220000b0c80000b0c8 

0x110: cmovno cx, [r14 +rax]
  rax=0x0000000000000800 rbx=0x0000000020000400 rcx=0x000088a700008800 rdx=0x0000000000000015
  rsi=0x0000000000000001 rdi=0x0000000000000128 flags=0b000000000110
  xmm0=0xc4ed0000c4ed000006ea000006ea xmm1=0xfbf00000fbf0000198600001986 
  xmm2=0xe10b0000e10b0000978900009789 xmm3=0x4d5700004d570000116000001160 
  xmm4=0x4d5b00004d5b00006cfe00006cfe xmm5=0x7518000075180000e3230000e323 
  xmm6=0xd0ce0000d0ce0000a4e30000a4e3 xmm7=0xf9220000f9220000b0c80000b0c8 

    > load from +0x800 value 0x9cfa
0x116: sub edi, -95
  rax=0x0000000000000800 rbx=0x0000000020000400 rcx=0x000088a700009cfa rdx=0x0000000000000015
  rsi=0x0000000000000001 rdi=0x0000000000000128 flags=0b000000000110
  xmm0=0xc4ed0000c4ed000006ea000006ea xmm1=0xfbf00000fbf0000198600001986 
  xmm2=0xe10b0000e10b0000978900009789 xmm3=0x4d5700004d570000116000001160 
  xmm4=0x4d5b00004d5b00006cfe00006cfe xmm5=0x7518000075180000e3230000e323 
  xmm6=0xd0ce0000d0ce0000a4e30000a4e3 xmm7=0xf9220000f9220000b0c80000b0c8 

0x119: cmp dl, -91
  rax=0x0000000000000800 rbx=0x0000000020000400 rcx=0x000088a700009cfa rdx=0x0000000000000015
  rsi=0x0000000000000001 rdi=0x0000000000000187 flags=0b000000000111
  xmm0=0xc4ed0000c4ed000006ea000006ea xmm1=0xfbf00000fbf0000198600001986 
  xmm2=0xe10b0000e10b0000978900009789 xmm3=0x4d5700004d570000116000001160 
  xmm4=0x4d5b00004d5b00006cfe00006cfe xmm5=0x7518000075180000e3230000e323 
  xmm6=0xd0ce0000d0ce0000a4e30000a4e3 xmm7=0xf9220000f9220000b0c80000b0c8 

0x11c: and rdi, 0b1111111111111
  rax=0x0000000000000800 rbx=0x0000000020000400 rcx=0x000088a700009cfa rdx=0x0000000000000015
  rsi=0x0000000000000001 rdi=0x0000000000000187 flags=0b000000000011
  xmm0=0xc4ed0000c4ed000006ea000006ea xmm1=0xfbf00000fbf0000198600001986 
  xmm2=0xe10b0000e10b0000978900009789 xmm3=0x4d5700004d570000116000001160 
  xmm4=0x4d5b00004d5b00006cfe00006cfe xmm5=0x7518000075180000e3230000e323 
  xmm6=0xd0ce0000d0ce0000a4e30000a4e3 xmm7=0xf9220000f9220000b0c80000b0c8 

0x123: add [r14 +rdi], bl
  rax=0x0000000000000800 rbx=0x0000000020000400 rcx=0x000088a700009cfa rdx=0x0000000000000015
  rsi=0x0000000000000001 rdi=0x0000000000000187 flags=0b000000000110
  xmm0=0xc4ed0000c4ed000006ea000006ea xmm1=0xfbf00000fbf0000198600001986 
  xmm2=0xe10b0000e10b0000978900009789 xmm3=0x4d5700004d570000116000001160 
  xmm4=0x4d5b00004d5b00006cfe00006cfe xmm5=0x7518000075180000e3230000e323 
  xmm6=0xd0ce0000d0ce0000a4e30000a4e3 xmm7=0xf9220000f9220000b0c80000b0c8 

    > load from +0x187 value 0x0
    > store to +0x187 value 0x0
0x127: and rdi, 0b1111111111111
  rax=0x0000000000000800 rbx=0x0000000020000400 rcx=0x000088a700009cfa rdx=0x0000000000000015
  rsi=0x0000000000000001 rdi=0x0000000000000187 flags=0b000001000110
  xmm0=0xc4ed0000c4ed000006ea000006ea xmm1=0xfbf00000fbf0000198600001986 
  xmm2=0xe10b0000e10b0000978900009789 xmm3=0x4d5700004d570000116000001160 
  xmm4=0x4d5b00004d5b00006cfe00006cfe xmm5=0x7518000075180000e3230000e323 
  xmm6=0xd0ce0000d0ce0000a4e30000a4e3 xmm7=0xf9220000f9220000b0c80000b0c8 

0x12e: cmp dl, [r14 +rdi]
  rax=0x0000000000000800 rbx=0x0000000020000400 rcx=0x000088a700009cfa rdx=0x0000000000000015
  rsi=0x0000000000000001 rdi=0x0000000000000187 flags=0b000000000110
  xmm0=0xc4ed0000c4ed000006ea000006ea xmm1=0xfbf00000fbf0000198600001986 
  xmm2=0xe10b0000e10b0000978900009789 xmm3=0x4d5700004d570000116000001160 
  xmm4=0x4d5b00004d5b00006cfe00006cfe xmm5=0x7518000075180000e3230000e323 
  xmm6=0xd0ce0000d0ce0000a4e30000a4e3 xmm7=0xf9220000f9220000b0c80000b0c8 

    > load from +0x187 value 0x0
0x132: mov bx, -20818
  rax=0x0000000000000800 rbx=0x0000000020000400 rcx=0x000088a700009cfa rdx=0x0000000000000015
  rsi=0x0000000000000001 rdi=0x0000000000000187 flags=0b000000000010
  xmm0=0xc4ed0000c4ed000006ea000006ea xmm1=0xfbf00000fbf0000198600001986 
  xmm2=0xe10b0000e10b0000978900009789 xmm3=0x4d5700004d570000116000001160 
  xmm4=0x4d5b00004d5b00006cfe00006cfe xmm5=0x7518000075180000e3230000e323 
  xmm6=0xd0ce0000d0ce0000a4e30000a4e3 xmm7=0xf9220000f9220000b0c80000b0c8 

0x136: stc 
  rax=0x0000000000000800 rbx=0x000000002000aeae rcx=0x000088a700009cfa rdx=0x0000000000000015
  rsi=0x0000000000000001 rdi=0x0000000000000187 flags=0b000000000010
  xmm0=0xc4ed0000c4ed000006ea000006ea xmm1=0xfbf00000fbf0000198600001986 
  xmm2=0xe10b0000e10b0000978900009789 xmm3=0x4d5700004d570000116000001160 
  xmm4=0x4d5b00004d5b00006cfe00006cfe xmm5=0x7518000075180000e3230000e323 
  xmm6=0xd0ce0000d0ce0000a4e30000a4e3 xmm7=0xf9220000f9220000b0c80000b0c8 

0x137: and rdx, 0b1111111111111
  rax=0x0000000000000800 rbx=0x000000002000aeae rcx=0x000088a700009cfa rdx=0x0000000000000015
  rsi=0x0000000000000001 rdi=0x0000000000000187 flags=0b000000000011
  xmm0=0xc4ed0000c4ed000006ea000006ea xmm1=0xfbf00000fbf0000198600001986 
  xmm2=0xe10b0000e10b0000978900009789 xmm3=0x4d5700004d570000116000001160 
  xmm4=0x4d5b00004d5b00006cfe00006cfe xmm5=0x7518000075180000e3230000e323 
  xmm6=0xd0ce0000d0ce0000a4e30000a4e3 xmm7=0xf9220000f9220000b0c80000b0c8 

0x13e: cmovo di, [r14 +rdx]
  rax=0x0000000000000800 rbx=0x000000002000aeae rcx=0x000088a700009cfa rdx=0x0000000000000015
  rsi=0x0000000000000001 rdi=0x0000000000000187 flags=0b000000000010
  xmm0=0xc4ed0000c4ed000006ea000006ea xmm1=0xfbf00000fbf0000198600001986 
  xmm2=0xe10b0000e10b0000978900009789 xmm3=0x4d5700004d570000116000001160 
  xmm4=0x4d5b00004d5b00006cfe00006cfe xmm5=0x7518000075180000e3230000e323 
  xmm6=0xd0ce0000d0ce0000a4e30000a4e3 xmm7=0xf9220000f9220000b0c80000b0c8 

    > load from +0x15 value 0xb5
0x144: and rsi, 0b1111111111111
  rax=0x0000000000000800 rbx=0x000000002000aeae rcx=0x000088a700009cfa rdx=0x0000000000000015
  rsi=0x0000000000000001 rdi=0x0000000000000187 flags=0b000000000010
  xmm0=0xc4ed0000c4ed000006ea000006ea xmm1=0xfbf00000fbf0000198600001986 
  xmm2=0xe10b0000e10b0000978900009789 xmm3=0x4d5700004d570000116000001160 
  xmm4=0x4d5b00004d5b00006cfe00006cfe xmm5=0x7518000075180000e3230000e323 
  xmm6=0xd0ce0000d0ce0000a4e30000a4e3 xmm7=0xf9220000f9220000b0c80000b0c8 

0x14b: test [r14 +rsi], di
  rax=0x0000000000000800 rbx=0x000000002000aeae rcx=0x000088a700009cfa rdx=0x0000000000000015
  rsi=0x0000000000000001 rdi=0x0000000000000187 flags=0b000000000010
  xmm0=0xc4ed0000c4ed000006ea000006ea xmm1=0xfbf00000fbf0000198600001986 
  xmm2=0xe10b0000e10b0000978900009789 xmm3=0x4d5700004d570000116000001160 
  xmm4=0x4d5b00004d5b00006cfe00006cfe xmm5=0x7518000075180000e3230000e323 
  xmm6=0xd0ce0000d0ce0000a4e30000a4e3 xmm7=0xf9220000f9220000b0c80000b0c8 

    > load from +0x1 value 0x96
0x150: and rdi, 0b1111111111111
  rax=0x0000000000000800 rbx=0x000000002000aeae rcx=0x000088a700009cfa rdx=0x0000000000000015
  rsi=0x0000000000000001 rdi=0x0000000000000187 flags=0b000000000010
  xmm0=0xc4ed0000c4ed000006ea000006ea xmm1=0xfbf00000fbf0000198600001986 
  xmm2=0xe10b0000e10b0000978900009789 xmm3=0x4d5700004d570000116000001160 
  xmm4=0x4d5b00004d5b00006cfe00006cfe xmm5=0x7518000075180000e3230000e323 
  xmm6=0xd0ce0000d0ce0000a4e30000a4e3 xmm7=0xf9220000f9220000b0c80000b0c8 

0x157: or rbx, [r14 +rdi]
  rax=0x0000000000000800 rbx=0x000000002000aeae rcx=0x000088a700009cfa rdx=0x0000000000000015
  rsi=0x0000000000000001 rdi=0x0000000000000187 flags=0b000000000110
  xmm0=0xc4ed0000c4ed000006ea000006ea xmm1=0xfbf00000fbf0000198600001986 
  xmm2=0xe10b0000e10b0000978900009789 xmm3=0x4d5700004d570000116000001160 
  xmm4=0x4d5b00004d5b00006cfe00006cfe xmm5=0x7518000075180000e3230000e323 
  xmm6=0xd0ce0000d0ce0000a4e30000a4e3 xmm7=0xf9220000f9220000b0c80000b0c8 

    > load from +0x187 value 0x51710000517100
0x15b: cmovo rbx, rcx
  rax=0x0000000000000800 rbx=0x005171002051ffae rcx=0x000088a700009cfa rdx=0x0000000000000015
  rsi=0x0000000000000001 rdi=0x0000000000000187 flags=0b000000000010
  xmm0=0xc4ed0000c4ed000006ea000006ea xmm1=0xfbf00000fbf0000198600001986 
  xmm2=0xe10b0000e10b0000978900009789 xmm3=0x4d5700004d570000116000001160 
  xmm4=0x4d5b00004d5b00006cfe00006cfe xmm5=0x7518000075180000e3230000e323 
  xmm6=0xd0ce0000d0ce0000a4e30000a4e3 xmm7=0xf9220000f9220000b0c80000b0c8 

0x15f: and rbx, 0b1111111111111
  rax=0x0000000000000800 rbx=0x005171002051ffae rcx=0x000088a700009cfa rdx=0x0000000000000015
  rsi=0x0000000000000001 rdi=0x0000000000000187 flags=0b000000000010
  xmm0=0xc4ed0000c4ed000006ea000006ea xmm1=0xfbf00000fbf0000198600001986 
  xmm2=0xe10b0000e10b0000978900009789 xmm3=0x4d5700004d570000116000001160 
  xmm4=0x4d5b00004d5b00006cfe00006cfe xmm5=0x7518000075180000e3230000e323 
  xmm6=0xd0ce0000d0ce0000a4e30000a4e3 xmm7=0xf9220000f9220000b0c80000b0c8 

0x166: movsx cx, [r14 +rbx]
  rax=0x0000000000000800 rbx=0x0000000000001fae rcx=0x000088a700009cfa rdx=0x0000000000000015
  rsi=0x0000000000000001 rdi=0x0000000000000187 flags=0b000000000010
  xmm0=0xc4ed0000c4ed000006ea000006ea xmm1=0xfbf00000fbf0000198600001986 
  xmm2=0xe10b0000e10b0000978900009789 xmm3=0x4d5700004d570000116000001160 
  xmm4=0x4d5b00004d5b00006cfe00006cfe xmm5=0x7518000075180000e3230000e323 
  xmm6=0xd0ce0000d0ce0000a4e30000a4e3 xmm7=0xf9220000f9220000b0c80000b0c8 

    > load from +0x1fae value 0x0
0x16c: and rdi, 0b1111111111111
  rax=0x0000000000000800 rbx=0x0000000000001fae rcx=0x000088a700000000 rdx=0x0000000000000015
  rsi=0x0000000000000001 rdi=0x0000000000000187 flags=0b000000000010
  xmm0=0xc4ed0000c4ed000006ea000006ea xmm1=0xfbf00000fbf0000198600001986 
  xmm2=0xe10b0000e10b0000978900009789 xmm3=0x4d5700004d570000116000001160 
  xmm4=0x4d5b00004d5b00006cfe00006cfe xmm5=0x7518000075180000e3230000e323 
  xmm6=0xd0ce0000d0ce0000a4e30000a4e3 xmm7=0xf9220000f9220000b0c80000b0c8 

0x173: cmpxchg [r14 +rdi], rsi
  rax=0x0000000000000800 rbx=0x0000000000001fae rcx=0x000088a700000000 rdx=0x0000000000000015
  rsi=0x0000000000000001 rdi=0x0000000000000187 flags=0b000000000110
  xmm0=0xc4ed0000c4ed000006ea000006ea xmm1=0xfbf00000fbf0000198600001986 
  xmm2=0xe10b0000e10b0000978900009789 xmm3=0x4d5700004d570000116000001160 
  xmm4=0x4d5b00004d5b00006cfe00006cfe xmm5=0x7518000075180000e3230000e323 
  xmm6=0xd0ce0000d0ce0000a4e30000a4e3 xmm7=0xf9220000f9220000b0c80000b0c8 

    > load from +0x187 value 0x51710000517100
    > store to +0x187 value 0x51710000517100
0x178: and esi, esi
  rax=0x0051710000517100 rbx=0x0000000000001fae rcx=0x000088a700000000 rdx=0x0000000000000015
  rsi=0x0000000000000001 rdi=0x0000000000000187 flags=0b000010000111
  xmm0=0xc4ed0000c4ed000006ea000006ea xmm1=0xfbf00000fbf0000198600001986 
  xmm2=0xe10b0000e10b0000978900009789 xmm3=0x4d5700004d570000116000001160 
  xmm4=0x4d5b00004d5b00006cfe00006cfe xmm5=0x7518000075180000e3230000e323 
  xmm6=0xd0ce0000d0ce0000a4e30000a4e3 xmm7=0xf9220000f9220000b0c80000b0c8 

0x17a: cmovb esi, eax
  rax=0x0051710000517100 rbx=0x0000000000001fae rcx=0x000088a700000000 rdx=0x0000000000000015
  rsi=0x0000000000000001 rdi=0x0000000000000187 flags=0b000000000010
  xmm0=0xc4ed0000c4ed000006ea000006ea xmm1=0xfbf00000fbf0000198600001986 
  xmm2=0xe10b0000e10b0000978900009789 xmm3=0x4d5700004d570000116000001160 
  xmm4=0x4d5b00004d5b00006cfe00006cfe xmm5=0x7518000075180000e3230000e323 
  xmm6=0xd0ce0000d0ce0000a4e30000a4e3 xmm7=0xf9220000f9220000b0c80000b0c8 

0x17d: setl cl
  rax=0x0051710000517100 rbx=0x0000000000001fae rcx=0x000088a700000000 rdx=0x0000000000000015
  rsi=0x0000000000000001 rdi=0x0000000000000187 flags=0b000000000010
  xmm0=0xc4ed0000c4ed000006ea000006ea xmm1=0xfbf00000fbf0000198600001986 
  xmm2=0xe10b0000e10b0000978900009789 xmm3=0x4d5700004d570000116000001160 
  xmm4=0x4d5b00004d5b00006cfe00006cfe xmm5=0x7518000075180000e3230000e323 
  xmm6=0xd0ce0000d0ce0000a4e30000a4e3 xmm7=0xf9220000f9220000b0c80000b0c8 

0x180: and rax, 0b1111111111000
  rax=0x0051710000517100 rbx=0x0000000000001fae rcx=0x000088a700000000 rdx=0x0000000000000015
  rsi=0x0000000000000001 rdi=0x0000000000000187 flags=0b000000000010
  xmm0=0xc4ed0000c4ed000006ea000006ea xmm1=0xfbf00000fbf0000198600001986 
  xmm2=0xe10b0000e10b0000978900009789 xmm3=0x4d5700004d570000116000001160 
  xmm4=0x4d5b00004d5b00006cfe00006cfe xmm5=0x7518000075180000e3230000e323 
  xmm6=0xd0ce0000d0ce0000a4e30000a4e3 xmm7=0xf9220000f9220000b0c80000b0c8 

0x186: lock or [r14 +rax], -86
  rax=0x0000000000001100 rbx=0x0000000000001fae rcx=0x000088a700000000 rdx=0x0000000000000015
  rsi=0x0000000000000001 rdi=0x0000000000000187 flags=0b000000000110
  xmm0=0xc4ed0000c4ed000006ea000006ea xmm1=0xfbf00000fbf0000198600001986 
  xmm2=0xe10b0000e10b0000978900009789 xmm3=0x4d5700004d570000116000001160 
  xmm4=0x4d5b00004d5b00006cfe00006cfe xmm5=0x7518000075180000e3230000e323 
  xmm6=0xd0ce0000d0ce0000a4e30000a4e3 xmm7=0xf9220000f9220000b0c80000b0c8 

    > load from +0x1100 value 0x4e
    > store to +0x1100 value 0xee
0x18c: and rbx, 0b1111111111111
  rax=0x0000000000001100 rbx=0x0000000000001fae rcx=0x000088a700000000 rdx=0x0000000000000015
  rsi=0x0000000000000001 rdi=0x0000000000000187 flags=0b000010000110
  xmm0=0xc4ed0000c4ed000006ea000006ea xmm1=0xfbf00000fbf0000198600001986 
  xmm2=0xe10b0000e10b0000978900009789 xmm3=0x4d5700004d570000116000001160 
  xmm4=0x4d5b00004d5b00006cfe00006cfe xmm5=0x7518000075180000e3230000e323 
  xmm6=0xd0ce0000d0ce0000a4e30000a4e3 xmm7=0xf9220000f9220000b0c80000b0c8 

0x193: mul [r14 +rbx]
  rax=0x0000000000001100 rbx=0x0000000000001fae rcx=0x000088a700000000 rdx=0x0000000000000015
  rsi=0x0000000000000001 rdi=0x0000000000000187 flags=0b000000000010
  xmm0=0xc4ed0000c4ed000006ea000006ea xmm1=0xfbf00000fbf0000198600001986 
  xmm2=0xe10b0000e10b0000978900009789 xmm3=0x4d5700004d570000116000001160 
  xmm4=0x4d5b00004d5b00006cfe00006cfe xmm5=0x7518000075180000e3230000e323 
  xmm6=0xd0ce0000d0ce0000a4e30000a4e3 xmm7=0xf9220000f9220000b0c80000b0c8 

    > load from +0x1fae value 0x4acf00004acf0000
0x197: add dil, 67
  rax=0xbf0004f7bf000000 rbx=0x0000000000001fae rcx=0x000088a700000000 rdx=0x00000000000004f7
  rsi=0x0000000000000001 rdi=0x0000000000000187 flags=0b100010000111
  xmm0=0xc4ed0000c4ed000006ea000006ea xmm1=0xfbf00000fbf0000198600001986 
  xmm2=0xe10b0000e10b0000978900009789 xmm3=0x4d5700004d570000116000001160 
  xmm4=0x4d5b00004d5b00006cfe00006cfe xmm5=0x7518000075180000e3230000e323 
  xmm6=0xd0ce0000d0ce0000a4e30000a4e3 xmm7=0xf9220000f9220000b0c80000b0c8 

0x19b: and rdi, 0b1111111111111
  rax=0xbf0004f7bf000000 rbx=0x0000000000001fae rcx=0x000088a700000000 rdx=0x00000000000004f7
  rsi=0x0000000000000001 rdi=0x00000000000001ca flags=0b000010000110
  xmm0=0xc4ed0000c4ed000006ea000006ea xmm1=0xfbf00000fbf0000198600001986 
  xmm2=0xe10b0000e10b0000978900009789 xmm3=0x4d5700004d570000116000001160 
  xmm4=0x4d5b00004d5b00006cfe00006cfe xmm5=0x7518000075180000e3230000e323 
  xmm6=0xd0ce0000d0ce0000a4e30000a4e3 xmm7=0xf9220000f9220000b0c80000b0c8 

0x1a2: cmovns rdi, [r14 +rdi]
  rax=0xbf0004f7bf000000 rbx=0x0000000000001fae rcx=0x000088a700000000 rdx=0x00000000000004f7
  rsi=0x0000000000000001 rdi=0x00000000000001ca flags=0b000000000110
  xmm0=0xc4ed0000c4ed000006ea000006ea xmm1=0xfbf00000fbf0000198600001986 
  xmm2=0xe10b0000e10b0000978900009789 xmm3=0x4d5700004d570000116000001160 
  xmm4=0x4d5b00004d5b00006cfe00006cfe xmm5=0x7518000075180000e3230000e323 
  xmm6=0xd0ce0000d0ce0000a4e30000a4e3 xmm7=0xf9220000f9220000b0c80000b0c8 

    > load from +0x1ca value 0xae92000085020000
0x1a7: sahf 
  rax=0xbf0004f7bf000000 rbx=0x0000000000001fae rcx=0x000088a700000000 rdx=0x00000000000004f7
  rsi=0x0000000000000001 rdi=0xae92000085020000 flags=0b000000000110
  xmm0=0xc4ed0000c4ed000006ea000006ea xmm1=0xfbf00000fbf0000198600001986 
  xmm2=0xe10b0000e10b0000978900009789 xmm3=0x4d5700004d570000116000001160 
  xmm4=0x4d5b00004d5b00006cfe00006cfe xmm5=0x7518000075180000e3230000e323 
  xmm6=0xd0ce0000d0ce0000a4e30000a4e3 xmm7=0xf9220000f9220000b0c80000b0c8 

0x1a8: and rax, 0b1111111111111
  rax=0xbf0004f7bf000000 rbx=0x0000000000001fae rcx=0x000088a700000000 rdx=0x00000000000004f7
  rsi=0x0000000000000001 rdi=0xae92000085020000 flags=0b000000000010
  xmm0=0xc4ed0000c4ed000006ea000006ea xmm1=0xfbf00000fbf0000198600001986 
  xmm2=0xe10b0000e10b0000978900009789 xmm3=0x4d5700004d570000116000001160 
  xmm4=0x4d5b00004d5b00006cfe00006cfe xmm5=0x7518000075180000e3230000e323 
  xmm6=0xd0ce0000d0ce0000a4e30000a4e3 xmm7=0xf9220000f9220000b0c80000b0c8 

0x1ae: cmovnbe esi, [r14 +rax]
  rax=0x0000000000000000 rbx=0x0000000000001fae rcx=0x000088a700000000 rdx=0x00000000000004f7
  rsi=0x0000000000000001 rdi=0xae92000085020000 flags=0b000001000110
  xmm0=0xc4ed0000c4ed000006ea000006ea xmm1=0xfbf00000fbf0000198600001986 
  xmm2=0xe10b0000e10b0000978900009789 xmm3=0x4d5700004d570000116000001160 
  xmm4=0x4d5b00004d5b00006cfe00006cfe xmm5=0x7518000075180000e3230000e323 
  xmm6=0xd0ce0000d0ce0000a4e30000a4e3 xmm7=0xf9220000f9220000b0c80000b0c8 

    > load from +0x0 value 0x9617
0x1b3: seto cl
  rax=0x0000000000000000 rbx=0x0000000000001fae rcx=0x000088a700000000 rdx=0x00000000000004f7
  rsi=0x0000000000000001 rdi=0xae92000085020000 flags=0b000001000110
  xmm0=0xc4ed0000c4ed000006ea000006ea xmm1=0xfbf00000fbf0000198600001986 
  xmm2=0xe10b0000e10b0000978900009789 xmm3=0x4d5700004d570000116000001160 
  xmm4=0x4d5b00004d5b00006cfe00006cfe xmm5=0x7518000075180000e3230000e323 
  xmm6=0xd0ce0000d0ce0000a4e30000a4e3 xmm7=0xf9220000f9220000b0c80000b0c8 

0x1b6: sub eax, 1123368254
  rax=0x0000000000000000 rbx=0x0000000000001fae rcx=0x000088a700000000 rdx=0x00000000000004f7
  rsi=0x0000000000000001 rdi=0xae92000085020000 flags=0b000001000110
  xmm0=0xc4ed0000c4ed000006ea000006ea xmm1=0xfbf00000fbf0000198600001986 
  xmm2=0xe10b0000e10b0000978900009789 xmm3=0x4d5700004d570000116000001160 
  xmm4=0x4d5b00004d5b00006cfe00006cfe xmm5=0x7518000075180000e3230000e323 
  xmm6=0xd0ce0000d0ce0000a4e30000a4e3 xmm7=0xf9220000f9220000b0c80000b0c8 

0x1bb: and rdx, 0b1111111111111
  rax=0x00000000bd0ac2c2 rbx=0x0000000000001fae rcx=0x000088a700000000 rdx=0x00000000000004f7
  rsi=0x0000000000000001 rdi=0xae92000085020000 flags=0b000010010011
  xmm0=0xc4ed0000c4ed000006ea000006ea xmm1=0xfbf00000fbf0000198600001986 
  xmm2=0xe10b0000e10b0000978900009789 xmm3=0x4d5700004d570000116000001160 
  xmm4=0x4d5b00004d5b00006cfe00006cfe xmm5=0x7518000075180000e3230000e323 
  xmm6=0xd0ce0000d0ce0000a4e30000a4e3 xmm7=0xf9220000f9220000b0c80000b0c8 

0x1c2: cmovo si, [r14 +rdx]
  rax=0x00000000bd0ac2c2 rbx=0x0000000000001fae rcx=0x000088a700000000 rdx=0x00000000000004f7
  rsi=0x0000000000000001 rdi=0xae92000085020000 flags=0b000000000010
  xmm0=0xc4ed0000c4ed000006ea000006ea xmm1=0xfbf00000fbf0000198600001986 
  xmm2=0xe10b0000e10b0000978900009789 xmm3=0x4d5700004d570000116000001160 
  xmm4=0x4d5b00004d5b00006cfe00006cfe xmm5=0x7518000075180000e3230000e323 
  xmm6=0xd0ce0000d0ce0000a4e30000a4e3 xmm7=0xf9220000f9220000b0c80000b0c8 

    > load from +0x4f7 value 0xb700
0x1c8: btr rdi, 119
  rax=0x00000000bd0ac2c2 rbx=0x0000000000001fae rcx=0x000088a700000000 rdx=0x00000000000004f7
  rsi=0x0000000000000001 rdi=0xae92000085020000 flags=0b000000000010
  xmm0=0xc4ed0000c4ed000006ea000006ea xmm1=0xfbf00000fbf0000198600001986 
  xmm2=0xe10b0000e10b0000978900009789 xmm3=0x4d5700004d570000116000001160 
  xmm4=0x4d5b00004d5b00006cfe00006cfe xmm5=0x7518000075180000e3230000e323 
  xmm6=0xd0ce0000d0ce0000a4e30000a4e3 xmm7=0xf9220000f9220000b0c80000b0c8 

0x1cd: add dil, 124
  rax=0x00000000bd0ac2c2 rbx=0x0000000000001fae rcx=0x000088a700000000 rdx=0x00000000000004f7
  rsi=0x0000000000000001 rdi=0xae12000085020000 flags=0b000000000011
  xmm0=0xc4ed0000c4ed000006ea000006ea xmm1=0xfbf00000fbf0000198600001986 
  xmm2=0xe10b0000e10b0000978900009789 xmm3=0x4d5700004d570000116000001160 
  xmm4=0x4d5b00004d5b00006cfe00006cfe xmm5=0x7518000075180000e3230000e323 
  xmm6=0xd0ce0000d0ce0000a4e30000a4e3 xmm7=0xf9220000f9220000b0c80000b0c8 

0x1d1: cmovo dx, cx
  rax=0x00000000bd0ac2c2 rbx=0x0000000000001fae rcx=0x000088a700000000 rdx=0x00000000000004f7
  rsi=0x0000000000000001 rdi=0xae1200008502007c flags=0b000000000010
  xmm0=0xc4ed0000c4ed000006ea000006ea xmm1=0xfbf00000fbf0000198600001986 
  xmm2=0xe10b0000e10b0000978900009789 xmm3=0x4d5700004d570000116000001160 
  xmm4=0x4d5b00004d5b00006cfe00006cfe xmm5=0x7518000075180000e3230000e323 
  xmm6=0xd0ce0000d0ce0000a4e30000a4e3 xmm7=0xf9220000f9220000b0c80000b0c8 

0x1d5: xor ax, 18351
  rax=0x00000000bd0ac2c2 rbx=0x0000000000001fae rcx=0x000088a700000000 rdx=0x00000000000004f7
  rsi=0x0000000000000001 rdi=0xae1200008502007c flags=0b000000000010
  xmm0=0xc4ed0000c4ed000006ea000006ea xmm1=0xfbf00000fbf0000198600001986 
  xmm2=0xe10b0000e10b0000978900009789 xmm3=0x4d5700004d570000116000001160 
  xmm4=0x4d5b00004d5b00006cfe00006cfe xmm5=0x7518000075180000e3230000e323 
  xmm6=0xd0ce0000d0ce0000a4e30000a4e3 xmm7=0xf9220000f9220000b0c80000b0c8 

0x1d9: and rsi, 0b1111111111000
  rax=0x00000000bd0a856d rbx=0x0000000000001fae rcx=0x000088a700000000 rdx=0x00000000000004f7
  rsi=0x0000000000000001 rdi=0xae1200008502007c flags=0b000010000010
  xmm0=0xc4ed0000c4ed000006ea000006ea xmm1=0xfbf00000fbf0000198600001986 
  xmm2=0xe10b0000e10b0000978900009789 xmm3=0x4d5700004d570000116000001160 
  xmm4=0x4d5b00004d5b00006cfe00006cfe xmm5=0x7518000075180000e3230000e323 
  xmm6=0xd0ce0000d0ce0000a4e30000a4e3 xmm7=0xf9220000f9220000b0c80000b0c8 

0x1e0: lock inc [r14 +rsi]
  rax=0x00000000bd0a856d rbx=0x0000000000001fae rcx=0x000088a700000000 rdx=0x00000000000004f7
  rsi=0x0000000000000000 rdi=0xae1200008502007c flags=0b000001000110
  xmm0=0xc4ed0000c4ed000006ea000006ea xmm1=0xfbf00000fbf0000198600001986 
  xmm2=0xe10b0000e10b0000978900009789 xmm3=0x4d5700004d570000116000001160 
  xmm4=0x4d5b00004d5b00006cfe00006cfe xmm5=0x7518000075180000e3230000e323 
  xmm6=0xd0ce0000d0ce0000a4e30000a4e3 xmm7=0xf9220000f9220000b0c80000b0c8 

    > load from +0x0 value 0x9617
    > store to +0x0 value 0x9618
0x1e5: and ax, -91
  rax=0x00000000bd0a856d rbx=0x0000000000001fae rcx=0x000088a700000000 rdx=0x00000000000004f7
  rsi=0x0000000000000000 rdi=0xae1200008502007c flags=0b000000000110
  xmm0=0xc4ed0000c4ed000006ea000006ea xmm1=0xfbf00000fbf0000198600001986 
  xmm2=0xe10b0000e10b0000978900009789 xmm3=0x4d5700004d570000116000001160 
  xmm4=0x4d5b00004d5b00006cfe00006cfe xmm5=0x7518000075180000e3230000e323 
  xmm6=0xd0ce0000d0ce0000a4e30000a4e3 xmm7=0xf9220000f9220000b0c80000b0c8 

0x1e9: macro .switch, .actor2.function_actor2_0
  rax=0x00000000bd0a8525 rbx=0x0000000000001fae rcx=0x000088a700000000 rdx=0x00000000000004f7
  rsi=0x0000000000000000 rdi=0xae1200008502007c flags=0b000010000010
  xmm0=0xc4ed0000c4ed000006ea000006ea xmm1=0xfbf00000fbf0000198600001986 
  xmm2=0xe10b0000e10b0000978900009789 xmm3=0x4d5700004d570000116000001160 
  xmm4=0x4d5b00004d5b00006cfe00006cfe xmm5=0x7518000075180000e3230000e323 
  xmm6=0xd0ce0000d0ce0000a4e30000a4e3 xmm7=0xf9220000f9220000b0c80000b0c8 

0x3000: add sil, 29
  rax=0x00000000bd0a8525 rbx=0x0000000000001fae rcx=0x000088a700000000 rdx=0x00000000000004f7
  rsi=0x0000000000000000 rdi=0xae1200008502007c flags=0b000010000010
  xmm0=0xc4ed0000c4ed000006ea000006ea xmm1=0xfbf00000fbf0000198600001986 
  xmm2=0xe10b0000e10b0000978900009789 xmm3=0x4d5700004d570000116000001160 
  xmm4=0x4d5b00004d5b00006cfe00006cfe xmm5=0x7518000075180000e3230000e323 
  xmm6=0xd0ce0000d0ce0000a4e30000a4e3 xmm7=0xf9220000f9220000b0c80000b0c8 

0x3004: mov ecx, 0x1a4
  rax=0x00000000bd0a8525 rbx=0x0000000000001fae rcx=0x000088a700000000 rdx=0x00000000000004f7
  rsi=0x000000000000001d rdi=0xae1200008502007c flags=0b000000000110
  xmm0=0xc4ed0000c4ed000006ea000006ea xmm1=0xfbf00000fbf0000198600001986 
  xmm2=0xe10b0000e10b0000978900009789 xmm3=0x4d5700004d570000116000001160 
  xmm4=0x4d5b00004d5b00006cfe00006cfe xmm5=0x7518000075180000e3230000e323 
  xmm6=0xd0ce0000d0ce0000a4e30000a4e3 xmm7=0xf9220000f9220000b0c80000b0c8 

0x3009: mov edx, 0
  rax=0x00000000bd0a8525 rbx=0x0000000000001fae rcx=0x00000000000001a4 rdx=0x00000000000004f7
  rsi=0x000000000000001d rdi=0xae1200008502007c flags=0b000000000110
  xmm0=0xc4ed0000c4ed000006ea000006ea xmm1=0xfbf00000fbf0000198600001986 
  xmm2=0xe10b0000e10b0000978900009789 xmm3=0x4d5700004d570000116000001160 
  xmm4=0x4d5b00004d5b00006cfe00006cfe xmm5=0x7518000075180000e3230000e323 
  xmm6=0xd0ce0000d0ce0000a4e30000a4e3 xmm7=0xf9220000f9220000b0c80000b0c8 

0x300e: mov eax, 0b1111
  rax=0x00000000bd0a8525 rbx=0x0000000000001fae rcx=0x00000000000001a4 rdx=0x0000000000000000
  rsi=0x000000000000001d rdi=0xae1200008502007c flags=0b000000000110
  xmm0=0xc4ed0000c4ed000006ea000006ea xmm1=0xfbf00000fbf0000198600001986 
  xmm2=0xe10b0000e10b0000978900009789 xmm3=0x4d5700004d570000116000001160 
  xmm4=0x4d5b00004d5b00006cfe00006cfe xmm5=0x7518000075180000e3230000e323 
  xmm6=0xd0ce0000d0ce0000a4e30000a4e3 xmm7=0xf9220000f9220000b0c80000b0c8 

0x3013: wrmsr 
  rax=0x000000000000000f rbx=0x0000000000001fae rcx=0x00000000000001a4 rdx=0x0000000000000000
  rsi=0x000000000000001d rdi=0xae1200008502007c flags=0b000000000110
  xmm0=0xc4ed0000c4ed000006ea000006ea xmm1=0xfbf00000fbf0000198600001986 
  xmm2=0xe10b0000e10b0000978900009789 xmm3=0x4d5700004d570000116000001160 
  xmm4=0x4d5b00004d5b00006cfe00006cfe xmm5=0x7518000075180000e3230000e323 
  xmm6=0xd0ce0000d0ce0000a4e30000a4e3 xmm7=0xf9220000f9220000b0c80000b0c8 

0x3015: mfence 
  rax=0x000000000000000f rbx=0x0000000000001fae rcx=0x00000000000001a4 rdx=0x0000000000000000
  rsi=0x000000000000001d rdi=0xae1200008502007c flags=0b000000000110
  xmm0=0xc4ed0000c4ed000006ea000006ea xmm1=0xfbf00000fbf0000198600001986 
  xmm2=0xe10b0000e10b0000978900009789 xmm3=0x4d5700004d570000116000001160 
  xmm4=0x4d5b00004d5b00006cfe00006cfe xmm5=0x7518000075180000e3230000e323 
  xmm6=0xd0ce0000d0ce0000a4e30000a4e3 xmm7=0xf9220000f9220000b0c80000b0c8 

0x3018: lfence 
  rax=0x000000000000000f rbx=0x0000000000001fae rcx=0x00000000000001a4 rdx=0x0000000000000000
  rsi=0x000000000000001d rdi=0xae1200008502007c flags=0b000000000110
  xmm0=0xc4ed0000c4ed000006ea000006ea xmm1=0xfbf00000fbf0000198600001986 
  xmm2=0xe10b0000e10b0000978900009789 xmm3=0x4d5700004d570000116000001160 
  xmm4=0x4d5b00004d5b00006cfe00006cfe xmm5=0x7518000075180000e3230000e323 
  xmm6=0xd0ce0000d0ce0000a4e30000a4e3 xmm7=0xf9220000f9220000b0c80000b0c8 

0x301b: macro .measurement_start, .noarg
  rax=0x000000000000000f rbx=0x0000000000001fae rcx=0x00000000000001a4 rdx=0x0000000000000000
  rsi=0x000000000000001d rdi=0xae1200008502007c flags=0b000000000110
  xmm0=0xc4ed0000c4ed000006ea000006ea xmm1=0xfbf00000fbf0000198600001986 
  xmm2=0xe10b0000e10b0000978900009789 xmm3=0x4d5700004d570000116000001160 
  xmm4=0x4d5b00004d5b00006cfe00006cfe xmm5=0x7518000075180000e3230000e323 
  xmm6=0xd0ce0000d0ce0000a4e30000a4e3 xmm7=0xf9220000f9220000b0c80000b0c8 

0x3023: mov ecx, 0x1a4
  rax=0x000000000000000f rbx=0x0000000000001fae rcx=0x00000000000001a4 rdx=0x0000000000000000
  rsi=0x000000000000001d rdi=0xae1200008502007c flags=0b000000000110
  xmm0=0xc4ed0000c4ed000006ea000006ea xmm1=0xfbf00000fbf0000198600001986 
  xmm2=0xe10b0000e10b0000978900009789 xmm3=0x4d5700004d570000116000001160 
  xmm4=0x4d5b00004d5b00006cfe00006cfe xmm5=0x7518000075180000e3230000e323 
  xmm6=0xd0ce0000d0ce0000a4e30000a4e3 xmm7=0xf9220000f9220000b0c80000b0c8 

0x3028: mov edx, 0
  rax=0x000000000000000f rbx=0x0000000000001fae rcx=0x00000000000001a4 rdx=0x0000000000000000
  rsi=0x000000000000001d rdi=0xae1200008502007c flags=0b000000000110
  xmm0=0xc4ed0000c4ed000006ea000006ea xmm1=0xfbf00000fbf0000198600001986 
  xmm2=0xe10b0000e10b0000978900009789 xmm3=0x4d5700004d570000116000001160 
  xmm4=0x4d5b00004d5b00006cfe00006cfe xmm5=0x7518000075180000e3230000e323 
  xmm6=0xd0ce0000d0ce0000a4e30000a4e3 xmm7=0xf9220000f9220000b0c80000b0c8 

0x302d: mov eax, 0b0000
  rax=0x000000000000000f rbx=0x0000000000001fae rcx=0x00000000000001a4 rdx=0x0000000000000000
  rsi=0x000000000000001d rdi=0xae1200008502007c flags=0b000000000110
  xmm0=0xc4ed0000c4ed000006ea000006ea xmm1=0xfbf00000fbf0000198600001986 
  xmm2=0xe10b0000e10b0000978900009789 xmm3=0x4d5700004d570000116000001160 
  xmm4=0x4d5b00004d5b00006cfe00006cfe xmm5=0x7518000075180000e3230000e323 
  xmm6=0xd0ce0000d0ce0000a4e30000a4e3 xmm7=0xf9220000f9220000b0c80000b0c8 

0x3032: wrmsr 
  rax=0x0000000000000000 rbx=0x0000000000001fae rcx=0x00000000000001a4 rdx=0x0000000000000000
  rsi=0x000000000000001d rdi=0xae1200008502007c flags=0b000000000110
  xmm0=0xc4ed0000c4ed000006ea000006ea xmm1=0xfbf00000fbf0000198600001986 
  xmm2=0xe10b0000e10b0000978900009789 xmm3=0x4d5700004d570000116000001160 
  xmm4=0x4d5b00004d5b00006cfe00006cfe xmm5=0x7518000075180000e3230000e323 
  xmm6=0xd0ce0000d0ce0000a4e30000a4e3 xmm7=0xf9220000f9220000b0c80000b0c8 

0x3034: mfence 
  rax=0x0000000000000000 rbx=0x0000000000001fae rcx=0x00000000000001a4 rdx=0x0000000000000000
  rsi=0x000000000000001d rdi=0xae1200008502007c flags=0b000000000110
  xmm0=0xc4ed0000c4ed000006ea000006ea xmm1=0xfbf00000fbf0000198600001986 
  xmm2=0xe10b0000e10b0000978900009789 xmm3=0x4d5700004d570000116000001160 
  xmm4=0x4d5b00004d5b00006cfe00006cfe xmm5=0x7518000075180000e3230000e323 
  xmm6=0xd0ce0000d0ce0000a4e30000a4e3 xmm7=0xf9220000f9220000b0c80000b0c8 

0x3037: lfence 
  rax=0x0000000000000000 rbx=0x0000000000001fae rcx=0x00000000000001a4 rdx=0x0000000000000000
  rsi=0x000000000000001d rdi=0xae1200008502007c flags=0b000000000110
  xmm0=0xc4ed0000c4ed000006ea000006ea xmm1=0xfbf00000fbf0000198600001986 
  xmm2=0xe10b0000e10b0000978900009789 xmm3=0x4d5700004d570000116000001160 
  xmm4=0x4d5b00004d5b00006cfe00006cfe xmm5=0x7518000075180000e3230000e323 
  xmm6=0xd0ce0000d0ce0000a4e30000a4e3 xmm7=0xf9220000f9220000b0c80000b0c8 

0x303a: adc eax, 535687386
  rax=0x0000000000000000 rbx=0x0000000000001fae rcx=0x00000000000001a4 rdx=0x0000000000000000
  rsi=0x000000000000001d rdi=0xae1200008502007c flags=0b000000000110
  xmm0=0xc4ed0000c4ed000006ea000006ea xmm1=0xfbf00000fbf0000198600001986 
  xmm2=0xe10b0000e10b0000978900009789 xmm3=0x4d5700004d570000116000001160 
  xmm4=0x4d5b00004d5b00006cfe00006cfe xmm5=0x7518000075180000e3230000e323 
  xmm6=0xd0ce0000d0ce0000a4e30000a4e3 xmm7=0xf9220000f9220000b0c80000b0c8 

0x303f: and rcx, 0b1111111111111
  rax=0x000000001fedf0da rbx=0x0000000000001fae rcx=0x00000000000001a4 rdx=0x0000000000000000
  rsi=0x000000000000001d rdi=0xae1200008502007c flags=0b000000000010
  xmm0=0xc4ed0000c4ed000006ea000006ea xmm1=0xfbf00000fbf0000198600001986 
  xmm2=0xe10b0000e10b0000978900009789 xmm3=0x4d5700004d570000116000001160 
  xmm4=0x4d5b00004d5b00006cfe00006cfe xmm5=0x7518000075180000e3230000e323 
  xmm6=0xd0ce0000d0ce0000a4e30000a4e3 xmm7=0xf9220000f9220000b0c80000b0c8 

0x3046: setnbe [r14 +rcx]
  rax=0x000000001fedf0da rbx=0x0000000000001fae rcx=0x00000000000001a4 rdx=0x0000000000000000
  rsi=0x000000000000001d rdi=0xae1200008502007c flags=0b000000000010
  xmm0=0xc4ed0000c4ed000006ea000006ea xmm1=0xfbf00000fbf0000198600001986 
  xmm2=0xe10b0000e10b0000978900009789 xmm3=0x4d5700004d570000116000001160 
  xmm4=0x4d5b00004d5b00006cfe00006cfe xmm5=0x7518000075180000e3230000e323 
  xmm6=0xd0ce0000d0ce0000a4e30000a4e3 xmm7=0xf9220000f9220000b0c80000b0c8 

    > store to +0x41a4 value 0x1
0x304b: and rdi, 0b1111111111111
  rax=0x000000001fedf0da rbx=0x0000000000001fae rcx=0x00000000000001a4 rdx=0x0000000000000000
  rsi=0x000000000000001d rdi=0xae1200008502007c flags=0b000000000010
  xmm0=0xc4ed0000c4ed000006ea000006ea xmm1=0xfbf00000fbf0000198600001986 
  xmm2=0xe10b0000e10b0000978900009789 xmm3=0x4d5700004d570000116000001160 
  xmm4=0x4d5b00004d5b00006cfe00006cfe xmm5=0x7518000075180000e3230000e323 
  xmm6=0xd0ce0000d0ce0000a4e30000a4e3 xmm7=0xf9220000f9220000b0c80000b0c8 

0x3052: movsx rbx, [r14 +rdi]
  rax=0x000000001fedf0da rbx=0x0000000000001fae rcx=0x00000000000001a4 rdx=0x0000000000000000
  rsi=0x000000000000001d rdi=0x000000000000007c flags=0b000000000010
  xmm0=0xc4ed0000c4ed000006ea000006ea xmm1=0xfbf00000fbf0000198600001986 
  xmm2=0xe10b0000e10b0000978900009789 xmm3=0x4d5700004d570000116000001160 
  xmm4=0x4d5b00004d5b00006cfe00006cfe xmm5=0x7518000075180000e3230000e323 
  xmm6=0xd0ce0000d0ce0000a4e30000a4e3 xmm7=0xf9220000f9220000b0c80000b0c8 

    > load from +0x407c value 0xaee7
0x3057: adc rsi, -41
  rax=0x000000001fedf0da rbx=0xffffffffffffaee7 rcx=0x00000000000001a4 rdx=0x0000000000000000
  rsi=0x000000000000001d rdi=0x000000000000007c flags=0b000000000010
  xmm0=0xc4ed0000c4ed000006ea000006ea xmm1=0xfbf00000fbf0000198600001986 
  xmm2=0xe10b0000e10b0000978900009789 xmm3=0x4d5700004d570000116000001160 
  xmm4=0x4d5b00004d5b00006cfe00006cfe xmm5=0x7518000075180000e3230000e323 
  xmm6=0xd0ce0000d0ce0000a4e30000a4e3 xmm7=0xf9220000f9220000b0c80000b0c8 

0x305b: and rcx, 0b1111111111111
  rax=0x000000001fedf0da rbx=0xffffffffffffaee7 rcx=0x00000000000001a4 rdx=0x0000000000000000
  rsi=0xfffffffffffffff4 rdi=0x000000000000007c flags=0b000010010010
  xmm0=0xc4ed0000c4ed000006ea000006ea xmm1=0xfbf00000fbf0000198600001986 
  xmm2=0xe10b0000e10b0000978900009789 xmm3=0x4d5700004d570000116000001160 
  xmm4=0x4d5b00004d5b00006cfe00006cfe xmm5=0x7518000075180000e3230000e323 
  xmm6=0xd0ce0000d0ce0000a4e30000a4e3 xmm7=0xf9220000f9220000b0c80000b0c8 

0x3062: add ebx, [r14 +rcx]
  rax=0x000000001fedf0da rbx=0xffffffffffffaee7 rcx=0x00000000000001a4 rdx=0x0000000000000000
  rsi=0xfffffffffffffff4 rdi=0x000000000000007c flags=0b000000000010
  xmm0=0xc4ed0000c4ed000006ea000006ea xmm1=0xfbf00000fbf0000198600001986 
  xmm2=0xe10b0000e10b0000978900009789 xmm3=0x4d5700004d570000116000001160 
  xmm4=0x4d5b00004d5b00006cfe00006cfe xmm5=0x7518000075180000e3230000e323 
  xmm6=0xd0ce0000d0ce0000a4e30000a4e3 xmm7=0xf9220000f9220000b0c80000b0c8 

    > load from +0x41a4 value 0x7201
0x3066: sub rax, 2054399225
  rax=0x000000001fedf0da rbx=0x00000000000020e8 rcx=0x00000000000001a4 rdx=0x0000000000000000
  rsi=0xfffffffffffffff4 rdi=0x000000000000007c flags=0b000000000111
  xmm0=0xc4ed0000c4ed000006ea000006ea xmm1=0xfbf00000fbf0000198600001986 
  xmm2=0xe10b0000e10b0000978900009789 xmm3=0x4d5700004d570000116000001160 
  xmm4=0x4d5b00004d5b00006cfe00006cfe xmm5=0x7518000075180000e3230000e323 
  xmm6=0xd0ce0000d0ce0000a4e30000a4e3 xmm7=0xf9220000f9220000b0c80000b0c8 

0x306c: setno bl
  rax=0xffffffffa57a4be1 rbx=0x00000000000020e8 rcx=0x00000000000001a4 rdx=0x0000000000000000
  rsi=0xfffffffffffffff4 rdi=0x000000000000007c flags=0b000010000111
  xmm0=0xc4ed0000c4ed000006ea000006ea xmm1=0xfbf00000fbf0000198600001986 
  xmm2=0xe10b0000e10b0000978900009789 xmm3=0x4d5700004d570000116000001160 
  xmm4=0x4d5b00004d5b00006cfe00006cfe xmm5=0x7518000075180000e3230000e323 
  xmm6=0xd0ce0000d0ce0000a4e30000a4e3 xmm7=0xf9220000f9220000b0c80000b0c8 

0x306f: and rbx, 0b1111111111111
  rax=0xffffffffa57a4be1 rbx=0x0000000000002001 rcx=0x00000000000001a4 rdx=0x0000000000000000
  rsi=0xfffffffffffffff4 rdi=0x000000000000007c flags=0b000010000111
  xmm0=0xc4ed0000c4ed000006ea000006ea xmm1=0xfbf00000fbf0000198600001986 
  xmm2=0xe10b0000e10b0000978900009789 xmm3=0x4d5700004d570000116000001160 
  xmm4=0x4d5b00004d5b00006cfe00006cfe xmm5=0x7518000075180000e3230000e323 
  xmm6=0xd0ce0000d0ce0000a4e30000a4e3 xmm7=0xf9220000f9220000b0c80000b0c8 

0x3076: xadd [r14 +rbx], ecx
  rax=0xffffffffa57a4be1 rbx=0x0000000000000001 rcx=0x00000000000001a4 rdx=0x0000000000000000
  rsi=0xfffffffffffffff4 rdi=0x000000000000007c flags=0b000000000010
  xmm0=0xc4ed0000c4ed000006ea000006ea xmm1=0xfbf00000fbf0000198600001986 
  xmm2=0xe10b0000e10b0000978900009789 xmm3=0x4d5700004d570000116000001160 
  xmm4=0x4d5b00004d5b00006cfe00006cfe xmm5=0x7518000075180000e3230000e323 
  xmm6=0xd0ce0000d0ce0000a4e30000a4e3 xmm7=0xf9220000f9220000b0c80000b0c8 

    > load from +0x4001 value 0xad0000b4
    > store to +0x4001 value 0xad000258
0x307b: and rax, 0b1111111111111
  rax=0xffffffffa57a4be1 rbx=0x0000000000000001 rcx=0x00000000ad0000b4 rdx=0x0000000000000000
  rsi=0xfffffffffffffff4 rdi=0x000000000000007c flags=0b000010000010
  xmm0=0xc4ed0000c4ed000006ea000006ea xmm1=0xfbf00000fbf0000198600001986 
  xmm2=0xe10b0000e10b0000978900009789 xmm3=0x4d5700004d570000116000001160 
  xmm4=0x4d5b00004d5b00006cfe00006cfe xmm5=0x7518000075180000e3230000e323 
  xmm6=0xd0ce0000d0ce0000a4e30000a4e3 xmm7=0xf9220000f9220000b0c80000b0c8 

0x3081: adc cl, [r14 +rax]
  rax=0x0000000000000be1 rbx=0x0000000000000001 rcx=0x00000000ad0000b4 rdx=0x0000000000000000
  rsi=0xfffffffffffffff4 rdi=0x000000000000007c flags=0b000000000110
  xmm0=0xc4ed0000c4ed000006ea000006ea xmm1=0xfbf00000fbf0000198600001986 
  xmm2=0xe10b0000e10b0000978900009789 xmm3=0x4d5700004d570000116000001160 
  xmm4=0x4d5b00004d5b00006cfe00006cfe xmm5=0x7518000075180000e3230000e323 
  xmm6=0xd0ce0000d0ce0000a4e30000a4e3 xmm7=0xf9220000f9220000b0c80000b0c8 

    > load from +0x4be1 value 0xd8
0x3085: mov dl, -28
  rax=0x0000000000000be1 rbx=0x0000000000000001 rcx=0x00000000ad00008c rdx=0x0000000000000000
  rsi=0xfffffffffffffff4 rdi=0x000000000000007c flags=0b000010000011
  xmm0=0xc4ed0000c4ed000006ea000006ea xmm1=0xfbf00000fbf0000198600001986 
  xmm2=0xe10b0000e10b0000978900009789 xmm3=0x4d5700004d570000116000001160 
  xmm4=0x4d5b00004d5b00006cfe00006cfe xmm5=0x7518000075180000e3230000e323 
  xmm6=0xd0ce0000d0ce0000a4e30000a4e3 xmm7=0xf9220000f9220000b0c80000b0c8 

0x3087: and rbx, 0b1111111111111
  rax=0x0000000000000be1 rbx=0x0000000000000001 rcx=0x00000000ad00008c rdx=0x00000000000000e4
  rsi=0xfffffffffffffff4 rdi=0x000000000000007c flags=0b000010000011
  xmm0=0xc4ed0000c4ed000006ea000006ea xmm1=0xfbf00000fbf0000198600001986 
  xmm2=0xe10b0000e10b0000978900009789 xmm3=0x4d5700004d570000116000001160 
  xmm4=0x4d5b00004d5b00006cfe00006cfe xmm5=0x7518000075180000e3230000e323 
  xmm6=0xd0ce0000d0ce0000a4e30000a4e3 xmm7=0xf9220000f9220000b0c80000b0c8 

0x308e: mov ax, [r14 +rbx]
  rax=0x0000000000000be1 rbx=0x0000000000000001 rcx=0x00000000ad00008c rdx=0x00000000000000e4
  rsi=0xfffffffffffffff4 rdi=0x000000000000007c flags=0b000000000010
  xmm0=0xc4ed0000c4ed000006ea000006ea xmm1=0xfbf00000fbf0000198600001986 
  xmm2=0xe10b0000e10b0000978900009789 xmm3=0x4d5700004d570000116000001160 
  xmm4=0x4d5b00004d5b00006cfe00006cfe xmm5=0x7518000075180000e3230000e323 
  xmm6=0xd0ce0000d0ce0000a4e30000a4e3 xmm7=0xf9220000f9220000b0c80000b0c8 

    > load from +0x4001 value 0x258
0x3093: and rcx, 0b1111111111000
  rax=0x0000000000000258 rbx=0x0000000000000001 rcx=0x00000000ad00008c rdx=0x00000000000000e4
  rsi=0xfffffffffffffff4 rdi=0x000000000000007c flags=0b000000000010
  xmm0=0xc4ed0000c4ed000006ea000006ea xmm1=0xfbf00000fbf0000198600001986 
  xmm2=0xe10b0000e10b0000978900009789 xmm3=0x4d5700004d570000116000001160 
  xmm4=0x4d5b00004d5b00006cfe00006cfe xmm5=0x7518000075180000e3230000e323 
  xmm6=0xd0ce0000d0ce0000a4e30000a4e3 xmm7=0xf9220000f9220000b0c80000b0c8 

0x309a: lock btc [r14 +rcx], -90
  rax=0x0000000000000258 rbx=0x0000000000000001 rcx=0x0000000000000088 rdx=0x00000000000000e4
  rsi=0xfffffffffffffff4 rdi=0x000000000000007c flags=0b000000000110
  xmm0=0xc4ed0000c4ed000006ea000006ea xmm1=0xfbf00000fbf0000198600001986 
  xmm2=0xe10b0000e10b0000978900009789 xmm3=0x4d5700004d570000116000001160 
  xmm4=0x4d5b00004d5b00006cfe00006cfe xmm5=0x7518000075180000e3230000e323 
  xmm6=0xd0ce0000d0ce0000a4e30000a4e3 xmm7=0xf9220000f9220000b0c80000b0c8 

    > load from +0x4088 value 0x5676
    > store to +0x4088 value 0x5636
0x30a1: neg edx
  rax=0x0000000000000258 rbx=0x0000000000000001 rcx=0x0000000000000088 rdx=0x00000000000000e4
  rsi=0xfffffffffffffff4 rdi=0x000000000000007c flags=0b000000000111
  xmm0=0xc4ed0000c4ed000006ea000006ea xmm1=0xfbf00000fbf0000198600001986 
  xmm2=0xe10b0000e10b0000978900009789 xmm3=0x4d5700004d570000116000001160 
  xmm4=0x4d5b00004d5b00006cfe00006cfe xmm5=0x7518000075180000e3230000e323 
  xmm6=0xd0ce0000d0ce0000a4e30000a4e3 xmm7=0xf9220000f9220000b0c80000b0c8 

0x30a3: and rbx, 0b1111111111000
  rax=0x0000000000000258 rbx=0x0000000000000001 rcx=0x0000000000000088 rdx=0x00000000ffffff1c
  rsi=0xfffffffffffffff4 rdi=0x000000000000007c flags=0b000010010011
  xmm0=0xc4ed0000c4ed000006ea000006ea xmm1=0xfbf00000fbf0000198600001986 
  xmm2=0xe10b0000e10b0000978900009789 xmm3=0x4d5700004d570000116000001160 
  xmm4=0x4d5b00004d5b00006cfe00006cfe xmm5=0x7518000075180000e3230000e323 
  xmm6=0xd0ce0000d0ce0000a4e30000a4e3 xmm7=0xf9220000f9220000b0c80000b0c8 

0x30aa: and rcx, 0b111
  rax=0x0000000000000258 rbx=0x0000000000000000 rcx=0x0000000000000088 rdx=0x00000000ffffff1c
  rsi=0xfffffffffffffff4 rdi=0x000000000000007c flags=0b000001000110
  xmm0=0xc4ed0000c4ed000006ea000006ea xmm1=0xfbf00000fbf0000198600001986 
  xmm2=0xe10b0000e10b0000978900009789 xmm3=0x4d5700004d570000116000001160 
  xmm4=0x4d5b00004d5b00006cfe00006cfe xmm5=0x7518000075180000e3230000e323 
  xmm6=0xd0ce0000d0ce0000a4e30000a4e3 xmm7=0xf9220000f9220000b0c80000b0c8 

0x30ae: lock btr [r14 +rbx], rcx
  rax=0x0000000000000258 rbx=0x0000000000000000 rcx=0x0000000000000000 rdx=0x00000000ffffff1c
  rsi=0xfffffffffffffff4 rdi=0x000000000000007c flags=0b000001000110
  xmm0=0xc4ed0000c4ed000006ea000006ea xmm1=0xfbf00000fbf0000198600001986 
  xmm2=0xe10b0000e10b0000978900009789 xmm3=0x4d5700004d570000116000001160 
  xmm4=0x4d5b00004d5b00006cfe00006cfe xmm5=0x7518000075180000e3230000e323 
  xmm6=0xd0ce0000d0ce0000a4e30000a4e3 xmm7=0xf9220000f9220000b0c80000b0c8 

    > load from +0x4000 value 0xb4ad000258ad
    > store to +0x4000 value 0xb4ad000258ac
0x30b4: and rcx, 0b1111111111111
  rax=0x0000000000000258 rbx=0x0000000000000000 rcx=0x0000000000000000 rdx=0x00000000ffffff1c
  rsi=0xfffffffffffffff4 rdi=0x000000000000007c flags=0b000001000111
  xmm0=0xc4ed0000c4ed000006ea000006ea xmm1=0xfbf00000fbf0000198600001986 
  xmm2=0xe10b0000e10b0000978900009789 xmm3=0x4d5700004d570000116000001160 
  xmm4=0x4d5b00004d5b00006cfe00006cfe xmm5=0x7518000075180000e3230000e323 
  xmm6=0xd0ce0000d0ce0000a4e30000a4e3 xmm7=0xf9220000f9220000b0c80000b0c8 

0x30bb: movzx esi, [r14 +rcx]
  rax=0x0000000000000258 rbx=0x0000000000000000 rcx=0x0000000000000000 rdx=0x00000000ffffff1c
  rsi=0xfffffffffffffff4 rdi=0x000000000000007c flags=0b000001000110
  xmm0=0xc4ed0000c4ed000006ea000006ea xmm1=0xfbf00000fbf0000198600001986 
  xmm2=0xe10b0000e10b0000978900009789 xmm3=0x4d5700004d570000116000001160 
  xmm4=0x4d5b00004d5b00006cfe00006cfe xmm5=0x7518000075180000e3230000e323 
  xmm6=0xd0ce0000d0ce0000a4e30000a4e3 xmm7=0xf9220000f9220000b0c80000b0c8 

    > load from +0x4000 value 0xac
0x30c0: and rax, 0b1111111111000
  rax=0x0000000000000258 rbx=0x0000000000000000 rcx=0x0000000000000000 rdx=0x00000000ffffff1c
  rsi=0x00000000000000ac rdi=0x000000000000007c flags=0b000001000110
  xmm0=0xc4ed0000c4ed000006ea000006ea xmm1=0xfbf00000fbf0000198600001986 
  xmm2=0xe10b0000e10b0000978900009789 xmm3=0x4d5700004d570000116000001160 
  xmm4=0x4d5b00004d5b00006cfe00006cfe xmm5=0x7518000075180000e3230000e323 
  xmm6=0xd0ce0000d0ce0000a4e30000a4e3 xmm7=0xf9220000f9220000b0c80000b0c8 

0x30c6: lock add [r14 +rax], bl
  rax=0x0000000000000258 rbx=0x0000000000000000 rcx=0x0000000000000000 rdx=0x00000000ffffff1c
  rsi=0x00000000000000ac rdi=0x000000000000007c flags=0b000000000010
  xmm0=0xc4ed0000c4ed000006ea000006ea xmm1=0xfbf00000fbf0000198600001986 
  xmm2=0xe10b0000e10b0000978900009789 xmm3=0x4d5700004d570000116000001160 
  xmm4=0x4d5b00004d5b00006cfe00006cfe xmm5=0x7518000075180000e3230000e323 
  xmm6=0xd0ce0000d0ce0000a4e30000a4e3 xmm7=0xf9220000f9220000b0c80000b0c8 

    > load from +0x4258 value 0xeb
    > store to +0x4258 value 0xeb
0x30cb: and rsi, 0b1111111111111
  rax=0x0000000000000258 rbx=0x0000000000000000 rcx=0x0000000000000000 rdx=0x00000000ffffff1c
  rsi=0x00000000000000ac rdi=0x000000000000007c flags=0b000010000110
  xmm0=0xc4ed0000c4ed000006ea000006ea xmm1=0xfbf00000fbf0000198600001986 
  xmm2=0xe10b0000e10b0000978900009789 xmm3=0x4d5700004d570000116000001160 
  xmm4=0x4d5b00004d5b00006cfe00006cfe xmm5=0x7518000075180000e3230000e323 
  xmm6=0xd0ce0000d0ce0000a4e30000a4e3 xmm7=0xf9220000f9220000b0c80000b0c8 

0x30d2: and rdx, 0b111
  rax=0x0000000000000258 rbx=0x0000000000000000 rcx=0x0000000000000000 rdx=0x00000000ffffff1c
  rsi=0x00000000000000ac rdi=0x000000000000007c flags=0b000000000110
  xmm0=0xc4ed0000c4ed000006ea000006ea xmm1=0xfbf00000fbf0000198600001986 
  xmm2=0xe10b0000e10b0000978900009789 xmm3=0x4d5700004d570000116000001160 
  xmm4=0x4d5b00004d5b00006cfe00006cfe xmm5=0x7518000075180000e3230000e323 
  xmm6=0xd0ce0000d0ce0000a4e30000a4e3 xmm7=0xf9220000f9220000b0c80000b0c8 

0x30d6: bt [r14 +rsi], rdx
  rax=0x0000000000000258 rbx=0x0000000000000000 rcx=0x0000000000000000 rdx=0x0000000000000004
  rsi=0x00000000000000ac rdi=0x000000000000007c flags=0b000000000010
  xmm0=0xc4ed0000c4ed000006ea000006ea xmm1=0xfbf00000fbf0000198600001986 
  xmm2=0xe10b0000e10b0000978900009789 xmm3=0x4d5700004d570000116000001160 
  xmm4=0x4d5b00004d5b00006cfe00006cfe xmm5=0x7518000075180000e3230000e323 
  xmm6=0xd0ce0000d0ce0000a4e30000a4e3 xmm7=0xf9220000f9220000b0c80000b0c8 

    > load from +0x40ac value 0x4cb900008115
0x30db: and rdx, 0b1111111111111
  rax=0x0000000000000258 rbx=0x0000000000000000 rcx=0x0000000000000000 rdx=0x0000000000000004
  rsi=0x00000000000000ac rdi=0x000000000000007c flags=0b000000000011
  xmm0=0xc4ed0000c4ed000006ea000006ea xmm1=0xfbf00000fbf0000198600001986 
  xmm2=0xe10b0000e10b0000978900009789 xmm3=0x4d5700004d570000116000001160 
  xmm4=0x4d5b00004d5b00006cfe00006cfe xmm5=0x7518000075180000e3230000e323 
  xmm6=0xd0ce0000d0ce0000a4e30000a4e3 xmm7=0xf9220000f9220000b0c80000b0c8 

0x30e2: or cl, [r14 +rdx]
  rax=0x0000000000000258 rbx=0x0000000000000000 rcx=0x0000000000000000 rdx=0x0000000000000004
  rsi=0x00000000000000ac rdi=0x000000000000007c flags=0b000000000010
  xmm0=0xc4ed0000c4ed000006ea000006ea xmm1=0xfbf00000fbf0000198600001986 
  xmm2=0xe10b0000e10b0000978900009789 xmm3=0x4d5700004d570000116000001160 
  xmm4=0x4d5b00004d5b00006cfe00006cfe xmm5=0x7518000075180000e3230000e323 
  xmm6=0xd0ce0000d0ce0000a4e30000a4e3 xmm7=0xf9220000f9220000b0c80000b0c8 

    > load from +0x4004 value 0xad
0x30e6: and rax, 0b1111111111111
  rax=0x0000000000000258 rbx=0x0000000000000000 rcx=0x00000000000000ad rdx=0x0000000000000004
  rsi=0x00000000000000ac rdi=0x000000000000007c flags=0b000010000010
  xmm0=0xc4ed0000c4ed000006ea000006ea xmm1=0xfbf00000fbf0000198600001986 
  xmm2=0xe10b0000e10b0000978900009789 xmm3=0x4d5700004d570000116000001160 
  xmm4=0x4d5b00004d5b00006cfe00006cfe xmm5=0x7518000075180000e3230000e323 
  xmm6=0xd0ce0000d0ce0000a4e30000a4e3 xmm7=0xf9220000f9220000b0c80000b0c8 

0x30ec: and edx, 0b111
  rax=0x0000000000000258 rbx=0x0000000000000000 rcx=0x00000000000000ad rdx=0x0000000000000004
  rsi=0x00000000000000ac rdi=0x000000000000007c flags=0b000000000010
  xmm0=0xc4ed0000c4ed000006ea000006ea xmm1=0xfbf00000fbf0000198600001986 
  xmm2=0xe10b0000e10b0000978900009789 xmm3=0x4d5700004d570000116000001160 
  xmm4=0x4d5b00004d5b00006cfe00006cfe xmm5=0x7518000075180000e3230000e323 
  xmm6=0xd0ce0000d0ce0000a4e30000a4e3 xmm7=0xf9220000f9220000b0c80000b0c8 

0x30ef: btc [r14 +rax], edx
  rax=0x0000000000000258 rbx=0x0000000000000000 rcx=0x00000000000000ad rdx=0x0000000000000004
  rsi=0x00000000000000ac rdi=0x000000000000007c flags=0b000000000010
  xmm0=0xc4ed0000c4ed000006ea000006ea xmm1=0xfbf00000fbf0000198600001986 
  xmm2=0xe10b0000e10b0000978900009789 xmm3=0x4d5700004d570000116000001160 
  xmm4=0x4d5b00004d5b00006cfe00006cfe xmm5=0x7518000075180000e3230000e323 
  xmm6=0xd0ce0000d0ce0000a4e30000a4e3 xmm7=0xf9220000f9220000b0c80000b0c8 

    > load from +0x4258 value 0x1aeb
    > store to +0x4258 value 0x1afb
0x30f4: or cl, 0b1000
  rax=0x0000000000000258 rbx=0x0000000000000000 rcx=0x00000000000000ad rdx=0x0000000000000004
  rsi=0x00000000000000ac rdi=0x000000000000007c flags=0b000000000010
  xmm0=0xc4ed0000c4ed000006ea000006ea xmm1=0xfbf00000fbf0000198600001986 
  xmm2=0xe10b0000e10b0000978900009789 xmm3=0x4d5700004d570000116000001160 
  xmm4=0x4d5b00004d5b00006cfe00006cfe xmm5=0x7518000075180000e3230000e323 
  xmm6=0xd0ce0000d0ce0000a4e30000a4e3 xmm7=0xf9220000f9220000b0c80000b0c8 

0x30f7: and cl, 0b11111000
  rax=0x0000000000000258 rbx=0x0000000000000000 rcx=0x00000000000000ad rdx=0x0000000000000004
  rsi=0x00000000000000ac rdi=0x000000000000007c flags=0b000010000010
  xmm0=0xc4ed0000c4ed000006ea000006ea xmm1=0xfbf00000fbf0000198600001986 
  xmm2=0xe10b0000e10b0000978900009789 xmm3=0x4d5700004d570000116000001160 
  xmm4=0x4d5b00004d5b00006cfe00006cfe xmm5=0x7518000075180000e3230000e323 
  xmm6=0xd0ce0000d0ce0000a4e30000a4e3 xmm7=0xf9220000f9220000b0c80000b0c8 

0x30fa: mov ax, 1
  rax=0x0000000000000258 rbx=0x0000000000000000 rcx=0x00000000000000a8 rdx=0x0000000000000004
  rsi=0x00000000000000ac rdi=0x000000000000007c flags=0b000010000010
  xmm0=0xc4ed0000c4ed000006ea000006ea xmm1=0xfbf00000fbf0000198600001986 
  xmm2=0xe10b0000e10b0000978900009789 xmm3=0x4d5700004d570000116000001160 
  xmm4=0x4d5b00004d5b00006cfe00006cfe xmm5=0x7518000075180000e3230000e323 
  xmm6=0xd0ce0000d0ce0000a4e30000a4e3 xmm7=0xf9220000f9220000b0c80000b0c8 

0x30fe: idiv cl
  rax=0x0000000000000001 rbx=0x0000000000000000 rcx=0x00000000000000a8 rdx=0x0000000000000004
  rsi=0x00000000000000ac rdi=0x000000000000007c flags=0b000010000010
  xmm0=0xc4ed0000c4ed000006ea000006ea xmm1=0xfbf00000fbf0000198600001986 
  xmm2=0xe10b0000e10b0000978900009789 xmm3=0x4d5700004d570000116000001160 
  xmm4=0x4d5b00004d5b00006cfe00006cfe xmm5=0x7518000075180000e3230000e323 
  xmm6=0xd0ce0000d0ce0000a4e30000a4e3 xmm7=0xf9220000f9220000b0c80000b0c8 

0x3100: and rbx, 0b1111111111000
  rax=0x0000000000000100 rbx=0x0000000000000000 rcx=0x00000000000000a8 rdx=0x0000000000000004
  rsi=0x00000000000000ac rdi=0x000000000000007c flags=0b000010000010
  xmm0=0xc4ed0000c4ed000006ea000006ea xmm1=0xfbf00000fbf0000198600001986 
  xmm2=0xe10b0000e10b0000978900009789 xmm3=0x4d5700004d570000116000001160 
  xmm4=0x4d5b00004d5b00006cfe00006cfe xmm5=0x7518000075180000e3230000e323 
  xmm6=0xd0ce0000d0ce0000a4e30000a4e3 xmm7=0xf9220000f9220000b0c80000b0c8 

0x3107: lock and [r14 +rbx], -123
  rax=0x0000000000000100 rbx=0x0000000000000000 rcx=0x00000000000000a8 rdx=0x0000000000000004
  rsi=0x00000000000000ac rdi=0x000000000000007c flags=0b000001000110
  xmm0=0xc4ed0000c4ed000006ea000006ea xmm1=0xfbf00000fbf0000198600001986 
  xmm2=0xe10b0000e10b0000978900009789 xmm3=0x4d5700004d570000116000001160 
  xmm4=0x4d5b00004d5b00006cfe00006cfe xmm5=0x7518000075180000e3230000e323 
  xmm6=0xd0ce0000d0ce0000a4e30000a4e3 xmm7=0xf9220000f9220000b0c80000b0c8 

    > load from +0x4000 value 0x258ac
    > store to +0x4000 value 0x25884
0x310d: and rdx, 0b1111111111111
  rax=0x0000000000000100 rbx=0x0000000000000000 rcx=0x00000000000000a8 rdx=0x0000000000000004
  rsi=0x00000000000000ac rdi=0x000000000000007c flags=0b000000000110
  xmm0=0xc4ed0000c4ed000006ea000006ea xmm1=0xfbf00000fbf0000198600001986 
  xmm2=0xe10b0000e10b0000978900009789 xmm3=0x4d5700004d570000116000001160 
  xmm4=0x4d5b00004d5b00006cfe00006cfe xmm5=0x7518000075180000e3230000e323 
  xmm6=0xd0ce0000d0ce0000a4e30000a4e3 xmm7=0xf9220000f9220000b0c80000b0c8 

0x3114: and rbx, 0b1111111111111
  rax=0x0000000000000100 rbx=0x0000000000000000 rcx=0x00000000000000a8 rdx=0x0000000000000004
  rsi=0x00000000000000ac rdi=0x000000000000007c flags=0b000000000010
  xmm0=0xc4ed0000c4ed000006ea000006ea xmm1=0xfbf00000fbf0000198600001986 
  xmm2=0xe10b0000e10b0000978900009789 xmm3=0x4d5700004d570000116000001160 
  xmm4=0x4d5b00004d5b00006cfe00006cfe xmm5=0x7518000075180000e3230000e323 
  xmm6=0xd0ce0000d0ce0000a4e30000a4e3 xmm7=0xf9220000f9220000b0c80000b0c8 

0x311b: or [r14 +rbx], 1
  rax=0x0000000000000100 rbx=0x0000000000000000 rcx=0x00000000000000a8 rdx=0x0000000000000004
  rsi=0x00000000000000ac rdi=0x000000000000007c flags=0b000001000110
  xmm0=0xc4ed0000c4ed000006ea000006ea xmm1=0xfbf00000fbf0000198600001986 
  xmm2=0xe10b0000e10b0000978900009789 xmm3=0x4d5700004d570000116000001160 
  xmm4=0x4d5b00004d5b00006cfe00006cfe xmm5=0x7518000075180000e3230000e323 
  xmm6=0xd0ce0000d0ce0000a4e30000a4e3 xmm7=0xf9220000f9220000b0c80000b0c8 

    > load from +0x4000 value 0x84
    > store to +0x4000 value 0x85
0x3120: mov ax, 1
  rax=0x0000000000000100 rbx=0x0000000000000000 rcx=0x00000000000000a8 rdx=0x0000000000000004
  rsi=0x00000000000000ac rdi=0x000000000000007c flags=0b000010000010
  xmm0=0xc4ed0000c4ed000006ea000006ea xmm1=0xfbf00000fbf0000198600001986 
  xmm2=0xe10b0000e10b0000978900009789 xmm3=0x4d5700004d570000116000001160 
  xmm4=0x4d5b00004d5b00006cfe00006cfe xmm5=0x7518000075180000e3230000e323 
  xmm6=0xd0ce0000d0ce0000a4e30000a4e3 xmm7=0xf9220000f9220000b0c80000b0c8 

0x3124: div [r14 +rbx]
  rax=0x0000000000000001 rbx=0x0000000000000000 rcx=0x00000000000000a8 rdx=0x0000000000000004
  rsi=0x00000000000000ac rdi=0x000000000000007c flags=0b000010000010
  xmm0=0xc4ed0000c4ed000006ea000006ea xmm1=0xfbf00000fbf0000198600001986 
  xmm2=0xe10b0000e10b0000978900009789 xmm3=0x4d5700004d570000116000001160 
  xmm4=0x4d5b00004d5b00006cfe00006cfe xmm5=0x7518000075180000e3230000e323 
  xmm6=0xd0ce0000d0ce0000a4e30000a4e3 xmm7=0xf9220000f9220000b0c80000b0c8 

    > load from +0x4000 value 0x85
0x3128: and rdx, 0b1111111111111
  rax=0x0000000000000100 rbx=0x0000000000000000 rcx=0x00000000000000a8 rdx=0x0000000000000004
  rsi=0x00000000000000ac rdi=0x000000000000007c flags=0b000010000010
  xmm0=0xc4ed0000c4ed000006ea000006ea xmm1=0xfbf00000fbf0000198600001986 
  xmm2=0xe10b0000e10b0000978900009789 xmm3=0x4d5700004d570000116000001160 
  xmm4=0x4d5b00004d5b00006cfe00006cfe xmm5=0x7518000075180000e3230000e323 
  xmm6=0xd0ce0000d0ce0000a4e30000a4e3 xmm7=0xf9220000f9220000b0c80000b0c8 

0x312f: movsx rax, [r14 +rdx]
  rax=0x0000000000000100 rbx=0x0000000000000000 rcx=0x00000000000000a8 rdx=0x0000000000000004
  rsi=0x00000000000000ac rdi=0x000000000000007c flags=0b000000000010
  xmm0=0xc4ed0000c4ed000006ea000006ea xmm1=0xfbf00000fbf0000198600001986 
  xmm2=0xe10b0000e10b0000978900009789 xmm3=0x4d5700004d570000116000001160 
  xmm4=0x4d5b00004d5b00006cfe00006cfe xmm5=0x7518000075180000e3230000e323 
  xmm6=0xd0ce0000d0ce0000a4e30000a4e3 xmm7=0xf9220000f9220000b0c80000b0c8 

    > load from +0x4004 value 0xb4ad
0x3134: and rsi, 0b1111111111111
  rax=0xffffffffffffb4ad rbx=0x0000000000000000 rcx=0x00000000000000a8 rdx=0x0000000000000004
  rsi=0x00000000000000ac rdi=0x000000000000007c flags=0b000000000010
  xmm0=0xc4ed0000c4ed000006ea000006ea xmm1=0xfbf00000fbf0000198600001986 
  xmm2=0xe10b0000e10b0000978900009789 xmm3=0x4d5700004d570000116000001160 
  xmm4=0x4d5b00004d5b00006cfe00006cfe xmm5=0x7518000075180000e3230000e323 
  xmm6=0xd0ce0000d0ce0000a4e30000a4e3 xmm7=0xf9220000f9220000b0c80000b0c8 

0x313b: sub eax, [r14 +rsi]
  rax=0xffffffffffffb4ad rbx=0x0000000000000000 rcx=0x00000000000000a8 rdx=0x0000000000000004
  rsi=0x00000000000000ac rdi=0x000000000000007c flags=0b000000000110
  xmm0=0xc4ed0000c4ed000006ea000006ea xmm1=0xfbf00000fbf0000198600001986 
  xmm2=0xe10b0000e10b0000978900009789 xmm3=0x4d5700004d570000116000001160 
  xmm4=0x4d5b00004d5b00006cfe00006cfe xmm5=0x7518000075180000e3230000e323 
  xmm6=0xd0ce0000d0ce0000a4e30000a4e3 xmm7=0xf9220000f9220000b0c80000b0c8 

    > load from +0x40ac value 0x8115
0x313f: sbb rax, -613000450
  rax=0x00000000ffff3398 rbx=0x0000000000000000 rcx=0x00000000000000a8 rdx=0x0000000000000004
  rsi=0x00000000000000ac rdi=0x000000000000007c flags=0b000010000010
  xmm0=0xc4ed0000c4ed000006ea000006ea xmm1=0xfbf00000fbf0000198600001986 
  xmm2=0xe10b0000e10b0000978900009789 xmm3=0x4d5700004d570000116000001160 
  xmm4=0x4d5b00004d5b00006cfe00006cfe xmm5=0x7518000075180000e3230000e323 
  xmm6=0xd0ce0000d0ce0000a4e30000a4e3 xmm7=0xf9220000f9220000b0c80000b0c8 

0x3145: mov dx, di
  rax=0x000000012488d89a rbx=0x0000000000000000 rcx=0x00000000000000a8 rdx=0x0000000000000004
  rsi=0x00000000000000ac rdi=0x000000000000007c flags=0b000000010111
  xmm0=0xc4ed0000c4ed000006ea000006ea xmm1=0xfbf00000fbf0000198600001986 
  xmm2=0xe10b0000e10b0000978900009789 xmm3=0x4d5700004d570000116000001160 
  xmm4=0x4d5b00004d5b00006cfe00006cfe xmm5=0x7518000075180000e3230000e323 
  xmm6=0xd0ce0000d0ce0000a4e30000a4e3 xmm7=0xf9220000f9220000b0c80000b0c8 

0x3148: or cx, 4
  rax=0x000000012488d89a rbx=0x0000000000000000 rcx=0x00000000000000a8 rdx=0x000000000000007c
  rsi=0x00000000000000ac rdi=0x000000000000007c flags=0b000000010111
  xmm0=0xc4ed0000c4ed000006ea000006ea xmm1=0xfbf00000fbf0000198600001986 
  xmm2=0xe10b0000e10b0000978900009789 xmm3=0x4d5700004d570000116000001160 
  xmm4=0x4d5b00004d5b00006cfe00006cfe xmm5=0x7518000075180000e3230000e323 
  xmm6=0xd0ce0000d0ce0000a4e30000a4e3 xmm7=0xf9220000f9220000b0c80000b0c8 

0x314c: and rdx, 0b1111111111000
  rax=0x000000012488d89a rbx=0x0000000000000000 rcx=0x00000000000000ac rdx=0x000000000000007c
  rsi=0x00000000000000ac rdi=0x000000000000007c flags=0b000000000110
  xmm0=0xc4ed0000c4ed000006ea000006ea xmm1=0xfbf00000fbf0000198600001986 
  xmm2=0xe10b0000e10b0000978900009789 xmm3=0x4d5700004d570000116000001160 
  xmm4=0x4d5b00004d5b00006cfe00006cfe xmm5=0x7518000075180000e3230000e323 
  xmm6=0xd0ce0000d0ce0000a4e30000a4e3 xmm7=0xf9220000f9220000b0c80000b0c8 

0x3153: lock not [r14 +rdx]
  rax=0x000000012488d89a rbx=0x0000000000000000 rcx=0x00000000000000ac rdx=0x0000000000000078
  rsi=0x00000000000000ac rdi=0x000000000000007c flags=0b000000000110
  xmm0=0xc4ed0000c4ed000006ea000006ea xmm1=0xfbf00000fbf0000198600001986 
  xmm2=0xe10b0000e10b0000978900009789 xmm3=0x4d5700004d570000116000001160 
  xmm4=0x4d5b00004d5b00006cfe00006cfe xmm5=0x7518000075180000e3230000e323 
  xmm6=0xd0ce0000d0ce0000a4e30000a4e3 xmm7=0xf9220000f9220000b0c80000b0c8 

    > load from +0x4078 value 0xaee7
    > store to +0x4078 value 0xffff5118
0x3158: and rcx, 0b1111111111111
  rax=0x000000012488d89a rbx=0x0000000000000000 rcx=0x00000000000000ac rdx=0x0000000000000078
  rsi=0x00000000000000ac rdi=0x000000000000007c flags=0b000000000110
  xmm0=0xc4ed0000c4ed000006ea000006ea xmm1=0xfbf00000fbf0000198600001986 
  xmm2=0xe10b0000e10b0000978900009789 xmm3=0x4d5700004d570000116000001160 
  xmm4=0x4d5b00004d5b00006cfe00006cfe xmm5=0x7518000075180000e3230000e323 
  xmm6=0xd0ce0000d0ce0000a4e30000a4e3 xmm7=0xf9220000f9220000b0c80000b0c8 

0x315f: add [r14 +rcx], ax
  rax=0x000000012488d89a rbx=0x0000000000000000 rcx=0x00000000000000ac rdx=0x0000000000000078
  rsi=0x00000000000000ac rdi=0x000000000000007c flags=0b000000000110
  xmm0=0xc4ed0000c4ed000006ea000006ea xmm1=0xfbf00000fbf0000198600001986 
  xmm2=0xe10b0000e10b0000978900009789 xmm3=0x4d5700004d570000116000001160 
  xmm4=0x4d5b00004d5b00006cfe00006cfe xmm5=0x7518000075180000e3230000e323 
  xmm6=0xd0ce0000d0ce0000a4e30000a4e3 xmm7=0xf9220000f9220000b0c80000b0c8 

    > load from +0x40ac value 0x8115
    > store to +0x40ac value 0x59af
0x3164: and rdi, 0b1111111111000
  rax=0x000000012488d89a rbx=0x0000000000000000 rcx=0x00000000000000ac rdx=0x0000000000000078
  rsi=0x00000000000000ac rdi=0x000000000000007c flags=0b100000000111
  xmm0=0xc4ed0000c4ed000006ea000006ea xmm1=0xfbf00000fbf0000198600001986 
  xmm2=0xe10b0000e10b0000978900009789 xmm3=0x4d5700004d570000116000001160 
  xmm4=0x4d5b00004d5b00006cfe00006cfe xmm5=0x7518000075180000e3230000e323 
  xmm6=0xd0ce0000d0ce0000a4e30000a4e3 xmm7=0xf9220000f9220000b0c80000b0c8 

0x316b: and rcx, 0b111
  rax=0x000000012488d89a rbx=0x0000000000000000 rcx=0x00000000000000ac rdx=0x0000000000000078
  rsi=0x00000000000000ac rdi=0x0000000000000078 flags=0b000000000110
  xmm0=0xc4ed0000c4ed000006ea000006ea xmm1=0xfbf00000fbf0000198600001986 
  xmm2=0xe10b0000e10b0000978900009789 xmm3=0x4d5700004d570000116000001160 
  xmm4=0x4d5b00004d5b00006cfe00006cfe xmm5=0x7518000075180000e3230000e323 
  xmm6=0xd0ce0000d0ce0000a4e30000a4e3 xmm7=0xf9220000f9220000b0c80000b0c8 

0x316f: lock btr [r14 +rdi], rcx
  rax=0x000000012488d89a rbx=0x0000000000000000 rcx=0x0000000000000004 rdx=0x0000000000000078
  rsi=0x00000000000000ac rdi=0x0000000000000078 flags=0b000000000010
  xmm0=0xc4ed0000c4ed000006ea000006ea xmm1=0xfbf00000fbf0000198600001986 
  xmm2=0xe10b0000e10b0000978900009789 xmm3=0x4d5700004d570000116000001160 
  xmm4=0x4d5b00004d5b00006cfe00006cfe xmm5=0x7518000075180000e3230000e323 
  xmm6=0xd0ce0000d0ce0000a4e30000a4e3 xmm7=0xf9220000f9220000b0c80000b0c8 

    > load from +0x4078 value 0xaee7ffff5118
    > store to +0x4078 value 0xaee7ffff5108
0x3175: and rax, 0b1111111111111
  rax=0x000000012488d89a rbx=0x0000000000000000 rcx=0x0000000000000004 rdx=0x0000000000000078
  rsi=0x00000000000000ac rdi=0x0000000000000078 flags=0b000000000011
  xmm0=0xc4ed0000c4ed000006ea000006ea xmm1=0xfbf00000fbf0000198600001986 
  xmm2=0xe10b0000e10b0000978900009789 xmm3=0x4d5700004d570000116000001160 
  xmm4=0x4d5b00004d5b00006cfe00006cfe xmm5=0x7518000075180000e3230000e323 
  xmm6=0xd0ce0000d0ce0000a4e30000a4e3 xmm7=0xf9220000f9220000b0c80000b0c8 

0x317b: nop [r14 +rax]
  rax=0x000000000000189a rbx=0x0000000000000000 rcx=0x0000000000000004 rdx=0x0000000000000078
  rsi=0x00000000000000ac rdi=0x0000000000000078 flags=0b000000000110
  xmm0=0xc4ed0000c4ed000006ea000006ea xmm1=0xfbf00000fbf0000198600001986 
  xmm2=0xe10b0000e10b0000978900009789 xmm3=0x4d5700004d570000116000001160 
  xmm4=0x4d5b00004d5b00006cfe00006cfe xmm5=0x7518000075180000e3230000e323 
  xmm6=0xd0ce0000d0ce0000a4e30000a4e3 xmm7=0xf9220000f9220000b0c80000b0c8 

0x3180: and rcx, 0b1111111111111
  rax=0x000000000000189a rbx=0x0000000000000000 rcx=0x0000000000000004 rdx=0x0000000000000078
  rsi=0x00000000000000ac rdi=0x0000000000000078 flags=0b000000000110
  xmm0=0xc4ed0000c4ed000006ea000006ea xmm1=0xfbf00000fbf0000198600001986 
  xmm2=0xe10b0000e10b0000978900009789 xmm3=0x4d5700004d570000116000001160 
  xmm4=0x4d5b00004d5b00006cfe00006cfe xmm5=0x7518000075180000e3230000e323 
  xmm6=0xd0ce0000d0ce0000a4e30000a4e3 xmm7=0xf9220000f9220000b0c80000b0c8 

0x3187: or [r14 +rcx], 122
  rax=0x000000000000189a rbx=0x0000000000000000 rcx=0x0000000000000004 rdx=0x0000000000000078
  rsi=0x00000000000000ac rdi=0x0000000000000078 flags=0b000000000010
  xmm0=0xc4ed0000c4ed000006ea000006ea xmm1=0xfbf00000fbf0000198600001986 
  xmm2=0xe10b0000e10b0000978900009789 xmm3=0x4d5700004d570000116000001160 
  xmm4=0x4d5b00004d5b00006cfe00006cfe xmm5=0x7518000075180000e3230000e323 
  xmm6=0xd0ce0000d0ce0000a4e30000a4e3 xmm7=0xf9220000f9220000b0c80000b0c8 

    > load from +0x4004 value 0xb4ad
    > store to +0x4004 value 0xb4ff
0x318c: lea edi, qword ptr [rbx]
  rax=0x000000000000189a rbx=0x0000000000000000 rcx=0x0000000000000004 rdx=0x0000000000000078
  rsi=0x00000000000000ac rdi=0x0000000000000078 flags=0b000000000110
  xmm0=0xc4ed0000c4ed000006ea000006ea xmm1=0xfbf00000fbf0000198600001986 
  xmm2=0xe10b0000e10b0000978900009789 xmm3=0x4d5700004d570000116000001160 
  xmm4=0x4d5b00004d5b00006cfe00006cfe xmm5=0x7518000075180000e3230000e323 
  xmm6=0xd0ce0000d0ce0000a4e30000a4e3 xmm7=0xf9220000f9220000b0c80000b0c8 

0x318e: cmovl edx, esi
  rax=0x000000000000189a rbx=0x0000000000000000 rcx=0x0000000000000004 rdx=0x0000000000000078
  rsi=0x00000000000000ac rdi=0x0000000000000000 flags=0b000000000110
  xmm0=0xc4ed0000c4ed000006ea000006ea xmm1=0xfbf00000fbf0000198600001986 
  xmm2=0xe10b0000e10b0000978900009789 xmm3=0x4d5700004d570000116000001160 
  xmm4=0x4d5b00004d5b00006cfe00006cfe xmm5=0x7518000075180000e3230000e323 
  xmm6=0xd0ce0000d0ce0000a4e30000a4e3 xmm7=0xf9220000f9220000b0c80000b0c8 

0x3191: and rbx, 0b1111111111000
  rax=0x000000000000189a rbx=0x0000000000000000 rcx=0x0000000000000004 rdx=0x0000000000000078
  rsi=0x00000000000000ac rdi=0x0000000000000000 flags=0b000000000110
  xmm0=0xc4ed0000c4ed000006ea000006ea xmm1=0xfbf00000fbf0000198600001986 
  xmm2=0xe10b0000e10b0000978900009789 xmm3=0x4d5700004d570000116000001160 
  xmm4=0x4d5b00004d5b00006cfe00006cfe xmm5=0x7518000075180000e3230000e323 
  xmm6=0xd0ce0000d0ce0000a4e30000a4e3 xmm7=0xf9220000f9220000b0c80000b0c8 

0x3198: and cx, 0b111
  rax=0x000000000000189a rbx=0x0000000000000000 rcx=0x0000000000000004 rdx=0x0000000000000078
  rsi=0x00000000000000ac rdi=0x0000000000000000 flags=0b000001000110
  xmm0=0xc4ed0000c4ed000006ea000006ea xmm1=0xfbf00000fbf0000198600001986 
  xmm2=0xe10b0000e10b0000978900009789 xmm3=0x4d5700004d570000116000001160 
  xmm4=0x4d5b00004d5b00006cfe00006cfe xmm5=0x7518000075180000e3230000e323 
  xmm6=0xd0ce0000d0ce0000a4e30000a4e3 xmm7=0xf9220000f9220000b0c80000b0c8 

0x319c: lock bts [r14 +rbx], cx
  rax=0x000000000000189a rbx=0x0000000000000000 rcx=0x0000000000000004 rdx=0x0000000000000078
  rsi=0x00000000000000ac rdi=0x0000000000000000 flags=0b000000000010
  xmm0=0xc4ed0000c4ed000006ea000006ea xmm1=0xfbf00000fbf0000198600001986 
  xmm2=0xe10b0000e10b0000978900009789 xmm3=0x4d5700004d570000116000001160 
  xmm4=0x4d5b00004d5b00006cfe00006cfe xmm5=0x7518000075180000e3230000e323 
  xmm6=0xd0ce0000d0ce0000a4e30000a4e3 xmm7=0xf9220000f9220000b0c80000b0c8 

    > load from +0x4000 value 0x5885
    > store to +0x4000 value 0x5895
0x31a3: and rcx, 0b1111111111111
  rax=0x000000000000189a rbx=0x0000000000000000 rcx=0x0000000000000004 rdx=0x0000000000000078
  rsi=0x00000000000000ac rdi=0x0000000000000000 flags=0b000000000010
  xmm0=0xc4ed0000c4ed000006ea000006ea xmm1=0xfbf00000fbf0000198600001986 
  xmm2=0xe10b0000e10b0000978900009789 xmm3=0x4d5700004d570000116000001160 
  xmm4=0x4d5b00004d5b00006cfe00006cfe xmm5=0x7518000075180000e3230000e323 
  xmm6=0xd0ce0000d0ce0000a4e30000a4e3 xmm7=0xf9220000f9220000b0c80000b0c8 

0x31aa: cmovz rsi, [r14 +rcx]
  rax=0x000000000000189a rbx=0x0000000000000000 rcx=0x0000000000000004 rdx=0x0000000000000078
  rsi=0x00000000000000ac rdi=0x0000000000000000 flags=0b000000000010
  xmm0=0xc4ed0000c4ed000006ea000006ea xmm1=0xfbf00000fbf0000198600001986 
  xmm2=0xe10b0000e10b0000978900009789 xmm3=0x4d5700004d570000116000001160 
  xmm4=0x4d5b00004d5b00006cfe00006cfe xmm5=0x7518000075180000e3230000e323 
  xmm6=0xd0ce0000d0ce0000a4e30000a4e3 xmm7=0xf9220000f9220000b0c80000b0c8 

    > load from +0x4004 value 0x3a320000b4ff
0x31af: and rdi, 0b1111111111000
  rax=0x000000000000189a rbx=0x0000000000000000 rcx=0x0000000000000004 rdx=0x0000000000000078
  rsi=0x00000000000000ac rdi=0x0000000000000000 flags=0b000000000010
  xmm0=0xc4ed0000c4ed000006ea000006ea xmm1=0xfbf00000fbf0000198600001986 
  xmm2=0xe10b0000e10b0000978900009789 xmm3=0x4d5700004d570000116000001160 
  xmm4=0x4d5b00004d5b00006cfe00006cfe xmm5=0x7518000075180000e3230000e323 
  xmm6=0xd0ce0000d0ce0000a4e30000a4e3 xmm7=0xf9220000f9220000b0c80000b0c8 

0x31b6: lock inc [r14 +rdi]
  rax=0x000000000000189a rbx=0x0000000000000000 rcx=0x0000000000000004 rdx=0x0000000000000078
  rsi=0x00000000000000ac rdi=0x0000000000000000 flags=0b000001000110
  xmm0=0xc4ed0000c4ed000006ea000006ea xmm1=0xfbf00000fbf0000198600001986 
  xmm2=0xe10b0000e10b0000978900009789 xmm3=0x4d5700004d570000116000001160 
  xmm4=0x4d5b00004d5b00006cfe00006cfe xmm5=0x7518000075180000e3230000e323 
  xmm6=0xd0ce0000d0ce0000a4e30000a4e3 xmm7=0xf9220000f9220000b0c80000b0c8 

    > load from +0x4000 value 0xb4ff00025895
    > store to +0x4000 value 0xb4ff00025896
0x31bb: and rsi, 0b1111111111111
  rax=0x000000000000189a rbx=0x0000000000000000 rcx=0x0000000000000004 rdx=0x0000000000000078
  rsi=0x00000000000000ac rdi=0x0000000000000000 flags=0b000000000110
  xmm0=0xc4ed0000c4ed000006ea000006ea xmm1=0xfbf00000fbf0000198600001986 
  xmm2=0xe10b0000e10b0000978900009789 xmm3=0x4d5700004d570000116000001160 
  xmm4=0x4d5b00004d5b00006cfe00006cfe xmm5=0x7518000075180000e3230000e323 
  xmm6=0xd0ce0000d0ce0000a4e30000a4e3 xmm7=0xf9220000f9220000b0c80000b0c8 

0x31c2: sbb [r14 +rsi], ebx
  rax=0x000000000000189a rbx=0x0000000000000000 rcx=0x0000000000000004 rdx=0x0000000000000078
  rsi=0x00000000000000ac rdi=0x0000000000000000 flags=0b000000000110
  xmm0=0xc4ed0000c4ed000006ea000006ea xmm1=0xfbf00000fbf0000198600001986 
  xmm2=0xe10b0000e10b0000978900009789 xmm3=0x4d5700004d570000116000001160 
  xmm4=0x4d5b00004d5b00006cfe00006cfe xmm5=0x7518000075180000e3230000e323 
  xmm6=0xd0ce0000d0ce0000a4e30000a4e3 xmm7=0xf9220000f9220000b0c80000b0c8 

    > load from +0x40ac value 0x59af
    > store to +0x40ac value 0x59af
0x31c6: cmovno esi, edi
  rax=0x000000000000189a rbx=0x0000000000000000 rcx=0x0000000000000004 rdx=0x0000000000000078
  rsi=0x00000000000000ac rdi=0x0000000000000000 flags=0b000000000110
  xmm0=0xc4ed0000c4ed000006ea000006ea xmm1=0xfbf00000fbf0000198600001986 
  xmm2=0xe10b0000e10b0000978900009789 xmm3=0x4d5700004d570000116000001160 
  xmm4=0x4d5b00004d5b00006cfe00006cfe xmm5=0x7518000075180000e3230000e323 
  xmm6=0xd0ce0000d0ce0000a4e30000a4e3 xmm7=0xf9220000f9220000b0c80000b0c8 

0x31c9: and rcx, 0b1111111111000
  rax=0x000000000000189a rbx=0x0000000000000000 rcx=0x0000000000000004 rdx=0x0000000000000078
  rsi=0x0000000000000000 rdi=0x0000000000000000 flags=0b000000000110
  xmm0=0xc4ed0000c4ed000006ea000006ea xmm1=0xfbf00000fbf0000198600001986 
  xmm2=0xe10b0000e10b0000978900009789 xmm3=0x4d5700004d570000116000001160 
  xmm4=0x4d5b00004d5b00006cfe00006cfe xmm5=0x7518000075180000e3230000e323 
  xmm6=0xd0ce0000d0ce0000a4e30000a4e3 xmm7=0xf9220000f9220000b0c80000b0c8 

0x31d0: xchg [r14 +rcx], cl
  rax=0x000000000000189a rbx=0x0000000000000000 rcx=0x0000000000000000 rdx=0x0000000000000078
  rsi=0x0000000000000000 rdi=0x0000000000000000 flags=0b000001000110
  xmm0=0xc4ed0000c4ed000006ea000006ea xmm1=0xfbf00000fbf0000198600001986 
  xmm2=0xe10b0000e10b0000978900009789 xmm3=0x4d5700004d570000116000001160 
  xmm4=0x4d5b00004d5b00006cfe00006cfe xmm5=0x7518000075180000e3230000e323 
  xmm6=0xd0ce0000d0ce0000a4e30000a4e3 xmm7=0xf9220000f9220000b0c80000b0c8 

    > load from +0x4000 value 0x96
    > store to +0x4000 value 0x0
0x31d4: and rax, 0b1111111111111
  rax=0x000000000000189a rbx=0x0000000000000000 rcx=0x0000000000000096 rdx=0x0000000000000078
  rsi=0x0000000000000000 rdi=0x0000000000000000 flags=0b000001000110
  xmm0=0xc4ed0000c4ed000006ea000006ea xmm1=0xfbf00000fbf0000198600001986 
  xmm2=0xe10b0000e10b0000978900009789 xmm3=0x4d5700004d570000116000001160 
  xmm4=0x4d5b00004d5b00006cfe00006cfe xmm5=0x7518000075180000e3230000e323 
  xmm6=0xd0ce0000d0ce0000a4e30000a4e3 xmm7=0xf9220000f9220000b0c80000b0c8 

0x31da: mov [r14 +rax], al
  rax=0x000000000000189a rbx=0x0000000000000000 rcx=0x0000000000000096 rdx=0x0000000000000078
  rsi=0x0000000000000000 rdi=0x0000000000000000 flags=0b000000000110
  xmm0=0xc4ed0000c4ed000006ea000006ea xmm1=0xfbf00000fbf0000198600001986 
  xmm2=0xe10b0000e10b0000978900009789 xmm3=0x4d5700004d570000116000001160 
  xmm4=0x4d5b00004d5b00006cfe00006cfe xmm5=0x7518000075180000e3230000e323 
  xmm6=0xd0ce0000d0ce0000a4e30000a4e3 xmm7=0xf9220000f9220000b0c80000b0c8 

    > store to +0x589a value 0x9a
0x31de: and rsi, 0b1111111111111
  rax=0x000000000000189a rbx=0x0000000000000000 rcx=0x0000000000000096 rdx=0x0000000000000078
  rsi=0x0000000000000000 rdi=0x0000000000000000 flags=0b000000000110
  xmm0=0xc4ed0000c4ed000006ea000006ea xmm1=0xfbf00000fbf0000198600001986 
  xmm2=0xe10b0000e10b0000978900009789 xmm3=0x4d5700004d570000116000001160 
  xmm4=0x4d5b00004d5b00006cfe00006cfe xmm5=0x7518000075180000e3230000e323 
  xmm6=0xd0ce0000d0ce0000a4e30000a4e3 xmm7=0xf9220000f9220000b0c80000b0c8 

0x31e5: cmovp edx, [r14 +rsi]
  rax=0x000000000000189a rbx=0x0000000000000000 rcx=0x0000000000000096 rdx=0x0000000000000078
  rsi=0x0000000000000000 rdi=0x0000000000000000 flags=0b000001000110
  xmm0=0xc4ed0000c4ed000006ea000006ea xmm1=0xfbf00000fbf0000198600001986 
  xmm2=0xe10b0000e10b0000978900009789 xmm3=0x4d5700004d570000116000001160 
  xmm4=0x4d5b00004d5b00006cfe00006cfe xmm5=0x7518000075180000e3230000e323 
  xmm6=0xd0ce0000d0ce0000a4e30000a4e3 xmm7=0xf9220000f9220000b0c80000b0c8 

    > load from +0x4000 value 0x25800
0x31ea: setz dil
  rax=0x000000000000189a rbx=0x0000000000000000 rcx=0x0000000000000096 rdx=0x0000000000025800
  rsi=0x0000000000000000 rdi=0x0000000000000000 flags=0b000001000110
  xmm0=0xc4ed0000c4ed000006ea000006ea xmm1=0xfbf00000fbf0000198600001986 
  xmm2=0xe10b0000e10b0000978900009789 xmm3=0x4d5700004d570000116000001160 
  xmm4=0x4d5b00004d5b00006cfe00006cfe xmm5=0x7518000075180000e3230000e323 
  xmm6=0xd0ce0000d0ce0000a4e30000a4e3 xmm7=0xf9220000f9220000b0c80000b0c8 

0x31ee: and rbx, 0b1111111111111
  rax=0x000000000000189a rbx=0x0000000000000000 rcx=0x0000000000000096 rdx=0x0000000000025800
  rsi=0x0000000000000000 rdi=0x0000000000000001 flags=0b000001000110
  xmm0=0xc4ed0000c4ed000006ea000006ea xmm1=0xfbf00000fbf0000198600001986 
  xmm2=0xe10b0000e10b0000978900009789 xmm3=0x4d5700004d570000116000001160 
  xmm4=0x4d5b00004d5b00006cfe00006cfe xmm5=0x7518000075180000e3230000e323 
  xmm6=0xd0ce0000d0ce0000a4e30000a4e3 xmm7=0xf9220000f9220000b0c80000b0c8 

0x31f5: or [r14 +rbx], 0b1000000000000000000000000000000
  rax=0x000000000000189a rbx=0x0000000000000000 rcx=0x0000000000000096 rdx=0x0000000000025800
  rsi=0x0000000000000000 rdi=0x0000000000000001 flags=0b000001000110
  xmm0=0xc4ed0000c4ed000006ea000006ea xmm1=0xfbf00000fbf0000198600001986 
  xmm2=0xe10b0000e10b0000978900009789 xmm3=0x4d5700004d570000116000001160 
  xmm4=0x4d5b00004d5b00006cfe00006cfe xmm5=0x7518000075180000e3230000e323 
  xmm6=0xd0ce0000d0ce0000a4e30000a4e3 xmm7=0xf9220000f9220000b0c80000b0c8 

    > load from +0x4000 value 0xb4ff00025800
    > store to +0x4000 value 0xb4ff40025800
0x31fd: bsr rsi, [r14 +rbx]
  rax=0x000000000000189a rbx=0x0000000000000000 rcx=0x0000000000000096 rdx=0x0000000000025800
  rsi=0x0000000000000000 rdi=0x0000000000000001 flags=0b000000000110
  xmm0=0xc4ed0000c4ed000006ea000006ea xmm1=0xfbf00000fbf0000198600001986 
  xmm2=0xe10b0000e10b0000978900009789 xmm3=0x4d5700004d570000116000001160 
  xmm4=0x4d5b00004d5b00006cfe00006cfe xmm5=0x7518000075180000e3230000e323 
  xmm6=0xd0ce0000d0ce0000a4e30000a4e3 xmm7=0xf9220000f9220000b0c80000b0c8 

    > load from +0x4000 value 0xb4ff40025800
0x3202: add dil, -35
  rax=0x000000000000189a rbx=0x0000000000000000 rcx=0x0000000000000096 rdx=0x0000000000025800
  rsi=0x000000000000002f rdi=0x0000000000000001 flags=0b000000000110
  xmm0=0xc4ed0000c4ed000006ea000006ea xmm1=0xfbf00000fbf0000198600001986 
  xmm2=0xe10b0000e10b0000978900009789 xmm3=0x4d5700004d570000116000001160 
  xmm4=0x4d5b00004d5b00006cfe00006cfe xmm5=0x7518000075180000e3230000e323 
  xmm6=0xd0ce0000d0ce0000a4e30000a4e3 xmm7=0xf9220000f9220000b0c80000b0c8 

0x3206: and rdi, 0b1111111111111
  rax=0x000000000000189a rbx=0x0000000000000000 rcx=0x0000000000000096 rdx=0x0000000000025800
  rsi=0x000000000000002f rdi=0x00000000000000de flags=0b000010000110
  xmm0=0xc4ed0000c4ed000006ea000006ea xmm1=0xfbf00000fbf0000198600001986 
  xmm2=0xe10b0000e10b0000978900009789 xmm3=0x4d5700004d570000116000001160 
  xmm4=0x4d5b00004d5b00006cfe00006cfe xmm5=0x7518000075180000e3230000e323 
  xmm6=0xd0ce0000d0ce0000a4e30000a4e3 xmm7=0xf9220000f9220000b0c80000b0c8 

0x320d: cmovnl rsi, [r14 +rdi]
  rax=0x000000000000189a rbx=0x0000000000000000 rcx=0x0000000000000096 rdx=0x0000000000025800
  rsi=0x000000000000002f rdi=0x00000000000000de flags=0b000000000110
  xmm0=0xc4ed0000c4ed000006ea000006ea xmm1=0xfbf00000fbf0000198600001986 
  xmm2=0xe10b0000e10b0000978900009789 xmm3=0x4d5700004d570000116000001160 
  xmm4=0x4d5b00004d5b00006cfe00006cfe xmm5=0x7518000075180000e3230000e323 
  xmm6=0xd0ce0000d0ce0000a4e30000a4e3 xmm7=0xf9220000f9220000b0c80000b0c8 

    > load from +0x40de value 0x7be400007be40000
0x3212: test ax, 26055
  rax=0x000000000000189a rbx=0x0000000000000000 rcx=0x0000000000000096 rdx=0x0000000000025800
  rsi=0x7be400007be40000 rdi=0x00000000000000de flags=0b000000000110
  xmm0=0xc4ed0000c4ed000006ea000006ea xmm1=0xfbf00000fbf0000198600001986 
  xmm2=0xe10b0000e10b0000978900009789 xmm3=0x4d5700004d570000116000001160 
  xmm4=0x4d5b00004d5b00006cfe00006cfe xmm5=0x7518000075180000e3230000e323 
  xmm6=0xd0ce0000d0ce0000a4e30000a4e3 xmm7=0xf9220000f9220000b0c80000b0c8 

0x3216: and rdx, 0b1111111111111
  rax=0x000000000000189a rbx=0x0000000000000000 rcx=0x0000000000000096 rdx=0x0000000000025800
  rsi=0x7be400007be40000 rdi=0x00000000000000de flags=0b000000000110
  xmm0=0xc4ed0000c4ed000006ea000006ea xmm1=0xfbf00000fbf0000198600001986 
  xmm2=0xe10b0000e10b0000978900009789 xmm3=0x4d5700004d570000116000001160 
  xmm4=0x4d5b00004d5b00006cfe00006cfe xmm5=0x7518000075180000e3230000e323 
  xmm6=0xd0ce0000d0ce0000a4e30000a4e3 xmm7=0xf9220000f9220000b0c80000b0c8 

0x321d: cmovp dx, [r14 +rdx]
  rax=0x000000000000189a rbx=0x0000000000000000 rcx=0x0000000000000096 rdx=0x0000000000001800
  rsi=0x7be400007be40000 rdi=0x00000000000000de flags=0b000000000110
  xmm0=0xc4ed0000c4ed000006ea000006ea xmm1=0xfbf00000fbf0000198600001986 
  xmm2=0xe10b0000e10b0000978900009789 xmm3=0x4d5700004d570000116000001160 
  xmm4=0x4d5b00004d5b00006cfe00006cfe xmm5=0x7518000075180000e3230000e323 
  xmm6=0xd0ce0000d0ce0000a4e30000a4e3 xmm7=0xf9220000f9220000b0c80000b0c8 

    > load from +0x5800 value 0xce2f
0x3223: mov ecx, 0x1a4
  rax=0x000000000000189a rbx=0x0000000000000000 rcx=0x0000000000000096 rdx=0x000000000000ce2f
  rsi=0x7be400007be40000 rdi=0x00000000000000de flags=0b000000000110
  xmm0=0xc4ed0000c4ed000006ea000006ea xmm1=0xfbf00000fbf0000198600001986 
  xmm2=0xe10b0000e10b0000978900009789 xmm3=0x4d5700004d570000116000001160 
  xmm4=0x4d5b00004d5b00006cfe00006cfe xmm5=0x7518000075180000e3230000e323 
  xmm6=0xd0ce0000d0ce0000a4e30000a4e3 xmm7=0xf9220000f9220000b0c80000b0c8 

0x3228: mov edx, 0
  rax=0x000000000000189a rbx=0x0000000000000000 rcx=0x00000000000001a4 rdx=0x000000000000ce2f
  rsi=0x7be400007be40000 rdi=0x00000000000000de flags=0b000000000110
  xmm0=0xc4ed0000c4ed000006ea000006ea xmm1=0xfbf00000fbf0000198600001986 
  xmm2=0xe10b0000e10b0000978900009789 xmm3=0x4d5700004d570000116000001160 
  xmm4=0x4d5b00004d5b00006cfe00006cfe xmm5=0x7518000075180000e3230000e323 
  xmm6=0xd0ce0000d0ce0000a4e30000a4e3 xmm7=0xf9220000f9220000b0c80000b0c8 

0x322d: mov eax, 0b1111
  rax=0x000000000000189a rbx=0x0000000000000000 rcx=0x00000000000001a4 rdx=0x0000000000000000
  rsi=0x7be400007be40000 rdi=0x00000000000000de flags=0b000000000110
  xmm0=0xc4ed0000c4ed000006ea000006ea xmm1=0xfbf00000fbf0000198600001986 
  xmm2=0xe10b0000e10b0000978900009789 xmm3=0x4d5700004d570000116000001160 
  xmm4=0x4d5b00004d5b00006cfe00006cfe xmm5=0x7518000075180000e3230000e323 
  xmm6=0xd0ce0000d0ce0000a4e30000a4e3 xmm7=0xf9220000f9220000b0c80000b0c8 

0x3232: wrmsr 
  rax=0x000000000000000f rbx=0x0000000000000000 rcx=0x00000000000001a4 rdx=0x0000000000000000
  rsi=0x7be400007be40000 rdi=0x00000000000000de flags=0b000000000110
  xmm0=0xc4ed0000c4ed000006ea000006ea xmm1=0xfbf00000fbf0000198600001986 
  xmm2=0xe10b0000e10b0000978900009789 xmm3=0x4d5700004d570000116000001160 
  xmm4=0x4d5b00004d5b00006cfe00006cfe xmm5=0x7518000075180000e3230000e323 
  xmm6=0xd0ce0000d0ce0000a4e30000a4e3 xmm7=0xf9220000f9220000b0c80000b0c8 

0x3234: mfence 
  rax=0x000000000000000f rbx=0x0000000000000000 rcx=0x00000000000001a4 rdx=0x0000000000000000
  rsi=0x7be400007be40000 rdi=0x00000000000000de flags=0b000000000110
  xmm0=0xc4ed0000c4ed000006ea000006ea xmm1=0xfbf00000fbf0000198600001986 
  xmm2=0xe10b0000e10b0000978900009789 xmm3=0x4d5700004d570000116000001160 
  xmm4=0x4d5b00004d5b00006cfe00006cfe xmm5=0x7518000075180000e3230000e323 
  xmm6=0xd0ce0000d0ce0000a4e30000a4e3 xmm7=0xf9220000f9220000b0c80000b0c8 

0x3237: lfence 
  rax=0x000000000000000f rbx=0x0000000000000000 rcx=0x00000000000001a4 rdx=0x0000000000000000
  rsi=0x7be400007be40000 rdi=0x00000000000000de flags=0b000000000110
  xmm0=0xc4ed0000c4ed000006ea000006ea xmm1=0xfbf00000fbf0000198600001986 
  xmm2=0xe10b0000e10b0000978900009789 xmm3=0x4d5700004d570000116000001160 
  xmm4=0x4d5b00004d5b00006cfe00006cfe xmm5=0x7518000075180000e3230000e323 
  xmm6=0xd0ce0000d0ce0000a4e30000a4e3 xmm7=0xf9220000f9220000b0c80000b0c8 

0x323a: macro .measurement_end, .noarg
  rax=0x000000000000000f rbx=0x0000000000000000 rcx=0x00000000000001a4 rdx=0x0000000000000000
  rsi=0x7be400007be40000 rdi=0x00000000000000de flags=0b000000000110
  xmm0=0xc4ed0000c4ed000006ea000006ea xmm1=0xfbf00000fbf0000198600001986 
  xmm2=0xe10b0000e10b0000978900009789 xmm3=0x4d5700004d570000116000001160 
  xmm4=0x4d5b00004d5b00006cfe00006cfe xmm5=0x7518000075180000e3230000e323 
  xmm6=0xd0ce0000d0ce0000a4e30000a4e3 xmm7=0xf9220000f9220000b0c80000b0c8 

0x3242: mov ecx, 0x1a4
  rax=0x000000000000000f rbx=0x0000000000000000 rcx=0x00000000000001a4 rdx=0x0000000000000000
  rsi=0x7be400007be40000 rdi=0x00000000000000de flags=0b000000000110
  xmm0=0xc4ed0000c4ed000006ea000006ea xmm1=0xfbf00000fbf0000198600001986 
  xmm2=0xe10b0000e10b0000978900009789 xmm3=0x4d5700004d570000116000001160 
  xmm4=0x4d5b00004d5b00006cfe00006cfe xmm5=0x7518000075180000e3230000e323 
  xmm6=0xd0ce0000d0ce0000a4e30000a4e3 xmm7=0xf9220000f9220000b0c80000b0c8 

0x3247: mov edx, 0
  rax=0x000000000000000f rbx=0x0000000000000000 rcx=0x00000000000001a4 rdx=0x0000000000000000
  rsi=0x7be400007be40000 rdi=0x00000000000000de flags=0b000000000110
  xmm0=0xc4ed0000c4ed000006ea000006ea xmm1=0xfbf00000fbf0000198600001986 
  xmm2=0xe10b0000e10b0000978900009789 xmm3=0x4d5700004d570000116000001160 
  xmm4=0x4d5b00004d5b00006cfe00006cfe xmm5=0x7518000075180000e3230000e323 
  xmm6=0xd0ce0000d0ce0000a4e30000a4e3 xmm7=0xf9220000f9220000b0c80000b0c8 

0x324c: mov eax, 0b0000
  rax=0x000000000000000f rbx=0x0000000000000000 rcx=0x00000000000001a4 rdx=0x0000000000000000
  rsi=0x7be400007be40000 rdi=0x00000000000000de flags=0b000000000110
  xmm0=0xc4ed0000c4ed000006ea000006ea xmm1=0xfbf00000fbf0000198600001986 
  xmm2=0xe10b0000e10b0000978900009789 xmm3=0x4d5700004d570000116000001160 
  xmm4=0x4d5b00004d5b00006cfe00006cfe xmm5=0x7518000075180000e3230000e323 
  xmm6=0xd0ce0000d0ce0000a4e30000a4e3 xmm7=0xf9220000f9220000b0c80000b0c8 

0x3251: wrmsr 
  rax=0x0000000000000000 rbx=0x0000000000000000 rcx=0x00000000000001a4 rdx=0x0000000000000000
  rsi=0x7be400007be40000 rdi=0x00000000000000de flags=0b000000000110
  xmm0=0xc4ed0000c4ed000006ea000006ea xmm1=0xfbf00000fbf0000198600001986 
  xmm2=0xe10b0000e10b0000978900009789 xmm3=0x4d5700004d570000116000001160 
  xmm4=0x4d5b00004d5b00006cfe00006cfe xmm5=0x7518000075180000e3230000e323 
  xmm6=0xd0ce0000d0ce0000a4e30000a4e3 xmm7=0xf9220000f9220000b0c80000b0c8 

0x3253: mfence 
  rax=0x0000000000000000 rbx=0x0000000000000000 rcx=0x00000000000001a4 rdx=0x0000000000000000
  rsi=0x7be400007be40000 rdi=0x00000000000000de flags=0b000000000110
  xmm0=0xc4ed0000c4ed000006ea000006ea xmm1=0xfbf00000fbf0000198600001986 
  xmm2=0xe10b0000e10b0000978900009789 xmm3=0x4d5700004d570000116000001160 
  xmm4=0x4d5b00004d5b00006cfe00006cfe xmm5=0x7518000075180000e3230000e323 
  xmm6=0xd0ce0000d0ce0000a4e30000a4e3 xmm7=0xf9220000f9220000b0c80000b0c8 

0x3256: lfence 
  rax=0x0000000000000000 rbx=0x0000000000000000 rcx=0x00000000000001a4 rdx=0x0000000000000000
  rsi=0x7be400007be40000 rdi=0x00000000000000de flags=0b000000000110
  xmm0=0xc4ed0000c4ed000006ea000006ea xmm1=0xfbf00000fbf0000198600001986 
  xmm2=0xe10b0000e10b0000978900009789 xmm3=0x4d5700004d570000116000001160 
  xmm4=0x4d5b00004d5b00006cfe00006cfe xmm5=0x7518000075180000e3230000e323 
  xmm6=0xd0ce0000d0ce0000a4e30000a4e3 xmm7=0xf9220000f9220000b0c80000b0c8 

0x3259: macro .switch, .main.function_main_1
  rax=0x0000000000000000 rbx=0x0000000000000000 rcx=0x00000000000001a4 rdx=0x0000000000000000
  rsi=0x7be400007be40000 rdi=0x00000000000000de flags=0b000000000110
  xmm0=0xc4ed0000c4ed000006ea000006ea xmm1=0xfbf00000fbf0000198600001986 
  xmm2=0xe10b0000e10b0000978900009789 xmm3=0x4d5700004d570000116000001160 
  xmm4=0x4d5b00004d5b00006cfe00006cfe xmm5=0x7518000075180000e3230000e323 
  xmm6=0xd0ce0000d0ce0000a4e30000a4e3 xmm7=0xf9220000f9220000b0c80000b0c8 

0x1f1: nop  [test_case_exit]
  rax=0x0000000000000000 rbx=0x0000000000000000 rcx=0x00000000000001a4 rdx=0x0000000000000000
  rsi=0x7be400007be40000 rdi=0x00000000000000de flags=0b000000000110
  xmm0=0xc4ed0000c4ed000006ea000006ea xmm1=0xfbf00000fbf0000198600001986 
  xmm2=0xe10b0000e10b0000978900009789 xmm3=0x4d5700004d570000116000001160 
  xmm4=0x4d5b00004d5b00006cfe00006cfe xmm5=0x7518000075180000e3230000e323 
  xmm6=0xd0ce0000d0ce0000a4e30000a4e3 xmm7=0xf9220000f9220000b0c80000b0c8 




                      ##### Input 93 #####

                     ##### Input 0 #####
0x0 : and rdi, 0b1111111111000
  rax=0x00003dd900003dd9 rbx=0x0000445f0000445f rcx=0x000088a7000088a7 rdx=0x0000e05e0000e05e
  rsi=0x0000a4a40000a4a4 rdi=0x0000c11e0000c11e flags=0b000000000111
  xmm0=0x7a2c00007a2c0000643600006436 xmm1=0x2832000028320000507f0000507f 
  xmm2=0xd8bd0000d8bd00001abd00001abd xmm3=0xcc760000cc760000681000006810 
  xmm4=0xc9790000c9790000c62b0000c62b xmm5=0xa3d20000a3d200005c2400005c24 
  xmm6=0xe2820000e2820000499000004990 xmm7=0xe4e90000e4e90000ffea0000ffea 

0x7 : lock xadd [r14 +rdi], dl
  rax=0x00003dd900003dd9 rbx=0x0000445f0000445f rcx=0x000088a7000088a7 rdx=0x0000e05e0000e05e
  rsi=0x0000a4a40000a4a4 rdi=0x0000000000000118 flags=0b000000000110
  xmm0=0x7a2c00007a2c0000643600006436 xmm1=0x2832000028320000507f0000507f 
  xmm2=0xd8bd0000d8bd00001abd00001abd xmm3=0xcc760000cc760000681000006810 
  xmm4=0xc9790000c9790000c62b0000c62b xmm5=0xa3d20000a3d200005c2400005c24 
  xmm6=0xe2820000e2820000499000004990 xmm7=0xe4e90000e4e90000ffea0000ffea 

    > load from +0x118 value 0xd5
    > store to +0x118 value 0x33
0xd : and rdx, 0b1111111111000
  rax=0x00003dd900003dd9 rbx=0x0000445f0000445f rcx=0x000088a7000088a7 rdx=0x0000e05e0000e0d5
  rsi=0x0000a4a40000a4a4 rdi=0x0000000000000118 flags=0b000000010111
  xmm0=0x7a2c00007a2c0000643600006436 xmm1=0x2832000028320000507f0000507f 
  xmm2=0xd8bd0000d8bd00001abd00001abd xmm3=0xcc760000cc760000681000006810 
  xmm4=0xc9790000c9790000c62b0000c62b xmm5=0xa3d20000a3d200005c2400005c24 
  xmm6=0xe2820000e2820000499000004990 xmm7=0xe4e90000e4e90000ffea0000ffea 

0x14: lock sub [r14 +rdx], dl
  rax=0x00003dd900003dd9 rbx=0x0000445f0000445f rcx=0x000088a7000088a7 rdx=0x00000000000000d0
  rsi=0x0000a4a40000a4a4 rdi=0x0000000000000118 flags=0b000000000010
  xmm0=0x7a2c00007a2c0000643600006436 xmm1=0x2832000028320000507f0000507f 
  xmm2=0xd8bd0000d8bd00001abd00001abd xmm3=0xcc760000cc760000681000006810 
  xmm4=0xc9790000c9790000c62b0000c62b xmm5=0xa3d20000a3d200005c2400005c24 
  xmm6=0xe2820000e2820000499000004990 xmm7=0xe4e90000e4e90000ffea0000ffea 

    > load from +0xd0 value 0xd0
    > store to +0xd0 value 0x0
0x19: dec bl
  rax=0x00003dd900003dd9 rbx=0x0000445f0000445f rcx=0x000088a7000088a7 rdx=0x00000000000000d0
  rsi=0x0000a4a40000a4a4 rdi=0x0000000000000118 flags=0b000001000110
  xmm0=0x7a2c00007a2c0000643600006436 xmm1=0x2832000028320000507f0000507f 
  xmm2=0xd8bd0000d8bd00001abd00001abd xmm3=0xcc760000cc760000681000006810 
  xmm4=0xc9790000c9790000c62b0000c62b xmm5=0xa3d20000a3d200005c2400005c24 
  xmm6=0xe2820000e2820000499000004990 xmm7=0xe4e90000e4e90000ffea0000ffea 

0x1b: setnle cl
  rax=0x00003dd900003dd9 rbx=0x0000445f0000445e rcx=0x000088a7000088a7 rdx=0x00000000000000d0
  rsi=0x0000a4a40000a4a4 rdi=0x0000000000000118 flags=0b000000000010
  xmm0=0x7a2c00007a2c0000643600006436 xmm1=0x2832000028320000507f0000507f 
  xmm2=0xd8bd0000d8bd00001abd00001abd xmm3=0xcc760000cc760000681000006810 
  xmm4=0xc9790000c9790000c62b0000c62b xmm5=0xa3d20000a3d200005c2400005c24 
  xmm6=0xe2820000e2820000499000004990 xmm7=0xe4e90000e4e90000ffea0000ffea 

0x1e: and rsi, 0b1111111111111
  rax=0x00003dd900003dd9 rbx=0x0000445f0000445e rcx=0x000088a700008801 rdx=0x00000000000000d0
  rsi=0x0000a4a40000a4a4 rdi=0x0000000000000118 flags=0b000000000010
  xmm0=0x7a2c00007a2c0000643600006436 xmm1=0x2832000028320000507f0000507f 
  xmm2=0xd8bd0000d8bd00001abd00001abd xmm3=0xcc760000cc760000681000006810 
  xmm4=0xc9790000c9790000c62b0000c62b xmm5=0xa3d20000a3d200005c2400005c24 
  xmm6=0xe2820000e2820000499000004990 xmm7=0xe4e90000e4e90000ffea0000ffea 

0x25: movzx rsi, [r14 +rsi]
  rax=0x00003dd900003dd9 rbx=0x0000445f0000445e rcx=0x000088a700008801 rdx=0x00000000000000d0
  rsi=0x00000000000004a4 rdi=0x0000000000000118 flags=0b000000000010
  xmm0=0x7a2c00007a2c0000643600006436 xmm1=0x2832000028320000507f0000507f 
  xmm2=0xd8bd0000d8bd00001abd00001abd xmm3=0xcc760000cc760000681000006810 
  xmm4=0xc9790000c9790000c62b0000c62b xmm5=0xa3d20000a3d200005c2400005c24 
  xmm6=0xe2820000e2820000499000004990 xmm7=0xe4e90000e4e90000ffea0000ffea 

    > load from +0x4a4 value 0x531b
0x2a: mov bl, -35
  rax=0x00003dd900003dd9 rbx=0x0000445f0000445e rcx=0x000088a700008801 rdx=0x00000000000000d0
  rsi=0x000000000000531b rdi=0x0000000000000118 flags=0b000000000010
  xmm0=0x7a2c00007a2c0000643600006436 xmm1=0x2832000028320000507f0000507f 
  xmm2=0xd8bd0000d8bd00001abd00001abd xmm3=0xcc760000cc760000681000006810 
  xmm4=0xc9790000c9790000c62b0000c62b xmm5=0xa3d20000a3d200005c2400005c24 
  xmm6=0xe2820000e2820000499000004990 xmm7=0xe4e90000e4e90000ffea0000ffea 

0x2c: and rdi, 0b1111111111111
  rax=0x00003dd900003dd9 rbx=0x0000445f000044dd rcx=0x000088a700008801 rdx=0x00000000000000d0
  rsi=0x000000000000531b rdi=0x0000000000000118 flags=0b000000000010
  xmm0=0x7a2c00007a2c0000643600006436 xmm1=0x2832000028320000507f0000507f 
  xmm2=0xd8bd0000d8bd00001abd00001abd xmm3=0xcc760000cc760000681000006810 
  xmm4=0xc9790000c9790000c62b0000c62b xmm5=0xa3d20000a3d200005c2400005c24 
  xmm6=0xe2820000e2820000499000004990 xmm7=0xe4e90000e4e90000ffea0000ffea 

0x33: sets [r14 +rdi]
  rax=0x00003dd900003dd9 rbx=0x0000445f000044dd rcx=0x000088a700008801 rdx=0x00000000000000d0
  rsi=0x000000000000531b rdi=0x0000000000000118 flags=0b000000000110
  xmm0=0x7a2c00007a2c0000643600006436 xmm1=0x2832000028320000507f0000507f 
  xmm2=0xd8bd0000d8bd00001abd00001abd xmm3=0xcc760000cc760000681000006810 
  xmm4=0xc9790000c9790000c62b0000c62b xmm5=0xa3d20000a3d200005c2400005c24 
  xmm6=0xe2820000e2820000499000004990 xmm7=0xe4e90000e4e90000ffea0000ffea 

    > store to +0x118 value 0x0
0x38: and rdx, 0b1111111111000
  rax=0x00003dd900003dd9 rbx=0x0000445f000044dd rcx=0x000088a700008801 rdx=0x00000000000000d0
  rsi=0x000000000000531b rdi=0x0000000000000118 flags=0b000000000110
  xmm0=0x7a2c00007a2c0000643600006436 xmm1=0x2832000028320000507f0000507f 
  xmm2=0xd8bd0000d8bd00001abd00001abd xmm3=0xcc760000cc760000681000006810 
  xmm4=0xc9790000c9790000c62b0000c62b xmm5=0xa3d20000a3d200005c2400005c24 
  xmm6=0xe2820000e2820000499000004990 xmm7=0xe4e90000e4e90000ffea0000ffea 

0x3f: lock dec [r14 +rdx]
  rax=0x00003dd900003dd9 rbx=0x0000445f000044dd rcx=0x000088a700008801 rdx=0x00000000000000d0
  rsi=0x000000000000531b rdi=0x0000000000000118 flags=0b000000000010
  xmm0=0x7a2c00007a2c0000643600006436 xmm1=0x2832000028320000507f0000507f 
  xmm2=0xd8bd0000d8bd00001abd00001abd xmm3=0xcc760000cc760000681000006810 
  xmm4=0xc9790000c9790000c62b0000c62b xmm5=0xa3d20000a3d200005c2400005c24 
  xmm6=0xe2820000e2820000499000004990 xmm7=0xe4e90000e4e90000ffea0000ffea 

    > load from +0xd0 value 0xad000000a00
    > store to +0xd0 value 0xad0000009ff
0x44: movsx rax, dx
  rax=0x00003dd900003dd9 rbx=0x0000445f000044dd rcx=0x000088a700008801 rdx=0x00000000000000d0
  rsi=0x000000000000531b rdi=0x0000000000000118 flags=0b000000010110
  xmm0=0x7a2c00007a2c0000643600006436 xmm1=0x2832000028320000507f0000507f 
  xmm2=0xd8bd0000d8bd00001abd00001abd xmm3=0xcc760000cc760000681000006810 
  xmm4=0xc9790000c9790000c62b0000c62b xmm5=0xa3d20000a3d200005c2400005c24 
  xmm6=0xe2820000e2820000499000004990 xmm7=0xe4e90000e4e90000ffea0000ffea 

0x48: and rdx, 0b1111111111111
  rax=0x00000000000000d0 rbx=0x0000445f000044dd rcx=0x000088a700008801 rdx=0x00000000000000d0
  rsi=0x000000000000531b rdi=0x0000000000000118 flags=0b000000010110
  xmm0=0x7a2c00007a2c0000643600006436 xmm1=0x2832000028320000507f0000507f 
  xmm2=0xd8bd0000d8bd00001abd00001abd xmm3=0xcc760000cc760000681000006810 
  xmm4=0xc9790000c9790000c62b0000c62b xmm5=0xa3d20000a3d200005c2400005c24 
  xmm6=0xe2820000e2820000499000004990 xmm7=0xe4e90000e4e90000ffea0000ffea 

0x4f: or [r14 +rdx], sil
  rax=0x00000000000000d0 rbx=0x0000445f000044dd rcx=0x000088a700008801 rdx=0x00000000000000d0
  rsi=0x000000000000531b rdi=0x0000000000000118 flags=0b000000000010
  xmm0=0x7a2c00007a2c0000643600006436 xmm1=0x2832000028320000507f0000507f 
  xmm2=0xd8bd0000d8bd00001abd00001abd xmm3=0xcc760000cc760000681000006810 
  xmm4=0xc9790000c9790000c62b0000c62b xmm5=0xa3d20000a3d200005c2400005c24 
  xmm6=0xe2820000e2820000499000004990 xmm7=0xe4e90000e4e90000ffea0000ffea 

    > load from +0xd0 value 0xff
    > store to +0xd0 value 0xff
0x53: and rsi, 0b1111111111111
  rax=0x00000000000000d0 rbx=0x0000445f000044dd rcx=0x000088a700008801 rdx=0x00000000000000d0
  rsi=0x000000000000531b rdi=0x0000000000000118 flags=0b000010000110
  xmm0=0x7a2c00007a2c0000643600006436 xmm1=0x2832000028320000507f0000507f 
  xmm2=0xd8bd0000d8bd00001abd00001abd xmm3=0xcc760000cc760000681000006810 
  xmm4=0xc9790000c9790000c62b0000c62b xmm5=0xa3d20000a3d200005c2400005c24 
  xmm6=0xe2820000e2820000499000004990 xmm7=0xe4e90000e4e90000ffea0000ffea 

0x5a: sub [r14 +rsi], rdx
  rax=0x00000000000000d0 rbx=0x0000445f000044dd rcx=0x000088a700008801 rdx=0x00000000000000d0
  rsi=0x000000000000131b rdi=0x0000000000000118 flags=0b000000000110
  xmm0=0x7a2c00007a2c0000643600006436 xmm1=0x2832000028320000507f0000507f 
  xmm2=0xd8bd0000d8bd00001abd00001abd xmm3=0xcc760000cc760000681000006810 
  xmm4=0xc9790000c9790000c62b0000c62b xmm5=0xa3d20000a3d200005c2400005c24 
  xmm6=0xe2820000e2820000499000004990 xmm7=0xe4e90000e4e90000ffea0000ffea 

    > load from +0x131b value 0x65b20000790300
    > store to +0x131b value 0x65b20000790230
0x5e: and rdx, 0b1111111111000
  rax=0x00000000000000d0 rbx=0x0000445f000044dd rcx=0x000088a700008801 rdx=0x00000000000000d0
  rsi=0x000000000000131b rdi=0x0000000000000118 flags=0b000000000110
  xmm0=0x7a2c00007a2c0000643600006436 xmm1=0x2832000028320000507f0000507f 
  xmm2=0xd8bd0000d8bd00001abd00001abd xmm3=0xcc760000cc760000681000006810 
  xmm4=0xc9790000c9790000c62b0000c62b xmm5=0xa3d20000a3d200005c2400005c24 
  xmm6=0xe2820000e2820000499000004990 xmm7=0xe4e90000e4e90000ffea0000ffea 

0x65: lock add [r14 +rdx], rdx
  rax=0x00000000000000d0 rbx=0x0000445f000044dd rcx=0x000088a700008801 rdx=0x00000000000000d0
  rsi=0x000000000000131b rdi=0x0000000000000118 flags=0b000000000010
  xmm0=0x7a2c00007a2c0000643600006436 xmm1=0x2832000028320000507f0000507f 
  xmm2=0xd8bd0000d8bd00001abd00001abd xmm3=0xcc760000cc760000681000006810 
  xmm4=0xc9790000c9790000c62b0000c62b xmm5=0xa3d20000a3d200005c2400005c24 
  xmm6=0xe2820000e2820000499000004990 xmm7=0xe4e90000e4e90000ffea0000ffea 

    > load from +0xd0 value 0xad0000009ff
    > store to +0xd0 value 0xad000000acf
0x6a: and rsi, 0b1111111111111
  rax=0x00000000000000d0 rbx=0x0000445f000044dd rcx=0x000088a700008801 rdx=0x00000000000000d0
  rsi=0x000000000000131b rdi=0x0000000000000118 flags=0b000000000110
  xmm0=0x7a2c00007a2c0000643600006436 xmm1=0x2832000028320000507f0000507f 
  xmm2=0xd8bd0000d8bd00001abd00001abd xmm3=0xcc760000cc760000681000006810 
  xmm4=0xc9790000c9790000c62b0000c62b xmm5=0xa3d20000a3d200005c2400005c24 
  xmm6=0xe2820000e2820000499000004990 xmm7=0xe4e90000e4e90000ffea0000ffea 

0x71: cmp [r14 +rsi], -38
  rax=0x00000000000000d0 rbx=0x0000445f000044dd rcx=0x000088a700008801 rdx=0x00000000000000d0
  rsi=0x000000000000131b rdi=0x0000000000000118 flags=0b000000000110
  xmm0=0x7a2c00007a2c0000643600006436 xmm1=0x2832000028320000507f0000507f 
  xmm2=0xd8bd0000d8bd00001abd00001abd xmm3=0xcc760000cc760000681000006810 
  xmm4=0xc9790000c9790000c62b0000c62b xmm5=0xa3d20000a3d200005c2400005c24 
  xmm6=0xe2820000e2820000499000004990 xmm7=0xe4e90000e4e90000ffea0000ffea 

    > load from +0x131b value 0x30
0x76: and rbx, 0b1111111111111
  rax=0x00000000000000d0 rbx=0x0000445f000044dd rcx=0x000088a700008801 rdx=0x00000000000000d0
  rsi=0x000000000000131b rdi=0x0000000000000118 flags=0b000000010111
  xmm0=0x7a2c00007a2c0000643600006436 xmm1=0x2832000028320000507f0000507f 
  xmm2=0xd8bd0000d8bd00001abd00001abd xmm3=0xcc760000cc760000681000006810 
  xmm4=0xc9790000c9790000c62b0000c62b xmm5=0xa3d20000a3d200005c2400005c24 
  xmm6=0xe2820000e2820000499000004990 xmm7=0xe4e90000e4e90000ffea0000ffea 

0x7d: add [r14 +rbx], rax
  rax=0x00000000000000d0 rbx=0x00000000000004dd rcx=0x000088a700008801 rdx=0x00000000000000d0
  rsi=0x000000000000131b rdi=0x0000000000000118 flags=0b000000000110
  xmm0=0x7a2c00007a2c0000643600006436 xmm1=0x2832000028320000507f0000507f 
  xmm2=0xd8bd0000d8bd00001abd00001abd xmm3=0xcc760000cc760000681000006810 
  xmm4=0xc9790000c9790000c62b0000c62b xmm5=0xa3d20000a3d200005c2400005c24 
  xmm6=0xe2820000e2820000499000004990 xmm7=0xe4e90000e4e90000ffea0000ffea 

    > load from +0x4dd value 0xdc00001cdc000051
    > store to +0x4dd value 0x-23ffffe323fffedf
0x81: imul rsi
  rax=0x00000000000000d0 rbx=0x00000000000004dd rcx=0x000088a700008801 rdx=0x00000000000000d0
  rsi=0x000000000000131b rdi=0x0000000000000118 flags=0b000010000110
  xmm0=0x7a2c00007a2c0000643600006436 xmm1=0x2832000028320000507f0000507f 
  xmm2=0xd8bd0000d8bd00001abd00001abd xmm3=0xcc760000cc760000681000006810 
  xmm4=0xc9790000c9790000c62b0000c62b xmm5=0xa3d20000a3d200005c2400005c24 
  xmm6=0xe2820000e2820000499000004990 xmm7=0xe4e90000e4e90000ffea0000ffea 

0x84: and rdi, 0b1111111111111
  rax=0x00000000000f85f0 rbx=0x00000000000004dd rcx=0x000088a700008801 rdx=0x0000000000000000
  rsi=0x000000000000131b rdi=0x0000000000000118 flags=0b000000000110
  xmm0=0x7a2c00007a2c0000643600006436 xmm1=0x2832000028320000507f0000507f 
  xmm2=0xd8bd0000d8bd00001abd00001abd xmm3=0xcc760000cc760000681000006810 
  xmm4=0xc9790000c9790000c62b0000c62b xmm5=0xa3d20000a3d200005c2400005c24 
  xmm6=0xe2820000e2820000499000004990 xmm7=0xe4e90000e4e90000ffea0000ffea 

0x8b: and [r14 +rdi], rdi
  rax=0x00000000000f85f0 rbx=0x00000000000004dd rcx=0x000088a700008801 rdx=0x0000000000000000
  rsi=0x000000000000131b rdi=0x0000000000000118 flags=0b000000000110
  xmm0=0x7a2c00007a2c0000643600006436 xmm1=0x2832000028320000507f0000507f 
  xmm2=0xd8bd0000d8bd00001abd00001abd xmm3=0xcc760000cc760000681000006810 
  xmm4=0xc9790000c9790000c62b0000c62b xmm5=0xa3d20000a3d200005c2400005c24 
  xmm6=0xe2820000e2820000499000004990 xmm7=0xe4e90000e4e90000ffea0000ffea 

    > load from +0x118 value 0xb6d50000b600
    > store to +0x118 value 0x0
0x8f: xchg rax, rax
  rax=0x00000000000f85f0 rbx=0x00000000000004dd rcx=0x000088a700008801 rdx=0x0000000000000000
  rsi=0x000000000000131b rdi=0x0000000000000118 flags=0b000001000110
  xmm0=0x7a2c00007a2c0000643600006436 xmm1=0x2832000028320000507f0000507f 
  xmm2=0xd8bd0000d8bd00001abd00001abd xmm3=0xcc760000cc760000681000006810 
  xmm4=0xc9790000c9790000c62b0000c62b xmm5=0xa3d20000a3d200005c2400005c24 
  xmm6=0xe2820000e2820000499000004990 xmm7=0xe4e90000e4e90000ffea0000ffea 

0x90: cmp sil, 68
  rax=0x00000000000f85f0 rbx=0x00000000000004dd rcx=0x000088a700008801 rdx=0x0000000000000000
  rsi=0x000000000000131b rdi=0x0000000000000118 flags=0b000001000110
  xmm0=0x7a2c00007a2c0000643600006436 xmm1=0x2832000028320000507f0000507f 
  xmm2=0xd8bd0000d8bd00001abd00001abd xmm3=0xcc760000cc760000681000006810 
  xmm4=0xc9790000c9790000c62b0000c62b xmm5=0xa3d20000a3d200005c2400005c24 
  xmm6=0xe2820000e2820000499000004990 xmm7=0xe4e90000e4e90000ffea0000ffea 

0x94: and rbx, 0b1111111111111
  rax=0x00000000000f85f0 rbx=0x00000000000004dd rcx=0x000088a700008801 rdx=0x0000000000000000
  rsi=0x000000000000131b rdi=0x0000000000000118 flags=0b000010000111
  xmm0=0x7a2c00007a2c0000643600006436 xmm1=0x2832000028320000507f0000507f 
  xmm2=0xd8bd0000d8bd00001abd00001abd xmm3=0xcc760000cc760000681000006810 
  xmm4=0xc9790000c9790000c62b0000c62b xmm5=0xa3d20000a3d200005c2400005c24 
  xmm6=0xe2820000e2820000499000004990 xmm7=0xe4e90000e4e90000ffea0000ffea 

0x9b: bt [r14 +rbx], -97
  rax=0x00000000000f85f0 rbx=0x00000000000004dd rcx=0x000088a700008801 rdx=0x0000000000000000
  rsi=0x000000000000131b rdi=0x0000000000000118 flags=0b000000000110
  xmm0=0x7a2c00007a2c0000643600006436 xmm1=0x2832000028320000507f0000507f 
  xmm2=0xd8bd0000d8bd00001abd00001abd xmm3=0xcc760000cc760000681000006810 
  xmm4=0xc9790000c9790000c62b0000c62b xmm5=0xa3d20000a3d200005c2400005c24 
  xmm6=0xe2820000e2820000499000004990 xmm7=0xe4e90000e4e90000ffea0000ffea 

    > load from +0x4dd value 0xdc000121
0xa1: xadd edi, edx
  rax=0x00000000000f85f0 rbx=0x00000000000004dd rcx=0x000088a700008801 rdx=0x0000000000000000
  rsi=0x000000000000131b rdi=0x0000000000000118 flags=0b000000000111
  xmm0=0x7a2c00007a2c0000643600006436 xmm1=0x2832000028320000507f0000507f 
  xmm2=0xd8bd0000d8bd00001abd00001abd xmm3=0xcc760000cc760000681000006810 
  xmm4=0xc9790000c9790000c62b0000c62b xmm5=0xa3d20000a3d200005c2400005c24 
  xmm6=0xe2820000e2820000499000004990 xmm7=0xe4e90000e4e90000ffea0000ffea 

0xa4: and rax, 0b1111111111000
  rax=0x00000000000f85f0 rbx=0x00000000000004dd rcx=0x000088a700008801 rdx=0x0000000000000118
  rsi=0x000000000000131b rdi=0x0000000000000118 flags=0b000000000110
  xmm0=0x7a2c00007a2c0000643600006436 xmm1=0x2832000028320000507f0000507f 
  xmm2=0xd8bd0000d8bd00001abd00001abd xmm3=0xcc760000cc760000681000006810 
  xmm4=0xc9790000c9790000c62b0000c62b xmm5=0xa3d20000a3d200005c2400005c24 
  xmm6=0xe2820000e2820000499000004990 xmm7=0xe4e90000e4e90000ffea0000ffea 

0xaa: lock adc [r14 +rax], -93
  rax=0x00000000000005f0 rbx=0x00000000000004dd rcx=0x000088a700008801 rdx=0x0000000000000118
  rsi=0x000000000000131b rdi=0x0000000000000118 flags=0b000000000110
  xmm0=0x7a2c00007a2c0000643600006436 xmm1=0x2832000028320000507f0000507f 
  xmm2=0xd8bd0000d8bd00001abd00001abd xmm3=0xcc760000cc760000681000006810 
  xmm4=0xc9790000c9790000c62b0000c62b xmm5=0xa3d20000a3d200005c2400005c24 
  xmm6=0xe2820000e2820000499000004990 xmm7=0xe4e90000e4e90000ffea0000ffea 

    > load from +0x5f0 value 0x139000001390
    > store to +0x5f0 value 0x139000001333
0xb0: or al, 1
  rax=0x00000000000005f0 rbx=0x00000000000004dd rcx=0x000088a700008801 rdx=0x0000000000000118
  rsi=0x000000000000131b rdi=0x0000000000000118 flags=0b000000000111
  xmm0=0x7a2c00007a2c0000643600006436 xmm1=0x2832000028320000507f0000507f 
  xmm2=0xd8bd0000d8bd00001abd00001abd xmm3=0xcc760000cc760000681000006810 
  xmm4=0xc9790000c9790000c62b0000c62b xmm5=0xa3d20000a3d200005c2400005c24 
  xmm6=0xe2820000e2820000499000004990 xmm7=0xe4e90000e4e90000ffea0000ffea 

0xb2: mov ax, 1
  rax=0x00000000000005f1 rbx=0x00000000000004dd rcx=0x000088a700008801 rdx=0x0000000000000118
  rsi=0x000000000000131b rdi=0x0000000000000118 flags=0b000010000010
  xmm0=0x7a2c00007a2c0000643600006436 xmm1=0x2832000028320000507f0000507f 
  xmm2=0xd8bd0000d8bd00001abd00001abd xmm3=0xcc760000cc760000681000006810 
  xmm4=0xc9790000c9790000c62b0000c62b xmm5=0xa3d20000a3d200005c2400005c24 
  xmm6=0xe2820000e2820000499000004990 xmm7=0xe4e90000e4e90000ffea0000ffea 

0xb6: div al
  rax=0x0000000000000001 rbx=0x00000000000004dd rcx=0x000088a700008801 rdx=0x0000000000000118
  rsi=0x000000000000131b rdi=0x0000000000000118 flags=0b000010000010
  xmm0=0x7a2c00007a2c0000643600006436 xmm1=0x2832000028320000507f0000507f 
  xmm2=0xd8bd0000d8bd00001abd00001abd xmm3=0xcc760000cc760000681000006810 
  xmm4=0xc9790000c9790000c62b0000c62b xmm5=0xa3d20000a3d200005c2400005c24 
  xmm6=0xe2820000e2820000499000004990 xmm7=0xe4e90000e4e90000ffea0000ffea 

0xb8: add sil, -82
  rax=0x0000000000000001 rbx=0x00000000000004dd rcx=0x000088a700008801 rdx=0x0000000000000118
  rsi=0x000000000000131b rdi=0x0000000000000118 flags=0b000010000010
  xmm0=0x7a2c00007a2c0000643600006436 xmm1=0x2832000028320000507f0000507f 
  xmm2=0xd8bd0000d8bd00001abd00001abd xmm3=0xcc760000cc760000681000006810 
  xmm4=0xc9790000c9790000c62b0000c62b xmm5=0xa3d20000a3d200005c2400005c24 
  xmm6=0xe2820000e2820000499000004990 xmm7=0xe4e90000e4e90000ffea0000ffea 

0xbc: setl cl
  rax=0x0000000000000001 rbx=0x00000000000004dd rcx=0x000088a700008801 rdx=0x0000000000000118
  rsi=0x00000000000013c9 rdi=0x0000000000000118 flags=0b000010010110
  xmm0=0x7a2c00007a2c0000643600006436 xmm1=0x2832000028320000507f0000507f 
  xmm2=0xd8bd0000d8bd00001abd00001abd xmm3=0xcc760000cc760000681000006810 
  xmm4=0xc9790000c9790000c62b0000c62b xmm5=0xa3d20000a3d200005c2400005c24 
  xmm6=0xe2820000e2820000499000004990 xmm7=0xe4e90000e4e90000ffea0000ffea 

0xbf: bts ebx, ebx
  rax=0x0000000000000001 rbx=0x00000000000004dd rcx=0x000088a700008801 rdx=0x0000000000000118
  rsi=0x00000000000013c9 rdi=0x0000000000000118 flags=0b000010010110
  xmm0=0x7a2c00007a2c0000643600006436 xmm1=0x2832000028320000507f0000507f 
  xmm2=0xd8bd0000d8bd00001abd00001abd xmm3=0xcc760000cc760000681000006810 
  xmm4=0xc9790000c9790000c62b0000c62b xmm5=0xa3d20000a3d200005c2400005c24 
  xmm6=0xe2820000e2820000499000004990 xmm7=0xe4e90000e4e90000ffea0000ffea 

0xc2: add sil, 106
  rax=0x0000000000000001 rbx=0x00000000200004dd rcx=0x000088a700008801 rdx=0x0000000000000118
  rsi=0x00000000000013c9 rdi=0x0000000000000118 flags=0b000010010110
  xmm0=0x7a2c00007a2c0000643600006436 xmm1=0x2832000028320000507f0000507f 
  xmm2=0xd8bd0000d8bd00001abd00001abd xmm3=0xcc760000cc760000681000006810 
  xmm4=0xc9790000c9790000c62b0000c62b xmm5=0xa3d20000a3d200005c2400005c24 
  xmm6=0xe2820000e2820000499000004990 xmm7=0xe4e90000e4e90000ffea0000ffea 

0xc6: cmovbe edx, ecx
  rax=0x0000000000000001 rbx=0x00000000200004dd rcx=0x000088a700008801 rdx=0x0000000000000118
  rsi=0x0000000000001333 rdi=0x0000000000000118 flags=0b000000010111
  xmm0=0x7a2c00007a2c0000643600006436 xmm1=0x2832000028320000507f0000507f 
  xmm2=0xd8bd0000d8bd00001abd00001abd xmm3=0xcc760000cc760000681000006810 
  xmm4=0xc9790000c9790000c62b0000c62b xmm5=0xa3d20000a3d200005c2400005c24 
  xmm6=0xe2820000e2820000499000004990 xmm7=0xe4e90000e4e90000ffea0000ffea 

0xc9: setp bl
  rax=0x0000000000000001 rbx=0x00000000200004dd rcx=0x000088a700008801 rdx=0x0000000000008801
  rsi=0x0000000000001333 rdi=0x0000000000000118 flags=0b000000010111
  xmm0=0x7a2c00007a2c0000643600006436 xmm1=0x2832000028320000507f0000507f 
  xmm2=0xd8bd0000d8bd00001abd00001abd xmm3=0xcc760000cc760000681000006810 
  xmm4=0xc9790000c9790000c62b0000c62b xmm5=0xa3d20000a3d200005c2400005c24 
  xmm6=0xe2820000e2820000499000004990 xmm7=0xe4e90000e4e90000ffea0000ffea 

0xcc: and rdx, 0b1111111111000
  rax=0x0000000000000001 rbx=0x0000000020000401 rcx=0x000088a700008801 rdx=0x0000000000008801
  rsi=0x0000000000001333 rdi=0x0000000000000118 flags=0b000000010111
  xmm0=0x7a2c00007a2c0000643600006436 xmm1=0x2832000028320000507f0000507f 
  xmm2=0xd8bd0000d8bd00001abd00001abd xmm3=0xcc760000cc760000681000006810 
  xmm4=0xc9790000c9790000c62b0000c62b xmm5=0xa3d20000a3d200005c2400005c24 
  xmm6=0xe2820000e2820000499000004990 xmm7=0xe4e90000e4e90000ffea0000ffea 

0xd3: lock adc [r14 +rdx], edi
  rax=0x0000000000000001 rbx=0x0000000020000401 rcx=0x000088a700008801 rdx=0x0000000000000800
  rsi=0x0000000000001333 rdi=0x0000000000000118 flags=0b000000000110
  xmm0=0x7a2c00007a2c0000643600006436 xmm1=0x2832000028320000507f0000507f 
  xmm2=0xd8bd0000d8bd00001abd00001abd xmm3=0xcc760000cc760000681000006810 
  xmm4=0xc9790000c9790000c62b0000c62b xmm5=0xa3d20000a3d200005c2400005c24 
  xmm6=0xe2820000e2820000499000004990 xmm7=0xe4e90000e4e90000ffea0000ffea 

    > load from +0x800 value 0x9c91
    > store to +0x800 value 0x9da9
0xd8: xchg rsi, rax
  rax=0x0000000000000001 rbx=0x0000000020000401 rcx=0x000088a700008801 rdx=0x0000000000000800
  rsi=0x0000000000001333 rdi=0x0000000000000118 flags=0b000000000110
  xmm0=0x7a2c00007a2c0000643600006436 xmm1=0x2832000028320000507f0000507f 
  xmm2=0xd8bd0000d8bd00001abd00001abd xmm3=0xcc760000cc760000681000006810 
  xmm4=0xc9790000c9790000c62b0000c62b xmm5=0xa3d20000a3d200005c2400005c24 
  xmm6=0xe2820000e2820000499000004990 xmm7=0xe4e90000e4e90000ffea0000ffea 

0xda: and al, -86
  rax=0x0000000000001333 rbx=0x0000000020000401 rcx=0x000088a700008801 rdx=0x0000000000000800
  rsi=0x0000000000000001 rdi=0x0000000000000118 flags=0b000000000110
  xmm0=0x7a2c00007a2c0000643600006436 xmm1=0x2832000028320000507f0000507f 
  xmm2=0xd8bd0000d8bd00001abd00001abd xmm3=0xcc760000cc760000681000006810 
  xmm4=0xc9790000c9790000c62b0000c62b xmm5=0xa3d20000a3d200005c2400005c24 
  xmm6=0xe2820000e2820000499000004990 xmm7=0xe4e90000e4e90000ffea0000ffea 

0xdc: cdq 
  rax=0x0000000000001322 rbx=0x0000000020000401 rcx=0x000088a700008801 rdx=0x0000000000000800
  rsi=0x0000000000000001 rdi=0x0000000000000118 flags=0b000000000110
  xmm0=0x7a2c00007a2c0000643600006436 xmm1=0x2832000028320000507f0000507f 
  xmm2=0xd8bd0000d8bd00001abd00001abd xmm3=0xcc760000cc760000681000006810 
  xmm4=0xc9790000c9790000c62b0000c62b xmm5=0xa3d20000a3d200005c2400005c24 
  xmm6=0xe2820000e2820000499000004990 xmm7=0xe4e90000e4e90000ffea0000ffea 

0xdd: imul ebx
  rax=0x0000000000001322 rbx=0x0000000020000401 rcx=0x000088a700008801 rdx=0x0000000000000000
  rsi=0x0000000000000001 rdi=0x0000000000000118 flags=0b000000000110
  xmm0=0x7a2c00007a2c0000643600006436 xmm1=0x2832000028320000507f0000507f 
  xmm2=0xd8bd0000d8bd00001abd00001abd xmm3=0xcc760000cc760000681000006810 
  xmm4=0xc9790000c9790000c62b0000c62b xmm5=0xa3d20000a3d200005c2400005c24 
  xmm6=0xe2820000e2820000499000004990 xmm7=0xe4e90000e4e90000ffea0000ffea 

0xdf: add dil, 16
  rax=0x00000000404c9b22 rbx=0x0000000020000401 rcx=0x000088a700008801 rdx=0x0000000000000264
  rsi=0x0000000000000001 rdi=0x0000000000000118 flags=0b100000000111
  xmm0=0x7a2c00007a2c0000643600006436 xmm1=0x2832000028320000507f0000507f 
  xmm2=0xd8bd0000d8bd00001abd00001abd xmm3=0xcc760000cc760000681000006810 
  xmm4=0xc9790000c9790000c62b0000c62b xmm5=0xa3d20000a3d200005c2400005c24 
  xmm6=0xe2820000e2820000499000004990 xmm7=0xe4e90000e4e90000ffea0000ffea 

0xe3: and rdi, 0b1111111111111
  rax=0x00000000404c9b22 rbx=0x0000000020000401 rcx=0x000088a700008801 rdx=0x0000000000000264
  rsi=0x0000000000000001 rdi=0x0000000000000128 flags=0b000000000110
  xmm0=0x7a2c00007a2c0000643600006436 xmm1=0x2832000028320000507f0000507f 
  xmm2=0xd8bd0000d8bd00001abd00001abd xmm3=0xcc760000cc760000681000006810 
  xmm4=0xc9790000c9790000c62b0000c62b xmm5=0xa3d20000a3d200005c2400005c24 
  xmm6=0xe2820000e2820000499000004990 xmm7=0xe4e90000e4e90000ffea0000ffea 

0xea: cmovs rsi, [r14 +rdi]
  rax=0x00000000404c9b22 rbx=0x0000000020000401 rcx=0x000088a700008801 rdx=0x0000000000000264
  rsi=0x0000000000000001 rdi=0x0000000000000128 flags=0b000000000110
  xmm0=0x7a2c00007a2c0000643600006436 xmm1=0x2832000028320000507f0000507f 
  xmm2=0xd8bd0000d8bd00001abd00001abd xmm3=0xcc760000cc760000681000006810 
  xmm4=0xc9790000c9790000c62b0000c62b xmm5=0xa3d20000a3d200005c2400005c24 
  xmm6=0xe2820000e2820000499000004990 xmm7=0xe4e90000e4e90000ffea0000ffea 

    > load from +0x128 value 0x39d3000039d3
0xef: setnp cl
  rax=0x00000000404c9b22 rbx=0x0000000020000401 rcx=0x000088a700008801 rdx=0x0000000000000264
  rsi=0x0000000000000001 rdi=0x0000000000000128 flags=0b000000000110
  xmm0=0x7a2c00007a2c0000643600006436 xmm1=0x2832000028320000507f0000507f 
  xmm2=0xd8bd0000d8bd00001abd00001abd xmm3=0xcc760000cc760000681000006810 
  xmm4=0xc9790000c9790000c62b0000c62b xmm5=0xa3d20000a3d200005c2400005c24 
  xmm6=0xe2820000e2820000499000004990 xmm7=0xe4e90000e4e90000ffea0000ffea 

0xf2: and rax, 0b1111111111000
  rax=0x00000000404c9b22 rbx=0x0000000020000401 rcx=0x000088a700008800 rdx=0x0000000000000264
  rsi=0x0000000000000001 rdi=0x0000000000000128 flags=0b000000000110
  xmm0=0x7a2c00007a2c0000643600006436 xmm1=0x2832000028320000507f0000507f 
  xmm2=0xd8bd0000d8bd00001abd00001abd xmm3=0xcc760000cc760000681000006810 
  xmm4=0xc9790000c9790000c62b0000c62b xmm5=0xa3d20000a3d200005c2400005c24 
  xmm6=0xe2820000e2820000499000004990 xmm7=0xe4e90000e4e90000ffea0000ffea 

0xf8: lock xor [r14 +rax], 107
  rax=0x0000000000001b20 rbx=0x0000000020000401 rcx=0x000088a700008800 rdx=0x0000000000000264
  rsi=0x0000000000000001 rdi=0x0000000000000128 flags=0b000000000010
  xmm0=0x7a2c00007a2c0000643600006436 xmm1=0x2832000028320000507f0000507f 
  xmm2=0xd8bd0000d8bd00001abd00001abd xmm3=0xcc760000cc760000681000006810 
  xmm4=0xc9790000c9790000c62b0000c62b xmm5=0xa3d20000a3d200005c2400005c24 
  xmm6=0xe2820000e2820000499000004990 xmm7=0xe4e90000e4e90000ffea0000ffea 

    > load from +0x1b20 value 0xd
    > store to +0x1b20 value 0x66
0xfe: and rdi, 0b1111111111000
  rax=0x0000000000001b20 rbx=0x0000000020000401 rcx=0x000088a700008800 rdx=0x0000000000000264
  rsi=0x0000000000000001 rdi=0x0000000000000128 flags=0b000000000110
  xmm0=0x7a2c00007a2c0000643600006436 xmm1=0x2832000028320000507f0000507f 
  xmm2=0xd8bd0000d8bd00001abd00001abd xmm3=0xcc760000cc760000681000006810 
  xmm4=0xc9790000c9790000c62b0000c62b xmm5=0xa3d20000a3d200005c2400005c24 
  xmm6=0xe2820000e2820000499000004990 xmm7=0xe4e90000e4e90000ffea0000ffea 

0x105: lock add [r14 +rdi], dl
  rax=0x0000000000001b20 rbx=0x0000000020000401 rcx=0x000088a700008800 rdx=0x0000000000000264
  rsi=0x0000000000000001 rdi=0x0000000000000128 flags=0b000000000110
  xmm0=0x7a2c00007a2c0000643600006436 xmm1=0x2832000028320000507f0000507f 
  xmm2=0xd8bd0000d8bd00001abd00001abd xmm3=0xcc760000cc760000681000006810 
  xmm4=0xc9790000c9790000c62b0000c62b xmm5=0xa3d20000a3d200005c2400005c24 
  xmm6=0xe2820000e2820000499000004990 xmm7=0xe4e90000e4e90000ffea0000ffea 

    > load from +0x128 value 0xd3
    > store to +0x128 value 0x37
0x10a: and rax, 0b1111111111111
  rax=0x0000000000001b20 rbx=0x0000000020000401 rcx=0x000088a700008800 rdx=0x0000000000000264
  rsi=0x0000000000000001 rdi=0x0000000000000128 flags=0b000000000011
  xmm0=0x7a2c00007a2c0000643600006436 xmm1=0x2832000028320000507f0000507f 
  xmm2=0xd8bd0000d8bd00001abd00001abd xmm3=0xcc760000cc760000681000006810 
  xmm4=0xc9790000c9790000c62b0000c62b xmm5=0xa3d20000a3d200005c2400005c24 
  xmm6=0xe2820000e2820000499000004990 xmm7=0xe4e90000e4e90000ffea0000ffea 

0x110: cmovno cx, [r14 +rax]
  rax=0x0000000000001b20 rbx=0x0000000020000401 rcx=0x000088a700008800 rdx=0x0000000000000264
  rsi=0x0000000000000001 rdi=0x0000000000000128 flags=0b000000000010
  xmm0=0x7a2c00007a2c0000643600006436 xmm1=0x2832000028320000507f0000507f 
  xmm2=0xd8bd0000d8bd00001abd00001abd xmm3=0xcc760000cc760000681000006810 
  xmm4=0xc9790000c9790000c62b0000c62b xmm5=0xa3d20000a3d200005c2400005c24 
  xmm6=0xe2820000e2820000499000004990 xmm7=0xe4e90000e4e90000ffea0000ffea 

    > load from +0x1b20 value 0x9866
0x116: sub edi, -95
  rax=0x0000000000001b20 rbx=0x0000000020000401 rcx=0x000088a700009866 rdx=0x0000000000000264
  rsi=0x0000000000000001 rdi=0x0000000000000128 flags=0b000000000010
  xmm0=0x7a2c00007a2c0000643600006436 xmm1=0x2832000028320000507f0000507f 
  xmm2=0xd8bd0000d8bd00001abd00001abd xmm3=0xcc760000cc760000681000006810 
  xmm4=0xc9790000c9790000c62b0000c62b xmm5=0xa3d20000a3d200005c2400005c24 
  xmm6=0xe2820000e2820000499000004990 xmm7=0xe4e90000e4e90000ffea0000ffea 

0x119: cmp dl, -91
  rax=0x0000000000001b20 rbx=0x0000000020000401 rcx=0x000088a700009866 rdx=0x0000000000000264
  rsi=0x0000000000000001 rdi=0x0000000000000187 flags=0b000000000111
  xmm0=0x7a2c00007a2c0000643600006436 xmm1=0x2832000028320000507f0000507f 
  xmm2=0xd8bd0000d8bd00001abd00001abd xmm3=0xcc760000cc760000681000006810 
  xmm4=0xc9790000c9790000c62b0000c62b xmm5=0xa3d20000a3d200005c2400005c24 
  xmm6=0xe2820000e2820000499000004990 xmm7=0xe4e90000e4e90000ffea0000ffea 

0x11c: and rdi, 0b1111111111111
  rax=0x0000000000001b20 rbx=0x0000000020000401 rcx=0x000088a700009866 rdx=0x0000000000000264
  rsi=0x0000000000000001 rdi=0x0000000000000187 flags=0b100010010011
  xmm0=0x7a2c00007a2c0000643600006436 xmm1=0x2832000028320000507f0000507f 
  xmm2=0xd8bd0000d8bd00001abd00001abd xmm3=0xcc760000cc760000681000006810 
  xmm4=0xc9790000c9790000c62b0000c62b xmm5=0xa3d20000a3d200005c2400005c24 
  xmm6=0xe2820000e2820000499000004990 xmm7=0xe4e90000e4e90000ffea0000ffea 

0x123: add [r14 +rdi], bl
  rax=0x0000000000001b20 rbx=0x0000000020000401 rcx=0x000088a700009866 rdx=0x0000000000000264
  rsi=0x0000000000000001 rdi=0x0000000000000187 flags=0b000000000110
  xmm0=0x7a2c00007a2c0000643600006436 xmm1=0x2832000028320000507f0000507f 
  xmm2=0xd8bd0000d8bd00001abd00001abd xmm3=0xcc760000cc760000681000006810 
  xmm4=0xc9790000c9790000c62b0000c62b xmm5=0xa3d20000a3d200005c2400005c24 
  xmm6=0xe2820000e2820000499000004990 xmm7=0xe4e90000e4e90000ffea0000ffea 

    > load from +0x187 value 0x0
    > store to +0x187 value 0x1
0x127: and rdi, 0b1111111111111
  rax=0x0000000000001b20 rbx=0x0000000020000401 rcx=0x000088a700009866 rdx=0x0000000000000264
  rsi=0x0000000000000001 rdi=0x0000000000000187 flags=0b000000000010
  xmm0=0x7a2c00007a2c0000643600006436 xmm1=0x2832000028320000507f0000507f 
  xmm2=0xd8bd0000d8bd00001abd00001abd xmm3=0xcc760000cc760000681000006810 
  xmm4=0xc9790000c9790000c62b0000c62b xmm5=0xa3d20000a3d200005c2400005c24 
  xmm6=0xe2820000e2820000499000004990 xmm7=0xe4e90000e4e90000ffea0000ffea 

0x12e: cmp dl, [r14 +rdi]
  rax=0x0000000000001b20 rbx=0x0000000020000401 rcx=0x000088a700009866 rdx=0x0000000000000264
  rsi=0x0000000000000001 rdi=0x0000000000000187 flags=0b000000000110
  xmm0=0x7a2c00007a2c0000643600006436 xmm1=0x2832000028320000507f0000507f 
  xmm2=0xd8bd0000d8bd00001abd00001abd xmm3=0xcc760000cc760000681000006810 
  xmm4=0xc9790000c9790000c62b0000c62b xmm5=0xa3d20000a3d200005c2400005c24 
  xmm6=0xe2820000e2820000499000004990 xmm7=0xe4e90000e4e90000ffea0000ffea 

    > load from +0x187 value 0x1
0x132: mov bx, -20818
  rax=0x0000000000001b20 rbx=0x0000000020000401 rcx=0x000088a700009866 rdx=0x0000000000000264
  rsi=0x0000000000000001 rdi=0x0000000000000187 flags=0b000000000110
  xmm0=0x7a2c00007a2c0000643600006436 xmm1=0x2832000028320000507f0000507f 
  xmm2=0xd8bd0000d8bd00001abd00001abd xmm3=0xcc760000cc760000681000006810 
  xmm4=0xc9790000c9790000c62b0000c62b xmm5=0xa3d20000a3d200005c2400005c24 
  xmm6=0xe2820000e2820000499000004990 xmm7=0xe4e90000e4e90000ffea0000ffea 

0x136: stc 
  rax=0x0000000000001b20 rbx=0x000000002000aeae rcx=0x000088a700009866 rdx=0x0000000000000264
  rsi=0x0000000000000001 rdi=0x0000000000000187 flags=0b000000000110
  xmm0=0x7a2c00007a2c0000643600006436 xmm1=0x2832000028320000507f0000507f 
  xmm2=0xd8bd0000d8bd00001abd00001abd xmm3=0xcc760000cc760000681000006810 
  xmm4=0xc9790000c9790000c62b0000c62b xmm5=0xa3d20000a3d200005c2400005c24 
  xmm6=0xe2820000e2820000499000004990 xmm7=0xe4e90000e4e90000ffea0000ffea 

0x137: and rdx, 0b1111111111111
  rax=0x0000000000001b20 rbx=0x000000002000aeae rcx=0x000088a700009866 rdx=0x0000000000000264
  rsi=0x0000000000000001 rdi=0x0000000000000187 flags=0b000000000111
  xmm0=0x7a2c00007a2c0000643600006436 xmm1=0x2832000028320000507f0000507f 
  xmm2=0xd8bd0000d8bd00001abd00001abd xmm3=0xcc760000cc760000681000006810 
  xmm4=0xc9790000c9790000c62b0000c62b xmm5=0xa3d20000a3d200005c2400005c24 
  xmm6=0xe2820000e2820000499000004990 xmm7=0xe4e90000e4e90000ffea0000ffea 

0x13e: cmovo di, [r14 +rdx]
  rax=0x0000000000001b20 rbx=0x000000002000aeae rcx=0x000088a700009866 rdx=0x0000000000000264
  rsi=0x0000000000000001 rdi=0x0000000000000187 flags=0b000000000010
  xmm0=0x7a2c00007a2c0000643600006436 xmm1=0x2832000028320000507f0000507f 
  xmm2=0xd8bd0000d8bd00001abd00001abd xmm3=0xcc760000cc760000681000006810 
  xmm4=0xc9790000c9790000c62b0000c62b xmm5=0xa3d20000a3d200005c2400005c24 
  xmm6=0xe2820000e2820000499000004990 xmm7=0xe4e90000e4e90000ffea0000ffea 

    > load from +0x264 value 0x5101
0x144: and rsi, 0b1111111111111
  rax=0x0000000000001b20 rbx=0x000000002000aeae rcx=0x000088a700009866 rdx=0x0000000000000264
  rsi=0x0000000000000001 rdi=0x0000000000000187 flags=0b000000000010
  xmm0=0x7a2c00007a2c0000643600006436 xmm1=0x2832000028320000507f0000507f 
  xmm2=0xd8bd0000d8bd00001abd00001abd xmm3=0xcc760000cc760000681000006810 
  xmm4=0xc9790000c9790000c62b0000c62b xmm5=0xa3d20000a3d200005c2400005c24 
  xmm6=0xe2820000e2820000499000004990 xmm7=0xe4e90000e4e90000ffea0000ffea 

0x14b: test [r14 +rsi], di
  rax=0x0000000000001b20 rbx=0x000000002000aeae rcx=0x000088a700009866 rdx=0x0000000000000264
  rsi=0x0000000000000001 rdi=0x0000000000000187 flags=0b000000000010
  xmm0=0x7a2c00007a2c0000643600006436 xmm1=0x2832000028320000507f0000507f 
  xmm2=0xd8bd0000d8bd00001abd00001abd xmm3=0xcc760000cc760000681000006810 
  xmm4=0xc9790000c9790000c62b0000c62b xmm5=0xa3d20000a3d200005c2400005c24 
  xmm6=0xe2820000e2820000499000004990 xmm7=0xe4e90000e4e90000ffea0000ffea 

    > load from +0x1 value 0x96
0x150: and rdi, 0b1111111111111
  rax=0x0000000000001b20 rbx=0x000000002000aeae rcx=0x000088a700009866 rdx=0x0000000000000264
  rsi=0x0000000000000001 rdi=0x0000000000000187 flags=0b000000000010
  xmm0=0x7a2c00007a2c0000643600006436 xmm1=0x2832000028320000507f0000507f 
  xmm2=0xd8bd0000d8bd00001abd00001abd xmm3=0xcc760000cc760000681000006810 
  xmm4=0xc9790000c9790000c62b0000c62b xmm5=0xa3d20000a3d200005c2400005c24 
  xmm6=0xe2820000e2820000499000004990 xmm7=0xe4e90000e4e90000ffea0000ffea 

0x157: or rbx, [r14 +rdi]
  rax=0x0000000000001b20 rbx=0x000000002000aeae rcx=0x000088a700009866 rdx=0x0000000000000264
  rsi=0x0000000000000001 rdi=0x0000000000000187 flags=0b000000000110
  xmm0=0x7a2c00007a2c0000643600006436 xmm1=0x2832000028320000507f0000507f 
  xmm2=0xd8bd0000d8bd00001abd00001abd xmm3=0xcc760000cc760000681000006810 
  xmm4=0xc9790000c9790000c62b0000c62b xmm5=0xa3d20000a3d200005c2400005c24 
  xmm6=0xe2820000e2820000499000004990 xmm7=0xe4e90000e4e90000ffea0000ffea 

    > load from +0x187 value 0x51710000517101
0x15b: cmovo rbx, rcx
  rax=0x0000000000001b20 rbx=0x005171002051ffaf rcx=0x000088a700009866 rdx=0x0000000000000264
  rsi=0x0000000000000001 rdi=0x0000000000000187 flags=0b000000000110
  xmm0=0x7a2c00007a2c0000643600006436 xmm1=0x2832000028320000507f0000507f 
  xmm2=0xd8bd0000d8bd00001abd00001abd xmm3=0xcc760000cc760000681000006810 
  xmm4=0xc9790000c9790000c62b0000c62b xmm5=0xa3d20000a3d200005c2400005c24 
  xmm6=0xe2820000e2820000499000004990 xmm7=0xe4e90000e4e90000ffea0000ffea 

0x15f: and rbx, 0b1111111111111
  rax=0x0000000000001b20 rbx=0x005171002051ffaf rcx=0x000088a700009866 rdx=0x0000000000000264
  rsi=0x0000000000000001 rdi=0x0000000000000187 flags=0b000000000110
  xmm0=0x7a2c00007a2c0000643600006436 xmm1=0x2832000028320000507f0000507f 
  xmm2=0xd8bd0000d8bd00001abd00001abd xmm3=0xcc760000cc760000681000006810 
  xmm4=0xc9790000c9790000c62b0000c62b xmm5=0xa3d20000a3d200005c2400005c24 
  xmm6=0xe2820000e2820000499000004990 xmm7=0xe4e90000e4e90000ffea0000ffea 

0x166: movsx cx, [r14 +rbx]
  rax=0x0000000000001b20 rbx=0x0000000000001faf rcx=0x000088a700009866 rdx=0x0000000000000264
  rsi=0x0000000000000001 rdi=0x0000000000000187 flags=0b000000000110
  xmm0=0x7a2c00007a2c0000643600006436 xmm1=0x2832000028320000507f0000507f 
  xmm2=0xd8bd0000d8bd00001abd00001abd xmm3=0xcc760000cc760000681000006810 
  xmm4=0xc9790000c9790000c62b0000c62b xmm5=0xa3d20000a3d200005c2400005c24 
  xmm6=0xe2820000e2820000499000004990 xmm7=0xe4e90000e4e90000ffea0000ffea 

    > load from +0x1faf value 0x0
0x16c: and rdi, 0b1111111111111
  rax=0x0000000000001b20 rbx=0x0000000000001faf rcx=0x000088a700000000 rdx=0x0000000000000264
  rsi=0x0000000000000001 rdi=0x0000000000000187 flags=0b000000000110
  xmm0=0x7a2c00007a2c0000643600006436 xmm1=0x2832000028320000507f0000507f 
  xmm2=0xd8bd0000d8bd00001abd00001abd xmm3=0xcc760000cc760000681000006810 
  xmm4=0xc9790000c9790000c62b0000c62b xmm5=0xa3d20000a3d200005c2400005c24 
  xmm6=0xe2820000e2820000499000004990 xmm7=0xe4e90000e4e90000ffea0000ffea 

0x173: cmpxchg [r14 +rdi], rsi
  rax=0x0000000000001b20 rbx=0x0000000000001faf rcx=0x000088a700000000 rdx=0x0000000000000264
  rsi=0x0000000000000001 rdi=0x0000000000000187 flags=0b000000000110
  xmm0=0x7a2c00007a2c0000643600006436 xmm1=0x2832000028320000507f0000507f 
  xmm2=0xd8bd0000d8bd00001abd00001abd xmm3=0xcc760000cc760000681000006810 
  xmm4=0xc9790000c9790000c62b0000c62b xmm5=0xa3d20000a3d200005c2400005c24 
  xmm6=0xe2820000e2820000499000004990 xmm7=0xe4e90000e4e90000ffea0000ffea 

    > load from +0x187 value 0x51710000517101
    > store to +0x187 value 0x51710000517101
0x178: and esi, esi
  rax=0x0051710000517101 rbx=0x0000000000001faf rcx=0x000088a700000000 rdx=0x0000000000000264
  rsi=0x0000000000000001 rdi=0x0000000000000187 flags=0b000010010011
  xmm0=0x7a2c00007a2c0000643600006436 xmm1=0x2832000028320000507f0000507f 
  xmm2=0xd8bd0000d8bd00001abd00001abd xmm3=0xcc760000cc760000681000006810 
  xmm4=0xc9790000c9790000c62b0000c62b xmm5=0xa3d20000a3d200005c2400005c24 
  xmm6=0xe2820000e2820000499000004990 xmm7=0xe4e90000e4e90000ffea0000ffea 

0x17a: cmovb esi, eax
  rax=0x0051710000517101 rbx=0x0000000000001faf rcx=0x000088a700000000 rdx=0x0000000000000264
  rsi=0x0000000000000001 rdi=0x0000000000000187 flags=0b000000000010
  xmm0=0x7a2c00007a2c0000643600006436 xmm1=0x2832000028320000507f0000507f 
  xmm2=0xd8bd0000d8bd00001abd00001abd xmm3=0xcc760000cc760000681000006810 
  xmm4=0xc9790000c9790000c62b0000c62b xmm5=0xa3d20000a3d200005c2400005c24 
  xmm6=0xe2820000e2820000499000004990 xmm7=0xe4e90000e4e90000ffea0000ffea 

0x17d: setl cl
  rax=0x0051710000517101 rbx=0x0000000000001faf rcx=0x000088a700000000 rdx=0x0000000000000264
  rsi=0x0000000000000001 rdi=0x0000000000000187 flags=0b000000000010
  xmm0=0x7a2c00007a2c0000643600006436 xmm1=0x2832000028320000507f0000507f 
  xmm2=0xd8bd0000d8bd00001abd00001abd xmm3=0xcc760000cc760000681000006810 
  xmm4=0xc9790000c9790000c62b0000c62b xmm5=0xa3d20000a3d200005c2400005c24 
  xmm6=0xe2820000e2820000499000004990 xmm7=0xe4e90000e4e90000ffea0000ffea 

0x180: and rax, 0b1111111111000
  rax=0x0051710000517101 rbx=0x0000000000001faf rcx=0x000088a700000000 rdx=0x0000000000000264
  rsi=0x0000000000000001 rdi=0x0000000000000187 flags=0b000000000010
  xmm0=0x7a2c00007a2c0000643600006436 xmm1=0x2832000028320000507f0000507f 
  xmm2=0xd8bd0000d8bd00001abd00001abd xmm3=0xcc760000cc760000681000006810 
  xmm4=0xc9790000c9790000c62b0000c62b xmm5=0xa3d20000a3d200005c2400005c24 
  xmm6=0xe2820000e2820000499000004990 xmm7=0xe4e90000e4e90000ffea0000ffea 

0x186: lock or [r14 +rax], -86
  rax=0x0000000000001100 rbx=0x0000000000001faf rcx=0x000088a700000000 rdx=0x0000000000000264
  rsi=0x0000000000000001 rdi=0x0000000000000187 flags=0b000000000110
  xmm0=0x7a2c00007a2c0000643600006436 xmm1=0x2832000028320000507f0000507f 
  xmm2=0xd8bd0000d8bd00001abd00001abd xmm3=0xcc760000cc760000681000006810 
  xmm4=0xc9790000c9790000c62b0000c62b xmm5=0xa3d20000a3d200005c2400005c24 
  xmm6=0xe2820000e2820000499000004990 xmm7=0xe4e90000e4e90000ffea0000ffea 

    > load from +0x1100 value 0x57
    > store to +0x1100 value 0xff
0x18c: and rbx, 0b1111111111111
  rax=0x0000000000001100 rbx=0x0000000000001faf rcx=0x000088a700000000 rdx=0x0000000000000264
  rsi=0x0000000000000001 rdi=0x0000000000000187 flags=0b000010000110
  xmm0=0x7a2c00007a2c0000643600006436 xmm1=0x2832000028320000507f0000507f 
  xmm2=0xd8bd0000d8bd00001abd00001abd xmm3=0xcc760000cc760000681000006810 
  xmm4=0xc9790000c9790000c62b0000c62b xmm5=0xa3d20000a3d200005c2400005c24 
  xmm6=0xe2820000e2820000499000004990 xmm7=0xe4e90000e4e90000ffea0000ffea 

0x193: mul [r14 +rbx]
  rax=0x0000000000001100 rbx=0x0000000000001faf rcx=0x000088a700000000 rdx=0x0000000000000264
  rsi=0x0000000000000001 rdi=0x0000000000000187 flags=0b000000000110
  xmm0=0x7a2c00007a2c0000643600006436 xmm1=0x2832000028320000507f0000507f 
  xmm2=0xd8bd0000d8bd00001abd00001abd xmm3=0xcc760000cc760000681000006810 
  xmm4=0xc9790000c9790000c62b0000c62b xmm5=0xa3d20000a3d200005c2400005c24 
  xmm6=0xe2820000e2820000499000004990 xmm7=0xe4e90000e4e90000ffea0000ffea 

    > load from +0x1faf value 0x4acf00004acf00
0x197: add dil, 67
  rax=0xf7bf0004f7bf0000 rbx=0x0000000000001faf rcx=0x000088a700000000 rdx=0x0000000000000004
  rsi=0x0000000000000001 rdi=0x0000000000000187 flags=0b100010000111
  xmm0=0x7a2c00007a2c0000643600006436 xmm1=0x2832000028320000507f0000507f 
  xmm2=0xd8bd0000d8bd00001abd00001abd xmm3=0xcc760000cc760000681000006810 
  xmm4=0xc9790000c9790000c62b0000c62b xmm5=0xa3d20000a3d200005c2400005c24 
  xmm6=0xe2820000e2820000499000004990 xmm7=0xe4e90000e4e90000ffea0000ffea 

0x19b: and rdi, 0b1111111111111
  rax=0xf7bf0004f7bf0000 rbx=0x0000000000001faf rcx=0x000088a700000000 rdx=0x0000000000000004
  rsi=0x0000000000000001 rdi=0x00000000000001ca flags=0b000010000110
  xmm0=0x7a2c00007a2c0000643600006436 xmm1=0x2832000028320000507f0000507f 
  xmm2=0xd8bd0000d8bd00001abd00001abd xmm3=0xcc760000cc760000681000006810 
  xmm4=0xc9790000c9790000c62b0000c62b xmm5=0xa3d20000a3d200005c2400005c24 
  xmm6=0xe2820000e2820000499000004990 xmm7=0xe4e90000e4e90000ffea0000ffea 

0x1a2: cmovns rdi, [r14 +rdi]
  rax=0xf7bf0004f7bf0000 rbx=0x0000000000001faf rcx=0x000088a700000000 rdx=0x0000000000000004
  rsi=0x0000000000000001 rdi=0x00000000000001ca flags=0b000000000110
  xmm0=0x7a2c00007a2c0000643600006436 xmm1=0x2832000028320000507f0000507f 
  xmm2=0xd8bd0000d8bd00001abd00001abd xmm3=0xcc760000cc760000681000006810 
  xmm4=0xc9790000c9790000c62b0000c62b xmm5=0xa3d20000a3d200005c2400005c24 
  xmm6=0xe2820000e2820000499000004990 xmm7=0xe4e90000e4e90000ffea0000ffea 

    > load from +0x1ca value 0xae92000085020000
0x1a7: sahf 
  rax=0xf7bf0004f7bf0000 rbx=0x0000000000001faf rcx=0x000088a700000000 rdx=0x0000000000000004
  rsi=0x0000000000000001 rdi=0xae92000085020000 flags=0b000000000110
  xmm0=0x7a2c00007a2c0000643600006436 xmm1=0x2832000028320000507f0000507f 
  xmm2=0xd8bd0000d8bd00001abd00001abd xmm3=0xcc760000cc760000681000006810 
  xmm4=0xc9790000c9790000c62b0000c62b xmm5=0xa3d20000a3d200005c2400005c24 
  xmm6=0xe2820000e2820000499000004990 xmm7=0xe4e90000e4e90000ffea0000ffea 

0x1a8: and rax, 0b1111111111111
  rax=0xf7bf0004f7bf0000 rbx=0x0000000000001faf rcx=0x000088a700000000 rdx=0x0000000000000004
  rsi=0x0000000000000001 rdi=0xae92000085020000 flags=0b000000000010
  xmm0=0x7a2c00007a2c0000643600006436 xmm1=0x2832000028320000507f0000507f 
  xmm2=0xd8bd0000d8bd00001abd00001abd xmm3=0xcc760000cc760000681000006810 
  xmm4=0xc9790000c9790000c62b0000c62b xmm5=0xa3d20000a3d200005c2400005c24 
  xmm6=0xe2820000e2820000499000004990 xmm7=0xe4e90000e4e90000ffea0000ffea 

0x1ae: cmovnbe esi, [r14 +rax]
  rax=0x0000000000000000 rbx=0x0000000000001faf rcx=0x000088a700000000 rdx=0x0000000000000004
  rsi=0x0000000000000001 rdi=0xae92000085020000 flags=0b000001000110
  xmm0=0x7a2c00007a2c0000643600006436 xmm1=0x2832000028320000507f0000507f 
  xmm2=0xd8bd0000d8bd00001abd00001abd xmm3=0xcc760000cc760000681000006810 
  xmm4=0xc9790000c9790000c62b0000c62b xmm5=0xa3d20000a3d200005c2400005c24 
  xmm6=0xe2820000e2820000499000004990 xmm7=0xe4e90000e4e90000ffea0000ffea 

    > load from +0x0 value 0x9617
0x1b3: seto cl
  rax=0x0000000000000000 rbx=0x0000000000001faf rcx=0x000088a700000000 rdx=0x0000000000000004
  rsi=0x0000000000000001 rdi=0xae92000085020000 flags=0b000001000110
  xmm0=0x7a2c00007a2c0000643600006436 xmm1=0x2832000028320000507f0000507f 
  xmm2=0xd8bd0000d8bd00001abd00001abd xmm3=0xcc760000cc760000681000006810 
  xmm4=0xc9790000c9790000c62b0000c62b xmm5=0xa3d20000a3d200005c2400005c24 
  xmm6=0xe2820000e2820000499000004990 xmm7=0xe4e90000e4e90000ffea0000ffea 

0x1b6: sub eax, 1123368254
  rax=0x0000000000000000 rbx=0x0000000000001faf rcx=0x000088a700000000 rdx=0x0000000000000004
  rsi=0x0000000000000001 rdi=0xae92000085020000 flags=0b000001000110
  xmm0=0x7a2c00007a2c0000643600006436 xmm1=0x2832000028320000507f0000507f 
  xmm2=0xd8bd0000d8bd00001abd00001abd xmm3=0xcc760000cc760000681000006810 
  xmm4=0xc9790000c9790000c62b0000c62b xmm5=0xa3d20000a3d200005c2400005c24 
  xmm6=0xe2820000e2820000499000004990 xmm7=0xe4e90000e4e90000ffea0000ffea 

0x1bb: and rdx, 0b1111111111111
  rax=0x00000000bd0ac2c2 rbx=0x0000000000001faf rcx=0x000088a700000000 rdx=0x0000000000000004
  rsi=0x0000000000000001 rdi=0xae92000085020000 flags=0b000010010011
  xmm0=0x7a2c00007a2c0000643600006436 xmm1=0x2832000028320000507f0000507f 
  xmm2=0xd8bd0000d8bd00001abd00001abd xmm3=0xcc760000cc760000681000006810 
  xmm4=0xc9790000c9790000c62b0000c62b xmm5=0xa3d20000a3d200005c2400005c24 
  xmm6=0xe2820000e2820000499000004990 xmm7=0xe4e90000e4e90000ffea0000ffea 

0x1c2: cmovo si, [r14 +rdx]
  rax=0x00000000bd0ac2c2 rbx=0x0000000000001faf rcx=0x000088a700000000 rdx=0x0000000000000004
  rsi=0x0000000000000001 rdi=0xae92000085020000 flags=0b000000000010
  xmm0=0x7a2c00007a2c0000643600006436 xmm1=0x2832000028320000507f0000507f 
  xmm2=0xd8bd0000d8bd00001abd00001abd xmm3=0xcc760000cc760000681000006810 
  xmm4=0xc9790000c9790000c62b0000c62b xmm5=0xa3d20000a3d200005c2400005c24 
  xmm6=0xe2820000e2820000499000004990 xmm7=0xe4e90000e4e90000ffea0000ffea 

    > load from +0x4 value 0x9617
0x1c8: btr rdi, 119
  rax=0x00000000bd0ac2c2 rbx=0x0000000000001faf rcx=0x000088a700000000 rdx=0x0000000000000004
  rsi=0x0000000000000001 rdi=0xae92000085020000 flags=0b000000000010
  xmm0=0x7a2c00007a2c0000643600006436 xmm1=0x2832000028320000507f0000507f 
  xmm2=0xd8bd0000d8bd00001abd00001abd xmm3=0xcc760000cc760000681000006810 
  xmm4=0xc9790000c9790000c62b0000c62b xmm5=0xa3d20000a3d200005c2400005c24 
  xmm6=0xe2820000e2820000499000004990 xmm7=0xe4e90000e4e90000ffea0000ffea 

0x1cd: add dil, 124
  rax=0x00000000bd0ac2c2 rbx=0x0000000000001faf rcx=0x000088a700000000 rdx=0x0000000000000004
  rsi=0x0000000000000001 rdi=0xae12000085020000 flags=0b000000000011
  xmm0=0x7a2c00007a2c0000643600006436 xmm1=0x2832000028320000507f0000507f 
  xmm2=0xd8bd0000d8bd00001abd00001abd xmm3=0xcc760000cc760000681000006810 
  xmm4=0xc9790000c9790000c62b0000c62b xmm5=0xa3d20000a3d200005c2400005c24 
  xmm6=0xe2820000e2820000499000004990 xmm7=0xe4e90000e4e90000ffea0000ffea 

0x1d1: cmovo dx, cx
  rax=0x00000000bd0ac2c2 rbx=0x0000000000001faf rcx=0x000088a700000000 rdx=0x0000000000000004
  rsi=0x0000000000000001 rdi=0xae1200008502007c flags=0b000000000010
  xmm0=0x7a2c00007a2c0000643600006436 xmm1=0x2832000028320000507f0000507f 
  xmm2=0xd8bd0000d8bd00001abd00001abd xmm3=0xcc760000cc760000681000006810 
  xmm4=0xc9790000c9790000c62b0000c62b xmm5=0xa3d20000a3d200005c2400005c24 
  xmm6=0xe2820000e2820000499000004990 xmm7=0xe4e90000e4e90000ffea0000ffea 

0x1d5: xor ax, 18351
  rax=0x00000000bd0ac2c2 rbx=0x0000000000001faf rcx=0x000088a700000000 rdx=0x0000000000000004
  rsi=0x0000000000000001 rdi=0xae1200008502007c flags=0b000000000010
  xmm0=0x7a2c00007a2c0000643600006436 xmm1=0x2832000028320000507f0000507f 
  xmm2=0xd8bd0000d8bd00001abd00001abd xmm3=0xcc760000cc760000681000006810 
  xmm4=0xc9790000c9790000c62b0000c62b xmm5=0xa3d20000a3d200005c2400005c24 
  xmm6=0xe2820000e2820000499000004990 xmm7=0xe4e90000e4e90000ffea0000ffea 

0x1d9: and rsi, 0b1111111111000
  rax=0x00000000bd0a856d rbx=0x0000000000001faf rcx=0x000088a700000000 rdx=0x0000000000000004
  rsi=0x0000000000000001 rdi=0xae1200008502007c flags=0b000010000010
  xmm0=0x7a2c00007a2c0000643600006436 xmm1=0x2832000028320000507f0000507f 
  xmm2=0xd8bd0000d8bd00001abd00001abd xmm3=0xcc760000cc760000681000006810 
  xmm4=0xc9790000c9790000c62b0000c62b xmm5=0xa3d20000a3d200005c2400005c24 
  xmm6=0xe2820000e2820000499000004990 xmm7=0xe4e90000e4e90000ffea0000ffea 

0x1e0: lock inc [r14 +rsi]
  rax=0x00000000bd0a856d rbx=0x0000000000001faf rcx=0x000088a700000000 rdx=0x0000000000000004
  rsi=0x0000000000000000 rdi=0xae1200008502007c flags=0b000001000110
  xmm0=0x7a2c00007a2c0000643600006436 xmm1=0x2832000028320000507f0000507f 
  xmm2=0xd8bd0000d8bd00001abd00001abd xmm3=0xcc760000cc760000681000006810 
  xmm4=0xc9790000c9790000c62b0000c62b xmm5=0xa3d20000a3d200005c2400005c24 
  xmm6=0xe2820000e2820000499000004990 xmm7=0xe4e90000e4e90000ffea0000ffea 

    > load from +0x0 value 0x9617
    > store to +0x0 value 0x9618
0x1e5: and ax, -91
  rax=0x00000000bd0a856d rbx=0x0000000000001faf rcx=0x000088a700000000 rdx=0x0000000000000004
  rsi=0x0000000000000000 rdi=0xae1200008502007c flags=0b000000000110
  xmm0=0x7a2c00007a2c0000643600006436 xmm1=0x2832000028320000507f0000507f 
  xmm2=0xd8bd0000d8bd00001abd00001abd xmm3=0xcc760000cc760000681000006810 
  xmm4=0xc9790000c9790000c62b0000c62b xmm5=0xa3d20000a3d200005c2400005c24 
  xmm6=0xe2820000e2820000499000004990 xmm7=0xe4e90000e4e90000ffea0000ffea 

0x1e9: macro .switch, .actor2.function_actor2_0
  rax=0x00000000bd0a8525 rbx=0x0000000000001faf rcx=0x000088a700000000 rdx=0x0000000000000004
  rsi=0x0000000000000000 rdi=0xae1200008502007c flags=0b000010000010
  xmm0=0x7a2c00007a2c0000643600006436 xmm1=0x2832000028320000507f0000507f 
  xmm2=0xd8bd0000d8bd00001abd00001abd xmm3=0xcc760000cc760000681000006810 
  xmm4=0xc9790000c9790000c62b0000c62b xmm5=0xa3d20000a3d200005c2400005c24 
  xmm6=0xe2820000e2820000499000004990 xmm7=0xe4e90000e4e90000ffea0000ffea 

0x3000: add sil, 29
  rax=0x00000000bd0a8525 rbx=0x0000000000001faf rcx=0x000088a700000000 rdx=0x0000000000000004
  rsi=0x0000000000000000 rdi=0xae1200008502007c flags=0b000010000010
  xmm0=0x7a2c00007a2c0000643600006436 xmm1=0x2832000028320000507f0000507f 
  xmm2=0xd8bd0000d8bd00001abd00001abd xmm3=0xcc760000cc760000681000006810 
  xmm4=0xc9790000c9790000c62b0000c62b xmm5=0xa3d20000a3d200005c2400005c24 
  xmm6=0xe2820000e2820000499000004990 xmm7=0xe4e90000e4e90000ffea0000ffea 

0x3004: mov ecx, 0x1a4
  rax=0x00000000bd0a8525 rbx=0x0000000000001faf rcx=0x000088a700000000 rdx=0x0000000000000004
  rsi=0x000000000000001d rdi=0xae1200008502007c flags=0b000000000110
  xmm0=0x7a2c00007a2c0000643600006436 xmm1=0x2832000028320000507f0000507f 
  xmm2=0xd8bd0000d8bd00001abd00001abd xmm3=0xcc760000cc760000681000006810 
  xmm4=0xc9790000c9790000c62b0000c62b xmm5=0xa3d20000a3d200005c2400005c24 
  xmm6=0xe2820000e2820000499000004990 xmm7=0xe4e90000e4e90000ffea0000ffea 

0x3009: mov edx, 0
  rax=0x00000000bd0a8525 rbx=0x0000000000001faf rcx=0x00000000000001a4 rdx=0x0000000000000004
  rsi=0x000000000000001d rdi=0xae1200008502007c flags=0b000000000110
  xmm0=0x7a2c00007a2c0000643600006436 xmm1=0x2832000028320000507f0000507f 
  xmm2=0xd8bd0000d8bd00001abd00001abd xmm3=0xcc760000cc760000681000006810 
  xmm4=0xc9790000c9790000c62b0000c62b xmm5=0xa3d20000a3d200005c2400005c24 
  xmm6=0xe2820000e2820000499000004990 xmm7=0xe4e90000e4e90000ffea0000ffea 

0x300e: mov eax, 0b1111
  rax=0x00000000bd0a8525 rbx=0x0000000000001faf rcx=0x00000000000001a4 rdx=0x0000000000000000
  rsi=0x000000000000001d rdi=0xae1200008502007c flags=0b000000000110
  xmm0=0x7a2c00007a2c0000643600006436 xmm1=0x2832000028320000507f0000507f 
  xmm2=0xd8bd0000d8bd00001abd00001abd xmm3=0xcc760000cc760000681000006810 
  xmm4=0xc9790000c9790000c62b0000c62b xmm5=0xa3d20000a3d200005c2400005c24 
  xmm6=0xe2820000e2820000499000004990 xmm7=0xe4e90000e4e90000ffea0000ffea 

0x3013: wrmsr 
  rax=0x000000000000000f rbx=0x0000000000001faf rcx=0x00000000000001a4 rdx=0x0000000000000000
  rsi=0x000000000000001d rdi=0xae1200008502007c flags=0b000000000110
  xmm0=0x7a2c00007a2c0000643600006436 xmm1=0x2832000028320000507f0000507f 
  xmm2=0xd8bd0000d8bd00001abd00001abd xmm3=0xcc760000cc760000681000006810 
  xmm4=0xc9790000c9790000c62b0000c62b xmm5=0xa3d20000a3d200005c2400005c24 
  xmm6=0xe2820000e2820000499000004990 xmm7=0xe4e90000e4e90000ffea0000ffea 

0x3015: mfence 
  rax=0x000000000000000f rbx=0x0000000000001faf rcx=0x00000000000001a4 rdx=0x0000000000000000
  rsi=0x000000000000001d rdi=0xae1200008502007c flags=0b000000000110
  xmm0=0x7a2c00007a2c0000643600006436 xmm1=0x2832000028320000507f0000507f 
  xmm2=0xd8bd0000d8bd00001abd00001abd xmm3=0xcc760000cc760000681000006810 
  xmm4=0xc9790000c9790000c62b0000c62b xmm5=0xa3d20000a3d200005c2400005c24 
  xmm6=0xe2820000e2820000499000004990 xmm7=0xe4e90000e4e90000ffea0000ffea 

0x3018: lfence 
  rax=0x000000000000000f rbx=0x0000000000001faf rcx=0x00000000000001a4 rdx=0x0000000000000000
  rsi=0x000000000000001d rdi=0xae1200008502007c flags=0b000000000110
  xmm0=0x7a2c00007a2c0000643600006436 xmm1=0x2832000028320000507f0000507f 
  xmm2=0xd8bd0000d8bd00001abd00001abd xmm3=0xcc760000cc760000681000006810 
  xmm4=0xc9790000c9790000c62b0000c62b xmm5=0xa3d20000a3d200005c2400005c24 
  xmm6=0xe2820000e2820000499000004990 xmm7=0xe4e90000e4e90000ffea0000ffea 

0x301b: macro .measurement_start, .noarg
  rax=0x000000000000000f rbx=0x0000000000001faf rcx=0x00000000000001a4 rdx=0x0000000000000000
  rsi=0x000000000000001d rdi=0xae1200008502007c flags=0b000000000110
  xmm0=0x7a2c00007a2c0000643600006436 xmm1=0x2832000028320000507f0000507f 
  xmm2=0xd8bd0000d8bd00001abd00001abd xmm3=0xcc760000cc760000681000006810 
  xmm4=0xc9790000c9790000c62b0000c62b xmm5=0xa3d20000a3d200005c2400005c24 
  xmm6=0xe2820000e2820000499000004990 xmm7=0xe4e90000e4e90000ffea0000ffea 

0x3023: mov ecx, 0x1a4
  rax=0x000000000000000f rbx=0x0000000000001faf rcx=0x00000000000001a4 rdx=0x0000000000000000
  rsi=0x000000000000001d rdi=0xae1200008502007c flags=0b000000000110
  xmm0=0x7a2c00007a2c0000643600006436 xmm1=0x2832000028320000507f0000507f 
  xmm2=0xd8bd0000d8bd00001abd00001abd xmm3=0xcc760000cc760000681000006810 
  xmm4=0xc9790000c9790000c62b0000c62b xmm5=0xa3d20000a3d200005c2400005c24 
  xmm6=0xe2820000e2820000499000004990 xmm7=0xe4e90000e4e90000ffea0000ffea 

0x3028: mov edx, 0
  rax=0x000000000000000f rbx=0x0000000000001faf rcx=0x00000000000001a4 rdx=0x0000000000000000
  rsi=0x000000000000001d rdi=0xae1200008502007c flags=0b000000000110
  xmm0=0x7a2c00007a2c0000643600006436 xmm1=0x2832000028320000507f0000507f 
  xmm2=0xd8bd0000d8bd00001abd00001abd xmm3=0xcc760000cc760000681000006810 
  xmm4=0xc9790000c9790000c62b0000c62b xmm5=0xa3d20000a3d200005c2400005c24 
  xmm6=0xe2820000e2820000499000004990 xmm7=0xe4e90000e4e90000ffea0000ffea 

0x302d: mov eax, 0b0000
  rax=0x000000000000000f rbx=0x0000000000001faf rcx=0x00000000000001a4 rdx=0x0000000000000000
  rsi=0x000000000000001d rdi=0xae1200008502007c flags=0b000000000110
  xmm0=0x7a2c00007a2c0000643600006436 xmm1=0x2832000028320000507f0000507f 
  xmm2=0xd8bd0000d8bd00001abd00001abd xmm3=0xcc760000cc760000681000006810 
  xmm4=0xc9790000c9790000c62b0000c62b xmm5=0xa3d20000a3d200005c2400005c24 
  xmm6=0xe2820000e2820000499000004990 xmm7=0xe4e90000e4e90000ffea0000ffea 

0x3032: wrmsr 
  rax=0x0000000000000000 rbx=0x0000000000001faf rcx=0x00000000000001a4 rdx=0x0000000000000000
  rsi=0x000000000000001d rdi=0xae1200008502007c flags=0b000000000110
  xmm0=0x7a2c00007a2c0000643600006436 xmm1=0x2832000028320000507f0000507f 
  xmm2=0xd8bd0000d8bd00001abd00001abd xmm3=0xcc760000cc760000681000006810 
  xmm4=0xc9790000c9790000c62b0000c62b xmm5=0xa3d20000a3d200005c2400005c24 
  xmm6=0xe2820000e2820000499000004990 xmm7=0xe4e90000e4e90000ffea0000ffea 

0x3034: mfence 
  rax=0x0000000000000000 rbx=0x0000000000001faf rcx=0x00000000000001a4 rdx=0x0000000000000000
  rsi=0x000000000000001d rdi=0xae1200008502007c flags=0b000000000110
  xmm0=0x7a2c00007a2c0000643600006436 xmm1=0x2832000028320000507f0000507f 
  xmm2=0xd8bd0000d8bd00001abd00001abd xmm3=0xcc760000cc760000681000006810 
  xmm4=0xc9790000c9790000c62b0000c62b xmm5=0xa3d20000a3d200005c2400005c24 
  xmm6=0xe2820000e2820000499000004990 xmm7=0xe4e90000e4e90000ffea0000ffea 

0x3037: lfence 
  rax=0x0000000000000000 rbx=0x0000000000001faf rcx=0x00000000000001a4 rdx=0x0000000000000000
  rsi=0x000000000000001d rdi=0xae1200008502007c flags=0b000000000110
  xmm0=0x7a2c00007a2c0000643600006436 xmm1=0x2832000028320000507f0000507f 
  xmm2=0xd8bd0000d8bd00001abd00001abd xmm3=0xcc760000cc760000681000006810 
  xmm4=0xc9790000c9790000c62b0000c62b xmm5=0xa3d20000a3d200005c2400005c24 
  xmm6=0xe2820000e2820000499000004990 xmm7=0xe4e90000e4e90000ffea0000ffea 

0x303a: adc eax, 535687386
  rax=0x0000000000000000 rbx=0x0000000000001faf rcx=0x00000000000001a4 rdx=0x0000000000000000
  rsi=0x000000000000001d rdi=0xae1200008502007c flags=0b000000000110
  xmm0=0x7a2c00007a2c0000643600006436 xmm1=0x2832000028320000507f0000507f 
  xmm2=0xd8bd0000d8bd00001abd00001abd xmm3=0xcc760000cc760000681000006810 
  xmm4=0xc9790000c9790000c62b0000c62b xmm5=0xa3d20000a3d200005c2400005c24 
  xmm6=0xe2820000e2820000499000004990 xmm7=0xe4e90000e4e90000ffea0000ffea 

0x303f: and rcx, 0b1111111111111
  rax=0x000000001fedf0da rbx=0x0000000000001faf rcx=0x00000000000001a4 rdx=0x0000000000000000
  rsi=0x000000000000001d rdi=0xae1200008502007c flags=0b000000000010
  xmm0=0x7a2c00007a2c0000643600006436 xmm1=0x2832000028320000507f0000507f 
  xmm2=0xd8bd0000d8bd00001abd00001abd xmm3=0xcc760000cc760000681000006810 
  xmm4=0xc9790000c9790000c62b0000c62b xmm5=0xa3d20000a3d200005c2400005c24 
  xmm6=0xe2820000e2820000499000004990 xmm7=0xe4e90000e4e90000ffea0000ffea 

0x3046: setnbe [r14 +rcx]
  rax=0x000000001fedf0da rbx=0x0000000000001faf rcx=0x00000000000001a4 rdx=0x0000000000000000
  rsi=0x000000000000001d rdi=0xae1200008502007c flags=0b000000000010
  xmm0=0x7a2c00007a2c0000643600006436 xmm1=0x2832000028320000507f0000507f 
  xmm2=0xd8bd0000d8bd00001abd00001abd xmm3=0xcc760000cc760000681000006810 
  xmm4=0xc9790000c9790000c62b0000c62b xmm5=0xa3d20000a3d200005c2400005c24 
  xmm6=0xe2820000e2820000499000004990 xmm7=0xe4e90000e4e90000ffea0000ffea 

    > store to +0x41a4 value 0x1
0x304b: and rdi, 0b1111111111111
  rax=0x000000001fedf0da rbx=0x0000000000001faf rcx=0x00000000000001a4 rdx=0x0000000000000000
  rsi=0x000000000000001d rdi=0xae1200008502007c flags=0b000000000010
  xmm0=0x7a2c00007a2c0000643600006436 xmm1=0x2832000028320000507f0000507f 
  xmm2=0xd8bd0000d8bd00001abd00001abd xmm3=0xcc760000cc760000681000006810 
  xmm4=0xc9790000c9790000c62b0000c62b xmm5=0xa3d20000a3d200005c2400005c24 
  xmm6=0xe2820000e2820000499000004990 xmm7=0xe4e90000e4e90000ffea0000ffea 

0x3052: movsx rbx, [r14 +rdi]
  rax=0x000000001fedf0da rbx=0x0000000000001faf rcx=0x00000000000001a4 rdx=0x0000000000000000
  rsi=0x000000000000001d rdi=0x000000000000007c flags=0b000000000010
  xmm0=0x7a2c00007a2c0000643600006436 xmm1=0x2832000028320000507f0000507f 
  xmm2=0xd8bd0000d8bd00001abd00001abd xmm3=0xcc760000cc760000681000006810 
  xmm4=0xc9790000c9790000c62b0000c62b xmm5=0xa3d20000a3d200005c2400005c24 
  xmm6=0xe2820000e2820000499000004990 xmm7=0xe4e90000e4e90000ffea0000ffea 

    > load from +0x407c value 0xaee7
0x3057: adc rsi, -41
  rax=0x000000001fedf0da rbx=0xffffffffffffaee7 rcx=0x00000000000001a4 rdx=0x0000000000000000
  rsi=0x000000000000001d rdi=0x000000000000007c flags=0b000000000010
  xmm0=0x7a2c00007a2c0000643600006436 xmm1=0x2832000028320000507f0000507f 
  xmm2=0xd8bd0000d8bd00001abd00001abd xmm3=0xcc760000cc760000681000006810 
  xmm4=0xc9790000c9790000c62b0000c62b xmm5=0xa3d20000a3d200005c2400005c24 
  xmm6=0xe2820000e2820000499000004990 xmm7=0xe4e90000e4e90000ffea0000ffea 

0x305b: and rcx, 0b1111111111111
  rax=0x000000001fedf0da rbx=0xffffffffffffaee7 rcx=0x00000000000001a4 rdx=0x0000000000000000
  rsi=0xfffffffffffffff4 rdi=0x000000000000007c flags=0b000010010010
  xmm0=0x7a2c00007a2c0000643600006436 xmm1=0x2832000028320000507f0000507f 
  xmm2=0xd8bd0000d8bd00001abd00001abd xmm3=0xcc760000cc760000681000006810 
  xmm4=0xc9790000c9790000c62b0000c62b xmm5=0xa3d20000a3d200005c2400005c24 
  xmm6=0xe2820000e2820000499000004990 xmm7=0xe4e90000e4e90000ffea0000ffea 

0x3062: add ebx, [r14 +rcx]
  rax=0x000000001fedf0da rbx=0xffffffffffffaee7 rcx=0x00000000000001a4 rdx=0x0000000000000000
  rsi=0xfffffffffffffff4 rdi=0x000000000000007c flags=0b000000000010
  xmm0=0x7a2c00007a2c0000643600006436 xmm1=0x2832000028320000507f0000507f 
  xmm2=0xd8bd0000d8bd00001abd00001abd xmm3=0xcc760000cc760000681000006810 
  xmm4=0xc9790000c9790000c62b0000c62b xmm5=0xa3d20000a3d200005c2400005c24 
  xmm6=0xe2820000e2820000499000004990 xmm7=0xe4e90000e4e90000ffea0000ffea 

    > load from +0x41a4 value 0x7201
0x3066: sub rax, 2054399225
  rax=0x000000001fedf0da rbx=0x00000000000020e8 rcx=0x00000000000001a4 rdx=0x0000000000000000
  rsi=0xfffffffffffffff4 rdi=0x000000000000007c flags=0b000000000111
  xmm0=0x7a2c00007a2c0000643600006436 xmm1=0x2832000028320000507f0000507f 
  xmm2=0xd8bd0000d8bd00001abd00001abd xmm3=0xcc760000cc760000681000006810 
  xmm4=0xc9790000c9790000c62b0000c62b xmm5=0xa3d20000a3d200005c2400005c24 
  xmm6=0xe2820000e2820000499000004990 xmm7=0xe4e90000e4e90000ffea0000ffea 

0x306c: setno bl
  rax=0xffffffffa57a4be1 rbx=0x00000000000020e8 rcx=0x00000000000001a4 rdx=0x0000000000000000
  rsi=0xfffffffffffffff4 rdi=0x000000000000007c flags=0b000010000111
  xmm0=0x7a2c00007a2c0000643600006436 xmm1=0x2832000028320000507f0000507f 
  xmm2=0xd8bd0000d8bd00001abd00001abd xmm3=0xcc760000cc760000681000006810 
  xmm4=0xc9790000c9790000c62b0000c62b xmm5=0xa3d20000a3d200005c2400005c24 
  xmm6=0xe2820000e2820000499000004990 xmm7=0xe4e90000e4e90000ffea0000ffea 

0x306f: and rbx, 0b1111111111111
  rax=0xffffffffa57a4be1 rbx=0x0000000000002001 rcx=0x00000000000001a4 rdx=0x0000000000000000
  rsi=0xfffffffffffffff4 rdi=0x000000000000007c flags=0b000010000111
  xmm0=0x7a2c00007a2c0000643600006436 xmm1=0x2832000028320000507f0000507f 
  xmm2=0xd8bd0000d8bd00001abd00001abd xmm3=0xcc760000cc760000681000006810 
  xmm4=0xc9790000c9790000c62b0000c62b xmm5=0xa3d20000a3d200005c2400005c24 
  xmm6=0xe2820000e2820000499000004990 xmm7=0xe4e90000e4e90000ffea0000ffea 

0x3076: xadd [r14 +rbx], ecx
  rax=0xffffffffa57a4be1 rbx=0x0000000000000001 rcx=0x00000000000001a4 rdx=0x0000000000000000
  rsi=0xfffffffffffffff4 rdi=0x000000000000007c flags=0b000000000010
  xmm0=0x7a2c00007a2c0000643600006436 xmm1=0x2832000028320000507f0000507f 
  xmm2=0xd8bd0000d8bd00001abd00001abd xmm3=0xcc760000cc760000681000006810 
  xmm4=0xc9790000c9790000c62b0000c62b xmm5=0xa3d20000a3d200005c2400005c24 
  xmm6=0xe2820000e2820000499000004990 xmm7=0xe4e90000e4e90000ffea0000ffea 

    > load from +0x4001 value 0xad0000b4
    > store to +0x4001 value 0xad000258
0x307b: and rax, 0b1111111111111
  rax=0xffffffffa57a4be1 rbx=0x0000000000000001 rcx=0x00000000ad0000b4 rdx=0x0000000000000000
  rsi=0xfffffffffffffff4 rdi=0x000000000000007c flags=0b000010000010
  xmm0=0x7a2c00007a2c0000643600006436 xmm1=0x2832000028320000507f0000507f 
  xmm2=0xd8bd0000d8bd00001abd00001abd xmm3=0xcc760000cc760000681000006810 
  xmm4=0xc9790000c9790000c62b0000c62b xmm5=0xa3d20000a3d200005c2400005c24 
  xmm6=0xe2820000e2820000499000004990 xmm7=0xe4e90000e4e90000ffea0000ffea 

0x3081: adc cl, [r14 +rax]
  rax=0x0000000000000be1 rbx=0x0000000000000001 rcx=0x00000000ad0000b4 rdx=0x0000000000000000
  rsi=0xfffffffffffffff4 rdi=0x000000000000007c flags=0b000000000110
  xmm0=0x7a2c00007a2c0000643600006436 xmm1=0x2832000028320000507f0000507f 
  xmm2=0xd8bd0000d8bd00001abd00001abd xmm3=0xcc760000cc760000681000006810 
  xmm4=0xc9790000c9790000c62b0000c62b xmm5=0xa3d20000a3d200005c2400005c24 
  xmm6=0xe2820000e2820000499000004990 xmm7=0xe4e90000e4e90000ffea0000ffea 

    > load from +0x4be1 value 0xd8
0x3085: mov dl, -28
  rax=0x0000000000000be1 rbx=0x0000000000000001 rcx=0x00000000ad00008c rdx=0x0000000000000000
  rsi=0xfffffffffffffff4 rdi=0x000000000000007c flags=0b000010000011
  xmm0=0x7a2c00007a2c0000643600006436 xmm1=0x2832000028320000507f0000507f 
  xmm2=0xd8bd0000d8bd00001abd00001abd xmm3=0xcc760000cc760000681000006810 
  xmm4=0xc9790000c9790000c62b0000c62b xmm5=0xa3d20000a3d200005c2400005c24 
  xmm6=0xe2820000e2820000499000004990 xmm7=0xe4e90000e4e90000ffea0000ffea 

0x3087: and rbx, 0b1111111111111
  rax=0x0000000000000be1 rbx=0x0000000000000001 rcx=0x00000000ad00008c rdx=0x00000000000000e4
  rsi=0xfffffffffffffff4 rdi=0x000000000000007c flags=0b000010000011
  xmm0=0x7a2c00007a2c0000643600006436 xmm1=0x2832000028320000507f0000507f 
  xmm2=0xd8bd0000d8bd00001abd00001abd xmm3=0xcc760000cc760000681000006810 
  xmm4=0xc9790000c9790000c62b0000c62b xmm5=0xa3d20000a3d200005c2400005c24 
  xmm6=0xe2820000e2820000499000004990 xmm7=0xe4e90000e4e90000ffea0000ffea 

0x308e: mov ax, [r14 +rbx]
  rax=0x0000000000000be1 rbx=0x0000000000000001 rcx=0x00000000ad00008c rdx=0x00000000000000e4
  rsi=0xfffffffffffffff4 rdi=0x000000000000007c flags=0b000000000010
  xmm0=0x7a2c00007a2c0000643600006436 xmm1=0x2832000028320000507f0000507f 
  xmm2=0xd8bd0000d8bd00001abd00001abd xmm3=0xcc760000cc760000681000006810 
  xmm4=0xc9790000c9790000c62b0000c62b xmm5=0xa3d20000a3d200005c2400005c24 
  xmm6=0xe2820000e2820000499000004990 xmm7=0xe4e90000e4e90000ffea0000ffea 

    > load from +0x4001 value 0x258
0x3093: and rcx, 0b1111111111000
  rax=0x0000000000000258 rbx=0x0000000000000001 rcx=0x00000000ad00008c rdx=0x00000000000000e4
  rsi=0xfffffffffffffff4 rdi=0x000000000000007c flags=0b000000000010
  xmm0=0x7a2c00007a2c0000643600006436 xmm1=0x2832000028320000507f0000507f 
  xmm2=0xd8bd0000d8bd00001abd00001abd xmm3=0xcc760000cc760000681000006810 
  xmm4=0xc9790000c9790000c62b0000c62b xmm5=0xa3d20000a3d200005c2400005c24 
  xmm6=0xe2820000e2820000499000004990 xmm7=0xe4e90000e4e90000ffea0000ffea 

0x309a: lock btc [r14 +rcx], -90
  rax=0x0000000000000258 rbx=0x0000000000000001 rcx=0x0000000000000088 rdx=0x00000000000000e4
  rsi=0xfffffffffffffff4 rdi=0x000000000000007c flags=0b000000000110
  xmm0=0x7a2c00007a2c0000643600006436 xmm1=0x2832000028320000507f0000507f 
  xmm2=0xd8bd0000d8bd00001abd00001abd xmm3=0xcc760000cc760000681000006810 
  xmm4=0xc9790000c9790000c62b0000c62b xmm5=0xa3d20000a3d200005c2400005c24 
  xmm6=0xe2820000e2820000499000004990 xmm7=0xe4e90000e4e90000ffea0000ffea 

    > load from +0x4088 value 0x5676
    > store to +0x4088 value 0x5636
0x30a1: neg edx
  rax=0x0000000000000258 rbx=0x0000000000000001 rcx=0x0000000000000088 rdx=0x00000000000000e4
  rsi=0xfffffffffffffff4 rdi=0x000000000000007c flags=0b000000000111
  xmm0=0x7a2c00007a2c0000643600006436 xmm1=0x2832000028320000507f0000507f 
  xmm2=0xd8bd0000d8bd00001abd00001abd xmm3=0xcc760000cc760000681000006810 
  xmm4=0xc9790000c9790000c62b0000c62b xmm5=0xa3d20000a3d200005c2400005c24 
  xmm6=0xe2820000e2820000499000004990 xmm7=0xe4e90000e4e90000ffea0000ffea 

0x30a3: and rbx, 0b1111111111000
  rax=0x0000000000000258 rbx=0x0000000000000001 rcx=0x0000000000000088 rdx=0x00000000ffffff1c
  rsi=0xfffffffffffffff4 rdi=0x000000000000007c flags=0b000010010011
  xmm0=0x7a2c00007a2c0000643600006436 xmm1=0x2832000028320000507f0000507f 
  xmm2=0xd8bd0000d8bd00001abd00001abd xmm3=0xcc760000cc760000681000006810 
  xmm4=0xc9790000c9790000c62b0000c62b xmm5=0xa3d20000a3d200005c2400005c24 
  xmm6=0xe2820000e2820000499000004990 xmm7=0xe4e90000e4e90000ffea0000ffea 

0x30aa: and rcx, 0b111
  rax=0x0000000000000258 rbx=0x0000000000000000 rcx=0x0000000000000088 rdx=0x00000000ffffff1c
  rsi=0xfffffffffffffff4 rdi=0x000000000000007c flags=0b000001000110
  xmm0=0x7a2c00007a2c0000643600006436 xmm1=0x2832000028320000507f0000507f 
  xmm2=0xd8bd0000d8bd00001abd00001abd xmm3=0xcc760000cc760000681000006810 
  xmm4=0xc9790000c9790000c62b0000c62b xmm5=0xa3d20000a3d200005c2400005c24 
  xmm6=0xe2820000e2820000499000004990 xmm7=0xe4e90000e4e90000ffea0000ffea 

0x30ae: lock btr [r14 +rbx], rcx
  rax=0x0000000000000258 rbx=0x0000000000000000 rcx=0x0000000000000000 rdx=0x00000000ffffff1c
  rsi=0xfffffffffffffff4 rdi=0x000000000000007c flags=0b000001000110
  xmm0=0x7a2c00007a2c0000643600006436 xmm1=0x2832000028320000507f0000507f 
  xmm2=0xd8bd0000d8bd00001abd00001abd xmm3=0xcc760000cc760000681000006810 
  xmm4=0xc9790000c9790000c62b0000c62b xmm5=0xa3d20000a3d200005c2400005c24 
  xmm6=0xe2820000e2820000499000004990 xmm7=0xe4e90000e4e90000ffea0000ffea 

    > load from +0x4000 value 0xb4ad000258ad
    > store to +0x4000 value 0xb4ad000258ac
0x30b4: and rcx, 0b1111111111111
  rax=0x0000000000000258 rbx=0x0000000000000000 rcx=0x0000000000000000 rdx=0x00000000ffffff1c
  rsi=0xfffffffffffffff4 rdi=0x000000000000007c flags=0b000001000111
  xmm0=0x7a2c00007a2c0000643600006436 xmm1=0x2832000028320000507f0000507f 
  xmm2=0xd8bd0000d8bd00001abd00001abd xmm3=0xcc760000cc760000681000006810 
  xmm4=0xc9790000c9790000c62b0000c62b xmm5=0xa3d20000a3d200005c2400005c24 
  xmm6=0xe2820000e2820000499000004990 xmm7=0xe4e90000e4e90000ffea0000ffea 

0x30bb: movzx esi, [r14 +rcx]
  rax=0x0000000000000258 rbx=0x0000000000000000 rcx=0x0000000000000000 rdx=0x00000000ffffff1c
  rsi=0xfffffffffffffff4 rdi=0x000000000000007c flags=0b000001000110
  xmm0=0x7a2c00007a2c0000643600006436 xmm1=0x2832000028320000507f0000507f 
  xmm2=0xd8bd0000d8bd00001abd00001abd xmm3=0xcc760000cc760000681000006810 
  xmm4=0xc9790000c9790000c62b0000c62b xmm5=0xa3d20000a3d200005c2400005c24 
  xmm6=0xe2820000e2820000499000004990 xmm7=0xe4e90000e4e90000ffea0000ffea 

    > load from +0x4000 value 0xac
0x30c0: and rax, 0b1111111111000
  rax=0x0000000000000258 rbx=0x0000000000000000 rcx=0x0000000000000000 rdx=0x00000000ffffff1c
  rsi=0x00000000000000ac rdi=0x000000000000007c flags=0b000001000110
  xmm0=0x7a2c00007a2c0000643600006436 xmm1=0x2832000028320000507f0000507f 
  xmm2=0xd8bd0000d8bd00001abd00001abd xmm3=0xcc760000cc760000681000006810 
  xmm4=0xc9790000c9790000c62b0000c62b xmm5=0xa3d20000a3d200005c2400005c24 
  xmm6=0xe2820000e2820000499000004990 xmm7=0xe4e90000e4e90000ffea0000ffea 

0x30c6: lock add [r14 +rax], bl
  rax=0x0000000000000258 rbx=0x0000000000000000 rcx=0x0000000000000000 rdx=0x00000000ffffff1c
  rsi=0x00000000000000ac rdi=0x000000000000007c flags=0b000000000010
  xmm0=0x7a2c00007a2c0000643600006436 xmm1=0x2832000028320000507f0000507f 
  xmm2=0xd8bd0000d8bd00001abd00001abd xmm3=0xcc760000cc760000681000006810 
  xmm4=0xc9790000c9790000c62b0000c62b xmm5=0xa3d20000a3d200005c2400005c24 
  xmm6=0xe2820000e2820000499000004990 xmm7=0xe4e90000e4e90000ffea0000ffea 

    > load from +0x4258 value 0xeb
    > store to +0x4258 value 0xeb
0x30cb: and rsi, 0b1111111111111
  rax=0x0000000000000258 rbx=0x0000000000000000 rcx=0x0000000000000000 rdx=0x00000000ffffff1c
  rsi=0x00000000000000ac rdi=0x000000000000007c flags=0b000010000110
  xmm0=0x7a2c00007a2c0000643600006436 xmm1=0x2832000028320000507f0000507f 
  xmm2=0xd8bd0000d8bd00001abd00001abd xmm3=0xcc760000cc760000681000006810 
  xmm4=0xc9790000c9790000c62b0000c62b xmm5=0xa3d20000a3d200005c2400005c24 
  xmm6=0xe2820000e2820000499000004990 xmm7=0xe4e90000e4e90000ffea0000ffea 

0x30d2: and rdx, 0b111
  rax=0x0000000000000258 rbx=0x0000000000000000 rcx=0x0000000000000000 rdx=0x00000000ffffff1c
  rsi=0x00000000000000ac rdi=0x000000000000007c flags=0b000000000110
  xmm0=0x7a2c00007a2c0000643600006436 xmm1=0x2832000028320000507f0000507f 
  xmm2=0xd8bd0000d8bd00001abd00001abd xmm3=0xcc760000cc760000681000006810 
  xmm4=0xc9790000c9790000c62b0000c62b xmm5=0xa3d20000a3d200005c2400005c24 
  xmm6=0xe2820000e2820000499000004990 xmm7=0xe4e90000e4e90000ffea0000ffea 

0x30d6: bt [r14 +rsi], rdx
  rax=0x0000000000000258 rbx=0x0000000000000000 rcx=0x0000000000000000 rdx=0x0000000000000004
  rsi=0x00000000000000ac rdi=0x000000000000007c flags=0b000000000010
  xmm0=0x7a2c00007a2c0000643600006436 xmm1=0x2832000028320000507f0000507f 
  xmm2=0xd8bd0000d8bd00001abd00001abd xmm3=0xcc760000cc760000681000006810 
  xmm4=0xc9790000c9790000c62b0000c62b xmm5=0xa3d20000a3d200005c2400005c24 
  xmm6=0xe2820000e2820000499000004990 xmm7=0xe4e90000e4e90000ffea0000ffea 

    > load from +0x40ac value 0x4cb900008115
0x30db: and rdx, 0b1111111111111
  rax=0x0000000000000258 rbx=0x0000000000000000 rcx=0x0000000000000000 rdx=0x0000000000000004
  rsi=0x00000000000000ac rdi=0x000000000000007c flags=0b000000000011
  xmm0=0x7a2c00007a2c0000643600006436 xmm1=0x2832000028320000507f0000507f 
  xmm2=0xd8bd0000d8bd00001abd00001abd xmm3=0xcc760000cc760000681000006810 
  xmm4=0xc9790000c9790000c62b0000c62b xmm5=0xa3d20000a3d200005c2400005c24 
  xmm6=0xe2820000e2820000499000004990 xmm7=0xe4e90000e4e90000ffea0000ffea 

0x30e2: or cl, [r14 +rdx]
  rax=0x0000000000000258 rbx=0x0000000000000000 rcx=0x0000000000000000 rdx=0x0000000000000004
  rsi=0x00000000000000ac rdi=0x000000000000007c flags=0b000000000010
  xmm0=0x7a2c00007a2c0000643600006436 xmm1=0x2832000028320000507f0000507f 
  xmm2=0xd8bd0000d8bd00001abd00001abd xmm3=0xcc760000cc760000681000006810 
  xmm4=0xc9790000c9790000c62b0000c62b xmm5=0xa3d20000a3d200005c2400005c24 
  xmm6=0xe2820000e2820000499000004990 xmm7=0xe4e90000e4e90000ffea0000ffea 

    > load from +0x4004 value 0xad
0x30e6: and rax, 0b1111111111111
  rax=0x0000000000000258 rbx=0x0000000000000000 rcx=0x00000000000000ad rdx=0x0000000000000004
  rsi=0x00000000000000ac rdi=0x000000000000007c flags=0b000010000010
  xmm0=0x7a2c00007a2c0000643600006436 xmm1=0x2832000028320000507f0000507f 
  xmm2=0xd8bd0000d8bd00001abd00001abd xmm3=0xcc760000cc760000681000006810 
  xmm4=0xc9790000c9790000c62b0000c62b xmm5=0xa3d20000a3d200005c2400005c24 
  xmm6=0xe2820000e2820000499000004990 xmm7=0xe4e90000e4e90000ffea0000ffea 

0x30ec: and edx, 0b111
  rax=0x0000000000000258 rbx=0x0000000000000000 rcx=0x00000000000000ad rdx=0x0000000000000004
  rsi=0x00000000000000ac rdi=0x000000000000007c flags=0b000000000010
  xmm0=0x7a2c00007a2c0000643600006436 xmm1=0x2832000028320000507f0000507f 
  xmm2=0xd8bd0000d8bd00001abd00001abd xmm3=0xcc760000cc760000681000006810 
  xmm4=0xc9790000c9790000c62b0000c62b xmm5=0xa3d20000a3d200005c2400005c24 
  xmm6=0xe2820000e2820000499000004990 xmm7=0xe4e90000e4e90000ffea0000ffea 

0x30ef: btc [r14 +rax], edx
  rax=0x0000000000000258 rbx=0x0000000000000000 rcx=0x00000000000000ad rdx=0x0000000000000004
  rsi=0x00000000000000ac rdi=0x000000000000007c flags=0b000000000010
  xmm0=0x7a2c00007a2c0000643600006436 xmm1=0x2832000028320000507f0000507f 
  xmm2=0xd8bd0000d8bd00001abd00001abd xmm3=0xcc760000cc760000681000006810 
  xmm4=0xc9790000c9790000c62b0000c62b xmm5=0xa3d20000a3d200005c2400005c24 
  xmm6=0xe2820000e2820000499000004990 xmm7=0xe4e90000e4e90000ffea0000ffea 

    > load from +0x4258 value 0x1aeb
    > store to +0x4258 value 0x1afb
0x30f4: or cl, 0b1000
  rax=0x0000000000000258 rbx=0x0000000000000000 rcx=0x00000000000000ad rdx=0x0000000000000004
  rsi=0x00000000000000ac rdi=0x000000000000007c flags=0b000000000010
  xmm0=0x7a2c00007a2c0000643600006436 xmm1=0x2832000028320000507f0000507f 
  xmm2=0xd8bd0000d8bd00001abd00001abd xmm3=0xcc760000cc760000681000006810 
  xmm4=0xc9790000c9790000c62b0000c62b xmm5=0xa3d20000a3d200005c2400005c24 
  xmm6=0xe2820000e2820000499000004990 xmm7=0xe4e90000e4e90000ffea0000ffea 

0x30f7: and cl, 0b11111000
  rax=0x0000000000000258 rbx=0x0000000000000000 rcx=0x00000000000000ad rdx=0x0000000000000004
  rsi=0x00000000000000ac rdi=0x000000000000007c flags=0b000010000010
  xmm0=0x7a2c00007a2c0000643600006436 xmm1=0x2832000028320000507f0000507f 
  xmm2=0xd8bd0000d8bd00001abd00001abd xmm3=0xcc760000cc760000681000006810 
  xmm4=0xc9790000c9790000c62b0000c62b xmm5=0xa3d20000a3d200005c2400005c24 
  xmm6=0xe2820000e2820000499000004990 xmm7=0xe4e90000e4e90000ffea0000ffea 

0x30fa: mov ax, 1
  rax=0x0000000000000258 rbx=0x0000000000000000 rcx=0x00000000000000a8 rdx=0x0000000000000004
  rsi=0x00000000000000ac rdi=0x000000000000007c flags=0b000010000010
  xmm0=0x7a2c00007a2c0000643600006436 xmm1=0x2832000028320000507f0000507f 
  xmm2=0xd8bd0000d8bd00001abd00001abd xmm3=0xcc760000cc760000681000006810 
  xmm4=0xc9790000c9790000c62b0000c62b xmm5=0xa3d20000a3d200005c2400005c24 
  xmm6=0xe2820000e2820000499000004990 xmm7=0xe4e90000e4e90000ffea0000ffea 

0x30fe: idiv cl
  rax=0x0000000000000001 rbx=0x0000000000000000 rcx=0x00000000000000a8 rdx=0x0000000000000004
  rsi=0x00000000000000ac rdi=0x000000000000007c flags=0b000010000010
  xmm0=0x7a2c00007a2c0000643600006436 xmm1=0x2832000028320000507f0000507f 
  xmm2=0xd8bd0000d8bd00001abd00001abd xmm3=0xcc760000cc760000681000006810 
  xmm4=0xc9790000c9790000c62b0000c62b xmm5=0xa3d20000a3d200005c2400005c24 
  xmm6=0xe2820000e2820000499000004990 xmm7=0xe4e90000e4e90000ffea0000ffea 

0x3100: and rbx, 0b1111111111000
  rax=0x0000000000000100 rbx=0x0000000000000000 rcx=0x00000000000000a8 rdx=0x0000000000000004
  rsi=0x00000000000000ac rdi=0x000000000000007c flags=0b000010000010
  xmm0=0x7a2c00007a2c0000643600006436 xmm1=0x2832000028320000507f0000507f 
  xmm2=0xd8bd0000d8bd00001abd00001abd xmm3=0xcc760000cc760000681000006810 
  xmm4=0xc9790000c9790000c62b0000c62b xmm5=0xa3d20000a3d200005c2400005c24 
  xmm6=0xe2820000e2820000499000004990 xmm7=0xe4e90000e4e90000ffea0000ffea 

0x3107: lock and [r14 +rbx], -123
  rax=0x0000000000000100 rbx=0x0000000000000000 rcx=0x00000000000000a8 rdx=0x0000000000000004
  rsi=0x00000000000000ac rdi=0x000000000000007c flags=0b000001000110
  xmm0=0x7a2c00007a2c0000643600006436 xmm1=0x2832000028320000507f0000507f 
  xmm2=0xd8bd0000d8bd00001abd00001abd xmm3=0xcc760000cc760000681000006810 
  xmm4=0xc9790000c9790000c62b0000c62b xmm5=0xa3d20000a3d200005c2400005c24 
  xmm6=0xe2820000e2820000499000004990 xmm7=0xe4e90000e4e90000ffea0000ffea 

    > load from +0x4000 value 0x258ac
    > store to +0x4000 value 0x25884
0x310d: and rdx, 0b1111111111111
  rax=0x0000000000000100 rbx=0x0000000000000000 rcx=0x00000000000000a8 rdx=0x0000000000000004
  rsi=0x00000000000000ac rdi=0x000000000000007c flags=0b000000000110
  xmm0=0x7a2c00007a2c0000643600006436 xmm1=0x2832000028320000507f0000507f 
  xmm2=0xd8bd0000d8bd00001abd00001abd xmm3=0xcc760000cc760000681000006810 
  xmm4=0xc9790000c9790000c62b0000c62b xmm5=0xa3d20000a3d200005c2400005c24 
  xmm6=0xe2820000e2820000499000004990 xmm7=0xe4e90000e4e90000ffea0000ffea 

0x3114: and rbx, 0b1111111111111
  rax=0x0000000000000100 rbx=0x0000000000000000 rcx=0x00000000000000a8 rdx=0x0000000000000004
  rsi=0x00000000000000ac rdi=0x000000000000007c flags=0b000000000010
  xmm0=0x7a2c00007a2c0000643600006436 xmm1=0x2832000028320000507f0000507f 
  xmm2=0xd8bd0000d8bd00001abd00001abd xmm3=0xcc760000cc760000681000006810 
  xmm4=0xc9790000c9790000c62b0000c62b xmm5=0xa3d20000a3d200005c2400005c24 
  xmm6=0xe2820000e2820000499000004990 xmm7=0xe4e90000e4e90000ffea0000ffea 

0x311b: or [r14 +rbx], 1
  rax=0x0000000000000100 rbx=0x0000000000000000 rcx=0x00000000000000a8 rdx=0x0000000000000004
  rsi=0x00000000000000ac rdi=0x000000000000007c flags=0b000001000110
  xmm0=0x7a2c00007a2c0000643600006436 xmm1=0x2832000028320000507f0000507f 
  xmm2=0xd8bd0000d8bd00001abd00001abd xmm3=0xcc760000cc760000681000006810 
  xmm4=0xc9790000c9790000c62b0000c62b xmm5=0xa3d20000a3d200005c2400005c24 
  xmm6=0xe2820000e2820000499000004990 xmm7=0xe4e90000e4e90000ffea0000ffea 

    > load from +0x4000 value 0x84
    > store to +0x4000 value 0x85
0x3120: mov ax, 1
  rax=0x0000000000000100 rbx=0x0000000000000000 rcx=0x00000000000000a8 rdx=0x0000000000000004
  rsi=0x00000000000000ac rdi=0x000000000000007c flags=0b000010000010
  xmm0=0x7a2c00007a2c0000643600006436 xmm1=0x2832000028320000507f0000507f 
  xmm2=0xd8bd0000d8bd00001abd00001abd xmm3=0xcc760000cc760000681000006810 
  xmm4=0xc9790000c9790000c62b0000c62b xmm5=0xa3d20000a3d200005c2400005c24 
  xmm6=0xe2820000e2820000499000004990 xmm7=0xe4e90000e4e90000ffea0000ffea 

0x3124: div [r14 +rbx]
  rax=0x0000000000000001 rbx=0x0000000000000000 rcx=0x00000000000000a8 rdx=0x0000000000000004
  rsi=0x00000000000000ac rdi=0x000000000000007c flags=0b000010000010
  xmm0=0x7a2c00007a2c0000643600006436 xmm1=0x2832000028320000507f0000507f 
  xmm2=0xd8bd0000d8bd00001abd00001abd xmm3=0xcc760000cc760000681000006810 
  xmm4=0xc9790000c9790000c62b0000c62b xmm5=0xa3d20000a3d200005c2400005c24 
  xmm6=0xe2820000e2820000499000004990 xmm7=0xe4e90000e4e90000ffea0000ffea 

    > load from +0x4000 value 0x85
0x3128: and rdx, 0b1111111111111
  rax=0x0000000000000100 rbx=0x0000000000000000 rcx=0x00000000000000a8 rdx=0x0000000000000004
  rsi=0x00000000000000ac rdi=0x000000000000007c flags=0b000010000010
  xmm0=0x7a2c00007a2c0000643600006436 xmm1=0x2832000028320000507f0000507f 
  xmm2=0xd8bd0000d8bd00001abd00001abd xmm3=0xcc760000cc760000681000006810 
  xmm4=0xc9790000c9790000c62b0000c62b xmm5=0xa3d20000a3d200005c2400005c24 
  xmm6=0xe2820000e2820000499000004990 xmm7=0xe4e90000e4e90000ffea0000ffea 

0x312f: movsx rax, [r14 +rdx]
  rax=0x0000000000000100 rbx=0x0000000000000000 rcx=0x00000000000000a8 rdx=0x0000000000000004
  rsi=0x00000000000000ac rdi=0x000000000000007c flags=0b000000000010
  xmm0=0x7a2c00007a2c0000643600006436 xmm1=0x2832000028320000507f0000507f 
  xmm2=0xd8bd0000d8bd00001abd00001abd xmm3=0xcc760000cc760000681000006810 
  xmm4=0xc9790000c9790000c62b0000c62b xmm5=0xa3d20000a3d200005c2400005c24 
  xmm6=0xe2820000e2820000499000004990 xmm7=0xe4e90000e4e90000ffea0000ffea 

    > load from +0x4004 value 0xb4ad
0x3134: and rsi, 0b1111111111111
  rax=0xffffffffffffb4ad rbx=0x0000000000000000 rcx=0x00000000000000a8 rdx=0x0000000000000004
  rsi=0x00000000000000ac rdi=0x000000000000007c flags=0b000000000010
  xmm0=0x7a2c00007a2c0000643600006436 xmm1=0x2832000028320000507f0000507f 
  xmm2=0xd8bd0000d8bd00001abd00001abd xmm3=0xcc760000cc760000681000006810 
  xmm4=0xc9790000c9790000c62b0000c62b xmm5=0xa3d20000a3d200005c2400005c24 
  xmm6=0xe2820000e2820000499000004990 xmm7=0xe4e90000e4e90000ffea0000ffea 

0x313b: sub eax, [r14 +rsi]
  rax=0xffffffffffffb4ad rbx=0x0000000000000000 rcx=0x00000000000000a8 rdx=0x0000000000000004
  rsi=0x00000000000000ac rdi=0x000000000000007c flags=0b000000000110
  xmm0=0x7a2c00007a2c0000643600006436 xmm1=0x2832000028320000507f0000507f 
  xmm2=0xd8bd0000d8bd00001abd00001abd xmm3=0xcc760000cc760000681000006810 
  xmm4=0xc9790000c9790000c62b0000c62b xmm5=0xa3d20000a3d200005c2400005c24 
  xmm6=0xe2820000e2820000499000004990 xmm7=0xe4e90000e4e90000ffea0000ffea 

    > load from +0x40ac value 0x8115
0x313f: sbb rax, -613000450
  rax=0x00000000ffff3398 rbx=0x0000000000000000 rcx=0x00000000000000a8 rdx=0x0000000000000004
  rsi=0x00000000000000ac rdi=0x000000000000007c flags=0b000010000010
  xmm0=0x7a2c00007a2c0000643600006436 xmm1=0x2832000028320000507f0000507f 
  xmm2=0xd8bd0000d8bd00001abd00001abd xmm3=0xcc760000cc760000681000006810 
  xmm4=0xc9790000c9790000c62b0000c62b xmm5=0xa3d20000a3d200005c2400005c24 
  xmm6=0xe2820000e2820000499000004990 xmm7=0xe4e90000e4e90000ffea0000ffea 

0x3145: mov dx, di
  rax=0x000000012488d89a rbx=0x0000000000000000 rcx=0x00000000000000a8 rdx=0x0000000000000004
  rsi=0x00000000000000ac rdi=0x000000000000007c flags=0b000000010111
  xmm0=0x7a2c00007a2c0000643600006436 xmm1=0x2832000028320000507f0000507f 
  xmm2=0xd8bd0000d8bd00001abd00001abd xmm3=0xcc760000cc760000681000006810 
  xmm4=0xc9790000c9790000c62b0000c62b xmm5=0xa3d20000a3d200005c2400005c24 
  xmm6=0xe2820000e2820000499000004990 xmm7=0xe4e90000e4e90000ffea0000ffea 

0x3148: or cx, 4
  rax=0x000000012488d89a rbx=0x0000000000000000 rcx=0x00000000000000a8 rdx=0x000000000000007c
  rsi=0x00000000000000ac rdi=0x000000000000007c flags=0b000000010111
  xmm0=0x7a2c00007a2c0000643600006436 xmm1=0x2832000028320000507f0000507f 
  xmm2=0xd8bd0000d8bd00001abd00001abd xmm3=0xcc760000cc760000681000006810 
  xmm4=0xc9790000c9790000c62b0000c62b xmm5=0xa3d20000a3d200005c2400005c24 
  xmm6=0xe2820000e2820000499000004990 xmm7=0xe4e90000e4e90000ffea0000ffea 

0x314c: and rdx, 0b1111111111000
  rax=0x000000012488d89a rbx=0x0000000000000000 rcx=0x00000000000000ac rdx=0x000000000000007c
  rsi=0x00000000000000ac rdi=0x000000000000007c flags=0b000000000110
  xmm0=0x7a2c00007a2c0000643600006436 xmm1=0x2832000028320000507f0000507f 
  xmm2=0xd8bd0000d8bd00001abd00001abd xmm3=0xcc760000cc760000681000006810 
  xmm4=0xc9790000c9790000c62b0000c62b xmm5=0xa3d20000a3d200005c2400005c24 
  xmm6=0xe2820000e2820000499000004990 xmm7=0xe4e90000e4e90000ffea0000ffea 

0x3153: lock not [r14 +rdx]
  rax=0x000000012488d89a rbx=0x0000000000000000 rcx=0x00000000000000ac rdx=0x0000000000000078
  rsi=0x00000000000000ac rdi=0x000000000000007c flags=0b000000000110
  xmm0=0x7a2c00007a2c0000643600006436 xmm1=0x2832000028320000507f0000507f 
  xmm2=0xd8bd0000d8bd00001abd00001abd xmm3=0xcc760000cc760000681000006810 
  xmm4=0xc9790000c9790000c62b0000c62b xmm5=0xa3d20000a3d200005c2400005c24 
  xmm6=0xe2820000e2820000499000004990 xmm7=0xe4e90000e4e90000ffea0000ffea 

    > load from +0x4078 value 0xaee7
    > store to +0x4078 value 0xffff5118
0x3158: and rcx, 0b1111111111111
  rax=0x000000012488d89a rbx=0x0000000000000000 rcx=0x00000000000000ac rdx=0x0000000000000078
  rsi=0x00000000000000ac rdi=0x000000000000007c flags=0b000000000110
  xmm0=0x7a2c00007a2c0000643600006436 xmm1=0x2832000028320000507f0000507f 
  xmm2=0xd8bd0000d8bd00001abd00001abd xmm3=0xcc760000cc760000681000006810 
  xmm4=0xc9790000c9790000c62b0000c62b xmm5=0xa3d20000a3d200005c2400005c24 
  xmm6=0xe2820000e2820000499000004990 xmm7=0xe4e90000e4e90000ffea0000ffea 

0x315f: add [r14 +rcx], ax
  rax=0x000000012488d89a rbx=0x0000000000000000 rcx=0x00000000000000ac rdx=0x0000000000000078
  rsi=0x00000000000000ac rdi=0x000000000000007c flags=0b000000000110
  xmm0=0x7a2c00007a2c0000643600006436 xmm1=0x2832000028320000507f0000507f 
  xmm2=0xd8bd0000d8bd00001abd00001abd xmm3=0xcc760000cc760000681000006810 
  xmm4=0xc9790000c9790000c62b0000c62b xmm5=0xa3d20000a3d200005c2400005c24 
  xmm6=0xe2820000e2820000499000004990 xmm7=0xe4e90000e4e90000ffea0000ffea 

    > load from +0x40ac value 0x8115
    > store to +0x40ac value 0x59af
0x3164: and rdi, 0b1111111111000
  rax=0x000000012488d89a rbx=0x0000000000000000 rcx=0x00000000000000ac rdx=0x0000000000000078
  rsi=0x00000000000000ac rdi=0x000000000000007c flags=0b100000000111
  xmm0=0x7a2c00007a2c0000643600006436 xmm1=0x2832000028320000507f0000507f 
  xmm2=0xd8bd0000d8bd00001abd00001abd xmm3=0xcc760000cc760000681000006810 
  xmm4=0xc9790000c9790000c62b0000c62b xmm5=0xa3d20000a3d200005c2400005c24 
  xmm6=0xe2820000e2820000499000004990 xmm7=0xe4e90000e4e90000ffea0000ffea 

0x316b: and rcx, 0b111
  rax=0x000000012488d89a rbx=0x0000000000000000 rcx=0x00000000000000ac rdx=0x0000000000000078
  rsi=0x00000000000000ac rdi=0x0000000000000078 flags=0b000000000110
  xmm0=0x7a2c00007a2c0000643600006436 xmm1=0x2832000028320000507f0000507f 
  xmm2=0xd8bd0000d8bd00001abd00001abd xmm3=0xcc760000cc760000681000006810 
  xmm4=0xc9790000c9790000c62b0000c62b xmm5=0xa3d20000a3d200005c2400005c24 
  xmm6=0xe2820000e2820000499000004990 xmm7=0xe4e90000e4e90000ffea0000ffea 

0x316f: lock btr [r14 +rdi], rcx
  rax=0x000000012488d89a rbx=0x0000000000000000 rcx=0x0000000000000004 rdx=0x0000000000000078
  rsi=0x00000000000000ac rdi=0x0000000000000078 flags=0b000000000010
  xmm0=0x7a2c00007a2c0000643600006436 xmm1=0x2832000028320000507f0000507f 
  xmm2=0xd8bd0000d8bd00001abd00001abd xmm3=0xcc760000cc760000681000006810 
  xmm4=0xc9790000c9790000c62b0000c62b xmm5=0xa3d20000a3d200005c2400005c24 
  xmm6=0xe2820000e2820000499000004990 xmm7=0xe4e90000e4e90000ffea0000ffea 

    > load from +0x4078 value 0xaee7ffff5118
    > store to +0x4078 value 0xaee7ffff5108
0x3175: and rax, 0b1111111111111
  rax=0x000000012488d89a rbx=0x0000000000000000 rcx=0x0000000000000004 rdx=0x0000000000000078
  rsi=0x00000000000000ac rdi=0x0000000000000078 flags=0b000000000011
  xmm0=0x7a2c00007a2c0000643600006436 xmm1=0x2832000028320000507f0000507f 
  xmm2=0xd8bd0000d8bd00001abd00001abd xmm3=0xcc760000cc760000681000006810 
  xmm4=0xc9790000c9790000c62b0000c62b xmm5=0xa3d20000a3d200005c2400005c24 
  xmm6=0xe2820000e2820000499000004990 xmm7=0xe4e90000e4e90000ffea0000ffea 

0x317b: nop [r14 +rax]
  rax=0x000000000000189a rbx=0x0000000000000000 rcx=0x0000000000000004 rdx=0x0000000000000078
  rsi=0x00000000000000ac rdi=0x0000000000000078 flags=0b000000000110
  xmm0=0x7a2c00007a2c0000643600006436 xmm1=0x2832000028320000507f0000507f 
  xmm2=0xd8bd0000d8bd00001abd00001abd xmm3=0xcc760000cc760000681000006810 
  xmm4=0xc9790000c9790000c62b0000c62b xmm5=0xa3d20000a3d200005c2400005c24 
  xmm6=0xe2820000e2820000499000004990 xmm7=0xe4e90000e4e90000ffea0000ffea 

0x3180: and rcx, 0b1111111111111
  rax=0x000000000000189a rbx=0x0000000000000000 rcx=0x0000000000000004 rdx=0x0000000000000078
  rsi=0x00000000000000ac rdi=0x0000000000000078 flags=0b000000000110
  xmm0=0x7a2c00007a2c0000643600006436 xmm1=0x2832000028320000507f0000507f 
  xmm2=0xd8bd0000d8bd00001abd00001abd xmm3=0xcc760000cc760000681000006810 
  xmm4=0xc9790000c9790000c62b0000c62b xmm5=0xa3d20000a3d200005c2400005c24 
  xmm6=0xe2820000e2820000499000004990 xmm7=0xe4e90000e4e90000ffea0000ffea 

0x3187: or [r14 +rcx], 122
  rax=0x000000000000189a rbx=0x0000000000000000 rcx=0x0000000000000004 rdx=0x0000000000000078
  rsi=0x00000000000000ac rdi=0x0000000000000078 flags=0b000000000010
  xmm0=0x7a2c00007a2c0000643600006436 xmm1=0x2832000028320000507f0000507f 
  xmm2=0xd8bd0000d8bd00001abd00001abd xmm3=0xcc760000cc760000681000006810 
  xmm4=0xc9790000c9790000c62b0000c62b xmm5=0xa3d20000a3d200005c2400005c24 
  xmm6=0xe2820000e2820000499000004990 xmm7=0xe4e90000e4e90000ffea0000ffea 

    > load from +0x4004 value 0xb4ad
    > store to +0x4004 value 0xb4ff
0x318c: lea edi, qword ptr [rbx]
  rax=0x000000000000189a rbx=0x0000000000000000 rcx=0x0000000000000004 rdx=0x0000000000000078
  rsi=0x00000000000000ac rdi=0x0000000000000078 flags=0b000000000110
  xmm0=0x7a2c00007a2c0000643600006436 xmm1=0x2832000028320000507f0000507f 
  xmm2=0xd8bd0000d8bd00001abd00001abd xmm3=0xcc760000cc760000681000006810 
  xmm4=0xc9790000c9790000c62b0000c62b xmm5=0xa3d20000a3d200005c2400005c24 
  xmm6=0xe2820000e2820000499000004990 xmm7=0xe4e90000e4e90000ffea0000ffea 

0x318e: cmovl edx, esi
  rax=0x000000000000189a rbx=0x0000000000000000 rcx=0x0000000000000004 rdx=0x0000000000000078
  rsi=0x00000000000000ac rdi=0x0000000000000000 flags=0b000000000110
  xmm0=0x7a2c00007a2c0000643600006436 xmm1=0x2832000028320000507f0000507f 
  xmm2=0xd8bd0000d8bd00001abd00001abd xmm3=0xcc760000cc760000681000006810 
  xmm4=0xc9790000c9790000c62b0000c62b xmm5=0xa3d20000a3d200005c2400005c24 
  xmm6=0xe2820000e2820000499000004990 xmm7=0xe4e90000e4e90000ffea0000ffea 

0x3191: and rbx, 0b1111111111000
  rax=0x000000000000189a rbx=0x0000000000000000 rcx=0x0000000000000004 rdx=0x0000000000000078
  rsi=0x00000000000000ac rdi=0x0000000000000000 flags=0b000000000110
  xmm0=0x7a2c00007a2c0000643600006436 xmm1=0x2832000028320000507f0000507f 
  xmm2=0xd8bd0000d8bd00001abd00001abd xmm3=0xcc760000cc760000681000006810 
  xmm4=0xc9790000c9790000c62b0000c62b xmm5=0xa3d20000a3d200005c2400005c24 
  xmm6=0xe2820000e2820000499000004990 xmm7=0xe4e90000e4e90000ffea0000ffea 

0x3198: and cx, 0b111
  rax=0x000000000000189a rbx=0x0000000000000000 rcx=0x0000000000000004 rdx=0x0000000000000078
  rsi=0x00000000000000ac rdi=0x0000000000000000 flags=0b000001000110
  xmm0=0x7a2c00007a2c0000643600006436 xmm1=0x2832000028320000507f0000507f 
  xmm2=0xd8bd0000d8bd00001abd00001abd xmm3=0xcc760000cc760000681000006810 
  xmm4=0xc9790000c9790000c62b0000c62b xmm5=0xa3d20000a3d200005c2400005c24 
  xmm6=0xe2820000e2820000499000004990 xmm7=0xe4e90000e4e90000ffea0000ffea 

0x319c: lock bts [r14 +rbx], cx
  rax=0x000000000000189a rbx=0x0000000000000000 rcx=0x0000000000000004 rdx=0x0000000000000078
  rsi=0x00000000000000ac rdi=0x0000000000000000 flags=0b000000000010
  xmm0=0x7a2c00007a2c0000643600006436 xmm1=0x2832000028320000507f0000507f 
  xmm2=0xd8bd0000d8bd00001abd00001abd xmm3=0xcc760000cc760000681000006810 
  xmm4=0xc9790000c9790000c62b0000c62b xmm5=0xa3d20000a3d200005c2400005c24 
  xmm6=0xe2820000e2820000499000004990 xmm7=0xe4e90000e4e90000ffea0000ffea 

    > load from +0x4000 value 0x5885
    > store to +0x4000 value 0x5895
0x31a3: and rcx, 0b1111111111111
  rax=0x000000000000189a rbx=0x0000000000000000 rcx=0x0000000000000004 rdx=0x0000000000000078
  rsi=0x00000000000000ac rdi=0x0000000000000000 flags=0b000000000010
  xmm0=0x7a2c00007a2c0000643600006436 xmm1=0x2832000028320000507f0000507f 
  xmm2=0xd8bd0000d8bd00001abd00001abd xmm3=0xcc760000cc760000681000006810 
  xmm4=0xc9790000c9790000c62b0000c62b xmm5=0xa3d20000a3d200005c2400005c24 
  xmm6=0xe2820000e2820000499000004990 xmm7=0xe4e90000e4e90000ffea0000ffea 

0x31aa: cmovz rsi, [r14 +rcx]
  rax=0x000000000000189a rbx=0x0000000000000000 rcx=0x0000000000000004 rdx=0x0000000000000078
  rsi=0x00000000000000ac rdi=0x0000000000000000 flags=0b000000000010
  xmm0=0x7a2c00007a2c0000643600006436 xmm1=0x2832000028320000507f0000507f 
  xmm2=0xd8bd0000d8bd00001abd00001abd xmm3=0xcc760000cc760000681000006810 
  xmm4=0xc9790000c9790000c62b0000c62b xmm5=0xa3d20000a3d200005c2400005c24 
  xmm6=0xe2820000e2820000499000004990 xmm7=0xe4e90000e4e90000ffea0000ffea 

    > load from +0x4004 value 0x3a320000b4ff
0x31af: and rdi, 0b1111111111000
  rax=0x000000000000189a rbx=0x0000000000000000 rcx=0x0000000000000004 rdx=0x0000000000000078
  rsi=0x00000000000000ac rdi=0x0000000000000000 flags=0b000000000010
  xmm0=0x7a2c00007a2c0000643600006436 xmm1=0x2832000028320000507f0000507f 
  xmm2=0xd8bd0000d8bd00001abd00001abd xmm3=0xcc760000cc760000681000006810 
  xmm4=0xc9790000c9790000c62b0000c62b xmm5=0xa3d20000a3d200005c2400005c24 
  xmm6=0xe2820000e2820000499000004990 xmm7=0xe4e90000e4e90000ffea0000ffea 

0x31b6: lock inc [r14 +rdi]
  rax=0x000000000000189a rbx=0x0000000000000000 rcx=0x0000000000000004 rdx=0x0000000000000078
  rsi=0x00000000000000ac rdi=0x0000000000000000 flags=0b000001000110
  xmm0=0x7a2c00007a2c0000643600006436 xmm1=0x2832000028320000507f0000507f 
  xmm2=0xd8bd0000d8bd00001abd00001abd xmm3=0xcc760000cc760000681000006810 
  xmm4=0xc9790000c9790000c62b0000c62b xmm5=0xa3d20000a3d200005c2400005c24 
  xmm6=0xe2820000e2820000499000004990 xmm7=0xe4e90000e4e90000ffea0000ffea 

    > load from +0x4000 value 0xb4ff00025895
    > store to +0x4000 value 0xb4ff00025896
0x31bb: and rsi, 0b1111111111111
  rax=0x000000000000189a rbx=0x0000000000000000 rcx=0x0000000000000004 rdx=0x0000000000000078
  rsi=0x00000000000000ac rdi=0x0000000000000000 flags=0b000000000110
  xmm0=0x7a2c00007a2c0000643600006436 xmm1=0x2832000028320000507f0000507f 
  xmm2=0xd8bd0000d8bd00001abd00001abd xmm3=0xcc760000cc760000681000006810 
  xmm4=0xc9790000c9790000c62b0000c62b xmm5=0xa3d20000a3d200005c2400005c24 
  xmm6=0xe2820000e2820000499000004990 xmm7=0xe4e90000e4e90000ffea0000ffea 

0x31c2: sbb [r14 +rsi], ebx
  rax=0x000000000000189a rbx=0x0000000000000000 rcx=0x0000000000000004 rdx=0x0000000000000078
  rsi=0x00000000000000ac rdi=0x0000000000000000 flags=0b000000000110
  xmm0=0x7a2c00007a2c0000643600006436 xmm1=0x2832000028320000507f0000507f 
  xmm2=0xd8bd0000d8bd00001abd00001abd xmm3=0xcc760000cc760000681000006810 
  xmm4=0xc9790000c9790000c62b0000c62b xmm5=0xa3d20000a3d200005c2400005c24 
  xmm6=0xe2820000e2820000499000004990 xmm7=0xe4e90000e4e90000ffea0000ffea 

    > load from +0x40ac value 0x59af
    > store to +0x40ac value 0x59af
0x31c6: cmovno esi, edi
  rax=0x000000000000189a rbx=0x0000000000000000 rcx=0x0000000000000004 rdx=0x0000000000000078
  rsi=0x00000000000000ac rdi=0x0000000000000000 flags=0b000000000110
  xmm0=0x7a2c00007a2c0000643600006436 xmm1=0x2832000028320000507f0000507f 
  xmm2=0xd8bd0000d8bd00001abd00001abd xmm3=0xcc760000cc760000681000006810 
  xmm4=0xc9790000c9790000c62b0000c62b xmm5=0xa3d20000a3d200005c2400005c24 
  xmm6=0xe2820000e2820000499000004990 xmm7=0xe4e90000e4e90000ffea0000ffea 

0x31c9: and rcx, 0b1111111111000
  rax=0x000000000000189a rbx=0x0000000000000000 rcx=0x0000000000000004 rdx=0x0000000000000078
  rsi=0x0000000000000000 rdi=0x0000000000000000 flags=0b000000000110
  xmm0=0x7a2c00007a2c0000643600006436 xmm1=0x2832000028320000507f0000507f 
  xmm2=0xd8bd0000d8bd00001abd00001abd xmm3=0xcc760000cc760000681000006810 
  xmm4=0xc9790000c9790000c62b0000c62b xmm5=0xa3d20000a3d200005c2400005c24 
  xmm6=0xe2820000e2820000499000004990 xmm7=0xe4e90000e4e90000ffea0000ffea 

0x31d0: xchg [r14 +rcx], cl
  rax=0x000000000000189a rbx=0x0000000000000000 rcx=0x0000000000000000 rdx=0x0000000000000078
  rsi=0x0000000000000000 rdi=0x0000000000000000 flags=0b000001000110
  xmm0=0x7a2c00007a2c0000643600006436 xmm1=0x2832000028320000507f0000507f 
  xmm2=0xd8bd0000d8bd00001abd00001abd xmm3=0xcc760000cc760000681000006810 
  xmm4=0xc9790000c9790000c62b0000c62b xmm5=0xa3d20000a3d200005c2400005c24 
  xmm6=0xe2820000e2820000499000004990 xmm7=0xe4e90000e4e90000ffea0000ffea 

    > load from +0x4000 value 0x96
    > store to +0x4000 value 0x0
0x31d4: and rax, 0b1111111111111
  rax=0x000000000000189a rbx=0x0000000000000000 rcx=0x0000000000000096 rdx=0x0000000000000078
  rsi=0x0000000000000000 rdi=0x0000000000000000 flags=0b000001000110
  xmm0=0x7a2c00007a2c0000643600006436 xmm1=0x2832000028320000507f0000507f 
  xmm2=0xd8bd0000d8bd00001abd00001abd xmm3=0xcc760000cc760000681000006810 
  xmm4=0xc9790000c9790000c62b0000c62b xmm5=0xa3d20000a3d200005c2400005c24 
  xmm6=0xe2820000e2820000499000004990 xmm7=0xe4e90000e4e90000ffea0000ffea 

0x31da: mov [r14 +rax], al
  rax=0x000000000000189a rbx=0x0000000000000000 rcx=0x0000000000000096 rdx=0x0000000000000078
  rsi=0x0000000000000000 rdi=0x0000000000000000 flags=0b000000000110
  xmm0=0x7a2c00007a2c0000643600006436 xmm1=0x2832000028320000507f0000507f 
  xmm2=0xd8bd0000d8bd00001abd00001abd xmm3=0xcc760000cc760000681000006810 
  xmm4=0xc9790000c9790000c62b0000c62b xmm5=0xa3d20000a3d200005c2400005c24 
  xmm6=0xe2820000e2820000499000004990 xmm7=0xe4e90000e4e90000ffea0000ffea 

    > store to +0x589a value 0x9a
0x31de: and rsi, 0b1111111111111
  rax=0x000000000000189a rbx=0x0000000000000000 rcx=0x0000000000000096 rdx=0x0000000000000078
  rsi=0x0000000000000000 rdi=0x0000000000000000 flags=0b000000000110
  xmm0=0x7a2c00007a2c0000643600006436 xmm1=0x2832000028320000507f0000507f 
  xmm2=0xd8bd0000d8bd00001abd00001abd xmm3=0xcc760000cc760000681000006810 
  xmm4=0xc9790000c9790000c62b0000c62b xmm5=0xa3d20000a3d200005c2400005c24 
  xmm6=0xe2820000e2820000499000004990 xmm7=0xe4e90000e4e90000ffea0000ffea 

0x31e5: cmovp edx, [r14 +rsi]
  rax=0x000000000000189a rbx=0x0000000000000000 rcx=0x0000000000000096 rdx=0x0000000000000078
  rsi=0x0000000000000000 rdi=0x0000000000000000 flags=0b000001000110
  xmm0=0x7a2c00007a2c0000643600006436 xmm1=0x2832000028320000507f0000507f 
  xmm2=0xd8bd0000d8bd00001abd00001abd xmm3=0xcc760000cc760000681000006810 
  xmm4=0xc9790000c9790000c62b0000c62b xmm5=0xa3d20000a3d200005c2400005c24 
  xmm6=0xe2820000e2820000499000004990 xmm7=0xe4e90000e4e90000ffea0000ffea 

    > load from +0x4000 value 0x25800
0x31ea: setz dil
  rax=0x000000000000189a rbx=0x0000000000000000 rcx=0x0000000000000096 rdx=0x0000000000025800
  rsi=0x0000000000000000 rdi=0x0000000000000000 flags=0b000001000110
  xmm0=0x7a2c00007a2c0000643600006436 xmm1=0x2832000028320000507f0000507f 
  xmm2=0xd8bd0000d8bd00001abd00001abd xmm3=0xcc760000cc760000681000006810 
  xmm4=0xc9790000c9790000c62b0000c62b xmm5=0xa3d20000a3d200005c2400005c24 
  xmm6=0xe2820000e2820000499000004990 xmm7=0xe4e90000e4e90000ffea0000ffea 

0x31ee: and rbx, 0b1111111111111
  rax=0x000000000000189a rbx=0x0000000000000000 rcx=0x0000000000000096 rdx=0x0000000000025800
  rsi=0x0000000000000000 rdi=0x0000000000000001 flags=0b000001000110
  xmm0=0x7a2c00007a2c0000643600006436 xmm1=0x2832000028320000507f0000507f 
  xmm2=0xd8bd0000d8bd00001abd00001abd xmm3=0xcc760000cc760000681000006810 
  xmm4=0xc9790000c9790000c62b0000c62b xmm5=0xa3d20000a3d200005c2400005c24 
  xmm6=0xe2820000e2820000499000004990 xmm7=0xe4e90000e4e90000ffea0000ffea 

0x31f5: or [r14 +rbx], 0b1000000000000000000000000000000
  rax=0x000000000000189a rbx=0x0000000000000000 rcx=0x0000000000000096 rdx=0x0000000000025800
  rsi=0x0000000000000000 rdi=0x0000000000000001 flags=0b000001000110
  xmm0=0x7a2c00007a2c0000643600006436 xmm1=0x2832000028320000507f0000507f 
  xmm2=0xd8bd0000d8bd00001abd00001abd xmm3=0xcc760000cc760000681000006810 
  xmm4=0xc9790000c9790000c62b0000c62b xmm5=0xa3d20000a3d200005c2400005c24 
  xmm6=0xe2820000e2820000499000004990 xmm7=0xe4e90000e4e90000ffea0000ffea 

    > load from +0x4000 value 0xb4ff00025800
    > store to +0x4000 value 0xb4ff40025800
0x31fd: bsr rsi, [r14 +rbx]
  rax=0x000000000000189a rbx=0x0000000000000000 rcx=0x0000000000000096 rdx=0x0000000000025800
  rsi=0x0000000000000000 rdi=0x0000000000000001 flags=0b000000000110
  xmm0=0x7a2c00007a2c0000643600006436 xmm1=0x2832000028320000507f0000507f 
  xmm2=0xd8bd0000d8bd00001abd00001abd xmm3=0xcc760000cc760000681000006810 
  xmm4=0xc9790000c9790000c62b0000c62b xmm5=0xa3d20000a3d200005c2400005c24 
  xmm6=0xe2820000e2820000499000004990 xmm7=0xe4e90000e4e90000ffea0000ffea 

    > load from +0x4000 value 0xb4ff40025800
0x3202: add dil, -35
  rax=0x000000000000189a rbx=0x0000000000000000 rcx=0x0000000000000096 rdx=0x0000000000025800
  rsi=0x000000000000002f rdi=0x0000000000000001 flags=0b000000000110
  xmm0=0x7a2c00007a2c0000643600006436 xmm1=0x2832000028320000507f0000507f 
  xmm2=0xd8bd0000d8bd00001abd00001abd xmm3=0xcc760000cc760000681000006810 
  xmm4=0xc9790000c9790000c62b0000c62b xmm5=0xa3d20000a3d200005c2400005c24 
  xmm6=0xe2820000e2820000499000004990 xmm7=0xe4e90000e4e90000ffea0000ffea 

0x3206: and rdi, 0b1111111111111
  rax=0x000000000000189a rbx=0x0000000000000000 rcx=0x0000000000000096 rdx=0x0000000000025800
  rsi=0x000000000000002f rdi=0x00000000000000de flags=0b000010000110
  xmm0=0x7a2c00007a2c0000643600006436 xmm1=0x2832000028320000507f0000507f 
  xmm2=0xd8bd0000d8bd00001abd00001abd xmm3=0xcc760000cc760000681000006810 
  xmm4=0xc9790000c9790000c62b0000c62b xmm5=0xa3d20000a3d200005c2400005c24 
  xmm6=0xe2820000e2820000499000004990 xmm7=0xe4e90000e4e90000ffea0000ffea 

0x320d: cmovnl rsi, [r14 +rdi]
  rax=0x000000000000189a rbx=0x0000000000000000 rcx=0x0000000000000096 rdx=0x0000000000025800
  rsi=0x000000000000002f rdi=0x00000000000000de flags=0b000000000110
  xmm0=0x7a2c00007a2c0000643600006436 xmm1=0x2832000028320000507f0000507f 
  xmm2=0xd8bd0000d8bd00001abd00001abd xmm3=0xcc760000cc760000681000006810 
  xmm4=0xc9790000c9790000c62b0000c62b xmm5=0xa3d20000a3d200005c2400005c24 
  xmm6=0xe2820000e2820000499000004990 xmm7=0xe4e90000e4e90000ffea0000ffea 

    > load from +0x40de value 0x7be400007be40000
0x3212: test ax, 26055
  rax=0x000000000000189a rbx=0x0000000000000000 rcx=0x0000000000000096 rdx=0x0000000000025800
  rsi=0x7be400007be40000 rdi=0x00000000000000de flags=0b000000000110
  xmm0=0x7a2c00007a2c0000643600006436 xmm1=0x2832000028320000507f0000507f 
  xmm2=0xd8bd0000d8bd00001abd00001abd xmm3=0xcc760000cc760000681000006810 
  xmm4=0xc9790000c9790000c62b0000c62b xmm5=0xa3d20000a3d200005c2400005c24 
  xmm6=0xe2820000e2820000499000004990 xmm7=0xe4e90000e4e90000ffea0000ffea 

0x3216: and rdx, 0b1111111111111
  rax=0x000000000000189a rbx=0x0000000000000000 rcx=0x0000000000000096 rdx=0x0000000000025800
  rsi=0x7be400007be40000 rdi=0x00000000000000de flags=0b000000000110
  xmm0=0x7a2c00007a2c0000643600006436 xmm1=0x2832000028320000507f0000507f 
  xmm2=0xd8bd0000d8bd00001abd00001abd xmm3=0xcc760000cc760000681000006810 
  xmm4=0xc9790000c9790000c62b0000c62b xmm5=0xa3d20000a3d200005c2400005c24 
  xmm6=0xe2820000e2820000499000004990 xmm7=0xe4e90000e4e90000ffea0000ffea 

0x321d: cmovp dx, [r14 +rdx]
  rax=0x000000000000189a rbx=0x0000000000000000 rcx=0x0000000000000096 rdx=0x0000000000001800
  rsi=0x7be400007be40000 rdi=0x00000000000000de flags=0b000000000110
  xmm0=0x7a2c00007a2c0000643600006436 xmm1=0x2832000028320000507f0000507f 
  xmm2=0xd8bd0000d8bd00001abd00001abd xmm3=0xcc760000cc760000681000006810 
  xmm4=0xc9790000c9790000c62b0000c62b xmm5=0xa3d20000a3d200005c2400005c24 
  xmm6=0xe2820000e2820000499000004990 xmm7=0xe4e90000e4e90000ffea0000ffea 

    > load from +0x5800 value 0xce2f
0x3223: mov ecx, 0x1a4
  rax=0x000000000000189a rbx=0x0000000000000000 rcx=0x0000000000000096 rdx=0x000000000000ce2f
  rsi=0x7be400007be40000 rdi=0x00000000000000de flags=0b000000000110
  xmm0=0x7a2c00007a2c0000643600006436 xmm1=0x2832000028320000507f0000507f 
  xmm2=0xd8bd0000d8bd00001abd00001abd xmm3=0xcc760000cc760000681000006810 
  xmm4=0xc9790000c9790000c62b0000c62b xmm5=0xa3d20000a3d200005c2400005c24 
  xmm6=0xe2820000e2820000499000004990 xmm7=0xe4e90000e4e90000ffea0000ffea 

0x3228: mov edx, 0
  rax=0x000000000000189a rbx=0x0000000000000000 rcx=0x00000000000001a4 rdx=0x000000000000ce2f
  rsi=0x7be400007be40000 rdi=0x00000000000000de flags=0b000000000110
  xmm0=0x7a2c00007a2c0000643600006436 xmm1=0x2832000028320000507f0000507f 
  xmm2=0xd8bd0000d8bd00001abd00001abd xmm3=0xcc760000cc760000681000006810 
  xmm4=0xc9790000c9790000c62b0000c62b xmm5=0xa3d20000a3d200005c2400005c24 
  xmm6=0xe2820000e2820000499000004990 xmm7=0xe4e90000e4e90000ffea0000ffea 

0x322d: mov eax, 0b1111
  rax=0x000000000000189a rbx=0x0000000000000000 rcx=0x00000000000001a4 rdx=0x0000000000000000
  rsi=0x7be400007be40000 rdi=0x00000000000000de flags=0b000000000110
  xmm0=0x7a2c00007a2c0000643600006436 xmm1=0x2832000028320000507f0000507f 
  xmm2=0xd8bd0000d8bd00001abd00001abd xmm3=0xcc760000cc760000681000006810 
  xmm4=0xc9790000c9790000c62b0000c62b xmm5=0xa3d20000a3d200005c2400005c24 
  xmm6=0xe2820000e2820000499000004990 xmm7=0xe4e90000e4e90000ffea0000ffea 

0x3232: wrmsr 
  rax=0x000000000000000f rbx=0x0000000000000000 rcx=0x00000000000001a4 rdx=0x0000000000000000
  rsi=0x7be400007be40000 rdi=0x00000000000000de flags=0b000000000110
  xmm0=0x7a2c00007a2c0000643600006436 xmm1=0x2832000028320000507f0000507f 
  xmm2=0xd8bd0000d8bd00001abd00001abd xmm3=0xcc760000cc760000681000006810 
  xmm4=0xc9790000c9790000c62b0000c62b xmm5=0xa3d20000a3d200005c2400005c24 
  xmm6=0xe2820000e2820000499000004990 xmm7=0xe4e90000e4e90000ffea0000ffea 

0x3234: mfence 
  rax=0x000000000000000f rbx=0x0000000000000000 rcx=0x00000000000001a4 rdx=0x0000000000000000
  rsi=0x7be400007be40000 rdi=0x00000000000000de flags=0b000000000110
  xmm0=0x7a2c00007a2c0000643600006436 xmm1=0x2832000028320000507f0000507f 
  xmm2=0xd8bd0000d8bd00001abd00001abd xmm3=0xcc760000cc760000681000006810 
  xmm4=0xc9790000c9790000c62b0000c62b xmm5=0xa3d20000a3d200005c2400005c24 
  xmm6=0xe2820000e2820000499000004990 xmm7=0xe4e90000e4e90000ffea0000ffea 

0x3237: lfence 
  rax=0x000000000000000f rbx=0x0000000000000000 rcx=0x00000000000001a4 rdx=0x0000000000000000
  rsi=0x7be400007be40000 rdi=0x00000000000000de flags=0b000000000110
  xmm0=0x7a2c00007a2c0000643600006436 xmm1=0x2832000028320000507f0000507f 
  xmm2=0xd8bd0000d8bd00001abd00001abd xmm3=0xcc760000cc760000681000006810 
  xmm4=0xc9790000c9790000c62b0000c62b xmm5=0xa3d20000a3d200005c2400005c24 
  xmm6=0xe2820000e2820000499000004990 xmm7=0xe4e90000e4e90000ffea0000ffea 

0x323a: macro .measurement_end, .noarg
  rax=0x000000000000000f rbx=0x0000000000000000 rcx=0x00000000000001a4 rdx=0x0000000000000000
  rsi=0x7be400007be40000 rdi=0x00000000000000de flags=0b000000000110
  xmm0=0x7a2c00007a2c0000643600006436 xmm1=0x2832000028320000507f0000507f 
  xmm2=0xd8bd0000d8bd00001abd00001abd xmm3=0xcc760000cc760000681000006810 
  xmm4=0xc9790000c9790000c62b0000c62b xmm5=0xa3d20000a3d200005c2400005c24 
  xmm6=0xe2820000e2820000499000004990 xmm7=0xe4e90000e4e90000ffea0000ffea 

0x3242: mov ecx, 0x1a4
  rax=0x000000000000000f rbx=0x0000000000000000 rcx=0x00000000000001a4 rdx=0x0000000000000000
  rsi=0x7be400007be40000 rdi=0x00000000000000de flags=0b000000000110
  xmm0=0x7a2c00007a2c0000643600006436 xmm1=0x2832000028320000507f0000507f 
  xmm2=0xd8bd0000d8bd00001abd00001abd xmm3=0xcc760000cc760000681000006810 
  xmm4=0xc9790000c9790000c62b0000c62b xmm5=0xa3d20000a3d200005c2400005c24 
  xmm6=0xe2820000e2820000499000004990 xmm7=0xe4e90000e4e90000ffea0000ffea 

0x3247: mov edx, 0
  rax=0x000000000000000f rbx=0x0000000000000000 rcx=0x00000000000001a4 rdx=0x0000000000000000
  rsi=0x7be400007be40000 rdi=0x00000000000000de flags=0b000000000110
  xmm0=0x7a2c00007a2c0000643600006436 xmm1=0x2832000028320000507f0000507f 
  xmm2=0xd8bd0000d8bd00001abd00001abd xmm3=0xcc760000cc760000681000006810 
  xmm4=0xc9790000c9790000c62b0000c62b xmm5=0xa3d20000a3d200005c2400005c24 
  xmm6=0xe2820000e2820000499000004990 xmm7=0xe4e90000e4e90000ffea0000ffea 

0x324c: mov eax, 0b0000
  rax=0x000000000000000f rbx=0x0000000000000000 rcx=0x00000000000001a4 rdx=0x0000000000000000
  rsi=0x7be400007be40000 rdi=0x00000000000000de flags=0b000000000110
  xmm0=0x7a2c00007a2c0000643600006436 xmm1=0x2832000028320000507f0000507f 
  xmm2=0xd8bd0000d8bd00001abd00001abd xmm3=0xcc760000cc760000681000006810 
  xmm4=0xc9790000c9790000c62b0000c62b xmm5=0xa3d20000a3d200005c2400005c24 
  xmm6=0xe2820000e2820000499000004990 xmm7=0xe4e90000e4e90000ffea0000ffea 

0x3251: wrmsr 
  rax=0x0000000000000000 rbx=0x0000000000000000 rcx=0x00000000000001a4 rdx=0x0000000000000000
  rsi=0x7be400007be40000 rdi=0x00000000000000de flags=0b000000000110
  xmm0=0x7a2c00007a2c0000643600006436 xmm1=0x2832000028320000507f0000507f 
  xmm2=0xd8bd0000d8bd00001abd00001abd xmm3=0xcc760000cc760000681000006810 
  xmm4=0xc9790000c9790000c62b0000c62b xmm5=0xa3d20000a3d200005c2400005c24 
  xmm6=0xe2820000e2820000499000004990 xmm7=0xe4e90000e4e90000ffea0000ffea 

0x3253: mfence 
  rax=0x0000000000000000 rbx=0x0000000000000000 rcx=0x00000000000001a4 rdx=0x0000000000000000
  rsi=0x7be400007be40000 rdi=0x00000000000000de flags=0b000000000110
  xmm0=0x7a2c00007a2c0000643600006436 xmm1=0x2832000028320000507f0000507f 
  xmm2=0xd8bd0000d8bd00001abd00001abd xmm3=0xcc760000cc760000681000006810 
  xmm4=0xc9790000c9790000c62b0000c62b xmm5=0xa3d20000a3d200005c2400005c24 
  xmm6=0xe2820000e2820000499000004990 xmm7=0xe4e90000e4e90000ffea0000ffea 

0x3256: lfence 
  rax=0x0000000000000000 rbx=0x0000000000000000 rcx=0x00000000000001a4 rdx=0x0000000000000000
  rsi=0x7be400007be40000 rdi=0x00000000000000de flags=0b000000000110
  xmm0=0x7a2c00007a2c0000643600006436 xmm1=0x2832000028320000507f0000507f 
  xmm2=0xd8bd0000d8bd00001abd00001abd xmm3=0xcc760000cc760000681000006810 
  xmm4=0xc9790000c9790000c62b0000c62b xmm5=0xa3d20000a3d200005c2400005c24 
  xmm6=0xe2820000e2820000499000004990 xmm7=0xe4e90000e4e90000ffea0000ffea 

0x3259: macro .switch, .main.function_main_1
  rax=0x0000000000000000 rbx=0x0000000000000000 rcx=0x00000000000001a4 rdx=0x0000000000000000
  rsi=0x7be400007be40000 rdi=0x00000000000000de flags=0b000000000110
  xmm0=0x7a2c00007a2c0000643600006436 xmm1=0x2832000028320000507f0000507f 
  xmm2=0xd8bd0000d8bd00001abd00001abd xmm3=0xcc760000cc760000681000006810 
  xmm4=0xc9790000c9790000c62b0000c62b xmm5=0xa3d20000a3d200005c2400005c24 
  xmm6=0xe2820000e2820000499000004990 xmm7=0xe4e90000e4e90000ffea0000ffea 

0x1f1: nop  [test_case_exit]
  rax=0x0000000000000000 rbx=0x0000000000000000 rcx=0x00000000000001a4 rdx=0x0000000000000000
  rsi=0x7be400007be40000 rdi=0x00000000000000de flags=0b000000000110
  xmm0=0x7a2c00007a2c0000643600006436 xmm1=0x2832000028320000507f0000507f 
  xmm2=0xd8bd0000d8bd00001abd00001abd xmm3=0xcc760000cc760000681000006810 
  xmm4=0xc9790000c9790000c62b0000c62b xmm5=0xa3d20000a3d200005c2400005c24 
  xmm6=0xe2820000e2820000499000004990 xmm7=0xe4e90000e4e90000ffea0000ffea 





================================ Statistics ===================================

Test Cases: 1
Inputs per test case: 100.0
Violations: 1
Effectiveness: 
  Total Cls: 50.0
  Effective Cls: 50.0
Discarded Test Cases:
  Speculation Filter: 0
  Observation Filter: 0
  Fast Path: 0
  Max Nesting Check: 0
  Tainting Check: 0
  Early Priming Check: 0
  Large Sample Check: 0
  Priming Check: 0

Duration: 219.8
Finished at 23:38:56
