
INFO: [fuzzer] Starting at 16:32:21
> Entering slow path...> Priming  1             

================================ Violations detected ==========================
Contract trace:
 3122721091636146416 (hash)
Hardware traces:
  Input group 1: [3]
  Input group 2: [11]
  ^^........^......^...^......^.......................^^........^^ [998    | 581   ]
  ^^........^......^...^..^...^........^...^..........^^........^^ [1      | 0     ]
  ^^........^......^...^......^.....^^................^^^.......^^ [1      | 0     ]
  ^^........^.....^^...^....^.^.......................^^........^^ [0      | 396   ]
  ^^........^.....^^...^......^.......................^^........^^ [0      | 22    ]
  ^^........^......^...^..^...^.......................^^........^^ [0      | 1     ]

================================ Violation Traces =============================
                      ##### Input 3 #####

                     ##### Input 0 #####
0x0 : macro .switch, .actor2.function_actor2_0
  rax=0x00007d0a00007d0a rbx=0x0000245f0000245f rcx=0x0000571a0000571a rdx=0x0000505100005051
  rsi=0x000023f4000023f4 rdi=0x0000548800005488 flags=0b100010000110
  xmm0=0x00006f1700006f170000a6c50000a6c5 xmm1=0x0000ad500000ad5000002d7a00002d7a 
  xmm2=0x000066ce000066ce0000391100003911 xmm3=0x00004e7a00004e7a000051d9000051d9 
  xmm4=0x0000454e0000454e0000c0cd0000c0cd xmm5=0x00003bf700003bf70000cdd60000cdd6 
  xmm6=0x00001789000017890000b4af0000b4af xmm7=0x00004aff00004aff0000b6110000b611 

0x3000: add dil, 46
  rax=0x00007d0a00007d0a rbx=0x0000245f0000245f rcx=0x0000571a0000571a rdx=0x0000505100005051
  rsi=0x000023f4000023f4 rdi=0x0000548800005488 flags=0b100010000110
  xmm0=0x00006f1700006f170000a6c50000a6c5 xmm1=0x0000ad500000ad5000002d7a00002d7a 
  xmm2=0x000066ce000066ce0000391100003911 xmm3=0x00004e7a00004e7a000051d9000051d9 
  xmm4=0x0000454e0000454e0000c0cd0000c0cd xmm5=0x00003bf700003bf70000cdd60000cdd6 
  xmm6=0x00001789000017890000b4af0000b4af xmm7=0x00004aff00004aff0000b6110000b611 

0x3004: pushfq 
  rax=0x00007d0a00007d0a rbx=0x0000245f0000245f rcx=0x0000571a0000571a rdx=0x0000505100005051
  rsi=0x000023f4000023f4 rdi=0x00005488000054b6 flags=0b000010010010
  xmm0=0x00006f1700006f170000a6c50000a6c5 xmm1=0x0000ad500000ad5000002d7a00002d7a 
  xmm2=0x000066ce000066ce0000391100003911 xmm3=0x00004e7a00004e7a000051d9000051d9 
  xmm4=0x0000454e0000454e0000c0cd0000c0cd xmm5=0x00003bf700003bf70000cdd60000cdd6 
  xmm6=0x00001789000017890000b4af0000b4af xmm7=0x00004aff00004aff0000b6110000b611 

    > store to +0x4ff0 value 0x92
0x3005: push rax
  rax=0x00007d0a00007d0a rbx=0x0000245f0000245f rcx=0x0000571a0000571a rdx=0x0000505100005051
  rsi=0x000023f4000023f4 rdi=0x00005488000054b6 flags=0b000010010010
  xmm0=0x00006f1700006f170000a6c50000a6c5 xmm1=0x0000ad500000ad5000002d7a00002d7a 
  xmm2=0x000066ce000066ce0000391100003911 xmm3=0x00004e7a00004e7a000051d9000051d9 
  xmm4=0x0000454e0000454e0000c0cd0000c0cd xmm5=0x00003bf700003bf70000cdd60000cdd6 
  xmm6=0x00001789000017890000b4af0000b4af xmm7=0x00004aff00004aff0000b6110000b611 

    > store to +0x4fe8 value 0x7d0a00007d0a
0x3006: push rcx
  rax=0x00007d0a00007d0a rbx=0x0000245f0000245f rcx=0x0000571a0000571a rdx=0x0000505100005051
  rsi=0x000023f4000023f4 rdi=0x00005488000054b6 flags=0b000010010010
  xmm0=0x00006f1700006f170000a6c50000a6c5 xmm1=0x0000ad500000ad5000002d7a00002d7a 
  xmm2=0x000066ce000066ce0000391100003911 xmm3=0x00004e7a00004e7a000051d9000051d9 
  xmm4=0x0000454e0000454e0000c0cd0000c0cd xmm5=0x00003bf700003bf70000cdd60000cdd6 
  xmm6=0x00001789000017890000b4af0000b4af xmm7=0x00004aff00004aff0000b6110000b611 

    > store to +0x4fe0 value 0x571a0000571a
0x3007: push rdx
  rax=0x00007d0a00007d0a rbx=0x0000245f0000245f rcx=0x0000571a0000571a rdx=0x0000505100005051
  rsi=0x000023f4000023f4 rdi=0x00005488000054b6 flags=0b000010010010
  xmm0=0x00006f1700006f170000a6c50000a6c5 xmm1=0x0000ad500000ad5000002d7a00002d7a 
  xmm2=0x000066ce000066ce0000391100003911 xmm3=0x00004e7a00004e7a000051d9000051d9 
  xmm4=0x0000454e0000454e0000c0cd0000c0cd xmm5=0x00003bf700003bf70000cdd60000cdd6 
  xmm6=0x00001789000017890000b4af0000b4af xmm7=0x00004aff00004aff0000b6110000b611 

    > store to +0x4fd8 value 0x505100005051
0x3008: mov ecx, 0x48
  rax=0x00007d0a00007d0a rbx=0x0000245f0000245f rcx=0x0000571a0000571a rdx=0x0000505100005051
  rsi=0x000023f4000023f4 rdi=0x00005488000054b6 flags=0b000010010010
  xmm0=0x00006f1700006f170000a6c50000a6c5 xmm1=0x0000ad500000ad5000002d7a00002d7a 
  xmm2=0x000066ce000066ce0000391100003911 xmm3=0x00004e7a00004e7a000051d9000051d9 
  xmm4=0x0000454e0000454e0000c0cd0000c0cd xmm5=0x00003bf700003bf70000cdd60000cdd6 
  xmm6=0x00001789000017890000b4af0000b4af xmm7=0x00004aff00004aff0000b6110000b611 

0x300d: rdmsr 
  rax=0x00007d0a00007d0a rbx=0x0000245f0000245f rcx=0x0000000000000048 rdx=0x0000505100005051
  rsi=0x000023f4000023f4 rdi=0x00005488000054b6 flags=0b000010010010
  xmm0=0x00006f1700006f170000a6c50000a6c5 xmm1=0x0000ad500000ad5000002d7a00002d7a 
  xmm2=0x000066ce000066ce0000391100003911 xmm3=0x00004e7a00004e7a000051d9000051d9 
  xmm4=0x0000454e0000454e0000c0cd0000c0cd xmm5=0x00003bf700003bf70000cdd60000cdd6 
  xmm6=0x00001789000017890000b4af0000b4af xmm7=0x00004aff00004aff0000b6110000b611 

0x300f: and eax, 0xfffffffb
  rax=0x0000000000000000 rbx=0x0000245f0000245f rcx=0x0000000000000048 rdx=0x0000000000000000
  rsi=0x000023f4000023f4 rdi=0x00005488000054b6 flags=0b000010010010
  xmm0=0x00006f1700006f170000a6c50000a6c5 xmm1=0x0000ad500000ad5000002d7a00002d7a 
  xmm2=0x000066ce000066ce0000391100003911 xmm3=0x00004e7a00004e7a000051d9000051d9 
  xmm4=0x0000454e0000454e0000c0cd0000c0cd xmm5=0x00003bf700003bf70000cdd60000cdd6 
  xmm6=0x00001789000017890000b4af0000b4af xmm7=0x00004aff00004aff0000b6110000b611 

0x3012: or eax, 0x100
  rax=0x0000000000000000 rbx=0x0000245f0000245f rcx=0x0000000000000048 rdx=0x0000000000000000
  rsi=0x000023f4000023f4 rdi=0x00005488000054b6 flags=0b000001000110
  xmm0=0x00006f1700006f170000a6c50000a6c5 xmm1=0x0000ad500000ad5000002d7a00002d7a 
  xmm2=0x000066ce000066ce0000391100003911 xmm3=0x00004e7a00004e7a000051d9000051d9 
  xmm4=0x0000454e0000454e0000c0cd0000c0cd xmm5=0x00003bf700003bf70000cdd60000cdd6 
  xmm6=0x00001789000017890000b4af0000b4af xmm7=0x00004aff00004aff0000b6110000b611 

0x3017: wrmsr 
  rax=0x0000000000000100 rbx=0x0000245f0000245f rcx=0x0000000000000048 rdx=0x0000000000000000
  rsi=0x000023f4000023f4 rdi=0x00005488000054b6 flags=0b000000000110
  xmm0=0x00006f1700006f170000a6c50000a6c5 xmm1=0x0000ad500000ad5000002d7a00002d7a 
  xmm2=0x000066ce000066ce0000391100003911 xmm3=0x00004e7a00004e7a000051d9000051d9 
  xmm4=0x0000454e0000454e0000c0cd0000c0cd xmm5=0x00003bf700003bf70000cdd60000cdd6 
  xmm6=0x00001789000017890000b4af0000b4af xmm7=0x00004aff00004aff0000b6110000b611 

0x3019: mfence 
  rax=0x0000000000000100 rbx=0x0000245f0000245f rcx=0x0000000000000048 rdx=0x0000000000000000
  rsi=0x000023f4000023f4 rdi=0x00005488000054b6 flags=0b000000000110
  xmm0=0x00006f1700006f170000a6c50000a6c5 xmm1=0x0000ad500000ad5000002d7a00002d7a 
  xmm2=0x000066ce000066ce0000391100003911 xmm3=0x00004e7a00004e7a000051d9000051d9 
  xmm4=0x0000454e0000454e0000c0cd0000c0cd xmm5=0x00003bf700003bf70000cdd60000cdd6 
  xmm6=0x00001789000017890000b4af0000b4af xmm7=0x00004aff00004aff0000b6110000b611 

0x301c: lfence 
  rax=0x0000000000000100 rbx=0x0000245f0000245f rcx=0x0000000000000048 rdx=0x0000000000000000
  rsi=0x000023f4000023f4 rdi=0x00005488000054b6 flags=0b000000000110
  xmm0=0x00006f1700006f170000a6c50000a6c5 xmm1=0x0000ad500000ad5000002d7a00002d7a 
  xmm2=0x000066ce000066ce0000391100003911 xmm3=0x00004e7a00004e7a000051d9000051d9 
  xmm4=0x0000454e0000454e0000c0cd0000c0cd xmm5=0x00003bf700003bf70000cdd60000cdd6 
  xmm6=0x00001789000017890000b4af0000b4af xmm7=0x00004aff00004aff0000b6110000b611 

0x301f: macro .measurement_start, .noarg
  rax=0x0000000000000100 rbx=0x0000245f0000245f rcx=0x0000000000000048 rdx=0x0000000000000000
  rsi=0x000023f4000023f4 rdi=0x00005488000054b6 flags=0b000000000110
  xmm0=0x00006f1700006f170000a6c50000a6c5 xmm1=0x0000ad500000ad5000002d7a00002d7a 
  xmm2=0x000066ce000066ce0000391100003911 xmm3=0x00004e7a00004e7a000051d9000051d9 
  xmm4=0x0000454e0000454e0000c0cd0000c0cd xmm5=0x00003bf700003bf70000cdd60000cdd6 
  xmm6=0x00001789000017890000b4af0000b4af xmm7=0x00004aff00004aff0000b6110000b611 

0x3027: mov ecx, 0x48
  rax=0x0000000000000100 rbx=0x0000245f0000245f rcx=0x0000000000000048 rdx=0x0000000000000000
  rsi=0x000023f4000023f4 rdi=0x00005488000054b6 flags=0b000000000110
  xmm0=0x00006f1700006f170000a6c50000a6c5 xmm1=0x0000ad500000ad5000002d7a00002d7a 
  xmm2=0x000066ce000066ce0000391100003911 xmm3=0x00004e7a00004e7a000051d9000051d9 
  xmm4=0x0000454e0000454e0000c0cd0000c0cd xmm5=0x00003bf700003bf70000cdd60000cdd6 
  xmm6=0x00001789000017890000b4af0000b4af xmm7=0x00004aff00004aff0000b6110000b611 

0x302c: rdmsr 
  rax=0x0000000000000100 rbx=0x0000245f0000245f rcx=0x0000000000000048 rdx=0x0000000000000000
  rsi=0x000023f4000023f4 rdi=0x00005488000054b6 flags=0b000000000110
  xmm0=0x00006f1700006f170000a6c50000a6c5 xmm1=0x0000ad500000ad5000002d7a00002d7a 
  xmm2=0x000066ce000066ce0000391100003911 xmm3=0x00004e7a00004e7a000051d9000051d9 
  xmm4=0x0000454e0000454e0000c0cd0000c0cd xmm5=0x00003bf700003bf70000cdd60000cdd6 
  xmm6=0x00001789000017890000b4af0000b4af xmm7=0x00004aff00004aff0000b6110000b611 

0x302e: and eax, 0xfffffffb
  rax=0x0000000000000000 rbx=0x0000245f0000245f rcx=0x0000000000000048 rdx=0x0000000000000000
  rsi=0x000023f4000023f4 rdi=0x00005488000054b6 flags=0b000000000110
  xmm0=0x00006f1700006f170000a6c50000a6c5 xmm1=0x0000ad500000ad5000002d7a00002d7a 
  xmm2=0x000066ce000066ce0000391100003911 xmm3=0x00004e7a00004e7a000051d9000051d9 
  xmm4=0x0000454e0000454e0000c0cd0000c0cd xmm5=0x00003bf700003bf70000cdd60000cdd6 
  xmm6=0x00001789000017890000b4af0000b4af xmm7=0x00004aff00004aff0000b6110000b611 

0x3031: and eax, 0xfffffeff
  rax=0x0000000000000000 rbx=0x0000245f0000245f rcx=0x0000000000000048 rdx=0x0000000000000000
  rsi=0x000023f4000023f4 rdi=0x00005488000054b6 flags=0b000001000110
  xmm0=0x00006f1700006f170000a6c50000a6c5 xmm1=0x0000ad500000ad5000002d7a00002d7a 
  xmm2=0x000066ce000066ce0000391100003911 xmm3=0x00004e7a00004e7a000051d9000051d9 
  xmm4=0x0000454e0000454e0000c0cd0000c0cd xmm5=0x00003bf700003bf70000cdd60000cdd6 
  xmm6=0x00001789000017890000b4af0000b4af xmm7=0x00004aff00004aff0000b6110000b611 

0x3036: wrmsr 
  rax=0x0000000000000000 rbx=0x0000245f0000245f rcx=0x0000000000000048 rdx=0x0000000000000000
  rsi=0x000023f4000023f4 rdi=0x00005488000054b6 flags=0b000001000110
  xmm0=0x00006f1700006f170000a6c50000a6c5 xmm1=0x0000ad500000ad5000002d7a00002d7a 
  xmm2=0x000066ce000066ce0000391100003911 xmm3=0x00004e7a00004e7a000051d9000051d9 
  xmm4=0x0000454e0000454e0000c0cd0000c0cd xmm5=0x00003bf700003bf70000cdd60000cdd6 
  xmm6=0x00001789000017890000b4af0000b4af xmm7=0x00004aff00004aff0000b6110000b611 

0x3038: mfence 
  rax=0x0000000000000000 rbx=0x0000245f0000245f rcx=0x0000000000000048 rdx=0x0000000000000000
  rsi=0x000023f4000023f4 rdi=0x00005488000054b6 flags=0b000001000110
  xmm0=0x00006f1700006f170000a6c50000a6c5 xmm1=0x0000ad500000ad5000002d7a00002d7a 
  xmm2=0x000066ce000066ce0000391100003911 xmm3=0x00004e7a00004e7a000051d9000051d9 
  xmm4=0x0000454e0000454e0000c0cd0000c0cd xmm5=0x00003bf700003bf70000cdd60000cdd6 
  xmm6=0x00001789000017890000b4af0000b4af xmm7=0x00004aff00004aff0000b6110000b611 

0x303b: lfence 
  rax=0x0000000000000000 rbx=0x0000245f0000245f rcx=0x0000000000000048 rdx=0x0000000000000000
  rsi=0x000023f4000023f4 rdi=0x00005488000054b6 flags=0b000001000110
  xmm0=0x00006f1700006f170000a6c50000a6c5 xmm1=0x0000ad500000ad5000002d7a00002d7a 
  xmm2=0x000066ce000066ce0000391100003911 xmm3=0x00004e7a00004e7a000051d9000051d9 
  xmm4=0x0000454e0000454e0000c0cd0000c0cd xmm5=0x00003bf700003bf70000cdd60000cdd6 
  xmm6=0x00001789000017890000b4af0000b4af xmm7=0x00004aff00004aff0000b6110000b611 

0x303e: pop rdx
  rax=0x0000000000000000 rbx=0x0000245f0000245f rcx=0x0000000000000048 rdx=0x0000000000000000
  rsi=0x000023f4000023f4 rdi=0x00005488000054b6 flags=0b000001000110
  xmm0=0x00006f1700006f170000a6c50000a6c5 xmm1=0x0000ad500000ad5000002d7a00002d7a 
  xmm2=0x000066ce000066ce0000391100003911 xmm3=0x00004e7a00004e7a000051d9000051d9 
  xmm4=0x0000454e0000454e0000c0cd0000c0cd xmm5=0x00003bf700003bf70000cdd60000cdd6 
  xmm6=0x00001789000017890000b4af0000b4af xmm7=0x00004aff00004aff0000b6110000b611 

    > load from +0x4fd8 value 0x505100005051
0x303f: pop rcx
  rax=0x0000000000000000 rbx=0x0000245f0000245f rcx=0x0000000000000048 rdx=0x0000505100005051
  rsi=0x000023f4000023f4 rdi=0x00005488000054b6 flags=0b000001000110
  xmm0=0x00006f1700006f170000a6c50000a6c5 xmm1=0x0000ad500000ad5000002d7a00002d7a 
  xmm2=0x000066ce000066ce0000391100003911 xmm3=0x00004e7a00004e7a000051d9000051d9 
  xmm4=0x0000454e0000454e0000c0cd0000c0cd xmm5=0x00003bf700003bf70000cdd60000cdd6 
  xmm6=0x00001789000017890000b4af0000b4af xmm7=0x00004aff00004aff0000b6110000b611 

    > load from +0x4fe0 value 0x571a0000571a
0x3040: pop rax
  rax=0x0000000000000000 rbx=0x0000245f0000245f rcx=0x0000571a0000571a rdx=0x0000505100005051
  rsi=0x000023f4000023f4 rdi=0x00005488000054b6 flags=0b000001000110
  xmm0=0x00006f1700006f170000a6c50000a6c5 xmm1=0x0000ad500000ad5000002d7a00002d7a 
  xmm2=0x000066ce000066ce0000391100003911 xmm3=0x00004e7a00004e7a000051d9000051d9 
  xmm4=0x0000454e0000454e0000c0cd0000c0cd xmm5=0x00003bf700003bf70000cdd60000cdd6 
  xmm6=0x00001789000017890000b4af0000b4af xmm7=0x00004aff00004aff0000b6110000b611 

    > load from +0x4fe8 value 0x7d0a00007d0a
0x3041: popfq 
  rax=0x00007d0a00007d0a rbx=0x0000245f0000245f rcx=0x0000571a0000571a rdx=0x0000505100005051
  rsi=0x000023f4000023f4 rdi=0x00005488000054b6 flags=0b000001000110
  xmm0=0x00006f1700006f170000a6c50000a6c5 xmm1=0x0000ad500000ad5000002d7a00002d7a 
  xmm2=0x000066ce000066ce0000391100003911 xmm3=0x00004e7a00004e7a000051d9000051d9 
  xmm4=0x0000454e0000454e0000c0cd0000c0cd xmm5=0x00003bf700003bf70000cdd60000cdd6 
  xmm6=0x00001789000017890000b4af0000b4af xmm7=0x00004aff00004aff0000b6110000b611 

    > load from +0x4ff0 value 0x92
0x3042: and rdi, 0b1111111111111
  rax=0x00007d0a00007d0a rbx=0x0000245f0000245f rcx=0x0000571a0000571a rdx=0x0000505100005051
  rsi=0x000023f4000023f4 rdi=0x00005488000054b6 flags=0b000010010010
  xmm0=0x00006f1700006f170000a6c50000a6c5 xmm1=0x0000ad500000ad5000002d7a00002d7a 
  xmm2=0x000066ce000066ce0000391100003911 xmm3=0x00004e7a00004e7a000051d9000051d9 
  xmm4=0x0000454e0000454e0000c0cd0000c0cd xmm5=0x00003bf700003bf70000cdd60000cdd6 
  xmm6=0x00001789000017890000b4af0000b4af xmm7=0x00004aff00004aff0000b6110000b611 

0x3049: adc rax, rdi
  rax=0x00007d0a00007d0a rbx=0x0000245f0000245f rcx=0x0000571a0000571a rdx=0x0000505100005051
  rsi=0x000023f4000023f4 rdi=0x00000000000014b6 flags=0b000000000010
  xmm0=0x00006f1700006f170000a6c50000a6c5 xmm1=0x0000ad500000ad5000002d7a00002d7a 
  xmm2=0x000066ce000066ce0000391100003911 xmm3=0x00004e7a00004e7a000051d9000051d9 
  xmm4=0x0000454e0000454e0000c0cd0000c0cd xmm5=0x00003bf700003bf70000cdd60000cdd6 
  xmm6=0x00001789000017890000b4af0000b4af xmm7=0x00004aff00004aff0000b6110000b611 

0x304c: and rbx, 0b1111111111111
  rax=0x00007d0a000091c0 rbx=0x0000245f0000245f rcx=0x0000571a0000571a rdx=0x0000505100005051
  rsi=0x000023f4000023f4 rdi=0x00000000000014b6 flags=0b000000010110
  xmm0=0x00006f1700006f170000a6c50000a6c5 xmm1=0x0000ad500000ad5000002d7a00002d7a 
  xmm2=0x000066ce000066ce0000391100003911 xmm3=0x00004e7a00004e7a000051d9000051d9 
  xmm4=0x0000454e0000454e0000c0cd0000c0cd xmm5=0x00003bf700003bf70000cdd60000cdd6 
  xmm6=0x00001789000017890000b4af0000b4af xmm7=0x00004aff00004aff0000b6110000b611 

0x3053: movsxd rbx, [r14 +rbx]
  rax=0x00007d0a000091c0 rbx=0x000000000000045f rcx=0x0000571a0000571a rdx=0x0000505100005051
  rsi=0x000023f4000023f4 rdi=0x00000000000014b6 flags=0b000000000110
  xmm0=0x00006f1700006f170000a6c50000a6c5 xmm1=0x0000ad500000ad5000002d7a00002d7a 
  xmm2=0x000066ce000066ce0000391100003911 xmm3=0x00004e7a00004e7a000051d9000051d9 
  xmm4=0x0000454e0000454e0000c0cd0000c0cd xmm5=0x00003bf700003bf70000cdd60000cdd6 
  xmm6=0x00001789000017890000b4af0000b4af xmm7=0x00004aff00004aff0000b6110000b611 

    > load from +0x445f value 0x2e7d00
0x3057: and rdx, 0b1111111111111
  rax=0x00007d0a000091c0 rbx=0x00000000002e7d00 rcx=0x0000571a0000571a rdx=0x0000505100005051
  rsi=0x000023f4000023f4 rdi=0x00000000000014b6 flags=0b000000000110
  xmm0=0x00006f1700006f170000a6c50000a6c5 xmm1=0x0000ad500000ad5000002d7a00002d7a 
  xmm2=0x000066ce000066ce0000391100003911 xmm3=0x00004e7a00004e7a000051d9000051d9 
  xmm4=0x0000454e0000454e0000c0cd0000c0cd xmm5=0x00003bf700003bf70000cdd60000cdd6 
  xmm6=0x00001789000017890000b4af0000b4af xmm7=0x00004aff00004aff0000b6110000b611 

0x305e: mov al, [r14 +rdx]
  rax=0x00007d0a000091c0 rbx=0x00000000002e7d00 rcx=0x0000571a0000571a rdx=0x0000000000001051
  rsi=0x000023f4000023f4 rdi=0x00000000000014b6 flags=0b000000000010
  xmm0=0x00006f1700006f170000a6c50000a6c5 xmm1=0x0000ad500000ad5000002d7a00002d7a 
  xmm2=0x000066ce000066ce0000391100003911 xmm3=0x00004e7a00004e7a000051d9000051d9 
  xmm4=0x0000454e0000454e0000c0cd0000c0cd xmm5=0x00003bf700003bf70000cdd60000cdd6 
  xmm6=0x00001789000017890000b4af0000b4af xmm7=0x00004aff00004aff0000b6110000b611 

    > load from +0x5051 value 0x8a
0x3062: add eax, esi
  rax=0x00007d0a0000918a rbx=0x00000000002e7d00 rcx=0x0000571a0000571a rdx=0x0000000000001051
  rsi=0x000023f4000023f4 rdi=0x00000000000014b6 flags=0b000000000010
  xmm0=0x00006f1700006f170000a6c50000a6c5 xmm1=0x0000ad500000ad5000002d7a00002d7a 
  xmm2=0x000066ce000066ce0000391100003911 xmm3=0x00004e7a00004e7a000051d9000051d9 
  xmm4=0x0000454e0000454e0000c0cd0000c0cd xmm5=0x00003bf700003bf70000cdd60000cdd6 
  xmm6=0x00001789000017890000b4af0000b4af xmm7=0x00004aff00004aff0000b6110000b611 

0x3064: and rbx, 0b1111111111111
  rax=0x000000000000b57e rbx=0x00000000002e7d00 rcx=0x0000571a0000571a rdx=0x0000000000001051
  rsi=0x000023f4000023f4 rdi=0x00000000000014b6 flags=0b000000000110
  xmm0=0x00006f1700006f170000a6c50000a6c5 xmm1=0x0000ad500000ad5000002d7a00002d7a 
  xmm2=0x000066ce000066ce0000391100003911 xmm3=0x00004e7a00004e7a000051d9000051d9 
  xmm4=0x0000454e0000454e0000c0cd0000c0cd xmm5=0x00003bf700003bf70000cdd60000cdd6 
  xmm6=0x00001789000017890000b4af0000b4af xmm7=0x00004aff00004aff0000b6110000b611 

0x306b: imul [r14 +rbx]
  rax=0x000000000000b57e rbx=0x0000000000001d00 rcx=0x0000571a0000571a rdx=0x0000000000001051
  rsi=0x000023f4000023f4 rdi=0x00000000000014b6 flags=0b000000000110
  xmm0=0x00006f1700006f170000a6c50000a6c5 xmm1=0x0000ad500000ad5000002d7a00002d7a 
  xmm2=0x000066ce000066ce0000391100003911 xmm3=0x00004e7a00004e7a000051d9000051d9 
  xmm4=0x0000454e0000454e0000c0cd0000c0cd xmm5=0x00003bf700003bf70000cdd60000cdd6 
  xmm6=0x00001789000017890000b4af0000b4af xmm7=0x00004aff00004aff0000b6110000b611 

    > load from +0x5d00 value 0x93f
0x3070: add sil, 27
  rax=0x0000000000001802 rbx=0x0000000000001d00 rcx=0x0000571a0000571a rdx=0x000000000000fd4f
  rsi=0x000023f4000023f4 rdi=0x00000000000014b6 flags=0b100000000011
  xmm0=0x00006f1700006f170000a6c50000a6c5 xmm1=0x0000ad500000ad5000002d7a00002d7a 
  xmm2=0x000066ce000066ce0000391100003911 xmm3=0x00004e7a00004e7a000051d9000051d9 
  xmm4=0x0000454e0000454e0000c0cd0000c0cd xmm5=0x00003bf700003bf70000cdd60000cdd6 
  xmm6=0x00001789000017890000b4af0000b4af xmm7=0x00004aff00004aff0000b6110000b611 

0x3074: and rcx, 0b1111111111111
  rax=0x0000000000001802 rbx=0x0000000000001d00 rcx=0x0000571a0000571a rdx=0x000000000000fd4f
  rsi=0x000023f40000230f rdi=0x00000000000014b6 flags=0b000000000111
  xmm0=0x00006f1700006f170000a6c50000a6c5 xmm1=0x0000ad500000ad5000002d7a00002d7a 
  xmm2=0x000066ce000066ce0000391100003911 xmm3=0x00004e7a00004e7a000051d9000051d9 
  xmm4=0x0000454e0000454e0000c0cd0000c0cd xmm5=0x00003bf700003bf70000cdd60000cdd6 
  xmm6=0x00001789000017890000b4af0000b4af xmm7=0x00004aff00004aff0000b6110000b611 

0x307b: cmovnp ecx, [r14 +rcx]
  rax=0x0000000000001802 rbx=0x0000000000001d00 rcx=0x000000000000171a rdx=0x000000000000fd4f
  rsi=0x000023f40000230f rdi=0x00000000000014b6 flags=0b000000000010
  xmm0=0x00006f1700006f170000a6c50000a6c5 xmm1=0x0000ad500000ad5000002d7a00002d7a 
  xmm2=0x000066ce000066ce0000391100003911 xmm3=0x00004e7a00004e7a000051d9000051d9 
  xmm4=0x0000454e0000454e0000c0cd0000c0cd xmm5=0x00003bf700003bf70000cdd60000cdd6 
  xmm6=0x00001789000017890000b4af0000b4af xmm7=0x00004aff00004aff0000b6110000b611 

    > load from +0x571a value 0xc0570000
0x3080: or rbx, 0b1000000000000000000000000000000
  rax=0x0000000000001802 rbx=0x0000000000001d00 rcx=0x00000000c0570000 rdx=0x000000000000fd4f
  rsi=0x000023f40000230f rdi=0x00000000000014b6 flags=0b000000000010
  xmm0=0x00006f1700006f170000a6c50000a6c5 xmm1=0x0000ad500000ad5000002d7a00002d7a 
  xmm2=0x000066ce000066ce0000391100003911 xmm3=0x00004e7a00004e7a000051d9000051d9 
  xmm4=0x0000454e0000454e0000c0cd0000c0cd xmm5=0x00003bf700003bf70000cdd60000cdd6 
  xmm6=0x00001789000017890000b4af0000b4af xmm7=0x00004aff00004aff0000b6110000b611 

0x3087: bsr rbx, rbx
  rax=0x0000000000001802 rbx=0x0000000040001d00 rcx=0x00000000c0570000 rdx=0x000000000000fd4f
  rsi=0x000023f40000230f rdi=0x00000000000014b6 flags=0b000000000110
  xmm0=0x00006f1700006f170000a6c50000a6c5 xmm1=0x0000ad500000ad5000002d7a00002d7a 
  xmm2=0x000066ce000066ce0000391100003911 xmm3=0x00004e7a00004e7a000051d9000051d9 
  xmm4=0x0000454e0000454e0000c0cd0000c0cd xmm5=0x00003bf700003bf70000cdd60000cdd6 
  xmm6=0x00001789000017890000b4af0000b4af xmm7=0x00004aff00004aff0000b6110000b611 

0x308b: and rdx, 0b1111111111111
  rax=0x0000000000001802 rbx=0x000000000000001e rcx=0x00000000c0570000 rdx=0x000000000000fd4f
  rsi=0x000023f40000230f rdi=0x00000000000014b6 flags=0b000000000110
  xmm0=0x00006f1700006f170000a6c50000a6c5 xmm1=0x0000ad500000ad5000002d7a00002d7a 
  xmm2=0x000066ce000066ce0000391100003911 xmm3=0x00004e7a00004e7a000051d9000051d9 
  xmm4=0x0000454e0000454e0000c0cd0000c0cd xmm5=0x00003bf700003bf70000cdd60000cdd6 
  xmm6=0x00001789000017890000b4af0000b4af xmm7=0x00004aff00004aff0000b6110000b611 

0x3092: and rax, [r14 +rdx]
  rax=0x0000000000001802 rbx=0x000000000000001e rcx=0x00000000c0570000 rdx=0x0000000000001d4f
  rsi=0x000023f40000230f rdi=0x00000000000014b6 flags=0b000000000010
  xmm0=0x00006f1700006f170000a6c50000a6c5 xmm1=0x0000ad500000ad5000002d7a00002d7a 
  xmm2=0x000066ce000066ce0000391100003911 xmm3=0x00004e7a00004e7a000051d9000051d9 
  xmm4=0x0000454e0000454e0000c0cd0000c0cd xmm5=0x00003bf700003bf70000cdd60000cdd6 
  xmm6=0x00001789000017890000b4af0000b4af xmm7=0x00004aff00004aff0000b6110000b611 

    > load from +0x5d4f value 0x7b3000007b300
0x3096: and rax, 0b1111111111111
  rax=0x0000000000001000 rbx=0x000000000000001e rcx=0x00000000c0570000 rdx=0x0000000000001d4f
  rsi=0x000023f40000230f rdi=0x00000000000014b6 flags=0b000000000110
  xmm0=0x00006f1700006f170000a6c50000a6c5 xmm1=0x0000ad500000ad5000002d7a00002d7a 
  xmm2=0x000066ce000066ce0000391100003911 xmm3=0x00004e7a00004e7a000051d9000051d9 
  xmm4=0x0000454e0000454e0000c0cd0000c0cd xmm5=0x00003bf700003bf70000cdd60000cdd6 
  xmm6=0x00001789000017890000b4af0000b4af xmm7=0x00004aff00004aff0000b6110000b611 

0x309c: or [r14 +rax], 0b1000000000000000000000000000000
  rax=0x0000000000001000 rbx=0x000000000000001e rcx=0x00000000c0570000 rdx=0x0000000000001d4f
  rsi=0x000023f40000230f rdi=0x00000000000014b6 flags=0b000000000110
  xmm0=0x00006f1700006f170000a6c50000a6c5 xmm1=0x0000ad500000ad5000002d7a00002d7a 
  xmm2=0x000066ce000066ce0000391100003911 xmm3=0x00004e7a00004e7a000051d9000051d9 
  xmm4=0x0000454e0000454e0000c0cd0000c0cd xmm5=0x00003bf700003bf70000cdd60000cdd6 
  xmm6=0x00001789000017890000b4af0000b4af xmm7=0x00004aff00004aff0000b6110000b611 

    > load from +0x5000 value 0x828400008284
    > store to +0x5000 value 0x828440008284
0x30a4: bsf rdi, [r14 +rax]
  rax=0x0000000000001000 rbx=0x000000000000001e rcx=0x00000000c0570000 rdx=0x0000000000001d4f
  rsi=0x000023f40000230f rdi=0x00000000000014b6 flags=0b000000000110
  xmm0=0x00006f1700006f170000a6c50000a6c5 xmm1=0x0000ad500000ad5000002d7a00002d7a 
  xmm2=0x000066ce000066ce0000391100003911 xmm3=0x00004e7a00004e7a000051d9000051d9 
  xmm4=0x0000454e0000454e0000c0cd0000c0cd xmm5=0x00003bf700003bf70000cdd60000cdd6 
  xmm6=0x00001789000017890000b4af0000b4af xmm7=0x00004aff00004aff0000b6110000b611 

    > load from +0x5000 value 0x828440008284
0x30a9: and rbx, 0b1111111111111
  rax=0x0000000000001000 rbx=0x000000000000001e rcx=0x00000000c0570000 rdx=0x0000000000001d4f
  rsi=0x000023f40000230f rdi=0x0000000000000002 flags=0b000000000110
  xmm0=0x00006f1700006f170000a6c50000a6c5 xmm1=0x0000ad500000ad5000002d7a00002d7a 
  xmm2=0x000066ce000066ce0000391100003911 xmm3=0x00004e7a00004e7a000051d9000051d9 
  xmm4=0x0000454e0000454e0000c0cd0000c0cd xmm5=0x00003bf700003bf70000cdd60000cdd6 
  xmm6=0x00001789000017890000b4af0000b4af xmm7=0x00004aff00004aff0000b6110000b611 

0x30b0: mov rdx, [r14 +rbx]
  rax=0x0000000000001000 rbx=0x000000000000001e rcx=0x00000000c0570000 rdx=0x0000000000001d4f
  rsi=0x000023f40000230f rdi=0x0000000000000002 flags=0b000000000110
  xmm0=0x00006f1700006f170000a6c50000a6c5 xmm1=0x0000ad500000ad5000002d7a00002d7a 
  xmm2=0x000066ce000066ce0000391100003911 xmm3=0x00004e7a00004e7a000051d9000051d9 
  xmm4=0x0000454e0000454e0000c0cd0000c0cd xmm5=0x00003bf700003bf70000cdd60000cdd6 
  xmm6=0x00001789000017890000b4af0000b4af xmm7=0x00004aff00004aff0000b6110000b611 

    > load from +0x401e value 0x91e1000091e10000
0x30b4: and rdi, 0b1111111111111
  rax=0x0000000000001000 rbx=0x000000000000001e rcx=0x00000000c0570000 rdx=0x91e1000091e10000
  rsi=0x000023f40000230f rdi=0x0000000000000002 flags=0b000000000110
  xmm0=0x00006f1700006f170000a6c50000a6c5 xmm1=0x0000ad500000ad5000002d7a00002d7a 
  xmm2=0x000066ce000066ce0000391100003911 xmm3=0x00004e7a00004e7a000051d9000051d9 
  xmm4=0x0000454e0000454e0000c0cd0000c0cd xmm5=0x00003bf700003bf70000cdd60000cdd6 
  xmm6=0x00001789000017890000b4af0000b4af xmm7=0x00004aff00004aff0000b6110000b611 

0x30bb: or [r14 +rdi], 1
  rax=0x0000000000001000 rbx=0x000000000000001e rcx=0x00000000c0570000 rdx=0x91e1000091e10000
  rsi=0x000023f40000230f rdi=0x0000000000000002 flags=0b000000000010
  xmm0=0x00006f1700006f170000a6c50000a6c5 xmm1=0x0000ad500000ad5000002d7a00002d7a 
  xmm2=0x000066ce000066ce0000391100003911 xmm3=0x00004e7a00004e7a000051d9000051d9 
  xmm4=0x0000454e0000454e0000c0cd0000c0cd xmm5=0x00003bf700003bf70000cdd60000cdd6 
  xmm6=0x00001789000017890000b4af0000b4af xmm7=0x00004aff00004aff0000b6110000b611 

    > load from +0x4002 value 0x755b0000
    > store to +0x4002 value 0x755b0001
0x30c0: and edx, [r14 +rdi]
  rax=0x0000000000001000 rbx=0x000000000000001e rcx=0x00000000c0570000 rdx=0x91e1000091e10000
  rsi=0x000023f40000230f rdi=0x0000000000000002 flags=0b000000000010
  xmm0=0x00006f1700006f170000a6c50000a6c5 xmm1=0x0000ad500000ad5000002d7a00002d7a 
  xmm2=0x000066ce000066ce0000391100003911 xmm3=0x00004e7a00004e7a000051d9000051d9 
  xmm4=0x0000454e0000454e0000c0cd0000c0cd xmm5=0x00003bf700003bf70000cdd60000cdd6 
  xmm6=0x00001789000017890000b4af0000b4af xmm7=0x00004aff00004aff0000b6110000b611 

    > load from +0x4002 value 0x755b0001
0x30c4: shr edx, 1
  rax=0x0000000000001000 rbx=0x000000000000001e rcx=0x00000000c0570000 rdx=0x0000000011410000
  rsi=0x000023f40000230f rdi=0x0000000000000002 flags=0b000000000110
  xmm0=0x00006f1700006f170000a6c50000a6c5 xmm1=0x0000ad500000ad5000002d7a00002d7a 
  xmm2=0x000066ce000066ce0000391100003911 xmm3=0x00004e7a00004e7a000051d9000051d9 
  xmm4=0x0000454e0000454e0000c0cd0000c0cd xmm5=0x00003bf700003bf70000cdd60000cdd6 
  xmm6=0x00001789000017890000b4af0000b4af xmm7=0x00004aff00004aff0000b6110000b611 

0x30c6: div [r14 +rdi]
  rax=0x0000000000001000 rbx=0x000000000000001e rcx=0x00000000c0570000 rdx=0x0000000008a08000
  rsi=0x000023f40000230f rdi=0x0000000000000002 flags=0b000000000110
  xmm0=0x00006f1700006f170000a6c50000a6c5 xmm1=0x0000ad500000ad5000002d7a00002d7a 
  xmm2=0x000066ce000066ce0000391100003911 xmm3=0x00004e7a00004e7a000051d9000051d9 
  xmm4=0x0000454e0000454e0000c0cd0000c0cd xmm5=0x00003bf700003bf70000cdd60000cdd6 
  xmm6=0x00001789000017890000b4af0000b4af xmm7=0x00004aff00004aff0000b6110000b611 

    > load from +0x4002 value 0x755b0001
0x30ca: and rcx, 0b1111111111111
  rax=0x0000000012d1a2f7 rbx=0x000000000000001e rcx=0x00000000c0570000 rdx=0x000000001c616d09
  rsi=0x000023f40000230f rdi=0x0000000000000002 flags=0b000000000110
  xmm0=0x00006f1700006f170000a6c50000a6c5 xmm1=0x0000ad500000ad5000002d7a00002d7a 
  xmm2=0x000066ce000066ce0000391100003911 xmm3=0x00004e7a00004e7a000051d9000051d9 
  xmm4=0x0000454e0000454e0000c0cd0000c0cd xmm5=0x00003bf700003bf70000cdd60000cdd6 
  xmm6=0x00001789000017890000b4af0000b4af xmm7=0x00004aff00004aff0000b6110000b611 

0x30d1: add dil, 60
  rax=0x0000000012d1a2f7 rbx=0x000000000000001e rcx=0x0000000000000000 rdx=0x000000001c616d09
  rsi=0x000023f40000230f rdi=0x0000000000000002 flags=0b000001000110
  xmm0=0x00006f1700006f170000a6c50000a6c5 xmm1=0x0000ad500000ad5000002d7a00002d7a 
  xmm2=0x000066ce000066ce0000391100003911 xmm3=0x00004e7a00004e7a000051d9000051d9 
  xmm4=0x0000454e0000454e0000c0cd0000c0cd xmm5=0x00003bf700003bf70000cdd60000cdd6 
  xmm6=0x00001789000017890000b4af0000b4af xmm7=0x00004aff00004aff0000b6110000b611 

0x30d5: and rdi, 0b1111111111111
  rax=0x0000000012d1a2f7 rbx=0x000000000000001e rcx=0x0000000000000000 rdx=0x000000001c616d09
  rsi=0x000023f40000230f rdi=0x000000000000003e flags=0b000000000010
  xmm0=0x00006f1700006f170000a6c50000a6c5 xmm1=0x0000ad500000ad5000002d7a00002d7a 
  xmm2=0x000066ce000066ce0000391100003911 xmm3=0x00004e7a00004e7a000051d9000051d9 
  xmm4=0x0000454e0000454e0000c0cd0000c0cd xmm5=0x00003bf700003bf70000cdd60000cdd6 
  xmm6=0x00001789000017890000b4af0000b4af xmm7=0x00004aff00004aff0000b6110000b611 

0x30dc: cwd 
  rax=0x0000000012d1a2f7 rbx=0x000000000000001e rcx=0x0000000000000000 rdx=0x000000001c616d09
  rsi=0x000023f40000230f rdi=0x000000000000003e flags=0b000000000010
  xmm0=0x00006f1700006f170000a6c50000a6c5 xmm1=0x0000ad500000ad5000002d7a00002d7a 
  xmm2=0x000066ce000066ce0000391100003911 xmm3=0x00004e7a00004e7a000051d9000051d9 
  xmm4=0x0000454e0000454e0000c0cd0000c0cd xmm5=0x00003bf700003bf70000cdd60000cdd6 
  xmm6=0x00001789000017890000b4af0000b4af xmm7=0x00004aff00004aff0000b6110000b611 

0x30de: and rdx, 0b1111111111111
  rax=0x0000000012d1a2f7 rbx=0x000000000000001e rcx=0x0000000000000000 rdx=0x000000001c61ffff
  rsi=0x000023f40000230f rdi=0x000000000000003e flags=0b000000000010
  xmm0=0x00006f1700006f170000a6c50000a6c5 xmm1=0x0000ad500000ad5000002d7a00002d7a 
  xmm2=0x000066ce000066ce0000391100003911 xmm3=0x00004e7a00004e7a000051d9000051d9 
  xmm4=0x0000454e0000454e0000c0cd0000c0cd xmm5=0x00003bf700003bf70000cdd60000cdd6 
  xmm6=0x00001789000017890000b4af0000b4af xmm7=0x00004aff00004aff0000b6110000b611 

0x30e5: cmovno rdx, [r14 +rdx]
  rax=0x0000000012d1a2f7 rbx=0x000000000000001e rcx=0x0000000000000000 rdx=0x0000000000001fff
  rsi=0x000023f40000230f rdi=0x000000000000003e flags=0b000000000110
  xmm0=0x00006f1700006f170000a6c50000a6c5 xmm1=0x0000ad500000ad5000002d7a00002d7a 
  xmm2=0x000066ce000066ce0000391100003911 xmm3=0x00004e7a00004e7a000051d9000051d9 
  xmm4=0x0000454e0000454e0000c0cd0000c0cd xmm5=0x00003bf700003bf70000cdd60000cdd6 
  xmm6=0x00001789000017890000b4af0000b4af xmm7=0x00004aff00004aff0000b6110000b611 

    > load from +0x5fff value 0xfd400000fd4000
0x30ea: and rdx, 0b1111111111111
  rax=0x0000000012d1a2f7 rbx=0x000000000000001e rcx=0x0000000000000000 rdx=0x00fd400000fd4000
  rsi=0x000023f40000230f rdi=0x000000000000003e flags=0b000000000110
  xmm0=0x00006f1700006f170000a6c50000a6c5 xmm1=0x0000ad500000ad5000002d7a00002d7a 
  xmm2=0x000066ce000066ce0000391100003911 xmm3=0x00004e7a00004e7a000051d9000051d9 
  xmm4=0x0000454e0000454e0000c0cd0000c0cd xmm5=0x00003bf700003bf70000cdd60000cdd6 
  xmm6=0x00001789000017890000b4af0000b4af xmm7=0x00004aff00004aff0000b6110000b611 

0x30f1: or [r14 +rdx], 0b1000
  rax=0x0000000012d1a2f7 rbx=0x000000000000001e rcx=0x0000000000000000 rdx=0x0000000000000000
  rsi=0x000023f40000230f rdi=0x000000000000003e flags=0b000001000110
  xmm0=0x00006f1700006f170000a6c50000a6c5 xmm1=0x0000ad500000ad5000002d7a00002d7a 
  xmm2=0x000066ce000066ce0000391100003911 xmm3=0x00004e7a00004e7a000051d9000051d9 
  xmm4=0x0000454e0000454e0000c0cd0000c0cd xmm5=0x00003bf700003bf70000cdd60000cdd6 
  xmm6=0x00001789000017890000b4af0000b4af xmm7=0x00004aff00004aff0000b6110000b611 

    > load from +0x4000 value 0x1755b
    > store to +0x4000 value 0x1755b
0x30f6: and [r14 +rdx], 0b11111000
  rax=0x0000000012d1a2f7 rbx=0x000000000000001e rcx=0x0000000000000000 rdx=0x0000000000000000
  rsi=0x000023f40000230f rdi=0x000000000000003e flags=0b000000000010
  xmm0=0x00006f1700006f170000a6c50000a6c5 xmm1=0x0000ad500000ad5000002d7a00002d7a 
  xmm2=0x000066ce000066ce0000391100003911 xmm3=0x00004e7a00004e7a000051d9000051d9 
  xmm4=0x0000454e0000454e0000c0cd0000c0cd xmm5=0x00003bf700003bf70000cdd60000cdd6 
  xmm6=0x00001789000017890000b4af0000b4af xmm7=0x00004aff00004aff0000b6110000b611 

    > load from +0x4000 value 0x5b
    > store to +0x4000 value 0x58
0x30fb: add dil, 43
  rax=0x0000000012d1a2f7 rbx=0x000000000000001e rcx=0x0000000000000000 rdx=0x0000000000000000
  rsi=0x000023f40000230f rdi=0x000000000000003e flags=0b000000000010
  xmm0=0x00006f1700006f170000a6c50000a6c5 xmm1=0x0000ad500000ad5000002d7a00002d7a 
  xmm2=0x000066ce000066ce0000391100003911 xmm3=0x00004e7a00004e7a000051d9000051d9 
  xmm4=0x0000454e0000454e0000c0cd0000c0cd xmm5=0x00003bf700003bf70000cdd60000cdd6 
  xmm6=0x00001789000017890000b4af0000b4af xmm7=0x00004aff00004aff0000b6110000b611 

0x30ff: and rcx, 0b1111111111111
  rax=0x0000000012d1a2f7 rbx=0x000000000000001e rcx=0x0000000000000000 rdx=0x0000000000000000
  rsi=0x000023f40000230f rdi=0x0000000000000069 flags=0b000000010110
  xmm0=0x00006f1700006f170000a6c50000a6c5 xmm1=0x0000ad500000ad5000002d7a00002d7a 
  xmm2=0x000066ce000066ce0000391100003911 xmm3=0x00004e7a00004e7a000051d9000051d9 
  xmm4=0x0000454e0000454e0000c0cd0000c0cd xmm5=0x00003bf700003bf70000cdd60000cdd6 
  xmm6=0x00001789000017890000b4af0000b4af xmm7=0x00004aff00004aff0000b6110000b611 

0x3106: cmovle esi, [r14 +rcx]
  rax=0x0000000012d1a2f7 rbx=0x000000000000001e rcx=0x0000000000000000 rdx=0x0000000000000000
  rsi=0x000023f40000230f rdi=0x0000000000000069 flags=0b000001000110
  xmm0=0x00006f1700006f170000a6c50000a6c5 xmm1=0x0000ad500000ad5000002d7a00002d7a 
  xmm2=0x000066ce000066ce0000391100003911 xmm3=0x00004e7a00004e7a000051d9000051d9 
  xmm4=0x0000454e0000454e0000c0cd0000c0cd xmm5=0x00003bf700003bf70000cdd60000cdd6 
  xmm6=0x00001789000017890000b4af0000b4af xmm7=0x00004aff00004aff0000b6110000b611 

    > load from +0x4000 value 0x17558
0x310b: macro .switch, .main.function_main_1
  rax=0x0000000012d1a2f7 rbx=0x000000000000001e rcx=0x0000000000000000 rdx=0x0000000000000000
  rsi=0x0000000000017558 rdi=0x0000000000000069 flags=0b000001000110
  xmm0=0x00006f1700006f170000a6c50000a6c5 xmm1=0x0000ad500000ad5000002d7a00002d7a 
  xmm2=0x000066ce000066ce0000391100003911 xmm3=0x00004e7a00004e7a000051d9000051d9 
  xmm4=0x0000454e0000454e0000c0cd0000c0cd xmm5=0x00003bf700003bf70000cdd60000cdd6 
  xmm6=0x00001789000017890000b4af0000b4af xmm7=0x00004aff00004aff0000b6110000b611 

0x8 : and rsi, 0b1111111111111
  rax=0x0000000012d1a2f7 rbx=0x000000000000001e rcx=0x0000000000000000 rdx=0x0000000000000000
  rsi=0x0000000000017558 rdi=0x0000000000000069 flags=0b000001000110
  xmm0=0x00006f1700006f170000a6c50000a6c5 xmm1=0x0000ad500000ad5000002d7a00002d7a 
  xmm2=0x000066ce000066ce0000391100003911 xmm3=0x00004e7a00004e7a000051d9000051d9 
  xmm4=0x0000454e0000454e0000c0cd0000c0cd xmm5=0x00003bf700003bf70000cdd60000cdd6 
  xmm6=0x00001789000017890000b4af0000b4af xmm7=0x00004aff00004aff0000b6110000b611 

0xf : cmovnl rsi, [r14 +rsi]
  rax=0x0000000012d1a2f7 rbx=0x000000000000001e rcx=0x0000000000000000 rdx=0x0000000000000000
  rsi=0x0000000000001558 rdi=0x0000000000000069 flags=0b000000000010
  xmm0=0x00006f1700006f170000a6c50000a6c5 xmm1=0x0000ad500000ad5000002d7a00002d7a 
  xmm2=0x000066ce000066ce0000391100003911 xmm3=0x00004e7a00004e7a000051d9000051d9 
  xmm4=0x0000454e0000454e0000c0cd0000c0cd xmm5=0x00003bf700003bf70000cdd60000cdd6 
  xmm6=0x00001789000017890000b4af0000b4af xmm7=0x00004aff00004aff0000b6110000b611 

    > load from +0x1558 value 0x72b4000072b4
0x14: and rsi, 0b1111111111111
  rax=0x0000000012d1a2f7 rbx=0x000000000000001e rcx=0x0000000000000000 rdx=0x0000000000000000
  rsi=0x000072b4000072b4 rdi=0x0000000000000069 flags=0b000000000010
  xmm0=0x00006f1700006f170000a6c50000a6c5 xmm1=0x0000ad500000ad5000002d7a00002d7a 
  xmm2=0x000066ce000066ce0000391100003911 xmm3=0x00004e7a00004e7a000051d9000051d9 
  xmm4=0x0000454e0000454e0000c0cd0000c0cd xmm5=0x00003bf700003bf70000cdd60000cdd6 
  xmm6=0x00001789000017890000b4af0000b4af xmm7=0x00004aff00004aff0000b6110000b611 

0x1b: mov eax, [r14 +rsi]
  rax=0x0000000012d1a2f7 rbx=0x000000000000001e rcx=0x0000000000000000 rdx=0x0000000000000000
  rsi=0x00000000000012b4 rdi=0x0000000000000069 flags=0b000000000110
  xmm0=0x00006f1700006f170000a6c50000a6c5 xmm1=0x0000ad500000ad5000002d7a00002d7a 
  xmm2=0x000066ce000066ce0000391100003911 xmm3=0x00004e7a00004e7a000051d9000051d9 
  xmm4=0x0000454e0000454e0000c0cd0000c0cd xmm5=0x00003bf700003bf70000cdd60000cdd6 
  xmm6=0x00001789000017890000b4af0000b4af xmm7=0x00004aff00004aff0000b6110000b611 

    > load from +0x12b4 value 0xffa1
0x1f: and rax, 0b1111111111111
  rax=0x000000000000ffa1 rbx=0x000000000000001e rcx=0x0000000000000000 rdx=0x0000000000000000
  rsi=0x00000000000012b4 rdi=0x0000000000000069 flags=0b000000000110
  xmm0=0x00006f1700006f170000a6c50000a6c5 xmm1=0x0000ad500000ad5000002d7a00002d7a 
  xmm2=0x000066ce000066ce0000391100003911 xmm3=0x00004e7a00004e7a000051d9000051d9 
  xmm4=0x0000454e0000454e0000c0cd0000c0cd xmm5=0x00003bf700003bf70000cdd60000cdd6 
  xmm6=0x00001789000017890000b4af0000b4af xmm7=0x00004aff00004aff0000b6110000b611 

0x25: cmp bx, [r14 +rax]
  rax=0x0000000000001fa1 rbx=0x000000000000001e rcx=0x0000000000000000 rdx=0x0000000000000000
  rsi=0x00000000000012b4 rdi=0x0000000000000069 flags=0b000000000010
  xmm0=0x00006f1700006f170000a6c50000a6c5 xmm1=0x0000ad500000ad5000002d7a00002d7a 
  xmm2=0x000066ce000066ce0000391100003911 xmm3=0x00004e7a00004e7a000051d9000051d9 
  xmm4=0x0000454e0000454e0000c0cd0000c0cd xmm5=0x00003bf700003bf70000cdd60000cdd6 
  xmm6=0x00001789000017890000b4af0000b4af xmm7=0x00004aff00004aff0000b6110000b611 

    > load from +0x1fa1 value 0x68
0x2a: macro .switch, .actor2.function_actor2_1
  rax=0x0000000000001fa1 rbx=0x000000000000001e rcx=0x0000000000000000 rdx=0x0000000000000000
  rsi=0x00000000000012b4 rdi=0x0000000000000069 flags=0b000010000011
  xmm0=0x00006f1700006f170000a6c50000a6c5 xmm1=0x0000ad500000ad5000002d7a00002d7a 
  xmm2=0x000066ce000066ce0000391100003911 xmm3=0x00004e7a00004e7a000051d9000051d9 
  xmm4=0x0000454e0000454e0000c0cd0000c0cd xmm5=0x00003bf700003bf70000cdd60000cdd6 
  xmm6=0x00001789000017890000b4af0000b4af xmm7=0x00004aff00004aff0000b6110000b611 

0x3113: pushfq 
  rax=0x0000000000001fa1 rbx=0x000000000000001e rcx=0x0000000000000000 rdx=0x0000000000000000
  rsi=0x00000000000012b4 rdi=0x0000000000000069 flags=0b000010000011
  xmm0=0x00006f1700006f170000a6c50000a6c5 xmm1=0x0000ad500000ad5000002d7a00002d7a 
  xmm2=0x000066ce000066ce0000391100003911 xmm3=0x00004e7a00004e7a000051d9000051d9 
  xmm4=0x0000454e0000454e0000c0cd0000c0cd xmm5=0x00003bf700003bf70000cdd60000cdd6 
  xmm6=0x00001789000017890000b4af0000b4af xmm7=0x00004aff00004aff0000b6110000b611 

    > store to +0x4ff0 value 0x83
0x3114: push rax
  rax=0x0000000000001fa1 rbx=0x000000000000001e rcx=0x0000000000000000 rdx=0x0000000000000000
  rsi=0x00000000000012b4 rdi=0x0000000000000069 flags=0b000010000011
  xmm0=0x00006f1700006f170000a6c50000a6c5 xmm1=0x0000ad500000ad5000002d7a00002d7a 
  xmm2=0x000066ce000066ce0000391100003911 xmm3=0x00004e7a00004e7a000051d9000051d9 
  xmm4=0x0000454e0000454e0000c0cd0000c0cd xmm5=0x00003bf700003bf70000cdd60000cdd6 
  xmm6=0x00001789000017890000b4af0000b4af xmm7=0x00004aff00004aff0000b6110000b611 

    > store to +0x4fe8 value 0x1fa1
0x3115: push rcx
  rax=0x0000000000001fa1 rbx=0x000000000000001e rcx=0x0000000000000000 rdx=0x0000000000000000
  rsi=0x00000000000012b4 rdi=0x0000000000000069 flags=0b000010000011
  xmm0=0x00006f1700006f170000a6c50000a6c5 xmm1=0x0000ad500000ad5000002d7a00002d7a 
  xmm2=0x000066ce000066ce0000391100003911 xmm3=0x00004e7a00004e7a000051d9000051d9 
  xmm4=0x0000454e0000454e0000c0cd0000c0cd xmm5=0x00003bf700003bf70000cdd60000cdd6 
  xmm6=0x00001789000017890000b4af0000b4af xmm7=0x00004aff00004aff0000b6110000b611 

    > store to +0x4fe0 value 0x0
0x3116: push rdx
  rax=0x0000000000001fa1 rbx=0x000000000000001e rcx=0x0000000000000000 rdx=0x0000000000000000
  rsi=0x00000000000012b4 rdi=0x0000000000000069 flags=0b000010000011
  xmm0=0x00006f1700006f170000a6c50000a6c5 xmm1=0x0000ad500000ad5000002d7a00002d7a 
  xmm2=0x000066ce000066ce0000391100003911 xmm3=0x00004e7a00004e7a000051d9000051d9 
  xmm4=0x0000454e0000454e0000c0cd0000c0cd xmm5=0x00003bf700003bf70000cdd60000cdd6 
  xmm6=0x00001789000017890000b4af0000b4af xmm7=0x00004aff00004aff0000b6110000b611 

    > store to +0x4fd8 value 0x0
0x3117: mov ecx, 0x48
  rax=0x0000000000001fa1 rbx=0x000000000000001e rcx=0x0000000000000000 rdx=0x0000000000000000
  rsi=0x00000000000012b4 rdi=0x0000000000000069 flags=0b000010000011
  xmm0=0x00006f1700006f170000a6c50000a6c5 xmm1=0x0000ad500000ad5000002d7a00002d7a 
  xmm2=0x000066ce000066ce0000391100003911 xmm3=0x00004e7a00004e7a000051d9000051d9 
  xmm4=0x0000454e0000454e0000c0cd0000c0cd xmm5=0x00003bf700003bf70000cdd60000cdd6 
  xmm6=0x00001789000017890000b4af0000b4af xmm7=0x00004aff00004aff0000b6110000b611 

0x311c: rdmsr 
  rax=0x0000000000001fa1 rbx=0x000000000000001e rcx=0x0000000000000048 rdx=0x0000000000000000
  rsi=0x00000000000012b4 rdi=0x0000000000000069 flags=0b000010000011
  xmm0=0x00006f1700006f170000a6c50000a6c5 xmm1=0x0000ad500000ad5000002d7a00002d7a 
  xmm2=0x000066ce000066ce0000391100003911 xmm3=0x00004e7a00004e7a000051d9000051d9 
  xmm4=0x0000454e0000454e0000c0cd0000c0cd xmm5=0x00003bf700003bf70000cdd60000cdd6 
  xmm6=0x00001789000017890000b4af0000b4af xmm7=0x00004aff00004aff0000b6110000b611 

0x311e: and eax, 0xfffffffb
  rax=0x0000000000000000 rbx=0x000000000000001e rcx=0x0000000000000048 rdx=0x0000000000000000
  rsi=0x00000000000012b4 rdi=0x0000000000000069 flags=0b000010000011
  xmm0=0x00006f1700006f170000a6c50000a6c5 xmm1=0x0000ad500000ad5000002d7a00002d7a 
  xmm2=0x000066ce000066ce0000391100003911 xmm3=0x00004e7a00004e7a000051d9000051d9 
  xmm4=0x0000454e0000454e0000c0cd0000c0cd xmm5=0x00003bf700003bf70000cdd60000cdd6 
  xmm6=0x00001789000017890000b4af0000b4af xmm7=0x00004aff00004aff0000b6110000b611 

0x3121: or eax, 0x100
  rax=0x0000000000000000 rbx=0x000000000000001e rcx=0x0000000000000048 rdx=0x0000000000000000
  rsi=0x00000000000012b4 rdi=0x0000000000000069 flags=0b000001000110
  xmm0=0x00006f1700006f170000a6c50000a6c5 xmm1=0x0000ad500000ad5000002d7a00002d7a 
  xmm2=0x000066ce000066ce0000391100003911 xmm3=0x00004e7a00004e7a000051d9000051d9 
  xmm4=0x0000454e0000454e0000c0cd0000c0cd xmm5=0x00003bf700003bf70000cdd60000cdd6 
  xmm6=0x00001789000017890000b4af0000b4af xmm7=0x00004aff00004aff0000b6110000b611 

0x3126: wrmsr 
  rax=0x0000000000000100 rbx=0x000000000000001e rcx=0x0000000000000048 rdx=0x0000000000000000
  rsi=0x00000000000012b4 rdi=0x0000000000000069 flags=0b000000000110
  xmm0=0x00006f1700006f170000a6c50000a6c5 xmm1=0x0000ad500000ad5000002d7a00002d7a 
  xmm2=0x000066ce000066ce0000391100003911 xmm3=0x00004e7a00004e7a000051d9000051d9 
  xmm4=0x0000454e0000454e0000c0cd0000c0cd xmm5=0x00003bf700003bf70000cdd60000cdd6 
  xmm6=0x00001789000017890000b4af0000b4af xmm7=0x00004aff00004aff0000b6110000b611 

0x3128: mfence 
  rax=0x0000000000000100 rbx=0x000000000000001e rcx=0x0000000000000048 rdx=0x0000000000000000
  rsi=0x00000000000012b4 rdi=0x0000000000000069 flags=0b000000000110
  xmm0=0x00006f1700006f170000a6c50000a6c5 xmm1=0x0000ad500000ad5000002d7a00002d7a 
  xmm2=0x000066ce000066ce0000391100003911 xmm3=0x00004e7a00004e7a000051d9000051d9 
  xmm4=0x0000454e0000454e0000c0cd0000c0cd xmm5=0x00003bf700003bf70000cdd60000cdd6 
  xmm6=0x00001789000017890000b4af0000b4af xmm7=0x00004aff00004aff0000b6110000b611 

0x312b: lfence 
  rax=0x0000000000000100 rbx=0x000000000000001e rcx=0x0000000000000048 rdx=0x0000000000000000
  rsi=0x00000000000012b4 rdi=0x0000000000000069 flags=0b000000000110
  xmm0=0x00006f1700006f170000a6c50000a6c5 xmm1=0x0000ad500000ad5000002d7a00002d7a 
  xmm2=0x000066ce000066ce0000391100003911 xmm3=0x00004e7a00004e7a000051d9000051d9 
  xmm4=0x0000454e0000454e0000c0cd0000c0cd xmm5=0x00003bf700003bf70000cdd60000cdd6 
  xmm6=0x00001789000017890000b4af0000b4af xmm7=0x00004aff00004aff0000b6110000b611 

0x312e: macro .measurement_end, .noarg
  rax=0x0000000000000100 rbx=0x000000000000001e rcx=0x0000000000000048 rdx=0x0000000000000000
  rsi=0x00000000000012b4 rdi=0x0000000000000069 flags=0b000000000110
  xmm0=0x00006f1700006f170000a6c50000a6c5 xmm1=0x0000ad500000ad5000002d7a00002d7a 
  xmm2=0x000066ce000066ce0000391100003911 xmm3=0x00004e7a00004e7a000051d9000051d9 
  xmm4=0x0000454e0000454e0000c0cd0000c0cd xmm5=0x00003bf700003bf70000cdd60000cdd6 
  xmm6=0x00001789000017890000b4af0000b4af xmm7=0x00004aff00004aff0000b6110000b611 

0x3136: mov ecx, 0x48
  rax=0x0000000000000100 rbx=0x000000000000001e rcx=0x0000000000000048 rdx=0x0000000000000000
  rsi=0x00000000000012b4 rdi=0x0000000000000069 flags=0b000000000110
  xmm0=0x00006f1700006f170000a6c50000a6c5 xmm1=0x0000ad500000ad5000002d7a00002d7a 
  xmm2=0x000066ce000066ce0000391100003911 xmm3=0x00004e7a00004e7a000051d9000051d9 
  xmm4=0x0000454e0000454e0000c0cd0000c0cd xmm5=0x00003bf700003bf70000cdd60000cdd6 
  xmm6=0x00001789000017890000b4af0000b4af xmm7=0x00004aff00004aff0000b6110000b611 

0x313b: rdmsr 
  rax=0x0000000000000100 rbx=0x000000000000001e rcx=0x0000000000000048 rdx=0x0000000000000000
  rsi=0x00000000000012b4 rdi=0x0000000000000069 flags=0b000000000110
  xmm0=0x00006f1700006f170000a6c50000a6c5 xmm1=0x0000ad500000ad5000002d7a00002d7a 
  xmm2=0x000066ce000066ce0000391100003911 xmm3=0x00004e7a00004e7a000051d9000051d9 
  xmm4=0x0000454e0000454e0000c0cd0000c0cd xmm5=0x00003bf700003bf70000cdd60000cdd6 
  xmm6=0x00001789000017890000b4af0000b4af xmm7=0x00004aff00004aff0000b6110000b611 

0x313d: and eax, 0xfffffffb
  rax=0x0000000000000000 rbx=0x000000000000001e rcx=0x0000000000000048 rdx=0x0000000000000000
  rsi=0x00000000000012b4 rdi=0x0000000000000069 flags=0b000000000110
  xmm0=0x00006f1700006f170000a6c50000a6c5 xmm1=0x0000ad500000ad5000002d7a00002d7a 
  xmm2=0x000066ce000066ce0000391100003911 xmm3=0x00004e7a00004e7a000051d9000051d9 
  xmm4=0x0000454e0000454e0000c0cd0000c0cd xmm5=0x00003bf700003bf70000cdd60000cdd6 
  xmm6=0x00001789000017890000b4af0000b4af xmm7=0x00004aff00004aff0000b6110000b611 

0x3140: and eax, 0xfffffeff
  rax=0x0000000000000000 rbx=0x000000000000001e rcx=0x0000000000000048 rdx=0x0000000000000000
  rsi=0x00000000000012b4 rdi=0x0000000000000069 flags=0b000001000110
  xmm0=0x00006f1700006f170000a6c50000a6c5 xmm1=0x0000ad500000ad5000002d7a00002d7a 
  xmm2=0x000066ce000066ce0000391100003911 xmm3=0x00004e7a00004e7a000051d9000051d9 
  xmm4=0x0000454e0000454e0000c0cd0000c0cd xmm5=0x00003bf700003bf70000cdd60000cdd6 
  xmm6=0x00001789000017890000b4af0000b4af xmm7=0x00004aff00004aff0000b6110000b611 

0x3145: wrmsr 
  rax=0x0000000000000000 rbx=0x000000000000001e rcx=0x0000000000000048 rdx=0x0000000000000000
  rsi=0x00000000000012b4 rdi=0x0000000000000069 flags=0b000001000110
  xmm0=0x00006f1700006f170000a6c50000a6c5 xmm1=0x0000ad500000ad5000002d7a00002d7a 
  xmm2=0x000066ce000066ce0000391100003911 xmm3=0x00004e7a00004e7a000051d9000051d9 
  xmm4=0x0000454e0000454e0000c0cd0000c0cd xmm5=0x00003bf700003bf70000cdd60000cdd6 
  xmm6=0x00001789000017890000b4af0000b4af xmm7=0x00004aff00004aff0000b6110000b611 

0x3147: mfence 
  rax=0x0000000000000000 rbx=0x000000000000001e rcx=0x0000000000000048 rdx=0x0000000000000000
  rsi=0x00000000000012b4 rdi=0x0000000000000069 flags=0b000001000110
  xmm0=0x00006f1700006f170000a6c50000a6c5 xmm1=0x0000ad500000ad5000002d7a00002d7a 
  xmm2=0x000066ce000066ce0000391100003911 xmm3=0x00004e7a00004e7a000051d9000051d9 
  xmm4=0x0000454e0000454e0000c0cd0000c0cd xmm5=0x00003bf700003bf70000cdd60000cdd6 
  xmm6=0x00001789000017890000b4af0000b4af xmm7=0x00004aff00004aff0000b6110000b611 

0x314a: lfence 
  rax=0x0000000000000000 rbx=0x000000000000001e rcx=0x0000000000000048 rdx=0x0000000000000000
  rsi=0x00000000000012b4 rdi=0x0000000000000069 flags=0b000001000110
  xmm0=0x00006f1700006f170000a6c50000a6c5 xmm1=0x0000ad500000ad5000002d7a00002d7a 
  xmm2=0x000066ce000066ce0000391100003911 xmm3=0x00004e7a00004e7a000051d9000051d9 
  xmm4=0x0000454e0000454e0000c0cd0000c0cd xmm5=0x00003bf700003bf70000cdd60000cdd6 
  xmm6=0x00001789000017890000b4af0000b4af xmm7=0x00004aff00004aff0000b6110000b611 

0x314d: pop rdx
  rax=0x0000000000000000 rbx=0x000000000000001e rcx=0x0000000000000048 rdx=0x0000000000000000
  rsi=0x00000000000012b4 rdi=0x0000000000000069 flags=0b000001000110
  xmm0=0x00006f1700006f170000a6c50000a6c5 xmm1=0x0000ad500000ad5000002d7a00002d7a 
  xmm2=0x000066ce000066ce0000391100003911 xmm3=0x00004e7a00004e7a000051d9000051d9 
  xmm4=0x0000454e0000454e0000c0cd0000c0cd xmm5=0x00003bf700003bf70000cdd60000cdd6 
  xmm6=0x00001789000017890000b4af0000b4af xmm7=0x00004aff00004aff0000b6110000b611 

    > load from +0x4fd8 value 0x0
0x314e: pop rcx
  rax=0x0000000000000000 rbx=0x000000000000001e rcx=0x0000000000000048 rdx=0x0000000000000000
  rsi=0x00000000000012b4 rdi=0x0000000000000069 flags=0b000001000110
  xmm0=0x00006f1700006f170000a6c50000a6c5 xmm1=0x0000ad500000ad5000002d7a00002d7a 
  xmm2=0x000066ce000066ce0000391100003911 xmm3=0x00004e7a00004e7a000051d9000051d9 
  xmm4=0x0000454e0000454e0000c0cd0000c0cd xmm5=0x00003bf700003bf70000cdd60000cdd6 
  xmm6=0x00001789000017890000b4af0000b4af xmm7=0x00004aff00004aff0000b6110000b611 

    > load from +0x4fe0 value 0x0
0x314f: pop rax
  rax=0x0000000000000000 rbx=0x000000000000001e rcx=0x0000000000000000 rdx=0x0000000000000000
  rsi=0x00000000000012b4 rdi=0x0000000000000069 flags=0b000001000110
  xmm0=0x00006f1700006f170000a6c50000a6c5 xmm1=0x0000ad500000ad5000002d7a00002d7a 
  xmm2=0x000066ce000066ce0000391100003911 xmm3=0x00004e7a00004e7a000051d9000051d9 
  xmm4=0x0000454e0000454e0000c0cd0000c0cd xmm5=0x00003bf700003bf70000cdd60000cdd6 
  xmm6=0x00001789000017890000b4af0000b4af xmm7=0x00004aff00004aff0000b6110000b611 

    > load from +0x4fe8 value 0x1fa1
0x3150: popfq 
  rax=0x0000000000001fa1 rbx=0x000000000000001e rcx=0x0000000000000000 rdx=0x0000000000000000
  rsi=0x00000000000012b4 rdi=0x0000000000000069 flags=0b000001000110
  xmm0=0x00006f1700006f170000a6c50000a6c5 xmm1=0x0000ad500000ad5000002d7a00002d7a 
  xmm2=0x000066ce000066ce0000391100003911 xmm3=0x00004e7a00004e7a000051d9000051d9 
  xmm4=0x0000454e0000454e0000c0cd0000c0cd xmm5=0x00003bf700003bf70000cdd60000cdd6 
  xmm6=0x00001789000017890000b4af0000b4af xmm7=0x00004aff00004aff0000b6110000b611 

    > load from +0x4ff0 value 0x83
0x3151: macro .switch, .main.function_main_2
  rax=0x0000000000001fa1 rbx=0x000000000000001e rcx=0x0000000000000000 rdx=0x0000000000000000
  rsi=0x00000000000012b4 rdi=0x0000000000000069 flags=0b000010000011
  xmm0=0x00006f1700006f170000a6c50000a6c5 xmm1=0x0000ad500000ad5000002d7a00002d7a 
  xmm2=0x000066ce000066ce0000391100003911 xmm3=0x00004e7a00004e7a000051d9000051d9 
  xmm4=0x0000454e0000454e0000c0cd0000c0cd xmm5=0x00003bf700003bf70000cdd60000cdd6 
  xmm6=0x00001789000017890000b4af0000b4af xmm7=0x00004aff00004aff0000b6110000b611 




                      ##### Input 11 #####

                     ##### Input 0 #####
0x0 : macro .switch, .actor2.function_actor2_0
  rax=0x00007d0a00007d0a rbx=0x0000245f0000245f rcx=0x0000571a0000571a rdx=0x0000505100005051
  rsi=0x000023f4000023f4 rdi=0x0000548800005488 flags=0b100010000110
  xmm0=0x00003ad400003ad40000f1ce0000f1ce xmm1=0x0000903d0000903d0000364600003646 
  xmm2=0x0000bc220000bc2200005c5e00005c5e xmm3=0x000076470000764700009b6500009b65 
  xmm4=0x0000323a0000323a0000c91a0000c91a xmm5=0x000096f5000096f5000037d9000037d9 
  xmm6=0x0000ff840000ff8400007bb200007bb2 xmm7=0x0000a9b50000a9b500007e3500007e35 

0x3000: add dil, 46
  rax=0x00007d0a00007d0a rbx=0x0000245f0000245f rcx=0x0000571a0000571a rdx=0x0000505100005051
  rsi=0x000023f4000023f4 rdi=0x0000548800005488 flags=0b100010000110
  xmm0=0x00003ad400003ad40000f1ce0000f1ce xmm1=0x0000903d0000903d0000364600003646 
  xmm2=0x0000bc220000bc2200005c5e00005c5e xmm3=0x000076470000764700009b6500009b65 
  xmm4=0x0000323a0000323a0000c91a0000c91a xmm5=0x000096f5000096f5000037d9000037d9 
  xmm6=0x0000ff840000ff8400007bb200007bb2 xmm7=0x0000a9b50000a9b500007e3500007e35 

0x3004: pushfq 
  rax=0x00007d0a00007d0a rbx=0x0000245f0000245f rcx=0x0000571a0000571a rdx=0x0000505100005051
  rsi=0x000023f4000023f4 rdi=0x00005488000054b6 flags=0b000010010010
  xmm0=0x00003ad400003ad40000f1ce0000f1ce xmm1=0x0000903d0000903d0000364600003646 
  xmm2=0x0000bc220000bc2200005c5e00005c5e xmm3=0x000076470000764700009b6500009b65 
  xmm4=0x0000323a0000323a0000c91a0000c91a xmm5=0x000096f5000096f5000037d9000037d9 
  xmm6=0x0000ff840000ff8400007bb200007bb2 xmm7=0x0000a9b50000a9b500007e3500007e35 

    > store to +0x4ff0 value 0x92
0x3005: push rax
  rax=0x00007d0a00007d0a rbx=0x0000245f0000245f rcx=0x0000571a0000571a rdx=0x0000505100005051
  rsi=0x000023f4000023f4 rdi=0x00005488000054b6 flags=0b000010010010
  xmm0=0x00003ad400003ad40000f1ce0000f1ce xmm1=0x0000903d0000903d0000364600003646 
  xmm2=0x0000bc220000bc2200005c5e00005c5e xmm3=0x000076470000764700009b6500009b65 
  xmm4=0x0000323a0000323a0000c91a0000c91a xmm5=0x000096f5000096f5000037d9000037d9 
  xmm6=0x0000ff840000ff8400007bb200007bb2 xmm7=0x0000a9b50000a9b500007e3500007e35 

    > store to +0x4fe8 value 0x7d0a00007d0a
0x3006: push rcx
  rax=0x00007d0a00007d0a rbx=0x0000245f0000245f rcx=0x0000571a0000571a rdx=0x0000505100005051
  rsi=0x000023f4000023f4 rdi=0x00005488000054b6 flags=0b000010010010
  xmm0=0x00003ad400003ad40000f1ce0000f1ce xmm1=0x0000903d0000903d0000364600003646 
  xmm2=0x0000bc220000bc2200005c5e00005c5e xmm3=0x000076470000764700009b6500009b65 
  xmm4=0x0000323a0000323a0000c91a0000c91a xmm5=0x000096f5000096f5000037d9000037d9 
  xmm6=0x0000ff840000ff8400007bb200007bb2 xmm7=0x0000a9b50000a9b500007e3500007e35 

    > store to +0x4fe0 value 0x571a0000571a
0x3007: push rdx
  rax=0x00007d0a00007d0a rbx=0x0000245f0000245f rcx=0x0000571a0000571a rdx=0x0000505100005051
  rsi=0x000023f4000023f4 rdi=0x00005488000054b6 flags=0b000010010010
  xmm0=0x00003ad400003ad40000f1ce0000f1ce xmm1=0x0000903d0000903d0000364600003646 
  xmm2=0x0000bc220000bc2200005c5e00005c5e xmm3=0x000076470000764700009b6500009b65 
  xmm4=0x0000323a0000323a0000c91a0000c91a xmm5=0x000096f5000096f5000037d9000037d9 
  xmm6=0x0000ff840000ff8400007bb200007bb2 xmm7=0x0000a9b50000a9b500007e3500007e35 

    > store to +0x4fd8 value 0x505100005051
0x3008: mov ecx, 0x48
  rax=0x00007d0a00007d0a rbx=0x0000245f0000245f rcx=0x0000571a0000571a rdx=0x0000505100005051
  rsi=0x000023f4000023f4 rdi=0x00005488000054b6 flags=0b000010010010
  xmm0=0x00003ad400003ad40000f1ce0000f1ce xmm1=0x0000903d0000903d0000364600003646 
  xmm2=0x0000bc220000bc2200005c5e00005c5e xmm3=0x000076470000764700009b6500009b65 
  xmm4=0x0000323a0000323a0000c91a0000c91a xmm5=0x000096f5000096f5000037d9000037d9 
  xmm6=0x0000ff840000ff8400007bb200007bb2 xmm7=0x0000a9b50000a9b500007e3500007e35 

0x300d: rdmsr 
  rax=0x00007d0a00007d0a rbx=0x0000245f0000245f rcx=0x0000000000000048 rdx=0x0000505100005051
  rsi=0x000023f4000023f4 rdi=0x00005488000054b6 flags=0b000010010010
  xmm0=0x00003ad400003ad40000f1ce0000f1ce xmm1=0x0000903d0000903d0000364600003646 
  xmm2=0x0000bc220000bc2200005c5e00005c5e xmm3=0x000076470000764700009b6500009b65 
  xmm4=0x0000323a0000323a0000c91a0000c91a xmm5=0x000096f5000096f5000037d9000037d9 
  xmm6=0x0000ff840000ff8400007bb200007bb2 xmm7=0x0000a9b50000a9b500007e3500007e35 

0x300f: and eax, 0xfffffffb
  rax=0x0000000000000000 rbx=0x0000245f0000245f rcx=0x0000000000000048 rdx=0x0000000000000000
  rsi=0x000023f4000023f4 rdi=0x00005488000054b6 flags=0b000010010010
  xmm0=0x00003ad400003ad40000f1ce0000f1ce xmm1=0x0000903d0000903d0000364600003646 
  xmm2=0x0000bc220000bc2200005c5e00005c5e xmm3=0x000076470000764700009b6500009b65 
  xmm4=0x0000323a0000323a0000c91a0000c91a xmm5=0x000096f5000096f5000037d9000037d9 
  xmm6=0x0000ff840000ff8400007bb200007bb2 xmm7=0x0000a9b50000a9b500007e3500007e35 

0x3012: or eax, 0x100
  rax=0x0000000000000000 rbx=0x0000245f0000245f rcx=0x0000000000000048 rdx=0x0000000000000000
  rsi=0x000023f4000023f4 rdi=0x00005488000054b6 flags=0b000001000110
  xmm0=0x00003ad400003ad40000f1ce0000f1ce xmm1=0x0000903d0000903d0000364600003646 
  xmm2=0x0000bc220000bc2200005c5e00005c5e xmm3=0x000076470000764700009b6500009b65 
  xmm4=0x0000323a0000323a0000c91a0000c91a xmm5=0x000096f5000096f5000037d9000037d9 
  xmm6=0x0000ff840000ff8400007bb200007bb2 xmm7=0x0000a9b50000a9b500007e3500007e35 

0x3017: wrmsr 
  rax=0x0000000000000100 rbx=0x0000245f0000245f rcx=0x0000000000000048 rdx=0x0000000000000000
  rsi=0x000023f4000023f4 rdi=0x00005488000054b6 flags=0b000000000110
  xmm0=0x00003ad400003ad40000f1ce0000f1ce xmm1=0x0000903d0000903d0000364600003646 
  xmm2=0x0000bc220000bc2200005c5e00005c5e xmm3=0x000076470000764700009b6500009b65 
  xmm4=0x0000323a0000323a0000c91a0000c91a xmm5=0x000096f5000096f5000037d9000037d9 
  xmm6=0x0000ff840000ff8400007bb200007bb2 xmm7=0x0000a9b50000a9b500007e3500007e35 

0x3019: mfence 
  rax=0x0000000000000100 rbx=0x0000245f0000245f rcx=0x0000000000000048 rdx=0x0000000000000000
  rsi=0x000023f4000023f4 rdi=0x00005488000054b6 flags=0b000000000110
  xmm0=0x00003ad400003ad40000f1ce0000f1ce xmm1=0x0000903d0000903d0000364600003646 
  xmm2=0x0000bc220000bc2200005c5e00005c5e xmm3=0x000076470000764700009b6500009b65 
  xmm4=0x0000323a0000323a0000c91a0000c91a xmm5=0x000096f5000096f5000037d9000037d9 
  xmm6=0x0000ff840000ff8400007bb200007bb2 xmm7=0x0000a9b50000a9b500007e3500007e35 

0x301c: lfence 
  rax=0x0000000000000100 rbx=0x0000245f0000245f rcx=0x0000000000000048 rdx=0x0000000000000000
  rsi=0x000023f4000023f4 rdi=0x00005488000054b6 flags=0b000000000110
  xmm0=0x00003ad400003ad40000f1ce0000f1ce xmm1=0x0000903d0000903d0000364600003646 
  xmm2=0x0000bc220000bc2200005c5e00005c5e xmm3=0x000076470000764700009b6500009b65 
  xmm4=0x0000323a0000323a0000c91a0000c91a xmm5=0x000096f5000096f5000037d9000037d9 
  xmm6=0x0000ff840000ff8400007bb200007bb2 xmm7=0x0000a9b50000a9b500007e3500007e35 

0x301f: macro .measurement_start, .noarg
  rax=0x0000000000000100 rbx=0x0000245f0000245f rcx=0x0000000000000048 rdx=0x0000000000000000
  rsi=0x000023f4000023f4 rdi=0x00005488000054b6 flags=0b000000000110
  xmm0=0x00003ad400003ad40000f1ce0000f1ce xmm1=0x0000903d0000903d0000364600003646 
  xmm2=0x0000bc220000bc2200005c5e00005c5e xmm3=0x000076470000764700009b6500009b65 
  xmm4=0x0000323a0000323a0000c91a0000c91a xmm5=0x000096f5000096f5000037d9000037d9 
  xmm6=0x0000ff840000ff8400007bb200007bb2 xmm7=0x0000a9b50000a9b500007e3500007e35 

0x3027: mov ecx, 0x48
  rax=0x0000000000000100 rbx=0x0000245f0000245f rcx=0x0000000000000048 rdx=0x0000000000000000
  rsi=0x000023f4000023f4 rdi=0x00005488000054b6 flags=0b000000000110
  xmm0=0x00003ad400003ad40000f1ce0000f1ce xmm1=0x0000903d0000903d0000364600003646 
  xmm2=0x0000bc220000bc2200005c5e00005c5e xmm3=0x000076470000764700009b6500009b65 
  xmm4=0x0000323a0000323a0000c91a0000c91a xmm5=0x000096f5000096f5000037d9000037d9 
  xmm6=0x0000ff840000ff8400007bb200007bb2 xmm7=0x0000a9b50000a9b500007e3500007e35 

0x302c: rdmsr 
  rax=0x0000000000000100 rbx=0x0000245f0000245f rcx=0x0000000000000048 rdx=0x0000000000000000
  rsi=0x000023f4000023f4 rdi=0x00005488000054b6 flags=0b000000000110
  xmm0=0x00003ad400003ad40000f1ce0000f1ce xmm1=0x0000903d0000903d0000364600003646 
  xmm2=0x0000bc220000bc2200005c5e00005c5e xmm3=0x000076470000764700009b6500009b65 
  xmm4=0x0000323a0000323a0000c91a0000c91a xmm5=0x000096f5000096f5000037d9000037d9 
  xmm6=0x0000ff840000ff8400007bb200007bb2 xmm7=0x0000a9b50000a9b500007e3500007e35 

0x302e: and eax, 0xfffffffb
  rax=0x0000000000000000 rbx=0x0000245f0000245f rcx=0x0000000000000048 rdx=0x0000000000000000
  rsi=0x000023f4000023f4 rdi=0x00005488000054b6 flags=0b000000000110
  xmm0=0x00003ad400003ad40000f1ce0000f1ce xmm1=0x0000903d0000903d0000364600003646 
  xmm2=0x0000bc220000bc2200005c5e00005c5e xmm3=0x000076470000764700009b6500009b65 
  xmm4=0x0000323a0000323a0000c91a0000c91a xmm5=0x000096f5000096f5000037d9000037d9 
  xmm6=0x0000ff840000ff8400007bb200007bb2 xmm7=0x0000a9b50000a9b500007e3500007e35 

0x3031: and eax, 0xfffffeff
  rax=0x0000000000000000 rbx=0x0000245f0000245f rcx=0x0000000000000048 rdx=0x0000000000000000
  rsi=0x000023f4000023f4 rdi=0x00005488000054b6 flags=0b000001000110
  xmm0=0x00003ad400003ad40000f1ce0000f1ce xmm1=0x0000903d0000903d0000364600003646 
  xmm2=0x0000bc220000bc2200005c5e00005c5e xmm3=0x000076470000764700009b6500009b65 
  xmm4=0x0000323a0000323a0000c91a0000c91a xmm5=0x000096f5000096f5000037d9000037d9 
  xmm6=0x0000ff840000ff8400007bb200007bb2 xmm7=0x0000a9b50000a9b500007e3500007e35 

0x3036: wrmsr 
  rax=0x0000000000000000 rbx=0x0000245f0000245f rcx=0x0000000000000048 rdx=0x0000000000000000
  rsi=0x000023f4000023f4 rdi=0x00005488000054b6 flags=0b000001000110
  xmm0=0x00003ad400003ad40000f1ce0000f1ce xmm1=0x0000903d0000903d0000364600003646 
  xmm2=0x0000bc220000bc2200005c5e00005c5e xmm3=0x000076470000764700009b6500009b65 
  xmm4=0x0000323a0000323a0000c91a0000c91a xmm5=0x000096f5000096f5000037d9000037d9 
  xmm6=0x0000ff840000ff8400007bb200007bb2 xmm7=0x0000a9b50000a9b500007e3500007e35 

0x3038: mfence 
  rax=0x0000000000000000 rbx=0x0000245f0000245f rcx=0x0000000000000048 rdx=0x0000000000000000
  rsi=0x000023f4000023f4 rdi=0x00005488000054b6 flags=0b000001000110
  xmm0=0x00003ad400003ad40000f1ce0000f1ce xmm1=0x0000903d0000903d0000364600003646 
  xmm2=0x0000bc220000bc2200005c5e00005c5e xmm3=0x000076470000764700009b6500009b65 
  xmm4=0x0000323a0000323a0000c91a0000c91a xmm5=0x000096f5000096f5000037d9000037d9 
  xmm6=0x0000ff840000ff8400007bb200007bb2 xmm7=0x0000a9b50000a9b500007e3500007e35 

0x303b: lfence 
  rax=0x0000000000000000 rbx=0x0000245f0000245f rcx=0x0000000000000048 rdx=0x0000000000000000
  rsi=0x000023f4000023f4 rdi=0x00005488000054b6 flags=0b000001000110
  xmm0=0x00003ad400003ad40000f1ce0000f1ce xmm1=0x0000903d0000903d0000364600003646 
  xmm2=0x0000bc220000bc2200005c5e00005c5e xmm3=0x000076470000764700009b6500009b65 
  xmm4=0x0000323a0000323a0000c91a0000c91a xmm5=0x000096f5000096f5000037d9000037d9 
  xmm6=0x0000ff840000ff8400007bb200007bb2 xmm7=0x0000a9b50000a9b500007e3500007e35 

0x303e: pop rdx
  rax=0x0000000000000000 rbx=0x0000245f0000245f rcx=0x0000000000000048 rdx=0x0000000000000000
  rsi=0x000023f4000023f4 rdi=0x00005488000054b6 flags=0b000001000110
  xmm0=0x00003ad400003ad40000f1ce0000f1ce xmm1=0x0000903d0000903d0000364600003646 
  xmm2=0x0000bc220000bc2200005c5e00005c5e xmm3=0x000076470000764700009b6500009b65 
  xmm4=0x0000323a0000323a0000c91a0000c91a xmm5=0x000096f5000096f5000037d9000037d9 
  xmm6=0x0000ff840000ff8400007bb200007bb2 xmm7=0x0000a9b50000a9b500007e3500007e35 

    > load from +0x4fd8 value 0x505100005051
0x303f: pop rcx
  rax=0x0000000000000000 rbx=0x0000245f0000245f rcx=0x0000000000000048 rdx=0x0000505100005051
  rsi=0x000023f4000023f4 rdi=0x00005488000054b6 flags=0b000001000110
  xmm0=0x00003ad400003ad40000f1ce0000f1ce xmm1=0x0000903d0000903d0000364600003646 
  xmm2=0x0000bc220000bc2200005c5e00005c5e xmm3=0x000076470000764700009b6500009b65 
  xmm4=0x0000323a0000323a0000c91a0000c91a xmm5=0x000096f5000096f5000037d9000037d9 
  xmm6=0x0000ff840000ff8400007bb200007bb2 xmm7=0x0000a9b50000a9b500007e3500007e35 

    > load from +0x4fe0 value 0x571a0000571a
0x3040: pop rax
  rax=0x0000000000000000 rbx=0x0000245f0000245f rcx=0x0000571a0000571a rdx=0x0000505100005051
  rsi=0x000023f4000023f4 rdi=0x00005488000054b6 flags=0b000001000110
  xmm0=0x00003ad400003ad40000f1ce0000f1ce xmm1=0x0000903d0000903d0000364600003646 
  xmm2=0x0000bc220000bc2200005c5e00005c5e xmm3=0x000076470000764700009b6500009b65 
  xmm4=0x0000323a0000323a0000c91a0000c91a xmm5=0x000096f5000096f5000037d9000037d9 
  xmm6=0x0000ff840000ff8400007bb200007bb2 xmm7=0x0000a9b50000a9b500007e3500007e35 

    > load from +0x4fe8 value 0x7d0a00007d0a
0x3041: popfq 
  rax=0x00007d0a00007d0a rbx=0x0000245f0000245f rcx=0x0000571a0000571a rdx=0x0000505100005051
  rsi=0x000023f4000023f4 rdi=0x00005488000054b6 flags=0b000001000110
  xmm0=0x00003ad400003ad40000f1ce0000f1ce xmm1=0x0000903d0000903d0000364600003646 
  xmm2=0x0000bc220000bc2200005c5e00005c5e xmm3=0x000076470000764700009b6500009b65 
  xmm4=0x0000323a0000323a0000c91a0000c91a xmm5=0x000096f5000096f5000037d9000037d9 
  xmm6=0x0000ff840000ff8400007bb200007bb2 xmm7=0x0000a9b50000a9b500007e3500007e35 

    > load from +0x4ff0 value 0x92
0x3042: and rdi, 0b1111111111111
  rax=0x00007d0a00007d0a rbx=0x0000245f0000245f rcx=0x0000571a0000571a rdx=0x0000505100005051
  rsi=0x000023f4000023f4 rdi=0x00005488000054b6 flags=0b000010010010
  xmm0=0x00003ad400003ad40000f1ce0000f1ce xmm1=0x0000903d0000903d0000364600003646 
  xmm2=0x0000bc220000bc2200005c5e00005c5e xmm3=0x000076470000764700009b6500009b65 
  xmm4=0x0000323a0000323a0000c91a0000c91a xmm5=0x000096f5000096f5000037d9000037d9 
  xmm6=0x0000ff840000ff8400007bb200007bb2 xmm7=0x0000a9b50000a9b500007e3500007e35 

0x3049: adc rax, rdi
  rax=0x00007d0a00007d0a rbx=0x0000245f0000245f rcx=0x0000571a0000571a rdx=0x0000505100005051
  rsi=0x000023f4000023f4 rdi=0x00000000000014b6 flags=0b000000000010
  xmm0=0x00003ad400003ad40000f1ce0000f1ce xmm1=0x0000903d0000903d0000364600003646 
  xmm2=0x0000bc220000bc2200005c5e00005c5e xmm3=0x000076470000764700009b6500009b65 
  xmm4=0x0000323a0000323a0000c91a0000c91a xmm5=0x000096f5000096f5000037d9000037d9 
  xmm6=0x0000ff840000ff8400007bb200007bb2 xmm7=0x0000a9b50000a9b500007e3500007e35 

0x304c: and rbx, 0b1111111111111
  rax=0x00007d0a000091c0 rbx=0x0000245f0000245f rcx=0x0000571a0000571a rdx=0x0000505100005051
  rsi=0x000023f4000023f4 rdi=0x00000000000014b6 flags=0b000000010110
  xmm0=0x00003ad400003ad40000f1ce0000f1ce xmm1=0x0000903d0000903d0000364600003646 
  xmm2=0x0000bc220000bc2200005c5e00005c5e xmm3=0x000076470000764700009b6500009b65 
  xmm4=0x0000323a0000323a0000c91a0000c91a xmm5=0x000096f5000096f5000037d9000037d9 
  xmm6=0x0000ff840000ff8400007bb200007bb2 xmm7=0x0000a9b50000a9b500007e3500007e35 

0x3053: movsxd rbx, [r14 +rbx]
  rax=0x00007d0a000091c0 rbx=0x000000000000045f rcx=0x0000571a0000571a rdx=0x0000505100005051
  rsi=0x000023f4000023f4 rdi=0x00000000000014b6 flags=0b000000000110
  xmm0=0x00003ad400003ad40000f1ce0000f1ce xmm1=0x0000903d0000903d0000364600003646 
  xmm2=0x0000bc220000bc2200005c5e00005c5e xmm3=0x000076470000764700009b6500009b65 
  xmm4=0x0000323a0000323a0000c91a0000c91a xmm5=0x000096f5000096f5000037d9000037d9 
  xmm6=0x0000ff840000ff8400007bb200007bb2 xmm7=0x0000a9b50000a9b500007e3500007e35 

    > load from +0x445f value 0x2e7d00
0x3057: and rdx, 0b1111111111111
  rax=0x00007d0a000091c0 rbx=0x00000000002e7d00 rcx=0x0000571a0000571a rdx=0x0000505100005051
  rsi=0x000023f4000023f4 rdi=0x00000000000014b6 flags=0b000000000110
  xmm0=0x00003ad400003ad40000f1ce0000f1ce xmm1=0x0000903d0000903d0000364600003646 
  xmm2=0x0000bc220000bc2200005c5e00005c5e xmm3=0x000076470000764700009b6500009b65 
  xmm4=0x0000323a0000323a0000c91a0000c91a xmm5=0x000096f5000096f5000037d9000037d9 
  xmm6=0x0000ff840000ff8400007bb200007bb2 xmm7=0x0000a9b50000a9b500007e3500007e35 

0x305e: mov al, [r14 +rdx]
  rax=0x00007d0a000091c0 rbx=0x00000000002e7d00 rcx=0x0000571a0000571a rdx=0x0000000000001051
  rsi=0x000023f4000023f4 rdi=0x00000000000014b6 flags=0b000000000010
  xmm0=0x00003ad400003ad40000f1ce0000f1ce xmm1=0x0000903d0000903d0000364600003646 
  xmm2=0x0000bc220000bc2200005c5e00005c5e xmm3=0x000076470000764700009b6500009b65 
  xmm4=0x0000323a0000323a0000c91a0000c91a xmm5=0x000096f5000096f5000037d9000037d9 
  xmm6=0x0000ff840000ff8400007bb200007bb2 xmm7=0x0000a9b50000a9b500007e3500007e35 

    > load from +0x5051 value 0x8a
0x3062: add eax, esi
  rax=0x00007d0a0000918a rbx=0x00000000002e7d00 rcx=0x0000571a0000571a rdx=0x0000000000001051
  rsi=0x000023f4000023f4 rdi=0x00000000000014b6 flags=0b000000000010
  xmm0=0x00003ad400003ad40000f1ce0000f1ce xmm1=0x0000903d0000903d0000364600003646 
  xmm2=0x0000bc220000bc2200005c5e00005c5e xmm3=0x000076470000764700009b6500009b65 
  xmm4=0x0000323a0000323a0000c91a0000c91a xmm5=0x000096f5000096f5000037d9000037d9 
  xmm6=0x0000ff840000ff8400007bb200007bb2 xmm7=0x0000a9b50000a9b500007e3500007e35 

0x3064: and rbx, 0b1111111111111
  rax=0x000000000000b57e rbx=0x00000000002e7d00 rcx=0x0000571a0000571a rdx=0x0000000000001051
  rsi=0x000023f4000023f4 rdi=0x00000000000014b6 flags=0b000000000110
  xmm0=0x00003ad400003ad40000f1ce0000f1ce xmm1=0x0000903d0000903d0000364600003646 
  xmm2=0x0000bc220000bc2200005c5e00005c5e xmm3=0x000076470000764700009b6500009b65 
  xmm4=0x0000323a0000323a0000c91a0000c91a xmm5=0x000096f5000096f5000037d9000037d9 
  xmm6=0x0000ff840000ff8400007bb200007bb2 xmm7=0x0000a9b50000a9b500007e3500007e35 

0x306b: imul [r14 +rbx]
  rax=0x000000000000b57e rbx=0x0000000000001d00 rcx=0x0000571a0000571a rdx=0x0000000000001051
  rsi=0x000023f4000023f4 rdi=0x00000000000014b6 flags=0b000000000110
  xmm0=0x00003ad400003ad40000f1ce0000f1ce xmm1=0x0000903d0000903d0000364600003646 
  xmm2=0x0000bc220000bc2200005c5e00005c5e xmm3=0x000076470000764700009b6500009b65 
  xmm4=0x0000323a0000323a0000c91a0000c91a xmm5=0x000096f5000096f5000037d9000037d9 
  xmm6=0x0000ff840000ff8400007bb200007bb2 xmm7=0x0000a9b50000a9b500007e3500007e35 

    > load from +0x5d00 value 0x93f
0x3070: add sil, 27
  rax=0x0000000000001802 rbx=0x0000000000001d00 rcx=0x0000571a0000571a rdx=0x000000000000fd4f
  rsi=0x000023f4000023f4 rdi=0x00000000000014b6 flags=0b100000000011
  xmm0=0x00003ad400003ad40000f1ce0000f1ce xmm1=0x0000903d0000903d0000364600003646 
  xmm2=0x0000bc220000bc2200005c5e00005c5e xmm3=0x000076470000764700009b6500009b65 
  xmm4=0x0000323a0000323a0000c91a0000c91a xmm5=0x000096f5000096f5000037d9000037d9 
  xmm6=0x0000ff840000ff8400007bb200007bb2 xmm7=0x0000a9b50000a9b500007e3500007e35 

0x3074: and rcx, 0b1111111111111
  rax=0x0000000000001802 rbx=0x0000000000001d00 rcx=0x0000571a0000571a rdx=0x000000000000fd4f
  rsi=0x000023f40000230f rdi=0x00000000000014b6 flags=0b000000000111
  xmm0=0x00003ad400003ad40000f1ce0000f1ce xmm1=0x0000903d0000903d0000364600003646 
  xmm2=0x0000bc220000bc2200005c5e00005c5e xmm3=0x000076470000764700009b6500009b65 
  xmm4=0x0000323a0000323a0000c91a0000c91a xmm5=0x000096f5000096f5000037d9000037d9 
  xmm6=0x0000ff840000ff8400007bb200007bb2 xmm7=0x0000a9b50000a9b500007e3500007e35 

0x307b: cmovnp ecx, [r14 +rcx]
  rax=0x0000000000001802 rbx=0x0000000000001d00 rcx=0x000000000000171a rdx=0x000000000000fd4f
  rsi=0x000023f40000230f rdi=0x00000000000014b6 flags=0b000000000010
  xmm0=0x00003ad400003ad40000f1ce0000f1ce xmm1=0x0000903d0000903d0000364600003646 
  xmm2=0x0000bc220000bc2200005c5e00005c5e xmm3=0x000076470000764700009b6500009b65 
  xmm4=0x0000323a0000323a0000c91a0000c91a xmm5=0x000096f5000096f5000037d9000037d9 
  xmm6=0x0000ff840000ff8400007bb200007bb2 xmm7=0x0000a9b50000a9b500007e3500007e35 

    > load from +0x571a value 0xc0570000
0x3080: or rbx, 0b1000000000000000000000000000000
  rax=0x0000000000001802 rbx=0x0000000000001d00 rcx=0x00000000c0570000 rdx=0x000000000000fd4f
  rsi=0x000023f40000230f rdi=0x00000000000014b6 flags=0b000000000010
  xmm0=0x00003ad400003ad40000f1ce0000f1ce xmm1=0x0000903d0000903d0000364600003646 
  xmm2=0x0000bc220000bc2200005c5e00005c5e xmm3=0x000076470000764700009b6500009b65 
  xmm4=0x0000323a0000323a0000c91a0000c91a xmm5=0x000096f5000096f5000037d9000037d9 
  xmm6=0x0000ff840000ff8400007bb200007bb2 xmm7=0x0000a9b50000a9b500007e3500007e35 

0x3087: bsr rbx, rbx
  rax=0x0000000000001802 rbx=0x0000000040001d00 rcx=0x00000000c0570000 rdx=0x000000000000fd4f
  rsi=0x000023f40000230f rdi=0x00000000000014b6 flags=0b000000000110
  xmm0=0x00003ad400003ad40000f1ce0000f1ce xmm1=0x0000903d0000903d0000364600003646 
  xmm2=0x0000bc220000bc2200005c5e00005c5e xmm3=0x000076470000764700009b6500009b65 
  xmm4=0x0000323a0000323a0000c91a0000c91a xmm5=0x000096f5000096f5000037d9000037d9 
  xmm6=0x0000ff840000ff8400007bb200007bb2 xmm7=0x0000a9b50000a9b500007e3500007e35 

0x308b: and rdx, 0b1111111111111
  rax=0x0000000000001802 rbx=0x000000000000001e rcx=0x00000000c0570000 rdx=0x000000000000fd4f
  rsi=0x000023f40000230f rdi=0x00000000000014b6 flags=0b000000000110
  xmm0=0x00003ad400003ad40000f1ce0000f1ce xmm1=0x0000903d0000903d0000364600003646 
  xmm2=0x0000bc220000bc2200005c5e00005c5e xmm3=0x000076470000764700009b6500009b65 
  xmm4=0x0000323a0000323a0000c91a0000c91a xmm5=0x000096f5000096f5000037d9000037d9 
  xmm6=0x0000ff840000ff8400007bb200007bb2 xmm7=0x0000a9b50000a9b500007e3500007e35 

0x3092: and rax, [r14 +rdx]
  rax=0x0000000000001802 rbx=0x000000000000001e rcx=0x00000000c0570000 rdx=0x0000000000001d4f
  rsi=0x000023f40000230f rdi=0x00000000000014b6 flags=0b000000000010
  xmm0=0x00003ad400003ad40000f1ce0000f1ce xmm1=0x0000903d0000903d0000364600003646 
  xmm2=0x0000bc220000bc2200005c5e00005c5e xmm3=0x000076470000764700009b6500009b65 
  xmm4=0x0000323a0000323a0000c91a0000c91a xmm5=0x000096f5000096f5000037d9000037d9 
  xmm6=0x0000ff840000ff8400007bb200007bb2 xmm7=0x0000a9b50000a9b500007e3500007e35 

    > load from +0x5d4f value 0x7b3000007b300
0x3096: and rax, 0b1111111111111
  rax=0x0000000000001000 rbx=0x000000000000001e rcx=0x00000000c0570000 rdx=0x0000000000001d4f
  rsi=0x000023f40000230f rdi=0x00000000000014b6 flags=0b000000000110
  xmm0=0x00003ad400003ad40000f1ce0000f1ce xmm1=0x0000903d0000903d0000364600003646 
  xmm2=0x0000bc220000bc2200005c5e00005c5e xmm3=0x000076470000764700009b6500009b65 
  xmm4=0x0000323a0000323a0000c91a0000c91a xmm5=0x000096f5000096f5000037d9000037d9 
  xmm6=0x0000ff840000ff8400007bb200007bb2 xmm7=0x0000a9b50000a9b500007e3500007e35 

0x309c: or [r14 +rax], 0b1000000000000000000000000000000
  rax=0x0000000000001000 rbx=0x000000000000001e rcx=0x00000000c0570000 rdx=0x0000000000001d4f
  rsi=0x000023f40000230f rdi=0x00000000000014b6 flags=0b000000000110
  xmm0=0x00003ad400003ad40000f1ce0000f1ce xmm1=0x0000903d0000903d0000364600003646 
  xmm2=0x0000bc220000bc2200005c5e00005c5e xmm3=0x000076470000764700009b6500009b65 
  xmm4=0x0000323a0000323a0000c91a0000c91a xmm5=0x000096f5000096f5000037d9000037d9 
  xmm6=0x0000ff840000ff8400007bb200007bb2 xmm7=0x0000a9b50000a9b500007e3500007e35 

    > load from +0x5000 value 0x828400008284
    > store to +0x5000 value 0x828440008284
0x30a4: bsf rdi, [r14 +rax]
  rax=0x0000000000001000 rbx=0x000000000000001e rcx=0x00000000c0570000 rdx=0x0000000000001d4f
  rsi=0x000023f40000230f rdi=0x00000000000014b6 flags=0b000000000110
  xmm0=0x00003ad400003ad40000f1ce0000f1ce xmm1=0x0000903d0000903d0000364600003646 
  xmm2=0x0000bc220000bc2200005c5e00005c5e xmm3=0x000076470000764700009b6500009b65 
  xmm4=0x0000323a0000323a0000c91a0000c91a xmm5=0x000096f5000096f5000037d9000037d9 
  xmm6=0x0000ff840000ff8400007bb200007bb2 xmm7=0x0000a9b50000a9b500007e3500007e35 

    > load from +0x5000 value 0x828440008284
0x30a9: and rbx, 0b1111111111111
  rax=0x0000000000001000 rbx=0x000000000000001e rcx=0x00000000c0570000 rdx=0x0000000000001d4f
  rsi=0x000023f40000230f rdi=0x0000000000000002 flags=0b000000000110
  xmm0=0x00003ad400003ad40000f1ce0000f1ce xmm1=0x0000903d0000903d0000364600003646 
  xmm2=0x0000bc220000bc2200005c5e00005c5e xmm3=0x000076470000764700009b6500009b65 
  xmm4=0x0000323a0000323a0000c91a0000c91a xmm5=0x000096f5000096f5000037d9000037d9 
  xmm6=0x0000ff840000ff8400007bb200007bb2 xmm7=0x0000a9b50000a9b500007e3500007e35 

0x30b0: mov rdx, [r14 +rbx]
  rax=0x0000000000001000 rbx=0x000000000000001e rcx=0x00000000c0570000 rdx=0x0000000000001d4f
  rsi=0x000023f40000230f rdi=0x0000000000000002 flags=0b000000000110
  xmm0=0x00003ad400003ad40000f1ce0000f1ce xmm1=0x0000903d0000903d0000364600003646 
  xmm2=0x0000bc220000bc2200005c5e00005c5e xmm3=0x000076470000764700009b6500009b65 
  xmm4=0x0000323a0000323a0000c91a0000c91a xmm5=0x000096f5000096f5000037d9000037d9 
  xmm6=0x0000ff840000ff8400007bb200007bb2 xmm7=0x0000a9b50000a9b500007e3500007e35 

    > load from +0x401e value 0x91e1000091e10000
0x30b4: and rdi, 0b1111111111111
  rax=0x0000000000001000 rbx=0x000000000000001e rcx=0x00000000c0570000 rdx=0x91e1000091e10000
  rsi=0x000023f40000230f rdi=0x0000000000000002 flags=0b000000000110
  xmm0=0x00003ad400003ad40000f1ce0000f1ce xmm1=0x0000903d0000903d0000364600003646 
  xmm2=0x0000bc220000bc2200005c5e00005c5e xmm3=0x000076470000764700009b6500009b65 
  xmm4=0x0000323a0000323a0000c91a0000c91a xmm5=0x000096f5000096f5000037d9000037d9 
  xmm6=0x0000ff840000ff8400007bb200007bb2 xmm7=0x0000a9b50000a9b500007e3500007e35 

0x30bb: or [r14 +rdi], 1
  rax=0x0000000000001000 rbx=0x000000000000001e rcx=0x00000000c0570000 rdx=0x91e1000091e10000
  rsi=0x000023f40000230f rdi=0x0000000000000002 flags=0b000000000010
  xmm0=0x00003ad400003ad40000f1ce0000f1ce xmm1=0x0000903d0000903d0000364600003646 
  xmm2=0x0000bc220000bc2200005c5e00005c5e xmm3=0x000076470000764700009b6500009b65 
  xmm4=0x0000323a0000323a0000c91a0000c91a xmm5=0x000096f5000096f5000037d9000037d9 
  xmm6=0x0000ff840000ff8400007bb200007bb2 xmm7=0x0000a9b50000a9b500007e3500007e35 

    > load from +0x4002 value 0x755b0000
    > store to +0x4002 value 0x755b0001
0x30c0: and edx, [r14 +rdi]
  rax=0x0000000000001000 rbx=0x000000000000001e rcx=0x00000000c0570000 rdx=0x91e1000091e10000
  rsi=0x000023f40000230f rdi=0x0000000000000002 flags=0b000000000010
  xmm0=0x00003ad400003ad40000f1ce0000f1ce xmm1=0x0000903d0000903d0000364600003646 
  xmm2=0x0000bc220000bc2200005c5e00005c5e xmm3=0x000076470000764700009b6500009b65 
  xmm4=0x0000323a0000323a0000c91a0000c91a xmm5=0x000096f5000096f5000037d9000037d9 
  xmm6=0x0000ff840000ff8400007bb200007bb2 xmm7=0x0000a9b50000a9b500007e3500007e35 

    > load from +0x4002 value 0x755b0001
0x30c4: shr edx, 1
  rax=0x0000000000001000 rbx=0x000000000000001e rcx=0x00000000c0570000 rdx=0x0000000011410000
  rsi=0x000023f40000230f rdi=0x0000000000000002 flags=0b000000000110
  xmm0=0x00003ad400003ad40000f1ce0000f1ce xmm1=0x0000903d0000903d0000364600003646 
  xmm2=0x0000bc220000bc2200005c5e00005c5e xmm3=0x000076470000764700009b6500009b65 
  xmm4=0x0000323a0000323a0000c91a0000c91a xmm5=0x000096f5000096f5000037d9000037d9 
  xmm6=0x0000ff840000ff8400007bb200007bb2 xmm7=0x0000a9b50000a9b500007e3500007e35 

0x30c6: div [r14 +rdi]
  rax=0x0000000000001000 rbx=0x000000000000001e rcx=0x00000000c0570000 rdx=0x0000000008a08000
  rsi=0x000023f40000230f rdi=0x0000000000000002 flags=0b000000000110
  xmm0=0x00003ad400003ad40000f1ce0000f1ce xmm1=0x0000903d0000903d0000364600003646 
  xmm2=0x0000bc220000bc2200005c5e00005c5e xmm3=0x000076470000764700009b6500009b65 
  xmm4=0x0000323a0000323a0000c91a0000c91a xmm5=0x000096f5000096f5000037d9000037d9 
  xmm6=0x0000ff840000ff8400007bb200007bb2 xmm7=0x0000a9b50000a9b500007e3500007e35 

    > load from +0x4002 value 0x755b0001
0x30ca: and rcx, 0b1111111111111
  rax=0x0000000012d1a2f7 rbx=0x000000000000001e rcx=0x00000000c0570000 rdx=0x000000001c616d09
  rsi=0x000023f40000230f rdi=0x0000000000000002 flags=0b000000000110
  xmm0=0x00003ad400003ad40000f1ce0000f1ce xmm1=0x0000903d0000903d0000364600003646 
  xmm2=0x0000bc220000bc2200005c5e00005c5e xmm3=0x000076470000764700009b6500009b65 
  xmm4=0x0000323a0000323a0000c91a0000c91a xmm5=0x000096f5000096f5000037d9000037d9 
  xmm6=0x0000ff840000ff8400007bb200007bb2 xmm7=0x0000a9b50000a9b500007e3500007e35 

0x30d1: add dil, 60
  rax=0x0000000012d1a2f7 rbx=0x000000000000001e rcx=0x0000000000000000 rdx=0x000000001c616d09
  rsi=0x000023f40000230f rdi=0x0000000000000002 flags=0b000001000110
  xmm0=0x00003ad400003ad40000f1ce0000f1ce xmm1=0x0000903d0000903d0000364600003646 
  xmm2=0x0000bc220000bc2200005c5e00005c5e xmm3=0x000076470000764700009b6500009b65 
  xmm4=0x0000323a0000323a0000c91a0000c91a xmm5=0x000096f5000096f5000037d9000037d9 
  xmm6=0x0000ff840000ff8400007bb200007bb2 xmm7=0x0000a9b50000a9b500007e3500007e35 

0x30d5: and rdi, 0b1111111111111
  rax=0x0000000012d1a2f7 rbx=0x000000000000001e rcx=0x0000000000000000 rdx=0x000000001c616d09
  rsi=0x000023f40000230f rdi=0x000000000000003e flags=0b000000000010
  xmm0=0x00003ad400003ad40000f1ce0000f1ce xmm1=0x0000903d0000903d0000364600003646 
  xmm2=0x0000bc220000bc2200005c5e00005c5e xmm3=0x000076470000764700009b6500009b65 
  xmm4=0x0000323a0000323a0000c91a0000c91a xmm5=0x000096f5000096f5000037d9000037d9 
  xmm6=0x0000ff840000ff8400007bb200007bb2 xmm7=0x0000a9b50000a9b500007e3500007e35 

0x30dc: cwd 
  rax=0x0000000012d1a2f7 rbx=0x000000000000001e rcx=0x0000000000000000 rdx=0x000000001c616d09
  rsi=0x000023f40000230f rdi=0x000000000000003e flags=0b000000000010
  xmm0=0x00003ad400003ad40000f1ce0000f1ce xmm1=0x0000903d0000903d0000364600003646 
  xmm2=0x0000bc220000bc2200005c5e00005c5e xmm3=0x000076470000764700009b6500009b65 
  xmm4=0x0000323a0000323a0000c91a0000c91a xmm5=0x000096f5000096f5000037d9000037d9 
  xmm6=0x0000ff840000ff8400007bb200007bb2 xmm7=0x0000a9b50000a9b500007e3500007e35 

0x30de: and rdx, 0b1111111111111
  rax=0x0000000012d1a2f7 rbx=0x000000000000001e rcx=0x0000000000000000 rdx=0x000000001c61ffff
  rsi=0x000023f40000230f rdi=0x000000000000003e flags=0b000000000010
  xmm0=0x00003ad400003ad40000f1ce0000f1ce xmm1=0x0000903d0000903d0000364600003646 
  xmm2=0x0000bc220000bc2200005c5e00005c5e xmm3=0x000076470000764700009b6500009b65 
  xmm4=0x0000323a0000323a0000c91a0000c91a xmm5=0x000096f5000096f5000037d9000037d9 
  xmm6=0x0000ff840000ff8400007bb200007bb2 xmm7=0x0000a9b50000a9b500007e3500007e35 

0x30e5: cmovno rdx, [r14 +rdx]
  rax=0x0000000012d1a2f7 rbx=0x000000000000001e rcx=0x0000000000000000 rdx=0x0000000000001fff
  rsi=0x000023f40000230f rdi=0x000000000000003e flags=0b000000000110
  xmm0=0x00003ad400003ad40000f1ce0000f1ce xmm1=0x0000903d0000903d0000364600003646 
  xmm2=0x0000bc220000bc2200005c5e00005c5e xmm3=0x000076470000764700009b6500009b65 
  xmm4=0x0000323a0000323a0000c91a0000c91a xmm5=0x000096f5000096f5000037d9000037d9 
  xmm6=0x0000ff840000ff8400007bb200007bb2 xmm7=0x0000a9b50000a9b500007e3500007e35 

    > load from +0x5fff value 0xfd400000fd4000
0x30ea: and rdx, 0b1111111111111
  rax=0x0000000012d1a2f7 rbx=0x000000000000001e rcx=0x0000000000000000 rdx=0x00fd400000fd4000
  rsi=0x000023f40000230f rdi=0x000000000000003e flags=0b000000000110
  xmm0=0x00003ad400003ad40000f1ce0000f1ce xmm1=0x0000903d0000903d0000364600003646 
  xmm2=0x0000bc220000bc2200005c5e00005c5e xmm3=0x000076470000764700009b6500009b65 
  xmm4=0x0000323a0000323a0000c91a0000c91a xmm5=0x000096f5000096f5000037d9000037d9 
  xmm6=0x0000ff840000ff8400007bb200007bb2 xmm7=0x0000a9b50000a9b500007e3500007e35 

0x30f1: or [r14 +rdx], 0b1000
  rax=0x0000000012d1a2f7 rbx=0x000000000000001e rcx=0x0000000000000000 rdx=0x0000000000000000
  rsi=0x000023f40000230f rdi=0x000000000000003e flags=0b000001000110
  xmm0=0x00003ad400003ad40000f1ce0000f1ce xmm1=0x0000903d0000903d0000364600003646 
  xmm2=0x0000bc220000bc2200005c5e00005c5e xmm3=0x000076470000764700009b6500009b65 
  xmm4=0x0000323a0000323a0000c91a0000c91a xmm5=0x000096f5000096f5000037d9000037d9 
  xmm6=0x0000ff840000ff8400007bb200007bb2 xmm7=0x0000a9b50000a9b500007e3500007e35 

    > load from +0x4000 value 0x1755b
    > store to +0x4000 value 0x1755b
0x30f6: and [r14 +rdx], 0b11111000
  rax=0x0000000012d1a2f7 rbx=0x000000000000001e rcx=0x0000000000000000 rdx=0x0000000000000000
  rsi=0x000023f40000230f rdi=0x000000000000003e flags=0b000000000010
  xmm0=0x00003ad400003ad40000f1ce0000f1ce xmm1=0x0000903d0000903d0000364600003646 
  xmm2=0x0000bc220000bc2200005c5e00005c5e xmm3=0x000076470000764700009b6500009b65 
  xmm4=0x0000323a0000323a0000c91a0000c91a xmm5=0x000096f5000096f5000037d9000037d9 
  xmm6=0x0000ff840000ff8400007bb200007bb2 xmm7=0x0000a9b50000a9b500007e3500007e35 

    > load from +0x4000 value 0x5b
    > store to +0x4000 value 0x58
0x30fb: add dil, 43
  rax=0x0000000012d1a2f7 rbx=0x000000000000001e rcx=0x0000000000000000 rdx=0x0000000000000000
  rsi=0x000023f40000230f rdi=0x000000000000003e flags=0b000000000010
  xmm0=0x00003ad400003ad40000f1ce0000f1ce xmm1=0x0000903d0000903d0000364600003646 
  xmm2=0x0000bc220000bc2200005c5e00005c5e xmm3=0x000076470000764700009b6500009b65 
  xmm4=0x0000323a0000323a0000c91a0000c91a xmm5=0x000096f5000096f5000037d9000037d9 
  xmm6=0x0000ff840000ff8400007bb200007bb2 xmm7=0x0000a9b50000a9b500007e3500007e35 

0x30ff: and rcx, 0b1111111111111
  rax=0x0000000012d1a2f7 rbx=0x000000000000001e rcx=0x0000000000000000 rdx=0x0000000000000000
  rsi=0x000023f40000230f rdi=0x0000000000000069 flags=0b000000010110
  xmm0=0x00003ad400003ad40000f1ce0000f1ce xmm1=0x0000903d0000903d0000364600003646 
  xmm2=0x0000bc220000bc2200005c5e00005c5e xmm3=0x000076470000764700009b6500009b65 
  xmm4=0x0000323a0000323a0000c91a0000c91a xmm5=0x000096f5000096f5000037d9000037d9 
  xmm6=0x0000ff840000ff8400007bb200007bb2 xmm7=0x0000a9b50000a9b500007e3500007e35 

0x3106: cmovle esi, [r14 +rcx]
  rax=0x0000000012d1a2f7 rbx=0x000000000000001e rcx=0x0000000000000000 rdx=0x0000000000000000
  rsi=0x000023f40000230f rdi=0x0000000000000069 flags=0b000001000110
  xmm0=0x00003ad400003ad40000f1ce0000f1ce xmm1=0x0000903d0000903d0000364600003646 
  xmm2=0x0000bc220000bc2200005c5e00005c5e xmm3=0x000076470000764700009b6500009b65 
  xmm4=0x0000323a0000323a0000c91a0000c91a xmm5=0x000096f5000096f5000037d9000037d9 
  xmm6=0x0000ff840000ff8400007bb200007bb2 xmm7=0x0000a9b50000a9b500007e3500007e35 

    > load from +0x4000 value 0x17558
0x310b: macro .switch, .main.function_main_1
  rax=0x0000000012d1a2f7 rbx=0x000000000000001e rcx=0x0000000000000000 rdx=0x0000000000000000
  rsi=0x0000000000017558 rdi=0x0000000000000069 flags=0b000001000110
  xmm0=0x00003ad400003ad40000f1ce0000f1ce xmm1=0x0000903d0000903d0000364600003646 
  xmm2=0x0000bc220000bc2200005c5e00005c5e xmm3=0x000076470000764700009b6500009b65 
  xmm4=0x0000323a0000323a0000c91a0000c91a xmm5=0x000096f5000096f5000037d9000037d9 
  xmm6=0x0000ff840000ff8400007bb200007bb2 xmm7=0x0000a9b50000a9b500007e3500007e35 

0x8 : and rsi, 0b1111111111111
  rax=0x0000000012d1a2f7 rbx=0x000000000000001e rcx=0x0000000000000000 rdx=0x0000000000000000
  rsi=0x0000000000017558 rdi=0x0000000000000069 flags=0b000001000110
  xmm0=0x00003ad400003ad40000f1ce0000f1ce xmm1=0x0000903d0000903d0000364600003646 
  xmm2=0x0000bc220000bc2200005c5e00005c5e xmm3=0x000076470000764700009b6500009b65 
  xmm4=0x0000323a0000323a0000c91a0000c91a xmm5=0x000096f5000096f5000037d9000037d9 
  xmm6=0x0000ff840000ff8400007bb200007bb2 xmm7=0x0000a9b50000a9b500007e3500007e35 

0xf : cmovnl rsi, [r14 +rsi]
  rax=0x0000000012d1a2f7 rbx=0x000000000000001e rcx=0x0000000000000000 rdx=0x0000000000000000
  rsi=0x0000000000001558 rdi=0x0000000000000069 flags=0b000000000010
  xmm0=0x00003ad400003ad40000f1ce0000f1ce xmm1=0x0000903d0000903d0000364600003646 
  xmm2=0x0000bc220000bc2200005c5e00005c5e xmm3=0x000076470000764700009b6500009b65 
  xmm4=0x0000323a0000323a0000c91a0000c91a xmm5=0x000096f5000096f5000037d9000037d9 
  xmm6=0x0000ff840000ff8400007bb200007bb2 xmm7=0x0000a9b50000a9b500007e3500007e35 

    > load from +0x1558 value 0x72b4000072b4
0x14: and rsi, 0b1111111111111
  rax=0x0000000012d1a2f7 rbx=0x000000000000001e rcx=0x0000000000000000 rdx=0x0000000000000000
  rsi=0x000072b4000072b4 rdi=0x0000000000000069 flags=0b000000000010
  xmm0=0x00003ad400003ad40000f1ce0000f1ce xmm1=0x0000903d0000903d0000364600003646 
  xmm2=0x0000bc220000bc2200005c5e00005c5e xmm3=0x000076470000764700009b6500009b65 
  xmm4=0x0000323a0000323a0000c91a0000c91a xmm5=0x000096f5000096f5000037d9000037d9 
  xmm6=0x0000ff840000ff8400007bb200007bb2 xmm7=0x0000a9b50000a9b500007e3500007e35 

0x1b: mov eax, [r14 +rsi]
  rax=0x0000000012d1a2f7 rbx=0x000000000000001e rcx=0x0000000000000000 rdx=0x0000000000000000
  rsi=0x00000000000012b4 rdi=0x0000000000000069 flags=0b000000000110
  xmm0=0x00003ad400003ad40000f1ce0000f1ce xmm1=0x0000903d0000903d0000364600003646 
  xmm2=0x0000bc220000bc2200005c5e00005c5e xmm3=0x000076470000764700009b6500009b65 
  xmm4=0x0000323a0000323a0000c91a0000c91a xmm5=0x000096f5000096f5000037d9000037d9 
  xmm6=0x0000ff840000ff8400007bb200007bb2 xmm7=0x0000a9b50000a9b500007e3500007e35 

    > load from +0x12b4 value 0xffa1
0x1f: and rax, 0b1111111111111
  rax=0x000000000000ffa1 rbx=0x000000000000001e rcx=0x0000000000000000 rdx=0x0000000000000000
  rsi=0x00000000000012b4 rdi=0x0000000000000069 flags=0b000000000110
  xmm0=0x00003ad400003ad40000f1ce0000f1ce xmm1=0x0000903d0000903d0000364600003646 
  xmm2=0x0000bc220000bc2200005c5e00005c5e xmm3=0x000076470000764700009b6500009b65 
  xmm4=0x0000323a0000323a0000c91a0000c91a xmm5=0x000096f5000096f5000037d9000037d9 
  xmm6=0x0000ff840000ff8400007bb200007bb2 xmm7=0x0000a9b50000a9b500007e3500007e35 

0x25: cmp bx, [r14 +rax]
  rax=0x0000000000001fa1 rbx=0x000000000000001e rcx=0x0000000000000000 rdx=0x0000000000000000
  rsi=0x00000000000012b4 rdi=0x0000000000000069 flags=0b000000000010
  xmm0=0x00003ad400003ad40000f1ce0000f1ce xmm1=0x0000903d0000903d0000364600003646 
  xmm2=0x0000bc220000bc2200005c5e00005c5e xmm3=0x000076470000764700009b6500009b65 
  xmm4=0x0000323a0000323a0000c91a0000c91a xmm5=0x000096f5000096f5000037d9000037d9 
  xmm6=0x0000ff840000ff8400007bb200007bb2 xmm7=0x0000a9b50000a9b500007e3500007e35 

    > load from +0x1fa1 value 0x8c
0x2a: macro .switch, .actor2.function_actor2_1
  rax=0x0000000000001fa1 rbx=0x000000000000001e rcx=0x0000000000000000 rdx=0x0000000000000000
  rsi=0x00000000000012b4 rdi=0x0000000000000069 flags=0b000010000011
  xmm0=0x00003ad400003ad40000f1ce0000f1ce xmm1=0x0000903d0000903d0000364600003646 
  xmm2=0x0000bc220000bc2200005c5e00005c5e xmm3=0x000076470000764700009b6500009b65 
  xmm4=0x0000323a0000323a0000c91a0000c91a xmm5=0x000096f5000096f5000037d9000037d9 
  xmm6=0x0000ff840000ff8400007bb200007bb2 xmm7=0x0000a9b50000a9b500007e3500007e35 

0x3113: pushfq 
  rax=0x0000000000001fa1 rbx=0x000000000000001e rcx=0x0000000000000000 rdx=0x0000000000000000
  rsi=0x00000000000012b4 rdi=0x0000000000000069 flags=0b000010000011
  xmm0=0x00003ad400003ad40000f1ce0000f1ce xmm1=0x0000903d0000903d0000364600003646 
  xmm2=0x0000bc220000bc2200005c5e00005c5e xmm3=0x000076470000764700009b6500009b65 
  xmm4=0x0000323a0000323a0000c91a0000c91a xmm5=0x000096f5000096f5000037d9000037d9 
  xmm6=0x0000ff840000ff8400007bb200007bb2 xmm7=0x0000a9b50000a9b500007e3500007e35 

    > store to +0x4ff0 value 0x83
0x3114: push rax
  rax=0x0000000000001fa1 rbx=0x000000000000001e rcx=0x0000000000000000 rdx=0x0000000000000000
  rsi=0x00000000000012b4 rdi=0x0000000000000069 flags=0b000010000011
  xmm0=0x00003ad400003ad40000f1ce0000f1ce xmm1=0x0000903d0000903d0000364600003646 
  xmm2=0x0000bc220000bc2200005c5e00005c5e xmm3=0x000076470000764700009b6500009b65 
  xmm4=0x0000323a0000323a0000c91a0000c91a xmm5=0x000096f5000096f5000037d9000037d9 
  xmm6=0x0000ff840000ff8400007bb200007bb2 xmm7=0x0000a9b50000a9b500007e3500007e35 

    > store to +0x4fe8 value 0x1fa1
0x3115: push rcx
  rax=0x0000000000001fa1 rbx=0x000000000000001e rcx=0x0000000000000000 rdx=0x0000000000000000
  rsi=0x00000000000012b4 rdi=0x0000000000000069 flags=0b000010000011
  xmm0=0x00003ad400003ad40000f1ce0000f1ce xmm1=0x0000903d0000903d0000364600003646 
  xmm2=0x0000bc220000bc2200005c5e00005c5e xmm3=0x000076470000764700009b6500009b65 
  xmm4=0x0000323a0000323a0000c91a0000c91a xmm5=0x000096f5000096f5000037d9000037d9 
  xmm6=0x0000ff840000ff8400007bb200007bb2 xmm7=0x0000a9b50000a9b500007e3500007e35 

    > store to +0x4fe0 value 0x0
0x3116: push rdx
  rax=0x0000000000001fa1 rbx=0x000000000000001e rcx=0x0000000000000000 rdx=0x0000000000000000
  rsi=0x00000000000012b4 rdi=0x0000000000000069 flags=0b000010000011
  xmm0=0x00003ad400003ad40000f1ce0000f1ce xmm1=0x0000903d0000903d0000364600003646 
  xmm2=0x0000bc220000bc2200005c5e00005c5e xmm3=0x000076470000764700009b6500009b65 
  xmm4=0x0000323a0000323a0000c91a0000c91a xmm5=0x000096f5000096f5000037d9000037d9 
  xmm6=0x0000ff840000ff8400007bb200007bb2 xmm7=0x0000a9b50000a9b500007e3500007e35 

    > store to +0x4fd8 value 0x0
0x3117: mov ecx, 0x48
  rax=0x0000000000001fa1 rbx=0x000000000000001e rcx=0x0000000000000000 rdx=0x0000000000000000
  rsi=0x00000000000012b4 rdi=0x0000000000000069 flags=0b000010000011
  xmm0=0x00003ad400003ad40000f1ce0000f1ce xmm1=0x0000903d0000903d0000364600003646 
  xmm2=0x0000bc220000bc2200005c5e00005c5e xmm3=0x000076470000764700009b6500009b65 
  xmm4=0x0000323a0000323a0000c91a0000c91a xmm5=0x000096f5000096f5000037d9000037d9 
  xmm6=0x0000ff840000ff8400007bb200007bb2 xmm7=0x0000a9b50000a9b500007e3500007e35 

0x311c: rdmsr 
  rax=0x0000000000001fa1 rbx=0x000000000000001e rcx=0x0000000000000048 rdx=0x0000000000000000
  rsi=0x00000000000012b4 rdi=0x0000000000000069 flags=0b000010000011
  xmm0=0x00003ad400003ad40000f1ce0000f1ce xmm1=0x0000903d0000903d0000364600003646 
  xmm2=0x0000bc220000bc2200005c5e00005c5e xmm3=0x000076470000764700009b6500009b65 
  xmm4=0x0000323a0000323a0000c91a0000c91a xmm5=0x000096f5000096f5000037d9000037d9 
  xmm6=0x0000ff840000ff8400007bb200007bb2 xmm7=0x0000a9b50000a9b500007e3500007e35 

0x311e: and eax, 0xfffffffb
  rax=0x0000000000000000 rbx=0x000000000000001e rcx=0x0000000000000048 rdx=0x0000000000000000
  rsi=0x00000000000012b4 rdi=0x0000000000000069 flags=0b000010000011
  xmm0=0x00003ad400003ad40000f1ce0000f1ce xmm1=0x0000903d0000903d0000364600003646 
  xmm2=0x0000bc220000bc2200005c5e00005c5e xmm3=0x000076470000764700009b6500009b65 
  xmm4=0x0000323a0000323a0000c91a0000c91a xmm5=0x000096f5000096f5000037d9000037d9 
  xmm6=0x0000ff840000ff8400007bb200007bb2 xmm7=0x0000a9b50000a9b500007e3500007e35 

0x3121: or eax, 0x100
  rax=0x0000000000000000 rbx=0x000000000000001e rcx=0x0000000000000048 rdx=0x0000000000000000
  rsi=0x00000000000012b4 rdi=0x0000000000000069 flags=0b000001000110
  xmm0=0x00003ad400003ad40000f1ce0000f1ce xmm1=0x0000903d0000903d0000364600003646 
  xmm2=0x0000bc220000bc2200005c5e00005c5e xmm3=0x000076470000764700009b6500009b65 
  xmm4=0x0000323a0000323a0000c91a0000c91a xmm5=0x000096f5000096f5000037d9000037d9 
  xmm6=0x0000ff840000ff8400007bb200007bb2 xmm7=0x0000a9b50000a9b500007e3500007e35 

0x3126: wrmsr 
  rax=0x0000000000000100 rbx=0x000000000000001e rcx=0x0000000000000048 rdx=0x0000000000000000
  rsi=0x00000000000012b4 rdi=0x0000000000000069 flags=0b000000000110
  xmm0=0x00003ad400003ad40000f1ce0000f1ce xmm1=0x0000903d0000903d0000364600003646 
  xmm2=0x0000bc220000bc2200005c5e00005c5e xmm3=0x000076470000764700009b6500009b65 
  xmm4=0x0000323a0000323a0000c91a0000c91a xmm5=0x000096f5000096f5000037d9000037d9 
  xmm6=0x0000ff840000ff8400007bb200007bb2 xmm7=0x0000a9b50000a9b500007e3500007e35 

0x3128: mfence 
  rax=0x0000000000000100 rbx=0x000000000000001e rcx=0x0000000000000048 rdx=0x0000000000000000
  rsi=0x00000000000012b4 rdi=0x0000000000000069 flags=0b000000000110
  xmm0=0x00003ad400003ad40000f1ce0000f1ce xmm1=0x0000903d0000903d0000364600003646 
  xmm2=0x0000bc220000bc2200005c5e00005c5e xmm3=0x000076470000764700009b6500009b65 
  xmm4=0x0000323a0000323a0000c91a0000c91a xmm5=0x000096f5000096f5000037d9000037d9 
  xmm6=0x0000ff840000ff8400007bb200007bb2 xmm7=0x0000a9b50000a9b500007e3500007e35 

0x312b: lfence 
  rax=0x0000000000000100 rbx=0x000000000000001e rcx=0x0000000000000048 rdx=0x0000000000000000
  rsi=0x00000000000012b4 rdi=0x0000000000000069 flags=0b000000000110
  xmm0=0x00003ad400003ad40000f1ce0000f1ce xmm1=0x0000903d0000903d0000364600003646 
  xmm2=0x0000bc220000bc2200005c5e00005c5e xmm3=0x000076470000764700009b6500009b65 
  xmm4=0x0000323a0000323a0000c91a0000c91a xmm5=0x000096f5000096f5000037d9000037d9 
  xmm6=0x0000ff840000ff8400007bb200007bb2 xmm7=0x0000a9b50000a9b500007e3500007e35 

0x312e: macro .measurement_end, .noarg
  rax=0x0000000000000100 rbx=0x000000000000001e rcx=0x0000000000000048 rdx=0x0000000000000000
  rsi=0x00000000000012b4 rdi=0x0000000000000069 flags=0b000000000110
  xmm0=0x00003ad400003ad40000f1ce0000f1ce xmm1=0x0000903d0000903d0000364600003646 
  xmm2=0x0000bc220000bc2200005c5e00005c5e xmm3=0x000076470000764700009b6500009b65 
  xmm4=0x0000323a0000323a0000c91a0000c91a xmm5=0x000096f5000096f5000037d9000037d9 
  xmm6=0x0000ff840000ff8400007bb200007bb2 xmm7=0x0000a9b50000a9b500007e3500007e35 

0x3136: mov ecx, 0x48
  rax=0x0000000000000100 rbx=0x000000000000001e rcx=0x0000000000000048 rdx=0x0000000000000000
  rsi=0x00000000000012b4 rdi=0x0000000000000069 flags=0b000000000110
  xmm0=0x00003ad400003ad40000f1ce0000f1ce xmm1=0x0000903d0000903d0000364600003646 
  xmm2=0x0000bc220000bc2200005c5e00005c5e xmm3=0x000076470000764700009b6500009b65 
  xmm4=0x0000323a0000323a0000c91a0000c91a xmm5=0x000096f5000096f5000037d9000037d9 
  xmm6=0x0000ff840000ff8400007bb200007bb2 xmm7=0x0000a9b50000a9b500007e3500007e35 

0x313b: rdmsr 
  rax=0x0000000000000100 rbx=0x000000000000001e rcx=0x0000000000000048 rdx=0x0000000000000000
  rsi=0x00000000000012b4 rdi=0x0000000000000069 flags=0b000000000110
  xmm0=0x00003ad400003ad40000f1ce0000f1ce xmm1=0x0000903d0000903d0000364600003646 
  xmm2=0x0000bc220000bc2200005c5e00005c5e xmm3=0x000076470000764700009b6500009b65 
  xmm4=0x0000323a0000323a0000c91a0000c91a xmm5=0x000096f5000096f5000037d9000037d9 
  xmm6=0x0000ff840000ff8400007bb200007bb2 xmm7=0x0000a9b50000a9b500007e3500007e35 

0x313d: and eax, 0xfffffffb
  rax=0x0000000000000000 rbx=0x000000000000001e rcx=0x0000000000000048 rdx=0x0000000000000000
  rsi=0x00000000000012b4 rdi=0x0000000000000069 flags=0b000000000110
  xmm0=0x00003ad400003ad40000f1ce0000f1ce xmm1=0x0000903d0000903d0000364600003646 
  xmm2=0x0000bc220000bc2200005c5e00005c5e xmm3=0x000076470000764700009b6500009b65 
  xmm4=0x0000323a0000323a0000c91a0000c91a xmm5=0x000096f5000096f5000037d9000037d9 
  xmm6=0x0000ff840000ff8400007bb200007bb2 xmm7=0x0000a9b50000a9b500007e3500007e35 

0x3140: and eax, 0xfffffeff
  rax=0x0000000000000000 rbx=0x000000000000001e rcx=0x0000000000000048 rdx=0x0000000000000000
  rsi=0x00000000000012b4 rdi=0x0000000000000069 flags=0b000001000110
  xmm0=0x00003ad400003ad40000f1ce0000f1ce xmm1=0x0000903d0000903d0000364600003646 
  xmm2=0x0000bc220000bc2200005c5e00005c5e xmm3=0x000076470000764700009b6500009b65 
  xmm4=0x0000323a0000323a0000c91a0000c91a xmm5=0x000096f5000096f5000037d9000037d9 
  xmm6=0x0000ff840000ff8400007bb200007bb2 xmm7=0x0000a9b50000a9b500007e3500007e35 

0x3145: wrmsr 
  rax=0x0000000000000000 rbx=0x000000000000001e rcx=0x0000000000000048 rdx=0x0000000000000000
  rsi=0x00000000000012b4 rdi=0x0000000000000069 flags=0b000001000110
  xmm0=0x00003ad400003ad40000f1ce0000f1ce xmm1=0x0000903d0000903d0000364600003646 
  xmm2=0x0000bc220000bc2200005c5e00005c5e xmm3=0x000076470000764700009b6500009b65 
  xmm4=0x0000323a0000323a0000c91a0000c91a xmm5=0x000096f5000096f5000037d9000037d9 
  xmm6=0x0000ff840000ff8400007bb200007bb2 xmm7=0x0000a9b50000a9b500007e3500007e35 

0x3147: mfence 
  rax=0x0000000000000000 rbx=0x000000000000001e rcx=0x0000000000000048 rdx=0x0000000000000000
  rsi=0x00000000000012b4 rdi=0x0000000000000069 flags=0b000001000110
  xmm0=0x00003ad400003ad40000f1ce0000f1ce xmm1=0x0000903d0000903d0000364600003646 
  xmm2=0x0000bc220000bc2200005c5e00005c5e xmm3=0x000076470000764700009b6500009b65 
  xmm4=0x0000323a0000323a0000c91a0000c91a xmm5=0x000096f5000096f5000037d9000037d9 
  xmm6=0x0000ff840000ff8400007bb200007bb2 xmm7=0x0000a9b50000a9b500007e3500007e35 

0x314a: lfence 
  rax=0x0000000000000000 rbx=0x000000000000001e rcx=0x0000000000000048 rdx=0x0000000000000000
  rsi=0x00000000000012b4 rdi=0x0000000000000069 flags=0b000001000110
  xmm0=0x00003ad400003ad40000f1ce0000f1ce xmm1=0x0000903d0000903d0000364600003646 
  xmm2=0x0000bc220000bc2200005c5e00005c5e xmm3=0x000076470000764700009b6500009b65 
  xmm4=0x0000323a0000323a0000c91a0000c91a xmm5=0x000096f5000096f5000037d9000037d9 
  xmm6=0x0000ff840000ff8400007bb200007bb2 xmm7=0x0000a9b50000a9b500007e3500007e35 

0x314d: pop rdx
  rax=0x0000000000000000 rbx=0x000000000000001e rcx=0x0000000000000048 rdx=0x0000000000000000
  rsi=0x00000000000012b4 rdi=0x0000000000000069 flags=0b000001000110
  xmm0=0x00003ad400003ad40000f1ce0000f1ce xmm1=0x0000903d0000903d0000364600003646 
  xmm2=0x0000bc220000bc2200005c5e00005c5e xmm3=0x000076470000764700009b6500009b65 
  xmm4=0x0000323a0000323a0000c91a0000c91a xmm5=0x000096f5000096f5000037d9000037d9 
  xmm6=0x0000ff840000ff8400007bb200007bb2 xmm7=0x0000a9b50000a9b500007e3500007e35 

    > load from +0x4fd8 value 0x0
0x314e: pop rcx
  rax=0x0000000000000000 rbx=0x000000000000001e rcx=0x0000000000000048 rdx=0x0000000000000000
  rsi=0x00000000000012b4 rdi=0x0000000000000069 flags=0b000001000110
  xmm0=0x00003ad400003ad40000f1ce0000f1ce xmm1=0x0000903d0000903d0000364600003646 
  xmm2=0x0000bc220000bc2200005c5e00005c5e xmm3=0x000076470000764700009b6500009b65 
  xmm4=0x0000323a0000323a0000c91a0000c91a xmm5=0x000096f5000096f5000037d9000037d9 
  xmm6=0x0000ff840000ff8400007bb200007bb2 xmm7=0x0000a9b50000a9b500007e3500007e35 

    > load from +0x4fe0 value 0x0
0x314f: pop rax
  rax=0x0000000000000000 rbx=0x000000000000001e rcx=0x0000000000000000 rdx=0x0000000000000000
  rsi=0x00000000000012b4 rdi=0x0000000000000069 flags=0b000001000110
  xmm0=0x00003ad400003ad40000f1ce0000f1ce xmm1=0x0000903d0000903d0000364600003646 
  xmm2=0x0000bc220000bc2200005c5e00005c5e xmm3=0x000076470000764700009b6500009b65 
  xmm4=0x0000323a0000323a0000c91a0000c91a xmm5=0x000096f5000096f5000037d9000037d9 
  xmm6=0x0000ff840000ff8400007bb200007bb2 xmm7=0x0000a9b50000a9b500007e3500007e35 

    > load from +0x4fe8 value 0x1fa1
0x3150: popfq 
  rax=0x0000000000001fa1 rbx=0x000000000000001e rcx=0x0000000000000000 rdx=0x0000000000000000
  rsi=0x00000000000012b4 rdi=0x0000000000000069 flags=0b000001000110
  xmm0=0x00003ad400003ad40000f1ce0000f1ce xmm1=0x0000903d0000903d0000364600003646 
  xmm2=0x0000bc220000bc2200005c5e00005c5e xmm3=0x000076470000764700009b6500009b65 
  xmm4=0x0000323a0000323a0000c91a0000c91a xmm5=0x000096f5000096f5000037d9000037d9 
  xmm6=0x0000ff840000ff8400007bb200007bb2 xmm7=0x0000a9b50000a9b500007e3500007e35 

    > load from +0x4ff0 value 0x83
0x3151: macro .switch, .main.function_main_2
  rax=0x0000000000001fa1 rbx=0x000000000000001e rcx=0x0000000000000000 rdx=0x0000000000000000
  rsi=0x00000000000012b4 rdi=0x0000000000000069 flags=0b000010000011
  xmm0=0x00003ad400003ad40000f1ce0000f1ce xmm1=0x0000903d0000903d0000364600003646 
  xmm2=0x0000bc220000bc2200005c5e00005c5e xmm3=0x000076470000764700009b6500009b65 
  xmm4=0x0000323a0000323a0000c91a0000c91a xmm5=0x000096f5000096f5000037d9000037d9 
  xmm6=0x0000ff840000ff8400007bb200007bb2 xmm7=0x0000a9b50000a9b500007e3500007e35 





================================ Statistics ===================================

Test Cases: 1
Inputs per test case: 12.0
Violations: 1
Effectiveness: 
  Total Cls: 11.0
  Effective Cls: 1.0
Discarded Test Cases:
  Speculation Filter: 0
  Observation Filter: 0
  Fast Path: 0
  Max Nesting Check: 0
  Tainting Check: 0
  Early Priming Check: 0
  Large Sample Check: 0
  Priming Check: 0

Duration: 20.2
Finished at 16:32:41
